record_id,data_date,category,subtype,brand,series,model,model_code,alias,condition,price,unit,note,origin,source_image,source_path,verified,confidence,verification
20260831-5cfdde2d66275ec4ca7f-01,2026-08-31,手机,device,vivo,Y系列,y78t,,,开机屏坏/外碎,175,元/台,,image,vivo.jpg,数码网报价单-0831更新/手机相关/vivo.jpg,1,0.98,visual_legacy_crosscheck
20260831-8dacf40edf24af24d0d7-01,2026-08-31,手机,device,vivo,Y系列,y78t,,,开机屏坏,175,元/台,,image,vivo.jpg,数码网报价单-0831更新/手机相关/vivo.jpg,1,0.98,visual_legacy_crosscheck
20260831-ea6bfd03f997a948fe2f-01,2026-08-31,手机,device,vivo,Y系列,y78t,,,不开机,175,元/台,,image,vivo.jpg,数码网报价单-0831更新/手机相关/vivo.jpg,1,0.98,visual_legacy_crosscheck
20260831-f60d5a00ba2110f36eaa-01,2026-08-31,手机,device,vivo,Y系列,y78t,,,深板·整机,175,元/台,,image,vivo.jpg,数码网报价单-0831更新/手机相关/vivo.jpg,1,0.98,visual_legacy_crosscheck
20260831-1b212256de9bbd48eefb-01,2026-08-31,手机,device,vivo,Y系列,y78,,,开机靓好,230,元/台,,image,vivo.jpg,数码网报价单-0831更新/手机相关/vivo.jpg,1,0.98,visual_legacy_crosscheck
20260831-9fba28b13524ccf9ab81-01,2026-08-31,手机,device,vivo,Y系列,y78,,,开机屏好碎壳,230,元/台,,image,vivo.jpg,数码网报价单-0831更新/手机相关/vivo.jpg,1,0.98,visual_legacy_crosscheck
20260831-ab2618343b0d1ba3e5b9-01,2026-08-31,手机,device,vivo,Y系列,y78,,,开机屏坏/外碎,230,元/台,,image,vivo.jpg,数码网报价单-0831更新/手机相关/vivo.jpg,1,0.98,visual_legacy_crosscheck
20260831-b83d4e6938a5fa7f9248-01,2026-08-31,手机,device,vivo,Y系列,y78,,,开机屏坏,230,元/台,,image,vivo.jpg,数码网报价单-0831更新/手机相关/vivo.jpg,1,0.98,visual_legacy_crosscheck
20260831-e4d8e453fb482aa6e3df-01,2026-08-31,手机,device,vivo,Y系列,y78,,,不开机,230,元/台,,image,vivo.jpg,数码网报价单-0831更新/手机相关/vivo.jpg,1,0.98,visual_legacy_crosscheck
20260831-cad5d8e02357f1aab86a-01,2026-08-31,手机,device,vivo,Y系列,y78,,,深板·整机,230,元/台,,image,vivo.jpg,数码网报价单-0831更新/手机相关/vivo.jpg,1,0.98,visual_legacy_crosscheck
20260831-911a1cd852139393f874-01,2026-08-31,手机,device,vivo,Y系列,y77e,,,开机靓好,230,元/台,,image,vivo.jpg,数码网报价单-0831更新/手机相关/vivo.jpg,1,0.98,visual_legacy_crosscheck
20260831-973f0960c12e0cdbef1e-01,2026-08-31,手机,device,vivo,Y系列,y77e,,,开机屏好碎壳,230,元/台,,image,vivo.jpg,数码网报价单-0831更新/手机相关/vivo.jpg,1,0.98,visual_legacy_crosscheck
20260831-2b03326981a094074a2c-01,2026-08-31,手机,device,vivo,Y系列,y77e,,,开机屏坏/外碎,230,元/台,,image,vivo.jpg,数码网报价单-0831更新/手机相关/vivo.jpg,1,0.98,visual_legacy_crosscheck
20260831-d80eb5e6966d3c8888ee-01,2026-08-31,手机,device,vivo,Y系列,y77e,,,开机屏坏,230,元/台,,image,vivo.jpg,数码网报价单-0831更新/手机相关/vivo.jpg,1,0.98,visual_legacy_crosscheck
20260831-0ede30de84584d2242d2-01,2026-08-31,手机,device,vivo,Y系列,y77e,,,不开机,230,元/台,,image,vivo.jpg,数码网报价单-0831更新/手机相关/vivo.jpg,1,0.98,visual_legacy_crosscheck
20260831-cab3fb383bf4d5679abf-01,2026-08-31,手机,device,vivo,Y系列,y77e,,,深板·整机,230,元/台,,image,vivo.jpg,数码网报价单-0831更新/手机相关/vivo.jpg,1,0.98,visual_legacy_crosscheck
20260831-cac2e7c58ecab0b5f76a-01,2026-08-31,手机,device,vivo,Y系列,y77,,,开机靓好,230,元/台,,image,vivo.jpg,数码网报价单-0831更新/手机相关/vivo.jpg,1,0.98,visual_legacy_crosscheck
20260831-a9e4d4f621a04c444f82-01,2026-08-31,手机,device,vivo,Y系列,y77,,,开机屏好碎壳,230,元/台,,image,vivo.jpg,数码网报价单-0831更新/手机相关/vivo.jpg,1,0.98,visual_legacy_crosscheck
20260831-51eefbfecab7ea3dfdbd-01,2026-08-31,手机,device,vivo,Y系列,y77,,,开机屏坏/外碎,230,元/台,,image,vivo.jpg,数码网报价单-0831更新/手机相关/vivo.jpg,1,0.98,visual_legacy_crosscheck
20260831-a2e75d89428042d48ad1-01,2026-08-31,手机,device,vivo,Y系列,y77,,,开机屏坏,230,元/台,,image,vivo.jpg,数码网报价单-0831更新/手机相关/vivo.jpg,1,0.98,visual_legacy_crosscheck
20260831-ec77d277cdacf8cdc6cc-01,2026-08-31,手机,device,vivo,Y系列,y77,,,不开机,230,元/台,,image,vivo.jpg,数码网报价单-0831更新/手机相关/vivo.jpg,1,0.98,visual_legacy_crosscheck
20260831-e547bed78857990f1511-01,2026-08-31,手机,device,vivo,Y系列,y77,,,深板·整机,230,元/台,,image,vivo.jpg,数码网报价单-0831更新/手机相关/vivo.jpg,1,0.98,visual_legacy_crosscheck
20260831-822dc2d9f0ad54ea621a-01,2026-08-31,手机,device,vivo,Y系列,y76s,,,开机靓好,230,元/台,详见备注二,image,vivo.jpg,数码网报价单-0831更新/手机相关/vivo.jpg,1,0.98,visual_legacy_crosscheck
20260831-018fc02965f6f906b595-01,2026-08-31,手机,device,vivo,Y系列,y76s,,,开机屏好碎壳,230,元/台,详见备注二,image,vivo.jpg,数码网报价单-0831更新/手机相关/vivo.jpg,1,0.98,visual_legacy_crosscheck
20260831-2f51c674638428addd5f-01,2026-08-31,手机,device,vivo,Y系列,y76s,,,开机屏坏/外碎,230,元/台,详见备注二,image,vivo.jpg,数码网报价单-0831更新/手机相关/vivo.jpg,1,0.98,visual_legacy_crosscheck
20260831-ff6797e8117502ead730-01,2026-08-31,手机,device,vivo,Y系列,y76s,,,开机屏坏,230,元/台,详见备注二,image,vivo.jpg,数码网报价单-0831更新/手机相关/vivo.jpg,1,0.98,visual_legacy_crosscheck
20260831-8f2d89ee34476d972209-01,2026-08-31,手机,device,vivo,Y系列,y76s,,,不开机,230,元/台,详见备注二,image,vivo.jpg,数码网报价单-0831更新/手机相关/vivo.jpg,1,0.98,visual_legacy_crosscheck
20260831-fa4e882c2c818e1e3025-01,2026-08-31,手机,device,vivo,Y系列,y76s,,,深板·整机,230,元/台,详见备注二,image,vivo.jpg,数码网报价单-0831更新/手机相关/vivo.jpg,1,0.98,visual_legacy_crosscheck
20260831-b3cf551c000830395f41-01,2026-08-31,手机,device,vivo,Y系列,y75a,,,开机靓好,70,元/台,详见备注二,image,vivo.jpg,数码网报价单-0831更新/手机相关/vivo.jpg,1,0.98,visual_legacy_crosscheck
20260831-fad5be347b79d9f23ffc-01,2026-08-31,手机,device,vivo,Y系列,y75a,,,开机屏好碎壳,70,元/台,详见备注二,image,vivo.jpg,数码网报价单-0831更新/手机相关/vivo.jpg,1,0.98,visual_legacy_crosscheck
20260831-f4acc2a83053bfac33a7-01,2026-08-31,手机,device,vivo,Y系列,y75a,,,开机屏坏/外碎,70,元/台,详见备注二,image,vivo.jpg,数码网报价单-0831更新/手机相关/vivo.jpg,1,0.98,visual_legacy_crosscheck
20260831-c19b5b9872f906d06a24-01,2026-08-31,手机,device,vivo,Y系列,y75a,,,开机屏坏,70,元/台,详见备注二,image,vivo.jpg,数码网报价单-0831更新/手机相关/vivo.jpg,1,0.98,visual_legacy_crosscheck
20260831-4afb76e69881db076d67-01,2026-08-31,手机,device,vivo,Y系列,y75a,,,不开机,70,元/台,详见备注二,image,vivo.jpg,数码网报价单-0831更新/手机相关/vivo.jpg,1,0.98,visual_legacy_crosscheck
20260831-0b379395a2fa2e3a262d-01,2026-08-31,手机,device,vivo,Y系列,y75a,,,深板·整机,70,元/台,详见备注二,image,vivo.jpg,数码网报价单-0831更新/手机相关/vivo.jpg,1,0.98,visual_legacy_crosscheck
20260831-6b8de730c33c9227b55b-01,2026-08-31,手机,device,vivo,Y系列,Y75s 新款,,,开机靓好,175,元/台,,image,vivo.jpg,数码网报价单-0831更新/手机相关/vivo.jpg,1,0.98,visual_legacy_crosscheck
20260831-349b07a023719537075d-01,2026-08-31,手机,device,vivo,Y系列,Y75s 新款,,,开机屏好碎壳,175,元/台,,image,vivo.jpg,数码网报价单-0831更新/手机相关/vivo.jpg,1,0.98,visual_legacy_crosscheck
20260831-799a643f95a94eb36afb-01,2026-08-31,手机,device,vivo,Y系列,Y75s 新款,,,开机屏坏/外碎,175,元/台,,image,vivo.jpg,数码网报价单-0831更新/手机相关/vivo.jpg,1,0.98,visual_legacy_crosscheck
20260831-b8723041a2e7fe47a387-01,2026-08-31,手机,device,vivo,Y系列,Y75s 新款,,,开机屏坏,175,元/台,,image,vivo.jpg,数码网报价单-0831更新/手机相关/vivo.jpg,1,0.98,visual_legacy_crosscheck
20260831-da8734fe7d3de26644e9-01,2026-08-31,手机,device,vivo,Y系列,Y75s 新款,,,不开机,175,元/台,,image,vivo.jpg,数码网报价单-0831更新/手机相关/vivo.jpg,1,0.98,visual_legacy_crosscheck
20260831-87f2a5d09823223e31fd-01,2026-08-31,手机,device,vivo,Y系列,Y75s 新款,,,深板·整机,175,元/台,,image,vivo.jpg,数码网报价单-0831更新/手机相关/vivo.jpg,1,0.98,visual_legacy_crosscheck
20260831-99103a24aaeefad60c3b-01,2026-08-31,手机,device,vivo,Y系列,Y75s,,,开机靓好,60,元/台,详见备注二,image,vivo.jpg,数码网报价单-0831更新/手机相关/vivo.jpg,1,0.98,visual_legacy_crosscheck
20260831-3e287a51abfc06c71b49-01,2026-08-31,手机,device,vivo,Y系列,Y75s,,,开机屏好碎壳,60,元/台,详见备注二,image,vivo.jpg,数码网报价单-0831更新/手机相关/vivo.jpg,1,0.98,visual_legacy_crosscheck
20260831-4acee8419cb0629c937e-01,2026-08-31,手机,device,vivo,Y系列,Y75s,,,开机屏坏/外碎,60,元/台,详见备注二,image,vivo.jpg,数码网报价单-0831更新/手机相关/vivo.jpg,1,0.98,visual_legacy_crosscheck
20260831-41223f7487ab3f6e991c-01,2026-08-31,手机,device,vivo,Y系列,Y75s,,,开机屏坏,60,元/台,详见备注二,image,vivo.jpg,数码网报价单-0831更新/手机相关/vivo.jpg,1,0.98,visual_legacy_crosscheck
20260831-065bf99901226b88bd56-01,2026-08-31,手机,device,vivo,Y系列,Y75s,,,不开机,60,元/台,详见备注二,image,vivo.jpg,数码网报价单-0831更新/手机相关/vivo.jpg,1,0.98,visual_legacy_crosscheck
20260831-22775858d11259479bb0-01,2026-08-31,手机,device,vivo,Y系列,Y75s,,,深板·整机,60,元/台,详见备注二,image,vivo.jpg,数码网报价单-0831更新/手机相关/vivo.jpg,1,0.98,visual_legacy_crosscheck
20260831-4051540fc2c44a5389d4-01,2026-08-31,手机,device,vivo,Y系列,Y75,,,开机靓好,70,元/台,详见备注二,image,vivo.jpg,数码网报价单-0831更新/手机相关/vivo.jpg,1,0.98,visual_legacy_crosscheck
20260831-93fc4c887d07253001a4-01,2026-08-31,手机,device,vivo,Y系列,Y75,,,开机屏好碎壳,70,元/台,详见备注二,image,vivo.jpg,数码网报价单-0831更新/手机相关/vivo.jpg,1,0.98,visual_legacy_crosscheck
20260831-9be2a88f1f3abdd9217d-01,2026-08-31,手机,device,vivo,Y系列,Y75,,,开机屏坏/外碎,70,元/台,详见备注二,image,vivo.jpg,数码网报价单-0831更新/手机相关/vivo.jpg,1,0.98,visual_legacy_crosscheck
20260831-7b81e694591e00959192-01,2026-08-31,手机,device,vivo,Y系列,Y75,,,开机屏坏,70,元/台,详见备注二,image,vivo.jpg,数码网报价单-0831更新/手机相关/vivo.jpg,1,0.98,visual_legacy_crosscheck
20260831-0c5e792ba63abcf40eaf-01,2026-08-31,手机,device,vivo,Y系列,Y75,,,不开机,70,元/台,详见备注二,image,vivo.jpg,数码网报价单-0831更新/手机相关/vivo.jpg,1,0.98,visual_legacy_crosscheck
20260831-b1948c8c761f591272b7-01,2026-08-31,手机,device,vivo,Y系列,Y75,,,深板·整机,70,元/台,详见备注二,image,vivo.jpg,数码网报价单-0831更新/手机相关/vivo.jpg,1,0.98,visual_legacy_crosscheck
20260831-c7a59d19671d01913058-01,2026-08-31,手机,device,vivo,Y系列,Y73S (8+128),,,开机靓好,175,元/台,,image,vivo.jpg,数码网报价单-0831更新/手机相关/vivo.jpg,1,0.98,visual_legacy_crosscheck
20260831-bb584893d51884c71aaa-01,2026-08-31,手机,device,vivo,Y系列,Y73S (8+128),,,开机屏好碎壳,175,元/台,,image,vivo.jpg,数码网报价单-0831更新/手机相关/vivo.jpg,1,0.98,visual_legacy_crosscheck
20260831-94d9845e7fc028e08140-01,2026-08-31,手机,device,vivo,Y系列,Y73S (8+128),,,开机屏坏/外碎,175,元/台,,image,vivo.jpg,数码网报价单-0831更新/手机相关/vivo.jpg,1,0.98,visual_legacy_crosscheck
20260831-23a88125b0c1cf55b4ee-01,2026-08-31,手机,device,vivo,Y系列,Y73S (8+128),,,开机屏坏,175,元/台,,image,vivo.jpg,数码网报价单-0831更新/手机相关/vivo.jpg,1,0.98,visual_legacy_crosscheck
20260831-96a3bfe0dfda16ed8af1-01,2026-08-31,手机,device,vivo,Y系列,Y73S (8+128),,,不开机,175,元/台,,image,vivo.jpg,数码网报价单-0831更新/手机相关/vivo.jpg,1,0.98,visual_legacy_crosscheck
20260831-ff742aa99445c3568846-01,2026-08-31,手机,device,vivo,Y系列,Y73S (8+128),,,深板·整机,175,元/台,,image,vivo.jpg,数码网报价单-0831更新/手机相关/vivo.jpg,1,0.98,visual_legacy_crosscheck
20260831-5567cf47a55d0984b1a8-01,2026-08-31,手机,device,vivo,Y系列,Y73T,,,开机靓好,175,元/台,,image,vivo.jpg,数码网报价单-0831更新/手机相关/vivo.jpg,1,0.98,visual_legacy_crosscheck
20260831-8e4b321c0ddad55328c4-01,2026-08-31,手机,device,vivo,Y系列,Y73T,,,开机屏好碎壳,175,元/台,,image,vivo.jpg,数码网报价单-0831更新/手机相关/vivo.jpg,1,0.98,visual_legacy_crosscheck
20260831-cde6a369071c533196f2-01,2026-08-31,手机,device,vivo,Y系列,Y73T,,,开机屏坏/外碎,175,元/台,,image,vivo.jpg,数码网报价单-0831更新/手机相关/vivo.jpg,1,0.98,visual_legacy_crosscheck
20260831-9b2e363aae1afe12de88-01,2026-08-31,手机,device,vivo,Y系列,Y73T,,,开机屏坏,175,元/台,,image,vivo.jpg,数码网报价单-0831更新/手机相关/vivo.jpg,1,0.98,visual_legacy_crosscheck
20260831-d1b55f56c5099a0e7c18-01,2026-08-31,手机,device,vivo,Y系列,Y73T,,,不开机,175,元/台,,image,vivo.jpg,数码网报价单-0831更新/手机相关/vivo.jpg,1,0.98,visual_legacy_crosscheck
20260831-a03b325a420df4d87de3-01,2026-08-31,手机,device,vivo,Y系列,Y73T,,,深板·整机,175,元/台,,image,vivo.jpg,数码网报价单-0831更新/手机相关/vivo.jpg,1,0.98,visual_legacy_crosscheck
20260831-ad8e0160ad873abe14a2-01,2026-08-31,手机,device,vivo,Y系列,Y73,,,开机靓好,55,元/台,详见备注二,image,vivo.jpg,数码网报价单-0831更新/手机相关/vivo.jpg,1,0.98,visual_legacy_crosscheck
20260831-3b345f10c999af2075c7-01,2026-08-31,手机,device,vivo,Y系列,Y73,,,开机屏好碎壳,55,元/台,详见备注二,image,vivo.jpg,数码网报价单-0831更新/手机相关/vivo.jpg,1,0.98,visual_legacy_crosscheck
20260831-a823d8143220d3197e3f-01,2026-08-31,手机,device,vivo,Y系列,Y73,,,开机屏坏/外碎,55,元/台,详见备注二,image,vivo.jpg,数码网报价单-0831更新/手机相关/vivo.jpg,1,0.98,visual_legacy_crosscheck
20260831-afc7b2dc21a81e84ab4f-01,2026-08-31,手机,device,vivo,Y系列,Y73,,,开机屏坏,55,元/台,详见备注二,image,vivo.jpg,数码网报价单-0831更新/手机相关/vivo.jpg,1,0.98,visual_legacy_crosscheck
20260831-ec8780be9d3de713e825-01,2026-08-31,手机,device,vivo,Y系列,Y73,,,不开机,55,元/台,详见备注二,image,vivo.jpg,数码网报价单-0831更新/手机相关/vivo.jpg,1,0.98,visual_legacy_crosscheck
20260831-5bc6b97003ce313f09ab-01,2026-08-31,手机,device,vivo,Y系列,Y73,,,深板·整机,55,元/台,详见备注二,image,vivo.jpg,数码网报价单-0831更新/手机相关/vivo.jpg,1,0.98,visual_legacy_crosscheck
20260831-1e55ab99c32c2f5c86b1-01,2026-08-31,手机,device,vivo,Y系列,Y73S (8+256),,,开机靓好,230,元/台,,image,vivo.jpg,数码网报价单-0831更新/手机相关/vivo.jpg,1,0.98,visual_legacy_crosscheck
20260831-2723e1de8336ce09b749-01,2026-08-31,手机,device,vivo,Y系列,Y73S (8+256),,,开机屏好碎壳,230,元/台,,image,vivo.jpg,数码网报价单-0831更新/手机相关/vivo.jpg,1,0.98,visual_legacy_crosscheck
20260831-7c2e7a646adecc01b3a9-01,2026-08-31,手机,device,vivo,Y系列,Y73S (8+256),,,开机屏坏/外碎,230,元/台,,image,vivo.jpg,数码网报价单-0831更新/手机相关/vivo.jpg,1,0.98,visual_legacy_crosscheck
20260831-51eca516bd18a3c72dce-01,2026-08-31,手机,device,vivo,Y系列,Y73S (8+256),,,开机屏坏,230,元/台,,image,vivo.jpg,数码网报价单-0831更新/手机相关/vivo.jpg,1,0.98,visual_legacy_crosscheck
20260831-0f5de66e78b5e4705af4-01,2026-08-31,手机,device,vivo,Y系列,Y73S (8+256),,,不开机,230,元/台,,image,vivo.jpg,数码网报价单-0831更新/手机相关/vivo.jpg,1,0.98,visual_legacy_crosscheck
20260831-d346965b443fba7145df-01,2026-08-31,手机,device,vivo,Y系列,Y73S (8+256),,,深板·整机,230,元/台,,image,vivo.jpg,数码网报价单-0831更新/手机相关/vivo.jpg,1,0.98,visual_legacy_crosscheck
20260831-2c117071f25817db4b62-01,2026-08-31,手机,device,vivo,Y系列,Y72T,,,开机靓好,175,元/台,,image,vivo.jpg,数码网报价单-0831更新/手机相关/vivo.jpg,1,0.98,visual_legacy_crosscheck
20260831-b9b6dc1a85545d495794-01,2026-08-31,手机,device,vivo,Y系列,Y72T,,,开机屏好碎壳,175,元/台,,image,vivo.jpg,数码网报价单-0831更新/手机相关/vivo.jpg,1,0.98,visual_legacy_crosscheck
20260831-29a41d53c8b73f4f8950-01,2026-08-31,手机,device,vivo,Y系列,Y72T,,,开机屏坏/外碎,175,元/台,,image,vivo.jpg,数码网报价单-0831更新/手机相关/vivo.jpg,1,0.98,visual_legacy_crosscheck
20260831-f758238f75f140992f70-01,2026-08-31,手机,device,vivo,Y系列,Y72T,,,开机屏坏,175,元/台,,image,vivo.jpg,数码网报价单-0831更新/手机相关/vivo.jpg,1,0.98,visual_legacy_crosscheck
20260831-e6594d9333beb3cf91a2-01,2026-08-31,手机,device,vivo,Y系列,Y72T,,,不开机,175,元/台,,image,vivo.jpg,数码网报价单-0831更新/手机相关/vivo.jpg,1,0.98,visual_legacy_crosscheck
20260831-4423d5e5894344db4ec7-01,2026-08-31,手机,device,vivo,Y系列,Y72T,,,深板·整机,175,元/台,,image,vivo.jpg,数码网报价单-0831更新/手机相关/vivo.jpg,1,0.98,visual_legacy_crosscheck
20260831-f7e5fceed1b0ec9f16a9-01,2026-08-31,手机,device,vivo,Y系列,Y71,,,开机靓好,175,元/台,,image,vivo.jpg,数码网报价单-0831更新/手机相关/vivo.jpg,1,0.98,visual_legacy_crosscheck
20260831-2c496f4cd0f0f017d148-01,2026-08-31,手机,device,vivo,Y系列,Y71,,,开机屏好碎壳,175,元/台,,image,vivo.jpg,数码网报价单-0831更新/手机相关/vivo.jpg,1,0.98,visual_legacy_crosscheck
20260831-9b34063c9445e91f609e-01,2026-08-31,手机,device,vivo,Y系列,Y71,,,开机屏坏/外碎,175,元/台,,image,vivo.jpg,数码网报价单-0831更新/手机相关/vivo.jpg,1,0.98,visual_legacy_crosscheck
20260831-504cfe4cde271e08c19c-01,2026-08-31,手机,device,vivo,Y系列,Y71,,,开机屏坏,175,元/台,,image,vivo.jpg,数码网报价单-0831更新/手机相关/vivo.jpg,1,0.98,visual_legacy_crosscheck
20260831-aa2cb37bcf24e3970f5b-01,2026-08-31,手机,device,vivo,Y系列,Y71,,,不开机,175,元/台,,image,vivo.jpg,数码网报价单-0831更新/手机相关/vivo.jpg,1,0.98,visual_legacy_crosscheck
20260831-e560694e60cfdf2f1fa7-01,2026-08-31,手机,device,vivo,Y系列,Y71,,,深板·整机,175,元/台,,image,vivo.jpg,数码网报价单-0831更新/手机相关/vivo.jpg,1,0.98,visual_legacy_crosscheck
20260831-8ae82ae0b6c07bb95f40-01,2026-08-31,手机,device,vivo,Y系列,Y71a,,,开机靓好,75,元/台,详见备注二,image,vivo.jpg,数码网报价单-0831更新/手机相关/vivo.jpg,1,0.98,visual_legacy_crosscheck
20260831-06bb29f15d73505419a4-01,2026-08-31,手机,device,vivo,Y系列,Y71a,,,开机屏好碎壳,75,元/台,详见备注二,image,vivo.jpg,数码网报价单-0831更新/手机相关/vivo.jpg,1,0.98,visual_legacy_crosscheck
20260831-9699e1cd39072ad94c43-01,2026-08-31,手机,device,vivo,Y系列,Y71a,,,开机屏坏/外碎,75,元/台,详见备注二,image,vivo.jpg,数码网报价单-0831更新/手机相关/vivo.jpg,1,0.98,visual_legacy_crosscheck
20260831-1944f7589f1ad4241661-01,2026-08-31,手机,device,vivo,Y系列,Y71a,,,开机屏坏,75,元/台,详见备注二,image,vivo.jpg,数码网报价单-0831更新/手机相关/vivo.jpg,1,0.98,visual_legacy_crosscheck
20260831-1d116c772a875375c0c2-01,2026-08-31,手机,device,vivo,Y系列,Y71a,,,不开机,75,元/台,详见备注二,image,vivo.jpg,数码网报价单-0831更新/手机相关/vivo.jpg,1,0.98,visual_legacy_crosscheck
20260831-297435e3bea2d0e584fe-01,2026-08-31,手机,device,vivo,Y系列,Y71a,,,深板·整机,75,元/台,详见备注二,image,vivo.jpg,数码网报价单-0831更新/手机相关/vivo.jpg,1,0.98,visual_legacy_crosscheck
20260831-06dba6e3a69219fdf7c8-01,2026-08-31,手机,device,vivo,Y系列,Y71i,,,开机靓好,75,元/台,详见备注二,image,vivo.jpg,数码网报价单-0831更新/手机相关/vivo.jpg,1,0.98,visual_legacy_crosscheck
20260831-0ddd473f52c64a34fa20-01,2026-08-31,手机,device,vivo,Y系列,Y71i,,,开机屏好碎壳,75,元/台,详见备注二,image,vivo.jpg,数码网报价单-0831更新/手机相关/vivo.jpg,1,0.98,visual_legacy_crosscheck
20260831-500b3b52311aba696f02-01,2026-08-31,手机,device,vivo,Y系列,Y71i,,,开机屏坏/外碎,75,元/台,详见备注二,image,vivo.jpg,数码网报价单-0831更新/手机相关/vivo.jpg,1,0.98,visual_legacy_crosscheck
20260831-8c136201eaaff1a04d7f-01,2026-08-31,手机,device,vivo,Y系列,Y71i,,,开机屏坏,75,元/台,详见备注二,image,vivo.jpg,数码网报价单-0831更新/手机相关/vivo.jpg,1,0.98,visual_legacy_crosscheck
20260831-45b701af329bc706017b-01,2026-08-31,手机,device,vivo,Y系列,Y71i,,,不开机,75,元/台,详见备注二,image,vivo.jpg,数码网报价单-0831更新/手机相关/vivo.jpg,1,0.98,visual_legacy_crosscheck
20260831-962de5470c1055cb07e2-01,2026-08-31,手机,device,vivo,Y系列,Y71i,,,深板·整机,75,元/台,详见备注二,image,vivo.jpg,数码网报价单-0831更新/手机相关/vivo.jpg,1,0.98,visual_legacy_crosscheck
20260831-3d92164afcedfd649805-01,2026-08-31,手机,device,vivo,Y系列,y7s,,,开机靓好,195,元/台,三星屏，不带扣口,image,vivo.jpg,数码网报价单-0831更新/手机相关/vivo.jpg,1,0.98,visual_legacy_crosscheck
20260831-1e962d53e8d2958766a9-01,2026-08-31,手机,device,vivo,Y系列,y7s,,,开机屏好碎壳,195,元/台,三星屏，不带扣口,image,vivo.jpg,数码网报价单-0831更新/手机相关/vivo.jpg,1,0.98,visual_legacy_crosscheck
20260831-af2fd10f27f8ebb55e7d-01,2026-08-31,手机,device,vivo,Y系列,y7s,,,开机屏坏/外碎,195,元/台,三星屏，不带扣口,image,vivo.jpg,数码网报价单-0831更新/手机相关/vivo.jpg,1,0.98,visual_legacy_crosscheck
20260831-e0834d45d1a7daf22559-01,2026-08-31,手机,device,vivo,Y系列,y7s,,,开机屏坏,195,元/台,三星屏，不带扣口,image,vivo.jpg,数码网报价单-0831更新/手机相关/vivo.jpg,1,0.98,visual_legacy_crosscheck
20260831-3a4ab4e28d805e88d578-01,2026-08-31,手机,device,vivo,Y系列,y7s,,,不开机,195,元/台,三星屏，不带扣口,image,vivo.jpg,数码网报价单-0831更新/手机相关/vivo.jpg,1,0.98,visual_legacy_crosscheck
20260831-814393f299faa775d9a1-01,2026-08-31,手机,device,vivo,Y系列,y7s,,,深板·整机,195,元/台,三星屏，不带扣口,image,vivo.jpg,数码网报价单-0831更新/手机相关/vivo.jpg,1,0.98,visual_legacy_crosscheck
20260831-afce548f07830c538a06-01,2026-08-31,手机,device,vivo,Y系列,Y70t,,,开机靓好,175,元/台,【备注一】未拆标靓板无水泡/无进水折痕微水泡扣50，反常发黑水泡扣50。连体坏、进水、拆标当损坏,image,vivo.jpg,数码网报价单-0831更新/手机相关/vivo.jpg,1,0.98,visual_legacy_crosscheck
20260831-1f57926cbd8c9ddf763f-01,2026-08-31,手机,device,vivo,Y系列,Y70t,,,开机屏好碎壳,175,元/台,【备注一】未拆标靓板无水泡/无进水折痕微水泡扣50，反常发黑水泡扣50。连体坏、进水、拆标当损坏,image,vivo.jpg,数码网报价单-0831更新/手机相关/vivo.jpg,1,0.98,visual_legacy_crosscheck
20260831-5f0382bce6a1c0aad7bb-01,2026-08-31,手机,device,vivo,Y系列,Y70t,,,开机屏坏/外碎,175,元/台,【备注一】未拆标靓板无水泡/无进水折痕微水泡扣50，反常发黑水泡扣50。连体坏、进水、拆标当损坏,image,vivo.jpg,数码网报价单-0831更新/手机相关/vivo.jpg,1,0.98,visual_legacy_crosscheck
20260831-240ae269a6efdc0fc022-01,2026-08-31,手机,device,vivo,Y系列,Y70t,,,开机屏坏,175,元/台,【备注一】未拆标靓板无水泡/无进水折痕微水泡扣50，反常发黑水泡扣50。连体坏、进水、拆标当损坏,image,vivo.jpg,数码网报价单-0831更新/手机相关/vivo.jpg,1,0.98,visual_legacy_crosscheck
20260831-4e568630581217743d06-01,2026-08-31,手机,device,vivo,Y系列,Y70t,,,不开机,175,元/台,【备注一】未拆标靓板无水泡/无进水折痕微水泡扣50，反常发黑水泡扣50。连体坏、进水、拆标当损坏,image,vivo.jpg,数码网报价单-0831更新/手机相关/vivo.jpg,1,0.98,visual_legacy_crosscheck
20260831-320618829bfdeafb9e9a-01,2026-08-31,手机,device,vivo,Y系列,Y70t,,,深板·整机,175,元/台,【备注一】未拆标靓板无水泡/无进水折痕微水泡扣50，反常发黑水泡扣50。连体坏、进水、拆标当损坏,image,vivo.jpg,数码网报价单-0831更新/手机相关/vivo.jpg,1,0.98,visual_legacy_crosscheck
20260831-2a247c88cf43b5eca0c2-01,2026-08-31,手机,device,vivo,Y系列,y70s,,,开机靓好,175,元/台,详见备注一,image,vivo.jpg,数码网报价单-0831更新/手机相关/vivo.jpg,1,0.98,visual_legacy_crosscheck
20260831-f1f1c1fdb487e18e49a8-01,2026-08-31,手机,device,vivo,Y系列,y70s,,,开机屏好碎壳,175,元/台,详见备注一,image,vivo.jpg,数码网报价单-0831更新/手机相关/vivo.jpg,1,0.98,visual_legacy_crosscheck
20260831-401af02121062b642e1b-01,2026-08-31,手机,device,vivo,Y系列,y70s,,,开机屏坏/外碎,175,元/台,详见备注一,image,vivo.jpg,数码网报价单-0831更新/手机相关/vivo.jpg,1,0.98,visual_legacy_crosscheck
20260831-9bcb95fbd6bb3519d677-01,2026-08-31,手机,device,vivo,Y系列,y70s,,,开机屏坏,175,元/台,详见备注一,image,vivo.jpg,数码网报价单-0831更新/手机相关/vivo.jpg,1,0.98,visual_legacy_crosscheck
20260831-8c1d20f14fbb3347144f-01,2026-08-31,手机,device,vivo,Y系列,y70s,,,不开机,175,元/台,详见备注一,image,vivo.jpg,数码网报价单-0831更新/手机相关/vivo.jpg,1,0.98,visual_legacy_crosscheck
20260831-075156ca68fc605050e9-01,2026-08-31,手机,device,vivo,Y系列,y70s,,,深板·整机,175,元/台,详见备注一,image,vivo.jpg,数码网报价单-0831更新/手机相关/vivo.jpg,1,0.98,visual_legacy_crosscheck
20260831-73174f50b8a6106144be-01,2026-08-31,手机,device,vivo,Y系列,Y60,,,开机靓好,550,元/台,,image,vivo.jpg,数码网报价单-0831更新/手机相关/vivo.jpg,1,0.98,visual_legacy_crosscheck
20260831-77876105dd47171e238b-01,2026-08-31,手机,device,vivo,Y系列,Y60,,,开机屏好碎壳,450,元/台,,image,vivo.jpg,数码网报价单-0831更新/手机相关/vivo.jpg,1,0.98,visual_legacy_crosscheck
20260831-917abbf888bd5925e9fc-01,2026-08-31,手机,device,vivo,Y系列,Y60,,,开机屏坏/外碎,450,元/台,,image,vivo.jpg,数码网报价单-0831更新/手机相关/vivo.jpg,1,0.98,visual_legacy_crosscheck
20260831-467e38dec005135ef904-01,2026-08-31,手机,device,vivo,Y系列,Y60,,,开机屏坏,450,元/台,,image,vivo.jpg,数码网报价单-0831更新/手机相关/vivo.jpg,1,0.98,visual_legacy_crosscheck
20260831-766c0a347ae258384f9a-01,2026-08-31,手机,device,vivo,Y系列,Y60,,,不开机,200,元/台,,image,vivo.jpg,数码网报价单-0831更新/手机相关/vivo.jpg,1,0.98,visual_legacy_crosscheck
20260831-3c0eb0212955d06f1d2e-01,2026-08-31,手机,device,vivo,Y系列,Y60,,,深板·整机,150,元/台,,image,vivo.jpg,数码网报价单-0831更新/手机相关/vivo.jpg,1,0.98,visual_legacy_crosscheck
20260831-ad36404fde45bdd5f397-01,2026-08-31,手机,device,vivo,Y系列,Y6,,,开机靓好,240,元/台,,image,vivo.jpg,数码网报价单-0831更新/手机相关/vivo.jpg,1,0.98,visual_legacy_crosscheck
20260831-16b69ebfc84c86e62aa1-01,2026-08-31,手机,device,vivo,Y系列,Y6,,,开机屏好碎壳,240,元/台,,image,vivo.jpg,数码网报价单-0831更新/手机相关/vivo.jpg,1,0.98,visual_legacy_crosscheck
20260831-092ecc9ec2b2f4941cb2-01,2026-08-31,手机,device,vivo,Y系列,Y6,,,开机屏坏/外碎,240,元/台,,image,vivo.jpg,数码网报价单-0831更新/手机相关/vivo.jpg,1,0.98,visual_legacy_crosscheck
20260831-05e64ba443a84e63e73c-01,2026-08-31,手机,device,vivo,Y系列,Y6,,,开机屏坏,240,元/台,,image,vivo.jpg,数码网报价单-0831更新/手机相关/vivo.jpg,1,0.98,visual_legacy_crosscheck
20260831-199444f05835c09e3a29-01,2026-08-31,手机,device,vivo,Y系列,Y6,,,不开机,150,元/台,,image,vivo.jpg,数码网报价单-0831更新/手机相关/vivo.jpg,1,0.98,visual_legacy_crosscheck
20260831-e17974034239a7684a4f-01,2026-08-31,手机,device,vivo,Y系列,Y6,,,深板·整机,150,元/台,,image,vivo.jpg,数码网报价单-0831更新/手机相关/vivo.jpg,1,0.98,visual_legacy_crosscheck
20260831-43444a2d87ac3e05afd1-01,2026-08-31,手机,device,vivo,Y系列,Y69,,,开机靓好,45,元/台,,image,vivo.jpg,数码网报价单-0831更新/手机相关/vivo.jpg,1,0.98,visual_legacy_crosscheck
20260831-8c4185f7ad3843de0a2c-01,2026-08-31,手机,device,vivo,Y系列,Y69,,,开机屏好碎壳,45,元/台,,image,vivo.jpg,数码网报价单-0831更新/手机相关/vivo.jpg,1,0.98,visual_legacy_crosscheck
20260831-6f31f9350c416cddbc9d-01,2026-08-31,手机,device,vivo,Y系列,Y69,,,开机屏坏/外碎,45,元/台,,image,vivo.jpg,数码网报价单-0831更新/手机相关/vivo.jpg,1,0.98,visual_legacy_crosscheck
20260831-f8047584d5e28118521c-01,2026-08-31,手机,device,vivo,Y系列,Y69,,,开机屏坏,45,元/台,,image,vivo.jpg,数码网报价单-0831更新/手机相关/vivo.jpg,1,0.98,visual_legacy_crosscheck
20260831-028d86a98e2afcbbc9ef-01,2026-08-31,手机,device,vivo,Y系列,Y69,,,不开机,45,元/台,,image,vivo.jpg,数码网报价单-0831更新/手机相关/vivo.jpg,1,0.98,visual_legacy_crosscheck
20260831-b20bd7df944967d873b6-01,2026-08-31,手机,device,vivo,Y系列,Y69,,,深板·整机,45,元/台,,image,vivo.jpg,数码网报价单-0831更新/手机相关/vivo.jpg,1,0.98,visual_legacy_crosscheck
20260831-df8c3d490cd612d3a209-01,2026-08-31,手机,device,vivo,Y系列,Y67a,,,开机靓好,70,元/台,,image,vivo.jpg,数码网报价单-0831更新/手机相关/vivo.jpg,1,0.98,visual_legacy_crosscheck
20260831-c750b8847d13d1ea937f-01,2026-08-31,手机,device,vivo,Y系列,Y67a,,,开机屏好碎壳,70,元/台,,image,vivo.jpg,数码网报价单-0831更新/手机相关/vivo.jpg,1,0.98,visual_legacy_crosscheck
20260831-2e5dbc00751dd49ddc8b-01,2026-08-31,手机,device,vivo,Y系列,Y67a,,,开机屏坏/外碎,70,元/台,,image,vivo.jpg,数码网报价单-0831更新/手机相关/vivo.jpg,1,0.98,visual_legacy_crosscheck
20260831-0fe9248306e725f732b0-01,2026-08-31,手机,device,vivo,Y系列,Y67a,,,开机屏坏,70,元/台,,image,vivo.jpg,数码网报价单-0831更新/手机相关/vivo.jpg,1,0.98,visual_legacy_crosscheck
20260831-9bdda5c9713d8deb1b0d-01,2026-08-31,手机,device,vivo,Y系列,Y67a,,,不开机,70,元/台,,image,vivo.jpg,数码网报价单-0831更新/手机相关/vivo.jpg,1,0.98,visual_legacy_crosscheck
20260831-f8666b5223726e016484-01,2026-08-31,手机,device,vivo,Y系列,Y67a,,,深板·整机,70,元/台,,image,vivo.jpg,数码网报价单-0831更新/手机相关/vivo.jpg,1,0.98,visual_legacy_crosscheck
20260831-5b04ada1a52a4bf79198-01,2026-08-31,手机,device,vivo,Y系列,Y67,,,开机靓好,70,元/台,,image,vivo.jpg,数码网报价单-0831更新/手机相关/vivo.jpg,1,0.98,visual_legacy_crosscheck
20260831-1fa7654527b3eddfc1ed-01,2026-08-31,手机,device,vivo,Y系列,Y67,,,开机屏好碎壳,70,元/台,,image,vivo.jpg,数码网报价单-0831更新/手机相关/vivo.jpg,1,0.98,visual_legacy_crosscheck
20260831-6ff6fbef901e5064cdd7-01,2026-08-31,手机,device,vivo,Y系列,Y67,,,开机屏坏/外碎,70,元/台,,image,vivo.jpg,数码网报价单-0831更新/手机相关/vivo.jpg,1,0.98,visual_legacy_crosscheck
20260831-51e9dee99a6f42424a79-01,2026-08-31,手机,device,vivo,Y系列,Y67,,,开机屏坏,70,元/台,,image,vivo.jpg,数码网报价单-0831更新/手机相关/vivo.jpg,1,0.98,visual_legacy_crosscheck
20260831-9cc55582a6f3285b4788-01,2026-08-31,手机,device,vivo,Y系列,Y67,,,不开机,70,元/台,,image,vivo.jpg,数码网报价单-0831更新/手机相关/vivo.jpg,1,0.98,visual_legacy_crosscheck
20260831-8d90de8e9bfca5adc2a9-01,2026-08-31,手机,device,vivo,Y系列,Y67,,,深板·整机,70,元/台,,image,vivo.jpg,数码网报价单-0831更新/手机相关/vivo.jpg,1,0.98,visual_legacy_crosscheck
20260831-59543cc05cbe3fdacd3d-01,2026-08-31,手机,device,vivo,Y系列,Y66ia,,,开机靓好,60,元/台,,image,vivo.jpg,数码网报价单-0831更新/手机相关/vivo.jpg,1,0.98,visual_legacy_crosscheck
20260831-064e926c5624bf201e70-01,2026-08-31,手机,device,vivo,Y系列,Y66ia,,,开机屏好碎壳,60,元/台,,image,vivo.jpg,数码网报价单-0831更新/手机相关/vivo.jpg,1,0.98,visual_legacy_crosscheck
20260831-81eb9b755993048308f5-01,2026-08-31,手机,device,vivo,Y系列,Y66ia,,,开机屏坏/外碎,60,元/台,,image,vivo.jpg,数码网报价单-0831更新/手机相关/vivo.jpg,1,0.98,visual_legacy_crosscheck
20260831-0200ed0e1f550d7c6a50-01,2026-08-31,手机,device,vivo,Y系列,Y66ia,,,开机屏坏,60,元/台,,image,vivo.jpg,数码网报价单-0831更新/手机相关/vivo.jpg,1,0.98,visual_legacy_crosscheck
20260831-7b56e6e172c52b09006c-01,2026-08-31,手机,device,vivo,Y系列,Y66ia,,,不开机,60,元/台,,image,vivo.jpg,数码网报价单-0831更新/手机相关/vivo.jpg,1,0.98,visual_legacy_crosscheck
20260831-6d737d9c05506bccab35-01,2026-08-31,手机,device,vivo,Y系列,Y66ia,,,深板·整机,60,元/台,,image,vivo.jpg,数码网报价单-0831更新/手机相关/vivo.jpg,1,0.98,visual_legacy_crosscheck
20260831-0ce40a0505016ea30a32-01,2026-08-31,手机,device,vivo,Y系列,Y66i,,,开机靓好,60,元/台,,image,vivo.jpg,数码网报价单-0831更新/手机相关/vivo.jpg,1,0.98,visual_legacy_crosscheck
20260831-bef82a13b8fde52e5dbb-01,2026-08-31,手机,device,vivo,Y系列,Y66i,,,开机屏好碎壳,60,元/台,,image,vivo.jpg,数码网报价单-0831更新/手机相关/vivo.jpg,1,0.98,visual_legacy_crosscheck
20260831-cfbb926868bcd97fb704-01,2026-08-31,手机,device,vivo,Y系列,Y66i,,,开机屏坏/外碎,60,元/台,,image,vivo.jpg,数码网报价单-0831更新/手机相关/vivo.jpg,1,0.98,visual_legacy_crosscheck
20260831-a2b7c10e4f12b5409f33-01,2026-08-31,手机,device,vivo,Y系列,Y66i,,,开机屏坏,60,元/台,,image,vivo.jpg,数码网报价单-0831更新/手机相关/vivo.jpg,1,0.98,visual_legacy_crosscheck
20260831-128238a09fa9cca815b2-01,2026-08-31,手机,device,vivo,Y系列,Y66i,,,不开机,60,元/台,,image,vivo.jpg,数码网报价单-0831更新/手机相关/vivo.jpg,1,0.98,visual_legacy_crosscheck
20260831-8a5414113cb9988982a2-01,2026-08-31,手机,device,vivo,Y系列,Y66i,,,深板·整机,60,元/台,,image,vivo.jpg,数码网报价单-0831更新/手机相关/vivo.jpg,1,0.98,visual_legacy_crosscheck
20260831-d281a9a27d8455e4eaa8-01,2026-08-31,手机,device,vivo,Y系列,y66L,,,开机靓好,60,元/台,,image,vivo.jpg,数码网报价单-0831更新/手机相关/vivo.jpg,1,0.98,visual_legacy_crosscheck
20260831-ce9900174a6378e8c281-01,2026-08-31,手机,device,vivo,Y系列,y66L,,,开机屏好碎壳,60,元/台,,image,vivo.jpg,数码网报价单-0831更新/手机相关/vivo.jpg,1,0.98,visual_legacy_crosscheck
20260831-1c79afaaa73854be4687-01,2026-08-31,手机,device,vivo,Y系列,y66L,,,开机屏坏/外碎,60,元/台,,image,vivo.jpg,数码网报价单-0831更新/手机相关/vivo.jpg,1,0.98,visual_legacy_crosscheck
20260831-cd718df547dc464b78ab-01,2026-08-31,手机,device,vivo,Y系列,y66L,,,开机屏坏,60,元/台,,image,vivo.jpg,数码网报价单-0831更新/手机相关/vivo.jpg,1,0.98,visual_legacy_crosscheck
20260831-008ea477eb20717f6010-01,2026-08-31,手机,device,vivo,Y系列,y66L,,,不开机,60,元/台,,image,vivo.jpg,数码网报价单-0831更新/手机相关/vivo.jpg,1,0.98,visual_legacy_crosscheck
20260831-a89207d0d4c022132235-01,2026-08-31,手机,device,vivo,Y系列,y66L,,,深板·整机,60,元/台,,image,vivo.jpg,数码网报价单-0831更新/手机相关/vivo.jpg,1,0.98,visual_legacy_crosscheck
20260831-fa34773e15b7a5aecb63-01,2026-08-31,手机,device,vivo,Y系列,Y66,,,开机靓好,60,元/台,,image,vivo.jpg,数码网报价单-0831更新/手机相关/vivo.jpg,1,0.98,visual_legacy_crosscheck
20260831-abc0de07b68c445fd393-01,2026-08-31,手机,device,vivo,Y系列,Y66,,,开机屏好碎壳,60,元/台,,image,vivo.jpg,数码网报价单-0831更新/手机相关/vivo.jpg,1,0.98,visual_legacy_crosscheck
20260831-576e1a0a8a78a0d6780d-01,2026-08-31,手机,device,vivo,Y系列,Y66,,,开机屏坏/外碎,60,元/台,,image,vivo.jpg,数码网报价单-0831更新/手机相关/vivo.jpg,1,0.98,visual_legacy_crosscheck
20260831-3a5e722132cb67cc34da-01,2026-08-31,手机,device,vivo,Y系列,Y66,,,开机屏坏,60,元/台,,image,vivo.jpg,数码网报价单-0831更新/手机相关/vivo.jpg,1,0.98,visual_legacy_crosscheck
20260831-0f6d864eb3f7d657321f-01,2026-08-31,手机,device,vivo,Y系列,Y66,,,不开机,60,元/台,,image,vivo.jpg,数码网报价单-0831更新/手机相关/vivo.jpg,1,0.98,visual_legacy_crosscheck
20260831-ba0349956c9f1f14bb84-01,2026-08-31,手机,device,vivo,Y系列,Y66,,,深板·整机,60,元/台,,image,vivo.jpg,数码网报价单-0831更新/手机相关/vivo.jpg,1,0.98,visual_legacy_crosscheck
20260831-4870cd6733c34ea67c2b-01,2026-08-31,手机,device,vivo,Y系列,y55t,,,开机靓好,105,元/台,,image,vivo.jpg,数码网报价单-0831更新/手机相关/vivo.jpg,1,0.98,visual_legacy_crosscheck
20260831-19e159cb40a53d9f5e14-01,2026-08-31,手机,device,vivo,Y系列,y55t,,,开机屏好碎壳,105,元/台,,image,vivo.jpg,数码网报价单-0831更新/手机相关/vivo.jpg,1,0.98,visual_legacy_crosscheck
20260831-70f95bb6c9bef01373d9-01,2026-08-31,手机,device,vivo,Y系列,y55t,,,开机屏坏/外碎,105,元/台,,image,vivo.jpg,数码网报价单-0831更新/手机相关/vivo.jpg,1,0.98,visual_legacy_crosscheck
20260831-39c1da92f185e89c88ce-01,2026-08-31,手机,device,vivo,Y系列,y55t,,,开机屏坏,105,元/台,,image,vivo.jpg,数码网报价单-0831更新/手机相关/vivo.jpg,1,0.98,visual_legacy_crosscheck
20260831-a2177f0beb8c9d681705-01,2026-08-31,手机,device,vivo,Y系列,y55t,,,不开机,95,元/台,,image,vivo.jpg,数码网报价单-0831更新/手机相关/vivo.jpg,1,0.98,visual_legacy_crosscheck
20260831-b5a23bf13b49fe0512c7-01,2026-08-31,手机,device,vivo,Y系列,y55t,,,深板·整机,95,元/台,,image,vivo.jpg,数码网报价单-0831更新/手机相关/vivo.jpg,1,0.98,visual_legacy_crosscheck
20260831-c9b20b9b88eed1bff759-01,2026-08-31,手机,device,vivo,Y系列,Y55a,,,开机靓好,30,元/台,,image,vivo.jpg,数码网报价单-0831更新/手机相关/vivo.jpg,1,0.98,visual_legacy_crosscheck
20260831-821339c81c932090cfcf-01,2026-08-31,手机,device,vivo,Y系列,Y55a,,,开机屏好碎壳,30,元/台,,image,vivo.jpg,数码网报价单-0831更新/手机相关/vivo.jpg,1,0.98,visual_legacy_crosscheck
20260831-60c58fdd9c87247dd26a-01,2026-08-31,手机,device,vivo,Y系列,Y55a,,,开机屏坏/外碎,30,元/台,,image,vivo.jpg,数码网报价单-0831更新/手机相关/vivo.jpg,1,0.98,visual_legacy_crosscheck
20260831-8a0f723a253b3ccc40b1-01,2026-08-31,手机,device,vivo,Y系列,Y55a,,,开机屏坏,30,元/台,,image,vivo.jpg,数码网报价单-0831更新/手机相关/vivo.jpg,1,0.98,visual_legacy_crosscheck
20260831-db98ff27690a937befd2-01,2026-08-31,手机,device,vivo,Y系列,Y55a,,,不开机,30,元/台,,image,vivo.jpg,数码网报价单-0831更新/手机相关/vivo.jpg,1,0.98,visual_legacy_crosscheck
20260831-670d3898fdb161ac1343-01,2026-08-31,手机,device,vivo,Y系列,Y55a,,,深板·整机,30,元/台,,image,vivo.jpg,数码网报价单-0831更新/手机相关/vivo.jpg,1,0.98,visual_legacy_crosscheck
20260831-74520b101194b4927e85-01,2026-08-31,手机,device,vivo,Y系列,Y55s,,,开机靓好,180,元/台,详见备注一,image,vivo.jpg,数码网报价单-0831更新/手机相关/vivo.jpg,1,0.98,visual_legacy_crosscheck
20260831-7ede697a7cd3c7a1be51-01,2026-08-31,手机,device,vivo,Y系列,Y55s,,,开机屏好碎壳,180,元/台,详见备注一,image,vivo.jpg,数码网报价单-0831更新/手机相关/vivo.jpg,1,0.98,visual_legacy_crosscheck
20260831-0992611de3e9bef6d161-01,2026-08-31,手机,device,vivo,Y系列,Y55s,,,开机屏坏/外碎,180,元/台,详见备注一,image,vivo.jpg,数码网报价单-0831更新/手机相关/vivo.jpg,1,0.98,visual_legacy_crosscheck
20260831-0e4b3b071caa62e270d7-01,2026-08-31,手机,device,vivo,Y系列,Y55s,,,开机屏坏,180,元/台,详见备注一,image,vivo.jpg,数码网报价单-0831更新/手机相关/vivo.jpg,1,0.98,visual_legacy_crosscheck
20260831-4ac7aac587d71138eb62-01,2026-08-31,手机,device,vivo,Y系列,Y55s,,,不开机,180,元/台,详见备注一,image,vivo.jpg,数码网报价单-0831更新/手机相关/vivo.jpg,1,0.98,visual_legacy_crosscheck
20260831-b79ae11b282751b3dbc9-01,2026-08-31,手机,device,vivo,Y系列,Y55s,,,深板·整机,180,元/台,详见备注一,image,vivo.jpg,数码网报价单-0831更新/手机相关/vivo.jpg,1,0.98,visual_legacy_crosscheck
20260831-329becbda21106feed06-01,2026-08-31,手机,device,vivo,Y系列,Y55,,,开机靓好,30,元/台,,image,vivo.jpg,数码网报价单-0831更新/手机相关/vivo.jpg,1,0.98,visual_legacy_crosscheck
20260831-5a2c36f4945d5385af00-01,2026-08-31,手机,device,vivo,Y系列,Y55,,,开机屏好碎壳,30,元/台,,image,vivo.jpg,数码网报价单-0831更新/手机相关/vivo.jpg,1,0.98,visual_legacy_crosscheck
20260831-d40d14d454d617a664e2-01,2026-08-31,手机,device,vivo,Y系列,Y55,,,开机屏坏/外碎,30,元/台,,image,vivo.jpg,数码网报价单-0831更新/手机相关/vivo.jpg,1,0.98,visual_legacy_crosscheck
20260831-7fa141957688e075193c-01,2026-08-31,手机,device,vivo,Y系列,Y55,,,开机屏坏,30,元/台,,image,vivo.jpg,数码网报价单-0831更新/手机相关/vivo.jpg,1,0.98,visual_legacy_crosscheck
20260831-aba81babb90f52f79b12-01,2026-08-31,手机,device,vivo,Y系列,Y55,,,不开机,30,元/台,,image,vivo.jpg,数码网报价单-0831更新/手机相关/vivo.jpg,1,0.98,visual_legacy_crosscheck
20260831-eccfb2ad85105298d19d-01,2026-08-31,手机,device,vivo,Y系列,Y55,,,深板·整机,30,元/台,,image,vivo.jpg,数码网报价单-0831更新/手机相关/vivo.jpg,1,0.98,visual_legacy_crosscheck
20260831-70ae308f2947816db7b3-01,2026-08-31,手机,device,vivo,Y系列,Y53t,,,开机靓好,105,元/台,,image,vivo.jpg,数码网报价单-0831更新/手机相关/vivo.jpg,1,0.98,visual_legacy_crosscheck
20260831-6e816b2bbb7c6ce30bd3-01,2026-08-31,手机,device,vivo,Y系列,Y53t,,,开机屏好碎壳,105,元/台,,image,vivo.jpg,数码网报价单-0831更新/手机相关/vivo.jpg,1,0.98,visual_legacy_crosscheck
20260831-e44e62e2872d50b2e8d6-01,2026-08-31,手机,device,vivo,Y系列,Y53t,,,开机屏坏/外碎,105,元/台,,image,vivo.jpg,数码网报价单-0831更新/手机相关/vivo.jpg,1,0.98,visual_legacy_crosscheck
20260831-854235d85c17117e8435-01,2026-08-31,手机,device,vivo,Y系列,Y53t,,,开机屏坏,105,元/台,,image,vivo.jpg,数码网报价单-0831更新/手机相关/vivo.jpg,1,0.98,visual_legacy_crosscheck
20260831-b612e7f468af6ed2f487-01,2026-08-31,手机,device,vivo,Y系列,Y53t,,,不开机,105,元/台,,image,vivo.jpg,数码网报价单-0831更新/手机相关/vivo.jpg,1,0.98,visual_legacy_crosscheck
20260831-9ed253679ffa4dee562d-01,2026-08-31,手机,device,vivo,Y系列,Y53t,,,深板·整机,105,元/台,,image,vivo.jpg,数码网报价单-0831更新/手机相关/vivo.jpg,1,0.98,visual_legacy_crosscheck
20260831-2fc243b17621df1ab1a3-01,2026-08-31,手机,device,vivo,Y系列,Y53s (8+128),,,开机靓好,175,元/台,,image,vivo.jpg,数码网报价单-0831更新/手机相关/vivo.jpg,1,0.98,visual_legacy_crosscheck
20260831-8e88afbdce7c024b22f9-01,2026-08-31,手机,device,vivo,Y系列,Y53s (8+128),,,开机屏好碎壳,175,元/台,,image,vivo.jpg,数码网报价单-0831更新/手机相关/vivo.jpg,1,0.98,visual_legacy_crosscheck
20260831-cdbac10c227d53d93e24-01,2026-08-31,手机,device,vivo,Y系列,Y53s (8+128),,,开机屏坏/外碎,175,元/台,,image,vivo.jpg,数码网报价单-0831更新/手机相关/vivo.jpg,1,0.98,visual_legacy_crosscheck
20260831-a17e5fea77f4cbcaa23d-01,2026-08-31,手机,device,vivo,Y系列,Y53s (8+128),,,开机屏坏,175,元/台,,image,vivo.jpg,数码网报价单-0831更新/手机相关/vivo.jpg,1,0.98,visual_legacy_crosscheck
20260831-4d6554143eec39bc398f-01,2026-08-31,手机,device,vivo,Y系列,Y53s (8+128),,,不开机,175,元/台,,image,vivo.jpg,数码网报价单-0831更新/手机相关/vivo.jpg,1,0.98,visual_legacy_crosscheck
20260831-be9a56099af69ed0db54-01,2026-08-31,手机,device,vivo,Y系列,Y53s (8+128),,,深板·整机,175,元/台,,image,vivo.jpg,数码网报价单-0831更新/手机相关/vivo.jpg,1,0.98,visual_legacy_crosscheck
20260831-52e904cc45556681bf9b-01,2026-08-31,手机,device,vivo,Y系列,Y53s (8+256),,,开机靓好,230,元/台,,image,vivo.jpg,数码网报价单-0831更新/手机相关/vivo.jpg,1,0.98,visual_legacy_crosscheck
20260831-a744e39e054b814565e8-01,2026-08-31,手机,device,vivo,Y系列,Y53s (8+256),,,开机屏好碎壳,230,元/台,,image,vivo.jpg,数码网报价单-0831更新/手机相关/vivo.jpg,1,0.98,visual_legacy_crosscheck
20260831-c66f4d452ce25df5756a-01,2026-08-31,手机,device,vivo,Y系列,Y53s (8+256),,,开机屏坏/外碎,230,元/台,,image,vivo.jpg,数码网报价单-0831更新/手机相关/vivo.jpg,1,0.98,visual_legacy_crosscheck
20260831-48802151c7c3b1a748f0-01,2026-08-31,手机,device,vivo,Y系列,Y53s (8+256),,,开机屏坏,230,元/台,,image,vivo.jpg,数码网报价单-0831更新/手机相关/vivo.jpg,1,0.98,visual_legacy_crosscheck
20260831-82aab6b655faaf1d3cb7-01,2026-08-31,手机,device,vivo,Y系列,Y53s (8+256),,,不开机,230,元/台,,image,vivo.jpg,数码网报价单-0831更新/手机相关/vivo.jpg,1,0.98,visual_legacy_crosscheck
20260831-3e3ca1cb5db9a7bf1858-01,2026-08-31,手机,device,vivo,Y系列,Y53s (8+256),,,深板·整机,230,元/台,,image,vivo.jpg,数码网报价单-0831更新/手机相关/vivo.jpg,1,0.98,visual_legacy_crosscheck
20260831-389898c15c84152b9edd-01,2026-08-31,手机,device,vivo,Y系列,Y53,,,开机靓好,30,元/台,,image,vivo.jpg,数码网报价单-0831更新/手机相关/vivo.jpg,1,0.98,visual_legacy_crosscheck
20260831-3b7185fabce2c0a75d28-01,2026-08-31,手机,device,vivo,Y系列,Y53,,,开机屏好碎壳,30,元/台,,image,vivo.jpg,数码网报价单-0831更新/手机相关/vivo.jpg,1,0.98,visual_legacy_crosscheck
20260831-4e7f7e7e577a3ca16b74-01,2026-08-31,手机,device,vivo,Y系列,Y53,,,开机屏坏/外碎,30,元/台,,image,vivo.jpg,数码网报价单-0831更新/手机相关/vivo.jpg,1,0.98,visual_legacy_crosscheck
20260831-f26da9e0cd794887bcc0-01,2026-08-31,手机,device,vivo,Y系列,Y53,,,开机屏坏,30,元/台,,image,vivo.jpg,数码网报价单-0831更新/手机相关/vivo.jpg,1,0.98,visual_legacy_crosscheck
20260831-c55cd7f49131a180e2b2-01,2026-08-31,手机,device,vivo,Y系列,Y53,,,不开机,30,元/台,,image,vivo.jpg,数码网报价单-0831更新/手机相关/vivo.jpg,1,0.98,visual_legacy_crosscheck
20260831-98cb06d5bee5db62eb56-01,2026-08-31,手机,device,vivo,Y系列,Y53,,,深板·整机,30,元/台,,image,vivo.jpg,数码网报价单-0831更新/手机相关/vivo.jpg,1,0.98,visual_legacy_crosscheck
20260831-093a8ef51ba5e4c1e550-01,2026-08-31,手机,device,vivo,Y系列,y52s t1 (8+256),,,开机靓好,230,元/台,,image,vivo.jpg,数码网报价单-0831更新/手机相关/vivo.jpg,1,0.98,visual_legacy_crosscheck
20260831-ed3c51146515cdee5ca1-01,2026-08-31,手机,device,vivo,Y系列,y52s t1 (8+256),,,开机屏好碎壳,230,元/台,,image,vivo.jpg,数码网报价单-0831更新/手机相关/vivo.jpg,1,0.98,visual_legacy_crosscheck
20260831-18d4c49a5cfa2b5998b8-01,2026-08-31,手机,device,vivo,Y系列,y52s t1 (8+256),,,开机屏坏/外碎,230,元/台,,image,vivo.jpg,数码网报价单-0831更新/手机相关/vivo.jpg,1,0.98,visual_legacy_crosscheck
20260831-0edf56e271a14f87b799-01,2026-08-31,手机,device,vivo,Y系列,y52s t1 (8+256),,,开机屏坏,230,元/台,,image,vivo.jpg,数码网报价单-0831更新/手机相关/vivo.jpg,1,0.98,visual_legacy_crosscheck
20260831-25aa4eb30000af4d50c1-01,2026-08-31,手机,device,vivo,Y系列,y52s t1 (8+256),,,不开机,230,元/台,,image,vivo.jpg,数码网报价单-0831更新/手机相关/vivo.jpg,1,0.98,visual_legacy_crosscheck
20260831-01b6c14ddaf5cd6650b4-01,2026-08-31,手机,device,vivo,Y系列,y52s t1 (8+256),,,深板·整机,230,元/台,,image,vivo.jpg,数码网报价单-0831更新/手机相关/vivo.jpg,1,0.98,visual_legacy_crosscheck
20260831-4bcbb1bd58874fd0c4b9-01,2026-08-31,手机,device,vivo,Y系列,Y52S,,,开机靓好,175,元/台,详见备注一,image,vivo.jpg,数码网报价单-0831更新/手机相关/vivo.jpg,1,0.98,visual_legacy_crosscheck
20260831-e9f62eebb1c99ab6b674-01,2026-08-31,手机,device,vivo,Y系列,Y52S,,,开机屏好碎壳,175,元/台,详见备注一,image,vivo.jpg,数码网报价单-0831更新/手机相关/vivo.jpg,1,0.98,visual_legacy_crosscheck
20260831-3f07568a5960d704c9c0-01,2026-08-31,手机,device,vivo,Y系列,Y52S,,,开机屏坏/外碎,175,元/台,详见备注一,image,vivo.jpg,数码网报价单-0831更新/手机相关/vivo.jpg,1,0.98,visual_legacy_crosscheck
20260831-117ffd8d43477504d521-01,2026-08-31,手机,device,vivo,Y系列,Y52S,,,开机屏坏,175,元/台,详见备注一,image,vivo.jpg,数码网报价单-0831更新/手机相关/vivo.jpg,1,0.98,visual_legacy_crosscheck
20260831-5636f4ee7392deebbfcd-01,2026-08-31,手机,device,vivo,Y系列,Y52S,,,不开机,175,元/台,详见备注一,image,vivo.jpg,数码网报价单-0831更新/手机相关/vivo.jpg,1,0.98,visual_legacy_crosscheck
20260831-1a537305c2d37706db50-01,2026-08-31,手机,device,vivo,Y系列,Y52S,,,深板·整机,175,元/台,详见备注一,image,vivo.jpg,数码网报价单-0831更新/手机相关/vivo.jpg,1,0.98,visual_legacy_crosscheck
20260831-92f19d38cc1905d7007a-01,2026-08-31,手机,device,vivo,Y系列,Y51s,,,开机靓好,175,元/台,详见备注一,image,vivo.jpg,数码网报价单-0831更新/手机相关/vivo.jpg,1,0.98,visual_legacy_crosscheck
20260831-fa0c02ca543c5e662c63-01,2026-08-31,手机,device,vivo,Y系列,Y51s,,,开机屏好碎壳,175,元/台,详见备注一,image,vivo.jpg,数码网报价单-0831更新/手机相关/vivo.jpg,1,0.98,visual_legacy_crosscheck
20260831-0265f53818ce642305b2-01,2026-08-31,手机,device,vivo,Y系列,Y51s,,,开机屏坏/外碎,175,元/台,详见备注一,image,vivo.jpg,数码网报价单-0831更新/手机相关/vivo.jpg,1,0.98,visual_legacy_crosscheck
20260831-5fba1a51c5f049de8181-01,2026-08-31,手机,device,vivo,Y系列,Y51s,,,开机屏坏,175,元/台,详见备注一,image,vivo.jpg,数码网报价单-0831更新/手机相关/vivo.jpg,1,0.98,visual_legacy_crosscheck
20260831-7bb159398fe91aa5b4f7-01,2026-08-31,手机,device,vivo,Y系列,Y51s,,,不开机,175,元/台,详见备注一,image,vivo.jpg,数码网报价单-0831更新/手机相关/vivo.jpg,1,0.98,visual_legacy_crosscheck
20260831-f283fc824b1005f8b042-01,2026-08-31,手机,device,vivo,Y系列,Y51s,,,深板·整机,175,元/台,详见备注一,image,vivo.jpg,数码网报价单-0831更新/手机相关/vivo.jpg,1,0.98,visual_legacy_crosscheck
20260831-c2dc4ffef2c3c37af5a2-01,2026-08-31,手机,device,vivo,Y系列,Y51A,,,开机靓好,25,元/台,,image,vivo.jpg,数码网报价单-0831更新/手机相关/vivo.jpg,1,0.98,visual_legacy_crosscheck
20260831-e0f3da8b69287f66b70d-01,2026-08-31,手机,device,vivo,Y系列,Y51A,,,开机屏好碎壳,25,元/台,,image,vivo.jpg,数码网报价单-0831更新/手机相关/vivo.jpg,1,0.98,visual_legacy_crosscheck
20260831-b8cc8f873d1d73fbbda3-01,2026-08-31,手机,device,vivo,Y系列,Y51A,,,开机屏坏/外碎,25,元/台,,image,vivo.jpg,数码网报价单-0831更新/手机相关/vivo.jpg,1,0.98,visual_legacy_crosscheck
20260831-d2da6e1f4ca4fea2859b-01,2026-08-31,手机,device,vivo,Y系列,Y51A,,,开机屏坏,25,元/台,,image,vivo.jpg,数码网报价单-0831更新/手机相关/vivo.jpg,1,0.98,visual_legacy_crosscheck
20260831-abdf75bc7f07cf1acb30-01,2026-08-31,手机,device,vivo,Y系列,Y51A,,,不开机,25,元/台,,image,vivo.jpg,数码网报价单-0831更新/手机相关/vivo.jpg,1,0.98,visual_legacy_crosscheck
20260831-390c748048f0b88d54b8-01,2026-08-31,手机,device,vivo,Y系列,Y51A,,,深板·整机,25,元/台,,image,vivo.jpg,数码网报价单-0831更新/手机相关/vivo.jpg,1,0.98,visual_legacy_crosscheck
20260831-58d848969065540b2aed-01,2026-08-31,手机,device,vivo,Y系列,Y51,,,开机靓好,25,元/台,,image,vivo.jpg,数码网报价单-0831更新/手机相关/vivo.jpg,1,0.98,visual_legacy_crosscheck
20260831-35a8fa24a3322b8f0317-01,2026-08-31,手机,device,vivo,Y系列,Y51,,,开机屏好碎壳,25,元/台,,image,vivo.jpg,数码网报价单-0831更新/手机相关/vivo.jpg,1,0.98,visual_legacy_crosscheck
20260831-24624afebc84c4b2b6c9-01,2026-08-31,手机,device,vivo,Y系列,Y51,,,开机屏坏/外碎,25,元/台,,image,vivo.jpg,数码网报价单-0831更新/手机相关/vivo.jpg,1,0.98,visual_legacy_crosscheck
20260831-f716d3337f274c26ca58-01,2026-08-31,手机,device,vivo,Y系列,Y51,,,开机屏坏,25,元/台,,image,vivo.jpg,数码网报价单-0831更新/手机相关/vivo.jpg,1,0.98,visual_legacy_crosscheck
20260831-c448ee6cbb10c72dd131-01,2026-08-31,手机,device,vivo,Y系列,Y51,,,不开机,25,元/台,,image,vivo.jpg,数码网报价单-0831更新/手机相关/vivo.jpg,1,0.98,visual_legacy_crosscheck
20260831-4a757f3e2298e3dfb55b-01,2026-08-31,手机,device,vivo,Y系列,Y51,,,深板·整机,25,元/台,,image,vivo.jpg,数码网报价单-0831更新/手机相关/vivo.jpg,1,0.98,visual_legacy_crosscheck
20260831-8dcc4cc90ef15c19d0f5-01,2026-08-31,手机,device,vivo,Y系列,Y50,,,开机靓好,175,元/台,详见备注一,image,vivo.jpg,数码网报价单-0831更新/手机相关/vivo.jpg,1,0.98,visual_legacy_crosscheck
20260831-20c8f6824f4ab41fc896-01,2026-08-31,手机,device,vivo,Y系列,Y50,,,开机屏好碎壳,175,元/台,详见备注一,image,vivo.jpg,数码网报价单-0831更新/手机相关/vivo.jpg,1,0.98,visual_legacy_crosscheck
20260831-28311594ff51c4b2b332-01,2026-08-31,手机,device,vivo,Y系列,Y50,,,开机屏坏/外碎,175,元/台,详见备注一,image,vivo.jpg,数码网报价单-0831更新/手机相关/vivo.jpg,1,0.98,visual_legacy_crosscheck
20260831-3296ff806fa89a8f713c-01,2026-08-31,手机,device,vivo,Y系列,Y50,,,开机屏坏,175,元/台,详见备注一,image,vivo.jpg,数码网报价单-0831更新/手机相关/vivo.jpg,1,0.98,visual_legacy_crosscheck
20260831-a71cc7576d4f3f9fa4bc-01,2026-08-31,手机,device,vivo,Y系列,Y50,,,不开机,175,元/台,详见备注一,image,vivo.jpg,数码网报价单-0831更新/手机相关/vivo.jpg,1,0.98,visual_legacy_crosscheck
20260831-d6f12c9ad10f143b914b-01,2026-08-31,手机,device,vivo,Y系列,Y50,,,深板·整机,175,元/台,详见备注一,image,vivo.jpg,数码网报价单-0831更新/手机相关/vivo.jpg,1,0.98,visual_legacy_crosscheck
20260831-23906a2751e920515dbb-01,2026-08-31,手机,device,vivo,Y系列,y50e,,,开机靓好,175,元/台,,image,vivo.jpg,数码网报价单-0831更新/手机相关/vivo.jpg,1,0.98,visual_legacy_crosscheck
20260831-ee21e6b56ca9f34aeecb-01,2026-08-31,手机,device,vivo,Y系列,y50e,,,开机屏好碎壳,175,元/台,,image,vivo.jpg,数码网报价单-0831更新/手机相关/vivo.jpg,1,0.98,visual_legacy_crosscheck
20260831-aa4b039f8d828aef455a-01,2026-08-31,手机,device,vivo,Y系列,y50e,,,开机屏坏/外碎,175,元/台,,image,vivo.jpg,数码网报价单-0831更新/手机相关/vivo.jpg,1,0.98,visual_legacy_crosscheck
20260831-e8b36493741b8b50c477-01,2026-08-31,手机,device,vivo,Y系列,y50e,,,开机屏坏,175,元/台,,image,vivo.jpg,数码网报价单-0831更新/手机相关/vivo.jpg,1,0.98,visual_legacy_crosscheck
20260831-d2cbbd3b9c31c625ba68-01,2026-08-31,手机,device,vivo,Y系列,y50e,,,不开机,175,元/台,,image,vivo.jpg,数码网报价单-0831更新/手机相关/vivo.jpg,1,0.98,visual_legacy_crosscheck
20260831-56b4668c26fd38cd3e6d-01,2026-08-31,手机,device,vivo,Y系列,y50e,,,深板·整机,175,元/台,,image,vivo.jpg,数码网报价单-0831更新/手机相关/vivo.jpg,1,0.98,visual_legacy_crosscheck
20260831-3893744a705ae0eba1d8-01,2026-08-31,手机,device,vivo,Y系列,Y50 5G,,,开机靓好,175,元/台,,image,vivo.jpg,数码网报价单-0831更新/手机相关/vivo.jpg,1,0.98,visual_legacy_crosscheck
20260831-94da093c450bdca3b7d7-01,2026-08-31,手机,device,vivo,Y系列,Y50 5G,,,开机屏好碎壳,175,元/台,,image,vivo.jpg,数码网报价单-0831更新/手机相关/vivo.jpg,1,0.98,visual_legacy_crosscheck
20260831-79ff009e0385b4015ee9-01,2026-08-31,手机,device,vivo,Y系列,Y50 5G,,,开机屏坏/外碎,175,元/台,,image,vivo.jpg,数码网报价单-0831更新/手机相关/vivo.jpg,1,0.98,visual_legacy_crosscheck
20260831-d85d64afbbd32c012e68-01,2026-08-31,手机,device,vivo,Y系列,Y50 5G,,,开机屏坏,175,元/台,,image,vivo.jpg,数码网报价单-0831更新/手机相关/vivo.jpg,1,0.98,visual_legacy_crosscheck
20260831-eece7a218ef13c30a3c1-01,2026-08-31,手机,device,vivo,Y系列,Y50 5G,,,不开机,175,元/台,,image,vivo.jpg,数码网报价单-0831更新/手机相关/vivo.jpg,1,0.98,visual_legacy_crosscheck
20260831-ad8ffd0931a607050897-01,2026-08-31,手机,device,vivo,Y系列,Y50 5G,,,深板·整机,175,元/台,,image,vivo.jpg,数码网报价单-0831更新/手机相关/vivo.jpg,1,0.98,visual_legacy_crosscheck
20260831-a2ec535ba7d451fae206-01,2026-08-31,手机,device,vivo,Y系列,Y50m 5G,,,开机靓好,175,元/台,,image,vivo.jpg,数码网报价单-0831更新/手机相关/vivo.jpg,1,0.98,visual_legacy_crosscheck
20260831-f3dfd47043d52543165a-01,2026-08-31,手机,device,vivo,Y系列,Y50m 5G,,,开机屏好碎壳,175,元/台,,image,vivo.jpg,数码网报价单-0831更新/手机相关/vivo.jpg,1,0.98,visual_legacy_crosscheck
20260831-020bbcfb075c1f273dd1-01,2026-08-31,手机,device,vivo,Y系列,Y50m 5G,,,开机屏坏/外碎,175,元/台,,image,vivo.jpg,数码网报价单-0831更新/手机相关/vivo.jpg,1,0.98,visual_legacy_crosscheck
20260831-bb33d4ae5ee6ced22c98-01,2026-08-31,手机,device,vivo,Y系列,Y50m 5G,,,开机屏坏,175,元/台,,image,vivo.jpg,数码网报价单-0831更新/手机相关/vivo.jpg,1,0.98,visual_legacy_crosscheck
20260831-38901e576a702b8cd244-01,2026-08-31,手机,device,vivo,Y系列,Y50m 5G,,,不开机,175,元/台,,image,vivo.jpg,数码网报价单-0831更新/手机相关/vivo.jpg,1,0.98,visual_legacy_crosscheck
20260831-2d22986ec1c6aaa3dada-01,2026-08-31,手机,device,vivo,Y系列,Y50m 5G,,,深板·整机,175,元/台,,image,vivo.jpg,数码网报价单-0831更新/手机相关/vivo.jpg,1,0.98,visual_legacy_crosscheck
20260831-cd82bfcb34dff3003f68-01,2026-08-31,手机,device,vivo,Y系列,Y37,,,开机靓好,175,元/台,,image,vivo.jpg,数码网报价单-0831更新/手机相关/vivo.jpg,1,0.98,visual_legacy_crosscheck
20260831-94a3704ada2e333b63fd-01,2026-08-31,手机,device,vivo,Y系列,Y37,,,开机屏好碎壳,175,元/台,,image,vivo.jpg,数码网报价单-0831更新/手机相关/vivo.jpg,1,0.98,visual_legacy_crosscheck
20260831-d80af288e898d59cd5f2-01,2026-08-31,手机,device,vivo,Y系列,Y37,,,开机屏坏/外碎,175,元/台,,image,vivo.jpg,数码网报价单-0831更新/手机相关/vivo.jpg,1,0.98,visual_legacy_crosscheck
20260831-bfbb96f4497a8c3b5354-01,2026-08-31,手机,device,vivo,Y系列,Y37,,,开机屏坏,175,元/台,,image,vivo.jpg,数码网报价单-0831更新/手机相关/vivo.jpg,1,0.98,visual_legacy_crosscheck
20260831-002f124177a45272b85a-01,2026-08-31,手机,device,vivo,Y系列,Y37,,,不开机,175,元/台,,image,vivo.jpg,数码网报价单-0831更新/手机相关/vivo.jpg,1,0.98,visual_legacy_crosscheck
20260831-d27f8d6285432b4f3dfb-01,2026-08-31,手机,device,vivo,Y系列,Y37,,,深板·整机,175,元/台,,image,vivo.jpg,数码网报价单-0831更新/手机相关/vivo.jpg,1,0.98,visual_legacy_crosscheck
20260831-1c57e4bb504b5b96a4d4-01,2026-08-31,手机,device,vivo,Y系列,Y50t,,,开机靓好,175,元/台,详见备注一,image,vivo.jpg,数码网报价单-0831更新/手机相关/vivo.jpg,1,0.98,visual_legacy_crosscheck
20260831-ce530179c296c76f1328-01,2026-08-31,手机,device,vivo,Y系列,Y50t,,,开机屏好碎壳,175,元/台,详见备注一,image,vivo.jpg,数码网报价单-0831更新/手机相关/vivo.jpg,1,0.98,visual_legacy_crosscheck
20260831-c5e29bf835c40431b9ec-01,2026-08-31,手机,device,vivo,Y系列,Y50t,,,开机屏坏/外碎,175,元/台,详见备注一,image,vivo.jpg,数码网报价单-0831更新/手机相关/vivo.jpg,1,0.98,visual_legacy_crosscheck
20260831-8fb4880ea6e49a8946ee-01,2026-08-31,手机,device,vivo,Y系列,Y50t,,,开机屏坏,175,元/台,详见备注一,image,vivo.jpg,数码网报价单-0831更新/手机相关/vivo.jpg,1,0.98,visual_legacy_crosscheck
20260831-bf526b243c9a3f2f5af8-01,2026-08-31,手机,device,vivo,Y系列,Y50t,,,不开机,175,元/台,详见备注一,image,vivo.jpg,数码网报价单-0831更新/手机相关/vivo.jpg,1,0.98,visual_legacy_crosscheck
20260831-a0e13dce27b5f19d3f76-01,2026-08-31,手机,device,vivo,Y系列,Y50t,,,深板·整机,175,元/台,详见备注一,image,vivo.jpg,数码网报价单-0831更新/手机相关/vivo.jpg,1,0.98,visual_legacy_crosscheck
20260831-08c848bfaa780da8db08-01,2026-08-31,手机,device,vivo,Y系列,y5s,,,开机靓好,195,元/台,【备注二】要求电好，靓壳开机,image,vivo.jpg,数码网报价单-0831更新/手机相关/vivo.jpg,1,0.98,visual_legacy_crosscheck
20260831-c7f1ce8aaa9ab910e622-01,2026-08-31,手机,device,vivo,Y系列,y5s,,,开机屏好碎壳,195,元/台,【备注二】要求电好，靓壳开机,image,vivo.jpg,数码网报价单-0831更新/手机相关/vivo.jpg,1,0.98,visual_legacy_crosscheck
20260831-ffcf9a213665c552506c-01,2026-08-31,手机,device,vivo,Y系列,y5s,,,开机屏坏/外碎,195,元/台,【备注二】要求电好，靓壳开机,image,vivo.jpg,数码网报价单-0831更新/手机相关/vivo.jpg,1,0.98,visual_legacy_crosscheck
20260831-191656cbb733f5a61324-01,2026-08-31,手机,device,vivo,Y系列,y5s,,,开机屏坏,195,元/台,【备注二】要求电好，靓壳开机,image,vivo.jpg,数码网报价单-0831更新/手机相关/vivo.jpg,1,0.98,visual_legacy_crosscheck
20260831-d0a3732ea9ae7c182f08-01,2026-08-31,手机,device,vivo,Y系列,y5s,,,不开机,195,元/台,【备注二】要求电好，靓壳开机,image,vivo.jpg,数码网报价单-0831更新/手机相关/vivo.jpg,1,0.98,visual_legacy_crosscheck
20260831-8856d752804f8330e67b-01,2026-08-31,手机,device,vivo,Y系列,y5s,,,深板·整机,195,元/台,【备注二】要求电好，靓壳开机,image,vivo.jpg,数码网报价单-0831更新/手机相关/vivo.jpg,1,0.98,visual_legacy_crosscheck
20260831-8d23ad8f01b6cf44d571-01,2026-08-31,手机,device,vivo,Y系列,y37Pro,,,开机靓好,250,元/台,,image,vivo.jpg,数码网报价单-0831更新/手机相关/vivo.jpg,1,0.98,visual_legacy_crosscheck
20260831-97376aab1a5e91d411ec-01,2026-08-31,手机,device,vivo,Y系列,y37Pro,,,开机屏好碎壳,250,元/台,,image,vivo.jpg,数码网报价单-0831更新/手机相关/vivo.jpg,1,0.98,visual_legacy_crosscheck
20260831-95349f8d4c00fde59c4a-01,2026-08-31,手机,device,vivo,Y系列,y37Pro,,,开机屏坏/外碎,250,元/台,,image,vivo.jpg,数码网报价单-0831更新/手机相关/vivo.jpg,1,0.98,visual_legacy_crosscheck
20260831-21a6a9972ec027550c01-01,2026-08-31,手机,device,vivo,Y系列,y37Pro,,,开机屏坏,250,元/台,,image,vivo.jpg,数码网报价单-0831更新/手机相关/vivo.jpg,1,0.98,visual_legacy_crosscheck
20260831-6142c01bf4cc313cc47d-01,2026-08-31,手机,device,vivo,Y系列,y37Pro,,,不开机,150,元/台,,image,vivo.jpg,数码网报价单-0831更新/手机相关/vivo.jpg,1,0.98,visual_legacy_crosscheck
20260831-e2e10cd602ab5f99eafc-01,2026-08-31,手机,device,vivo,Y系列,y37Pro,,,深板·整机,150,元/台,,image,vivo.jpg,数码网报价单-0831更新/手机相关/vivo.jpg,1,0.98,visual_legacy_crosscheck
20260831-2283b3cc15dd0fb65292-01,2026-08-31,手机,device,vivo,Y系列,y36t,,,开机靓好,175,元/台,,image,vivo.jpg,数码网报价单-0831更新/手机相关/vivo.jpg,1,0.98,visual_legacy_crosscheck
20260831-9a8279b5aa9cf41780e3-01,2026-08-31,手机,device,vivo,Y系列,y36t,,,开机屏好碎壳,175,元/台,,image,vivo.jpg,数码网报价单-0831更新/手机相关/vivo.jpg,1,0.98,visual_legacy_crosscheck
20260831-71f626325fccc5876525-01,2026-08-31,手机,device,vivo,Y系列,y36t,,,开机屏坏/外碎,175,元/台,,image,vivo.jpg,数码网报价单-0831更新/手机相关/vivo.jpg,1,0.98,visual_legacy_crosscheck
20260831-640706229ad75481b8d4-01,2026-08-31,手机,device,vivo,Y系列,y36t,,,开机屏坏,175,元/台,,image,vivo.jpg,数码网报价单-0831更新/手机相关/vivo.jpg,1,0.98,visual_legacy_crosscheck
20260831-c8b54d3631ec521b5c70-01,2026-08-31,手机,device,vivo,Y系列,y36t,,,不开机,175,元/台,,image,vivo.jpg,数码网报价单-0831更新/手机相关/vivo.jpg,1,0.98,visual_legacy_crosscheck
20260831-10e52672e2cf0e739cba-01,2026-08-31,手机,device,vivo,Y系列,y36t,,,深板·整机,175,元/台,,image,vivo.jpg,数码网报价单-0831更新/手机相关/vivo.jpg,1,0.98,visual_legacy_crosscheck
20260831-eedaffab91dedcf063de-01,2026-08-31,手机,device,vivo,Y系列,y37,,,开机靓好,175,元/台,,image,vivo.jpg,数码网报价单-0831更新/手机相关/vivo.jpg,1,0.98,visual_legacy_crosscheck
20260831-676a86a1ae7790878ec7-01,2026-08-31,手机,device,vivo,Y系列,y37,,,开机屏好碎壳,175,元/台,,image,vivo.jpg,数码网报价单-0831更新/手机相关/vivo.jpg,1,0.98,visual_legacy_crosscheck
20260831-cac486f3c8f75ed1d3a2-01,2026-08-31,手机,device,vivo,Y系列,y37,,,开机屏坏/外碎,175,元/台,,image,vivo.jpg,数码网报价单-0831更新/手机相关/vivo.jpg,1,0.98,visual_legacy_crosscheck
20260831-f6ea869f57eb2d71a460-01,2026-08-31,手机,device,vivo,Y系列,y37,,,开机屏坏,175,元/台,,image,vivo.jpg,数码网报价单-0831更新/手机相关/vivo.jpg,1,0.98,visual_legacy_crosscheck
20260831-a030f039486f33f9b4d1-01,2026-08-31,手机,device,vivo,Y系列,y37,,,不开机,175,元/台,,image,vivo.jpg,数码网报价单-0831更新/手机相关/vivo.jpg,1,0.98,visual_legacy_crosscheck
20260831-f23399b54360916c4408-01,2026-08-31,手机,device,vivo,Y系列,y37,,,深板·整机,175,元/台,,image,vivo.jpg,数码网报价单-0831更新/手机相关/vivo.jpg,1,0.98,visual_legacy_crosscheck
20260831-a69b7c10d51d12168804-01,2026-08-31,手机,device,vivo,Y系列,y37c,,,开机靓好,175,元/台,,image,vivo.jpg,数码网报价单-0831更新/手机相关/vivo.jpg,1,0.98,visual_legacy_crosscheck
20260831-6fc3b214237bfe6d2f92-01,2026-08-31,手机,device,vivo,Y系列,y37c,,,开机屏好碎壳,175,元/台,,image,vivo.jpg,数码网报价单-0831更新/手机相关/vivo.jpg,1,0.98,visual_legacy_crosscheck
20260831-6dead63784a2bdb00298-01,2026-08-31,手机,device,vivo,Y系列,y37c,,,开机屏坏/外碎,175,元/台,,image,vivo.jpg,数码网报价单-0831更新/手机相关/vivo.jpg,1,0.98,visual_legacy_crosscheck
20260831-2f39dd5b0f725af3fb85-01,2026-08-31,手机,device,vivo,Y系列,y37c,,,开机屏坏,175,元/台,,image,vivo.jpg,数码网报价单-0831更新/手机相关/vivo.jpg,1,0.98,visual_legacy_crosscheck
20260831-92170d10f942c822fdbb-01,2026-08-31,手机,device,vivo,Y系列,y37c,,,不开机,175,元/台,,image,vivo.jpg,数码网报价单-0831更新/手机相关/vivo.jpg,1,0.98,visual_legacy_crosscheck
20260831-e59640e5fbbf0bc44450-01,2026-08-31,手机,device,vivo,Y系列,y37c,,,深板·整机,175,元/台,,image,vivo.jpg,数码网报价单-0831更新/手机相关/vivo.jpg,1,0.98,visual_legacy_crosscheck
20260831-9637d992bdc64300223a-01,2026-08-31,手机,device,vivo,Y系列,y37t,,,开机靓好,175,元/台,,image,vivo.jpg,数码网报价单-0831更新/手机相关/vivo.jpg,1,0.98,visual_legacy_crosscheck
20260831-03b2e7d745816f63c989-01,2026-08-31,手机,device,vivo,Y系列,y37t,,,开机屏好碎壳,175,元/台,,image,vivo.jpg,数码网报价单-0831更新/手机相关/vivo.jpg,1,0.98,visual_legacy_crosscheck
20260831-8849c5dc00fe33974a8f-01,2026-08-31,手机,device,vivo,Y系列,y37t,,,开机屏坏/外碎,175,元/台,,image,vivo.jpg,数码网报价单-0831更新/手机相关/vivo.jpg,1,0.98,visual_legacy_crosscheck
20260831-9ab3c99bb42cc8226e1a-01,2026-08-31,手机,device,vivo,Y系列,y37t,,,开机屏坏,175,元/台,,image,vivo.jpg,数码网报价单-0831更新/手机相关/vivo.jpg,1,0.98,visual_legacy_crosscheck
20260831-94ebd8dc9f702004e6cd-01,2026-08-31,手机,device,vivo,Y系列,y37t,,,不开机,175,元/台,,image,vivo.jpg,数码网报价单-0831更新/手机相关/vivo.jpg,1,0.98,visual_legacy_crosscheck
20260831-5af2e06f30e40685fa87-01,2026-08-31,手机,device,vivo,Y系列,y37t,,,深板·整机,175,元/台,,image,vivo.jpg,数码网报价单-0831更新/手机相关/vivo.jpg,1,0.98,visual_legacy_crosscheck
20260831-5696933b3bc32f619e34-01,2026-08-31,手机,device,vivo,Y系列,Y36m,,,开机靓好,175,元/台,,image,vivo.jpg,数码网报价单-0831更新/手机相关/vivo.jpg,1,0.98,visual_legacy_crosscheck
20260831-2779b0e4672a2dbeffc9-01,2026-08-31,手机,device,vivo,Y系列,Y36m,,,开机屏好碎壳,175,元/台,,image,vivo.jpg,数码网报价单-0831更新/手机相关/vivo.jpg,1,0.98,visual_legacy_crosscheck
20260831-e8ecad9f90cd80a4386d-01,2026-08-31,手机,device,vivo,Y系列,Y36m,,,开机屏坏/外碎,175,元/台,,image,vivo.jpg,数码网报价单-0831更新/手机相关/vivo.jpg,1,0.98,visual_legacy_crosscheck
20260831-ff6bab4b2859eeefc44a-01,2026-08-31,手机,device,vivo,Y系列,Y36m,,,开机屏坏,175,元/台,,image,vivo.jpg,数码网报价单-0831更新/手机相关/vivo.jpg,1,0.98,visual_legacy_crosscheck
20260831-56f971f0db673683defc-01,2026-08-31,手机,device,vivo,Y系列,Y36m,,,不开机,175,元/台,,image,vivo.jpg,数码网报价单-0831更新/手机相关/vivo.jpg,1,0.98,visual_legacy_crosscheck
20260831-3d5ba6b9b946f87bfb80-01,2026-08-31,手机,device,vivo,Y系列,Y36m,,,深板·整机,175,元/台,,image,vivo.jpg,数码网报价单-0831更新/手机相关/vivo.jpg,1,0.98,visual_legacy_crosscheck
20260831-977d9146d52cbc9c881c-01,2026-08-31,手机,device,vivo,Y系列,Y36c,,,开机靓好,175,元/台,,image,vivo.jpg,数码网报价单-0831更新/手机相关/vivo.jpg,1,0.98,visual_legacy_crosscheck
20260831-d281df61e96c100d2c65-01,2026-08-31,手机,device,vivo,Y系列,Y36c,,,开机屏好碎壳,175,元/台,,image,vivo.jpg,数码网报价单-0831更新/手机相关/vivo.jpg,1,0.98,visual_legacy_crosscheck
20260831-802d448bd8809c5f692a-01,2026-08-31,手机,device,vivo,Y系列,Y36c,,,开机屏坏/外碎,175,元/台,,image,vivo.jpg,数码网报价单-0831更新/手机相关/vivo.jpg,1,0.98,visual_legacy_crosscheck
20260831-6e03e359f8d351666c7d-01,2026-08-31,手机,device,vivo,Y系列,Y36c,,,开机屏坏,175,元/台,,image,vivo.jpg,数码网报价单-0831更新/手机相关/vivo.jpg,1,0.98,visual_legacy_crosscheck
20260831-001db554c3ca622764df-01,2026-08-31,手机,device,vivo,Y系列,Y36c,,,不开机,175,元/台,,image,vivo.jpg,数码网报价单-0831更新/手机相关/vivo.jpg,1,0.98,visual_legacy_crosscheck
20260831-7dfa9bbc959222c35557-01,2026-08-31,手机,device,vivo,Y系列,Y36c,,,深板·整机,175,元/台,,image,vivo.jpg,数码网报价单-0831更新/手机相关/vivo.jpg,1,0.98,visual_legacy_crosscheck
20260831-f101520b8ee86d4c3cb4-01,2026-08-31,手机,device,vivo,Y系列,Y36i,,,开机靓好,175,元/台,,image,vivo.jpg,数码网报价单-0831更新/手机相关/vivo.jpg,1,0.98,visual_legacy_crosscheck
20260831-094e267d571c13be0771-01,2026-08-31,手机,device,vivo,Y系列,Y36i,,,开机屏好碎壳,175,元/台,,image,vivo.jpg,数码网报价单-0831更新/手机相关/vivo.jpg,1,0.98,visual_legacy_crosscheck
20260831-882773f86b349e97ef83-01,2026-08-31,手机,device,vivo,Y系列,Y36i,,,开机屏坏/外碎,175,元/台,,image,vivo.jpg,数码网报价单-0831更新/手机相关/vivo.jpg,1,0.98,visual_legacy_crosscheck
20260831-2acc08c601eb4154a3bd-01,2026-08-31,手机,device,vivo,Y系列,Y36i,,,开机屏坏,175,元/台,,image,vivo.jpg,数码网报价单-0831更新/手机相关/vivo.jpg,1,0.98,visual_legacy_crosscheck
20260831-e3b6a03911887fb9c530-01,2026-08-31,手机,device,vivo,Y系列,Y36i,,,不开机,175,元/台,,image,vivo.jpg,数码网报价单-0831更新/手机相关/vivo.jpg,1,0.98,visual_legacy_crosscheck
20260831-1e2e1d076e3a2d9414dc-01,2026-08-31,手机,device,vivo,Y系列,Y36i,,,深板·整机,175,元/台,,image,vivo.jpg,数码网报价单-0831更新/手机相关/vivo.jpg,1,0.98,visual_legacy_crosscheck
20260831-489b8ae88030721ecb58-01,2026-08-31,手机,device,vivo,Y系列,Y36,,,开机靓好,175,元/台,,image,vivo.jpg,数码网报价单-0831更新/手机相关/vivo.jpg,1,0.98,visual_legacy_crosscheck
20260831-d2418b9c1193d69ba766-01,2026-08-31,手机,device,vivo,Y系列,Y36,,,开机屏好碎壳,175,元/台,,image,vivo.jpg,数码网报价单-0831更新/手机相关/vivo.jpg,1,0.98,visual_legacy_crosscheck
20260831-1d946342f56e5a6fe987-01,2026-08-31,手机,device,vivo,Y系列,Y36,,,开机屏坏/外碎,175,元/台,,image,vivo.jpg,数码网报价单-0831更新/手机相关/vivo.jpg,1,0.98,visual_legacy_crosscheck
20260831-526497541351eca02025-01,2026-08-31,手机,device,vivo,Y系列,Y36,,,开机屏坏,175,元/台,,image,vivo.jpg,数码网报价单-0831更新/手机相关/vivo.jpg,1,0.98,visual_legacy_crosscheck
20260831-4aa4c0e0dae9ee3f6420-01,2026-08-31,手机,device,vivo,Y系列,Y36,,,不开机,175,元/台,,image,vivo.jpg,数码网报价单-0831更新/手机相关/vivo.jpg,1,0.98,visual_legacy_crosscheck
20260831-e93a37087f7f69a02792-01,2026-08-31,手机,device,vivo,Y系列,Y36,,,深板·整机,175,元/台,,image,vivo.jpg,数码网报价单-0831更新/手机相关/vivo.jpg,1,0.98,visual_legacy_crosscheck
20260831-dd6875cc645680c660e0-01,2026-08-31,手机,device,vivo,Y系列,Y35m+,,,开机靓好,180,元/台,,image,vivo.jpg,数码网报价单-0831更新/手机相关/vivo.jpg,1,0.98,visual_legacy_crosscheck
20260831-59e6bf8f010631c46737-01,2026-08-31,手机,device,vivo,Y系列,Y35m+,,,开机屏好碎壳,180,元/台,,image,vivo.jpg,数码网报价单-0831更新/手机相关/vivo.jpg,1,0.98,visual_legacy_crosscheck
20260831-4823aa772df92e910074-01,2026-08-31,手机,device,vivo,Y系列,Y35m+,,,开机屏坏/外碎,180,元/台,,image,vivo.jpg,数码网报价单-0831更新/手机相关/vivo.jpg,1,0.98,visual_legacy_crosscheck
20260831-f3f4d82cd3c7b3bd768d-01,2026-08-31,手机,device,vivo,Y系列,Y35m+,,,开机屏坏,180,元/台,,image,vivo.jpg,数码网报价单-0831更新/手机相关/vivo.jpg,1,0.98,visual_legacy_crosscheck
20260831-36dfa725b3f8ac6acf15-01,2026-08-31,手机,device,vivo,Y系列,Y35m+,,,不开机,180,元/台,,image,vivo.jpg,数码网报价单-0831更新/手机相关/vivo.jpg,1,0.98,visual_legacy_crosscheck
20260831-32053841f87dba3fec99-01,2026-08-31,手机,device,vivo,Y系列,Y35m+,,,深板·整机,180,元/台,,image,vivo.jpg,数码网报价单-0831更新/手机相关/vivo.jpg,1,0.98,visual_legacy_crosscheck
20260831-54b6598121a30dd0647e-01,2026-08-31,手机,device,vivo,Y系列,Y35+ (8+128),,,开机靓好,175,元/台,,image,vivo.jpg,数码网报价单-0831更新/手机相关/vivo.jpg,1,0.98,visual_legacy_crosscheck
20260831-148f64cc5a4c83d54acb-01,2026-08-31,手机,device,vivo,Y系列,Y35+ (8+128),,,开机屏好碎壳,175,元/台,,image,vivo.jpg,数码网报价单-0831更新/手机相关/vivo.jpg,1,0.98,visual_legacy_crosscheck
20260831-2a21bc8d29a8e3387c77-01,2026-08-31,手机,device,vivo,Y系列,Y35+ (8+128),,,开机屏坏/外碎,175,元/台,,image,vivo.jpg,数码网报价单-0831更新/手机相关/vivo.jpg,1,0.98,visual_legacy_crosscheck
20260831-399b2465f54e6e4230e9-01,2026-08-31,手机,device,vivo,Y系列,Y35+ (8+128),,,开机屏坏,175,元/台,,image,vivo.jpg,数码网报价单-0831更新/手机相关/vivo.jpg,1,0.98,visual_legacy_crosscheck
20260831-95e56dd94738f5f55761-01,2026-08-31,手机,device,vivo,Y系列,Y35+ (8+128),,,不开机,175,元/台,,image,vivo.jpg,数码网报价单-0831更新/手机相关/vivo.jpg,1,0.98,visual_legacy_crosscheck
20260831-27adf6a4627a032e57f9-01,2026-08-31,手机,device,vivo,Y系列,Y35+ (8+128),,,深板·整机,175,元/台,,image,vivo.jpg,数码网报价单-0831更新/手机相关/vivo.jpg,1,0.98,visual_legacy_crosscheck
20260831-d08d010f6e0cda4ec355-01,2026-08-31,手机,device,vivo,Y系列,Y35+ (8+256),,,开机靓好,230,元/台,,image,vivo.jpg,数码网报价单-0831更新/手机相关/vivo.jpg,1,0.98,visual_legacy_crosscheck
20260831-d6fbea35a2bb73354227-01,2026-08-31,手机,device,vivo,Y系列,Y35+ (8+256),,,开机屏好碎壳,230,元/台,,image,vivo.jpg,数码网报价单-0831更新/手机相关/vivo.jpg,1,0.98,visual_legacy_crosscheck
20260831-7b90ce15853b40cd2763-01,2026-08-31,手机,device,vivo,Y系列,Y35+ (8+256),,,开机屏坏/外碎,230,元/台,,image,vivo.jpg,数码网报价单-0831更新/手机相关/vivo.jpg,1,0.98,visual_legacy_crosscheck
20260831-237d1ea2e53601b8a8db-01,2026-08-31,手机,device,vivo,Y系列,Y35+ (8+256),,,开机屏坏,230,元/台,,image,vivo.jpg,数码网报价单-0831更新/手机相关/vivo.jpg,1,0.98,visual_legacy_crosscheck
20260831-344e98e4760f9ab1cb59-01,2026-08-31,手机,device,vivo,Y系列,Y35+ (8+256),,,不开机,230,元/台,,image,vivo.jpg,数码网报价单-0831更新/手机相关/vivo.jpg,1,0.98,visual_legacy_crosscheck
20260831-d35d0f161f1c41f3df36-01,2026-08-31,手机,device,vivo,Y系列,Y35+ (8+256),,,深板·整机,230,元/台,,image,vivo.jpg,数码网报价单-0831更新/手机相关/vivo.jpg,1,0.98,visual_legacy_crosscheck
20260831-c26c013b6344db4afd56-01,2026-08-31,手机,device,vivo,Y系列,Y35,,,开机靓好,175,元/台,,image,vivo.jpg,数码网报价单-0831更新/手机相关/vivo.jpg,1,0.98,visual_legacy_crosscheck
20260831-f26f788498d9a5d7c73a-01,2026-08-31,手机,device,vivo,Y系列,Y35,,,开机屏好碎壳,175,元/台,,image,vivo.jpg,数码网报价单-0831更新/手机相关/vivo.jpg,1,0.98,visual_legacy_crosscheck
20260831-5485628182ef28502e18-01,2026-08-31,手机,device,vivo,Y系列,Y35,,,开机屏坏/外碎,175,元/台,,image,vivo.jpg,数码网报价单-0831更新/手机相关/vivo.jpg,1,0.98,visual_legacy_crosscheck
20260831-978c0ef6174f30c10c2e-01,2026-08-31,手机,device,vivo,Y系列,Y35,,,开机屏坏,175,元/台,,image,vivo.jpg,数码网报价单-0831更新/手机相关/vivo.jpg,1,0.98,visual_legacy_crosscheck
20260831-4e07853ed81b0601e96b-01,2026-08-31,手机,device,vivo,Y系列,Y35,,,不开机,175,元/台,,image,vivo.jpg,数码网报价单-0831更新/手机相关/vivo.jpg,1,0.98,visual_legacy_crosscheck
20260831-5e3a989b8797980eccdc-01,2026-08-31,手机,device,vivo,Y系列,Y35,,,深板·整机,175,元/台,,image,vivo.jpg,数码网报价单-0831更新/手机相关/vivo.jpg,1,0.98,visual_legacy_crosscheck
20260831-5b5eb34d19b879d68298-01,2026-08-31,手机,device,vivo,Y系列,Y35m,,,开机靓好,175,元/台,,image,vivo.jpg,数码网报价单-0831更新/手机相关/vivo.jpg,1,0.98,visual_legacy_crosscheck
20260831-5c3b35a27d4921b85547-01,2026-08-31,手机,device,vivo,Y系列,Y35m,,,开机屏好碎壳,175,元/台,,image,vivo.jpg,数码网报价单-0831更新/手机相关/vivo.jpg,1,0.98,visual_legacy_crosscheck
20260831-7f5de5dcbb49cad44660-01,2026-08-31,手机,device,vivo,Y系列,Y35m,,,开机屏坏/外碎,175,元/台,,image,vivo.jpg,数码网报价单-0831更新/手机相关/vivo.jpg,1,0.98,visual_legacy_crosscheck
20260831-e91f70372ebab1e5ed69-01,2026-08-31,手机,device,vivo,Y系列,Y35m,,,开机屏坏,175,元/台,,image,vivo.jpg,数码网报价单-0831更新/手机相关/vivo.jpg,1,0.98,visual_legacy_crosscheck
20260831-0bd098032dcd7f55f159-01,2026-08-31,手机,device,vivo,Y系列,Y35m,,,不开机,175,元/台,,image,vivo.jpg,数码网报价单-0831更新/手机相关/vivo.jpg,1,0.98,visual_legacy_crosscheck
20260831-c9dabafc166569949d9f-01,2026-08-31,手机,device,vivo,Y系列,Y35m,,,深板·整机,175,元/台,,image,vivo.jpg,数码网报价单-0831更新/手机相关/vivo.jpg,1,0.98,visual_legacy_crosscheck
20260831-3760bdd9ba153f066e6a-01,2026-08-31,手机,device,vivo,Y系列,y33t,,,开机靓好,90,元/台,,image,vivo.jpg,数码网报价单-0831更新/手机相关/vivo.jpg,1,0.98,visual_legacy_crosscheck
20260831-332f50f9ab0fcee4ff3a-01,2026-08-31,手机,device,vivo,Y系列,y33t,,,开机屏好碎壳,90,元/台,,image,vivo.jpg,数码网报价单-0831更新/手机相关/vivo.jpg,1,0.98,visual_legacy_crosscheck
20260831-73d45782bfa18c03d116-01,2026-08-31,手机,device,vivo,Y系列,y33t,,,开机屏坏/外碎,90,元/台,,image,vivo.jpg,数码网报价单-0831更新/手机相关/vivo.jpg,1,0.98,visual_legacy_crosscheck
20260831-4960bcaccd40dab94399-01,2026-08-31,手机,device,vivo,Y系列,y33t,,,开机屏坏,90,元/台,,image,vivo.jpg,数码网报价单-0831更新/手机相关/vivo.jpg,1,0.98,visual_legacy_crosscheck
20260831-c260594e252a32fd68d2-01,2026-08-31,手机,device,vivo,Y系列,y33t,,,不开机,75,元/台,,image,vivo.jpg,数码网报价单-0831更新/手机相关/vivo.jpg,1,0.98,visual_legacy_crosscheck
20260831-21fe83ff7d1ae67db17a-01,2026-08-31,手机,device,vivo,Y系列,y33t,,,深板·整机,75,元/台,,image,vivo.jpg,数码网报价单-0831更新/手机相关/vivo.jpg,1,0.98,visual_legacy_crosscheck
20260831-f24a79f9cd67d7012469-01,2026-08-31,手机,device,vivo,Y系列,Y33E,,,开机靓好,175,元/台,,image,vivo.jpg,数码网报价单-0831更新/手机相关/vivo.jpg,1,0.98,visual_legacy_crosscheck
20260831-7dce96c34dd02011c240-01,2026-08-31,手机,device,vivo,Y系列,Y33E,,,开机屏好碎壳,175,元/台,,image,vivo.jpg,数码网报价单-0831更新/手机相关/vivo.jpg,1,0.98,visual_legacy_crosscheck
20260831-ce2caf0c08d931df4489-01,2026-08-31,手机,device,vivo,Y系列,Y33E,,,开机屏坏/外碎,175,元/台,,image,vivo.jpg,数码网报价单-0831更新/手机相关/vivo.jpg,1,0.98,visual_legacy_crosscheck
20260831-a8f3eea1befd55539d87-01,2026-08-31,手机,device,vivo,Y系列,Y33E,,,开机屏坏,175,元/台,,image,vivo.jpg,数码网报价单-0831更新/手机相关/vivo.jpg,1,0.98,visual_legacy_crosscheck
20260831-87eb45d10d276b766fe7-01,2026-08-31,手机,device,vivo,Y系列,Y33E,,,不开机,175,元/台,,image,vivo.jpg,数码网报价单-0831更新/手机相关/vivo.jpg,1,0.98,visual_legacy_crosscheck
20260831-f40e9b75809c5b56026e-01,2026-08-31,手机,device,vivo,Y系列,Y33E,,,深板·整机,175,元/台,,image,vivo.jpg,数码网报价单-0831更新/手机相关/vivo.jpg,1,0.98,visual_legacy_crosscheck
20260831-bd694cfe42c39cacd493-01,2026-08-31,手机,device,vivo,Y系列,Y33s,,,开机靓好,175,元/台,,image,vivo.jpg,数码网报价单-0831更新/手机相关/vivo.jpg,1,0.98,visual_legacy_crosscheck
20260831-90f066e30012b59ac660-01,2026-08-31,手机,device,vivo,Y系列,Y33s,,,开机屏好碎壳,175,元/台,,image,vivo.jpg,数码网报价单-0831更新/手机相关/vivo.jpg,1,0.98,visual_legacy_crosscheck
20260831-647d63224ce0e49b27d0-01,2026-08-31,手机,device,vivo,Y系列,Y33s,,,开机屏坏/外碎,175,元/台,,image,vivo.jpg,数码网报价单-0831更新/手机相关/vivo.jpg,1,0.98,visual_legacy_crosscheck
20260831-808aa2cd4bb60f3742e8-01,2026-08-31,手机,device,vivo,Y系列,Y33s,,,开机屏坏,175,元/台,,image,vivo.jpg,数码网报价单-0831更新/手机相关/vivo.jpg,1,0.98,visual_legacy_crosscheck
20260831-e0e4f39041c5c3adaf69-01,2026-08-31,手机,device,vivo,Y系列,Y33s,,,不开机,175,元/台,,image,vivo.jpg,数码网报价单-0831更新/手机相关/vivo.jpg,1,0.98,visual_legacy_crosscheck
20260831-b260c3048c6030511aa8-01,2026-08-31,手机,device,vivo,Y系列,Y33s,,,深板·整机,175,元/台,,image,vivo.jpg,数码网报价单-0831更新/手机相关/vivo.jpg,1,0.98,visual_legacy_crosscheck
20260831-ca3df8681351b244781c-01,2026-08-31,手机,device,vivo,Y系列,Y32T,,,开机靓好,170,元/台,,image,vivo.jpg,数码网报价单-0831更新/手机相关/vivo.jpg,1,0.98,visual_legacy_crosscheck
20260831-d14dc943779d422fd5f6-01,2026-08-31,手机,device,vivo,Y系列,Y32T,,,开机屏好碎壳,170,元/台,,image,vivo.jpg,数码网报价单-0831更新/手机相关/vivo.jpg,1,0.98,visual_legacy_crosscheck
20260831-a7615d82b79ab76a0a82-01,2026-08-31,手机,device,vivo,Y系列,Y32T,,,开机屏坏/外碎,170,元/台,,image,vivo.jpg,数码网报价单-0831更新/手机相关/vivo.jpg,1,0.98,visual_legacy_crosscheck
20260831-79415834ca6b6cac99df-01,2026-08-31,手机,device,vivo,Y系列,Y32T,,,开机屏坏,170,元/台,,image,vivo.jpg,数码网报价单-0831更新/手机相关/vivo.jpg,1,0.98,visual_legacy_crosscheck
20260831-cdf73c3b1d448d33e8f8-01,2026-08-31,手机,device,vivo,Y系列,Y32T,,,不开机,170,元/台,,image,vivo.jpg,数码网报价单-0831更新/手机相关/vivo.jpg,1,0.98,visual_legacy_crosscheck
20260831-ec6e914d3294fe2fc032-01,2026-08-31,手机,device,vivo,Y系列,Y32T,,,深板·整机,170,元/台,,image,vivo.jpg,数码网报价单-0831更新/手机相关/vivo.jpg,1,0.98,visual_legacy_crosscheck
20260831-a718e0ff694a06c2f2bd-01,2026-08-31,手机,device,vivo,Y系列,Y32,,,开机靓好,170,元/台,详见备注一,image,vivo.jpg,数码网报价单-0831更新/手机相关/vivo.jpg,1,0.98,visual_legacy_crosscheck
20260831-7182b81e83cf997c5cf8-01,2026-08-31,手机,device,vivo,Y系列,Y32,,,开机屏好碎壳,170,元/台,详见备注一,image,vivo.jpg,数码网报价单-0831更新/手机相关/vivo.jpg,1,0.98,visual_legacy_crosscheck
20260831-2ac3532d7fef39a665fc-01,2026-08-31,手机,device,vivo,Y系列,Y32,,,开机屏坏/外碎,170,元/台,详见备注一,image,vivo.jpg,数码网报价单-0831更新/手机相关/vivo.jpg,1,0.98,visual_legacy_crosscheck
20260831-ca7407ffffdd72cc69e4-01,2026-08-31,手机,device,vivo,Y系列,Y32,,,开机屏坏,170,元/台,详见备注一,image,vivo.jpg,数码网报价单-0831更新/手机相关/vivo.jpg,1,0.98,visual_legacy_crosscheck
20260831-4a7d119fd76272190988-01,2026-08-31,手机,device,vivo,Y系列,Y32,,,不开机,170,元/台,详见备注一,image,vivo.jpg,数码网报价单-0831更新/手机相关/vivo.jpg,1,0.98,visual_legacy_crosscheck
20260831-914210d03c9f4174b35d-01,2026-08-31,手机,device,vivo,Y系列,Y32,,,深板·整机,170,元/台,详见备注一,image,vivo.jpg,数码网报价单-0831更新/手机相关/vivo.jpg,1,0.98,visual_legacy_crosscheck
20260831-d6c6468c8c68d4e30f01-01,2026-08-31,手机,device,vivo,Y系列,y31s(t1),,,开机靓好,80,元/台,,image,vivo.jpg,数码网报价单-0831更新/手机相关/vivo.jpg,1,0.98,visual_legacy_crosscheck
20260831-ecff1a470d7070838c2e-01,2026-08-31,手机,device,vivo,Y系列,y31s(t1),,,开机屏好碎壳,80,元/台,,image,vivo.jpg,数码网报价单-0831更新/手机相关/vivo.jpg,1,0.98,visual_legacy_crosscheck
20260831-33429da34a1942abb538-01,2026-08-31,手机,device,vivo,Y系列,y31s(t1),,,开机屏坏/外碎,80,元/台,,image,vivo.jpg,数码网报价单-0831更新/手机相关/vivo.jpg,1,0.98,visual_legacy_crosscheck
20260831-9b01d1be082caa17a6b8-01,2026-08-31,手机,device,vivo,Y系列,y31s(t1),,,开机屏坏,80,元/台,,image,vivo.jpg,数码网报价单-0831更新/手机相关/vivo.jpg,1,0.98,visual_legacy_crosscheck
20260831-5f83ad23899c33939958-01,2026-08-31,手机,device,vivo,Y系列,y31s(t1),,,不开机,80,元/台,,image,vivo.jpg,数码网报价单-0831更新/手机相关/vivo.jpg,1,0.98,visual_legacy_crosscheck
20260831-a948ed9442e7057eebe4-01,2026-08-31,手机,device,vivo,Y系列,y31s(t1),,,深板·整机,80,元/台,,image,vivo.jpg,数码网报价单-0831更新/手机相关/vivo.jpg,1,0.98,visual_legacy_crosscheck
20260831-6e243ece40fc6fe26e77-01,2026-08-31,手机,device,vivo,Y系列,Y31s,,,开机靓好,175,元/台,详见备注一,image,vivo.jpg,数码网报价单-0831更新/手机相关/vivo.jpg,1,0.98,visual_legacy_crosscheck
20260831-93a4d7f38b8c2b3d8080-01,2026-08-31,手机,device,vivo,Y系列,Y31s,,,开机屏好碎壳,175,元/台,详见备注一,image,vivo.jpg,数码网报价单-0831更新/手机相关/vivo.jpg,1,0.98,visual_legacy_crosscheck
20260831-4f0e2f87c77cced7bfb9-01,2026-08-31,手机,device,vivo,Y系列,Y31s,,,开机屏坏/外碎,175,元/台,详见备注一,image,vivo.jpg,数码网报价单-0831更新/手机相关/vivo.jpg,1,0.98,visual_legacy_crosscheck
20260831-70e79b503f41d162126f-01,2026-08-31,手机,device,vivo,Y系列,Y31s,,,开机屏坏,175,元/台,详见备注一,image,vivo.jpg,数码网报价单-0831更新/手机相关/vivo.jpg,1,0.98,visual_legacy_crosscheck
20260831-6ef55230c1fec9a49a08-01,2026-08-31,手机,device,vivo,Y系列,Y31s,,,不开机,175,元/台,详见备注一,image,vivo.jpg,数码网报价单-0831更新/手机相关/vivo.jpg,1,0.98,visual_legacy_crosscheck
20260831-520ff730b3fb27431121-01,2026-08-31,手机,device,vivo,Y系列,Y31s,,,深板·整机,175,元/台,详见备注一,image,vivo.jpg,数码网报价单-0831更新/手机相关/vivo.jpg,1,0.98,visual_legacy_crosscheck
20260831-79d7d53759670e5fee61-01,2026-08-31,手机,device,vivo,Y系列,Y30标准版(低配版本),,,开机靓好,175,元/台,,image,vivo.jpg,数码网报价单-0831更新/手机相关/vivo.jpg,1,0.98,visual_legacy_crosscheck
20260831-1546eb762b0a9364dc51-01,2026-08-31,手机,device,vivo,Y系列,Y30标准版(低配版本),,,开机屏好碎壳,175,元/台,,image,vivo.jpg,数码网报价单-0831更新/手机相关/vivo.jpg,1,0.98,visual_legacy_crosscheck
20260831-a5af7c50b76a45621190-01,2026-08-31,手机,device,vivo,Y系列,Y30标准版(低配版本),,,开机屏坏/外碎,175,元/台,,image,vivo.jpg,数码网报价单-0831更新/手机相关/vivo.jpg,1,0.98,visual_legacy_crosscheck
20260831-29583f9760740ab11959-01,2026-08-31,手机,device,vivo,Y系列,Y30标准版(低配版本),,,开机屏坏,175,元/台,,image,vivo.jpg,数码网报价单-0831更新/手机相关/vivo.jpg,1,0.98,visual_legacy_crosscheck
20260831-8e8b4803f58da1fbf14a-01,2026-08-31,手机,device,vivo,Y系列,Y30标准版(低配版本),,,不开机,175,元/台,,image,vivo.jpg,数码网报价单-0831更新/手机相关/vivo.jpg,1,0.98,visual_legacy_crosscheck
20260831-61fdba0b228cd44af1f1-01,2026-08-31,手机,device,vivo,Y系列,Y30标准版(低配版本),,,深板·整机,175,元/台,,image,vivo.jpg,数码网报价单-0831更新/手机相关/vivo.jpg,1,0.98,visual_legacy_crosscheck
20260831-38c80077936578d10a27-01,2026-08-31,手机,device,vivo,Y系列,Y30双摄,,,开机靓好,180,元/台,详见备注一,image,vivo.jpg,数码网报价单-0831更新/手机相关/vivo.jpg,1,0.98,visual_legacy_crosscheck
20260831-f9582e0da038623fd28b-01,2026-08-31,手机,device,vivo,Y系列,Y30双摄,,,开机屏好碎壳,180,元/台,详见备注一,image,vivo.jpg,数码网报价单-0831更新/手机相关/vivo.jpg,1,0.98,visual_legacy_crosscheck
20260831-e007eef53430a8b0b350-01,2026-08-31,手机,device,vivo,Y系列,Y30双摄,,,开机屏坏/外碎,180,元/台,详见备注一,image,vivo.jpg,数码网报价单-0831更新/手机相关/vivo.jpg,1,0.98,visual_legacy_crosscheck
20260831-b89797dbffd30f258471-01,2026-08-31,手机,device,vivo,Y系列,Y30双摄,,,开机屏坏,180,元/台,详见备注一,image,vivo.jpg,数码网报价单-0831更新/手机相关/vivo.jpg,1,0.98,visual_legacy_crosscheck
20260831-0910b72e3ea003b166ea-01,2026-08-31,手机,device,vivo,Y系列,Y30双摄,,,不开机,180,元/台,详见备注一,image,vivo.jpg,数码网报价单-0831更新/手机相关/vivo.jpg,1,0.98,visual_legacy_crosscheck
20260831-e9d6458ff3cc0e25bef7-01,2026-08-31,手机,device,vivo,Y系列,Y30双摄,,,深板·整机,180,元/台,详见备注一,image,vivo.jpg,数码网报价单-0831更新/手机相关/vivo.jpg,1,0.98,visual_legacy_crosscheck
20260831-60a8e9846bfec5c5eb6f-01,2026-08-31,手机,device,vivo,Y系列,Y30三摄,,,开机靓好,175,元/台,详见备注一,image,vivo.jpg,数码网报价单-0831更新/手机相关/vivo.jpg,1,0.98,visual_legacy_crosscheck
20260831-a0088472c53a8cbf3402-01,2026-08-31,手机,device,vivo,Y系列,Y30三摄,,,开机屏好碎壳,175,元/台,详见备注一,image,vivo.jpg,数码网报价单-0831更新/手机相关/vivo.jpg,1,0.98,visual_legacy_crosscheck
20260831-c4a358cb8d891cd73852-01,2026-08-31,手机,device,vivo,Y系列,Y30三摄,,,开机屏坏/外碎,175,元/台,详见备注一,image,vivo.jpg,数码网报价单-0831更新/手机相关/vivo.jpg,1,0.98,visual_legacy_crosscheck
20260831-2c2468ed1737807acb33-01,2026-08-31,手机,device,vivo,Y系列,Y30三摄,,,开机屏坏,175,元/台,详见备注一,image,vivo.jpg,数码网报价单-0831更新/手机相关/vivo.jpg,1,0.98,visual_legacy_crosscheck
20260831-46b45abfc638798855df-01,2026-08-31,手机,device,vivo,Y系列,Y30三摄,,,不开机,175,元/台,详见备注一,image,vivo.jpg,数码网报价单-0831更新/手机相关/vivo.jpg,1,0.98,visual_legacy_crosscheck
20260831-2d8ef3ad6c25a4bdc95f-01,2026-08-31,手机,device,vivo,Y系列,Y30三摄,,,深板·整机,175,元/台,详见备注一,image,vivo.jpg,数码网报价单-0831更新/手机相关/vivo.jpg,1,0.98,visual_legacy_crosscheck
20260831-5cd1df853f7c9398585a-01,2026-08-31,手机,device,vivo,Y系列,Y3 (4+128),,,开机靓好,180,元/台,,image,vivo.jpg,数码网报价单-0831更新/手机相关/vivo.jpg,1,0.98,visual_legacy_crosscheck
20260831-52a07b20b6b3ac1e27b4-01,2026-08-31,手机,device,vivo,Y系列,Y3 (4+128),,,开机屏好碎壳,180,元/台,,image,vivo.jpg,数码网报价单-0831更新/手机相关/vivo.jpg,1,0.98,visual_legacy_crosscheck
20260831-10eb9c8277cb4abb9931-01,2026-08-31,手机,device,vivo,Y系列,Y3 (4+128),,,开机屏坏/外碎,180,元/台,,image,vivo.jpg,数码网报价单-0831更新/手机相关/vivo.jpg,1,0.98,visual_legacy_crosscheck
20260831-ed0825c24fbce3bb6909-01,2026-08-31,手机,device,vivo,Y系列,Y3 (4+128),,,开机屏坏,180,元/台,,image,vivo.jpg,数码网报价单-0831更新/手机相关/vivo.jpg,1,0.98,visual_legacy_crosscheck
20260831-a92cef41b3834b0bc1d1-01,2026-08-31,手机,device,vivo,Y系列,Y3 (4+128),,,不开机,180,元/台,,image,vivo.jpg,数码网报价单-0831更新/手机相关/vivo.jpg,1,0.98,visual_legacy_crosscheck
20260831-76f8f691ee7a4169848a-01,2026-08-31,手机,device,vivo,Y系列,Y3 (4+128),,,深板·整机,180,元/台,,image,vivo.jpg,数码网报价单-0831更新/手机相关/vivo.jpg,1,0.98,visual_legacy_crosscheck
20260831-5c6eb327c23a9d5d7fc9-01,2026-08-31,手机,device,vivo,Y系列,Y3 (4+64),,,开机靓好,180,元/台,,image,vivo.jpg,数码网报价单-0831更新/手机相关/vivo.jpg,1,0.98,visual_legacy_crosscheck
20260831-f01ec61a4e9fe09518ed-01,2026-08-31,手机,device,vivo,Y系列,Y3 (4+64),,,开机屏好碎壳,180,元/台,,image,vivo.jpg,数码网报价单-0831更新/手机相关/vivo.jpg,1,0.98,visual_legacy_crosscheck
20260831-58a7717a0e4ebd610f49-01,2026-08-31,手机,device,vivo,Y系列,Y3 (4+64),,,开机屏坏/外碎,180,元/台,,image,vivo.jpg,数码网报价单-0831更新/手机相关/vivo.jpg,1,0.98,visual_legacy_crosscheck
20260831-29d25d531d302f49dfb7-01,2026-08-31,手机,device,vivo,Y系列,Y3 (4+64),,,开机屏坏,180,元/台,,image,vivo.jpg,数码网报价单-0831更新/手机相关/vivo.jpg,1,0.98,visual_legacy_crosscheck
20260831-2e16411576189e243489-01,2026-08-31,手机,device,vivo,Y系列,Y3 (4+64),,,不开机,180,元/台,,image,vivo.jpg,数码网报价单-0831更新/手机相关/vivo.jpg,1,0.98,visual_legacy_crosscheck
20260831-2c8fe6f8437819142823-01,2026-08-31,手机,device,vivo,Y系列,Y3 (4+64),,,深板·整机,180,元/台,,image,vivo.jpg,数码网报价单-0831更新/手机相关/vivo.jpg,1,0.98,visual_legacy_crosscheck
20260831-0d39e5b0b2f106f46349-01,2026-08-31,手机,device,vivo,Y系列,Y3s,,,开机靓好,180,元/台,详见备注二,image,vivo.jpg,数码网报价单-0831更新/手机相关/vivo.jpg,1,0.98,visual_legacy_crosscheck
20260831-900e40723c143b68b097-01,2026-08-31,手机,device,vivo,Y系列,Y3s,,,开机屏好碎壳,180,元/台,详见备注二,image,vivo.jpg,数码网报价单-0831更新/手机相关/vivo.jpg,1,0.98,visual_legacy_crosscheck
20260831-6413267f5123fd18a30a-01,2026-08-31,手机,device,vivo,Y系列,Y3s,,,开机屏坏/外碎,180,元/台,详见备注二,image,vivo.jpg,数码网报价单-0831更新/手机相关/vivo.jpg,1,0.98,visual_legacy_crosscheck
20260831-feabe0841dbdd5350b9f-01,2026-08-31,手机,device,vivo,Y系列,Y3s,,,开机屏坏,180,元/台,详见备注二,image,vivo.jpg,数码网报价单-0831更新/手机相关/vivo.jpg,1,0.98,visual_legacy_crosscheck
20260831-949dffdcd7cbef1d10c9-01,2026-08-31,手机,device,vivo,Y系列,Y3s,,,不开机,180,元/台,详见备注二,image,vivo.jpg,数码网报价单-0831更新/手机相关/vivo.jpg,1,0.98,visual_legacy_crosscheck
20260831-434e19bb47f647efe1d4-01,2026-08-31,手机,device,vivo,Y系列,Y3s,,,深板·整机,180,元/台,详见备注二,image,vivo.jpg,数码网报价单-0831更新/手机相关/vivo.jpg,1,0.98,visual_legacy_crosscheck
20260831-b9f5849efa606536cd60-01,2026-08-31,手机,device,vivo,Y系列,Y3标准版,,,开机靓好,120,元/台,要求靓壳开机,image,vivo.jpg,数码网报价单-0831更新/手机相关/vivo.jpg,1,0.98,visual_legacy_crosscheck
20260831-5ed541a2cccd04851be4-01,2026-08-31,手机,device,vivo,Y系列,Y3标准版,,,开机屏好碎壳,120,元/台,要求靓壳开机,image,vivo.jpg,数码网报价单-0831更新/手机相关/vivo.jpg,1,0.98,visual_legacy_crosscheck
20260831-54b0e70046fe0abb7181-01,2026-08-31,手机,device,vivo,Y系列,Y3标准版,,,开机屏坏/外碎,120,元/台,要求靓壳开机,image,vivo.jpg,数码网报价单-0831更新/手机相关/vivo.jpg,1,0.98,visual_legacy_crosscheck
20260831-451bd27613b54f059510-01,2026-08-31,手机,device,vivo,Y系列,Y3标准版,,,开机屏坏,120,元/台,要求靓壳开机,image,vivo.jpg,数码网报价单-0831更新/手机相关/vivo.jpg,1,0.98,visual_legacy_crosscheck
20260831-1906fc0c0fbefd062cdc-01,2026-08-31,手机,device,vivo,Y系列,Y3标准版,,,不开机,120,元/台,要求靓壳开机,image,vivo.jpg,数码网报价单-0831更新/手机相关/vivo.jpg,1,0.98,visual_legacy_crosscheck
20260831-018a12adde5b827ad371-01,2026-08-31,手机,device,vivo,Y系列,Y3标准版,,,深板·整机,120,元/台,要求靓壳开机,image,vivo.jpg,数码网报价单-0831更新/手机相关/vivo.jpg,1,0.98,visual_legacy_crosscheck
20260831-2b3b6254cfc3f3e7f139-01,2026-08-31,手机,device,vivo,Y系列,Y11新款,,,开机靓好,100,元/台,,image,vivo.jpg,数码网报价单-0831更新/手机相关/vivo.jpg,1,0.98,visual_legacy_crosscheck
20260831-3b9adc1b87bea2c06aa1-01,2026-08-31,手机,device,vivo,Y系列,Y11新款,,,开机屏好碎壳,100,元/台,,image,vivo.jpg,数码网报价单-0831更新/手机相关/vivo.jpg,1,0.98,visual_legacy_crosscheck
20260831-1b204771ed5424e78a40-01,2026-08-31,手机,device,vivo,Y系列,Y11新款,,,开机屏坏/外碎,100,元/台,,image,vivo.jpg,数码网报价单-0831更新/手机相关/vivo.jpg,1,0.98,visual_legacy_crosscheck
20260831-439c747a02d4ecd4b303-01,2026-08-31,手机,device,vivo,Y系列,Y11新款,,,开机屏坏,100,元/台,,image,vivo.jpg,数码网报价单-0831更新/手机相关/vivo.jpg,1,0.98,visual_legacy_crosscheck
20260831-a707bcd8c1838680e46e-01,2026-08-31,手机,device,vivo,Y系列,Y11新款,,,不开机,100,元/台,,image,vivo.jpg,数码网报价单-0831更新/手机相关/vivo.jpg,1,0.98,visual_legacy_crosscheck
20260831-ebe125ad776cba941bff-01,2026-08-31,手机,device,vivo,Y系列,Y11新款,,,深板·整机,100,元/台,,image,vivo.jpg,数码网报价单-0831更新/手机相关/vivo.jpg,1,0.98,visual_legacy_crosscheck
20260831-43c1d27b5a8845039060-01,2026-08-31,手机,device,vivo,Y系列,Y12 2023,,,开机靓好,100,元/台,,image,vivo.jpg,数码网报价单-0831更新/手机相关/vivo.jpg,1,0.98,visual_legacy_crosscheck
20260831-1eb40e46d0b86bdbf4c2-01,2026-08-31,手机,device,vivo,Y系列,Y12 2023,,,开机屏好碎壳,100,元/台,,image,vivo.jpg,数码网报价单-0831更新/手机相关/vivo.jpg,1,0.98,visual_legacy_crosscheck
20260831-9dfa9674055694cdb2e5-01,2026-08-31,手机,device,vivo,Y系列,Y12 2023,,,开机屏坏/外碎,100,元/台,,image,vivo.jpg,数码网报价单-0831更新/手机相关/vivo.jpg,1,0.98,visual_legacy_crosscheck
20260831-d4cbca1de31b6f6f2e81-01,2026-08-31,手机,device,vivo,Y系列,Y12 2023,,,开机屏坏,100,元/台,,image,vivo.jpg,数码网报价单-0831更新/手机相关/vivo.jpg,1,0.98,visual_legacy_crosscheck
20260831-659babce104378045133-01,2026-08-31,手机,device,vivo,Y系列,Y12 2023,,,不开机,100,元/台,,image,vivo.jpg,数码网报价单-0831更新/手机相关/vivo.jpg,1,0.98,visual_legacy_crosscheck
20260831-8ca5dea7ed902110b8d7-01,2026-08-31,手机,device,vivo,Y系列,Y12 2023,,,深板·整机,100,元/台,,image,vivo.jpg,数码网报价单-0831更新/手机相关/vivo.jpg,1,0.98,visual_legacy_crosscheck
20260831-55e6fe846e261eb9a66c-01,2026-08-31,手机,device,vivo,Y系列,Y27新款,,,开机靓好,100,元/台,,image,vivo.jpg,数码网报价单-0831更新/手机相关/vivo.jpg,1,0.98,visual_legacy_crosscheck
20260831-7ed5fc5ebcbe033ae36c-01,2026-08-31,手机,device,vivo,Y系列,Y27新款,,,开机屏好碎壳,100,元/台,,image,vivo.jpg,数码网报价单-0831更新/手机相关/vivo.jpg,1,0.98,visual_legacy_crosscheck
20260831-c99ab725a0f3792b208e-01,2026-08-31,手机,device,vivo,Y系列,Y27新款,,,开机屏坏/外碎,100,元/台,,image,vivo.jpg,数码网报价单-0831更新/手机相关/vivo.jpg,1,0.98,visual_legacy_crosscheck
20260831-209027da58316111a665-01,2026-08-31,手机,device,vivo,Y系列,Y27新款,,,开机屏坏,100,元/台,,image,vivo.jpg,数码网报价单-0831更新/手机相关/vivo.jpg,1,0.98,visual_legacy_crosscheck
20260831-297d3616bdfb87667c9a-01,2026-08-31,手机,device,vivo,Y系列,Y27新款,,,不开机,100,元/台,,image,vivo.jpg,数码网报价单-0831更新/手机相关/vivo.jpg,1,0.98,visual_legacy_crosscheck
20260831-f98dd46d9b6ef4cb73b4-01,2026-08-31,手机,device,vivo,Y系列,Y27新款,,,深板·整机,100,元/台,,image,vivo.jpg,数码网报价单-0831更新/手机相关/vivo.jpg,1,0.98,visual_legacy_crosscheck
20260831-08e93c9cfae2a08d19b8-01,2026-08-31,手机,device,vivo,Y系列,Y10,,,开机靓好,180,元/台,,image,vivo.jpg,数码网报价单-0831更新/手机相关/vivo.jpg,1,0.98,visual_legacy_crosscheck
20260831-79824c8dfe61089c6296-01,2026-08-31,手机,device,vivo,Y系列,Y10,,,开机屏好碎壳,180,元/台,,image,vivo.jpg,数码网报价单-0831更新/手机相关/vivo.jpg,1,0.98,visual_legacy_crosscheck
20260831-9830f0c540f2f84ff019-01,2026-08-31,手机,device,vivo,Y系列,Y10,,,开机屏坏/外碎,180,元/台,,image,vivo.jpg,数码网报价单-0831更新/手机相关/vivo.jpg,1,0.98,visual_legacy_crosscheck
20260831-26d4883c7764b965da8c-01,2026-08-31,手机,device,vivo,Y系列,Y10,,,开机屏坏,180,元/台,,image,vivo.jpg,数码网报价单-0831更新/手机相关/vivo.jpg,1,0.98,visual_legacy_crosscheck
20260831-15a1cc8d29b043cfd109-01,2026-08-31,手机,device,vivo,Y系列,Y10,,,不开机,180,元/台,,image,vivo.jpg,数码网报价单-0831更新/手机相关/vivo.jpg,1,0.98,visual_legacy_crosscheck
20260831-4b6b76bc0f863321567f-01,2026-08-31,手机,device,vivo,Y系列,Y10,,,深板·整机,180,元/台,,image,vivo.jpg,数码网报价单-0831更新/手机相关/vivo.jpg,1,0.98,visual_legacy_crosscheck
20260831-c6d05273e31ee20c6c3a-01,2026-08-31,手机,device,vivo,Y系列,Y10电信版,,,开机靓好,180,元/台,,image,vivo.jpg,数码网报价单-0831更新/手机相关/vivo.jpg,1,0.98,visual_legacy_crosscheck
20260831-0fc134c0852598da2ad5-01,2026-08-31,手机,device,vivo,Y系列,Y10电信版,,,开机屏好碎壳,180,元/台,,image,vivo.jpg,数码网报价单-0831更新/手机相关/vivo.jpg,1,0.98,visual_legacy_crosscheck
20260831-948d536660fd45ac7295-01,2026-08-31,手机,device,vivo,Y系列,Y10电信版,,,开机屏坏/外碎,180,元/台,,image,vivo.jpg,数码网报价单-0831更新/手机相关/vivo.jpg,1,0.98,visual_legacy_crosscheck
20260831-6328a28a96bc39def41e-01,2026-08-31,手机,device,vivo,Y系列,Y10电信版,,,开机屏坏,180,元/台,,image,vivo.jpg,数码网报价单-0831更新/手机相关/vivo.jpg,1,0.98,visual_legacy_crosscheck
20260831-6ec6e4442249331e8f8a-01,2026-08-31,手机,device,vivo,Y系列,Y10电信版,,,不开机,180,元/台,,image,vivo.jpg,数码网报价单-0831更新/手机相关/vivo.jpg,1,0.98,visual_legacy_crosscheck
20260831-905fcdfecd0db6bd83b9-01,2026-08-31,手机,device,vivo,Y系列,Y10电信版,,,深板·整机,180,元/台,,image,vivo.jpg,数码网报价单-0831更新/手机相关/vivo.jpg,1,0.98,visual_legacy_crosscheck
20260831-a855e2dad932894c6e07-01,2026-08-31,手机,device,vivo,T系列,T2X,,,开机靓好,165,元/台,,image,vivo.jpg,数码网报价单-0831更新/手机相关/vivo.jpg,1,0.98,visual_legacy_crosscheck
20260831-6259afda7c893607d6b4-01,2026-08-31,手机,device,vivo,T系列,T2X,,,开机屏好碎壳,165,元/台,,image,vivo.jpg,数码网报价单-0831更新/手机相关/vivo.jpg,1,0.98,visual_legacy_crosscheck
20260831-33d15607a9f4cc0c5bff-01,2026-08-31,手机,device,vivo,T系列,T2X,,,开机屏坏/外碎,165,元/台,,image,vivo.jpg,数码网报价单-0831更新/手机相关/vivo.jpg,1,0.98,visual_legacy_crosscheck
20260831-67126e87429c219c0913-01,2026-08-31,手机,device,vivo,T系列,T2X,,,开机屏坏,165,元/台,,image,vivo.jpg,数码网报价单-0831更新/手机相关/vivo.jpg,1,0.98,visual_legacy_crosscheck
20260831-d3a53e4e22da19f2c0d1-01,2026-08-31,手机,device,vivo,T系列,T2X,,,不开机,165,元/台,,image,vivo.jpg,数码网报价单-0831更新/手机相关/vivo.jpg,1,0.98,visual_legacy_crosscheck
20260831-372db1642b4bf5f81c25-01,2026-08-31,手机,device,vivo,T系列,T2X,,,深板·整机,165,元/台,,image,vivo.jpg,数码网报价单-0831更新/手机相关/vivo.jpg,1,0.98,visual_legacy_crosscheck
20260831-ef2e70aad48bd7e60fd6-01,2026-08-31,手机,device,vivo,T系列,T1X,,,开机靓好,110,元/台,详见备注一,image,vivo.jpg,数码网报价单-0831更新/手机相关/vivo.jpg,1,0.98,visual_legacy_crosscheck
20260831-c035d1578af8a820d8bd-01,2026-08-31,手机,device,vivo,T系列,T1X,,,开机屏好碎壳,110,元/台,详见备注一,image,vivo.jpg,数码网报价单-0831更新/手机相关/vivo.jpg,1,0.98,visual_legacy_crosscheck
20260831-cd9aec2a8121221157c9-01,2026-08-31,手机,device,vivo,T系列,T1X,,,开机屏坏/外碎,110,元/台,详见备注一,image,vivo.jpg,数码网报价单-0831更新/手机相关/vivo.jpg,1,0.98,visual_legacy_crosscheck
20260831-fe61022a94ea4a6eac14-01,2026-08-31,手机,device,vivo,T系列,T1X,,,开机屏坏,110,元/台,详见备注一,image,vivo.jpg,数码网报价单-0831更新/手机相关/vivo.jpg,1,0.98,visual_legacy_crosscheck
20260831-cdda476e09b3d4faf567-01,2026-08-31,手机,device,vivo,T系列,T1X,,,不开机,110,元/台,详见备注一,image,vivo.jpg,数码网报价单-0831更新/手机相关/vivo.jpg,1,0.98,visual_legacy_crosscheck
20260831-db91f09308e26e00a078-01,2026-08-31,手机,device,vivo,T系列,T1X,,,深板·整机,110,元/台,详见备注一,image,vivo.jpg,数码网报价单-0831更新/手机相关/vivo.jpg,1,0.98,visual_legacy_crosscheck
20260831-92342d1d0fc74d4af5c6-01,2026-08-31,手机,device,vivo,T系列,T1,,,开机靓好,110,元/台,【备注一】未拆标靓板无水泡/无进水折痕微水泡扣50，反常发黑水泡扣50。连体坏、进水、拆标当损坏,image,vivo.jpg,数码网报价单-0831更新/手机相关/vivo.jpg,1,0.98,visual_legacy_crosscheck
20260831-41ab7589054fa5d3ba30-01,2026-08-31,手机,device,vivo,T系列,T1,,,开机屏好碎壳,110,元/台,【备注一】未拆标靓板无水泡/无进水折痕微水泡扣50，反常发黑水泡扣50。连体坏、进水、拆标当损坏,image,vivo.jpg,数码网报价单-0831更新/手机相关/vivo.jpg,1,0.98,visual_legacy_crosscheck
20260831-98e1ce6cf4f3ac429d35-01,2026-08-31,手机,device,vivo,T系列,T1,,,开机屏坏/外碎,110,元/台,【备注一】未拆标靓板无水泡/无进水折痕微水泡扣50，反常发黑水泡扣50。连体坏、进水、拆标当损坏,image,vivo.jpg,数码网报价单-0831更新/手机相关/vivo.jpg,1,0.98,visual_legacy_crosscheck
20260831-b23d43a996515c6449a4-01,2026-08-31,手机,device,vivo,T系列,T1,,,开机屏坏,110,元/台,【备注一】未拆标靓板无水泡/无进水折痕微水泡扣50，反常发黑水泡扣50。连体坏、进水、拆标当损坏,image,vivo.jpg,数码网报价单-0831更新/手机相关/vivo.jpg,1,0.98,visual_legacy_crosscheck
20260831-dce930fb29e37275be15-01,2026-08-31,手机,device,vivo,T系列,T1,,,不开机,110,元/台,【备注一】未拆标靓板无水泡/无进水折痕微水泡扣50，反常发黑水泡扣50。连体坏、进水、拆标当损坏,image,vivo.jpg,数码网报价单-0831更新/手机相关/vivo.jpg,1,0.98,visual_legacy_crosscheck
20260831-2941bf2f4e91f1052e53-01,2026-08-31,手机,device,vivo,T系列,T1,,,深板·整机,110,元/台,【备注一】未拆标靓板无水泡/无进水折痕微水泡扣50，反常发黑水泡扣50。连体坏、进水、拆标当损坏,image,vivo.jpg,数码网报价单-0831更新/手机相关/vivo.jpg,1,0.98,visual_legacy_crosscheck
20260831-34bc5cc66841ce5448d0-01,2026-08-31,手机,device,vivo,S系列,S60,,,开机靓好,2000,元/台,,image,vivo.jpg,数码网报价单-0831更新/手机相关/vivo.jpg,1,0.98,visual_legacy_crosscheck
20260831-abad6d37c1a01741b548-01,2026-08-31,手机,device,vivo,S系列,S60,,,开机屏好碎壳,1800,元/台,,image,vivo.jpg,数码网报价单-0831更新/手机相关/vivo.jpg,1,0.98,visual_legacy_crosscheck
20260831-ab015bcaf15d1210dca4-01,2026-08-31,手机,device,vivo,S系列,S60,,,开机屏坏/外碎,1300,元/台,,image,vivo.jpg,数码网报价单-0831更新/手机相关/vivo.jpg,1,0.98,visual_legacy_crosscheck
20260831-141c1562cc25e52514f0-01,2026-08-31,手机,device,vivo,S系列,S60,,,开机屏坏,1000,元/台,,image,vivo.jpg,数码网报价单-0831更新/手机相关/vivo.jpg,1,0.98,visual_legacy_crosscheck
20260831-fee4b12b8f1306f1dca9-01,2026-08-31,手机,device,vivo,S系列,S60,,,不开机,200,元/台,,image,vivo.jpg,数码网报价单-0831更新/手机相关/vivo.jpg,1,0.98,visual_legacy_crosscheck
20260831-6eea495358f031827b4e-01,2026-08-31,手机,device,vivo,S系列,S60,,,深板·整机,200,元/台,,image,vivo.jpg,数码网报价单-0831更新/手机相关/vivo.jpg,1,0.98,visual_legacy_crosscheck
20260831-1c4ae54f51d8d7ae3a6d-01,2026-08-31,手机,device,vivo,S系列,S60元气版 5G,,,开机靓好,1800,元/台,,image,vivo.jpg,数码网报价单-0831更新/手机相关/vivo.jpg,1,0.98,visual_legacy_crosscheck
20260831-3c6f32963f2f709a8d0b-01,2026-08-31,手机,device,vivo,S系列,S60元气版 5G,,,开机屏好碎壳,1500,元/台,,image,vivo.jpg,数码网报价单-0831更新/手机相关/vivo.jpg,1,0.98,visual_legacy_crosscheck
20260831-1d00a1ffba4194cbce3b-01,2026-08-31,手机,device,vivo,S系列,S60元气版 5G,,,开机屏坏/外碎,1100,元/台,,image,vivo.jpg,数码网报价单-0831更新/手机相关/vivo.jpg,1,0.98,visual_legacy_crosscheck
20260831-0470f1c657f2b4d45668-01,2026-08-31,手机,device,vivo,S系列,S60元气版 5G,,,开机屏坏,900,元/台,,image,vivo.jpg,数码网报价单-0831更新/手机相关/vivo.jpg,1,0.98,visual_legacy_crosscheck
20260831-7cc233b7584b0d4bf420-01,2026-08-31,手机,device,vivo,S系列,S60元气版 5G,,,不开机,200,元/台,,image,vivo.jpg,数码网报价单-0831更新/手机相关/vivo.jpg,1,0.98,visual_legacy_crosscheck
20260831-6f9202ab2d890f941412-01,2026-08-31,手机,device,vivo,S系列,S60元气版 5G,,,深板·整机,200,元/台,,image,vivo.jpg,数码网报价单-0831更新/手机相关/vivo.jpg,1,0.98,visual_legacy_crosscheck
20260831-0cf84994512e3bf71fbc-01,2026-08-31,手机,device,vivo,S系列,S50 Pro mini 5G,,,开机靓好,1700,元/台,,image,vivo.jpg,数码网报价单-0831更新/手机相关/vivo.jpg,1,0.98,visual_legacy_crosscheck
20260831-24654c27fc3fd59541d4-01,2026-08-31,手机,device,vivo,S系列,S50 Pro mini 5G,,,开机屏好碎壳,1500,元/台,,image,vivo.jpg,数码网报价单-0831更新/手机相关/vivo.jpg,1,0.98,visual_legacy_crosscheck
20260831-0df317381571ff630bab-01,2026-08-31,手机,device,vivo,S系列,S50 Pro mini 5G,,,开机屏坏/外碎,1300,元/台,,image,vivo.jpg,数码网报价单-0831更新/手机相关/vivo.jpg,1,0.98,visual_legacy_crosscheck
20260831-f0b0e2b3357adfcd2af4-01,2026-08-31,手机,device,vivo,S系列,S50 Pro mini 5G,,,开机屏坏,1000,元/台,,image,vivo.jpg,数码网报价单-0831更新/手机相关/vivo.jpg,1,0.98,visual_legacy_crosscheck
20260831-cedfbd6c4d8652480a4b-01,2026-08-31,手机,device,vivo,S系列,S50 Pro mini 5G,,,不开机,200,元/台,,image,vivo.jpg,数码网报价单-0831更新/手机相关/vivo.jpg,1,0.98,visual_legacy_crosscheck
20260831-0988742241d781776a1f-01,2026-08-31,手机,device,vivo,S系列,S50 Pro mini 5G,,,深板·整机,200,元/台,,image,vivo.jpg,数码网报价单-0831更新/手机相关/vivo.jpg,1,0.98,visual_legacy_crosscheck
20260831-566675e34f3f534bef5f-01,2026-08-31,手机,device,vivo,S系列,S50t 5G,,,开机靓好,1300,元/台,,image,vivo.jpg,数码网报价单-0831更新/手机相关/vivo.jpg,1,0.98,visual_legacy_crosscheck
20260831-86ada4a21e0028a72423-01,2026-08-31,手机,device,vivo,S系列,S50t 5G,,,开机屏好碎壳,1100,元/台,,image,vivo.jpg,数码网报价单-0831更新/手机相关/vivo.jpg,1,0.98,visual_legacy_crosscheck
20260831-fa5b01a0585744a60b1f-01,2026-08-31,手机,device,vivo,S系列,S50t 5G,,,开机屏坏/外碎,900,元/台,,image,vivo.jpg,数码网报价单-0831更新/手机相关/vivo.jpg,1,0.98,visual_legacy_crosscheck
20260831-9dd9de45c25fd43c3644-01,2026-08-31,手机,device,vivo,S系列,S50t 5G,,,开机屏坏,700,元/台,,image,vivo.jpg,数码网报价单-0831更新/手机相关/vivo.jpg,1,0.98,visual_legacy_crosscheck
20260831-b8bddf9227ce1c2f1873-01,2026-08-31,手机,device,vivo,S系列,S50t 5G,,,不开机,200,元/台,,image,vivo.jpg,数码网报价单-0831更新/手机相关/vivo.jpg,1,0.98,visual_legacy_crosscheck
20260831-cf315625db7bb4408009-01,2026-08-31,手机,device,vivo,S系列,S50t 5G,,,深板·整机,200,元/台,,image,vivo.jpg,数码网报价单-0831更新/手机相关/vivo.jpg,1,0.98,visual_legacy_crosscheck
20260831-4b75166d26645e116155-01,2026-08-31,手机,device,vivo,S系列,S30 Pro mini,,,开机靓好,1100,元/台,,image,vivo.jpg,数码网报价单-0831更新/手机相关/vivo.jpg,1,0.98,visual_legacy_crosscheck
20260831-58aebf9973ae339c723f-01,2026-08-31,手机,device,vivo,S系列,S30 Pro mini,,,开机屏好碎壳,1000,元/台,,image,vivo.jpg,数码网报价单-0831更新/手机相关/vivo.jpg,1,0.98,visual_legacy_crosscheck
20260831-065835fb2bbe0b980d92-01,2026-08-31,手机,device,vivo,S系列,S30 Pro mini,,,开机屏坏/外碎,800,元/台,,image,vivo.jpg,数码网报价单-0831更新/手机相关/vivo.jpg,1,0.98,visual_legacy_crosscheck
20260831-d9b8d403e89289b464b4-01,2026-08-31,手机,device,vivo,S系列,S30 Pro mini,,,开机屏坏,600,元/台,,image,vivo.jpg,数码网报价单-0831更新/手机相关/vivo.jpg,1,0.98,visual_legacy_crosscheck
20260831-23c82124b4d3986cf8bf-01,2026-08-31,手机,device,vivo,S系列,S30 Pro mini,,,不开机,200,元/台,,image,vivo.jpg,数码网报价单-0831更新/手机相关/vivo.jpg,1,0.98,visual_legacy_crosscheck
20260831-49b7d524db3c3edaca25-01,2026-08-31,手机,device,vivo,S系列,S30 Pro mini,,,深板·整机,200,元/台,,image,vivo.jpg,数码网报价单-0831更新/手机相关/vivo.jpg,1,0.98,visual_legacy_crosscheck
20260831-318d717353188df602e0-01,2026-08-31,手机,device,vivo,S系列,S30,,,开机靓好,1000,元/台,,image,vivo.jpg,数码网报价单-0831更新/手机相关/vivo.jpg,1,0.98,visual_legacy_crosscheck
20260831-2d7800a93b095ac9b612-01,2026-08-31,手机,device,vivo,S系列,S30,,,开机屏好碎壳,900,元/台,,image,vivo.jpg,数码网报价单-0831更新/手机相关/vivo.jpg,1,0.98,visual_legacy_crosscheck
20260831-4f19162b741d0d4070ef-01,2026-08-31,手机,device,vivo,S系列,S30,,,开机屏坏/外碎,700,元/台,,image,vivo.jpg,数码网报价单-0831更新/手机相关/vivo.jpg,1,0.98,visual_legacy_crosscheck
20260831-19082bef76027c5c0af6-01,2026-08-31,手机,device,vivo,S系列,S30,,,开机屏坏,550,元/台,,image,vivo.jpg,数码网报价单-0831更新/手机相关/vivo.jpg,1,0.98,visual_legacy_crosscheck
20260831-41e4ac518df5d9e6d55c-01,2026-08-31,手机,device,vivo,S系列,S30,,,不开机,200,元/台,,image,vivo.jpg,数码网报价单-0831更新/手机相关/vivo.jpg,1,0.98,visual_legacy_crosscheck
20260831-fbe1acee834db8e43690-01,2026-08-31,手机,device,vivo,S系列,S30,,,深板·整机,200,元/台,,image,vivo.jpg,数码网报价单-0831更新/手机相关/vivo.jpg,1,0.98,visual_legacy_crosscheck
20260831-11a73cc4e4d8edfc9b1d-01,2026-08-31,手机,device,vivo,S系列,s20pro,,,开机靓好,600,元/台,,image,vivo.jpg,数码网报价单-0831更新/手机相关/vivo.jpg,1,0.98,visual_legacy_crosscheck
20260831-7fddb9b482187708597b-01,2026-08-31,手机,device,vivo,S系列,s20pro,,,开机屏好碎壳,450,元/台,,image,vivo.jpg,数码网报价单-0831更新/手机相关/vivo.jpg,1,0.98,visual_legacy_crosscheck
20260831-11af0a15fd8c4835dc0f-01,2026-08-31,手机,device,vivo,S系列,s20pro,,,开机屏坏/外碎,450,元/台,,image,vivo.jpg,数码网报价单-0831更新/手机相关/vivo.jpg,1,0.98,visual_legacy_crosscheck
20260831-b73eb0e0f3eb4830c79a-01,2026-08-31,手机,device,vivo,S系列,s20pro,,,开机屏坏,450,元/台,,image,vivo.jpg,数码网报价单-0831更新/手机相关/vivo.jpg,1,0.98,visual_legacy_crosscheck
20260831-9224c3b0812628b74e56-01,2026-08-31,手机,device,vivo,S系列,s20pro,,,不开机,200,元/台,,image,vivo.jpg,数码网报价单-0831更新/手机相关/vivo.jpg,1,0.98,visual_legacy_crosscheck
20260831-014c2a9f40c4acebd861-01,2026-08-31,手机,device,vivo,S系列,s20pro,,,深板·整机,150,元/台,,image,vivo.jpg,数码网报价单-0831更新/手机相关/vivo.jpg,1,0.98,visual_legacy_crosscheck
20260831-7b7f7869bc97eb5b41ff-01,2026-08-31,手机,device,vivo,S系列,s20,,,开机靓好,500,元/台,,image,vivo.jpg,数码网报价单-0831更新/手机相关/vivo.jpg,1,0.98,visual_legacy_crosscheck
20260831-29506df6cc7c040740a2-01,2026-08-31,手机,device,vivo,S系列,s20,,,开机屏好碎壳,450,元/台,,image,vivo.jpg,数码网报价单-0831更新/手机相关/vivo.jpg,1,0.98,visual_legacy_crosscheck
20260831-53dd9738e3910d2d21ca-01,2026-08-31,手机,device,vivo,S系列,s20,,,开机屏坏/外碎,400,元/台,,image,vivo.jpg,数码网报价单-0831更新/手机相关/vivo.jpg,1,0.98,visual_legacy_crosscheck
20260831-097658b247245c402e65-01,2026-08-31,手机,device,vivo,S系列,s20,,,开机屏坏,400,元/台,,image,vivo.jpg,数码网报价单-0831更新/手机相关/vivo.jpg,1,0.98,visual_legacy_crosscheck
20260831-6989662e0c778846fa3b-01,2026-08-31,手机,device,vivo,S系列,s20,,,不开机,200,元/台,,image,vivo.jpg,数码网报价单-0831更新/手机相关/vivo.jpg,1,0.98,visual_legacy_crosscheck
20260831-3929a773f881c9ed95fd-01,2026-08-31,手机,device,vivo,S系列,s20,,,深板·整机,150,元/台,,image,vivo.jpg,数码网报价单-0831更新/手机相关/vivo.jpg,1,0.98,visual_legacy_crosscheck
20260831-ba34bbbe79a92972acce-01,2026-08-31,手机,device,vivo,S系列,s19pro,,,开机靓好,200,元/台,,image,vivo.jpg,数码网报价单-0831更新/手机相关/vivo.jpg,1,0.98,visual_legacy_crosscheck
20260831-3ad8bed9ff7ec8335026-01,2026-08-31,手机,device,vivo,S系列,s19pro,,,开机屏好碎壳,200,元/台,,image,vivo.jpg,数码网报价单-0831更新/手机相关/vivo.jpg,1,0.98,visual_legacy_crosscheck
20260831-75a666b9a924a7d2fdae-01,2026-08-31,手机,device,vivo,S系列,s19pro,,,开机屏坏/外碎,200,元/台,,image,vivo.jpg,数码网报价单-0831更新/手机相关/vivo.jpg,1,0.98,visual_legacy_crosscheck
20260831-f09ba0a934b94d23d9fe-01,2026-08-31,手机,device,vivo,S系列,s19pro,,,开机屏坏,200,元/台,,image,vivo.jpg,数码网报价单-0831更新/手机相关/vivo.jpg,1,0.98,visual_legacy_crosscheck
20260831-ea2eeab73cc68f7713b0-01,2026-08-31,手机,device,vivo,S系列,s19pro,,,不开机,200,元/台,,image,vivo.jpg,数码网报价单-0831更新/手机相关/vivo.jpg,1,0.98,visual_legacy_crosscheck
20260831-5235fcc6da665d61117b-01,2026-08-31,手机,device,vivo,S系列,s19pro,,,深板·整机,200,元/台,,image,vivo.jpg,数码网报价单-0831更新/手机相关/vivo.jpg,1,0.98,visual_legacy_crosscheck
20260831-43dd89baa99cde6e938f-01,2026-08-31,手机,device,vivo,S系列,s19,,,开机靓好,200,元/台,,image,vivo.jpg,数码网报价单-0831更新/手机相关/vivo.jpg,1,0.98,visual_legacy_crosscheck
20260831-6781702d324726c37ff0-01,2026-08-31,手机,device,vivo,S系列,s19,,,开机屏好碎壳,200,元/台,,image,vivo.jpg,数码网报价单-0831更新/手机相关/vivo.jpg,1,0.98,visual_legacy_crosscheck
20260831-1e65e30454026448e806-01,2026-08-31,手机,device,vivo,S系列,s19,,,开机屏坏/外碎,200,元/台,,image,vivo.jpg,数码网报价单-0831更新/手机相关/vivo.jpg,1,0.98,visual_legacy_crosscheck
20260831-eccb137f00af94ef71e1-01,2026-08-31,手机,device,vivo,S系列,s19,,,开机屏坏,200,元/台,,image,vivo.jpg,数码网报价单-0831更新/手机相关/vivo.jpg,1,0.98,visual_legacy_crosscheck
20260831-e2d16cbed6901116545a-01,2026-08-31,手机,device,vivo,S系列,s19,,,不开机,200,元/台,,image,vivo.jpg,数码网报价单-0831更新/手机相关/vivo.jpg,1,0.98,visual_legacy_crosscheck
20260831-3daf23f6058ce85e339d-01,2026-08-31,手机,device,vivo,S系列,s19,,,深板·整机,200,元/台,,image,vivo.jpg,数码网报价单-0831更新/手机相关/vivo.jpg,1,0.98,visual_legacy_crosscheck
20260831-9786364967e053d71e84-01,2026-08-31,手机,device,vivo,S系列,s18pro,,,开机靓好,200,元/台,,image,vivo.jpg,数码网报价单-0831更新/手机相关/vivo.jpg,1,0.98,visual_legacy_crosscheck
20260831-5911ee6ba2a59c730844-01,2026-08-31,手机,device,vivo,S系列,s18pro,,,开机屏好碎壳,200,元/台,,image,vivo.jpg,数码网报价单-0831更新/手机相关/vivo.jpg,1,0.98,visual_legacy_crosscheck
20260831-d892dbe2830026636fef-01,2026-08-31,手机,device,vivo,S系列,s18pro,,,开机屏坏/外碎,200,元/台,,image,vivo.jpg,数码网报价单-0831更新/手机相关/vivo.jpg,1,0.98,visual_legacy_crosscheck
20260831-ffbbd42483c2dd632c38-01,2026-08-31,手机,device,vivo,S系列,s18pro,,,开机屏坏,200,元/台,,image,vivo.jpg,数码网报价单-0831更新/手机相关/vivo.jpg,1,0.98,visual_legacy_crosscheck
20260831-5b36910b893153c99b27-01,2026-08-31,手机,device,vivo,S系列,s18pro,,,不开机,200,元/台,,image,vivo.jpg,数码网报价单-0831更新/手机相关/vivo.jpg,1,0.98,visual_legacy_crosscheck
20260831-d6ff96d41efd7f862fdc-01,2026-08-31,手机,device,vivo,S系列,s18pro,,,深板·整机,200,元/台,,image,vivo.jpg,数码网报价单-0831更新/手机相关/vivo.jpg,1,0.98,visual_legacy_crosscheck
20260831-742ea50c616e9ecb7917-01,2026-08-31,手机,device,vivo,S系列,S18e,,,开机靓好,230,元/台,,image,vivo.jpg,数码网报价单-0831更新/手机相关/vivo.jpg,1,0.98,visual_legacy_crosscheck
20260831-77d9d66f56cc10ae7401-01,2026-08-31,手机,device,vivo,S系列,S18e,,,开机屏好碎壳,230,元/台,,image,vivo.jpg,数码网报价单-0831更新/手机相关/vivo.jpg,1,0.98,visual_legacy_crosscheck
20260831-5ff5144261faa443bebd-01,2026-08-31,手机,device,vivo,S系列,S18e,,,开机屏坏/外碎,230,元/台,,image,vivo.jpg,数码网报价单-0831更新/手机相关/vivo.jpg,1,0.98,visual_legacy_crosscheck
20260831-d6ef937545bb5e604902-01,2026-08-31,手机,device,vivo,S系列,S18e,,,开机屏坏,230,元/台,,image,vivo.jpg,数码网报价单-0831更新/手机相关/vivo.jpg,1,0.98,visual_legacy_crosscheck
20260831-93142bfba41423692fa9-01,2026-08-31,手机,device,vivo,S系列,S18e,,,不开机,230,元/台,,image,vivo.jpg,数码网报价单-0831更新/手机相关/vivo.jpg,1,0.98,visual_legacy_crosscheck
20260831-72bcb15d24d0ff731371-01,2026-08-31,手机,device,vivo,S系列,S18e,,,深板·整机,230,元/台,,image,vivo.jpg,数码网报价单-0831更新/手机相关/vivo.jpg,1,0.98,visual_legacy_crosscheck
20260831-ab6ac1e20183f43f3743-01,2026-08-31,手机,device,vivo,S系列,S18,,,开机靓好,200,元/台,,image,vivo.jpg,数码网报价单-0831更新/手机相关/vivo.jpg,1,0.98,visual_legacy_crosscheck
20260831-1fab2a578da67005683e-01,2026-08-31,手机,device,vivo,S系列,S18,,,开机屏好碎壳,200,元/台,,image,vivo.jpg,数码网报价单-0831更新/手机相关/vivo.jpg,1,0.98,visual_legacy_crosscheck
20260831-2bdf05392ee904f26e37-01,2026-08-31,手机,device,vivo,S系列,S18,,,开机屏坏/外碎,200,元/台,,image,vivo.jpg,数码网报价单-0831更新/手机相关/vivo.jpg,1,0.98,visual_legacy_crosscheck
20260831-9e303b1d87834702be38-01,2026-08-31,手机,device,vivo,S系列,S18,,,开机屏坏,200,元/台,,image,vivo.jpg,数码网报价单-0831更新/手机相关/vivo.jpg,1,0.98,visual_legacy_crosscheck
20260831-b31b5b799a028c81797e-01,2026-08-31,手机,device,vivo,S系列,S18,,,不开机,200,元/台,,image,vivo.jpg,数码网报价单-0831更新/手机相关/vivo.jpg,1,0.98,visual_legacy_crosscheck
20260831-9c454e451ca951b283e7-01,2026-08-31,手机,device,vivo,S系列,S18,,,深板·整机,200,元/台,,image,vivo.jpg,数码网报价单-0831更新/手机相关/vivo.jpg,1,0.98,visual_legacy_crosscheck
20260831-b59562218748901ea907-01,2026-08-31,手机,device,vivo,S系列,S17 pro,,,开机靓好,160,元/台,板靓收，无水泡凹壳扣钱,image,vivo.jpg,数码网报价单-0831更新/手机相关/vivo.jpg,1,0.98,visual_legacy_crosscheck
20260831-928f4e6dfa98197e457d-01,2026-08-31,手机,device,vivo,S系列,S17 pro,,,开机屏好碎壳,160,元/台,板靓收，无水泡凹壳扣钱,image,vivo.jpg,数码网报价单-0831更新/手机相关/vivo.jpg,1,0.98,visual_legacy_crosscheck
20260831-7387871968ef84b2b3b7-01,2026-08-31,手机,device,vivo,S系列,S17 pro,,,开机屏坏/外碎,160,元/台,板靓收，无水泡凹壳扣钱,image,vivo.jpg,数码网报价单-0831更新/手机相关/vivo.jpg,1,0.98,visual_legacy_crosscheck
20260831-e2e813c0e1596a6153bf-01,2026-08-31,手机,device,vivo,S系列,S17 pro,,,开机屏坏,160,元/台,板靓收，无水泡凹壳扣钱,image,vivo.jpg,数码网报价单-0831更新/手机相关/vivo.jpg,1,0.98,visual_legacy_crosscheck
20260831-c99876f602dd9edf40ee-01,2026-08-31,手机,device,vivo,S系列,S17 pro,,,不开机,160,元/台,板靓收，无水泡凹壳扣钱,image,vivo.jpg,数码网报价单-0831更新/手机相关/vivo.jpg,1,0.98,visual_legacy_crosscheck
20260831-1eef6852720fd45f0f60-01,2026-08-31,手机,device,vivo,S系列,S17 pro,,,深板·整机,160,元/台,板靓收，无水泡凹壳扣钱,image,vivo.jpg,数码网报价单-0831更新/手机相关/vivo.jpg,1,0.98,visual_legacy_crosscheck
20260831-8cd6beebc0e53d2969e4-01,2026-08-31,手机,device,vivo,S系列,S17t,,,开机靓好,160,元/台,,image,vivo.jpg,数码网报价单-0831更新/手机相关/vivo.jpg,1,0.98,visual_legacy_crosscheck
20260831-ae207937b3cffb7abd85-01,2026-08-31,手机,device,vivo,S系列,S17t,,,开机屏好碎壳,160,元/台,,image,vivo.jpg,数码网报价单-0831更新/手机相关/vivo.jpg,1,0.98,visual_legacy_crosscheck
20260831-9984b3a0be61b5d2a8fb-01,2026-08-31,手机,device,vivo,S系列,S17t,,,开机屏坏/外碎,160,元/台,,image,vivo.jpg,数码网报价单-0831更新/手机相关/vivo.jpg,1,0.98,visual_legacy_crosscheck
20260831-26d2402319736f82d19d-01,2026-08-31,手机,device,vivo,S系列,S17t,,,开机屏坏,160,元/台,,image,vivo.jpg,数码网报价单-0831更新/手机相关/vivo.jpg,1,0.98,visual_legacy_crosscheck
20260831-1f7d80bf6f8fa3911881-01,2026-08-31,手机,device,vivo,S系列,S17t,,,不开机,160,元/台,,image,vivo.jpg,数码网报价单-0831更新/手机相关/vivo.jpg,1,0.98,visual_legacy_crosscheck
20260831-32ff62ec840623e3e6b8-01,2026-08-31,手机,device,vivo,S系列,S17t,,,深板·整机,160,元/台,,image,vivo.jpg,数码网报价单-0831更新/手机相关/vivo.jpg,1,0.98,visual_legacy_crosscheck
20260831-71d0cd400257784a006c-01,2026-08-31,手机,device,vivo,S系列,S17E,,,开机靓好,160,元/台,,image,vivo.jpg,数码网报价单-0831更新/手机相关/vivo.jpg,1,0.98,visual_legacy_crosscheck
20260831-55871b5a3cc5a032c633-01,2026-08-31,手机,device,vivo,S系列,S17E,,,开机屏好碎壳,160,元/台,,image,vivo.jpg,数码网报价单-0831更新/手机相关/vivo.jpg,1,0.98,visual_legacy_crosscheck
20260831-6e068cf5812b62c8725e-01,2026-08-31,手机,device,vivo,S系列,S17E,,,开机屏坏/外碎,160,元/台,,image,vivo.jpg,数码网报价单-0831更新/手机相关/vivo.jpg,1,0.98,visual_legacy_crosscheck
20260831-7f8948b6d597beb90d31-01,2026-08-31,手机,device,vivo,S系列,S17E,,,开机屏坏,160,元/台,,image,vivo.jpg,数码网报价单-0831更新/手机相关/vivo.jpg,1,0.98,visual_legacy_crosscheck
20260831-4c9f85dc20e5950bc14b-01,2026-08-31,手机,device,vivo,S系列,S17E,,,不开机,160,元/台,,image,vivo.jpg,数码网报价单-0831更新/手机相关/vivo.jpg,1,0.98,visual_legacy_crosscheck
20260831-f2877cd129798e30f7bb-01,2026-08-31,手机,device,vivo,S系列,S17E,,,深板·整机,160,元/台,,image,vivo.jpg,数码网报价单-0831更新/手机相关/vivo.jpg,1,0.98,visual_legacy_crosscheck
20260831-79c1c4e81c635cf02854-01,2026-08-31,手机,device,vivo,S系列,S17,,,开机靓好,200,元/台,,image,vivo.jpg,数码网报价单-0831更新/手机相关/vivo.jpg,1,0.98,visual_legacy_crosscheck
20260831-70ec2068157adbd60e5b-01,2026-08-31,手机,device,vivo,S系列,S17,,,开机屏好碎壳,200,元/台,,image,vivo.jpg,数码网报价单-0831更新/手机相关/vivo.jpg,1,0.98,visual_legacy_crosscheck
20260831-9f947797416e6e6eadc3-01,2026-08-31,手机,device,vivo,S系列,S17,,,开机屏坏/外碎,200,元/台,,image,vivo.jpg,数码网报价单-0831更新/手机相关/vivo.jpg,1,0.98,visual_legacy_crosscheck
20260831-2ee093042f54a6e53b48-01,2026-08-31,手机,device,vivo,S系列,S17,,,开机屏坏,200,元/台,,image,vivo.jpg,数码网报价单-0831更新/手机相关/vivo.jpg,1,0.98,visual_legacy_crosscheck
20260831-dcacfdcfd2ff549f16fe-01,2026-08-31,手机,device,vivo,S系列,S17,,,不开机,200,元/台,,image,vivo.jpg,数码网报价单-0831更新/手机相关/vivo.jpg,1,0.98,visual_legacy_crosscheck
20260831-988a6390387b76cec049-01,2026-08-31,手机,device,vivo,S系列,S17,,,深板·整机,200,元/台,,image,vivo.jpg,数码网报价单-0831更新/手机相关/vivo.jpg,1,0.98,visual_legacy_crosscheck
20260831-003629182d59215f5c58-01,2026-08-31,手机,device,vivo,S系列,S16Pro,,,开机靓好,160,元/台,,image,vivo.jpg,数码网报价单-0831更新/手机相关/vivo.jpg,1,0.98,visual_legacy_crosscheck
20260831-cbd963a7110be7795618-01,2026-08-31,手机,device,vivo,S系列,S16Pro,,,开机屏好碎壳,160,元/台,,image,vivo.jpg,数码网报价单-0831更新/手机相关/vivo.jpg,1,0.98,visual_legacy_crosscheck
20260831-bb167e867187a9857e86-01,2026-08-31,手机,device,vivo,S系列,S16Pro,,,开机屏坏/外碎,160,元/台,,image,vivo.jpg,数码网报价单-0831更新/手机相关/vivo.jpg,1,0.98,visual_legacy_crosscheck
20260831-ca12709493a437a9b659-01,2026-08-31,手机,device,vivo,S系列,S16Pro,,,开机屏坏,160,元/台,,image,vivo.jpg,数码网报价单-0831更新/手机相关/vivo.jpg,1,0.98,visual_legacy_crosscheck
20260831-09fd0c4a5358c66bf31e-01,2026-08-31,手机,device,vivo,S系列,S16Pro,,,不开机,160,元/台,,image,vivo.jpg,数码网报价单-0831更新/手机相关/vivo.jpg,1,0.98,visual_legacy_crosscheck
20260831-53e6e057b848484361d3-01,2026-08-31,手机,device,vivo,S系列,S16Pro,,,深板·整机,160,元/台,,image,vivo.jpg,数码网报价单-0831更新/手机相关/vivo.jpg,1,0.98,visual_legacy_crosscheck
20260831-0609980505866eb8ddc0-01,2026-08-31,手机,device,vivo,S系列,S16e,,,开机靓好,175,元/台,,image,vivo.jpg,数码网报价单-0831更新/手机相关/vivo.jpg,1,0.98,visual_legacy_crosscheck
20260831-73f16b61692330ebf9b1-01,2026-08-31,手机,device,vivo,S系列,S16e,,,开机屏好碎壳,175,元/台,,image,vivo.jpg,数码网报价单-0831更新/手机相关/vivo.jpg,1,0.98,visual_legacy_crosscheck
20260831-3ab2d0eefc9908c503a3-01,2026-08-31,手机,device,vivo,S系列,S16e,,,开机屏坏/外碎,175,元/台,,image,vivo.jpg,数码网报价单-0831更新/手机相关/vivo.jpg,1,0.98,visual_legacy_crosscheck
20260831-50f4efaab998a64b0d30-01,2026-08-31,手机,device,vivo,S系列,S16e,,,开机屏坏,175,元/台,,image,vivo.jpg,数码网报价单-0831更新/手机相关/vivo.jpg,1,0.98,visual_legacy_crosscheck
20260831-3cd2b690dbd5b8a96fad-01,2026-08-31,手机,device,vivo,S系列,S16e,,,不开机,175,元/台,,image,vivo.jpg,数码网报价单-0831更新/手机相关/vivo.jpg,1,0.98,visual_legacy_crosscheck
20260831-5aa64a426c5ea6756653-01,2026-08-31,手机,device,vivo,S系列,S16e,,,深板·整机,175,元/台,,image,vivo.jpg,数码网报价单-0831更新/手机相关/vivo.jpg,1,0.98,visual_legacy_crosscheck
20260831-b2dc7841a6a3110caa1a-01,2026-08-31,手机,device,vivo,S系列,S16,,,开机靓好,160,元/台,,image,vivo.jpg,数码网报价单-0831更新/手机相关/vivo.jpg,1,0.98,visual_legacy_crosscheck
20260831-6d10060575445118a935-01,2026-08-31,手机,device,vivo,S系列,S16,,,开机屏好碎壳,160,元/台,,image,vivo.jpg,数码网报价单-0831更新/手机相关/vivo.jpg,1,0.98,visual_legacy_crosscheck
20260831-7c1b4a059d0f4dad353e-01,2026-08-31,手机,device,vivo,S系列,S16,,,开机屏坏/外碎,160,元/台,,image,vivo.jpg,数码网报价单-0831更新/手机相关/vivo.jpg,1,0.98,visual_legacy_crosscheck
20260831-0a5d7aa0802af9f61452-01,2026-08-31,手机,device,vivo,S系列,S16,,,开机屏坏,160,元/台,,image,vivo.jpg,数码网报价单-0831更新/手机相关/vivo.jpg,1,0.98,visual_legacy_crosscheck
20260831-53319f93b75b93bb7573-01,2026-08-31,手机,device,vivo,S系列,S16,,,不开机,160,元/台,,image,vivo.jpg,数码网报价单-0831更新/手机相关/vivo.jpg,1,0.98,visual_legacy_crosscheck
20260831-3df663913bb9c4f1a5c3-01,2026-08-31,手机,device,vivo,S系列,S16,,,深板·整机,160,元/台,,image,vivo.jpg,数码网报价单-0831更新/手机相关/vivo.jpg,1,0.98,visual_legacy_crosscheck
20260831-c5ae3e447fc014e2cd43-01,2026-08-31,手机,device,vivo,S系列,S15Pro,,,开机靓好,180,元/台,,image,vivo.jpg,数码网报价单-0831更新/手机相关/vivo.jpg,1,0.98,visual_legacy_crosscheck
20260831-5d514b426c5e9d6d8dcb-01,2026-08-31,手机,device,vivo,S系列,S15Pro,,,开机屏好碎壳,180,元/台,,image,vivo.jpg,数码网报价单-0831更新/手机相关/vivo.jpg,1,0.98,visual_legacy_crosscheck
20260831-f3f1477472028e3e9f8f-01,2026-08-31,手机,device,vivo,S系列,S15Pro,,,开机屏坏/外碎,180,元/台,,image,vivo.jpg,数码网报价单-0831更新/手机相关/vivo.jpg,1,0.98,visual_legacy_crosscheck
20260831-ddf34201d2772ebd09d7-01,2026-08-31,手机,device,vivo,S系列,S15Pro,,,开机屏坏,180,元/台,,image,vivo.jpg,数码网报价单-0831更新/手机相关/vivo.jpg,1,0.98,visual_legacy_crosscheck
20260831-02899f21e89056fab8ec-01,2026-08-31,手机,device,vivo,S系列,S15Pro,,,不开机,180,元/台,,image,vivo.jpg,数码网报价单-0831更新/手机相关/vivo.jpg,1,0.98,visual_legacy_crosscheck
20260831-69fdcf0a627a301c40dc-01,2026-08-31,手机,device,vivo,S系列,S15Pro,,,深板·整机,180,元/台,,image,vivo.jpg,数码网报价单-0831更新/手机相关/vivo.jpg,1,0.98,visual_legacy_crosscheck
20260831-ca1caab5480d4f5e1637-01,2026-08-31,手机,device,vivo,S系列,S15e,,,开机靓好,160,元/台,,image,vivo.jpg,数码网报价单-0831更新/手机相关/vivo.jpg,1,0.98,visual_legacy_crosscheck
20260831-80cd9a66b23eaaa35b22-01,2026-08-31,手机,device,vivo,S系列,S15e,,,开机屏好碎壳,160,元/台,,image,vivo.jpg,数码网报价单-0831更新/手机相关/vivo.jpg,1,0.98,visual_legacy_crosscheck
20260831-06c678a3f716ea2944c1-01,2026-08-31,手机,device,vivo,S系列,S15e,,,开机屏坏/外碎,160,元/台,,image,vivo.jpg,数码网报价单-0831更新/手机相关/vivo.jpg,1,0.98,visual_legacy_crosscheck
20260831-65e7983845caa1a5a462-01,2026-08-31,手机,device,vivo,S系列,S15e,,,开机屏坏,160,元/台,,image,vivo.jpg,数码网报价单-0831更新/手机相关/vivo.jpg,1,0.98,visual_legacy_crosscheck
20260831-07f71d57c73c9f679fa0-01,2026-08-31,手机,device,vivo,S系列,S15e,,,不开机,160,元/台,,image,vivo.jpg,数码网报价单-0831更新/手机相关/vivo.jpg,1,0.98,visual_legacy_crosscheck
20260831-7d6fc8a51e988cb796d4-01,2026-08-31,手机,device,vivo,S系列,S15e,,,深板·整机,160,元/台,,image,vivo.jpg,数码网报价单-0831更新/手机相关/vivo.jpg,1,0.98,visual_legacy_crosscheck
20260831-60f410aa5903fac77d18-01,2026-08-31,手机,device,vivo,S系列,S15,,,开机靓好,175,元/台,,image,vivo.jpg,数码网报价单-0831更新/手机相关/vivo.jpg,1,0.98,visual_legacy_crosscheck
20260831-cab6f5fe0cea48507776-01,2026-08-31,手机,device,vivo,S系列,S15,,,开机屏好碎壳,175,元/台,,image,vivo.jpg,数码网报价单-0831更新/手机相关/vivo.jpg,1,0.98,visual_legacy_crosscheck
20260831-a315a17b71b49586920f-01,2026-08-31,手机,device,vivo,S系列,S15,,,开机屏坏/外碎,175,元/台,,image,vivo.jpg,数码网报价单-0831更新/手机相关/vivo.jpg,1,0.98,visual_legacy_crosscheck
20260831-dc9cb2eac61bab640f7e-01,2026-08-31,手机,device,vivo,S系列,S15,,,开机屏坏,175,元/台,,image,vivo.jpg,数码网报价单-0831更新/手机相关/vivo.jpg,1,0.98,visual_legacy_crosscheck
20260831-98a1489f3fce6f3026bd-01,2026-08-31,手机,device,vivo,S系列,S15,,,不开机,175,元/台,,image,vivo.jpg,数码网报价单-0831更新/手机相关/vivo.jpg,1,0.98,visual_legacy_crosscheck
20260831-2a5e384f3320a04632cf-01,2026-08-31,手机,device,vivo,S系列,S15,,,深板·整机,175,元/台,,image,vivo.jpg,数码网报价单-0831更新/手机相关/vivo.jpg,1,0.98,visual_legacy_crosscheck
20260831-59f3d284c89445fdc188-01,2026-08-31,手机,device,vivo,S系列,S12pro,,,开机靓好,160,元/台,保双通去一,image,vivo.jpg,数码网报价单-0831更新/手机相关/vivo.jpg,1,0.98,visual_legacy_crosscheck
20260831-d86d27471d1fcbb4d167-01,2026-08-31,手机,device,vivo,S系列,S12pro,,,开机屏好碎壳,160,元/台,保双通去一,image,vivo.jpg,数码网报价单-0831更新/手机相关/vivo.jpg,1,0.98,visual_legacy_crosscheck
20260831-f67e0aea3c30f788249a-01,2026-08-31,手机,device,vivo,S系列,S12pro,,,开机屏坏/外碎,160,元/台,保双通去一,image,vivo.jpg,数码网报价单-0831更新/手机相关/vivo.jpg,1,0.98,visual_legacy_crosscheck
20260831-3a03b4c885124c0664f1-01,2026-08-31,手机,device,vivo,S系列,S12pro,,,开机屏坏,160,元/台,保双通去一,image,vivo.jpg,数码网报价单-0831更新/手机相关/vivo.jpg,1,0.98,visual_legacy_crosscheck
20260831-d44939aaa8f14647465a-01,2026-08-31,手机,device,vivo,S系列,S12pro,,,不开机,160,元/台,保双通去一,image,vivo.jpg,数码网报价单-0831更新/手机相关/vivo.jpg,1,0.98,visual_legacy_crosscheck
20260831-b519232aa259e986ce9a-01,2026-08-31,手机,device,vivo,S系列,S12pro,,,深板·整机,160,元/台,保双通去一,image,vivo.jpg,数码网报价单-0831更新/手机相关/vivo.jpg,1,0.98,visual_legacy_crosscheck
20260831-ed9cd5b3d5f254b8e525-01,2026-08-31,手机,device,vivo,S系列,S12,,,开机靓好,160,元/台,详见备注一,image,vivo.jpg,数码网报价单-0831更新/手机相关/vivo.jpg,1,0.98,visual_legacy_crosscheck
20260831-c9650db5ccc3444569bd-01,2026-08-31,手机,device,vivo,S系列,S12,,,开机屏好碎壳,160,元/台,详见备注一,image,vivo.jpg,数码网报价单-0831更新/手机相关/vivo.jpg,1,0.98,visual_legacy_crosscheck
20260831-8d3b1b5d46b16b8d45bc-01,2026-08-31,手机,device,vivo,S系列,S12,,,开机屏坏/外碎,160,元/台,详见备注一,image,vivo.jpg,数码网报价单-0831更新/手机相关/vivo.jpg,1,0.98,visual_legacy_crosscheck
20260831-11084fc77d7bdc063a1a-01,2026-08-31,手机,device,vivo,S系列,S12,,,开机屏坏,160,元/台,详见备注一,image,vivo.jpg,数码网报价单-0831更新/手机相关/vivo.jpg,1,0.98,visual_legacy_crosscheck
20260831-934adf0ae9c5c34fb54f-01,2026-08-31,手机,device,vivo,S系列,S12,,,不开机,160,元/台,详见备注一,image,vivo.jpg,数码网报价单-0831更新/手机相关/vivo.jpg,1,0.98,visual_legacy_crosscheck
20260831-f703a75c3f4fe5929ce4-01,2026-08-31,手机,device,vivo,S系列,S12,,,深板·整机,160,元/台,详见备注一,image,vivo.jpg,数码网报价单-0831更新/手机相关/vivo.jpg,1,0.98,visual_legacy_crosscheck
20260831-6fb1c603af69aeeb8926-01,2026-08-31,手机,device,vivo,S系列,S10Pro,,,开机靓好,160,元/台,详见备注一,image,vivo.jpg,数码网报价单-0831更新/手机相关/vivo.jpg,1,0.98,visual_legacy_crosscheck
20260831-7aa794b24a36091de665-01,2026-08-31,手机,device,vivo,S系列,S10Pro,,,开机屏好碎壳,160,元/台,详见备注一,image,vivo.jpg,数码网报价单-0831更新/手机相关/vivo.jpg,1,0.98,visual_legacy_crosscheck
20260831-a02db32a678e7349a281-01,2026-08-31,手机,device,vivo,S系列,S10Pro,,,开机屏坏/外碎,160,元/台,详见备注一,image,vivo.jpg,数码网报价单-0831更新/手机相关/vivo.jpg,1,0.98,visual_legacy_crosscheck
20260831-fe1502777f6d3e2c096c-01,2026-08-31,手机,device,vivo,S系列,S10Pro,,,开机屏坏,160,元/台,详见备注一,image,vivo.jpg,数码网报价单-0831更新/手机相关/vivo.jpg,1,0.98,visual_legacy_crosscheck
20260831-a97cf9707d833fb12965-01,2026-08-31,手机,device,vivo,S系列,S10Pro,,,不开机,160,元/台,详见备注一,image,vivo.jpg,数码网报价单-0831更新/手机相关/vivo.jpg,1,0.98,visual_legacy_crosscheck
20260831-24e748ffe79ea7b15fc4-01,2026-08-31,手机,device,vivo,S系列,S10Pro,,,深板·整机,160,元/台,详见备注一,image,vivo.jpg,数码网报价单-0831更新/手机相关/vivo.jpg,1,0.98,visual_legacy_crosscheck
20260831-bc5716cf0f77df5d450c-01,2026-08-31,手机,device,vivo,S系列,S10e (8+128),,,开机靓好,175,元/台,,image,vivo.jpg,数码网报价单-0831更新/手机相关/vivo.jpg,1,0.98,visual_legacy_crosscheck
20260831-cbf9b186ceb47ffb424b-01,2026-08-31,手机,device,vivo,S系列,S10e (8+128),,,开机屏好碎壳,175,元/台,,image,vivo.jpg,数码网报价单-0831更新/手机相关/vivo.jpg,1,0.98,visual_legacy_crosscheck
20260831-26a3bcbf98a2d1a851ec-01,2026-08-31,手机,device,vivo,S系列,S10e (8+128),,,开机屏坏/外碎,175,元/台,,image,vivo.jpg,数码网报价单-0831更新/手机相关/vivo.jpg,1,0.98,visual_legacy_crosscheck
20260831-a01a0eb286df87a06be3-01,2026-08-31,手机,device,vivo,S系列,S10e (8+128),,,开机屏坏,175,元/台,,image,vivo.jpg,数码网报价单-0831更新/手机相关/vivo.jpg,1,0.98,visual_legacy_crosscheck
20260831-1f1d2914e21b96b23cb6-01,2026-08-31,手机,device,vivo,S系列,S10e (8+128),,,不开机,175,元/台,,image,vivo.jpg,数码网报价单-0831更新/手机相关/vivo.jpg,1,0.98,visual_legacy_crosscheck
20260831-e24db28f34290222b069-01,2026-08-31,手机,device,vivo,S系列,S10e (8+128),,,深板·整机,175,元/台,,image,vivo.jpg,数码网报价单-0831更新/手机相关/vivo.jpg,1,0.98,visual_legacy_crosscheck
20260831-9fdc198db032ec30c775-01,2026-08-31,手机,device,vivo,S系列,S10e (8+256),,,开机靓好,230,元/台,,image,vivo.jpg,数码网报价单-0831更新/手机相关/vivo.jpg,1,0.98,visual_legacy_crosscheck
20260831-d9e04026823a69f1ebcb-01,2026-08-31,手机,device,vivo,S系列,S10e (8+256),,,开机屏好碎壳,230,元/台,,image,vivo.jpg,数码网报价单-0831更新/手机相关/vivo.jpg,1,0.98,visual_legacy_crosscheck
20260831-e7c5d9f856be1d9340c8-01,2026-08-31,手机,device,vivo,S系列,S10e (8+256),,,开机屏坏/外碎,230,元/台,,image,vivo.jpg,数码网报价单-0831更新/手机相关/vivo.jpg,1,0.98,visual_legacy_crosscheck
20260831-4c1ee7a4172e5ad8ffa6-01,2026-08-31,手机,device,vivo,S系列,S10e (8+256),,,开机屏坏,230,元/台,,image,vivo.jpg,数码网报价单-0831更新/手机相关/vivo.jpg,1,0.98,visual_legacy_crosscheck
20260831-ee0dab5b2091d653395b-01,2026-08-31,手机,device,vivo,S系列,S10e (8+256),,,不开机,230,元/台,,image,vivo.jpg,数码网报价单-0831更新/手机相关/vivo.jpg,1,0.98,visual_legacy_crosscheck
20260831-701e4bdef9216a059b9a-01,2026-08-31,手机,device,vivo,S系列,S10e (8+256),,,深板·整机,230,元/台,,image,vivo.jpg,数码网报价单-0831更新/手机相关/vivo.jpg,1,0.98,visual_legacy_crosscheck
20260831-239530c94ad21c92f728-01,2026-08-31,手机,device,vivo,S系列,S10,,,开机靓好,160,元/台,详见备注一,image,vivo.jpg,数码网报价单-0831更新/手机相关/vivo.jpg,1,0.98,visual_legacy_crosscheck
20260831-0d97d4a5ff2416581968-01,2026-08-31,手机,device,vivo,S系列,S10,,,开机屏好碎壳,160,元/台,详见备注一,image,vivo.jpg,数码网报价单-0831更新/手机相关/vivo.jpg,1,0.98,visual_legacy_crosscheck
20260831-e3a58b4326129afb1b9b-01,2026-08-31,手机,device,vivo,S系列,S10,,,开机屏坏/外碎,160,元/台,详见备注一,image,vivo.jpg,数码网报价单-0831更新/手机相关/vivo.jpg,1,0.98,visual_legacy_crosscheck
20260831-430176e8f5252117827c-01,2026-08-31,手机,device,vivo,S系列,S10,,,开机屏坏,160,元/台,详见备注一,image,vivo.jpg,数码网报价单-0831更新/手机相关/vivo.jpg,1,0.98,visual_legacy_crosscheck
20260831-f6eee2af796ea3ddfafb-01,2026-08-31,手机,device,vivo,S系列,S10,,,不开机,160,元/台,详见备注一,image,vivo.jpg,数码网报价单-0831更新/手机相关/vivo.jpg,1,0.98,visual_legacy_crosscheck
20260831-ea033fd210f9d6147db2-01,2026-08-31,手机,device,vivo,S系列,S10,,,深板·整机,160,元/台,详见备注一,image,vivo.jpg,数码网报价单-0831更新/手机相关/vivo.jpg,1,0.98,visual_legacy_crosscheck
20260831-e774ff2c3de9e75234fb-01,2026-08-31,手机,device,vivo,S系列,S9e (8+128),,,开机靓好,175,元/台,,image,vivo.jpg,数码网报价单-0831更新/手机相关/vivo.jpg,1,0.98,visual_legacy_crosscheck
20260831-98e5bc573d473a274dc3-01,2026-08-31,手机,device,vivo,S系列,S9e (8+128),,,开机屏好碎壳,175,元/台,,image,vivo.jpg,数码网报价单-0831更新/手机相关/vivo.jpg,1,0.98,visual_legacy_crosscheck
20260831-79285b646921bae28bb0-01,2026-08-31,手机,device,vivo,S系列,S9e (8+128),,,开机屏坏/外碎,175,元/台,,image,vivo.jpg,数码网报价单-0831更新/手机相关/vivo.jpg,1,0.98,visual_legacy_crosscheck
20260831-432949d2496814560d49-01,2026-08-31,手机,device,vivo,S系列,S9e (8+128),,,开机屏坏,175,元/台,,image,vivo.jpg,数码网报价单-0831更新/手机相关/vivo.jpg,1,0.98,visual_legacy_crosscheck
20260831-c9a258ed7224c2fe69d3-01,2026-08-31,手机,device,vivo,S系列,S9e (8+128),,,不开机,175,元/台,,image,vivo.jpg,数码网报价单-0831更新/手机相关/vivo.jpg,1,0.98,visual_legacy_crosscheck
20260831-ea438dc2f6cd425bcd2e-01,2026-08-31,手机,device,vivo,S系列,S9e (8+128),,,深板·整机,175,元/台,,image,vivo.jpg,数码网报价单-0831更新/手机相关/vivo.jpg,1,0.98,visual_legacy_crosscheck
20260831-57fb6ff91afd077c0641-01,2026-08-31,手机,device,vivo,S系列,S9e (8+256),,,开机靓好,230,元/台,,image,vivo.jpg,数码网报价单-0831更新/手机相关/vivo.jpg,1,0.98,visual_legacy_crosscheck
20260831-9b46818e9b3e3422c45d-01,2026-08-31,手机,device,vivo,S系列,S9e (8+256),,,开机屏好碎壳,230,元/台,,image,vivo.jpg,数码网报价单-0831更新/手机相关/vivo.jpg,1,0.98,visual_legacy_crosscheck
20260831-b9a663684b549e1ca681-01,2026-08-31,手机,device,vivo,S系列,S9e (8+256),,,开机屏坏/外碎,230,元/台,,image,vivo.jpg,数码网报价单-0831更新/手机相关/vivo.jpg,1,0.98,visual_legacy_crosscheck
20260831-54eb2a2ce52e395861fd-01,2026-08-31,手机,device,vivo,S系列,S9e (8+256),,,开机屏坏,230,元/台,,image,vivo.jpg,数码网报价单-0831更新/手机相关/vivo.jpg,1,0.98,visual_legacy_crosscheck
20260831-04eb47ce74b179efb416-01,2026-08-31,手机,device,vivo,S系列,S9e (8+256),,,不开机,230,元/台,,image,vivo.jpg,数码网报价单-0831更新/手机相关/vivo.jpg,1,0.98,visual_legacy_crosscheck
20260831-b2f296287aaabdbdd15a-01,2026-08-31,手机,device,vivo,S系列,S9e (8+256),,,深板·整机,230,元/台,,image,vivo.jpg,数码网报价单-0831更新/手机相关/vivo.jpg,1,0.98,visual_legacy_crosscheck
20260831-76a7f41272da3bc50d20-01,2026-08-31,手机,device,vivo,S系列,S9,,,开机靓好,160,元/台,详见备注一,image,vivo.jpg,数码网报价单-0831更新/手机相关/vivo.jpg,1,0.98,visual_legacy_crosscheck
20260831-f56c0f03e627c058c8ed-01,2026-08-31,手机,device,vivo,S系列,S9,,,开机屏好碎壳,160,元/台,详见备注一,image,vivo.jpg,数码网报价单-0831更新/手机相关/vivo.jpg,1,0.98,visual_legacy_crosscheck
20260831-294a366ec954626300a1-01,2026-08-31,手机,device,vivo,S系列,S9,,,开机屏坏/外碎,160,元/台,详见备注一,image,vivo.jpg,数码网报价单-0831更新/手机相关/vivo.jpg,1,0.98,visual_legacy_crosscheck
20260831-ee29724fc60bbc6f4632-01,2026-08-31,手机,device,vivo,S系列,S9,,,开机屏坏,160,元/台,详见备注一,image,vivo.jpg,数码网报价单-0831更新/手机相关/vivo.jpg,1,0.98,visual_legacy_crosscheck
20260831-99e668cfc3eabee19327-01,2026-08-31,手机,device,vivo,S系列,S9,,,不开机,160,元/台,详见备注一,image,vivo.jpg,数码网报价单-0831更新/手机相关/vivo.jpg,1,0.98,visual_legacy_crosscheck
20260831-58e53a78e6553726635a-01,2026-08-31,手机,device,vivo,S系列,S9,,,深板·整机,160,元/台,详见备注一,image,vivo.jpg,数码网报价单-0831更新/手机相关/vivo.jpg,1,0.98,visual_legacy_crosscheck
20260831-17707e9493ac762eb0ac-01,2026-08-31,手机,device,vivo,S系列,S7t,,,开机靓好,175,元/台,详见备注一,image,vivo.jpg,数码网报价单-0831更新/手机相关/vivo.jpg,1,0.98,visual_legacy_crosscheck
20260831-c00b4b25fea6e4ff9ffa-01,2026-08-31,手机,device,vivo,S系列,S7t,,,开机屏好碎壳,175,元/台,详见备注一,image,vivo.jpg,数码网报价单-0831更新/手机相关/vivo.jpg,1,0.98,visual_legacy_crosscheck
20260831-17649d9f5a58c511f715-01,2026-08-31,手机,device,vivo,S系列,S7t,,,开机屏坏/外碎,175,元/台,详见备注一,image,vivo.jpg,数码网报价单-0831更新/手机相关/vivo.jpg,1,0.98,visual_legacy_crosscheck
20260831-2ed70b7e2609d2442db2-01,2026-08-31,手机,device,vivo,S系列,S7t,,,开机屏坏,175,元/台,详见备注一,image,vivo.jpg,数码网报价单-0831更新/手机相关/vivo.jpg,1,0.98,visual_legacy_crosscheck
20260831-4a7ebc269414b9c096fe-01,2026-08-31,手机,device,vivo,S系列,S7t,,,不开机,175,元/台,详见备注一,image,vivo.jpg,数码网报价单-0831更新/手机相关/vivo.jpg,1,0.98,visual_legacy_crosscheck
20260831-c10831bd2f201d4d13d1-01,2026-08-31,手机,device,vivo,S系列,S7t,,,深板·整机,175,元/台,详见备注一,image,vivo.jpg,数码网报价单-0831更新/手机相关/vivo.jpg,1,0.98,visual_legacy_crosscheck
20260831-1ac6a13cad49e94dadd1-01,2026-08-31,手机,device,vivo,S系列,S7e 5G (8+128),,,开机靓好,175,元/台,,image,vivo.jpg,数码网报价单-0831更新/手机相关/vivo.jpg,1,0.98,visual_legacy_crosscheck
20260831-916ad0ec01b3c595b9a5-01,2026-08-31,手机,device,vivo,S系列,S7e 5G (8+128),,,开机屏好碎壳,175,元/台,,image,vivo.jpg,数码网报价单-0831更新/手机相关/vivo.jpg,1,0.98,visual_legacy_crosscheck
20260831-169992bc2a471f2b3213-01,2026-08-31,手机,device,vivo,S系列,S7e 5G (8+128),,,开机屏坏/外碎,175,元/台,,image,vivo.jpg,数码网报价单-0831更新/手机相关/vivo.jpg,1,0.98,visual_legacy_crosscheck
20260831-dd8f8b9caac336ec730a-01,2026-08-31,手机,device,vivo,S系列,S7e 5G (8+128),,,开机屏坏,175,元/台,,image,vivo.jpg,数码网报价单-0831更新/手机相关/vivo.jpg,1,0.98,visual_legacy_crosscheck
20260831-d78b7f12862a048c81bc-01,2026-08-31,手机,device,vivo,S系列,S7e 5G (8+128),,,不开机,175,元/台,,image,vivo.jpg,数码网报价单-0831更新/手机相关/vivo.jpg,1,0.98,visual_legacy_crosscheck
20260831-510a32cb2e3da773e2d5-01,2026-08-31,手机,device,vivo,S系列,S7e 5G (8+128),,,深板·整机,175,元/台,,image,vivo.jpg,数码网报价单-0831更新/手机相关/vivo.jpg,1,0.98,visual_legacy_crosscheck
20260831-0338f712870f6b8b0543-01,2026-08-31,手机,device,vivo,S系列,S7e 5G (8+256),,,开机靓好,230,元/台,,image,vivo.jpg,数码网报价单-0831更新/手机相关/vivo.jpg,1,0.98,visual_legacy_crosscheck
20260831-8b9141ddf9a5a526015e-01,2026-08-31,手机,device,vivo,S系列,S7e 5G (8+256),,,开机屏好碎壳,230,元/台,,image,vivo.jpg,数码网报价单-0831更新/手机相关/vivo.jpg,1,0.98,visual_legacy_crosscheck
20260831-eb1043652ca067250718-01,2026-08-31,手机,device,vivo,S系列,S7e 5G (8+256),,,开机屏坏/外碎,230,元/台,,image,vivo.jpg,数码网报价单-0831更新/手机相关/vivo.jpg,1,0.98,visual_legacy_crosscheck
20260831-ba4927a2390c95c3d31b-01,2026-08-31,手机,device,vivo,S系列,S7e 5G (8+256),,,开机屏坏,230,元/台,,image,vivo.jpg,数码网报价单-0831更新/手机相关/vivo.jpg,1,0.98,visual_legacy_crosscheck
20260831-40f6170e38b3a2f30935-01,2026-08-31,手机,device,vivo,S系列,S7e 5G (8+256),,,不开机,230,元/台,,image,vivo.jpg,数码网报价单-0831更新/手机相关/vivo.jpg,1,0.98,visual_legacy_crosscheck
20260831-ae2f6c6f36883d528a91-01,2026-08-31,手机,device,vivo,S系列,S7e 5G (8+256),,,深板·整机,230,元/台,,image,vivo.jpg,数码网报价单-0831更新/手机相关/vivo.jpg,1,0.98,visual_legacy_crosscheck
20260831-cdf3b582d35b2a0dde05-01,2026-08-31,手机,device,vivo,S系列,S7 (8+128),,,开机靓好,175,元/台,,image,vivo.jpg,数码网报价单-0831更新/手机相关/vivo.jpg,1,0.98,visual_legacy_crosscheck
20260831-e1b0bb44f27f2f4f597c-01,2026-08-31,手机,device,vivo,S系列,S7 (8+128),,,开机屏好碎壳,175,元/台,,image,vivo.jpg,数码网报价单-0831更新/手机相关/vivo.jpg,1,0.98,visual_legacy_crosscheck
20260831-bbad944f6ce925437502-01,2026-08-31,手机,device,vivo,S系列,S7 (8+128),,,开机屏坏/外碎,175,元/台,,image,vivo.jpg,数码网报价单-0831更新/手机相关/vivo.jpg,1,0.98,visual_legacy_crosscheck
20260831-0ca41b9e186aaeeccb79-01,2026-08-31,手机,device,vivo,S系列,S7 (8+128),,,开机屏坏,175,元/台,,image,vivo.jpg,数码网报价单-0831更新/手机相关/vivo.jpg,1,0.98,visual_legacy_crosscheck
20260831-85d60c5d4f4ad60d8a7e-01,2026-08-31,手机,device,vivo,S系列,S7 (8+128),,,不开机,175,元/台,,image,vivo.jpg,数码网报价单-0831更新/手机相关/vivo.jpg,1,0.98,visual_legacy_crosscheck
20260831-2d02a7086479b24e28e0-01,2026-08-31,手机,device,vivo,S系列,S7 (8+128),,,深板·整机,175,元/台,,image,vivo.jpg,数码网报价单-0831更新/手机相关/vivo.jpg,1,0.98,visual_legacy_crosscheck
20260831-2cb3c2d73d0d5b647243-01,2026-08-31,手机,device,vivo,S系列,S7 (8+256),,,开机靓好,230,元/台,,image,vivo.jpg,数码网报价单-0831更新/手机相关/vivo.jpg,1,0.98,visual_legacy_crosscheck
20260831-11cd4743aedc8ff755fc-01,2026-08-31,手机,device,vivo,S系列,S7 (8+256),,,开机屏好碎壳,230,元/台,,image,vivo.jpg,数码网报价单-0831更新/手机相关/vivo.jpg,1,0.98,visual_legacy_crosscheck
20260831-b927d5befc16b3aebcd1-01,2026-08-31,手机,device,vivo,S系列,S7 (8+256),,,开机屏坏/外碎,230,元/台,,image,vivo.jpg,数码网报价单-0831更新/手机相关/vivo.jpg,1,0.98,visual_legacy_crosscheck
20260831-d9191cb2a47c06dad82e-01,2026-08-31,手机,device,vivo,S系列,S7 (8+256),,,开机屏坏,230,元/台,,image,vivo.jpg,数码网报价单-0831更新/手机相关/vivo.jpg,1,0.98,visual_legacy_crosscheck
20260831-fe8ddac51a49c73d1715-01,2026-08-31,手机,device,vivo,S系列,S7 (8+256),,,不开机,230,元/台,,image,vivo.jpg,数码网报价单-0831更新/手机相关/vivo.jpg,1,0.98,visual_legacy_crosscheck
20260831-39da1664fde0dd99bbd8-01,2026-08-31,手机,device,vivo,S系列,S7 (8+256),,,深板·整机,230,元/台,,image,vivo.jpg,数码网报价单-0831更新/手机相关/vivo.jpg,1,0.98,visual_legacy_crosscheck
20260831-92e8148fe7b646ccbd0f-01,2026-08-31,手机,device,vivo,S系列,S6 (8+128),,,开机靓好,175,元/台,,image,vivo.jpg,数码网报价单-0831更新/手机相关/vivo.jpg,1,0.98,visual_legacy_crosscheck
20260831-9aa9504aba1e0d37ff51-01,2026-08-31,手机,device,vivo,S系列,S6 (8+128),,,开机屏好碎壳,175,元/台,,image,vivo.jpg,数码网报价单-0831更新/手机相关/vivo.jpg,1,0.98,visual_legacy_crosscheck
20260831-b52295ef597325ab5150-01,2026-08-31,手机,device,vivo,S系列,S6 (8+128),,,开机屏坏/外碎,175,元/台,,image,vivo.jpg,数码网报价单-0831更新/手机相关/vivo.jpg,1,0.98,visual_legacy_crosscheck
20260831-b561975b641fa8e93866-01,2026-08-31,手机,device,vivo,S系列,S6 (8+128),,,开机屏坏,175,元/台,,image,vivo.jpg,数码网报价单-0831更新/手机相关/vivo.jpg,1,0.98,visual_legacy_crosscheck
20260831-8ae3832901d27bee1430-01,2026-08-31,手机,device,vivo,S系列,S6 (8+128),,,不开机,175,元/台,,image,vivo.jpg,数码网报价单-0831更新/手机相关/vivo.jpg,1,0.98,visual_legacy_crosscheck
20260831-04e839e79fa77a00a39e-01,2026-08-31,手机,device,vivo,S系列,S6 (8+128),,,深板·整机,175,元/台,,image,vivo.jpg,数码网报价单-0831更新/手机相关/vivo.jpg,1,0.98,visual_legacy_crosscheck
20260831-3bda032062a5c17db503-01,2026-08-31,手机,device,vivo,S系列,S6 (8+256),,,开机靓好,230,元/台,,image,vivo.jpg,数码网报价单-0831更新/手机相关/vivo.jpg,1,0.98,visual_legacy_crosscheck
20260831-36e615706ee79c303f27-01,2026-08-31,手机,device,vivo,S系列,S6 (8+256),,,开机屏好碎壳,230,元/台,,image,vivo.jpg,数码网报价单-0831更新/手机相关/vivo.jpg,1,0.98,visual_legacy_crosscheck
20260831-0f236af186e8b7cd3653-01,2026-08-31,手机,device,vivo,S系列,S6 (8+256),,,开机屏坏/外碎,230,元/台,,image,vivo.jpg,数码网报价单-0831更新/手机相关/vivo.jpg,1,0.98,visual_legacy_crosscheck
20260831-46dbf2842c04bbeaba1b-01,2026-08-31,手机,device,vivo,S系列,S6 (8+256),,,开机屏坏,230,元/台,,image,vivo.jpg,数码网报价单-0831更新/手机相关/vivo.jpg,1,0.98,visual_legacy_crosscheck
20260831-59aa78bec6486abb57dc-01,2026-08-31,手机,device,vivo,S系列,S6 (8+256),,,不开机,230,元/台,,image,vivo.jpg,数码网报价单-0831更新/手机相关/vivo.jpg,1,0.98,visual_legacy_crosscheck
20260831-81a810163634feb0e5dc-01,2026-08-31,手机,device,vivo,S系列,S6 (8+256),,,深板·整机,230,元/台,,image,vivo.jpg,数码网报价单-0831更新/手机相关/vivo.jpg,1,0.98,visual_legacy_crosscheck
20260831-e41361a20fc25156a44e-01,2026-08-31,手机,device,vivo,S系列,S1 (4+128/6+128),,,开机靓好,175,元/台,详见备注二,image,vivo.jpg,数码网报价单-0831更新/手机相关/vivo.jpg,1,0.98,visual_legacy_crosscheck
20260831-e8fd66dbb286e2e93ced-01,2026-08-31,手机,device,vivo,S系列,S1 (4+128/6+128),,,开机屏好碎壳,175,元/台,详见备注二,image,vivo.jpg,数码网报价单-0831更新/手机相关/vivo.jpg,1,0.98,visual_legacy_crosscheck
20260831-8e4d9696d5097f50c04b-01,2026-08-31,手机,device,vivo,S系列,S1 (4+128/6+128),,,开机屏坏/外碎,175,元/台,详见备注二,image,vivo.jpg,数码网报价单-0831更新/手机相关/vivo.jpg,1,0.98,visual_legacy_crosscheck
20260831-335da125f1df6273fca4-01,2026-08-31,手机,device,vivo,S系列,S1 (4+128/6+128),,,开机屏坏,175,元/台,详见备注二,image,vivo.jpg,数码网报价单-0831更新/手机相关/vivo.jpg,1,0.98,visual_legacy_crosscheck
20260831-9b5a1e5b17cc77e7702e-01,2026-08-31,手机,device,vivo,S系列,S1 (4+128/6+128),,,不开机,175,元/台,详见备注二,image,vivo.jpg,数码网报价单-0831更新/手机相关/vivo.jpg,1,0.98,visual_legacy_crosscheck
20260831-0a7c4e7a867a9b572f59-01,2026-08-31,手机,device,vivo,S系列,S1 (4+128/6+128),,,深板·整机,175,元/台,详见备注二,image,vivo.jpg,数码网报价单-0831更新/手机相关/vivo.jpg,1,0.98,visual_legacy_crosscheck
20260831-ac395044c06d417f5131-01,2026-08-31,手机,device,vivo,S系列,S1 (6+256),,,开机靓好,195,元/台,,image,vivo.jpg,数码网报价单-0831更新/手机相关/vivo.jpg,1,0.98,visual_legacy_crosscheck
20260831-1c970052b3e15f7f9358-01,2026-08-31,手机,device,vivo,S系列,S1 (6+256),,,开机屏好碎壳,195,元/台,,image,vivo.jpg,数码网报价单-0831更新/手机相关/vivo.jpg,1,0.98,visual_legacy_crosscheck
20260831-80ff22b9fb0d98304a73-01,2026-08-31,手机,device,vivo,S系列,S1 (6+256),,,开机屏坏/外碎,195,元/台,,image,vivo.jpg,数码网报价单-0831更新/手机相关/vivo.jpg,1,0.98,visual_legacy_crosscheck
20260831-8e26aec97b8b2e1014c3-01,2026-08-31,手机,device,vivo,S系列,S1 (6+256),,,开机屏坏,195,元/台,,image,vivo.jpg,数码网报价单-0831更新/手机相关/vivo.jpg,1,0.98,visual_legacy_crosscheck
20260831-96244490f6feb7d520f5-01,2026-08-31,手机,device,vivo,S系列,S1 (6+256),,,不开机,195,元/台,,image,vivo.jpg,数码网报价单-0831更新/手机相关/vivo.jpg,1,0.98,visual_legacy_crosscheck
20260831-759e64da2747e72047d1-01,2026-08-31,手机,device,vivo,S系列,S1 (6+256),,,深板·整机,195,元/台,,image,vivo.jpg,数码网报价单-0831更新/手机相关/vivo.jpg,1,0.98,visual_legacy_crosscheck
20260831-9c91e4d89687b6430561-01,2026-08-31,手机,device,vivo,S系列,S1Pro,,,开机靓好,195,元/台,三星屏,image,vivo.jpg,数码网报价单-0831更新/手机相关/vivo.jpg,1,0.98,visual_legacy_crosscheck
20260831-0ede6287031197860d9c-01,2026-08-31,手机,device,vivo,S系列,S1Pro,,,开机屏好碎壳,195,元/台,三星屏,image,vivo.jpg,数码网报价单-0831更新/手机相关/vivo.jpg,1,0.98,visual_legacy_crosscheck
20260831-967721f9eaec9a05bc19-01,2026-08-31,手机,device,vivo,S系列,S1Pro,,,开机屏坏/外碎,195,元/台,三星屏,image,vivo.jpg,数码网报价单-0831更新/手机相关/vivo.jpg,1,0.98,visual_legacy_crosscheck
20260831-ecf22a598b5237da2cfc-01,2026-08-31,手机,device,vivo,S系列,S1Pro,,,开机屏坏,195,元/台,三星屏,image,vivo.jpg,数码网报价单-0831更新/手机相关/vivo.jpg,1,0.98,visual_legacy_crosscheck
20260831-a2c25042d73ed328bf1b-01,2026-08-31,手机,device,vivo,S系列,S1Pro,,,不开机,195,元/台,三星屏,image,vivo.jpg,数码网报价单-0831更新/手机相关/vivo.jpg,1,0.98,visual_legacy_crosscheck
20260831-a1439ba0b6108c569ff3-01,2026-08-31,手机,device,vivo,S系列,S1Pro,,,深板·整机,195,元/台,三星屏,image,vivo.jpg,数码网报价单-0831更新/手机相关/vivo.jpg,1,0.98,visual_legacy_crosscheck
20260831-05dfd448a5ed712949eb-01,2026-08-31,手机,device,vivo,S系列,S9e(停用),,,开机靓好,175,元/台,详见备注一,image,vivo.jpg,数码网报价单-0831更新/手机相关/vivo.jpg,1,0.98,visual_legacy_crosscheck
20260831-ed6a55646cab7913f2de-01,2026-08-31,手机,device,vivo,S系列,S9e(停用),,,开机屏好碎壳,175,元/台,详见备注一,image,vivo.jpg,数码网报价单-0831更新/手机相关/vivo.jpg,1,0.98,visual_legacy_crosscheck
20260831-9ce1d42476cda031a353-01,2026-08-31,手机,device,vivo,S系列,S9e(停用),,,开机屏坏/外碎,175,元/台,详见备注一,image,vivo.jpg,数码网报价单-0831更新/手机相关/vivo.jpg,1,0.98,visual_legacy_crosscheck
20260831-046ac5ab1cd02334b95c-01,2026-08-31,手机,device,vivo,S系列,S9e(停用),,,开机屏坏,175,元/台,详见备注一,image,vivo.jpg,数码网报价单-0831更新/手机相关/vivo.jpg,1,0.98,visual_legacy_crosscheck
20260831-a90b7879d724245dba03-01,2026-08-31,手机,device,vivo,S系列,S9e(停用),,,不开机,175,元/台,详见备注一,image,vivo.jpg,数码网报价单-0831更新/手机相关/vivo.jpg,1,0.98,visual_legacy_crosscheck
20260831-debd5597d446d0edb2f3-01,2026-08-31,手机,device,vivo,S系列,S9e(停用),,,深板·整机,175,元/台,详见备注一,image,vivo.jpg,数码网报价单-0831更新/手机相关/vivo.jpg,1,0.98,visual_legacy_crosscheck
20260831-90ffec130c5fe151d192-01,2026-08-31,手机,device,vivo,U系列,U3x,,,开机靓好,95,元/台,开机靓好、外屏好内屏好、无进水开机进处理，靓壳扣钱结算,image,vivo.jpg,数码网报价单-0831更新/手机相关/vivo.jpg,1,0.98,visual_legacy_crosscheck
20260831-dae942569dd0b8c1098b-01,2026-08-31,手机,device,vivo,U系列,U3x,,,开机屏好碎壳,95,元/台,开机靓好、外屏好内屏好、无进水开机进处理，靓壳扣钱结算,image,vivo.jpg,数码网报价单-0831更新/手机相关/vivo.jpg,1,0.98,visual_legacy_crosscheck
20260831-889c4ca56c403a43dab8-01,2026-08-31,手机,device,vivo,U系列,U3x,,,开机屏坏,95,元/台,开机靓好、外屏好内屏好、无进水开机进处理，靓壳扣钱结算,image,vivo.jpg,数码网报价单-0831更新/手机相关/vivo.jpg,1,0.98,visual_legacy_crosscheck
20260831-e4b433397f8197083cf7-01,2026-08-31,手机,device,vivo,U系列,U3x,,,不开机,95,元/台,开机靓好、外屏好内屏好、无进水开机进处理，靓壳扣钱结算,image,vivo.jpg,数码网报价单-0831更新/手机相关/vivo.jpg,1,0.98,visual_legacy_crosscheck
20260831-700d8aacef291b8a5a79-01,2026-08-31,手机,device,vivo,U系列,U3x,,,深板·整机,95,元/台,开机靓好、外屏好内屏好、无进水开机进处理，靓壳扣钱结算,image,vivo.jpg,数码网报价单-0831更新/手机相关/vivo.jpg,1,0.98,visual_legacy_crosscheck
20260831-485ff1ea5300c5858cf0-01,2026-08-31,手机,device,vivo,U系列,U3,,,开机靓好,120,元/台,,image,vivo.jpg,数码网报价单-0831更新/手机相关/vivo.jpg,1,0.98,visual_legacy_crosscheck
20260831-12c6a4bd5f64704917ee-01,2026-08-31,手机,device,vivo,U系列,U3,,,开机屏好碎壳,120,元/台,,image,vivo.jpg,数码网报价单-0831更新/手机相关/vivo.jpg,1,0.98,visual_legacy_crosscheck
20260831-61e8e86886e8770cea2d-01,2026-08-31,手机,device,vivo,U系列,U3,,,开机屏坏,120,元/台,,image,vivo.jpg,数码网报价单-0831更新/手机相关/vivo.jpg,1,0.98,visual_legacy_crosscheck
20260831-d06134d43e34f404f2e9-01,2026-08-31,手机,device,vivo,U系列,U3,,,不开机,120,元/台,,image,vivo.jpg,数码网报价单-0831更新/手机相关/vivo.jpg,1,0.98,visual_legacy_crosscheck
20260831-26350a06ba8b3c1c457b-01,2026-08-31,手机,device,vivo,U系列,U3,,,深板·整机,120,元/台,,image,vivo.jpg,数码网报价单-0831更新/手机相关/vivo.jpg,1,0.98,visual_legacy_crosscheck
20260831-9e05fda7d18dad25a728-01,2026-08-31,手机,device,vivo,U系列,U1,,,开机靓好,90,元/台,详见备注二,image,vivo.jpg,数码网报价单-0831更新/手机相关/vivo.jpg,1,0.98,visual_legacy_crosscheck
20260831-e09fa7e16e4d741a4088-01,2026-08-31,手机,device,vivo,U系列,U1,,,开机屏好碎壳,90,元/台,详见备注二,image,vivo.jpg,数码网报价单-0831更新/手机相关/vivo.jpg,1,0.98,visual_legacy_crosscheck
20260831-208b5e646f2cd59fc0a7-01,2026-08-31,手机,device,vivo,U系列,U1,,,开机屏坏,90,元/台,详见备注二,image,vivo.jpg,数码网报价单-0831更新/手机相关/vivo.jpg,1,0.98,visual_legacy_crosscheck
20260831-f6a26808239c5c47f983-01,2026-08-31,手机,device,vivo,U系列,U1,,,不开机,90,元/台,详见备注二,image,vivo.jpg,数码网报价单-0831更新/手机相关/vivo.jpg,1,0.98,visual_legacy_crosscheck
20260831-9ede5502824300d1f7fa-01,2026-08-31,手机,device,vivo,U系列,U1,,,深板·整机,90,元/台,详见备注二,image,vivo.jpg,数码网报价单-0831更新/手机相关/vivo.jpg,1,0.98,visual_legacy_crosscheck
20260831-885a98018c33b77bf998-01,2026-08-31,手机,device,vivo,点数系列,Y928,,,开机靓好,15,元/台,,image,vivo.jpg,数码网报价单-0831更新/手机相关/vivo.jpg,1,0.98,visual_legacy_crosscheck
20260831-043afb45b1f9226a797f-01,2026-08-31,手机,device,vivo,点数系列,Y928,,,开机屏好碎壳,15,元/台,,image,vivo.jpg,数码网报价单-0831更新/手机相关/vivo.jpg,1,0.98,visual_legacy_crosscheck
20260831-829b72e154890ecddf2b-01,2026-08-31,手机,device,vivo,点数系列,Y928,,,开机屏坏,15,元/台,,image,vivo.jpg,数码网报价单-0831更新/手机相关/vivo.jpg,1,0.98,visual_legacy_crosscheck
20260831-38b7590546f9870391fe-01,2026-08-31,手机,device,vivo,点数系列,Y928,,,不开机,15,元/台,,image,vivo.jpg,数码网报价单-0831更新/手机相关/vivo.jpg,1,0.98,visual_legacy_crosscheck
20260831-20d5a32bef692a33b490-01,2026-08-31,手机,device,vivo,点数系列,Y928,,,深板·整机,15,元/台,,image,vivo.jpg,数码网报价单-0831更新/手机相关/vivo.jpg,1,0.98,visual_legacy_crosscheck
20260831-4d1a3ee4a5ba269fa450-01,2026-08-31,手机,device,vivo,点数系列,Y710,,,开机靓好,15,元/台,,image,vivo.jpg,数码网报价单-0831更新/手机相关/vivo.jpg,1,0.98,visual_legacy_crosscheck
20260831-c57a6e2a1694296a589c-01,2026-08-31,手机,device,vivo,点数系列,Y710,,,开机屏好碎壳,15,元/台,,image,vivo.jpg,数码网报价单-0831更新/手机相关/vivo.jpg,1,0.98,visual_legacy_crosscheck
20260831-9633f32e2b46638c7563-01,2026-08-31,手机,device,vivo,点数系列,Y710,,,开机屏坏,15,元/台,,image,vivo.jpg,数码网报价单-0831更新/手机相关/vivo.jpg,1,0.98,visual_legacy_crosscheck
20260831-9a697f707b09583f7a32-01,2026-08-31,手机,device,vivo,点数系列,Y710,,,不开机,15,元/台,,image,vivo.jpg,数码网报价单-0831更新/手机相关/vivo.jpg,1,0.98,visual_legacy_crosscheck
20260831-6dc4fa868926086f04bb-01,2026-08-31,手机,device,vivo,点数系列,Y710,,,深板·整机,15,元/台,,image,vivo.jpg,数码网报价单-0831更新/手机相关/vivo.jpg,1,0.98,visual_legacy_crosscheck
20260831-2d070e1fc6a70ef76c9d-01,2026-08-31,手机,device,vivo,点数系列,X628,,,开机靓好,15,元/台,,image,vivo.jpg,数码网报价单-0831更新/手机相关/vivo.jpg,1,0.98,visual_legacy_crosscheck
20260831-752ea73bf5686a3420ae-01,2026-08-31,手机,device,vivo,点数系列,X628,,,开机屏好碎壳,15,元/台,,image,vivo.jpg,数码网报价单-0831更新/手机相关/vivo.jpg,1,0.98,visual_legacy_crosscheck
20260831-2c3360bb9873dcd38f5a-01,2026-08-31,手机,device,vivo,点数系列,X628,,,开机屏坏,15,元/台,,image,vivo.jpg,数码网报价单-0831更新/手机相关/vivo.jpg,1,0.98,visual_legacy_crosscheck
20260831-0a5f2e82434ceebd9d3d-01,2026-08-31,手机,device,vivo,点数系列,X628,,,不开机,15,元/台,,image,vivo.jpg,数码网报价单-0831更新/手机相关/vivo.jpg,1,0.98,visual_legacy_crosscheck
20260831-d088532a3155d182f71e-01,2026-08-31,手机,device,vivo,点数系列,X628,,,深板·整机,15,元/台,,image,vivo.jpg,数码网报价单-0831更新/手机相关/vivo.jpg,1,0.98,visual_legacy_crosscheck
20260831-46feeba7a976dd27e4ea-01,2026-08-31,手机,device,vivo,点数系列,X520,,,开机靓好,15,元/台,,image,vivo.jpg,数码网报价单-0831更新/手机相关/vivo.jpg,1,0.98,visual_legacy_crosscheck
20260831-73fc8ba116a33837905c-01,2026-08-31,手机,device,vivo,点数系列,X520,,,开机屏好碎壳,15,元/台,,image,vivo.jpg,数码网报价单-0831更新/手机相关/vivo.jpg,1,0.98,visual_legacy_crosscheck
20260831-4d509444c85157472abd-01,2026-08-31,手机,device,vivo,点数系列,X520,,,开机屏坏,15,元/台,,image,vivo.jpg,数码网报价单-0831更新/手机相关/vivo.jpg,1,0.98,visual_legacy_crosscheck
20260831-deb4988b4b29e83a2561-01,2026-08-31,手机,device,vivo,点数系列,X520,,,不开机,15,元/台,,image,vivo.jpg,数码网报价单-0831更新/手机相关/vivo.jpg,1,0.98,visual_legacy_crosscheck
20260831-dcd88a86532073f1847e-01,2026-08-31,手机,device,vivo,点数系列,X520,,,深板·整机,15,元/台,,image,vivo.jpg,数码网报价单-0831更新/手机相关/vivo.jpg,1,0.98,visual_legacy_crosscheck
20260831-00c7244090eec415b61d-01,2026-08-31,手机,device,vivo,点数系列,X510,,,开机靓好,15,元/台,,image,vivo.jpg,数码网报价单-0831更新/手机相关/vivo.jpg,1,0.98,visual_legacy_crosscheck
20260831-179031c1aa0a05fb8191-01,2026-08-31,手机,device,vivo,点数系列,X510,,,开机屏好碎壳,15,元/台,,image,vivo.jpg,数码网报价单-0831更新/手机相关/vivo.jpg,1,0.98,visual_legacy_crosscheck
20260831-8063d2645f6b6de3c073-01,2026-08-31,手机,device,vivo,点数系列,X510,,,开机屏坏,15,元/台,,image,vivo.jpg,数码网报价单-0831更新/手机相关/vivo.jpg,1,0.98,visual_legacy_crosscheck
20260831-8de2991dc329e3cf037e-01,2026-08-31,手机,device,vivo,点数系列,X510,,,不开机,15,元/台,,image,vivo.jpg,数码网报价单-0831更新/手机相关/vivo.jpg,1,0.98,visual_legacy_crosscheck
20260831-c778f818aae9a7786429-01,2026-08-31,手机,device,vivo,点数系列,X510,,,深板·整机,15,元/台,,image,vivo.jpg,数码网报价单-0831更新/手机相关/vivo.jpg,1,0.98,visual_legacy_crosscheck
20260831-da00aa3f4d91a058cd62-01,2026-08-31,手机,device,vivo,点数系列,X5m,,,开机靓好,20,元/台,,image,vivo.jpg,数码网报价单-0831更新/手机相关/vivo.jpg,1,0.98,visual_legacy_crosscheck
20260831-830cb4b9fbe935eb5552-01,2026-08-31,手机,device,vivo,点数系列,X5m,,,开机屏好碎壳,20,元/台,,image,vivo.jpg,数码网报价单-0831更新/手机相关/vivo.jpg,1,0.98,visual_legacy_crosscheck
20260831-0356bbd419508f8d2fe7-01,2026-08-31,手机,device,vivo,点数系列,X5m,,,开机屏坏,20,元/台,,image,vivo.jpg,数码网报价单-0831更新/手机相关/vivo.jpg,1,0.98,visual_legacy_crosscheck
20260831-9b79a9d12fa400dc0e63-01,2026-08-31,手机,device,vivo,点数系列,X5m,,,不开机,20,元/台,,image,vivo.jpg,数码网报价单-0831更新/手机相关/vivo.jpg,1,0.98,visual_legacy_crosscheck
20260831-dd3118e39b3df712423f-01,2026-08-31,手机,device,vivo,点数系列,X5m,,,深板·整机,20,元/台,,image,vivo.jpg,数码网报价单-0831更新/手机相关/vivo.jpg,1,0.98,visual_legacy_crosscheck
20260831-8dbe67bb74c98590164f-01,2026-08-31,手机,device,vivo,点数系列,X5l,,,开机靓好,25,元/台,,image,vivo.jpg,数码网报价单-0831更新/手机相关/vivo.jpg,1,0.98,visual_legacy_crosscheck
20260831-54fceadf00cc61ae3f76-01,2026-08-31,手机,device,vivo,点数系列,X5l,,,开机屏好碎壳,25,元/台,,image,vivo.jpg,数码网报价单-0831更新/手机相关/vivo.jpg,1,0.98,visual_legacy_crosscheck
20260831-d37fb684752b3eb87b4d-01,2026-08-31,手机,device,vivo,点数系列,X5l,,,开机屏坏,25,元/台,,image,vivo.jpg,数码网报价单-0831更新/手机相关/vivo.jpg,1,0.98,visual_legacy_crosscheck
20260831-329604923023c371bcca-01,2026-08-31,手机,device,vivo,点数系列,X5l,,,不开机,25,元/台,,image,vivo.jpg,数码网报价单-0831更新/手机相关/vivo.jpg,1,0.98,visual_legacy_crosscheck
20260831-5def13486d9a5b94e013-01,2026-08-31,手机,device,vivo,点数系列,X5l,,,深板·整机,25,元/台,,image,vivo.jpg,数码网报价单-0831更新/手机相关/vivo.jpg,1,0.98,visual_legacy_crosscheck
20260831-e974d3c6d26d4fb10054-01,2026-08-31,手机,device,vivo,点数系列,927,,,开机靓好,10,元/台,,image,vivo.jpg,数码网报价单-0831更新/手机相关/vivo.jpg,1,0.98,visual_legacy_crosscheck
20260831-0067bbf616a8fa99ea60-01,2026-08-31,手机,device,vivo,点数系列,927,,,开机屏好碎壳,/,元/台,,image,vivo.jpg,数码网报价单-0831更新/手机相关/vivo.jpg,1,0.98,visual_legacy_crosscheck
20260831-8d6446efcaf81a530e8e-01,2026-08-31,手机,device,vivo,点数系列,927,,,开机屏坏/外碎,10,元/台,,image,vivo.jpg,数码网报价单-0831更新/手机相关/vivo.jpg,1,0.98,visual_legacy_crosscheck
20260831-9904a8ee59471c3a6516-01,2026-08-31,手机,device,vivo,点数系列,927,,,开机屏坏,10,元/台,,image,vivo.jpg,数码网报价单-0831更新/手机相关/vivo.jpg,1,0.98,visual_legacy_crosscheck
20260831-a79995df61ccb5efc6a3-01,2026-08-31,手机,device,vivo,点数系列,927,,,不开机,8,元/台,,image,vivo.jpg,数码网报价单-0831更新/手机相关/vivo.jpg,1,0.98,visual_legacy_crosscheck
20260831-b90a468d6943baf0579b-01,2026-08-31,手机,device,vivo,点数系列,Y37,,,开机靓好,25,元/台,,image,vivo.jpg,数码网报价单-0831更新/手机相关/vivo.jpg,1,0.98,visual_legacy_crosscheck
20260831-93e851084912a049c6be-01,2026-08-31,手机,device,vivo,点数系列,Y37,,,开机屏好碎壳,25,元/台,,image,vivo.jpg,数码网报价单-0831更新/手机相关/vivo.jpg,1,0.98,visual_legacy_crosscheck
20260831-8c9a4cb779de82102dd1-01,2026-08-31,手机,device,vivo,点数系列,Y37,,,开机屏坏,25,元/台,,image,vivo.jpg,数码网报价单-0831更新/手机相关/vivo.jpg,1,0.98,visual_legacy_crosscheck
20260831-09429ecf0e99f3e1d39a-01,2026-08-31,手机,device,vivo,点数系列,Y37,,,不开机,25,元/台,,image,vivo.jpg,数码网报价单-0831更新/手机相关/vivo.jpg,1,0.98,visual_legacy_crosscheck
20260831-b678fbd3b37845a8c848-01,2026-08-31,手机,device,vivo,点数系列,Y37,,,深板·整机,25,元/台,,image,vivo.jpg,数码网报价单-0831更新/手机相关/vivo.jpg,1,0.98,visual_legacy_crosscheck
20260831-7626419ed2d77eb2f9d7-01,2026-08-31,手机,device,vivo,点数系列,Y35老款,,,开机靓好,25,元/台,,image,vivo.jpg,数码网报价单-0831更新/手机相关/vivo.jpg,1,0.98,visual_legacy_crosscheck
20260831-b6ccba7dc18610def1f2-01,2026-08-31,手机,device,vivo,点数系列,Y35老款,,,开机屏好碎壳,25,元/台,,image,vivo.jpg,数码网报价单-0831更新/手机相关/vivo.jpg,1,0.98,visual_legacy_crosscheck
20260831-78a4832bba0a15fd75d0-01,2026-08-31,手机,device,vivo,点数系列,Y35老款,,,开机屏坏,25,元/台,,image,vivo.jpg,数码网报价单-0831更新/手机相关/vivo.jpg,1,0.98,visual_legacy_crosscheck
20260831-6fbfcee0ba623bd3c18a-01,2026-08-31,手机,device,vivo,点数系列,Y35老款,,,不开机,25,元/台,,image,vivo.jpg,数码网报价单-0831更新/手机相关/vivo.jpg,1,0.98,visual_legacy_crosscheck
20260831-2e9977e47420031880af-01,2026-08-31,手机,device,vivo,点数系列,Y35老款,,,深板·整机,25,元/台,,image,vivo.jpg,数码网报价单-0831更新/手机相关/vivo.jpg,1,0.98,visual_legacy_crosscheck
20260831-48868135ea339d912b36-01,2026-08-31,手机,device,vivo,点数系列,Y33,,,开机靓好,15,元/台,五成看好,image,vivo.jpg,数码网报价单-0831更新/手机相关/vivo.jpg,1,0.98,visual_legacy_crosscheck
20260831-2253590f8df32b3b18cc-01,2026-08-31,手机,device,vivo,点数系列,Y33,,,开机屏好碎壳,15,元/台,五成看好,image,vivo.jpg,数码网报价单-0831更新/手机相关/vivo.jpg,1,0.98,visual_legacy_crosscheck
20260831-b572f1e8f1d9cdd218c2-01,2026-08-31,手机,device,vivo,点数系列,Y33,,,开机屏坏,15,元/台,五成看好,image,vivo.jpg,数码网报价单-0831更新/手机相关/vivo.jpg,1,0.98,visual_legacy_crosscheck
20260831-fc68535c65b18c430178-01,2026-08-31,手机,device,vivo,点数系列,Y33,,,不开机,15,元/台,五成看好,image,vivo.jpg,数码网报价单-0831更新/手机相关/vivo.jpg,1,0.98,visual_legacy_crosscheck
20260831-699cd85c6623ab9f84f7-01,2026-08-31,手机,device,vivo,点数系列,Y33,,,深板·整机,15,元/台,五成看好,image,vivo.jpg,数码网报价单-0831更新/手机相关/vivo.jpg,1,0.98,visual_legacy_crosscheck
20260831-3c80dfd73e1a12edb104-01,2026-08-31,手机,device,vivo,点数系列,Y31a,,,开机靓好,25,元/台,,image,vivo.jpg,数码网报价单-0831更新/手机相关/vivo.jpg,1,0.98,visual_legacy_crosscheck
20260831-ca5aee374df593618a69-01,2026-08-31,手机,device,vivo,点数系列,Y31a,,,开机屏好碎壳,25,元/台,,image,vivo.jpg,数码网报价单-0831更新/手机相关/vivo.jpg,1,0.98,visual_legacy_crosscheck
20260831-56fd0e934772fb2ffd57-01,2026-08-31,手机,device,vivo,点数系列,Y31a,,,开机屏坏,25,元/台,,image,vivo.jpg,数码网报价单-0831更新/手机相关/vivo.jpg,1,0.98,visual_legacy_crosscheck
20260831-e172c3b722b06da3a445-01,2026-08-31,手机,device,vivo,点数系列,Y31a,,,不开机,25,元/台,,image,vivo.jpg,数码网报价单-0831更新/手机相关/vivo.jpg,1,0.98,visual_legacy_crosscheck
20260831-e9eeb2d930a54907d8d9-01,2026-08-31,手机,device,vivo,点数系列,Y31a,,,深板·整机,25,元/台,,image,vivo.jpg,数码网报价单-0831更新/手机相关/vivo.jpg,1,0.98,visual_legacy_crosscheck
20260831-2cbd10a5ac495cb5333c-01,2026-08-31,手机,device,vivo,点数系列,Y31,,,开机靓好,25,元/台,五成看好,image,vivo.jpg,数码网报价单-0831更新/手机相关/vivo.jpg,1,0.98,visual_legacy_crosscheck
20260831-89f113ddb80844acd124-01,2026-08-31,手机,device,vivo,点数系列,Y31,,,开机屏好碎壳,25,元/台,五成看好,image,vivo.jpg,数码网报价单-0831更新/手机相关/vivo.jpg,1,0.98,visual_legacy_crosscheck
20260831-3b5a01b402bbc6d18942-01,2026-08-31,手机,device,vivo,点数系列,Y31,,,开机屏坏,25,元/台,五成看好,image,vivo.jpg,数码网报价单-0831更新/手机相关/vivo.jpg,1,0.98,visual_legacy_crosscheck
20260831-7748a9433cfeeee20820-01,2026-08-31,手机,device,vivo,点数系列,Y31,,,不开机,25,元/台,五成看好,image,vivo.jpg,数码网报价单-0831更新/手机相关/vivo.jpg,1,0.98,visual_legacy_crosscheck
20260831-72019e2654a004e40894-01,2026-08-31,手机,device,vivo,点数系列,Y31,,,深板·整机,25,元/台,五成看好,image,vivo.jpg,数码网报价单-0831更新/手机相关/vivo.jpg,1,0.98,visual_legacy_crosscheck
20260831-988a35b7982377c7fa5b-01,2026-08-31,手机,device,vivo,点数系列,X3l,,,开机靓好,25,元/台,,image,vivo.jpg,数码网报价单-0831更新/手机相关/vivo.jpg,1,0.98,visual_legacy_crosscheck
20260831-6839f0866227215a2064-01,2026-08-31,手机,device,vivo,点数系列,X3l,,,开机屏好碎壳,25,元/台,,image,vivo.jpg,数码网报价单-0831更新/手机相关/vivo.jpg,1,0.98,visual_legacy_crosscheck
20260831-b366f8beb6badd95a1a6-01,2026-08-31,手机,device,vivo,点数系列,X3l,,,开机屏坏,25,元/台,,image,vivo.jpg,数码网报价单-0831更新/手机相关/vivo.jpg,1,0.98,visual_legacy_crosscheck
20260831-dabf1c0eb1968700766a-01,2026-08-31,手机,device,vivo,点数系列,X3l,,,不开机,25,元/台,,image,vivo.jpg,数码网报价单-0831更新/手机相关/vivo.jpg,1,0.98,visual_legacy_crosscheck
20260831-9e7771b080ae531b4898-01,2026-08-31,手机,device,vivo,点数系列,X3l,,,深板·整机,25,元/台,,image,vivo.jpg,数码网报价单-0831更新/手机相关/vivo.jpg,1,0.98,visual_legacy_crosscheck
20260831-fc6bfcb63c382f8e0468-01,2026-08-31,手机,device,vivo,点数系列,Y29,,,开机靓好,15,元/台,五成看好,image,vivo.jpg,数码网报价单-0831更新/手机相关/vivo.jpg,1,0.98,visual_legacy_crosscheck
20260831-9be1978d90667dac26c0-01,2026-08-31,手机,device,vivo,点数系列,Y29,,,开机屏好碎壳,15,元/台,五成看好,image,vivo.jpg,数码网报价单-0831更新/手机相关/vivo.jpg,1,0.98,visual_legacy_crosscheck
20260831-411b44876f930c60a6bf-01,2026-08-31,手机,device,vivo,点数系列,Y29,,,开机屏坏,15,元/台,五成看好,image,vivo.jpg,数码网报价单-0831更新/手机相关/vivo.jpg,1,0.98,visual_legacy_crosscheck
20260831-4b83335c3c7cbcce2433-01,2026-08-31,手机,device,vivo,点数系列,Y29,,,不开机,15,元/台,五成看好,image,vivo.jpg,数码网报价单-0831更新/手机相关/vivo.jpg,1,0.98,visual_legacy_crosscheck
20260831-c413a4dc776a55f60194-01,2026-08-31,手机,device,vivo,点数系列,Y29,,,深板·整机,15,元/台,五成看好,image,vivo.jpg,数码网报价单-0831更新/手机相关/vivo.jpg,1,0.98,visual_legacy_crosscheck
20260831-476ed11fe142c6e4a4fe-01,2026-08-31,手机,device,vivo,点数系列,Y28,,,开机靓好,15,元/台,,image,vivo.jpg,数码网报价单-0831更新/手机相关/vivo.jpg,1,0.98,visual_legacy_crosscheck
20260831-d9a1a4223a334e9ae2a7-01,2026-08-31,手机,device,vivo,点数系列,Y28,,,开机屏好碎壳,15,元/台,,image,vivo.jpg,数码网报价单-0831更新/手机相关/vivo.jpg,1,0.98,visual_legacy_crosscheck
20260831-dee07a7e527dcfc05ca7-01,2026-08-31,手机,device,vivo,点数系列,Y28,,,开机屏坏,15,元/台,,image,vivo.jpg,数码网报价单-0831更新/手机相关/vivo.jpg,1,0.98,visual_legacy_crosscheck
20260831-ab32946e3425b2cb481e-01,2026-08-31,手机,device,vivo,点数系列,Y28,,,不开机,15,元/台,,image,vivo.jpg,数码网报价单-0831更新/手机相关/vivo.jpg,1,0.98,visual_legacy_crosscheck
20260831-0add57a44e0f42aa954d-01,2026-08-31,手机,device,vivo,点数系列,Y28,,,深板·整机,15,元/台,,image,vivo.jpg,数码网报价单-0831更新/手机相关/vivo.jpg,1,0.98,visual_legacy_crosscheck
20260831-c86fc8e8baa49f4ca00b-01,2026-08-31,手机,device,vivo,点数系列,Y27,,,开机靓好,15,元/台,,image,vivo.jpg,数码网报价单-0831更新/手机相关/vivo.jpg,1,0.98,visual_legacy_crosscheck
20260831-46e012da2ab1ed91b424-01,2026-08-31,手机,device,vivo,点数系列,Y27,,,开机屏好碎壳,15,元/台,,image,vivo.jpg,数码网报价单-0831更新/手机相关/vivo.jpg,1,0.98,visual_legacy_crosscheck
20260831-0afe450c77be61d79862-01,2026-08-31,手机,device,vivo,点数系列,Y27,,,开机屏坏,15,元/台,,image,vivo.jpg,数码网报价单-0831更新/手机相关/vivo.jpg,1,0.98,visual_legacy_crosscheck
20260831-72b19bef19d301fcac68-01,2026-08-31,手机,device,vivo,点数系列,Y27,,,不开机,15,元/台,,image,vivo.jpg,数码网报价单-0831更新/手机相关/vivo.jpg,1,0.98,visual_legacy_crosscheck
20260831-3073bcd493a6a0134717-01,2026-08-31,手机,device,vivo,点数系列,Y27,,,深板·整机,15,元/台,,image,vivo.jpg,数码网报价单-0831更新/手机相关/vivo.jpg,1,0.98,visual_legacy_crosscheck
20260831-5d1342481780e83ec69d-01,2026-08-31,手机,device,vivo,点数系列,Y23,,,开机靓好,15,元/台,七成看角好,image,vivo.jpg,数码网报价单-0831更新/手机相关/vivo.jpg,1,0.98,visual_legacy_crosscheck
20260831-bac02cb70997eb2de04c-01,2026-08-31,手机,device,vivo,点数系列,Y23,,,开机屏好碎壳,15,元/台,七成看角好,image,vivo.jpg,数码网报价单-0831更新/手机相关/vivo.jpg,1,0.98,visual_legacy_crosscheck
20260831-4058128728a7d144acba-01,2026-08-31,手机,device,vivo,点数系列,Y23,,,开机屏坏,15,元/台,七成看角好,image,vivo.jpg,数码网报价单-0831更新/手机相关/vivo.jpg,1,0.98,visual_legacy_crosscheck
20260831-9ac3f4eaa69ae1e88b36-01,2026-08-31,手机,device,vivo,点数系列,Y23,,,不开机,15,元/台,七成看角好,image,vivo.jpg,数码网报价单-0831更新/手机相关/vivo.jpg,1,0.98,visual_legacy_crosscheck
20260831-e960bfb14a103bc9f1b6-01,2026-08-31,手机,device,vivo,点数系列,Y23,,,深板·整机,15,元/台,七成看角好,image,vivo.jpg,数码网报价单-0831更新/手机相关/vivo.jpg,1,0.98,visual_legacy_crosscheck
20260831-3d976ac471954aa645e0-01,2026-08-31,手机,device,vivo,点数系列,Y23l,,,开机靓好,15,元/台,,image,vivo.jpg,数码网报价单-0831更新/手机相关/vivo.jpg,1,0.98,visual_legacy_crosscheck
20260831-224113fb0a5f9a071204-01,2026-08-31,手机,device,vivo,点数系列,Y23l,,,开机屏好碎壳,15,元/台,,image,vivo.jpg,数码网报价单-0831更新/手机相关/vivo.jpg,1,0.98,visual_legacy_crosscheck
20260831-8d8aa40fbe478bc6ccea-01,2026-08-31,手机,device,vivo,点数系列,Y23l,,,开机屏坏,15,元/台,,image,vivo.jpg,数码网报价单-0831更新/手机相关/vivo.jpg,1,0.98,visual_legacy_crosscheck
20260831-9d43464c2d97324d1e55-01,2026-08-31,手机,device,vivo,点数系列,Y23l,,,不开机,15,元/台,,image,vivo.jpg,数码网报价单-0831更新/手机相关/vivo.jpg,1,0.98,visual_legacy_crosscheck
20260831-c16b652d444de62f5cdd-01,2026-08-31,手机,device,vivo,点数系列,Y23l,,,深板·整机,15,元/台,,image,vivo.jpg,数码网报价单-0831更新/手机相关/vivo.jpg,1,0.98,visual_legacy_crosscheck
20260831-9b3807c45405b6083191-01,2026-08-31,手机,device,vivo,点数系列,Y22l,,,开机靓好,10,元/台,,image,vivo.jpg,数码网报价单-0831更新/手机相关/vivo.jpg,1,0.98,visual_legacy_crosscheck
20260831-f4ba3f65ea546a071f12-01,2026-08-31,手机,device,vivo,点数系列,Y22l,,,开机屏好碎壳,10,元/台,,image,vivo.jpg,数码网报价单-0831更新/手机相关/vivo.jpg,1,0.98,visual_legacy_crosscheck
20260831-4f6004d8d973355f1db5-01,2026-08-31,手机,device,vivo,点数系列,Y22l,,,开机屏坏,10,元/台,,image,vivo.jpg,数码网报价单-0831更新/手机相关/vivo.jpg,1,0.98,visual_legacy_crosscheck
20260831-d3a53c9751d52c5f425c-01,2026-08-31,手机,device,vivo,点数系列,Y22l,,,不开机,10,元/台,,image,vivo.jpg,数码网报价单-0831更新/手机相关/vivo.jpg,1,0.98,visual_legacy_crosscheck
20260831-dc272ae1002a276b4a46-01,2026-08-31,手机,device,vivo,点数系列,Y22l,,,深板·整机,10,元/台,,image,vivo.jpg,数码网报价单-0831更新/手机相关/vivo.jpg,1,0.98,visual_legacy_crosscheck
20260831-acc6d9793167cbd1e1fc-01,2026-08-31,手机,device,vivo,点数系列,Y20,,,开机靓好,10,元/台,六成看好,image,vivo.jpg,数码网报价单-0831更新/手机相关/vivo.jpg,1,0.98,visual_legacy_crosscheck
20260831-934d7b1919a617c128e1-01,2026-08-31,手机,device,vivo,点数系列,Y20,,,开机屏好碎壳,10,元/台,六成看好,image,vivo.jpg,数码网报价单-0831更新/手机相关/vivo.jpg,1,0.98,visual_legacy_crosscheck
20260831-11e9d738949700bc8a68-01,2026-08-31,手机,device,vivo,点数系列,Y20,,,开机屏坏,10,元/台,六成看好,image,vivo.jpg,数码网报价单-0831更新/手机相关/vivo.jpg,1,0.98,visual_legacy_crosscheck
20260831-d7136646425b16311c97-01,2026-08-31,手机,device,vivo,点数系列,Y20,,,不开机,10,元/台,六成看好,image,vivo.jpg,数码网报价单-0831更新/手机相关/vivo.jpg,1,0.98,visual_legacy_crosscheck
20260831-91aa4d3e70522cbfe9f0-01,2026-08-31,手机,device,vivo,点数系列,Y20,,,深板·整机,10,元/台,六成看好,image,vivo.jpg,数码网报价单-0831更新/手机相关/vivo.jpg,1,0.98,visual_legacy_crosscheck
20260831-a7bc3464b1311b86956c-01,2026-08-31,手机,device,vivo,点数系列,Y19,,,开机靓好,10,元/台,,image,vivo.jpg,数码网报价单-0831更新/手机相关/vivo.jpg,1,0.98,visual_legacy_crosscheck
20260831-0e5c53150e66c8afe044-01,2026-08-31,手机,device,vivo,点数系列,Y19,,,开机屏好碎壳,10,元/台,,image,vivo.jpg,数码网报价单-0831更新/手机相关/vivo.jpg,1,0.98,visual_legacy_crosscheck
20260831-9f38f4881351cf453b7c-01,2026-08-31,手机,device,vivo,点数系列,Y19,,,开机屏坏,10,元/台,,image,vivo.jpg,数码网报价单-0831更新/手机相关/vivo.jpg,1,0.98,visual_legacy_crosscheck
20260831-67fa657cba22624660c4-01,2026-08-31,手机,device,vivo,点数系列,Y19,,,不开机,10,元/台,,image,vivo.jpg,数码网报价单-0831更新/手机相关/vivo.jpg,1,0.98,visual_legacy_crosscheck
20260831-fc11faeecf45d59e93cc-01,2026-08-31,手机,device,vivo,点数系列,Y19,,,深板·整机,10,元/台,,image,vivo.jpg,数码网报价单-0831更新/手机相关/vivo.jpg,1,0.98,visual_legacy_crosscheck
20260831-e2bdfbcb7d3db04c6810-01,2026-08-31,手机,device,vivo,点数系列,Y18,,,开机靓好,10,元/台,,image,vivo.jpg,数码网报价单-0831更新/手机相关/vivo.jpg,1,0.98,visual_legacy_crosscheck
20260831-3e181944dc9801ab521b-01,2026-08-31,手机,device,vivo,点数系列,Y18,,,开机屏好碎壳,10,元/台,,image,vivo.jpg,数码网报价单-0831更新/手机相关/vivo.jpg,1,0.98,visual_legacy_crosscheck
20260831-9f8879f41f7d2a8b75f1-01,2026-08-31,手机,device,vivo,点数系列,Y18,,,开机屏坏,10,元/台,,image,vivo.jpg,数码网报价单-0831更新/手机相关/vivo.jpg,1,0.98,visual_legacy_crosscheck
20260831-8be5f1315d8f1b1b5350-01,2026-08-31,手机,device,vivo,点数系列,Y18,,,不开机,10,元/台,,image,vivo.jpg,数码网报价单-0831更新/手机相关/vivo.jpg,1,0.98,visual_legacy_crosscheck
20260831-3f8962930ae63174178f-01,2026-08-31,手机,device,vivo,点数系列,Y18,,,深板·整机,10,元/台,,image,vivo.jpg,数码网报价单-0831更新/手机相关/vivo.jpg,1,0.98,visual_legacy_crosscheck
20260831-5923279e4139925d9f18-01,2026-08-31,手机,device,vivo,点数系列,Y17,,,开机靓好,10,元/台,四成看好,image,vivo.jpg,数码网报价单-0831更新/手机相关/vivo.jpg,1,0.98,visual_legacy_crosscheck
20260831-8ff010fd89d832b84257-01,2026-08-31,手机,device,vivo,点数系列,Y17,,,开机屏好碎壳,10,元/台,四成看好,image,vivo.jpg,数码网报价单-0831更新/手机相关/vivo.jpg,1,0.98,visual_legacy_crosscheck
20260831-21b4d54efa9e0ad2b289-01,2026-08-31,手机,device,vivo,点数系列,Y17,,,开机屏坏,10,元/台,四成看好,image,vivo.jpg,数码网报价单-0831更新/手机相关/vivo.jpg,1,0.98,visual_legacy_crosscheck
20260831-1d45fa31513d575b722d-01,2026-08-31,手机,device,vivo,点数系列,Y17,,,不开机,10,元/台,四成看好,image,vivo.jpg,数码网报价单-0831更新/手机相关/vivo.jpg,1,0.98,visual_legacy_crosscheck
20260831-6e88a7922cff621254c2-01,2026-08-31,手机,device,vivo,点数系列,Y17,,,深板·整机,10,元/台,四成看好,image,vivo.jpg,数码网报价单-0831更新/手机相关/vivo.jpg,1,0.98,visual_legacy_crosscheck
20260831-f28f78bf613be3813c7a-01,2026-08-31,手机,device,vivo,点数系列,小卡Y15,,,开机靓好,10,元/台,,image,vivo.jpg,数码网报价单-0831更新/手机相关/vivo.jpg,1,0.98,visual_legacy_crosscheck
20260831-a255616ad8605d795d56-01,2026-08-31,手机,device,vivo,点数系列,小卡Y15,,,开机屏好碎壳,10,元/台,,image,vivo.jpg,数码网报价单-0831更新/手机相关/vivo.jpg,1,0.98,visual_legacy_crosscheck
20260831-0a2945627d5b5ee0fee8-01,2026-08-31,手机,device,vivo,点数系列,小卡Y15,,,开机屏坏,10,元/台,,image,vivo.jpg,数码网报价单-0831更新/手机相关/vivo.jpg,1,0.98,visual_legacy_crosscheck
20260831-c31591ab477b5da33e02-01,2026-08-31,手机,device,vivo,点数系列,小卡Y15,,,不开机,10,元/台,,image,vivo.jpg,数码网报价单-0831更新/手机相关/vivo.jpg,1,0.98,visual_legacy_crosscheck
20260831-08e9a5868ed841ff5888-01,2026-08-31,手机,device,vivo,点数系列,小卡Y15,,,深板·整机,10,元/台,,image,vivo.jpg,数码网报价单-0831更新/手机相关/vivo.jpg,1,0.98,visual_legacy_crosscheck
20260831-f4ee7e2866ab786ad0bb-01,2026-08-31,手机,device,vivo,点数系列,大卡Y13,,,开机靓好,10,元/台,,image,vivo.jpg,数码网报价单-0831更新/手机相关/vivo.jpg,1,0.98,visual_legacy_crosscheck
20260831-d740284d4039dd75a2a8-01,2026-08-31,手机,device,vivo,点数系列,大卡Y13,,,开机屏好碎壳,10,元/台,,image,vivo.jpg,数码网报价单-0831更新/手机相关/vivo.jpg,1,0.98,visual_legacy_crosscheck
20260831-db92f9afbda051f43bc4-01,2026-08-31,手机,device,vivo,点数系列,大卡Y13,,,开机屏坏,10,元/台,,image,vivo.jpg,数码网报价单-0831更新/手机相关/vivo.jpg,1,0.98,visual_legacy_crosscheck
20260831-ae553f99f3adee203f5f-01,2026-08-31,手机,device,vivo,点数系列,大卡Y13,,,不开机,10,元/台,,image,vivo.jpg,数码网报价单-0831更新/手机相关/vivo.jpg,1,0.98,visual_legacy_crosscheck
20260831-913c2c623772d5919313-01,2026-08-31,手机,device,vivo,点数系列,大卡Y13,,,深板·整机,10,元/台,,image,vivo.jpg,数码网报价单-0831更新/手机相关/vivo.jpg,1,0.98,visual_legacy_crosscheck
20260831-eae46e116456ba82e568-01,2026-08-31,手机,device,vivo,点数系列,小卡Y13,,,开机靓好,10,元/台,六成开机看好,image,vivo.jpg,数码网报价单-0831更新/手机相关/vivo.jpg,1,0.98,visual_legacy_crosscheck
20260831-e9cf6302aa47d79c6670-01,2026-08-31,手机,device,vivo,点数系列,小卡Y13,,,开机屏好碎壳,10,元/台,六成开机看好,image,vivo.jpg,数码网报价单-0831更新/手机相关/vivo.jpg,1,0.98,visual_legacy_crosscheck
20260831-aa10bdfd940d9fc4c3f0-01,2026-08-31,手机,device,vivo,点数系列,小卡Y13,,,开机屏坏,10,元/台,六成开机看好,image,vivo.jpg,数码网报价单-0831更新/手机相关/vivo.jpg,1,0.98,visual_legacy_crosscheck
20260831-9bede9efeea3dcf81bfc-01,2026-08-31,手机,device,vivo,点数系列,小卡Y13,,,不开机,10,元/台,六成开机看好,image,vivo.jpg,数码网报价单-0831更新/手机相关/vivo.jpg,1,0.98,visual_legacy_crosscheck
20260831-db11cd3feb39560b22c1-01,2026-08-31,手机,device,vivo,点数系列,小卡Y13,,,深板·整机,10,元/台,六成开机看好,image,vivo.jpg,数码网报价单-0831更新/手机相关/vivo.jpg,1,0.98,visual_legacy_crosscheck
20260831-75a8cf37a42805cd96e4-01,2026-08-31,手机,device,vivo,点数系列,Y11,,,开机靓好,10,元/台,,image,vivo.jpg,数码网报价单-0831更新/手机相关/vivo.jpg,1,0.98,visual_legacy_crosscheck
20260831-fc8fd825c5397ccfba28-01,2026-08-31,手机,device,vivo,点数系列,Y11,,,开机屏好碎壳,10,元/台,,image,vivo.jpg,数码网报价单-0831更新/手机相关/vivo.jpg,1,0.98,visual_legacy_crosscheck
20260831-0dc88dd064df86de2f5b-01,2026-08-31,手机,device,vivo,点数系列,Y11,,,开机屏坏,10,元/台,,image,vivo.jpg,数码网报价单-0831更新/手机相关/vivo.jpg,1,0.98,visual_legacy_crosscheck
20260831-a2a85571495cb0f8acf2-01,2026-08-31,手机,device,vivo,点数系列,Y11,,,不开机,10,元/台,,image,vivo.jpg,数码网报价单-0831更新/手机相关/vivo.jpg,1,0.98,visual_legacy_crosscheck
20260831-e964e4e624bc6e492c2c-01,2026-08-31,手机,device,vivo,点数系列,Y11,,,深板·整机,10,元/台,,image,vivo.jpg,数码网报价单-0831更新/手机相关/vivo.jpg,1,0.98,visual_legacy_crosscheck
20260831-76a9cccf0dea7d721acc-01,2026-08-31,手机,device,vivo,点数系列,V3max,,,开机靓好,60,元/台,五成看好,image,vivo.jpg,数码网报价单-0831更新/手机相关/vivo.jpg,1,0.98,visual_legacy_crosscheck
20260831-188b5cde423959be0c8f-01,2026-08-31,手机,device,vivo,点数系列,V3max,,,开机屏好碎壳,60,元/台,五成看好,image,vivo.jpg,数码网报价单-0831更新/手机相关/vivo.jpg,1,0.98,visual_legacy_crosscheck
20260831-24057b9d915fe8d25d0a-01,2026-08-31,手机,device,vivo,点数系列,V3max,,,开机屏坏,60,元/台,五成看好,image,vivo.jpg,数码网报价单-0831更新/手机相关/vivo.jpg,1,0.98,visual_legacy_crosscheck
20260831-f75ac376212d0372b84d-01,2026-08-31,手机,device,vivo,点数系列,V3max,,,不开机,60,元/台,五成看好,image,vivo.jpg,数码网报价单-0831更新/手机相关/vivo.jpg,1,0.98,visual_legacy_crosscheck
20260831-fe67c877fadb16ebb196-01,2026-08-31,手机,device,vivo,点数系列,V3max,,,深板·整机,60,元/台,五成看好,image,vivo.jpg,数码网报价单-0831更新/手机相关/vivo.jpg,1,0.98,visual_legacy_crosscheck
20260831-f03ba4545c9e43770b80-01,2026-08-31,手机,device,vivo,点数系列,V3ma,,,开机靓好,35,元/台,,image,vivo.jpg,数码网报价单-0831更新/手机相关/vivo.jpg,1,0.98,visual_legacy_crosscheck
20260831-cc219aa0f8ecc050110c-01,2026-08-31,手机,device,vivo,点数系列,V3ma,,,开机屏好碎壳,35,元/台,,image,vivo.jpg,数码网报价单-0831更新/手机相关/vivo.jpg,1,0.98,visual_legacy_crosscheck
20260831-28d8b4b21f9a8ceaccbf-01,2026-08-31,手机,device,vivo,点数系列,V3ma,,,开机屏坏,35,元/台,,image,vivo.jpg,数码网报价单-0831更新/手机相关/vivo.jpg,1,0.98,visual_legacy_crosscheck
20260831-f9da262bcd8f093830fa-01,2026-08-31,手机,device,vivo,点数系列,V3ma,,,不开机,35,元/台,,image,vivo.jpg,数码网报价单-0831更新/手机相关/vivo.jpg,1,0.98,visual_legacy_crosscheck
20260831-1baff3af7d53b95bb403-01,2026-08-31,手机,device,vivo,点数系列,V3ma,,,深板·整机,35,元/台,,image,vivo.jpg,数码网报价单-0831更新/手机相关/vivo.jpg,1,0.98,visual_legacy_crosscheck
20260831-8865c8212f1951293234-01,2026-08-31,手机,device,vivo,点数系列,X3sw,,,开机靓好,10,元/台,,image,vivo.jpg,数码网报价单-0831更新/手机相关/vivo.jpg,1,0.98,visual_legacy_crosscheck
20260831-f03952a60d3212fc775d-01,2026-08-31,手机,device,vivo,点数系列,X3sw,,,开机屏好碎壳,10,元/台,,image,vivo.jpg,数码网报价单-0831更新/手机相关/vivo.jpg,1,0.98,visual_legacy_crosscheck
20260831-92837aaa0dec5ddfc74a-01,2026-08-31,手机,device,vivo,点数系列,X3sw,,,开机屏坏,10,元/台,,image,vivo.jpg,数码网报价单-0831更新/手机相关/vivo.jpg,1,0.98,visual_legacy_crosscheck
20260831-f2f08829ad272c45da43-01,2026-08-31,手机,device,vivo,点数系列,X3sw,,,不开机,10,元/台,,image,vivo.jpg,数码网报价单-0831更新/手机相关/vivo.jpg,1,0.98,visual_legacy_crosscheck
20260831-d7980f9eea5079448a72-01,2026-08-31,手机,device,vivo,点数系列,X3sw,,,深板·整机,10,元/台,,image,vivo.jpg,数码网报价单-0831更新/手机相关/vivo.jpg,1,0.98,visual_legacy_crosscheck
20260831-016a7712adddc7d9e186-01,2026-08-31,手机,device,vivo,点数系列,V3,,,开机靓好,35,元/台,,image,vivo.jpg,数码网报价单-0831更新/手机相关/vivo.jpg,1,0.98,visual_legacy_crosscheck
20260831-a51f3f78264262b1967b-01,2026-08-31,手机,device,vivo,点数系列,V3,,,开机屏好碎壳,35,元/台,,image,vivo.jpg,数码网报价单-0831更新/手机相关/vivo.jpg,1,0.98,visual_legacy_crosscheck
20260831-2a2f77b5fcbd4120e0f3-01,2026-08-31,手机,device,vivo,点数系列,V3,,,开机屏坏,35,元/台,,image,vivo.jpg,数码网报价单-0831更新/手机相关/vivo.jpg,1,0.98,visual_legacy_crosscheck
20260831-b4d546df70b0f885e5cc-01,2026-08-31,手机,device,vivo,点数系列,V3,,,不开机,35,元/台,,image,vivo.jpg,数码网报价单-0831更新/手机相关/vivo.jpg,1,0.98,visual_legacy_crosscheck
20260831-172e00794f1567ef582b-01,2026-08-31,手机,device,vivo,点数系列,V3,,,深板·整机,35,元/台,,image,vivo.jpg,数码网报价单-0831更新/手机相关/vivo.jpg,1,0.98,visual_legacy_crosscheck
20260831-678b7ced65ff78738675-01,2026-08-31,手机,device,vivo,点数系列,X3t,,,开机靓好,15,元/台,五成看好,image,vivo.jpg,数码网报价单-0831更新/手机相关/vivo.jpg,1,0.98,visual_legacy_crosscheck
20260831-22572a2e7c9ffdcb04b1-01,2026-08-31,手机,device,vivo,点数系列,X3t,,,开机屏好碎壳,15,元/台,五成看好,image,vivo.jpg,数码网报价单-0831更新/手机相关/vivo.jpg,1,0.98,visual_legacy_crosscheck
20260831-43c945af243a1ffb8064-01,2026-08-31,手机,device,vivo,点数系列,X3t,,,开机屏坏,15,元/台,五成看好,image,vivo.jpg,数码网报价单-0831更新/手机相关/vivo.jpg,1,0.98,visual_legacy_crosscheck
20260831-3db39d1f6f4a107c0f89-01,2026-08-31,手机,device,vivo,点数系列,X3t,,,不开机,15,元/台,五成看好,image,vivo.jpg,数码网报价单-0831更新/手机相关/vivo.jpg,1,0.98,visual_legacy_crosscheck
20260831-6d06c43bc61609038587-01,2026-08-31,手机,device,vivo,点数系列,X3t,,,深板·整机,15,元/台,五成看好,image,vivo.jpg,数码网报价单-0831更新/手机相关/vivo.jpg,1,0.98,visual_legacy_crosscheck
20260831-a4ca855fe3953990025a-01,2026-08-31,手机,device,vivo,点数系列,X1,,,开机靓好,10,元/台,,image,vivo.jpg,数码网报价单-0831更新/手机相关/vivo.jpg,1,0.98,visual_legacy_crosscheck
20260831-fab5441f28ba15bdd63c-01,2026-08-31,手机,device,vivo,点数系列,X1,,,开机屏好碎壳,10,元/台,,image,vivo.jpg,数码网报价单-0831更新/手机相关/vivo.jpg,1,0.98,visual_legacy_crosscheck
20260831-6f94b9a88d9942705bd4-01,2026-08-31,手机,device,vivo,点数系列,X1,,,开机屏坏,10,元/台,,image,vivo.jpg,数码网报价单-0831更新/手机相关/vivo.jpg,1,0.98,visual_legacy_crosscheck
20260831-b3bd3b31d555c355e684-01,2026-08-31,手机,device,vivo,点数系列,X1,,,不开机,10,元/台,,image,vivo.jpg,数码网报价单-0831更新/手机相关/vivo.jpg,1,0.98,visual_legacy_crosscheck
20260831-d19e805855f199b4f6dc-01,2026-08-31,手机,device,vivo,点数系列,X1,,,深板·整机,10,元/台,,image,vivo.jpg,数码网报价单-0831更新/手机相关/vivo.jpg,1,0.98,visual_legacy_crosscheck
20260831-226509a8df2c32f5e969-01,2026-08-31,手机,device,vivo,点数系列,S7老款,,,开机靓好,10,元/台,,image,vivo.jpg,数码网报价单-0831更新/手机相关/vivo.jpg,1,0.98,visual_legacy_crosscheck
20260831-1e2ddabef8e4dd8a5af5-01,2026-08-31,手机,device,vivo,点数系列,S7老款,,,开机屏好碎壳,10,元/台,,image,vivo.jpg,数码网报价单-0831更新/手机相关/vivo.jpg,1,0.98,visual_legacy_crosscheck
20260831-871de78e040f783cbcd5-01,2026-08-31,手机,device,vivo,点数系列,S7老款,,,开机屏坏,10,元/台,,image,vivo.jpg,数码网报价单-0831更新/手机相关/vivo.jpg,1,0.98,visual_legacy_crosscheck
20260831-f4bc42c0a1944ff8bef1-01,2026-08-31,手机,device,vivo,点数系列,S7老款,,,不开机,10,元/台,,image,vivo.jpg,数码网报价单-0831更新/手机相关/vivo.jpg,1,0.98,visual_legacy_crosscheck
20260831-b94a820d3513e4005c82-01,2026-08-31,手机,device,vivo,点数系列,S7老款,,,深板·整机,10,元/台,,image,vivo.jpg,数码网报价单-0831更新/手机相关/vivo.jpg,1,0.98,visual_legacy_crosscheck
20260831-74bb0ed3295187cf44ee-01,2026-08-31,手机,device,小米,,MIX FOLD 1 (12+256),,,开机靓机好,215,元/台,三星屏 496花屏别的不开机的要求芯片无破损 要求比例正常,image,小米.jpg,数码网报价单-0831更新/手机相关/小米.jpg,1,0.98,visual_legacy_crosscheck
20260831-d52c32be1b8c1cf924fa-01,2026-08-31,手机,device,小米,,MIX FOLD 1 (12+256),,,开机好碎,215,元/台,三星屏 496花屏别的不开机的要求芯片无破损 要求比例正常,image,小米.jpg,数码网报价单-0831更新/手机相关/小米.jpg,1,0.98,visual_legacy_crosscheck
20260831-57390fb94e4c1ab49a67-01,2026-08-31,手机,device,小米,,MIX FOLD 1 (12+256),,,开机碎屏,215,元/台,三星屏 496花屏别的不开机的要求芯片无破损 要求比例正常,image,小米.jpg,数码网报价单-0831更新/手机相关/小米.jpg,1,0.98,visual_legacy_crosscheck
20260831-2f6e4ac4544f16317fc6-01,2026-08-31,手机,device,小米,,MIX FOLD 1 (12+256),,,开机压屏机,215,元/台,三星屏 496花屏别的不开机的要求芯片无破损 要求比例正常,image,小米.jpg,数码网报价单-0831更新/手机相关/小米.jpg,1,0.98,visual_legacy_crosscheck
20260831-56fef72ae12badb0ca0a-01,2026-08-31,手机,device,小米,,MIX FOLD 1 (12+256),,,不开机,215,元/台,三星屏 496花屏别的不开机的要求芯片无破损 要求比例正常,image,小米.jpg,数码网报价单-0831更新/手机相关/小米.jpg,1,0.98,visual_legacy_crosscheck
20260831-c04d794d5d833c10d9b2-01,2026-08-31,手机,device,小米,,MIX FOLD 1 (12+256),,,废板·断板,215,元/台,三星屏 496花屏别的不开机的要求芯片无破损 要求比例正常,image,小米.jpg,数码网报价单-0831更新/手机相关/小米.jpg,1,0.98,visual_legacy_crosscheck
20260831-a97a8f7a992418b96064-01,2026-08-31,手机,device,小米,,MIX FOLD 1 (12+256),,,统货,/,元/台,三星屏 496花屏别的不开机的要求芯片无破损 要求比例正常,image,小米.jpg,数码网报价单-0831更新/手机相关/小米.jpg,1,0.98,visual_legacy_crosscheck
20260831-9cb92e12c489c2d87099-01,2026-08-31,手机,device,小米,,MIX FOLD 1 (12+512),,,开机靓机好,270,元/台,三星屏 496花屏别的不开机的要求芯片无破损 要求比例正常,image,小米.jpg,数码网报价单-0831更新/手机相关/小米.jpg,1,0.98,visual_legacy_crosscheck
20260831-f428adedfe2e009fcb78-01,2026-08-31,手机,device,小米,,MIX FOLD 1 (12+512),,,开机好碎,270,元/台,三星屏 496花屏别的不开机的要求芯片无破损 要求比例正常,image,小米.jpg,数码网报价单-0831更新/手机相关/小米.jpg,1,0.98,visual_legacy_crosscheck
20260831-bc86a6b876a693db93a7-01,2026-08-31,手机,device,小米,,MIX FOLD 1 (12+512),,,开机碎屏,270,元/台,三星屏 496花屏别的不开机的要求芯片无破损 要求比例正常,image,小米.jpg,数码网报价单-0831更新/手机相关/小米.jpg,1,0.98,visual_legacy_crosscheck
20260831-e1e6ffb672a7c26b7cab-01,2026-08-31,手机,device,小米,,MIX FOLD 1 (12+512),,,开机压屏机,270,元/台,三星屏 496花屏别的不开机的要求芯片无破损 要求比例正常,image,小米.jpg,数码网报价单-0831更新/手机相关/小米.jpg,1,0.98,visual_legacy_crosscheck
20260831-3de0d1cc3149c9e0c4e6-01,2026-08-31,手机,device,小米,,MIX FOLD 1 (12+512),,,不开机,270,元/台,三星屏 496花屏别的不开机的要求芯片无破损 要求比例正常,image,小米.jpg,数码网报价单-0831更新/手机相关/小米.jpg,1,0.98,visual_legacy_crosscheck
20260831-b5839a9d15661f0a432f-01,2026-08-31,手机,device,小米,,MIX FOLD 1 (12+512),,,废板·断板,270,元/台,三星屏 496花屏别的不开机的要求芯片无破损 要求比例正常,image,小米.jpg,数码网报价单-0831更新/手机相关/小米.jpg,1,0.98,visual_legacy_crosscheck
20260831-46c4d41e899ca15f145f-01,2026-08-31,手机,device,小米,,MIX FOLD 1 (12+512),,,统货,/,元/台,三星屏 496花屏别的不开机的要求芯片无破损 要求比例正常,image,小米.jpg,数码网报价单-0831更新/手机相关/小米.jpg,1,0.98,visual_legacy_crosscheck
20260831-dcf5269910f722a7a2bd-01,2026-08-31,手机,device,小米,,MIX FOLD 1 折叠屏音版 (16+512),,,开机靓机好,400,元/台,,image,小米.jpg,数码网报价单-0831更新/手机相关/小米.jpg,1,0.98,visual_legacy_crosscheck
20260831-ed05564309fa066ac89c-01,2026-08-31,手机,device,小米,,MIX FOLD 1 折叠屏音版 (16+512),,,开机好碎,400,元/台,,image,小米.jpg,数码网报价单-0831更新/手机相关/小米.jpg,1,0.98,visual_legacy_crosscheck
20260831-1aeec5081c5bf9c7f3a9-01,2026-08-31,手机,device,小米,,MIX FOLD 1 折叠屏音版 (16+512),,,开机碎屏,400,元/台,,image,小米.jpg,数码网报价单-0831更新/手机相关/小米.jpg,1,0.98,visual_legacy_crosscheck
20260831-9f2fed81b73e38d6e230-01,2026-08-31,手机,device,小米,,MIX FOLD 1 折叠屏音版 (16+512),,,开机压屏机,400,元/台,,image,小米.jpg,数码网报价单-0831更新/手机相关/小米.jpg,1,0.98,visual_legacy_crosscheck
20260831-aeff692ca170e32f33bc-01,2026-08-31,手机,device,小米,,MIX FOLD 1 折叠屏音版 (16+512),,,不开机,400,元/台,,image,小米.jpg,数码网报价单-0831更新/手机相关/小米.jpg,1,0.98,visual_legacy_crosscheck
20260831-5f36c78f0c1d76494712-01,2026-08-31,手机,device,小米,,MIX FOLD 1 折叠屏音版 (16+512),,,废板·断板,400,元/台,,image,小米.jpg,数码网报价单-0831更新/手机相关/小米.jpg,1,0.98,visual_legacy_crosscheck
20260831-8f6d7789888769671a56-01,2026-08-31,手机,device,小米,,MIX FOLD 1 折叠屏音版 (16+512),,,统货,/,元/台,,image,小米.jpg,数码网报价单-0831更新/手机相关/小米.jpg,1,0.98,visual_legacy_crosscheck
20260831-780e93b0e1b757e90115-01,2026-08-31,手机,device,小米,,小米17T Pro 5G (12+256),,,开机靓机好,2800,元/台,开机主板靓功能正常镜头靓 屏花倒充400,image,小米.jpg,数码网报价单-0831更新/手机相关/小米.jpg,1,0.98,visual_legacy_crosscheck
20260831-9ae9e5ec20312ff17595-01,2026-08-31,手机,device,小米,,小米17T Pro 5G (12+256),,,开机好碎,1800,元/台,开机主板靓功能正常镜头靓 屏花倒充400,image,小米.jpg,数码网报价单-0831更新/手机相关/小米.jpg,1,0.98,visual_legacy_crosscheck
20260831-ebcc2138dd136acf063f-01,2026-08-31,手机,device,小米,,小米17T Pro 5G (12+256),,,开机碎屏,1000,元/台,开机主板靓功能正常镜头靓 屏花倒充400,image,小米.jpg,数码网报价单-0831更新/手机相关/小米.jpg,1,0.98,visual_legacy_crosscheck
20260831-cbad6fe90eddfc6d3a55-01,2026-08-31,手机,device,小米,,小米17T Pro 5G (12+256),,,开机压屏机,600,元/台,开机主板靓功能正常镜头靓 屏花倒充400,image,小米.jpg,数码网报价单-0831更新/手机相关/小米.jpg,1,0.98,visual_legacy_crosscheck
20260831-97b1408949bbfcba9d53-01,2026-08-31,手机,device,小米,,小米17T Pro 5G (12+256),,,不开机,215,元/台,开机主板靓功能正常镜头靓 屏花倒充400,image,小米.jpg,数码网报价单-0831更新/手机相关/小米.jpg,1,0.98,visual_legacy_crosscheck
20260831-68c7ae1db06f5886ec33-01,2026-08-31,手机,device,小米,,小米17T Pro 5G (12+256),,,废板·断板,215,元/台,开机主板靓功能正常镜头靓 屏花倒充400,image,小米.jpg,数码网报价单-0831更新/手机相关/小米.jpg,1,0.98,visual_legacy_crosscheck
20260831-d02813024d2818b40124-01,2026-08-31,手机,device,小米,,小米17T Pro 5G (12+256),,,统货,/,元/台,开机主板靓功能正常镜头靓 屏花倒充400,image,小米.jpg,数码网报价单-0831更新/手机相关/小米.jpg,1,0.98,visual_legacy_crosscheck
20260831-1727dc40e1444165f8d2-01,2026-08-31,手机,device,小米,,小米17T Pro 5G (12+512),,,开机靓机好,2800,元/台,开机主板靓功能正常镜头靓 屏花倒充400,image,小米.jpg,数码网报价单-0831更新/手机相关/小米.jpg,1,0.98,visual_legacy_crosscheck
20260831-75d320031f38555a3d2f-01,2026-08-31,手机,device,小米,,小米17T Pro 5G (12+512),,,开机好碎,1800,元/台,开机主板靓功能正常镜头靓 屏花倒充400,image,小米.jpg,数码网报价单-0831更新/手机相关/小米.jpg,1,0.98,visual_legacy_crosscheck
20260831-ec0150e663bc38a25430-01,2026-08-31,手机,device,小米,,小米17T Pro 5G (12+512),,,开机碎屏,1000,元/台,开机主板靓功能正常镜头靓 屏花倒充400,image,小米.jpg,数码网报价单-0831更新/手机相关/小米.jpg,1,0.98,visual_legacy_crosscheck
20260831-6b5ccdaa114995c933e6-01,2026-08-31,手机,device,小米,,小米17T Pro 5G (12+512),,,开机压屏机,600,元/台,开机主板靓功能正常镜头靓 屏花倒充400,image,小米.jpg,数码网报价单-0831更新/手机相关/小米.jpg,1,0.98,visual_legacy_crosscheck
20260831-81d83929cdd6303593f8-01,2026-08-31,手机,device,小米,,小米17T Pro 5G (12+512),,,不开机,270,元/台,开机主板靓功能正常镜头靓 屏花倒充400,image,小米.jpg,数码网报价单-0831更新/手机相关/小米.jpg,1,0.98,visual_legacy_crosscheck
20260831-38286ef5cf1b0ecc6805-01,2026-08-31,手机,device,小米,,小米17T Pro 5G (12+512),,,废板·断板,270,元/台,开机主板靓功能正常镜头靓 屏花倒充400,image,小米.jpg,数码网报价单-0831更新/手机相关/小米.jpg,1,0.98,visual_legacy_crosscheck
20260831-0afce6b8935b99cd8b1f-01,2026-08-31,手机,device,小米,,小米17T Pro 5G (12+512),,,统货,/,元/台,开机主板靓功能正常镜头靓 屏花倒充400,image,小米.jpg,数码网报价单-0831更新/手机相关/小米.jpg,1,0.98,visual_legacy_crosscheck
20260831-0182134abbe90dbf077e-01,2026-08-31,手机,device,小米,,小米17T Pro 5G (16+512),,,开机靓机好,2800,元/台,开机主板靓功能正常镜头靓 屏花倒充400,image,小米.jpg,数码网报价单-0831更新/手机相关/小米.jpg,1,0.98,visual_legacy_crosscheck
20260831-93c0e61f4135d3d9c04c-01,2026-08-31,手机,device,小米,,小米17T Pro 5G (16+512),,,开机好碎,1800,元/台,开机主板靓功能正常镜头靓 屏花倒充400,image,小米.jpg,数码网报价单-0831更新/手机相关/小米.jpg,1,0.98,visual_legacy_crosscheck
20260831-13b76bc1963205cf395f-01,2026-08-31,手机,device,小米,,小米17T Pro 5G (16+512),,,开机碎屏,1000,元/台,开机主板靓功能正常镜头靓 屏花倒充400,image,小米.jpg,数码网报价单-0831更新/手机相关/小米.jpg,1,0.98,visual_legacy_crosscheck
20260831-a83cc04de81b3696e49e-01,2026-08-31,手机,device,小米,,小米17T Pro 5G (16+512),,,开机压屏机,600,元/台,开机主板靓功能正常镜头靓 屏花倒充400,image,小米.jpg,数码网报价单-0831更新/手机相关/小米.jpg,1,0.98,visual_legacy_crosscheck
20260831-b977bbce2342234e8a97-01,2026-08-31,手机,device,小米,,小米17T Pro 5G (16+512),,,不开机,400,元/台,开机主板靓功能正常镜头靓 屏花倒充400,image,小米.jpg,数码网报价单-0831更新/手机相关/小米.jpg,1,0.98,visual_legacy_crosscheck
20260831-84894fe36e198fb559b0-01,2026-08-31,手机,device,小米,,小米17T Pro 5G (16+512),,,废板·断板,400,元/台,开机主板靓功能正常镜头靓 屏花倒充400,image,小米.jpg,数码网报价单-0831更新/手机相关/小米.jpg,1,0.98,visual_legacy_crosscheck
20260831-2a572d5e96f121c7a09c-01,2026-08-31,手机,device,小米,,小米17T Pro 5G (16+512),,,统货,/,元/台,开机主板靓功能正常镜头靓 屏花倒充400,image,小米.jpg,数码网报价单-0831更新/手机相关/小米.jpg,1,0.98,visual_legacy_crosscheck
20260831-3be83e2eaba49e763bf2-01,2026-08-31,手机,device,小米,,小米17TS 5G (12+256),,,开机靓机好,2000,元/台,开机主板靓功能正常镜头靓 屏花倒充400,image,小米.jpg,数码网报价单-0831更新/手机相关/小米.jpg,1,0.98,visual_legacy_crosscheck
20260831-ceefa7b60c8611d6f7ec-01,2026-08-31,手机,device,小米,,小米17TS 5G (12+256),,,开机好碎,1500,元/台,开机主板靓功能正常镜头靓 屏花倒充400,image,小米.jpg,数码网报价单-0831更新/手机相关/小米.jpg,1,0.98,visual_legacy_crosscheck
20260831-48c57c3e395303528507-01,2026-08-31,手机,device,小米,,小米17TS 5G (12+256),,,开机碎屏,900,元/台,开机主板靓功能正常镜头靓 屏花倒充400,image,小米.jpg,数码网报价单-0831更新/手机相关/小米.jpg,1,0.98,visual_legacy_crosscheck
20260831-2bae354665c87a0ad8df-01,2026-08-31,手机,device,小米,,小米17TS 5G (12+256),,,开机压屏机,500,元/台,开机主板靓功能正常镜头靓 屏花倒充400,image,小米.jpg,数码网报价单-0831更新/手机相关/小米.jpg,1,0.98,visual_legacy_crosscheck
20260831-eb19d5e6b140b8be5753-01,2026-08-31,手机,device,小米,,小米17TS 5G (12+256),,,不开机,215,元/台,开机主板靓功能正常镜头靓 屏花倒充400,image,小米.jpg,数码网报价单-0831更新/手机相关/小米.jpg,1,0.98,visual_legacy_crosscheck
20260831-16053e1cf5d8428feb78-01,2026-08-31,手机,device,小米,,小米17TS 5G (12+256),,,废板·断板,215,元/台,开机主板靓功能正常镜头靓 屏花倒充400,image,小米.jpg,数码网报价单-0831更新/手机相关/小米.jpg,1,0.98,visual_legacy_crosscheck
20260831-64cbd1a0d1ff62653f92-01,2026-08-31,手机,device,小米,,小米17TS 5G (12+256),,,统货,/,元/台,开机主板靓功能正常镜头靓 屏花倒充400,image,小米.jpg,数码网报价单-0831更新/手机相关/小米.jpg,1,0.98,visual_legacy_crosscheck
20260831-91298c16842e80e74dd1-01,2026-08-31,手机,device,小米,,小米17TS 5G (12+512),,,开机靓机好,2000,元/台,开机主板靓功能正常镜头靓 屏花倒充400,image,小米.jpg,数码网报价单-0831更新/手机相关/小米.jpg,1,0.98,visual_legacy_crosscheck
20260831-19891a790a6b8766d99f-01,2026-08-31,手机,device,小米,,小米17TS 5G (12+512),,,开机好碎,1500,元/台,开机主板靓功能正常镜头靓 屏花倒充400,image,小米.jpg,数码网报价单-0831更新/手机相关/小米.jpg,1,0.98,visual_legacy_crosscheck
20260831-f2770e179e4037e7eb10-01,2026-08-31,手机,device,小米,,小米17TS 5G (12+512),,,开机碎屏,900,元/台,开机主板靓功能正常镜头靓 屏花倒充400,image,小米.jpg,数码网报价单-0831更新/手机相关/小米.jpg,1,0.98,visual_legacy_crosscheck
20260831-496c947bf4334bd77511-01,2026-08-31,手机,device,小米,,小米17TS 5G (12+512),,,开机压屏机,500,元/台,开机主板靓功能正常镜头靓 屏花倒充400,image,小米.jpg,数码网报价单-0831更新/手机相关/小米.jpg,1,0.98,visual_legacy_crosscheck
20260831-052164ccda165ca51810-01,2026-08-31,手机,device,小米,,小米17TS 5G (12+512),,,不开机,270,元/台,开机主板靓功能正常镜头靓 屏花倒充400,image,小米.jpg,数码网报价单-0831更新/手机相关/小米.jpg,1,0.98,visual_legacy_crosscheck
20260831-8574d33e86d2c3da2acb-01,2026-08-31,手机,device,小米,,小米17TS 5G (12+512),,,废板·断板,270,元/台,开机主板靓功能正常镜头靓 屏花倒充400,image,小米.jpg,数码网报价单-0831更新/手机相关/小米.jpg,1,0.98,visual_legacy_crosscheck
20260831-61e3e949b51b187991e3-01,2026-08-31,手机,device,小米,,小米17TS 5G (12+512),,,统货,/,元/台,开机主板靓功能正常镜头靓 屏花倒充400,image,小米.jpg,数码网报价单-0831更新/手机相关/小米.jpg,1,0.98,visual_legacy_crosscheck
20260831-8502c4679986c888929d-01,2026-08-31,手机,device,小米,,小米17 Ultra (12+512),,,开机靓机好,4700,元/台,需要开机主板靓功能正常镜头靓 不能有合影倒充,image,小米.jpg,数码网报价单-0831更新/手机相关/小米.jpg,1,0.98,visual_legacy_crosscheck
20260831-8ee53605db8b4812429e-01,2026-08-31,手机,device,小米,,小米17 Ultra (12+512),,,开机好碎,3000,元/台,需要开机主板靓功能正常镜头靓 不能有合影倒充,image,小米.jpg,数码网报价单-0831更新/手机相关/小米.jpg,1,0.98,visual_legacy_crosscheck
20260831-b299b34094ff0eabef1a-01,2026-08-31,手机,device,小米,,小米17 Ultra (12+512),,,开机碎屏,2200,元/台,需要开机主板靓功能正常镜头靓 不能有合影倒充,image,小米.jpg,数码网报价单-0831更新/手机相关/小米.jpg,1,0.98,visual_legacy_crosscheck
20260831-76e87c95fa5d9942eb6d-01,2026-08-31,手机,device,小米,,小米17 Ultra (12+512),,,开机压屏机,1800,元/台,需要开机主板靓功能正常镜头靓 不能有合影倒充,image,小米.jpg,数码网报价单-0831更新/手机相关/小米.jpg,1,0.98,visual_legacy_crosscheck
20260831-df64144d2a4a910208d2-01,2026-08-31,手机,device,小米,,小米17 Ultra (12+512),,,不开机,400,元/台,需要开机主板靓功能正常镜头靓 不能有合影倒充,image,小米.jpg,数码网报价单-0831更新/手机相关/小米.jpg,1,0.98,visual_legacy_crosscheck
20260831-b413835f5fc13aac4318-01,2026-08-31,手机,device,小米,,小米17 Ultra (12+512),,,废板·断板,400,元/台,需要开机主板靓功能正常镜头靓 不能有合影倒充,image,小米.jpg,数码网报价单-0831更新/手机相关/小米.jpg,1,0.98,visual_legacy_crosscheck
20260831-71ecfd561e4373ec3e48-01,2026-08-31,手机,device,小米,,小米17 Ultra (12+512),,,统货,/,元/台,需要开机主板靓功能正常镜头靓 不能有合影倒充,image,小米.jpg,数码网报价单-0831更新/手机相关/小米.jpg,1,0.98,visual_legacy_crosscheck
20260831-c496f81b427aa197b66a-01,2026-08-31,手机,device,小米,,小米17 Ultra 保卡版 (16+1TB),,,开机靓机好,4700,元/台,开机主板靓功能正常镜头靓 屏花倒充400元,image,小米.jpg,数码网报价单-0831更新/手机相关/小米.jpg,1,0.98,visual_legacy_crosscheck
20260831-fceb204b43be0e5780a9-01,2026-08-31,手机,device,小米,,小米17 Ultra 保卡版 (16+1TB),,,开机好碎,3000,元/台,开机主板靓功能正常镜头靓 屏花倒充400元,image,小米.jpg,数码网报价单-0831更新/手机相关/小米.jpg,1,0.98,visual_legacy_crosscheck
20260831-88833573fa4f7965d811-01,2026-08-31,手机,device,小米,,小米17 Ultra 保卡版 (16+1TB),,,开机碎屏,2200,元/台,开机主板靓功能正常镜头靓 屏花倒充400元,image,小米.jpg,数码网报价单-0831更新/手机相关/小米.jpg,1,0.98,visual_legacy_crosscheck
20260831-02eb86d1f41e061b8599-01,2026-08-31,手机,device,小米,,小米17 Ultra 保卡版 (16+1TB),,,开机压屏机,1800,元/台,开机主板靓功能正常镜头靓 屏花倒充400元,image,小米.jpg,数码网报价单-0831更新/手机相关/小米.jpg,1,0.98,visual_legacy_crosscheck
20260831-28b7bb8cfe5d2fcba034-01,2026-08-31,手机,device,小米,,小米17 Ultra 保卡版 (16+1TB),,,不开机,475,元/台,开机主板靓功能正常镜头靓 屏花倒充400元,image,小米.jpg,数码网报价单-0831更新/手机相关/小米.jpg,1,0.98,visual_legacy_crosscheck
20260831-859c0f6bf552cbbe3f19-01,2026-08-31,手机,device,小米,,小米17 Ultra 保卡版 (16+1TB),,,废板·断板,475,元/台,开机主板靓功能正常镜头靓 屏花倒充400元,image,小米.jpg,数码网报价单-0831更新/手机相关/小米.jpg,1,0.98,visual_legacy_crosscheck
20260831-a960b895627633ca994a-01,2026-08-31,手机,device,小米,,小米17 Ultra 保卡版 (16+1TB),,,统货,/,元/台,开机主板靓功能正常镜头靓 屏花倒充400元,image,小米.jpg,数码网报价单-0831更新/手机相关/小米.jpg,1,0.98,visual_legacy_crosscheck
20260831-5336eaaa84b20b64d3f7-01,2026-08-31,手机,device,小米,,小米17 (12+512),,,开机靓机好,4000,元/台,开机主板靓功能正常镜头靓 屏花倒充400元,image,小米.jpg,数码网报价单-0831更新/手机相关/小米.jpg,1,0.98,visual_legacy_crosscheck
20260831-cf7905cebd8524ef95ff-01,2026-08-31,手机,device,小米,,小米17 (12+512),,,开机好碎,2800,元/台,开机主板靓功能正常镜头靓 屏花倒充400元,image,小米.jpg,数码网报价单-0831更新/手机相关/小米.jpg,1,0.98,visual_legacy_crosscheck
20260831-84129c6a3a1bcc447d39-01,2026-08-31,手机,device,小米,,小米17 (12+512),,,开机碎屏,2200,元/台,开机主板靓功能正常镜头靓 屏花倒充400元,image,小米.jpg,数码网报价单-0831更新/手机相关/小米.jpg,1,0.98,visual_legacy_crosscheck
20260831-07c51f9e98d5f97cff16-01,2026-08-31,手机,device,小米,,小米17 (12+512),,,开机压屏机,1800,元/台,开机主板靓功能正常镜头靓 屏花倒充400元,image,小米.jpg,数码网报价单-0831更新/手机相关/小米.jpg,1,0.98,visual_legacy_crosscheck
20260831-382ca673ae2981d565cf-01,2026-08-31,手机,device,小米,,小米17 (12+512),,,不开机,270,元/台,开机主板靓功能正常镜头靓 屏花倒充400元,image,小米.jpg,数码网报价单-0831更新/手机相关/小米.jpg,1,0.98,visual_legacy_crosscheck
20260831-ccbdca268b9f880c22d0-01,2026-08-31,手机,device,小米,,小米17 (12+512),,,废板·断板,270,元/台,开机主板靓功能正常镜头靓 屏花倒充400元,image,小米.jpg,数码网报价单-0831更新/手机相关/小米.jpg,1,0.98,visual_legacy_crosscheck
20260831-d3bdc12c8c2eebde57a0-01,2026-08-31,手机,device,小米,,小米17 (12+512),,,统货,/,元/台,开机主板靓功能正常镜头靓 屏花倒充400元,image,小米.jpg,数码网报价单-0831更新/手机相关/小米.jpg,1,0.98,visual_legacy_crosscheck
20260831-675a83a153204808f54e-01,2026-08-31,手机,device,小米,,小米17 (16+512),,,开机靓机好,4000,元/台,开机主板靓功能正常镜头靓 屏花倒充400元,image,小米.jpg,数码网报价单-0831更新/手机相关/小米.jpg,1,0.98,visual_legacy_crosscheck
20260831-109280ad30791db4235c-01,2026-08-31,手机,device,小米,,小米17 (16+512),,,开机好碎,2800,元/台,开机主板靓功能正常镜头靓 屏花倒充400元,image,小米.jpg,数码网报价单-0831更新/手机相关/小米.jpg,1,0.98,visual_legacy_crosscheck
20260831-9b079f5f1798c955fca0-01,2026-08-31,手机,device,小米,,小米17 (16+512),,,开机碎屏,2200,元/台,开机主板靓功能正常镜头靓 屏花倒充400元,image,小米.jpg,数码网报价单-0831更新/手机相关/小米.jpg,1,0.98,visual_legacy_crosscheck
20260831-1f083fab774441c929e8-01,2026-08-31,手机,device,小米,,小米17 (16+512),,,开机压屏机,1800,元/台,开机主板靓功能正常镜头靓 屏花倒充400元,image,小米.jpg,数码网报价单-0831更新/手机相关/小米.jpg,1,0.98,visual_legacy_crosscheck
20260831-5ecfbc5dc8311209239f-01,2026-08-31,手机,device,小米,,小米17 (16+512),,,不开机,400,元/台,开机主板靓功能正常镜头靓 屏花倒充400元,image,小米.jpg,数码网报价单-0831更新/手机相关/小米.jpg,1,0.98,visual_legacy_crosscheck
20260831-9693f616f4af034976ce-01,2026-08-31,手机,device,小米,,小米17 (16+512),,,废板·断板,400,元/台,开机主板靓功能正常镜头靓 屏花倒充400元,image,小米.jpg,数码网报价单-0831更新/手机相关/小米.jpg,1,0.98,visual_legacy_crosscheck
20260831-e34a39cf7417fcb9ed26-01,2026-08-31,手机,device,小米,,小米17 (16+512),,,统货,/,元/台,开机主板靓功能正常镜头靓 屏花倒充400元,image,小米.jpg,数码网报价单-0831更新/手机相关/小米.jpg,1,0.98,visual_legacy_crosscheck
20260831-3dc2150e596b570a1e7a-01,2026-08-31,手机,device,小米,,小米17 Ultra (16+1TB),,,开机靓机好,4000,元/台,开机主板靓功能正常镜头靓 屏花倒充400元,image,小米.jpg,数码网报价单-0831更新/手机相关/小米.jpg,1,0.98,visual_legacy_crosscheck
20260831-e9d062d6119ed4b19b78-01,2026-08-31,手机,device,小米,,小米17 Ultra (16+1TB),,,开机好碎,2800,元/台,开机主板靓功能正常镜头靓 屏花倒充400元,image,小米.jpg,数码网报价单-0831更新/手机相关/小米.jpg,1,0.98,visual_legacy_crosscheck
20260831-ec2c9c2fdee8173fa0c2-01,2026-08-31,手机,device,小米,,小米17 Ultra (16+1TB),,,开机碎屏,2200,元/台,开机主板靓功能正常镜头靓 屏花倒充400元,image,小米.jpg,数码网报价单-0831更新/手机相关/小米.jpg,1,0.98,visual_legacy_crosscheck
20260831-86caf4486f46deb82828-01,2026-08-31,手机,device,小米,,小米17 Ultra (16+1TB),,,开机压屏机,1800,元/台,开机主板靓功能正常镜头靓 屏花倒充400元,image,小米.jpg,数码网报价单-0831更新/手机相关/小米.jpg,1,0.98,visual_legacy_crosscheck
20260831-66a65cd3749e475f44f3-01,2026-08-31,手机,device,小米,,小米17 Ultra (16+1TB),,,不开机,475,元/台,开机主板靓功能正常镜头靓 屏花倒充400元,image,小米.jpg,数码网报价单-0831更新/手机相关/小米.jpg,1,0.98,visual_legacy_crosscheck
20260831-4eab9d0f720642f6d699-01,2026-08-31,手机,device,小米,,小米17 Ultra (16+1TB),,,废板·断板,475,元/台,开机主板靓功能正常镜头靓 屏花倒充400元,image,小米.jpg,数码网报价单-0831更新/手机相关/小米.jpg,1,0.98,visual_legacy_crosscheck
20260831-8e14d8da047152b86b0e-01,2026-08-31,手机,device,小米,,小米17 Ultra (16+1TB),,,统货,/,元/台,开机主板靓功能正常镜头靓 屏花倒充400元,image,小米.jpg,数码网报价单-0831更新/手机相关/小米.jpg,1,0.98,visual_legacy_crosscheck
20260831-be58b42820902f974c4f-01,2026-08-31,手机,device,小米,,小米17Pro max (12+512),,,开机靓机好,3200,元/台,开机主板靓功能正常镜头靓 屏花倒充400元,image,小米.jpg,数码网报价单-0831更新/手机相关/小米.jpg,1,0.98,visual_legacy_crosscheck
20260831-9014d02c3debedab69c5-01,2026-08-31,手机,device,小米,,小米17Pro max (12+512),,,开机好碎,2800,元/台,开机主板靓功能正常镜头靓 屏花倒充400元,image,小米.jpg,数码网报价单-0831更新/手机相关/小米.jpg,1,0.98,visual_legacy_crosscheck
20260831-6f4db2948bee20ae1e48-01,2026-08-31,手机,device,小米,,小米17Pro max (12+512),,,开机碎屏,2100,元/台,开机主板靓功能正常镜头靓 屏花倒充400元,image,小米.jpg,数码网报价单-0831更新/手机相关/小米.jpg,1,0.98,visual_legacy_crosscheck
20260831-c284086d541279640988-01,2026-08-31,手机,device,小米,,小米17Pro max (12+512),,,开机压屏机,1800,元/台,开机主板靓功能正常镜头靓 屏花倒充400元,image,小米.jpg,数码网报价单-0831更新/手机相关/小米.jpg,1,0.98,visual_legacy_crosscheck
20260831-e92105f8556b34733d65-01,2026-08-31,手机,device,小米,,小米17Pro max (12+512),,,不开机,270,元/台,开机主板靓功能正常镜头靓 屏花倒充400元,image,小米.jpg,数码网报价单-0831更新/手机相关/小米.jpg,1,0.98,visual_legacy_crosscheck
20260831-9d9be72e91c20d760bdb-01,2026-08-31,手机,device,小米,,小米17Pro max (12+512),,,废板·断板,270,元/台,开机主板靓功能正常镜头靓 屏花倒充400元,image,小米.jpg,数码网报价单-0831更新/手机相关/小米.jpg,1,0.98,visual_legacy_crosscheck
20260831-aaf305cf579c57ffa38d-01,2026-08-31,手机,device,小米,,小米17Pro max (12+512),,,统货,/,元/台,开机主板靓功能正常镜头靓 屏花倒充400元,image,小米.jpg,数码网报价单-0831更新/手机相关/小米.jpg,1,0.98,visual_legacy_crosscheck
20260831-b3d507d0f9d126b74d07-01,2026-08-31,手机,device,小米,,小米17Pro max (16+512),,,开机靓机好,3200,元/台,开机主板靓功能正常镜头靓 屏花倒充400元,image,小米.jpg,数码网报价单-0831更新/手机相关/小米.jpg,1,0.98,visual_legacy_crosscheck
20260831-e005e9f7d5b5852ee088-01,2026-08-31,手机,device,小米,,小米17Pro max (16+512),,,开机好碎,2800,元/台,开机主板靓功能正常镜头靓 屏花倒充400元,image,小米.jpg,数码网报价单-0831更新/手机相关/小米.jpg,1,0.98,visual_legacy_crosscheck
20260831-4e1e3a42a7374f4ddc31-01,2026-08-31,手机,device,小米,,小米17Pro max (16+512),,,开机碎屏,2100,元/台,开机主板靓功能正常镜头靓 屏花倒充400元,image,小米.jpg,数码网报价单-0831更新/手机相关/小米.jpg,1,0.98,visual_legacy_crosscheck
20260831-917b0b2223b6d7ea23fd-01,2026-08-31,手机,device,小米,,小米17Pro max (16+512),,,开机压屏机,1800,元/台,开机主板靓功能正常镜头靓 屏花倒充400元,image,小米.jpg,数码网报价单-0831更新/手机相关/小米.jpg,1,0.98,visual_legacy_crosscheck
20260831-f8b736ce90b9b2457658-01,2026-08-31,手机,device,小米,,小米17Pro max (16+512),,,不开机,400,元/台,开机主板靓功能正常镜头靓 屏花倒充400元,image,小米.jpg,数码网报价单-0831更新/手机相关/小米.jpg,1,0.98,visual_legacy_crosscheck
20260831-8717445cdbb1e29a4abd-01,2026-08-31,手机,device,小米,,小米17Pro max (16+512),,,废板·断板,400,元/台,开机主板靓功能正常镜头靓 屏花倒充400元,image,小米.jpg,数码网报价单-0831更新/手机相关/小米.jpg,1,0.98,visual_legacy_crosscheck
20260831-5205bef8f909e205ecd0-01,2026-08-31,手机,device,小米,,小米17Pro max (16+512),,,统货,/,元/台,开机主板靓功能正常镜头靓 屏花倒充400元,image,小米.jpg,数码网报价单-0831更新/手机相关/小米.jpg,1,0.98,visual_legacy_crosscheck
20260831-4ba5d75e107fa3ee3596-01,2026-08-31,手机,device,小米,,小米17Pro max (16+1TB),,,开机靓机好,3200,元/台,开机主板靓功能正常镜头靓 屏花倒充400元,image,小米.jpg,数码网报价单-0831更新/手机相关/小米.jpg,1,0.98,visual_legacy_crosscheck
20260831-9d53136655b27f61e1e4-01,2026-08-31,手机,device,小米,,小米17Pro max (16+1TB),,,开机好碎,2800,元/台,开机主板靓功能正常镜头靓 屏花倒充400元,image,小米.jpg,数码网报价单-0831更新/手机相关/小米.jpg,1,0.98,visual_legacy_crosscheck
20260831-4ab77839dd038b9c8535-01,2026-08-31,手机,device,小米,,小米17Pro max (16+1TB),,,开机碎屏,2100,元/台,开机主板靓功能正常镜头靓 屏花倒充400元,image,小米.jpg,数码网报价单-0831更新/手机相关/小米.jpg,1,0.98,visual_legacy_crosscheck
20260831-f425012c5910d1fbd51b-01,2026-08-31,手机,device,小米,,小米17Pro max (16+1TB),,,开机压屏机,1800,元/台,开机主板靓功能正常镜头靓 屏花倒充400元,image,小米.jpg,数码网报价单-0831更新/手机相关/小米.jpg,1,0.98,visual_legacy_crosscheck
20260831-ca3b6ae6c0bd8a6a5be2-01,2026-08-31,手机,device,小米,,小米17Pro max (16+1TB),,,不开机,475,元/台,开机主板靓功能正常镜头靓 屏花倒充400元,image,小米.jpg,数码网报价单-0831更新/手机相关/小米.jpg,1,0.98,visual_legacy_crosscheck
20260831-c205292bf9d7156f2cfa-01,2026-08-31,手机,device,小米,,小米17Pro max (16+1TB),,,废板·断板,475,元/台,开机主板靓功能正常镜头靓 屏花倒充400元,image,小米.jpg,数码网报价单-0831更新/手机相关/小米.jpg,1,0.98,visual_legacy_crosscheck
20260831-703b2d8e11a18bafa727-01,2026-08-31,手机,device,小米,,小米17Pro max (16+1TB),,,统货,/,元/台,开机主板靓功能正常镜头靓 屏花倒充400元,image,小米.jpg,数码网报价单-0831更新/手机相关/小米.jpg,1,0.98,visual_legacy_crosscheck
20260831-d734acd32b84bb76175d-01,2026-08-31,手机,device,小米,,小米17max (12+256),,,开机靓机好,3500,元/台,开机主板靓功能正常镜头靓 屏花倒充,image,小米.jpg,数码网报价单-0831更新/手机相关/小米.jpg,1,0.98,visual_legacy_crosscheck
20260831-0b720855e51a8f7ef82b-01,2026-08-31,手机,device,小米,,小米17max (12+256),,,开机好碎,2000,元/台,开机主板靓功能正常镜头靓 屏花倒充,image,小米.jpg,数码网报价单-0831更新/手机相关/小米.jpg,1,0.98,visual_legacy_crosscheck
20260831-72f397f50b82063e2a3b-01,2026-08-31,手机,device,小米,,小米17max (12+256),,,开机碎屏,1500,元/台,开机主板靓功能正常镜头靓 屏花倒充,image,小米.jpg,数码网报价单-0831更新/手机相关/小米.jpg,1,0.98,visual_legacy_crosscheck
20260831-7c5b1517c118db03c6b8-01,2026-08-31,手机,device,小米,,小米17max (12+256),,,开机压屏机,700,元/台,开机主板靓功能正常镜头靓 屏花倒充,image,小米.jpg,数码网报价单-0831更新/手机相关/小米.jpg,1,0.98,visual_legacy_crosscheck
20260831-35ef4c9936d3e246b39a-01,2026-08-31,手机,device,小米,,小米17max (12+256),,,不开机,215,元/台,开机主板靓功能正常镜头靓 屏花倒充,image,小米.jpg,数码网报价单-0831更新/手机相关/小米.jpg,1,0.98,visual_legacy_crosscheck
20260831-c1d02a9e76953fd64c00-01,2026-08-31,手机,device,小米,,小米17max (12+256),,,废板·断板,215,元/台,开机主板靓功能正常镜头靓 屏花倒充,image,小米.jpg,数码网报价单-0831更新/手机相关/小米.jpg,1,0.98,visual_legacy_crosscheck
20260831-57e92be5d68bc6a5327a-01,2026-08-31,手机,device,小米,,小米17max (12+256),,,统货,/,元/台,开机主板靓功能正常镜头靓 屏花倒充,image,小米.jpg,数码网报价单-0831更新/手机相关/小米.jpg,1,0.98,visual_legacy_crosscheck
20260831-3f99516094db9ed589b1-01,2026-08-31,手机,device,小米,,小米17max (12+512),,,开机靓机好,3500,元/台,开机主板靓功能正常镜头靓 屏花倒充,image,小米.jpg,数码网报价单-0831更新/手机相关/小米.jpg,1,0.98,visual_legacy_crosscheck
20260831-67df524872e504253c2e-01,2026-08-31,手机,device,小米,,小米17max (12+512),,,开机好碎,2000,元/台,开机主板靓功能正常镜头靓 屏花倒充,image,小米.jpg,数码网报价单-0831更新/手机相关/小米.jpg,1,0.98,visual_legacy_crosscheck
20260831-16d492c9274af10960ef-01,2026-08-31,手机,device,小米,,小米17max (12+512),,,开机碎屏,1500,元/台,开机主板靓功能正常镜头靓 屏花倒充,image,小米.jpg,数码网报价单-0831更新/手机相关/小米.jpg,1,0.98,visual_legacy_crosscheck
20260831-9e941b8c6661954812ec-01,2026-08-31,手机,device,小米,,小米17max (12+512),,,开机压屏机,700,元/台,开机主板靓功能正常镜头靓 屏花倒充,image,小米.jpg,数码网报价单-0831更新/手机相关/小米.jpg,1,0.98,visual_legacy_crosscheck
20260831-1e1bd14339c2b7bf47ae-01,2026-08-31,手机,device,小米,,小米17max (12+512),,,不开机,270,元/台,开机主板靓功能正常镜头靓 屏花倒充,image,小米.jpg,数码网报价单-0831更新/手机相关/小米.jpg,1,0.98,visual_legacy_crosscheck
20260831-38df11a3b05569be4fbc-01,2026-08-31,手机,device,小米,,小米17max (12+512),,,废板·断板,270,元/台,开机主板靓功能正常镜头靓 屏花倒充,image,小米.jpg,数码网报价单-0831更新/手机相关/小米.jpg,1,0.98,visual_legacy_crosscheck
20260831-5a5469001200c804437e-01,2026-08-31,手机,device,小米,,小米17max (12+512),,,统货,/,元/台,开机主板靓功能正常镜头靓 屏花倒充,image,小米.jpg,数码网报价单-0831更新/手机相关/小米.jpg,1,0.98,visual_legacy_crosscheck
20260831-e783a6c23737465db38d-01,2026-08-31,手机,device,小米,,小米17max (16+256),,,开机靓机好,3500,元/台,开机主板靓功能正常镜头靓 屏花倒充,image,小米.jpg,数码网报价单-0831更新/手机相关/小米.jpg,1,0.98,visual_legacy_crosscheck
20260831-170d6b8fbb7d1282a00d-01,2026-08-31,手机,device,小米,,小米17max (16+256),,,开机好碎,2000,元/台,开机主板靓功能正常镜头靓 屏花倒充,image,小米.jpg,数码网报价单-0831更新/手机相关/小米.jpg,1,0.98,visual_legacy_crosscheck
20260831-72407dcf5eb5b15c0664-01,2026-08-31,手机,device,小米,,小米17max (16+256),,,开机碎屏,1500,元/台,开机主板靓功能正常镜头靓 屏花倒充,image,小米.jpg,数码网报价单-0831更新/手机相关/小米.jpg,1,0.98,visual_legacy_crosscheck
20260831-a013f60ad138066e148e-01,2026-08-31,手机,device,小米,,小米17max (16+256),,,开机压屏机,700,元/台,开机主板靓功能正常镜头靓 屏花倒充,image,小米.jpg,数码网报价单-0831更新/手机相关/小米.jpg,1,0.98,visual_legacy_crosscheck
20260831-43ebc7c51784e3b456c6-01,2026-08-31,手机,device,小米,,小米17max (16+256),,,不开机,350,元/台,开机主板靓功能正常镜头靓 屏花倒充,image,小米.jpg,数码网报价单-0831更新/手机相关/小米.jpg,1,0.98,visual_legacy_crosscheck
20260831-d4fc8f395c931628eb14-01,2026-08-31,手机,device,小米,,小米17max (16+256),,,废板·断板,350,元/台,开机主板靓功能正常镜头靓 屏花倒充,image,小米.jpg,数码网报价单-0831更新/手机相关/小米.jpg,1,0.98,visual_legacy_crosscheck
20260831-9e47bd8e7d8d8fcb8c94-01,2026-08-31,手机,device,小米,,小米17max (16+256),,,统货,/,元/台,开机主板靓功能正常镜头靓 屏花倒充,image,小米.jpg,数码网报价单-0831更新/手机相关/小米.jpg,1,0.98,visual_legacy_crosscheck
20260831-462f702cb489841690cf-01,2026-08-31,手机,device,小米,,小米17max (16+512),,,开机靓机好,3500,元/台,开机主板靓功能正常镜头靓 屏花倒充,image,小米.jpg,数码网报价单-0831更新/手机相关/小米.jpg,1,0.98,visual_legacy_crosscheck
20260831-463bf0d69e55bfbe6e66-01,2026-08-31,手机,device,小米,,小米17max (16+512),,,开机好碎,2000,元/台,开机主板靓功能正常镜头靓 屏花倒充,image,小米.jpg,数码网报价单-0831更新/手机相关/小米.jpg,1,0.98,visual_legacy_crosscheck
20260831-aefdae8220e5f743e6c0-01,2026-08-31,手机,device,小米,,小米17max (16+512),,,开机碎屏,1500,元/台,开机主板靓功能正常镜头靓 屏花倒充,image,小米.jpg,数码网报价单-0831更新/手机相关/小米.jpg,1,0.98,visual_legacy_crosscheck
20260831-fdce646ee59c86e3e781-01,2026-08-31,手机,device,小米,,小米17max (16+512),,,开机压屏机,700,元/台,开机主板靓功能正常镜头靓 屏花倒充,image,小米.jpg,数码网报价单-0831更新/手机相关/小米.jpg,1,0.98,visual_legacy_crosscheck
20260831-db7caac9f8b3ebd1fbaa-01,2026-08-31,手机,device,小米,,小米17max (16+512),,,不开机,400,元/台,开机主板靓功能正常镜头靓 屏花倒充,image,小米.jpg,数码网报价单-0831更新/手机相关/小米.jpg,1,0.98,visual_legacy_crosscheck
20260831-ae6fa664a0f08225adcc-01,2026-08-31,手机,device,小米,,小米17max (16+512),,,废板·断板,400,元/台,开机主板靓功能正常镜头靓 屏花倒充,image,小米.jpg,数码网报价单-0831更新/手机相关/小米.jpg,1,0.98,visual_legacy_crosscheck
20260831-79793772b61915fa9240-01,2026-08-31,手机,device,小米,,小米17max (16+512),,,统货,/,元/台,开机主板靓功能正常镜头靓 屏花倒充,image,小米.jpg,数码网报价单-0831更新/手机相关/小米.jpg,1,0.98,visual_legacy_crosscheck
20260831-77dd64004c8b6153affc-01,2026-08-31,手机,device,小米,,小米17Pro (12+256),,,开机靓机好,2800,元/台,开机主板靓功能正常镜头靓 屏花倒充,image,小米.jpg,数码网报价单-0831更新/手机相关/小米.jpg,1,0.98,visual_legacy_crosscheck
20260831-4a90abe035e10021f8bc-01,2026-08-31,手机,device,小米,,小米17Pro (12+256),,,开机好碎,2000,元/台,开机主板靓功能正常镜头靓 屏花倒充,image,小米.jpg,数码网报价单-0831更新/手机相关/小米.jpg,1,0.98,visual_legacy_crosscheck
20260831-733201971eb8e478e18a-01,2026-08-31,手机,device,小米,,小米17Pro (12+256),,,开机碎屏,1400,元/台,开机主板靓功能正常镜头靓 屏花倒充,image,小米.jpg,数码网报价单-0831更新/手机相关/小米.jpg,1,0.98,visual_legacy_crosscheck
20260831-6ab0d6c96bb728c33bb4-01,2026-08-31,手机,device,小米,,小米17Pro (12+256),,,开机压屏机,600,元/台,开机主板靓功能正常镜头靓 屏花倒充,image,小米.jpg,数码网报价单-0831更新/手机相关/小米.jpg,1,0.98,visual_legacy_crosscheck
20260831-ccb6e99ec5bb086d3383-01,2026-08-31,手机,device,小米,,小米17Pro (12+256),,,不开机,215,元/台,开机主板靓功能正常镜头靓 屏花倒充,image,小米.jpg,数码网报价单-0831更新/手机相关/小米.jpg,1,0.98,visual_legacy_crosscheck
20260831-561f758eb7843299c83a-01,2026-08-31,手机,device,小米,,小米17Pro (12+256),,,废板·断板,215,元/台,开机主板靓功能正常镜头靓 屏花倒充,image,小米.jpg,数码网报价单-0831更新/手机相关/小米.jpg,1,0.98,visual_legacy_crosscheck
20260831-cd7f6b2088bddb236ee9-01,2026-08-31,手机,device,小米,,小米17Pro (12+256),,,统货,/,元/台,开机主板靓功能正常镜头靓 屏花倒充,image,小米.jpg,数码网报价单-0831更新/手机相关/小米.jpg,1,0.98,visual_legacy_crosscheck
20260831-58d62557449a1fbe8bfc-01,2026-08-31,手机,device,小米,,小米17Pro (12+512),,,开机靓机好,2800,元/台,开机主板靓功能正常镜头靓 屏花倒充,image,小米.jpg,数码网报价单-0831更新/手机相关/小米.jpg,1,0.98,visual_legacy_crosscheck
20260831-d9ade0d3949181b3454c-01,2026-08-31,手机,device,小米,,小米17Pro (12+512),,,开机好碎,2000,元/台,开机主板靓功能正常镜头靓 屏花倒充,image,小米.jpg,数码网报价单-0831更新/手机相关/小米.jpg,1,0.98,visual_legacy_crosscheck
20260831-319347fa120244e6a91a-01,2026-08-31,手机,device,小米,,小米17Pro (12+512),,,开机碎屏,1400,元/台,开机主板靓功能正常镜头靓 屏花倒充,image,小米.jpg,数码网报价单-0831更新/手机相关/小米.jpg,1,0.98,visual_legacy_crosscheck
20260831-5a3f453f7e87b3036a42-01,2026-08-31,手机,device,小米,,小米17Pro (12+512),,,开机压屏机,600,元/台,开机主板靓功能正常镜头靓 屏花倒充,image,小米.jpg,数码网报价单-0831更新/手机相关/小米.jpg,1,0.98,visual_legacy_crosscheck
20260831-cff06012f8ed63fb4192-01,2026-08-31,手机,device,小米,,小米17Pro (12+512),,,不开机,270,元/台,开机主板靓功能正常镜头靓 屏花倒充,image,小米.jpg,数码网报价单-0831更新/手机相关/小米.jpg,1,0.98,visual_legacy_crosscheck
20260831-0eb9d1821a25a8862fc4-01,2026-08-31,手机,device,小米,,小米17Pro (12+512),,,废板·断板,270,元/台,开机主板靓功能正常镜头靓 屏花倒充,image,小米.jpg,数码网报价单-0831更新/手机相关/小米.jpg,1,0.98,visual_legacy_crosscheck
20260831-d23aefc0f77fe8d13c60-01,2026-08-31,手机,device,小米,,小米17Pro (12+512),,,统货,/,元/台,开机主板靓功能正常镜头靓 屏花倒充,image,小米.jpg,数码网报价单-0831更新/手机相关/小米.jpg,1,0.98,visual_legacy_crosscheck
20260831-767afdbe2e04194516fb-01,2026-08-31,手机,device,小米,,小米17Pro (16+256),,,开机靓机好,2800,元/台,开机主板靓功能正常镜头靓 屏花倒充,image,小米.jpg,数码网报价单-0831更新/手机相关/小米.jpg,1,0.98,visual_legacy_crosscheck
20260831-622c2d2b5b443b8fd657-01,2026-08-31,手机,device,小米,,小米17Pro (16+256),,,开机好碎,2000,元/台,开机主板靓功能正常镜头靓 屏花倒充,image,小米.jpg,数码网报价单-0831更新/手机相关/小米.jpg,1,0.98,visual_legacy_crosscheck
20260831-f0d88257b5ea5128f09e-01,2026-08-31,手机,device,小米,,小米17Pro (16+256),,,开机碎屏,1400,元/台,开机主板靓功能正常镜头靓 屏花倒充,image,小米.jpg,数码网报价单-0831更新/手机相关/小米.jpg,1,0.98,visual_legacy_crosscheck
20260831-aeeb72e922398c4bc0dd-01,2026-08-31,手机,device,小米,,小米17Pro (16+256),,,开机压屏机,600,元/台,开机主板靓功能正常镜头靓 屏花倒充,image,小米.jpg,数码网报价单-0831更新/手机相关/小米.jpg,1,0.98,visual_legacy_crosscheck
20260831-2021747875412af5b7aa-01,2026-08-31,手机,device,小米,,小米17Pro (16+256),,,不开机,350,元/台,开机主板靓功能正常镜头靓 屏花倒充,image,小米.jpg,数码网报价单-0831更新/手机相关/小米.jpg,1,0.98,visual_legacy_crosscheck
20260831-29ee671959a87cd79cee-01,2026-08-31,手机,device,小米,,小米17Pro (16+256),,,废板·断板,350,元/台,开机主板靓功能正常镜头靓 屏花倒充,image,小米.jpg,数码网报价单-0831更新/手机相关/小米.jpg,1,0.98,visual_legacy_crosscheck
20260831-41b83498a26720825cc1-01,2026-08-31,手机,device,小米,,小米17Pro (16+256),,,统货,/,元/台,开机主板靓功能正常镜头靓 屏花倒充,image,小米.jpg,数码网报价单-0831更新/手机相关/小米.jpg,1,0.98,visual_legacy_crosscheck
20260831-b878287dd6d95bb555b1-01,2026-08-31,手机,device,小米,,小米17Pro (16+512),,,开机靓机好,2800,元/台,开机主板靓功能正常镜头靓 屏花倒充,image,小米.jpg,数码网报价单-0831更新/手机相关/小米.jpg,1,0.98,visual_legacy_crosscheck
20260831-2639f5844a2f5ca770fa-01,2026-08-31,手机,device,小米,,小米17Pro (16+512),,,开机好碎,2000,元/台,开机主板靓功能正常镜头靓 屏花倒充,image,小米.jpg,数码网报价单-0831更新/手机相关/小米.jpg,1,0.98,visual_legacy_crosscheck
20260831-3ecef68aefa447142e8f-01,2026-08-31,手机,device,小米,,小米17Pro (16+512),,,开机碎屏,1400,元/台,开机主板靓功能正常镜头靓 屏花倒充,image,小米.jpg,数码网报价单-0831更新/手机相关/小米.jpg,1,0.98,visual_legacy_crosscheck
20260831-aa8c8d881d6f056d21d6-01,2026-08-31,手机,device,小米,,小米17Pro (16+512),,,开机压屏机,600,元/台,开机主板靓功能正常镜头靓 屏花倒充,image,小米.jpg,数码网报价单-0831更新/手机相关/小米.jpg,1,0.98,visual_legacy_crosscheck
20260831-6d013641cd26715d82e0-01,2026-08-31,手机,device,小米,,小米17Pro (16+512),,,不开机,400,元/台,开机主板靓功能正常镜头靓 屏花倒充,image,小米.jpg,数码网报价单-0831更新/手机相关/小米.jpg,1,0.98,visual_legacy_crosscheck
20260831-ec917a326bdaeab27c39-01,2026-08-31,手机,device,小米,,小米17Pro (16+512),,,废板·断板,400,元/台,开机主板靓功能正常镜头靓 屏花倒充,image,小米.jpg,数码网报价单-0831更新/手机相关/小米.jpg,1,0.98,visual_legacy_crosscheck
20260831-530c21f9feb38ba03118-01,2026-08-31,手机,device,小米,,小米17Pro (16+512),,,统货,/,元/台,开机主板靓功能正常镜头靓 屏花倒充,image,小米.jpg,数码网报价单-0831更新/手机相关/小米.jpg,1,0.98,visual_legacy_crosscheck
20260831-e0026068f8eaac9e5f6d-01,2026-08-31,手机,device,小米,,小米15ultra (12+256),,,开机靓机好,1300,元/台,开机主板靓功能正常镜头靓 屏花倒充,image,小米.jpg,数码网报价单-0831更新/手机相关/小米.jpg,1,0.98,visual_legacy_crosscheck
20260831-92e70cc35287d38b57b6-01,2026-08-31,手机,device,小米,,小米15ultra (12+256),,,开机好碎,850,元/台,开机主板靓功能正常镜头靓 屏花倒充,image,小米.jpg,数码网报价单-0831更新/手机相关/小米.jpg,1,0.98,visual_legacy_crosscheck
20260831-571def7c10bcbc003a8d-01,2026-08-31,手机,device,小米,,小米15ultra (12+256),,,开机碎屏,800,元/台,开机主板靓功能正常镜头靓 屏花倒充,image,小米.jpg,数码网报价单-0831更新/手机相关/小米.jpg,1,0.98,visual_legacy_crosscheck
20260831-675d73cdc5b8c70547e4-01,2026-08-31,手机,device,小米,,小米15ultra (12+256),,,开机压屏机,350,元/台,开机主板靓功能正常镜头靓 屏花倒充,image,小米.jpg,数码网报价单-0831更新/手机相关/小米.jpg,1,0.98,visual_legacy_crosscheck
20260831-5afca369e81b39cbf79d-01,2026-08-31,手机,device,小米,,小米15ultra (12+256),,,不开机,215,元/台,开机主板靓功能正常镜头靓 屏花倒充,image,小米.jpg,数码网报价单-0831更新/手机相关/小米.jpg,1,0.98,visual_legacy_crosscheck
20260831-db811f97c3dc09c0dfac-01,2026-08-31,手机,device,小米,,小米15ultra (12+256),,,废板·断板,215,元/台,开机主板靓功能正常镜头靓 屏花倒充,image,小米.jpg,数码网报价单-0831更新/手机相关/小米.jpg,1,0.98,visual_legacy_crosscheck
20260831-de8c6de0a860426c8fbe-01,2026-08-31,手机,device,小米,,小米15ultra (12+256),,,统货,/,元/台,开机主板靓功能正常镜头靓 屏花倒充,image,小米.jpg,数码网报价单-0831更新/手机相关/小米.jpg,1,0.98,visual_legacy_crosscheck
20260831-015a9fe29ae229a10e76-01,2026-08-31,手机,device,小米,,小米15ultra (16+512),,,开机靓机好,1300,元/台,开机主板靓功能正常镜头靓 屏花倒充,image,小米.jpg,数码网报价单-0831更新/手机相关/小米.jpg,1,0.98,visual_legacy_crosscheck
20260831-95ec71835154659f1ea8-01,2026-08-31,手机,device,小米,,小米15ultra (16+512),,,开机好碎,850,元/台,开机主板靓功能正常镜头靓 屏花倒充,image,小米.jpg,数码网报价单-0831更新/手机相关/小米.jpg,1,0.98,visual_legacy_crosscheck
20260831-d7e92b26bf552d18de9d-01,2026-08-31,手机,device,小米,,小米15ultra (16+512),,,开机碎屏,800,元/台,开机主板靓功能正常镜头靓 屏花倒充,image,小米.jpg,数码网报价单-0831更新/手机相关/小米.jpg,1,0.98,visual_legacy_crosscheck
20260831-9584efb78b60e57d0018-01,2026-08-31,手机,device,小米,,小米15ultra (16+512),,,开机压屏机,400,元/台,开机主板靓功能正常镜头靓 屏花倒充,image,小米.jpg,数码网报价单-0831更新/手机相关/小米.jpg,1,0.98,visual_legacy_crosscheck
20260831-29615387e8891aec066a-01,2026-08-31,手机,device,小米,,小米15ultra (16+512),,,不开机,400,元/台,开机主板靓功能正常镜头靓 屏花倒充,image,小米.jpg,数码网报价单-0831更新/手机相关/小米.jpg,1,0.98,visual_legacy_crosscheck
20260831-921d10d31fba411e9d47-01,2026-08-31,手机,device,小米,,小米15ultra (16+512),,,废板·断板,400,元/台,开机主板靓功能正常镜头靓 屏花倒充,image,小米.jpg,数码网报价单-0831更新/手机相关/小米.jpg,1,0.98,visual_legacy_crosscheck
20260831-f498f6ee2cbc0931cbda-01,2026-08-31,手机,device,小米,,小米15ultra (16+512),,,统货,/,元/台,开机主板靓功能正常镜头靓 屏花倒充,image,小米.jpg,数码网报价单-0831更新/手机相关/小米.jpg,1,0.98,visual_legacy_crosscheck
20260831-a57be086b48945af79e4-01,2026-08-31,手机,device,小米,,小米15ultra (16+1T),,,开机靓机好,1300,元/台,开机主板靓功能正常镜头靓 屏花倒充,image,小米.jpg,数码网报价单-0831更新/手机相关/小米.jpg,1,0.98,visual_legacy_crosscheck
20260831-dcebd9de7a53f39fd265-01,2026-08-31,手机,device,小米,,小米15ultra (16+1T),,,开机好碎,850,元/台,开机主板靓功能正常镜头靓 屏花倒充,image,小米.jpg,数码网报价单-0831更新/手机相关/小米.jpg,1,0.98,visual_legacy_crosscheck
20260831-60cfc2ff908191f9bf34-01,2026-08-31,手机,device,小米,,小米15ultra (16+1T),,,开机碎屏,800,元/台,开机主板靓功能正常镜头靓 屏花倒充,image,小米.jpg,数码网报价单-0831更新/手机相关/小米.jpg,1,0.98,visual_legacy_crosscheck
20260831-6f0c76bf9a8323cfb1bc-01,2026-08-31,手机,device,小米,,小米15ultra (16+1T),,,开机压屏机,475,元/台,开机主板靓功能正常镜头靓 屏花倒充,image,小米.jpg,数码网报价单-0831更新/手机相关/小米.jpg,1,0.98,visual_legacy_crosscheck
20260831-f2ef7508cab4ab26fc11-01,2026-08-31,手机,device,小米,,小米15ultra (16+1T),,,不开机,475,元/台,开机主板靓功能正常镜头靓 屏花倒充,image,小米.jpg,数码网报价单-0831更新/手机相关/小米.jpg,1,0.98,visual_legacy_crosscheck
20260831-d6321f4e94de3874b9e7-01,2026-08-31,手机,device,小米,,小米15ultra (16+1T),,,废板·断板,475,元/台,开机主板靓功能正常镜头靓 屏花倒充,image,小米.jpg,数码网报价单-0831更新/手机相关/小米.jpg,1,0.98,visual_legacy_crosscheck
20260831-20ea3108b8208ca6ec3c-01,2026-08-31,手机,device,小米,,小米15ultra (16+1T),,,统货,/,元/台,开机主板靓功能正常镜头靓 屏花倒充,image,小米.jpg,数码网报价单-0831更新/手机相关/小米.jpg,1,0.98,visual_legacy_crosscheck
20260831-aaee72679e939a578488-01,2026-08-31,手机,device,小米,,小米15pro (12+256),,,开机靓机好,1100,元/台,开机主板靓功能正常镜头靓 屏花倒充,image,小米.jpg,数码网报价单-0831更新/手机相关/小米.jpg,1,0.98,visual_legacy_crosscheck
20260831-c377964d762124861d62-01,2026-08-31,手机,device,小米,,小米15pro (12+256),,,开机好碎,700,元/台,开机主板靓功能正常镜头靓 屏花倒充,image,小米.jpg,数码网报价单-0831更新/手机相关/小米.jpg,1,0.98,visual_legacy_crosscheck
20260831-199ee41177054c2b8c80-01,2026-08-31,手机,device,小米,,小米15pro (12+256),,,开机碎屏,750,元/台,开机主板靓功能正常镜头靓 屏花倒充,image,小米.jpg,数码网报价单-0831更新/手机相关/小米.jpg,1,0.98,visual_legacy_crosscheck
20260831-73cba378c74914d707da-01,2026-08-31,手机,device,小米,,小米15pro (12+256),,,开机压屏机,300,元/台,开机主板靓功能正常镜头靓 屏花倒充,image,小米.jpg,数码网报价单-0831更新/手机相关/小米.jpg,1,0.98,visual_legacy_crosscheck
20260831-21b120c1ea14f5d53c4c-01,2026-08-31,手机,device,小米,,小米15pro (12+256),,,不开机,215,元/台,开机主板靓功能正常镜头靓 屏花倒充,image,小米.jpg,数码网报价单-0831更新/手机相关/小米.jpg,1,0.98,visual_legacy_crosscheck
20260831-542224fdf7ad8c1d5f85-01,2026-08-31,手机,device,小米,,小米15pro (12+256),,,废板·断板,215,元/台,开机主板靓功能正常镜头靓 屏花倒充,image,小米.jpg,数码网报价单-0831更新/手机相关/小米.jpg,1,0.98,visual_legacy_crosscheck
20260831-37bcb4e94b61bffae15a-01,2026-08-31,手机,device,小米,,小米15pro (12+256),,,统货,/,元/台,开机主板靓功能正常镜头靓 屏花倒充,image,小米.jpg,数码网报价单-0831更新/手机相关/小米.jpg,1,0.98,visual_legacy_crosscheck
20260831-8a715164b65c7cb4281f-01,2026-08-31,手机,device,小米,,小米15pro (16+512),,,开机靓机好,1100,元/台,开机主板靓功能正常镜头靓 屏花倒充,image,小米.jpg,数码网报价单-0831更新/手机相关/小米.jpg,1,0.98,visual_legacy_crosscheck
20260831-fc33706f7f328539edb7-01,2026-08-31,手机,device,小米,,小米15pro (16+512),,,开机好碎,700,元/台,开机主板靓功能正常镜头靓 屏花倒充,image,小米.jpg,数码网报价单-0831更新/手机相关/小米.jpg,1,0.98,visual_legacy_crosscheck
20260831-d73c1529620c606efa35-01,2026-08-31,手机,device,小米,,小米15pro (16+512),,,开机碎屏,750,元/台,开机主板靓功能正常镜头靓 屏花倒充,image,小米.jpg,数码网报价单-0831更新/手机相关/小米.jpg,1,0.98,visual_legacy_crosscheck
20260831-8017f88b5de373d34439-01,2026-08-31,手机,device,小米,,小米15pro (16+512),,,开机压屏机,400,元/台,开机主板靓功能正常镜头靓 屏花倒充,image,小米.jpg,数码网报价单-0831更新/手机相关/小米.jpg,1,0.98,visual_legacy_crosscheck
20260831-c1dc71c48a46cd1568fd-01,2026-08-31,手机,device,小米,,小米15pro (16+512),,,不开机,400,元/台,开机主板靓功能正常镜头靓 屏花倒充,image,小米.jpg,数码网报价单-0831更新/手机相关/小米.jpg,1,0.98,visual_legacy_crosscheck
20260831-1efc61bca30bfdeca4a4-01,2026-08-31,手机,device,小米,,小米15pro (16+512),,,废板·断板,400,元/台,开机主板靓功能正常镜头靓 屏花倒充,image,小米.jpg,数码网报价单-0831更新/手机相关/小米.jpg,1,0.98,visual_legacy_crosscheck
20260831-d556f35c92051aeee3e6-01,2026-08-31,手机,device,小米,,小米15pro (16+512),,,统货,/,元/台,开机主板靓功能正常镜头靓 屏花倒充,image,小米.jpg,数码网报价单-0831更新/手机相关/小米.jpg,1,0.98,visual_legacy_crosscheck
20260831-fc9ae7664fdaf30eef64-01,2026-08-31,手机,device,小米,,小米15pro (16+1T),,,开机靓机好,1100,元/台,开机主板靓功能正常镜头靓 屏花倒充,image,小米.jpg,数码网报价单-0831更新/手机相关/小米.jpg,1,0.98,visual_legacy_crosscheck
20260831-3807797ecde675ae818d-01,2026-08-31,手机,device,小米,,小米15pro (16+1T),,,开机好碎,700,元/台,开机主板靓功能正常镜头靓 屏花倒充,image,小米.jpg,数码网报价单-0831更新/手机相关/小米.jpg,1,0.98,visual_legacy_crosscheck
20260831-fb63d51bbe51d2a6abd0-01,2026-08-31,手机,device,小米,,小米15pro (16+1T),,,开机碎屏,750,元/台,开机主板靓功能正常镜头靓 屏花倒充,image,小米.jpg,数码网报价单-0831更新/手机相关/小米.jpg,1,0.98,visual_legacy_crosscheck
20260831-b4f913fed5bd7b55f0d6-01,2026-08-31,手机,device,小米,,小米15pro (16+1T),,,开机压屏机,475,元/台,开机主板靓功能正常镜头靓 屏花倒充,image,小米.jpg,数码网报价单-0831更新/手机相关/小米.jpg,1,0.98,visual_legacy_crosscheck
20260831-fdea15f14ba430ec5684-01,2026-08-31,手机,device,小米,,小米15pro (16+1T),,,不开机,475,元/台,开机主板靓功能正常镜头靓 屏花倒充,image,小米.jpg,数码网报价单-0831更新/手机相关/小米.jpg,1,0.98,visual_legacy_crosscheck
20260831-0e864f2c12f71492c632-01,2026-08-31,手机,device,小米,,小米15pro (16+1T),,,废板·断板,475,元/台,开机主板靓功能正常镜头靓 屏花倒充,image,小米.jpg,数码网报价单-0831更新/手机相关/小米.jpg,1,0.98,visual_legacy_crosscheck
20260831-d7e831a014df874bd1fb-01,2026-08-31,手机,device,小米,,小米15pro (16+1T),,,统货,/,元/台,开机主板靓功能正常镜头靓 屏花倒充,image,小米.jpg,数码网报价单-0831更新/手机相关/小米.jpg,1,0.98,visual_legacy_crosscheck
20260831-3819ed925da13459a252-01,2026-08-31,手机,device,小米,,小米15 (12+256),,,开机靓机好,1000,元/台,开机主板靓功能正常镜头靓 屏花倒充,image,小米.jpg,数码网报价单-0831更新/手机相关/小米.jpg,1,0.98,visual_legacy_crosscheck
20260831-c4a0712325f30e2053ab-01,2026-08-31,手机,device,小米,,小米15 (12+256),,,开机好碎,550,元/台,开机主板靓功能正常镜头靓 屏花倒充,image,小米.jpg,数码网报价单-0831更新/手机相关/小米.jpg,1,0.98,visual_legacy_crosscheck
20260831-183eb3a86105e61ac8ef-01,2026-08-31,手机,device,小米,,小米15 (12+256),,,开机碎屏,750,元/台,开机主板靓功能正常镜头靓 屏花倒充,image,小米.jpg,数码网报价单-0831更新/手机相关/小米.jpg,1,0.98,visual_legacy_crosscheck
20260831-6c2c5d84a5717d3c04d4-01,2026-08-31,手机,device,小米,,小米15 (12+256),,,开机压屏机,300,元/台,开机主板靓功能正常镜头靓 屏花倒充,image,小米.jpg,数码网报价单-0831更新/手机相关/小米.jpg,1,0.98,visual_legacy_crosscheck
20260831-d73a1166a5e456ba37df-01,2026-08-31,手机,device,小米,,小米15 (12+256),,,不开机,270,元/台,开机主板靓功能正常镜头靓 屏花倒充,image,小米.jpg,数码网报价单-0831更新/手机相关/小米.jpg,1,0.98,visual_legacy_crosscheck
20260831-49ec9cc7e02f35d4e615-01,2026-08-31,手机,device,小米,,小米15 (12+256),,,废板·断板,270,元/台,开机主板靓功能正常镜头靓 屏花倒充,image,小米.jpg,数码网报价单-0831更新/手机相关/小米.jpg,1,0.98,visual_legacy_crosscheck
20260831-1f32ffc15fbc403b41b9-01,2026-08-31,手机,device,小米,,小米15 (12+256),,,统货,/,元/台,开机主板靓功能正常镜头靓 屏花倒充,image,小米.jpg,数码网报价单-0831更新/手机相关/小米.jpg,1,0.98,visual_legacy_crosscheck
20260831-a405afd52cc4273688d7-01,2026-08-31,手机,device,小米,,小米15 (16+512),,,开机靓机好,1000,元/台,开机主板靓功能正常镜头靓 屏花倒充,image,小米.jpg,数码网报价单-0831更新/手机相关/小米.jpg,1,0.98,visual_legacy_crosscheck
20260831-2ec4e88a2c302b1e9811-01,2026-08-31,手机,device,小米,,小米15 (16+512),,,开机好碎,550,元/台,开机主板靓功能正常镜头靓 屏花倒充,image,小米.jpg,数码网报价单-0831更新/手机相关/小米.jpg,1,0.98,visual_legacy_crosscheck
20260831-bfbb886fdafc19461167-01,2026-08-31,手机,device,小米,,小米15 (16+512),,,开机碎屏,750,元/台,开机主板靓功能正常镜头靓 屏花倒充,image,小米.jpg,数码网报价单-0831更新/手机相关/小米.jpg,1,0.98,visual_legacy_crosscheck
20260831-43e6a59b596e1707b3d0-01,2026-08-31,手机,device,小米,,小米15 (16+512),,,开机压屏机,400,元/台,开机主板靓功能正常镜头靓 屏花倒充,image,小米.jpg,数码网报价单-0831更新/手机相关/小米.jpg,1,0.98,visual_legacy_crosscheck
20260831-2108156268926950f592-01,2026-08-31,手机,device,小米,,小米15 (16+512),,,不开机,400,元/台,开机主板靓功能正常镜头靓 屏花倒充,image,小米.jpg,数码网报价单-0831更新/手机相关/小米.jpg,1,0.98,visual_legacy_crosscheck
20260831-be404839172ce2ea94ee-01,2026-08-31,手机,device,小米,,小米15 (16+512),,,废板·断板,400,元/台,开机主板靓功能正常镜头靓 屏花倒充,image,小米.jpg,数码网报价单-0831更新/手机相关/小米.jpg,1,0.98,visual_legacy_crosscheck
20260831-244dd28cae681f8d28fd-01,2026-08-31,手机,device,小米,,小米15 (16+512),,,统货,/,元/台,开机主板靓功能正常镜头靓 屏花倒充,image,小米.jpg,数码网报价单-0831更新/手机相关/小米.jpg,1,0.98,visual_legacy_crosscheck
20260831-3f69fc27ae0d8771d392-01,2026-08-31,手机,device,小米,,小米15 (16+1TB),,,开机靓机好,1000,元/台,开机主板靓功能正常镜头靓 屏花倒充,image,小米.jpg,数码网报价单-0831更新/手机相关/小米.jpg,1,0.98,visual_legacy_crosscheck
20260831-f30a395ebccfba14482c-01,2026-08-31,手机,device,小米,,小米15 (16+1TB),,,开机好碎,550,元/台,开机主板靓功能正常镜头靓 屏花倒充,image,小米.jpg,数码网报价单-0831更新/手机相关/小米.jpg,1,0.98,visual_legacy_crosscheck
20260831-ffbfd1ce4d2de25882db-01,2026-08-31,手机,device,小米,,小米15 (16+1TB),,,开机碎屏,750,元/台,开机主板靓功能正常镜头靓 屏花倒充,image,小米.jpg,数码网报价单-0831更新/手机相关/小米.jpg,1,0.98,visual_legacy_crosscheck
20260831-ed7227971d9f2f0ce12a-01,2026-08-31,手机,device,小米,,小米15 (16+1TB),,,开机压屏机,475,元/台,开机主板靓功能正常镜头靓 屏花倒充,image,小米.jpg,数码网报价单-0831更新/手机相关/小米.jpg,1,0.98,visual_legacy_crosscheck
20260831-53377de0200827aafbb4-01,2026-08-31,手机,device,小米,,小米15 (16+1TB),,,不开机,475,元/台,开机主板靓功能正常镜头靓 屏花倒充,image,小米.jpg,数码网报价单-0831更新/手机相关/小米.jpg,1,0.98,visual_legacy_crosscheck
20260831-01f0004ac681bbe33de6-01,2026-08-31,手机,device,小米,,小米15 (16+1TB),,,废板·断板,475,元/台,开机主板靓功能正常镜头靓 屏花倒充,image,小米.jpg,数码网报价单-0831更新/手机相关/小米.jpg,1,0.98,visual_legacy_crosscheck
20260831-f884c043e26f09fed3f9-01,2026-08-31,手机,device,小米,,小米15 (16+1TB),,,统货,/,元/台,开机主板靓功能正常镜头靓 屏花倒充,image,小米.jpg,数码网报价单-0831更新/手机相关/小米.jpg,1,0.98,visual_legacy_crosscheck
20260831-15f7d5403407a896d07b-01,2026-08-31,手机,device,小米,,小米15 (12+256),,,不开机,215,元/台,,image,小米.jpg,数码网报价单-0831更新/手机相关/小米.jpg,1,0.98,visual_legacy_crosscheck
20260831-9219741f5f0c7a1e4331-01,2026-08-31,手机,device,小米,,小米15 (12+256),,,废板·断板,215,元/台,,image,小米.jpg,数码网报价单-0831更新/手机相关/小米.jpg,1,0.98,visual_legacy_crosscheck
20260831-44566f62a2635a2fa680-01,2026-08-31,手机,device,小米,,小米14ultra (12+256),,,开机靓机好,1200,元/台,开机主板靓功能正常镜头靓 屏花倒充,image,小米.jpg,数码网报价单-0831更新/手机相关/小米.jpg,1,0.98,visual_legacy_crosscheck
20260831-ea71047e72a5b25edf75-01,2026-08-31,手机,device,小米,,小米14ultra (12+256),,,开机好碎,700,元/台,开机主板靓功能正常镜头靓 屏花倒充,image,小米.jpg,数码网报价单-0831更新/手机相关/小米.jpg,1,0.98,visual_legacy_crosscheck
20260831-9199bbe2cda77f849786-01,2026-08-31,手机,device,小米,,小米14ultra (12+256),,,开机碎屏,650,元/台,开机主板靓功能正常镜头靓 屏花倒充,image,小米.jpg,数码网报价单-0831更新/手机相关/小米.jpg,1,0.98,visual_legacy_crosscheck
20260831-6a5e8d17deaf78877122-01,2026-08-31,手机,device,小米,,小米14ultra (12+256),,,开机压屏机,300,元/台,开机主板靓功能正常镜头靓 屏花倒充,image,小米.jpg,数码网报价单-0831更新/手机相关/小米.jpg,1,0.98,visual_legacy_crosscheck
20260831-66e45cb9433bb7736ee5-01,2026-08-31,手机,device,小米,,小米14ultra (12+256),,,不开机,215,元/台,开机主板靓功能正常镜头靓 屏花倒充,image,小米.jpg,数码网报价单-0831更新/手机相关/小米.jpg,1,0.98,visual_legacy_crosscheck
20260831-64d7b073548f811cc603-01,2026-08-31,手机,device,小米,,小米14ultra (12+256),,,废板·断板,215,元/台,开机主板靓功能正常镜头靓 屏花倒充,image,小米.jpg,数码网报价单-0831更新/手机相关/小米.jpg,1,0.98,visual_legacy_crosscheck
20260831-484eb850308f73084daf-01,2026-08-31,手机,device,小米,,小米14ultra (12+256),,,统货,/,元/台,开机主板靓功能正常镜头靓 屏花倒充,image,小米.jpg,数码网报价单-0831更新/手机相关/小米.jpg,1,0.98,visual_legacy_crosscheck
20260831-b35225963424f7c673c1-01,2026-08-31,手机,device,小米,,小米14ultra (16+512),,,开机靓机好,1200,元/台,开机主板靓功能正常镜头靓 屏花倒充,image,小米.jpg,数码网报价单-0831更新/手机相关/小米.jpg,1,0.98,visual_legacy_crosscheck
20260831-651d55191a274a6d930b-01,2026-08-31,手机,device,小米,,小米14ultra (16+512),,,开机好碎,700,元/台,开机主板靓功能正常镜头靓 屏花倒充,image,小米.jpg,数码网报价单-0831更新/手机相关/小米.jpg,1,0.98,visual_legacy_crosscheck
20260831-6dbb9a662a89c9f14d28-01,2026-08-31,手机,device,小米,,小米14ultra (16+512),,,开机碎屏,650,元/台,开机主板靓功能正常镜头靓 屏花倒充,image,小米.jpg,数码网报价单-0831更新/手机相关/小米.jpg,1,0.98,visual_legacy_crosscheck
20260831-be9c7affbcecfc12e3e2-01,2026-08-31,手机,device,小米,,小米14ultra (16+512),,,开机压屏机,400,元/台,开机主板靓功能正常镜头靓 屏花倒充,image,小米.jpg,数码网报价单-0831更新/手机相关/小米.jpg,1,0.98,visual_legacy_crosscheck
20260831-8d80e1a3c1c0703c8d5b-01,2026-08-31,手机,device,小米,,小米14ultra (16+512),,,不开机,400,元/台,开机主板靓功能正常镜头靓 屏花倒充,image,小米.jpg,数码网报价单-0831更新/手机相关/小米.jpg,1,0.98,visual_legacy_crosscheck
20260831-d8ebd5add3328a58b58f-01,2026-08-31,手机,device,小米,,小米14ultra (16+512),,,废板·断板,400,元/台,开机主板靓功能正常镜头靓 屏花倒充,image,小米.jpg,数码网报价单-0831更新/手机相关/小米.jpg,1,0.98,visual_legacy_crosscheck
20260831-c816c5c9a9316244a21f-01,2026-08-31,手机,device,小米,,小米14ultra (16+512),,,统货,/,元/台,开机主板靓功能正常镜头靓 屏花倒充,image,小米.jpg,数码网报价单-0831更新/手机相关/小米.jpg,1,0.98,visual_legacy_crosscheck
20260831-cde82a48063638a32616-01,2026-08-31,手机,device,小米,,小米14ultra (16+1T),,,开机靓机好,1200,元/台,开机主板靓功能正常镜头靓 屏花倒充,image,小米.jpg,数码网报价单-0831更新/手机相关/小米.jpg,1,0.98,visual_legacy_crosscheck
20260831-850467d26b78484f9025-01,2026-08-31,手机,device,小米,,小米14ultra (16+1T),,,开机好碎,700,元/台,开机主板靓功能正常镜头靓 屏花倒充,image,小米.jpg,数码网报价单-0831更新/手机相关/小米.jpg,1,0.98,visual_legacy_crosscheck
20260831-2115e827fd5fa1823cee-01,2026-08-31,手机,device,小米,,小米14ultra (16+1T),,,开机碎屏,650,元/台,开机主板靓功能正常镜头靓 屏花倒充,image,小米.jpg,数码网报价单-0831更新/手机相关/小米.jpg,1,0.98,visual_legacy_crosscheck
20260831-69e22e7f69736d555323-01,2026-08-31,手机,device,小米,,小米14ultra (16+1T),,,开机压屏机,475,元/台,开机主板靓功能正常镜头靓 屏花倒充,image,小米.jpg,数码网报价单-0831更新/手机相关/小米.jpg,1,0.98,visual_legacy_crosscheck
20260831-94d7e012bd8131f8f91a-01,2026-08-31,手机,device,小米,,小米14ultra (16+1T),,,不开机,475,元/台,开机主板靓功能正常镜头靓 屏花倒充,image,小米.jpg,数码网报价单-0831更新/手机相关/小米.jpg,1,0.98,visual_legacy_crosscheck
20260831-330f16ef9b947eb345cf-01,2026-08-31,手机,device,小米,,小米14ultra (16+1T),,,废板·断板,475,元/台,开机主板靓功能正常镜头靓 屏花倒充,image,小米.jpg,数码网报价单-0831更新/手机相关/小米.jpg,1,0.98,visual_legacy_crosscheck
20260831-bc3a562f5eff6d3f2393-01,2026-08-31,手机,device,小米,,小米14ultra (16+1T),,,统货,/,元/台,开机主板靓功能正常镜头靓 屏花倒充,image,小米.jpg,数码网报价单-0831更新/手机相关/小米.jpg,1,0.98,visual_legacy_crosscheck
20260831-ed3d6bd02cd0df045e4a-01,2026-08-31,手机,device,小米,,小米14Pro (12+256),,,开机靓机好,950,元/台,开机主板靓功能正常镜头靓 屏花倒充,image,小米.jpg,数码网报价单-0831更新/手机相关/小米.jpg,1,0.98,visual_legacy_crosscheck
20260831-ec7461aa36f29e2e6d89-01,2026-08-31,手机,device,小米,,小米14Pro (12+256),,,开机好碎,600,元/台,开机主板靓功能正常镜头靓 屏花倒充,image,小米.jpg,数码网报价单-0831更新/手机相关/小米.jpg,1,0.98,visual_legacy_crosscheck
20260831-5d1305e8c2a10db56c56-01,2026-08-31,手机,device,小米,,小米14Pro (12+256),,,开机碎屏,450,元/台,开机主板靓功能正常镜头靓 屏花倒充,image,小米.jpg,数码网报价单-0831更新/手机相关/小米.jpg,1,0.98,visual_legacy_crosscheck
20260831-f9351f683f0bf02ab9d5-01,2026-08-31,手机,device,小米,,小米14Pro (12+256),,,开机压屏机,250,元/台,开机主板靓功能正常镜头靓 屏花倒充,image,小米.jpg,数码网报价单-0831更新/手机相关/小米.jpg,1,0.98,visual_legacy_crosscheck
20260831-cbb7584314bfbd2d5d0a-01,2026-08-31,手机,device,小米,,小米14Pro (12+256),,,不开机,215,元/台,开机主板靓功能正常镜头靓 屏花倒充,image,小米.jpg,数码网报价单-0831更新/手机相关/小米.jpg,1,0.98,visual_legacy_crosscheck
20260831-087a82b3a00e6eb248f4-01,2026-08-31,手机,device,小米,,小米14Pro (12+256),,,废板·断板,215,元/台,开机主板靓功能正常镜头靓 屏花倒充,image,小米.jpg,数码网报价单-0831更新/手机相关/小米.jpg,1,0.98,visual_legacy_crosscheck
20260831-6322739249c21c96517f-01,2026-08-31,手机,device,小米,,小米14Pro (12+256),,,统货,/,元/台,开机主板靓功能正常镜头靓 屏花倒充,image,小米.jpg,数码网报价单-0831更新/手机相关/小米.jpg,1,0.98,visual_legacy_crosscheck
20260831-94c087b7d35d20f66323-01,2026-08-31,手机,device,小米,,小米14Pro (16+512),,,开机靓机好,950,元/台,开机主板靓功能正常镜头靓 屏花倒充,image,小米.jpg,数码网报价单-0831更新/手机相关/小米.jpg,1,0.98,visual_legacy_crosscheck
20260831-8eac9f76607e6bd0962b-01,2026-08-31,手机,device,小米,,小米14Pro (16+512),,,开机好碎,600,元/台,开机主板靓功能正常镜头靓 屏花倒充,image,小米.jpg,数码网报价单-0831更新/手机相关/小米.jpg,1,0.98,visual_legacy_crosscheck
20260831-fa584ba971955742e086-01,2026-08-31,手机,device,小米,,小米14Pro (16+512),,,开机碎屏,450,元/台,开机主板靓功能正常镜头靓 屏花倒充,image,小米.jpg,数码网报价单-0831更新/手机相关/小米.jpg,1,0.98,visual_legacy_crosscheck
20260831-d8318d08c869972e55bb-01,2026-08-31,手机,device,小米,,小米14Pro (16+512),,,开机压屏机,400,元/台,开机主板靓功能正常镜头靓 屏花倒充,image,小米.jpg,数码网报价单-0831更新/手机相关/小米.jpg,1,0.98,visual_legacy_crosscheck
20260831-3065b33b524c1bd25212-01,2026-08-31,手机,device,小米,,小米14Pro (16+512),,,不开机,400,元/台,开机主板靓功能正常镜头靓 屏花倒充,image,小米.jpg,数码网报价单-0831更新/手机相关/小米.jpg,1,0.98,visual_legacy_crosscheck
20260831-a677c2b2fc418abd6979-01,2026-08-31,手机,device,小米,,小米14Pro (16+512),,,废板·断板,400,元/台,开机主板靓功能正常镜头靓 屏花倒充,image,小米.jpg,数码网报价单-0831更新/手机相关/小米.jpg,1,0.98,visual_legacy_crosscheck
20260831-92765d5277a9b1816349-01,2026-08-31,手机,device,小米,,小米14Pro (16+512),,,统货,/,元/台,开机主板靓功能正常镜头靓 屏花倒充,image,小米.jpg,数码网报价单-0831更新/手机相关/小米.jpg,1,0.98,visual_legacy_crosscheck
20260831-8c3186cc3d3926e0abb2-01,2026-08-31,手机,device,小米,,小米14Pro (16+1TB),,,开机靓机好,950,元/台,开机主板靓功能正常镜头靓 屏花倒充,image,小米.jpg,数码网报价单-0831更新/手机相关/小米.jpg,1,0.98,visual_legacy_crosscheck
20260831-0d258c731cc0bf843706-01,2026-08-31,手机,device,小米,,小米14Pro (16+1TB),,,开机好碎,600,元/台,开机主板靓功能正常镜头靓 屏花倒充,image,小米.jpg,数码网报价单-0831更新/手机相关/小米.jpg,1,0.98,visual_legacy_crosscheck
20260831-c5408e24e0c5b9044db2-01,2026-08-31,手机,device,小米,,小米14Pro (16+1TB),,,开机碎屏,450,元/台,开机主板靓功能正常镜头靓 屏花倒充,image,小米.jpg,数码网报价单-0831更新/手机相关/小米.jpg,1,0.98,visual_legacy_crosscheck
20260831-bf41ef562ece94b7813c-01,2026-08-31,手机,device,小米,,小米14Pro (16+1TB),,,开机压屏机,475,元/台,开机主板靓功能正常镜头靓 屏花倒充,image,小米.jpg,数码网报价单-0831更新/手机相关/小米.jpg,1,0.98,visual_legacy_crosscheck
20260831-4b66c55cb5b70ec085dd-01,2026-08-31,手机,device,小米,,小米14Pro (16+1TB),,,不开机,475,元/台,开机主板靓功能正常镜头靓 屏花倒充,image,小米.jpg,数码网报价单-0831更新/手机相关/小米.jpg,1,0.98,visual_legacy_crosscheck
20260831-aba1db0986fec539a644-01,2026-08-31,手机,device,小米,,小米14Pro (16+1TB),,,废板·断板,475,元/台,开机主板靓功能正常镜头靓 屏花倒充,image,小米.jpg,数码网报价单-0831更新/手机相关/小米.jpg,1,0.98,visual_legacy_crosscheck
20260831-a2c5b208b15caa51bbb5-01,2026-08-31,手机,device,小米,,小米14Pro (16+1TB),,,统货,/,元/台,开机主板靓功能正常镜头靓 屏花倒充,image,小米.jpg,数码网报价单-0831更新/手机相关/小米.jpg,1,0.98,visual_legacy_crosscheck
20260831-3415ebd04543ad19b2fe-01,2026-08-31,手机,device,小米,,小米14 (8+256),,,开机靓机好,750,元/台,开机主板靓功能正常镜头靓 屏花倒充,image,小米.jpg,数码网报价单-0831更新/手机相关/小米.jpg,1,0.98,visual_legacy_crosscheck
20260831-a4e7e79c89b3e13d755f-01,2026-08-31,手机,device,小米,,小米14 (8+256),,,开机好碎,500,元/台,开机主板靓功能正常镜头靓 屏花倒充,image,小米.jpg,数码网报价单-0831更新/手机相关/小米.jpg,1,0.98,visual_legacy_crosscheck
20260831-5fb265c572b1516305a0-01,2026-08-31,手机,device,小米,,小米14 (8+256),,,开机碎屏,400,元/台,开机主板靓功能正常镜头靓 屏花倒充,image,小米.jpg,数码网报价单-0831更新/手机相关/小米.jpg,1,0.98,visual_legacy_crosscheck
20260831-4183f7dab8bb5442cd35-01,2026-08-31,手机,device,小米,,小米14 (8+256),,,开机压屏机,205,元/台,开机主板靓功能正常镜头靓 屏花倒充,image,小米.jpg,数码网报价单-0831更新/手机相关/小米.jpg,1,0.98,visual_legacy_crosscheck
20260831-40d7e8dd87d0d32f1635-01,2026-08-31,手机,device,小米,,小米14 (8+256),,,不开机,205,元/台,开机主板靓功能正常镜头靓 屏花倒充,image,小米.jpg,数码网报价单-0831更新/手机相关/小米.jpg,1,0.98,visual_legacy_crosscheck
20260831-223a780cbd6368821cc8-01,2026-08-31,手机,device,小米,,小米14 (8+256),,,废板·断板,205,元/台,开机主板靓功能正常镜头靓 屏花倒充,image,小米.jpg,数码网报价单-0831更新/手机相关/小米.jpg,1,0.98,visual_legacy_crosscheck
20260831-250322dc863f4492b1b9-01,2026-08-31,手机,device,小米,,小米14 (8+256),,,统货,/,元/台,开机主板靓功能正常镜头靓 屏花倒充,image,小米.jpg,数码网报价单-0831更新/手机相关/小米.jpg,1,0.98,visual_legacy_crosscheck
20260831-89d80cf02677329a2248-01,2026-08-31,手机,device,小米,,小米14 (12+256),,,开机靓机好,750,元/台,开机主板靓功能正常镜头靓 屏花倒充,image,小米.jpg,数码网报价单-0831更新/手机相关/小米.jpg,1,0.98,visual_legacy_crosscheck
20260831-ac40df6bde51add1d1aa-01,2026-08-31,手机,device,小米,,小米14 (12+256),,,开机好碎,500,元/台,开机主板靓功能正常镜头靓 屏花倒充,image,小米.jpg,数码网报价单-0831更新/手机相关/小米.jpg,1,0.98,visual_legacy_crosscheck
20260831-0ec8611385ddfaebe705-01,2026-08-31,手机,device,小米,,小米14 (12+256),,,开机碎屏,400,元/台,开机主板靓功能正常镜头靓 屏花倒充,image,小米.jpg,数码网报价单-0831更新/手机相关/小米.jpg,1,0.98,visual_legacy_crosscheck
20260831-f8d3f8c20155633d241a-01,2026-08-31,手机,device,小米,,小米14 (12+256),,,开机压屏机,250,元/台,开机主板靓功能正常镜头靓 屏花倒充,image,小米.jpg,数码网报价单-0831更新/手机相关/小米.jpg,1,0.98,visual_legacy_crosscheck
20260831-b6134002dc00bc1efc95-01,2026-08-31,手机,device,小米,,小米14 (12+256),,,不开机,215,元/台,开机主板靓功能正常镜头靓 屏花倒充,image,小米.jpg,数码网报价单-0831更新/手机相关/小米.jpg,1,0.98,visual_legacy_crosscheck
20260831-cd7b9566983e0bda505b-01,2026-08-31,手机,device,小米,,小米14 (12+256),,,废板·断板,215,元/台,开机主板靓功能正常镜头靓 屏花倒充,image,小米.jpg,数码网报价单-0831更新/手机相关/小米.jpg,1,0.98,visual_legacy_crosscheck
20260831-29b097504336b4152907-01,2026-08-31,手机,device,小米,,小米14 (12+256),,,统货,/,元/台,开机主板靓功能正常镜头靓 屏花倒充,image,小米.jpg,数码网报价单-0831更新/手机相关/小米.jpg,1,0.98,visual_legacy_crosscheck
20260831-7c069ecdf5ae5b6cf643-01,2026-08-31,手机,device,小米,,小米14 (16+512),,,开机靓机好,750,元/台,备注,image,小米.jpg,数码网报价单-0831更新/手机相关/小米.jpg,1,0.98,visual_legacy_crosscheck
20260831-873cbb372649e0ba3378-01,2026-08-31,手机,device,小米,,小米14 (16+512),,,开机好碎,500,元/台,备注,image,小米.jpg,数码网报价单-0831更新/手机相关/小米.jpg,1,0.98,visual_legacy_crosscheck
20260831-93ba4fbf427d6bf110a2-01,2026-08-31,手机,device,小米,,小米14 (16+512),,,开机碎屏,400,元/台,备注,image,小米.jpg,数码网报价单-0831更新/手机相关/小米.jpg,1,0.98,visual_legacy_crosscheck
20260831-dddeb7337b5934637b04-01,2026-08-31,手机,device,小米,,小米14 (16+512),,,开机压屏机,400,元/台,备注,image,小米.jpg,数码网报价单-0831更新/手机相关/小米.jpg,1,0.98,visual_legacy_crosscheck
20260831-7e7933d962633b086ecc-01,2026-08-31,手机,device,小米,,小米14 (16+512),,,不开机,400,元/台,备注,image,小米.jpg,数码网报价单-0831更新/手机相关/小米.jpg,1,0.98,visual_legacy_crosscheck
20260831-ef15a1cbd34ef6aa01d5-01,2026-08-31,手机,device,小米,,小米14 (16+512),,,废板·断板,400,元/台,备注,image,小米.jpg,数码网报价单-0831更新/手机相关/小米.jpg,1,0.98,visual_legacy_crosscheck
20260831-cf6e728e74af2d1df4a0-01,2026-08-31,手机,device,小米,,小米14 (16+512),,,统货,/,元/台,备注,image,小米.jpg,数码网报价单-0831更新/手机相关/小米.jpg,1,0.98,visual_legacy_crosscheck
20260831-9f271e871e82ccf53429-01,2026-08-31,手机,device,小米,,小米14 (16+1TB),,,开机靓机好,750,元/台,,image,小米.jpg,数码网报价单-0831更新/手机相关/小米.jpg,1,0.98,visual_legacy_crosscheck
20260831-b1ba7ef6944adade26b5-01,2026-08-31,手机,device,小米,,小米14 (16+1TB),,,开机好碎,500,元/台,,image,小米.jpg,数码网报价单-0831更新/手机相关/小米.jpg,1,0.98,visual_legacy_crosscheck
20260831-8133a3cb2d4416665177-01,2026-08-31,手机,device,小米,,小米14 (16+1TB),,,开机碎屏,475,元/台,,image,小米.jpg,数码网报价单-0831更新/手机相关/小米.jpg,1,0.98,visual_legacy_crosscheck
20260831-b984f249dfb01a662d2e-01,2026-08-31,手机,device,小米,,小米14 (16+1TB),,,开机压屏机,475,元/台,,image,小米.jpg,数码网报价单-0831更新/手机相关/小米.jpg,1,0.98,visual_legacy_crosscheck
20260831-8ab8ff4d4133bfa33401-01,2026-08-31,手机,device,小米,,小米14 (16+1TB),,,不开机,475,元/台,,image,小米.jpg,数码网报价单-0831更新/手机相关/小米.jpg,1,0.98,visual_legacy_crosscheck
20260831-bcddbf316bb77802d96c-01,2026-08-31,手机,device,小米,,小米14 (16+1TB),,,废板·断板,475,元/台,,image,小米.jpg,数码网报价单-0831更新/手机相关/小米.jpg,1,0.98,visual_legacy_crosscheck
20260831-0c2d71dd4ef4a9f7f573-01,2026-08-31,手机,device,小米,,小米14 (16+1TB),,,统货,/,元/台,,image,小米.jpg,数码网报价单-0831更新/手机相关/小米.jpg,1,0.98,visual_legacy_crosscheck
20260831-4679f1444c2bac403cd3-01,2026-08-31,手机,device,小米,,小米13ultra (12+256),,,开机靓机好,750,元/台,开机主板靓功能正常镜头靓 屏花倒充,image,小米.jpg,数码网报价单-0831更新/手机相关/小米.jpg,1,0.98,visual_legacy_crosscheck
20260831-d23a1a5692b6dcfb84a2-01,2026-08-31,手机,device,小米,,小米13ultra (12+256),,,开机好碎,450,元/台,开机主板靓功能正常镜头靓 屏花倒充,image,小米.jpg,数码网报价单-0831更新/手机相关/小米.jpg,1,0.98,visual_legacy_crosscheck
20260831-16c4ecb8100e6f6956ef-01,2026-08-31,手机,device,小米,,小米13ultra (12+256),,,开机碎屏,550,元/台,开机主板靓功能正常镜头靓 屏花倒充,image,小米.jpg,数码网报价单-0831更新/手机相关/小米.jpg,1,0.98,visual_legacy_crosscheck
20260831-4dd9990021b907b14de6-01,2026-08-31,手机,device,小米,,小米13ultra (12+256),,,开机压屏机,300,元/台,开机主板靓功能正常镜头靓 屏花倒充,image,小米.jpg,数码网报价单-0831更新/手机相关/小米.jpg,1,0.98,visual_legacy_crosscheck
20260831-26b87c83c3f16eaeec7b-01,2026-08-31,手机,device,小米,,小米13ultra (12+256),,,不开机,215,元/台,开机主板靓功能正常镜头靓 屏花倒充,image,小米.jpg,数码网报价单-0831更新/手机相关/小米.jpg,1,0.98,visual_legacy_crosscheck
20260831-57ca1064991766dcaf28-01,2026-08-31,手机,device,小米,,小米13ultra (12+256),,,废板·断板,215,元/台,开机主板靓功能正常镜头靓 屏花倒充,image,小米.jpg,数码网报价单-0831更新/手机相关/小米.jpg,1,0.98,visual_legacy_crosscheck
20260831-083dedd10cd82d846c8c-01,2026-08-31,手机,device,小米,,小米13ultra (12+256),,,统货,/,元/台,开机主板靓功能正常镜头靓 屏花倒充,image,小米.jpg,数码网报价单-0831更新/手机相关/小米.jpg,1,0.98,visual_legacy_crosscheck
20260831-a076e50f26e70027c47e-01,2026-08-31,手机,device,小米,,小米13ultra (16+512),,,开机靓机好,750,元/台,开机主板靓功能正常镜头靓 屏花倒充,image,小米.jpg,数码网报价单-0831更新/手机相关/小米.jpg,1,0.98,visual_legacy_crosscheck
20260831-0db3dfefe2b0410f598b-01,2026-08-31,手机,device,小米,,小米13ultra (16+512),,,开机好碎,450,元/台,开机主板靓功能正常镜头靓 屏花倒充,image,小米.jpg,数码网报价单-0831更新/手机相关/小米.jpg,1,0.98,visual_legacy_crosscheck
20260831-18ced5940ca70ba48d69-01,2026-08-31,手机,device,小米,,小米13ultra (16+512),,,开机碎屏,550,元/台,开机主板靓功能正常镜头靓 屏花倒充,image,小米.jpg,数码网报价单-0831更新/手机相关/小米.jpg,1,0.98,visual_legacy_crosscheck
20260831-56927db843ede8596ac7-01,2026-08-31,手机,device,小米,,小米13ultra (16+512),,,开机压屏机,300,元/台,开机主板靓功能正常镜头靓 屏花倒充,image,小米.jpg,数码网报价单-0831更新/手机相关/小米.jpg,1,0.98,visual_legacy_crosscheck
20260831-d47ed9250273eca2ccfd-01,2026-08-31,手机,device,小米,,小米13ultra (16+512),,,不开机,270,元/台,开机主板靓功能正常镜头靓 屏花倒充,image,小米.jpg,数码网报价单-0831更新/手机相关/小米.jpg,1,0.98,visual_legacy_crosscheck
20260831-2e12260fe4ae46768101-01,2026-08-31,手机,device,小米,,小米13ultra (16+512),,,废板·断板,270,元/台,开机主板靓功能正常镜头靓 屏花倒充,image,小米.jpg,数码网报价单-0831更新/手机相关/小米.jpg,1,0.98,visual_legacy_crosscheck
20260831-bcd3d76dbe1488799b94-01,2026-08-31,手机,device,小米,,小米13ultra (16+512),,,统货,/,元/台,开机主板靓功能正常镜头靓 屏花倒充,image,小米.jpg,数码网报价单-0831更新/手机相关/小米.jpg,1,0.98,visual_legacy_crosscheck
20260831-ae938f422475fabc1bb2-01,2026-08-31,手机,device,小米,,小米13ultra (16+512B),,,开机靓机好,750,元/台,开机主板靓功能正常镜头靓 屏花倒充,image,小米.jpg,数码网报价单-0831更新/手机相关/小米.jpg,1,0.98,visual_legacy_crosscheck
20260831-8f2d35c45d24cb2890d5-01,2026-08-31,手机,device,小米,,小米13ultra (16+512B),,,开机好碎,450,元/台,开机主板靓功能正常镜头靓 屏花倒充,image,小米.jpg,数码网报价单-0831更新/手机相关/小米.jpg,1,0.98,visual_legacy_crosscheck
20260831-c5b43005d33fdfe29f04-01,2026-08-31,手机,device,小米,,小米13ultra (16+512B),,,开机碎屏,550,元/台,开机主板靓功能正常镜头靓 屏花倒充,image,小米.jpg,数码网报价单-0831更新/手机相关/小米.jpg,1,0.98,visual_legacy_crosscheck
20260831-1f42a568c1d7737e3254-01,2026-08-31,手机,device,小米,,小米13ultra (16+512B),,,开机压屏机,400,元/台,开机主板靓功能正常镜头靓 屏花倒充,image,小米.jpg,数码网报价单-0831更新/手机相关/小米.jpg,1,0.98,visual_legacy_crosscheck
20260831-f0c786d7a919dbec7a5e-01,2026-08-31,手机,device,小米,,小米13ultra (16+512B),,,不开机,400,元/台,开机主板靓功能正常镜头靓 屏花倒充,image,小米.jpg,数码网报价单-0831更新/手机相关/小米.jpg,1,0.98,visual_legacy_crosscheck
20260831-734e4c3bc113f1be355f-01,2026-08-31,手机,device,小米,,小米13ultra (16+512B),,,废板·断板,400,元/台,开机主板靓功能正常镜头靓 屏花倒充,image,小米.jpg,数码网报价单-0831更新/手机相关/小米.jpg,1,0.98,visual_legacy_crosscheck
20260831-cfe50c4d0bf83647e62c-01,2026-08-31,手机,device,小米,,小米13ultra (16+512B),,,统货,/,元/台,开机主板靓功能正常镜头靓 屏花倒充,image,小米.jpg,数码网报价单-0831更新/手机相关/小米.jpg,1,0.98,visual_legacy_crosscheck
20260831-ba99b76f50003c7f51cb-01,2026-08-31,手机,device,小米,,小米13ultra (16+1TB),,,开机靓机好,750,元/台,开机主板靓功能正常镜头靓 屏花倒充,image,小米.jpg,数码网报价单-0831更新/手机相关/小米.jpg,1,0.98,visual_legacy_crosscheck
20260831-160262a2cd7d20dc0cdd-01,2026-08-31,手机,device,小米,,小米13ultra (16+1TB),,,开机好碎,500,元/台,开机主板靓功能正常镜头靓 屏花倒充,image,小米.jpg,数码网报价单-0831更新/手机相关/小米.jpg,1,0.98,visual_legacy_crosscheck
20260831-272a1cf883ab010a0f5f-01,2026-08-31,手机,device,小米,,小米13ultra (16+1TB),,,开机碎屏,550,元/台,开机主板靓功能正常镜头靓 屏花倒充,image,小米.jpg,数码网报价单-0831更新/手机相关/小米.jpg,1,0.98,visual_legacy_crosscheck
20260831-a13dd12133988b4c9189-01,2026-08-31,手机,device,小米,,小米13ultra (16+1TB),,,开机压屏机,475,元/台,开机主板靓功能正常镜头靓 屏花倒充,image,小米.jpg,数码网报价单-0831更新/手机相关/小米.jpg,1,0.98,visual_legacy_crosscheck
20260831-0ae0e14cf4e7dac318bb-01,2026-08-31,手机,device,小米,,小米13ultra (16+1TB),,,不开机,475,元/台,开机主板靓功能正常镜头靓 屏花倒充,image,小米.jpg,数码网报价单-0831更新/手机相关/小米.jpg,1,0.98,visual_legacy_crosscheck
20260831-783b6a0071abeb86a299-01,2026-08-31,手机,device,小米,,小米13ultra (16+1TB),,,废板·断板,475,元/台,开机主板靓功能正常镜头靓 屏花倒充,image,小米.jpg,数码网报价单-0831更新/手机相关/小米.jpg,1,0.98,visual_legacy_crosscheck
20260831-f6fb8f55ae1aa622b404-01,2026-08-31,手机,device,小米,,小米13ultra (16+1TB),,,统货,/,元/台,开机主板靓功能正常镜头靓 屏花倒充,image,小米.jpg,数码网报价单-0831更新/手机相关/小米.jpg,1,0.98,visual_legacy_crosscheck
20260831-713583cc7fa70d580990-01,2026-08-31,手机,device,小米,,小米13 Pro (8+128),,,开机靓机好,200,元/台,开机主板靓功能正常镜头靓 屏花倒充,image,小米.jpg,数码网报价单-0831更新/手机相关/小米.jpg,1,0.98,visual_legacy_crosscheck
20260831-0fb319dc16be6830a877-01,2026-08-31,手机,device,小米,,小米13 Pro (8+128),,,开机好碎,200,元/台,开机主板靓功能正常镜头靓 屏花倒充,image,小米.jpg,数码网报价单-0831更新/手机相关/小米.jpg,1,0.98,visual_legacy_crosscheck
20260831-9cd0a70df5e0aa9f0ef7-01,2026-08-31,手机,device,小米,,小米13 Pro (8+128),,,开机碎屏,160,元/台,开机主板靓功能正常镜头靓 屏花倒充,image,小米.jpg,数码网报价单-0831更新/手机相关/小米.jpg,1,0.98,visual_legacy_crosscheck
20260831-ed5b5d359d35fb470be5-01,2026-08-31,手机,device,小米,,小米13 Pro (8+128),,,开机压屏机,160,元/台,开机主板靓功能正常镜头靓 屏花倒充,image,小米.jpg,数码网报价单-0831更新/手机相关/小米.jpg,1,0.98,visual_legacy_crosscheck
20260831-2b2ce3dee061dc0c38e1-01,2026-08-31,手机,device,小米,,小米13 Pro (8+128),,,不开机,160,元/台,开机主板靓功能正常镜头靓 屏花倒充,image,小米.jpg,数码网报价单-0831更新/手机相关/小米.jpg,1,0.98,visual_legacy_crosscheck
20260831-974897db7d86da5ef3df-01,2026-08-31,手机,device,小米,,小米13 Pro (8+128),,,废板·断板,160,元/台,开机主板靓功能正常镜头靓 屏花倒充,image,小米.jpg,数码网报价单-0831更新/手机相关/小米.jpg,1,0.98,visual_legacy_crosscheck
20260831-10cd6a70a685a95d3ff0-01,2026-08-31,手机,device,小米,,小米13 Pro (8+128),,,统货,/,元/台,开机主板靓功能正常镜头靓 屏花倒充,image,小米.jpg,数码网报价单-0831更新/手机相关/小米.jpg,1,0.98,visual_legacy_crosscheck
20260831-11ac06cc910602c18afb-01,2026-08-31,手机,device,小米,,小米13 Pro (8+256),,,开机靓机好,300,元/台,开机主板靓功能正常镜头靓 屏花倒充,image,小米.jpg,数码网报价单-0831更新/手机相关/小米.jpg,1,0.98,visual_legacy_crosscheck
20260831-821904003cadb3c582b9-01,2026-08-31,手机,device,小米,,小米13 Pro (8+256),,,开机好碎,300,元/台,开机主板靓功能正常镜头靓 屏花倒充,image,小米.jpg,数码网报价单-0831更新/手机相关/小米.jpg,1,0.98,visual_legacy_crosscheck
20260831-677d2e9e9cb17f12f060-01,2026-08-31,手机,device,小米,,小米13 Pro (8+256),,,开机碎屏,205,元/台,开机主板靓功能正常镜头靓 屏花倒充,image,小米.jpg,数码网报价单-0831更新/手机相关/小米.jpg,1,0.98,visual_legacy_crosscheck
20260831-f0d24d83c8e82f6d2028-01,2026-08-31,手机,device,小米,,小米13 Pro (8+256),,,开机压屏机,205,元/台,开机主板靓功能正常镜头靓 屏花倒充,image,小米.jpg,数码网报价单-0831更新/手机相关/小米.jpg,1,0.98,visual_legacy_crosscheck
20260831-3e8b22575bae4dd0a24c-01,2026-08-31,手机,device,小米,,小米13 Pro (8+256),,,不开机,205,元/台,开机主板靓功能正常镜头靓 屏花倒充,image,小米.jpg,数码网报价单-0831更新/手机相关/小米.jpg,1,0.98,visual_legacy_crosscheck
20260831-dcfb31ffb760c8f44316-01,2026-08-31,手机,device,小米,,小米13 Pro (8+256),,,废板·断板,205,元/台,开机主板靓功能正常镜头靓 屏花倒充,image,小米.jpg,数码网报价单-0831更新/手机相关/小米.jpg,1,0.98,visual_legacy_crosscheck
20260831-6671d7a2b55c09638aaf-01,2026-08-31,手机,device,小米,,小米13 Pro (8+256),,,统货,/,元/台,开机主板靓功能正常镜头靓 屏花倒充,image,小米.jpg,数码网报价单-0831更新/手机相关/小米.jpg,1,0.98,visual_legacy_crosscheck
20260831-adb5c0d351f7be31d319-01,2026-08-31,手机,device,小米,,小米13 Pro (12+256),,,开机靓机好,600,元/台,开机主板靓功能正常镜头靓 屏花倒充,image,小米.jpg,数码网报价单-0831更新/手机相关/小米.jpg,1,0.98,visual_legacy_crosscheck
20260831-e81bdfdcb8e20a53e1aa-01,2026-08-31,手机,device,小米,,小米13 Pro (12+256),,,开机好碎,400,元/台,开机主板靓功能正常镜头靓 屏花倒充,image,小米.jpg,数码网报价单-0831更新/手机相关/小米.jpg,1,0.98,visual_legacy_crosscheck
20260831-ffe3fcfbcfabe9f9a64c-01,2026-08-31,手机,device,小米,,小米13 Pro (12+256),,,开机碎屏,215,元/台,开机主板靓功能正常镜头靓 屏花倒充,image,小米.jpg,数码网报价单-0831更新/手机相关/小米.jpg,1,0.98,visual_legacy_crosscheck
20260831-03245d5b8c0dea20e758-01,2026-08-31,手机,device,小米,,小米13 Pro (12+256),,,开机压屏机,215,元/台,开机主板靓功能正常镜头靓 屏花倒充,image,小米.jpg,数码网报价单-0831更新/手机相关/小米.jpg,1,0.98,visual_legacy_crosscheck
20260831-37acf64e405ee53aa679-01,2026-08-31,手机,device,小米,,小米13 Pro (12+256),,,不开机,215,元/台,开机主板靓功能正常镜头靓 屏花倒充,image,小米.jpg,数码网报价单-0831更新/手机相关/小米.jpg,1,0.98,visual_legacy_crosscheck
20260831-027a31a5dfbd69a8700e-01,2026-08-31,手机,device,小米,,小米13 Pro (12+256),,,废板·断板,215,元/台,开机主板靓功能正常镜头靓 屏花倒充,image,小米.jpg,数码网报价单-0831更新/手机相关/小米.jpg,1,0.98,visual_legacy_crosscheck
20260831-0c0ed3724a4db131af76-01,2026-08-31,手机,device,小米,,小米13 Pro (12+256),,,统货,/,元/台,开机主板靓功能正常镜头靓 屏花倒充,image,小米.jpg,数码网报价单-0831更新/手机相关/小米.jpg,1,0.98,visual_legacy_crosscheck
20260831-7edfbdf8ffc51c67e1bc-01,2026-08-31,手机,device,小米,,小米13 Pro (12+512),,,开机靓机好,600,元/台,开机主板靓功能正常镜头靓 屏花倒充,image,小米.jpg,数码网报价单-0831更新/手机相关/小米.jpg,1,0.98,visual_legacy_crosscheck
20260831-0311f73a125d8ef9cbe1-01,2026-08-31,手机,device,小米,,小米13 Pro (12+512),,,开机好碎,400,元/台,开机主板靓功能正常镜头靓 屏花倒充,image,小米.jpg,数码网报价单-0831更新/手机相关/小米.jpg,1,0.98,visual_legacy_crosscheck
20260831-b9e36468bf96ca6268db-01,2026-08-31,手机,device,小米,,小米13 Pro (12+512),,,开机碎屏,270,元/台,开机主板靓功能正常镜头靓 屏花倒充,image,小米.jpg,数码网报价单-0831更新/手机相关/小米.jpg,1,0.98,visual_legacy_crosscheck
20260831-a5bc88d867397cef878f-01,2026-08-31,手机,device,小米,,小米13 Pro (12+512),,,开机压屏机,270,元/台,开机主板靓功能正常镜头靓 屏花倒充,image,小米.jpg,数码网报价单-0831更新/手机相关/小米.jpg,1,0.98,visual_legacy_crosscheck
20260831-06406b24cc4ec17e02e1-01,2026-08-31,手机,device,小米,,小米13 Pro (12+512),,,不开机,270,元/台,开机主板靓功能正常镜头靓 屏花倒充,image,小米.jpg,数码网报价单-0831更新/手机相关/小米.jpg,1,0.98,visual_legacy_crosscheck
20260831-f03c25c6e71fac7c0ffb-01,2026-08-31,手机,device,小米,,小米13 Pro (12+512),,,废板·断板,270,元/台,开机主板靓功能正常镜头靓 屏花倒充,image,小米.jpg,数码网报价单-0831更新/手机相关/小米.jpg,1,0.98,visual_legacy_crosscheck
20260831-6d8d0f1252b5091d0e7b-01,2026-08-31,手机,device,小米,,小米13 Pro (12+512),,,统货,/,元/台,开机主板靓功能正常镜头靓 屏花倒充,image,小米.jpg,数码网报价单-0831更新/手机相关/小米.jpg,1,0.98,visual_legacy_crosscheck
20260831-fba8d4efd600e53c930d-01,2026-08-31,手机,device,小米,,小米13 (8+128),,,开机靓机好,200,元/台,开机主板靓功能正常镜头靓 屏花倒充,image,小米.jpg,数码网报价单-0831更新/手机相关/小米.jpg,1,0.98,visual_legacy_crosscheck
20260831-95c7b3616ac3b7d03af8-01,2026-08-31,手机,device,小米,,小米13 (8+128),,,开机好碎,200,元/台,开机主板靓功能正常镜头靓 屏花倒充,image,小米.jpg,数码网报价单-0831更新/手机相关/小米.jpg,1,0.98,visual_legacy_crosscheck
20260831-c50be6a44f2b599c6fc9-01,2026-08-31,手机,device,小米,,小米13 (8+128),,,开机碎屏,160,元/台,开机主板靓功能正常镜头靓 屏花倒充,image,小米.jpg,数码网报价单-0831更新/手机相关/小米.jpg,1,0.98,visual_legacy_crosscheck
20260831-17e9251c97998e6bc536-01,2026-08-31,手机,device,小米,,小米13 (8+128),,,开机压屏机,160,元/台,开机主板靓功能正常镜头靓 屏花倒充,image,小米.jpg,数码网报价单-0831更新/手机相关/小米.jpg,1,0.98,visual_legacy_crosscheck
20260831-643de9a25801f0cdf77b-01,2026-08-31,手机,device,小米,,小米13 (8+128),,,不开机,160,元/台,开机主板靓功能正常镜头靓 屏花倒充,image,小米.jpg,数码网报价单-0831更新/手机相关/小米.jpg,1,0.98,visual_legacy_crosscheck
20260831-3cabd517c6940bf62f11-01,2026-08-31,手机,device,小米,,小米13 (8+128),,,废板·断板,160,元/台,开机主板靓功能正常镜头靓 屏花倒充,image,小米.jpg,数码网报价单-0831更新/手机相关/小米.jpg,1,0.98,visual_legacy_crosscheck
20260831-52ec73ac15fecf9f77bd-01,2026-08-31,手机,device,小米,,小米13 (8+128),,,统货,/,元/台,开机主板靓功能正常镜头靓 屏花倒充,image,小米.jpg,数码网报价单-0831更新/手机相关/小米.jpg,1,0.98,visual_legacy_crosscheck
20260831-9b37cd8b18f0b690069b-01,2026-08-31,手机,device,小米,,小米13 (8+256),,,开机靓机好,300,元/台,开机主板靓功能正常镜头靓 屏花倒充,image,小米.jpg,数码网报价单-0831更新/手机相关/小米.jpg,1,0.98,visual_legacy_crosscheck
20260831-f99de5b757202e7ad364-01,2026-08-31,手机,device,小米,,小米13 (8+256),,,开机好碎,300,元/台,开机主板靓功能正常镜头靓 屏花倒充,image,小米.jpg,数码网报价单-0831更新/手机相关/小米.jpg,1,0.98,visual_legacy_crosscheck
20260831-ff83fd6f548f3ea5bc6c-01,2026-08-31,手机,device,小米,,小米13 (8+256),,,开机碎屏,205,元/台,开机主板靓功能正常镜头靓 屏花倒充,image,小米.jpg,数码网报价单-0831更新/手机相关/小米.jpg,1,0.98,visual_legacy_crosscheck
20260831-2c8514af4450cdf05d4c-01,2026-08-31,手机,device,小米,,小米13 (8+256),,,开机压屏机,205,元/台,开机主板靓功能正常镜头靓 屏花倒充,image,小米.jpg,数码网报价单-0831更新/手机相关/小米.jpg,1,0.98,visual_legacy_crosscheck
20260831-a0f0800399983a05e0cc-01,2026-08-31,手机,device,小米,,小米13 (8+256),,,不开机,205,元/台,开机主板靓功能正常镜头靓 屏花倒充,image,小米.jpg,数码网报价单-0831更新/手机相关/小米.jpg,1,0.98,visual_legacy_crosscheck
20260831-f4aeedaaf86bc9fb7dea-01,2026-08-31,手机,device,小米,,小米13 (8+256),,,废板·断板,205,元/台,开机主板靓功能正常镜头靓 屏花倒充,image,小米.jpg,数码网报价单-0831更新/手机相关/小米.jpg,1,0.98,visual_legacy_crosscheck
20260831-ad8f3a5224d3ca1ea1bb-01,2026-08-31,手机,device,小米,,小米13 (8+256),,,统货,/,元/台,开机主板靓功能正常镜头靓 屏花倒充,image,小米.jpg,数码网报价单-0831更新/手机相关/小米.jpg,1,0.98,visual_legacy_crosscheck
20260831-a5cb6138abfa09a931b5-01,2026-08-31,手机,device,小米,,小米13 (12+256),,,开机靓机好,450,元/台,开机主板靓功能正常镜头靓 屏花倒充,image,小米.jpg,数码网报价单-0831更新/手机相关/小米.jpg,1,0.98,visual_legacy_crosscheck
20260831-21c3c085720e77cf5f9c-01,2026-08-31,手机,device,小米,,小米13 (12+256),,,开机好碎,350,元/台,开机主板靓功能正常镜头靓 屏花倒充,image,小米.jpg,数码网报价单-0831更新/手机相关/小米.jpg,1,0.98,visual_legacy_crosscheck
20260831-818a2ac5066e40d9a13a-01,2026-08-31,手机,device,小米,,小米13 (12+256),,,开机碎屏,215,元/台,开机主板靓功能正常镜头靓 屏花倒充,image,小米.jpg,数码网报价单-0831更新/手机相关/小米.jpg,1,0.98,visual_legacy_crosscheck
20260831-040b605dfd35ece89380-01,2026-08-31,手机,device,小米,,小米13 (12+256),,,开机压屏机,215,元/台,开机主板靓功能正常镜头靓 屏花倒充,image,小米.jpg,数码网报价单-0831更新/手机相关/小米.jpg,1,0.98,visual_legacy_crosscheck
20260831-f01d878ff6d113b7b1c5-01,2026-08-31,手机,device,小米,,小米13 (12+256),,,不开机,215,元/台,开机主板靓功能正常镜头靓 屏花倒充,image,小米.jpg,数码网报价单-0831更新/手机相关/小米.jpg,1,0.98,visual_legacy_crosscheck
20260831-7ce758fbc56c46305396-01,2026-08-31,手机,device,小米,,小米13 (12+256),,,废板·断板,215,元/台,开机主板靓功能正常镜头靓 屏花倒充,image,小米.jpg,数码网报价单-0831更新/手机相关/小米.jpg,1,0.98,visual_legacy_crosscheck
20260831-3c5f466c2eb2fa127009-01,2026-08-31,手机,device,小米,,小米13 (12+256),,,统货,/,元/台,开机主板靓功能正常镜头靓 屏花倒充,image,小米.jpg,数码网报价单-0831更新/手机相关/小米.jpg,1,0.98,visual_legacy_crosscheck
20260831-5323235feaadff1c9be6-01,2026-08-31,手机,device,小米,,小米13 (12+512),,,开机靓机好,450,元/台,开机主板靓功能正常镜头靓 屏花倒充,image,小米.jpg,数码网报价单-0831更新/手机相关/小米.jpg,1,0.98,visual_legacy_crosscheck
20260831-1c5e6e01b1ce78728e3b-01,2026-08-31,手机,device,小米,,小米13 (12+512),,,开机好碎,350,元/台,开机主板靓功能正常镜头靓 屏花倒充,image,小米.jpg,数码网报价单-0831更新/手机相关/小米.jpg,1,0.98,visual_legacy_crosscheck
20260831-212a0bea279a97e2b577-01,2026-08-31,手机,device,小米,,小米13 (12+512),,,开机碎屏,270,元/台,开机主板靓功能正常镜头靓 屏花倒充,image,小米.jpg,数码网报价单-0831更新/手机相关/小米.jpg,1,0.98,visual_legacy_crosscheck
20260831-61be5184b0a7eaa89395-01,2026-08-31,手机,device,小米,,小米13 (12+512),,,开机压屏机,270,元/台,开机主板靓功能正常镜头靓 屏花倒充,image,小米.jpg,数码网报价单-0831更新/手机相关/小米.jpg,1,0.98,visual_legacy_crosscheck
20260831-da275d13e857ff366153-01,2026-08-31,手机,device,小米,,小米13 (12+512),,,不开机,270,元/台,开机主板靓功能正常镜头靓 屏花倒充,image,小米.jpg,数码网报价单-0831更新/手机相关/小米.jpg,1,0.98,visual_legacy_crosscheck
20260831-4fc7724a9e6076861fd6-01,2026-08-31,手机,device,小米,,小米13 (12+512),,,废板·断板,270,元/台,开机主板靓功能正常镜头靓 屏花倒充,image,小米.jpg,数码网报价单-0831更新/手机相关/小米.jpg,1,0.98,visual_legacy_crosscheck
20260831-1eefd0a20632f4eb5102-01,2026-08-31,手机,device,小米,,小米13 (12+512),,,统货,/,元/台,开机主板靓功能正常镜头靓 屏花倒充,image,小米.jpg,数码网报价单-0831更新/手机相关/小米.jpg,1,0.98,visual_legacy_crosscheck
20260831-831ee8c6d4be19dbe544-01,2026-08-31,手机,device,小米,,小米12Pro (8+128),,,开机靓机好,160,元/台,要求芯片无损,image,小米.jpg,数码网报价单-0831更新/手机相关/小米.jpg,1,0.98,visual_legacy_crosscheck
20260831-415f6171bc5e6545ee0d-01,2026-08-31,手机,device,小米,,小米12Pro (8+128),,,开机好碎,160,元/台,要求芯片无损,image,小米.jpg,数码网报价单-0831更新/手机相关/小米.jpg,1,0.98,visual_legacy_crosscheck
20260831-f5166b6aa2854184d247-01,2026-08-31,手机,device,小米,,小米12Pro (8+128),,,开机碎屏,160,元/台,要求芯片无损,image,小米.jpg,数码网报价单-0831更新/手机相关/小米.jpg,1,0.98,visual_legacy_crosscheck
20260831-ea4c5075af582f31f1ff-01,2026-08-31,手机,device,小米,,小米12Pro (8+128),,,开机压屏机,160,元/台,要求芯片无损,image,小米.jpg,数码网报价单-0831更新/手机相关/小米.jpg,1,0.98,visual_legacy_crosscheck
20260831-92f425eb8d43b4a7e153-01,2026-08-31,手机,device,小米,,小米12Pro (8+128),,,不开机,160,元/台,要求芯片无损,image,小米.jpg,数码网报价单-0831更新/手机相关/小米.jpg,1,0.98,visual_legacy_crosscheck
20260831-f245568607fa3cbc6197-01,2026-08-31,手机,device,小米,,小米12Pro (8+128),,,废板·断板,160,元/台,要求芯片无损,image,小米.jpg,数码网报价单-0831更新/手机相关/小米.jpg,1,0.98,visual_legacy_crosscheck
20260831-80dcd68639724cf3495f-01,2026-08-31,手机,device,小米,,小米12Pro (8+128),,,统货,/,元/台,要求芯片无损,image,小米.jpg,数码网报价单-0831更新/手机相关/小米.jpg,1,0.98,visual_legacy_crosscheck
20260831-0ef11d21800c4e90db78-01,2026-08-31,手机,device,小米,,小米12Pro (8+256),,,开机靓机好,205,元/台,要求芯片无损,image,小米.jpg,数码网报价单-0831更新/手机相关/小米.jpg,1,0.98,visual_legacy_crosscheck
20260831-5380096e3ed36e723c89-01,2026-08-31,手机,device,小米,,小米12Pro (8+256),,,开机好碎,205,元/台,要求芯片无损,image,小米.jpg,数码网报价单-0831更新/手机相关/小米.jpg,1,0.98,visual_legacy_crosscheck
20260831-be5378593e7c57c48f42-01,2026-08-31,手机,device,小米,,小米12Pro (8+256),,,开机碎屏,205,元/台,要求芯片无损,image,小米.jpg,数码网报价单-0831更新/手机相关/小米.jpg,1,0.98,visual_legacy_crosscheck
20260831-365556cc0d3c90876279-01,2026-08-31,手机,device,小米,,小米12Pro (8+256),,,开机压屏机,205,元/台,要求芯片无损,image,小米.jpg,数码网报价单-0831更新/手机相关/小米.jpg,1,0.98,visual_legacy_crosscheck
20260831-7486e0164048d192fde7-01,2026-08-31,手机,device,小米,,小米12Pro (8+256),,,不开机,205,元/台,要求芯片无损,image,小米.jpg,数码网报价单-0831更新/手机相关/小米.jpg,1,0.98,visual_legacy_crosscheck
20260831-a8e642b0acac7adf1430-01,2026-08-31,手机,device,小米,,小米12Pro (8+256),,,废板·断板,205,元/台,要求芯片无损,image,小米.jpg,数码网报价单-0831更新/手机相关/小米.jpg,1,0.98,visual_legacy_crosscheck
20260831-c7961bd4fc516a28dd68-01,2026-08-31,手机,device,小米,,小米12Pro (8+256),,,统货,/,元/台,要求芯片无损,image,小米.jpg,数码网报价单-0831更新/手机相关/小米.jpg,1,0.98,visual_legacy_crosscheck
20260831-0000e1a9a7ad2e32d417-01,2026-08-31,手机,device,小米,,小米12Pro (12+256),,,开机靓机好,215,元/台,要求芯片无损,image,小米.jpg,数码网报价单-0831更新/手机相关/小米.jpg,1,0.98,visual_legacy_crosscheck
20260831-4d1ba228b23eb724df6e-01,2026-08-31,手机,device,小米,,小米12Pro (12+256),,,开机好碎,215,元/台,要求芯片无损,image,小米.jpg,数码网报价单-0831更新/手机相关/小米.jpg,1,0.98,visual_legacy_crosscheck
20260831-57a1cc51d649aa44a7e1-01,2026-08-31,手机,device,小米,,小米12Pro (12+256),,,开机碎屏,215,元/台,要求芯片无损,image,小米.jpg,数码网报价单-0831更新/手机相关/小米.jpg,1,0.98,visual_legacy_crosscheck
20260831-eaa6ddae8ce767cc6871-01,2026-08-31,手机,device,小米,,小米12Pro (12+256),,,开机压屏机,215,元/台,要求芯片无损,image,小米.jpg,数码网报价单-0831更新/手机相关/小米.jpg,1,0.98,visual_legacy_crosscheck
20260831-18bb483f979c93cf336e-01,2026-08-31,手机,device,小米,,小米12Pro (12+256),,,不开机,215,元/台,要求芯片无损,image,小米.jpg,数码网报价单-0831更新/手机相关/小米.jpg,1,0.98,visual_legacy_crosscheck
20260831-7128c7d4b2d13be626a4-01,2026-08-31,手机,device,小米,,小米12Pro (12+256),,,废板·断板,215,元/台,要求芯片无损,image,小米.jpg,数码网报价单-0831更新/手机相关/小米.jpg,1,0.98,visual_legacy_crosscheck
20260831-a1e4ce20efb10695f027-01,2026-08-31,手机,device,小米,,小米12Pro (12+256),,,统货,/,元/台,要求芯片无损,image,小米.jpg,数码网报价单-0831更新/手机相关/小米.jpg,1,0.98,visual_legacy_crosscheck
20260831-bc117ccb292ae7c9c3d3-01,2026-08-31,手机,device,小米,,小米12S Ultra (8+256),,,开机靓机好,300,元/台,开机主板靓功能正常镜头靓 屏花倒充,image,小米.jpg,数码网报价单-0831更新/手机相关/小米.jpg,1,0.98,visual_legacy_crosscheck
20260831-c12a2e9d68231b492494-01,2026-08-31,手机,device,小米,,小米12S Ultra (8+256),,,开机好碎,205,元/台,开机主板靓功能正常镜头靓 屏花倒充,image,小米.jpg,数码网报价单-0831更新/手机相关/小米.jpg,1,0.98,visual_legacy_crosscheck
20260831-24b89c78753c82a0a5df-01,2026-08-31,手机,device,小米,,小米12S Ultra (8+256),,,开机碎屏,205,元/台,开机主板靓功能正常镜头靓 屏花倒充,image,小米.jpg,数码网报价单-0831更新/手机相关/小米.jpg,1,0.98,visual_legacy_crosscheck
20260831-f086cff4d977bc00f4ea-01,2026-08-31,手机,device,小米,,小米12S Ultra (8+256),,,开机压屏机,205,元/台,开机主板靓功能正常镜头靓 屏花倒充,image,小米.jpg,数码网报价单-0831更新/手机相关/小米.jpg,1,0.98,visual_legacy_crosscheck
20260831-cef5f14efca93bf1ff19-01,2026-08-31,手机,device,小米,,小米12S Ultra (8+256),,,不开机,205,元/台,开机主板靓功能正常镜头靓 屏花倒充,image,小米.jpg,数码网报价单-0831更新/手机相关/小米.jpg,1,0.98,visual_legacy_crosscheck
20260831-0e9c702e5b8096554015-01,2026-08-31,手机,device,小米,,小米12S Ultra (8+256),,,废板·断板,205,元/台,开机主板靓功能正常镜头靓 屏花倒充,image,小米.jpg,数码网报价单-0831更新/手机相关/小米.jpg,1,0.98,visual_legacy_crosscheck
20260831-ec00bbb7dd697dea79d7-01,2026-08-31,手机,device,小米,,小米12S Ultra (8+256),,,统货,/,元/台,开机主板靓功能正常镜头靓 屏花倒充,image,小米.jpg,数码网报价单-0831更新/手机相关/小米.jpg,1,0.98,visual_legacy_crosscheck
20260831-68c02908e496d2026ef5-01,2026-08-31,手机,device,小米,,小米12S Ultra (12+256),,,开机靓机好,300,元/台,开机主板靓功能正常镜头靓 屏花倒充,image,小米.jpg,数码网报价单-0831更新/手机相关/小米.jpg,1,0.98,visual_legacy_crosscheck
20260831-40a55ab4253c47f502a0-01,2026-08-31,手机,device,小米,,小米12S Ultra (12+256),,,开机好碎,215,元/台,开机主板靓功能正常镜头靓 屏花倒充,image,小米.jpg,数码网报价单-0831更新/手机相关/小米.jpg,1,0.98,visual_legacy_crosscheck
20260831-67cbbfe5646a01a8702f-01,2026-08-31,手机,device,小米,,小米12S Ultra (12+256),,,开机碎屏,215,元/台,开机主板靓功能正常镜头靓 屏花倒充,image,小米.jpg,数码网报价单-0831更新/手机相关/小米.jpg,1,0.98,visual_legacy_crosscheck
20260831-e6f9766cd0603acf78a5-01,2026-08-31,手机,device,小米,,小米12S Ultra (12+256),,,开机压屏机,215,元/台,开机主板靓功能正常镜头靓 屏花倒充,image,小米.jpg,数码网报价单-0831更新/手机相关/小米.jpg,1,0.98,visual_legacy_crosscheck
20260831-25ad0e7a756d19341848-01,2026-08-31,手机,device,小米,,小米12S Ultra (12+256),,,不开机,215,元/台,开机主板靓功能正常镜头靓 屏花倒充,image,小米.jpg,数码网报价单-0831更新/手机相关/小米.jpg,1,0.98,visual_legacy_crosscheck
20260831-8c375b2431dc3df3887f-01,2026-08-31,手机,device,小米,,小米12S Ultra (12+256),,,废板·断板,215,元/台,开机主板靓功能正常镜头靓 屏花倒充,image,小米.jpg,数码网报价单-0831更新/手机相关/小米.jpg,1,0.98,visual_legacy_crosscheck
20260831-a738583328474f497306-01,2026-08-31,手机,device,小米,,小米12S Ultra (12+256),,,统货,/,元/台,开机主板靓功能正常镜头靓 屏花倒充,image,小米.jpg,数码网报价单-0831更新/手机相关/小米.jpg,1,0.98,visual_legacy_crosscheck
20260831-36ce0b009952ae1171f9-01,2026-08-31,手机,device,小米,,小米12S Ultra (12+512),,,开机靓机好,300,元/台,开机主板靓功能正常镜头靓 屏花倒充,image,小米.jpg,数码网报价单-0831更新/手机相关/小米.jpg,1,0.98,visual_legacy_crosscheck
20260831-61aeb3c5fe1bf3f54f86-01,2026-08-31,手机,device,小米,,小米12S Ultra (12+512),,,开机好碎,270,元/台,开机主板靓功能正常镜头靓 屏花倒充,image,小米.jpg,数码网报价单-0831更新/手机相关/小米.jpg,1,0.98,visual_legacy_crosscheck
20260831-b0b5b6c5491c15d1b8e9-01,2026-08-31,手机,device,小米,,小米12S Ultra (12+512),,,开机碎屏,270,元/台,开机主板靓功能正常镜头靓 屏花倒充,image,小米.jpg,数码网报价单-0831更新/手机相关/小米.jpg,1,0.98,visual_legacy_crosscheck
20260831-ec88b86a85c392ab101b-01,2026-08-31,手机,device,小米,,小米12S Ultra (12+512),,,开机压屏机,270,元/台,开机主板靓功能正常镜头靓 屏花倒充,image,小米.jpg,数码网报价单-0831更新/手机相关/小米.jpg,1,0.98,visual_legacy_crosscheck
20260831-58787b90937466e6c22b-01,2026-08-31,手机,device,小米,,小米12S Ultra (12+512),,,不开机,270,元/台,开机主板靓功能正常镜头靓 屏花倒充,image,小米.jpg,数码网报价单-0831更新/手机相关/小米.jpg,1,0.98,visual_legacy_crosscheck
20260831-cb80eb02e05b9e4b1189-01,2026-08-31,手机,device,小米,,小米12S Ultra (12+512),,,废板·断板,270,元/台,开机主板靓功能正常镜头靓 屏花倒充,image,小米.jpg,数码网报价单-0831更新/手机相关/小米.jpg,1,0.98,visual_legacy_crosscheck
20260831-0e1685923b0aa0a9a374-01,2026-08-31,手机,device,小米,,小米12S Ultra (12+512),,,统货,/,元/台,开机主板靓功能正常镜头靓 屏花倒充,image,小米.jpg,数码网报价单-0831更新/手机相关/小米.jpg,1,0.98,visual_legacy_crosscheck
20260831-de2a418ffaa4fb505d31-01,2026-08-31,手机,device,小米,,小米12S (8+128),,,开机靓机好,160,元/台,要求芯片无损,image,小米.jpg,数码网报价单-0831更新/手机相关/小米.jpg,1,0.98,visual_legacy_crosscheck
20260831-1084776be32c66425339-01,2026-08-31,手机,device,小米,,小米12S (8+128),,,开机好碎,160,元/台,要求芯片无损,image,小米.jpg,数码网报价单-0831更新/手机相关/小米.jpg,1,0.98,visual_legacy_crosscheck
20260831-b023869669e2f0a61246-01,2026-08-31,手机,device,小米,,小米12S (8+128),,,开机碎屏,160,元/台,要求芯片无损,image,小米.jpg,数码网报价单-0831更新/手机相关/小米.jpg,1,0.98,visual_legacy_crosscheck
20260831-50abf8b15ed9831bb00d-01,2026-08-31,手机,device,小米,,小米12S (8+128),,,开机压屏机,160,元/台,要求芯片无损,image,小米.jpg,数码网报价单-0831更新/手机相关/小米.jpg,1,0.98,visual_legacy_crosscheck
20260831-7c01a1bf0336f4952113-01,2026-08-31,手机,device,小米,,小米12S (8+128),,,不开机,160,元/台,要求芯片无损,image,小米.jpg,数码网报价单-0831更新/手机相关/小米.jpg,1,0.98,visual_legacy_crosscheck
20260831-9877bf2eaf18482a49c8-01,2026-08-31,手机,device,小米,,小米12S (8+128),,,废板·断板,160,元/台,要求芯片无损,image,小米.jpg,数码网报价单-0831更新/手机相关/小米.jpg,1,0.98,visual_legacy_crosscheck
20260831-93a48032062cfd92fbc3-01,2026-08-31,手机,device,小米,,小米12S (8+128),,,统货,/,元/台,要求芯片无损,image,小米.jpg,数码网报价单-0831更新/手机相关/小米.jpg,1,0.98,visual_legacy_crosscheck
20260831-61ec1bfea04a9167c19c-01,2026-08-31,手机,device,小米,,小米12S (8+256),,,开机靓机好,205,元/台,要求芯片无损,image,小米.jpg,数码网报价单-0831更新/手机相关/小米.jpg,1,0.98,visual_legacy_crosscheck
20260831-fee8cf4518e92b77aad7-01,2026-08-31,手机,device,小米,,小米12S (8+256),,,开机好碎,205,元/台,要求芯片无损,image,小米.jpg,数码网报价单-0831更新/手机相关/小米.jpg,1,0.98,visual_legacy_crosscheck
20260831-8132aa2ae962d146bb22-01,2026-08-31,手机,device,小米,,小米12S (8+256),,,开机碎屏,205,元/台,要求芯片无损,image,小米.jpg,数码网报价单-0831更新/手机相关/小米.jpg,1,0.98,visual_legacy_crosscheck
20260831-c79615f6ae24e5e8540c-01,2026-08-31,手机,device,小米,,小米12S (8+256),,,开机压屏机,205,元/台,要求芯片无损,image,小米.jpg,数码网报价单-0831更新/手机相关/小米.jpg,1,0.98,visual_legacy_crosscheck
20260831-dd0e11cf0c2833764d44-01,2026-08-31,手机,device,小米,,小米12S (8+256),,,不开机,205,元/台,要求芯片无损,image,小米.jpg,数码网报价单-0831更新/手机相关/小米.jpg,1,0.98,visual_legacy_crosscheck
20260831-90d17eb077d89d3ce450-01,2026-08-31,手机,device,小米,,小米12S (8+256),,,废板·断板,205,元/台,要求芯片无损,image,小米.jpg,数码网报价单-0831更新/手机相关/小米.jpg,1,0.98,visual_legacy_crosscheck
20260831-bcc84e96249401c9985c-01,2026-08-31,手机,device,小米,,小米12S (8+256),,,统货,/,元/台,要求芯片无损,image,小米.jpg,数码网报价单-0831更新/手机相关/小米.jpg,1,0.98,visual_legacy_crosscheck
20260831-083c2bab00cdc127ab4d-01,2026-08-31,手机,device,小米,,小米12S (12+256),,,开机靓机好,215,元/台,要求芯片无损,image,小米.jpg,数码网报价单-0831更新/手机相关/小米.jpg,1,0.98,visual_legacy_crosscheck
20260831-f529d74e9baf39e73ae9-01,2026-08-31,手机,device,小米,,小米12S (12+256),,,开机好碎,215,元/台,要求芯片无损,image,小米.jpg,数码网报价单-0831更新/手机相关/小米.jpg,1,0.98,visual_legacy_crosscheck
20260831-83b29b24931ddfc5d4f3-01,2026-08-31,手机,device,小米,,小米12S (12+256),,,开机碎屏,215,元/台,要求芯片无损,image,小米.jpg,数码网报价单-0831更新/手机相关/小米.jpg,1,0.98,visual_legacy_crosscheck
20260831-72dd4be556ff8b2361dd-01,2026-08-31,手机,device,小米,,小米12S (12+256),,,开机压屏机,215,元/台,要求芯片无损,image,小米.jpg,数码网报价单-0831更新/手机相关/小米.jpg,1,0.98,visual_legacy_crosscheck
20260831-b33d0762cdf1237807aa-01,2026-08-31,手机,device,小米,,小米12S (12+256),,,不开机,215,元/台,要求芯片无损,image,小米.jpg,数码网报价单-0831更新/手机相关/小米.jpg,1,0.98,visual_legacy_crosscheck
20260831-242f862c6acf9421ed06-01,2026-08-31,手机,device,小米,,小米12S (12+256),,,废板·断板,215,元/台,要求芯片无损,image,小米.jpg,数码网报价单-0831更新/手机相关/小米.jpg,1,0.98,visual_legacy_crosscheck
20260831-9f5dbdb626bbce37dde5-01,2026-08-31,手机,device,小米,,小米12S (12+256),,,统货,/,元/台,要求芯片无损,image,小米.jpg,数码网报价单-0831更新/手机相关/小米.jpg,1,0.98,visual_legacy_crosscheck
20260831-fe4196000a744fe98863-01,2026-08-31,手机,device,小米,,小米12S (12+512),,,开机靓机好,270,元/台,要求芯片无损,image,小米.jpg,数码网报价单-0831更新/手机相关/小米.jpg,1,0.98,visual_legacy_crosscheck
20260831-1a12547114ac586901b1-01,2026-08-31,手机,device,小米,,小米12S (12+512),,,开机好碎,270,元/台,要求芯片无损,image,小米.jpg,数码网报价单-0831更新/手机相关/小米.jpg,1,0.98,visual_legacy_crosscheck
20260831-4de88676c9c2756ffeb3-01,2026-08-31,手机,device,小米,,小米12S (12+512),,,开机碎屏,270,元/台,要求芯片无损,image,小米.jpg,数码网报价单-0831更新/手机相关/小米.jpg,1,0.98,visual_legacy_crosscheck
20260831-b891367c7467b328a291-01,2026-08-31,手机,device,小米,,小米12S (12+512),,,开机压屏机,270,元/台,要求芯片无损,image,小米.jpg,数码网报价单-0831更新/手机相关/小米.jpg,1,0.98,visual_legacy_crosscheck
20260831-40eef574b460bd1f534f-01,2026-08-31,手机,device,小米,,小米12S (12+512),,,不开机,270,元/台,要求芯片无损,image,小米.jpg,数码网报价单-0831更新/手机相关/小米.jpg,1,0.98,visual_legacy_crosscheck
20260831-36f31c2a1bff9e60abe2-01,2026-08-31,手机,device,小米,,小米12S (12+512),,,废板·断板,270,元/台,要求芯片无损,image,小米.jpg,数码网报价单-0831更新/手机相关/小米.jpg,1,0.98,visual_legacy_crosscheck
20260831-72158a96cb0db1acc0a8-01,2026-08-31,手机,device,小米,,小米12S (12+512),,,统货,/,元/台,要求芯片无损,image,小米.jpg,数码网报价单-0831更新/手机相关/小米.jpg,1,0.98,visual_legacy_crosscheck
20260831-0834a8a18351a55fc535-01,2026-08-31,手机,device,小米,,小米12 (8+128),,,开机靓机好,205,元/台,要求芯片无损,image,小米.jpg,数码网报价单-0831更新/手机相关/小米.jpg,1,0.98,visual_legacy_crosscheck
20260831-e5e9f303d1f986ef74a5-01,2026-08-31,手机,device,小米,,小米12 (8+128),,,开机好碎,205,元/台,要求芯片无损,image,小米.jpg,数码网报价单-0831更新/手机相关/小米.jpg,1,0.98,visual_legacy_crosscheck
20260831-136303ebd5b8b5ce462b-01,2026-08-31,手机,device,小米,,小米12 (8+128),,,开机碎屏,205,元/台,要求芯片无损,image,小米.jpg,数码网报价单-0831更新/手机相关/小米.jpg,1,0.98,visual_legacy_crosscheck
20260831-80b6bfe003334a1df40d-01,2026-08-31,手机,device,小米,,小米12 (8+128),,,开机压屏机,205,元/台,要求芯片无损,image,小米.jpg,数码网报价单-0831更新/手机相关/小米.jpg,1,0.98,visual_legacy_crosscheck
20260831-31fa34ebbc9463e75ccc-01,2026-08-31,手机,device,小米,,小米12 (8+128),,,不开机,205,元/台,要求芯片无损,image,小米.jpg,数码网报价单-0831更新/手机相关/小米.jpg,1,0.98,visual_legacy_crosscheck
20260831-96000e3aacc12c976164-01,2026-08-31,手机,device,小米,,小米12 (8+128),,,废板·断板,205,元/台,要求芯片无损,image,小米.jpg,数码网报价单-0831更新/手机相关/小米.jpg,1,0.98,visual_legacy_crosscheck
20260831-16fadc827adf25c3bd8d-01,2026-08-31,手机,device,小米,,小米12 (8+128),,,统货,/,元/台,要求芯片无损,image,小米.jpg,数码网报价单-0831更新/手机相关/小米.jpg,1,0.98,visual_legacy_crosscheck
20260831-90ce1376b68d6504d86f-01,2026-08-31,手机,device,小米,,小米12 (12+256),,,开机靓机好,215,元/台,要求芯片无损,image,小米.jpg,数码网报价单-0831更新/手机相关/小米.jpg,1,0.98,visual_legacy_crosscheck
20260831-f480d843438006bf8d44-01,2026-08-31,手机,device,小米,,小米12 (12+256),,,开机好碎,215,元/台,要求芯片无损,image,小米.jpg,数码网报价单-0831更新/手机相关/小米.jpg,1,0.98,visual_legacy_crosscheck
20260831-9fe0ef38ff5249ab5970-01,2026-08-31,手机,device,小米,,小米12 (12+256),,,开机碎屏,215,元/台,要求芯片无损,image,小米.jpg,数码网报价单-0831更新/手机相关/小米.jpg,1,0.98,visual_legacy_crosscheck
20260831-cdde0bf7766fc8b56705-01,2026-08-31,手机,device,小米,,小米12 (12+256),,,开机压屏机,215,元/台,要求芯片无损,image,小米.jpg,数码网报价单-0831更新/手机相关/小米.jpg,1,0.98,visual_legacy_crosscheck
20260831-3b0afef1f09979c4c3c3-01,2026-08-31,手机,device,小米,,小米12 (12+256),,,不开机,215,元/台,要求芯片无损,image,小米.jpg,数码网报价单-0831更新/手机相关/小米.jpg,1,0.98,visual_legacy_crosscheck
20260831-3ce889137e76ac5ce3ab-01,2026-08-31,手机,device,小米,,小米12 (12+256),,,废板·断板,215,元/台,要求芯片无损,image,小米.jpg,数码网报价单-0831更新/手机相关/小米.jpg,1,0.98,visual_legacy_crosscheck
20260831-505f956fc4e1db04de4a-01,2026-08-31,手机,device,小米,,小米12 (12+256),,,统货,/,元/台,要求芯片无损,image,小米.jpg,数码网报价单-0831更新/手机相关/小米.jpg,1,0.98,visual_legacy_crosscheck
20260831-4ea91003f6387eaf3c27-01,2026-08-31,手机,device,小米,,小米12 (8+128),,,开机靓机好,160,元/台,,image,小米.jpg,数码网报价单-0831更新/手机相关/小米.jpg,1,0.98,visual_legacy_crosscheck
20260831-1ae7771d88d4d5661839-01,2026-08-31,手机,device,小米,,小米12 (8+128),,,开机好碎,160,元/台,,image,小米.jpg,数码网报价单-0831更新/手机相关/小米.jpg,1,0.98,visual_legacy_crosscheck
20260831-23b2d7145a790f685e49-01,2026-08-31,手机,device,小米,,小米12 (8+128),,,开机碎屏,160,元/台,,image,小米.jpg,数码网报价单-0831更新/手机相关/小米.jpg,1,0.98,visual_legacy_crosscheck
20260831-9d7f9285004d56b71842-01,2026-08-31,手机,device,小米,,小米12 (8+128),,,开机压屏机,160,元/台,,image,小米.jpg,数码网报价单-0831更新/手机相关/小米.jpg,1,0.98,visual_legacy_crosscheck
20260831-d65ed538a6f4fb9da8f4-01,2026-08-31,手机,device,小米,,小米12 (8+128),,,不开机,160,元/台,,image,小米.jpg,数码网报价单-0831更新/手机相关/小米.jpg,1,0.98,visual_legacy_crosscheck
20260831-720fb797387d13e79ae9-01,2026-08-31,手机,device,小米,,小米12 (8+128),,,废板·断板,160,元/台,,image,小米.jpg,数码网报价单-0831更新/手机相关/小米.jpg,1,0.98,visual_legacy_crosscheck
20260831-4dda7e1460c491d1e5f8-01,2026-08-31,手机,device,小米,,小米11 Ultra,,,开机靓机好,400,元/台,三星屏 大老化算碎屏 开机要求主板靓好镜头 统货要求芯片正常比例正常,image,小米.jpg,数码网报价单-0831更新/手机相关/小米.jpg,1,0.98,visual_legacy_crosscheck
20260831-34f3d055a32976321cf0-01,2026-08-31,手机,device,小米,,小米11 Ultra,,,开机好碎,350,元/台,三星屏 大老化算碎屏 开机要求主板靓好镜头 统货要求芯片正常比例正常,image,小米.jpg,数码网报价单-0831更新/手机相关/小米.jpg,1,0.98,visual_legacy_crosscheck
20260831-b4c7a8db43d10cd32db5-01,2026-08-31,手机,device,小米,,小米11 Ultra,,,开机碎屏,350,元/台,三星屏 大老化算碎屏 开机要求主板靓好镜头 统货要求芯片正常比例正常,image,小米.jpg,数码网报价单-0831更新/手机相关/小米.jpg,1,0.98,visual_legacy_crosscheck
20260831-a24cce47c0479b4be0e3-01,2026-08-31,手机,device,小米,,小米11 Ultra,,,开机压屏机,350,元/台,三星屏 大老化算碎屏 开机要求主板靓好镜头 统货要求芯片正常比例正常,image,小米.jpg,数码网报价单-0831更新/手机相关/小米.jpg,1,0.98,visual_legacy_crosscheck
20260831-0ddaf957d1cc7f9dac8f-01,2026-08-31,手机,device,小米,,小米11 Ultra,,,不开机,200,元/台,三星屏 大老化算碎屏 开机要求主板靓好镜头 统货要求芯片正常比例正常,image,小米.jpg,数码网报价单-0831更新/手机相关/小米.jpg,1,0.98,visual_legacy_crosscheck
20260831-902de810ea1e33169a3e-01,2026-08-31,手机,device,小米,,小米11 Ultra,,,废板·断板,200,元/台,三星屏 大老化算碎屏 开机要求主板靓好镜头 统货要求芯片正常比例正常,image,小米.jpg,数码网报价单-0831更新/手机相关/小米.jpg,1,0.98,visual_legacy_crosscheck
20260831-6032f54a579190081024-01,2026-08-31,手机,device,小米,,小米11 Ultra,,,统货,/,元/台,三星屏 大老化算碎屏 开机要求主板靓好镜头 统货要求芯片正常比例正常,image,小米.jpg,数码网报价单-0831更新/手机相关/小米.jpg,1,0.98,visual_legacy_crosscheck
20260831-44162a506333f0919d78-01,2026-08-31,手机,device,小米,,小米11 Pro (8+256),,,开机靓机好,205,元/台,三星屏芯片无损 无法发,image,小米.jpg,数码网报价单-0831更新/手机相关/小米.jpg,1,0.98,visual_legacy_crosscheck
20260831-0d60ee1250ac610eb9bf-01,2026-08-31,手机,device,小米,,小米11 Pro (8+256),,,开机好碎,205,元/台,三星屏芯片无损 无法发,image,小米.jpg,数码网报价单-0831更新/手机相关/小米.jpg,1,0.98,visual_legacy_crosscheck
20260831-792f6bfe4c7d61f7c928-01,2026-08-31,手机,device,小米,,小米11 Pro (8+256),,,开机碎屏,205,元/台,三星屏芯片无损 无法发,image,小米.jpg,数码网报价单-0831更新/手机相关/小米.jpg,1,0.98,visual_legacy_crosscheck
20260831-be3555c38e3bf7cdb7a6-01,2026-08-31,手机,device,小米,,小米11 Pro (8+256),,,开机压屏机,205,元/台,三星屏芯片无损 无法发,image,小米.jpg,数码网报价单-0831更新/手机相关/小米.jpg,1,0.98,visual_legacy_crosscheck
20260831-a3cb5d002a114614c39b-01,2026-08-31,手机,device,小米,,小米11 Pro (8+256),,,不开机,205,元/台,三星屏芯片无损 无法发,image,小米.jpg,数码网报价单-0831更新/手机相关/小米.jpg,1,0.98,visual_legacy_crosscheck
20260831-bcca453915a60700a006-01,2026-08-31,手机,device,小米,,小米11 Pro (8+256),,,废板·断板,205,元/台,三星屏芯片无损 无法发,image,小米.jpg,数码网报价单-0831更新/手机相关/小米.jpg,1,0.98,visual_legacy_crosscheck
20260831-f09c70195788fd83ae01-01,2026-08-31,手机,device,小米,,小米11 Pro (8+256),,,统货,/,元/台,三星屏芯片无损 无法发,image,小米.jpg,数码网报价单-0831更新/手机相关/小米.jpg,1,0.98,visual_legacy_crosscheck
20260831-7463861cba3fd6823ff1-01,2026-08-31,手机,device,小米,,小米11 Pro (12+256),,,开机靓机好,215,元/台,三星屏芯片无损 无法发,image,小米.jpg,数码网报价单-0831更新/手机相关/小米.jpg,1,0.98,visual_legacy_crosscheck
20260831-a6bee3bdc929f4682f02-01,2026-08-31,手机,device,小米,,小米11 Pro (12+256),,,开机好碎,215,元/台,三星屏芯片无损 无法发,image,小米.jpg,数码网报价单-0831更新/手机相关/小米.jpg,1,0.98,visual_legacy_crosscheck
20260831-bf8259fd67eea98ac3b8-01,2026-08-31,手机,device,小米,,小米11 Pro (12+256),,,开机碎屏,215,元/台,三星屏芯片无损 无法发,image,小米.jpg,数码网报价单-0831更新/手机相关/小米.jpg,1,0.98,visual_legacy_crosscheck
20260831-394e1596bd9d2ef9dbae-01,2026-08-31,手机,device,小米,,小米11 Pro (12+256),,,开机压屏机,215,元/台,三星屏芯片无损 无法发,image,小米.jpg,数码网报价单-0831更新/手机相关/小米.jpg,1,0.98,visual_legacy_crosscheck
20260831-0be9a1cf41925df9c278-01,2026-08-31,手机,device,小米,,小米11 Pro (12+256),,,不开机,215,元/台,三星屏芯片无损 无法发,image,小米.jpg,数码网报价单-0831更新/手机相关/小米.jpg,1,0.98,visual_legacy_crosscheck
20260831-2ea451a193629caec6c4-01,2026-08-31,手机,device,小米,,小米11 Pro (12+256),,,废板·断板,215,元/台,三星屏芯片无损 无法发,image,小米.jpg,数码网报价单-0831更新/手机相关/小米.jpg,1,0.98,visual_legacy_crosscheck
20260831-2b6050edddd4701ac788-01,2026-08-31,手机,device,小米,,小米11 Pro (12+256),,,统货,/,元/台,三星屏芯片无损 无法发,image,小米.jpg,数码网报价单-0831更新/手机相关/小米.jpg,1,0.98,visual_legacy_crosscheck
20260831-39841169873c60ec6e50-01,2026-08-31,手机,device,小米,,小米11 (8+128),,,开机靓机好,160,元/台,要求芯片无损,image,小米.jpg,数码网报价单-0831更新/手机相关/小米.jpg,1,0.98,visual_legacy_crosscheck
20260831-1b94cd340b1b514f9ec9-01,2026-08-31,手机,device,小米,,小米11 (8+128),,,开机好碎,160,元/台,要求芯片无损,image,小米.jpg,数码网报价单-0831更新/手机相关/小米.jpg,1,0.98,visual_legacy_crosscheck
20260831-25d0f1df25f89ae8bedc-01,2026-08-31,手机,device,小米,,小米11 (8+128),,,开机碎屏,160,元/台,要求芯片无损,image,小米.jpg,数码网报价单-0831更新/手机相关/小米.jpg,1,0.98,visual_legacy_crosscheck
20260831-321c802b5bdad67f0b28-01,2026-08-31,手机,device,小米,,小米11 (8+128),,,开机压屏机,160,元/台,要求芯片无损,image,小米.jpg,数码网报价单-0831更新/手机相关/小米.jpg,1,0.98,visual_legacy_crosscheck
20260831-f5c05239abf753cff1e4-01,2026-08-31,手机,device,小米,,小米11 (8+128),,,不开机,160,元/台,要求芯片无损,image,小米.jpg,数码网报价单-0831更新/手机相关/小米.jpg,1,0.98,visual_legacy_crosscheck
20260831-82c86389c8a834556b80-01,2026-08-31,手机,device,小米,,小米11 (8+128),,,废板·断板,160,元/台,要求芯片无损,image,小米.jpg,数码网报价单-0831更新/手机相关/小米.jpg,1,0.98,visual_legacy_crosscheck
20260831-fac81d612a662c4b688d-01,2026-08-31,手机,device,小米,,小米11 (8+128),,,统货,/,元/台,要求芯片无损,image,小米.jpg,数码网报价单-0831更新/手机相关/小米.jpg,1,0.98,visual_legacy_crosscheck
20260831-140a479e2b8d3f1f28fa-01,2026-08-31,手机,device,小米,,小米11青春版,,,开机靓机好,170,元/台,三星屏 主板芯片无破损,image,小米.jpg,数码网报价单-0831更新/手机相关/小米.jpg,1,0.98,visual_legacy_crosscheck
20260831-29861f3f72b80ca36148-01,2026-08-31,手机,device,小米,,小米11青春版,,,开机好碎,170,元/台,三星屏 主板芯片无破损,image,小米.jpg,数码网报价单-0831更新/手机相关/小米.jpg,1,0.98,visual_legacy_crosscheck
20260831-311e1de24c486d3ec44a-01,2026-08-31,手机,device,小米,,小米11青春版,,,开机碎屏,170,元/台,三星屏 主板芯片无破损,image,小米.jpg,数码网报价单-0831更新/手机相关/小米.jpg,1,0.98,visual_legacy_crosscheck
20260831-1723e6f782d0e0385604-01,2026-08-31,手机,device,小米,,小米11青春版,,,开机压屏机,170,元/台,三星屏 主板芯片无破损,image,小米.jpg,数码网报价单-0831更新/手机相关/小米.jpg,1,0.98,visual_legacy_crosscheck
20260831-61856e1e69761aae01e8-01,2026-08-31,手机,device,小米,,小米11青春版,,,不开机,170,元/台,三星屏 主板芯片无破损,image,小米.jpg,数码网报价单-0831更新/手机相关/小米.jpg,1,0.98,visual_legacy_crosscheck
20260831-94d6b58c093fe573b090-01,2026-08-31,手机,device,小米,,小米11青春版,,,废板·断板,170,元/台,三星屏 主板芯片无破损,image,小米.jpg,数码网报价单-0831更新/手机相关/小米.jpg,1,0.98,visual_legacy_crosscheck
20260831-f9f6c72189afcb01504a-01,2026-08-31,手机,device,小米,,小米11青春版,,,统货,/,元/台,三星屏 主板芯片无破损,image,小米.jpg,数码网报价单-0831更新/手机相关/小米.jpg,1,0.98,visual_legacy_crosscheck
20260831-16ecf3922a9ac094a29a-01,2026-08-31,手机,device,小米,,小米11 5G (8+128),,,开机靓机好,160,元/台,要求芯片无损 无法发,image,小米.jpg,数码网报价单-0831更新/手机相关/小米.jpg,1,0.98,visual_legacy_crosscheck
20260831-baa2ab8eff14316ba528-01,2026-08-31,手机,device,小米,,小米11 5G (8+128),,,开机好碎,160,元/台,要求芯片无损 无法发,image,小米.jpg,数码网报价单-0831更新/手机相关/小米.jpg,1,0.98,visual_legacy_crosscheck
20260831-7eea27f7ade9e5ae4ab7-01,2026-08-31,手机,device,小米,,小米11 5G (8+128),,,开机碎屏,160,元/台,要求芯片无损 无法发,image,小米.jpg,数码网报价单-0831更新/手机相关/小米.jpg,1,0.98,visual_legacy_crosscheck
20260831-8840e2bcdc84a754c7d1-01,2026-08-31,手机,device,小米,,小米11 5G (8+128),,,开机压屏机,160,元/台,要求芯片无损 无法发,image,小米.jpg,数码网报价单-0831更新/手机相关/小米.jpg,1,0.98,visual_legacy_crosscheck
20260831-ed7749d2b360ebdcf53c-01,2026-08-31,手机,device,小米,,小米11 5G (8+128),,,不开机,160,元/台,要求芯片无损 无法发,image,小米.jpg,数码网报价单-0831更新/手机相关/小米.jpg,1,0.98,visual_legacy_crosscheck
20260831-ff8a7098d605d011d06b-01,2026-08-31,手机,device,小米,,小米11 5G (8+128),,,废板·断板,160,元/台,要求芯片无损 无法发,image,小米.jpg,数码网报价单-0831更新/手机相关/小米.jpg,1,0.98,visual_legacy_crosscheck
20260831-a806b3a1418482312894-01,2026-08-31,手机,device,小米,,小米11 5G (8+128),,,统货,/,元/台,要求芯片无损 无法发,image,小米.jpg,数码网报价单-0831更新/手机相关/小米.jpg,1,0.98,visual_legacy_crosscheck
20260831-5d6f29e1da09f36adf5c-01,2026-08-31,手机,device,小米,,小米11 5G (8+256),,,开机靓机好,205,元/台,三星屏芯片无损 无法发,image,小米.jpg,数码网报价单-0831更新/手机相关/小米.jpg,1,0.98,visual_legacy_crosscheck
20260831-905eeaa16ee20d78118b-01,2026-08-31,手机,device,小米,,小米11 5G (8+256),,,开机好碎,205,元/台,三星屏芯片无损 无法发,image,小米.jpg,数码网报价单-0831更新/手机相关/小米.jpg,1,0.98,visual_legacy_crosscheck
20260831-0c0e0844d5918735deac-01,2026-08-31,手机,device,小米,,小米11 5G (8+256),,,开机碎屏,205,元/台,三星屏芯片无损 无法发,image,小米.jpg,数码网报价单-0831更新/手机相关/小米.jpg,1,0.98,visual_legacy_crosscheck
20260831-76c907d6046db1b04d1d-01,2026-08-31,手机,device,小米,,小米11 5G (8+256),,,开机压屏机,205,元/台,三星屏芯片无损 无法发,image,小米.jpg,数码网报价单-0831更新/手机相关/小米.jpg,1,0.98,visual_legacy_crosscheck
20260831-68392fdb090c3ae608eb-01,2026-08-31,手机,device,小米,,小米11 5G (8+256),,,不开机,205,元/台,三星屏芯片无损 无法发,image,小米.jpg,数码网报价单-0831更新/手机相关/小米.jpg,1,0.98,visual_legacy_crosscheck
20260831-32009909abbc4eecb776-01,2026-08-31,手机,device,小米,,小米11 5G (8+256),,,废板·断板,205,元/台,三星屏芯片无损 无法发,image,小米.jpg,数码网报价单-0831更新/手机相关/小米.jpg,1,0.98,visual_legacy_crosscheck
20260831-d5090278d633180fbd81-01,2026-08-31,手机,device,小米,,小米11 5G (8+256),,,统货,/,元/台,三星屏芯片无损 无法发,image,小米.jpg,数码网报价单-0831更新/手机相关/小米.jpg,1,0.98,visual_legacy_crosscheck
20260831-1291fa997aaef8b617dd-01,2026-08-31,手机,device,小米,,小米11 5G (12+256),,,开机靓机好,215,元/台,要求芯片无损 无法发,image,小米.jpg,数码网报价单-0831更新/手机相关/小米.jpg,1,0.98,visual_legacy_crosscheck
20260831-a543ef63e54289a95118-01,2026-08-31,手机,device,小米,,小米11 5G (12+256),,,开机好碎,215,元/台,要求芯片无损 无法发,image,小米.jpg,数码网报价单-0831更新/手机相关/小米.jpg,1,0.98,visual_legacy_crosscheck
20260831-3173b483d8bf1ccfcd30-01,2026-08-31,手机,device,小米,,小米11 5G (12+256),,,开机碎屏,215,元/台,要求芯片无损 无法发,image,小米.jpg,数码网报价单-0831更新/手机相关/小米.jpg,1,0.98,visual_legacy_crosscheck
20260831-21b1928d715c80e292ca-01,2026-08-31,手机,device,小米,,小米11 5G (12+256),,,开机压屏机,215,元/台,要求芯片无损 无法发,image,小米.jpg,数码网报价单-0831更新/手机相关/小米.jpg,1,0.98,visual_legacy_crosscheck
20260831-9a26ddb4406c204ad9c9-01,2026-08-31,手机,device,小米,,小米11 5G (12+256),,,不开机,215,元/台,要求芯片无损 无法发,image,小米.jpg,数码网报价单-0831更新/手机相关/小米.jpg,1,0.98,visual_legacy_crosscheck
20260831-d4847254feb9712744d2-01,2026-08-31,手机,device,小米,,小米11 5G (12+256),,,废板·断板,215,元/台,要求芯片无损 无法发,image,小米.jpg,数码网报价单-0831更新/手机相关/小米.jpg,1,0.98,visual_legacy_crosscheck
20260831-0ac7212ab5277c0e67d3-01,2026-08-31,手机,device,小米,,小米11 5G (12+256),,,统货,/,元/台,要求芯片无损 无法发,image,小米.jpg,数码网报价单-0831更新/手机相关/小米.jpg,1,0.98,visual_legacy_crosscheck
20260831-1071d336bd4dbc88870c-01,2026-08-31,手机,device,小米,,小米10 至尊版 5G (8+128),,,开机靓机好,160,元/台,三星屏 主板芯片无破损,image,小米.jpg,数码网报价单-0831更新/手机相关/小米.jpg,1,0.98,visual_legacy_crosscheck
20260831-cb9b70e5d6935ba0703e-01,2026-08-31,手机,device,小米,,小米10 至尊版 5G (8+128),,,开机好碎,160,元/台,三星屏 主板芯片无破损,image,小米.jpg,数码网报价单-0831更新/手机相关/小米.jpg,1,0.98,visual_legacy_crosscheck
20260831-9e96c84d2b7c35a2cda5-01,2026-08-31,手机,device,小米,,小米10 至尊版 5G (8+128),,,开机碎屏,160,元/台,三星屏 主板芯片无破损,image,小米.jpg,数码网报价单-0831更新/手机相关/小米.jpg,1,0.98,visual_legacy_crosscheck
20260831-99a5aaa2d172f7c2de45-01,2026-08-31,手机,device,小米,,小米10 至尊版 5G (8+128),,,开机压屏机,160,元/台,三星屏 主板芯片无破损,image,小米.jpg,数码网报价单-0831更新/手机相关/小米.jpg,1,0.98,visual_legacy_crosscheck
20260831-6718ca7b1f5715fa3cb0-01,2026-08-31,手机,device,小米,,小米10 至尊版 5G (8+128),,,不开机,160,元/台,三星屏 主板芯片无破损,image,小米.jpg,数码网报价单-0831更新/手机相关/小米.jpg,1,0.98,visual_legacy_crosscheck
20260831-10c22aa52bc178c2eea9-01,2026-08-31,手机,device,小米,,小米10 至尊版 5G (8+128),,,废板·断板,160,元/台,三星屏 主板芯片无破损,image,小米.jpg,数码网报价单-0831更新/手机相关/小米.jpg,1,0.98,visual_legacy_crosscheck
20260831-bfc720d340786f60685c-01,2026-08-31,手机,device,小米,,小米10 至尊版 5G (8+128),,,统货,/,元/台,三星屏 主板芯片无破损,image,小米.jpg,数码网报价单-0831更新/手机相关/小米.jpg,1,0.98,visual_legacy_crosscheck
20260831-17bd2d6a82377ca668f1-01,2026-08-31,手机,device,小米,,小米10 至尊版 5G (8+256),,,开机靓机好,205,元/台,,image,小米.jpg,数码网报价单-0831更新/手机相关/小米.jpg,1,0.98,visual_legacy_crosscheck
20260831-7bfe1870af5aab9b0408-01,2026-08-31,手机,device,小米,,小米10 至尊版 5G (8+256),,,开机好碎,205,元/台,,image,小米.jpg,数码网报价单-0831更新/手机相关/小米.jpg,1,0.98,visual_legacy_crosscheck
20260831-bc5afbe96af28e7cd0e0-01,2026-08-31,手机,device,小米,,小米10 至尊版 5G (8+256),,,开机碎屏,205,元/台,,image,小米.jpg,数码网报价单-0831更新/手机相关/小米.jpg,1,0.98,visual_legacy_crosscheck
20260831-701933765bd27a247fbc-01,2026-08-31,手机,device,小米,,小米10 至尊版 5G (8+256),,,开机压屏机,205,元/台,,image,小米.jpg,数码网报价单-0831更新/手机相关/小米.jpg,1,0.98,visual_legacy_crosscheck
20260831-a222f0250bf4ae69b7b2-01,2026-08-31,手机,device,小米,,小米10 至尊版 5G (8+256),,,不开机,205,元/台,,image,小米.jpg,数码网报价单-0831更新/手机相关/小米.jpg,1,0.98,visual_legacy_crosscheck
20260831-1ac753061a737fbe76a8-01,2026-08-31,手机,device,小米,,小米10 至尊版 5G (8+256),,,废板·断板,205,元/台,,image,小米.jpg,数码网报价单-0831更新/手机相关/小米.jpg,1,0.98,visual_legacy_crosscheck
20260831-5d78b8a807ba3a13bb85-01,2026-08-31,手机,device,小米,,小米10 至尊版 5G (8+256),,,统货,/,元/台,,image,小米.jpg,数码网报价单-0831更新/手机相关/小米.jpg,1,0.98,visual_legacy_crosscheck
20260831-288bf30d29140538b94b-01,2026-08-31,手机,device,小米,,小米10 至尊版 5G (12+256),,,开机靓机好,215,元/台,,image,小米.jpg,数码网报价单-0831更新/手机相关/小米.jpg,1,0.98,visual_legacy_crosscheck
20260831-2fc1babbb9c5d9bf2c93-01,2026-08-31,手机,device,小米,,小米10 至尊版 5G (12+256),,,开机好碎,215,元/台,,image,小米.jpg,数码网报价单-0831更新/手机相关/小米.jpg,1,0.98,visual_legacy_crosscheck
20260831-ea24c954d56441effb92-01,2026-08-31,手机,device,小米,,小米10 至尊版 5G (12+256),,,开机碎屏,215,元/台,,image,小米.jpg,数码网报价单-0831更新/手机相关/小米.jpg,1,0.98,visual_legacy_crosscheck
20260831-53617a6aa088a248df62-01,2026-08-31,手机,device,小米,,小米10 至尊版 5G (12+256),,,开机压屏机,215,元/台,,image,小米.jpg,数码网报价单-0831更新/手机相关/小米.jpg,1,0.98,visual_legacy_crosscheck
20260831-315488206ebf4c712535-01,2026-08-31,手机,device,小米,,小米10 至尊版 5G (12+256),,,不开机,215,元/台,,image,小米.jpg,数码网报价单-0831更新/手机相关/小米.jpg,1,0.98,visual_legacy_crosscheck
20260831-f4f9eb7da923ba5244c6-01,2026-08-31,手机,device,小米,,小米10 至尊版 5G (12+256),,,废板·断板,215,元/台,,image,小米.jpg,数码网报价单-0831更新/手机相关/小米.jpg,1,0.98,visual_legacy_crosscheck
20260831-c9502ee27de00e24be8a-01,2026-08-31,手机,device,小米,,小米10 至尊版 5G (12+256),,,统货,/,元/台,,image,小米.jpg,数码网报价单-0831更新/手机相关/小米.jpg,1,0.98,visual_legacy_crosscheck
20260831-bc1017d9058f787495fa-01,2026-08-31,手机,device,小米,,小米10 至尊版 5G (16+512),,,开机靓机好,400,元/台,,image,小米.jpg,数码网报价单-0831更新/手机相关/小米.jpg,1,0.98,visual_legacy_crosscheck
20260831-c467f04976bae483151f-01,2026-08-31,手机,device,小米,,小米10 至尊版 5G (16+512),,,开机好碎,400,元/台,,image,小米.jpg,数码网报价单-0831更新/手机相关/小米.jpg,1,0.98,visual_legacy_crosscheck
20260831-d48b84f2b502aa5813be-01,2026-08-31,手机,device,小米,,小米10 至尊版 5G (16+512),,,开机碎屏,400,元/台,,image,小米.jpg,数码网报价单-0831更新/手机相关/小米.jpg,1,0.98,visual_legacy_crosscheck
20260831-49046991e27cdcb37a6e-01,2026-08-31,手机,device,小米,,小米10 至尊版 5G (16+512),,,开机压屏机,400,元/台,,image,小米.jpg,数码网报价单-0831更新/手机相关/小米.jpg,1,0.98,visual_legacy_crosscheck
20260831-10db3a79b042275433cf-01,2026-08-31,手机,device,小米,,小米10 至尊版 5G (16+512),,,不开机,400,元/台,,image,小米.jpg,数码网报价单-0831更新/手机相关/小米.jpg,1,0.98,visual_legacy_crosscheck
20260831-25bf7ca7d39a2efdacf9-01,2026-08-31,手机,device,小米,,小米10 至尊版 5G (16+512),,,废板·断板,400,元/台,,image,小米.jpg,数码网报价单-0831更新/手机相关/小米.jpg,1,0.98,visual_legacy_crosscheck
20260831-24cd38e5aa820f8294a7-01,2026-08-31,手机,device,小米,,小米10 至尊版 5G (16+512),,,统货,/,元/台,,image,小米.jpg,数码网报价单-0831更新/手机相关/小米.jpg,1,0.98,visual_legacy_crosscheck
20260831-80485170a81f86bc9f3a-01,2026-08-31,手机,device,小米,,小米10Pro 5G (8+256),,,开机靓机好,215,元/台,主板芯片无损 无进水烧坏 统货要求比例正常,image,小米.jpg,数码网报价单-0831更新/手机相关/小米.jpg,1,0.98,visual_legacy_crosscheck
20260831-215d3af9ed49ddc33278-01,2026-08-31,手机,device,小米,,小米10Pro 5G (8+256),,,开机好碎,215,元/台,主板芯片无损 无进水烧坏 统货要求比例正常,image,小米.jpg,数码网报价单-0831更新/手机相关/小米.jpg,1,0.98,visual_legacy_crosscheck
20260831-fdb644b6c619bc8ac373-01,2026-08-31,手机,device,小米,,小米10Pro 5G (8+256),,,开机碎屏,215,元/台,主板芯片无损 无进水烧坏 统货要求比例正常,image,小米.jpg,数码网报价单-0831更新/手机相关/小米.jpg,1,0.98,visual_legacy_crosscheck
20260831-a0180ca104b982a4e3b5-01,2026-08-31,手机,device,小米,,小米10Pro 5G (8+256),,,开机压屏机,215,元/台,主板芯片无损 无进水烧坏 统货要求比例正常,image,小米.jpg,数码网报价单-0831更新/手机相关/小米.jpg,1,0.98,visual_legacy_crosscheck
20260831-a91c8c234ff926ab4863-01,2026-08-31,手机,device,小米,,小米10Pro 5G (8+256),,,不开机,215,元/台,主板芯片无损 无进水烧坏 统货要求比例正常,image,小米.jpg,数码网报价单-0831更新/手机相关/小米.jpg,1,0.98,visual_legacy_crosscheck
20260831-23a1c4e8371a1f56d931-01,2026-08-31,手机,device,小米,,小米10Pro 5G (8+256),,,废板·断板,215,元/台,主板芯片无损 无进水烧坏 统货要求比例正常,image,小米.jpg,数码网报价单-0831更新/手机相关/小米.jpg,1,0.98,visual_legacy_crosscheck
20260831-bf4b3e03fc95b2f95630-01,2026-08-31,手机,device,小米,,小米10Pro 5G (8+256),,,统货,/,元/台,主板芯片无损 无进水烧坏 统货要求比例正常,image,小米.jpg,数码网报价单-0831更新/手机相关/小米.jpg,1,0.98,visual_legacy_crosscheck
20260831-7d3aabb4aa149386f109-01,2026-08-31,手机,device,小米,,小米10Pro 5G (12+256),,,开机靓机好,270,元/台,主板芯片无损 无进水烧坏 统货要求比例正常,image,小米.jpg,数码网报价单-0831更新/手机相关/小米.jpg,1,0.98,visual_legacy_crosscheck
20260831-0e17effb7c38c392a6bd-01,2026-08-31,手机,device,小米,,小米10Pro 5G (12+256),,,开机好碎,270,元/台,主板芯片无损 无进水烧坏 统货要求比例正常,image,小米.jpg,数码网报价单-0831更新/手机相关/小米.jpg,1,0.98,visual_legacy_crosscheck
20260831-1e77465ce1b19ef6d68c-01,2026-08-31,手机,device,小米,,小米10Pro 5G (12+256),,,开机碎屏,270,元/台,主板芯片无损 无进水烧坏 统货要求比例正常,image,小米.jpg,数码网报价单-0831更新/手机相关/小米.jpg,1,0.98,visual_legacy_crosscheck
20260831-702f365ab6ba5d46b881-01,2026-08-31,手机,device,小米,,小米10Pro 5G (12+256),,,开机压屏机,270,元/台,主板芯片无损 无进水烧坏 统货要求比例正常,image,小米.jpg,数码网报价单-0831更新/手机相关/小米.jpg,1,0.98,visual_legacy_crosscheck
20260831-5c0445d6f85089248be5-01,2026-08-31,手机,device,小米,,小米10Pro 5G (12+256),,,不开机,270,元/台,主板芯片无损 无进水烧坏 统货要求比例正常,image,小米.jpg,数码网报价单-0831更新/手机相关/小米.jpg,1,0.98,visual_legacy_crosscheck
20260831-148836de12e65e93ecb8-01,2026-08-31,手机,device,小米,,小米10Pro 5G (12+256),,,废板·断板,270,元/台,主板芯片无损 无进水烧坏 统货要求比例正常,image,小米.jpg,数码网报价单-0831更新/手机相关/小米.jpg,1,0.98,visual_legacy_crosscheck
20260831-e8e19f2d0e3bc3f68a68-01,2026-08-31,手机,device,小米,,小米10Pro 5G (12+256),,,统货,/,元/台,主板芯片无损 无进水烧坏 统货要求比例正常,image,小米.jpg,数码网报价单-0831更新/手机相关/小米.jpg,1,0.98,visual_legacy_crosscheck
20260831-a99b5a9a02f7e463a3e4-01,2026-08-31,手机,device,小米,,小米10Pro 5G (8+256),,,开机靓机好,205,元/台,主板芯片无损 无进水烧坏 统货要求比例正常,image,小米.jpg,数码网报价单-0831更新/手机相关/小米.jpg,1,0.98,visual_legacy_crosscheck
20260831-ea0df8f78cb04835cfb6-01,2026-08-31,手机,device,小米,,小米10Pro 5G (8+256),,,开机好碎,205,元/台,主板芯片无损 无进水烧坏 统货要求比例正常,image,小米.jpg,数码网报价单-0831更新/手机相关/小米.jpg,1,0.98,visual_legacy_crosscheck
20260831-c37a346120a30df58ee7-01,2026-08-31,手机,device,小米,,小米10Pro 5G (8+256),,,开机碎屏,205,元/台,主板芯片无损 无进水烧坏 统货要求比例正常,image,小米.jpg,数码网报价单-0831更新/手机相关/小米.jpg,1,0.98,visual_legacy_crosscheck
20260831-e214ed4decfd2ab74adf-01,2026-08-31,手机,device,小米,,小米10Pro 5G (8+256),,,开机压屏机,205,元/台,主板芯片无损 无进水烧坏 统货要求比例正常,image,小米.jpg,数码网报价单-0831更新/手机相关/小米.jpg,1,0.98,visual_legacy_crosscheck
20260831-a39aa7f1391ab8cd0229-01,2026-08-31,手机,device,小米,,小米10Pro 5G (8+256),,,不开机,205,元/台,主板芯片无损 无进水烧坏 统货要求比例正常,image,小米.jpg,数码网报价单-0831更新/手机相关/小米.jpg,1,0.98,visual_legacy_crosscheck
20260831-709035b88c5ab489b7ce-01,2026-08-31,手机,device,小米,,小米10Pro 5G (8+256),,,废板·断板,205,元/台,主板芯片无损 无进水烧坏 统货要求比例正常,image,小米.jpg,数码网报价单-0831更新/手机相关/小米.jpg,1,0.98,visual_legacy_crosscheck
20260831-c33096ebfa408aa69b75-01,2026-08-31,手机,device,小米,,小米10 (6+128),,,开机靓机好,160,元/台,6+64的 100元,image,小米.jpg,数码网报价单-0831更新/手机相关/小米.jpg,1,0.98,visual_legacy_crosscheck
20260831-9887d6ff0a932125f983-01,2026-08-31,手机,device,小米,,小米10 (6+128),,,开机好碎,160,元/台,6+64的 100元,image,小米.jpg,数码网报价单-0831更新/手机相关/小米.jpg,1,0.98,visual_legacy_crosscheck
20260831-661a5882091a1884507e-01,2026-08-31,手机,device,小米,,小米10 (6+128),,,开机碎屏,160,元/台,6+64的 100元,image,小米.jpg,数码网报价单-0831更新/手机相关/小米.jpg,1,0.98,visual_legacy_crosscheck
20260831-f8044eedfbc31ea93a0d-01,2026-08-31,手机,device,小米,,小米10 (6+128),,,开机压屏机,160,元/台,6+64的 100元,image,小米.jpg,数码网报价单-0831更新/手机相关/小米.jpg,1,0.98,visual_legacy_crosscheck
20260831-52f86df01f391cf2f904-01,2026-08-31,手机,device,小米,,小米10 (6+128),,,不开机,160,元/台,6+64的 100元,image,小米.jpg,数码网报价单-0831更新/手机相关/小米.jpg,1,0.98,visual_legacy_crosscheck
20260831-411025f69b33323980c0-01,2026-08-31,手机,device,小米,,小米10 (6+128),,,废板·断板,160,元/台,6+64的 100元,image,小米.jpg,数码网报价单-0831更新/手机相关/小米.jpg,1,0.98,visual_legacy_crosscheck
20260831-1d0046b9b9f2259b4f9d-01,2026-08-31,手机,device,小米,,小米10 (6+128),,,统货,/,元/台,6+64的 100元,image,小米.jpg,数码网报价单-0831更新/手机相关/小米.jpg,1,0.98,visual_legacy_crosscheck
20260831-064214094454e7d020e6-01,2026-08-31,手机,device,小米,,小米10青春版 (8+128),,,开机靓机好,160,元/台,,image,小米.jpg,数码网报价单-0831更新/手机相关/小米.jpg,1,0.98,visual_legacy_crosscheck
20260831-57dc309ec0c5d0d5ff2a-01,2026-08-31,手机,device,小米,,小米10青春版 (8+128),,,开机好碎,160,元/台,,image,小米.jpg,数码网报价单-0831更新/手机相关/小米.jpg,1,0.98,visual_legacy_crosscheck
20260831-4fe66d7c51fc67e9397a-01,2026-08-31,手机,device,小米,,小米10青春版 (8+128),,,开机碎屏,160,元/台,,image,小米.jpg,数码网报价单-0831更新/手机相关/小米.jpg,1,0.98,visual_legacy_crosscheck
20260831-c3759182c60c9ecf67ad-01,2026-08-31,手机,device,小米,,小米10青春版 (8+128),,,开机压屏机,160,元/台,,image,小米.jpg,数码网报价单-0831更新/手机相关/小米.jpg,1,0.98,visual_legacy_crosscheck
20260831-c6aba671e4be8c9c4c5f-01,2026-08-31,手机,device,小米,,小米10青春版 (8+128),,,不开机,160,元/台,,image,小米.jpg,数码网报价单-0831更新/手机相关/小米.jpg,1,0.98,visual_legacy_crosscheck
20260831-3a99deaab03a7e268aea-01,2026-08-31,手机,device,小米,,小米10青春版 (8+128),,,废板·断板,160,元/台,,image,小米.jpg,数码网报价单-0831更新/手机相关/小米.jpg,1,0.98,visual_legacy_crosscheck
20260831-cc5160fae42cb5ab99da-01,2026-08-31,手机,device,小米,,小米10青春版 (8+128),,,统货,/,元/台,,image,小米.jpg,数码网报价单-0831更新/手机相关/小米.jpg,1,0.98,visual_legacy_crosscheck
20260831-8affac842b18bdb2f29c-01,2026-08-31,手机,device,小米,,小米10 (8+256),,,开机靓机好,210,元/台,,image,小米.jpg,数码网报价单-0831更新/手机相关/小米.jpg,1,0.98,visual_legacy_crosscheck
20260831-9126549213b74775398a-01,2026-08-31,手机,device,小米,,小米10 (8+256),,,开机好碎,210,元/台,,image,小米.jpg,数码网报价单-0831更新/手机相关/小米.jpg,1,0.98,visual_legacy_crosscheck
20260831-72406ecd9e0e595e4827-01,2026-08-31,手机,device,小米,,小米10 (8+256),,,开机碎屏,210,元/台,,image,小米.jpg,数码网报价单-0831更新/手机相关/小米.jpg,1,0.98,visual_legacy_crosscheck
20260831-95cab6ad9959dd05117b-01,2026-08-31,手机,device,小米,,小米10 (8+256),,,开机压屏机,210,元/台,,image,小米.jpg,数码网报价单-0831更新/手机相关/小米.jpg,1,0.98,visual_legacy_crosscheck
20260831-7dc006af12b216914ad6-01,2026-08-31,手机,device,小米,,小米10 (8+256),,,不开机,210,元/台,,image,小米.jpg,数码网报价单-0831更新/手机相关/小米.jpg,1,0.98,visual_legacy_crosscheck
20260831-1b9143d3e4b597d288fa-01,2026-08-31,手机,device,小米,,小米10 (8+256),,,废板·断板,210,元/台,,image,小米.jpg,数码网报价单-0831更新/手机相关/小米.jpg,1,0.98,visual_legacy_crosscheck
20260831-b8e3deeeae04974bf1d3-01,2026-08-31,手机,device,小米,,小米10 (8+256),,,统货,/,元/台,,image,小米.jpg,数码网报价单-0831更新/手机相关/小米.jpg,1,0.98,visual_legacy_crosscheck
20260831-a33c8a18529d7fd6a185-01,2026-08-31,手机,device,小米,,小米10青春版 (6+64),,,开机靓机好,100,元/台,,image,小米.jpg,数码网报价单-0831更新/手机相关/小米.jpg,1,0.98,visual_legacy_crosscheck
20260831-4397ec428978cc3586ee-01,2026-08-31,手机,device,小米,,小米10青春版 (6+64),,,开机好碎,100,元/台,,image,小米.jpg,数码网报价单-0831更新/手机相关/小米.jpg,1,0.98,visual_legacy_crosscheck
20260831-804c218e22cd5701b097-01,2026-08-31,手机,device,小米,,小米10青春版 (6+64),,,开机碎屏,100,元/台,,image,小米.jpg,数码网报价单-0831更新/手机相关/小米.jpg,1,0.98,visual_legacy_crosscheck
20260831-ba0d461f8e4c3b7dfa82-01,2026-08-31,手机,device,小米,,小米10青春版 (6+64),,,开机压屏机,100,元/台,,image,小米.jpg,数码网报价单-0831更新/手机相关/小米.jpg,1,0.98,visual_legacy_crosscheck
20260831-d6ccedf2d6734411e851-01,2026-08-31,手机,device,小米,,小米10青春版 (6+64),,,不开机,100,元/台,,image,小米.jpg,数码网报价单-0831更新/手机相关/小米.jpg,1,0.98,visual_legacy_crosscheck
20260831-b04954aa3fd71f373123-01,2026-08-31,手机,device,小米,,小米10青春版 (6+64),,,废板·断板,100,元/台,,image,小米.jpg,数码网报价单-0831更新/手机相关/小米.jpg,1,0.98,visual_legacy_crosscheck
20260831-7d614fab74832423ad48-01,2026-08-31,手机,device,小米,,小米10青春版 (6+64),,,统货,/,元/台,,image,小米.jpg,数码网报价单-0831更新/手机相关/小米.jpg,1,0.98,visual_legacy_crosscheck
20260831-c4980a530dcc6a8072a4-01,2026-08-31,手机,device,小米,,小米10青春版 (8+256),,,开机靓机好,205,元/台,,image,小米.jpg,数码网报价单-0831更新/手机相关/小米.jpg,1,0.98,visual_legacy_crosscheck
20260831-8602d5fb82b59b416290-01,2026-08-31,手机,device,小米,,小米10青春版 (8+256),,,开机好碎,205,元/台,,image,小米.jpg,数码网报价单-0831更新/手机相关/小米.jpg,1,0.98,visual_legacy_crosscheck
20260831-c0581f64611e30cca940-01,2026-08-31,手机,device,小米,,小米10青春版 (8+256),,,开机碎屏,205,元/台,,image,小米.jpg,数码网报价单-0831更新/手机相关/小米.jpg,1,0.98,visual_legacy_crosscheck
20260831-4ed8bc084be5ff6b381b-01,2026-08-31,手机,device,小米,,小米10青春版 (8+256),,,开机压屏机,205,元/台,,image,小米.jpg,数码网报价单-0831更新/手机相关/小米.jpg,1,0.98,visual_legacy_crosscheck
20260831-8dae35e3d4edd4e70bba-01,2026-08-31,手机,device,小米,,小米10青春版 (8+256),,,不开机,205,元/台,,image,小米.jpg,数码网报价单-0831更新/手机相关/小米.jpg,1,0.98,visual_legacy_crosscheck
20260831-5adfef6fd97471468014-01,2026-08-31,手机,device,小米,,小米10青春版 (8+256),,,废板·断板,205,元/台,,image,小米.jpg,数码网报价单-0831更新/手机相关/小米.jpg,1,0.98,visual_legacy_crosscheck
20260831-06ccbcf60b2f11f4319d-01,2026-08-31,手机,device,小米,,小米10青春版 (8+256),,,统货,/,元/台,,image,小米.jpg,数码网报价单-0831更新/手机相关/小米.jpg,1,0.98,visual_legacy_crosscheck
20260831-e409a5ba7e341f634389-01,2026-08-31,手机,device,小米,,小米10s (12+256),,,开机靓机好,215,元/台,,image,小米.jpg,数码网报价单-0831更新/手机相关/小米.jpg,1,0.98,visual_legacy_crosscheck
20260831-87418b5b9cf7ea65507c-01,2026-08-31,手机,device,小米,,小米10s (12+256),,,开机好碎,215,元/台,,image,小米.jpg,数码网报价单-0831更新/手机相关/小米.jpg,1,0.98,visual_legacy_crosscheck
20260831-b5f8bf3ce37cece400f7-01,2026-08-31,手机,device,小米,,小米10s (12+256),,,开机碎屏,215,元/台,,image,小米.jpg,数码网报价单-0831更新/手机相关/小米.jpg,1,0.98,visual_legacy_crosscheck
20260831-c2f2b13893ec4dce90dc-01,2026-08-31,手机,device,小米,,小米10s (12+256),,,开机压屏机,215,元/台,,image,小米.jpg,数码网报价单-0831更新/手机相关/小米.jpg,1,0.98,visual_legacy_crosscheck
20260831-2faa853337a770115370-01,2026-08-31,手机,device,小米,,小米10s (12+256),,,不开机,215,元/台,,image,小米.jpg,数码网报价单-0831更新/手机相关/小米.jpg,1,0.98,visual_legacy_crosscheck
20260831-76ff1e8065c28bd96cbc-01,2026-08-31,手机,device,小米,,小米10s (12+256),,,废板·断板,215,元/台,,image,小米.jpg,数码网报价单-0831更新/手机相关/小米.jpg,1,0.98,visual_legacy_crosscheck
20260831-be59783749e5491a34e8-01,2026-08-31,手机,device,小米,,小米10s (12+256),,,统货,/,元/台,,image,小米.jpg,数码网报价单-0831更新/手机相关/小米.jpg,1,0.98,visual_legacy_crosscheck
20260831-8e784668b6f04b10f918-01,2026-08-31,手机,device,小米,,小米10s (8+128),,,开机靓机好,160,元/台,三星屏 主板芯片无破损,image,小米.jpg,数码网报价单-0831更新/手机相关/小米.jpg,1,0.98,visual_legacy_crosscheck
20260831-bece176c43008208ee28-01,2026-08-31,手机,device,小米,,小米10s (8+128),,,开机好碎,160,元/台,三星屏 主板芯片无破损,image,小米.jpg,数码网报价单-0831更新/手机相关/小米.jpg,1,0.98,visual_legacy_crosscheck
20260831-bd9c483383d8019e84a0-01,2026-08-31,手机,device,小米,,小米10s (8+128),,,开机碎屏,160,元/台,三星屏 主板芯片无破损,image,小米.jpg,数码网报价单-0831更新/手机相关/小米.jpg,1,0.98,visual_legacy_crosscheck
20260831-e5980331962f10475547-01,2026-08-31,手机,device,小米,,小米10s (8+128),,,开机压屏机,160,元/台,三星屏 主板芯片无破损,image,小米.jpg,数码网报价单-0831更新/手机相关/小米.jpg,1,0.98,visual_legacy_crosscheck
20260831-55e9aaf8ee8ad4e44ff5-01,2026-08-31,手机,device,小米,,小米10s (8+128),,,不开机,160,元/台,三星屏 主板芯片无破损,image,小米.jpg,数码网报价单-0831更新/手机相关/小米.jpg,1,0.98,visual_legacy_crosscheck
20260831-b05e1557ed8ce8fa6a9b-01,2026-08-31,手机,device,小米,,小米10s (8+128),,,废板·断板,160,元/台,三星屏 主板芯片无破损,image,小米.jpg,数码网报价单-0831更新/手机相关/小米.jpg,1,0.98,visual_legacy_crosscheck
20260831-0d0469707ee38ec49571-01,2026-08-31,手机,device,小米,,小米10s (8+128),,,统货,/,元/台,三星屏 主板芯片无破损,image,小米.jpg,数码网报价单-0831更新/手机相关/小米.jpg,1,0.98,visual_legacy_crosscheck
20260831-7013b6dba3c818421fdb-01,2026-08-31,手机,device,小米,,小米10s (8+256),,,开机靓机好,205,元/台,,image,小米.jpg,数码网报价单-0831更新/手机相关/小米.jpg,1,0.98,visual_legacy_crosscheck
20260831-afdffaa97d6004666b07-01,2026-08-31,手机,device,小米,,小米10s (8+256),,,开机好碎,205,元/台,,image,小米.jpg,数码网报价单-0831更新/手机相关/小米.jpg,1,0.98,visual_legacy_crosscheck
20260831-29607a357b407723ae4d-01,2026-08-31,手机,device,小米,,小米10s (8+256),,,开机碎屏,205,元/台,,image,小米.jpg,数码网报价单-0831更新/手机相关/小米.jpg,1,0.98,visual_legacy_crosscheck
20260831-9468005138202d561e84-01,2026-08-31,手机,device,小米,,小米10s (8+256),,,开机压屏机,205,元/台,,image,小米.jpg,数码网报价单-0831更新/手机相关/小米.jpg,1,0.98,visual_legacy_crosscheck
20260831-28c4c1bb93abeb26bc2b-01,2026-08-31,手机,device,小米,,小米10s (8+256),,,不开机,205,元/台,,image,小米.jpg,数码网报价单-0831更新/手机相关/小米.jpg,1,0.98,visual_legacy_crosscheck
20260831-ea7de37dee3310af2799-01,2026-08-31,手机,device,小米,,小米10s (8+256),,,废板·断板,205,元/台,,image,小米.jpg,数码网报价单-0831更新/手机相关/小米.jpg,1,0.98,visual_legacy_crosscheck
20260831-d926ddabc5db4d288d54-01,2026-08-31,手机,device,小米,,小米10s (8+256),,,统货,/,元/台,,image,小米.jpg,数码网报价单-0831更新/手机相关/小米.jpg,1,0.98,visual_legacy_crosscheck
20260831-5c088e934e05d901c3e4-01,2026-08-31,手机,device,小米,,小米10 (8+128),,,开机靓机好,160,元/台,三星屏 主板芯片正常,image,小米.jpg,数码网报价单-0831更新/手机相关/小米.jpg,1,0.98,visual_legacy_crosscheck
20260831-18c39b753bf750259c20-01,2026-08-31,手机,device,小米,,小米10 (8+128),,,开机好碎,160,元/台,三星屏 主板芯片正常,image,小米.jpg,数码网报价单-0831更新/手机相关/小米.jpg,1,0.98,visual_legacy_crosscheck
20260831-00088cf3d57b64653c17-01,2026-08-31,手机,device,小米,,小米10 (8+128),,,开机碎屏,160,元/台,三星屏 主板芯片正常,image,小米.jpg,数码网报价单-0831更新/手机相关/小米.jpg,1,0.98,visual_legacy_crosscheck
20260831-5999744e9f15cee28f11-01,2026-08-31,手机,device,小米,,小米10 (8+128),,,开机压屏机,160,元/台,三星屏 主板芯片正常,image,小米.jpg,数码网报价单-0831更新/手机相关/小米.jpg,1,0.98,visual_legacy_crosscheck
20260831-f9dac23a9c77415bfc86-01,2026-08-31,手机,device,小米,,小米10 (8+128),,,不开机,160,元/台,三星屏 主板芯片正常,image,小米.jpg,数码网报价单-0831更新/手机相关/小米.jpg,1,0.98,visual_legacy_crosscheck
20260831-483ddf08297821d82b79-01,2026-08-31,手机,device,小米,,小米10 (8+128),,,废板·断板,160,元/台,三星屏 主板芯片正常,image,小米.jpg,数码网报价单-0831更新/手机相关/小米.jpg,1,0.98,visual_legacy_crosscheck
20260831-3694c05377780e2d43b7-01,2026-08-31,手机,device,小米,,小米10 (8+128),,,统货,/,元/台,三星屏 主板芯片正常,image,小米.jpg,数码网报价单-0831更新/手机相关/小米.jpg,1,0.98,visual_legacy_crosscheck
20260831-e310ba66180f5ae228f8-01,2026-08-31,手机,device,小米,,小米9 Pro 5G,,,开机靓机好,130,元/台,三星屏 主板功能正常,image,小米.jpg,数码网报价单-0831更新/手机相关/小米.jpg,1,0.98,visual_legacy_crosscheck
20260831-5257f76b593f7085ac55-01,2026-08-31,手机,device,小米,,小米9 Pro 5G,,,开机好碎,130,元/台,三星屏 主板功能正常,image,小米.jpg,数码网报价单-0831更新/手机相关/小米.jpg,1,0.98,visual_legacy_crosscheck
20260831-32e02929c01959b8be28-01,2026-08-31,手机,device,小米,,小米9 Pro 5G,,,开机碎屏,130,元/台,三星屏 主板功能正常,image,小米.jpg,数码网报价单-0831更新/手机相关/小米.jpg,1,0.98,visual_legacy_crosscheck
20260831-fa3f6282993980ea1ab0-01,2026-08-31,手机,device,小米,,小米9 Pro 5G,,,开机压屏机,130,元/台,三星屏 主板功能正常,image,小米.jpg,数码网报价单-0831更新/手机相关/小米.jpg,1,0.98,visual_legacy_crosscheck
20260831-3d11be4009f76b6e1340-01,2026-08-31,手机,device,小米,,小米9 Pro 5G,,,不开机,130,元/台,三星屏 主板功能正常,image,小米.jpg,数码网报价单-0831更新/手机相关/小米.jpg,1,0.98,visual_legacy_crosscheck
20260831-e6e94a2da84331d76daa-01,2026-08-31,手机,device,小米,,小米9 Pro 5G,,,废板·断板,130,元/台,三星屏 主板功能正常,image,小米.jpg,数码网报价单-0831更新/手机相关/小米.jpg,1,0.98,visual_legacy_crosscheck
20260831-4258f309951e7ccdc61c-01,2026-08-31,手机,device,小米,,小米9 Pro 5G,,,统货,/,元/台,三星屏 主板功能正常,image,小米.jpg,数码网报价单-0831更新/手机相关/小米.jpg,1,0.98,visual_legacy_crosscheck
20260831-20c52d18fafd70457ae0-01,2026-08-31,手机,device,小米,,小米9 (8+256),,,开机靓机好,205,元/台,三星屏 主板功能正常,image,小米.jpg,数码网报价单-0831更新/手机相关/小米.jpg,1,0.98,visual_legacy_crosscheck
20260831-7e54fa56337aedb0256e-01,2026-08-31,手机,device,小米,,小米9 (8+256),,,开机好碎,205,元/台,三星屏 主板功能正常,image,小米.jpg,数码网报价单-0831更新/手机相关/小米.jpg,1,0.98,visual_legacy_crosscheck
20260831-9e95cae4443d237ab04a-01,2026-08-31,手机,device,小米,,小米9 (8+256),,,开机碎屏,205,元/台,三星屏 主板功能正常,image,小米.jpg,数码网报价单-0831更新/手机相关/小米.jpg,1,0.98,visual_legacy_crosscheck
20260831-e63541f0fc1f8b11611c-01,2026-08-31,手机,device,小米,,小米9 (8+256),,,开机压屏机,205,元/台,三星屏 主板功能正常,image,小米.jpg,数码网报价单-0831更新/手机相关/小米.jpg,1,0.98,visual_legacy_crosscheck
20260831-2ddb400fbd0c071f7a5e-01,2026-08-31,手机,device,小米,,小米9 (8+256),,,不开机,205,元/台,三星屏 主板功能正常,image,小米.jpg,数码网报价单-0831更新/手机相关/小米.jpg,1,0.98,visual_legacy_crosscheck
20260831-effd4842d8351ce844c3-01,2026-08-31,手机,device,小米,,小米9 (8+256),,,废板·断板,205,元/台,三星屏 主板功能正常,image,小米.jpg,数码网报价单-0831更新/手机相关/小米.jpg,1,0.98,visual_legacy_crosscheck
20260831-cc88d0cfdaf61477d155-01,2026-08-31,手机,device,小米,,小米9 (8+256),,,统货,/,元/台,三星屏 主板功能正常,image,小米.jpg,数码网报价单-0831更新/手机相关/小米.jpg,1,0.98,visual_legacy_crosscheck
20260831-c01d8eabe6a15c9de85a-01,2026-08-31,手机,device,小米,,小米9Pro,,,开机靓机好,130,元/台,,image,小米.jpg,数码网报价单-0831更新/手机相关/小米.jpg,1,0.98,visual_legacy_crosscheck
20260831-a9f1213489e11feaa6c5-01,2026-08-31,手机,device,小米,,小米9Pro,,,开机好碎,130,元/台,,image,小米.jpg,数码网报价单-0831更新/手机相关/小米.jpg,1,0.98,visual_legacy_crosscheck
20260831-6545ca712b81539807d4-01,2026-08-31,手机,device,小米,,小米9Pro,,,开机碎屏,130,元/台,,image,小米.jpg,数码网报价单-0831更新/手机相关/小米.jpg,1,0.98,visual_legacy_crosscheck
20260831-ad25459b7d52e935db58-01,2026-08-31,手机,device,小米,,小米9Pro,,,开机压屏机,130,元/台,,image,小米.jpg,数码网报价单-0831更新/手机相关/小米.jpg,1,0.98,visual_legacy_crosscheck
20260831-ecea8a1c8a85ef552cb3-01,2026-08-31,手机,device,小米,,小米9Pro,,,不开机,130,元/台,,image,小米.jpg,数码网报价单-0831更新/手机相关/小米.jpg,1,0.98,visual_legacy_crosscheck
20260831-d7aab59a113287ca2ec2-01,2026-08-31,手机,device,小米,,小米9Pro,,,废板·断板,130,元/台,,image,小米.jpg,数码网报价单-0831更新/手机相关/小米.jpg,1,0.98,visual_legacy_crosscheck
20260831-4c61c83a28218330aaff-01,2026-08-31,手机,device,小米,,小米9Pro,,,统货,/,元/台,,image,小米.jpg,数码网报价单-0831更新/手机相关/小米.jpg,1,0.98,visual_legacy_crosscheck
20260831-980c0ba59015a11fd2db-01,2026-08-31,手机,device,小米,,小米9,,,开机靓机好,130,元/台,三星屏 主板功能正常,image,小米.jpg,数码网报价单-0831更新/手机相关/小米.jpg,1,0.98,visual_legacy_crosscheck
20260831-568dd7891de64e1b8d4e-01,2026-08-31,手机,device,小米,,小米9,,,开机好碎,130,元/台,三星屏 主板功能正常,image,小米.jpg,数码网报价单-0831更新/手机相关/小米.jpg,1,0.98,visual_legacy_crosscheck
20260831-10a9a5629b0cce17cbe4-01,2026-08-31,手机,device,小米,,小米9,,,开机碎屏,130,元/台,三星屏 主板功能正常,image,小米.jpg,数码网报价单-0831更新/手机相关/小米.jpg,1,0.98,visual_legacy_crosscheck
20260831-084cc883a1acee04990c-01,2026-08-31,手机,device,小米,,小米9,,,开机压屏机,130,元/台,三星屏 主板功能正常,image,小米.jpg,数码网报价单-0831更新/手机相关/小米.jpg,1,0.98,visual_legacy_crosscheck
20260831-435cd1c09e8cb58abff4-01,2026-08-31,手机,device,小米,,小米9,,,不开机,130,元/台,三星屏 主板功能正常,image,小米.jpg,数码网报价单-0831更新/手机相关/小米.jpg,1,0.98,visual_legacy_crosscheck
20260831-4061fcf75b9b89fb2606-01,2026-08-31,手机,device,小米,,小米9,,,废板·断板,130,元/台,三星屏 主板功能正常,image,小米.jpg,数码网报价单-0831更新/手机相关/小米.jpg,1,0.98,visual_legacy_crosscheck
20260831-aac82db92ea591b68c91-01,2026-08-31,手机,device,小米,,小米9,,,统货,/,元/台,三星屏 主板功能正常,image,小米.jpg,数码网报价单-0831更新/手机相关/小米.jpg,1,0.98,visual_legacy_crosscheck
20260831-fcfb2bff90e05789dda7-01,2026-08-31,手机,device,小米,,小米CC9 Pro,,,开机靓机好,160,元/台,三星屏 主板芯片无破损,image,小米.jpg,数码网报价单-0831更新/手机相关/小米.jpg,1,0.98,visual_legacy_crosscheck
20260831-ad4dbb494bef808d1d99-01,2026-08-31,手机,device,小米,,小米CC9 Pro,,,开机好碎,160,元/台,三星屏 主板芯片无破损,image,小米.jpg,数码网报价单-0831更新/手机相关/小米.jpg,1,0.98,visual_legacy_crosscheck
20260831-2b2b7f4f37dd88dc0f20-01,2026-08-31,手机,device,小米,,小米CC9 Pro,,,开机碎屏,160,元/台,三星屏 主板芯片无破损,image,小米.jpg,数码网报价单-0831更新/手机相关/小米.jpg,1,0.98,visual_legacy_crosscheck
20260831-bfad17e466dd6c0d0de0-01,2026-08-31,手机,device,小米,,小米CC9 Pro,,,开机压屏机,160,元/台,三星屏 主板芯片无破损,image,小米.jpg,数码网报价单-0831更新/手机相关/小米.jpg,1,0.98,visual_legacy_crosscheck
20260831-82ad64f1fd70fd3c3af9-01,2026-08-31,手机,device,小米,,小米CC9 Pro,,,不开机,160,元/台,三星屏 主板芯片无破损,image,小米.jpg,数码网报价单-0831更新/手机相关/小米.jpg,1,0.98,visual_legacy_crosscheck
20260831-b537bb7524256cd3f50d-01,2026-08-31,手机,device,小米,,小米CC9 Pro,,,废板·断板,160,元/台,三星屏 主板芯片无破损,image,小米.jpg,数码网报价单-0831更新/手机相关/小米.jpg,1,0.98,visual_legacy_crosscheck
20260831-b3b4cd3c9251d4d85e43-01,2026-08-31,手机,device,小米,,小米CC9 Pro,,,统货,/,元/台,三星屏 主板芯片无破损,image,小米.jpg,数码网报价单-0831更新/手机相关/小米.jpg,1,0.98,visual_legacy_crosscheck
20260831-e614c739e6ac13f42c87-01,2026-08-31,手机,device,小米,,小米CC9美图定制版,,,开机靓机好,210,元/台,主板芯片+25元无破损,image,小米.jpg,数码网报价单-0831更新/手机相关/小米.jpg,1,0.98,visual_legacy_crosscheck
20260831-3d1872e544f0da0c7c67-01,2026-08-31,手机,device,小米,,小米CC9美图定制版,,,开机好碎,210,元/台,主板芯片+25元无破损,image,小米.jpg,数码网报价单-0831更新/手机相关/小米.jpg,1,0.98,visual_legacy_crosscheck
20260831-0a8be901bcc8116b2572-01,2026-08-31,手机,device,小米,,小米CC9美图定制版,,,开机碎屏,210,元/台,主板芯片+25元无破损,image,小米.jpg,数码网报价单-0831更新/手机相关/小米.jpg,1,0.98,visual_legacy_crosscheck
20260831-149e0cf51ae53222ba9f-01,2026-08-31,手机,device,小米,,小米CC9美图定制版,,,开机压屏机,210,元/台,主板芯片+25元无破损,image,小米.jpg,数码网报价单-0831更新/手机相关/小米.jpg,1,0.98,visual_legacy_crosscheck
20260831-27fe0aca1a350d3977e7-01,2026-08-31,手机,device,小米,,小米CC9美图定制版,,,不开机,210,元/台,主板芯片+25元无破损,image,小米.jpg,数码网报价单-0831更新/手机相关/小米.jpg,1,0.98,visual_legacy_crosscheck
20260831-a6224f3c45603c291de6-01,2026-08-31,手机,device,小米,,小米CC9美图定制版,,,废板·断板,210,元/台,主板芯片+25元无破损,image,小米.jpg,数码网报价单-0831更新/手机相关/小米.jpg,1,0.98,visual_legacy_crosscheck
20260831-2a2c9d13e281b4d81df7-01,2026-08-31,手机,device,小米,,小米CC9美图定制版,,,统货,/,元/台,主板芯片+25元无破损,image,小米.jpg,数码网报价单-0831更新/手机相关/小米.jpg,1,0.98,visual_legacy_crosscheck
20260831-13e834eff10ff1610c90-01,2026-08-31,手机,device,小米,,小米CC9,,,开机靓机好,125,元/台,三星屏 主板芯片无破损,image,小米.jpg,数码网报价单-0831更新/手机相关/小米.jpg,1,0.98,visual_legacy_crosscheck
20260831-8f7b52c9cd20a5dff544-01,2026-08-31,手机,device,小米,,小米CC9,,,开机好碎,125,元/台,三星屏 主板芯片无破损,image,小米.jpg,数码网报价单-0831更新/手机相关/小米.jpg,1,0.98,visual_legacy_crosscheck
20260831-5561eb32555ef579533c-01,2026-08-31,手机,device,小米,,小米CC9,,,开机碎屏,125,元/台,三星屏 主板芯片无破损,image,小米.jpg,数码网报价单-0831更新/手机相关/小米.jpg,1,0.98,visual_legacy_crosscheck
20260831-11d4469f85f9407fed82-01,2026-08-31,手机,device,小米,,小米CC9,,,开机压屏机,125,元/台,三星屏 主板芯片无破损,image,小米.jpg,数码网报价单-0831更新/手机相关/小米.jpg,1,0.98,visual_legacy_crosscheck
20260831-a4c6dd212059a0960d8b-01,2026-08-31,手机,device,小米,,小米CC9,,,不开机,125,元/台,三星屏 主板芯片无破损,image,小米.jpg,数码网报价单-0831更新/手机相关/小米.jpg,1,0.98,visual_legacy_crosscheck
20260831-89fe7b55c8650c2b6fca-01,2026-08-31,手机,device,小米,,小米CC9,,,废板·断板,125,元/台,三星屏 主板芯片无破损,image,小米.jpg,数码网报价单-0831更新/手机相关/小米.jpg,1,0.98,visual_legacy_crosscheck
20260831-705b9aac0e942d5a5a96-01,2026-08-31,手机,device,小米,,小米CC9,,,统货,/,元/台,三星屏 主板芯片无破损,image,小米.jpg,数码网报价单-0831更新/手机相关/小米.jpg,1,0.98,visual_legacy_crosscheck
20260831-8fa72b52d6ea3f28b7b3-01,2026-08-31,手机,device,小米,,小米CC9e,,,开机靓机好,115,元/台,三星屏 主板芯片无破损,image,小米.jpg,数码网报价单-0831更新/手机相关/小米.jpg,1,0.98,visual_legacy_crosscheck
20260831-f32a0acf9c0b6c786a4b-01,2026-08-31,手机,device,小米,,小米CC9e,,,开机好碎,115,元/台,三星屏 主板芯片无破损,image,小米.jpg,数码网报价单-0831更新/手机相关/小米.jpg,1,0.98,visual_legacy_crosscheck
20260831-881620d01d2c2c075b9e-01,2026-08-31,手机,device,小米,,小米CC9e,,,开机碎屏,115,元/台,三星屏 主板芯片无破损,image,小米.jpg,数码网报价单-0831更新/手机相关/小米.jpg,1,0.98,visual_legacy_crosscheck
20260831-826758659560f064f39c-01,2026-08-31,手机,device,小米,,小米CC9e,,,开机压屏机,115,元/台,三星屏 主板芯片无破损,image,小米.jpg,数码网报价单-0831更新/手机相关/小米.jpg,1,0.98,visual_legacy_crosscheck
20260831-0e8879b546712e99c3b1-01,2026-08-31,手机,device,小米,,小米CC9e,,,不开机,115,元/台,三星屏 主板芯片无破损,image,小米.jpg,数码网报价单-0831更新/手机相关/小米.jpg,1,0.98,visual_legacy_crosscheck
20260831-ad09ffc2cdeb0c83fa53-01,2026-08-31,手机,device,小米,,小米CC9e,,,废板·断板,115,元/台,三星屏 主板芯片无破损,image,小米.jpg,数码网报价单-0831更新/手机相关/小米.jpg,1,0.98,visual_legacy_crosscheck
20260831-cc00274f2428d9786c5e-01,2026-08-31,手机,device,小米,,小米CC9e,,,统货,/,元/台,三星屏 主板芯片无破损,image,小米.jpg,数码网报价单-0831更新/手机相关/小米.jpg,1,0.98,visual_legacy_crosscheck
20260831-adc0e9a5d4bdb7de2d12-01,2026-08-31,手机,device,小米,,小米9e/128g,,,开机靓机好,110,元/台,三星屏芯片无破损,image,小米.jpg,数码网报价单-0831更新/手机相关/小米.jpg,1,0.98,visual_legacy_crosscheck
20260831-552b822313c9133b998f-01,2026-08-31,手机,device,小米,,小米9e/128g,,,开机好碎,110,元/台,三星屏芯片无破损,image,小米.jpg,数码网报价单-0831更新/手机相关/小米.jpg,1,0.98,visual_legacy_crosscheck
20260831-32948692cbca9ebcd42a-01,2026-08-31,手机,device,小米,,小米9e/128g,,,开机碎屏,110,元/台,三星屏芯片无破损,image,小米.jpg,数码网报价单-0831更新/手机相关/小米.jpg,1,0.98,visual_legacy_crosscheck
20260831-b04ca16156f6612a290f-01,2026-08-31,手机,device,小米,,小米9e/128g,,,开机压屏机,110,元/台,三星屏芯片无破损,image,小米.jpg,数码网报价单-0831更新/手机相关/小米.jpg,1,0.98,visual_legacy_crosscheck
20260831-29069068eb6c4e23b0b7-01,2026-08-31,手机,device,小米,,小米9e/128g,,,不开机,110,元/台,三星屏芯片无破损,image,小米.jpg,数码网报价单-0831更新/手机相关/小米.jpg,1,0.98,visual_legacy_crosscheck
20260831-201170c0a67cae2349b6-01,2026-08-31,手机,device,小米,,小米9e/128g,,,废板·断板,110,元/台,三星屏芯片无破损,image,小米.jpg,数码网报价单-0831更新/手机相关/小米.jpg,1,0.98,visual_legacy_crosscheck
20260831-65fd9d67f5d325b6747a-01,2026-08-31,手机,device,小米,,小米9e/128g,,,统货,/,元/台,三星屏芯片无破损,image,小米.jpg,数码网报价单-0831更新/手机相关/小米.jpg,1,0.98,visual_legacy_crosscheck
20260831-3d8a6a855a4547401519-01,2026-08-31,手机,device,小米,,小米9se (8+128),,,开机靓机好,110,元/台,三星屏 主板芯片无破损,image,小米.jpg,数码网报价单-0831更新/手机相关/小米.jpg,1,0.98,visual_legacy_crosscheck
20260831-09376cbf5ff61a8f16fb-01,2026-08-31,手机,device,小米,,小米9se (8+128),,,开机好碎,110,元/台,三星屏 主板芯片无破损,image,小米.jpg,数码网报价单-0831更新/手机相关/小米.jpg,1,0.98,visual_legacy_crosscheck
20260831-fb7065e84d7e200fac36-01,2026-08-31,手机,device,小米,,小米9se (8+128),,,开机碎屏,110,元/台,三星屏 主板芯片无破损,image,小米.jpg,数码网报价单-0831更新/手机相关/小米.jpg,1,0.98,visual_legacy_crosscheck
20260831-da8f1801f9d8ee2b5d2f-01,2026-08-31,手机,device,小米,,小米9se (8+128),,,开机压屏机,110,元/台,三星屏 主板芯片无破损,image,小米.jpg,数码网报价单-0831更新/手机相关/小米.jpg,1,0.98,visual_legacy_crosscheck
20260831-75112d7a0706d0aa5feb-01,2026-08-31,手机,device,小米,,小米9se (8+128),,,不开机,110,元/台,三星屏 主板芯片无破损,image,小米.jpg,数码网报价单-0831更新/手机相关/小米.jpg,1,0.98,visual_legacy_crosscheck
20260831-3ab83bc3fb49766430b9-01,2026-08-31,手机,device,小米,,小米9se (8+128),,,废板·断板,110,元/台,三星屏 主板芯片无破损,image,小米.jpg,数码网报价单-0831更新/手机相关/小米.jpg,1,0.98,visual_legacy_crosscheck
20260831-af0b53eaaaf8ef1a6e96-01,2026-08-31,手机,device,小米,,小米9se (8+128),,,统货,/,元/台,三星屏 主板芯片无破损,image,小米.jpg,数码网报价单-0831更新/手机相关/小米.jpg,1,0.98,visual_legacy_crosscheck
20260831-fa342df8fd2947682ed8-01,2026-08-31,手机,device,小米,,小米8透明探索版,,,开机靓机好,130,元/台,三星屏 主板芯片正常,image,小米.jpg,数码网报价单-0831更新/手机相关/小米.jpg,1,0.98,visual_legacy_crosscheck
20260831-a4d95db5dbe091660e7b-01,2026-08-31,手机,device,小米,,小米8透明探索版,,,开机好碎,130,元/台,三星屏 主板芯片正常,image,小米.jpg,数码网报价单-0831更新/手机相关/小米.jpg,1,0.98,visual_legacy_crosscheck
20260831-1d446a76e8f6b4aeadc9-01,2026-08-31,手机,device,小米,,小米8透明探索版,,,开机碎屏,130,元/台,三星屏 主板芯片正常,image,小米.jpg,数码网报价单-0831更新/手机相关/小米.jpg,1,0.98,visual_legacy_crosscheck
20260831-cd859bae95cfcc777e6e-01,2026-08-31,手机,device,小米,,小米8透明探索版,,,开机压屏机,130,元/台,三星屏 主板芯片正常,image,小米.jpg,数码网报价单-0831更新/手机相关/小米.jpg,1,0.98,visual_legacy_crosscheck
20260831-7df521e220edbc91ee9a-01,2026-08-31,手机,device,小米,,小米8透明探索版,,,不开机,130,元/台,三星屏 主板芯片正常,image,小米.jpg,数码网报价单-0831更新/手机相关/小米.jpg,1,0.98,visual_legacy_crosscheck
20260831-2e1d1d29413300f200d5-01,2026-08-31,手机,device,小米,,小米8透明探索版,,,废板·断板,130,元/台,三星屏 主板芯片正常,image,小米.jpg,数码网报价单-0831更新/手机相关/小米.jpg,1,0.98,visual_legacy_crosscheck
20260831-f2088236c4861f1183e8-01,2026-08-31,手机,device,小米,,小米8透明探索版,,,统货,/,元/台,三星屏 主板芯片正常,image,小米.jpg,数码网报价单-0831更新/手机相关/小米.jpg,1,0.98,visual_legacy_crosscheck
20260831-36c6ccb15b76b22b8ecd-01,2026-08-31,手机,device,小米,,小米8屏幕指纹版,,,开机靓机好,80,元/台,三星屏,image,小米.jpg,数码网报价单-0831更新/手机相关/小米.jpg,1,0.98,visual_legacy_crosscheck
20260831-177a0c1c428dac7e0fe7-01,2026-08-31,手机,device,小米,,小米8屏幕指纹版,,,开机好碎,80,元/台,三星屏,image,小米.jpg,数码网报价单-0831更新/手机相关/小米.jpg,1,0.98,visual_legacy_crosscheck
20260831-ddb2be246d2f8357579c-01,2026-08-31,手机,device,小米,,小米8屏幕指纹版,,,开机碎屏,80,元/台,三星屏,image,小米.jpg,数码网报价单-0831更新/手机相关/小米.jpg,1,0.98,visual_legacy_crosscheck
20260831-a501d7c7d4aec6242216-01,2026-08-31,手机,device,小米,,小米8屏幕指纹版,,,开机压屏机,80,元/台,三星屏,image,小米.jpg,数码网报价单-0831更新/手机相关/小米.jpg,1,0.98,visual_legacy_crosscheck
20260831-2fa64d0ae8aadadd8341-01,2026-08-31,手机,device,小米,,小米8屏幕指纹版,,,不开机,80,元/台,三星屏,image,小米.jpg,数码网报价单-0831更新/手机相关/小米.jpg,1,0.98,visual_legacy_crosscheck
20260831-cd62a127e775b84bfa46-01,2026-08-31,手机,device,小米,,小米8屏幕指纹版,,,废板·断板,80,元/台,三星屏,image,小米.jpg,数码网报价单-0831更新/手机相关/小米.jpg,1,0.98,visual_legacy_crosscheck
20260831-a7fb86da304969e32f18-01,2026-08-31,手机,device,小米,,小米8屏幕指纹版,,,统货,/,元/台,三星屏,image,小米.jpg,数码网报价单-0831更新/手机相关/小米.jpg,1,0.98,visual_legacy_crosscheck
20260831-6c6a8baff48dad458caa-01,2026-08-31,手机,device,小米,,小米青春版,,,开机靓机好,145,元/台,主板芯片无损,image,小米.jpg,数码网报价单-0831更新/手机相关/小米.jpg,1,0.98,visual_legacy_crosscheck
20260831-817be690f810ec132dbe-01,2026-08-31,手机,device,小米,,小米青春版,,,开机好碎,145,元/台,主板芯片无损,image,小米.jpg,数码网报价单-0831更新/手机相关/小米.jpg,1,0.98,visual_legacy_crosscheck
20260831-4cb96f16b10ab0d9e67f-01,2026-08-31,手机,device,小米,,小米青春版,,,开机碎屏,145,元/台,主板芯片无损,image,小米.jpg,数码网报价单-0831更新/手机相关/小米.jpg,1,0.98,visual_legacy_crosscheck
20260831-21de5f5b744047e450dc-01,2026-08-31,手机,device,小米,,小米青春版,,,开机压屏机,145,元/台,主板芯片无损,image,小米.jpg,数码网报价单-0831更新/手机相关/小米.jpg,1,0.98,visual_legacy_crosscheck
20260831-e5ef89655633e2a426da-01,2026-08-31,手机,device,小米,,小米青春版,,,不开机,145,元/台,主板芯片无损,image,小米.jpg,数码网报价单-0831更新/手机相关/小米.jpg,1,0.98,visual_legacy_crosscheck
20260831-2776a7e2629e5c0d968a-01,2026-08-31,手机,device,小米,,小米青春版,,,废板·断板,145,元/台,主板芯片无损,image,小米.jpg,数码网报价单-0831更新/手机相关/小米.jpg,1,0.98,visual_legacy_crosscheck
20260831-53f5878589a18a3632cb-01,2026-08-31,手机,device,小米,,小米青春版,,,统货,/,元/台,主板芯片无损,image,小米.jpg,数码网报价单-0831更新/手机相关/小米.jpg,1,0.98,visual_legacy_crosscheck
20260831-5380f4be4c6f804b399b-01,2026-08-31,手机,device,小米,,小米8se/64G,,,开机靓机好,100,元/台,三星屏,image,小米.jpg,数码网报价单-0831更新/手机相关/小米.jpg,1,0.98,visual_legacy_crosscheck
20260831-f4a33cb837288ef57349-01,2026-08-31,手机,device,小米,,小米8se/64G,,,开机好碎,100,元/台,三星屏,image,小米.jpg,数码网报价单-0831更新/手机相关/小米.jpg,1,0.98,visual_legacy_crosscheck
20260831-b03aa7ab53612124c744-01,2026-08-31,手机,device,小米,,小米8se/64G,,,开机碎屏,100,元/台,三星屏,image,小米.jpg,数码网报价单-0831更新/手机相关/小米.jpg,1,0.98,visual_legacy_crosscheck
20260831-df5d5b921885a9deb8f8-01,2026-08-31,手机,device,小米,,小米8se/64G,,,开机压屏机,100,元/台,三星屏,image,小米.jpg,数码网报价单-0831更新/手机相关/小米.jpg,1,0.98,visual_legacy_crosscheck
20260831-badf3513d053afec801f-01,2026-08-31,手机,device,小米,,小米8se/64G,,,不开机,100,元/台,三星屏,image,小米.jpg,数码网报价单-0831更新/手机相关/小米.jpg,1,0.98,visual_legacy_crosscheck
20260831-a1ddfb478c63ca50c75f-01,2026-08-31,手机,device,小米,,小米8se/64G,,,废板·断板,100,元/台,三星屏,image,小米.jpg,数码网报价单-0831更新/手机相关/小米.jpg,1,0.98,visual_legacy_crosscheck
20260831-4df119025afb72f437af-01,2026-08-31,手机,device,小米,,小米8se/64G,,,统货,/,元/台,三星屏,image,小米.jpg,数码网报价单-0831更新/手机相关/小米.jpg,1,0.98,visual_legacy_crosscheck
20260831-62b5fef3a3b836cad856-01,2026-08-31,手机,device,小米,,小米8se,,,开机靓机好,100,元/台,三星屏,image,小米.jpg,数码网报价单-0831更新/手机相关/小米.jpg,1,0.98,visual_legacy_crosscheck
20260831-1cfb45fb43a3e7dd22d1-01,2026-08-31,手机,device,小米,,小米8se,,,开机好碎,100,元/台,三星屏,image,小米.jpg,数码网报价单-0831更新/手机相关/小米.jpg,1,0.98,visual_legacy_crosscheck
20260831-e856dfeac2be8873494c-01,2026-08-31,手机,device,小米,,小米8se,,,开机碎屏,100,元/台,三星屏,image,小米.jpg,数码网报价单-0831更新/手机相关/小米.jpg,1,0.98,visual_legacy_crosscheck
20260831-78003eb3754906d56d2d-01,2026-08-31,手机,device,小米,,小米8se,,,开机压屏机,100,元/台,三星屏,image,小米.jpg,数码网报价单-0831更新/手机相关/小米.jpg,1,0.98,visual_legacy_crosscheck
20260831-5594a103dcc9096d34fa-01,2026-08-31,手机,device,小米,,小米8se,,,不开机,100,元/台,三星屏,image,小米.jpg,数码网报价单-0831更新/手机相关/小米.jpg,1,0.98,visual_legacy_crosscheck
20260831-8dd6ef7c8dec33a89013-01,2026-08-31,手机,device,小米,,小米8se,,,废板·断板,100,元/台,三星屏,image,小米.jpg,数码网报价单-0831更新/手机相关/小米.jpg,1,0.98,visual_legacy_crosscheck
20260831-213d6773d74a887e5584-01,2026-08-31,手机,device,小米,,小米8se,,,统货,/,元/台,三星屏,image,小米.jpg,数码网报价单-0831更新/手机相关/小米.jpg,1,0.98,visual_legacy_crosscheck
20260831-260669266e211e38023a-01,2026-08-31,手机,device,小米,,小米8,,,开机靓机好,80,元/台,三星屏 wifi不良的不计费,image,小米.jpg,数码网报价单-0831更新/手机相关/小米.jpg,1,0.98,visual_legacy_crosscheck
20260831-dae67b25664be7ca7493-01,2026-08-31,手机,device,小米,,小米8,,,开机好碎,80,元/台,三星屏 wifi不良的不计费,image,小米.jpg,数码网报价单-0831更新/手机相关/小米.jpg,1,0.98,visual_legacy_crosscheck
20260831-c0e980c6ca870996db8f-01,2026-08-31,手机,device,小米,,小米8,,,开机碎屏,80,元/台,三星屏 wifi不良的不计费,image,小米.jpg,数码网报价单-0831更新/手机相关/小米.jpg,1,0.98,visual_legacy_crosscheck
20260831-ef7370e5bcbcd1aed6fb-01,2026-08-31,手机,device,小米,,小米8,,,开机压屏机,80,元/台,三星屏 wifi不良的不计费,image,小米.jpg,数码网报价单-0831更新/手机相关/小米.jpg,1,0.98,visual_legacy_crosscheck
20260831-d5893c5a2725179ddd10-01,2026-08-31,手机,device,小米,,小米8,,,不开机,80,元/台,三星屏 wifi不良的不计费,image,小米.jpg,数码网报价单-0831更新/手机相关/小米.jpg,1,0.98,visual_legacy_crosscheck
20260831-c9c70691802dc52dac51-01,2026-08-31,手机,device,小米,,小米8,,,废板·断板,80,元/台,三星屏 wifi不良的不计费,image,小米.jpg,数码网报价单-0831更新/手机相关/小米.jpg,1,0.98,visual_legacy_crosscheck
20260831-54395d4c85e4025e009c-01,2026-08-31,手机,device,小米,,小米8,,,统货,/,元/台,三星屏 wifi不良的不计费,image,小米.jpg,数码网报价单-0831更新/手机相关/小米.jpg,1,0.98,visual_legacy_crosscheck
20260831-7ff70e68958814bce905-01,2026-08-31,手机,device,小米,,小米6X,,,开机靓机好,110,元/台,32G的70,image,小米.jpg,数码网报价单-0831更新/手机相关/小米.jpg,1,0.98,visual_legacy_crosscheck
20260831-60a8e312683480a3cd3f-01,2026-08-31,手机,device,小米,,小米6X,,,开机好碎,110,元/台,32G的70,image,小米.jpg,数码网报价单-0831更新/手机相关/小米.jpg,1,0.98,visual_legacy_crosscheck
20260831-114926725a948c8652f9-01,2026-08-31,手机,device,小米,,小米6X,,,开机碎屏,110,元/台,32G的70,image,小米.jpg,数码网报价单-0831更新/手机相关/小米.jpg,1,0.98,visual_legacy_crosscheck
20260831-01ef418f55c89aac653e-01,2026-08-31,手机,device,小米,,小米6X,,,开机压屏机,110,元/台,32G的70,image,小米.jpg,数码网报价单-0831更新/手机相关/小米.jpg,1,0.98,visual_legacy_crosscheck
20260831-bc78f876960b95a3887f-01,2026-08-31,手机,device,小米,,小米6X,,,不开机,110,元/台,32G的70,image,小米.jpg,数码网报价单-0831更新/手机相关/小米.jpg,1,0.98,visual_legacy_crosscheck
20260831-ef9cb107d214f3bfe464-01,2026-08-31,手机,device,小米,,小米6X,,,废板·断板,110,元/台,32G的70,image,小米.jpg,数码网报价单-0831更新/手机相关/小米.jpg,1,0.98,visual_legacy_crosscheck
20260831-4ffc2ce14d15ff7830c3-01,2026-08-31,手机,device,小米,,小米6X,,,统货,/,元/台,32G的70,image,小米.jpg,数码网报价单-0831更新/手机相关/小米.jpg,1,0.98,visual_legacy_crosscheck
20260831-a5c15537257f4215f5af-01,2026-08-31,手机,device,小米,,小米6,,,开机靓机好,70,元/台,好的要面测指纹,image,小米.jpg,数码网报价单-0831更新/手机相关/小米.jpg,1,0.98,visual_legacy_crosscheck
20260831-32ec3e001e25ae24bbe8-01,2026-08-31,手机,device,小米,,小米6,,,开机好碎,70,元/台,好的要面测指纹,image,小米.jpg,数码网报价单-0831更新/手机相关/小米.jpg,1,0.98,visual_legacy_crosscheck
20260831-ce32b7d91673d1f87bc8-01,2026-08-31,手机,device,小米,,小米6,,,开机碎屏,70,元/台,好的要面测指纹,image,小米.jpg,数码网报价单-0831更新/手机相关/小米.jpg,1,0.98,visual_legacy_crosscheck
20260831-ad7a90c2393e3fd79ec3-01,2026-08-31,手机,device,小米,,小米6,,,开机压屏机,70,元/台,好的要面测指纹,image,小米.jpg,数码网报价单-0831更新/手机相关/小米.jpg,1,0.98,visual_legacy_crosscheck
20260831-40667d656d6dd8b48687-01,2026-08-31,手机,device,小米,,小米6,,,不开机,70,元/台,好的要面测指纹,image,小米.jpg,数码网报价单-0831更新/手机相关/小米.jpg,1,0.98,visual_legacy_crosscheck
20260831-ac0375deb29bbcf09583-01,2026-08-31,手机,device,小米,,小米6,,,废板·断板,70,元/台,好的要面测指纹,image,小米.jpg,数码网报价单-0831更新/手机相关/小米.jpg,1,0.98,visual_legacy_crosscheck
20260831-35e0e7c50a182076f1a0-01,2026-08-31,手机,device,小米,,小米6,,,统货,/,元/台,好的要面测指纹,image,小米.jpg,数码网报价单-0831更新/手机相关/小米.jpg,1,0.98,visual_legacy_crosscheck
20260831-c8e489729d78afe42abf-01,2026-08-31,手机,device,小米,,小米5sp,,,开机靓机好,55,元/台,,image,小米.jpg,数码网报价单-0831更新/手机相关/小米.jpg,1,0.98,visual_legacy_crosscheck
20260831-23793191ce95958fce0a-01,2026-08-31,手机,device,小米,,小米5sp,,,开机好碎,55,元/台,,image,小米.jpg,数码网报价单-0831更新/手机相关/小米.jpg,1,0.98,visual_legacy_crosscheck
20260831-fc5ea08ed222cc61765e-01,2026-08-31,手机,device,小米,,小米5sp,,,开机碎屏,55,元/台,,image,小米.jpg,数码网报价单-0831更新/手机相关/小米.jpg,1,0.98,visual_legacy_crosscheck
20260831-dee4f0550609d94ce045-01,2026-08-31,手机,device,小米,,小米5sp,,,开机压屏机,55,元/台,,image,小米.jpg,数码网报价单-0831更新/手机相关/小米.jpg,1,0.98,visual_legacy_crosscheck
20260831-246898f62239645da617-01,2026-08-31,手机,device,小米,,小米5sp,,,不开机,55,元/台,,image,小米.jpg,数码网报价单-0831更新/手机相关/小米.jpg,1,0.98,visual_legacy_crosscheck
20260831-03c64c3aa0302b875a2c-01,2026-08-31,手机,device,小米,,小米5sp,,,废板·断板,55,元/台,,image,小米.jpg,数码网报价单-0831更新/手机相关/小米.jpg,1,0.98,visual_legacy_crosscheck
20260831-e0ff4b0ad41268e1f6e1-01,2026-08-31,手机,device,小米,,小米5sp,,,统货,/,元/台,,image,小米.jpg,数码网报价单-0831更新/手机相关/小米.jpg,1,0.98,visual_legacy_crosscheck
20260831-6c90058628136d14f61d-01,2026-08-31,手机,device,小米,,小米5s,,,开机靓机好,55,元/台,,image,小米.jpg,数码网报价单-0831更新/手机相关/小米.jpg,1,0.98,visual_legacy_crosscheck
20260831-dd8bea169904487e7c15-01,2026-08-31,手机,device,小米,,小米5s,,,开机好碎,55,元/台,,image,小米.jpg,数码网报价单-0831更新/手机相关/小米.jpg,1,0.98,visual_legacy_crosscheck
20260831-4b8ee413b223d4b4c109-01,2026-08-31,手机,device,小米,,小米5s,,,开机碎屏,55,元/台,,image,小米.jpg,数码网报价单-0831更新/手机相关/小米.jpg,1,0.98,visual_legacy_crosscheck
20260831-7bbb572070642fb05e81-01,2026-08-31,手机,device,小米,,小米5s,,,开机压屏机,55,元/台,,image,小米.jpg,数码网报价单-0831更新/手机相关/小米.jpg,1,0.98,visual_legacy_crosscheck
20260831-10af39dcbd226297d5a7-01,2026-08-31,手机,device,小米,,小米5s,,,不开机,55,元/台,,image,小米.jpg,数码网报价单-0831更新/手机相关/小米.jpg,1,0.98,visual_legacy_crosscheck
20260831-eecbbe6fc8cce0037e58-01,2026-08-31,手机,device,小米,,小米5s,,,废板·断板,55,元/台,,image,小米.jpg,数码网报价单-0831更新/手机相关/小米.jpg,1,0.98,visual_legacy_crosscheck
20260831-95057268c3136e440217-01,2026-08-31,手机,device,小米,,小米5s,,,统货,/,元/台,,image,小米.jpg,数码网报价单-0831更新/手机相关/小米.jpg,1,0.98,visual_legacy_crosscheck
20260831-44374a86b0a260412328-01,2026-08-31,手机,device,小米,,小米5c,,,开机靓机好,35,元/台,,image,小米.jpg,数码网报价单-0831更新/手机相关/小米.jpg,1,0.98,visual_legacy_crosscheck
20260831-14e1778d4bddadbfaa61-01,2026-08-31,手机,device,小米,,小米5c,,,开机好碎,35,元/台,,image,小米.jpg,数码网报价单-0831更新/手机相关/小米.jpg,1,0.98,visual_legacy_crosscheck
20260831-b24249e5263abe7d2107-01,2026-08-31,手机,device,小米,,小米5c,,,开机碎屏,35,元/台,,image,小米.jpg,数码网报价单-0831更新/手机相关/小米.jpg,1,0.98,visual_legacy_crosscheck
20260831-8c74cca59ccd01b59690-01,2026-08-31,手机,device,小米,,小米5c,,,开机压屏机,35,元/台,,image,小米.jpg,数码网报价单-0831更新/手机相关/小米.jpg,1,0.98,visual_legacy_crosscheck
20260831-8744932ffa23391465d7-01,2026-08-31,手机,device,小米,,小米5c,,,不开机,35,元/台,,image,小米.jpg,数码网报价单-0831更新/手机相关/小米.jpg,1,0.98,visual_legacy_crosscheck
20260831-f9a449497a8a01ccfc46-01,2026-08-31,手机,device,小米,,小米5c,,,废板·断板,35,元/台,,image,小米.jpg,数码网报价单-0831更新/手机相关/小米.jpg,1,0.98,visual_legacy_crosscheck
20260831-8580eb8cb5ec0b6ad35f-01,2026-08-31,手机,device,小米,,小米5c,,,统货,/,元/台,,image,小米.jpg,数码网报价单-0831更新/手机相关/小米.jpg,1,0.98,visual_legacy_crosscheck
20260831-006b8a4c9c57bbfe8e3e-01,2026-08-31,手机,device,小米,,小米5x,,,开机靓机好,120,元/台,32G的70,image,小米.jpg,数码网报价单-0831更新/手机相关/小米.jpg,1,0.98,visual_legacy_crosscheck
20260831-1b03dff694bcb06749ed-01,2026-08-31,手机,device,小米,,小米5x,,,开机好碎,120,元/台,32G的70,image,小米.jpg,数码网报价单-0831更新/手机相关/小米.jpg,1,0.98,visual_legacy_crosscheck
20260831-17ec44cba9bd934f8bd6-01,2026-08-31,手机,device,小米,,小米5x,,,开机碎屏,120,元/台,32G的70,image,小米.jpg,数码网报价单-0831更新/手机相关/小米.jpg,1,0.98,visual_legacy_crosscheck
20260831-e53f7607719c042eb36b-01,2026-08-31,手机,device,小米,,小米5x,,,开机压屏机,120,元/台,32G的70,image,小米.jpg,数码网报价单-0831更新/手机相关/小米.jpg,1,0.98,visual_legacy_crosscheck
20260831-33148367a307c94c1510-01,2026-08-31,手机,device,小米,,小米5x,,,不开机,120,元/台,32G的70,image,小米.jpg,数码网报价单-0831更新/手机相关/小米.jpg,1,0.98,visual_legacy_crosscheck
20260831-7e69e0364bc318ddd4ff-01,2026-08-31,手机,device,小米,,小米5x,,,废板·断板,120,元/台,32G的70,image,小米.jpg,数码网报价单-0831更新/手机相关/小米.jpg,1,0.98,visual_legacy_crosscheck
20260831-8a058c21278fac7ff6ae-01,2026-08-31,手机,device,小米,,小米5x,,,统货,/,元/台,32G的70,image,小米.jpg,数码网报价单-0831更新/手机相关/小米.jpg,1,0.98,visual_legacy_crosscheck
20260831-6a0e58a78e7824b6ff39-01,2026-08-31,手机,device,小米,,小米5,,,开机靓机好,45,元/台,8.5成开机,image,小米.jpg,数码网报价单-0831更新/手机相关/小米.jpg,1,0.98,visual_legacy_crosscheck
20260831-505cfe69be3158f20b19-01,2026-08-31,手机,device,小米,,小米5,,,开机好碎,45,元/台,8.5成开机,image,小米.jpg,数码网报价单-0831更新/手机相关/小米.jpg,1,0.98,visual_legacy_crosscheck
20260831-01d9243a28fdc11cb965-01,2026-08-31,手机,device,小米,,小米5,,,开机碎屏,45,元/台,8.5成开机,image,小米.jpg,数码网报价单-0831更新/手机相关/小米.jpg,1,0.98,visual_legacy_crosscheck
20260831-69880175e75d214a38c8-01,2026-08-31,手机,device,小米,,小米5,,,开机压屏机,45,元/台,8.5成开机,image,小米.jpg,数码网报价单-0831更新/手机相关/小米.jpg,1,0.98,visual_legacy_crosscheck
20260831-8ee647269bd93ee09d28-01,2026-08-31,手机,device,小米,,小米5,,,不开机,45,元/台,8.5成开机,image,小米.jpg,数码网报价单-0831更新/手机相关/小米.jpg,1,0.98,visual_legacy_crosscheck
20260831-0c54635ea7d8934f0aa4-01,2026-08-31,手机,device,小米,,小米5,,,废板·断板,45,元/台,8.5成开机,image,小米.jpg,数码网报价单-0831更新/手机相关/小米.jpg,1,0.98,visual_legacy_crosscheck
20260831-415960df088bb7d81fe6-01,2026-08-31,手机,device,小米,,小米5,,,统货,/,元/台,8.5成开机,image,小米.jpg,数码网报价单-0831更新/手机相关/小米.jpg,1,0.98,visual_legacy_crosscheck
20260831-cd3dfe29bd3faed6780c-01,2026-08-31,手机,device,小米,,小米4c 32G,,,开机靓机好,33,元/台,8.5成开机,image,小米.jpg,数码网报价单-0831更新/手机相关/小米.jpg,1,0.98,visual_legacy_crosscheck
20260831-a62a073cb1576fb5ccfe-01,2026-08-31,手机,device,小米,,小米4c 32G,,,开机好碎,33,元/台,8.5成开机,image,小米.jpg,数码网报价单-0831更新/手机相关/小米.jpg,1,0.98,visual_legacy_crosscheck
20260831-4e2a10c51dd663ae8ee8-01,2026-08-31,手机,device,小米,,小米4c 32G,,,开机碎屏,33,元/台,8.5成开机,image,小米.jpg,数码网报价单-0831更新/手机相关/小米.jpg,1,0.98,visual_legacy_crosscheck
20260831-c9c935b7f70f7fa9f3dd-01,2026-08-31,手机,device,小米,,小米4c 32G,,,开机压屏机,33,元/台,8.5成开机,image,小米.jpg,数码网报价单-0831更新/手机相关/小米.jpg,1,0.98,visual_legacy_crosscheck
20260831-2942aec589737350de02-01,2026-08-31,手机,device,小米,,小米4c 32G,,,不开机,33,元/台,8.5成开机,image,小米.jpg,数码网报价单-0831更新/手机相关/小米.jpg,1,0.98,visual_legacy_crosscheck
20260831-411ebb656189717bb1e0-01,2026-08-31,手机,device,小米,,小米4c 32G,,,废板·断板,33,元/台,8.5成开机,image,小米.jpg,数码网报价单-0831更新/手机相关/小米.jpg,1,0.98,visual_legacy_crosscheck
20260831-da5d1338a7431bfc3006-01,2026-08-31,手机,device,小米,,小米4c 32G,,,统货,/,元/台,8.5成开机,image,小米.jpg,数码网报价单-0831更新/手机相关/小米.jpg,1,0.98,visual_legacy_crosscheck
20260831-78a7ece8525ae5d2dbf2-01,2026-08-31,手机,device,小米,,小米poco x4pro,,,开机靓机好,60,元/台,,image,小米.jpg,数码网报价单-0831更新/手机相关/小米.jpg,1,0.98,visual_legacy_crosscheck
20260831-f3e257dd50f4d5fbb986-01,2026-08-31,手机,device,小米,,小米poco x4pro,,,开机好碎,60,元/台,,image,小米.jpg,数码网报价单-0831更新/手机相关/小米.jpg,1,0.98,visual_legacy_crosscheck
20260831-2ab1f671b9529e5b8ab5-01,2026-08-31,手机,device,小米,,小米poco x4pro,,,开机碎屏,60,元/台,,image,小米.jpg,数码网报价单-0831更新/手机相关/小米.jpg,1,0.98,visual_legacy_crosscheck
20260831-728ae8b275e81b4e4749-01,2026-08-31,手机,device,小米,,小米poco x4pro,,,开机压屏机,60,元/台,,image,小米.jpg,数码网报价单-0831更新/手机相关/小米.jpg,1,0.98,visual_legacy_crosscheck
20260831-282748398f0cadb88c36-01,2026-08-31,手机,device,小米,,小米poco x4pro,,,不开机,60,元/台,,image,小米.jpg,数码网报价单-0831更新/手机相关/小米.jpg,1,0.98,visual_legacy_crosscheck
20260831-03efe6833a202118c7a3-01,2026-08-31,手机,device,小米,,小米poco x4pro,,,废板·断板,60,元/台,,image,小米.jpg,数码网报价单-0831更新/手机相关/小米.jpg,1,0.98,visual_legacy_crosscheck
20260831-98c5c41320654ee70103-01,2026-08-31,手机,device,小米,,小米poco x4pro,,,统货,/,元/台,,image,小米.jpg,数码网报价单-0831更新/手机相关/小米.jpg,1,0.98,visual_legacy_crosscheck
20260831-ef7f1b1a503aa1d44684-01,2026-08-31,手机,device,小米,,小米poco 5,,,开机靓机好,30,元/台,,image,小米.jpg,数码网报价单-0831更新/手机相关/小米.jpg,1,0.98,visual_legacy_crosscheck
20260831-51b60e26f5cb3bba787f-01,2026-08-31,手机,device,小米,,小米poco 5,,,开机好碎,30,元/台,,image,小米.jpg,数码网报价单-0831更新/手机相关/小米.jpg,1,0.98,visual_legacy_crosscheck
20260831-914783ac64101469a17c-01,2026-08-31,手机,device,小米,,小米poco 5,,,开机碎屏,30,元/台,,image,小米.jpg,数码网报价单-0831更新/手机相关/小米.jpg,1,0.98,visual_legacy_crosscheck
20260831-9827c73172612ef95cb2-01,2026-08-31,手机,device,小米,,小米poco 5,,,开机压屏机,30,元/台,,image,小米.jpg,数码网报价单-0831更新/手机相关/小米.jpg,1,0.98,visual_legacy_crosscheck
20260831-59155f60c6c3aec1ebc5-01,2026-08-31,手机,device,小米,,小米poco 5,,,不开机,30,元/台,,image,小米.jpg,数码网报价单-0831更新/手机相关/小米.jpg,1,0.98,visual_legacy_crosscheck
20260831-4978c72d0e30562d6997-01,2026-08-31,手机,device,小米,,小米poco 5,,,废板·断板,30,元/台,,image,小米.jpg,数码网报价单-0831更新/手机相关/小米.jpg,1,0.98,visual_legacy_crosscheck
20260831-46addaf413b8a8d68e43-01,2026-08-31,手机,device,小米,,小米poco 5,,,统货,/,元/台,,image,小米.jpg,数码网报价单-0831更新/手机相关/小米.jpg,1,0.98,visual_legacy_crosscheck
20260831-523156201775087c466d-01,2026-08-31,手机,device,小米,,小米4c 16G,,,开机靓机好,33,元/台,,image,小米.jpg,数码网报价单-0831更新/手机相关/小米.jpg,1,0.98,visual_legacy_crosscheck
20260831-be023f84c649bc2899d7-01,2026-08-31,手机,device,小米,,小米4c 16G,,,开机好碎,33,元/台,,image,小米.jpg,数码网报价单-0831更新/手机相关/小米.jpg,1,0.98,visual_legacy_crosscheck
20260831-65090f9e843ee6910dc3-01,2026-08-31,手机,device,小米,,小米4c 16G,,,开机碎屏,33,元/台,,image,小米.jpg,数码网报价单-0831更新/手机相关/小米.jpg,1,0.98,visual_legacy_crosscheck
20260831-43b8067a97ba409615e6-01,2026-08-31,手机,device,小米,,小米4c 16G,,,开机压屏机,33,元/台,,image,小米.jpg,数码网报价单-0831更新/手机相关/小米.jpg,1,0.98,visual_legacy_crosscheck
20260831-922061a471a1c35bec16-01,2026-08-31,手机,device,小米,,小米4c 16G,,,不开机,33,元/台,,image,小米.jpg,数码网报价单-0831更新/手机相关/小米.jpg,1,0.98,visual_legacy_crosscheck
20260831-30b42a32e87badd20eef-01,2026-08-31,手机,device,小米,,小米4c 16G,,,废板·断板,33,元/台,,image,小米.jpg,数码网报价单-0831更新/手机相关/小米.jpg,1,0.98,visual_legacy_crosscheck
20260831-c85e6a1a9f44bb8379b3-01,2026-08-31,手机,device,小米,,小米4c 16G,,,统货,/,元/台,,image,小米.jpg,数码网报价单-0831更新/手机相关/小米.jpg,1,0.98,visual_legacy_crosscheck
20260831-53f4336eb54f7b3501fd-01,2026-08-31,手机,device,小米,,小米4s,,,开机靓机好,33,元/台,8.5成开机,image,小米.jpg,数码网报价单-0831更新/手机相关/小米.jpg,1,0.98,visual_legacy_crosscheck
20260831-4f49ec1588243b0363a2-01,2026-08-31,手机,device,小米,,小米4s,,,开机好碎,33,元/台,8.5成开机,image,小米.jpg,数码网报价单-0831更新/手机相关/小米.jpg,1,0.98,visual_legacy_crosscheck
20260831-bd793047b5219237dccb-01,2026-08-31,手机,device,小米,,小米4s,,,开机碎屏,33,元/台,8.5成开机,image,小米.jpg,数码网报价单-0831更新/手机相关/小米.jpg,1,0.98,visual_legacy_crosscheck
20260831-6adf21a0c7827ffdb8c9-01,2026-08-31,手机,device,小米,,小米4s,,,开机压屏机,33,元/台,8.5成开机,image,小米.jpg,数码网报价单-0831更新/手机相关/小米.jpg,1,0.98,visual_legacy_crosscheck
20260831-41ed9be729f303604b4c-01,2026-08-31,手机,device,小米,,小米4s,,,不开机,33,元/台,8.5成开机,image,小米.jpg,数码网报价单-0831更新/手机相关/小米.jpg,1,0.98,visual_legacy_crosscheck
20260831-3ace72222feb00deba35-01,2026-08-31,手机,device,小米,,小米4s,,,废板·断板,33,元/台,8.5成开机,image,小米.jpg,数码网报价单-0831更新/手机相关/小米.jpg,1,0.98,visual_legacy_crosscheck
20260831-fae8a516bdeec430b603-01,2026-08-31,手机,device,小米,,小米4s,,,统货,/,元/台,8.5成开机,image,小米.jpg,数码网报价单-0831更新/手机相关/小米.jpg,1,0.98,visual_legacy_crosscheck
20260831-41a49581ed04f5143f26-01,2026-08-31,手机,device,小米,,小米4,,,开机靓机好,30,元/台,,image,小米.jpg,数码网报价单-0831更新/手机相关/小米.jpg,1,0.98,visual_legacy_crosscheck
20260831-f09a8f44d157fd25ee11-01,2026-08-31,手机,device,小米,,小米4,,,开机好碎,30,元/台,,image,小米.jpg,数码网报价单-0831更新/手机相关/小米.jpg,1,0.98,visual_legacy_crosscheck
20260831-d032971cf791e0fa03bd-01,2026-08-31,手机,device,小米,,小米4,,,开机碎屏,30,元/台,,image,小米.jpg,数码网报价单-0831更新/手机相关/小米.jpg,1,0.98,visual_legacy_crosscheck
20260831-5d3271d96e3c503fe7f7-01,2026-08-31,手机,device,小米,,小米4,,,开机压屏机,30,元/台,,image,小米.jpg,数码网报价单-0831更新/手机相关/小米.jpg,1,0.98,visual_legacy_crosscheck
20260831-dc59dc43ca408c6b520a-01,2026-08-31,手机,device,小米,,小米4,,,不开机,30,元/台,,image,小米.jpg,数码网报价单-0831更新/手机相关/小米.jpg,1,0.98,visual_legacy_crosscheck
20260831-3eb923010bc2655fac55-01,2026-08-31,手机,device,小米,,小米4,,,废板·断板,30,元/台,,image,小米.jpg,数码网报价单-0831更新/手机相关/小米.jpg,1,0.98,visual_legacy_crosscheck
20260831-68c14d0dae8e32c399b1-01,2026-08-31,手机,device,小米,,小米4,,,统货,/,元/台,,image,小米.jpg,数码网报价单-0831更新/手机相关/小米.jpg,1,0.98,visual_legacy_crosscheck
20260831-c34979a5cdbfbeb050fd-01,2026-08-31,手机,device,小米,,小米3,,,开机靓机好,35,元/台,,image,小米.jpg,数码网报价单-0831更新/手机相关/小米.jpg,1,0.98,visual_legacy_crosscheck
20260831-133f30854a8e8bce1d65-01,2026-08-31,手机,device,小米,,小米3,,,开机好碎,35,元/台,,image,小米.jpg,数码网报价单-0831更新/手机相关/小米.jpg,1,0.98,visual_legacy_crosscheck
20260831-230460312f3624c21997-01,2026-08-31,手机,device,小米,,小米3,,,开机碎屏,35,元/台,,image,小米.jpg,数码网报价单-0831更新/手机相关/小米.jpg,1,0.98,visual_legacy_crosscheck
20260831-d942fe20207847afdee2-01,2026-08-31,手机,device,小米,,小米3,,,开机压屏机,35,元/台,,image,小米.jpg,数码网报价单-0831更新/手机相关/小米.jpg,1,0.98,visual_legacy_crosscheck
20260831-3f346223b2a6f9980571-01,2026-08-31,手机,device,小米,,小米3,,,不开机,35,元/台,,image,小米.jpg,数码网报价单-0831更新/手机相关/小米.jpg,1,0.98,visual_legacy_crosscheck
20260831-783cb85e61f6128b813d-01,2026-08-31,手机,device,小米,,小米3,,,废板·断板,35,元/台,,image,小米.jpg,数码网报价单-0831更新/手机相关/小米.jpg,1,0.98,visual_legacy_crosscheck
20260831-11dc73ca158ab1e55e02-01,2026-08-31,手机,device,小米,,小米3,,,统货,/,元/台,,image,小米.jpg,数码网报价单-0831更新/手机相关/小米.jpg,1,0.98,visual_legacy_crosscheck
20260831-6e51fdb317490fbe6f9f-01,2026-08-31,手机,device,小米,,小米2s,,,开机靓机好,20,元/台,,image,小米.jpg,数码网报价单-0831更新/手机相关/小米.jpg,1,0.98,visual_legacy_crosscheck
20260831-4d638b5260802cf02117-01,2026-08-31,手机,device,小米,,小米2s,,,开机好碎,20,元/台,,image,小米.jpg,数码网报价单-0831更新/手机相关/小米.jpg,1,0.98,visual_legacy_crosscheck
20260831-1a1407bb9e7114568766-01,2026-08-31,手机,device,小米,,小米2s,,,开机碎屏,20,元/台,,image,小米.jpg,数码网报价单-0831更新/手机相关/小米.jpg,1,0.98,visual_legacy_crosscheck
20260831-d0e5bb4b28137e72a82f-01,2026-08-31,手机,device,小米,,小米2s,,,开机压屏机,20,元/台,,image,小米.jpg,数码网报价单-0831更新/手机相关/小米.jpg,1,0.98,visual_legacy_crosscheck
20260831-e312a3cfe2eb951db890-01,2026-08-31,手机,device,小米,,小米2s,,,不开机,20,元/台,,image,小米.jpg,数码网报价单-0831更新/手机相关/小米.jpg,1,0.98,visual_legacy_crosscheck
20260831-9cd844c8d86c22250608-01,2026-08-31,手机,device,小米,,小米2s,,,废板·断板,20,元/台,,image,小米.jpg,数码网报价单-0831更新/手机相关/小米.jpg,1,0.98,visual_legacy_crosscheck
20260831-90746f0a4b43cdd95f69-01,2026-08-31,手机,device,小米,,小米2s,,,统货,/,元/台,,image,小米.jpg,数码网报价单-0831更新/手机相关/小米.jpg,1,0.98,visual_legacy_crosscheck
20260831-3248b46bf17ee70b3263-01,2026-08-31,手机,device,小米,,小米2A,,,开机靓机好,13,元/台,,image,小米.jpg,数码网报价单-0831更新/手机相关/小米.jpg,1,0.98,visual_legacy_crosscheck
20260831-b46f0591c3116fee8b7b-01,2026-08-31,手机,device,小米,,小米2A,,,开机好碎,13,元/台,,image,小米.jpg,数码网报价单-0831更新/手机相关/小米.jpg,1,0.98,visual_legacy_crosscheck
20260831-1d1ace8941777d3d4bf6-01,2026-08-31,手机,device,小米,,小米2A,,,开机碎屏,13,元/台,,image,小米.jpg,数码网报价单-0831更新/手机相关/小米.jpg,1,0.98,visual_legacy_crosscheck
20260831-657459e285e4f3027427-01,2026-08-31,手机,device,小米,,小米2A,,,开机压屏机,13,元/台,,image,小米.jpg,数码网报价单-0831更新/手机相关/小米.jpg,1,0.98,visual_legacy_crosscheck
20260831-329b7f86a5fdc2032ded-01,2026-08-31,手机,device,小米,,小米2A,,,不开机,13,元/台,,image,小米.jpg,数码网报价单-0831更新/手机相关/小米.jpg,1,0.98,visual_legacy_crosscheck
20260831-3b14d4557277b2614402-01,2026-08-31,手机,device,小米,,小米2A,,,废板·断板,13,元/台,,image,小米.jpg,数码网报价单-0831更新/手机相关/小米.jpg,1,0.98,visual_legacy_crosscheck
20260831-a5d123da4d8f8e329ffb-01,2026-08-31,手机,device,小米,,小米2A,,,统货,/,元/台,,image,小米.jpg,数码网报价单-0831更新/手机相关/小米.jpg,1,0.98,visual_legacy_crosscheck
20260831-630e9e51b5118abc2232-01,2026-08-31,手机,device,小米,,小米2,,,开机靓机好,20,元/台,,image,小米.jpg,数码网报价单-0831更新/手机相关/小米.jpg,1,0.98,visual_legacy_crosscheck
20260831-da86038ebbf63b3bb5c0-01,2026-08-31,手机,device,小米,,小米2,,,开机好碎,20,元/台,,image,小米.jpg,数码网报价单-0831更新/手机相关/小米.jpg,1,0.98,visual_legacy_crosscheck
20260831-e8ac476f309fa89eb1f2-01,2026-08-31,手机,device,小米,,小米2,,,开机碎屏,20,元/台,,image,小米.jpg,数码网报价单-0831更新/手机相关/小米.jpg,1,0.98,visual_legacy_crosscheck
20260831-a9c90c4da6ccd702325f-01,2026-08-31,手机,device,小米,,小米2,,,开机压屏机,20,元/台,,image,小米.jpg,数码网报价单-0831更新/手机相关/小米.jpg,1,0.98,visual_legacy_crosscheck
20260831-f06c80cd5d414f7db19a-01,2026-08-31,手机,device,小米,,小米2,,,不开机,20,元/台,,image,小米.jpg,数码网报价单-0831更新/手机相关/小米.jpg,1,0.98,visual_legacy_crosscheck
20260831-586464d2e767a358f114-01,2026-08-31,手机,device,小米,,小米2,,,废板·断板,20,元/台,,image,小米.jpg,数码网报价单-0831更新/手机相关/小米.jpg,1,0.98,visual_legacy_crosscheck
20260831-d13746d7e293b520034d-01,2026-08-31,手机,device,小米,,小米2,,,统货,/,元/台,,image,小米.jpg,数码网报价单-0831更新/手机相关/小米.jpg,1,0.98,visual_legacy_crosscheck
20260831-a4a993b747bca05e5149-01,2026-08-31,手机,device,小米,,小米1,,,开机靓机好,10,元/台,,image,小米.jpg,数码网报价单-0831更新/手机相关/小米.jpg,1,0.98,visual_legacy_crosscheck
20260831-d7b93b883afbd36b914e-01,2026-08-31,手机,device,小米,,小米1,,,开机好碎,10,元/台,,image,小米.jpg,数码网报价单-0831更新/手机相关/小米.jpg,1,0.98,visual_legacy_crosscheck
20260831-51fa0b7655df08c2b4ae-01,2026-08-31,手机,device,小米,,小米1,,,开机碎屏,10,元/台,,image,小米.jpg,数码网报价单-0831更新/手机相关/小米.jpg,1,0.98,visual_legacy_crosscheck
20260831-e1471078abb7146e632f-01,2026-08-31,手机,device,小米,,小米1,,,开机压屏机,10,元/台,,image,小米.jpg,数码网报价单-0831更新/手机相关/小米.jpg,1,0.98,visual_legacy_crosscheck
20260831-c085be0c925ec0b605ed-01,2026-08-31,手机,device,小米,,小米1,,,不开机,10,元/台,,image,小米.jpg,数码网报价单-0831更新/手机相关/小米.jpg,1,0.98,visual_legacy_crosscheck
20260831-e03da6c0d7d0be976b4d-01,2026-08-31,手机,device,小米,,小米1,,,废板·断板,10,元/台,,image,小米.jpg,数码网报价单-0831更新/手机相关/小米.jpg,1,0.98,visual_legacy_crosscheck
20260831-f02ac30f4f1a0c6d67e1-01,2026-08-31,手机,device,小米,,小米1,,,统货,/,元/台,,image,小米.jpg,数码网报价单-0831更新/手机相关/小米.jpg,1,0.98,visual_legacy_crosscheck
20260831-a0e15e090b9dc2a0f289-01,2026-08-31,手机,device,小米,,小米Play,,,开机靓机好,100,元/台,,image,小米.jpg,数码网报价单-0831更新/手机相关/小米.jpg,1,0.98,visual_legacy_crosscheck
20260831-1ab146303ead7bb67156-01,2026-08-31,手机,device,小米,,小米Play,,,开机好碎,100,元/台,,image,小米.jpg,数码网报价单-0831更新/手机相关/小米.jpg,1,0.98,visual_legacy_crosscheck
20260831-97ff02f24ee5eb2f35e1-01,2026-08-31,手机,device,小米,,小米Play,,,开机碎屏,100,元/台,,image,小米.jpg,数码网报价单-0831更新/手机相关/小米.jpg,1,0.98,visual_legacy_crosscheck
20260831-2cb45e0a791391c71120-01,2026-08-31,手机,device,小米,,小米Play,,,开机压屏机,100,元/台,,image,小米.jpg,数码网报价单-0831更新/手机相关/小米.jpg,1,0.98,visual_legacy_crosscheck
20260831-720e1c308a7893f25321-01,2026-08-31,手机,device,小米,,小米Play,,,不开机,100,元/台,,image,小米.jpg,数码网报价单-0831更新/手机相关/小米.jpg,1,0.98,visual_legacy_crosscheck
20260831-9f30728d5f8bb32e4684-01,2026-08-31,手机,device,小米,,小米Play,,,废板·断板,100,元/台,,image,小米.jpg,数码网报价单-0831更新/手机相关/小米.jpg,1,0.98,visual_legacy_crosscheck
20260831-8a2cc198a87af0c8a79e-01,2026-08-31,手机,device,小米,,小米Play,,,统货,/,元/台,,image,小米.jpg,数码网报价单-0831更新/手机相关/小米.jpg,1,0.98,visual_legacy_crosscheck
20260831-30634338ff86024341fe-01,2026-08-31,手机,device,小米,,小米Civi 5 Pro (12+256),,,开机靓机好,550,元/台,开机主板靓功能正常 统货要求芯片正常主板靓,image,小米.jpg,数码网报价单-0831更新/手机相关/小米.jpg,1,0.98,visual_legacy_crosscheck
20260831-e1ed1ab27c90c05f0aba-01,2026-08-31,手机,device,小米,,小米Civi 5 Pro (12+256),,,开机好碎,350,元/台,开机主板靓功能正常 统货要求芯片正常主板靓,image,小米.jpg,数码网报价单-0831更新/手机相关/小米.jpg,1,0.98,visual_legacy_crosscheck
20260831-c259f7f8dfde6c47d189-01,2026-08-31,手机,device,小米,,小米Civi 5 Pro (12+256),,,开机碎屏,500,元/台,开机主板靓功能正常 统货要求芯片正常主板靓,image,小米.jpg,数码网报价单-0831更新/手机相关/小米.jpg,1,0.98,visual_legacy_crosscheck
20260831-b6c53f7623a69abd4dcb-01,2026-08-31,手机,device,小米,,小米Civi 5 Pro (12+256),,,开机压屏机,300,元/台,开机主板靓功能正常 统货要求芯片正常主板靓,image,小米.jpg,数码网报价单-0831更新/手机相关/小米.jpg,1,0.98,visual_legacy_crosscheck
20260831-9c15108bbf7d309e3e66-01,2026-08-31,手机,device,小米,,小米Civi 5 Pro (12+256),,,不开机,215,元/台,开机主板靓功能正常 统货要求芯片正常主板靓,image,小米.jpg,数码网报价单-0831更新/手机相关/小米.jpg,1,0.98,visual_legacy_crosscheck
20260831-0055042ac36773a6a83d-01,2026-08-31,手机,device,小米,,小米Civi 5 Pro (12+256),,,废板·断板,215,元/台,开机主板靓功能正常 统货要求芯片正常主板靓,image,小米.jpg,数码网报价单-0831更新/手机相关/小米.jpg,1,0.98,visual_legacy_crosscheck
20260831-fce3c102becf18120944-01,2026-08-31,手机,device,小米,,小米Civi 5 Pro (12+256),,,统货,/,元/台,开机主板靓功能正常 统货要求芯片正常主板靓,image,小米.jpg,数码网报价单-0831更新/手机相关/小米.jpg,1,0.98,visual_legacy_crosscheck
20260831-c7acf5b8ff79e25a5720-01,2026-08-31,手机,device,小米,,小米Civi 5 Pro (12+512),,,开机靓机好,550,元/台,开机主板靓功能正常 统货要求芯片正常主板靓,image,小米.jpg,数码网报价单-0831更新/手机相关/小米.jpg,1,0.98,visual_legacy_crosscheck
20260831-180defde23d0523048d8-01,2026-08-31,手机,device,小米,,小米Civi 5 Pro (12+512),,,开机好碎,350,元/台,开机主板靓功能正常 统货要求芯片正常主板靓,image,小米.jpg,数码网报价单-0831更新/手机相关/小米.jpg,1,0.98,visual_legacy_crosscheck
20260831-32bff983160b6f0744a4-01,2026-08-31,手机,device,小米,,小米Civi 5 Pro (12+512),,,开机碎屏,500,元/台,开机主板靓功能正常 统货要求芯片正常主板靓,image,小米.jpg,数码网报价单-0831更新/手机相关/小米.jpg,1,0.98,visual_legacy_crosscheck
20260831-6ec6e4decec00adb70a5-01,2026-08-31,手机,device,小米,,小米Civi 5 Pro (12+512),,,开机压屏机,300,元/台,开机主板靓功能正常 统货要求芯片正常主板靓,image,小米.jpg,数码网报价单-0831更新/手机相关/小米.jpg,1,0.98,visual_legacy_crosscheck
20260831-cf4aff0bb74c5c8eb58c-01,2026-08-31,手机,device,小米,,小米Civi 5 Pro (12+512),,,不开机,270,元/台,开机主板靓功能正常 统货要求芯片正常主板靓,image,小米.jpg,数码网报价单-0831更新/手机相关/小米.jpg,1,0.98,visual_legacy_crosscheck
20260831-1607e30d99b37d2a2770-01,2026-08-31,手机,device,小米,,小米Civi 5 Pro (12+512),,,废板·断板,270,元/台,开机主板靓功能正常 统货要求芯片正常主板靓,image,小米.jpg,数码网报价单-0831更新/手机相关/小米.jpg,1,0.98,visual_legacy_crosscheck
20260831-5e496bd81c74277b483d-01,2026-08-31,手机,device,小米,,小米Civi 5 Pro (12+512),,,统货,/,元/台,开机主板靓功能正常 统货要求芯片正常主板靓,image,小米.jpg,数码网报价单-0831更新/手机相关/小米.jpg,1,0.98,visual_legacy_crosscheck
20260831-753c139f5c2230485be9-01,2026-08-31,手机,device,小米,,小米Civi 5 Pro (16+512),,,开机靓机好,550,元/台,开机主板靓功能正常 统货要求芯片正常主板靓,image,小米.jpg,数码网报价单-0831更新/手机相关/小米.jpg,1,0.98,visual_legacy_crosscheck
20260831-ce8174780c9eef18dea8-01,2026-08-31,手机,device,小米,,小米Civi 5 Pro (16+512),,,开机好碎,400,元/台,开机主板靓功能正常 统货要求芯片正常主板靓,image,小米.jpg,数码网报价单-0831更新/手机相关/小米.jpg,1,0.98,visual_legacy_crosscheck
20260831-180ed3fa59872fb8fcf0-01,2026-08-31,手机,device,小米,,小米Civi 5 Pro (16+512),,,开机碎屏,500,元/台,开机主板靓功能正常 统货要求芯片正常主板靓,image,小米.jpg,数码网报价单-0831更新/手机相关/小米.jpg,1,0.98,visual_legacy_crosscheck
20260831-33a10dd1c07cb046ff39-01,2026-08-31,手机,device,小米,,小米Civi 5 Pro (16+512),,,开机压屏机,400,元/台,开机主板靓功能正常 统货要求芯片正常主板靓,image,小米.jpg,数码网报价单-0831更新/手机相关/小米.jpg,1,0.98,visual_legacy_crosscheck
20260831-62e99e3636eb3d7893cc-01,2026-08-31,手机,device,小米,,小米Civi 5 Pro (16+512),,,不开机,400,元/台,开机主板靓功能正常 统货要求芯片正常主板靓,image,小米.jpg,数码网报价单-0831更新/手机相关/小米.jpg,1,0.98,visual_legacy_crosscheck
20260831-5c9212e2fc1ed1661d35-01,2026-08-31,手机,device,小米,,小米Civi 5 Pro (16+512),,,废板·断板,400,元/台,开机主板靓功能正常 统货要求芯片正常主板靓,image,小米.jpg,数码网报价单-0831更新/手机相关/小米.jpg,1,0.98,visual_legacy_crosscheck
20260831-b409a97f5739f85d9ad0-01,2026-08-31,手机,device,小米,,小米Civi 5 Pro (16+512),,,统货,/,元/台,开机主板靓功能正常 统货要求芯片正常主板靓,image,小米.jpg,数码网报价单-0831更新/手机相关/小米.jpg,1,0.98,visual_legacy_crosscheck
20260831-1570893278dc53fe0645-01,2026-08-31,手机,device,小米,,小米CIVI 4 Pro (12+256),,,开机靓机好,450,元/台,开机主板靓功能正常 统货要求芯片正常主板靓,image,小米.jpg,数码网报价单-0831更新/手机相关/小米.jpg,1,0.98,visual_legacy_crosscheck
20260831-8a3df779467c81c84553-01,2026-08-31,手机,device,小米,,小米CIVI 4 Pro (12+256),,,开机好碎,350,元/台,开机主板靓功能正常 统货要求芯片正常主板靓,image,小米.jpg,数码网报价单-0831更新/手机相关/小米.jpg,1,0.98,visual_legacy_crosscheck
20260831-c7b256071d06fd4cfc11-01,2026-08-31,手机,device,小米,,小米CIVI 4 Pro (12+256),,,开机碎屏,400,元/台,开机主板靓功能正常 统货要求芯片正常主板靓,image,小米.jpg,数码网报价单-0831更新/手机相关/小米.jpg,1,0.98,visual_legacy_crosscheck
20260831-2f079c086c1d3f77358e-01,2026-08-31,手机,device,小米,,小米CIVI 4 Pro (12+256),,,开机压屏机,250,元/台,开机主板靓功能正常 统货要求芯片正常主板靓,image,小米.jpg,数码网报价单-0831更新/手机相关/小米.jpg,1,0.98,visual_legacy_crosscheck
20260831-4e5ab61288b39cb206d3-01,2026-08-31,手机,device,小米,,小米CIVI 4 Pro (12+256),,,不开机,215,元/台,开机主板靓功能正常 统货要求芯片正常主板靓,image,小米.jpg,数码网报价单-0831更新/手机相关/小米.jpg,1,0.98,visual_legacy_crosscheck
20260831-3a7484c2e7eaadd826a2-01,2026-08-31,手机,device,小米,,小米CIVI 4 Pro (12+256),,,废板·断板,215,元/台,开机主板靓功能正常 统货要求芯片正常主板靓,image,小米.jpg,数码网报价单-0831更新/手机相关/小米.jpg,1,0.98,visual_legacy_crosscheck
20260831-90c8a62ab86b0f1ba480-01,2026-08-31,手机,device,小米,,小米CIVI 4 Pro (12+256),,,统货,/,元/台,开机主板靓功能正常 统货要求芯片正常主板靓,image,小米.jpg,数码网报价单-0831更新/手机相关/小米.jpg,1,0.98,visual_legacy_crosscheck
20260831-5a67bc537b65fca46956-01,2026-08-31,手机,device,小米,,小米CIVI 4 Pro (12+512),,,开机靓机好,450,元/台,开机主板靓功能正常 统货要求芯片正常主板靓,image,小米.jpg,数码网报价单-0831更新/手机相关/小米.jpg,1,0.98,visual_legacy_crosscheck
20260831-10d0bb9eca00c891d25b-01,2026-08-31,手机,device,小米,,小米CIVI 4 Pro (12+512),,,开机好碎,300,元/台,开机主板靓功能正常 统货要求芯片正常主板靓,image,小米.jpg,数码网报价单-0831更新/手机相关/小米.jpg,1,0.98,visual_legacy_crosscheck
20260831-c0c7f6ab4c6e9ca444a3-01,2026-08-31,手机,device,小米,,小米CIVI 4 Pro (12+512),,,开机碎屏,400,元/台,开机主板靓功能正常 统货要求芯片正常主板靓,image,小米.jpg,数码网报价单-0831更新/手机相关/小米.jpg,1,0.98,visual_legacy_crosscheck
20260831-91155e3f09da25172767-01,2026-08-31,手机,device,小米,,小米CIVI 4 Pro (12+512),,,开机压屏机,270,元/台,开机主板靓功能正常 统货要求芯片正常主板靓,image,小米.jpg,数码网报价单-0831更新/手机相关/小米.jpg,1,0.98,visual_legacy_crosscheck
20260831-a8a094febfc69f9c50b4-01,2026-08-31,手机,device,小米,,小米CIVI 4 Pro (12+512),,,不开机,270,元/台,开机主板靓功能正常 统货要求芯片正常主板靓,image,小米.jpg,数码网报价单-0831更新/手机相关/小米.jpg,1,0.98,visual_legacy_crosscheck
20260831-27d4529b3c5a2b107266-01,2026-08-31,手机,device,小米,,小米CIVI 4 Pro (12+512),,,废板·断板,270,元/台,开机主板靓功能正常 统货要求芯片正常主板靓,image,小米.jpg,数码网报价单-0831更新/手机相关/小米.jpg,1,0.98,visual_legacy_crosscheck
20260831-965b33884b1d17ad9a84-01,2026-08-31,手机,device,小米,,小米CIVI 4 Pro (12+512),,,统货,/,元/台,开机主板靓功能正常 统货要求芯片正常主板靓,image,小米.jpg,数码网报价单-0831更新/手机相关/小米.jpg,1,0.98,visual_legacy_crosscheck
20260831-be97cbeec66f6921fd62-01,2026-08-31,手机,device,小米,,小米CIVI 4 Pro (16+512),,,开机靓机好,450,元/台,开机主板靓功能正常 统货要求芯片正常主板靓,image,小米.jpg,数码网报价单-0831更新/手机相关/小米.jpg,1,0.98,visual_legacy_crosscheck
20260831-3e94f71d7fdf5a9863a8-01,2026-08-31,手机,device,小米,,小米CIVI 4 Pro (16+512),,,开机好碎,400,元/台,开机主板靓功能正常 统货要求芯片正常主板靓,image,小米.jpg,数码网报价单-0831更新/手机相关/小米.jpg,1,0.98,visual_legacy_crosscheck
20260831-de852944d4802445a55b-01,2026-08-31,手机,device,小米,,小米CIVI 4 Pro (16+512),,,开机碎屏,400,元/台,开机主板靓功能正常 统货要求芯片正常主板靓,image,小米.jpg,数码网报价单-0831更新/手机相关/小米.jpg,1,0.98,visual_legacy_crosscheck
20260831-60f1e4c3c9687a7bc8dd-01,2026-08-31,手机,device,小米,,小米CIVI 4 Pro (16+512),,,开机压屏机,400,元/台,开机主板靓功能正常 统货要求芯片正常主板靓,image,小米.jpg,数码网报价单-0831更新/手机相关/小米.jpg,1,0.98,visual_legacy_crosscheck
20260831-0d1b29c72fcac1b6bf86-01,2026-08-31,手机,device,小米,,小米CIVI 4 Pro (16+512),,,不开机,400,元/台,开机主板靓功能正常 统货要求芯片正常主板靓,image,小米.jpg,数码网报价单-0831更新/手机相关/小米.jpg,1,0.98,visual_legacy_crosscheck
20260831-b6c67fdfd342a9daae9a-01,2026-08-31,手机,device,小米,,小米CIVI 4 Pro (16+512),,,废板·断板,400,元/台,开机主板靓功能正常 统货要求芯片正常主板靓,image,小米.jpg,数码网报价单-0831更新/手机相关/小米.jpg,1,0.98,visual_legacy_crosscheck
20260831-dd1e0d649d491eb6e6ee-01,2026-08-31,手机,device,小米,,小米CIVI 4 Pro (16+512),,,统货,/,元/台,开机主板靓功能正常 统货要求芯片正常主板靓,image,小米.jpg,数码网报价单-0831更新/手机相关/小米.jpg,1,0.98,visual_legacy_crosscheck
20260831-a50e6d5561dd18a15ec9-01,2026-08-31,手机,device,小米,,小米CIVI 3 (12+256),,,开机靓机好,270,元/台,开机主板靓功能正常 统货要求芯片正常主板靓,image,小米.jpg,数码网报价单-0831更新/手机相关/小米.jpg,1,0.98,visual_legacy_crosscheck
20260831-0436a4c9ac283f007633-01,2026-08-31,手机,device,小米,,小米CIVI 3 (12+256),,,开机好碎,215,元/台,开机主板靓功能正常 统货要求芯片正常主板靓,image,小米.jpg,数码网报价单-0831更新/手机相关/小米.jpg,1,0.98,visual_legacy_crosscheck
20260831-b2dd978224ba09e5cd0d-01,2026-08-31,手机,device,小米,,小米CIVI 3 (12+256),,,开机碎屏,215,元/台,开机主板靓功能正常 统货要求芯片正常主板靓,image,小米.jpg,数码网报价单-0831更新/手机相关/小米.jpg,1,0.98,visual_legacy_crosscheck
20260831-a4673b9e37bdb5a99243-01,2026-08-31,手机,device,小米,,小米CIVI 3 (12+256),,,开机压屏机,215,元/台,开机主板靓功能正常 统货要求芯片正常主板靓,image,小米.jpg,数码网报价单-0831更新/手机相关/小米.jpg,1,0.98,visual_legacy_crosscheck
20260831-08f67a538868116b4c67-01,2026-08-31,手机,device,小米,,小米CIVI 3 (12+256),,,不开机,215,元/台,开机主板靓功能正常 统货要求芯片正常主板靓,image,小米.jpg,数码网报价单-0831更新/手机相关/小米.jpg,1,0.98,visual_legacy_crosscheck
20260831-ba2dd2f377fe29ee4371-01,2026-08-31,手机,device,小米,,小米CIVI 3 (12+256),,,废板·断板,215,元/台,开机主板靓功能正常 统货要求芯片正常主板靓,image,小米.jpg,数码网报价单-0831更新/手机相关/小米.jpg,1,0.98,visual_legacy_crosscheck
20260831-8221c873ef22285f9188-01,2026-08-31,手机,device,小米,,小米CIVI 3 (12+256),,,统货,/,元/台,开机主板靓功能正常 统货要求芯片正常主板靓,image,小米.jpg,数码网报价单-0831更新/手机相关/小米.jpg,1,0.98,visual_legacy_crosscheck
20260831-7ade090a8ade08545d1d-01,2026-08-31,手机,device,小米,,小米CIVI 3 (12+512),,,开机靓机好,270,元/台,开机主板靓功能正常 统货要求芯片正常主板靓,image,小米.jpg,数码网报价单-0831更新/手机相关/小米.jpg,1,0.98,visual_legacy_crosscheck
20260831-ae5777dcbc0288067272-01,2026-08-31,手机,device,小米,,小米CIVI 3 (12+512),,,开机好碎,270,元/台,开机主板靓功能正常 统货要求芯片正常主板靓,image,小米.jpg,数码网报价单-0831更新/手机相关/小米.jpg,1,0.98,visual_legacy_crosscheck
20260831-be79144d4301d65959fd-01,2026-08-31,手机,device,小米,,小米CIVI 3 (12+512),,,开机碎屏,270,元/台,开机主板靓功能正常 统货要求芯片正常主板靓,image,小米.jpg,数码网报价单-0831更新/手机相关/小米.jpg,1,0.98,visual_legacy_crosscheck
20260831-e9240c49c6719fef3094-01,2026-08-31,手机,device,小米,,小米CIVI 3 (12+512),,,开机压屏机,270,元/台,开机主板靓功能正常 统货要求芯片正常主板靓,image,小米.jpg,数码网报价单-0831更新/手机相关/小米.jpg,1,0.98,visual_legacy_crosscheck
20260831-f9fc2557790ea3270c13-01,2026-08-31,手机,device,小米,,小米CIVI 3 (12+512),,,不开机,270,元/台,开机主板靓功能正常 统货要求芯片正常主板靓,image,小米.jpg,数码网报价单-0831更新/手机相关/小米.jpg,1,0.98,visual_legacy_crosscheck
20260831-2eef855f84623f7c11e8-01,2026-08-31,手机,device,小米,,小米CIVI 3 (12+512),,,废板·断板,270,元/台,开机主板靓功能正常 统货要求芯片正常主板靓,image,小米.jpg,数码网报价单-0831更新/手机相关/小米.jpg,1,0.98,visual_legacy_crosscheck
20260831-915382d24d255ff1493c-01,2026-08-31,手机,device,小米,,小米CIVI 3 (12+512),,,统货,/,元/台,开机主板靓功能正常 统货要求芯片正常主板靓,image,小米.jpg,数码网报价单-0831更新/手机相关/小米.jpg,1,0.98,visual_legacy_crosscheck
20260831-b7ab9547946af791e60b-01,2026-08-31,手机,device,小米,,小米CIVI 3 (16+1TB),,,开机靓机好,475,元/台,开机主板靓功能正常 统货要求芯片正常主板靓,image,小米.jpg,数码网报价单-0831更新/手机相关/小米.jpg,1,0.98,visual_legacy_crosscheck
20260831-743946b12b49b068116c-01,2026-08-31,手机,device,小米,,小米CIVI 3 (16+1TB),,,开机好碎,475,元/台,开机主板靓功能正常 统货要求芯片正常主板靓,image,小米.jpg,数码网报价单-0831更新/手机相关/小米.jpg,1,0.98,visual_legacy_crosscheck
20260831-1afadb4e59b207d6750c-01,2026-08-31,手机,device,小米,,小米CIVI 3 (16+1TB),,,开机碎屏,475,元/台,开机主板靓功能正常 统货要求芯片正常主板靓,image,小米.jpg,数码网报价单-0831更新/手机相关/小米.jpg,1,0.98,visual_legacy_crosscheck
20260831-b6a2d652884f880607d8-01,2026-08-31,手机,device,小米,,小米CIVI 3 (16+1TB),,,开机压屏机,475,元/台,开机主板靓功能正常 统货要求芯片正常主板靓,image,小米.jpg,数码网报价单-0831更新/手机相关/小米.jpg,1,0.98,visual_legacy_crosscheck
20260831-341aa8b6f3852d98535a-01,2026-08-31,手机,device,小米,,小米CIVI 3 (16+1TB),,,不开机,475,元/台,开机主板靓功能正常 统货要求芯片正常主板靓,image,小米.jpg,数码网报价单-0831更新/手机相关/小米.jpg,1,0.98,visual_legacy_crosscheck
20260831-b4d93120e51db5c6c5a4-01,2026-08-31,手机,device,小米,,小米CIVI 3 (16+1TB),,,废板·断板,475,元/台,开机主板靓功能正常 统货要求芯片正常主板靓,image,小米.jpg,数码网报价单-0831更新/手机相关/小米.jpg,1,0.98,visual_legacy_crosscheck
20260831-e3c561142be9c345a0d2-01,2026-08-31,手机,device,小米,,小米CIVI 3 (16+1TB),,,统货,/,元/台,开机主板靓功能正常 统货要求芯片正常主板靓,image,小米.jpg,数码网报价单-0831更新/手机相关/小米.jpg,1,0.98,visual_legacy_crosscheck
20260831-d28e44ea79ff7dc279cb-01,2026-08-31,手机,device,小米,,小米CIVI 3 (8+256),,,开机靓机好,205,元/台,开机主板靓功能正常 统货要求芯片正常主板靓,image,小米.jpg,数码网报价单-0831更新/手机相关/小米.jpg,1,0.98,visual_legacy_crosscheck
20260831-53762b3e6c55c518f8c3-01,2026-08-31,手机,device,小米,,小米CIVI 3 (8+256),,,开机好碎,205,元/台,开机主板靓功能正常 统货要求芯片正常主板靓,image,小米.jpg,数码网报价单-0831更新/手机相关/小米.jpg,1,0.98,visual_legacy_crosscheck
20260831-f5a536f5b4accae0a34e-01,2026-08-31,手机,device,小米,,小米CIVI 3 (8+256),,,开机碎屏,205,元/台,开机主板靓功能正常 统货要求芯片正常主板靓,image,小米.jpg,数码网报价单-0831更新/手机相关/小米.jpg,1,0.98,visual_legacy_crosscheck
20260831-ce280e10ef2187fc7f13-01,2026-08-31,手机,device,小米,,小米CIVI 3 (8+256),,,开机压屏机,205,元/台,开机主板靓功能正常 统货要求芯片正常主板靓,image,小米.jpg,数码网报价单-0831更新/手机相关/小米.jpg,1,0.98,visual_legacy_crosscheck
20260831-2da69bceb50ae8bd25e4-01,2026-08-31,手机,device,小米,,小米CIVI 3 (8+256),,,不开机,205,元/台,开机主板靓功能正常 统货要求芯片正常主板靓,image,小米.jpg,数码网报价单-0831更新/手机相关/小米.jpg,1,0.98,visual_legacy_crosscheck
20260831-2a9e5318013cb87eff1d-01,2026-08-31,手机,device,小米,,小米CIVI 3 (8+256),,,废板·断板,205,元/台,开机主板靓功能正常 统货要求芯片正常主板靓,image,小米.jpg,数码网报价单-0831更新/手机相关/小米.jpg,1,0.98,visual_legacy_crosscheck
20260831-191247ce29e1998bad39-01,2026-08-31,手机,device,小米,,小米CIVI 3 (8+256),,,统货,/,元/台,开机主板靓功能正常 统货要求芯片正常主板靓,image,小米.jpg,数码网报价单-0831更新/手机相关/小米.jpg,1,0.98,visual_legacy_crosscheck
20260831-ff12c1eb2e1e93eb3dc0-01,2026-08-31,手机,device,小米,,小米CIVI 2 (8+256),,,开机靓机好,210,元/台,芯片无破损无法发 比例正常,image,小米.jpg,数码网报价单-0831更新/手机相关/小米.jpg,1,0.98,visual_legacy_crosscheck
20260831-cb79d66e82f8736bd5b2-01,2026-08-31,手机,device,小米,,小米CIVI 2 (8+256),,,开机好碎,210,元/台,芯片无破损无法发 比例正常,image,小米.jpg,数码网报价单-0831更新/手机相关/小米.jpg,1,0.98,visual_legacy_crosscheck
20260831-b661fee9f8f4787c0698-01,2026-08-31,手机,device,小米,,小米CIVI 2 (8+256),,,开机碎屏,210,元/台,芯片无破损无法发 比例正常,image,小米.jpg,数码网报价单-0831更新/手机相关/小米.jpg,1,0.98,visual_legacy_crosscheck
20260831-758aa65a97ca86785a67-01,2026-08-31,手机,device,小米,,小米CIVI 2 (8+256),,,开机压屏机,210,元/台,芯片无破损无法发 比例正常,image,小米.jpg,数码网报价单-0831更新/手机相关/小米.jpg,1,0.98,visual_legacy_crosscheck
20260831-c05b70386a49b0e0d5e1-01,2026-08-31,手机,device,小米,,小米CIVI 2 (8+256),,,不开机,210,元/台,芯片无破损无法发 比例正常,image,小米.jpg,数码网报价单-0831更新/手机相关/小米.jpg,1,0.98,visual_legacy_crosscheck
20260831-769e66f7cee9e19b6d74-01,2026-08-31,手机,device,小米,,小米CIVI 2 (8+256),,,废板·断板,210,元/台,芯片无破损无法发 比例正常,image,小米.jpg,数码网报价单-0831更新/手机相关/小米.jpg,1,0.98,visual_legacy_crosscheck
20260831-9666c78cd07e1a7f6bab-01,2026-08-31,手机,device,小米,,小米CIVI 2 (8+256),,,统货,/,元/台,芯片无破损无法发 比例正常,image,小米.jpg,数码网报价单-0831更新/手机相关/小米.jpg,1,0.98,visual_legacy_crosscheck
20260831-8f992ea8c43d0c424f05-01,2026-08-31,手机,device,小米,,小米CIVI,,,开机靓机好,190,元/台,芯片无破损无法发 比例正常,image,小米.jpg,数码网报价单-0831更新/手机相关/小米.jpg,1,0.98,visual_legacy_crosscheck
20260831-971363c060db2800c11a-01,2026-08-31,手机,device,小米,,小米CIVI,,,开机好碎,190,元/台,芯片无破损无法发 比例正常,image,小米.jpg,数码网报价单-0831更新/手机相关/小米.jpg,1,0.98,visual_legacy_crosscheck
20260831-197f1186d8ce5b60398b-01,2026-08-31,手机,device,小米,,小米CIVI,,,开机碎屏,190,元/台,芯片无破损无法发 比例正常,image,小米.jpg,数码网报价单-0831更新/手机相关/小米.jpg,1,0.98,visual_legacy_crosscheck
20260831-fd158c9d6e78b11440d9-01,2026-08-31,手机,device,小米,,小米CIVI,,,开机压屏机,190,元/台,芯片无破损无法发 比例正常,image,小米.jpg,数码网报价单-0831更新/手机相关/小米.jpg,1,0.98,visual_legacy_crosscheck
20260831-3b1d07823295205c2bf6-01,2026-08-31,手机,device,小米,,小米CIVI,,,不开机,190,元/台,芯片无破损无法发 比例正常,image,小米.jpg,数码网报价单-0831更新/手机相关/小米.jpg,1,0.98,visual_legacy_crosscheck
20260831-52565c902420b988a96c-01,2026-08-31,手机,device,小米,,小米CIVI,,,废板·断板,190,元/台,芯片无破损无法发 比例正常,image,小米.jpg,数码网报价单-0831更新/手机相关/小米.jpg,1,0.98,visual_legacy_crosscheck
20260831-d0634111c83dcc2e1636-01,2026-08-31,手机,device,小米,,小米CIVI,,,统货,/,元/台,芯片无破损无法发 比例正常,image,小米.jpg,数码网报价单-0831更新/手机相关/小米.jpg,1,0.98,visual_legacy_crosscheck
20260831-4ffdab9735a76fa6f3d3-01,2026-08-31,手机,device,小米,,小米mix fold 4代,,,开机靓机好,900,元/台,三星屏 需好大老化算碎屏 开机要求主板靓功能正常 统货比例正常,image,小米.jpg,数码网报价单-0831更新/手机相关/小米.jpg,1,0.98,visual_legacy_crosscheck
20260831-23e6ece1f6db4c150ce6-01,2026-08-31,手机,device,小米,,小米mix fold 4代,,,开机好碎,550,元/台,三星屏 需好大老化算碎屏 开机要求主板靓功能正常 统货比例正常,image,小米.jpg,数码网报价单-0831更新/手机相关/小米.jpg,1,0.98,visual_legacy_crosscheck
20260831-84ccb7d2582d4254f324-01,2026-08-31,手机,device,小米,,小米mix fold 4代,,,开机碎屏,250,元/台,三星屏 需好大老化算碎屏 开机要求主板靓功能正常 统货比例正常,image,小米.jpg,数码网报价单-0831更新/手机相关/小米.jpg,1,0.98,visual_legacy_crosscheck
20260831-3a775dbe7385895a3a61-01,2026-08-31,手机,device,小米,,小米mix fold 4代,,,开机压屏机,250,元/台,三星屏 需好大老化算碎屏 开机要求主板靓功能正常 统货比例正常,image,小米.jpg,数码网报价单-0831更新/手机相关/小米.jpg,1,0.98,visual_legacy_crosscheck
20260831-217d64c4a30eb875ed69-01,2026-08-31,手机,device,小米,,小米mix fold 4代,,,不开机,250,元/台,三星屏 需好大老化算碎屏 开机要求主板靓功能正常 统货比例正常,image,小米.jpg,数码网报价单-0831更新/手机相关/小米.jpg,1,0.98,visual_legacy_crosscheck
20260831-16832edc8e6c3055de30-01,2026-08-31,手机,device,小米,,小米mix fold 4代,,,废板·断板,250,元/台,三星屏 需好大老化算碎屏 开机要求主板靓功能正常 统货比例正常,image,小米.jpg,数码网报价单-0831更新/手机相关/小米.jpg,1,0.98,visual_legacy_crosscheck
20260831-fb80e6dd104f3ed6e884-01,2026-08-31,手机,device,小米,,小米mix fold 4代,,,统货,/,元/台,三星屏 需好大老化算碎屏 开机要求主板靓功能正常 统货比例正常,image,小米.jpg,数码网报价单-0831更新/手机相关/小米.jpg,1,0.98,visual_legacy_crosscheck
20260831-85bcd11359a48dc74ef3-01,2026-08-31,手机,device,小米,,小米MIX Flip,,,开机靓机好,800,元/台,三星屏 需好大老化算碎屏 开机要求主板靓功能正常 统货比例正常,image,小米.jpg,数码网报价单-0831更新/手机相关/小米.jpg,1,0.98,visual_legacy_crosscheck
20260831-f55cdba45c5675724ab0-01,2026-08-31,手机,device,小米,,小米MIX Flip,,,开机好碎,500,元/台,三星屏 需好大老化算碎屏 开机要求主板靓功能正常 统货比例正常,image,小米.jpg,数码网报价单-0831更新/手机相关/小米.jpg,1,0.98,visual_legacy_crosscheck
20260831-e70621ed6a1e1ab86d1a-01,2026-08-31,手机,device,小米,,小米MIX Flip,,,开机碎屏,250,元/台,三星屏 需好大老化算碎屏 开机要求主板靓功能正常 统货比例正常,image,小米.jpg,数码网报价单-0831更新/手机相关/小米.jpg,1,0.98,visual_legacy_crosscheck
20260831-3d3eaccc0b5a8ac06866-01,2026-08-31,手机,device,小米,,小米MIX Flip,,,开机压屏机,250,元/台,三星屏 需好大老化算碎屏 开机要求主板靓功能正常 统货比例正常,image,小米.jpg,数码网报价单-0831更新/手机相关/小米.jpg,1,0.98,visual_legacy_crosscheck
20260831-4f6c52b0e2a7b0ea5cea-01,2026-08-31,手机,device,小米,,小米MIX Flip,,,不开机,250,元/台,三星屏 需好大老化算碎屏 开机要求主板靓功能正常 统货比例正常,image,小米.jpg,数码网报价单-0831更新/手机相关/小米.jpg,1,0.98,visual_legacy_crosscheck
20260831-d143adebd35a47309e0b-01,2026-08-31,手机,device,小米,,小米MIX Flip,,,废板·断板,250,元/台,三星屏 需好大老化算碎屏 开机要求主板靓功能正常 统货比例正常,image,小米.jpg,数码网报价单-0831更新/手机相关/小米.jpg,1,0.98,visual_legacy_crosscheck
20260831-cd01dca4dcf72ca72680-01,2026-08-31,手机,device,小米,,小米MIX Flip,,,统货,/,元/台,三星屏 需好大老化算碎屏 开机要求主板靓功能正常 统货比例正常,image,小米.jpg,数码网报价单-0831更新/手机相关/小米.jpg,1,0.98,visual_legacy_crosscheck
20260831-16ec61b34111bd68638a-01,2026-08-31,手机,device,小米,,小米MIX Fold 3,,,开机靓机好,700,元/台,三星屏 开机好镜头靓主板靓 统货正常芯片无破损 比例正常,image,小米.jpg,数码网报价单-0831更新/手机相关/小米.jpg,1,0.98,visual_legacy_crosscheck
20260831-2f55377f09c3b8a9aef4-01,2026-08-31,手机,device,小米,,小米MIX Fold 3,,,开机好碎,500,元/台,三星屏 开机好镜头靓主板靓 统货正常芯片无破损 比例正常,image,小米.jpg,数码网报价单-0831更新/手机相关/小米.jpg,1,0.98,visual_legacy_crosscheck
20260831-31fca8b4dc3e87ad314a-01,2026-08-31,手机,device,小米,,小米MIX Fold 3,,,开机碎屏,250,元/台,三星屏 开机好镜头靓主板靓 统货正常芯片无破损 比例正常,image,小米.jpg,数码网报价单-0831更新/手机相关/小米.jpg,1,0.98,visual_legacy_crosscheck
20260831-1fcf7989f77a592a39d8-01,2026-08-31,手机,device,小米,,小米MIX Fold 3,,,开机压屏机,250,元/台,三星屏 开机好镜头靓主板靓 统货正常芯片无破损 比例正常,image,小米.jpg,数码网报价单-0831更新/手机相关/小米.jpg,1,0.98,visual_legacy_crosscheck
20260831-222758007575b3557157-01,2026-08-31,手机,device,小米,,小米MIX Fold 3,,,不开机,250,元/台,三星屏 开机好镜头靓主板靓 统货正常芯片无破损 比例正常,image,小米.jpg,数码网报价单-0831更新/手机相关/小米.jpg,1,0.98,visual_legacy_crosscheck
20260831-91335fc27b50214ebe42-01,2026-08-31,手机,device,小米,,小米MIX Fold 3,,,废板·断板,250,元/台,三星屏 开机好镜头靓主板靓 统货正常芯片无破损 比例正常,image,小米.jpg,数码网报价单-0831更新/手机相关/小米.jpg,1,0.98,visual_legacy_crosscheck
20260831-a2303d74c752599c8af5-01,2026-08-31,手机,device,小米,,小米MIX Fold 3,,,统货,/,元/台,三星屏 开机好镜头靓主板靓 统货正常芯片无破损 比例正常,image,小米.jpg,数码网报价单-0831更新/手机相关/小米.jpg,1,0.98,visual_legacy_crosscheck
20260831-26d4a797ac6f595c26bb-01,2026-08-31,手机,device,小米,,小米MIX Fold 2 (12+512),,,开机靓机好,700,元/台,开机主板靓功能正常 统货正常芯片无破损,image,小米.jpg,数码网报价单-0831更新/手机相关/小米.jpg,1,0.98,visual_legacy_crosscheck
20260831-4a7b08642ff39dd05e2b-01,2026-08-31,手机,device,小米,,小米MIX Fold 2 (12+512),,,开机好碎,270,元/台,开机主板靓功能正常 统货正常芯片无破损,image,小米.jpg,数码网报价单-0831更新/手机相关/小米.jpg,1,0.98,visual_legacy_crosscheck
20260831-c1d41e4b3cb809cd6fb0-01,2026-08-31,手机,device,小米,,小米MIX Fold 2 (12+512),,,开机碎屏,270,元/台,开机主板靓功能正常 统货正常芯片无破损,image,小米.jpg,数码网报价单-0831更新/手机相关/小米.jpg,1,0.98,visual_legacy_crosscheck
20260831-be7702b4da9a1d7cf85a-01,2026-08-31,手机,device,小米,,小米MIX Fold 2 (12+512),,,开机压屏机,270,元/台,开机主板靓功能正常 统货正常芯片无破损,image,小米.jpg,数码网报价单-0831更新/手机相关/小米.jpg,1,0.98,visual_legacy_crosscheck
20260831-8b0cd8c0a1037cd33784-01,2026-08-31,手机,device,小米,,小米MIX Fold 2 (12+512),,,不开机,270,元/台,开机主板靓功能正常 统货正常芯片无破损,image,小米.jpg,数码网报价单-0831更新/手机相关/小米.jpg,1,0.98,visual_legacy_crosscheck
20260831-436af2bc582345ee2094-01,2026-08-31,手机,device,小米,,小米MIX Fold 2 (12+512),,,废板·断板,270,元/台,开机主板靓功能正常 统货正常芯片无破损,image,小米.jpg,数码网报价单-0831更新/手机相关/小米.jpg,1,0.98,visual_legacy_crosscheck
20260831-7bd66c9e60941c893506-01,2026-08-31,手机,device,小米,,小米MIX Fold 2 (12+512),,,统货,/,元/台,开机主板靓功能正常 统货正常芯片无破损,image,小米.jpg,数码网报价单-0831更新/手机相关/小米.jpg,1,0.98,visual_legacy_crosscheck
20260831-ae85386d0be1c09c5700-01,2026-08-31,手机,device,小米,,小米MIX Fold 2 (12+1T),,,开机靓机好,700,元/台,开机主板靓功能正常 统货正常芯片无破损,image,小米.jpg,数码网报价单-0831更新/手机相关/小米.jpg,1,0.98,visual_legacy_crosscheck
20260831-8f36e2bda22f95987bc6-01,2026-08-31,手机,device,小米,,小米MIX Fold 2 (12+1T),,,开机好碎,300,元/台,开机主板靓功能正常 统货正常芯片无破损,image,小米.jpg,数码网报价单-0831更新/手机相关/小米.jpg,1,0.98,visual_legacy_crosscheck
20260831-8ffa0c55c53f74741d4b-01,2026-08-31,手机,device,小米,,小米MIX Fold 2 (12+1T),,,开机碎屏,300,元/台,开机主板靓功能正常 统货正常芯片无破损,image,小米.jpg,数码网报价单-0831更新/手机相关/小米.jpg,1,0.98,visual_legacy_crosscheck
20260831-6f6d5325184413f504fc-01,2026-08-31,手机,device,小米,,小米MIX Fold 2 (12+1T),,,开机压屏机,300,元/台,开机主板靓功能正常 统货正常芯片无破损,image,小米.jpg,数码网报价单-0831更新/手机相关/小米.jpg,1,0.98,visual_legacy_crosscheck
20260831-5965be261068529ca539-01,2026-08-31,手机,device,小米,,小米MIX Fold 2 (12+1T),,,不开机,300,元/台,开机主板靓功能正常 统货正常芯片无破损,image,小米.jpg,数码网报价单-0831更新/手机相关/小米.jpg,1,0.98,visual_legacy_crosscheck
20260831-9c74c8fc09c120a05f64-01,2026-08-31,手机,device,小米,,小米MIX Fold 2 (12+1T),,,废板·断板,300,元/台,开机主板靓功能正常 统货正常芯片无破损,image,小米.jpg,数码网报价单-0831更新/手机相关/小米.jpg,1,0.98,visual_legacy_crosscheck
20260831-558c54f2f927367a4ab9-01,2026-08-31,手机,device,小米,,小米MIX Fold 2 (12+1T),,,统货,/,元/台,开机主板靓功能正常 统货正常芯片无破损,image,小米.jpg,数码网报价单-0831更新/手机相关/小米.jpg,1,0.98,visual_legacy_crosscheck
20260831-c172c3ccd584ffd775ff-01,2026-08-31,手机,device,小米,,小米MIX Fold 2 (12+256),,,开机靓机好,700,元/台,开机主板靓功能正常 统货芯片无破损,image,小米.jpg,数码网报价单-0831更新/手机相关/小米.jpg,1,0.98,visual_legacy_crosscheck
20260831-df253056e1f75ed0eced-01,2026-08-31,手机,device,小米,,小米MIX Fold 2 (12+256),,,开机好碎,500,元/台,开机主板靓功能正常 统货芯片无破损,image,小米.jpg,数码网报价单-0831更新/手机相关/小米.jpg,1,0.98,visual_legacy_crosscheck
20260831-2771e2e521e149805d72-01,2026-08-31,手机,device,小米,,小米MIX Fold 2 (12+256),,,开机碎屏,215,元/台,开机主板靓功能正常 统货芯片无破损,image,小米.jpg,数码网报价单-0831更新/手机相关/小米.jpg,1,0.98,visual_legacy_crosscheck
20260831-181eaca659aeb7d9a057-01,2026-08-31,手机,device,小米,,小米MIX Fold 2 (12+256),,,开机压屏机,215,元/台,开机主板靓功能正常 统货芯片无破损,image,小米.jpg,数码网报价单-0831更新/手机相关/小米.jpg,1,0.98,visual_legacy_crosscheck
20260831-a28573c3df2983b9149d-01,2026-08-31,手机,device,小米,,小米MIX Fold 2 (12+256),,,不开机,215,元/台,开机主板靓功能正常 统货芯片无破损,image,小米.jpg,数码网报价单-0831更新/手机相关/小米.jpg,1,0.98,visual_legacy_crosscheck
20260831-3b9862cd1e0059e768a2-01,2026-08-31,手机,device,小米,,小米MIX Fold 2 (12+256),,,废板·断板,215,元/台,开机主板靓功能正常 统货芯片无破损,image,小米.jpg,数码网报价单-0831更新/手机相关/小米.jpg,1,0.98,visual_legacy_crosscheck
20260831-16c6a9f4753a48eb1d1e-01,2026-08-31,手机,device,小米,,小米MIX Fold 2 (12+256),,,统货,/,元/台,开机主板靓功能正常 统货芯片无破损,image,小米.jpg,数码网报价单-0831更新/手机相关/小米.jpg,1,0.98,visual_legacy_crosscheck
20260831-b12622c5bc67e4221595-01,2026-08-31,手机,device,小米,,小米Mix4,,,开机靓机好,190,元/台,三星屏 主板功能正常,image,小米.jpg,数码网报价单-0831更新/手机相关/小米.jpg,1,0.98,visual_legacy_crosscheck
20260831-5d7a5d2e2f29746358ea-01,2026-08-31,手机,device,小米,,小米Mix4,,,开机好碎,190,元/台,三星屏 主板功能正常,image,小米.jpg,数码网报价单-0831更新/手机相关/小米.jpg,1,0.98,visual_legacy_crosscheck
20260831-9b69aed04434f85b68ad-01,2026-08-31,手机,device,小米,,小米Mix4,,,开机碎屏,190,元/台,三星屏 主板功能正常,image,小米.jpg,数码网报价单-0831更新/手机相关/小米.jpg,1,0.98,visual_legacy_crosscheck
20260831-bde7e07997fad6bd588c-01,2026-08-31,手机,device,小米,,小米Mix4,,,开机压屏机,190,元/台,三星屏 主板功能正常,image,小米.jpg,数码网报价单-0831更新/手机相关/小米.jpg,1,0.98,visual_legacy_crosscheck
20260831-bb4b5b873fb615ba71cc-01,2026-08-31,手机,device,小米,,小米Mix4,,,不开机,190,元/台,三星屏 主板功能正常,image,小米.jpg,数码网报价单-0831更新/手机相关/小米.jpg,1,0.98,visual_legacy_crosscheck
20260831-c59c3d1637a38e6b3887-01,2026-08-31,手机,device,小米,,小米Mix4,,,废板·断板,190,元/台,三星屏 主板功能正常,image,小米.jpg,数码网报价单-0831更新/手机相关/小米.jpg,1,0.98,visual_legacy_crosscheck
20260831-2b277d642c864ed7b7de-01,2026-08-31,手机,device,小米,,小米Mix4,,,统货,/,元/台,三星屏 主板功能正常,image,小米.jpg,数码网报价单-0831更新/手机相关/小米.jpg,1,0.98,visual_legacy_crosscheck
20260831-7bd8202008dfc92a107e-01,2026-08-31,手机,device,小米,,小米Mix3,,,开机靓机好,90,元/台,三星屏,image,小米.jpg,数码网报价单-0831更新/手机相关/小米.jpg,1,0.98,visual_legacy_crosscheck
20260831-869dc7e4a2352cafd636-01,2026-08-31,手机,device,小米,,小米Mix3,,,开机好碎,90,元/台,三星屏,image,小米.jpg,数码网报价单-0831更新/手机相关/小米.jpg,1,0.98,visual_legacy_crosscheck
20260831-e99b792916b8eaed2536-01,2026-08-31,手机,device,小米,,小米Mix3,,,开机碎屏,90,元/台,三星屏,image,小米.jpg,数码网报价单-0831更新/手机相关/小米.jpg,1,0.98,visual_legacy_crosscheck
20260831-878319f15bf7e1538a52-01,2026-08-31,手机,device,小米,,小米Mix3,,,开机压屏机,90,元/台,三星屏,image,小米.jpg,数码网报价单-0831更新/手机相关/小米.jpg,1,0.98,visual_legacy_crosscheck
20260831-a1edd3ef58591623c531-01,2026-08-31,手机,device,小米,,小米Mix3,,,不开机,90,元/台,三星屏,image,小米.jpg,数码网报价单-0831更新/手机相关/小米.jpg,1,0.98,visual_legacy_crosscheck
20260831-018890b6076ef61f23a6-01,2026-08-31,手机,device,小米,,小米Mix3,,,废板·断板,90,元/台,三星屏,image,小米.jpg,数码网报价单-0831更新/手机相关/小米.jpg,1,0.98,visual_legacy_crosscheck
20260831-842cbd80a0ed5f8a53fc-01,2026-08-31,手机,device,小米,,小米Mix3,,,统货,/,元/台,三星屏,image,小米.jpg,数码网报价单-0831更新/手机相关/小米.jpg,1,0.98,visual_legacy_crosscheck
20260831-47723216603ca0f7bdb5-01,2026-08-31,手机,device,小米,,小米Mix2s,,,开机靓机好,70,元/台,,image,小米.jpg,数码网报价单-0831更新/手机相关/小米.jpg,1,0.98,visual_legacy_crosscheck
20260831-4b99ba755681f48b96ba-01,2026-08-31,手机,device,小米,,小米Mix2s,,,开机好碎,70,元/台,,image,小米.jpg,数码网报价单-0831更新/手机相关/小米.jpg,1,0.98,visual_legacy_crosscheck
20260831-4b952d5619017e37f24a-01,2026-08-31,手机,device,小米,,小米Mix2s,,,开机碎屏,70,元/台,,image,小米.jpg,数码网报价单-0831更新/手机相关/小米.jpg,1,0.98,visual_legacy_crosscheck
20260831-55192cd082326bce1287-01,2026-08-31,手机,device,小米,,小米Mix2s,,,开机压屏机,70,元/台,,image,小米.jpg,数码网报价单-0831更新/手机相关/小米.jpg,1,0.98,visual_legacy_crosscheck
20260831-013f8eda14c339b51aac-01,2026-08-31,手机,device,小米,,小米Mix2s,,,不开机,70,元/台,,image,小米.jpg,数码网报价单-0831更新/手机相关/小米.jpg,1,0.98,visual_legacy_crosscheck
20260831-d32274ddfb7d7a8a23fe-01,2026-08-31,手机,device,小米,,小米Mix2s,,,废板·断板,70,元/台,,image,小米.jpg,数码网报价单-0831更新/手机相关/小米.jpg,1,0.98,visual_legacy_crosscheck
20260831-63c5dc85265b9e8501e0-01,2026-08-31,手机,device,小米,,小米Mix2s,,,统货,/,元/台,,image,小米.jpg,数码网报价单-0831更新/手机相关/小米.jpg,1,0.98,visual_legacy_crosscheck
20260831-4da36f45898d4bbfcc40-01,2026-08-31,手机,device,小米,,小米Mix2,,,开机靓机好,70,元/台,,image,小米.jpg,数码网报价单-0831更新/手机相关/小米.jpg,1,0.98,visual_legacy_crosscheck
20260831-42d103331c9012808aea-01,2026-08-31,手机,device,小米,,小米Mix2,,,开机好碎,70,元/台,,image,小米.jpg,数码网报价单-0831更新/手机相关/小米.jpg,1,0.98,visual_legacy_crosscheck
20260831-5e240c303b603af6b37c-01,2026-08-31,手机,device,小米,,小米Mix2,,,开机碎屏,70,元/台,,image,小米.jpg,数码网报价单-0831更新/手机相关/小米.jpg,1,0.98,visual_legacy_crosscheck
20260831-0fcc60ad4168e1af1fcf-01,2026-08-31,手机,device,小米,,小米Mix2,,,开机压屏机,70,元/台,,image,小米.jpg,数码网报价单-0831更新/手机相关/小米.jpg,1,0.98,visual_legacy_crosscheck
20260831-a28f5056c46d52569e99-01,2026-08-31,手机,device,小米,,小米Mix2,,,不开机,70,元/台,,image,小米.jpg,数码网报价单-0831更新/手机相关/小米.jpg,1,0.98,visual_legacy_crosscheck
20260831-f6293c1efde642a988ed-01,2026-08-31,手机,device,小米,,小米Mix2,,,废板·断板,70,元/台,,image,小米.jpg,数码网报价单-0831更新/手机相关/小米.jpg,1,0.98,visual_legacy_crosscheck
20260831-5b1c7fa55fdb02fb125d-01,2026-08-31,手机,device,小米,,小米Mix2,,,统货,/,元/台,,image,小米.jpg,数码网报价单-0831更新/手机相关/小米.jpg,1,0.98,visual_legacy_crosscheck
20260831-14d10d6dfb0426509ecc-01,2026-08-31,手机,device,小米,,小米Mix1,,,开机靓机好,60,元/台,,image,小米.jpg,数码网报价单-0831更新/手机相关/小米.jpg,1,0.98,visual_legacy_crosscheck
20260831-0daf8e6ab157ce3aa283-01,2026-08-31,手机,device,小米,,小米Mix1,,,开机好碎,60,元/台,,image,小米.jpg,数码网报价单-0831更新/手机相关/小米.jpg,1,0.98,visual_legacy_crosscheck
20260831-7478cdee677aea801efd-01,2026-08-31,手机,device,小米,,小米Mix1,,,开机碎屏,60,元/台,,image,小米.jpg,数码网报价单-0831更新/手机相关/小米.jpg,1,0.98,visual_legacy_crosscheck
20260831-1a6a13748015b9346060-01,2026-08-31,手机,device,小米,,小米Mix1,,,开机压屏机,60,元/台,,image,小米.jpg,数码网报价单-0831更新/手机相关/小米.jpg,1,0.98,visual_legacy_crosscheck
20260831-087c34cc749f653609ec-01,2026-08-31,手机,device,小米,,小米Mix1,,,不开机,60,元/台,,image,小米.jpg,数码网报价单-0831更新/手机相关/小米.jpg,1,0.98,visual_legacy_crosscheck
20260831-22bc66685b93e9c18412-01,2026-08-31,手机,device,小米,,小米Mix1,,,废板·断板,60,元/台,,image,小米.jpg,数码网报价单-0831更新/手机相关/小米.jpg,1,0.98,visual_legacy_crosscheck
20260831-5edb5814d7d215ddc22d-01,2026-08-31,手机,device,小米,,小米Mix1,,,统货,/,元/台,,image,小米.jpg,数码网报价单-0831更新/手机相关/小米.jpg,1,0.98,visual_legacy_crosscheck
20260831-9a84d71a9273e66fffe4-01,2026-08-31,手机,device,小米,,小米Max3,,,开机靓机好,130,元/台,外爆屏老化算碎屏,image,小米.jpg,数码网报价单-0831更新/手机相关/小米.jpg,1,0.98,visual_legacy_crosscheck
20260831-d12557d8a6f1ba40da98-01,2026-08-31,手机,device,小米,,小米Max3,,,开机好碎,130,元/台,外爆屏老化算碎屏,image,小米.jpg,数码网报价单-0831更新/手机相关/小米.jpg,1,0.98,visual_legacy_crosscheck
20260831-05d34747cdec0bdd7f84-01,2026-08-31,手机,device,小米,,小米Max3,,,开机碎屏,130,元/台,外爆屏老化算碎屏,image,小米.jpg,数码网报价单-0831更新/手机相关/小米.jpg,1,0.98,visual_legacy_crosscheck
20260831-e917d81691c229d73c4d-01,2026-08-31,手机,device,小米,,小米Max3,,,开机压屏机,130,元/台,外爆屏老化算碎屏,image,小米.jpg,数码网报价单-0831更新/手机相关/小米.jpg,1,0.98,visual_legacy_crosscheck
20260831-e6c2936551d0b2eb04da-01,2026-08-31,手机,device,小米,,小米Max3,,,不开机,130,元/台,外爆屏老化算碎屏,image,小米.jpg,数码网报价单-0831更新/手机相关/小米.jpg,1,0.98,visual_legacy_crosscheck
20260831-38a836b3f16322bcbe5c-01,2026-08-31,手机,device,小米,,小米Max3,,,废板·断板,130,元/台,外爆屏老化算碎屏,image,小米.jpg,数码网报价单-0831更新/手机相关/小米.jpg,1,0.98,visual_legacy_crosscheck
20260831-2f58645c10122b8e044d-01,2026-08-31,手机,device,小米,,小米Max3,,,统货,/,元/台,外爆屏老化算碎屏,image,小米.jpg,数码网报价单-0831更新/手机相关/小米.jpg,1,0.98,visual_legacy_crosscheck
20260831-d4a5e078f0b9eb617d22-01,2026-08-31,手机,device,小米,,小米Max2,,,开机靓机好,95,元/台,,image,小米.jpg,数码网报价单-0831更新/手机相关/小米.jpg,1,0.98,visual_legacy_crosscheck
20260831-0298b9994fca47721488-01,2026-08-31,手机,device,小米,,小米Max2,,,开机好碎,95,元/台,,image,小米.jpg,数码网报价单-0831更新/手机相关/小米.jpg,1,0.98,visual_legacy_crosscheck
20260831-dd11a4ec9bdfada8ea3a-01,2026-08-31,手机,device,小米,,小米Max2,,,开机碎屏,95,元/台,,image,小米.jpg,数码网报价单-0831更新/手机相关/小米.jpg,1,0.98,visual_legacy_crosscheck
20260831-b8753adb9f406c224313-01,2026-08-31,手机,device,小米,,小米Max2,,,开机压屏机,95,元/台,,image,小米.jpg,数码网报价单-0831更新/手机相关/小米.jpg,1,0.98,visual_legacy_crosscheck
20260831-14dffee95d461ff6daaa-01,2026-08-31,手机,device,小米,,小米Max2,,,不开机,95,元/台,,image,小米.jpg,数码网报价单-0831更新/手机相关/小米.jpg,1,0.98,visual_legacy_crosscheck
20260831-6d075d2ee8581119c736-01,2026-08-31,手机,device,小米,,小米Max2,,,废板·断板,95,元/台,,image,小米.jpg,数码网报价单-0831更新/手机相关/小米.jpg,1,0.98,visual_legacy_crosscheck
20260831-cb017bd57989cab206b3-01,2026-08-31,手机,device,小米,,小米Max2,,,统货,/,元/台,,image,小米.jpg,数码网报价单-0831更新/手机相关/小米.jpg,1,0.98,visual_legacy_crosscheck
20260831-ad98186f4c78e957a201-01,2026-08-31,手机,device,小米,,小米Max1,,,开机靓机好,45,元/台,,image,小米.jpg,数码网报价单-0831更新/手机相关/小米.jpg,1,0.98,visual_legacy_crosscheck
20260831-7d68d5c1a74c8e546140-01,2026-08-31,手机,device,小米,,小米Max1,,,开机好碎,45,元/台,,image,小米.jpg,数码网报价单-0831更新/手机相关/小米.jpg,1,0.98,visual_legacy_crosscheck
20260831-c9fd13cece19437ad90f-01,2026-08-31,手机,device,小米,,小米Max1,,,开机碎屏,45,元/台,,image,小米.jpg,数码网报价单-0831更新/手机相关/小米.jpg,1,0.98,visual_legacy_crosscheck
20260831-956a2a993be7e4d29232-01,2026-08-31,手机,device,小米,,小米Max1,,,开机压屏机,45,元/台,,image,小米.jpg,数码网报价单-0831更新/手机相关/小米.jpg,1,0.98,visual_legacy_crosscheck
20260831-88000ff2de6fb0537383-01,2026-08-31,手机,device,小米,,小米Max1,,,不开机,45,元/台,,image,小米.jpg,数码网报价单-0831更新/手机相关/小米.jpg,1,0.98,visual_legacy_crosscheck
20260831-caa8c7fd469779098000-01,2026-08-31,手机,device,小米,,小米Max1,,,废板·断板,45,元/台,,image,小米.jpg,数码网报价单-0831更新/手机相关/小米.jpg,1,0.98,visual_legacy_crosscheck
20260831-cf4170157b1b0c39ab43-01,2026-08-31,手机,device,小米,,小米Max1,,,统货,/,元/台,,image,小米.jpg,数码网报价单-0831更新/手机相关/小米.jpg,1,0.98,visual_legacy_crosscheck
20260831-251564816671dbdc3f58-01,2026-08-31,手机,device,小米,,小米Note3,,,开机靓机好,100,元/台,外爆老化算碎屏,image,小米.jpg,数码网报价单-0831更新/手机相关/小米.jpg,1,0.98,visual_legacy_crosscheck
20260831-314dd98bfe4f4e474fc9-01,2026-08-31,手机,device,小米,,小米Note3,,,开机好碎,100,元/台,外爆老化算碎屏,image,小米.jpg,数码网报价单-0831更新/手机相关/小米.jpg,1,0.98,visual_legacy_crosscheck
20260831-4fba3a0e1b9d3b65061e-01,2026-08-31,手机,device,小米,,小米Note3,,,开机碎屏,100,元/台,外爆老化算碎屏,image,小米.jpg,数码网报价单-0831更新/手机相关/小米.jpg,1,0.98,visual_legacy_crosscheck
20260831-0d506143627908e485d9-01,2026-08-31,手机,device,小米,,小米Note3,,,开机压屏机,100,元/台,外爆老化算碎屏,image,小米.jpg,数码网报价单-0831更新/手机相关/小米.jpg,1,0.98,visual_legacy_crosscheck
20260831-790bf0f145bdbcbe0ab3-01,2026-08-31,手机,device,小米,,小米Note3,,,不开机,100,元/台,外爆老化算碎屏,image,小米.jpg,数码网报价单-0831更新/手机相关/小米.jpg,1,0.98,visual_legacy_crosscheck
20260831-a47920633f73ac90f29c-01,2026-08-31,手机,device,小米,,小米Note3,,,废板·断板,100,元/台,外爆老化算碎屏,image,小米.jpg,数码网报价单-0831更新/手机相关/小米.jpg,1,0.98,visual_legacy_crosscheck
20260831-9ed177d701299a8392d9-01,2026-08-31,手机,device,小米,,小米Note3,,,统货,/,元/台,外爆老化算碎屏,image,小米.jpg,数码网报价单-0831更新/手机相关/小米.jpg,1,0.98,visual_legacy_crosscheck
20260831-1822b9e31558f08bdecb-01,2026-08-31,手机,device,小米,,小米Note2,,,开机靓机好,60,元/台,三星屏,image,小米.jpg,数码网报价单-0831更新/手机相关/小米.jpg,1,0.98,visual_legacy_crosscheck
20260831-9a7ab187eb6217576816-01,2026-08-31,手机,device,小米,,小米Note2,,,开机好碎,60,元/台,三星屏,image,小米.jpg,数码网报价单-0831更新/手机相关/小米.jpg,1,0.98,visual_legacy_crosscheck
20260831-43ed46eb50f589348809-01,2026-08-31,手机,device,小米,,小米Note2,,,开机碎屏,60,元/台,三星屏,image,小米.jpg,数码网报价单-0831更新/手机相关/小米.jpg,1,0.98,visual_legacy_crosscheck
20260831-d580d5e972db463ba51a-01,2026-08-31,手机,device,小米,,小米Note2,,,开机压屏机,60,元/台,三星屏,image,小米.jpg,数码网报价单-0831更新/手机相关/小米.jpg,1,0.98,visual_legacy_crosscheck
20260831-37c29825be6e9c93dd67-01,2026-08-31,手机,device,小米,,小米Note2,,,不开机,60,元/台,三星屏,image,小米.jpg,数码网报价单-0831更新/手机相关/小米.jpg,1,0.98,visual_legacy_crosscheck
20260831-196a04de3ab00339f996-01,2026-08-31,手机,device,小米,,小米Note2,,,废板·断板,60,元/台,三星屏,image,小米.jpg,数码网报价单-0831更新/手机相关/小米.jpg,1,0.98,visual_legacy_crosscheck
20260831-5d78f570ec3cd2799039-01,2026-08-31,手机,device,小米,,小米Note2,,,统货,/,元/台,三星屏,image,小米.jpg,数码网报价单-0831更新/手机相关/小米.jpg,1,0.98,visual_legacy_crosscheck
20260831-9707cf8c289d4271a01d-01,2026-08-31,手机,device,小米,,小米Note金,,,开机靓机好,55,元/台,,image,小米.jpg,数码网报价单-0831更新/手机相关/小米.jpg,1,0.98,visual_legacy_crosscheck
20260831-c99a337eb80ee41c2315-01,2026-08-31,手机,device,小米,,小米Note金,,,开机好碎,55,元/台,,image,小米.jpg,数码网报价单-0831更新/手机相关/小米.jpg,1,0.98,visual_legacy_crosscheck
20260831-d3d67f6fdd78b883b08b-01,2026-08-31,手机,device,小米,,小米Note金,,,开机碎屏,55,元/台,,image,小米.jpg,数码网报价单-0831更新/手机相关/小米.jpg,1,0.98,visual_legacy_crosscheck
20260831-65c16b57c7c12f913297-01,2026-08-31,手机,device,小米,,小米Note金,,,开机压屏机,55,元/台,,image,小米.jpg,数码网报价单-0831更新/手机相关/小米.jpg,1,0.98,visual_legacy_crosscheck
20260831-c4bbc0f878d4cdf9c479-01,2026-08-31,手机,device,小米,,小米Note金,,,不开机,55,元/台,,image,小米.jpg,数码网报价单-0831更新/手机相关/小米.jpg,1,0.98,visual_legacy_crosscheck
20260831-2e4ce4cf61ee4a354d54-01,2026-08-31,手机,device,小米,,小米Note金,,,废板·断板,55,元/台,,image,小米.jpg,数码网报价单-0831更新/手机相关/小米.jpg,1,0.98,visual_legacy_crosscheck
20260831-3d277f2752883fe08ca5-01,2026-08-31,手机,device,小米,,小米Note金,,,统货,/,元/台,,image,小米.jpg,数码网报价单-0831更新/手机相关/小米.jpg,1,0.98,visual_legacy_crosscheck
20260831-2a9c8c1202a8825d445a-01,2026-08-31,手机,device,小米,,小米Note白,,,开机靓机好,28,元/台,,image,小米.jpg,数码网报价单-0831更新/手机相关/小米.jpg,1,0.98,visual_legacy_crosscheck
20260831-567952f61cb453685a7a-01,2026-08-31,手机,device,小米,,小米Note白,,,开机好碎,28,元/台,,image,小米.jpg,数码网报价单-0831更新/手机相关/小米.jpg,1,0.98,visual_legacy_crosscheck
20260831-bca313954cc76ec4d98c-01,2026-08-31,手机,device,小米,,小米Note白,,,开机碎屏,28,元/台,,image,小米.jpg,数码网报价单-0831更新/手机相关/小米.jpg,1,0.98,visual_legacy_crosscheck
20260831-1abe4792b105fe04b29f-01,2026-08-31,手机,device,小米,,小米Note白,,,开机压屏机,28,元/台,,image,小米.jpg,数码网报价单-0831更新/手机相关/小米.jpg,1,0.98,visual_legacy_crosscheck
20260831-6adbc5b885bce6695916-01,2026-08-31,手机,device,小米,,小米Note白,,,不开机,28,元/台,,image,小米.jpg,数码网报价单-0831更新/手机相关/小米.jpg,1,0.98,visual_legacy_crosscheck
20260831-60636665539f2665c9e2-01,2026-08-31,手机,device,小米,,小米Note白,,,废板·断板,28,元/台,,image,小米.jpg,数码网报价单-0831更新/手机相关/小米.jpg,1,0.98,visual_legacy_crosscheck
20260831-c3cefe655c1845d18d8e-01,2026-08-31,手机,device,小米,,小米Note白,,,统货,/,元/台,,image,小米.jpg,数码网报价单-0831更新/手机相关/小米.jpg,1,0.98,visual_legacy_crosscheck
20260831-50de5f59b3580977f1ab-01,2026-08-31,手机,device,小米,,小米黑鲨5 (8+128),,,开机靓机好,160,元/台,三星屏 好屏芯片无破损 开机老化扣钱 不开机要求主板靓芯片无破损,image,小米.jpg,数码网报价单-0831更新/手机相关/小米.jpg,1,0.98,visual_legacy_crosscheck
20260831-2deecdc8354dc463a1d4-01,2026-08-31,手机,device,小米,,小米黑鲨5 (8+128),,,开机好碎,160,元/台,三星屏 好屏芯片无破损 开机老化扣钱 不开机要求主板靓芯片无破损,image,小米.jpg,数码网报价单-0831更新/手机相关/小米.jpg,1,0.98,visual_legacy_crosscheck
20260831-42f210c543c43a8dc887-01,2026-08-31,手机,device,小米,,小米黑鲨5 (8+128),,,开机碎屏,160,元/台,三星屏 好屏芯片无破损 开机老化扣钱 不开机要求主板靓芯片无破损,image,小米.jpg,数码网报价单-0831更新/手机相关/小米.jpg,1,0.98,visual_legacy_crosscheck
20260831-38fac1e2bac63b641d45-01,2026-08-31,手机,device,小米,,小米黑鲨5 (8+128),,,开机压屏机,160,元/台,三星屏 好屏芯片无破损 开机老化扣钱 不开机要求主板靓芯片无破损,image,小米.jpg,数码网报价单-0831更新/手机相关/小米.jpg,1,0.98,visual_legacy_crosscheck
20260831-702d2320e378a77de99c-01,2026-08-31,手机,device,小米,,小米黑鲨5 (8+128),,,不开机,160,元/台,三星屏 好屏芯片无破损 开机老化扣钱 不开机要求主板靓芯片无破损,image,小米.jpg,数码网报价单-0831更新/手机相关/小米.jpg,1,0.98,visual_legacy_crosscheck
20260831-85a310872ece354fb8fa-01,2026-08-31,手机,device,小米,,小米黑鲨5 (8+128),,,废板·断板,160,元/台,三星屏 好屏芯片无破损 开机老化扣钱 不开机要求主板靓芯片无破损,image,小米.jpg,数码网报价单-0831更新/手机相关/小米.jpg,1,0.98,visual_legacy_crosscheck
20260831-14122e0e97685d5a3181-01,2026-08-31,手机,device,小米,,小米黑鲨5 (8+128),,,统货,/,元/台,三星屏 好屏芯片无破损 开机老化扣钱 不开机要求主板靓芯片无破损,image,小米.jpg,数码网报价单-0831更新/手机相关/小米.jpg,1,0.98,visual_legacy_crosscheck
20260831-4416a5ae2fe5d4ec116c-01,2026-08-31,手机,device,小米,,小米黑鲨5 (8+256),,,开机靓机好,205,元/台,,image,小米.jpg,数码网报价单-0831更新/手机相关/小米.jpg,1,0.98,visual_legacy_crosscheck
20260831-819baa10b47bab7e4b51-01,2026-08-31,手机,device,小米,,小米黑鲨5 (8+256),,,开机好碎,205,元/台,,image,小米.jpg,数码网报价单-0831更新/手机相关/小米.jpg,1,0.98,visual_legacy_crosscheck
20260831-0d523e472f9a046ec902-01,2026-08-31,手机,device,小米,,小米黑鲨5 (8+256),,,开机碎屏,205,元/台,,image,小米.jpg,数码网报价单-0831更新/手机相关/小米.jpg,1,0.98,visual_legacy_crosscheck
20260831-9b726758f902f6a3fca6-01,2026-08-31,手机,device,小米,,小米黑鲨5 (8+256),,,开机压屏机,205,元/台,,image,小米.jpg,数码网报价单-0831更新/手机相关/小米.jpg,1,0.98,visual_legacy_crosscheck
20260831-5b5ccfc276d263a0921b-01,2026-08-31,手机,device,小米,,小米黑鲨5 (8+256),,,不开机,205,元/台,,image,小米.jpg,数码网报价单-0831更新/手机相关/小米.jpg,1,0.98,visual_legacy_crosscheck
20260831-20c362f356eb0b078612-01,2026-08-31,手机,device,小米,,小米黑鲨5 (8+256),,,废板·断板,205,元/台,,image,小米.jpg,数码网报价单-0831更新/手机相关/小米.jpg,1,0.98,visual_legacy_crosscheck
20260831-803e747cb06430215204-01,2026-08-31,手机,device,小米,,小米黑鲨5 (8+256),,,统货,/,元/台,,image,小米.jpg,数码网报价单-0831更新/手机相关/小米.jpg,1,0.98,visual_legacy_crosscheck
20260831-ce0464b671ec3db50da2-01,2026-08-31,手机,device,小米,,小米黑鲨5 (12+256),,,开机靓机好,215,元/台,,image,小米.jpg,数码网报价单-0831更新/手机相关/小米.jpg,1,0.98,visual_legacy_crosscheck
20260831-cce65f61ea39676bf39c-01,2026-08-31,手机,device,小米,,小米黑鲨5 (12+256),,,开机好碎,215,元/台,,image,小米.jpg,数码网报价单-0831更新/手机相关/小米.jpg,1,0.98,visual_legacy_crosscheck
20260831-b47ffa4d33c6c2037863-01,2026-08-31,手机,device,小米,,小米黑鲨5 (12+256),,,开机碎屏,215,元/台,,image,小米.jpg,数码网报价单-0831更新/手机相关/小米.jpg,1,0.98,visual_legacy_crosscheck
20260831-2c4c78aefaa594aa65e2-01,2026-08-31,手机,device,小米,,小米黑鲨5 (12+256),,,开机压屏机,215,元/台,,image,小米.jpg,数码网报价单-0831更新/手机相关/小米.jpg,1,0.98,visual_legacy_crosscheck
20260831-b523d400d6987f188662-01,2026-08-31,手机,device,小米,,小米黑鲨5 (12+256),,,不开机,215,元/台,,image,小米.jpg,数码网报价单-0831更新/手机相关/小米.jpg,1,0.98,visual_legacy_crosscheck
20260831-2dc77ffedf5eddb3c585-01,2026-08-31,手机,device,小米,,小米黑鲨5 (12+256),,,废板·断板,215,元/台,,image,小米.jpg,数码网报价单-0831更新/手机相关/小米.jpg,1,0.98,visual_legacy_crosscheck
20260831-fd2db40ae61c131c9fcb-01,2026-08-31,手机,device,小米,,小米黑鲨5 (12+256),,,统货,/,元/台,,image,小米.jpg,数码网报价单-0831更新/手机相关/小米.jpg,1,0.98,visual_legacy_crosscheck
20260831-c8b45817cd7aced075d7-01,2026-08-31,手机,device,小米,,小米黑鲨4Pro (8+256),,,开机靓机好,205,元/台,三星屏 要求芯片无破损,image,小米.jpg,数码网报价单-0831更新/手机相关/小米.jpg,1,0.98,visual_legacy_crosscheck
20260831-c6824f7838927d663cd1-01,2026-08-31,手机,device,小米,,小米黑鲨4Pro (8+256),,,开机好碎,205,元/台,三星屏 要求芯片无破损,image,小米.jpg,数码网报价单-0831更新/手机相关/小米.jpg,1,0.98,visual_legacy_crosscheck
20260831-c8d4ceb1985ebfbe5a86-01,2026-08-31,手机,device,小米,,小米黑鲨4Pro (8+256),,,开机碎屏,205,元/台,三星屏 要求芯片无破损,image,小米.jpg,数码网报价单-0831更新/手机相关/小米.jpg,1,0.98,visual_legacy_crosscheck
20260831-07b8e1997e0716444ee8-01,2026-08-31,手机,device,小米,,小米黑鲨4Pro (8+256),,,开机压屏机,205,元/台,三星屏 要求芯片无破损,image,小米.jpg,数码网报价单-0831更新/手机相关/小米.jpg,1,0.98,visual_legacy_crosscheck
20260831-44454b6300e78a1a6205-01,2026-08-31,手机,device,小米,,小米黑鲨4Pro (8+256),,,不开机,205,元/台,三星屏 要求芯片无破损,image,小米.jpg,数码网报价单-0831更新/手机相关/小米.jpg,1,0.98,visual_legacy_crosscheck
20260831-b0728c304db4914d8325-01,2026-08-31,手机,device,小米,,小米黑鲨4Pro (8+256),,,废板·断板,205,元/台,三星屏 要求芯片无破损,image,小米.jpg,数码网报价单-0831更新/手机相关/小米.jpg,1,0.98,visual_legacy_crosscheck
20260831-3cb59e46a979a72adbec-01,2026-08-31,手机,device,小米,,小米黑鲨4Pro (8+256),,,统货,/,元/台,三星屏 要求芯片无破损,image,小米.jpg,数码网报价单-0831更新/手机相关/小米.jpg,1,0.98,visual_legacy_crosscheck
20260831-e6c830e089eced837610-01,2026-08-31,手机,device,小米,,小米黑鲨4Pro (12+256),,,开机靓机好,215,元/台,,image,小米.jpg,数码网报价单-0831更新/手机相关/小米.jpg,1,0.98,visual_legacy_crosscheck
20260831-e7883ec5ffdc89be69dd-01,2026-08-31,手机,device,小米,,小米黑鲨4Pro (12+256),,,开机好碎,215,元/台,,image,小米.jpg,数码网报价单-0831更新/手机相关/小米.jpg,1,0.98,visual_legacy_crosscheck
20260831-df388184976a480eaa4c-01,2026-08-31,手机,device,小米,,小米黑鲨4Pro (12+256),,,开机碎屏,215,元/台,,image,小米.jpg,数码网报价单-0831更新/手机相关/小米.jpg,1,0.98,visual_legacy_crosscheck
20260831-cb7229a7cec60fbef031-01,2026-08-31,手机,device,小米,,小米黑鲨4Pro (12+256),,,开机压屏机,215,元/台,,image,小米.jpg,数码网报价单-0831更新/手机相关/小米.jpg,1,0.98,visual_legacy_crosscheck
20260831-2f55aa2fd8df05fa3218-01,2026-08-31,手机,device,小米,,小米黑鲨4Pro (12+256),,,不开机,215,元/台,,image,小米.jpg,数码网报价单-0831更新/手机相关/小米.jpg,1,0.98,visual_legacy_crosscheck
20260831-ce66ebccd029f970f79f-01,2026-08-31,手机,device,小米,,小米黑鲨4Pro (12+256),,,废板·断板,215,元/台,,image,小米.jpg,数码网报价单-0831更新/手机相关/小米.jpg,1,0.98,visual_legacy_crosscheck
20260831-9057461b3b0f73bb372f-01,2026-08-31,手机,device,小米,,小米黑鲨4Pro (12+256),,,统货,/,元/台,,image,小米.jpg,数码网报价单-0831更新/手机相关/小米.jpg,1,0.98,visual_legacy_crosscheck
20260831-a0091eaa4facbe2c873c-01,2026-08-31,手机,device,小米,,小米黑鲨4 (8+128),,,开机靓机好,185,元/台,三星屏 芯片无破损,image,小米.jpg,数码网报价单-0831更新/手机相关/小米.jpg,1,0.98,visual_legacy_crosscheck
20260831-bb3d0ce76282eb8cd7c1-01,2026-08-31,手机,device,小米,,小米黑鲨4 (8+128),,,开机好碎,185,元/台,三星屏 芯片无破损,image,小米.jpg,数码网报价单-0831更新/手机相关/小米.jpg,1,0.98,visual_legacy_crosscheck
20260831-a94aa6eb5384ddf31297-01,2026-08-31,手机,device,小米,,小米黑鲨4 (8+128),,,开机碎屏,185,元/台,三星屏 芯片无破损,image,小米.jpg,数码网报价单-0831更新/手机相关/小米.jpg,1,0.98,visual_legacy_crosscheck
20260831-eef80b5b1b23cd1e7c5f-01,2026-08-31,手机,device,小米,,小米黑鲨4 (8+128),,,开机压屏机,185,元/台,三星屏 芯片无破损,image,小米.jpg,数码网报价单-0831更新/手机相关/小米.jpg,1,0.98,visual_legacy_crosscheck
20260831-e8dd528c184515d87001-01,2026-08-31,手机,device,小米,,小米黑鲨4 (8+128),,,不开机,185,元/台,三星屏 芯片无破损,image,小米.jpg,数码网报价单-0831更新/手机相关/小米.jpg,1,0.98,visual_legacy_crosscheck
20260831-968b08a49f413c17e00a-01,2026-08-31,手机,device,小米,,小米黑鲨4 (8+128),,,废板·断板,185,元/台,三星屏 芯片无破损,image,小米.jpg,数码网报价单-0831更新/手机相关/小米.jpg,1,0.98,visual_legacy_crosscheck
20260831-23cf476195032b98de6f-01,2026-08-31,手机,device,小米,,小米黑鲨4 (8+128),,,统货,/,元/台,三星屏 芯片无破损,image,小米.jpg,数码网报价单-0831更新/手机相关/小米.jpg,1,0.98,visual_legacy_crosscheck
20260831-b3a3a239f81f88ba4b20-01,2026-08-31,手机,device,小米,,小米黑鲨4 (12+128),,,开机靓机好,185,元/台,,image,小米.jpg,数码网报价单-0831更新/手机相关/小米.jpg,1,0.98,visual_legacy_crosscheck
20260831-008be60dfec22963cb9b-01,2026-08-31,手机,device,小米,,小米黑鲨4 (12+128),,,开机好碎,185,元/台,,image,小米.jpg,数码网报价单-0831更新/手机相关/小米.jpg,1,0.98,visual_legacy_crosscheck
20260831-fe5b9255c38b5b540863-01,2026-08-31,手机,device,小米,,小米黑鲨4 (12+128),,,开机碎屏,185,元/台,,image,小米.jpg,数码网报价单-0831更新/手机相关/小米.jpg,1,0.98,visual_legacy_crosscheck
20260831-02ecde473fa1899b9459-01,2026-08-31,手机,device,小米,,小米黑鲨4 (12+128),,,开机压屏机,185,元/台,,image,小米.jpg,数码网报价单-0831更新/手机相关/小米.jpg,1,0.98,visual_legacy_crosscheck
20260831-233734b52d20d4930628-01,2026-08-31,手机,device,小米,,小米黑鲨4 (12+128),,,不开机,185,元/台,,image,小米.jpg,数码网报价单-0831更新/手机相关/小米.jpg,1,0.98,visual_legacy_crosscheck
20260831-9b3821c22263a7ac5fac-01,2026-08-31,手机,device,小米,,小米黑鲨4 (12+128),,,废板·断板,185,元/台,,image,小米.jpg,数码网报价单-0831更新/手机相关/小米.jpg,1,0.98,visual_legacy_crosscheck
20260831-3e91fd9dbbd6d4d03ab0-01,2026-08-31,手机,device,小米,,小米黑鲨4 (12+128),,,统货,/,元/台,,image,小米.jpg,数码网报价单-0831更新/手机相关/小米.jpg,1,0.98,visual_legacy_crosscheck
20260831-e1b1126532e0f46dea00-01,2026-08-31,手机,device,小米,,小米黑鲨4 (8+256),,,开机靓机好,205,元/台,,image,小米.jpg,数码网报价单-0831更新/手机相关/小米.jpg,1,0.98,visual_legacy_crosscheck
20260831-997eb7a3e3f6aeac94df-01,2026-08-31,手机,device,小米,,小米黑鲨4 (8+256),,,开机好碎,205,元/台,,image,小米.jpg,数码网报价单-0831更新/手机相关/小米.jpg,1,0.98,visual_legacy_crosscheck
20260831-85a591e9392e238fa0bd-01,2026-08-31,手机,device,小米,,小米黑鲨4 (8+256),,,开机碎屏,205,元/台,,image,小米.jpg,数码网报价单-0831更新/手机相关/小米.jpg,1,0.98,visual_legacy_crosscheck
20260831-d004527541b63ae92d31-01,2026-08-31,手机,device,小米,,小米黑鲨4 (8+256),,,开机压屏机,205,元/台,,image,小米.jpg,数码网报价单-0831更新/手机相关/小米.jpg,1,0.98,visual_legacy_crosscheck
20260831-09ba11f291f345ae04cc-01,2026-08-31,手机,device,小米,,小米黑鲨4 (8+256),,,不开机,205,元/台,,image,小米.jpg,数码网报价单-0831更新/手机相关/小米.jpg,1,0.98,visual_legacy_crosscheck
20260831-3a4cde99313241003d40-01,2026-08-31,手机,device,小米,,小米黑鲨4 (8+256),,,废板·断板,205,元/台,,image,小米.jpg,数码网报价单-0831更新/手机相关/小米.jpg,1,0.98,visual_legacy_crosscheck
20260831-e3785e55985aceeef5dc-01,2026-08-31,手机,device,小米,,小米黑鲨4 (8+256),,,统货,/,元/台,,image,小米.jpg,数码网报价单-0831更新/手机相关/小米.jpg,1,0.98,visual_legacy_crosscheck
20260831-e2fde2b124f9619d139e-01,2026-08-31,手机,device,小米,,小米黑鲨4 (12+256),,,开机靓机好,215,元/台,,image,小米.jpg,数码网报价单-0831更新/手机相关/小米.jpg,1,0.98,visual_legacy_crosscheck
20260831-e8e913f16d783cb06d67-01,2026-08-31,手机,device,小米,,小米黑鲨4 (12+256),,,开机好碎,215,元/台,,image,小米.jpg,数码网报价单-0831更新/手机相关/小米.jpg,1,0.98,visual_legacy_crosscheck
20260831-19ca20bbe99af66be70d-01,2026-08-31,手机,device,小米,,小米黑鲨4 (12+256),,,开机碎屏,215,元/台,,image,小米.jpg,数码网报价单-0831更新/手机相关/小米.jpg,1,0.98,visual_legacy_crosscheck
20260831-1d5805e50bc1e55c9d3a-01,2026-08-31,手机,device,小米,,小米黑鲨4 (12+256),,,开机压屏机,215,元/台,,image,小米.jpg,数码网报价单-0831更新/手机相关/小米.jpg,1,0.98,visual_legacy_crosscheck
20260831-423d35692667ce64a07b-01,2026-08-31,手机,device,小米,,小米黑鲨4 (12+256),,,不开机,215,元/台,,image,小米.jpg,数码网报价单-0831更新/手机相关/小米.jpg,1,0.98,visual_legacy_crosscheck
20260831-1ce5ea1fa369353eb361-01,2026-08-31,手机,device,小米,,小米黑鲨4 (12+256),,,废板·断板,215,元/台,,image,小米.jpg,数码网报价单-0831更新/手机相关/小米.jpg,1,0.98,visual_legacy_crosscheck
20260831-1e0af6b6f74ddb842b07-01,2026-08-31,手机,device,小米,,小米黑鲨4 (12+256),,,统货,/,元/台,,image,小米.jpg,数码网报价单-0831更新/手机相关/小米.jpg,1,0.98,visual_legacy_crosscheck
20260831-557ccb0d05e3fd8a1cf7-01,2026-08-31,手机,device,小米,,小米黑鲨3Pro 5G (8+256),,,开机靓机好,100,元/台,,image,小米.jpg,数码网报价单-0831更新/手机相关/小米.jpg,1,0.98,visual_legacy_crosscheck
20260831-e41eaebc689e08047ea2-01,2026-08-31,手机,device,小米,,小米黑鲨3Pro 5G (8+256),,,开机好碎,100,元/台,,image,小米.jpg,数码网报价单-0831更新/手机相关/小米.jpg,1,0.98,visual_legacy_crosscheck
20260831-ff670521d92e868c75a5-01,2026-08-31,手机,device,小米,,小米黑鲨3Pro 5G (8+256),,,开机碎屏,100,元/台,,image,小米.jpg,数码网报价单-0831更新/手机相关/小米.jpg,1,0.98,visual_legacy_crosscheck
20260831-3239ed0d392508380c7f-01,2026-08-31,手机,device,小米,,小米黑鲨3Pro 5G (8+256),,,开机压屏机,100,元/台,,image,小米.jpg,数码网报价单-0831更新/手机相关/小米.jpg,1,0.98,visual_legacy_crosscheck
20260831-9cfd2a00f0c2d8906294-01,2026-08-31,手机,device,小米,,小米黑鲨3Pro 5G (8+256),,,不开机,100,元/台,,image,小米.jpg,数码网报价单-0831更新/手机相关/小米.jpg,1,0.98,visual_legacy_crosscheck
20260831-652b4c2273ee264c91b4-01,2026-08-31,手机,device,小米,,小米黑鲨3Pro 5G (8+256),,,废板·断板,100,元/台,,image,小米.jpg,数码网报价单-0831更新/手机相关/小米.jpg,1,0.98,visual_legacy_crosscheck
20260831-96517466b7abb6e4aa22-01,2026-08-31,手机,device,小米,,小米黑鲨3Pro 5G (8+256),,,统货,/,元/台,,image,小米.jpg,数码网报价单-0831更新/手机相关/小米.jpg,1,0.98,visual_legacy_crosscheck
20260831-5bae35f15429f0f7f229-01,2026-08-31,手机,device,小米,,小米黑鲨3s 5G (12+128),,,开机靓机好,170,元/台,三星屏 芯片无破损,image,小米.jpg,数码网报价单-0831更新/手机相关/小米.jpg,1,0.98,visual_legacy_crosscheck
20260831-ebaa64240b490931f68c-01,2026-08-31,手机,device,小米,,小米黑鲨3s 5G (12+128),,,开机好碎,170,元/台,三星屏 芯片无破损,image,小米.jpg,数码网报价单-0831更新/手机相关/小米.jpg,1,0.98,visual_legacy_crosscheck
20260831-6be3ed7a0cc0662b84c5-01,2026-08-31,手机,device,小米,,小米黑鲨3s 5G (12+128),,,开机碎屏,170,元/台,三星屏 芯片无破损,image,小米.jpg,数码网报价单-0831更新/手机相关/小米.jpg,1,0.98,visual_legacy_crosscheck
20260831-5a49683da70f3c0e09d8-01,2026-08-31,手机,device,小米,,小米黑鲨3s 5G (12+128),,,开机压屏机,170,元/台,三星屏 芯片无破损,image,小米.jpg,数码网报价单-0831更新/手机相关/小米.jpg,1,0.98,visual_legacy_crosscheck
20260831-53ad3a74fc097402f425-01,2026-08-31,手机,device,小米,,小米黑鲨3s 5G (12+128),,,不开机,170,元/台,三星屏 芯片无破损,image,小米.jpg,数码网报价单-0831更新/手机相关/小米.jpg,1,0.98,visual_legacy_crosscheck
20260831-17b3b8b4d97e2fc4613d-01,2026-08-31,手机,device,小米,,小米黑鲨3s 5G (12+128),,,废板·断板,170,元/台,三星屏 芯片无破损,image,小米.jpg,数码网报价单-0831更新/手机相关/小米.jpg,1,0.98,visual_legacy_crosscheck
20260831-a8eaa28e5701307598a7-01,2026-08-31,手机,device,小米,,小米黑鲨3s 5G (12+128),,,统货,/,元/台,三星屏 芯片无破损,image,小米.jpg,数码网报价单-0831更新/手机相关/小米.jpg,1,0.98,visual_legacy_crosscheck
20260831-8d5c98e2573c24fb5341-01,2026-08-31,手机,device,小米,,小米黑鲨3s 5G (12+256),,,开机靓机好,215,元/台,,image,小米.jpg,数码网报价单-0831更新/手机相关/小米.jpg,1,0.98,visual_legacy_crosscheck
20260831-84da10b6afb8bf527773-01,2026-08-31,手机,device,小米,,小米黑鲨3s 5G (12+256),,,开机好碎,215,元/台,,image,小米.jpg,数码网报价单-0831更新/手机相关/小米.jpg,1,0.98,visual_legacy_crosscheck
20260831-bd110cc3ac144e47084d-01,2026-08-31,手机,device,小米,,小米黑鲨3s 5G (12+256),,,开机碎屏,215,元/台,,image,小米.jpg,数码网报价单-0831更新/手机相关/小米.jpg,1,0.98,visual_legacy_crosscheck
20260831-eebdfc800f6b6294286b-01,2026-08-31,手机,device,小米,,小米黑鲨3s 5G (12+256),,,开机压屏机,215,元/台,,image,小米.jpg,数码网报价单-0831更新/手机相关/小米.jpg,1,0.98,visual_legacy_crosscheck
20260831-c094a4d411f8bb85ae23-01,2026-08-31,手机,device,小米,,小米黑鲨3s 5G (12+256),,,不开机,215,元/台,,image,小米.jpg,数码网报价单-0831更新/手机相关/小米.jpg,1,0.98,visual_legacy_crosscheck
20260831-aac9739be90852856be3-01,2026-08-31,手机,device,小米,,小米黑鲨3s 5G (12+256),,,废板·断板,215,元/台,,image,小米.jpg,数码网报价单-0831更新/手机相关/小米.jpg,1,0.98,visual_legacy_crosscheck
20260831-2efc32bdffa3b5ae35f1-01,2026-08-31,手机,device,小米,,小米黑鲨3s 5G (12+256),,,统货,/,元/台,,image,小米.jpg,数码网报价单-0831更新/手机相关/小米.jpg,1,0.98,visual_legacy_crosscheck
20260831-0a49521918166c0827d3-01,2026-08-31,手机,device,小米,,红米K90 (12+512),,,开机靓机好,950,元/台,开机主板靓镜头功能正常 屏花倒充,image,小米.jpg,数码网报价单-0831更新/手机相关/小米.jpg,1,0.98,visual_legacy_crosscheck
20260831-3111681d7787e7384aa5-01,2026-08-31,手机,device,小米,,红米K90 (12+512),,,开机好碎,600,元/台,开机主板靓镜头功能正常 屏花倒充,image,小米.jpg,数码网报价单-0831更新/手机相关/小米.jpg,1,0.98,visual_legacy_crosscheck
20260831-961411a02c5e8878d731-01,2026-08-31,手机,device,小米,,红米K90 (12+512),,,开机碎屏,650,元/台,开机主板靓镜头功能正常 屏花倒充,image,小米.jpg,数码网报价单-0831更新/手机相关/小米.jpg,1,0.98,visual_legacy_crosscheck
20260831-87dfb048fee109e7e5ef-01,2026-08-31,手机,device,小米,,红米K90 (12+512),,,开机压屏机,350,元/台,开机主板靓镜头功能正常 屏花倒充,image,小米.jpg,数码网报价单-0831更新/手机相关/小米.jpg,1,0.98,visual_legacy_crosscheck
20260831-eb0f8056a8e98a81aeef-01,2026-08-31,手机,device,小米,,红米K90 (12+512),,,不开机,270,元/台,开机主板靓镜头功能正常 屏花倒充,image,小米.jpg,数码网报价单-0831更新/手机相关/小米.jpg,1,0.98,visual_legacy_crosscheck
20260831-b49175128ae8817294aa-01,2026-08-31,手机,device,小米,,红米K90 (12+512),,,废板·断板,270,元/台,开机主板靓镜头功能正常 屏花倒充,image,小米.jpg,数码网报价单-0831更新/手机相关/小米.jpg,1,0.98,visual_legacy_crosscheck
20260831-89da1163abbc3ed1958a-01,2026-08-31,手机,device,小米,,红米K90 (12+512),,,统货,/,元/台,开机主板靓镜头功能正常 屏花倒充,image,小米.jpg,数码网报价单-0831更新/手机相关/小米.jpg,1,0.98,visual_legacy_crosscheck
20260831-27d6c361937146a440e3-01,2026-08-31,手机,device,小米,,红米K90 (16+256),,,开机靓机好,950,元/台,开机主板靓镜头功能正常 屏花倒充,image,小米.jpg,数码网报价单-0831更新/手机相关/小米.jpg,1,0.98,visual_legacy_crosscheck
20260831-4ec1637f5fe66c99d972-01,2026-08-31,手机,device,小米,,红米K90 (16+256),,,开机好碎,600,元/台,开机主板靓镜头功能正常 屏花倒充,image,小米.jpg,数码网报价单-0831更新/手机相关/小米.jpg,1,0.98,visual_legacy_crosscheck
20260831-f0132c6800be8773e3cd-01,2026-08-31,手机,device,小米,,红米K90 (16+256),,,开机碎屏,700,元/台,开机主板靓镜头功能正常 屏花倒充,image,小米.jpg,数码网报价单-0831更新/手机相关/小米.jpg,1,0.98,visual_legacy_crosscheck
20260831-cb15c9449600e4ca5238-01,2026-08-31,手机,device,小米,,红米K90 (16+256),,,开机压屏机,350,元/台,开机主板靓镜头功能正常 屏花倒充,image,小米.jpg,数码网报价单-0831更新/手机相关/小米.jpg,1,0.98,visual_legacy_crosscheck
20260831-8cac239d304a87b72991-01,2026-08-31,手机,device,小米,,红米K90 (16+256),,,不开机,350,元/台,开机主板靓镜头功能正常 屏花倒充,image,小米.jpg,数码网报价单-0831更新/手机相关/小米.jpg,1,0.98,visual_legacy_crosscheck
20260831-fafce455cef5aa9bfbf0-01,2026-08-31,手机,device,小米,,红米K90 (16+256),,,废板·断板,350,元/台,开机主板靓镜头功能正常 屏花倒充,image,小米.jpg,数码网报价单-0831更新/手机相关/小米.jpg,1,0.98,visual_legacy_crosscheck
20260831-61e262fdd15723d8a843-01,2026-08-31,手机,device,小米,,红米K90 (16+256),,,统货,/,元/台,开机主板靓镜头功能正常 屏花倒充,image,小米.jpg,数码网报价单-0831更新/手机相关/小米.jpg,1,0.98,visual_legacy_crosscheck
20260831-ac9fbb6cce6d05b21691-01,2026-08-31,手机,device,小米,,红米K90 (16+512),,,开机靓机好,1200,元/台,开机主板靓镜头功能正常 屏花倒充,image,小米.jpg,数码网报价单-0831更新/手机相关/小米.jpg,1,0.98,visual_legacy_crosscheck
20260831-b2fbccae77d9e8f282af-01,2026-08-31,手机,device,小米,,红米K90 (16+512),,,开机好碎,700,元/台,开机主板靓镜头功能正常 屏花倒充,image,小米.jpg,数码网报价单-0831更新/手机相关/小米.jpg,1,0.98,visual_legacy_crosscheck
20260831-40077a5dfecd361ea91c-01,2026-08-31,手机,device,小米,,红米K90 (16+512),,,开机碎屏,800,元/台,开机主板靓镜头功能正常 屏花倒充,image,小米.jpg,数码网报价单-0831更新/手机相关/小米.jpg,1,0.98,visual_legacy_crosscheck
20260831-ef31f77b55340199ff1e-01,2026-08-31,手机,device,小米,,红米K90 (16+512),,,开机压屏机,400,元/台,开机主板靓镜头功能正常 屏花倒充,image,小米.jpg,数码网报价单-0831更新/手机相关/小米.jpg,1,0.98,visual_legacy_crosscheck
20260831-0b6eafbaaaeeb2ba1432-01,2026-08-31,手机,device,小米,,红米K90 (16+512),,,不开机,400,元/台,开机主板靓镜头功能正常 屏花倒充,image,小米.jpg,数码网报价单-0831更新/手机相关/小米.jpg,1,0.98,visual_legacy_crosscheck
20260831-8c12fb143b3f2aefecef-01,2026-08-31,手机,device,小米,,红米K90 (16+512),,,废板·断板,400,元/台,开机主板靓镜头功能正常 屏花倒充,image,小米.jpg,数码网报价单-0831更新/手机相关/小米.jpg,1,0.98,visual_legacy_crosscheck
20260831-59cf9a828687c97f1c5a-01,2026-08-31,手机,device,小米,,红米K90 (16+512),,,统货,/,元/台,开机主板靓镜头功能正常 屏花倒充,image,小米.jpg,数码网报价单-0831更新/手机相关/小米.jpg,1,0.98,visual_legacy_crosscheck
20260831-e3d59646c1926ac6d76f-01,2026-08-31,手机,device,小米,,红米K90 (16+1TB),,,开机靓机好,1400,元/台,开机主板靓镜头功能正常 屏花倒充,image,小米.jpg,数码网报价单-0831更新/手机相关/小米.jpg,1,0.98,visual_legacy_crosscheck
20260831-3067dc618072e36c6739-01,2026-08-31,手机,device,小米,,红米K90 (16+1TB),,,开机好碎,800,元/台,开机主板靓镜头功能正常 屏花倒充,image,小米.jpg,数码网报价单-0831更新/手机相关/小米.jpg,1,0.98,visual_legacy_crosscheck
20260831-3647985c1e3f6fcef1a1-01,2026-08-31,手机,device,小米,,红米K90 (16+1TB),,,开机碎屏,1000,元/台,开机主板靓镜头功能正常 屏花倒充,image,小米.jpg,数码网报价单-0831更新/手机相关/小米.jpg,1,0.98,visual_legacy_crosscheck
20260831-e325d73401f1377173ea-01,2026-08-31,手机,device,小米,,红米K90 (16+1TB),,,开机压屏机,500,元/台,开机主板靓镜头功能正常 屏花倒充,image,小米.jpg,数码网报价单-0831更新/手机相关/小米.jpg,1,0.98,visual_legacy_crosscheck
20260831-2d3d5135909608c38fc7-01,2026-08-31,手机,device,小米,,红米K90 (16+1TB),,,不开机,475,元/台,开机主板靓镜头功能正常 屏花倒充,image,小米.jpg,数码网报价单-0831更新/手机相关/小米.jpg,1,0.98,visual_legacy_crosscheck
20260831-2aee4cfd9a5f524138be-01,2026-08-31,手机,device,小米,,红米K90 (16+1TB),,,废板·断板,475,元/台,开机主板靓镜头功能正常 屏花倒充,image,小米.jpg,数码网报价单-0831更新/手机相关/小米.jpg,1,0.98,visual_legacy_crosscheck
20260831-227910874753ea0da20e-01,2026-08-31,手机,device,小米,,红米K90 (16+1TB),,,统货,/,元/台,开机主板靓镜头功能正常 屏花倒充,image,小米.jpg,数码网报价单-0831更新/手机相关/小米.jpg,1,0.98,visual_legacy_crosscheck
20260831-c6a3c7f0220527d2e8ae-01,2026-08-31,手机,device,小米,,红米K90 (12+256),,,开机靓机好,950,元/台,开机主板靓镜头功能正常 屏花倒充,image,小米.jpg,数码网报价单-0831更新/手机相关/小米.jpg,1,0.98,visual_legacy_crosscheck
20260831-2f25a433d893f2f9129c-01,2026-08-31,手机,device,小米,,红米K90 (12+256),,,开机好碎,600,元/台,开机主板靓镜头功能正常 屏花倒充,image,小米.jpg,数码网报价单-0831更新/手机相关/小米.jpg,1,0.98,visual_legacy_crosscheck
20260831-bf111a7d68d8fcdfebb5-01,2026-08-31,手机,device,小米,,红米K90 (12+256),,,开机碎屏,500,元/台,开机主板靓镜头功能正常 屏花倒充,image,小米.jpg,数码网报价单-0831更新/手机相关/小米.jpg,1,0.98,visual_legacy_crosscheck
20260831-ddb1179931474382a0b7-01,2026-08-31,手机,device,小米,,红米K90 (12+256),,,开机压屏机,300,元/台,开机主板靓镜头功能正常 屏花倒充,image,小米.jpg,数码网报价单-0831更新/手机相关/小米.jpg,1,0.98,visual_legacy_crosscheck
20260831-e6044495e612ccda860d-01,2026-08-31,手机,device,小米,,红米K90 (12+256),,,不开机,215,元/台,开机主板靓镜头功能正常 屏花倒充,image,小米.jpg,数码网报价单-0831更新/手机相关/小米.jpg,1,0.98,visual_legacy_crosscheck
20260831-f07a0a934b40968822cf-01,2026-08-31,手机,device,小米,,红米K90 (12+256),,,废板·断板,215,元/台,开机主板靓镜头功能正常 屏花倒充,image,小米.jpg,数码网报价单-0831更新/手机相关/小米.jpg,1,0.98,visual_legacy_crosscheck
20260831-dcc9ed2a37e3dd6ac54c-01,2026-08-31,手机,device,小米,,红米K90 (12+256),,,统货,/,元/台,开机主板靓镜头功能正常 屏花倒充,image,小米.jpg,数码网报价单-0831更新/手机相关/小米.jpg,1,0.98,visual_legacy_crosscheck
20260831-130467818e68a62b0732-01,2026-08-31,手机,device,小米,,红米K80至尊 (12+256),,,开机靓机好,1300,元/台,开机主板靓镜头功能正常 屏花倒充,image,小米.jpg,数码网报价单-0831更新/手机相关/小米.jpg,1,0.98,visual_legacy_crosscheck
20260831-975ecfb418fae310433c-01,2026-08-31,手机,device,小米,,红米K80至尊 (12+256),,,开机好碎,800,元/台,开机主板靓镜头功能正常 屏花倒充,image,小米.jpg,数码网报价单-0831更新/手机相关/小米.jpg,1,0.98,visual_legacy_crosscheck
20260831-3437a28c3e8a3d9cf847-01,2026-08-31,手机,device,小米,,红米K80至尊 (12+256),,,开机碎屏,700,元/台,开机主板靓镜头功能正常 屏花倒充,image,小米.jpg,数码网报价单-0831更新/手机相关/小米.jpg,1,0.98,visual_legacy_crosscheck
20260831-63595190ebf554658e90-01,2026-08-31,手机,device,小米,,红米K80至尊 (12+256),,,开机压屏机,350,元/台,开机主板靓镜头功能正常 屏花倒充,image,小米.jpg,数码网报价单-0831更新/手机相关/小米.jpg,1,0.98,visual_legacy_crosscheck
20260831-3a5e81da20926bb29c4a-01,2026-08-31,手机,device,小米,,红米K80至尊 (12+256),,,不开机,215,元/台,开机主板靓镜头功能正常 屏花倒充,image,小米.jpg,数码网报价单-0831更新/手机相关/小米.jpg,1,0.98,visual_legacy_crosscheck
20260831-24066054e25cb293532a-01,2026-08-31,手机,device,小米,,红米K80至尊 (12+256),,,废板·断板,215,元/台,开机主板靓镜头功能正常 屏花倒充,image,小米.jpg,数码网报价单-0831更新/手机相关/小米.jpg,1,0.98,visual_legacy_crosscheck
20260831-04fdbe6780ed021bac7b-01,2026-08-31,手机,device,小米,,红米K80至尊 (12+256),,,统货,/,元/台,开机主板靓镜头功能正常 屏花倒充,image,小米.jpg,数码网报价单-0831更新/手机相关/小米.jpg,1,0.98,visual_legacy_crosscheck
20260831-6b330d4777b1830c2528-01,2026-08-31,手机,device,小米,,红米K80Pro (12+512),,,开机靓机好,1300,元/台,,image,小米.jpg,数码网报价单-0831更新/手机相关/小米.jpg,1,0.98,visual_legacy_crosscheck
20260831-861aceda1c34a4d3a162-01,2026-08-31,手机,device,小米,,红米K80Pro (12+512),,,开机好碎,750,元/台,,image,小米.jpg,数码网报价单-0831更新/手机相关/小米.jpg,1,0.98,visual_legacy_crosscheck
20260831-ad6c9d612ad116baa2d2-01,2026-08-31,手机,device,小米,,红米K80Pro (12+512),,,开机碎屏,700,元/台,,image,小米.jpg,数码网报价单-0831更新/手机相关/小米.jpg,1,0.98,visual_legacy_crosscheck
20260831-e1987f58f0801f45fe17-01,2026-08-31,手机,device,小米,,红米K80Pro (12+512),,,开机压屏机,350,元/台,,image,小米.jpg,数码网报价单-0831更新/手机相关/小米.jpg,1,0.98,visual_legacy_crosscheck
20260831-1b37e0a18cd529288f56-01,2026-08-31,手机,device,小米,,红米K80Pro (12+512),,,不开机,265,元/台,,image,小米.jpg,数码网报价单-0831更新/手机相关/小米.jpg,1,0.98,visual_legacy_crosscheck
20260831-5262992785f7222d4540-01,2026-08-31,手机,device,小米,,红米K80Pro (12+512),,,废板·断板,265,元/台,,image,小米.jpg,数码网报价单-0831更新/手机相关/小米.jpg,1,0.98,visual_legacy_crosscheck
20260831-7fe52cc74e11821d0593-01,2026-08-31,手机,device,小米,,红米K80Pro (12+512),,,统货,/,元/台,,image,小米.jpg,数码网报价单-0831更新/手机相关/小米.jpg,1,0.98,visual_legacy_crosscheck
20260831-2e6a971798222b1d81a1-01,2026-08-31,手机,device,小米,,红米K80PR (16+512),,,开机靓机好,1300,元/台,,image,小米.jpg,数码网报价单-0831更新/手机相关/小米.jpg,1,0.98,visual_legacy_crosscheck
20260831-ce3139207fa24f5fc0c8-01,2026-08-31,手机,device,小米,,红米K80PR (16+512),,,开机好碎,750,元/台,,image,小米.jpg,数码网报价单-0831更新/手机相关/小米.jpg,1,0.98,visual_legacy_crosscheck
20260831-a648c0f63bebd26922f3-01,2026-08-31,手机,device,小米,,红米K80PR (16+512),,,开机碎屏,700,元/台,,image,小米.jpg,数码网报价单-0831更新/手机相关/小米.jpg,1,0.98,visual_legacy_crosscheck
20260831-11552dc22a8a04f5b471-01,2026-08-31,手机,device,小米,,红米K80PR (16+512),,,开机压屏机,400,元/台,,image,小米.jpg,数码网报价单-0831更新/手机相关/小米.jpg,1,0.98,visual_legacy_crosscheck
20260831-adf54e8ab4ab56e18ffd-01,2026-08-31,手机,device,小米,,红米K80PR (16+512),,,不开机,400,元/台,,image,小米.jpg,数码网报价单-0831更新/手机相关/小米.jpg,1,0.98,visual_legacy_crosscheck
20260831-4934de0d957c4f072de2-01,2026-08-31,手机,device,小米,,红米K80PR (16+512),,,废板·断板,400,元/台,,image,小米.jpg,数码网报价单-0831更新/手机相关/小米.jpg,1,0.98,visual_legacy_crosscheck
20260831-b50b2668f4e1f5a4bf1b-01,2026-08-31,手机,device,小米,,红米K80PR (16+512),,,统货,/,元/台,,image,小米.jpg,数码网报价单-0831更新/手机相关/小米.jpg,1,0.98,visual_legacy_crosscheck
20260831-870f47028ac3f0924c8c-01,2026-08-31,手机,device,小米,,红米K80Pro (16+1TB),,,开机靓机好,1300,元/台,,image,小米.jpg,数码网报价单-0831更新/手机相关/小米.jpg,1,0.98,visual_legacy_crosscheck
20260831-b273e421b8fd621aa5be-01,2026-08-31,手机,device,小米,,红米K80Pro (16+1TB),,,开机好碎,750,元/台,,image,小米.jpg,数码网报价单-0831更新/手机相关/小米.jpg,1,0.98,visual_legacy_crosscheck
20260831-eeeb5049e4dbaa06b9ae-01,2026-08-31,手机,device,小米,,红米K80Pro (16+1TB),,,开机碎屏,700,元/台,,image,小米.jpg,数码网报价单-0831更新/手机相关/小米.jpg,1,0.98,visual_legacy_crosscheck
20260831-5eb83c1a671388916073-01,2026-08-31,手机,device,小米,,红米K80Pro (16+1TB),,,开机压屏机,475,元/台,,image,小米.jpg,数码网报价单-0831更新/手机相关/小米.jpg,1,0.98,visual_legacy_crosscheck
20260831-76e77dedd20e92c1aef2-01,2026-08-31,手机,device,小米,,红米K80Pro (16+1TB),,,不开机,475,元/台,,image,小米.jpg,数码网报价单-0831更新/手机相关/小米.jpg,1,0.98,visual_legacy_crosscheck
20260831-63528290fe51e68721f1-01,2026-08-31,手机,device,小米,,红米K80Pro (16+1TB),,,废板·断板,475,元/台,,image,小米.jpg,数码网报价单-0831更新/手机相关/小米.jpg,1,0.98,visual_legacy_crosscheck
20260831-62bf534365fb5948353d-01,2026-08-31,手机,device,小米,,红米K80Pro (16+1TB),,,统货,/,元/台,,image,小米.jpg,数码网报价单-0831更新/手机相关/小米.jpg,1,0.98,visual_legacy_crosscheck
20260831-f34aef63d82f328b4bd9-01,2026-08-31,手机,device,小米,,红米K80Pro (12+256),,,开机靓机好,1300,元/台,,image,小米.jpg,数码网报价单-0831更新/手机相关/小米.jpg,1,0.98,visual_legacy_crosscheck
20260831-41609582254fb549f910-01,2026-08-31,手机,device,小米,,红米K80Pro (12+256),,,开机好碎,750,元/台,,image,小米.jpg,数码网报价单-0831更新/手机相关/小米.jpg,1,0.98,visual_legacy_crosscheck
20260831-9f0bbe588dff0a1074c5-01,2026-08-31,手机,device,小米,,红米K80Pro (12+256),,,开机碎屏,700,元/台,,image,小米.jpg,数码网报价单-0831更新/手机相关/小米.jpg,1,0.98,visual_legacy_crosscheck
20260831-f12ae7a81fd095da0ed4-01,2026-08-31,手机,device,小米,,红米K80Pro (12+256),,,开机压屏机,350,元/台,,image,小米.jpg,数码网报价单-0831更新/手机相关/小米.jpg,1,0.98,visual_legacy_crosscheck
20260831-d2f2ff285bab2cd0ad1c-01,2026-08-31,手机,device,小米,,红米K80Pro (12+256),,,不开机,215,元/台,,image,小米.jpg,数码网报价单-0831更新/手机相关/小米.jpg,1,0.98,visual_legacy_crosscheck
20260831-9f5fd7afe7220adfac2c-01,2026-08-31,手机,device,小米,,红米K80Pro (12+256),,,废板·断板,215,元/台,,image,小米.jpg,数码网报价单-0831更新/手机相关/小米.jpg,1,0.98,visual_legacy_crosscheck
20260831-2102125784936d0a55db-01,2026-08-31,手机,device,小米,,红米K80Pro (12+256),,,统货,/,元/台,,image,小米.jpg,数码网报价单-0831更新/手机相关/小米.jpg,1,0.98,visual_legacy_crosscheck
20260831-3bc92efb6b8a36d3d515-01,2026-08-31,手机,device,小米,,红米K80 (16+512),,,开机靓机好,900,元/台,,image,小米.jpg,数码网报价单-0831更新/手机相关/小米.jpg,1,0.98,visual_legacy_crosscheck
20260831-6ce26996a4f40f173aff-01,2026-08-31,手机,device,小米,,红米K80 (16+512),,,开机好碎,500,元/台,,image,小米.jpg,数码网报价单-0831更新/手机相关/小米.jpg,1,0.98,visual_legacy_crosscheck
20260831-b02c7a46da0b5ee68d75-01,2026-08-31,手机,device,小米,,红米K80 (16+512),,,开机碎屏,550,元/台,,image,小米.jpg,数码网报价单-0831更新/手机相关/小米.jpg,1,0.98,visual_legacy_crosscheck
20260831-7a312f158fc2430d4f01-01,2026-08-31,手机,device,小米,,红米K80 (16+512),,,开机压屏机,350,元/台,,image,小米.jpg,数码网报价单-0831更新/手机相关/小米.jpg,1,0.98,visual_legacy_crosscheck
20260831-a95b5df61ed511378b8d-01,2026-08-31,手机,device,小米,,红米K80 (16+512),,,不开机,350,元/台,,image,小米.jpg,数码网报价单-0831更新/手机相关/小米.jpg,1,0.98,visual_legacy_crosscheck
20260831-1c5cee6e09f35fe65861-01,2026-08-31,手机,device,小米,,红米K80 (16+512),,,废板·断板,350,元/台,,image,小米.jpg,数码网报价单-0831更新/手机相关/小米.jpg,1,0.98,visual_legacy_crosscheck
20260831-528b51e54c5ff7020a17-01,2026-08-31,手机,device,小米,,红米K80 (16+512),,,统货,/,元/台,,image,小米.jpg,数码网报价单-0831更新/手机相关/小米.jpg,1,0.98,visual_legacy_crosscheck
20260831-0ca9e393b7ba5d0521b9-01,2026-08-31,手机,device,小米,,红米K80 (12+256),,,开机靓机好,900,元/台,,image,小米.jpg,数码网报价单-0831更新/手机相关/小米.jpg,1,0.98,visual_legacy_crosscheck
20260831-4942b6db7dfd7fb6bb19-01,2026-08-31,手机,device,小米,,红米K80 (12+256),,,开机好碎,500,元/台,,image,小米.jpg,数码网报价单-0831更新/手机相关/小米.jpg,1,0.98,visual_legacy_crosscheck
20260831-e0744f78bc437cbfe56a-01,2026-08-31,手机,device,小米,,红米K80 (12+256),,,开机碎屏,550,元/台,,image,小米.jpg,数码网报价单-0831更新/手机相关/小米.jpg,1,0.98,visual_legacy_crosscheck
20260831-591612e92f794f7453d1-01,2026-08-31,手机,device,小米,,红米K80 (12+256),,,开机压屏机,265,元/台,,image,小米.jpg,数码网报价单-0831更新/手机相关/小米.jpg,1,0.98,visual_legacy_crosscheck
20260831-805ef5fe2fe71b05bb74-01,2026-08-31,手机,device,小米,,红米K80 (12+256),,,不开机,265,元/台,,image,小米.jpg,数码网报价单-0831更新/手机相关/小米.jpg,1,0.98,visual_legacy_crosscheck
20260831-fe68d89128c1b697db0f-01,2026-08-31,手机,device,小米,,红米K80 (12+256),,,废板·断板,265,元/台,,image,小米.jpg,数码网报价单-0831更新/手机相关/小米.jpg,1,0.98,visual_legacy_crosscheck
20260831-56f8d81a338ce71997b3-01,2026-08-31,手机,device,小米,,红米K80 (12+256),,,统货,/,元/台,,image,小米.jpg,数码网报价单-0831更新/手机相关/小米.jpg,1,0.98,visual_legacy_crosscheck
20260831-12e5f5b15fffee0fd536-01,2026-08-31,手机,device,小米,,红米K80 (12+512),,,开机靓机好,900,元/台,,image,小米.jpg,数码网报价单-0831更新/手机相关/小米.jpg,1,0.98,visual_legacy_crosscheck
20260831-3c0f6a59d7fbe579fe5b-01,2026-08-31,手机,device,小米,,红米K80 (12+512),,,开机好碎,500,元/台,,image,小米.jpg,数码网报价单-0831更新/手机相关/小米.jpg,1,0.98,visual_legacy_crosscheck
20260831-243402e243117212efdb-01,2026-08-31,手机,device,小米,,红米K80 (12+512),,,开机碎屏,550,元/台,,image,小米.jpg,数码网报价单-0831更新/手机相关/小米.jpg,1,0.98,visual_legacy_crosscheck
20260831-b87bf3b9c16c666b4491-01,2026-08-31,手机,device,小米,,红米K80 (12+512),,,开机压屏机,400,元/台,,image,小米.jpg,数码网报价单-0831更新/手机相关/小米.jpg,1,0.98,visual_legacy_crosscheck
20260831-e7f4daa4e9b0019eaa7f-01,2026-08-31,手机,device,小米,,红米K80 (12+512),,,不开机,400,元/台,,image,小米.jpg,数码网报价单-0831更新/手机相关/小米.jpg,1,0.98,visual_legacy_crosscheck
20260831-17137998ff2f2fa29373-01,2026-08-31,手机,device,小米,,红米K80 (12+512),,,废板·断板,400,元/台,,image,小米.jpg,数码网报价单-0831更新/手机相关/小米.jpg,1,0.98,visual_legacy_crosscheck
20260831-b7f616fb80555e96d8da-01,2026-08-31,手机,device,小米,,红米K80 (12+512),,,统货,/,元/台,,image,小米.jpg,数码网报价单-0831更新/手机相关/小米.jpg,1,0.98,visual_legacy_crosscheck
20260831-adfea4feefe5bdc7eddf-01,2026-08-31,手机,device,小米,,红米K80 (16+1TB),,,开机靓机好,900,元/台,,image,小米.jpg,数码网报价单-0831更新/手机相关/小米.jpg,1,0.98,visual_legacy_crosscheck
20260831-81e000a1cd0e53232ea5-01,2026-08-31,手机,device,小米,,红米K80 (16+1TB),,,开机好碎,550,元/台,,image,小米.jpg,数码网报价单-0831更新/手机相关/小米.jpg,1,0.98,visual_legacy_crosscheck
20260831-832e02e1701259380bed-01,2026-08-31,手机,device,小米,,红米K80 (16+1TB),,,开机碎屏,550,元/台,,image,小米.jpg,数码网报价单-0831更新/手机相关/小米.jpg,1,0.98,visual_legacy_crosscheck
20260831-e4bdadb20295ea5a618e-01,2026-08-31,手机,device,小米,,红米K80 (16+1TB),,,开机压屏机,475,元/台,,image,小米.jpg,数码网报价单-0831更新/手机相关/小米.jpg,1,0.98,visual_legacy_crosscheck
20260831-4ec9bd67712f7d1c5537-01,2026-08-31,手机,device,小米,,红米K80 (16+1TB),,,不开机,475,元/台,,image,小米.jpg,数码网报价单-0831更新/手机相关/小米.jpg,1,0.98,visual_legacy_crosscheck
20260831-de53960ca7028f318037-01,2026-08-31,手机,device,小米,,红米K80 (16+1TB),,,废板·断板,475,元/台,,image,小米.jpg,数码网报价单-0831更新/手机相关/小米.jpg,1,0.98,visual_legacy_crosscheck
20260831-6f4482ed1d866d579291-01,2026-08-31,手机,device,小米,,红米K80 (16+1TB),,,统货,/,元/台,,image,小米.jpg,数码网报价单-0831更新/手机相关/小米.jpg,1,0.98,visual_legacy_crosscheck
20260831-86fd657b4e50fa57e414-01,2026-08-31,手机,device,小米,,红米K80 (16+1TB),,,开机好碎,500,元/台,三星屏 主板靓爆皮 统货芯片无破损 比例正常,image,小米.jpg,数码网报价单-0831更新/手机相关/小米.jpg,1,0.98,visual_legacy_crosscheck
20260831-18f8252f3e4f1cdb262b-01,2026-08-31,手机,device,小米,,红米K80 (16+1TB),,,开机压屏机,250,元/台,三星屏 主板靓爆皮 统货芯片无破损 比例正常,image,小米.jpg,数码网报价单-0831更新/手机相关/小米.jpg,1,0.98,visual_legacy_crosscheck
20260831-5ab21145749a68396dda-01,2026-08-31,手机,device,小米,,红米K80 (16+1TB),,,不开机,215,元/台,三星屏 主板靓爆皮 统货芯片无破损 比例正常,image,小米.jpg,数码网报价单-0831更新/手机相关/小米.jpg,1,0.98,visual_legacy_crosscheck
20260831-654083ca2b897b35e4fd-01,2026-08-31,手机,device,小米,,红米K80 (16+1TB),,,废板·断板,215,元/台,三星屏 主板靓爆皮 统货芯片无破损 比例正常,image,小米.jpg,数码网报价单-0831更新/手机相关/小米.jpg,1,0.98,visual_legacy_crosscheck
20260831-8e217f8702a34b194a82-01,2026-08-31,手机,device,小米,,红米k70至尊 (12+256),,,开机靓机好,600,元/台,三星屏 主板靓主板头靓 开机统货芯片无破损,image,小米.jpg,数码网报价单-0831更新/手机相关/小米.jpg,1,0.98,visual_legacy_crosscheck
20260831-5e114a85c37a234527f1-01,2026-08-31,手机,device,小米,,红米k70至尊 (12+256),,,开机好碎,400,元/台,三星屏 主板靓主板头靓 开机统货芯片无破损,image,小米.jpg,数码网报价单-0831更新/手机相关/小米.jpg,1,0.98,visual_legacy_crosscheck
20260831-3e7652611a8a4585adfd-01,2026-08-31,手机,device,小米,,红米k70至尊 (12+256),,,开机碎屏,500,元/台,三星屏 主板靓主板头靓 开机统货芯片无破损,image,小米.jpg,数码网报价单-0831更新/手机相关/小米.jpg,1,0.98,visual_legacy_crosscheck
20260831-60e59d1b11e1c61df44a-01,2026-08-31,手机,device,小米,,红米k70至尊 (12+256),,,开机压屏机,350,元/台,三星屏 主板靓主板头靓 开机统货芯片无破损,image,小米.jpg,数码网报价单-0831更新/手机相关/小米.jpg,1,0.98,visual_legacy_crosscheck
20260831-08191270fa1aea9b62f0-01,2026-08-31,手机,device,小米,,红米k70至尊 (12+256),,,不开机,215,元/台,三星屏 主板靓主板头靓 开机统货芯片无破损,image,小米.jpg,数码网报价单-0831更新/手机相关/小米.jpg,1,0.98,visual_legacy_crosscheck
20260831-a13c1d986eb205b8c960-01,2026-08-31,手机,device,小米,,红米k70至尊 (12+256),,,废板·断板,215,元/台,三星屏 主板靓主板头靓 开机统货芯片无破损,image,小米.jpg,数码网报价单-0831更新/手机相关/小米.jpg,1,0.98,visual_legacy_crosscheck
20260831-a5d67f4467d81dcaa1c2-01,2026-08-31,手机,device,小米,,红米k70至尊 (12+256),,,统货,/,元/台,三星屏 主板靓主板头靓 开机统货芯片无破损,image,小米.jpg,数码网报价单-0831更新/手机相关/小米.jpg,1,0.98,visual_legacy_crosscheck
20260831-f7629a05bd0ca8e5abe2-01,2026-08-31,手机,device,小米,,红米k70Pro (16+256),,,开机靓机好,500,元/台,开机主板靓镜头正常 统货芯片无破损,image,小米.jpg,数码网报价单-0831更新/手机相关/小米.jpg,1,0.98,visual_legacy_crosscheck
20260831-e084021733e222f51092-01,2026-08-31,手机,device,小米,,红米k70Pro (16+256),,,开机好碎,400,元/台,开机主板靓镜头正常 统货芯片无破损,image,小米.jpg,数码网报价单-0831更新/手机相关/小米.jpg,1,0.98,visual_legacy_crosscheck
20260831-f1e3049c013038d660b4-01,2026-08-31,手机,device,小米,,红米k70Pro (16+256),,,开机碎屏,450,元/台,开机主板靓镜头正常 统货芯片无破损,image,小米.jpg,数码网报价单-0831更新/手机相关/小米.jpg,1,0.98,visual_legacy_crosscheck
20260831-612afb450ffc610e538f-01,2026-08-31,手机,device,小米,,红米k70Pro (16+256),,,开机压屏机,300,元/台,开机主板靓镜头正常 统货芯片无破损,image,小米.jpg,数码网报价单-0831更新/手机相关/小米.jpg,1,0.98,visual_legacy_crosscheck
20260831-16e2ae5eb32753dc5afc-01,2026-08-31,手机,device,小米,,红米k70Pro (16+256),,,不开机,215,元/台,开机主板靓镜头正常 统货芯片无破损,image,小米.jpg,数码网报价单-0831更新/手机相关/小米.jpg,1,0.98,visual_legacy_crosscheck
20260831-4c88e3dced1272cecce8-01,2026-08-31,手机,device,小米,,红米k70Pro (16+256),,,废板·断板,215,元/台,开机主板靓镜头正常 统货芯片无破损,image,小米.jpg,数码网报价单-0831更新/手机相关/小米.jpg,1,0.98,visual_legacy_crosscheck
20260831-29e9065970f11ec34f76-01,2026-08-31,手机,device,小米,,红米k70Pro (16+256),,,统货,/,元/台,开机主板靓镜头正常 统货芯片无破损,image,小米.jpg,数码网报价单-0831更新/手机相关/小米.jpg,1,0.98,visual_legacy_crosscheck
20260831-1c3c5e714e3610505a7c-01,2026-08-31,手机,device,小米,,红米k70Pro (12+256),,,开机靓机好,500,元/台,,image,小米.jpg,数码网报价单-0831更新/手机相关/小米.jpg,1,0.98,visual_legacy_crosscheck
20260831-f460bdc29aa072e3835a-01,2026-08-31,手机,device,小米,,红米k70Pro (12+256),,,开机好碎,450,元/台,,image,小米.jpg,数码网报价单-0831更新/手机相关/小米.jpg,1,0.98,visual_legacy_crosscheck
20260831-4edb3ae7ba1714325497-01,2026-08-31,手机,device,小米,,红米k70Pro (12+256),,,开机碎屏,450,元/台,,image,小米.jpg,数码网报价单-0831更新/手机相关/小米.jpg,1,0.98,visual_legacy_crosscheck
20260831-aab7090717ba7a2fb163-01,2026-08-31,手机,device,小米,,红米k70Pro (12+256),,,开机压屏机,350,元/台,,image,小米.jpg,数码网报价单-0831更新/手机相关/小米.jpg,1,0.98,visual_legacy_crosscheck
20260831-0b2105d18654854849c9-01,2026-08-31,手机,device,小米,,红米k70Pro (12+256),,,不开机,350,元/台,,image,小米.jpg,数码网报价单-0831更新/手机相关/小米.jpg,1,0.98,visual_legacy_crosscheck
20260831-e5881f2c828a9ffe6c87-01,2026-08-31,手机,device,小米,,红米k70Pro (12+256),,,废板·断板,350,元/台,,image,小米.jpg,数码网报价单-0831更新/手机相关/小米.jpg,1,0.98,visual_legacy_crosscheck
20260831-4dfefaa54bca0b7e3e97-01,2026-08-31,手机,device,小米,,红米k70Pro (12+256),,,统货,/,元/台,,image,小米.jpg,数码网报价单-0831更新/手机相关/小米.jpg,1,0.98,visual_legacy_crosscheck
20260831-7b12a6c048b9761c4533-01,2026-08-31,手机,device,小米,,红米k70Pro (12+512),,,开机靓机好,500,元/台,开机主板靓统货芯片无破损,image,小米.jpg,数码网报价单-0831更新/手机相关/小米.jpg,1,0.98,visual_legacy_crosscheck
20260831-3fedfa717c6ec1a21f33-01,2026-08-31,手机,device,小米,,红米k70Pro (12+512),,,开机好碎,400,元/台,开机主板靓统货芯片无破损,image,小米.jpg,数码网报价单-0831更新/手机相关/小米.jpg,1,0.98,visual_legacy_crosscheck
20260831-e503f1d23199f804f575-01,2026-08-31,手机,device,小米,,红米k70Pro (12+512),,,开机碎屏,450,元/台,开机主板靓统货芯片无破损,image,小米.jpg,数码网报价单-0831更新/手机相关/小米.jpg,1,0.98,visual_legacy_crosscheck
20260831-ce02d9fca29eddf1c92f-01,2026-08-31,手机,device,小米,,红米k70Pro (12+512),,,开机压屏机,300,元/台,开机主板靓统货芯片无破损,image,小米.jpg,数码网报价单-0831更新/手机相关/小米.jpg,1,0.98,visual_legacy_crosscheck
20260831-872a9501fbe30da1e0a2-01,2026-08-31,手机,device,小米,,红米k70Pro (12+512),,,不开机,270,元/台,开机主板靓统货芯片无破损,image,小米.jpg,数码网报价单-0831更新/手机相关/小米.jpg,1,0.98,visual_legacy_crosscheck
20260831-4b77606e2e02c5ab1eb0-01,2026-08-31,手机,device,小米,,红米k70Pro (12+512),,,废板·断板,270,元/台,开机主板靓统货芯片无破损,image,小米.jpg,数码网报价单-0831更新/手机相关/小米.jpg,1,0.98,visual_legacy_crosscheck
20260831-d75c6e239157ddb4dd89-01,2026-08-31,手机,device,小米,,红米k70Pro (12+512),,,统货,/,元/台,开机主板靓统货芯片无破损,image,小米.jpg,数码网报价单-0831更新/手机相关/小米.jpg,1,0.98,visual_legacy_crosscheck
20260831-a4b1f2dd87203883a29d-01,2026-08-31,手机,device,小米,,红米K70Pro (16+512),,,开机靓机好,500,元/台,,image,小米.jpg,数码网报价单-0831更新/手机相关/小米.jpg,1,0.98,visual_legacy_crosscheck
20260831-bc46a842a7012a1150e2-01,2026-08-31,手机,device,小米,,红米K70Pro (16+512),,,开机好碎,450,元/台,,image,小米.jpg,数码网报价单-0831更新/手机相关/小米.jpg,1,0.98,visual_legacy_crosscheck
20260831-6137fe08610350093844-01,2026-08-31,手机,device,小米,,红米K70Pro (16+512),,,开机碎屏,450,元/台,,image,小米.jpg,数码网报价单-0831更新/手机相关/小米.jpg,1,0.98,visual_legacy_crosscheck
20260831-a027c07be6d5fd647a53-01,2026-08-31,手机,device,小米,,红米K70Pro (16+512),,,开机压屏机,400,元/台,,image,小米.jpg,数码网报价单-0831更新/手机相关/小米.jpg,1,0.98,visual_legacy_crosscheck
20260831-24e771aa218541c86923-01,2026-08-31,手机,device,小米,,红米K70Pro (16+512),,,不开机,400,元/台,,image,小米.jpg,数码网报价单-0831更新/手机相关/小米.jpg,1,0.98,visual_legacy_crosscheck
20260831-16c53ced58a9034d692a-01,2026-08-31,手机,device,小米,,红米K70Pro (16+512),,,废板·断板,400,元/台,,image,小米.jpg,数码网报价单-0831更新/手机相关/小米.jpg,1,0.98,visual_legacy_crosscheck
20260831-07df4eaa594aea05723d-01,2026-08-31,手机,device,小米,,红米K70Pro (16+512),,,统货,/,元/台,,image,小米.jpg,数码网报价单-0831更新/手机相关/小米.jpg,1,0.98,visual_legacy_crosscheck
20260831-742bfc5c96654197934a-01,2026-08-31,手机,device,小米,,红米K70Pro (24+1TB),,,开机靓机好,600,元/台,,image,小米.jpg,数码网报价单-0831更新/手机相关/小米.jpg,1,0.98,visual_legacy_crosscheck
20260831-b5f8f04bb06eaba85829-01,2026-08-31,手机,device,小米,,红米K70Pro (24+1TB),,,开机好碎,505,元/台,,image,小米.jpg,数码网报价单-0831更新/手机相关/小米.jpg,1,0.98,visual_legacy_crosscheck
20260831-a8a047750cd5c979b692-01,2026-08-31,手机,device,小米,,红米K70Pro (24+1TB),,,开机碎屏,550,元/台,,image,小米.jpg,数码网报价单-0831更新/手机相关/小米.jpg,1,0.98,visual_legacy_crosscheck
20260831-aa0c0753443945331fb2-01,2026-08-31,手机,device,小米,,红米K70Pro (24+1TB),,,开机压屏机,505,元/台,,image,小米.jpg,数码网报价单-0831更新/手机相关/小米.jpg,1,0.98,visual_legacy_crosscheck
20260831-09ff0235ec8ac822171b-01,2026-08-31,手机,device,小米,,红米K70Pro (24+1TB),,,不开机,505,元/台,,image,小米.jpg,数码网报价单-0831更新/手机相关/小米.jpg,1,0.98,visual_legacy_crosscheck
20260831-4dce84473eb7ad5c8886-01,2026-08-31,手机,device,小米,,红米K70Pro (24+1TB),,,废板·断板,505,元/台,,image,小米.jpg,数码网报价单-0831更新/手机相关/小米.jpg,1,0.98,visual_legacy_crosscheck
20260831-d2669f2bea9afc0913ae-01,2026-08-31,手机,device,小米,,红米K70Pro (24+1TB),,,统货,/,元/台,,image,小米.jpg,数码网报价单-0831更新/手机相关/小米.jpg,1,0.98,visual_legacy_crosscheck
20260831-3594387de7473b236fc6-01,2026-08-31,手机,device,小米,,红米K70 (12+256),,,开机靓机好,450,元/台,开机主板靓功能正常 屏花倒充 统货要求芯片无破损比例正常,image,小米.jpg,数码网报价单-0831更新/手机相关/小米.jpg,1,0.98,visual_legacy_crosscheck
20260831-efb503d9c74cfa86748f-01,2026-08-31,手机,device,小米,,红米K70 (12+256),,,开机好碎,350,元/台,开机主板靓功能正常 屏花倒充 统货要求芯片无破损比例正常,image,小米.jpg,数码网报价单-0831更新/手机相关/小米.jpg,1,0.98,visual_legacy_crosscheck
20260831-1b1e5b151dbf1556a729-01,2026-08-31,手机,device,小米,,红米K70 (12+256),,,开机碎屏,400,元/台,开机主板靓功能正常 屏花倒充 统货要求芯片无破损比例正常,image,小米.jpg,数码网报价单-0831更新/手机相关/小米.jpg,1,0.98,visual_legacy_crosscheck
20260831-c18480d00086b065954a-01,2026-08-31,手机,device,小米,,红米K70 (12+256),,,开机压屏机,350,元/台,开机主板靓功能正常 屏花倒充 统货要求芯片无破损比例正常,image,小米.jpg,数码网报价单-0831更新/手机相关/小米.jpg,1,0.98,visual_legacy_crosscheck
20260831-0e696a34ae506fcb337a-01,2026-08-31,手机,device,小米,,红米K70 (12+256),,,不开机,350,元/台,开机主板靓功能正常 屏花倒充 统货要求芯片无破损比例正常,image,小米.jpg,数码网报价单-0831更新/手机相关/小米.jpg,1,0.98,visual_legacy_crosscheck
20260831-b269a526a80b3292d282-01,2026-08-31,手机,device,小米,,红米K70 (12+256),,,废板·断板,350,元/台,开机主板靓功能正常 屏花倒充 统货要求芯片无破损比例正常,image,小米.jpg,数码网报价单-0831更新/手机相关/小米.jpg,1,0.98,visual_legacy_crosscheck
20260831-1a1d5d8869885505d4cd-01,2026-08-31,手机,device,小米,,红米K70 (12+256),,,统货,/,元/台,开机主板靓功能正常 屏花倒充 统货要求芯片无破损比例正常,image,小米.jpg,数码网报价单-0831更新/手机相关/小米.jpg,1,0.98,visual_legacy_crosscheck
20260831-75810fabb070b7a3d901-01,2026-08-31,手机,device,小米,,红米k70 (12+512),,,开机靓机好,400,元/台,开机主板靓功能正常 屏花倒充 统货要求主板比例正常,image,小米.jpg,数码网报价单-0831更新/手机相关/小米.jpg,1,0.98,visual_legacy_crosscheck
20260831-f498c7b1b5917a49b57e-01,2026-08-31,手机,device,小米,,红米k70 (12+512),,,开机好碎,265,元/台,开机主板靓功能正常 屏花倒充 统货要求主板比例正常,image,小米.jpg,数码网报价单-0831更新/手机相关/小米.jpg,1,0.98,visual_legacy_crosscheck
20260831-2e7a00d7a4c2715d85de-01,2026-08-31,手机,device,小米,,红米k70 (12+512),,,开机碎屏,350,元/台,开机主板靓功能正常 屏花倒充 统货要求主板比例正常,image,小米.jpg,数码网报价单-0831更新/手机相关/小米.jpg,1,0.98,visual_legacy_crosscheck
20260831-cccd4601a9473be2d683-01,2026-08-31,手机,device,小米,,红米k70 (12+512),,,开机压屏机,270,元/台,开机主板靓功能正常 屏花倒充 统货要求主板比例正常,image,小米.jpg,数码网报价单-0831更新/手机相关/小米.jpg,1,0.98,visual_legacy_crosscheck
20260831-628edbf6235201454c1c-01,2026-08-31,手机,device,小米,,红米k70 (12+512),,,不开机,270,元/台,开机主板靓功能正常 屏花倒充 统货要求主板比例正常,image,小米.jpg,数码网报价单-0831更新/手机相关/小米.jpg,1,0.98,visual_legacy_crosscheck
20260831-b5f466ab4c16315696fe-01,2026-08-31,手机,device,小米,,红米k70 (12+512),,,废板·断板,270,元/台,开机主板靓功能正常 屏花倒充 统货要求主板比例正常,image,小米.jpg,数码网报价单-0831更新/手机相关/小米.jpg,1,0.98,visual_legacy_crosscheck
20260831-9bb809781a572e81a86e-01,2026-08-31,手机,device,小米,,红米k70 (12+512),,,统货,/,元/台,开机主板靓功能正常 屏花倒充 统货要求主板比例正常,image,小米.jpg,数码网报价单-0831更新/手机相关/小米.jpg,1,0.98,visual_legacy_crosscheck
20260831-8e7429b9ec135af1488e-01,2026-08-31,手机,device,小米,,红米k70 (16+512),,,开机靓机好,500,元/台,开机主板靓功能正常 屏花倒充 统货要求主板比例正常,image,小米.jpg,数码网报价单-0831更新/手机相关/小米.jpg,1,0.98,visual_legacy_crosscheck
20260831-96186a2b967f1b4a38c1-01,2026-08-31,手机,device,小米,,红米k70 (16+512),,,开机好碎,400,元/台,开机主板靓功能正常 屏花倒充 统货要求主板比例正常,image,小米.jpg,数码网报价单-0831更新/手机相关/小米.jpg,1,0.98,visual_legacy_crosscheck
20260831-f17126af291bb2d581fc-01,2026-08-31,手机,device,小米,,红米k70 (16+512),,,开机碎屏,450,元/台,开机主板靓功能正常 屏花倒充 统货要求主板比例正常,image,小米.jpg,数码网报价单-0831更新/手机相关/小米.jpg,1,0.98,visual_legacy_crosscheck
20260831-30905db9d08c927f62f5-01,2026-08-31,手机,device,小米,,红米k70 (16+512),,,开机压屏机,400,元/台,开机主板靓功能正常 屏花倒充 统货要求主板比例正常,image,小米.jpg,数码网报价单-0831更新/手机相关/小米.jpg,1,0.98,visual_legacy_crosscheck
20260831-56304bac4f98f6adda27-01,2026-08-31,手机,device,小米,,红米k70 (16+512),,,不开机,400,元/台,开机主板靓功能正常 屏花倒充 统货要求主板比例正常,image,小米.jpg,数码网报价单-0831更新/手机相关/小米.jpg,1,0.98,visual_legacy_crosscheck
20260831-14479407bf5934c3cc89-01,2026-08-31,手机,device,小米,,红米k70 (16+512),,,废板·断板,400,元/台,开机主板靓功能正常 屏花倒充 统货要求主板比例正常,image,小米.jpg,数码网报价单-0831更新/手机相关/小米.jpg,1,0.98,visual_legacy_crosscheck
20260831-198c95f76529924cdc0a-01,2026-08-31,手机,device,小米,,红米k70 (16+512),,,统货,/,元/台,开机主板靓功能正常 屏花倒充 统货要求主板比例正常,image,小米.jpg,数码网报价单-0831更新/手机相关/小米.jpg,1,0.98,visual_legacy_crosscheck
20260831-608c95f056b1f026980c-01,2026-08-31,手机,device,小米,,红米k70 (16+256),,,开机靓机好,400,元/台,三星屏 主板靓爆皮靓 开机主板靓功能正常,image,小米.jpg,数码网报价单-0831更新/手机相关/小米.jpg,1,0.98,visual_legacy_crosscheck
20260831-5fe2c70ff174863bf9af-01,2026-08-31,手机,device,小米,,红米k70 (16+256),,,开机好碎,215,元/台,三星屏 主板靓爆皮靓 开机主板靓功能正常,image,小米.jpg,数码网报价单-0831更新/手机相关/小米.jpg,1,0.98,visual_legacy_crosscheck
20260831-e1da251c1df2dbb2d08a-01,2026-08-31,手机,device,小米,,红米k70 (16+256),,,开机碎屏,350,元/台,三星屏 主板靓爆皮靓 开机主板靓功能正常,image,小米.jpg,数码网报价单-0831更新/手机相关/小米.jpg,1,0.98,visual_legacy_crosscheck
20260831-0b43d8d593ec11da5cb8-01,2026-08-31,手机,device,小米,,红米k70 (16+256),,,开机压屏机,215,元/台,三星屏 主板靓爆皮靓 开机主板靓功能正常,image,小米.jpg,数码网报价单-0831更新/手机相关/小米.jpg,1,0.98,visual_legacy_crosscheck
20260831-e5277bfc31e92857f6f5-01,2026-08-31,手机,device,小米,,红米k70 (16+256),,,不开机,215,元/台,三星屏 主板靓爆皮靓 开机主板靓功能正常,image,小米.jpg,数码网报价单-0831更新/手机相关/小米.jpg,1,0.98,visual_legacy_crosscheck
20260831-dfd173068f6552f33196-01,2026-08-31,手机,device,小米,,红米k70 (16+256),,,废板·断板,215,元/台,三星屏 主板靓爆皮靓 开机主板靓功能正常,image,小米.jpg,数码网报价单-0831更新/手机相关/小米.jpg,1,0.98,visual_legacy_crosscheck
20260831-ec2b53266c653d3b3cd9-01,2026-08-31,手机,device,小米,,红米k70 (16+256),,,统货,/,元/台,三星屏 主板靓爆皮靓 开机主板靓功能正常,image,小米.jpg,数码网报价单-0831更新/手机相关/小米.jpg,1,0.98,visual_legacy_crosscheck
20260831-90068d11dd7e5c4d3140-01,2026-08-31,手机,device,小米,,红米k70 (16+1TB),,,开机靓机好,550,元/台,开机主板靓功能正常 屏花倒充 统货要求主板比例正常,image,小米.jpg,数码网报价单-0831更新/手机相关/小米.jpg,1,0.98,visual_legacy_crosscheck
20260831-2b91dcf7e676f836b47e-01,2026-08-31,手机,device,小米,,红米k70 (16+1TB),,,开机好碎,475,元/台,开机主板靓功能正常 屏花倒充 统货要求主板比例正常,image,小米.jpg,数码网报价单-0831更新/手机相关/小米.jpg,1,0.98,visual_legacy_crosscheck
20260831-595760c935846aa8783c-01,2026-08-31,手机,device,小米,,红米k70 (16+1TB),,,开机碎屏,500,元/台,开机主板靓功能正常 屏花倒充 统货要求主板比例正常,image,小米.jpg,数码网报价单-0831更新/手机相关/小米.jpg,1,0.98,visual_legacy_crosscheck
20260831-d41adf1c72482e8967b0-01,2026-08-31,手机,device,小米,,红米k70 (16+1TB),,,开机压屏机,475,元/台,开机主板靓功能正常 屏花倒充 统货要求主板比例正常,image,小米.jpg,数码网报价单-0831更新/手机相关/小米.jpg,1,0.98,visual_legacy_crosscheck
20260831-a779a0d2ae5ddd54ef7f-01,2026-08-31,手机,device,小米,,红米k70 (16+1TB),,,不开机,475,元/台,开机主板靓功能正常 屏花倒充 统货要求主板比例正常,image,小米.jpg,数码网报价单-0831更新/手机相关/小米.jpg,1,0.98,visual_legacy_crosscheck
20260831-a15abb5c6e0affa6d550-01,2026-08-31,手机,device,小米,,红米k70 (16+1TB),,,废板·断板,475,元/台,开机主板靓功能正常 屏花倒充 统货要求主板比例正常,image,小米.jpg,数码网报价单-0831更新/手机相关/小米.jpg,1,0.98,visual_legacy_crosscheck
20260831-ce654078e7ff65f866e9-01,2026-08-31,手机,device,小米,,红米k70 (16+1TB),,,统货,/,元/台,开机主板靓功能正常 屏花倒充 统货要求主板比例正常,image,小米.jpg,数码网报价单-0831更新/手机相关/小米.jpg,1,0.98,visual_legacy_crosscheck
20260831-9de2b026042f2ec281d3-01,2026-08-31,手机,device,小米,,红米k70E (8+256),,,开机靓机好,350,元/台,开机主板靓功能正常 屏花倒充 主板靓比例正常,image,小米.jpg,数码网报价单-0831更新/手机相关/小米.jpg,1,0.98,visual_legacy_crosscheck
20260831-3a181ef2c92674adb010-01,2026-08-31,手机,device,小米,,红米k70E (8+256),,,开机好碎,205,元/台,开机主板靓功能正常 屏花倒充 主板靓比例正常,image,小米.jpg,数码网报价单-0831更新/手机相关/小米.jpg,1,0.98,visual_legacy_crosscheck
20260831-e570cef299e246bdefe3-01,2026-08-31,手机,device,小米,,红米k70E (8+256),,,开机碎屏,205,元/台,开机主板靓功能正常 屏花倒充 主板靓比例正常,image,小米.jpg,数码网报价单-0831更新/手机相关/小米.jpg,1,0.98,visual_legacy_crosscheck
20260831-36783c2c95c955ed7685-01,2026-08-31,手机,device,小米,,红米k70E (8+256),,,开机压屏机,205,元/台,开机主板靓功能正常 屏花倒充 主板靓比例正常,image,小米.jpg,数码网报价单-0831更新/手机相关/小米.jpg,1,0.98,visual_legacy_crosscheck
20260831-336fb435d586c3bdea19-01,2026-08-31,手机,device,小米,,红米k70E (8+256),,,不开机,205,元/台,开机主板靓功能正常 屏花倒充 主板靓比例正常,image,小米.jpg,数码网报价单-0831更新/手机相关/小米.jpg,1,0.98,visual_legacy_crosscheck
20260831-8d54432f6d1d2bee04ff-01,2026-08-31,手机,device,小米,,红米k70E (8+256),,,废板·断板,205,元/台,开机主板靓功能正常 屏花倒充 主板靓比例正常,image,小米.jpg,数码网报价单-0831更新/手机相关/小米.jpg,1,0.98,visual_legacy_crosscheck
20260831-88025d68eccc3d19c49f-01,2026-08-31,手机,device,小米,,红米k70E (8+256),,,统货,/,元/台,开机主板靓功能正常 屏花倒充 主板靓比例正常,image,小米.jpg,数码网报价单-0831更新/手机相关/小米.jpg,1,0.98,visual_legacy_crosscheck
20260831-a2ebee804188d0812493-01,2026-08-31,手机,device,小米,,红米K70E (12+256),,,开机靓机好,350,元/台,开机主板靓功能正常 屏花倒充 统货要求芯片无破损比例正常,image,小米.jpg,数码网报价单-0831更新/手机相关/小米.jpg,1,0.98,visual_legacy_crosscheck
20260831-2fe70a1dc3714c5e845c-01,2026-08-31,手机,device,小米,,红米K70E (12+256),,,开机好碎,215,元/台,开机主板靓功能正常 屏花倒充 统货要求芯片无破损比例正常,image,小米.jpg,数码网报价单-0831更新/手机相关/小米.jpg,1,0.98,visual_legacy_crosscheck
20260831-71cf4ed39fd1e50627af-01,2026-08-31,手机,device,小米,,红米K70E (12+256),,,开机碎屏,300,元/台,开机主板靓功能正常 屏花倒充 统货要求芯片无破损比例正常,image,小米.jpg,数码网报价单-0831更新/手机相关/小米.jpg,1,0.98,visual_legacy_crosscheck
20260831-1dbc098ef89ab9f8a4bc-01,2026-08-31,手机,device,小米,,红米K70E (12+256),,,开机压屏机,215,元/台,开机主板靓功能正常 屏花倒充 统货要求芯片无破损比例正常,image,小米.jpg,数码网报价单-0831更新/手机相关/小米.jpg,1,0.98,visual_legacy_crosscheck
20260831-1917c24e91c8ec14fcde-01,2026-08-31,手机,device,小米,,红米K70E (12+256),,,不开机,215,元/台,开机主板靓功能正常 屏花倒充 统货要求芯片无破损比例正常,image,小米.jpg,数码网报价单-0831更新/手机相关/小米.jpg,1,0.98,visual_legacy_crosscheck
20260831-8ffe0769cbff75a456a0-01,2026-08-31,手机,device,小米,,红米K70E (12+256),,,废板·断板,215,元/台,开机主板靓功能正常 屏花倒充 统货要求芯片无破损比例正常,image,小米.jpg,数码网报价单-0831更新/手机相关/小米.jpg,1,0.98,visual_legacy_crosscheck
20260831-5b02a814f1504052953c-01,2026-08-31,手机,device,小米,,红米K70E (12+256),,,统货,/,元/台,开机主板靓功能正常 屏花倒充 统货要求芯片无破损比例正常,image,小米.jpg,数码网报价单-0831更新/手机相关/小米.jpg,1,0.98,visual_legacy_crosscheck
20260831-2f7214b7d39d630ea7f0-01,2026-08-31,手机,device,小米,,红米K70E (12+512),,,开机靓机好,400,元/台,开机主板靓功能正常 屏花倒充 统货要求主板比例正常,image,小米.jpg,数码网报价单-0831更新/手机相关/小米.jpg,1,0.98,visual_legacy_crosscheck
20260831-f89eef51c365d6b4ce21-01,2026-08-31,手机,device,小米,,红米K70E (12+512),,,开机好碎,265,元/台,开机主板靓功能正常 屏花倒充 统货要求主板比例正常,image,小米.jpg,数码网报价单-0831更新/手机相关/小米.jpg,1,0.98,visual_legacy_crosscheck
20260831-c1aecc24a2b23f0910f9-01,2026-08-31,手机,device,小米,,红米K70E (12+512),,,开机碎屏,300,元/台,开机主板靓功能正常 屏花倒充 统货要求主板比例正常,image,小米.jpg,数码网报价单-0831更新/手机相关/小米.jpg,1,0.98,visual_legacy_crosscheck
20260831-bb27ec9e3b23e79d117a-01,2026-08-31,手机,device,小米,,红米K70E (12+512),,,开机压屏机,270,元/台,开机主板靓功能正常 屏花倒充 统货要求主板比例正常,image,小米.jpg,数码网报价单-0831更新/手机相关/小米.jpg,1,0.98,visual_legacy_crosscheck
20260831-90b28037f5754f0ee62e-01,2026-08-31,手机,device,小米,,红米K70E (12+512),,,不开机,270,元/台,开机主板靓功能正常 屏花倒充 统货要求主板比例正常,image,小米.jpg,数码网报价单-0831更新/手机相关/小米.jpg,1,0.98,visual_legacy_crosscheck
20260831-562c6836f97f395918dd-01,2026-08-31,手机,device,小米,,红米K70E (12+512),,,废板·断板,270,元/台,开机主板靓功能正常 屏花倒充 统货要求主板比例正常,image,小米.jpg,数码网报价单-0831更新/手机相关/小米.jpg,1,0.98,visual_legacy_crosscheck
20260831-f8f3e9a05799dfa597ef-01,2026-08-31,手机,device,小米,,红米K70E (12+512),,,统货,/,元/台,开机主板靓功能正常 屏花倒充 统货要求主板比例正常,image,小米.jpg,数码网报价单-0831更新/手机相关/小米.jpg,1,0.98,visual_legacy_crosscheck
20260831-de442f60f7988ceb4460-01,2026-08-31,手机,device,小米,,红米K70E (16+1TB),,,开机靓机好,500,元/台,,image,小米.jpg,数码网报价单-0831更新/手机相关/小米.jpg,1,0.98,visual_legacy_crosscheck
20260831-d9a519745a644bb15f09-01,2026-08-31,手机,device,小米,,红米K70E (16+1TB),,,开机好碎,500,元/台,,image,小米.jpg,数码网报价单-0831更新/手机相关/小米.jpg,1,0.98,visual_legacy_crosscheck
20260831-6d6a6b12ec8138ff6e06-01,2026-08-31,手机,device,小米,,红米K70E (16+1TB),,,开机碎屏,475,元/台,,image,小米.jpg,数码网报价单-0831更新/手机相关/小米.jpg,1,0.98,visual_legacy_crosscheck
20260831-cc525022581856523984-01,2026-08-31,手机,device,小米,,红米K70E (16+1TB),,,开机压屏机,475,元/台,,image,小米.jpg,数码网报价单-0831更新/手机相关/小米.jpg,1,0.98,visual_legacy_crosscheck
20260831-80ff01cd4154f3f49f96-01,2026-08-31,手机,device,小米,,红米K70E (16+1TB),,,不开机,475,元/台,,image,小米.jpg,数码网报价单-0831更新/手机相关/小米.jpg,1,0.98,visual_legacy_crosscheck
20260831-fb648c6dd116d45c12c2-01,2026-08-31,手机,device,小米,,红米K70E (16+1TB),,,废板·断板,475,元/台,,image,小米.jpg,数码网报价单-0831更新/手机相关/小米.jpg,1,0.98,visual_legacy_crosscheck
20260831-8d01346185a24a84ef5e-01,2026-08-31,手机,device,小米,,红米K70E (16+1TB),,,统货,/,元/台,,image,小米.jpg,数码网报价单-0831更新/手机相关/小米.jpg,1,0.98,visual_legacy_crosscheck
20260831-4c5c4afaca8f53f1dd12-01,2026-08-31,手机,device,小米,,红米K60至尊 (12+256),,,开机靓机好,400,元/台,三星屏 主板靓镜功能正常 统货比例正常,image,小米.jpg,数码网报价单-0831更新/手机相关/小米.jpg,1,0.98,visual_legacy_crosscheck
20260831-e111edbcc795a6dd792c-01,2026-08-31,手机,device,小米,,红米K60至尊 (12+256),,,开机好碎,300,元/台,三星屏 主板靓镜功能正常 统货比例正常,image,小米.jpg,数码网报价单-0831更新/手机相关/小米.jpg,1,0.98,visual_legacy_crosscheck
20260831-65a7f4297cd0a2e363a6-01,2026-08-31,手机,device,小米,,红米K60至尊 (12+256),,,开机碎屏,350,元/台,三星屏 主板靓镜功能正常 统货比例正常,image,小米.jpg,数码网报价单-0831更新/手机相关/小米.jpg,1,0.98,visual_legacy_crosscheck
20260831-28ab601bfb8706d55c90-01,2026-08-31,手机,device,小米,,红米K60至尊 (12+256),,,开机压屏机,200,元/台,三星屏 主板靓镜功能正常 统货比例正常,image,小米.jpg,数码网报价单-0831更新/手机相关/小米.jpg,1,0.98,visual_legacy_crosscheck
20260831-d28ea3cb1f650d649eaa-01,2026-08-31,手机,device,小米,,红米K60至尊 (12+256),,,不开机,190,元/台,三星屏 主板靓镜功能正常 统货比例正常,image,小米.jpg,数码网报价单-0831更新/手机相关/小米.jpg,1,0.98,visual_legacy_crosscheck
20260831-cb98fc6440c6867f1177-01,2026-08-31,手机,device,小米,,红米K60至尊 (12+256),,,废板·断板,190,元/台,三星屏 主板靓镜功能正常 统货比例正常,image,小米.jpg,数码网报价单-0831更新/手机相关/小米.jpg,1,0.98,visual_legacy_crosscheck
20260831-f1b86788bf0cc5819fd7-01,2026-08-31,手机,device,小米,,红米K60至尊 (12+256),,,统货,/,元/台,三星屏 主板靓镜功能正常 统货比例正常,image,小米.jpg,数码网报价单-0831更新/手机相关/小米.jpg,1,0.98,visual_legacy_crosscheck
20260831-b2485922ab73cd2c0212-01,2026-08-31,手机,device,小米,,红米K60Pro (8+128),,,开机靓机好,160,元/台,三星屏 主板芯片无破损 比例正常,image,小米.jpg,数码网报价单-0831更新/手机相关/小米.jpg,1,0.98,visual_legacy_crosscheck
20260831-a2fd9de28c9001e450f4-01,2026-08-31,手机,device,小米,,红米K60Pro (8+128),,,开机好碎,160,元/台,三星屏 主板芯片无破损 比例正常,image,小米.jpg,数码网报价单-0831更新/手机相关/小米.jpg,1,0.98,visual_legacy_crosscheck
20260831-30a0a2f084dd289e9cc9-01,2026-08-31,手机,device,小米,,红米K60Pro (8+128),,,开机碎屏,160,元/台,三星屏 主板芯片无破损 比例正常,image,小米.jpg,数码网报价单-0831更新/手机相关/小米.jpg,1,0.98,visual_legacy_crosscheck
20260831-fb5749de7b272fa9e47c-01,2026-08-31,手机,device,小米,,红米K60Pro (8+128),,,开机压屏机,160,元/台,三星屏 主板芯片无破损 比例正常,image,小米.jpg,数码网报价单-0831更新/手机相关/小米.jpg,1,0.98,visual_legacy_crosscheck
20260831-cdfbaa2f039886b99ccc-01,2026-08-31,手机,device,小米,,红米K60Pro (8+128),,,不开机,160,元/台,三星屏 主板芯片无破损 比例正常,image,小米.jpg,数码网报价单-0831更新/手机相关/小米.jpg,1,0.98,visual_legacy_crosscheck
20260831-7144fa23a5eb54d8f917-01,2026-08-31,手机,device,小米,,红米K60Pro (8+128),,,废板·断板,160,元/台,三星屏 主板芯片无破损 比例正常,image,小米.jpg,数码网报价单-0831更新/手机相关/小米.jpg,1,0.98,visual_legacy_crosscheck
20260831-c4ec6b6a2666433e6139-01,2026-08-31,手机,device,小米,,红米K60Pro (8+128),,,统货,/,元/台,三星屏 主板芯片无破损 比例正常,image,小米.jpg,数码网报价单-0831更新/手机相关/小米.jpg,1,0.98,visual_legacy_crosscheck
20260831-98d57e95ad449cc2523e-01,2026-08-31,手机,device,小米,,红米K60PR O (8+256),,,开机靓机好,250,元/台,,image,小米.jpg,数码网报价单-0831更新/手机相关/小米.jpg,1,0.98,visual_legacy_crosscheck
20260831-8396430d3e97a7d5cc8d-01,2026-08-31,手机,device,小米,,红米K60PR O (8+256),,,开机好碎,205,元/台,,image,小米.jpg,数码网报价单-0831更新/手机相关/小米.jpg,1,0.98,visual_legacy_crosscheck
20260831-21a67197dbe1ad44a852-01,2026-08-31,手机,device,小米,,红米K60PR O (8+256),,,开机碎屏,205,元/台,,image,小米.jpg,数码网报价单-0831更新/手机相关/小米.jpg,1,0.98,visual_legacy_crosscheck
20260831-9a38a9bd79db693d5e3d-01,2026-08-31,手机,device,小米,,红米K60PR O (8+256),,,开机压屏机,205,元/台,,image,小米.jpg,数码网报价单-0831更新/手机相关/小米.jpg,1,0.98,visual_legacy_crosscheck
20260831-e38d1300126ba3dd977b-01,2026-08-31,手机,device,小米,,红米K60PR O (8+256),,,不开机,205,元/台,,image,小米.jpg,数码网报价单-0831更新/手机相关/小米.jpg,1,0.98,visual_legacy_crosscheck
20260831-5318827cfdc40b1955c3-01,2026-08-31,手机,device,小米,,红米K60PR O (8+256),,,废板·断板,205,元/台,,image,小米.jpg,数码网报价单-0831更新/手机相关/小米.jpg,1,0.98,visual_legacy_crosscheck
20260831-2c280e9c34f0684d519f-01,2026-08-31,手机,device,小米,,红米K60PR O (8+256),,,统货,/,元/台,,image,小米.jpg,数码网报价单-0831更新/手机相关/小米.jpg,1,0.98,visual_legacy_crosscheck
20260831-f80628ebe4bcee143416-01,2026-08-31,手机,device,小米,,红米K60PR O (12+256),,,开机靓机好,250,元/台,,image,小米.jpg,数码网报价单-0831更新/手机相关/小米.jpg,1,0.98,visual_legacy_crosscheck
20260831-e35fc0698bb36f42b256-01,2026-08-31,手机,device,小米,,红米K60PR O (12+256),,,开机好碎,215,元/台,,image,小米.jpg,数码网报价单-0831更新/手机相关/小米.jpg,1,0.98,visual_legacy_crosscheck
20260831-cee33f42c2383033cc67-01,2026-08-31,手机,device,小米,,红米K60PR O (12+256),,,开机碎屏,215,元/台,,image,小米.jpg,数码网报价单-0831更新/手机相关/小米.jpg,1,0.98,visual_legacy_crosscheck
20260831-86280b4fcbc569a9b163-01,2026-08-31,手机,device,小米,,红米K60PR O (12+256),,,开机压屏机,215,元/台,,image,小米.jpg,数码网报价单-0831更新/手机相关/小米.jpg,1,0.98,visual_legacy_crosscheck
20260831-93c9c298760a592f3891-01,2026-08-31,手机,device,小米,,红米K60PR O (12+256),,,不开机,215,元/台,,image,小米.jpg,数码网报价单-0831更新/手机相关/小米.jpg,1,0.98,visual_legacy_crosscheck
20260831-486606453d883ed6b93c-01,2026-08-31,手机,device,小米,,红米K60PR O (12+256),,,废板·断板,215,元/台,,image,小米.jpg,数码网报价单-0831更新/手机相关/小米.jpg,1,0.98,visual_legacy_crosscheck
20260831-9a478e2e42dddb393229-01,2026-08-31,手机,device,小米,,红米K60PR O (12+256),,,统货,/,元/台,,image,小米.jpg,数码网报价单-0831更新/手机相关/小米.jpg,1,0.98,visual_legacy_crosscheck
20260831-782d3016e5bdf3d19f43-01,2026-08-31,手机,device,小米,,红米K60PR O (12+512),,,开机靓机好,380,元/台,,image,小米.jpg,数码网报价单-0831更新/手机相关/小米.jpg,1,0.98,visual_legacy_crosscheck
20260831-3a86d12aac53c5bf7d69-01,2026-08-31,手机,device,小米,,红米K60PR O (12+512),,,开机好碎,270,元/台,,image,小米.jpg,数码网报价单-0831更新/手机相关/小米.jpg,1,0.98,visual_legacy_crosscheck
20260831-8e66a54c0b810c4e31c5-01,2026-08-31,手机,device,小米,,红米K60PR O (12+512),,,开机碎屏,270,元/台,,image,小米.jpg,数码网报价单-0831更新/手机相关/小米.jpg,1,0.98,visual_legacy_crosscheck
20260831-8f06d11e4bab86d39d50-01,2026-08-31,手机,device,小米,,红米K60PR O (12+512),,,开机压屏机,270,元/台,,image,小米.jpg,数码网报价单-0831更新/手机相关/小米.jpg,1,0.98,visual_legacy_crosscheck
20260831-e4ad666f4a25b0ea14a1-01,2026-08-31,手机,device,小米,,红米K60PR O (12+512),,,不开机,270,元/台,,image,小米.jpg,数码网报价单-0831更新/手机相关/小米.jpg,1,0.98,visual_legacy_crosscheck
20260831-7c7467bf497eb6c18db3-01,2026-08-31,手机,device,小米,,红米K60PR O (12+512),,,废板·断板,270,元/台,,image,小米.jpg,数码网报价单-0831更新/手机相关/小米.jpg,1,0.98,visual_legacy_crosscheck
20260831-845c3ed19fafcab9ebf5-01,2026-08-31,手机,device,小米,,红米K60PR O (12+512),,,统货,/,元/台,,image,小米.jpg,数码网报价单-0831更新/手机相关/小米.jpg,1,0.98,visual_legacy_crosscheck
20260831-b43b3b9265666b980c61-01,2026-08-31,手机,device,小米,,红米K60PR O (16+512),,,开机靓机好,400,元/台,,image,小米.jpg,数码网报价单-0831更新/手机相关/小米.jpg,1,0.98,visual_legacy_crosscheck
20260831-6c302aedf228d0ccd19a-01,2026-08-31,手机,device,小米,,红米K60PR O (16+512),,,开机好碎,400,元/台,,image,小米.jpg,数码网报价单-0831更新/手机相关/小米.jpg,1,0.98,visual_legacy_crosscheck
20260831-cd09cb94d675389f5af0-01,2026-08-31,手机,device,小米,,红米K60PR O (16+512),,,开机碎屏,400,元/台,,image,小米.jpg,数码网报价单-0831更新/手机相关/小米.jpg,1,0.98,visual_legacy_crosscheck
20260831-ceb20bfe4d0c5e0a9826-01,2026-08-31,手机,device,小米,,红米K60PR O (16+512),,,开机压屏机,400,元/台,,image,小米.jpg,数码网报价单-0831更新/手机相关/小米.jpg,1,0.98,visual_legacy_crosscheck
20260831-9d68016600e3a4e6f2fb-01,2026-08-31,手机,device,小米,,红米K60PR O (16+512),,,不开机,400,元/台,,image,小米.jpg,数码网报价单-0831更新/手机相关/小米.jpg,1,0.98,visual_legacy_crosscheck
20260831-8a4f2081f0035a00f733-01,2026-08-31,手机,device,小米,,红米K60PR O (16+512),,,废板·断板,400,元/台,,image,小米.jpg,数码网报价单-0831更新/手机相关/小米.jpg,1,0.98,visual_legacy_crosscheck
20260831-bd7ef70a2d32d1bfb753-01,2026-08-31,手机,device,小米,,红米K60PR O (16+512),,,统货,/,元/台,,image,小米.jpg,数码网报价单-0831更新/手机相关/小米.jpg,1,0.98,visual_legacy_crosscheck
20260831-8c968c6854c900578f5b-01,2026-08-31,手机,device,小米,,红米K60E (8+128),,,开机靓机好,160,元/台,三星屏,image,小米.jpg,数码网报价单-0831更新/手机相关/小米.jpg,1,0.98,visual_legacy_crosscheck
20260831-a30add94cfd002eb809b-01,2026-08-31,手机,device,小米,,红米K60E (8+128),,,开机好碎,160,元/台,三星屏,image,小米.jpg,数码网报价单-0831更新/手机相关/小米.jpg,1,0.98,visual_legacy_crosscheck
20260831-6c3c270fa82abc5c9f0f-01,2026-08-31,手机,device,小米,,红米K60E (8+128),,,开机碎屏,160,元/台,三星屏,image,小米.jpg,数码网报价单-0831更新/手机相关/小米.jpg,1,0.98,visual_legacy_crosscheck
20260831-c087ae5f9f332db3fc18-01,2026-08-31,手机,device,小米,,红米K60E (8+128),,,开机压屏机,160,元/台,三星屏,image,小米.jpg,数码网报价单-0831更新/手机相关/小米.jpg,1,0.98,visual_legacy_crosscheck
20260831-cc0e504e0ffbed61f85e-01,2026-08-31,手机,device,小米,,红米K60E (8+128),,,不开机,160,元/台,三星屏,image,小米.jpg,数码网报价单-0831更新/手机相关/小米.jpg,1,0.98,visual_legacy_crosscheck
20260831-a9884980314b59841195-01,2026-08-31,手机,device,小米,,红米K60E (8+128),,,废板·断板,160,元/台,三星屏,image,小米.jpg,数码网报价单-0831更新/手机相关/小米.jpg,1,0.98,visual_legacy_crosscheck
20260831-e0d89e3ddde32f63e7d5-01,2026-08-31,手机,device,小米,,红米K60E (8+128),,,统货,/,元/台,三星屏,image,小米.jpg,数码网报价单-0831更新/手机相关/小米.jpg,1,0.98,visual_legacy_crosscheck
20260831-a438adfc5e5ffd72335a-01,2026-08-31,手机,device,小米,,红米K60E (8+256),,,开机靓机好,250,元/台,,image,小米.jpg,数码网报价单-0831更新/手机相关/小米.jpg,1,0.98,visual_legacy_crosscheck
20260831-6b351d6017538ce8e2bf-01,2026-08-31,手机,device,小米,,红米K60E (8+256),,,开机好碎,205,元/台,,image,小米.jpg,数码网报价单-0831更新/手机相关/小米.jpg,1,0.98,visual_legacy_crosscheck
20260831-f5e9471135c609a98e20-01,2026-08-31,手机,device,小米,,红米K60E (8+256),,,开机碎屏,205,元/台,,image,小米.jpg,数码网报价单-0831更新/手机相关/小米.jpg,1,0.98,visual_legacy_crosscheck
20260831-c56db81154ed5a5e978e-01,2026-08-31,手机,device,小米,,红米K60E (8+256),,,开机压屏机,205,元/台,,image,小米.jpg,数码网报价单-0831更新/手机相关/小米.jpg,1,0.98,visual_legacy_crosscheck
20260831-473e12bebe0c4ac6027f-01,2026-08-31,手机,device,小米,,红米K60E (8+256),,,不开机,205,元/台,,image,小米.jpg,数码网报价单-0831更新/手机相关/小米.jpg,1,0.98,visual_legacy_crosscheck
20260831-6aa86e2acc186ff61385-01,2026-08-31,手机,device,小米,,红米K60E (8+256),,,废板·断板,205,元/台,,image,小米.jpg,数码网报价单-0831更新/手机相关/小米.jpg,1,0.98,visual_legacy_crosscheck
20260831-310a729592d2d55e0aca-01,2026-08-31,手机,device,小米,,红米K60E (8+256),,,统货,/,元/台,,image,小米.jpg,数码网报价单-0831更新/手机相关/小米.jpg,1,0.98,visual_legacy_crosscheck
20260831-c4ba100d59f01be54ff0-01,2026-08-31,手机,device,小米,,红米K60E (12+256),,,开机靓机好,250,元/台,,image,小米.jpg,数码网报价单-0831更新/手机相关/小米.jpg,1,0.98,visual_legacy_crosscheck
20260831-5a62d7edd416eda7bec0-01,2026-08-31,手机,device,小米,,红米K60E (12+256),,,开机好碎,215,元/台,,image,小米.jpg,数码网报价单-0831更新/手机相关/小米.jpg,1,0.98,visual_legacy_crosscheck
20260831-5332aa7c6a937a108493-01,2026-08-31,手机,device,小米,,红米K60E (12+256),,,开机碎屏,215,元/台,,image,小米.jpg,数码网报价单-0831更新/手机相关/小米.jpg,1,0.98,visual_legacy_crosscheck
20260831-0732f60488f8c1ac5feb-01,2026-08-31,手机,device,小米,,红米K60E (12+256),,,开机压屏机,215,元/台,,image,小米.jpg,数码网报价单-0831更新/手机相关/小米.jpg,1,0.98,visual_legacy_crosscheck
20260831-67ee805b226da578c3ac-01,2026-08-31,手机,device,小米,,红米K60E (12+256),,,不开机,215,元/台,,image,小米.jpg,数码网报价单-0831更新/手机相关/小米.jpg,1,0.98,visual_legacy_crosscheck
20260831-fe4715bde8d4651245e9-01,2026-08-31,手机,device,小米,,红米K60E (12+256),,,废板·断板,215,元/台,,image,小米.jpg,数码网报价单-0831更新/手机相关/小米.jpg,1,0.98,visual_legacy_crosscheck
20260831-3a8d5492645c52337e98-01,2026-08-31,手机,device,小米,,红米K60E (12+256),,,统货,/,元/台,,image,小米.jpg,数码网报价单-0831更新/手机相关/小米.jpg,1,0.98,visual_legacy_crosscheck
20260831-ea6875aab555f8df31b5-01,2026-08-31,手机,device,小米,,红米K60E (12+512),,,开机靓机好,300,元/台,,image,小米.jpg,数码网报价单-0831更新/手机相关/小米.jpg,1,0.98,visual_legacy_crosscheck
20260831-6381a6356c6e3bc429d6-01,2026-08-31,手机,device,小米,,红米K60E (12+512),,,开机好碎,270,元/台,,image,小米.jpg,数码网报价单-0831更新/手机相关/小米.jpg,1,0.98,visual_legacy_crosscheck
20260831-04a410458ef203f1984f-01,2026-08-31,手机,device,小米,,红米K60E (12+512),,,开机碎屏,270,元/台,,image,小米.jpg,数码网报价单-0831更新/手机相关/小米.jpg,1,0.98,visual_legacy_crosscheck
20260831-0c348d3d7868f31bc89a-01,2026-08-31,手机,device,小米,,红米K60E (12+512),,,开机压屏机,270,元/台,,image,小米.jpg,数码网报价单-0831更新/手机相关/小米.jpg,1,0.98,visual_legacy_crosscheck
20260831-4c14c5c9d4417bb78349-01,2026-08-31,手机,device,小米,,红米K60E (12+512),,,不开机,270,元/台,,image,小米.jpg,数码网报价单-0831更新/手机相关/小米.jpg,1,0.98,visual_legacy_crosscheck
20260831-6996b5bd5f34311993eb-01,2026-08-31,手机,device,小米,,红米K60E (12+512),,,废板·断板,270,元/台,,image,小米.jpg,数码网报价单-0831更新/手机相关/小米.jpg,1,0.98,visual_legacy_crosscheck
20260831-8bdb222d8f9dc6728f6f-01,2026-08-31,手机,device,小米,,红米K60E (12+512),,,统货,/,元/台,,image,小米.jpg,数码网报价单-0831更新/手机相关/小米.jpg,1,0.98,visual_legacy_crosscheck
20260831-cc4d5c619469023fc37a-01,2026-08-31,手机,device,小米,,红米K60 (8+128),,,开机靓机好,160,元/台,统货比例正常主板靓,image,小米.jpg,数码网报价单-0831更新/手机相关/小米.jpg,1,0.98,visual_legacy_crosscheck
20260831-e19d509a3a323d4c178d-01,2026-08-31,手机,device,小米,,红米K60 (8+128),,,开机好碎,160,元/台,统货比例正常主板靓,image,小米.jpg,数码网报价单-0831更新/手机相关/小米.jpg,1,0.98,visual_legacy_crosscheck
20260831-3e2562b4cd91fa736592-01,2026-08-31,手机,device,小米,,红米K60 (8+128),,,开机碎屏,160,元/台,统货比例正常主板靓,image,小米.jpg,数码网报价单-0831更新/手机相关/小米.jpg,1,0.98,visual_legacy_crosscheck
20260831-d160602d0d94e6d2ff17-01,2026-08-31,手机,device,小米,,红米K60 (8+128),,,开机压屏机,160,元/台,统货比例正常主板靓,image,小米.jpg,数码网报价单-0831更新/手机相关/小米.jpg,1,0.98,visual_legacy_crosscheck
20260831-76a19c87cd30de6d1df6-01,2026-08-31,手机,device,小米,,红米K60 (8+128),,,不开机,160,元/台,统货比例正常主板靓,image,小米.jpg,数码网报价单-0831更新/手机相关/小米.jpg,1,0.98,visual_legacy_crosscheck
20260831-da797bc9018740bbdba2-01,2026-08-31,手机,device,小米,,红米K60 (8+128),,,废板·断板,160,元/台,统货比例正常主板靓,image,小米.jpg,数码网报价单-0831更新/手机相关/小米.jpg,1,0.98,visual_legacy_crosscheck
20260831-50ceb73467746bae67c0-01,2026-08-31,手机,device,小米,,红米K60 (8+128),,,统货,/,元/台,统货比例正常主板靓,image,小米.jpg,数码网报价单-0831更新/手机相关/小米.jpg,1,0.98,visual_legacy_crosscheck
20260831-a3bc5cc8389324f2b016-01,2026-08-31,手机,device,小米,,红米K60 (8+256),,,开机靓机好,250,元/台,,image,小米.jpg,数码网报价单-0831更新/手机相关/小米.jpg,1,0.98,visual_legacy_crosscheck
20260831-8aee1ec92d10a6669b63-01,2026-08-31,手机,device,小米,,红米K60 (8+256),,,开机好碎,205,元/台,,image,小米.jpg,数码网报价单-0831更新/手机相关/小米.jpg,1,0.98,visual_legacy_crosscheck
20260831-88cc77e9fda6184903e4-01,2026-08-31,手机,device,小米,,红米K60 (8+256),,,开机碎屏,205,元/台,,image,小米.jpg,数码网报价单-0831更新/手机相关/小米.jpg,1,0.98,visual_legacy_crosscheck
20260831-5f4abff002b86ae42b84-01,2026-08-31,手机,device,小米,,红米K60 (8+256),,,开机压屏机,205,元/台,,image,小米.jpg,数码网报价单-0831更新/手机相关/小米.jpg,1,0.98,visual_legacy_crosscheck
20260831-d68230dae4d64de0ef62-01,2026-08-31,手机,device,小米,,红米K60 (8+256),,,不开机,205,元/台,,image,小米.jpg,数码网报价单-0831更新/手机相关/小米.jpg,1,0.98,visual_legacy_crosscheck
20260831-97d362cbc6b6c2debb01-01,2026-08-31,手机,device,小米,,红米K60 (8+256),,,废板·断板,205,元/台,,image,小米.jpg,数码网报价单-0831更新/手机相关/小米.jpg,1,0.98,visual_legacy_crosscheck
20260831-8a9516f8ea267a95b875-01,2026-08-31,手机,device,小米,,红米K60 (8+256),,,统货,/,元/台,,image,小米.jpg,数码网报价单-0831更新/手机相关/小米.jpg,1,0.98,visual_legacy_crosscheck
20260831-2afb464fd1742f07593e-01,2026-08-31,手机,device,小米,,红米K60 (12+256),,,开机靓机好,250,元/台,,image,小米.jpg,数码网报价单-0831更新/手机相关/小米.jpg,1,0.98,visual_legacy_crosscheck
20260831-09dc3caa12c96401ea1c-01,2026-08-31,手机,device,小米,,红米K60 (12+256),,,开机好碎,215,元/台,,image,小米.jpg,数码网报价单-0831更新/手机相关/小米.jpg,1,0.98,visual_legacy_crosscheck
20260831-49bd46a379c61bc1821f-01,2026-08-31,手机,device,小米,,红米K60 (12+256),,,开机碎屏,215,元/台,,image,小米.jpg,数码网报价单-0831更新/手机相关/小米.jpg,1,0.98,visual_legacy_crosscheck
20260831-5b84a281e7c0cc92a2f1-01,2026-08-31,手机,device,小米,,红米K60 (12+256),,,开机压屏机,215,元/台,,image,小米.jpg,数码网报价单-0831更新/手机相关/小米.jpg,1,0.98,visual_legacy_crosscheck
20260831-032ae9b67b2b23ba8827-01,2026-08-31,手机,device,小米,,红米K60 (12+256),,,不开机,215,元/台,,image,小米.jpg,数码网报价单-0831更新/手机相关/小米.jpg,1,0.98,visual_legacy_crosscheck
20260831-66d1c56e86b17c88526d-01,2026-08-31,手机,device,小米,,红米K60 (12+256),,,废板·断板,215,元/台,,image,小米.jpg,数码网报价单-0831更新/手机相关/小米.jpg,1,0.98,visual_legacy_crosscheck
20260831-7459db0d54808a8a723e-01,2026-08-31,手机,device,小米,,红米K60 (12+256),,,统货,/,元/台,,image,小米.jpg,数码网报价单-0831更新/手机相关/小米.jpg,1,0.98,visual_legacy_crosscheck
20260831-88ac45b944c2d1799c27-01,2026-08-31,手机,device,小米,,红米K60 (16+256),,,开机靓机好,350,元/台,开机主板靓功能正常 统货芯片无破损,image,小米.jpg,数码网报价单-0831更新/手机相关/小米.jpg,1,0.98,visual_legacy_crosscheck
20260831-9161edb3793afdc74082-01,2026-08-31,手机,device,小米,,红米K60 (16+256),,,开机好碎,350,元/台,开机主板靓功能正常 统货芯片无破损,image,小米.jpg,数码网报价单-0831更新/手机相关/小米.jpg,1,0.98,visual_legacy_crosscheck
20260831-d76bdf5ff2d467c9ca4b-01,2026-08-31,手机,device,小米,,红米K60 (16+256),,,开机碎屏,350,元/台,开机主板靓功能正常 统货芯片无破损,image,小米.jpg,数码网报价单-0831更新/手机相关/小米.jpg,1,0.98,visual_legacy_crosscheck
20260831-f76f49c917d8461ad088-01,2026-08-31,手机,device,小米,,红米K60 (16+256),,,开机压屏机,350,元/台,开机主板靓功能正常 统货芯片无破损,image,小米.jpg,数码网报价单-0831更新/手机相关/小米.jpg,1,0.98,visual_legacy_crosscheck
20260831-adddc4aadd6dfeab10de-01,2026-08-31,手机,device,小米,,红米K60 (16+256),,,不开机,350,元/台,开机主板靓功能正常 统货芯片无破损,image,小米.jpg,数码网报价单-0831更新/手机相关/小米.jpg,1,0.98,visual_legacy_crosscheck
20260831-161f1e25f5f0c34051ae-01,2026-08-31,手机,device,小米,,红米K60 (16+256),,,废板·断板,350,元/台,开机主板靓功能正常 统货芯片无破损,image,小米.jpg,数码网报价单-0831更新/手机相关/小米.jpg,1,0.98,visual_legacy_crosscheck
20260831-604d8691af63fa450746-01,2026-08-31,手机,device,小米,,红米K60 (16+256),,,统货,/,元/台,开机主板靓功能正常 统货芯片无破损,image,小米.jpg,数码网报价单-0831更新/手机相关/小米.jpg,1,0.98,visual_legacy_crosscheck
20260831-004f38a19b99ac1c1789-01,2026-08-31,手机,device,小米,,红米K60 (12+512),,,开机靓机好,380,元/台,开机主板靓功能正常 统货芯片无破损,image,小米.jpg,数码网报价单-0831更新/手机相关/小米.jpg,1,0.98,visual_legacy_crosscheck
20260831-ccc9c31fe599373e7a2d-01,2026-08-31,手机,device,小米,,红米K60 (12+512),,,开机好碎,270,元/台,开机主板靓功能正常 统货芯片无破损,image,小米.jpg,数码网报价单-0831更新/手机相关/小米.jpg,1,0.98,visual_legacy_crosscheck
20260831-5ab5ad2b02f1f901c4f7-01,2026-08-31,手机,device,小米,,红米K60 (12+512),,,开机碎屏,270,元/台,开机主板靓功能正常 统货芯片无破损,image,小米.jpg,数码网报价单-0831更新/手机相关/小米.jpg,1,0.98,visual_legacy_crosscheck
20260831-74ce508d11fcd0a525bc-01,2026-08-31,手机,device,小米,,红米K60 (12+512),,,开机压屏机,270,元/台,开机主板靓功能正常 统货芯片无破损,image,小米.jpg,数码网报价单-0831更新/手机相关/小米.jpg,1,0.98,visual_legacy_crosscheck
20260831-3b880018e370587aee09-01,2026-08-31,手机,device,小米,,红米K60 (12+512),,,不开机,270,元/台,开机主板靓功能正常 统货芯片无破损,image,小米.jpg,数码网报价单-0831更新/手机相关/小米.jpg,1,0.98,visual_legacy_crosscheck
20260831-6ccb5c5b299a8a91cfb9-01,2026-08-31,手机,device,小米,,红米K60 (12+512),,,废板·断板,270,元/台,开机主板靓功能正常 统货芯片无破损,image,小米.jpg,数码网报价单-0831更新/手机相关/小米.jpg,1,0.98,visual_legacy_crosscheck
20260831-b13194880214bb6cec66-01,2026-08-31,手机,device,小米,,红米K60 (12+512),,,统货,/,元/台,开机主板靓功能正常 统货芯片无破损,image,小米.jpg,数码网报价单-0831更新/手机相关/小米.jpg,1,0.98,visual_legacy_crosscheck
20260831-0355449782298eb7d933-01,2026-08-31,手机,device,小米,,红米K60 (16+512),,,开机靓机好,400,元/台,开机主板靓功能正常 统货芯片无破损,image,小米.jpg,数码网报价单-0831更新/手机相关/小米.jpg,1,0.98,visual_legacy_crosscheck
20260831-cf5c60550a0974b7186e-01,2026-08-31,手机,device,小米,,红米K60 (16+512),,,开机好碎,400,元/台,开机主板靓功能正常 统货芯片无破损,image,小米.jpg,数码网报价单-0831更新/手机相关/小米.jpg,1,0.98,visual_legacy_crosscheck
20260831-e59278b7c83bf11b2e24-01,2026-08-31,手机,device,小米,,红米K60 (16+512),,,开机碎屏,400,元/台,开机主板靓功能正常 统货芯片无破损,image,小米.jpg,数码网报价单-0831更新/手机相关/小米.jpg,1,0.98,visual_legacy_crosscheck
20260831-99a7db8584b977b0a331-01,2026-08-31,手机,device,小米,,红米K60 (16+512),,,开机压屏机,400,元/台,开机主板靓功能正常 统货芯片无破损,image,小米.jpg,数码网报价单-0831更新/手机相关/小米.jpg,1,0.98,visual_legacy_crosscheck
20260831-c0d2e3408f931c13135b-01,2026-08-31,手机,device,小米,,红米K60 (16+512),,,不开机,400,元/台,开机主板靓功能正常 统货芯片无破损,image,小米.jpg,数码网报价单-0831更新/手机相关/小米.jpg,1,0.98,visual_legacy_crosscheck
20260831-b87487b15c64d98c2a3a-01,2026-08-31,手机,device,小米,,红米K60 (16+512),,,废板·断板,400,元/台,开机主板靓功能正常 统货芯片无破损,image,小米.jpg,数码网报价单-0831更新/手机相关/小米.jpg,1,0.98,visual_legacy_crosscheck
20260831-446007d371d33c0b74a8-01,2026-08-31,手机,device,小米,,红米K60 (16+512),,,统货,/,元/台,开机主板靓功能正常 统货芯片无破损,image,小米.jpg,数码网报价单-0831更新/手机相关/小米.jpg,1,0.98,visual_legacy_crosscheck
20260831-81df98f87d324e7f86e0-01,2026-08-31,手机,device,小米,,红米K60 (16+1TB),,,开机靓机好,500,元/台,,image,小米.jpg,数码网报价单-0831更新/手机相关/小米.jpg,1,0.98,visual_legacy_crosscheck
20260831-cc1730809fd3237bb321-01,2026-08-31,手机,device,小米,,红米K60 (16+1TB),,,开机好碎,475,元/台,,image,小米.jpg,数码网报价单-0831更新/手机相关/小米.jpg,1,0.98,visual_legacy_crosscheck
20260831-1cf58ba64eddb47043f8-01,2026-08-31,手机,device,小米,,红米K60 (16+1TB),,,开机碎屏,475,元/台,,image,小米.jpg,数码网报价单-0831更新/手机相关/小米.jpg,1,0.98,visual_legacy_crosscheck
20260831-285b39791b613177bea6-01,2026-08-31,手机,device,小米,,红米K60 (16+1TB),,,开机压屏机,475,元/台,,image,小米.jpg,数码网报价单-0831更新/手机相关/小米.jpg,1,0.98,visual_legacy_crosscheck
20260831-f40e1ebfb45ba0ac93ac-01,2026-08-31,手机,device,小米,,红米K60 (16+1TB),,,不开机,475,元/台,,image,小米.jpg,数码网报价单-0831更新/手机相关/小米.jpg,1,0.98,visual_legacy_crosscheck
20260831-2c74b1c56f43bb57971a-01,2026-08-31,手机,device,小米,,红米K60 (16+1TB),,,废板·断板,475,元/台,,image,小米.jpg,数码网报价单-0831更新/手机相关/小米.jpg,1,0.98,visual_legacy_crosscheck
20260831-cd6c8d4fca39c5fee556-01,2026-08-31,手机,device,小米,,红米K60 (16+1TB),,,统货,/,元/台,,image,小米.jpg,数码网报价单-0831更新/手机相关/小米.jpg,1,0.98,visual_legacy_crosscheck
20260831-3f46ba3250e311fc5884-01,2026-08-31,手机,device,小米,,红米K50电竞版 (8+128),,,开机靓机好,160,元/台,三星屏 主板功能正常,image,小米.jpg,数码网报价单-0831更新/手机相关/小米.jpg,1,0.98,visual_legacy_crosscheck
20260831-31ca42a520cef47ffd70-01,2026-08-31,手机,device,小米,,红米K50电竞版 (8+128),,,开机好碎,160,元/台,三星屏 主板功能正常,image,小米.jpg,数码网报价单-0831更新/手机相关/小米.jpg,1,0.98,visual_legacy_crosscheck
20260831-01bcc19b8ff275d61e3a-01,2026-08-31,手机,device,小米,,红米K50电竞版 (8+128),,,开机碎屏,160,元/台,三星屏 主板功能正常,image,小米.jpg,数码网报价单-0831更新/手机相关/小米.jpg,1,0.98,visual_legacy_crosscheck
20260831-7e2cda774081eebef374-01,2026-08-31,手机,device,小米,,红米K50电竞版 (8+128),,,开机压屏机,160,元/台,三星屏 主板功能正常,image,小米.jpg,数码网报价单-0831更新/手机相关/小米.jpg,1,0.98,visual_legacy_crosscheck
20260831-c84ef71f1001a1b1c604-01,2026-08-31,手机,device,小米,,红米K50电竞版 (8+128),,,不开机,160,元/台,三星屏 主板功能正常,image,小米.jpg,数码网报价单-0831更新/手机相关/小米.jpg,1,0.98,visual_legacy_crosscheck
20260831-39e3de633daf461a1ccc-01,2026-08-31,手机,device,小米,,红米K50电竞版 (8+128),,,废板·断板,160,元/台,三星屏 主板功能正常,image,小米.jpg,数码网报价单-0831更新/手机相关/小米.jpg,1,0.98,visual_legacy_crosscheck
20260831-d77dd43413bac4715a77-01,2026-08-31,手机,device,小米,,红米K50电竞版 (8+128),,,统货,/,元/台,三星屏 主板功能正常,image,小米.jpg,数码网报价单-0831更新/手机相关/小米.jpg,1,0.98,visual_legacy_crosscheck
20260831-20a0ee7ea19b27d2a45b-01,2026-08-31,手机,device,小米,,红米K50电竞版 (12+128),,,开机靓机好,190,元/台,,image,小米.jpg,数码网报价单-0831更新/手机相关/小米.jpg,1,0.98,visual_legacy_crosscheck
20260831-d0fce5978626088b1579-01,2026-08-31,手机,device,小米,,红米K50电竞版 (12+128),,,开机好碎,190,元/台,,image,小米.jpg,数码网报价单-0831更新/手机相关/小米.jpg,1,0.98,visual_legacy_crosscheck
20260831-13620ac54d19e30ced48-01,2026-08-31,手机,device,小米,,红米K50电竞版 (12+128),,,开机碎屏,190,元/台,,image,小米.jpg,数码网报价单-0831更新/手机相关/小米.jpg,1,0.98,visual_legacy_crosscheck
20260831-45acc68d8f9fb8fd76ef-01,2026-08-31,手机,device,小米,,红米K50电竞版 (12+128),,,开机压屏机,190,元/台,,image,小米.jpg,数码网报价单-0831更新/手机相关/小米.jpg,1,0.98,visual_legacy_crosscheck
20260831-c7b558b2be29522b1ddd-01,2026-08-31,手机,device,小米,,红米K50电竞版 (12+128),,,不开机,190,元/台,,image,小米.jpg,数码网报价单-0831更新/手机相关/小米.jpg,1,0.98,visual_legacy_crosscheck
20260831-d63a11509e7e8bcf1f7c-01,2026-08-31,手机,device,小米,,红米K50电竞版 (12+128),,,废板·断板,190,元/台,,image,小米.jpg,数码网报价单-0831更新/手机相关/小米.jpg,1,0.98,visual_legacy_crosscheck
20260831-e2a97de044744e6575f2-01,2026-08-31,手机,device,小米,,红米K50电竞版 (12+128),,,统货,/,元/台,,image,小米.jpg,数码网报价单-0831更新/手机相关/小米.jpg,1,0.98,visual_legacy_crosscheck
20260831-26ccf4d3f40a0e6f39c1-01,2026-08-31,手机,device,小米,,红米K50电竞版 (12+256),,,开机靓机好,215,元/台,,image,小米.jpg,数码网报价单-0831更新/手机相关/小米.jpg,1,0.98,visual_legacy_crosscheck
20260831-628e3d019f55b1aae09b-01,2026-08-31,手机,device,小米,,红米K50电竞版 (12+256),,,开机好碎,215,元/台,,image,小米.jpg,数码网报价单-0831更新/手机相关/小米.jpg,1,0.98,visual_legacy_crosscheck
20260831-bd2b45b5693f5229b3f0-01,2026-08-31,手机,device,小米,,红米K50电竞版 (12+256),,,开机碎屏,215,元/台,,image,小米.jpg,数码网报价单-0831更新/手机相关/小米.jpg,1,0.98,visual_legacy_crosscheck
20260831-593a69a43bde356d1d37-01,2026-08-31,手机,device,小米,,红米K50电竞版 (12+256),,,开机压屏机,215,元/台,,image,小米.jpg,数码网报价单-0831更新/手机相关/小米.jpg,1,0.98,visual_legacy_crosscheck
20260831-a55268f0f81c39200e14-01,2026-08-31,手机,device,小米,,红米K50电竞版 (12+256),,,不开机,215,元/台,,image,小米.jpg,数码网报价单-0831更新/手机相关/小米.jpg,1,0.98,visual_legacy_crosscheck
20260831-202f0ecb1df7f1cd8f1c-01,2026-08-31,手机,device,小米,,红米K50电竞版 (12+256),,,废板·断板,215,元/台,,image,小米.jpg,数码网报价单-0831更新/手机相关/小米.jpg,1,0.98,visual_legacy_crosscheck
20260831-1eb1fd2ed87ea0e42067-01,2026-08-31,手机,device,小米,,红米K50电竞版 (12+256),,,统货,/,元/台,,image,小米.jpg,数码网报价单-0831更新/手机相关/小米.jpg,1,0.98,visual_legacy_crosscheck
20260831-d7683dad45d7c238be22-01,2026-08-31,手机,device,小米,,红米K50至尊 (8+128),,,开机靓机好,160,元/台,三星屏芯片要求比例正常,image,小米.jpg,数码网报价单-0831更新/手机相关/小米.jpg,1,0.98,visual_legacy_crosscheck
20260831-478da3a386ca1cb58bf9-01,2026-08-31,手机,device,小米,,红米K50至尊 (8+128),,,开机好碎,160,元/台,三星屏芯片要求比例正常,image,小米.jpg,数码网报价单-0831更新/手机相关/小米.jpg,1,0.98,visual_legacy_crosscheck
20260831-428bd5d2d5f71eb1c8b3-01,2026-08-31,手机,device,小米,,红米K50至尊 (8+128),,,开机碎屏,160,元/台,三星屏芯片要求比例正常,image,小米.jpg,数码网报价单-0831更新/手机相关/小米.jpg,1,0.98,visual_legacy_crosscheck
20260831-69e89699b22125a75100-01,2026-08-31,手机,device,小米,,红米K50至尊 (8+128),,,开机压屏机,160,元/台,三星屏芯片要求比例正常,image,小米.jpg,数码网报价单-0831更新/手机相关/小米.jpg,1,0.98,visual_legacy_crosscheck
20260831-187cf20ef654e8ebe3f7-01,2026-08-31,手机,device,小米,,红米K50至尊 (8+128),,,不开机,160,元/台,三星屏芯片要求比例正常,image,小米.jpg,数码网报价单-0831更新/手机相关/小米.jpg,1,0.98,visual_legacy_crosscheck
20260831-8e843a1e06773f76dc56-01,2026-08-31,手机,device,小米,,红米K50至尊 (8+128),,,废板·断板,160,元/台,三星屏芯片要求比例正常,image,小米.jpg,数码网报价单-0831更新/手机相关/小米.jpg,1,0.98,visual_legacy_crosscheck
20260831-5e279fafcda42dcacb24-01,2026-08-31,手机,device,小米,,红米K50至尊 (8+128),,,统货,/,元/台,三星屏芯片要求比例正常,image,小米.jpg,数码网报价单-0831更新/手机相关/小米.jpg,1,0.98,visual_legacy_crosscheck
20260831-136caf3497977dd3aba2-01,2026-08-31,手机,device,小米,,红米K50至尊 (8+256),,,开机靓机好,220,元/台,,image,小米.jpg,数码网报价单-0831更新/手机相关/小米.jpg,1,0.98,visual_legacy_crosscheck
20260831-0f58c1fb3dc90a87f25e-01,2026-08-31,手机,device,小米,,红米K50至尊 (8+256),,,开机好碎,220,元/台,,image,小米.jpg,数码网报价单-0831更新/手机相关/小米.jpg,1,0.98,visual_legacy_crosscheck
20260831-ead6f6f2e3d15b6a9fa8-01,2026-08-31,手机,device,小米,,红米K50至尊 (8+256),,,开机碎屏,220,元/台,,image,小米.jpg,数码网报价单-0831更新/手机相关/小米.jpg,1,0.98,visual_legacy_crosscheck
20260831-9ef6d73ca079cd09fa37-01,2026-08-31,手机,device,小米,,红米K50至尊 (8+256),,,开机压屏机,190,元/台,,image,小米.jpg,数码网报价单-0831更新/手机相关/小米.jpg,1,0.98,visual_legacy_crosscheck
20260831-eff9b47ee7b2307b4501-01,2026-08-31,手机,device,小米,,红米K50至尊 (8+256),,,不开机,220,元/台,,image,小米.jpg,数码网报价单-0831更新/手机相关/小米.jpg,1,0.98,visual_legacy_crosscheck
20260831-4fd200d21de5432d28f2-01,2026-08-31,手机,device,小米,,红米K50至尊 (8+256),,,废板·断板,190,元/台,,image,小米.jpg,数码网报价单-0831更新/手机相关/小米.jpg,1,0.98,visual_legacy_crosscheck
20260831-5fd605ef2f1c9c94eb06-01,2026-08-31,手机,device,小米,,红米K50至尊 (8+256),,,统货,/,元/台,,image,小米.jpg,数码网报价单-0831更新/手机相关/小米.jpg,1,0.98,visual_legacy_crosscheck
