record_id,data_date,category,subtype,brand,series,model,model_code,alias,condition,price,unit,note,origin,source_image,source_path,verified,confidence,verification
20260831-72a080948713193c2675-01,2026-08-31,手机,device,OPPO,A,A3活力版,,A3活力版,开机屏坏未拆,260.0,元/台,,,oppo.jpg,数码网报价单-0831更新/手机相关/oppo.jpg,1,0.98,visual_table_body_verification
20260831-c2f102e173a0d6822355-01,2026-08-31,手机,device,OPPO,A,A3活力版,,A3活力版,开机屏坏,260.0,元/台,,,oppo.jpg,数码网报价单-0831更新/手机相关/oppo.jpg,1,0.98,visual_table_body_verification
20260831-31f78abe3798c9af4c9c-01,2026-08-31,手机,device,OPPO,A,A3活力版,,A3活力版,不开机,100.0,元/台,,,oppo.jpg,数码网报价单-0831更新/手机相关/oppo.jpg,1,0.98,visual_table_body_verification
20260831-bd3dd2eb860e479afcaf-01,2026-08-31,手机,device,OPPO,A,A3活力版,,A3活力版,废板-整机,100.0,元/台,,,oppo.jpg,数码网报价单-0831更新/手机相关/oppo.jpg,1,0.98,visual_table_body_verification
20260831-78067411372c250a264c-01,2026-08-31,手机,device,OPPO,A,A3新款,,A3新款,开机屏好,240.0,元/台,,,oppo.jpg,数码网报价单-0831更新/手机相关/oppo.jpg,1,0.98,visual_table_body_verification
20260831-ffa48784b715660a9896-01,2026-08-31,手机,device,OPPO,A,A3新款,,A3新款,开机屏好外屏碎,240.0,元/台,,,oppo.jpg,数码网报价单-0831更新/手机相关/oppo.jpg,1,0.98,visual_table_body_verification
20260831-f68a539be814230291b5-01,2026-08-31,手机,device,OPPO,A,A3新款,,A3新款,开机屏坏未拆,240.0,元/台,,,oppo.jpg,数码网报价单-0831更新/手机相关/oppo.jpg,1,0.98,visual_table_body_verification
20260831-7c2fe5643b32936ab619-01,2026-08-31,手机,device,OPPO,A,A3新款,,A3新款,开机屏坏,240.0,元/台,,,oppo.jpg,数码网报价单-0831更新/手机相关/oppo.jpg,1,0.98,visual_table_body_verification
20260831-8226410581592d86f9d9-01,2026-08-31,手机,device,OPPO,A,A3新款,,A3新款,不开机,100.0,元/台,,,oppo.jpg,数码网报价单-0831更新/手机相关/oppo.jpg,1,0.98,visual_table_body_verification
20260831-e00233f6cd77ab428c35-01,2026-08-31,手机,device,OPPO,A,A3新款,,A3新款,废板-整机,100.0,元/台,,,oppo.jpg,数码网报价单-0831更新/手机相关/oppo.jpg,1,0.98,visual_table_body_verification
20260831-566790185d760ec11562-01,2026-08-31,手机,device,OPPO,A,A3x,,A3x,开机屏好,300.0,元/台,,,oppo.jpg,数码网报价单-0831更新/手机相关/oppo.jpg,1,0.98,visual_table_body_verification
20260831-77008aa79b967bce139c-01,2026-08-31,手机,device,OPPO,A,A3x,,A3x,开机屏好外屏碎,300.0,元/台,,,oppo.jpg,数码网报价单-0831更新/手机相关/oppo.jpg,1,0.98,visual_table_body_verification
20260831-fc485406edefe74ed3e4-01,2026-08-31,手机,device,OPPO,A,A3x,,A3x,开机屏坏未拆,300.0,元/台,,,oppo.jpg,数码网报价单-0831更新/手机相关/oppo.jpg,1,0.98,visual_table_body_verification
20260831-3c8451cc379c157f756e-01,2026-08-31,手机,device,OPPO,A,A3x,,A3x,开机屏坏,300.0,元/台,,,oppo.jpg,数码网报价单-0831更新/手机相关/oppo.jpg,1,0.98,visual_table_body_verification
20260831-1a9fe76c53d9f3515d1c-01,2026-08-31,手机,device,OPPO,A,A3x,,A3x,不开机,150.0,元/台,,,oppo.jpg,数码网报价单-0831更新/手机相关/oppo.jpg,1,0.98,visual_table_body_verification
20260831-dde7fe0ab0b6773a07a1-01,2026-08-31,手机,device,OPPO,A,A3x,,A3x,废板-整机,150.0,元/台,,,oppo.jpg,数码网报价单-0831更新/手机相关/oppo.jpg,1,0.98,visual_table_body_verification
20260831-407434ce2c3c7fd8a52b-01,2026-08-31,手机,device,OPPO,A,A3S,,A3S,开机屏好,45.0,元/台,,,oppo.jpg,数码网报价单-0831更新/手机相关/oppo.jpg,1,0.98,visual_table_body_verification
20260831-4ea33339cc71143f9310-01,2026-08-31,手机,device,OPPO,A,A3S,,A3S,开机屏好外屏碎,45.0,元/台,,,oppo.jpg,数码网报价单-0831更新/手机相关/oppo.jpg,1,0.98,visual_table_body_verification
20260831-1493b33465dd014a56be-01,2026-08-31,手机,device,OPPO,A,A3S,,A3S,开机屏坏未拆,45.0,元/台,,,oppo.jpg,数码网报价单-0831更新/手机相关/oppo.jpg,1,0.98,visual_table_body_verification
20260831-3af40955359204f08494-01,2026-08-31,手机,device,OPPO,A,A3S,,A3S,开机屏坏,45.0,元/台,,,oppo.jpg,数码网报价单-0831更新/手机相关/oppo.jpg,1,0.98,visual_table_body_verification
20260831-ee5a5ffaafed5700a241-01,2026-08-31,手机,device,OPPO,A,A3S,,A3S,不开机,45.0,元/台,,,oppo.jpg,数码网报价单-0831更新/手机相关/oppo.jpg,1,0.98,visual_table_body_verification
20260831-da7c987ab1322a50ffa8-01,2026-08-31,手机,device,OPPO,A,A3S,,A3S,废板-整机,45.0,元/台,,,oppo.jpg,数码网报价单-0831更新/手机相关/oppo.jpg,1,0.98,visual_table_body_verification
20260831-734323387d4c55594da5-01,2026-08-31,手机,device,OPPO,A,a2pro,,a2pro,开机屏好,300.0,元/台,,,oppo.jpg,数码网报价单-0831更新/手机相关/oppo.jpg,1,0.98,visual_table_body_verification
20260831-13df629160081628de63-01,2026-08-31,手机,device,OPPO,A,a2pro,,a2pro,开机屏好外屏碎,260.0,元/台,,,oppo.jpg,数码网报价单-0831更新/手机相关/oppo.jpg,1,0.98,visual_table_body_verification
20260831-59c26a6f7920d67648e6-01,2026-08-31,手机,device,OPPO,A,a2pro,,a2pro,开机屏坏未拆,260.0,元/台,,,oppo.jpg,数码网报价单-0831更新/手机相关/oppo.jpg,1,0.98,visual_table_body_verification
20260831-7ebfd833efa25af46792-01,2026-08-31,手机,device,OPPO,A,a2pro,,a2pro,开机屏坏,260.0,元/台,,,oppo.jpg,数码网报价单-0831更新/手机相关/oppo.jpg,1,0.98,visual_table_body_verification
20260831-e78d4893cb40bd1ee4ee-01,2026-08-31,手机,device,OPPO,A,a2pro,,a2pro,不开机,100.0,元/台,,,oppo.jpg,数码网报价单-0831更新/手机相关/oppo.jpg,1,0.98,visual_table_body_verification
20260831-3244f69aa850887cc9d7-01,2026-08-31,手机,device,OPPO,A,a2pro,,a2pro,废板-整机,100.0,元/台,,,oppo.jpg,数码网报价单-0831更新/手机相关/oppo.jpg,1,0.98,visual_table_body_verification
20260831-eb5ef6665469a5f28368-01,2026-08-31,手机,device,OPPO,A,a2x,,a2x,开机屏好,180.0,元/台,,,oppo.jpg,数码网报价单-0831更新/手机相关/oppo.jpg,1,0.98,visual_table_body_verification
20260831-f92294df7e81425a033e-01,2026-08-31,手机,device,OPPO,A,a2x,,a2x,开机屏好外屏碎,180.0,元/台,,,oppo.jpg,数码网报价单-0831更新/手机相关/oppo.jpg,1,0.98,visual_table_body_verification
20260831-849e560bd744d4bfc0e9-01,2026-08-31,手机,device,OPPO,A,a2x,,a2x,开机屏坏未拆,180.0,元/台,,,oppo.jpg,数码网报价单-0831更新/手机相关/oppo.jpg,1,0.98,visual_table_body_verification
20260831-ed3c19702b5581e043dc-01,2026-08-31,手机,device,OPPO,A,a2x,,a2x,开机屏坏,180.0,元/台,,,oppo.jpg,数码网报价单-0831更新/手机相关/oppo.jpg,1,0.98,visual_table_body_verification
20260831-8e936e99b566dd5efbb2-01,2026-08-31,手机,device,OPPO,A,a2x,,a2x,不开机,180.0,元/台,,,oppo.jpg,数码网报价单-0831更新/手机相关/oppo.jpg,1,0.98,visual_table_body_verification
20260831-098508a8830c213ef14d-01,2026-08-31,手机,device,OPPO,A,a2x,,a2x,废板-整机,180.0,元/台,,,oppo.jpg,数码网报价单-0831更新/手机相关/oppo.jpg,1,0.98,visual_table_body_verification
20260831-d065c8eab69e93572e96-01,2026-08-31,手机,device,OPPO,A,a1i,,a1i,开机屏好,220.0,元/台,,,oppo.jpg,数码网报价单-0831更新/手机相关/oppo.jpg,1,0.98,visual_table_body_verification
20260831-e3d4dcfe4b680510432d-01,2026-08-31,手机,device,OPPO,A,a1i,,a1i,开机屏好外屏碎,180.0,元/台,,,oppo.jpg,数码网报价单-0831更新/手机相关/oppo.jpg,1,0.98,visual_table_body_verification
20260831-cc3b0c6f0a3758b445d2-01,2026-08-31,手机,device,OPPO,A,a1i,,a1i,开机屏坏未拆,180.0,元/台,,,oppo.jpg,数码网报价单-0831更新/手机相关/oppo.jpg,1,0.98,visual_table_body_verification
20260831-ca0b3324fd2619126c7b-01,2026-08-31,手机,device,OPPO,A,a1i,,a1i,开机屏坏,180.0,元/台,,,oppo.jpg,数码网报价单-0831更新/手机相关/oppo.jpg,1,0.98,visual_table_body_verification
20260831-7f3963812993094a3ac4-01,2026-08-31,手机,device,OPPO,A,a1i,,a1i,不开机,100.0,元/台,,,oppo.jpg,数码网报价单-0831更新/手机相关/oppo.jpg,1,0.98,visual_table_body_verification
20260831-674cfa9c62a0ac2a7dc9-01,2026-08-31,手机,device,OPPO,A,a1i,,a1i,废板-整机,100.0,元/台,,,oppo.jpg,数码网报价单-0831更新/手机相关/oppo.jpg,1,0.98,visual_table_body_verification
20260831-aba3130bed92b47eabfe-01,2026-08-31,手机,device,OPPO,A,A1s,,A1s,开机屏好,200.0,元/台,,,oppo.jpg,数码网报价单-0831更新/手机相关/oppo.jpg,1,0.98,visual_table_body_verification
20260831-d74a978aa5fc3bef26f1-01,2026-08-31,手机,device,OPPO,A,A1s,,A1s,开机屏好外屏碎,200.0,元/台,,,oppo.jpg,数码网报价单-0831更新/手机相关/oppo.jpg,1,0.98,visual_table_body_verification
20260831-14a825dd0ca12a067193-01,2026-08-31,手机,device,OPPO,A,A1s,,A1s,开机屏坏未拆,200.0,元/台,,,oppo.jpg,数码网报价单-0831更新/手机相关/oppo.jpg,1,0.98,visual_table_body_verification
20260831-c091cc8df3cc6f069c22-01,2026-08-31,手机,device,OPPO,A,A1s,,A1s,开机屏坏,200.0,元/台,,,oppo.jpg,数码网报价单-0831更新/手机相关/oppo.jpg,1,0.98,visual_table_body_verification
20260831-fc71ff01d1b7847338a3-01,2026-08-31,手机,device,OPPO,A,A1s,,A1s,不开机,100.0,元/台,,,oppo.jpg,数码网报价单-0831更新/手机相关/oppo.jpg,1,0.98,visual_table_body_verification
20260831-894a8fa24ce10a7ad4dc-01,2026-08-31,手机,device,OPPO,A,A1s,,A1s,废板-整机,100.0,元/台,,,oppo.jpg,数码网报价单-0831更新/手机相关/oppo.jpg,1,0.98,visual_table_body_verification
20260831-eee28ee0c1e8bda82de7-01,2026-08-31,手机,device,OPPO,A,a2m,,a2m,开机屏好,180.0,元/台,,,oppo.jpg,数码网报价单-0831更新/手机相关/oppo.jpg,1,0.98,visual_table_body_verification
20260831-f02f89ca84e406e2827b-01,2026-08-31,手机,device,OPPO,A,a2m,,a2m,开机屏好外屏碎,180.0,元/台,,,oppo.jpg,数码网报价单-0831更新/手机相关/oppo.jpg,1,0.98,visual_table_body_verification
20260831-29a9e98ac52029b3fdb3-01,2026-08-31,手机,device,OPPO,A,a2m,,a2m,开机屏坏未拆,180.0,元/台,,,oppo.jpg,数码网报价单-0831更新/手机相关/oppo.jpg,1,0.98,visual_table_body_verification
20260831-ed40e12c16d3d1996668-01,2026-08-31,手机,device,OPPO,A,a2m,,a2m,开机屏坏,180.0,元/台,,,oppo.jpg,数码网报价单-0831更新/手机相关/oppo.jpg,1,0.98,visual_table_body_verification
20260831-701dcae9b6884939783e-01,2026-08-31,手机,device,OPPO,A,a2m,,a2m,不开机,180.0,元/台,,,oppo.jpg,数码网报价单-0831更新/手机相关/oppo.jpg,1,0.98,visual_table_body_verification
20260831-23fbdfaaa3fb35034e7b-01,2026-08-31,手机,device,OPPO,A,a2m,,a2m,废板-整机,180.0,元/台,,,oppo.jpg,数码网报价单-0831更新/手机相关/oppo.jpg,1,0.98,visual_table_body_verification
20260831-5e1a424fd59720179c65-01,2026-08-31,手机,device,OPPO,A,A1PRO,,A1PRO,开机屏好,230.0,元/台,,,oppo.jpg,数码网报价单-0831更新/手机相关/oppo.jpg,1,0.98,visual_table_body_verification
20260831-8da7394bb6a4d5829a59-01,2026-08-31,手机,device,OPPO,A,A1PRO,,A1PRO,开机屏好外屏碎,230.0,元/台,,,oppo.jpg,数码网报价单-0831更新/手机相关/oppo.jpg,1,0.98,visual_table_body_verification
20260831-83e8f84388dcf86ebc2d-01,2026-08-31,手机,device,OPPO,A,A1PRO,,A1PRO,开机屏坏未拆,230.0,元/台,,,oppo.jpg,数码网报价单-0831更新/手机相关/oppo.jpg,1,0.98,visual_table_body_verification
20260831-1f0a7eebae78e75a2b87-01,2026-08-31,手机,device,OPPO,A,A1PRO,,A1PRO,开机屏坏,230.0,元/台,,,oppo.jpg,数码网报价单-0831更新/手机相关/oppo.jpg,1,0.98,visual_table_body_verification
20260831-4fab621bdbe75c8693ba-01,2026-08-31,手机,device,OPPO,A,A1PRO,,A1PRO,不开机,230.0,元/台,,,oppo.jpg,数码网报价单-0831更新/手机相关/oppo.jpg,1,0.98,visual_table_body_verification
20260831-57c46ac0837160e44f14-01,2026-08-31,手机,device,OPPO,A,A1PRO,,A1PRO,废板-整机,230.0,元/台,,,oppo.jpg,数码网报价单-0831更新/手机相关/oppo.jpg,1,0.98,visual_table_body_verification
20260831-3b99521a1a75295db671-01,2026-08-31,手机,device,OPPO,A,a1活力版,,a1活力版,开机屏好,200.0,元/台,,,oppo.jpg,数码网报价单-0831更新/手机相关/oppo.jpg,1,0.98,visual_table_body_verification
20260831-4c7d039c1fadf6e80693-01,2026-08-31,手机,device,OPPO,A,a1活力版,,a1活力版,开机屏好外屏碎,180.0,元/台,,,oppo.jpg,数码网报价单-0831更新/手机相关/oppo.jpg,1,0.98,visual_table_body_verification
20260831-8709b753ff36f2a731fb-01,2026-08-31,手机,device,OPPO,A,a1活力版,,a1活力版,开机屏坏未拆,180.0,元/台,,,oppo.jpg,数码网报价单-0831更新/手机相关/oppo.jpg,1,0.98,visual_table_body_verification
20260831-807e27dc17dc9707a08d-01,2026-08-31,手机,device,OPPO,A,a1活力版,,a1活力版,开机屏坏,180.0,元/台,,,oppo.jpg,数码网报价单-0831更新/手机相关/oppo.jpg,1,0.98,visual_table_body_verification
20260831-2ae845c59ef5b899b113-01,2026-08-31,手机,device,OPPO,A,a1活力版,,a1活力版,不开机,100.0,元/台,,,oppo.jpg,数码网报价单-0831更新/手机相关/oppo.jpg,1,0.98,visual_table_body_verification
20260831-43c12002342d4517017c-01,2026-08-31,手机,device,OPPO,A,a1活力版,,a1活力版,废板-整机,100.0,元/台,,,oppo.jpg,数码网报价单-0831更新/手机相关/oppo.jpg,1,0.98,visual_table_body_verification
20260831-0f4c7b49d30ececa6716-01,2026-08-31,手机,device,OPPO,A,a1 5g,,a1 5g,开机屏好,230.0,元/台,,,oppo.jpg,数码网报价单-0831更新/手机相关/oppo.jpg,1,0.98,visual_table_body_verification
20260831-c5be1e2c6ab147d9d854-01,2026-08-31,手机,device,OPPO,A,a1 5g,,a1 5g,开机屏好外屏碎,230.0,元/台,,,oppo.jpg,数码网报价单-0831更新/手机相关/oppo.jpg,1,0.98,visual_table_body_verification
20260831-b323639a3960b6c94c19-01,2026-08-31,手机,device,OPPO,A,a1 5g,,a1 5g,开机屏坏未拆,230.0,元/台,,,oppo.jpg,数码网报价单-0831更新/手机相关/oppo.jpg,1,0.98,visual_table_body_verification
20260831-c9ca97872c72b2591a37-01,2026-08-31,手机,device,OPPO,A,a1 5g,,a1 5g,开机屏坏,230.0,元/台,,,oppo.jpg,数码网报价单-0831更新/手机相关/oppo.jpg,1,0.98,visual_table_body_verification
20260831-c4d01c4a636b8d6f232f-01,2026-08-31,手机,device,OPPO,A,a1 5g,,a1 5g,不开机,230.0,元/台,,,oppo.jpg,数码网报价单-0831更新/手机相关/oppo.jpg,1,0.98,visual_table_body_verification
20260831-13a320f9797bb020a6b3-01,2026-08-31,手机,device,OPPO,A,a1 5g,,a1 5g,废板-整机,230.0,元/台,,,oppo.jpg,数码网报价单-0831更新/手机相关/oppo.jpg,1,0.98,visual_table_body_verification
20260831-7b6c29f7a66bf3330d4a-01,2026-08-31,手机,device,OPPO,A,a1X,,a1X,开机屏好,200.0,元/台,,,oppo.jpg,数码网报价单-0831更新/手机相关/oppo.jpg,1,0.98,visual_table_body_verification
20260831-d408b24e135178456a8d-01,2026-08-31,手机,device,OPPO,A,a1X,,a1X,开机屏好外屏碎,180.0,元/台,,,oppo.jpg,数码网报价单-0831更新/手机相关/oppo.jpg,1,0.98,visual_table_body_verification
20260831-e97e1842e8fee161feeb-01,2026-08-31,手机,device,OPPO,A,a1X,,a1X,开机屏坏未拆,180.0,元/台,,,oppo.jpg,数码网报价单-0831更新/手机相关/oppo.jpg,1,0.98,visual_table_body_verification
20260831-cd7f678ad4c8e6024a82-01,2026-08-31,手机,device,OPPO,A,a1X,,a1X,开机屏坏,180.0,元/台,,,oppo.jpg,数码网报价单-0831更新/手机相关/oppo.jpg,1,0.98,visual_table_body_verification
20260831-579bee15c38eb3a19f82-01,2026-08-31,手机,device,OPPO,A,a1X,,a1X,不开机,100.0,元/台,,,oppo.jpg,数码网报价单-0831更新/手机相关/oppo.jpg,1,0.98,visual_table_body_verification
20260831-9897b0f2ab10e56cc417-01,2026-08-31,手机,device,OPPO,A,a1X,,a1X,废板-整机,100.0,元/台,,,oppo.jpg,数码网报价单-0831更新/手机相关/oppo.jpg,1,0.98,visual_table_body_verification
20260831-283ac98f4e38ad21a460-01,2026-08-31,手机,device,OPPO,A,A1移动,,A1移动,开机屏好,85.0,元/台,,,oppo.jpg,数码网报价单-0831更新/手机相关/oppo.jpg,1,0.98,visual_table_body_verification
20260831-aeed368fcab7c053743d-01,2026-08-31,手机,device,OPPO,A,A1移动,,A1移动,开机屏好外屏碎,85.0,元/台,,,oppo.jpg,数码网报价单-0831更新/手机相关/oppo.jpg,1,0.98,visual_table_body_verification
20260831-4ff404ae304b2f993e39-01,2026-08-31,手机,device,OPPO,A,A1移动,,A1移动,开机屏坏未拆,85.0,元/台,,,oppo.jpg,数码网报价单-0831更新/手机相关/oppo.jpg,1,0.98,visual_table_body_verification
20260831-5c8fc1cd639a87587bb3-01,2026-08-31,手机,device,OPPO,A,A1移动,,A1移动,开机屏坏,85.0,元/台,,,oppo.jpg,数码网报价单-0831更新/手机相关/oppo.jpg,1,0.98,visual_table_body_verification
20260831-3f92daf4a3c3484fa717-01,2026-08-31,手机,device,OPPO,A,A1移动,,A1移动,不开机,85.0,元/台,,,oppo.jpg,数码网报价单-0831更新/手机相关/oppo.jpg,1,0.98,visual_table_body_verification
20260831-d357853170312099c683-01,2026-08-31,手机,device,OPPO,A,A1移动,,A1移动,废板-整机,85.0,元/台,,,oppo.jpg,数码网报价单-0831更新/手机相关/oppo.jpg,1,0.98,visual_table_body_verification
20260831-56587e686aeede98e633-01,2026-08-31,手机,device,OPPO,K,K15 Pro,,K15 Pro,开机屏好,1300.0,元/台,,,oppo.jpg,数码网报价单-0831更新/手机相关/oppo.jpg,1,0.98,visual_table_body_verification
20260831-5d46c899cb64a5ffd9c3-01,2026-08-31,手机,device,OPPO,K,K15 Pro,,K15 Pro,开机屏好外屏碎,1200.0,元/台,,,oppo.jpg,数码网报价单-0831更新/手机相关/oppo.jpg,1,0.98,visual_table_body_verification
20260831-c93b0d69030963e985a6-01,2026-08-31,手机,device,OPPO,K,K15 Pro,,K15 Pro,开机屏坏未拆,900.0,元/台,,,oppo.jpg,数码网报价单-0831更新/手机相关/oppo.jpg,1,0.98,visual_table_body_verification
20260831-e3904cfff4374e39f394-01,2026-08-31,手机,device,OPPO,K,K15 Pro,,K15 Pro,开机屏坏,800.0,元/台,,,oppo.jpg,数码网报价单-0831更新/手机相关/oppo.jpg,1,0.98,visual_table_body_verification
20260831-11a5fb88bd82329ecde2-01,2026-08-31,手机,device,OPPO,K,K15 Pro,,K15 Pro,不开机,150.0,元/台,,,oppo.jpg,数码网报价单-0831更新/手机相关/oppo.jpg,1,0.98,visual_table_body_verification
20260831-619043f9ce2d47ada01e-01,2026-08-31,手机,device,OPPO,K,K15 Pro,,K15 Pro,废板-整机,150.0,元/台,,,oppo.jpg,数码网报价单-0831更新/手机相关/oppo.jpg,1,0.98,visual_table_body_verification
20260831-97565cd01d9f967377bb-01,2026-08-31,手机,device,OPPO,K,k15 pro+,,k15 pro+,开机屏好,1800.0,元/台,,,oppo.jpg,数码网报价单-0831更新/手机相关/oppo.jpg,1,0.98,visual_table_body_verification
20260831-f32f67a22ea5eb5189be-01,2026-08-31,手机,device,OPPO,K,k15 pro+,,k15 pro+,开机屏好外屏碎,1300.0,元/台,,,oppo.jpg,数码网报价单-0831更新/手机相关/oppo.jpg,1,0.98,visual_table_body_verification
20260831-8d3996c3b71a9e72681a-01,2026-08-31,手机,device,OPPO,K,k15 pro+,,k15 pro+,开机屏坏未拆,1100.0,元/台,,,oppo.jpg,数码网报价单-0831更新/手机相关/oppo.jpg,1,0.98,visual_table_body_verification
20260831-33864b175f77550aa9a7-01,2026-08-31,手机,device,OPPO,K,k15 pro+,,k15 pro+,开机屏坏,800.0,元/台,,,oppo.jpg,数码网报价单-0831更新/手机相关/oppo.jpg,1,0.98,visual_table_body_verification
20260831-4c84c7da9d69169098a6-01,2026-08-31,手机,device,OPPO,K,k15 pro+,,k15 pro+,不开机,150.0,元/台,,,oppo.jpg,数码网报价单-0831更新/手机相关/oppo.jpg,1,0.98,visual_table_body_verification
20260831-bc44d1d17c0f25a7b173-01,2026-08-31,手机,device,OPPO,K,k15 pro+,,k15 pro+,废板-整机,150.0,元/台,,,oppo.jpg,数码网报价单-0831更新/手机相关/oppo.jpg,1,0.98,visual_table_body_verification
20260831-04e2dc6c0d9c0e37b013-01,2026-08-31,手机,device,OPPO,K,K13 Turbo 5G,,K13 Turbo 5G,开机屏好,300.0,元/台,,,oppo.jpg,数码网报价单-0831更新/手机相关/oppo.jpg,1,0.98,visual_table_body_verification
20260831-a4b9571e48ff3db08ea7-01,2026-08-31,手机,device,OPPO,K,K13 Turbo 5G,,K13 Turbo 5G,开机屏好外屏碎,300.0,元/台,,,oppo.jpg,数码网报价单-0831更新/手机相关/oppo.jpg,1,0.98,visual_table_body_verification
20260831-9c3e6f4395a8e1d7dc08-01,2026-08-31,手机,device,OPPO,K,K13 Turbo 5G,,K13 Turbo 5G,开机屏坏未拆,300.0,元/台,,,oppo.jpg,数码网报价单-0831更新/手机相关/oppo.jpg,1,0.98,visual_table_body_verification
20260831-ec878c67f8efd9202784-01,2026-08-31,手机,device,OPPO,K,K13 Turbo 5G,,K13 Turbo 5G,开机屏坏,300.0,元/台,,,oppo.jpg,数码网报价单-0831更新/手机相关/oppo.jpg,1,0.98,visual_table_body_verification
20260831-cff4a00cef2938fda8a8-01,2026-08-31,手机,device,OPPO,K,K13 Turbo 5G,,K13 Turbo 5G,不开机,100.0,元/台,,,oppo.jpg,数码网报价单-0831更新/手机相关/oppo.jpg,1,0.98,visual_table_body_verification
20260831-327ba603f93de85bee5d-01,2026-08-31,手机,device,OPPO,K,K13 Turbo 5G,,K13 Turbo 5G,废板-整机,100.0,元/台,,,oppo.jpg,数码网报价单-0831更新/手机相关/oppo.jpg,1,0.98,visual_table_body_verification
20260831-e78e452a89a707797586-01,2026-08-31,手机,device,OPPO,K,k13x,,k13x,开机屏好,195.0,元/台,,,oppo.jpg,数码网报价单-0831更新/手机相关/oppo.jpg,1,0.98,visual_table_body_verification
20260831-4a935c2f42afb57814d4-01,2026-08-31,手机,device,OPPO,K,k13x,,k13x,开机屏好外屏碎,195.0,元/台,,,oppo.jpg,数码网报价单-0831更新/手机相关/oppo.jpg,1,0.98,visual_table_body_verification
20260831-61a24e01fcc800d7f34c-01,2026-08-31,手机,device,OPPO,K,k13x,,k13x,开机屏坏未拆,195.0,元/台,,,oppo.jpg,数码网报价单-0831更新/手机相关/oppo.jpg,1,0.98,visual_table_body_verification
20260831-381c38516adb5fc400cb-01,2026-08-31,手机,device,OPPO,K,k13x,,k13x,开机屏坏,195.0,元/台,,,oppo.jpg,数码网报价单-0831更新/手机相关/oppo.jpg,1,0.98,visual_table_body_verification
20260831-93260158e211a318b082-01,2026-08-31,手机,device,OPPO,K,k13x,,k13x,不开机,150.0,元/台,,,oppo.jpg,数码网报价单-0831更新/手机相关/oppo.jpg,1,0.98,visual_table_body_verification
20260831-69bcfa8513705088749c-01,2026-08-31,手机,device,OPPO,K,k13x,,k13x,废板-整机,150.0,元/台,,,oppo.jpg,数码网报价单-0831更新/手机相关/oppo.jpg,1,0.98,visual_table_body_verification
20260831-c6d4d59fdec66b999a2b-01,2026-08-31,手机,device,OPPO,K,k13s,,k13s,开机屏好,195.0,元/台,,,oppo.jpg,数码网报价单-0831更新/手机相关/oppo.jpg,1,0.98,visual_table_body_verification
20260831-b5b72cf9d86c028cdc75-01,2026-08-31,手机,device,OPPO,K,k13s,,k13s,开机屏好外屏碎,195.0,元/台,,,oppo.jpg,数码网报价单-0831更新/手机相关/oppo.jpg,1,0.98,visual_table_body_verification
20260831-c56f4a5bd0c549f7a8b4-01,2026-08-31,手机,device,OPPO,K,k13s,,k13s,开机屏坏未拆,195.0,元/台,,,oppo.jpg,数码网报价单-0831更新/手机相关/oppo.jpg,1,0.98,visual_table_body_verification
20260831-2237bd8be87ce9abfd7e-01,2026-08-31,手机,device,OPPO,K,k13s,,k13s,开机屏坏,195.0,元/台,,,oppo.jpg,数码网报价单-0831更新/手机相关/oppo.jpg,1,0.98,visual_table_body_verification
20260831-c98dfbef91bc132be0fd-01,2026-08-31,手机,device,OPPO,K,k13s,,k13s,不开机,170.0,元/台,,,oppo.jpg,数码网报价单-0831更新/手机相关/oppo.jpg,1,0.98,visual_table_body_verification
20260831-c34d4ce62a1d593fbab8-01,2026-08-31,手机,device,OPPO,K,k13s,,k13s,废板-整机,170.0,元/台,,,oppo.jpg,数码网报价单-0831更新/手机相关/oppo.jpg,1,0.98,visual_table_body_verification
20260831-fbddbd0f9dc244ecb42c-01,2026-08-31,手机,device,OPPO,K,K12x,,K12x,开机屏好,195.0,元/台,,,oppo.jpg,数码网报价单-0831更新/手机相关/oppo.jpg,1,0.98,visual_table_body_verification
20260831-5e2918a1ac88702fa508-01,2026-08-31,手机,device,OPPO,K,K12x,,K12x,开机屏好外屏碎,195.0,元/台,,,oppo.jpg,数码网报价单-0831更新/手机相关/oppo.jpg,1,0.98,visual_table_body_verification
20260831-83587ab538050fdcbbec-01,2026-08-31,手机,device,OPPO,K,K12x,,K12x,开机屏坏未拆,195.0,元/台,,,oppo.jpg,数码网报价单-0831更新/手机相关/oppo.jpg,1,0.98,visual_table_body_verification
20260831-2e44a1984d3678d64796-01,2026-08-31,手机,device,OPPO,K,K12x,,K12x,开机屏坏,195.0,元/台,,,oppo.jpg,数码网报价单-0831更新/手机相关/oppo.jpg,1,0.98,visual_table_body_verification
20260831-ecadea27a4ef15925cf0-01,2026-08-31,手机,device,OPPO,K,K12x,,K12x,不开机,150.0,元/台,,,oppo.jpg,数码网报价单-0831更新/手机相关/oppo.jpg,1,0.98,visual_table_body_verification
20260831-dd3339a197237ad5ac58-01,2026-08-31,手机,device,OPPO,K,K12x,,K12x,废板-整机,150.0,元/台,,,oppo.jpg,数码网报价单-0831更新/手机相关/oppo.jpg,1,0.98,visual_table_body_verification
20260831-3d661b516916f933b558-01,2026-08-31,手机,device,OPPO,K,k12plus,,k12plus,开机屏好,195.0,元/台,,,oppo.jpg,数码网报价单-0831更新/手机相关/oppo.jpg,1,0.98,visual_table_body_verification
20260831-2e900ba830d9ca7224a0-01,2026-08-31,手机,device,OPPO,K,k12plus,,k12plus,开机屏好外屏碎,195.0,元/台,,,oppo.jpg,数码网报价单-0831更新/手机相关/oppo.jpg,1,0.98,visual_table_body_verification
20260831-47cc1b0a632788f1d2dd-01,2026-08-31,手机,device,OPPO,K,k12plus,,k12plus,开机屏坏未拆,195.0,元/台,,,oppo.jpg,数码网报价单-0831更新/手机相关/oppo.jpg,1,0.98,visual_table_body_verification
20260831-84652d7d261220ddf40a-01,2026-08-31,手机,device,OPPO,K,k12plus,,k12plus,开机屏坏,195.0,元/台,,,oppo.jpg,数码网报价单-0831更新/手机相关/oppo.jpg,1,0.98,visual_table_body_verification
20260831-2b7c41a205aae0f2a7cf-01,2026-08-31,手机,device,OPPO,K,k12plus,,k12plus,不开机,150.0,元/台,,,oppo.jpg,数码网报价单-0831更新/手机相关/oppo.jpg,1,0.98,visual_table_body_verification
20260831-d36eabca94a45417252f-01,2026-08-31,手机,device,OPPO,K,k12plus,,k12plus,废板-整机,150.0,元/台,,,oppo.jpg,数码网报价单-0831更新/手机相关/oppo.jpg,1,0.98,visual_table_body_verification
20260831-f42fce7ae4c9d90b366d-01,2026-08-31,手机,device,OPPO,K,k12s,,k12s,开机屏好,195.0,元/台,,,oppo.jpg,数码网报价单-0831更新/手机相关/oppo.jpg,1,0.98,visual_table_body_verification
20260831-e86ca9d2196996cdcc59-01,2026-08-31,手机,device,OPPO,K,k12s,,k12s,开机屏好外屏碎,195.0,元/台,,,oppo.jpg,数码网报价单-0831更新/手机相关/oppo.jpg,1,0.98,visual_table_body_verification
20260831-36cc0a0f42d9b203eea7-01,2026-08-31,手机,device,OPPO,K,k12s,,k12s,开机屏坏未拆,195.0,元/台,,,oppo.jpg,数码网报价单-0831更新/手机相关/oppo.jpg,1,0.98,visual_table_body_verification
20260831-a0cf3e69203c721acc37-01,2026-08-31,手机,device,OPPO,K,k12s,,k12s,开机屏坏,195.0,元/台,,,oppo.jpg,数码网报价单-0831更新/手机相关/oppo.jpg,1,0.98,visual_table_body_verification
20260831-3823bf70b59462f280a9-01,2026-08-31,手机,device,OPPO,K,k12s,,k12s,不开机,150.0,元/台,,,oppo.jpg,数码网报价单-0831更新/手机相关/oppo.jpg,1,0.98,visual_table_body_verification
20260831-6b7e5e5ae3fc94d034ae-01,2026-08-31,手机,device,OPPO,K,k12s,,k12s,废板-整机,150.0,元/台,,,oppo.jpg,数码网报价单-0831更新/手机相关/oppo.jpg,1,0.98,visual_table_body_verification
20260831-d5a0100aa9570d9af524-01,2026-08-31,手机,device,OPPO,K,k12,,k12,开机屏好,195.0,元/台,,,oppo.jpg,数码网报价单-0831更新/手机相关/oppo.jpg,1,0.98,visual_table_body_verification
20260831-da286a9fbe2b21daccdd-01,2026-08-31,手机,device,OPPO,K,k12,,k12,开机屏好外屏碎,195.0,元/台,,,oppo.jpg,数码网报价单-0831更新/手机相关/oppo.jpg,1,0.98,visual_table_body_verification
20260831-3e8b1936e8538db18722-01,2026-08-31,手机,device,OPPO,K,k12,,k12,开机屏坏未拆,195.0,元/台,,,oppo.jpg,数码网报价单-0831更新/手机相关/oppo.jpg,1,0.98,visual_table_body_verification
20260831-e09c589bf5347233bf62-01,2026-08-31,手机,device,OPPO,K,k12,,k12,开机屏坏,195.0,元/台,,,oppo.jpg,数码网报价单-0831更新/手机相关/oppo.jpg,1,0.98,visual_table_body_verification
20260831-1e59d31d9ddfa8a05d2e-01,2026-08-31,手机,device,OPPO,K,k12,,k12,不开机,150.0,元/台,,,oppo.jpg,数码网报价单-0831更新/手机相关/oppo.jpg,1,0.98,visual_table_body_verification
20260831-7d20752b84bbe514dbf3-01,2026-08-31,手机,device,OPPO,K,k12,,k12,废板-整机,150.0,元/台,,,oppo.jpg,数码网报价单-0831更新/手机相关/oppo.jpg,1,0.98,visual_table_body_verification
20260831-a3582bc57935d430aed8-01,2026-08-31,手机,device,OPPO,K,K11X,,K11X,开机屏好,195.0,元/台,,,oppo.jpg,数码网报价单-0831更新/手机相关/oppo.jpg,1,0.98,visual_table_body_verification
20260831-db9106c2d05ea89d9e25-01,2026-08-31,手机,device,OPPO,K,K11X,,K11X,开机屏好外屏碎,195.0,元/台,,,oppo.jpg,数码网报价单-0831更新/手机相关/oppo.jpg,1,0.98,visual_table_body_verification
20260831-6c45e6164a664d7df309-01,2026-08-31,手机,device,OPPO,K,K11X,,K11X,开机屏坏未拆,195.0,元/台,,,oppo.jpg,数码网报价单-0831更新/手机相关/oppo.jpg,1,0.98,visual_table_body_verification
20260831-950376e2e624ccd1c3e6-01,2026-08-31,手机,device,OPPO,K,K11X,,K11X,开机屏坏,195.0,元/台,,,oppo.jpg,数码网报价单-0831更新/手机相关/oppo.jpg,1,0.98,visual_table_body_verification
20260831-1ef635e62aaf27f3b24c-01,2026-08-31,手机,device,OPPO,K,K11X,,K11X,不开机,150.0,元/台,,,oppo.jpg,数码网报价单-0831更新/手机相关/oppo.jpg,1,0.98,visual_table_body_verification
20260831-e6bfc838b916811c23e2-01,2026-08-31,手机,device,OPPO,K,K11X,,K11X,废板-整机,150.0,元/台,,,oppo.jpg,数码网报价单-0831更新/手机相关/oppo.jpg,1,0.98,visual_table_body_verification
20260831-a5c3c8b4b78265a6dbf5-01,2026-08-31,手机,device,OPPO,K,K10 PRO,,K10 PRO,开机屏好,175.0,元/台,,,oppo.jpg,数码网报价单-0831更新/手机相关/oppo.jpg,1,0.98,visual_table_body_verification
20260831-eaf7e25cd45937d4120e-01,2026-08-31,手机,device,OPPO,K,K10 PRO,,K10 PRO,开机屏好外屏碎,175.0,元/台,,,oppo.jpg,数码网报价单-0831更新/手机相关/oppo.jpg,1,0.98,visual_table_body_verification
20260831-1b78d233ced834592451-01,2026-08-31,手机,device,OPPO,K,K10 PRO,,K10 PRO,开机屏坏未拆,175.0,元/台,,,oppo.jpg,数码网报价单-0831更新/手机相关/oppo.jpg,1,0.98,visual_table_body_verification
20260831-2f5e2aa0d4802a3f181d-01,2026-08-31,手机,device,OPPO,K,K10 PRO,,K10 PRO,开机屏坏,175.0,元/台,,,oppo.jpg,数码网报价单-0831更新/手机相关/oppo.jpg,1,0.98,visual_table_body_verification
20260831-e989511a5010426fd1bc-01,2026-08-31,手机,device,OPPO,K,K10 PRO,,K10 PRO,不开机,175.0,元/台,,,oppo.jpg,数码网报价单-0831更新/手机相关/oppo.jpg,1,0.98,visual_table_body_verification
20260831-5ea8281b8d67173adbcf-01,2026-08-31,手机,device,OPPO,K,K10 PRO,,K10 PRO,废板-整机,175.0,元/台,,,oppo.jpg,数码网报价单-0831更新/手机相关/oppo.jpg,1,0.98,visual_table_body_verification
20260831-814061faf116bea93f00-01,2026-08-31,手机,device,OPPO,K,K10活力版,,K10活力版,开机屏好,230.0,元/台,,,oppo.jpg,数码网报价单-0831更新/手机相关/oppo.jpg,1,0.98,visual_table_body_verification
20260831-38e1acbfd284ff1d0955-01,2026-08-31,手机,device,OPPO,K,K10活力版,,K10活力版,开机屏好外屏碎,230.0,元/台,,,oppo.jpg,数码网报价单-0831更新/手机相关/oppo.jpg,1,0.98,visual_table_body_verification
20260831-887ba9ff33ef15312723-01,2026-08-31,手机,device,OPPO,K,K10活力版,,K10活力版,开机屏坏未拆,230.0,元/台,,,oppo.jpg,数码网报价单-0831更新/手机相关/oppo.jpg,1,0.98,visual_table_body_verification
20260831-166342e394c89335cb82-01,2026-08-31,手机,device,OPPO,K,K10活力版,,K10活力版,开机屏坏,230.0,元/台,,,oppo.jpg,数码网报价单-0831更新/手机相关/oppo.jpg,1,0.98,visual_table_body_verification
20260831-b569c388ea6704f774a4-01,2026-08-31,手机,device,OPPO,K,K10活力版,,K10活力版,不开机,230.0,元/台,,,oppo.jpg,数码网报价单-0831更新/手机相关/oppo.jpg,1,0.98,visual_table_body_verification
20260831-6ee41090201741f149f3-01,2026-08-31,手机,device,OPPO,K,K10活力版,,K10活力版,废板-整机,230.0,元/台,,,oppo.jpg,数码网报价单-0831更新/手机相关/oppo.jpg,1,0.98,visual_table_body_verification
20260831-b7f34bb900c25629420b-01,2026-08-31,手机,device,OPPO,K,K9pro,,K9pro,开机屏好,140.0,元/台,,,oppo.jpg,数码网报价单-0831更新/手机相关/oppo.jpg,1,0.98,visual_table_body_verification
20260831-fd1a0fc7cab4a6f4d554-01,2026-08-31,手机,device,OPPO,K,K9pro,,K9pro,开机屏好外屏碎,140.0,元/台,,,oppo.jpg,数码网报价单-0831更新/手机相关/oppo.jpg,1,0.98,visual_table_body_verification
20260831-14ac45cc4823c5a9adca-01,2026-08-31,手机,device,OPPO,K,K9pro,,K9pro,开机屏坏未拆,140.0,元/台,,,oppo.jpg,数码网报价单-0831更新/手机相关/oppo.jpg,1,0.98,visual_table_body_verification
20260831-a55e0138db287aa98c1b-01,2026-08-31,手机,device,OPPO,K,K9pro,,K9pro,开机屏坏,140.0,元/台,,,oppo.jpg,数码网报价单-0831更新/手机相关/oppo.jpg,1,0.98,visual_table_body_verification
20260831-6bceb2ea7b1a06d9ba95-01,2026-08-31,手机,device,OPPO,K,K9pro,,K9pro,不开机,140.0,元/台,,,oppo.jpg,数码网报价单-0831更新/手机相关/oppo.jpg,1,0.98,visual_table_body_verification
20260831-14030bd232b346a7286a-01,2026-08-31,手机,device,OPPO,K,K9pro,,K9pro,废板-整机,140.0,元/台,,,oppo.jpg,数码网报价单-0831更新/手机相关/oppo.jpg,1,0.98,visual_table_body_verification
20260831-e06e19dd8b5f5095d0c1-01,2026-08-31,手机,device,OPPO,K,K9 (8+256),,K9 (8+256),开机屏好,230.0,元/台,,,oppo.jpg,数码网报价单-0831更新/手机相关/oppo.jpg,1,0.98,visual_table_body_verification
20260831-cb545cac8c6b1007a698-01,2026-08-31,手机,device,OPPO,K,K9 (8+256),,K9 (8+256),开机屏好外屏碎,230.0,元/台,,,oppo.jpg,数码网报价单-0831更新/手机相关/oppo.jpg,1,0.98,visual_table_body_verification
20260831-eadac5bd28d90f56fd41-01,2026-08-31,手机,device,OPPO,K,K9 (8+256),,K9 (8+256),开机屏坏未拆,230.0,元/台,,,oppo.jpg,数码网报价单-0831更新/手机相关/oppo.jpg,1,0.98,visual_table_body_verification
20260831-f645bccc0e610211b32d-01,2026-08-31,手机,device,OPPO,K,K9 (8+256),,K9 (8+256),开机屏坏,230.0,元/台,,,oppo.jpg,数码网报价单-0831更新/手机相关/oppo.jpg,1,0.98,visual_table_body_verification
20260831-ccc89f5506aff6d2e2b1-01,2026-08-31,手机,device,OPPO,K,K9 (8+256),,K9 (8+256),不开机,230.0,元/台,,,oppo.jpg,数码网报价单-0831更新/手机相关/oppo.jpg,1,0.98,visual_table_body_verification
20260831-ea9dcb8b632da55780bd-01,2026-08-31,手机,device,OPPO,K,K9 (8+256),,K9 (8+256),废板-整机,230.0,元/台,,,oppo.jpg,数码网报价单-0831更新/手机相关/oppo.jpg,1,0.98,visual_table_body_verification
20260831-a6d0c6519f706e3a88f2-01,2026-08-31,手机,device,OPPO,K,k7x,,k7x,开机屏好,175.0,元/台,,,oppo.jpg,数码网报价单-0831更新/手机相关/oppo.jpg,1,0.98,visual_table_body_verification
20260831-d170de9d4ab3266ab95b-01,2026-08-31,手机,device,OPPO,K,k7x,,k7x,开机屏好外屏碎,175.0,元/台,,,oppo.jpg,数码网报价单-0831更新/手机相关/oppo.jpg,1,0.98,visual_table_body_verification
20260831-4d406ed2f84c708b90de-01,2026-08-31,手机,device,OPPO,K,k7x,,k7x,开机屏坏未拆,175.0,元/台,,,oppo.jpg,数码网报价单-0831更新/手机相关/oppo.jpg,1,0.98,visual_table_body_verification
20260831-22f5275c8f2dcaec5802-01,2026-08-31,手机,device,OPPO,K,k7x,,k7x,开机屏坏,175.0,元/台,,,oppo.jpg,数码网报价单-0831更新/手机相关/oppo.jpg,1,0.98,visual_table_body_verification
20260831-eb4a961e81da80075d2b-01,2026-08-31,手机,device,OPPO,K,k7x,,k7x,不开机,175.0,元/台,,,oppo.jpg,数码网报价单-0831更新/手机相关/oppo.jpg,1,0.98,visual_table_body_verification
20260831-55e78d3a3ea966352781-01,2026-08-31,手机,device,OPPO,K,k7x,,k7x,废板-整机,175.0,元/台,,,oppo.jpg,数码网报价单-0831更新/手机相关/oppo.jpg,1,0.98,visual_table_body_verification
20260831-667dd0396b81d473f3f0-01,2026-08-31,手机,device,OPPO,K,K5 (8+256),,K5 (8+256),开机屏好,230.0,元/台,,,oppo.jpg,数码网报价单-0831更新/手机相关/oppo.jpg,1,0.98,visual_table_body_verification
20260831-95f963b185caf9aac743-01,2026-08-31,手机,device,OPPO,K,K5 (8+256),,K5 (8+256),开机屏好外屏碎,230.0,元/台,,,oppo.jpg,数码网报价单-0831更新/手机相关/oppo.jpg,1,0.98,visual_table_body_verification
20260831-0dd7436d1e5f782f5ff6-01,2026-08-31,手机,device,OPPO,K,K5 (8+256),,K5 (8+256),开机屏坏未拆,230.0,元/台,,,oppo.jpg,数码网报价单-0831更新/手机相关/oppo.jpg,1,0.98,visual_table_body_verification
20260831-f0f14f43e5167b9d7bab-01,2026-08-31,手机,device,OPPO,K,K5 (8+256),,K5 (8+256),开机屏坏,230.0,元/台,,,oppo.jpg,数码网报价单-0831更新/手机相关/oppo.jpg,1,0.98,visual_table_body_verification
20260831-6d6788697b95e1d6f025-01,2026-08-31,手机,device,OPPO,K,K5 (8+256),,K5 (8+256),不开机,230.0,元/台,,,oppo.jpg,数码网报价单-0831更新/手机相关/oppo.jpg,1,0.98,visual_table_body_verification
20260831-425a03e4e8672508e476-01,2026-08-31,手机,device,OPPO,K,K5 (8+256),,K5 (8+256),废板-整机,230.0,元/台,,,oppo.jpg,数码网报价单-0831更新/手机相关/oppo.jpg,1,0.98,visual_table_body_verification
20260831-82897930ed0eda58e369-01,2026-08-31,手机,device,OPPO,K,K3高配,,K3高配,开机屏好,230.0,元/台,,,oppo.jpg,数码网报价单-0831更新/手机相关/oppo.jpg,1,0.98,visual_table_body_verification
20260831-3a3a2bf2dfacbbe70f8f-01,2026-08-31,手机,device,OPPO,K,K3高配,,K3高配,开机屏好外屏碎,230.0,元/台,,,oppo.jpg,数码网报价单-0831更新/手机相关/oppo.jpg,1,0.98,visual_table_body_verification
20260831-96a828fc80ad9986be0d-01,2026-08-31,手机,device,OPPO,K,K3高配,,K3高配,开机屏坏未拆,230.0,元/台,,,oppo.jpg,数码网报价单-0831更新/手机相关/oppo.jpg,1,0.98,visual_table_body_verification
20260831-cf0901946e8bd372204a-01,2026-08-31,手机,device,OPPO,K,K3高配,,K3高配,开机屏坏,230.0,元/台,,,oppo.jpg,数码网报价单-0831更新/手机相关/oppo.jpg,1,0.98,visual_table_body_verification
20260831-b96556cb991c9c6e9294-01,2026-08-31,手机,device,OPPO,K,K3高配,,K3高配,不开机,230.0,元/台,,,oppo.jpg,数码网报价单-0831更新/手机相关/oppo.jpg,1,0.98,visual_table_body_verification
20260831-49f6df5cb7b1f737a783-01,2026-08-31,手机,device,OPPO,K,K3高配,,K3高配,废板-整机,230.0,元/台,,,oppo.jpg,数码网报价单-0831更新/手机相关/oppo.jpg,1,0.98,visual_table_body_verification
20260831-4e6c529b6904faacfeba-01,2026-08-31,手机,device,OPPO,K,K3中配,,K3中配,开机屏好,175.0,元/台,,,oppo.jpg,数码网报价单-0831更新/手机相关/oppo.jpg,1,0.98,visual_table_body_verification
20260831-76ae1e4d90d6f56a953a-01,2026-08-31,手机,device,OPPO,K,K3中配,,K3中配,开机屏好外屏碎,175.0,元/台,,,oppo.jpg,数码网报价单-0831更新/手机相关/oppo.jpg,1,0.98,visual_table_body_verification
20260831-617c27cb97278e8c242c-01,2026-08-31,手机,device,OPPO,K,K3中配,,K3中配,开机屏坏未拆,175.0,元/台,,,oppo.jpg,数码网报价单-0831更新/手机相关/oppo.jpg,1,0.98,visual_table_body_verification
20260831-f569862ce83476380da5-01,2026-08-31,手机,device,OPPO,K,K3中配,,K3中配,开机屏坏,175.0,元/台,,,oppo.jpg,数码网报价单-0831更新/手机相关/oppo.jpg,1,0.98,visual_table_body_verification
20260831-4bddf95c007d1d45256e-01,2026-08-31,手机,device,OPPO,K,K3中配,,K3中配,不开机,175.0,元/台,,,oppo.jpg,数码网报价单-0831更新/手机相关/oppo.jpg,1,0.98,visual_table_body_verification
20260831-107f99c06bf8be5223a8-01,2026-08-31,手机,device,OPPO,K,K3中配,,K3中配,废板-整机,175.0,元/台,,,oppo.jpg,数码网报价单-0831更新/手机相关/oppo.jpg,1,0.98,visual_table_body_verification
20260831-eb2fb3ef679962477d92-01,2026-08-31,手机,device,OPPO,K,K3低配,,K3低配,开机屏好,120.0,元/台,,,oppo.jpg,数码网报价单-0831更新/手机相关/oppo.jpg,1,0.98,visual_table_body_verification
20260831-9b4fb74a28d8f0d80708-01,2026-08-31,手机,device,OPPO,K,K3低配,,K3低配,开机屏好外屏碎,120.0,元/台,,,oppo.jpg,数码网报价单-0831更新/手机相关/oppo.jpg,1,0.98,visual_table_body_verification
20260831-a5d8e04c3390fc0a6dc6-01,2026-08-31,手机,device,OPPO,K,K3低配,,K3低配,开机屏坏未拆,120.0,元/台,,,oppo.jpg,数码网报价单-0831更新/手机相关/oppo.jpg,1,0.98,visual_table_body_verification
20260831-6e1c2878d2ea7fe665c4-01,2026-08-31,手机,device,OPPO,K,K3低配,,K3低配,开机屏坏,120.0,元/台,,,oppo.jpg,数码网报价单-0831更新/手机相关/oppo.jpg,1,0.98,visual_table_body_verification
20260831-f9cc70f1967377aaecc5-01,2026-08-31,手机,device,OPPO,K,K3低配,,K3低配,不开机,120.0,元/台,,,oppo.jpg,数码网报价单-0831更新/手机相关/oppo.jpg,1,0.98,visual_table_body_verification
20260831-adc0c2f62c6677de0b41-01,2026-08-31,手机,device,OPPO,K,K3低配,,K3低配,废板-整机,120.0,元/台,,,oppo.jpg,数码网报价单-0831更新/手机相关/oppo.jpg,1,0.98,visual_table_body_verification
20260831-e7c99c96104315e40e7a-01,2026-08-31,手机,device,OPPO,X,X9007,,X9007,开机屏好,32.0,元/台,,,oppo.jpg,数码网报价单-0831更新/手机相关/oppo.jpg,1,0.98,visual_table_body_verification
20260831-a07a312194df7e1dc1f7-01,2026-08-31,手机,device,OPPO,X,X9007,,X9007,开机屏好外屏碎,32.0,元/台,,,oppo.jpg,数码网报价单-0831更新/手机相关/oppo.jpg,1,0.98,visual_table_body_verification
20260831-9acbb51375167e3a01b4-01,2026-08-31,手机,device,OPPO,X,X9007,,X9007,开机屏坏未拆,32.0,元/台,,,oppo.jpg,数码网报价单-0831更新/手机相关/oppo.jpg,1,0.98,visual_table_body_verification
20260831-40647f44caf2f99612ba-01,2026-08-31,手机,device,OPPO,X,X9007,,X9007,开机屏坏,32.0,元/台,,,oppo.jpg,数码网报价单-0831更新/手机相关/oppo.jpg,1,0.98,visual_table_body_verification
20260831-071d8130a4de35f6d539-01,2026-08-31,手机,device,OPPO,X,X9007,,X9007,不开机,32.0,元/台,,,oppo.jpg,数码网报价单-0831更新/手机相关/oppo.jpg,1,0.98,visual_table_body_verification
20260831-aee45aaff85c302db599-01,2026-08-31,手机,device,OPPO,X,X9007,,X9007,废板-整机,32.0,元/台,,,oppo.jpg,数码网报价单-0831更新/手机相关/oppo.jpg,1,0.98,visual_table_body_verification
20260831-7fdf5e750ec1f8a47457-01,2026-08-31,手机,device,OPPO,X,X909,,X909,开机屏好,32.0,元/台,,,oppo.jpg,数码网报价单-0831更新/手机相关/oppo.jpg,1,0.98,visual_table_body_verification
20260831-f8b1736f2170816f578d-01,2026-08-31,手机,device,OPPO,X,X909,,X909,开机屏好外屏碎,32.0,元/台,,,oppo.jpg,数码网报价单-0831更新/手机相关/oppo.jpg,1,0.98,visual_table_body_verification
20260831-4954498c47ef072017a4-01,2026-08-31,手机,device,OPPO,X,X909,,X909,开机屏坏未拆,32.0,元/台,,,oppo.jpg,数码网报价单-0831更新/手机相关/oppo.jpg,1,0.98,visual_table_body_verification
20260831-24c672ab212b45218d06-01,2026-08-31,手机,device,OPPO,X,X909,,X909,开机屏坏,32.0,元/台,,,oppo.jpg,数码网报价单-0831更新/手机相关/oppo.jpg,1,0.98,visual_table_body_verification
20260831-95206b035915a55187e1-01,2026-08-31,手机,device,OPPO,X,X909,,X909,不开机,32.0,元/台,,,oppo.jpg,数码网报价单-0831更新/手机相关/oppo.jpg,1,0.98,visual_table_body_verification
20260831-87030c77fab51cce61a3-01,2026-08-31,手机,device,OPPO,X,X909,,X909,废板-整机,32.0,元/台,,,oppo.jpg,数码网报价单-0831更新/手机相关/oppo.jpg,1,0.98,visual_table_body_verification
20260831-65f2d1c4b981b2e3cdd9-01,2026-08-31,手机,device,OPPO,点数,R830s,,R830s,开机屏好,10.0,元/台,,国产,oppo.jpg,数码网报价单-0831更新/手机相关/oppo.jpg,1,0.98,visual_table_body_verification
20260831-1d6389c6f62a63745e3e-01,2026-08-31,手机,device,OPPO,点数,R830s,,R830s,开机屏好外屏碎,10.0,元/台,,国产,oppo.jpg,数码网报价单-0831更新/手机相关/oppo.jpg,1,0.98,visual_table_body_verification
20260831-3e3c6060adca8d9d9c6e-01,2026-08-31,手机,device,OPPO,点数,R830s,,R830s,开机屏坏未拆,10.0,元/台,,国产,oppo.jpg,数码网报价单-0831更新/手机相关/oppo.jpg,1,0.98,visual_table_body_verification
20260831-c0d73a370919fee46a4a-01,2026-08-31,手机,device,OPPO,点数,R830s,,R830s,开机屏坏,10.0,元/台,,国产,oppo.jpg,数码网报价单-0831更新/手机相关/oppo.jpg,1,0.98,visual_table_body_verification
20260831-38efc1f0e1f5b344cb03-01,2026-08-31,手机,device,OPPO,点数,R830s,,R830s,不开机,10.0,元/台,,国产,oppo.jpg,数码网报价单-0831更新/手机相关/oppo.jpg,1,0.98,visual_table_body_verification
20260831-8c9d00c6e90d6f1192e3-01,2026-08-31,手机,device,OPPO,点数,R830s,,R830s,废板-整机,10.0,元/台,,国产,oppo.jpg,数码网报价单-0831更新/手机相关/oppo.jpg,1,0.98,visual_table_body_verification
20260831-73492237ec945c54c199-01,2026-08-31,手机,device,OPPO,点数,R8207,,R8207,开机屏好,20.0,元/台,,国产,oppo.jpg,数码网报价单-0831更新/手机相关/oppo.jpg,1,0.98,visual_table_body_verification
20260831-4a5644a1d7fe85d125da-01,2026-08-31,手机,device,OPPO,点数,R8207,,R8207,开机屏好外屏碎,20.0,元/台,,国产,oppo.jpg,数码网报价单-0831更新/手机相关/oppo.jpg,1,0.98,visual_table_body_verification
20260831-f12c7d40c2fa8cbf32b7-01,2026-08-31,手机,device,OPPO,点数,R8207,,R8207,开机屏坏未拆,20.0,元/台,,国产,oppo.jpg,数码网报价单-0831更新/手机相关/oppo.jpg,1,0.98,visual_table_body_verification
20260831-09da0fd007115b4669ce-01,2026-08-31,手机,device,OPPO,点数,R8207,,R8207,开机屏坏,20.0,元/台,,国产,oppo.jpg,数码网报价单-0831更新/手机相关/oppo.jpg,1,0.98,visual_table_body_verification
20260831-6d04ad389b38752d51f5-01,2026-08-31,手机,device,OPPO,点数,R8207,,R8207,不开机,20.0,元/台,,国产,oppo.jpg,数码网报价单-0831更新/手机相关/oppo.jpg,1,0.98,visual_table_body_verification
20260831-a93b524f19e0034cf965-01,2026-08-31,手机,device,OPPO,点数,R8207,,R8207,废板-整机,20.0,元/台,,国产,oppo.jpg,数码网报价单-0831更新/手机相关/oppo.jpg,1,0.98,visual_table_body_verification
20260831-8f421889e039f39b4bcb-01,2026-08-31,手机,device,OPPO,点数,R8007,,R8007,开机屏好,15.0,元/台,,国产,oppo.jpg,数码网报价单-0831更新/手机相关/oppo.jpg,1,0.98,visual_table_body_verification
20260831-55b11d8afb745d99f83c-01,2026-08-31,手机,device,OPPO,点数,R8007,,R8007,开机屏好外屏碎,15.0,元/台,,国产,oppo.jpg,数码网报价单-0831更新/手机相关/oppo.jpg,1,0.98,visual_table_body_verification
20260831-0a3d15c2813610d073c8-01,2026-08-31,手机,device,OPPO,点数,R8007,,R8007,开机屏坏未拆,15.0,元/台,,国产,oppo.jpg,数码网报价单-0831更新/手机相关/oppo.jpg,1,0.98,visual_table_body_verification
20260831-6ec3cddd4aa0e18f8a58-01,2026-08-31,手机,device,OPPO,点数,R8007,,R8007,开机屏坏,15.0,元/台,,国产,oppo.jpg,数码网报价单-0831更新/手机相关/oppo.jpg,1,0.98,visual_table_body_verification
20260831-19bd404d0b6db3364d39-01,2026-08-31,手机,device,OPPO,点数,R8007,,R8007,不开机,15.0,元/台,,国产,oppo.jpg,数码网报价单-0831更新/手机相关/oppo.jpg,1,0.98,visual_table_body_verification
20260831-d8b03e6c6c362764debe-01,2026-08-31,手机,device,OPPO,点数,R8007,,R8007,废板-整机,15.0,元/台,,国产,oppo.jpg,数码网报价单-0831更新/手机相关/oppo.jpg,1,0.98,visual_table_body_verification
20260831-dd68fb5ab67b498bfc38-01,2026-08-31,手机,device,OPPO,点数,R819,,R819,开机屏好,10.0,元/台,,国产,oppo.jpg,数码网报价单-0831更新/手机相关/oppo.jpg,1,0.98,visual_table_body_verification
20260831-9116b63041255ea7b357-01,2026-08-31,手机,device,OPPO,点数,R819,,R819,开机屏好外屏碎,10.0,元/台,,国产,oppo.jpg,数码网报价单-0831更新/手机相关/oppo.jpg,1,0.98,visual_table_body_verification
20260831-770bef1e30659404a964-01,2026-08-31,手机,device,OPPO,点数,R819,,R819,开机屏坏未拆,10.0,元/台,,国产,oppo.jpg,数码网报价单-0831更新/手机相关/oppo.jpg,1,0.98,visual_table_body_verification
20260831-62b30a2f904bc15ae172-01,2026-08-31,手机,device,OPPO,点数,R819,,R819,开机屏坏,10.0,元/台,,国产,oppo.jpg,数码网报价单-0831更新/手机相关/oppo.jpg,1,0.98,visual_table_body_verification
20260831-55d9253bfadd6e5f7e07-01,2026-08-31,手机,device,OPPO,点数,R819,,R819,不开机,10.0,元/台,,国产,oppo.jpg,数码网报价单-0831更新/手机相关/oppo.jpg,1,0.98,visual_table_body_verification
20260831-6a36665b696bde6484ad-01,2026-08-31,手机,device,OPPO,点数,R819,,R819,废板-整机,10.0,元/台,,国产,oppo.jpg,数码网报价单-0831更新/手机相关/oppo.jpg,1,0.98,visual_table_body_verification
20260831-34aedae13d7789d60a73-01,2026-08-31,手机,device,OPPO,点数,R815t,,R815t,开机屏好,10.0,元/台,,国产,oppo.jpg,数码网报价单-0831更新/手机相关/oppo.jpg,1,0.98,visual_table_body_verification
20260831-4897ace7f58e4c2da401-01,2026-08-31,手机,device,OPPO,点数,R815t,,R815t,开机屏好外屏碎,10.0,元/台,,国产,oppo.jpg,数码网报价单-0831更新/手机相关/oppo.jpg,1,0.98,visual_table_body_verification
20260831-def480285a7c940f5704-01,2026-08-31,手机,device,OPPO,点数,R815t,,R815t,开机屏坏未拆,10.0,元/台,,国产,oppo.jpg,数码网报价单-0831更新/手机相关/oppo.jpg,1,0.98,visual_table_body_verification
20260831-9a585286d9e3704dcf27-01,2026-08-31,手机,device,OPPO,点数,R815t,,R815t,开机屏坏,10.0,元/台,,国产,oppo.jpg,数码网报价单-0831更新/手机相关/oppo.jpg,1,0.98,visual_table_body_verification
20260831-46373ff4227611a71bee-01,2026-08-31,手机,device,OPPO,点数,R815t,,R815t,不开机,10.0,元/台,,国产,oppo.jpg,数码网报价单-0831更新/手机相关/oppo.jpg,1,0.98,visual_table_body_verification
20260831-d587f7836efb4876cf67-01,2026-08-31,手机,device,OPPO,点数,R815t,,R815t,废板-整机,10.0,元/台,,国产,oppo.jpg,数码网报价单-0831更新/手机相关/oppo.jpg,1,0.98,visual_table_body_verification
20260831-a2466cedda6982c77d08-01,2026-08-31,手机,device,OPPO,点数,R809,,R809,开机屏好,10.0,元/台,,国产,oppo.jpg,数码网报价单-0831更新/手机相关/oppo.jpg,1,0.98,visual_table_body_verification
20260831-0e22e20257651cae91c5-01,2026-08-31,手机,device,OPPO,点数,R809,,R809,开机屏好外屏碎,10.0,元/台,,国产,oppo.jpg,数码网报价单-0831更新/手机相关/oppo.jpg,1,0.98,visual_table_body_verification
20260831-28b90793e170a7e7421f-01,2026-08-31,手机,device,OPPO,点数,R809,,R809,开机屏坏未拆,10.0,元/台,,国产,oppo.jpg,数码网报价单-0831更新/手机相关/oppo.jpg,1,0.98,visual_table_body_verification
20260831-a42f9a0c0a0bddf5bd71-01,2026-08-31,手机,device,OPPO,点数,R809,,R809,开机屏坏,10.0,元/台,,国产,oppo.jpg,数码网报价单-0831更新/手机相关/oppo.jpg,1,0.98,visual_table_body_verification
20260831-856f688bbb258760b878-01,2026-08-31,手机,device,OPPO,点数,R809,,R809,不开机,10.0,元/台,,国产,oppo.jpg,数码网报价单-0831更新/手机相关/oppo.jpg,1,0.98,visual_table_body_verification
20260831-a3d770ca8bc67e828c5e-01,2026-08-31,手机,device,OPPO,点数,R809,,R809,废板-整机,10.0,元/台,,国产,oppo.jpg,数码网报价单-0831更新/手机相关/oppo.jpg,1,0.98,visual_table_body_verification
20260831-50859e5db238f1887f56-01,2026-08-31,手机,device,OPPO,点数,R7007,,R7007,开机屏好,15.0,元/台,,国产,oppo.jpg,数码网报价单-0831更新/手机相关/oppo.jpg,1,0.98,visual_table_body_verification
20260831-5a72936ed5ad3a9e96d3-01,2026-08-31,手机,device,OPPO,点数,R7007,,R7007,开机屏好外屏碎,15.0,元/台,,国产,oppo.jpg,数码网报价单-0831更新/手机相关/oppo.jpg,1,0.98,visual_table_body_verification
20260831-b173e1f2465f2b47c747-01,2026-08-31,手机,device,OPPO,点数,R7007,,R7007,开机屏坏未拆,15.0,元/台,,国产,oppo.jpg,数码网报价单-0831更新/手机相关/oppo.jpg,1,0.98,visual_table_body_verification
20260831-79cdca37a381f815636e-01,2026-08-31,手机,device,OPPO,点数,R7007,,R7007,开机屏坏,15.0,元/台,,国产,oppo.jpg,数码网报价单-0831更新/手机相关/oppo.jpg,1,0.98,visual_table_body_verification
20260831-0a885c3e5c6aff4a431b-01,2026-08-31,手机,device,OPPO,点数,R7007,,R7007,不开机,15.0,元/台,,国产,oppo.jpg,数码网报价单-0831更新/手机相关/oppo.jpg,1,0.98,visual_table_body_verification
20260831-6d31df4751792d07677d-01,2026-08-31,手机,device,OPPO,点数,R7007,,R7007,废板-整机,15.0,元/台,,国产,oppo.jpg,数码网报价单-0831更新/手机相关/oppo.jpg,1,0.98,visual_table_body_verification
20260831-2725a52943a7b4316407-01,2026-08-31,手机,device,OPPO,点数,R7005,,R7005,开机屏好,25.0,元/台,,国产,oppo.jpg,数码网报价单-0831更新/手机相关/oppo.jpg,1,0.98,visual_table_body_verification
20260831-4e4fd33853d7785486e7-01,2026-08-31,手机,device,OPPO,点数,R7005,,R7005,开机屏好外屏碎,25.0,元/台,,国产,oppo.jpg,数码网报价单-0831更新/手机相关/oppo.jpg,1,0.98,visual_table_body_verification
20260831-bdffb0679dd0665bb0ea-01,2026-08-31,手机,device,OPPO,点数,R7005,,R7005,开机屏坏未拆,25.0,元/台,,国产,oppo.jpg,数码网报价单-0831更新/手机相关/oppo.jpg,1,0.98,visual_table_body_verification
20260831-bbf0e4bd73857520ac51-01,2026-08-31,手机,device,OPPO,点数,R7005,,R7005,开机屏坏,25.0,元/台,,国产,oppo.jpg,数码网报价单-0831更新/手机相关/oppo.jpg,1,0.98,visual_table_body_verification
20260831-26b8128c7ee0e1882ef6-01,2026-08-31,手机,device,OPPO,点数,R7005,,R7005,不开机,25.0,元/台,,国产,oppo.jpg,数码网报价单-0831更新/手机相关/oppo.jpg,1,0.98,visual_table_body_verification
20260831-e3058f2cffdd1627d1b3-01,2026-08-31,手机,device,OPPO,点数,R7005,,R7005,废板-整机,25.0,元/台,,国产,oppo.jpg,数码网报价单-0831更新/手机相关/oppo.jpg,1,0.98,visual_table_body_verification
20260831-8a9a0c7ed348f2e4cd09-01,2026-08-31,手机,device,OPPO,点数,R6607,,R6607,开机屏好,15.0,元/台,,国产,oppo.jpg,数码网报价单-0831更新/手机相关/oppo.jpg,1,0.98,visual_table_body_verification
20260831-c8f28e846e07b0b13c44-01,2026-08-31,手机,device,OPPO,点数,R6607,,R6607,开机屏好外屏碎,15.0,元/台,,国产,oppo.jpg,数码网报价单-0831更新/手机相关/oppo.jpg,1,0.98,visual_table_body_verification
20260831-83ca42916808035b4449-01,2026-08-31,手机,device,OPPO,点数,R6607,,R6607,开机屏坏未拆,15.0,元/台,,国产,oppo.jpg,数码网报价单-0831更新/手机相关/oppo.jpg,1,0.98,visual_table_body_verification
20260831-709c972da4e1556daeb5-01,2026-08-31,手机,device,OPPO,点数,R6607,,R6607,开机屏坏,15.0,元/台,,国产,oppo.jpg,数码网报价单-0831更新/手机相关/oppo.jpg,1,0.98,visual_table_body_verification
20260831-3500070e06cfced8aa19-01,2026-08-31,手机,device,OPPO,点数,R6607,,R6607,不开机,15.0,元/台,,国产,oppo.jpg,数码网报价单-0831更新/手机相关/oppo.jpg,1,0.98,visual_table_body_verification
20260831-464d18283eb358f9916d-01,2026-08-31,手机,device,OPPO,点数,R6607,,R6607,废板-整机,15.0,元/台,,国产,oppo.jpg,数码网报价单-0831更新/手机相关/oppo.jpg,1,0.98,visual_table_body_verification
20260831-03984aff43bf861035e3-01,2026-08-31,手机,device,OPPO,点数,R6007,,R6007,开机屏好,10.0,元/台,,国产,oppo.jpg,数码网报价单-0831更新/手机相关/oppo.jpg,1,0.98,visual_table_body_verification
20260831-a03f0a571cc1c8e11f03-01,2026-08-31,手机,device,OPPO,点数,R6007,,R6007,开机屏好外屏碎,10.0,元/台,,国产,oppo.jpg,数码网报价单-0831更新/手机相关/oppo.jpg,1,0.98,visual_table_body_verification
20260831-3ffb7f7016063315b86e-01,2026-08-31,手机,device,OPPO,点数,R6007,,R6007,开机屏坏未拆,10.0,元/台,,国产,oppo.jpg,数码网报价单-0831更新/手机相关/oppo.jpg,1,0.98,visual_table_body_verification
20260831-01539e08290346d6a36a-01,2026-08-31,手机,device,OPPO,点数,R6007,,R6007,开机屏坏,10.0,元/台,,国产,oppo.jpg,数码网报价单-0831更新/手机相关/oppo.jpg,1,0.98,visual_table_body_verification
20260831-fb86d115eada8d171911-01,2026-08-31,手机,device,OPPO,点数,R6007,,R6007,不开机,10.0,元/台,,国产,oppo.jpg,数码网报价单-0831更新/手机相关/oppo.jpg,1,0.98,visual_table_body_verification
20260831-90aeaccb770a98dde63b-01,2026-08-31,手机,device,OPPO,点数,R6007,,R6007,废板-整机,10.0,元/台,,国产,oppo.jpg,数码网报价单-0831更新/手机相关/oppo.jpg,1,0.98,visual_table_body_verification
20260831-37130ae04ff516d77bb8-01,2026-08-31,手机,device,OPPO,点数,R3007,,R3007,开机屏好,15.0,元/台,,国产,oppo.jpg,数码网报价单-0831更新/手机相关/oppo.jpg,1,0.98,visual_table_body_verification
20260831-b7213f10e46a163bb57f-01,2026-08-31,手机,device,OPPO,点数,R3007,,R3007,开机屏好外屏碎,15.0,元/台,,国产,oppo.jpg,数码网报价单-0831更新/手机相关/oppo.jpg,1,0.98,visual_table_body_verification
20260831-6cefb67ae7460abc1b07-01,2026-08-31,手机,device,OPPO,点数,R3007,,R3007,开机屏坏未拆,15.0,元/台,,国产,oppo.jpg,数码网报价单-0831更新/手机相关/oppo.jpg,1,0.98,visual_table_body_verification
20260831-aa251621ce7b6db665bf-01,2026-08-31,手机,device,OPPO,点数,R3007,,R3007,开机屏坏,15.0,元/台,,国产,oppo.jpg,数码网报价单-0831更新/手机相关/oppo.jpg,1,0.98,visual_table_body_verification
20260831-8ef5288b1529720b2198-01,2026-08-31,手机,device,OPPO,点数,R3007,,R3007,不开机,15.0,元/台,,国产,oppo.jpg,数码网报价单-0831更新/手机相关/oppo.jpg,1,0.98,visual_table_body_verification
20260831-d6a5526e52b045cc685d-01,2026-08-31,手机,device,OPPO,点数,R3007,,R3007,废板-整机,15.0,元/台,,国产,oppo.jpg,数码网报价单-0831更新/手机相关/oppo.jpg,1,0.98,visual_table_body_verification
20260831-4dae20684cb1ec35691a-01,2026-08-31,手机,device,OPPO,点数,R3005,,R3005,开机屏好,10.0,元/台,,国产,oppo.jpg,数码网报价单-0831更新/手机相关/oppo.jpg,1,0.98,visual_table_body_verification
20260831-877b8557d6eec0b85c2b-01,2026-08-31,手机,device,OPPO,点数,R3005,,R3005,开机屏好外屏碎,10.0,元/台,,国产,oppo.jpg,数码网报价单-0831更新/手机相关/oppo.jpg,1,0.98,visual_table_body_verification
20260831-80310736acab6a975c61-01,2026-08-31,手机,device,OPPO,点数,R3005,,R3005,开机屏坏未拆,10.0,元/台,,国产,oppo.jpg,数码网报价单-0831更新/手机相关/oppo.jpg,1,0.98,visual_table_body_verification
20260831-8076f5455c895fdb43e4-01,2026-08-31,手机,device,OPPO,点数,R3005,,R3005,开机屏坏,10.0,元/台,,国产,oppo.jpg,数码网报价单-0831更新/手机相关/oppo.jpg,1,0.98,visual_table_body_verification
20260831-957b3a55e42e3d5cf8cb-01,2026-08-31,手机,device,OPPO,点数,R3005,,R3005,不开机,10.0,元/台,,国产,oppo.jpg,数码网报价单-0831更新/手机相关/oppo.jpg,1,0.98,visual_table_body_verification
20260831-631a1d2b73313123612e-01,2026-08-31,手机,device,OPPO,点数,R3005,,R3005,废板-整机,10.0,元/台,,国产,oppo.jpg,数码网报价单-0831更新/手机相关/oppo.jpg,1,0.98,visual_table_body_verification
20260831-6b07cadcee2e4fdc2502-01,2026-08-31,手机,device,OPPO,点数,R2017,,R2017,开机屏好,10.0,元/台,,国产,oppo.jpg,数码网报价单-0831更新/手机相关/oppo.jpg,1,0.98,visual_table_body_verification
20260831-adde63f63b51a4af97a6-01,2026-08-31,手机,device,OPPO,点数,R2017,,R2017,开机屏好外屏碎,10.0,元/台,,国产,oppo.jpg,数码网报价单-0831更新/手机相关/oppo.jpg,1,0.98,visual_table_body_verification
20260831-5f8097f497cc50f6663a-01,2026-08-31,手机,device,OPPO,点数,R2017,,R2017,开机屏坏未拆,10.0,元/台,,国产,oppo.jpg,数码网报价单-0831更新/手机相关/oppo.jpg,1,0.98,visual_table_body_verification
20260831-3f4cea62bef7a064b1d6-01,2026-08-31,手机,device,OPPO,点数,R2017,,R2017,开机屏坏,10.0,元/台,,国产,oppo.jpg,数码网报价单-0831更新/手机相关/oppo.jpg,1,0.98,visual_table_body_verification
20260831-8e7c86c83a42ffdd81d7-01,2026-08-31,手机,device,OPPO,点数,R2017,,R2017,不开机,10.0,元/台,,国产,oppo.jpg,数码网报价单-0831更新/手机相关/oppo.jpg,1,0.98,visual_table_body_verification
20260831-b71b79d263e5c3d76a9f-01,2026-08-31,手机,device,OPPO,点数,R2017,,R2017,废板-整机,10.0,元/台,,国产,oppo.jpg,数码网报价单-0831更新/手机相关/oppo.jpg,1,0.98,visual_table_body_verification
20260831-c963fd4aad0b6bb04acb-01,2026-08-31,手机,device,OPPO,点数,1107,,1107,开机屏好,10.0,元/台,,国产,oppo.jpg,数码网报价单-0831更新/手机相关/oppo.jpg,1,0.98,visual_table_body_verification
20260831-223cc12a934112dd3468-01,2026-08-31,手机,device,OPPO,点数,1107,,1107,开机屏好外屏碎,10.0,元/台,,国产,oppo.jpg,数码网报价单-0831更新/手机相关/oppo.jpg,1,0.98,visual_table_body_verification
20260831-c36f988a5670fb3a109a-01,2026-08-31,手机,device,OPPO,点数,1107,,1107,开机屏坏未拆,10.0,元/台,,国产,oppo.jpg,数码网报价单-0831更新/手机相关/oppo.jpg,1,0.98,visual_table_body_verification
20260831-8eab05c00b862a5886ff-01,2026-08-31,手机,device,OPPO,点数,1107,,1107,开机屏坏,10.0,元/台,,国产,oppo.jpg,数码网报价单-0831更新/手机相关/oppo.jpg,1,0.98,visual_table_body_verification
20260831-5e4f19e1eb77bb66a843-01,2026-08-31,手机,device,OPPO,点数,1107,,1107,不开机,10.0,元/台,,国产,oppo.jpg,数码网报价单-0831更新/手机相关/oppo.jpg,1,0.98,visual_table_body_verification
20260831-ca291901dd04cdbd1ccb-01,2026-08-31,手机,device,OPPO,点数,1107,,1107,废板-整机,10.0,元/台,,国产,oppo.jpg,数码网报价单-0831更新/手机相关/oppo.jpg,1,0.98,visual_table_body_verification
20260831-6046f8f11223cfa9ad2f-01,2026-08-31,手机,device,OPPO,点数,1105,,1105,开机屏好,10.0,元/台,,国产,oppo.jpg,数码网报价单-0831更新/手机相关/oppo.jpg,1,0.98,visual_table_body_verification
20260831-c23653919a7fb4548e01-01,2026-08-31,手机,device,OPPO,点数,1105,,1105,开机屏好外屏碎,10.0,元/台,,国产,oppo.jpg,数码网报价单-0831更新/手机相关/oppo.jpg,1,0.98,visual_table_body_verification
20260831-5556c591f4937e4e4294-01,2026-08-31,手机,device,OPPO,点数,1105,,1105,开机屏坏未拆,10.0,元/台,,国产,oppo.jpg,数码网报价单-0831更新/手机相关/oppo.jpg,1,0.98,visual_table_body_verification
20260831-861193ddbb149e172c05-01,2026-08-31,手机,device,OPPO,点数,1105,,1105,开机屏坏,10.0,元/台,,国产,oppo.jpg,数码网报价单-0831更新/手机相关/oppo.jpg,1,0.98,visual_table_body_verification
20260831-7032112f03c80cb3256b-01,2026-08-31,手机,device,OPPO,点数,1105,,1105,不开机,10.0,元/台,,国产,oppo.jpg,数码网报价单-0831更新/手机相关/oppo.jpg,1,0.98,visual_table_body_verification
20260831-037c3cac802fe2e55d63-01,2026-08-31,手机,device,OPPO,点数,1105,,1105,废板-整机,10.0,元/台,,国产,oppo.jpg,数码网报价单-0831更新/手机相关/oppo.jpg,1,0.98,visual_table_body_verification
20260831-8ce93c8fd23ed9db0e11-01,2026-08-31,手机,device,OPPO,点数,1100,,1100,开机屏好,10.0,元/台,,国产,oppo.jpg,数码网报价单-0831更新/手机相关/oppo.jpg,1,0.98,visual_table_body_verification
20260831-e2408d2de4dfc07501b7-01,2026-08-31,手机,device,OPPO,点数,1100,,1100,开机屏好外屏碎,10.0,元/台,,国产,oppo.jpg,数码网报价单-0831更新/手机相关/oppo.jpg,1,0.98,visual_table_body_verification
20260831-49dcca7446392a3bdaf7-01,2026-08-31,手机,device,OPPO,点数,1100,,1100,开机屏坏未拆,10.0,元/台,,国产,oppo.jpg,数码网报价单-0831更新/手机相关/oppo.jpg,1,0.98,visual_table_body_verification
20260831-a8240918e897021b5aaf-01,2026-08-31,手机,device,OPPO,点数,1100,,1100,开机屏坏,10.0,元/台,,国产,oppo.jpg,数码网报价单-0831更新/手机相关/oppo.jpg,1,0.98,visual_table_body_verification
20260831-f10f5812509e28aca0ba-01,2026-08-31,手机,device,OPPO,点数,1100,,1100,不开机,10.0,元/台,,国产,oppo.jpg,数码网报价单-0831更新/手机相关/oppo.jpg,1,0.98,visual_table_body_verification
20260831-5d66f7a41c87bc0d8c72-01,2026-08-31,手机,device,OPPO,点数,1100,,1100,废板-整机,10.0,元/台,,国产,oppo.jpg,数码网报价单-0831更新/手机相关/oppo.jpg,1,0.98,visual_table_body_verification
20260831-fb53117e46445168079b-01,2026-08-31,手机,device,OPPO,点数,U707t,,U707t,开机屏好,10.0,元/台,,国产,oppo.jpg,数码网报价单-0831更新/手机相关/oppo.jpg,1,0.98,visual_table_body_verification
20260831-27ab239a5cbb856c273a-01,2026-08-31,手机,device,OPPO,点数,U707t,,U707t,开机屏好外屏碎,10.0,元/台,,国产,oppo.jpg,数码网报价单-0831更新/手机相关/oppo.jpg,1,0.98,visual_table_body_verification
20260831-349a25327455ec796548-01,2026-08-31,手机,device,OPPO,点数,U707t,,U707t,开机屏坏未拆,10.0,元/台,,国产,oppo.jpg,数码网报价单-0831更新/手机相关/oppo.jpg,1,0.98,visual_table_body_verification
20260831-6a4c40fb5f2bdeb7e2eb-01,2026-08-31,手机,device,OPPO,点数,U707t,,U707t,开机屏坏,10.0,元/台,,国产,oppo.jpg,数码网报价单-0831更新/手机相关/oppo.jpg,1,0.98,visual_table_body_verification
20260831-f8dac7562aad7b990aed-01,2026-08-31,手机,device,OPPO,点数,U707t,,U707t,不开机,10.0,元/台,,国产,oppo.jpg,数码网报价单-0831更新/手机相关/oppo.jpg,1,0.98,visual_table_body_verification
20260831-4ac7923ee0362ead6f4f-01,2026-08-31,手机,device,OPPO,点数,U707t,,U707t,废板-整机,10.0,元/台,,国产,oppo.jpg,数码网报价单-0831更新/手机相关/oppo.jpg,1,0.98,visual_table_body_verification
20260831-2822c024fe6a16e54b5e-01,2026-08-31,手机,device,OPPO,点数,U705,,U705,开机屏好,10.0,元/台,,国产,oppo.jpg,数码网报价单-0831更新/手机相关/oppo.jpg,1,0.98,visual_table_body_verification
20260831-7e1ea3fafb21a21290a2-01,2026-08-31,手机,device,OPPO,点数,U705,,U705,开机屏好外屏碎,10.0,元/台,,国产,oppo.jpg,数码网报价单-0831更新/手机相关/oppo.jpg,1,0.98,visual_table_body_verification
20260831-f28fa44155e4aee8414f-01,2026-08-31,手机,device,OPPO,点数,U705,,U705,开机屏坏未拆,10.0,元/台,,国产,oppo.jpg,数码网报价单-0831更新/手机相关/oppo.jpg,1,0.98,visual_table_body_verification
20260831-372ac85601caed21ff45-01,2026-08-31,手机,device,OPPO,点数,U705,,U705,开机屏坏,10.0,元/台,,国产,oppo.jpg,数码网报价单-0831更新/手机相关/oppo.jpg,1,0.98,visual_table_body_verification
20260831-eb87ef0a44e9d8d3e0ea-01,2026-08-31,手机,device,OPPO,点数,U705,,U705,不开机,10.0,元/台,,国产,oppo.jpg,数码网报价单-0831更新/手机相关/oppo.jpg,1,0.98,visual_table_body_verification
20260831-5844b45fa8d7df20ee9f-01,2026-08-31,手机,device,OPPO,点数,U705,,U705,废板-整机,10.0,元/台,,国产,oppo.jpg,数码网报价单-0831更新/手机相关/oppo.jpg,1,0.98,visual_table_body_verification
20260831-491eba67434b90d6d22a-01,2026-08-31,手机,device,OPPO,点数,A53m,,A53m,开机屏好,33.0,元/台,,国产,oppo.jpg,数码网报价单-0831更新/手机相关/oppo.jpg,1,0.98,visual_table_body_verification
20260831-feb6fd256d7562b1b564-01,2026-08-31,手机,device,OPPO,点数,A53m,,A53m,开机屏好外屏碎,33.0,元/台,,国产,oppo.jpg,数码网报价单-0831更新/手机相关/oppo.jpg,1,0.98,visual_table_body_verification
20260831-7e367c148286804e448a-01,2026-08-31,手机,device,OPPO,点数,A53m,,A53m,开机屏坏未拆,33.0,元/台,,国产,oppo.jpg,数码网报价单-0831更新/手机相关/oppo.jpg,1,0.98,visual_table_body_verification
20260831-c4fc27ec9e74167f4b59-01,2026-08-31,手机,device,OPPO,点数,A53m,,A53m,开机屏坏,33.0,元/台,,国产,oppo.jpg,数码网报价单-0831更新/手机相关/oppo.jpg,1,0.98,visual_table_body_verification
20260831-fd9536bd916ceca87af7-01,2026-08-31,手机,device,OPPO,点数,A53m,,A53m,不开机,33.0,元/台,,国产,oppo.jpg,数码网报价单-0831更新/手机相关/oppo.jpg,1,0.98,visual_table_body_verification
20260831-88e4d1b5b077c2a570b4-01,2026-08-31,手机,device,OPPO,点数,A53m,,A53m,废板-整机,33.0,元/台,,国产,oppo.jpg,数码网报价单-0831更新/手机相关/oppo.jpg,1,0.98,visual_table_body_verification
20260831-03f40791e402d2419e9b-01,2026-08-31,手机,device,OPPO,点数,A51,,A51,开机屏好,25.0,元/台,,国产,oppo.jpg,数码网报价单-0831更新/手机相关/oppo.jpg,1,0.98,visual_table_body_verification
20260831-6aa7afea99f5511b4b2d-01,2026-08-31,手机,device,OPPO,点数,A51,,A51,开机屏好外屏碎,25.0,元/台,,国产,oppo.jpg,数码网报价单-0831更新/手机相关/oppo.jpg,1,0.98,visual_table_body_verification
20260831-f4629f032fa6bd2e42f2-01,2026-08-31,手机,device,OPPO,点数,A51,,A51,开机屏坏未拆,25.0,元/台,,国产,oppo.jpg,数码网报价单-0831更新/手机相关/oppo.jpg,1,0.98,visual_table_body_verification
20260831-2a3b8b4a89b97f008c8a-01,2026-08-31,手机,device,OPPO,点数,A51,,A51,开机屏坏,25.0,元/台,,国产,oppo.jpg,数码网报价单-0831更新/手机相关/oppo.jpg,1,0.98,visual_table_body_verification
20260831-6b615ad4d83617657499-01,2026-08-31,手机,device,OPPO,点数,A51,,A51,不开机,25.0,元/台,,国产,oppo.jpg,数码网报价单-0831更新/手机相关/oppo.jpg,1,0.98,visual_table_body_verification
20260831-4639b0b597979ca62b91-01,2026-08-31,手机,device,OPPO,点数,A51,,A51,废板-整机,25.0,元/台,,国产,oppo.jpg,数码网报价单-0831更新/手机相关/oppo.jpg,1,0.98,visual_table_body_verification
20260831-6c7f8742af06d4383e67-01,2026-08-31,手机,device,OPPO,点数,A51kc,,A51kc,开机屏好,25.0,元/台,,国产,oppo.jpg,数码网报价单-0831更新/手机相关/oppo.jpg,1,0.98,visual_table_body_verification
20260831-d9818c0533dfe4068c4d-01,2026-08-31,手机,device,OPPO,点数,A51kc,,A51kc,开机屏好外屏碎,25.0,元/台,,国产,oppo.jpg,数码网报价单-0831更新/手机相关/oppo.jpg,1,0.98,visual_table_body_verification
20260831-8b47a38d1ef5ef0a0856-01,2026-08-31,手机,device,OPPO,点数,A51kc,,A51kc,开机屏坏未拆,25.0,元/台,,国产,oppo.jpg,数码网报价单-0831更新/手机相关/oppo.jpg,1,0.98,visual_table_body_verification
20260831-d8e9f443a179b4246094-01,2026-08-31,手机,device,OPPO,点数,A51kc,,A51kc,开机屏坏,25.0,元/台,,国产,oppo.jpg,数码网报价单-0831更新/手机相关/oppo.jpg,1,0.98,visual_table_body_verification
20260831-9108d7e8153416308edb-01,2026-08-31,手机,device,OPPO,点数,A51kc,,A51kc,不开机,25.0,元/台,,国产,oppo.jpg,数码网报价单-0831更新/手机相关/oppo.jpg,1,0.98,visual_table_body_verification
20260831-d733251297f113f7876b-01,2026-08-31,手机,device,OPPO,点数,A51kc,,A51kc,废板-整机,2.5,元/台,,国产,oppo.jpg,数码网报价单-0831更新/手机相关/oppo.jpg,1,0.98,visual_table_body_verification
20260831-a10a8b2b20405f980116-01,2026-08-31,手机,device,OPPO,点数,A31c,,A31c,开机屏好,20.0,元/台,,国产,oppo.jpg,数码网报价单-0831更新/手机相关/oppo.jpg,1,0.98,visual_table_body_verification
20260831-486cbfddd77435c868c8-01,2026-08-31,手机,device,OPPO,点数,A31c,,A31c,开机屏好外屏碎,20.0,元/台,,国产,oppo.jpg,数码网报价单-0831更新/手机相关/oppo.jpg,1,0.98,visual_table_body_verification
20260831-5e1bcb0035c41e5f0f84-01,2026-08-31,手机,device,OPPO,点数,A31c,,A31c,开机屏坏未拆,20.0,元/台,,国产,oppo.jpg,数码网报价单-0831更新/手机相关/oppo.jpg,1,0.98,visual_table_body_verification
20260831-dd8c3fd9fe31263e889f-01,2026-08-31,手机,device,OPPO,点数,A31c,,A31c,开机屏坏,20.0,元/台,,国产,oppo.jpg,数码网报价单-0831更新/手机相关/oppo.jpg,1,0.98,visual_table_body_verification
20260831-69684f5505c78708cce0-01,2026-08-31,手机,device,OPPO,点数,A31c,,A31c,不开机,20.0,元/台,,国产,oppo.jpg,数码网报价单-0831更新/手机相关/oppo.jpg,1,0.98,visual_table_body_verification
20260831-566a6de3be524ead3672-01,2026-08-31,手机,device,OPPO,点数,A31c,,A31c,废板-整机,20.0,元/台,,国产,oppo.jpg,数码网报价单-0831更新/手机相关/oppo.jpg,1,0.98,visual_table_body_verification
20260831-e2433779c4eec723d775-01,2026-08-31,手机,device,OPPO,点数,A31,,A31,开机屏好,20.0,元/台,,国产,oppo.jpg,数码网报价单-0831更新/手机相关/oppo.jpg,1,0.98,visual_table_body_verification
20260831-2bdc10c61c7fe838c4e8-01,2026-08-31,手机,device,OPPO,点数,A31,,A31,开机屏好外屏碎,20.0,元/台,,国产,oppo.jpg,数码网报价单-0831更新/手机相关/oppo.jpg,1,0.98,visual_table_body_verification
20260831-e9dc7f0cfbf53c2ff4cb-01,2026-08-31,手机,device,OPPO,点数,A31,,A31,开机屏坏未拆,20.0,元/台,,国产,oppo.jpg,数码网报价单-0831更新/手机相关/oppo.jpg,1,0.98,visual_table_body_verification
20260831-0ebe8ab25e2c67854b4c-01,2026-08-31,手机,device,OPPO,点数,A31,,A31,开机屏坏,20.0,元/台,,国产,oppo.jpg,数码网报价单-0831更新/手机相关/oppo.jpg,1,0.98,visual_table_body_verification
20260831-b1aa4c9cfd7dbe66e85f-01,2026-08-31,手机,device,OPPO,点数,A31,,A31,不开机,20.0,元/台,,国产,oppo.jpg,数码网报价单-0831更新/手机相关/oppo.jpg,1,0.98,visual_table_body_verification
20260831-293174c78a120b97cc51-01,2026-08-31,手机,device,OPPO,点数,A31,,A31,废板-整机,20.0,元/台,,国产,oppo.jpg,数码网报价单-0831更新/手机相关/oppo.jpg,1,0.98,visual_table_body_verification
20260831-60a12050e9f657508664-01,2026-08-31,手机,device,OPPO,点数,A31外单,,A31外单,开机屏好,15.0,元/台,,国产,oppo.jpg,数码网报价单-0831更新/手机相关/oppo.jpg,1,0.98,visual_table_body_verification
20260831-e577fa9628b6d1c8a6f6-01,2026-08-31,手机,device,OPPO,点数,A31外单,,A31外单,开机屏好外屏碎,15.0,元/台,,国产,oppo.jpg,数码网报价单-0831更新/手机相关/oppo.jpg,1,0.98,visual_table_body_verification
20260831-9fc7381c112e24470235-01,2026-08-31,手机,device,OPPO,点数,A31外单,,A31外单,开机屏坏未拆,15.0,元/台,,国产,oppo.jpg,数码网报价单-0831更新/手机相关/oppo.jpg,1,0.98,visual_table_body_verification
20260831-ae704d164defe8598538-01,2026-08-31,手机,device,OPPO,点数,A31外单,,A31外单,开机屏坏,15.0,元/台,,国产,oppo.jpg,数码网报价单-0831更新/手机相关/oppo.jpg,1,0.98,visual_table_body_verification
20260831-a7eebc08d1b60fd3abd9-01,2026-08-31,手机,device,OPPO,点数,A31外单,,A31外单,不开机,15.0,元/台,,国产,oppo.jpg,数码网报价单-0831更新/手机相关/oppo.jpg,1,0.98,visual_table_body_verification
20260831-2f8d34747151ef6c96a5-01,2026-08-31,手机,device,OPPO,点数,A31外单,,A31外单,废板-整机,15.0,元/台,,国产,oppo.jpg,数码网报价单-0831更新/手机相关/oppo.jpg,1,0.98,visual_table_body_verification
20260831-bb94339cbe442d82d21a-01,2026-08-31,手机,device,OPPO,点数,A11（老款）,,A11（老款）,开机屏好,15.0,元/台,,国产,oppo.jpg,数码网报价单-0831更新/手机相关/oppo.jpg,1,0.98,visual_table_body_verification
20260831-3ec16020a9424bbc5f5a-01,2026-08-31,手机,device,OPPO,点数,A11（老款）,,A11（老款）,开机屏好外屏碎,15.0,元/台,,国产,oppo.jpg,数码网报价单-0831更新/手机相关/oppo.jpg,1,0.98,visual_table_body_verification
20260831-d450fa106dd0c0dd8b86-01,2026-08-31,手机,device,OPPO,点数,A11（老款）,,A11（老款）,开机屏坏未拆,15.0,元/台,,国产,oppo.jpg,数码网报价单-0831更新/手机相关/oppo.jpg,1,0.98,visual_table_body_verification
20260831-a346105b58d64c5a883b-01,2026-08-31,手机,device,OPPO,点数,A11（老款）,,A11（老款）,开机屏坏,15.0,元/台,,国产,oppo.jpg,数码网报价单-0831更新/手机相关/oppo.jpg,1,0.98,visual_table_body_verification
20260831-642f18a5f2d997bf56a0-01,2026-08-31,手机,device,OPPO,点数,A11（老款）,,A11（老款）,不开机,15.0,元/台,,国产,oppo.jpg,数码网报价单-0831更新/手机相关/oppo.jpg,1,0.98,visual_table_body_verification
20260831-882bd2273e9c2a1e9c92-01,2026-08-31,手机,device,OPPO,点数,A11（老款）,,A11（老款）,废板-整机,15.0,元/台,,国产,oppo.jpg,数码网报价单-0831更新/手机相关/oppo.jpg,1,0.98,visual_table_body_verification
20260831-ee8ea7e6daacf3a76070-01,2026-08-31,手机,device,OPPO,点数,A7n,,A7n,开机屏好,75.0,元/台,,国产,oppo.jpg,数码网报价单-0831更新/手机相关/oppo.jpg,1,0.98,visual_table_body_verification
20260831-614c7e2d276320d04c3f-01,2026-08-31,手机,device,OPPO,点数,A7n,,A7n,开机屏好外屏碎,75.0,元/台,,国产,oppo.jpg,数码网报价单-0831更新/手机相关/oppo.jpg,1,0.98,visual_table_body_verification
20260831-7171e3d5fd86b50d53cf-01,2026-08-31,手机,device,OPPO,点数,A7n,,A7n,开机屏坏未拆,75.0,元/台,,国产,oppo.jpg,数码网报价单-0831更新/手机相关/oppo.jpg,1,0.98,visual_table_body_verification
20260831-afab4bbed87fe0cc429c-01,2026-08-31,手机,device,OPPO,点数,A7n,,A7n,开机屏坏,75.0,元/台,,国产,oppo.jpg,数码网报价单-0831更新/手机相关/oppo.jpg,1,0.98,visual_table_body_verification
20260831-649bc926cd62c9621e25-01,2026-08-31,手机,device,OPPO,点数,A7n,,A7n,不开机,75.0,元/台,,国产,oppo.jpg,数码网报价单-0831更新/手机相关/oppo.jpg,1,0.98,visual_table_body_verification
20260831-3feb208cf923fda90774-01,2026-08-31,手机,device,OPPO,点数,A7n,,A7n,废板-整机,75.0,元/台,,国产,oppo.jpg,数码网报价单-0831更新/手机相关/oppo.jpg,1,0.98,visual_table_body_verification
20260831-7a22b8009ec61aa5324f-01,2026-08-31,手机,device,OPPO,点数,N3(5200、5207、5209),,N3(5200、5207、5209),开机屏好,20.0,元/台,,国产,oppo.jpg,数码网报价单-0831更新/手机相关/oppo.jpg,1,0.98,visual_table_body_verification
20260831-a487778805051255bc28-01,2026-08-31,手机,device,OPPO,点数,N3(5200、5207、5209),,N3(5200、5207、5209),开机屏好外屏碎,20.0,元/台,,国产,oppo.jpg,数码网报价单-0831更新/手机相关/oppo.jpg,1,0.98,visual_table_body_verification
20260831-86b7dd23b5bee38136f1-01,2026-08-31,手机,device,OPPO,点数,N3(5200、5207、5209),,N3(5200、5207、5209),开机屏坏未拆,20.0,元/台,,国产,oppo.jpg,数码网报价单-0831更新/手机相关/oppo.jpg,1,0.98,visual_table_body_verification
20260831-75480eb6935d816f99db-01,2026-08-31,手机,device,OPPO,点数,N3(5200、5207、5209),,N3(5200、5207、5209),开机屏坏,20.0,元/台,,国产,oppo.jpg,数码网报价单-0831更新/手机相关/oppo.jpg,1,0.98,visual_table_body_verification
20260831-fddef6d0edfc739782e3-01,2026-08-31,手机,device,OPPO,点数,N3(5200、5207、5209),,N3(5200、5207、5209),不开机,20.0,元/台,,国产,oppo.jpg,数码网报价单-0831更新/手机相关/oppo.jpg,1,0.98,visual_table_body_verification
20260831-ee0d28260292d4aafb35-01,2026-08-31,手机,device,OPPO,点数,N3(5200、5207、5209),,N3(5200、5207、5209),废板-整机,20.0,元/台,,国产,oppo.jpg,数码网报价单-0831更新/手机相关/oppo.jpg,1,0.98,visual_table_body_verification
20260831-db93e92da7ce06de85b3-01,2026-08-31,手机,device,OPPO,点数,大N1,,大N1,开机屏好,20.0,元/台,,国产,oppo.jpg,数码网报价单-0831更新/手机相关/oppo.jpg,1,0.98,visual_table_body_verification
20260831-1f44b343807880980f32-01,2026-08-31,手机,device,OPPO,点数,大N1,,大N1,开机屏好外屏碎,20.0,元/台,,国产,oppo.jpg,数码网报价单-0831更新/手机相关/oppo.jpg,1,0.98,visual_table_body_verification
20260831-d52bf27c560c1f07c37b-01,2026-08-31,手机,device,OPPO,点数,大N1,,大N1,开机屏坏未拆,20.0,元/台,,国产,oppo.jpg,数码网报价单-0831更新/手机相关/oppo.jpg,1,0.98,visual_table_body_verification
20260831-fa4c11be2c3c48c6f199-01,2026-08-31,手机,device,OPPO,点数,大N1,,大N1,开机屏坏,20.0,元/台,,国产,oppo.jpg,数码网报价单-0831更新/手机相关/oppo.jpg,1,0.98,visual_table_body_verification
20260831-e8c91f1e003c4893d0b2-01,2026-08-31,手机,device,OPPO,点数,大N1,,大N1,不开机,20.0,元/台,,国产,oppo.jpg,数码网报价单-0831更新/手机相关/oppo.jpg,1,0.98,visual_table_body_verification
20260831-b10e34c4bc54e44ebff3-01,2026-08-31,手机,device,OPPO,点数,大N1,,大N1,废板-整机,20.0,元/台,,国产,oppo.jpg,数码网报价单-0831更新/手机相关/oppo.jpg,1,0.98,visual_table_body_verification
20260831-7ac975e67f4c361f5c55-01,2026-08-31,手机,device,OPPO,点数,小N1,,小N1,开机屏好,25.0,元/台,,国产,oppo.jpg,数码网报价单-0831更新/手机相关/oppo.jpg,1,0.98,visual_table_body_verification
20260831-58e166fe27637464e6d3-01,2026-08-31,手机,device,OPPO,点数,小N1,,小N1,开机屏好外屏碎,25.0,元/台,,国产,oppo.jpg,数码网报价单-0831更新/手机相关/oppo.jpg,1,0.98,visual_table_body_verification
20260831-f90f49e3e23fc6eff671-01,2026-08-31,手机,device,OPPO,点数,小N1,,小N1,开机屏坏未拆,25.0,元/台,,国产,oppo.jpg,数码网报价单-0831更新/手机相关/oppo.jpg,1,0.98,visual_table_body_verification
20260831-90eee9a4f7191009d402-01,2026-08-31,手机,device,OPPO,点数,小N1,,小N1,开机屏坏,25.0,元/台,,国产,oppo.jpg,数码网报价单-0831更新/手机相关/oppo.jpg,1,0.98,visual_table_body_verification
20260831-0bb1abc376d1162efc6e-01,2026-08-31,手机,device,OPPO,点数,小N1,,小N1,不开机,25.0,元/台,,国产,oppo.jpg,数码网报价单-0831更新/手机相关/oppo.jpg,1,0.98,visual_table_body_verification
20260831-6984e7e2aee7abb87e4e-01,2026-08-31,手机,device,OPPO,点数,小N1,,小N1,废板-整机,25.0,元/台,,国产,oppo.jpg,数码网报价单-0831更新/手机相关/oppo.jpg,1,0.98,visual_table_body_verification
20260831-34e5da6af4f3519a958d-01,2026-08-31,手机,device,中国移动,,W1,,,开机屏好,35.0,元/台,,image,中国移动.jpg,数码网报价单-0831更新/手机相关/中国移动.jpg,1,1.0,visual
20260831-2f9445a5e1e0896790a1-01,2026-08-31,手机,device,中国移动,,W1,,,开机屏坏,35.0,元/台,,image,中国移动.jpg,数码网报价单-0831更新/手机相关/中国移动.jpg,1,1.0,visual
20260831-2204a56eb65e5d7315e4-01,2026-08-31,手机,device,中国移动,,W1,,,不开机,35.0,元/台,,image,中国移动.jpg,数码网报价单-0831更新/手机相关/中国移动.jpg,1,1.0,visual
20260831-1240f7d9d7f5c3eeee60-01,2026-08-31,手机,device,中国移动,,W1,,,废板-整机,35.0,元/台,,image,中国移动.jpg,数码网报价单-0831更新/手机相关/中国移动.jpg,1,1.0,visual
20260831-65004de49f95444f409b-01,2026-08-31,手机,device,中国移动,,先行者X1,,,开机屏好,100.0,元/台,,image,中国移动.jpg,数码网报价单-0831更新/手机相关/中国移动.jpg,1,1.0,visual
20260831-426070c0d313d559bda4-01,2026-08-31,手机,device,中国移动,,先行者X1,,,开机屏坏,50.0,元/台,,image,中国移动.jpg,数码网报价单-0831更新/手机相关/中国移动.jpg,1,1.0,visual
20260831-4b2aae5649851a3746dd-01,2026-08-31,手机,device,中国移动,,先行者X1,,,不开机,50.0,元/台,,image,中国移动.jpg,数码网报价单-0831更新/手机相关/中国移动.jpg,1,1.0,visual
20260831-d18cea977b3e1dd184e6-01,2026-08-31,手机,device,中国移动,,先行者X1,,,废板-整机,50.0,元/台,,image,中国移动.jpg,数码网报价单-0831更新/手机相关/中国移动.jpg,1,1.0,visual
20260831-8a07c8829806ea592dcd-01,2026-08-31,手机,device,中国移动,,N5pro,,,开机屏好,120.0,元/台,,image,中国移动.jpg,数码网报价单-0831更新/手机相关/中国移动.jpg,1,1.0,visual
20260831-cd0f4469fd6928551d99-01,2026-08-31,手机,device,中国移动,,N5pro,,,开机屏坏,120.0,元/台,,image,中国移动.jpg,数码网报价单-0831更新/手机相关/中国移动.jpg,1,1.0,visual
20260831-e304d3bff1944b7a9b31-01,2026-08-31,手机,device,中国移动,,N5pro,,,不开机,120.0,元/台,,image,中国移动.jpg,数码网报价单-0831更新/手机相关/中国移动.jpg,1,1.0,visual
20260831-914f0b03f09937949fcb-01,2026-08-31,手机,device,中国移动,,N5pro,,,废板-整机,120.0,元/台,,image,中国移动.jpg,数码网报价单-0831更新/手机相关/中国移动.jpg,1,1.0,visual
20260831-4fdadee23d92d791a1fe-01,2026-08-31,手机,device,中国移动,,M821,,,开机屏好,20.0,元/台,,image,中国移动.jpg,数码网报价单-0831更新/手机相关/中国移动.jpg,1,1.0,visual
20260831-bfd4ea9372b12d33a15c-01,2026-08-31,手机,device,中国移动,,M821,,,开机屏坏,20.0,元/台,,image,中国移动.jpg,数码网报价单-0831更新/手机相关/中国移动.jpg,1,1.0,visual
20260831-594a28f10324c54a43cc-01,2026-08-31,手机,device,中国移动,,M821,,,不开机,20.0,元/台,,image,中国移动.jpg,数码网报价单-0831更新/手机相关/中国移动.jpg,1,1.0,visual
20260831-3987f48345b4f400eaf8-01,2026-08-31,手机,device,中国移动,,M821,,,废板-整机,20.0,元/台,,image,中国移动.jpg,数码网报价单-0831更新/手机相关/中国移动.jpg,1,1.0,visual
20260831-8f3445393b468dcc4715-01,2026-08-31,手机,device,中国移动,,N5,,,开机屏好,30.0,元/台,,image,中国移动.jpg,数码网报价单-0831更新/手机相关/中国移动.jpg,1,1.0,visual
20260831-80237498e38919745ca9-01,2026-08-31,手机,device,中国移动,,N5,,,开机屏坏,30.0,元/台,,image,中国移动.jpg,数码网报价单-0831更新/手机相关/中国移动.jpg,1,1.0,visual
20260831-8651fae313702ffc248d-01,2026-08-31,手机,device,中国移动,,N5,,,不开机,30.0,元/台,,image,中国移动.jpg,数码网报价单-0831更新/手机相关/中国移动.jpg,1,1.0,visual
20260831-28a4664b2e97502dc64d-01,2026-08-31,手机,device,中国移动,,N5,,,废板-整机,30.0,元/台,,image,中国移动.jpg,数码网报价单-0831更新/手机相关/中国移动.jpg,1,1.0,visual
20260831-738b1e3c6c188357427a-01,2026-08-31,手机,device,中国移动,,N3/M850,,,开机屏好,55.0,元/台,,image,中国移动.jpg,数码网报价单-0831更新/手机相关/中国移动.jpg,1,1.0,visual
20260831-8b411a7eab84b9881c55-01,2026-08-31,手机,device,中国移动,,N3/M850,,,开机屏坏,55.0,元/台,,image,中国移动.jpg,数码网报价单-0831更新/手机相关/中国移动.jpg,1,1.0,visual
20260831-85c4c83f990631f0726b-01,2026-08-31,手机,device,中国移动,,N3/M850,,,不开机,55.0,元/台,,image,中国移动.jpg,数码网报价单-0831更新/手机相关/中国移动.jpg,1,1.0,visual
20260831-0f53c67aecc29ceae288-01,2026-08-31,手机,device,中国移动,,N3/M850,,,废板-整机,55.0,元/台,,image,中国移动.jpg,数码网报价单-0831更新/手机相关/中国移动.jpg,1,1.0,visual
20260831-56ec85e0a6922414490d-01,2026-08-31,手机,device,中国移动,,761,,,开机屏好,30.0,元/台,,image,中国移动.jpg,数码网报价单-0831更新/手机相关/中国移动.jpg,1,1.0,visual
20260831-bdde8ae60d1303f687ad-01,2026-08-31,手机,device,中国移动,,761,,,开机屏坏,30.0,元/台,,image,中国移动.jpg,数码网报价单-0831更新/手机相关/中国移动.jpg,1,1.0,visual
20260831-d799c39dd7a7192e5911-01,2026-08-31,手机,device,中国移动,,761,,,不开机,30.0,元/台,,image,中国移动.jpg,数码网报价单-0831更新/手机相关/中国移动.jpg,1,1.0,visual
20260831-6669abf8b29c4dedd348-01,2026-08-31,手机,device,中国移动,,761,,,废板-整机,30.0,元/台,,image,中国移动.jpg,数码网报价单-0831更新/手机相关/中国移动.jpg,1,1.0,visual
20260831-48fc8bf368252ab6cf46-01,2026-08-31,手机,device,中国移动,,N2/M836,,,开机屏好,20.0,元/台,,image,中国移动.jpg,数码网报价单-0831更新/手机相关/中国移动.jpg,1,1.0,visual
20260831-178c2741da033df43572-01,2026-08-31,手机,device,中国移动,,N2/M836,,,开机屏坏,20.0,元/台,,image,中国移动.jpg,数码网报价单-0831更新/手机相关/中国移动.jpg,1,1.0,visual
20260831-e9e6220dc08bf7041436-01,2026-08-31,手机,device,中国移动,,N2/M836,,,不开机,20.0,元/台,,image,中国移动.jpg,数码网报价单-0831更新/手机相关/中国移动.jpg,1,1.0,visual
20260831-23d0d28bcfd7d673d78f-01,2026-08-31,手机,device,中国移动,,N2/M836,,,废板-整机,20.0,元/台,,image,中国移动.jpg,数码网报价单-0831更新/手机相关/中国移动.jpg,1,1.0,visual
20260831-47a5b546b85c4e96ef4d-01,2026-08-31,手机,device,中国移动,,M631,,,开机屏好,11.0,元/台,开机全好看外屏不破,image,中国移动.jpg,数码网报价单-0831更新/手机相关/中国移动.jpg,1,1.0,visual
20260831-2419e2fe98d36eaa87f8-01,2026-08-31,手机,device,中国移动,,M631,,,开机屏坏,11.0,元/台,开机全好看外屏不破,image,中国移动.jpg,数码网报价单-0831更新/手机相关/中国移动.jpg,1,1.0,visual
20260831-1b525818676a06ce0f88-01,2026-08-31,手机,device,中国移动,,M631,,,不开机,11.0,元/台,开机全好看外屏不破,image,中国移动.jpg,数码网报价单-0831更新/手机相关/中国移动.jpg,1,1.0,visual
20260831-40e4965006a73e517ee0-01,2026-08-31,手机,device,中国移动,,M631,,,废板-整机,11.0,元/台,开机全好看外屏不破,image,中国移动.jpg,数码网报价单-0831更新/手机相关/中国移动.jpg,1,1.0,visual
20260831-96523151bf7201dd22c6-01,2026-08-31,手机,device,中国移动,,A4s/M760,,,开机屏好,20.0,元/台,,image,中国移动.jpg,数码网报价单-0831更新/手机相关/中国移动.jpg,1,1.0,visual
20260831-c30be9ed3602df445835-01,2026-08-31,手机,device,中国移动,,A4s/M760,,,开机屏坏,20.0,元/台,,image,中国移动.jpg,数码网报价单-0831更新/手机相关/中国移动.jpg,1,1.0,visual
20260831-1e38f8a295866bebd950-01,2026-08-31,手机,device,中国移动,,A4s/M760,,,不开机,20.0,元/台,,image,中国移动.jpg,数码网报价单-0831更新/手机相关/中国移动.jpg,1,1.0,visual
20260831-ef47c2563e7fa302b5ae-01,2026-08-31,手机,device,中国移动,,A4s/M760,,,废板-整机,20.0,元/台,,image,中国移动.jpg,数码网报价单-0831更新/手机相关/中国移动.jpg,1,1.0,visual
20260831-1f021d01dd7e9d4efdd0-01,2026-08-31,手机,device,中国移动,,A3s/M653,,,开机屏好,20.0,元/台,,image,中国移动.jpg,数码网报价单-0831更新/手机相关/中国移动.jpg,1,1.0,visual
20260831-ef1d1c47ca1defe12abc-01,2026-08-31,手机,device,中国移动,,A3s/M653,,,开机屏坏,20.0,元/台,,image,中国移动.jpg,数码网报价单-0831更新/手机相关/中国移动.jpg,1,1.0,visual
20260831-3020f89aa942ae2a7633-01,2026-08-31,手机,device,中国移动,,A3s/M653,,,不开机,20.0,元/台,,image,中国移动.jpg,数码网报价单-0831更新/手机相关/中国移动.jpg,1,1.0,visual
20260831-d836b20dc11231697b76-01,2026-08-31,手机,device,中国移动,,A3s/M653,,,废板-整机,20.0,元/台,,image,中国移动.jpg,数码网报价单-0831更新/手机相关/中国移动.jpg,1,1.0,visual
20260831-628da626c41cf7467c8a-01,2026-08-31,手机,device,中国移动,,M636,,,开机屏好,20.0,元/台,,image,中国移动.jpg,数码网报价单-0831更新/手机相关/中国移动.jpg,1,1.0,visual
20260831-50c4ad049ef9936c6f64-01,2026-08-31,手机,device,中国移动,,M636,,,开机屏坏,20.0,元/台,,image,中国移动.jpg,数码网报价单-0831更新/手机相关/中国移动.jpg,1,1.0,visual
20260831-2ae58082e91003229c38-01,2026-08-31,手机,device,中国移动,,M636,,,不开机,20.0,元/台,,image,中国移动.jpg,数码网报价单-0831更新/手机相关/中国移动.jpg,1,1.0,visual
20260831-dd65775667a6f4842b9d-01,2026-08-31,手机,device,中国移动,,M636,,,废板-整机,20.0,元/台,,image,中国移动.jpg,数码网报价单-0831更新/手机相关/中国移动.jpg,1,1.0,visual
20260831-03eb99fb2fa2d9e1cd04-01,2026-08-31,手机,device,中国移动,,M623,,,开机屏好,20.0,元/台,,image,中国移动.jpg,数码网报价单-0831更新/手机相关/中国移动.jpg,1,1.0,visual
20260831-5fadabadc84e3dbc4f52-01,2026-08-31,手机,device,中国移动,,M623,,,开机屏坏,20.0,元/台,,image,中国移动.jpg,数码网报价单-0831更新/手机相关/中国移动.jpg,1,1.0,visual
20260831-55f1b29ed01038d4df00-01,2026-08-31,手机,device,中国移动,,M623,,,不开机,20.0,元/台,,image,中国移动.jpg,数码网报价单-0831更新/手机相关/中国移动.jpg,1,1.0,visual
20260831-44789e01c8f28efed522-01,2026-08-31,手机,device,中国移动,,M623,,,废板-整机,20.0,元/台,,image,中国移动.jpg,数码网报价单-0831更新/手机相关/中国移动.jpg,1,1.0,visual
20260831-321a247758dcaa4e161f-01,2026-08-31,手机,device,中国移动,,M823,,,开机屏好,20.0,元/台,,image,中国移动.jpg,数码网报价单-0831更新/手机相关/中国移动.jpg,1,1.0,visual
20260831-79918c1261c817586f2a-01,2026-08-31,手机,device,中国移动,,M823,,,开机屏坏,20.0,元/台,,image,中国移动.jpg,数码网报价单-0831更新/手机相关/中国移动.jpg,1,1.0,visual
20260831-beccc09a4d60e487915a-01,2026-08-31,手机,device,中国移动,,M823,,,不开机,20.0,元/台,,image,中国移动.jpg,数码网报价单-0831更新/手机相关/中国移动.jpg,1,1.0,visual
20260831-9e3344f51261999b7397-01,2026-08-31,手机,device,中国移动,,M823,,,废板-整机,20.0,元/台,,image,中国移动.jpg,数码网报价单-0831更新/手机相关/中国移动.jpg,1,1.0,visual
20260831-53173f042b7fbd2472d6-01,2026-08-31,手机,device,中国移动,,M812,,,开机屏好,20.0,元/台,,image,中国移动.jpg,数码网报价单-0831更新/手机相关/中国移动.jpg,1,1.0,visual
20260831-d3a486d8653ed10ddd76-01,2026-08-31,手机,device,中国移动,,M812,,,开机屏坏,20.0,元/台,,image,中国移动.jpg,数码网报价单-0831更新/手机相关/中国移动.jpg,1,1.0,visual
20260831-93c37ded20069a0a0a6e-01,2026-08-31,手机,device,中国移动,,M812,,,不开机,20.0,元/台,,image,中国移动.jpg,数码网报价单-0831更新/手机相关/中国移动.jpg,1,1.0,visual
20260831-c9aca19e03554b63ea57-01,2026-08-31,手机,device,中国移动,,M812,,,废板-整机,20.0,元/台,,image,中国移动.jpg,数码网报价单-0831更新/手机相关/中国移动.jpg,1,1.0,visual
20260831-f8ff549b5c17f688bdbc-01,2026-08-31,手机,device,中国移动,,M654,,,开机屏好,10.0,元/台,,image,中国移动.jpg,数码网报价单-0831更新/手机相关/中国移动.jpg,1,1.0,visual
20260831-0a124ef6601107461abf-01,2026-08-31,手机,device,中国移动,,M654,,,开机屏坏,10.0,元/台,,image,中国移动.jpg,数码网报价单-0831更新/手机相关/中国移动.jpg,1,1.0,visual
20260831-86935ce2116466ad00d3-01,2026-08-31,手机,device,中国移动,,M654,,,不开机,10.0,元/台,,image,中国移动.jpg,数码网报价单-0831更新/手机相关/中国移动.jpg,1,1.0,visual
20260831-9f2861d846644249de78-01,2026-08-31,手机,device,中国移动,,M654,,,废板-整机,10.0,元/台,,image,中国移动.jpg,数码网报价单-0831更新/手机相关/中国移动.jpg,1,1.0,visual
20260831-174b5826836857850b3d-01,2026-08-31,手机,device,中国移动,,M652,,,开机屏好,10.0,元/台,,image,中国移动.jpg,数码网报价单-0831更新/手机相关/中国移动.jpg,1,1.0,visual
20260831-705641c3786a8fae5dd1-01,2026-08-31,手机,device,中国移动,,M652,,,开机屏坏,10.0,元/台,,image,中国移动.jpg,数码网报价单-0831更新/手机相关/中国移动.jpg,1,1.0,visual
20260831-e919fb258f4fd22beca7-01,2026-08-31,手机,device,中国移动,,M652,,,不开机,10.0,元/台,,image,中国移动.jpg,数码网报价单-0831更新/手机相关/中国移动.jpg,1,1.0,visual
20260831-c02f1595131bb1ff99e0-01,2026-08-31,手机,device,中国移动,,M652,,,废板-整机,10.0,元/台,,image,中国移动.jpg,数码网报价单-0831更新/手机相关/中国移动.jpg,1,1.0,visual
20260831-5ce1f8cfcae6142756b7-01,2026-08-31,手机,device,中国移动,,M651,,,开机屏好,10.0,元/台,,image,中国移动.jpg,数码网报价单-0831更新/手机相关/中国移动.jpg,1,1.0,visual
20260831-47ea277d2a4dee816a0f-01,2026-08-31,手机,device,中国移动,,M651,,,开机屏坏,10.0,元/台,,image,中国移动.jpg,数码网报价单-0831更新/手机相关/中国移动.jpg,1,1.0,visual
20260831-783a2afd1c4cc0cd495b-01,2026-08-31,手机,device,中国移动,,M651,,,不开机,10.0,元/台,,image,中国移动.jpg,数码网报价单-0831更新/手机相关/中国移动.jpg,1,1.0,visual
20260831-5f5301b5f946889bd347-01,2026-08-31,手机,device,中国移动,,M651,,,废板-整机,10.0,元/台,,image,中国移动.jpg,数码网报价单-0831更新/手机相关/中国移动.jpg,1,1.0,visual
20260831-3bc46c744ba698c2ed9e-01,2026-08-31,手机,device,格力,,格力3代,,,开机屏好,50.0,元/台,,image,格力.jpg,数码网报价单-0831更新/手机相关/格力.jpg,1,1.0,visual
20260831-9b5b3addd8b619182898-01,2026-08-31,手机,device,格力,,格力3代,,,开机屏坏,50.0,元/台,,image,格力.jpg,数码网报价单-0831更新/手机相关/格力.jpg,1,1.0,visual
20260831-3f31f70ffe42b70d837a-01,2026-08-31,手机,device,格力,,格力3代,,,不开机,50.0,元/台,,image,格力.jpg,数码网报价单-0831更新/手机相关/格力.jpg,1,1.0,visual
20260831-6cdeac28b07a9bb0934d-01,2026-08-31,手机,device,格力,,格力3代,,,废板-整机,50.0,元/台,,image,格力.jpg,数码网报价单-0831更新/手机相关/格力.jpg,1,1.0,visual
20260831-b04de3bbf33de8ea6d12-01,2026-08-31,手机,device,格力,,格力2代,,,开机屏好,50.0,元/台,,image,格力.jpg,数码网报价单-0831更新/手机相关/格力.jpg,1,1.0,visual
20260831-43bc33bb79e7f505cceb-01,2026-08-31,手机,device,格力,,格力2代,,,开机屏坏,50.0,元/台,,image,格力.jpg,数码网报价单-0831更新/手机相关/格力.jpg,1,1.0,visual
20260831-12cbea9d26ceeb0d99fc-01,2026-08-31,手机,device,格力,,格力2代,,,不开机,50.0,元/台,,image,格力.jpg,数码网报价单-0831更新/手机相关/格力.jpg,1,1.0,visual
20260831-572718d9933c75a5b5f6-01,2026-08-31,手机,device,格力,,格力2代,,,废板-整机,50.0,元/台,,image,格力.jpg,数码网报价单-0831更新/手机相关/格力.jpg,1,1.0,visual
20260831-ef32670fdfa125893210-01,2026-08-31,手机,device,格力,,格力1代,,,开机屏好,20.0,元/台,,image,格力.jpg,数码网报价单-0831更新/手机相关/格力.jpg,1,1.0,visual
20260831-e97dbffa8d74762bcbd9-01,2026-08-31,手机,device,格力,,格力1代,,,开机屏坏,20.0,元/台,,image,格力.jpg,数码网报价单-0831更新/手机相关/格力.jpg,1,1.0,visual
20260831-3f4059a0e1fbbcf8c600-01,2026-08-31,手机,device,格力,,格力1代,,,不开机,20.0,元/台,,image,格力.jpg,数码网报价单-0831更新/手机相关/格力.jpg,1,1.0,visual
20260831-67dd81ac50dfd9445206-01,2026-08-31,手机,device,格力,,格力1代,,,废板-整机,20.0,元/台,,image,格力.jpg,数码网报价单-0831更新/手机相关/格力.jpg,1,1.0,visual
20260831-749f480c3d38a6229caa-01,2026-08-31,手机,device,谷歌,,Pixel 4代,,,开机屏好,300.0,元/台,,image,谷歌.jpg,数码网报价单-0831更新/手机相关/谷歌.jpg,1,1.0,visual
20260831-fbcaa2ec637e6b3b077e-01,2026-08-31,手机,device,谷歌,,Pixel 4代,,,开机屏坏,150.0,元/台,,image,谷歌.jpg,数码网报价单-0831更新/手机相关/谷歌.jpg,1,1.0,visual
20260831-de1d24f68ead139f010c-01,2026-08-31,手机,device,谷歌,,Pixel 4代,,,不开机,30.0,元/台,,image,谷歌.jpg,数码网报价单-0831更新/手机相关/谷歌.jpg,1,1.0,visual
20260831-af8e6cbd789a94e6915d-01,2026-08-31,手机,device,谷歌,,Pixel 3代,,,开机屏好,170.0,元/台,,image,谷歌.jpg,数码网报价单-0831更新/手机相关/谷歌.jpg,1,1.0,visual
20260831-3013ff07accc89c825cb-01,2026-08-31,手机,device,谷歌,,Pixel 3代,,,开机屏坏,70.0,元/台,,image,谷歌.jpg,数码网报价单-0831更新/手机相关/谷歌.jpg,1,1.0,visual
20260831-0fddca078f2d75b312ee-01,2026-08-31,手机,device,谷歌,,Pixel 3代,,,不开机,20.0,元/台,,image,谷歌.jpg,数码网报价单-0831更新/手机相关/谷歌.jpg,1,1.0,visual
20260831-9f9252a0611dfa4ffff5-01,2026-08-31,手机,device,谷歌,,Pixel 2代,,,开机屏好,100.0,元/台,,image,谷歌.jpg,数码网报价单-0831更新/手机相关/谷歌.jpg,1,1.0,visual
20260831-d6f3048e0d55f62b33b1-01,2026-08-31,手机,device,谷歌,,Pixel 2代,,,开机屏坏,50.0,元/台,,image,谷歌.jpg,数码网报价单-0831更新/手机相关/谷歌.jpg,1,1.0,visual
20260831-66ff9def31960ae6728d-01,2026-08-31,手机,device,谷歌,,Pixel 2代,,,不开机,20.0,元/台,,image,谷歌.jpg,数码网报价单-0831更新/手机相关/谷歌.jpg,1,1.0,visual
20260831-ce9ac28d30df74b2a3ca-01,2026-08-31,手机,device,谷歌,,Pixel 1代,,,开机屏好,50.0,元/台,,image,谷歌.jpg,数码网报价单-0831更新/手机相关/谷歌.jpg,1,1.0,visual
20260831-cce82fa8b058d23bda3e-01,2026-08-31,手机,device,谷歌,,Pixel 1代,,,开机屏坏,30.0,元/台,,image,谷歌.jpg,数码网报价单-0831更新/手机相关/谷歌.jpg,1,1.0,visual
20260831-bba13116a6ef9e4a6e1c-01,2026-08-31,手机,device,谷歌,,Pixel 1代,,,不开机,30.0,元/台,,image,谷歌.jpg,数码网报价单-0831更新/手机相关/谷歌.jpg,1,1.0,visual
20260831-6ee6b596550f31b6270b-01,2026-08-31,手机,device,谷歌,,Pixel 1代 XL,,,开机屏好,50.0,元/台,,image,谷歌.jpg,数码网报价单-0831更新/手机相关/谷歌.jpg,1,1.0,visual
20260831-0602f8c234dffa109d5f-01,2026-08-31,手机,device,谷歌,,Pixel 1代 XL,,,开机屏坏,30.0,元/台,,image,谷歌.jpg,数码网报价单-0831更新/手机相关/谷歌.jpg,1,1.0,visual
20260831-8c97eb4fdb4a0eb371a9-01,2026-08-31,手机,device,谷歌,,Pixel 1代 XL,,,不开机,20.0,元/台,,image,谷歌.jpg,数码网报价单-0831更新/手机相关/谷歌.jpg,1,1.0,visual
20260831-e3d22ca8d5eb35868a82-01,2026-08-31,手机,device,谷歌,,Pixel 2代 XL,,,开机屏好,100.0,元/台,,image,谷歌.jpg,数码网报价单-0831更新/手机相关/谷歌.jpg,1,1.0,visual
20260831-ab052caaa1f3a27c1b39-01,2026-08-31,手机,device,谷歌,,Pixel 2代 XL,,,开机屏坏,50.0,元/台,,image,谷歌.jpg,数码网报价单-0831更新/手机相关/谷歌.jpg,1,1.0,visual
20260831-f09ae474485809379df0-01,2026-08-31,手机,device,谷歌,,Pixel 2代 XL,,,不开机,20.0,元/台,,image,谷歌.jpg,数码网报价单-0831更新/手机相关/谷歌.jpg,1,1.0,visual
20260831-043c1179738749712d78-01,2026-08-31,手机,device,谷歌,,Pixel 3代 XL,,,开机屏好,170.0,元/台,,image,谷歌.jpg,数码网报价单-0831更新/手机相关/谷歌.jpg,1,1.0,visual
20260831-938221f6d20bb8c2c79d-01,2026-08-31,手机,device,谷歌,,Pixel 3代 XL,,,开机屏坏,70.0,元/台,,image,谷歌.jpg,数码网报价单-0831更新/手机相关/谷歌.jpg,1,1.0,visual
20260831-fabcdd49becf13706152-01,2026-08-31,手机,device,谷歌,,Pixel 3代 XL,,,不开机,20.0,元/台,,image,谷歌.jpg,数码网报价单-0831更新/手机相关/谷歌.jpg,1,1.0,visual
20260831-d78d911b615c1c5ef1cb-01,2026-08-31,手机,device,谷歌,,Pixel 4代 XL,,,开机屏好,300.0,元/台,,image,谷歌.jpg,数码网报价单-0831更新/手机相关/谷歌.jpg,1,1.0,visual
20260831-3ae5532dd6ed3f21566e-01,2026-08-31,手机,device,谷歌,,Pixel 4代 XL,,,开机屏坏,150.0,元/台,,image,谷歌.jpg,数码网报价单-0831更新/手机相关/谷歌.jpg,1,1.0,visual
20260831-f9874a357f76828350fc-01,2026-08-31,手机,device,谷歌,,Pixel 4代 XL,,,不开机,30.0,元/台,,image,谷歌.jpg,数码网报价单-0831更新/手机相关/谷歌.jpg,1,1.0,visual
20260831-ef7ed46798c129233252-01,2026-08-31,手机,device,华硕,Zen系列,华硕ZenFone10,,,开机屏好,220.0,元/台,,image,华硕.jpg,数码网报价单-0831更新/手机相关/华硕.jpg,1,1.0,visual
20260831-1ef82adf6450df41c7f9-01,2026-08-31,手机,device,华硕,Zen系列,华硕ZenFone10,,,开机屏坏,130.0,元/台,,image,华硕.jpg,数码网报价单-0831更新/手机相关/华硕.jpg,1,1.0,visual
20260831-23c3a3ec74d786cf9bb3-01,2026-08-31,手机,device,华硕,Zen系列,华硕ZenFone10,,,不开机,60.0,元/台,,image,华硕.jpg,数码网报价单-0831更新/手机相关/华硕.jpg,1,1.0,visual
20260831-6500663ad7e393cfa8c7-01,2026-08-31,手机,device,华硕,Zen系列,华硕ZenFone10,,,废板-整机,60.0,元/台,,image,华硕.jpg,数码网报价单-0831更新/手机相关/华硕.jpg,1,1.0,visual
20260831-a9c869a73f3f5f29de30-01,2026-08-31,手机,device,华硕,Zen系列,华硕ZenFone9,,,开机屏好,180.0,元/台,,image,华硕.jpg,数码网报价单-0831更新/手机相关/华硕.jpg,1,1.0,visual
20260831-ef1adb75c4664db22433-01,2026-08-31,手机,device,华硕,Zen系列,华硕ZenFone9,,,开机屏坏,150.0,元/台,,image,华硕.jpg,数码网报价单-0831更新/手机相关/华硕.jpg,1,1.0,visual
20260831-e23c48eda347aa51abcd-01,2026-08-31,手机,device,华硕,Zen系列,华硕ZenFone9,,,不开机,70.0,元/台,,image,华硕.jpg,数码网报价单-0831更新/手机相关/华硕.jpg,1,1.0,visual
20260831-536244b9485cdbb7fbb6-01,2026-08-31,手机,device,华硕,Zen系列,华硕ZenFone9,,,废板-整机,70.0,元/台,,image,华硕.jpg,数码网报价单-0831更新/手机相关/华硕.jpg,1,1.0,visual
20260831-b2454b976c705da88525-01,2026-08-31,手机,device,华硕,Zen系列,华硕ZenFone8Flip,,,开机屏好,240.0,元/台,,image,华硕.jpg,数码网报价单-0831更新/手机相关/华硕.jpg,1,1.0,visual
20260831-26c71180b2c857c8c188-01,2026-08-31,手机,device,华硕,Zen系列,华硕ZenFone8Flip,,,开机屏坏,150.0,元/台,,image,华硕.jpg,数码网报价单-0831更新/手机相关/华硕.jpg,1,1.0,visual
20260831-e6da600ed1931f21358a-01,2026-08-31,手机,device,华硕,Zen系列,华硕ZenFone8Flip,,,不开机,70.0,元/台,,image,华硕.jpg,数码网报价单-0831更新/手机相关/华硕.jpg,1,1.0,visual
20260831-673a9f58d34677411e05-01,2026-08-31,手机,device,华硕,Zen系列,华硕ZenFone8Flip,,,废板-整机,70.0,元/台,,image,华硕.jpg,数码网报价单-0831更新/手机相关/华硕.jpg,1,1.0,visual
20260831-a731f1d1a4f102728055-01,2026-08-31,手机,device,华硕,Zen系列,华硕ZenFone8,,,开机屏好,210.0,元/台,,image,华硕.jpg,数码网报价单-0831更新/手机相关/华硕.jpg,1,1.0,visual
20260831-aa1bae53a6698c0bf1ee-01,2026-08-31,手机,device,华硕,Zen系列,华硕ZenFone8,,,开机屏坏,140.0,元/台,,image,华硕.jpg,数码网报价单-0831更新/手机相关/华硕.jpg,1,1.0,visual
20260831-ce15fcf886901181c810-01,2026-08-31,手机,device,华硕,Zen系列,华硕ZenFone8,,,不开机,70.0,元/台,,image,华硕.jpg,数码网报价单-0831更新/手机相关/华硕.jpg,1,1.0,visual
20260831-4c25f31a7eb30bccf930-01,2026-08-31,手机,device,华硕,Zen系列,华硕ZenFone8,,,废板-整机,70.0,元/台,,image,华硕.jpg,数码网报价单-0831更新/手机相关/华硕.jpg,1,1.0,visual
20260831-6ff9c76072aba0902793-01,2026-08-31,手机,device,华硕,Zen系列,华硕ZenFone7pro,,,开机屏好,200.0,元/台,,image,华硕.jpg,数码网报价单-0831更新/手机相关/华硕.jpg,1,1.0,visual
20260831-678ef60e647ca0dfd0ea-01,2026-08-31,手机,device,华硕,Zen系列,华硕ZenFone7pro,,,开机屏坏,130.0,元/台,,image,华硕.jpg,数码网报价单-0831更新/手机相关/华硕.jpg,1,1.0,visual
20260831-31434775e7baaf419929-01,2026-08-31,手机,device,华硕,Zen系列,华硕ZenFone7pro,,,不开机,70.0,元/台,,image,华硕.jpg,数码网报价单-0831更新/手机相关/华硕.jpg,1,1.0,visual
20260831-4fb90deb4164b2ea863a-01,2026-08-31,手机,device,华硕,Zen系列,华硕ZenFone7pro,,,废板-整机,70.0,元/台,,image,华硕.jpg,数码网报价单-0831更新/手机相关/华硕.jpg,1,1.0,visual
20260831-060f4c95be1880b0c406-01,2026-08-31,手机,device,华硕,Zen系列,华硕ZenFone7,,,开机屏好,180.0,元/台,,image,华硕.jpg,数码网报价单-0831更新/手机相关/华硕.jpg,1,1.0,visual
20260831-c98f9d0f854f0e77f345-01,2026-08-31,手机,device,华硕,Zen系列,华硕ZenFone7,,,开机屏坏,120.0,元/台,,image,华硕.jpg,数码网报价单-0831更新/手机相关/华硕.jpg,1,1.0,visual
20260831-8e9021ecc3fc3a72b502-01,2026-08-31,手机,device,华硕,Zen系列,华硕ZenFone7,,,不开机,70.0,元/台,,image,华硕.jpg,数码网报价单-0831更新/手机相关/华硕.jpg,1,1.0,visual
20260831-787847c67811933fef8c-01,2026-08-31,手机,device,华硕,Zen系列,华硕ZenFone7,,,废板-整机,70.0,元/台,,image,华硕.jpg,数码网报价单-0831更新/手机相关/华硕.jpg,1,1.0,visual
20260831-3de20cde5aa732d24b37-01,2026-08-31,手机,device,华硕,Zen系列,华硕zenfone6,,,开机屏好,150.0,元/台,,image,华硕.jpg,数码网报价单-0831更新/手机相关/华硕.jpg,1,1.0,visual
20260831-522b97d26ec3c54abb75-01,2026-08-31,手机,device,华硕,Zen系列,华硕zenfone6,,,开机屏坏,100.0,元/台,,image,华硕.jpg,数码网报价单-0831更新/手机相关/华硕.jpg,1,1.0,visual
20260831-6af9977b570150a6f688-01,2026-08-31,手机,device,华硕,Zen系列,华硕zenfone6,,,不开机,55.0,元/台,,image,华硕.jpg,数码网报价单-0831更新/手机相关/华硕.jpg,1,1.0,visual
20260831-85a994dec7f532817b7a-01,2026-08-31,手机,device,华硕,Zen系列,华硕zenfone6,,,废板-整机,55.0,元/台,,image,华硕.jpg,数码网报价单-0831更新/手机相关/华硕.jpg,1,1.0,visual
20260831-83d22325cba755a8f5ff-01,2026-08-31,手机,device,华硕,Rog系列,华硕Rog6,,,开机屏好,280.0,元/台,,image,华硕.jpg,数码网报价单-0831更新/手机相关/华硕.jpg,1,1.0,visual
20260831-9cd3476fb4e4b2b4d181-01,2026-08-31,手机,device,华硕,Rog系列,华硕Rog6,,,开机屏坏,280.0,元/台,,image,华硕.jpg,数码网报价单-0831更新/手机相关/华硕.jpg,1,1.0,visual
20260831-539bdc06bf775a356098-01,2026-08-31,手机,device,华硕,Rog系列,华硕Rog6,,,不开机,90.0,元/台,,image,华硕.jpg,数码网报价单-0831更新/手机相关/华硕.jpg,1,1.0,visual
20260831-364d5e208675af9e0996-01,2026-08-31,手机,device,华硕,Rog系列,华硕Rog6,,,废板-整机,90.0,元/台,,image,华硕.jpg,数码网报价单-0831更新/手机相关/华硕.jpg,1,1.0,visual
20260831-162923fe9d297a1a4a57-01,2026-08-31,手机,device,华硕,Rog系列,华硕Rog5spro,,,开机屏好,220.0,元/台,,image,华硕.jpg,数码网报价单-0831更新/手机相关/华硕.jpg,1,1.0,visual
20260831-68b13d1146a9121b9838-01,2026-08-31,手机,device,华硕,Rog系列,华硕Rog5spro,,,开机屏坏,220.0,元/台,,image,华硕.jpg,数码网报价单-0831更新/手机相关/华硕.jpg,1,1.0,visual
20260831-ca6a76d9217db6922593-01,2026-08-31,手机,device,华硕,Rog系列,华硕Rog5spro,,,不开机,160.0,元/台,,image,华硕.jpg,数码网报价单-0831更新/手机相关/华硕.jpg,1,1.0,visual
20260831-9b35ce7350f3401a91f3-01,2026-08-31,手机,device,华硕,Rog系列,华硕Rog5spro,,,废板-整机,100.0,元/台,,image,华硕.jpg,数码网报价单-0831更新/手机相关/华硕.jpg,1,1.0,visual
20260831-111188766930f9ab6f08-01,2026-08-31,手机,device,华硕,Rog系列,华硕ROG5s,,,开机屏好,220.0,元/台,,image,华硕.jpg,数码网报价单-0831更新/手机相关/华硕.jpg,1,1.0,visual
20260831-7895ec3209b39ddac0b9-01,2026-08-31,手机,device,华硕,Rog系列,华硕ROG5s,,,开机屏坏,220.0,元/台,,image,华硕.jpg,数码网报价单-0831更新/手机相关/华硕.jpg,1,1.0,visual
20260831-d54bf988ef0b57b28193-01,2026-08-31,手机,device,华硕,Rog系列,华硕ROG5s,,,不开机,220.0,元/台,,image,华硕.jpg,数码网报价单-0831更新/手机相关/华硕.jpg,1,1.0,visual
20260831-2731f44f6276b61f9ca1-01,2026-08-31,手机,device,华硕,Rog系列,华硕ROG5s,,,废板-整机,70.0,元/台,,image,华硕.jpg,数码网报价单-0831更新/手机相关/华硕.jpg,1,1.0,visual
20260831-795f65357003a0b6cfbf-01,2026-08-31,手机,device,华硕,Rog系列,华硕Rog5pro,,,开机屏好,220.0,元/台,,image,华硕.jpg,数码网报价单-0831更新/手机相关/华硕.jpg,1,1.0,visual
20260831-f5fd3dff620b4b93b1d7-01,2026-08-31,手机,device,华硕,Rog系列,华硕Rog5pro,,,开机屏坏,220.0,元/台,,image,华硕.jpg,数码网报价单-0831更新/手机相关/华硕.jpg,1,1.0,visual
20260831-8240601d4be4e9eb2840-01,2026-08-31,手机,device,华硕,Rog系列,华硕Rog5pro,,,不开机,220.0,元/台,,image,华硕.jpg,数码网报价单-0831更新/手机相关/华硕.jpg,1,1.0,visual
20260831-797ad6fadccdf4711812-01,2026-08-31,手机,device,华硕,Rog系列,华硕Rog5pro,,,废板-整机,80.0,元/台,,image,华硕.jpg,数码网报价单-0831更新/手机相关/华硕.jpg,1,1.0,visual
20260831-a175a83e7288b6bbc709-01,2026-08-31,手机,device,华硕,Rog系列,华硕ROG5,,,开机屏好,220.0,元/台,,image,华硕.jpg,数码网报价单-0831更新/手机相关/华硕.jpg,1,1.0,visual
20260831-23e621a6154256becdfb-01,2026-08-31,手机,device,华硕,Rog系列,华硕ROG5,,,开机屏坏,220.0,元/台,,image,华硕.jpg,数码网报价单-0831更新/手机相关/华硕.jpg,1,1.0,visual
20260831-a238b380276a75c91fd2-01,2026-08-31,手机,device,华硕,Rog系列,华硕ROG5,,,不开机,220.0,元/台,,image,华硕.jpg,数码网报价单-0831更新/手机相关/华硕.jpg,1,1.0,visual
20260831-feae4739f1bb2833a79d-01,2026-08-31,手机,device,华硕,Rog系列,华硕ROG5,,,废板-整机,60.0,元/台,,image,华硕.jpg,数码网报价单-0831更新/手机相关/华硕.jpg,1,1.0,visual
20260831-9f71f804754039ccf73d-01,2026-08-31,手机,device,华硕,Rog系列,华硕ROG3代,,,开机屏好,150.0,元/台,,image,华硕.jpg,数码网报价单-0831更新/手机相关/华硕.jpg,1,1.0,visual
20260831-9bbb26f6720f0a0c7576-01,2026-08-31,手机,device,华硕,Rog系列,华硕ROG3代,,,开机屏坏,120.0,元/台,,image,华硕.jpg,数码网报价单-0831更新/手机相关/华硕.jpg,1,1.0,visual
20260831-fa43f22805ceec1dd5cc-01,2026-08-31,手机,device,华硕,Rog系列,华硕ROG3代,,,不开机,100.0,元/台,,image,华硕.jpg,数码网报价单-0831更新/手机相关/华硕.jpg,1,1.0,visual
20260831-c9b4e5228aea66dbe130-01,2026-08-31,手机,device,华硕,Rog系列,华硕ROG3代,,,废板-整机,100.0,元/台,,image,华硕.jpg,数码网报价单-0831更新/手机相关/华硕.jpg,1,1.0,visual
20260831-4761b669ecef3ddbed5b-01,2026-08-31,手机,device,华硕,Rog系列,华硕ROG2代,,,开机屏好,150.0,元/台,,image,华硕.jpg,数码网报价单-0831更新/手机相关/华硕.jpg,1,1.0,visual
20260831-bc5c3f14babab0d9982a-01,2026-08-31,手机,device,华硕,Rog系列,华硕ROG2代,,,开机屏坏,120.0,元/台,,image,华硕.jpg,数码网报价单-0831更新/手机相关/华硕.jpg,1,1.0,visual
20260831-00e8f6ef637daf7487de-01,2026-08-31,手机,device,华硕,Rog系列,华硕ROG2代,,,不开机,100.0,元/台,,image,华硕.jpg,数码网报价单-0831更新/手机相关/华硕.jpg,1,1.0,visual
20260831-e44710ace206cbd168d4-01,2026-08-31,手机,device,华硕,Rog系列,华硕ROG2代,,,废板-整机,100.0,元/台,,image,华硕.jpg,数码网报价单-0831更新/手机相关/华硕.jpg,1,1.0,visual
20260831-5cc5f6e1e9d8e750371f-01,2026-08-31,手机,device,华硕,Rog系列,华硕rog,,,开机屏好,80.0,元/台,,image,华硕.jpg,数码网报价单-0831更新/手机相关/华硕.jpg,1,1.0,visual
20260831-89e89e00ca9176e39d88-01,2026-08-31,手机,device,华硕,Rog系列,华硕rog,,,开机屏坏,70.0,元/台,,image,华硕.jpg,数码网报价单-0831更新/手机相关/华硕.jpg,1,1.0,visual
20260831-be877a53ddbad10c52cb-01,2026-08-31,手机,device,华硕,Rog系列,华硕rog,,,不开机,70.0,元/台,,image,华硕.jpg,数码网报价单-0831更新/手机相关/华硕.jpg,1,1.0,visual
20260831-1d3a3d23897807314d1d-01,2026-08-31,手机,device,华硕,Rog系列,华硕rog,,,废板-整机,70.0,元/台,,image,华硕.jpg,数码网报价单-0831更新/手机相关/华硕.jpg,1,1.0,visual
20260831-bce24e72dcc1f1a91769-01,2026-08-31,手机,device,柔宇,,柔宇二代,,,开机屏好,100.0,元/台,,image,柔宇.jpg,数码网报价单-0831更新/手机相关/柔宇.jpg,1,1.0,visual
20260831-8b5adfcd60b4240bc441-01,2026-08-31,手机,device,柔宇,,柔宇二代,,,开机屏坏,80.0,元/台,,image,柔宇.jpg,数码网报价单-0831更新/手机相关/柔宇.jpg,1,1.0,visual
20260831-26d471cb230f09f91d8c-01,2026-08-31,手机,device,柔宇,,柔宇二代,,,不开机,80.0,元/台,,image,柔宇.jpg,数码网报价单-0831更新/手机相关/柔宇.jpg,1,1.0,visual
20260831-87a297a5da94b11c3fc7-01,2026-08-31,手机,device,柔宇,,柔宇二代,,,废板-整机,80.0,元/台,,image,柔宇.jpg,数码网报价单-0831更新/手机相关/柔宇.jpg,1,1.0,visual
20260831-61130a4a9e485db22b15-01,2026-08-31,手机,device,柔宇,,柔宇一代,,,开机屏好,50.0,元/台,,image,柔宇.jpg,数码网报价单-0831更新/手机相关/柔宇.jpg,1,1.0,visual
20260831-b467e1dac26fe42090cd-01,2026-08-31,手机,device,柔宇,,柔宇一代,,,开机屏坏,50.0,元/台,,image,柔宇.jpg,数码网报价单-0831更新/手机相关/柔宇.jpg,1,1.0,visual
20260831-5a1916ce92600de5d37e-01,2026-08-31,手机,device,柔宇,,柔宇一代,,,不开机,50.0,元/台,,image,柔宇.jpg,数码网报价单-0831更新/手机相关/柔宇.jpg,1,1.0,visual
20260831-5b1c0eb1a5a1888b7143-01,2026-08-31,手机,device,柔宇,,柔宇一代,,,废板-整机,50.0,元/台,,image,柔宇.jpg,数码网报价单-0831更新/手机相关/柔宇.jpg,1,1.0,visual
20260831-a9ff553a73caf35a14bd-01,2026-08-31,手机,device,海信,H系列,H60,,,开机屏好,110.0,元/台,,image,海信.jpg,数码网报价单-0831更新/手机相关/海信.jpg,1,1.0,visual
20260831-fa6381db187db24fa189-01,2026-08-31,手机,device,海信,H系列,H60,,,开机屏坏,110.0,元/台,,image,海信.jpg,数码网报价单-0831更新/手机相关/海信.jpg,1,1.0,visual
20260831-e6f5b69a03e73832daab-01,2026-08-31,手机,device,海信,H系列,H60,,,不开机,110.0,元/台,,image,海信.jpg,数码网报价单-0831更新/手机相关/海信.jpg,1,1.0,visual
20260831-cb51ec7cf2c8ea380295-01,2026-08-31,手机,device,海信,H系列,H60,,,废板-整机,110.0,元/台,,image,海信.jpg,数码网报价单-0831更新/手机相关/海信.jpg,1,1.0,visual
20260831-143243289eaf9642caa3-01,2026-08-31,手机,device,海信,H系列,H18,,,开机屏好,110.0,元/台,,image,海信.jpg,数码网报价单-0831更新/手机相关/海信.jpg,1,1.0,visual
20260831-ec5871f744d251604eb9-01,2026-08-31,手机,device,海信,H系列,H18,,,开机屏坏,110.0,元/台,,image,海信.jpg,数码网报价单-0831更新/手机相关/海信.jpg,1,1.0,visual
20260831-fe314d1e766e96231c12-01,2026-08-31,手机,device,海信,H系列,H18,,,不开机,110.0,元/台,,image,海信.jpg,数码网报价单-0831更新/手机相关/海信.jpg,1,1.0,visual
20260831-fe8bc618898e7cd4281d-01,2026-08-31,手机,device,海信,H系列,H18,,,废板-整机,110.0,元/台,,image,海信.jpg,数码网报价单-0831更新/手机相关/海信.jpg,1,1.0,visual
20260831-d46ba496b4f04186ef4f-01,2026-08-31,手机,device,海信,H系列,H20,,,开机屏好,110.0,元/台,,image,海信.jpg,数码网报价单-0831更新/手机相关/海信.jpg,1,1.0,visual
20260831-4613a7cc4291b72347ce-01,2026-08-31,手机,device,海信,H系列,H20,,,开机屏坏,110.0,元/台,,image,海信.jpg,数码网报价单-0831更新/手机相关/海信.jpg,1,1.0,visual
20260831-bd02c5eb252bab0dcdf1-01,2026-08-31,手机,device,海信,H系列,H20,,,不开机,110.0,元/台,,image,海信.jpg,数码网报价单-0831更新/手机相关/海信.jpg,1,1.0,visual
20260831-7d74c358237e8b13eda7-01,2026-08-31,手机,device,海信,H系列,H20,,,废板-整机,110.0,元/台,,image,海信.jpg,数码网报价单-0831更新/手机相关/海信.jpg,1,1.0,visual
20260831-8fbf751a62258b6c62be-01,2026-08-31,手机,device,海信,H系列,H10,,,开机屏好,55.0,元/台,,image,海信.jpg,数码网报价单-0831更新/手机相关/海信.jpg,1,1.0,visual
20260831-a53005f0f3c441a8ac6c-01,2026-08-31,手机,device,海信,H系列,H10,,,开机屏坏,55.0,元/台,,image,海信.jpg,数码网报价单-0831更新/手机相关/海信.jpg,1,1.0,visual
20260831-b78d0bda04878f41a7dc-01,2026-08-31,手机,device,海信,H系列,H10,,,不开机,55.0,元/台,,image,海信.jpg,数码网报价单-0831更新/手机相关/海信.jpg,1,1.0,visual
20260831-6bab0719a28e57afaf8b-01,2026-08-31,手机,device,海信,H系列,H10,,,废板-整机,55.0,元/台,,image,海信.jpg,数码网报价单-0831更新/手机相关/海信.jpg,1,1.0,visual
20260831-0d64e1efe6e33f13ef61-01,2026-08-31,手机,device,海信,F系列,F50,,,开机屏好,110.0,元/台,,image,海信.jpg,数码网报价单-0831更新/手机相关/海信.jpg,1,1.0,visual
20260831-2d0e2101d9dc544662df-01,2026-08-31,手机,device,海信,F系列,F50,,,开机屏坏,110.0,元/台,,image,海信.jpg,数码网报价单-0831更新/手机相关/海信.jpg,1,1.0,visual
20260831-1b459757f9f036177b12-01,2026-08-31,手机,device,海信,F系列,F50,,,不开机,110.0,元/台,,image,海信.jpg,数码网报价单-0831更新/手机相关/海信.jpg,1,1.0,visual
20260831-e907d8811e94280f789c-01,2026-08-31,手机,device,海信,F系列,F50,,,废板-整机,110.0,元/台,,image,海信.jpg,数码网报价单-0831更新/手机相关/海信.jpg,1,1.0,visual
20260831-5bf9185db17cede3d5ad-01,2026-08-31,手机,device,海信,F系列,F50+,,,开机屏好,110.0,元/台,,image,海信.jpg,数码网报价单-0831更新/手机相关/海信.jpg,1,1.0,visual
20260831-2cb5324ce36affa155a1-01,2026-08-31,手机,device,海信,F系列,F50+,,,开机屏坏,110.0,元/台,,image,海信.jpg,数码网报价单-0831更新/手机相关/海信.jpg,1,1.0,visual
20260831-44087ad2d01b3430d0ad-01,2026-08-31,手机,device,海信,F系列,F50+,,,不开机,110.0,元/台,,image,海信.jpg,数码网报价单-0831更新/手机相关/海信.jpg,1,1.0,visual
20260831-ec5a8dfa990bebc0c1bc-01,2026-08-31,手机,device,海信,F系列,F50+,,,废板-整机,110.0,元/台,,image,海信.jpg,数码网报价单-0831更新/手机相关/海信.jpg,1,1.0,visual
20260831-81b173069fd0322c86e2-01,2026-08-31,手机,device,海信,F系列,F40,,,开机屏好,110.0,元/台,,image,海信.jpg,数码网报价单-0831更新/手机相关/海信.jpg,1,1.0,visual
20260831-0ec99b13ddaabbad2abf-01,2026-08-31,手机,device,海信,F系列,F40,,,开机屏坏,110.0,元/台,,image,海信.jpg,数码网报价单-0831更新/手机相关/海信.jpg,1,1.0,visual
20260831-78568a97e11f7292a316-01,2026-08-31,手机,device,海信,F系列,F40,,,不开机,110.0,元/台,,image,海信.jpg,数码网报价单-0831更新/手机相关/海信.jpg,1,1.0,visual
20260831-5a48efb1254af91e393a-01,2026-08-31,手机,device,海信,F系列,F40,,,废板-整机,110.0,元/台,,image,海信.jpg,数码网报价单-0831更新/手机相关/海信.jpg,1,1.0,visual
20260831-04ea4a9c61d6dede86dc-01,2026-08-31,手机,device,海信,F系列,F26,,,开机屏好,55.0,元/台,,image,海信.jpg,数码网报价单-0831更新/手机相关/海信.jpg,1,1.0,visual
20260831-8a7e849c244b7ff4e957-01,2026-08-31,手机,device,海信,F系列,F26,,,开机屏坏,55.0,元/台,,image,海信.jpg,数码网报价单-0831更新/手机相关/海信.jpg,1,1.0,visual
20260831-ab408e25dcae65aa7746-01,2026-08-31,手机,device,海信,F系列,F26,,,不开机,55.0,元/台,,image,海信.jpg,数码网报价单-0831更新/手机相关/海信.jpg,1,1.0,visual
20260831-5489ce09d1772b1b0877-01,2026-08-31,手机,device,海信,F系列,F26,,,废板-整机,55.0,元/台,,image,海信.jpg,数码网报价单-0831更新/手机相关/海信.jpg,1,1.0,visual
20260831-92785c90ba9acd762b3c-01,2026-08-31,手机,device,海信,F系列,F23,,,开机屏好,20.0,元/台,,image,海信.jpg,数码网报价单-0831更新/手机相关/海信.jpg,1,1.0,visual
20260831-42b6b656c9a7236e6019-01,2026-08-31,手机,device,海信,F系列,F23,,,开机屏坏,20.0,元/台,,image,海信.jpg,数码网报价单-0831更新/手机相关/海信.jpg,1,1.0,visual
20260831-6091b63869e9070ee339-01,2026-08-31,手机,device,海信,F系列,F23,,,不开机,20.0,元/台,,image,海信.jpg,数码网报价单-0831更新/手机相关/海信.jpg,1,1.0,visual
20260831-a89f7c84bb299092a6c3-01,2026-08-31,手机,device,海信,F系列,F23,,,废板-整机,20.0,元/台,,image,海信.jpg,数码网报价单-0831更新/手机相关/海信.jpg,1,1.0,visual
20260831-48d0c07fd7103fa47233-01,2026-08-31,手机,device,海信,F系列,F31,,,开机屏好,20.0,元/台,,image,海信.jpg,数码网报价单-0831更新/手机相关/海信.jpg,1,1.0,visual
20260831-e5a6da2f6ee8b5c622d0-01,2026-08-31,手机,device,海信,F系列,F31,,,开机屏坏,20.0,元/台,,image,海信.jpg,数码网报价单-0831更新/手机相关/海信.jpg,1,1.0,visual
20260831-25139a696d5eae1ea1c5-01,2026-08-31,手机,device,海信,F系列,F31,,,不开机,20.0,元/台,,image,海信.jpg,数码网报价单-0831更新/手机相关/海信.jpg,1,1.0,visual
20260831-1206037dd047a8abd203-01,2026-08-31,手机,device,海信,F系列,F31,,,废板-整机,20.0,元/台,,image,海信.jpg,数码网报价单-0831更新/手机相关/海信.jpg,1,1.0,visual
20260831-a0307374df022d7f11ed-01,2026-08-31,手机,device,海信,F系列,F30,,,开机屏好,20.0,元/台,,image,海信.jpg,数码网报价单-0831更新/手机相关/海信.jpg,1,1.0,visual
20260831-20acbe5f8e3be5a211c0-01,2026-08-31,手机,device,海信,F系列,F30,,,开机屏坏,20.0,元/台,,image,海信.jpg,数码网报价单-0831更新/手机相关/海信.jpg,1,1.0,visual
20260831-1780ed66131756531eb5-01,2026-08-31,手机,device,海信,F系列,F30,,,不开机,20.0,元/台,,image,海信.jpg,数码网报价单-0831更新/手机相关/海信.jpg,1,1.0,visual
20260831-004392e68240f4b11ea3-01,2026-08-31,手机,device,海信,F系列,F30,,,废板-整机,20.0,元/台,,image,海信.jpg,数码网报价单-0831更新/手机相关/海信.jpg,1,1.0,visual
20260831-8dfd5e0cce954d32d08e-01,2026-08-31,手机,device,海信,F系列,F22,,,开机屏好,20.0,元/台,,image,海信.jpg,数码网报价单-0831更新/手机相关/海信.jpg,1,1.0,visual
20260831-8f041e170c09c124f77f-01,2026-08-31,手机,device,海信,F系列,F22,,,开机屏坏,20.0,元/台,,image,海信.jpg,数码网报价单-0831更新/手机相关/海信.jpg,1,1.0,visual
20260831-feb0cec1099662599cc8-01,2026-08-31,手机,device,海信,F系列,F22,,,不开机,20.0,元/台,,image,海信.jpg,数码网报价单-0831更新/手机相关/海信.jpg,1,1.0,visual
20260831-02f44662e2c9c9d7e0b5-01,2026-08-31,手机,device,海信,F系列,F22,,,废板-整机,20.0,元/台,,image,海信.jpg,数码网报价单-0831更新/手机相关/海信.jpg,1,1.0,visual
20260831-815c242f677294bd910c-01,2026-08-31,手机,device,海信,E序列,E18Pro,,,开机屏好,110.0,元/台,,image,海信.jpg,数码网报价单-0831更新/手机相关/海信.jpg,1,1.0,visual
20260831-b625ba750d2e12a2a02d-01,2026-08-31,手机,device,海信,E序列,E18Pro,,,开机屏坏,110.0,元/台,,image,海信.jpg,数码网报价单-0831更新/手机相关/海信.jpg,1,1.0,visual
20260831-7e29be21791b25dcde02-01,2026-08-31,手机,device,海信,E序列,E18Pro,,,不开机,110.0,元/台,,image,海信.jpg,数码网报价单-0831更新/手机相关/海信.jpg,1,1.0,visual
20260831-fca9177ed4b3fbca3f7e-01,2026-08-31,手机,device,海信,E序列,E18Pro,,,废板-整机,110.0,元/台,,image,海信.jpg,数码网报价单-0831更新/手机相关/海信.jpg,1,1.0,visual
20260831-f5218992086b8b784848-01,2026-08-31,手机,device,海信,E序列,E311,,,开机屏好,110.0,元/台,,image,海信.jpg,数码网报价单-0831更新/手机相关/海信.jpg,1,1.0,visual
20260831-9567b01902e9321c2c24-01,2026-08-31,手机,device,海信,E序列,E311,,,开机屏坏,110.0,元/台,,image,海信.jpg,数码网报价单-0831更新/手机相关/海信.jpg,1,1.0,visual
20260831-027e76064d163bfca586-01,2026-08-31,手机,device,海信,E序列,E311,,,不开机,110.0,元/台,,image,海信.jpg,数码网报价单-0831更新/手机相关/海信.jpg,1,1.0,visual
20260831-91f69067349c4805fee4-01,2026-08-31,手机,device,海信,E序列,E311,,,废板-整机,110.0,元/台,,image,海信.jpg,数码网报价单-0831更新/手机相关/海信.jpg,1,1.0,visual
20260831-ed32819ea1b79c1cd43f-01,2026-08-31,手机,device,海信,E序列,E217高配,,,开机屏好,110.0,元/台,,image,海信.jpg,数码网报价单-0831更新/手机相关/海信.jpg,1,1.0,visual
20260831-21feaaa8821f63a56bd1-01,2026-08-31,手机,device,海信,E序列,E217高配,,,开机屏坏,110.0,元/台,,image,海信.jpg,数码网报价单-0831更新/手机相关/海信.jpg,1,1.0,visual
20260831-74365618f25f91649f00-01,2026-08-31,手机,device,海信,E序列,E217高配,,,不开机,110.0,元/台,,image,海信.jpg,数码网报价单-0831更新/手机相关/海信.jpg,1,1.0,visual
20260831-5d9eeef472fc09059363-01,2026-08-31,手机,device,海信,E序列,E217高配,,,废板-整机,110.0,元/台,,image,海信.jpg,数码网报价单-0831更新/手机相关/海信.jpg,1,1.0,visual
20260831-4df610cdefaf6ce87d1a-01,2026-08-31,手机,device,海信,E序列,E500,,,开机屏好,110.0,元/台,,image,海信.jpg,数码网报价单-0831更新/手机相关/海信.jpg,1,1.0,visual
20260831-8013183b1de7b440fd91-01,2026-08-31,手机,device,海信,E序列,E500,,,开机屏坏,110.0,元/台,,image,海信.jpg,数码网报价单-0831更新/手机相关/海信.jpg,1,1.0,visual
20260831-44ce93ae780224d4c0f3-01,2026-08-31,手机,device,海信,E序列,E500,,,不开机,110.0,元/台,,image,海信.jpg,数码网报价单-0831更新/手机相关/海信.jpg,1,1.0,visual
20260831-2fd806fa8750d659dc99-01,2026-08-31,手机,device,海信,E序列,E500,,,废板-整机,110.0,元/台,,image,海信.jpg,数码网报价单-0831更新/手机相关/海信.jpg,1,1.0,visual
20260831-2a6e511dcb67e91f3c05-01,2026-08-31,手机,device,海信,E序列,E216,,,开机屏好,110.0,元/台,,image,海信.jpg,数码网报价单-0831更新/手机相关/海信.jpg,1,1.0,visual
20260831-4affb3b26cecd8ff65e2-01,2026-08-31,手机,device,海信,E序列,E216,,,开机屏坏,110.0,元/台,,image,海信.jpg,数码网报价单-0831更新/手机相关/海信.jpg,1,1.0,visual
20260831-2af603b0170e0ba0407e-01,2026-08-31,手机,device,海信,E序列,E216,,,不开机,110.0,元/台,,image,海信.jpg,数码网报价单-0831更新/手机相关/海信.jpg,1,1.0,visual
20260831-537b214879bbc5fcb723-01,2026-08-31,手机,device,海信,E序列,E216,,,废板-整机,110.0,元/台,,image,海信.jpg,数码网报价单-0831更新/手机相关/海信.jpg,1,1.0,visual
20260831-cfe43264a0d57294cc43-01,2026-08-31,手机,device,海信,E序列,E300,,,开机屏好,55.0,元/台,,image,海信.jpg,数码网报价单-0831更新/手机相关/海信.jpg,1,1.0,visual
20260831-ebad4db3cd36a0048473-01,2026-08-31,手机,device,海信,E序列,E300,,,开机屏坏,55.0,元/台,,image,海信.jpg,数码网报价单-0831更新/手机相关/海信.jpg,1,1.0,visual
20260831-fc477cd1f82e44ceaa90-01,2026-08-31,手机,device,海信,E序列,E300,,,不开机,55.0,元/台,,image,海信.jpg,数码网报价单-0831更新/手机相关/海信.jpg,1,1.0,visual
20260831-013113e28eb25d312028-01,2026-08-31,手机,device,海信,E序列,E300,,,废板-整机,55.0,元/台,,image,海信.jpg,数码网报价单-0831更新/手机相关/海信.jpg,1,1.0,visual
20260831-359b5226eb13b4bd7552-01,2026-08-31,手机,device,海信,E序列,E217低配,,,开机屏好,55.0,元/台,,image,海信.jpg,数码网报价单-0831更新/手机相关/海信.jpg,1,1.0,visual
20260831-de73f7680752310e5bf1-01,2026-08-31,手机,device,海信,E序列,E217低配,,,开机屏坏,55.0,元/台,,image,海信.jpg,数码网报价单-0831更新/手机相关/海信.jpg,1,1.0,visual
20260831-796c264a32fc6020901b-01,2026-08-31,手机,device,海信,E序列,E217低配,,,不开机,55.0,元/台,,image,海信.jpg,数码网报价单-0831更新/手机相关/海信.jpg,1,1.0,visual
20260831-21fdb8d01c4a7582bf6a-01,2026-08-31,手机,device,海信,E序列,E217低配,,,废板-整机,55.0,元/台,,image,海信.jpg,数码网报价单-0831更新/手机相关/海信.jpg,1,1.0,visual
20260831-eeb7626b16b2e5618cde-01,2026-08-31,手机,device,海信,E序列,E202,,,开机屏好,55.0,元/台,,image,海信.jpg,数码网报价单-0831更新/手机相关/海信.jpg,1,1.0,visual
20260831-6581df2a0e5ad7d9a7d1-01,2026-08-31,手机,device,海信,E序列,E202,,,开机屏坏,55.0,元/台,,image,海信.jpg,数码网报价单-0831更新/手机相关/海信.jpg,1,1.0,visual
20260831-42977df9ad89cd98231d-01,2026-08-31,手机,device,海信,E序列,E202,,,不开机,55.0,元/台,,image,海信.jpg,数码网报价单-0831更新/手机相关/海信.jpg,1,1.0,visual
20260831-f2bdefbb9dd34cafb349-01,2026-08-31,手机,device,海信,E序列,E202,,,废板-整机,55.0,元/台,,image,海信.jpg,数码网报价单-0831更新/手机相关/海信.jpg,1,1.0,visual
20260831-69b3346955f91ec356ca-01,2026-08-31,手机,device,海信,E序列,E200,,,开机屏好,55.0,元/台,,image,海信.jpg,数码网报价单-0831更新/手机相关/海信.jpg,1,1.0,visual
20260831-93787137d0ffe956a580-01,2026-08-31,手机,device,海信,E序列,E200,,,开机屏坏,55.0,元/台,,image,海信.jpg,数码网报价单-0831更新/手机相关/海信.jpg,1,1.0,visual
20260831-cca66d96eef518c1e1c8-01,2026-08-31,手机,device,海信,E序列,E200,,,不开机,55.0,元/台,,image,海信.jpg,数码网报价单-0831更新/手机相关/海信.jpg,1,1.0,visual
20260831-d7f88716de941165f183-01,2026-08-31,手机,device,海信,E序列,E200,,,废板-整机,55.0,元/台,,image,海信.jpg,数码网报价单-0831更新/手机相关/海信.jpg,1,1.0,visual
20260831-7077c1c62402d849abd1-01,2026-08-31,手机,device,海信,型号,M30,,,开机屏好,11.0,元/台,,image,海信.jpg,数码网报价单-0831更新/手机相关/海信.jpg,1,1.0,visual
20260831-936fdf320752117755d3-01,2026-08-31,手机,device,海信,型号,M30,,,开机屏坏,11.0,元/台,,image,海信.jpg,数码网报价单-0831更新/手机相关/海信.jpg,1,1.0,visual
20260831-89a57ff01e9b875aae95-01,2026-08-31,手机,device,海信,型号,M30,,,不开机,11.0,元/台,,image,海信.jpg,数码网报价单-0831更新/手机相关/海信.jpg,1,1.0,visual
20260831-1ff58fc05f4197eff016-01,2026-08-31,手机,device,海信,型号,M30,,,废板-整机,11.0,元/台,,image,海信.jpg,数码网报价单-0831更新/手机相关/海信.jpg,1,1.0,visual
20260831-5dccb232f53d26f98ddc-01,2026-08-31,手机,device,海信,型号,A6L双屏,,,开机屏好,60.0,元/台,,image,海信.jpg,数码网报价单-0831更新/手机相关/海信.jpg,1,1.0,visual
20260831-627588069aa749ef679d-01,2026-08-31,手机,device,海信,型号,A6L双屏,,,开机屏坏,45.0,元/台,,image,海信.jpg,数码网报价单-0831更新/手机相关/海信.jpg,1,1.0,visual
20260831-d9f349acc1ce38f4e9c3-01,2026-08-31,手机,device,海信,型号,A6L双屏,,,不开机,45.0,元/台,,image,海信.jpg,数码网报价单-0831更新/手机相关/海信.jpg,1,1.0,visual
20260831-2878f74cbbabeaaf03b0-01,2026-08-31,手机,device,海信,型号,A6L双屏,,,废板-整机,25.0,元/台,,image,海信.jpg,数码网报价单-0831更新/手机相关/海信.jpg,1,1.0,visual
20260831-4b17be4c32eaa18e4c72-01,2026-08-31,手机,device,海信,墨水屏,A9,,,开机屏好,400.0,元/台,,image,海信.jpg,数码网报价单-0831更新/手机相关/海信.jpg,1,1.0,visual
20260831-bd1aeacb38f6d244e01d-01,2026-08-31,手机,device,海信,墨水屏,A9,,,开机屏坏,85.0,元/台,,image,海信.jpg,数码网报价单-0831更新/手机相关/海信.jpg,1,1.0,visual
20260831-a5c5f53e1047f2b082e8-01,2026-08-31,手机,device,海信,墨水屏,A9,,,不开机,85.0,元/台,,image,海信.jpg,数码网报价单-0831更新/手机相关/海信.jpg,1,1.0,visual
20260831-43d69e4e84d75bc1a753-01,2026-08-31,手机,device,海信,墨水屏,A9,,,废板-整机,85.0,元/台,,image,海信.jpg,数码网报价单-0831更新/手机相关/海信.jpg,1,1.0,visual
20260831-f92de0025a1ee67f1cb6-01,2026-08-31,手机,device,海信,墨水屏,A7,,,开机屏好,400.0,元/台,,image,海信.jpg,数码网报价单-0831更新/手机相关/海信.jpg,1,1.0,visual
20260831-340e68c3e8faf4215241-01,2026-08-31,手机,device,海信,墨水屏,A7,,,开机屏坏,85.0,元/台,,image,海信.jpg,数码网报价单-0831更新/手机相关/海信.jpg,1,1.0,visual
20260831-0cdbfd97351425d30196-01,2026-08-31,手机,device,海信,墨水屏,A7,,,不开机,85.0,元/台,,image,海信.jpg,数码网报价单-0831更新/手机相关/海信.jpg,1,1.0,visual
20260831-83ecf74cf348011115ce-01,2026-08-31,手机,device,海信,墨水屏,A7,,,废板-整机,85.0,元/台,,image,海信.jpg,数码网报价单-0831更新/手机相关/海信.jpg,1,1.0,visual
20260831-c94d5b6bf9453cb6d774-01,2026-08-31,手机,device,海信,墨水屏,A7cc版,,,开机屏好,400.0,元/台,,image,海信.jpg,数码网报价单-0831更新/手机相关/海信.jpg,1,1.0,visual
20260831-85563f014757b9d246ff-01,2026-08-31,手机,device,海信,墨水屏,A7cc版,,,开机屏坏,85.0,元/台,,image,海信.jpg,数码网报价单-0831更新/手机相关/海信.jpg,1,1.0,visual
20260831-0c332327716eb526a364-01,2026-08-31,手机,device,海信,墨水屏,A7cc版,,,不开机,85.0,元/台,,image,海信.jpg,数码网报价单-0831更新/手机相关/海信.jpg,1,1.0,visual
20260831-97c885e13d1fb4fa0ce9-01,2026-08-31,手机,device,海信,墨水屏,A7cc版,,,废板-整机,85.0,元/台,,image,海信.jpg,数码网报价单-0831更新/手机相关/海信.jpg,1,1.0,visual
20260831-71c192bd6dfd716a2510-01,2026-08-31,手机,device,海信,墨水屏,TOUCH LITE,,,开机屏好,320.0,元/台,,image,海信.jpg,数码网报价单-0831更新/手机相关/海信.jpg,1,1.0,visual
20260831-0a6214073257218a3e32-01,2026-08-31,手机,device,海信,墨水屏,TOUCH LITE,,,开机屏坏,85.0,元/台,,image,海信.jpg,数码网报价单-0831更新/手机相关/海信.jpg,1,1.0,visual
20260831-0e84639356a671505b43-01,2026-08-31,手机,device,海信,墨水屏,TOUCH LITE,,,不开机,85.0,元/台,,image,海信.jpg,数码网报价单-0831更新/手机相关/海信.jpg,1,1.0,visual
20260831-c07bdf07f781b6eed31a-01,2026-08-31,手机,device,海信,墨水屏,TOUCH LITE,,,废板-整机,85.0,元/台,,image,海信.jpg,数码网报价单-0831更新/手机相关/海信.jpg,1,1.0,visual
20260831-5ed242ddd00ef2b36eaa-01,2026-08-31,手机,device,海信,墨水屏,A5pro,,,开机屏好,210.0,元/台,,image,海信.jpg,数码网报价单-0831更新/手机相关/海信.jpg,1,1.0,visual
20260831-8d6c200def1e3ad62a39-01,2026-08-31,手机,device,海信,墨水屏,A5pro,,,开机屏坏,85.0,元/台,,image,海信.jpg,数码网报价单-0831更新/手机相关/海信.jpg,1,1.0,visual
20260831-7fbc5786e19fcc7e8d82-01,2026-08-31,手机,device,海信,墨水屏,A5pro,,,不开机,85.0,元/台,,image,海信.jpg,数码网报价单-0831更新/手机相关/海信.jpg,1,1.0,visual
20260831-ad706f801994dceefb4e-01,2026-08-31,手机,device,海信,墨水屏,A5pro,,,废板-整机,85.0,元/台,,image,海信.jpg,数码网报价单-0831更新/手机相关/海信.jpg,1,1.0,visual
20260831-02264c05702d5744f944-01,2026-08-31,手机,device,糖果,糖果,S60,,,开机屏好,60.0,元/台,,image,糖果.jpg,数码网报价单-0831更新/手机相关/糖果.jpg,1,1.0,visual
20260831-3b48f153b6177d60c34a-01,2026-08-31,手机,device,糖果,糖果,S60,,,开机屏坏,60.0,元/台,,image,糖果.jpg,数码网报价单-0831更新/手机相关/糖果.jpg,1,1.0,visual
20260831-b8333ec172801f339f00-01,2026-08-31,手机,device,糖果,糖果,S60,,,不开机,60.0,元/台,,image,糖果.jpg,数码网报价单-0831更新/手机相关/糖果.jpg,1,1.0,visual
20260831-afc9ae346a0520d6845f-01,2026-08-31,手机,device,糖果,糖果,S60,,,废板-整机,60.0,元/台,,image,糖果.jpg,数码网报价单-0831更新/手机相关/糖果.jpg,1,1.0,visual
20260831-059294167618230e7964-01,2026-08-31,手机,device,糖果,糖果,S20,,,开机屏好,60.0,元/台,,image,糖果.jpg,数码网报价单-0831更新/手机相关/糖果.jpg,1,1.0,visual
20260831-f3b6f72a87288a34ebf7-01,2026-08-31,手机,device,糖果,糖果,S20,,,开机屏坏,60.0,元/台,,image,糖果.jpg,数码网报价单-0831更新/手机相关/糖果.jpg,1,1.0,visual
20260831-5a9e501d4d5ae999dfeb-01,2026-08-31,手机,device,糖果,糖果,S20,,,不开机,60.0,元/台,,image,糖果.jpg,数码网报价单-0831更新/手机相关/糖果.jpg,1,1.0,visual
20260831-9e1a8d0edaec154296cc-01,2026-08-31,手机,device,糖果,糖果,S20,,,废板-整机,60.0,元/台,,image,糖果.jpg,数码网报价单-0831更新/手机相关/糖果.jpg,1,1.0,visual
20260831-2b3dabfc7802e3c83e2f-01,2026-08-31,手机,device,糖果,糖果,S9,,,开机屏好,60.0,元/台,,image,糖果.jpg,数码网报价单-0831更新/手机相关/糖果.jpg,1,1.0,visual
20260831-bba8638e937e9f411893-01,2026-08-31,手机,device,糖果,糖果,S9,,,开机屏坏,60.0,元/台,,image,糖果.jpg,数码网报价单-0831更新/手机相关/糖果.jpg,1,1.0,visual
20260831-dde16d81a60ba456e456-01,2026-08-31,手机,device,糖果,糖果,S9,,,不开机,60.0,元/台,,image,糖果.jpg,数码网报价单-0831更新/手机相关/糖果.jpg,1,1.0,visual
20260831-ced5d30e936a85f7fae6-01,2026-08-31,手机,device,糖果,糖果,S9,,,废板-整机,60.0,元/台,,image,糖果.jpg,数码网报价单-0831更新/手机相关/糖果.jpg,1,1.0,visual
20260831-cf98f7fba874cf44d906-01,2026-08-31,手机,device,糖果,糖果,S11,,,开机屏好,60.0,元/台,,image,糖果.jpg,数码网报价单-0831更新/手机相关/糖果.jpg,1,1.0,visual
20260831-4a88b7605268b93afe4f-01,2026-08-31,手机,device,糖果,糖果,S11,,,开机屏坏,60.0,元/台,,image,糖果.jpg,数码网报价单-0831更新/手机相关/糖果.jpg,1,1.0,visual
20260831-e93324a7e319d5c450fc-01,2026-08-31,手机,device,糖果,糖果,S11,,,不开机,60.0,元/台,,image,糖果.jpg,数码网报价单-0831更新/手机相关/糖果.jpg,1,1.0,visual
20260831-c4afc1605fe91cfe0c0f-01,2026-08-31,手机,device,糖果,糖果,S11,,,废板-整机,60.0,元/台,,image,糖果.jpg,数码网报价单-0831更新/手机相关/糖果.jpg,1,1.0,visual
20260831-6c3f47eadee0b260334e-01,2026-08-31,手机,device,糖果,糖果,F9,,,开机屏好,125.0,元/台,,image,糖果.jpg,数码网报价单-0831更新/手机相关/糖果.jpg,1,1.0,visual
20260831-a4954e6c93bf888a5047-01,2026-08-31,手机,device,糖果,糖果,F9,,,开机屏坏,125.0,元/台,,image,糖果.jpg,数码网报价单-0831更新/手机相关/糖果.jpg,1,1.0,visual
20260831-ac7955564c05ed899e09-01,2026-08-31,手机,device,糖果,糖果,F9,,,不开机,125.0,元/台,,image,糖果.jpg,数码网报价单-0831更新/手机相关/糖果.jpg,1,1.0,visual
20260831-2d6a12360779100de320-01,2026-08-31,手机,device,糖果,糖果,F9,,,废板-整机,125.0,元/台,,image,糖果.jpg,数码网报价单-0831更新/手机相关/糖果.jpg,1,1.0,visual
20260831-6d6e1b4eb68d641733f3-01,2026-08-31,手机,device,糖果,糖果,F11,,,开机屏好,60.0,元/台,,image,糖果.jpg,数码网报价单-0831更新/手机相关/糖果.jpg,1,1.0,visual
20260831-e94a998d4d8a1994106c-01,2026-08-31,手机,device,糖果,糖果,F11,,,开机屏坏,60.0,元/台,,image,糖果.jpg,数码网报价单-0831更新/手机相关/糖果.jpg,1,1.0,visual
20260831-bd1b4e3c08546f32aa62-01,2026-08-31,手机,device,糖果,糖果,F11,,,不开机,60.0,元/台,,image,糖果.jpg,数码网报价单-0831更新/手机相关/糖果.jpg,1,1.0,visual
20260831-2b289f353a64deea3bb5-01,2026-08-31,手机,device,糖果,糖果,F11,,,废板-整机,60.0,元/台,,image,糖果.jpg,数码网报价单-0831更新/手机相关/糖果.jpg,1,1.0,visual
20260831-32a98be22c50a6279fa4-01,2026-08-31,手机,device,糖果,糖果,Y15,,,开机屏好,30.0,元/台,,image,糖果.jpg,数码网报价单-0831更新/手机相关/糖果.jpg,1,1.0,visual
20260831-a6f50aa16185fcd81114-01,2026-08-31,手机,device,糖果,糖果,Y15,,,开机屏坏,30.0,元/台,,image,糖果.jpg,数码网报价单-0831更新/手机相关/糖果.jpg,1,1.0,visual
20260831-00ef4df64ef3b6a09840-01,2026-08-31,手机,device,糖果,糖果,Y15,,,不开机,30.0,元/台,,image,糖果.jpg,数码网报价单-0831更新/手机相关/糖果.jpg,1,1.0,visual
20260831-55eafcac5cd7879e6abe-01,2026-08-31,手机,device,糖果,糖果,Y15,,,废板-整机,30.0,元/台,,image,糖果.jpg,数码网报价单-0831更新/手机相关/糖果.jpg,1,1.0,visual
20260831-1414e449e1f28243b1d0-01,2026-08-31,手机,device,糖果,糖果,Y12,,,开机屏好,30.0,元/台,,image,糖果.jpg,数码网报价单-0831更新/手机相关/糖果.jpg,1,1.0,visual
20260831-4cf5391f647efef832f0-01,2026-08-31,手机,device,糖果,糖果,Y12,,,开机屏坏,30.0,元/台,,image,糖果.jpg,数码网报价单-0831更新/手机相关/糖果.jpg,1,1.0,visual
20260831-be1dbda8191b6bfd6701-01,2026-08-31,手机,device,糖果,糖果,Y12,,,不开机,30.0,元/台,,image,糖果.jpg,数码网报价单-0831更新/手机相关/糖果.jpg,1,1.0,visual
20260831-8726bdebaba7720f2b52-01,2026-08-31,手机,device,糖果,糖果,Y12,,,废板-整机,30.0,元/台,,image,糖果.jpg,数码网报价单-0831更新/手机相关/糖果.jpg,1,1.0,visual
20260831-59c7337c54e504529e52-01,2026-08-31,手机,device,糖果,糖果,R11,,,开机屏好,30.0,元/台,,image,糖果.jpg,数码网报价单-0831更新/手机相关/糖果.jpg,1,1.0,visual
20260831-0b007ffba06be5f05ab2-01,2026-08-31,手机,device,糖果,糖果,R11,,,开机屏坏,30.0,元/台,,image,糖果.jpg,数码网报价单-0831更新/手机相关/糖果.jpg,1,1.0,visual
20260831-eeacc8683e9dc3791d01-01,2026-08-31,手机,device,糖果,糖果,R11,,,不开机,30.0,元/台,,image,糖果.jpg,数码网报价单-0831更新/手机相关/糖果.jpg,1,1.0,visual
20260831-c7f1c9a57eec855cdc7c-01,2026-08-31,手机,device,糖果,糖果,R11,,,废板-整机,30.0,元/台,,image,糖果.jpg,数码网报价单-0831更新/手机相关/糖果.jpg,1,1.0,visual
20260831-872a816ed40205008147-01,2026-08-31,手机,device,糖果,糖果,F7mini,,,开机屏好,30.0,元/台,,image,糖果.jpg,数码网报价单-0831更新/手机相关/糖果.jpg,1,1.0,visual
20260831-ec99fec490736aca60a5-01,2026-08-31,手机,device,糖果,糖果,F7mini,,,开机屏坏,30.0,元/台,,image,糖果.jpg,数码网报价单-0831更新/手机相关/糖果.jpg,1,1.0,visual
20260831-6f5a77896bdf95252b8a-01,2026-08-31,手机,device,糖果,糖果,F7mini,,,不开机,30.0,元/台,,image,糖果.jpg,数码网报价单-0831更新/手机相关/糖果.jpg,1,1.0,visual
20260831-3273f3044652b46d43e8-01,2026-08-31,手机,device,糖果,糖果,F7mini,,,废板-整机,30.0,元/台,,image,糖果.jpg,数码网报价单-0831更新/手机相关/糖果.jpg,1,1.0,visual
20260831-9149955be3ddcd19805a-01,2026-08-31,手机,device,糖果,糖果,C9,,,开机屏好,30.0,元/台,,image,糖果.jpg,数码网报价单-0831更新/手机相关/糖果.jpg,1,1.0,visual
20260831-14781dcf965c26ea87b4-01,2026-08-31,手机,device,糖果,糖果,C9,,,开机屏坏,30.0,元/台,,image,糖果.jpg,数码网报价单-0831更新/手机相关/糖果.jpg,1,1.0,visual
20260831-b4b4394050e3809e2108-01,2026-08-31,手机,device,糖果,糖果,C9,,,不开机,30.0,元/台,,image,糖果.jpg,数码网报价单-0831更新/手机相关/糖果.jpg,1,1.0,visual
20260831-db4b12ccaadd95cf826a-01,2026-08-31,手机,device,糖果,糖果,C9,,,废板-整机,30.0,元/台,,image,糖果.jpg,数码网报价单-0831更新/手机相关/糖果.jpg,1,1.0,visual
20260831-5136568d594f6dca17e9-01,2026-08-31,手机,device,糖果,糖果,C7,,,开机屏好,30.0,元/台,,image,糖果.jpg,数码网报价单-0831更新/手机相关/糖果.jpg,1,1.0,visual
20260831-cda9aaf30c79591f3096-01,2026-08-31,手机,device,糖果,糖果,C7,,,开机屏坏,30.0,元/台,,image,糖果.jpg,数码网报价单-0831更新/手机相关/糖果.jpg,1,1.0,visual
20260831-5ca3a7d7b01f86770af7-01,2026-08-31,手机,device,糖果,糖果,C7,,,不开机,30.0,元/台,,image,糖果.jpg,数码网报价单-0831更新/手机相关/糖果.jpg,1,1.0,visual
20260831-dcb8627de929f9fccd18-01,2026-08-31,手机,device,糖果,糖果,C7,,,废板-整机,30.0,元/台,,image,糖果.jpg,数码网报价单-0831更新/手机相关/糖果.jpg,1,1.0,visual
20260831-3b4dbda01ad747f659aa-01,2026-08-31,手机,device,糖果,糖果,C11,,,开机屏好,30.0,元/台,,image,糖果.jpg,数码网报价单-0831更新/手机相关/糖果.jpg,1,1.0,visual
20260831-4b0ed285e846e5c1085e-01,2026-08-31,手机,device,糖果,糖果,C11,,,开机屏坏,30.0,元/台,,image,糖果.jpg,数码网报价单-0831更新/手机相关/糖果.jpg,1,1.0,visual
20260831-201ceac5e5ee54c82f7e-01,2026-08-31,手机,device,糖果,糖果,C11,,,不开机,30.0,元/台,,image,糖果.jpg,数码网报价单-0831更新/手机相关/糖果.jpg,1,1.0,visual
20260831-2d5c09eaca9c1d0f017b-01,2026-08-31,手机,device,糖果,糖果,C11,,,废板-整机,30.0,元/台,,image,糖果.jpg,数码网报价单-0831更新/手机相关/糖果.jpg,1,1.0,visual
20260831-85b66016aebed563ed16-01,2026-08-31,手机,device,糖果,糖果,Y9,,,开机屏好,30.0,元/台,,image,糖果.jpg,数码网报价单-0831更新/手机相关/糖果.jpg,1,1.0,visual
20260831-347c86c6edd1464b097b-01,2026-08-31,手机,device,糖果,糖果,Y9,,,开机屏坏,30.0,元/台,,image,糖果.jpg,数码网报价单-0831更新/手机相关/糖果.jpg,1,1.0,visual
20260831-b2e295b87602b6075b14-01,2026-08-31,手机,device,糖果,糖果,Y9,,,不开机,30.0,元/台,,image,糖果.jpg,数码网报价单-0831更新/手机相关/糖果.jpg,1,1.0,visual
20260831-5558ca189a26c6df3b07-01,2026-08-31,手机,device,糖果,糖果,Y9,,,废板-整机,30.0,元/台,,image,糖果.jpg,数码网报价单-0831更新/手机相关/糖果.jpg,1,1.0,visual
20260831-de501583cd00c090cd2d-01,2026-08-31,手机,device,糖果,糖果,Y11,,,开机屏好,20.0,元/台,,image,糖果.jpg,数码网报价单-0831更新/手机相关/糖果.jpg,1,1.0,visual
20260831-34e181ca27132e34a19f-01,2026-08-31,手机,device,糖果,糖果,Y11,,,开机屏坏,20.0,元/台,,image,糖果.jpg,数码网报价单-0831更新/手机相关/糖果.jpg,1,1.0,visual
20260831-e8ae5be29c7819433609-01,2026-08-31,手机,device,糖果,糖果,Y11,,,不开机,20.0,元/台,,image,糖果.jpg,数码网报价单-0831更新/手机相关/糖果.jpg,1,1.0,visual
20260831-948a8dfeab6916d66c8d-01,2026-08-31,手机,device,糖果,糖果,Y11,,,废板-整机,20.0,元/台,,image,糖果.jpg,数码网报价单-0831更新/手机相关/糖果.jpg,1,1.0,visual
20260831-6457e15032617bd17fc3-01,2026-08-31,手机,device,糖果,国美,U9,,,开机屏好,60.0,元/台,,image,糖果.jpg,数码网报价单-0831更新/手机相关/糖果.jpg,1,1.0,visual
20260831-4ac3d92b986e9d99a19f-01,2026-08-31,手机,device,糖果,国美,U9,,,开机屏坏,60.0,元/台,,image,糖果.jpg,数码网报价单-0831更新/手机相关/糖果.jpg,1,1.0,visual
20260831-d81b99e0a287fca4d420-01,2026-08-31,手机,device,糖果,国美,U9,,,不开机,60.0,元/台,,image,糖果.jpg,数码网报价单-0831更新/手机相关/糖果.jpg,1,1.0,visual
20260831-25ecda1fd371ba5d409b-01,2026-08-31,手机,device,糖果,国美,U9,,,废板-整机,60.0,元/台,,image,糖果.jpg,数码网报价单-0831更新/手机相关/糖果.jpg,1,1.0,visual
20260831-fa8b6c266b75b9eb583b-01,2026-08-31,手机,device,糖果,国美,U7,,,开机屏好,60.0,元/台,,image,糖果.jpg,数码网报价单-0831更新/手机相关/糖果.jpg,1,1.0,visual
20260831-afb26f8be272d352ef38-01,2026-08-31,手机,device,糖果,国美,U7,,,开机屏坏,60.0,元/台,,image,糖果.jpg,数码网报价单-0831更新/手机相关/糖果.jpg,1,1.0,visual
20260831-fa1510da987366234adc-01,2026-08-31,手机,device,糖果,国美,U7,,,不开机,60.0,元/台,,image,糖果.jpg,数码网报价单-0831更新/手机相关/糖果.jpg,1,1.0,visual
20260831-23211b3b1d7ec89b0566-01,2026-08-31,手机,device,糖果,国美,U7,,,废板-整机,60.0,元/台,,image,糖果.jpg,数码网报价单-0831更新/手机相关/糖果.jpg,1,1.0,visual
20260831-287cf593380ed6a1bc9f-01,2026-08-31,手机,device,糖果,国美,U7mini,,,开机屏好,25.0,元/台,,image,糖果.jpg,数码网报价单-0831更新/手机相关/糖果.jpg,1,1.0,visual
20260831-3b4293dcc5a34ba0b1d3-01,2026-08-31,手机,device,糖果,国美,U7mini,,,开机屏坏,25.0,元/台,,image,糖果.jpg,数码网报价单-0831更新/手机相关/糖果.jpg,1,1.0,visual
20260831-cb2985c60432eddd46c4-01,2026-08-31,手机,device,糖果,国美,U7mini,,,不开机,25.0,元/台,,image,糖果.jpg,数码网报价单-0831更新/手机相关/糖果.jpg,1,1.0,visual
20260831-ebcaba57497c6c4e5f5c-01,2026-08-31,手机,device,糖果,国美,U7mini,,,废板-整机,25.0,元/台,,image,糖果.jpg,数码网报价单-0831更新/手机相关/糖果.jpg,1,1.0,visual
20260831-835ae2d8385917ac9ac1-01,2026-08-31,手机,device,糖果,国美,S1,,,开机屏好,30.0,元/台,,image,糖果.jpg,数码网报价单-0831更新/手机相关/糖果.jpg,1,1.0,visual
20260831-b2fe6320669cf306a663-01,2026-08-31,手机,device,糖果,国美,S1,,,开机屏坏,30.0,元/台,,image,糖果.jpg,数码网报价单-0831更新/手机相关/糖果.jpg,1,1.0,visual
20260831-bcc9cd6a7bee6e9dc2c1-01,2026-08-31,手机,device,糖果,国美,S1,,,不开机,30.0,元/台,,image,糖果.jpg,数码网报价单-0831更新/手机相关/糖果.jpg,1,1.0,visual
20260831-9785e829416d56a3d1f0-01,2026-08-31,手机,device,糖果,国美,S1,,,废板-整机,30.0,元/台,,image,糖果.jpg,数码网报价单-0831更新/手机相关/糖果.jpg,1,1.0,visual
20260831-7ac4c45022010ca51ae6-01,2026-08-31,手机,device,糖果,国美,C72,,,开机屏好,30.0,元/台,,image,糖果.jpg,数码网报价单-0831更新/手机相关/糖果.jpg,1,1.0,visual
20260831-c707fa497966da6ee30f-01,2026-08-31,手机,device,糖果,国美,C72,,,开机屏坏,30.0,元/台,,image,糖果.jpg,数码网报价单-0831更新/手机相关/糖果.jpg,1,1.0,visual
20260831-44e6eaac7b5b7ca5629a-01,2026-08-31,手机,device,糖果,国美,C72,,,不开机,30.0,元/台,,image,糖果.jpg,数码网报价单-0831更新/手机相关/糖果.jpg,1,1.0,visual
20260831-0f4fe6674db162dab0eb-01,2026-08-31,手机,device,糖果,国美,C72,,,废板-整机,30.0,元/台,,image,糖果.jpg,数码网报价单-0831更新/手机相关/糖果.jpg,1,1.0,visual
20260831-aef9f892f1348668cd7a-01,2026-08-31,手机,device,美图,V系列,V7,,,开机屏好,70.0,元/台,,image,美图.jpg,数码网报价单-0831更新/手机相关/美图.jpg,1,1.0,visual
20260831-3608415a0f85274ff590-01,2026-08-31,手机,device,美图,V系列,V7,,,开机屏坏,70.0,元/台,,image,美图.jpg,数码网报价单-0831更新/手机相关/美图.jpg,1,1.0,visual
20260831-712f35e712bc392f01b4-01,2026-08-31,手机,device,美图,V系列,V7,,,不开机,70.0,元/台,,image,美图.jpg,数码网报价单-0831更新/手机相关/美图.jpg,1,1.0,visual
20260831-6d36a8dc6e39f94bf903-01,2026-08-31,手机,device,美图,V系列,V7,,,废板-整机,70.0,元/台,,image,美图.jpg,数码网报价单-0831更新/手机相关/美图.jpg,1,1.0,visual
20260831-77c2b7694a31d472a582-01,2026-08-31,手机,device,美图,V系列,V6,,,开机屏好,45.0,元/台,,image,美图.jpg,数码网报价单-0831更新/手机相关/美图.jpg,1,1.0,visual
20260831-1ddf7fd85e7f8460ff14-01,2026-08-31,手机,device,美图,V系列,V6,,,开机屏坏,45.0,元/台,,image,美图.jpg,数码网报价单-0831更新/手机相关/美图.jpg,1,1.0,visual
20260831-80c5b022fa82de9c9dd8-01,2026-08-31,手机,device,美图,V系列,V6,,,不开机,45.0,元/台,,image,美图.jpg,数码网报价单-0831更新/手机相关/美图.jpg,1,1.0,visual
20260831-c406e1875a2d4a92f8ba-01,2026-08-31,手机,device,美图,V系列,V6,,,废板-整机,45.0,元/台,,image,美图.jpg,数码网报价单-0831更新/手机相关/美图.jpg,1,1.0,visual
20260831-4221284e9104f930b51b-01,2026-08-31,手机,device,美图,V系列,V4s,,,开机屏好,25.0,元/台,,image,美图.jpg,数码网报价单-0831更新/手机相关/美图.jpg,1,1.0,visual
20260831-62563578114b64db29d0-01,2026-08-31,手机,device,美图,V系列,V4s,,,开机屏坏,25.0,元/台,,image,美图.jpg,数码网报价单-0831更新/手机相关/美图.jpg,1,1.0,visual
20260831-264bf4ad47061e6d2e06-01,2026-08-31,手机,device,美图,V系列,V4s,,,不开机,25.0,元/台,,image,美图.jpg,数码网报价单-0831更新/手机相关/美图.jpg,1,1.0,visual
20260831-9a2492b106a5e5903647-01,2026-08-31,手机,device,美图,V系列,V4s,,,废板-整机,25.0,元/台,,image,美图.jpg,数码网报价单-0831更新/手机相关/美图.jpg,1,1.0,visual
20260831-936efda362a7a8d70066-01,2026-08-31,手机,device,美图,V系列,V4,,,开机屏好,25.0,元/台,,image,美图.jpg,数码网报价单-0831更新/手机相关/美图.jpg,1,1.0,visual
20260831-b7baafb0f5f9ae3c77bd-01,2026-08-31,手机,device,美图,V系列,V4,,,开机屏坏,25.0,元/台,,image,美图.jpg,数码网报价单-0831更新/手机相关/美图.jpg,1,1.0,visual
20260831-8ba82e2cca417890bd69-01,2026-08-31,手机,device,美图,V系列,V4,,,不开机,25.0,元/台,,image,美图.jpg,数码网报价单-0831更新/手机相关/美图.jpg,1,1.0,visual
20260831-1f3d9b10dd79ae3b215b-01,2026-08-31,手机,device,美图,V系列,V4,,,废板-整机,25.0,元/台,,image,美图.jpg,数码网报价单-0831更新/手机相关/美图.jpg,1,1.0,visual
20260831-2de62787f5b4205d96b7-01,2026-08-31,手机,device,美图,T系列,小T9,,,开机屏好,120.0,元/台,,image,美图.jpg,数码网报价单-0831更新/手机相关/美图.jpg,1,1.0,visual
20260831-eb9496f2a318155f5eb7-01,2026-08-31,手机,device,美图,T系列,小T9,,,开机屏坏,120.0,元/台,,image,美图.jpg,数码网报价单-0831更新/手机相关/美图.jpg,1,1.0,visual
20260831-4044c25abee8135feffc-01,2026-08-31,手机,device,美图,T系列,小T9,,,不开机,120.0,元/台,,image,美图.jpg,数码网报价单-0831更新/手机相关/美图.jpg,1,1.0,visual
20260831-0ebd1ab121be9dcb18f8-01,2026-08-31,手机,device,美图,T系列,小T9,,,废板-整机,120.0,元/台,,image,美图.jpg,数码网报价单-0831更新/手机相关/美图.jpg,1,1.0,visual
20260831-7d0fe4c4f68535a17d0b-01,2026-08-31,手机,device,美图,T系列,T9,,,开机屏好,150.0,元/台,,image,美图.jpg,数码网报价单-0831更新/手机相关/美图.jpg,1,1.0,visual
20260831-1292a26106ccf644a47e-01,2026-08-31,手机,device,美图,T系列,T9,,,开机屏坏,150.0,元/台,,image,美图.jpg,数码网报价单-0831更新/手机相关/美图.jpg,1,1.0,visual
20260831-9bed03895418999b97b5-01,2026-08-31,手机,device,美图,T系列,T9,,,不开机,150.0,元/台,,image,美图.jpg,数码网报价单-0831更新/手机相关/美图.jpg,1,1.0,visual
20260831-0e4c7ea8efee6fe4dc6b-01,2026-08-31,手机,device,美图,T系列,T9,,,废板-整机,150.0,元/台,,image,美图.jpg,数码网报价单-0831更新/手机相关/美图.jpg,1,1.0,visual
20260831-156f485b7d34c689ddb1-01,2026-08-31,手机,device,美图,T系列,T8s,,,开机屏好,75.0,元/台,,image,美图.jpg,数码网报价单-0831更新/手机相关/美图.jpg,1,1.0,visual
20260831-36c6bce168b8dbe4baba-01,2026-08-31,手机,device,美图,T系列,T8s,,,开机屏坏,75.0,元/台,,image,美图.jpg,数码网报价单-0831更新/手机相关/美图.jpg,1,1.0,visual
20260831-f16934e1da24eba9f02d-01,2026-08-31,手机,device,美图,T系列,T8s,,,不开机,75.0,元/台,,image,美图.jpg,数码网报价单-0831更新/手机相关/美图.jpg,1,1.0,visual
20260831-8bd6b2bc47031c385712-01,2026-08-31,手机,device,美图,T系列,T8s,,,废板-整机,75.0,元/台,,image,美图.jpg,数码网报价单-0831更新/手机相关/美图.jpg,1,1.0,visual
20260831-d378e754740602367f42-01,2026-08-31,手机,device,美图,T系列,T8,,,开机屏好,75.0,元/台,,image,美图.jpg,数码网报价单-0831更新/手机相关/美图.jpg,1,1.0,visual
20260831-d0a2816fb986b05219d8-01,2026-08-31,手机,device,美图,T系列,T8,,,开机屏坏,75.0,元/台,,image,美图.jpg,数码网报价单-0831更新/手机相关/美图.jpg,1,1.0,visual
20260831-2e2649b5204a5cf1f4f7-01,2026-08-31,手机,device,美图,T系列,T8,,,不开机,75.0,元/台,,image,美图.jpg,数码网报价单-0831更新/手机相关/美图.jpg,1,1.0,visual
20260831-cbf679592c4470e8179c-01,2026-08-31,手机,device,美图,T系列,T8,,,废板-整机,75.0,元/台,,image,美图.jpg,数码网报价单-0831更新/手机相关/美图.jpg,1,1.0,visual
20260831-3814613bf017c0cd258e-01,2026-08-31,手机,device,美图,M系列,M8s,,,开机屏好,70.0,元/台,,image,美图.jpg,数码网报价单-0831更新/手机相关/美图.jpg,1,1.0,visual
20260831-54a54ed0ad8c1fb5157d-01,2026-08-31,手机,device,美图,M系列,M8s,,,开机屏坏,70.0,元/台,,image,美图.jpg,数码网报价单-0831更新/手机相关/美图.jpg,1,1.0,visual
20260831-56c2c0e69f4ed5c32df4-01,2026-08-31,手机,device,美图,M系列,M8s,,,不开机,70.0,元/台,,image,美图.jpg,数码网报价单-0831更新/手机相关/美图.jpg,1,1.0,visual
20260831-73f42e5afaf80c03e672-01,2026-08-31,手机,device,美图,M系列,M8s,,,废板-整机,70.0,元/台,,image,美图.jpg,数码网报价单-0831更新/手机相关/美图.jpg,1,1.0,visual
20260831-09d4beb3188be594a2f0-01,2026-08-31,手机,device,美图,M系列,M8,,,开机屏好,70.0,元/台,,image,美图.jpg,数码网报价单-0831更新/手机相关/美图.jpg,1,1.0,visual
20260831-ccf1cc1a7d202c33483e-01,2026-08-31,手机,device,美图,M系列,M8,,,开机屏坏,70.0,元/台,,image,美图.jpg,数码网报价单-0831更新/手机相关/美图.jpg,1,1.0,visual
20260831-9fa803dabc16ff5c6c2a-01,2026-08-31,手机,device,美图,M系列,M8,,,不开机,70.0,元/台,,image,美图.jpg,数码网报价单-0831更新/手机相关/美图.jpg,1,1.0,visual
20260831-340c1fe71d726935afa7-01,2026-08-31,手机,device,美图,M系列,M8,,,废板-整机,70.0,元/台,,image,美图.jpg,数码网报价单-0831更新/手机相关/美图.jpg,1,1.0,visual
20260831-b1c8dd1872a7c057eba5-01,2026-08-31,手机,device,美图,M系列,M6s,,,开机屏好,80.0,元/台,,image,美图.jpg,数码网报价单-0831更新/手机相关/美图.jpg,1,1.0,visual
20260831-a63985df875edc8408b0-01,2026-08-31,手机,device,美图,M系列,M6s,,,开机屏坏,80.0,元/台,,image,美图.jpg,数码网报价单-0831更新/手机相关/美图.jpg,1,1.0,visual
20260831-eeb3ac7e79a21f4c9725-01,2026-08-31,手机,device,美图,M系列,M6s,,,不开机,80.0,元/台,,image,美图.jpg,数码网报价单-0831更新/手机相关/美图.jpg,1,1.0,visual
20260831-df76f1b6800ab2ea1e30-01,2026-08-31,手机,device,美图,M系列,M6s,,,废板-整机,80.0,元/台,,image,美图.jpg,数码网报价单-0831更新/手机相关/美图.jpg,1,1.0,visual
20260831-f80e681dc13801c15c4a-01,2026-08-31,手机,device,美图,M系列,M6,,,开机屏好,80.0,元/台,,image,美图.jpg,数码网报价单-0831更新/手机相关/美图.jpg,1,1.0,visual
20260831-748c515f88e88d210f37-01,2026-08-31,手机,device,美图,M系列,M6,,,开机屏坏,80.0,元/台,,image,美图.jpg,数码网报价单-0831更新/手机相关/美图.jpg,1,1.0,visual
20260831-b9920dd447eebca5592f-01,2026-08-31,手机,device,美图,M系列,M6,,,不开机,80.0,元/台,,image,美图.jpg,数码网报价单-0831更新/手机相关/美图.jpg,1,1.0,visual
20260831-c65c8903a23ed223968f-01,2026-08-31,手机,device,美图,M系列,M6,,,废板-整机,80.0,元/台,,image,美图.jpg,数码网报价单-0831更新/手机相关/美图.jpg,1,1.0,visual
20260831-79bdbb77fae5b6ce0295-01,2026-08-31,手机,device,美图,M系列,M4s,,,开机屏好,25.0,元/台,,image,美图.jpg,数码网报价单-0831更新/手机相关/美图.jpg,1,1.0,visual
20260831-038767fbff3539ab44ff-01,2026-08-31,手机,device,美图,M系列,M4s,,,开机屏坏,25.0,元/台,,image,美图.jpg,数码网报价单-0831更新/手机相关/美图.jpg,1,1.0,visual
20260831-d36ec5917d7251adf884-01,2026-08-31,手机,device,美图,M系列,M4s,,,不开机,25.0,元/台,,image,美图.jpg,数码网报价单-0831更新/手机相关/美图.jpg,1,1.0,visual
20260831-156fc320d932cb027016-01,2026-08-31,手机,device,美图,M系列,M4s,,,废板-整机,25.0,元/台,,image,美图.jpg,数码网报价单-0831更新/手机相关/美图.jpg,1,1.0,visual
20260831-6883a5f952eeee54e96f-01,2026-08-31,手机,device,美图,M系列,M4,,,开机屏好,25.0,元/台,,image,美图.jpg,数码网报价单-0831更新/手机相关/美图.jpg,1,1.0,visual
20260831-5ed99beb8486186d44fa-01,2026-08-31,手机,device,美图,M系列,M4,,,开机屏坏,25.0,元/台,,image,美图.jpg,数码网报价单-0831更新/手机相关/美图.jpg,1,1.0,visual
20260831-c38bf49233f4d58966f8-01,2026-08-31,手机,device,美图,M系列,M4,,,不开机,25.0,元/台,,image,美图.jpg,数码网报价单-0831更新/手机相关/美图.jpg,1,1.0,visual
20260831-df52d69ca7fb05df681c-01,2026-08-31,手机,device,美图,M系列,M4,,,废板-整机,25.0,元/台,,image,美图.jpg,数码网报价单-0831更新/手机相关/美图.jpg,1,1.0,visual
20260831-eccb0303cde53402d7bd-01,2026-08-31,手机,device,美图,M系列,M2,,,开机屏好,20.0,元/台,,image,美图.jpg,数码网报价单-0831更新/手机相关/美图.jpg,1,1.0,visual
20260831-6cb782ef3b2883c8c0c7-01,2026-08-31,手机,device,美图,M系列,M2,,,开机屏坏,20.0,元/台,,image,美图.jpg,数码网报价单-0831更新/手机相关/美图.jpg,1,1.0,visual
20260831-9ed1d1032580bb0ba16f-01,2026-08-31,手机,device,美图,M系列,M2,,,不开机,20.0,元/台,,image,美图.jpg,数码网报价单-0831更新/手机相关/美图.jpg,1,1.0,visual
20260831-dbb5f3088c70e6cfab92-01,2026-08-31,手机,device,美图,M系列,M2,,,废板-整机,20.0,元/台,,image,美图.jpg,数码网报价单-0831更新/手机相关/美图.jpg,1,1.0,visual
20260831-3e793b2bb58017609011-01,2026-08-31,手机,device,锤子,,锤子Pro3,,,开机屏好,110.0,元/台,,image,锤子.jpg,数码网报价单-0831更新/手机相关/锤子.jpg,1,1.0,visual
20260831-a5afb47b5993b6c6572a-01,2026-08-31,手机,device,锤子,,锤子Pro3,,,开机屏坏,110.0,元/台,,image,锤子.jpg,数码网报价单-0831更新/手机相关/锤子.jpg,1,1.0,visual
20260831-f3a681e8bce9f04c7188-01,2026-08-31,手机,device,锤子,,锤子Pro3,,,不开机,110.0,元/台,,image,锤子.jpg,数码网报价单-0831更新/手机相关/锤子.jpg,1,1.0,visual
20260831-efa8d6f8a00edabba503-01,2026-08-31,手机,device,锤子,,锤子Pro3,,,废板-整机,110.0,元/台,,image,锤子.jpg,数码网报价单-0831更新/手机相关/锤子.jpg,1,1.0,visual
20260831-075067af04e885219e31-01,2026-08-31,手机,device,锤子,,坚果R2,,,开机屏好,180.0,元/台,,image,锤子.jpg,数码网报价单-0831更新/手机相关/锤子.jpg,1,1.0,visual
20260831-96e8051200377b0b7542-01,2026-08-31,手机,device,锤子,,坚果R2,,,开机屏坏,150.0,元/台,,image,锤子.jpg,数码网报价单-0831更新/手机相关/锤子.jpg,1,1.0,visual
20260831-f318753b6bc666a5b54c-01,2026-08-31,手机,device,锤子,,坚果R2,,,不开机,110.0,元/台,,image,锤子.jpg,数码网报价单-0831更新/手机相关/锤子.jpg,1,1.0,visual
20260831-97247303cbb19f2d3e7c-01,2026-08-31,手机,device,锤子,,坚果R2,,,废板-整机,110.0,元/台,,image,锤子.jpg,数码网报价单-0831更新/手机相关/锤子.jpg,1,1.0,visual
20260831-0f85946ad01448e10388-01,2026-08-31,手机,device,锤子,,锤子Pro2s,,,开机屏好,90.0,元/台,,image,锤子.jpg,数码网报价单-0831更新/手机相关/锤子.jpg,1,1.0,visual
20260831-e2dd65e26fecb82f9060-01,2026-08-31,手机,device,锤子,,锤子Pro2s,,,开机屏坏,90.0,元/台,,image,锤子.jpg,数码网报价单-0831更新/手机相关/锤子.jpg,1,1.0,visual
20260831-7981d6c108a9fb76067a-01,2026-08-31,手机,device,锤子,,锤子Pro2s,,,不开机,90.0,元/台,,image,锤子.jpg,数码网报价单-0831更新/手机相关/锤子.jpg,1,1.0,visual
20260831-a6328a9b5fd85f3c6d60-01,2026-08-31,手机,device,锤子,,锤子Pro2s,,,废板-整机,90.0,元/台,,image,锤子.jpg,数码网报价单-0831更新/手机相关/锤子.jpg,1,1.0,visual
20260831-8d53fa955fa1e9c97097-01,2026-08-31,手机,device,锤子,,R1,,,开机屏好,90.0,元/台,,image,锤子.jpg,数码网报价单-0831更新/手机相关/锤子.jpg,1,1.0,visual
20260831-59f9aa767b53bcd46ceb-01,2026-08-31,手机,device,锤子,,R1,,,开机屏坏,90.0,元/台,,image,锤子.jpg,数码网报价单-0831更新/手机相关/锤子.jpg,1,1.0,visual
20260831-90b106dda7c35cbf9a86-01,2026-08-31,手机,device,锤子,,R1,,,不开机,90.0,元/台,,image,锤子.jpg,数码网报价单-0831更新/手机相关/锤子.jpg,1,1.0,visual
20260831-2d6181f95a7dad021305-01,2026-08-31,手机,device,锤子,,R1,,,废板-整机,90.0,元/台,,image,锤子.jpg,数码网报价单-0831更新/手机相关/锤子.jpg,1,1.0,visual
20260831-7fae3c9b417f15598091-01,2026-08-31,手机,device,锤子,,坚果Pro3,,,开机屏好,110.0,元/台,,image,锤子.jpg,数码网报价单-0831更新/手机相关/锤子.jpg,1,1.0,visual
20260831-a3b1994b345a37be1eb5-01,2026-08-31,手机,device,锤子,,坚果Pro3,,,开机屏坏,110.0,元/台,,image,锤子.jpg,数码网报价单-0831更新/手机相关/锤子.jpg,1,1.0,visual
20260831-3d4d3b78906bd0db6310-01,2026-08-31,手机,device,锤子,,坚果Pro3,,,不开机,110.0,元/台,,image,锤子.jpg,数码网报价单-0831更新/手机相关/锤子.jpg,1,1.0,visual
20260831-69df928b339cdebd95a5-01,2026-08-31,手机,device,锤子,,坚果Pro3,,,废板-整机,110.0,元/台,,image,锤子.jpg,数码网报价单-0831更新/手机相关/锤子.jpg,1,1.0,visual
20260831-c7786a956df5a10676de-01,2026-08-31,手机,device,锤子,,坚果3,,,开机屏好,90.0,元/台,,image,锤子.jpg,数码网报价单-0831更新/手机相关/锤子.jpg,1,1.0,visual
20260831-17f5281267bee50f20b4-01,2026-08-31,手机,device,锤子,,坚果3,,,开机屏坏,90.0,元/台,,image,锤子.jpg,数码网报价单-0831更新/手机相关/锤子.jpg,1,1.0,visual
20260831-51ae76091f98d295d64c-01,2026-08-31,手机,device,锤子,,坚果3,,,不开机,90.0,元/台,,image,锤子.jpg,数码网报价单-0831更新/手机相关/锤子.jpg,1,1.0,visual
20260831-e8e5909fca9e5dab7e5c-01,2026-08-31,手机,device,锤子,,坚果3,,,废板-整机,90.0,元/台,,image,锤子.jpg,数码网报价单-0831更新/手机相关/锤子.jpg,1,1.0,visual
20260831-8325147c398540a43a95-01,2026-08-31,手机,device,锤子,,坚果2,,,开机屏好,90.0,元/台,,image,锤子.jpg,数码网报价单-0831更新/手机相关/锤子.jpg,1,1.0,visual
20260831-f16b5ac685b2c597e930-01,2026-08-31,手机,device,锤子,,坚果2,,,开机屏坏,90.0,元/台,,image,锤子.jpg,数码网报价单-0831更新/手机相关/锤子.jpg,1,1.0,visual
20260831-ff9074e59adbc230120a-01,2026-08-31,手机,device,锤子,,坚果2,,,不开机,90.0,元/台,,image,锤子.jpg,数码网报价单-0831更新/手机相关/锤子.jpg,1,1.0,visual
20260831-c0f452f025aa23006cad-01,2026-08-31,手机,device,锤子,,坚果2,,,废板-整机,90.0,元/台,,image,锤子.jpg,数码网报价单-0831更新/手机相关/锤子.jpg,1,1.0,visual
20260831-37e114f401db954428c1-01,2026-08-31,手机,device,锤子,,锤子Pro2,,,开机屏好,90.0,元/台,,image,锤子.jpg,数码网报价单-0831更新/手机相关/锤子.jpg,1,1.0,visual
20260831-bac099e3e0c83fff03eb-01,2026-08-31,手机,device,锤子,,锤子Pro2,,,开机屏坏,90.0,元/台,,image,锤子.jpg,数码网报价单-0831更新/手机相关/锤子.jpg,1,1.0,visual
20260831-3f7eb721424dfce7a47f-01,2026-08-31,手机,device,锤子,,锤子Pro2,,,不开机,90.0,元/台,,image,锤子.jpg,数码网报价单-0831更新/手机相关/锤子.jpg,1,1.0,visual
20260831-4c659beaeec3d4f8df83-01,2026-08-31,手机,device,锤子,,锤子Pro2,,,废板-整机,90.0,元/台,,image,锤子.jpg,数码网报价单-0831更新/手机相关/锤子.jpg,1,1.0,visual
20260831-252c16cae58c3c6aa0f2-01,2026-08-31,手机,device,锤子,,锤子Pro,,,开机屏好,90.0,元/台,,image,锤子.jpg,数码网报价单-0831更新/手机相关/锤子.jpg,1,1.0,visual
20260831-544c586166399ec51216-01,2026-08-31,手机,device,锤子,,锤子Pro,,,开机屏坏,90.0,元/台,,image,锤子.jpg,数码网报价单-0831更新/手机相关/锤子.jpg,1,1.0,visual
20260831-67cbf4a591e4b3267706-01,2026-08-31,手机,device,锤子,,锤子Pro,,,不开机,90.0,元/台,,image,锤子.jpg,数码网报价单-0831更新/手机相关/锤子.jpg,1,1.0,visual
20260831-7563bd87e691db4ade68-01,2026-08-31,手机,device,锤子,,锤子Pro,,,废板-整机,90.0,元/台,,image,锤子.jpg,数码网报价单-0831更新/手机相关/锤子.jpg,1,1.0,visual
20260831-458a2443c2a52bf8bd46-01,2026-08-31,手机,device,锤子,,坚果3 64,,,开机屏好,90.0,元/台,,image,锤子.jpg,数码网报价单-0831更新/手机相关/锤子.jpg,1,1.0,visual
20260831-122c55d8215331fcbb84-01,2026-08-31,手机,device,锤子,,坚果3 64,,,开机屏坏,90.0,元/台,,image,锤子.jpg,数码网报价单-0831更新/手机相关/锤子.jpg,1,1.0,visual
20260831-068c39b0c06f200609c9-01,2026-08-31,手机,device,锤子,,坚果3 64,,,不开机,90.0,元/台,,image,锤子.jpg,数码网报价单-0831更新/手机相关/锤子.jpg,1,1.0,visual
20260831-565d0e0fc26b1487fe4d-01,2026-08-31,手机,device,锤子,,坚果3 64,,,废板-整机,90.0,元/台,,image,锤子.jpg,数码网报价单-0831更新/手机相关/锤子.jpg,1,1.0,visual
20260831-7aa4f3323b90cc31ebd2-01,2026-08-31,手机,device,锤子,,坚果3 128,,,开机屏好,90.0,元/台,,image,锤子.jpg,数码网报价单-0831更新/手机相关/锤子.jpg,1,1.0,visual
20260831-8fdd9c5823e0bf6348ed-01,2026-08-31,手机,device,锤子,,坚果3 128,,,开机屏坏,90.0,元/台,,image,锤子.jpg,数码网报价单-0831更新/手机相关/锤子.jpg,1,1.0,visual
20260831-79aca9cc75a636cf216e-01,2026-08-31,手机,device,锤子,,坚果3 128,,,不开机,90.0,元/台,,image,锤子.jpg,数码网报价单-0831更新/手机相关/锤子.jpg,1,1.0,visual
20260831-684737b4c51b2f79802e-01,2026-08-31,手机,device,锤子,,坚果3 128,,,废板-整机,90.0,元/台,,image,锤子.jpg,数码网报价单-0831更新/手机相关/锤子.jpg,1,1.0,visual
20260831-18fa2e4cadc0d5a7ed20-01,2026-08-31,手机,device,锤子,,锤子M1,,,开机屏好,25.0,元/台,,image,锤子.jpg,数码网报价单-0831更新/手机相关/锤子.jpg,1,1.0,visual
20260831-32cfb4228189892bc4dd-01,2026-08-31,手机,device,锤子,,锤子M1,,,开机屏坏,25.0,元/台,,image,锤子.jpg,数码网报价单-0831更新/手机相关/锤子.jpg,1,1.0,visual
20260831-d31aa14be39286f5f5d3-01,2026-08-31,手机,device,锤子,,锤子M1,,,不开机,25.0,元/台,,image,锤子.jpg,数码网报价单-0831更新/手机相关/锤子.jpg,1,1.0,visual
20260831-99444727d06c675dae11-01,2026-08-31,手机,device,锤子,,锤子M1,,,废板-整机,25.0,元/台,,image,锤子.jpg,数码网报价单-0831更新/手机相关/锤子.jpg,1,1.0,visual
20260831-df3bb1e567fff71db500-01,2026-08-31,手机,device,锤子,,坚果,,,开机屏好,25.0,元/台,,image,锤子.jpg,数码网报价单-0831更新/手机相关/锤子.jpg,1,1.0,visual
20260831-b018dc96ca43fed1f69c-01,2026-08-31,手机,device,锤子,,坚果,,,开机屏坏,25.0,元/台,,image,锤子.jpg,数码网报价单-0831更新/手机相关/锤子.jpg,1,1.0,visual
20260831-49ab64b41e58b51eb180-01,2026-08-31,手机,device,锤子,,坚果,,,不开机,25.0,元/台,,image,锤子.jpg,数码网报价单-0831更新/手机相关/锤子.jpg,1,1.0,visual
20260831-5a1e244d44f262869b1d-01,2026-08-31,手机,device,锤子,,坚果,,,废板-整机,25.0,元/台,,image,锤子.jpg,数码网报价单-0831更新/手机相关/锤子.jpg,1,1.0,visual
20260831-1707abe33697e318430c-01,2026-08-31,手机,device,锤子,,锤子T2,,,开机屏好,20.0,元/台,,image,锤子.jpg,数码网报价单-0831更新/手机相关/锤子.jpg,1,1.0,visual
20260831-ae1e05ee8f7ea437aa18-01,2026-08-31,手机,device,锤子,,锤子T2,,,开机屏坏,20.0,元/台,,image,锤子.jpg,数码网报价单-0831更新/手机相关/锤子.jpg,1,1.0,visual
20260831-7fdfd33d9c32ac9fd1e1-01,2026-08-31,手机,device,锤子,,锤子T2,,,不开机,20.0,元/台,,image,锤子.jpg,数码网报价单-0831更新/手机相关/锤子.jpg,1,1.0,visual
20260831-5f91927b62a8590bc704-01,2026-08-31,手机,device,锤子,,锤子T2,,,废板-整机,20.0,元/台,,image,锤子.jpg,数码网报价单-0831更新/手机相关/锤子.jpg,1,1.0,visual
20260831-486217200b64788fc224-01,2026-08-31,手机,device,锤子,,锤子T1,,,开机屏好,20.0,元/台,,image,锤子.jpg,数码网报价单-0831更新/手机相关/锤子.jpg,1,1.0,visual
20260831-b866b08d0a8be2d4015d-01,2026-08-31,手机,device,锤子,,锤子T1,,,开机屏坏,20.0,元/台,,image,锤子.jpg,数码网报价单-0831更新/手机相关/锤子.jpg,1,1.0,visual
20260831-ced83763d003d561cc66-01,2026-08-31,手机,device,锤子,,锤子T1,,,不开机,20.0,元/台,,image,锤子.jpg,数码网报价单-0831更新/手机相关/锤子.jpg,1,1.0,visual
20260831-2836d79458fbd9a81aec-01,2026-08-31,手机,device,锤子,,锤子T1,,,废板-整机,20.0,元/台,,image,锤子.jpg,数码网报价单-0831更新/手机相关/锤子.jpg,1,1.0,visual
20260831-757b18f7b270d850c7ff-01,2026-08-31,手机,device,步步高,,Imoo geet,,,开机屏好,30.0,元/台,123,image,黑莓.jpg,数码网报价单-0831更新/手机相关/黑莓.jpg,1,1.0,visual
20260831-7efde9a0f26702162e52-01,2026-08-31,手机,device,步步高,,Imoo geet,,,开机屏坏,30.0,元/台,123,image,黑莓.jpg,数码网报价单-0831更新/手机相关/黑莓.jpg,1,1.0,visual
20260831-1a8d03a5fe64aa8b3609-01,2026-08-31,手机,device,步步高,,Imoo geet,,,不开机,30.0,元/台,123,image,黑莓.jpg,数码网报价单-0831更新/手机相关/黑莓.jpg,1,1.0,visual
20260831-7219af72ca9bf269bca9-01,2026-08-31,手机,device,步步高,,Imoo geet,,,废板-整机,30.0,元/台,123,image,黑莓.jpg,数码网报价单-0831更新/手机相关/黑莓.jpg,1,1.0,visual
20260831-1c8bac48eef16a02becf-01,2026-08-31,手机,device,步步高,,Imoo c1,,,开机屏好,30.0,元/台,123,image,黑莓.jpg,数码网报价单-0831更新/手机相关/黑莓.jpg,1,1.0,visual
20260831-23c45a445db21eaa7232-01,2026-08-31,手机,device,步步高,,Imoo c1,,,开机屏坏,30.0,元/台,123,image,黑莓.jpg,数码网报价单-0831更新/手机相关/黑莓.jpg,1,1.0,visual
20260831-a6e9e7d638ca6bbb0a13-01,2026-08-31,手机,device,步步高,,Imoo c1,,,不开机,30.0,元/台,123,image,黑莓.jpg,数码网报价单-0831更新/手机相关/黑莓.jpg,1,1.0,visual
20260831-6cb907148142b4f2c801-01,2026-08-31,手机,device,步步高,,Imoo c1,,,废板-整机,30.0,元/台,123,image,黑莓.jpg,数码网报价单-0831更新/手机相关/黑莓.jpg,1,1.0,visual
20260831-01b7b0d9878d31c91441-01,2026-08-31,手机,device,乐视,,X900/乐max,,,开机屏好,45,元/台,【备注一】不带屏当废板,image,乐视.jpg,数码网报价单-0831更新/手机相关/乐视.jpg,1,1.0,visual
20260831-793f504f7c411c443636-01,2026-08-31,手机,device,乐视,,X900/乐max,,,开机屏坏,45,元/台,【备注一】不带屏当废板,image,乐视.jpg,数码网报价单-0831更新/手机相关/乐视.jpg,1,1.0,visual
20260831-021d9f2a2314130668c6-01,2026-08-31,手机,device,乐视,,X900/乐max,,,不开机,45,元/台,【备注一】不带屏当废板,image,乐视.jpg,数码网报价单-0831更新/手机相关/乐视.jpg,1,1.0,visual
20260831-38aaf2ea71f48c3a79f1-01,2026-08-31,手机,device,乐视,,X900/乐max,,,废板-整机,45,元/台,【备注一】不带屏当废板,image,乐视.jpg,数码网报价单-0831更新/手机相关/乐视.jpg,1,1.0,visual
20260831-14649a5dfdb704cdad0a-01,2026-08-31,手机,device,乐视,,X820,,,开机屏好,45,元/台,详见备注一,image,乐视.jpg,数码网报价单-0831更新/手机相关/乐视.jpg,1,1.0,visual
20260831-00297075cecb9c21fd30-01,2026-08-31,手机,device,乐视,,X820,,,开机屏坏,45,元/台,详见备注一,image,乐视.jpg,数码网报价单-0831更新/手机相关/乐视.jpg,1,1.0,visual
20260831-1ea92be9da90a89bfa63-01,2026-08-31,手机,device,乐视,,X820,,,不开机,45,元/台,详见备注一,image,乐视.jpg,数码网报价单-0831更新/手机相关/乐视.jpg,1,1.0,visual
20260831-da5feb776ab580f50d22-01,2026-08-31,手机,device,乐视,,X820,,,废板-整机,45,元/台,详见备注一,image,乐视.jpg,数码网报价单-0831更新/手机相关/乐视.jpg,1,1.0,visual
20260831-05d989127566d8eef7af-01,2026-08-31,手机,device,乐视,,X800/乐1pro,,,开机屏好,45,元/台,详见备注一,image,乐视.jpg,数码网报价单-0831更新/手机相关/乐视.jpg,1,1.0,visual
20260831-649e8c40f82833bb7980-01,2026-08-31,手机,device,乐视,,X800/乐1pro,,,开机屏坏,45,元/台,详见备注一,image,乐视.jpg,数码网报价单-0831更新/手机相关/乐视.jpg,1,1.0,visual
20260831-4ca5503c8d212570265b-01,2026-08-31,手机,device,乐视,,X800/乐1pro,,,不开机,45,元/台,详见备注一,image,乐视.jpg,数码网报价单-0831更新/手机相关/乐视.jpg,1,1.0,visual
20260831-0235b10a05de3bdb32c3-01,2026-08-31,手机,device,乐视,,X800/乐1pro,,,废板-整机,45,元/台,详见备注一,image,乐视.jpg,数码网报价单-0831更新/手机相关/乐视.jpg,1,1.0,visual
20260831-803fb39aba53aa15d772-01,2026-08-31,手机,device,乐视,,X720,,,开机屏好,45,元/台,详见备注一,image,乐视.jpg,数码网报价单-0831更新/手机相关/乐视.jpg,1,1.0,visual
20260831-e6985cf343b0578cb628-01,2026-08-31,手机,device,乐视,,X720,,,开机屏坏,45,元/台,详见备注一,image,乐视.jpg,数码网报价单-0831更新/手机相关/乐视.jpg,1,1.0,visual
20260831-a2f9f1b9f6f7d754c37b-01,2026-08-31,手机,device,乐视,,X720,,,不开机,45,元/台,详见备注一,image,乐视.jpg,数码网报价单-0831更新/手机相关/乐视.jpg,1,1.0,visual
20260831-54cfa68a4377a644125f-01,2026-08-31,手机,device,乐视,,X720,,,废板-整机,45,元/台,详见备注一,image,乐视.jpg,数码网报价单-0831更新/手机相关/乐视.jpg,1,1.0,visual
20260831-229ec206018d08271421-01,2026-08-31,手机,device,乐视,,X626,,,开机屏好,45,元/台,详见备注一,image,乐视.jpg,数码网报价单-0831更新/手机相关/乐视.jpg,1,1.0,visual
20260831-5c30f087a6121cccada1-01,2026-08-31,手机,device,乐视,,X626,,,开机屏坏,45,元/台,详见备注一,image,乐视.jpg,数码网报价单-0831更新/手机相关/乐视.jpg,1,1.0,visual
20260831-bf5cde84cabdf7d1b261-01,2026-08-31,手机,device,乐视,,X626,,,不开机,45,元/台,详见备注一,image,乐视.jpg,数码网报价单-0831更新/手机相关/乐视.jpg,1,1.0,visual
20260831-41b5083fd548c3d1c86d-01,2026-08-31,手机,device,乐视,,X626,,,废板-整机,45,元/台,详见备注一,image,乐视.jpg,数码网报价单-0831更新/手机相关/乐视.jpg,1,1.0,visual
20260831-f7a608be63e2105d2410-01,2026-08-31,手机,device,乐视,,X625,,,开机屏好,45,元/台,详见备注一,image,乐视.jpg,数码网报价单-0831更新/手机相关/乐视.jpg,1,1.0,visual
20260831-5dba0642780eed1c4848-01,2026-08-31,手机,device,乐视,,X625,,,开机屏坏,45,元/台,详见备注一,image,乐视.jpg,数码网报价单-0831更新/手机相关/乐视.jpg,1,1.0,visual
20260831-2e87c5fd1709a5b4dffa-01,2026-08-31,手机,device,乐视,,X625,,,不开机,45,元/台,详见备注一,image,乐视.jpg,数码网报价单-0831更新/手机相关/乐视.jpg,1,1.0,visual
20260831-8acccd9249f2b1e8c5a0-01,2026-08-31,手机,device,乐视,,X625,,,废板-整机,45,元/台,详见备注一,image,乐视.jpg,数码网报价单-0831更新/手机相关/乐视.jpg,1,1.0,visual
20260831-59b20b36d6c70786d194-01,2026-08-31,手机,device,乐视,,X622,,,开机屏好,45,元/台,详见备注一,image,乐视.jpg,数码网报价单-0831更新/手机相关/乐视.jpg,1,1.0,visual
20260831-312f70e7a818915226a0-01,2026-08-31,手机,device,乐视,,X622,,,开机屏坏,45,元/台,详见备注一,image,乐视.jpg,数码网报价单-0831更新/手机相关/乐视.jpg,1,1.0,visual
20260831-5fa66630933a347ed68b-01,2026-08-31,手机,device,乐视,,X622,,,不开机,45,元/台,详见备注一,image,乐视.jpg,数码网报价单-0831更新/手机相关/乐视.jpg,1,1.0,visual
20260831-01c9a378d9828d6d5858-01,2026-08-31,手机,device,乐视,,X622,,,废板-整机,45,元/台,详见备注一,image,乐视.jpg,数码网报价单-0831更新/手机相关/乐视.jpg,1,1.0,visual
20260831-66d728c0b93b9d69451d-01,2026-08-31,手机,device,乐视,,X621,,,开机屏好,45,元/台,详见备注一,image,乐视.jpg,数码网报价单-0831更新/手机相关/乐视.jpg,1,1.0,visual
20260831-c5461cfd8249f3bac71a-01,2026-08-31,手机,device,乐视,,X621,,,开机屏坏,45,元/台,详见备注一,image,乐视.jpg,数码网报价单-0831更新/手机相关/乐视.jpg,1,1.0,visual
20260831-4fe5b036f44ac15fec87-01,2026-08-31,手机,device,乐视,,X621,,,不开机,45,元/台,详见备注一,image,乐视.jpg,数码网报价单-0831更新/手机相关/乐视.jpg,1,1.0,visual
20260831-6dd3b0dd2fc00d763759-01,2026-08-31,手机,device,乐视,,X621,,,废板-整机,45,元/台,详见备注一,image,乐视.jpg,数码网报价单-0831更新/手机相关/乐视.jpg,1,1.0,visual
20260831-4f5ce288f719e115860d-01,2026-08-31,手机,device,乐视,,X620pro/乐视2Pro,,,开机屏好,45,元/台,详见备注一,image,乐视.jpg,数码网报价单-0831更新/手机相关/乐视.jpg,1,1.0,visual
20260831-ebab8043985d68664b04-01,2026-08-31,手机,device,乐视,,X620pro/乐视2Pro,,,开机屏坏,45,元/台,详见备注一,image,乐视.jpg,数码网报价单-0831更新/手机相关/乐视.jpg,1,1.0,visual
20260831-52acc2468acaaa918ff4-01,2026-08-31,手机,device,乐视,,X620pro/乐视2Pro,,,不开机,45,元/台,详见备注一,image,乐视.jpg,数码网报价单-0831更新/手机相关/乐视.jpg,1,1.0,visual
20260831-1a158cf8204dc792de8c-01,2026-08-31,手机,device,乐视,,X620pro/乐视2Pro,,,废板-整机,45,元/台,详见备注一,image,乐视.jpg,数码网报价单-0831更新/手机相关/乐视.jpg,1,1.0,visual
20260831-6e31e668a52c9e3f7e45-01,2026-08-31,手机,device,乐视,,X620/乐视2,,,开机屏好,45,元/台,详见备注一,image,乐视.jpg,数码网报价单-0831更新/手机相关/乐视.jpg,1,1.0,visual
20260831-2bc86130e9968a33e482-01,2026-08-31,手机,device,乐视,,X620/乐视2,,,开机屏坏,45,元/台,详见备注一,image,乐视.jpg,数码网报价单-0831更新/手机相关/乐视.jpg,1,1.0,visual
20260831-f17c7f39e0aadbb3f37f-01,2026-08-31,手机,device,乐视,,X620/乐视2,,,不开机,45,元/台,详见备注一,image,乐视.jpg,数码网报价单-0831更新/手机相关/乐视.jpg,1,1.0,visual
20260831-f1816bff132e92a41ca2-01,2026-08-31,手机,device,乐视,,X620/乐视2,,,废板-整机,45,元/台,详见备注一,image,乐视.jpg,数码网报价单-0831更新/手机相关/乐视.jpg,1,1.0,visual
20260831-e1919635adf7a61d9c60-01,2026-08-31,手机,device,乐视,,X600,,,开机屏好,35,元/台,详见备注一,image,乐视.jpg,数码网报价单-0831更新/手机相关/乐视.jpg,1,1.0,visual
20260831-1be5ba8575e2fdc04383-01,2026-08-31,手机,device,乐视,,X600,,,开机屏坏,35,元/台,详见备注一,image,乐视.jpg,数码网报价单-0831更新/手机相关/乐视.jpg,1,1.0,visual
20260831-aa361c1d3f6abfd92995-01,2026-08-31,手机,device,乐视,,X600,,,不开机,35,元/台,详见备注一,image,乐视.jpg,数码网报价单-0831更新/手机相关/乐视.jpg,1,1.0,visual
20260831-8f7c49c1a083e0c8c9c2-01,2026-08-31,手机,device,乐视,,X600,,,废板-整机,35,元/台,详见备注一,image,乐视.jpg,数码网报价单-0831更新/手机相关/乐视.jpg,1,1.0,visual
20260831-8ecba81fb84eb9326d86-01,2026-08-31,手机,device,乐视,,X528,,,开机屏好,45,元/台,详见备注一,image,乐视.jpg,数码网报价单-0831更新/手机相关/乐视.jpg,1,1.0,visual
20260831-f96964b63a41225fd60c-01,2026-08-31,手机,device,乐视,,X528,,,开机屏坏,45,元/台,详见备注一,image,乐视.jpg,数码网报价单-0831更新/手机相关/乐视.jpg,1,1.0,visual
20260831-fa6d6fcb50aacd4437d9-01,2026-08-31,手机,device,乐视,,X528,,,不开机,45,元/台,详见备注一,image,乐视.jpg,数码网报价单-0831更新/手机相关/乐视.jpg,1,1.0,visual
20260831-b5747691fe8f4c01f7d6-01,2026-08-31,手机,device,乐视,,X528,,,废板-整机,45,元/台,详见备注一,image,乐视.jpg,数码网报价单-0831更新/手机相关/乐视.jpg,1,1.0,visual
20260831-b97d3d270f41736b95ce-01,2026-08-31,手机,device,乐视,,X520,,,开机屏好,45,元/台,详见备注一,image,乐视.jpg,数码网报价单-0831更新/手机相关/乐视.jpg,1,1.0,visual
20260831-bc8bff3acea02b2038c9-01,2026-08-31,手机,device,乐视,,X520,,,开机屏坏,45,元/台,详见备注一,image,乐视.jpg,数码网报价单-0831更新/手机相关/乐视.jpg,1,1.0,visual
20260831-221f1942e22d49502d0e-01,2026-08-31,手机,device,乐视,,X520,,,不开机,45,元/台,详见备注一,image,乐视.jpg,数码网报价单-0831更新/手机相关/乐视.jpg,1,1.0,visual
20260831-c50b8efdcd598b2c4e05-01,2026-08-31,手机,device,乐视,,X520,,,废板-整机,45,元/台,详见备注一,image,乐视.jpg,数码网报价单-0831更新/手机相关/乐视.jpg,1,1.0,visual
20260831-3486ed408a7edda76f27-01,2026-08-31,手机,device,乐视,,X500/乐视1s,,,开机屏好,35,元/台,详见备注一,image,乐视.jpg,数码网报价单-0831更新/手机相关/乐视.jpg,1,1.0,visual
20260831-26b4ac186f85eb68341e-01,2026-08-31,手机,device,乐视,,X500/乐视1s,,,开机屏坏,35,元/台,详见备注一,image,乐视.jpg,数码网报价单-0831更新/手机相关/乐视.jpg,1,1.0,visual
20260831-c37bfe06b4e7230acd1a-01,2026-08-31,手机,device,乐视,,X500/乐视1s,,,不开机,35,元/台,详见备注一,image,乐视.jpg,数码网报价单-0831更新/手机相关/乐视.jpg,1,1.0,visual
20260831-a399d88bbd0bc8657a85-01,2026-08-31,手机,device,乐视,,X500/乐视1s,,,废板-整机,35,元/台,详见备注一,image,乐视.jpg,数码网报价单-0831更新/手机相关/乐视.jpg,1,1.0,visual
20260831-c1dd6a5290757621be21-01,2026-08-31,手机,device,摩托罗拉,G系列,G30,,,开机屏好,130,元/台,,image,摩托罗拉.jpg,数码网报价单-0831更新/手机相关/摩托罗拉.jpg,1,1.0,visual
20260831-663e99f88dacef2f2c9c-01,2026-08-31,手机,device,摩托罗拉,G系列,G30,,,开机屏坏,130,元/台,,image,摩托罗拉.jpg,数码网报价单-0831更新/手机相关/摩托罗拉.jpg,1,1.0,visual
20260831-0daee8675f99970694b4-01,2026-08-31,手机,device,摩托罗拉,G系列,G30,,,不开机,130,元/台,,image,摩托罗拉.jpg,数码网报价单-0831更新/手机相关/摩托罗拉.jpg,1,1.0,visual
20260831-511a2f29bade682c7982-01,2026-08-31,手机,device,摩托罗拉,G系列,G30,,,废板-整机,130,元/台,,image,摩托罗拉.jpg,数码网报价单-0831更新/手机相关/摩托罗拉.jpg,1,1.0,visual
20260831-a94730f4f1b75739cf7b-01,2026-08-31,手机,device,摩托罗拉,G系列,S50 Neo,,,开机屏好,300,元/台,,image,摩托罗拉.jpg,数码网报价单-0831更新/手机相关/摩托罗拉.jpg,1,1.0,visual
20260831-38f045b7d920c0f49f95-01,2026-08-31,手机,device,摩托罗拉,G系列,S50 Neo,,,开机屏坏,270,元/台,,image,摩托罗拉.jpg,数码网报价单-0831更新/手机相关/摩托罗拉.jpg,1,1.0,visual
20260831-fe8b14446f3688613e9c-01,2026-08-31,手机,device,摩托罗拉,G系列,S50 Neo,,,不开机,180,元/台,,image,摩托罗拉.jpg,数码网报价单-0831更新/手机相关/摩托罗拉.jpg,1,1.0,visual
20260831-97437489bf7a1c4f5049-01,2026-08-31,手机,device,摩托罗拉,G系列,S50 Neo,,,废板-整机,180,元/台,,image,摩托罗拉.jpg,数码网报价单-0831更新/手机相关/摩托罗拉.jpg,1,1.0,visual
20260831-55a8d88cf7220a9b268c-01,2026-08-31,手机,device,摩托罗拉,G系列,G82,,,开机屏好,200,元/台,,image,摩托罗拉.jpg,数码网报价单-0831更新/手机相关/摩托罗拉.jpg,1,1.0,visual
20260831-3cc5fa27169641fd408c-01,2026-08-31,手机,device,摩托罗拉,G系列,G82,,,开机屏坏,200,元/台,,image,摩托罗拉.jpg,数码网报价单-0831更新/手机相关/摩托罗拉.jpg,1,1.0,visual
20260831-3517950a84356e0c1785-01,2026-08-31,手机,device,摩托罗拉,G系列,G82,,,不开机,150,元/台,,image,摩托罗拉.jpg,数码网报价单-0831更新/手机相关/摩托罗拉.jpg,1,1.0,visual
20260831-bd54307bf6745eb24cfd-01,2026-08-31,手机,device,摩托罗拉,G系列,G82,,,废板-整机,150,元/台,,image,摩托罗拉.jpg,数码网报价单-0831更新/手机相关/摩托罗拉.jpg,1,1.0,visual
20260831-1b4a9e253b5a24904f65-01,2026-08-31,手机,device,摩托罗拉,G系列,G71S,,,开机屏好,200,元/台,,image,摩托罗拉.jpg,数码网报价单-0831更新/手机相关/摩托罗拉.jpg,1,1.0,visual
20260831-fd51bc91ce02d8bf7a36-01,2026-08-31,手机,device,摩托罗拉,G系列,G71S,,,开机屏坏,200,元/台,,image,摩托罗拉.jpg,数码网报价单-0831更新/手机相关/摩托罗拉.jpg,1,1.0,visual
20260831-8a6f66f683210c6f0f8d-01,2026-08-31,手机,device,摩托罗拉,G系列,G71S,,,不开机,150,元/台,,image,摩托罗拉.jpg,数码网报价单-0831更新/手机相关/摩托罗拉.jpg,1,1.0,visual
20260831-2fcea20d5780e08c0833-01,2026-08-31,手机,device,摩托罗拉,G系列,G71S,,,废板-整机,150,元/台,,image,摩托罗拉.jpg,数码网报价单-0831更新/手机相关/摩托罗拉.jpg,1,1.0,visual
20260831-8ebad568e4fb3e4fb61d-01,2026-08-31,手机,device,摩托罗拉,G系列,G71,,,开机屏好,200,元/台,,image,摩托罗拉.jpg,数码网报价单-0831更新/手机相关/摩托罗拉.jpg,1,1.0,visual
20260831-08519c4d9664ca8a0fc4-01,2026-08-31,手机,device,摩托罗拉,G系列,G71,,,开机屏坏,200,元/台,,image,摩托罗拉.jpg,数码网报价单-0831更新/手机相关/摩托罗拉.jpg,1,1.0,visual
20260831-71d59c709c41b9784f33-01,2026-08-31,手机,device,摩托罗拉,G系列,G71,,,不开机,150,元/台,,image,摩托罗拉.jpg,数码网报价单-0831更新/手机相关/摩托罗拉.jpg,1,1.0,visual
20260831-43bd660f737047fe2aad-01,2026-08-31,手机,device,摩托罗拉,G系列,G71,,,废板-整机,150,元/台,,image,摩托罗拉.jpg,数码网报价单-0831更新/手机相关/摩托罗拉.jpg,1,1.0,visual
20260831-a9a3c1e87e4b6eb55f84-01,2026-08-31,手机,device,摩托罗拉,G系列,G54,,,开机屏好,200,元/台,,image,摩托罗拉.jpg,数码网报价单-0831更新/手机相关/摩托罗拉.jpg,1,1.0,visual
20260831-29e4c8c7365fba799571-01,2026-08-31,手机,device,摩托罗拉,G系列,G54,,,开机屏坏,200,元/台,,image,摩托罗拉.jpg,数码网报价单-0831更新/手机相关/摩托罗拉.jpg,1,1.0,visual
20260831-eb7426f2a9f84c763da6-01,2026-08-31,手机,device,摩托罗拉,G系列,G54,,,不开机,150,元/台,,image,摩托罗拉.jpg,数码网报价单-0831更新/手机相关/摩托罗拉.jpg,1,1.0,visual
20260831-ec9222e4cf5748b66ca3-01,2026-08-31,手机,device,摩托罗拉,G系列,G54,,,废板-整机,150,元/台,,image,摩托罗拉.jpg,数码网报价单-0831更新/手机相关/摩托罗拉.jpg,1,1.0,visual
20260831-9613e7dde389abccecba-01,2026-08-31,手机,device,摩托罗拉,G系列,G53,,,开机屏好,200,元/台,,image,摩托罗拉.jpg,数码网报价单-0831更新/手机相关/摩托罗拉.jpg,1,1.0,visual
20260831-54feb76f3f7bec8eb2fb-01,2026-08-31,手机,device,摩托罗拉,G系列,G53,,,开机屏坏,180,元/台,,image,摩托罗拉.jpg,数码网报价单-0831更新/手机相关/摩托罗拉.jpg,1,1.0,visual
20260831-fa923a92974274b1a7a4-01,2026-08-31,手机,device,摩托罗拉,G系列,G53,,,不开机,150,元/台,,image,摩托罗拉.jpg,数码网报价单-0831更新/手机相关/摩托罗拉.jpg,1,1.0,visual
20260831-c23a1a846fb7b820dbea-01,2026-08-31,手机,device,摩托罗拉,G系列,G53,,,废板-整机,150,元/台,,image,摩托罗拉.jpg,数码网报价单-0831更新/手机相关/摩托罗拉.jpg,1,1.0,visual
20260831-e9c6e87828dba93a1ee2-01,2026-08-31,手机,device,摩托罗拉,G系列,G51,,,开机屏好,200,元/台,,image,摩托罗拉.jpg,数码网报价单-0831更新/手机相关/摩托罗拉.jpg,1,1.0,visual
20260831-b4dcc50cacb6a132c67e-01,2026-08-31,手机,device,摩托罗拉,G系列,G51,,,开机屏坏,150,元/台,,image,摩托罗拉.jpg,数码网报价单-0831更新/手机相关/摩托罗拉.jpg,1,1.0,visual
20260831-0c70e38c473df0e40d0c-01,2026-08-31,手机,device,摩托罗拉,G系列,G51,,,不开机,150,元/台,,image,摩托罗拉.jpg,数码网报价单-0831更新/手机相关/摩托罗拉.jpg,1,1.0,visual
20260831-6d16d839d844047ad8fc-01,2026-08-31,手机,device,摩托罗拉,G系列,G51,,,废板-整机,150,元/台,,image,摩托罗拉.jpg,数码网报价单-0831更新/手机相关/摩托罗拉.jpg,1,1.0,visual
20260831-08385cc9fa588796da4e-01,2026-08-31,手机,device,摩托罗拉,G系列,G50,,,开机屏好,200,元/台,,image,摩托罗拉.jpg,数码网报价单-0831更新/手机相关/摩托罗拉.jpg,1,1.0,visual
20260831-e7695a1ba9f0a0a3a378-01,2026-08-31,手机,device,摩托罗拉,G系列,G50,,,开机屏坏,150,元/台,,image,摩托罗拉.jpg,数码网报价单-0831更新/手机相关/摩托罗拉.jpg,1,1.0,visual
20260831-1e18e834377b89730bdf-01,2026-08-31,手机,device,摩托罗拉,G系列,G50,,,不开机,150,元/台,,image,摩托罗拉.jpg,数码网报价单-0831更新/手机相关/摩托罗拉.jpg,1,1.0,visual
20260831-4297b8c13e5db73e11f3-01,2026-08-31,手机,device,摩托罗拉,G系列,G50,,,废板-整机,150,元/台,,image,摩托罗拉.jpg,数码网报价单-0831更新/手机相关/摩托罗拉.jpg,1,1.0,visual
20260831-b1372daeecd5daeae61a-01,2026-08-31,手机,device,摩托罗拉,刀锋系列,刀锋4,,,开机屏好,300,元/台,,image,摩托罗拉.jpg,数码网报价单-0831更新/手机相关/摩托罗拉.jpg,1,1.0,visual
20260831-e517e5d4ae049654bca0-01,2026-08-31,手机,device,摩托罗拉,刀锋系列,刀锋4,,,开机屏坏,200,元/台,,image,摩托罗拉.jpg,数码网报价单-0831更新/手机相关/摩托罗拉.jpg,1,1.0,visual
20260831-d2dc01bd7393b291e4e6-01,2026-08-31,手机,device,摩托罗拉,刀锋系列,刀锋4,,,不开机,150,元/台,,image,摩托罗拉.jpg,数码网报价单-0831更新/手机相关/摩托罗拉.jpg,1,1.0,visual
20260831-1067a3acab3aacd24021-01,2026-08-31,手机,device,摩托罗拉,刀锋系列,刀锋4,,,废板-整机,150,元/台,,image,摩托罗拉.jpg,数码网报价单-0831更新/手机相关/摩托罗拉.jpg,1,1.0,visual
20260831-b8e9622e2575a8b700e9-01,2026-08-31,手机,device,摩托罗拉,刀锋系列,刀锋3,,,开机屏好,300,元/台,,image,摩托罗拉.jpg,数码网报价单-0831更新/手机相关/摩托罗拉.jpg,1,1.0,visual
20260831-d5c6f12687c194cf5c55-01,2026-08-31,手机,device,摩托罗拉,刀锋系列,刀锋3,,,开机屏坏,200,元/台,,image,摩托罗拉.jpg,数码网报价单-0831更新/手机相关/摩托罗拉.jpg,1,1.0,visual
20260831-409b3fb1b28d29601fe3-01,2026-08-31,手机,device,摩托罗拉,刀锋系列,刀锋3,,,不开机,150,元/台,,image,摩托罗拉.jpg,数码网报价单-0831更新/手机相关/摩托罗拉.jpg,1,1.0,visual
20260831-bbfe04d07efca11f72f6-01,2026-08-31,手机,device,摩托罗拉,刀锋系列,刀锋3,,,废板-整机,150,元/台,,image,摩托罗拉.jpg,数码网报价单-0831更新/手机相关/摩托罗拉.jpg,1,1.0,visual
20260831-bfd0a4ff51db85da387f-01,2026-08-31,手机,device,摩托罗拉,刀锋系列,刀锋2,,,开机屏好,400,元/台,小屏要求好的,image,摩托罗拉.jpg,数码网报价单-0831更新/手机相关/摩托罗拉.jpg,1,1.0,visual
20260831-e0ee928217bc029352d9-01,2026-08-31,手机,device,摩托罗拉,刀锋系列,刀锋2,,,开机屏坏,200,元/台,小屏要求好的,image,摩托罗拉.jpg,数码网报价单-0831更新/手机相关/摩托罗拉.jpg,1,1.0,visual
20260831-3467b4a2abf265110eb0-01,2026-08-31,手机,device,摩托罗拉,刀锋系列,刀锋2,,,不开机,150,元/台,小屏要求好的,image,摩托罗拉.jpg,数码网报价单-0831更新/手机相关/摩托罗拉.jpg,1,1.0,visual
20260831-6ee32e31ffd9ca97f6cb-01,2026-08-31,手机,device,摩托罗拉,刀锋系列,刀锋2,,,废板-整机,150,元/台,小屏要求好的,image,摩托罗拉.jpg,数码网报价单-0831更新/手机相关/摩托罗拉.jpg,1,1.0,visual
20260831-80a81e33678f47071052-01,2026-08-31,手机,device,摩托罗拉,S系列,S30PRO,,,开机屏好,250,元/台,,image,摩托罗拉.jpg,数码网报价单-0831更新/手机相关/摩托罗拉.jpg,1,1.0,visual
20260831-91d018e8da71124231c8-01,2026-08-31,手机,device,摩托罗拉,S系列,S30PRO,,,开机屏坏,200,元/台,,image,摩托罗拉.jpg,数码网报价单-0831更新/手机相关/摩托罗拉.jpg,1,1.0,visual
20260831-e5d5bf838cac47a114be-01,2026-08-31,手机,device,摩托罗拉,S系列,S30PRO,,,不开机,150,元/台,,image,摩托罗拉.jpg,数码网报价单-0831更新/手机相关/摩托罗拉.jpg,1,1.0,visual
20260831-dcb38197e4e2dd41011c-01,2026-08-31,手机,device,摩托罗拉,S系列,S30PRO,,,废板-整机,150,元/台,,image,摩托罗拉.jpg,数码网报价单-0831更新/手机相关/摩托罗拉.jpg,1,1.0,visual
20260831-8cf4fffe8a78208c1b01-01,2026-08-31,手机,device,摩托罗拉,S系列,S30,,,开机屏好,150,元/台,,image,摩托罗拉.jpg,数码网报价单-0831更新/手机相关/摩托罗拉.jpg,1,1.0,visual
20260831-12a35aa1d76c357fb896-01,2026-08-31,手机,device,摩托罗拉,S系列,S30,,,开机屏坏,150,元/台,,image,摩托罗拉.jpg,数码网报价单-0831更新/手机相关/摩托罗拉.jpg,1,1.0,visual
20260831-96cb9a7507ffd701ec4d-01,2026-08-31,手机,device,摩托罗拉,S系列,S30,,,不开机,150,元/台,,image,摩托罗拉.jpg,数码网报价单-0831更新/手机相关/摩托罗拉.jpg,1,1.0,visual
20260831-76f5db18b70cb026078c-01,2026-08-31,手机,device,摩托罗拉,S系列,S30,,,废板-整机,150,元/台,,image,摩托罗拉.jpg,数码网报价单-0831更新/手机相关/摩托罗拉.jpg,1,1.0,visual
20260831-2dfa8a47d4c02d69f308-01,2026-08-31,手机,device,摩托罗拉,X系列,X30PRO,,,开机屏好,400,元/台,,image,摩托罗拉.jpg,数码网报价单-0831更新/手机相关/摩托罗拉.jpg,1,1.0,visual
20260831-2b871c89f303658b7008-01,2026-08-31,手机,device,摩托罗拉,X系列,X30PRO,,,开机屏坏,300,元/台,,image,摩托罗拉.jpg,数码网报价单-0831更新/手机相关/摩托罗拉.jpg,1,1.0,visual
20260831-0ea08fcfa0e85a240521-01,2026-08-31,手机,device,摩托罗拉,X系列,X30PRO,,,不开机,150,元/台,,image,摩托罗拉.jpg,数码网报价单-0831更新/手机相关/摩托罗拉.jpg,1,1.0,visual
20260831-80ece797377f25e99150-01,2026-08-31,手机,device,摩托罗拉,X系列,X30PRO,,,废板-整机,150,元/台,,image,摩托罗拉.jpg,数码网报价单-0831更新/手机相关/摩托罗拉.jpg,1,1.0,visual
20260831-8e18130cd978584346e2-01,2026-08-31,手机,device,摩托罗拉,X系列,X30,,,开机屏好,400,元/台,,image,摩托罗拉.jpg,数码网报价单-0831更新/手机相关/摩托罗拉.jpg,1,1.0,visual
20260831-f0236d9e09fc397aaf79-01,2026-08-31,手机,device,摩托罗拉,X系列,X30,,,开机屏坏,300,元/台,,image,摩托罗拉.jpg,数码网报价单-0831更新/手机相关/摩托罗拉.jpg,1,1.0,visual
20260831-f4ae59cc7103944aece5-01,2026-08-31,手机,device,摩托罗拉,X系列,X30,,,不开机,150,元/台,,image,摩托罗拉.jpg,数码网报价单-0831更新/手机相关/摩托罗拉.jpg,1,1.0,visual
20260831-51cc79d60109077541a4-01,2026-08-31,手机,device,摩托罗拉,X系列,X30,,,废板-整机,150,元/台,,image,摩托罗拉.jpg,数码网报价单-0831更新/手机相关/摩托罗拉.jpg,1,1.0,visual
20260831-0d86c0de6750f65d19a3-01,2026-08-31,手机,device,摩托罗拉,edge系列,edge S SPro,,,开机屏好,130,元/台,,image,摩托罗拉.jpg,数码网报价单-0831更新/手机相关/摩托罗拉.jpg,1,1.0,visual
20260831-6ef6c8f99fd87b7abef4-01,2026-08-31,手机,device,摩托罗拉,edge系列,edge S SPro,,,开机屏坏,130,元/台,,image,摩托罗拉.jpg,数码网报价单-0831更新/手机相关/摩托罗拉.jpg,1,1.0,visual
20260831-187f47ce825d08a446cc-01,2026-08-31,手机,device,摩托罗拉,edge系列,edge S SPro,,,不开机,130,元/台,,image,摩托罗拉.jpg,数码网报价单-0831更新/手机相关/摩托罗拉.jpg,1,1.0,visual
20260831-6f93dcd3e808e6f17cdf-01,2026-08-31,手机,device,摩托罗拉,edge系列,edge S SPro,,,废板-整机,130,元/台,,image,摩托罗拉.jpg,数码网报价单-0831更新/手机相关/摩托罗拉.jpg,1,1.0,visual
20260831-4d60af76774d96ace8c2-01,2026-08-31,手机,device,摩托罗拉,edge系列,edge S,,,开机屏好,130,元/台,,image,摩托罗拉.jpg,数码网报价单-0831更新/手机相关/摩托罗拉.jpg,1,1.0,visual
20260831-13d96a56b23e7152f6b0-01,2026-08-31,手机,device,摩托罗拉,edge系列,edge S,,,开机屏坏,130,元/台,,image,摩托罗拉.jpg,数码网报价单-0831更新/手机相关/摩托罗拉.jpg,1,1.0,visual
20260831-4d135d9c9b435de24648-01,2026-08-31,手机,device,摩托罗拉,edge系列,edge S,,,不开机,130,元/台,,image,摩托罗拉.jpg,数码网报价单-0831更新/手机相关/摩托罗拉.jpg,1,1.0,visual
20260831-0af8a99f8f3fc4058845-01,2026-08-31,手机,device,摩托罗拉,edge系列,edge S,,,废板-整机,130,元/台,,image,摩托罗拉.jpg,数码网报价单-0831更新/手机相关/摩托罗拉.jpg,1,1.0,visual
20260831-21f2b71b22615c5645f2-01,2026-08-31,手机,device,摩托罗拉,edge系列,edge轻奢版,,,开机屏好,130,元/台,,image,摩托罗拉.jpg,数码网报价单-0831更新/手机相关/摩托罗拉.jpg,1,1.0,visual
20260831-11a13ef30d2f3f6b5ace-01,2026-08-31,手机,device,摩托罗拉,edge系列,edge轻奢版,,,开机屏坏,130,元/台,,image,摩托罗拉.jpg,数码网报价单-0831更新/手机相关/摩托罗拉.jpg,1,1.0,visual
20260831-7180bfc247e782d40e5f-01,2026-08-31,手机,device,摩托罗拉,edge系列,edge轻奢版,,,不开机,130,元/台,,image,摩托罗拉.jpg,数码网报价单-0831更新/手机相关/摩托罗拉.jpg,1,1.0,visual
20260831-70ac742ee3ebe19e04b4-01,2026-08-31,手机,device,摩托罗拉,edge系列,edge轻奢版,,,废板-整机,130,元/台,,image,摩托罗拉.jpg,数码网报价单-0831更新/手机相关/摩托罗拉.jpg,1,1.0,visual
20260831-c95f944d158822e76dad-01,2026-08-31,手机,device,摩托罗拉,,联想摩托motoz2force,,,开机屏好,30,元/台,,image,摩托罗拉.jpg,数码网报价单-0831更新/手机相关/摩托罗拉.jpg,1,1.0,visual
20260831-20b07623db1b4b1aefd9-01,2026-08-31,手机,device,摩托罗拉,,联想摩托motoz2force,,,开机屏坏,20,元/台,,image,摩托罗拉.jpg,数码网报价单-0831更新/手机相关/摩托罗拉.jpg,1,1.0,visual
20260831-827017b652dd0b1eb0d1-01,2026-08-31,手机,device,摩托罗拉,,联想摩托motoz2force,,,不开机,20,元/台,,image,摩托罗拉.jpg,数码网报价单-0831更新/手机相关/摩托罗拉.jpg,1,1.0,visual
20260831-bde07a23639ecd4b36fd-01,2026-08-31,手机,device,摩托罗拉,,联想摩托motoz2force,,,废板-整机,20,元/台,,image,摩托罗拉.jpg,数码网报价单-0831更新/手机相关/摩托罗拉.jpg,1,1.0,visual
20260831-aff3f474d8124b43c482-01,2026-08-31,手机,device,摩托罗拉,,联想摩托motoz2force,,,点数,/,元/台,,image,摩托罗拉.jpg,数码网报价单-0831更新/手机相关/摩托罗拉.jpg,1,1.0,visual
20260831-90386f9a8e278726c02c-01,2026-08-31,手机,device,摩托罗拉,,V8,,,开机屏好,28,元/台,,image,摩托罗拉.jpg,数码网报价单-0831更新/手机相关/摩托罗拉.jpg,1,1.0,visual
20260831-e906d88d2b25923e1be4-01,2026-08-31,手机,device,摩托罗拉,,V8,,,开机屏坏,28,元/台,,image,摩托罗拉.jpg,数码网报价单-0831更新/手机相关/摩托罗拉.jpg,1,1.0,visual
20260831-b8308372f88b02e63677-01,2026-08-31,手机,device,摩托罗拉,,V8,,,不开机,28,元/台,,image,摩托罗拉.jpg,数码网报价单-0831更新/手机相关/摩托罗拉.jpg,1,1.0,visual
20260831-e14a21ed548c11bf11f4-01,2026-08-31,手机,device,摩托罗拉,,V8,,,废板-整机,/,元/台,,image,摩托罗拉.jpg,数码网报价单-0831更新/手机相关/摩托罗拉.jpg,1,1.0,visual
20260831-8ece633f54498c927ba6-01,2026-08-31,手机,device,摩托罗拉,,V8,,,点数,/,元/台,,image,摩托罗拉.jpg,数码网报价单-0831更新/手机相关/摩托罗拉.jpg,1,1.0,visual
20260831-deb373abf229414d1a60-01,2026-08-31,手机,device,摩托罗拉,,V3,,,开机屏好,28,元/台,,image,摩托罗拉.jpg,数码网报价单-0831更新/手机相关/摩托罗拉.jpg,1,1.0,visual
20260831-50fb200f938cac1bd365-01,2026-08-31,手机,device,摩托罗拉,,V3,,,开机屏坏,28,元/台,,image,摩托罗拉.jpg,数码网报价单-0831更新/手机相关/摩托罗拉.jpg,1,1.0,visual
20260831-e2b6b99e99b74b03e95d-01,2026-08-31,手机,device,摩托罗拉,,V3,,,不开机,28,元/台,,image,摩托罗拉.jpg,数码网报价单-0831更新/手机相关/摩托罗拉.jpg,1,1.0,visual
20260831-ae1202d461d30ac831a1-01,2026-08-31,手机,device,摩托罗拉,,V3,,,废板-整机,/,元/台,,image,摩托罗拉.jpg,数码网报价单-0831更新/手机相关/摩托罗拉.jpg,1,1.0,visual
20260831-a3bba01ab2191a5d3541-01,2026-08-31,手机,device,摩托罗拉,,V3,,,点数,/,元/台,,image,摩托罗拉.jpg,数码网报价单-0831更新/手机相关/摩托罗拉.jpg,1,1.0,visual
20260831-e2bd397ea0a447a8a42f-01,2026-08-31,手机,device,摩托罗拉,,R1,,,开机屏好,350,元/台,开机屏好要求外壳没后盖扣100,image,摩托罗拉.jpg,数码网报价单-0831更新/手机相关/摩托罗拉.jpg,1,1.0,visual
20260831-679f5c22230382d346bb-01,2026-08-31,手机,device,摩托罗拉,,R1,,,开机屏坏,180,元/台,开机屏好要求外壳没后盖扣100,image,摩托罗拉.jpg,数码网报价单-0831更新/手机相关/摩托罗拉.jpg,1,1.0,visual
20260831-b27c6dac133e92e75ef8-01,2026-08-31,手机,device,摩托罗拉,,R1,,,不开机,180,元/台,开机屏好要求外壳没后盖扣100,image,摩托罗拉.jpg,数码网报价单-0831更新/手机相关/摩托罗拉.jpg,1,1.0,visual
20260831-26a9ac590d808216f147-01,2026-08-31,手机,device,摩托罗拉,,R1,,,废板-整机,/,元/台,开机屏好要求外壳没后盖扣100,image,摩托罗拉.jpg,数码网报价单-0831更新/手机相关/摩托罗拉.jpg,1,1.0,visual
20260831-1dd2b546713c2233908e-01,2026-08-31,手机,device,摩托罗拉,,R1,,,点数,/,元/台,开机屏好要求外壳没后盖扣100,image,摩托罗拉.jpg,数码网报价单-0831更新/手机相关/摩托罗拉.jpg,1,1.0,visual
20260831-02817e3b52ff8b4d4a45-01,2026-08-31,手机,device,摩托罗拉,,L7,,,开机屏好,28,元/台,,image,摩托罗拉.jpg,数码网报价单-0831更新/手机相关/摩托罗拉.jpg,1,1.0,visual
20260831-4aa5417a0ac7019fede1-01,2026-08-31,手机,device,摩托罗拉,,L7,,,开机屏坏,28,元/台,,image,摩托罗拉.jpg,数码网报价单-0831更新/手机相关/摩托罗拉.jpg,1,1.0,visual
20260831-91742b83759e91b82e12-01,2026-08-31,手机,device,摩托罗拉,,L7,,,不开机,28,元/台,,image,摩托罗拉.jpg,数码网报价单-0831更新/手机相关/摩托罗拉.jpg,1,1.0,visual
20260831-91c9e1c649626a72ac7a-01,2026-08-31,手机,device,摩托罗拉,,L7,,,废板-整机,/,元/台,,image,摩托罗拉.jpg,数码网报价单-0831更新/手机相关/摩托罗拉.jpg,1,1.0,visual
20260831-e1e187d9400cdea8e704-01,2026-08-31,手机,device,摩托罗拉,,L7,,,点数,/,元/台,,image,摩托罗拉.jpg,数码网报价单-0831更新/手机相关/摩托罗拉.jpg,1,1.0,visual
20260831-97e49a56311bf1540426-01,2026-08-31,手机,device,摩托罗拉,,L6,,,开机屏好,28,元/台,,image,摩托罗拉.jpg,数码网报价单-0831更新/手机相关/摩托罗拉.jpg,1,1.0,visual
20260831-ea5089f54d5743c56cb8-01,2026-08-31,手机,device,摩托罗拉,,L6,,,开机屏坏,28,元/台,,image,摩托罗拉.jpg,数码网报价单-0831更新/手机相关/摩托罗拉.jpg,1,1.0,visual
20260831-3986181f2c20e387fc7f-01,2026-08-31,手机,device,摩托罗拉,,L6,,,不开机,28,元/台,,image,摩托罗拉.jpg,数码网报价单-0831更新/手机相关/摩托罗拉.jpg,1,1.0,visual
20260831-2ec349c06e067ef288d5-01,2026-08-31,手机,device,摩托罗拉,,L6,,,废板-整机,/,元/台,,image,摩托罗拉.jpg,数码网报价单-0831更新/手机相关/摩托罗拉.jpg,1,1.0,visual
20260831-b8925114a498ee1db97a-01,2026-08-31,手机,device,摩托罗拉,,L6,,,点数,/,元/台,,image,摩托罗拉.jpg,数码网报价单-0831更新/手机相关/摩托罗拉.jpg,1,1.0,visual
20260831-5096b6676715cc8d93e4-01,2026-08-31,手机,device,摩托罗拉,,1200,,,开机屏好,28,元/台,,image,摩托罗拉.jpg,数码网报价单-0831更新/手机相关/摩托罗拉.jpg,1,1.0,visual
20260831-5dcea05dfd8d278cb98b-01,2026-08-31,手机,device,摩托罗拉,,1200,,,开机屏坏,28,元/台,,image,摩托罗拉.jpg,数码网报价单-0831更新/手机相关/摩托罗拉.jpg,1,1.0,visual
20260831-af652caa792354cc74b6-01,2026-08-31,手机,device,摩托罗拉,,1200,,,不开机,28,元/台,,image,摩托罗拉.jpg,数码网报价单-0831更新/手机相关/摩托罗拉.jpg,1,1.0,visual
20260831-c0b2de6685f506f8db77-01,2026-08-31,手机,device,摩托罗拉,,1200,,,废板-整机,/,元/台,,image,摩托罗拉.jpg,数码网报价单-0831更新/手机相关/摩托罗拉.jpg,1,1.0,visual
20260831-215f3ab55ba499cd7762-01,2026-08-31,手机,device,摩托罗拉,,1200,,,点数,/,元/台,,image,摩托罗拉.jpg,数码网报价单-0831更新/手机相关/摩托罗拉.jpg,1,1.0,visual
20260831-15e2e8c1fd3f98d5f78e-01,2026-08-31,手机,device,摩托罗拉,,525,,,开机屏好,/,元/台,,image,摩托罗拉.jpg,数码网报价单-0831更新/手机相关/摩托罗拉.jpg,1,1.0,visual
20260831-2c868aec20cd00d01d66-01,2026-08-31,手机,device,摩托罗拉,,525,,,开机屏坏,/,元/台,,image,摩托罗拉.jpg,数码网报价单-0831更新/手机相关/摩托罗拉.jpg,1,1.0,visual
20260831-f21f77adeda7054c9364-01,2026-08-31,手机,device,摩托罗拉,,525,,,不开机,/,元/台,,image,摩托罗拉.jpg,数码网报价单-0831更新/手机相关/摩托罗拉.jpg,1,1.0,visual
20260831-79add98014a5a2fa530e-01,2026-08-31,手机,device,摩托罗拉,,525,,,废板-整机,/,元/台,,image,摩托罗拉.jpg,数码网报价单-0831更新/手机相关/摩托罗拉.jpg,1,1.0,visual
20260831-13f19054bde4f2ce4266-01,2026-08-31,手机,device,摩托罗拉,,525,,,点数,10,元/台,,image,摩托罗拉.jpg,数码网报价单-0831更新/手机相关/摩托罗拉.jpg,1,1.0,visual
20260831-a74810a0551d16818513-01,2026-08-31,手机,device,朵唯,,朵唯D9 pro,,,开机屏好,70,元/台,,image,朵唯.jpg,数码网报价单-0831更新/手机相关/朵唯.jpg,1,1.0,visual
20260831-eff440c4d8d5e7d355bc-01,2026-08-31,手机,device,朵唯,,朵唯D9 pro,,,开机屏坏,70,元/台,,image,朵唯.jpg,数码网报价单-0831更新/手机相关/朵唯.jpg,1,1.0,visual
20260831-9844bd44ebec091ec5d6-01,2026-08-31,手机,device,朵唯,,朵唯D9 pro,,,不开机,70,元/台,,image,朵唯.jpg,数码网报价单-0831更新/手机相关/朵唯.jpg,1,1.0,visual
20260831-fbfbba6d2fb977a3e5fa-01,2026-08-31,手机,device,朵唯,,朵唯D9 pro,,,废板-整机,70,元/台,,image,朵唯.jpg,数码网报价单-0831更新/手机相关/朵唯.jpg,1,1.0,visual
20260831-ea0be9512f5954f927b9-01,2026-08-31,手机,device,朵唯,,X11proM,,,开机屏好,70,元/台,,image,朵唯.jpg,数码网报价单-0831更新/手机相关/朵唯.jpg,1,1.0,visual
20260831-7e3e4ffde02de019c5c5-01,2026-08-31,手机,device,朵唯,,X11proM,,,开机屏坏,70,元/台,,image,朵唯.jpg,数码网报价单-0831更新/手机相关/朵唯.jpg,1,1.0,visual
20260831-d38198fc15a85accc994-01,2026-08-31,手机,device,朵唯,,X11proM,,,不开机,70,元/台,,image,朵唯.jpg,数码网报价单-0831更新/手机相关/朵唯.jpg,1,1.0,visual
20260831-66f95bfca9aecefba2a5-01,2026-08-31,手机,device,朵唯,,X11proM,,,废板-整机,70,元/台,,image,朵唯.jpg,数码网报价单-0831更新/手机相关/朵唯.jpg,1,1.0,visual
20260831-66596642419d72e2286f-01,2026-08-31,手机,device,朵唯,,K10pro,,,开机屏好,70,元/台,,image,朵唯.jpg,数码网报价单-0831更新/手机相关/朵唯.jpg,1,1.0,visual
20260831-2cced7205edc7116883e-01,2026-08-31,手机,device,朵唯,,K10pro,,,开机屏坏,70,元/台,,image,朵唯.jpg,数码网报价单-0831更新/手机相关/朵唯.jpg,1,1.0,visual
20260831-95bc15e4d902f9444f1a-01,2026-08-31,手机,device,朵唯,,K10pro,,,不开机,70,元/台,,image,朵唯.jpg,数码网报价单-0831更新/手机相关/朵唯.jpg,1,1.0,visual
20260831-f2b9316d475a79fd884a-01,2026-08-31,手机,device,朵唯,,K10pro,,,废板-整机,70,元/台,,image,朵唯.jpg,数码网报价单-0831更新/手机相关/朵唯.jpg,1,1.0,visual
20260831-5a80fa01104560a43819-01,2026-08-31,手机,device,朵唯,,M30,,,开机屏好,70,元/台,,image,朵唯.jpg,数码网报价单-0831更新/手机相关/朵唯.jpg,1,1.0,visual
20260831-9cc338888b05e084a6a7-01,2026-08-31,手机,device,朵唯,,M30,,,开机屏坏,70,元/台,,image,朵唯.jpg,数码网报价单-0831更新/手机相关/朵唯.jpg,1,1.0,visual
20260831-60085ca7a45c284d9c27-01,2026-08-31,手机,device,朵唯,,M30,,,不开机,70,元/台,,image,朵唯.jpg,数码网报价单-0831更新/手机相关/朵唯.jpg,1,1.0,visual
20260831-2da142df7c1789ec29a7-01,2026-08-31,手机,device,朵唯,,M30,,,废板-整机,70,元/台,,image,朵唯.jpg,数码网报价单-0831更新/手机相关/朵唯.jpg,1,1.0,visual
20260831-42ebecc262de2eca67ac-01,2026-08-31,手机,device,朵唯,,M40Pro,,,开机屏好,70,元/台,,image,朵唯.jpg,数码网报价单-0831更新/手机相关/朵唯.jpg,1,1.0,visual
20260831-15ea9b1f117808e2a8cc-01,2026-08-31,手机,device,朵唯,,M40Pro,,,开机屏坏,70,元/台,,image,朵唯.jpg,数码网报价单-0831更新/手机相关/朵唯.jpg,1,1.0,visual
20260831-0061a1aee2a379772411-01,2026-08-31,手机,device,朵唯,,M40Pro,,,不开机,70,元/台,,image,朵唯.jpg,数码网报价单-0831更新/手机相关/朵唯.jpg,1,1.0,visual
20260831-c1d4f815a766d0f6d2ef-01,2026-08-31,手机,device,朵唯,,M40Pro,,,废板-整机,70,元/台,,image,朵唯.jpg,数码网报价单-0831更新/手机相关/朵唯.jpg,1,1.0,visual
20260831-e2ccb4d3a7f33ba94cd5-01,2026-08-31,手机,device,朵唯,,M2,,,开机屏好,20,元/台,,image,朵唯.jpg,数码网报价单-0831更新/手机相关/朵唯.jpg,1,1.0,visual
20260831-f2add59fc1377070057b-01,2026-08-31,手机,device,朵唯,,M2,,,开机屏坏,20,元/台,,image,朵唯.jpg,数码网报价单-0831更新/手机相关/朵唯.jpg,1,1.0,visual
20260831-ed0ce867118d93d004c7-01,2026-08-31,手机,device,朵唯,,M2,,,不开机,20,元/台,,image,朵唯.jpg,数码网报价单-0831更新/手机相关/朵唯.jpg,1,1.0,visual
20260831-2a4ba296fa2fba60194b-01,2026-08-31,手机,device,朵唯,,M2,,,废板-整机,20,元/台,,image,朵唯.jpg,数码网报价单-0831更新/手机相关/朵唯.jpg,1,1.0,visual
20260831-dc0a92b49e3860f0a290-01,2026-08-31,手机,device,朵唯,,L9mini/C32,,,开机屏好,30,元/台,,image,朵唯.jpg,数码网报价单-0831更新/手机相关/朵唯.jpg,1,1.0,visual
20260831-193eb37bf8889ebad33f-01,2026-08-31,手机,device,朵唯,,L9mini/C32,,,开机屏坏,30,元/台,,image,朵唯.jpg,数码网报价单-0831更新/手机相关/朵唯.jpg,1,1.0,visual
20260831-3e5da30e814876de89e2-01,2026-08-31,手机,device,朵唯,,L9mini/C32,,,不开机,30,元/台,,image,朵唯.jpg,数码网报价单-0831更新/手机相关/朵唯.jpg,1,1.0,visual
20260831-aa2d7bb5fa1eb15ddbd3-01,2026-08-31,手机,device,朵唯,,L9mini/C32,,,废板-整机,30,元/台,,image,朵唯.jpg,数码网报价单-0831更新/手机相关/朵唯.jpg,1,1.0,visual
20260831-24683e2a45e0660d608e-01,2026-08-31,手机,device,朵唯,,L9,,,开机屏好,60,元/台,,image,朵唯.jpg,数码网报价单-0831更新/手机相关/朵唯.jpg,1,1.0,visual
20260831-b626cbb776166dc35d71-01,2026-08-31,手机,device,朵唯,,L9,,,开机屏坏,60,元/台,,image,朵唯.jpg,数码网报价单-0831更新/手机相关/朵唯.jpg,1,1.0,visual
20260831-7ed1dbe2318a87db6e0b-01,2026-08-31,手机,device,朵唯,,L9,,,不开机,60,元/台,,image,朵唯.jpg,数码网报价单-0831更新/手机相关/朵唯.jpg,1,1.0,visual
20260831-a6bcb9dcaddd5bd5304f-01,2026-08-31,手机,device,朵唯,,L9,,,废板-整机,60,元/台,,image,朵唯.jpg,数码网报价单-0831更新/手机相关/朵唯.jpg,1,1.0,visual
20260831-71b0d84d12552accebc2-01,2026-08-31,手机,device,朵唯,,L8plus/C27,,,开机屏好,30,元/台,,image,朵唯.jpg,数码网报价单-0831更新/手机相关/朵唯.jpg,1,1.0,visual
20260831-7fa36f233461cb7b1027-01,2026-08-31,手机,device,朵唯,,L8plus/C27,,,开机屏坏,30,元/台,,image,朵唯.jpg,数码网报价单-0831更新/手机相关/朵唯.jpg,1,1.0,visual
20260831-0f24995ce2e6eaa4ab2d-01,2026-08-31,手机,device,朵唯,,L8plus/C27,,,不开机,30,元/台,,image,朵唯.jpg,数码网报价单-0831更新/手机相关/朵唯.jpg,1,1.0,visual
20260831-65d8849881469854956e-01,2026-08-31,手机,device,朵唯,,L8plus/C27,,,废板-整机,30,元/台,,image,朵唯.jpg,数码网报价单-0831更新/手机相关/朵唯.jpg,1,1.0,visual
20260831-37feeaa35e935a8f7f50-01,2026-08-31,手机,device,朵唯,,L825/C38,,,开机屏好,30,元/台,,image,朵唯.jpg,数码网报价单-0831更新/手机相关/朵唯.jpg,1,1.0,visual
20260831-4d2835a682aaefd1db46-01,2026-08-31,手机,device,朵唯,,L825/C38,,,开机屏坏,30,元/台,,image,朵唯.jpg,数码网报价单-0831更新/手机相关/朵唯.jpg,1,1.0,visual
20260831-dee82eb19fea47822224-01,2026-08-31,手机,device,朵唯,,L825/C38,,,不开机,30,元/台,,image,朵唯.jpg,数码网报价单-0831更新/手机相关/朵唯.jpg,1,1.0,visual
20260831-fded9680a94001074ff2-01,2026-08-31,手机,device,朵唯,,L825/C38,,,废板-整机,30,元/台,,image,朵唯.jpg,数码网报价单-0831更新/手机相关/朵唯.jpg,1,1.0,visual
20260831-e2cbf45848dc732a59ca-01,2026-08-31,手机,device,朵唯,,L7/C24,,,开机屏好,30,元/台,,image,朵唯.jpg,数码网报价单-0831更新/手机相关/朵唯.jpg,1,1.0,visual
20260831-af9011f3b6a59ae12764-01,2026-08-31,手机,device,朵唯,,L7/C24,,,开机屏坏,30,元/台,,image,朵唯.jpg,数码网报价单-0831更新/手机相关/朵唯.jpg,1,1.0,visual
20260831-259a5a9105012e91c7f1-01,2026-08-31,手机,device,朵唯,,L7/C24,,,不开机,30,元/台,,image,朵唯.jpg,数码网报价单-0831更新/手机相关/朵唯.jpg,1,1.0,visual
20260831-fb1824f8803efd05d70f-01,2026-08-31,手机,device,朵唯,,L7/C24,,,废板-整机,30,元/台,,image,朵唯.jpg,数码网报价单-0831更新/手机相关/朵唯.jpg,1,1.0,visual
20260831-4bc17dfea9ec0663c254-01,2026-08-31,手机,device,朵唯,,L5P/C19,,,开机屏好,30,元/台,,image,朵唯.jpg,数码网报价单-0831更新/手机相关/朵唯.jpg,1,1.0,visual
20260831-55edff079919db47b79d-01,2026-08-31,手机,device,朵唯,,L5P/C19,,,开机屏坏,30,元/台,,image,朵唯.jpg,数码网报价单-0831更新/手机相关/朵唯.jpg,1,1.0,visual
20260831-90a6b8f4fce49298a6a4-01,2026-08-31,手机,device,朵唯,,L5P/C19,,,不开机,30,元/台,,image,朵唯.jpg,数码网报价单-0831更新/手机相关/朵唯.jpg,1,1.0,visual
20260831-7b5c396d193629d6dd1a-01,2026-08-31,手机,device,朵唯,,L5P/C19,,,废板-整机,30,元/台,,image,朵唯.jpg,数码网报价单-0831更新/手机相关/朵唯.jpg,1,1.0,visual
20260831-ca0d3120cdd92cd82004-01,2026-08-31,手机,device,朵唯,,L5m/C22,,,开机屏好,30,元/台,,image,朵唯.jpg,数码网报价单-0831更新/手机相关/朵唯.jpg,1,1.0,visual
20260831-c2443e99cf34affd9342-01,2026-08-31,手机,device,朵唯,,L5m/C22,,,开机屏坏,30,元/台,,image,朵唯.jpg,数码网报价单-0831更新/手机相关/朵唯.jpg,1,1.0,visual
20260831-522f2ba0670b47bd8fcc-01,2026-08-31,手机,device,朵唯,,L5m/C22,,,不开机,30,元/台,,image,朵唯.jpg,数码网报价单-0831更新/手机相关/朵唯.jpg,1,1.0,visual
20260831-9b12b122fd41945c8ccd-01,2026-08-31,手机,device,朵唯,,L5m/C22,,,废板-整机,30,元/台,,image,朵唯.jpg,数码网报价单-0831更新/手机相关/朵唯.jpg,1,1.0,visual
20260831-1e15fd791dfb45c3ad00-01,2026-08-31,手机,device,朵唯,,L520/C38,,,开机屏好,120,元/台,,image,朵唯.jpg,数码网报价单-0831更新/手机相关/朵唯.jpg,1,1.0,visual
20260831-5ea44b6a653d6431f3f3-01,2026-08-31,手机,device,朵唯,,L520/C38,,,开机屏坏,120,元/台,,image,朵唯.jpg,数码网报价单-0831更新/手机相关/朵唯.jpg,1,1.0,visual
20260831-e29a6bab2db24417e19e-01,2026-08-31,手机,device,朵唯,,L520/C38,,,不开机,120,元/台,,image,朵唯.jpg,数码网报价单-0831更新/手机相关/朵唯.jpg,1,1.0,visual
20260831-dbbeabc47a0d4f65bafa-01,2026-08-31,手机,device,朵唯,,L520/C38,,,废板-整机,120,元/台,,image,朵唯.jpg,数码网报价单-0831更新/手机相关/朵唯.jpg,1,1.0,visual
20260831-f14ae3419953097e2ed8-01,2026-08-31,手机,device,朵唯,,A8,,,开机屏好,70,元/台,,image,朵唯.jpg,数码网报价单-0831更新/手机相关/朵唯.jpg,1,1.0,visual
20260831-7f488381c3b4df2d52b8-01,2026-08-31,手机,device,朵唯,,A8,,,开机屏坏,70,元/台,,image,朵唯.jpg,数码网报价单-0831更新/手机相关/朵唯.jpg,1,1.0,visual
20260831-f550a0db4a4e436a0270-01,2026-08-31,手机,device,朵唯,,A8,,,不开机,70,元/台,,image,朵唯.jpg,数码网报价单-0831更新/手机相关/朵唯.jpg,1,1.0,visual
20260831-7851e8952584c2353935-01,2026-08-31,手机,device,朵唯,,A8,,,废板-整机,70,元/台,,image,朵唯.jpg,数码网报价单-0831更新/手机相关/朵唯.jpg,1,1.0,visual
20260831-9f0f116e049136941c9e-01,2026-08-31,手机,device,朵唯,,A6/C25,,,开机屏好,35,元/台,,image,朵唯.jpg,数码网报价单-0831更新/手机相关/朵唯.jpg,1,1.0,visual
20260831-e50a927eb1db6f3d2a45-01,2026-08-31,手机,device,朵唯,,A6/C25,,,开机屏坏,35,元/台,,image,朵唯.jpg,数码网报价单-0831更新/手机相关/朵唯.jpg,1,1.0,visual
20260831-a49538efb3369ccd61b8-01,2026-08-31,手机,device,朵唯,,A6/C25,,,不开机,35,元/台,,image,朵唯.jpg,数码网报价单-0831更新/手机相关/朵唯.jpg,1,1.0,visual
20260831-5b91f641d0510f2ef6c4-01,2026-08-31,手机,device,朵唯,,A6/C25,,,废板-整机,35,元/台,,image,朵唯.jpg,数码网报价单-0831更新/手机相关/朵唯.jpg,1,1.0,visual
20260831-adf104f1cff6b5d85fa4-01,2026-08-31,手机,device,朵唯,,A55/Q5801,,,开机屏好,35,元/台,,image,朵唯.jpg,数码网报价单-0831更新/手机相关/朵唯.jpg,1,1.0,visual
20260831-e71f04132ea67e7decb5-01,2026-08-31,手机,device,朵唯,,A55/Q5801,,,开机屏坏,35,元/台,,image,朵唯.jpg,数码网报价单-0831更新/手机相关/朵唯.jpg,1,1.0,visual
20260831-0a94b97c49d78e3c0d56-01,2026-08-31,手机,device,朵唯,,A55/Q5801,,,不开机,35,元/台,,image,朵唯.jpg,数码网报价单-0831更新/手机相关/朵唯.jpg,1,1.0,visual
20260831-037807a7562aea031b56-01,2026-08-31,手机,device,朵唯,,A55/Q5801,,,废板-整机,35,元/台,,image,朵唯.jpg,数码网报价单-0831更新/手机相关/朵唯.jpg,1,1.0,visual
20260831-3d1d19b574df88f0915a-01,2026-08-31,手机,device,朵唯,,A5/C29,,,开机屏好,35,元/台,,image,朵唯.jpg,数码网报价单-0831更新/手机相关/朵唯.jpg,1,1.0,visual
20260831-22440b314db7a8af941d-01,2026-08-31,手机,device,朵唯,,A5/C29,,,开机屏坏,35,元/台,,image,朵唯.jpg,数码网报价单-0831更新/手机相关/朵唯.jpg,1,1.0,visual
20260831-744e981527b9bd5ee5c4-01,2026-08-31,手机,device,朵唯,,A5/C29,,,不开机,35,元/台,,image,朵唯.jpg,数码网报价单-0831更新/手机相关/朵唯.jpg,1,1.0,visual
20260831-2050e82c5a021f30a01e-01,2026-08-31,手机,device,朵唯,,A5/C29,,,废板-整机,35,元/台,,image,朵唯.jpg,数码网报价单-0831更新/手机相关/朵唯.jpg,1,1.0,visual
20260831-8acab4b72b8edc592a5c-01,2026-08-31,手机,device,朵唯,,A15/C36,,,开机屏好,60,元/台,,image,朵唯.jpg,数码网报价单-0831更新/手机相关/朵唯.jpg,1,1.0,visual
20260831-c38285bf80bdeb376fc4-01,2026-08-31,手机,device,朵唯,,A15/C36,,,开机屏坏,60,元/台,,image,朵唯.jpg,数码网报价单-0831更新/手机相关/朵唯.jpg,1,1.0,visual
20260831-d987600a3d8f3e5f8c13-01,2026-08-31,手机,device,朵唯,,A15/C36,,,不开机,60,元/台,,image,朵唯.jpg,数码网报价单-0831更新/手机相关/朵唯.jpg,1,1.0,visual
20260831-554f46568e86d3ddecae-01,2026-08-31,手机,device,朵唯,,A15/C36,,,废板-整机,60,元/台,,image,朵唯.jpg,数码网报价单-0831更新/手机相关/朵唯.jpg,1,1.0,visual
20260831-edf2edf01a5c3655cb6e-01,2026-08-31,手机,device,朵唯,,A12/C34,,,开机屏好,60,元/台,,image,朵唯.jpg,数码网报价单-0831更新/手机相关/朵唯.jpg,1,1.0,visual
20260831-d154cbe820346bea7260-01,2026-08-31,手机,device,朵唯,,A12/C34,,,开机屏坏,60,元/台,,image,朵唯.jpg,数码网报价单-0831更新/手机相关/朵唯.jpg,1,1.0,visual
20260831-11d64cf0f7b294f1b4d4-01,2026-08-31,手机,device,朵唯,,A12/C34,,,不开机,60,元/台,,image,朵唯.jpg,数码网报价单-0831更新/手机相关/朵唯.jpg,1,1.0,visual
20260831-6a6b9cbebc814e97e40d-01,2026-08-31,手机,device,朵唯,,A12/C34,,,废板-整机,60,元/台,,image,朵唯.jpg,数码网报价单-0831更新/手机相关/朵唯.jpg,1,1.0,visual
20260831-ad465cfd1c9fae3e1fca-01,2026-08-31,手机,device,朵唯,,A11/C33,,,开机屏好,60,元/台,,image,朵唯.jpg,数码网报价单-0831更新/手机相关/朵唯.jpg,1,1.0,visual
20260831-a8b6c093c759f366a81a-01,2026-08-31,手机,device,朵唯,,A11/C33,,,开机屏坏,60,元/台,,image,朵唯.jpg,数码网报价单-0831更新/手机相关/朵唯.jpg,1,1.0,visual
20260831-c1d102ccb3629e334ae8-01,2026-08-31,手机,device,朵唯,,A11/C33,,,不开机,60,元/台,,image,朵唯.jpg,数码网报价单-0831更新/手机相关/朵唯.jpg,1,1.0,visual
20260831-7259e4e1c699776261b4-01,2026-08-31,手机,device,朵唯,,A11/C33,,,废板-整机,60,元/台,,image,朵唯.jpg,数码网报价单-0831更新/手机相关/朵唯.jpg,1,1.0,visual
20260831-f89c799a8a2fcaa1d31a-01,2026-08-31,手机,device,朵唯,,A10/C35,,,开机屏好,35,元/台,,image,朵唯.jpg,数码网报价单-0831更新/手机相关/朵唯.jpg,1,1.0,visual
20260831-33f556c816665fa0c9cd-01,2026-08-31,手机,device,朵唯,,A10/C35,,,开机屏坏,35,元/台,,image,朵唯.jpg,数码网报价单-0831更新/手机相关/朵唯.jpg,1,1.0,visual
20260831-67a225a20811f945356c-01,2026-08-31,手机,device,朵唯,,A10/C35,,,不开机,35,元/台,,image,朵唯.jpg,数码网报价单-0831更新/手机相关/朵唯.jpg,1,1.0,visual
20260831-7d5277d5ea99b07a3c30-01,2026-08-31,手机,device,朵唯,,A10/C35,,,废板-整机,35,元/台,,image,朵唯.jpg,数码网报价单-0831更新/手机相关/朵唯.jpg,1,1.0,visual
20260831-81b757bbb95a804e2e1f-01,2026-08-31,手机,device,朵唯,,525,,,开机屏好,120,元/台,,image,朵唯.jpg,数码网报价单-0831更新/手机相关/朵唯.jpg,1,1.0,visual
20260831-27d99b96696b0d162ed9-01,2026-08-31,手机,device,朵唯,,525,,,开机屏坏,120,元/台,,image,朵唯.jpg,数码网报价单-0831更新/手机相关/朵唯.jpg,1,1.0,visual
20260831-c88a827f87403c0b2b2f-01,2026-08-31,手机,device,朵唯,,525,,,不开机,120,元/台,,image,朵唯.jpg,数码网报价单-0831更新/手机相关/朵唯.jpg,1,1.0,visual
20260831-6bbd621998491233f0ff-01,2026-08-31,手机,device,朵唯,,525,,,废板-整机,120,元/台,,image,朵唯.jpg,数码网报价单-0831更新/手机相关/朵唯.jpg,1,1.0,visual
20260831-3ea3c73db2fdb51395ef-01,2026-08-31,手机,device,朵唯,,520,,,开机屏好,120,元/台,,image,朵唯.jpg,数码网报价单-0831更新/手机相关/朵唯.jpg,1,1.0,visual
20260831-f7e9deecad741d0953f7-01,2026-08-31,手机,device,朵唯,,520,,,开机屏坏,120,元/台,,image,朵唯.jpg,数码网报价单-0831更新/手机相关/朵唯.jpg,1,1.0,visual
20260831-2c321bfd7e261e6f8fb9-01,2026-08-31,手机,device,朵唯,,520,,,不开机,120,元/台,,image,朵唯.jpg,数码网报价单-0831更新/手机相关/朵唯.jpg,1,1.0,visual
20260831-b327727696c1cd9f8e1e-01,2026-08-31,手机,device,朵唯,,520,,,废板-整机,120,元/台,,image,朵唯.jpg,数码网报价单-0831更新/手机相关/朵唯.jpg,1,1.0,visual
20260831-1dd8a2bde78cbc4ed836-01,2026-08-31,手机,device,朵唯,,S5/C20,,,开机屏好,20,元/台,,image,朵唯.jpg,数码网报价单-0831更新/手机相关/朵唯.jpg,1,1.0,visual
20260831-953c36fe702a07320fc9-01,2026-08-31,手机,device,朵唯,,S5/C20,,,开机屏坏,20,元/台,,image,朵唯.jpg,数码网报价单-0831更新/手机相关/朵唯.jpg,1,1.0,visual
20260831-8147d2beba6f9490a8ff-01,2026-08-31,手机,device,朵唯,,S5/C20,,,不开机,20,元/台,,image,朵唯.jpg,数码网报价单-0831更新/手机相关/朵唯.jpg,1,1.0,visual
20260831-a6fef4d76bcda341f573-01,2026-08-31,手机,device,朵唯,,S5/C20,,,废板-整机,20,元/台,,image,朵唯.jpg,数码网报价单-0831更新/手机相关/朵唯.jpg,1,1.0,visual
20260831-0f7d4bec6d860592b975-01,2026-08-31,手机,device,朵唯,,L5P/C21,,,开机屏好,20,元/台,,image,朵唯.jpg,数码网报价单-0831更新/手机相关/朵唯.jpg,1,1.0,visual
20260831-23e9d53c6bccbd0b56f0-01,2026-08-31,手机,device,朵唯,,L5P/C21,,,开机屏坏,20,元/台,,image,朵唯.jpg,数码网报价单-0831更新/手机相关/朵唯.jpg,1,1.0,visual
20260831-afdb13aecead52a91f43-01,2026-08-31,手机,device,朵唯,,L5P/C21,,,不开机,20,元/台,,image,朵唯.jpg,数码网报价单-0831更新/手机相关/朵唯.jpg,1,1.0,visual
20260831-5442e7c059885c05150d-01,2026-08-31,手机,device,朵唯,,L5P/C21,,,废板-整机,20,元/台,,image,朵唯.jpg,数码网报价单-0831更新/手机相关/朵唯.jpg,1,1.0,visual
20260831-f904553e9500dc651956-01,2026-08-31,手机,device,朵唯,,L3c/C17,,,开机屏好,20,元/台,,image,朵唯.jpg,数码网报价单-0831更新/手机相关/朵唯.jpg,1,1.0,visual
20260831-ea58edfde7bf4ee6d313-01,2026-08-31,手机,device,朵唯,,L3c/C17,,,开机屏坏,20,元/台,,image,朵唯.jpg,数码网报价单-0831更新/手机相关/朵唯.jpg,1,1.0,visual
20260831-9ee7e928a958b4974694-01,2026-08-31,手机,device,朵唯,,L3c/C17,,,不开机,20,元/台,,image,朵唯.jpg,数码网报价单-0831更新/手机相关/朵唯.jpg,1,1.0,visual
20260831-86ad13921aceec3ce1f5-01,2026-08-31,手机,device,朵唯,,L3c/C17,,,废板-整机,20,元/台,,image,朵唯.jpg,数码网报价单-0831更新/手机相关/朵唯.jpg,1,1.0,visual
20260831-fb48b9da4508d7f23f92-01,2026-08-31,手机,device,朵唯,,L1/C14,,,开机屏好,20,元/台,,image,朵唯.jpg,数码网报价单-0831更新/手机相关/朵唯.jpg,1,1.0,visual
20260831-50f0bc712043c6320f7b-01,2026-08-31,手机,device,朵唯,,L1/C14,,,开机屏坏,20,元/台,,image,朵唯.jpg,数码网报价单-0831更新/手机相关/朵唯.jpg,1,1.0,visual
20260831-dbd15af36aaf9b3819fe-01,2026-08-31,手机,device,朵唯,,L1/C14,,,不开机,20,元/台,,image,朵唯.jpg,数码网报价单-0831更新/手机相关/朵唯.jpg,1,1.0,visual
20260831-484d673990599fff6ce1-01,2026-08-31,手机,device,朵唯,,L1/C14,,,废板-整机,20,元/台,,image,朵唯.jpg,数码网报价单-0831更新/手机相关/朵唯.jpg,1,1.0,visual
20260831-910a7fa893f10b667fd7-01,2026-08-31,手机,device,朵唯,,P70,,,开机屏好,70,元/台,,image,朵唯.jpg,数码网报价单-0831更新/手机相关/朵唯.jpg,1,1.0,visual
20260831-7277c3f8f455c512fbbb-01,2026-08-31,手机,device,朵唯,,P70,,,开机屏坏,70,元/台,,image,朵唯.jpg,数码网报价单-0831更新/手机相关/朵唯.jpg,1,1.0,visual
20260831-139e788fb96c68f7683a-01,2026-08-31,手机,device,朵唯,,P70,,,不开机,70,元/台,,image,朵唯.jpg,数码网报价单-0831更新/手机相关/朵唯.jpg,1,1.0,visual
20260831-dd222066f07875db81f2-01,2026-08-31,手机,device,朵唯,,P70,,,废板-整机,70,元/台,,image,朵唯.jpg,数码网报价单-0831更新/手机相关/朵唯.jpg,1,1.0,visual
20260831-9dc59b6dde13e66bf5ed-01,2026-08-31,手机,device,朵唯,,逆客V8,,,开机屏好,20,元/台,,image,朵唯.jpg,数码网报价单-0831更新/手机相关/朵唯.jpg,1,1.0,visual
20260831-1f96269fb0f78e55c065-01,2026-08-31,手机,device,朵唯,,逆客V8,,,开机屏坏,20,元/台,,image,朵唯.jpg,数码网报价单-0831更新/手机相关/朵唯.jpg,1,1.0,visual
20260831-7487adbf20a56cd59e61-01,2026-08-31,手机,device,朵唯,,逆客V8,,,不开机,20,元/台,,image,朵唯.jpg,数码网报价单-0831更新/手机相关/朵唯.jpg,1,1.0,visual
20260831-f71c302bd0bd43ca729a-01,2026-08-31,手机,device,朵唯,,逆客V8,,,废板-整机,20,元/台,,image,朵唯.jpg,数码网报价单-0831更新/手机相关/朵唯.jpg,1,1.0,visual
20260831-57a472010941892c64f2-01,2026-08-31,手机,device,朵唯,,逆客V5,,,开机屏好,20,元/台,,image,朵唯.jpg,数码网报价单-0831更新/手机相关/朵唯.jpg,1,1.0,visual
20260831-38f996649d175964382a-01,2026-08-31,手机,device,朵唯,,逆客V5,,,开机屏坏,20,元/台,,image,朵唯.jpg,数码网报价单-0831更新/手机相关/朵唯.jpg,1,1.0,visual
20260831-bfce850b53fad8880700-01,2026-08-31,手机,device,朵唯,,逆客V5,,,不开机,20,元/台,,image,朵唯.jpg,数码网报价单-0831更新/手机相关/朵唯.jpg,1,1.0,visual
20260831-f2ad5e873ab1f10ad6f0-01,2026-08-31,手机,device,朵唯,,逆客V5,,,废板-整机,20,元/台,,image,朵唯.jpg,数码网报价单-0831更新/手机相关/朵唯.jpg,1,1.0,visual
20260831-5f7f28dac388731b915f-01,2026-08-31,手机,device,朵唯,,逆客V3,,,开机屏好,20,元/台,,image,朵唯.jpg,数码网报价单-0831更新/手机相关/朵唯.jpg,1,1.0,visual
20260831-ed5bb2ba2b0a0f497717-01,2026-08-31,手机,device,朵唯,,逆客V3,,,开机屏坏,20,元/台,,image,朵唯.jpg,数码网报价单-0831更新/手机相关/朵唯.jpg,1,1.0,visual
20260831-0c09d0f71134070e6199-01,2026-08-31,手机,device,朵唯,,逆客V3,,,不开机,20,元/台,,image,朵唯.jpg,数码网报价单-0831更新/手机相关/朵唯.jpg,1,1.0,visual
20260831-ccb6413f44111c1f1ba7-01,2026-08-31,手机,device,朵唯,,逆客V3,,,废板-整机,20,元/台,,image,朵唯.jpg,数码网报价单-0831更新/手机相关/朵唯.jpg,1,1.0,visual
20260831-14828e4309ed310c4435-01,2026-08-31,手机,device,朵唯,,逆客V1,,,开机屏好,20,元/台,,image,朵唯.jpg,数码网报价单-0831更新/手机相关/朵唯.jpg,1,1.0,visual
20260831-d0f8d2fc60c4900f228a-01,2026-08-31,手机,device,朵唯,,逆客V1,,,开机屏坏,20,元/台,,image,朵唯.jpg,数码网报价单-0831更新/手机相关/朵唯.jpg,1,1.0,visual
20260831-5b8ec65294958d86b8b8-01,2026-08-31,手机,device,朵唯,,逆客V1,,,不开机,20,元/台,,image,朵唯.jpg,数码网报价单-0831更新/手机相关/朵唯.jpg,1,1.0,visual
20260831-74836a1922702ceec578-01,2026-08-31,手机,device,朵唯,,逆客V1,,,废板-整机,20,元/台,,image,朵唯.jpg,数码网报价单-0831更新/手机相关/朵唯.jpg,1,1.0,visual
20260831-11c0fd745072ab8853e3-01,2026-08-31,手机,device,功能机,统货回收价格,功能机（老年机）有电池,,,统货-有电池,10,元/个,正常通货比例，原装货，没有被划过。参考示例图1,image,老年机.jpg,数码网报价单-0831更新/手机相关/老年机.jpg,1,1.0,visual
20260831-e74755788e9ef50bc359-01,2026-08-31,手机,device,功能机,统货回收价格,功能机（老年机）无电池,,,统货-无电池,9,元/个,正常通货比例，没有被划过。参考示例图1,image,老年机.jpg,数码网报价单-0831更新/手机相关/老年机.jpg,1,1.0,visual
20260831-c06199cc29c03bef258a-01,2026-08-31,手机,device,功能机,非拆壳回收价格,翻盖老款机,,,非拆壳,160,元/斤,参考示例图2,image,老年机.jpg,数码网报价单-0831更新/手机相关/老年机.jpg,1,1.0,visual
20260831-d2043608deca8a96339c-01,2026-08-31,手机,device,功能机,非拆壳回收价格,两成以上翻盖机,,,非拆壳,85,元/斤,参考示例图3,image,老年机.jpg,数码网报价单-0831更新/手机相关/老年机.jpg,1,1.0,visual
20260831-c0a3b175b84919d21494-01,2026-08-31,手机,device,功能机,非拆壳回收价格,直板机,,,非拆壳,62,元/斤,参考示例图4,image,老年机.jpg,数码网报价单-0831更新/手机相关/老年机.jpg,1,1.0,visual
20260831-ea309dc0375ad9493672-01,2026-08-31,手机,device,功能机,非拆壳回收价格,双卡大屏机,,,非拆壳,7.4,元/个,参考示例图5,image,老年机.jpg,数码网报价单-0831更新/手机相关/老年机.jpg,1,1.0,visual
20260831-827460397454dfb53a7d-01,2026-08-31,手机,device,功能机,批货老年机回收,老款低档诺基亚系列,,,点数,15,元/个,参考示例图6,image,老年机.jpg,数码网报价单-0831更新/手机相关/老年机.jpg,1,1.0,visual
20260831-2ad603a1ed6fc671adeb-01,2026-08-31,手机,device,功能机,批货老年机回收,老款5110系列,,,点数,30,元/个,参考示例图6,image,老年机.jpg,数码网报价单-0831更新/手机相关/老年机.jpg,1,1.0,visual
20260831-df8c75a06927d48a12f9-01,2026-08-31,手机,device,功能机,批货老年机回收,老款翻盖系列,,,点数,20,元/个,参考示例图7,image,老年机.jpg,数码网报价单-0831更新/手机相关/老年机.jpg,1,1.0,visual
20260831-bf9315e14da3f2d8056c-01,2026-08-31,手机,device,功能机,批货老年机回收,老款低档摩托系列,,,点数,28,元/个,参考示例图8,image,老年机.jpg,数码网报价单-0831更新/手机相关/老年机.jpg,1,1.0,visual
20260831-815248aba69b2e1ad88d-01,2026-08-31,手机,device,功能机,批货老年机回收,老款低档诺基亚n70、72系列,,,点数,24,元/个,参考示例图9,image,老年机.jpg,数码网报价单-0831更新/手机相关/老年机.jpg,1,1.0,visual
20260831-3c11153e4598ed137249-01,2026-08-31,手机,device,功能机,批货老年机回收,老款杂机,,,点数,19,元/个,参考示例图10,image,老年机.jpg,数码网报价单-0831更新/手机相关/老年机.jpg,1,1.0,visual
20260831-b4cd4be710decfe65ef3-01,2026-08-31,手机,device,功能机,批货老年机回收,老款摩托罗拉大哥大,,,点数,58,元/个,参考示例图11,image,老年机.jpg,数码网报价单-0831更新/手机相关/老年机.jpg,1,1.0,visual
20260831-15b41219223078ad297c-01,2026-08-31,手机,device,功能机,保卡里,保卡里打铃VR至尊版,,,开机屏好,1999,元/台,参考示例图12,image,老年机.jpg,数码网报价单-0831更新/手机相关/老年机.jpg,1,1.0,visual
20260831-7586212617c8392b2eb4-01,2026-08-31,手机,device,功能机,TCL热门机型,TCL 999d,,,开机屏好,1666,元/台,参考示例图13,image,老年机.jpg,数码网报价单-0831更新/手机相关/老年机.jpg,1,1.0,visual
20260831-ab2a0b8b84a8a92748d8-01,2026-08-31,手机,device,功能机,双小卡老年机批发,双小卡老年机批发,,,点数,12,元/个,参考示例图14/15,image,老年机.jpg,数码网报价单-0831更新/手机相关/老年机.jpg,1,1.0,visual
20260831-499d7000d42cb6a8cf5a-01,2026-08-31,手机,device,功能机,双小卡老年机批发,双小卡老年机通点,,,点数,11,元/个,参考示例图14/15,image,老年机.jpg,数码网报价单-0831更新/手机相关/老年机.jpg,1,1.0,visual
20260831-d855083e322cf3fdfca5-01,2026-08-31,平板,device,EVD,,7-8寸屏,,,屏好,5,元/台,没电池扣3元,image,EVD 唱戏机.jpg,数码网报价单-0831更新/平板相关/EVD 唱戏机.jpg,1,0.99,visual_manual
20260831-ecb369498e00d69ac7a7-01,2026-08-31,平板,device,EVD,,7-8寸屏,,,屏坏,3,元/台,没电池扣3元,image,EVD 唱戏机.jpg,数码网报价单-0831更新/平板相关/EVD 唱戏机.jpg,1,0.99,visual_manual
20260831-439a35a9a6215999e1db-01,2026-08-31,平板,device,EVD,,9-10寸屏,,,屏好,13,元/台,没电池扣3元,image,EVD 唱戏机.jpg,数码网报价单-0831更新/平板相关/EVD 唱戏机.jpg,1,0.99,visual_manual
20260831-a5592a1d5ee71605b959-01,2026-08-31,平板,device,EVD,,9-10寸屏,,,屏坏,3,元/台,没电池扣3元,image,EVD 唱戏机.jpg,数码网报价单-0831更新/平板相关/EVD 唱戏机.jpg,1,0.99,visual_manual
20260831-55e009069a7dfe9df9c0-01,2026-08-31,平板,device,EVD,,12寸/14寸屏以上,,,屏好,13,元/台,没电池扣3元,image,EVD 唱戏机.jpg,数码网报价单-0831更新/平板相关/EVD 唱戏机.jpg,1,0.99,visual_manual
20260831-92232912ea371997b08d-01,2026-08-31,平板,device,EVD,,12寸/14寸屏以上,,,屏坏,3,元/台,没电池扣3元,image,EVD 唱戏机.jpg,数码网报价单-0831更新/平板相关/EVD 唱戏机.jpg,1,0.99,visual_manual
20260831-b30636c325fd23293a97-01,2026-08-31,平板,device,EVD,,进口原装7寸屏以上,,,屏好,6,元/台,,image,EVD 唱戏机.jpg,数码网报价单-0831更新/平板相关/EVD 唱戏机.jpg,1,0.99,visual_manual
20260831-0729eb504d34ffb86d2a-01,2026-08-31,平板,device,EVD,,进口原装7寸屏以上,,,屏坏,3,元/台,,image,EVD 唱戏机.jpg,数码网报价单-0831更新/平板相关/EVD 唱戏机.jpg,1,0.99,visual_manual
20260831-90632f4a869c64566862-01,2026-08-31,平板,device,唱戏机,,8.9寸唱戏机,,,屏好,3,元/台,没电池扣3元,image,EVD 唱戏机.jpg,数码网报价单-0831更新/平板相关/EVD 唱戏机.jpg,1,0.99,visual_manual
20260831-59ff48e791514b4f8231-01,2026-08-31,平板,device,唱戏机,,8.9寸唱戏机,,,屏坏,3,元/台,没电池扣3元,image,EVD 唱戏机.jpg,数码网报价单-0831更新/平板相关/EVD 唱戏机.jpg,1,0.99,visual_manual
20260831-086db1fb588adc8ff9c7-01,2026-08-31,平板,device,唱戏机,,4.3寸唱戏机,,,屏好,5,元/台,没电池扣3元,image,EVD 唱戏机.jpg,数码网报价单-0831更新/平板相关/EVD 唱戏机.jpg,1,0.99,visual_manual
20260831-06e4c8f2214eb5fc0739-01,2026-08-31,平板,device,唱戏机,,4.3寸唱戏机,,,屏坏,3,元/台,没电池扣3元,image,EVD 唱戏机.jpg,数码网报价单-0831更新/平板相关/EVD 唱戏机.jpg,1,0.99,visual_manual
20260831-28425da50f6350276c7e-01,2026-08-31,平板,device,唱戏机,,7寸唱戏机,,,屏好,9,元/台,没电池扣3元,image,EVD 唱戏机.jpg,数码网报价单-0831更新/平板相关/EVD 唱戏机.jpg,1,0.99,visual_manual
20260831-461a5ff8ef647a69091e-01,2026-08-31,平板,device,唱戏机,,7寸唱戏机,,,屏坏,3,元/台,没电池扣3元,image,EVD 唱戏机.jpg,数码网报价单-0831更新/平板相关/EVD 唱戏机.jpg,1,0.99,visual_manual
20260831-1cdc211474d14458589b-01,2026-08-31,平板,device,唱戏机,,9寸唱戏机,,,屏好,13,元/台,没电池扣3元,image,EVD 唱戏机.jpg,数码网报价单-0831更新/平板相关/EVD 唱戏机.jpg,1,0.99,visual_manual
20260831-2e7b80fd57bfdfd8f266-01,2026-08-31,平板,device,唱戏机,,9寸唱戏机,,,屏坏,3,元/台,没电池扣3元,image,EVD 唱戏机.jpg,数码网报价单-0831更新/平板相关/EVD 唱戏机.jpg,1,0.99,visual_manual
20260831-ae6b459276baab8eb3d0-01,2026-08-31,平板,device,唱戏机,,10.1寸唱戏机,,,屏好,13,元/台,没电池扣3元,image,EVD 唱戏机.jpg,数码网报价单-0831更新/平板相关/EVD 唱戏机.jpg,1,0.99,visual_manual
20260831-82d3455ed8ea1cec6ee0-01,2026-08-31,平板,device,唱戏机,,10.1寸唱戏机,,,屏坏,3,元/台,没电池扣3元,image,EVD 唱戏机.jpg,数码网报价单-0831更新/平板相关/EVD 唱戏机.jpg,1,0.99,visual_manual
20260831-535e7e7944308ece7431-01,2026-08-31,平板,device,娃娃机,,娃娃机9寸,,,屏好,12,元/台,,image,EVD 唱戏机.jpg,数码网报价单-0831更新/平板相关/EVD 唱戏机.jpg,1,0.99,visual_manual
20260831-0fbb61548c547165f878-01,2026-08-31,平板,device,娃娃机,,娃娃机9寸,,,屏坏,3,元/台,,image,EVD 唱戏机.jpg,数码网报价单-0831更新/平板相关/EVD 唱戏机.jpg,1,0.99,visual_manual
20260831-571ef448d9f01abb22f8-01,2026-08-31,平板,device,娃娃机,,娃娃机7寸,,,屏好,10,元/台,,image,EVD 唱戏机.jpg,数码网报价单-0831更新/平板相关/EVD 唱戏机.jpg,1,0.99,visual_manual
20260831-917471170e982bc7a5cc-01,2026-08-31,平板,device,娃娃机,,娃娃机7寸,,,屏坏,3,元/台,,image,EVD 唱戏机.jpg,数码网报价单-0831更新/平板相关/EVD 唱戏机.jpg,1,0.99,visual_manual
20260831-d8e42a1565fcb73d6af2-01,2026-08-31,平板,device,OPPO,平板,OPPO Pad2,,,开机屏好,350,元/台,,image,OV平板.jpg,数码网报价单-0831更新/平板相关/OV平板.jpg,1,0.99,visual_manual
20260831-140f7956a821881b21a3-01,2026-08-31,平板,device,OPPO,平板,OPPO Pad2,,,开机屏坏,300,元/台,,image,OV平板.jpg,数码网报价单-0831更新/平板相关/OV平板.jpg,1,0.99,visual_manual
20260831-8ee8ee3201dfbd5fcb83-01,2026-08-31,平板,device,OPPO,平板,OPPO Pad2,,,不开机,90,元/台,,image,OV平板.jpg,数码网报价单-0831更新/平板相关/OV平板.jpg,1,0.99,visual_manual
20260831-898650b16f7ffc9aed7c-01,2026-08-31,平板,device,OPPO,平板,OPPO Pad2,,,废板-整机,90,元/台,,image,OV平板.jpg,数码网报价单-0831更新/平板相关/OV平板.jpg,1,0.99,visual_manual
20260831-839f5e8cfc5eca87cc64-01,2026-08-31,平板,device,OPPO,平板,OPPO Pad,,,开机屏好,240,元/台,,image,OV平板.jpg,数码网报价单-0831更新/平板相关/OV平板.jpg,1,0.99,visual_manual
20260831-7ba948806da99c524c1f-01,2026-08-31,平板,device,OPPO,平板,OPPO Pad,,,开机屏坏,180,元/台,,image,OV平板.jpg,数码网报价单-0831更新/平板相关/OV平板.jpg,1,0.99,visual_manual
20260831-33d5aee7a704f02aa65e-01,2026-08-31,平板,device,OPPO,平板,OPPO Pad,,,不开机,90,元/台,,image,OV平板.jpg,数码网报价单-0831更新/平板相关/OV平板.jpg,1,0.99,visual_manual
20260831-01dd014b72319548747b-01,2026-08-31,平板,device,OPPO,平板,OPPO Pad,,,废板-整机,90,元/台,,image,OV平板.jpg,数码网报价单-0831更新/平板相关/OV平板.jpg,1,0.99,visual_manual
20260831-1d8ca182592d50c45a38-01,2026-08-31,平板,device,OPPO,平板,oppo pad air2,,,开机屏好,260,元/台,,image,OV平板.jpg,数码网报价单-0831更新/平板相关/OV平板.jpg,1,0.99,visual_manual
20260831-5b76ef39b30eed0da2d4-01,2026-08-31,平板,device,OPPO,平板,oppo pad air2,,,开机屏坏,180,元/台,,image,OV平板.jpg,数码网报价单-0831更新/平板相关/OV平板.jpg,1,0.99,visual_manual
20260831-ab685d670afcb2c145fa-01,2026-08-31,平板,device,OPPO,平板,oppo pad air2,,,不开机,90,元/台,,image,OV平板.jpg,数码网报价单-0831更新/平板相关/OV平板.jpg,1,0.99,visual_manual
20260831-e4dc7d7fa128da12cfc9-01,2026-08-31,平板,device,OPPO,平板,oppo pad air2,,,废板-整机,90,元/台,,image,OV平板.jpg,数码网报价单-0831更新/平板相关/OV平板.jpg,1,0.99,visual_manual
20260831-78bd459c39cc74ebbec0-01,2026-08-31,平板,device,OPPO,平板,OPPO Pad Air,,,开机屏好,90,元/台,,image,OV平板.jpg,数码网报价单-0831更新/平板相关/OV平板.jpg,1,0.99,visual_manual
20260831-5717aa0695a5a8f7cfeb-01,2026-08-31,平板,device,OPPO,平板,OPPO Pad Air,,,开机屏坏,90,元/台,,image,OV平板.jpg,数码网报价单-0831更新/平板相关/OV平板.jpg,1,0.99,visual_manual
20260831-fee289f7b1c361a1c2b8-01,2026-08-31,平板,device,OPPO,平板,OPPO Pad Air,,,不开机,90,元/台,,image,OV平板.jpg,数码网报价单-0831更新/平板相关/OV平板.jpg,1,0.99,visual_manual
20260831-121c8e2611a3b1acdfe2-01,2026-08-31,平板,device,OPPO,平板,OPPO Pad Air,,,废板-整机,90,元/台,,image,OV平板.jpg,数码网报价单-0831更新/平板相关/OV平板.jpg,1,0.99,visual_manual
20260831-d5430c55b9d70d6b86dc-01,2026-08-31,平板,device,vivo,平板,VIVO Pad2,,,开机屏好,280,元/台,,image,OV平板.jpg,数码网报价单-0831更新/平板相关/OV平板.jpg,1,0.99,visual_manual
20260831-f12f0228ce4a23818b34-01,2026-08-31,平板,device,vivo,平板,VIVO Pad2,,,开机屏坏,220,元/台,,image,OV平板.jpg,数码网报价单-0831更新/平板相关/OV平板.jpg,1,0.99,visual_manual
20260831-b93e5d241ba9613245c0-01,2026-08-31,平板,device,vivo,平板,VIVO Pad2,,,不开机,90,元/台,,image,OV平板.jpg,数码网报价单-0831更新/平板相关/OV平板.jpg,1,0.99,visual_manual
20260831-7fb380e6aa535d4e43b8-01,2026-08-31,平板,device,vivo,平板,VIVO Pad2,,,废板-整机,90,元/台,,image,OV平板.jpg,数码网报价单-0831更新/平板相关/OV平板.jpg,1,0.99,visual_manual
20260831-8dc42da96637ba6aaad4-01,2026-08-31,平板,device,vivo,平板,VIVO Pad3 Pro,,,开机屏好,400,元/台,,image,OV平板.jpg,数码网报价单-0831更新/平板相关/OV平板.jpg,1,0.99,visual_manual
20260831-b2202033a719c126f5c8-01,2026-08-31,平板,device,vivo,平板,VIVO Pad3 Pro,,,开机屏坏,350,元/台,,image,OV平板.jpg,数码网报价单-0831更新/平板相关/OV平板.jpg,1,0.99,visual_manual
20260831-92f1435fa5bfdd998af3-01,2026-08-31,平板,device,vivo,平板,VIVO Pad3 Pro,,,不开机,90,元/台,,image,OV平板.jpg,数码网报价单-0831更新/平板相关/OV平板.jpg,1,0.99,visual_manual
20260831-de872ff50313513c364f-01,2026-08-31,平板,device,vivo,平板,VIVO Pad3 Pro,,,废板-整机,90,元/台,,image,OV平板.jpg,数码网报价单-0831更新/平板相关/OV平板.jpg,1,0.99,visual_manual
20260831-f0af361bdc8eeb599eeb-01,2026-08-31,平板,device,vivo,平板,VIVO Pad air,,,开机屏好,90,元/台,,image,OV平板.jpg,数码网报价单-0831更新/平板相关/OV平板.jpg,1,0.99,visual_manual
20260831-958cf0c02ce484645e5e-01,2026-08-31,平板,device,vivo,平板,VIVO Pad air,,,开机屏坏,90,元/台,,image,OV平板.jpg,数码网报价单-0831更新/平板相关/OV平板.jpg,1,0.99,visual_manual
20260831-23bd332ef161320f75c5-01,2026-08-31,平板,device,vivo,平板,VIVO Pad air,,,不开机,90,元/台,,image,OV平板.jpg,数码网报价单-0831更新/平板相关/OV平板.jpg,1,0.99,visual_manual
20260831-56ba0c2c262a65c24c63-01,2026-08-31,平板,device,vivo,平板,VIVO Pad air,,,废板-整机,90,元/台,,image,OV平板.jpg,数码网报价单-0831更新/平板相关/OV平板.jpg,1,0.99,visual_manual
20260831-8ad2351b7fc285f15dc9-01,2026-08-31,平板,device,vivo,平板,VIVO Pad,,,开机屏好,90,元/台,,image,OV平板.jpg,数码网报价单-0831更新/平板相关/OV平板.jpg,1,0.99,visual_manual
20260831-a8d7573bdd353eedf9e2-01,2026-08-31,平板,device,vivo,平板,VIVO Pad,,,开机屏坏,90,元/台,,image,OV平板.jpg,数码网报价单-0831更新/平板相关/OV平板.jpg,1,0.99,visual_manual
20260831-6918e1d15dbe4257eb4c-01,2026-08-31,平板,device,vivo,平板,VIVO Pad,,,不开机,90,元/台,,image,OV平板.jpg,数码网报价单-0831更新/平板相关/OV平板.jpg,1,0.99,visual_manual
20260831-aa4929987c5bbdfdb7d4-01,2026-08-31,平板,device,vivo,平板,VIVO Pad,,,废板-整机,90,元/台,,image,OV平板.jpg,数码网报价单-0831更新/平板相关/OV平板.jpg,1,0.99,visual_manual
20260831-02b741424e302d14823f-01,2026-08-31,平板,device,iQOO,平板,IQOO PAD,,,开机屏好,180,元/台,,image,OV平板.jpg,数码网报价单-0831更新/平板相关/OV平板.jpg,1,0.99,visual_manual
20260831-99e6f1104e0985b4d3c7-01,2026-08-31,平板,device,iQOO,平板,IQOO PAD,,,开机屏坏,180,元/台,,image,OV平板.jpg,数码网报价单-0831更新/平板相关/OV平板.jpg,1,0.99,visual_manual
20260831-bf12bbf48b5b7cd88a50-01,2026-08-31,平板,device,iQOO,平板,IQOO PAD,,,不开机,90,元/台,,image,OV平板.jpg,数码网报价单-0831更新/平板相关/OV平板.jpg,1,0.99,visual_manual
20260831-6f717d7c5787575aaf14-01,2026-08-31,平板,device,iQOO,平板,IQOO PAD,,,废板-整机,90,元/台,,image,OV平板.jpg,数码网报价单-0831更新/平板相关/OV平板.jpg,1,0.99,visual_manual
20260831-f5418ce16fbb9c80279c-01,2026-08-31,平板,device,iQOO,平板,IQOO Pad AIR,,,开机屏好,120,元/台,,image,OV平板.jpg,数码网报价单-0831更新/平板相关/OV平板.jpg,1,0.99,visual_manual
20260831-e93b0d882f26f88de0fc-01,2026-08-31,平板,device,iQOO,平板,IQOO Pad AIR,,,开机屏坏,90,元/台,,image,OV平板.jpg,数码网报价单-0831更新/平板相关/OV平板.jpg,1,0.99,visual_manual
20260831-cb74b4868b77f1e649f8-01,2026-08-31,平板,device,iQOO,平板,IQOO Pad AIR,,,不开机,90,元/台,,image,OV平板.jpg,数码网报价单-0831更新/平板相关/OV平板.jpg,1,0.99,visual_manual
20260831-0e45422bf706f9f80092-01,2026-08-31,平板,device,iQOO,平板,IQOO Pad AIR,,,废板-整机,90,元/台,,image,OV平板.jpg,数码网报价单-0831更新/平板相关/OV平板.jpg,1,0.99,visual_manual
20260831-1f74024f44214d4e88a3-01,2026-08-31,平板,device,读书郎,,读书郎学习机C25,,,开机屏好,180,元/台,,image,家教机.jpg,数码网报价单-0831更新/平板相关/家教机.jpg,1,0.99,visual_manual
20260831-b35bf43b2da91a6b452a-01,2026-08-31,平板,device,读书郎,,读书郎学习机C25,,,开机屏坏,32,元/台,,image,家教机.jpg,数码网报价单-0831更新/平板相关/家教机.jpg,1,0.99,visual_manual
20260831-b05032de9b4db140e9e7-01,2026-08-31,平板,device,读书郎,,读书郎学习机C25,,,不开机,32,元/台,,image,家教机.jpg,数码网报价单-0831更新/平板相关/家教机.jpg,1,0.99,visual_manual
20260831-2c3c9877145c54358218-01,2026-08-31,平板,device,读书郎,,读书郎学习机C15,,,开机屏好,40,元/台,,image,家教机.jpg,数码网报价单-0831更新/平板相关/家教机.jpg,1,0.99,visual_manual
20260831-d0bcd9700f4f858fe73d-01,2026-08-31,平板,device,读书郎,,读书郎学习机C15,,,开机屏坏,40,元/台,,image,家教机.jpg,数码网报价单-0831更新/平板相关/家教机.jpg,1,0.99,visual_manual
20260831-60c135da14a689bedae6-01,2026-08-31,平板,device,读书郎,,读书郎学习机C15,,,不开机,40,元/台,,image,家教机.jpg,数码网报价单-0831更新/平板相关/家教机.jpg,1,0.99,visual_manual
20260831-a145f8cef7e90847b1e7-01,2026-08-31,平板,device,读书郎,,读书郎学习机C12,,,开机屏好,35,元/台,,image,家教机.jpg,数码网报价单-0831更新/平板相关/家教机.jpg,1,0.99,visual_manual
20260831-10d297db9f53e9c42358-01,2026-08-31,平板,device,读书郎,,读书郎学习机C12,,,开机屏坏,20,元/台,,image,家教机.jpg,数码网报价单-0831更新/平板相关/家教机.jpg,1,0.99,visual_manual
20260831-9de2bf2b3a224aaf0d84-01,2026-08-31,平板,device,读书郎,,读书郎学习机C12,,,不开机,20,元/台,,image,家教机.jpg,数码网报价单-0831更新/平板相关/家教机.jpg,1,0.99,visual_manual
20260831-a72a1064e7b67eebeffc-01,2026-08-31,平板,device,读书郎,,读书郎学习机C10X,,,开机屏好,15,元/台,,image,家教机.jpg,数码网报价单-0831更新/平板相关/家教机.jpg,1,0.99,visual_manual
20260831-6ae7fff6802f44ca758b-01,2026-08-31,平板,device,读书郎,,读书郎学习机C10X,,,开机屏坏,15,元/台,,image,家教机.jpg,数码网报价单-0831更新/平板相关/家教机.jpg,1,0.99,visual_manual
20260831-a6f4bf4eb357a09dc36c-01,2026-08-31,平板,device,读书郎,,读书郎学习机C10X,,,不开机,15,元/台,,image,家教机.jpg,数码网报价单-0831更新/平板相关/家教机.jpg,1,0.99,visual_manual
20260831-8e83a48f087b04d0825c-01,2026-08-31,平板,device,读书郎,,读书郎学习机C10,,,开机屏好,15,元/台,,image,家教机.jpg,数码网报价单-0831更新/平板相关/家教机.jpg,1,0.99,visual_manual
20260831-54f9d81ed6d8eba97866-01,2026-08-31,平板,device,读书郎,,读书郎学习机C10,,,开机屏坏,15,元/台,,image,家教机.jpg,数码网报价单-0831更新/平板相关/家教机.jpg,1,0.99,visual_manual
20260831-2976aba0c6d4dc90eaff-01,2026-08-31,平板,device,读书郎,,读书郎学习机C10,,,不开机,15,元/台,,image,家教机.jpg,数码网报价单-0831更新/平板相关/家教机.jpg,1,0.99,visual_manual
20260831-ec75f563fcdb830d662c-01,2026-08-31,平板,device,读书郎,,读书郎学习机S5,,,开机屏好,15,元/台,,image,家教机.jpg,数码网报价单-0831更新/平板相关/家教机.jpg,1,0.99,visual_manual
20260831-896d45aaa8fc64cfe823-01,2026-08-31,平板,device,读书郎,,读书郎学习机S5,,,开机屏坏,15,元/台,,image,家教机.jpg,数码网报价单-0831更新/平板相关/家教机.jpg,1,0.99,visual_manual
20260831-c607ab18fab734c38602-01,2026-08-31,平板,device,读书郎,,读书郎学习机S5,,,不开机,15,元/台,,image,家教机.jpg,数码网报价单-0831更新/平板相关/家教机.jpg,1,0.99,visual_manual
20260831-349ca24ac2b9d952dfe4-01,2026-08-31,平板,device,读书郎,,读书郎学习机G35/G35S,,,开机屏好,22,元/台,,image,家教机.jpg,数码网报价单-0831更新/平板相关/家教机.jpg,1,0.99,visual_manual
20260831-a24a3a72a909dd4c698d-01,2026-08-31,平板,device,读书郎,,读书郎学习机G35/G35S,,,开机屏坏,22,元/台,,image,家教机.jpg,数码网报价单-0831更新/平板相关/家教机.jpg,1,0.99,visual_manual
20260831-fc05e00ebfcff8abb104-01,2026-08-31,平板,device,读书郎,,读书郎学习机G35/G35S,,,不开机,22,元/台,,image,家教机.jpg,数码网报价单-0831更新/平板相关/家教机.jpg,1,0.99,visual_manual
20260831-05932f1c45bead4a5ee2-01,2026-08-31,平板,device,读书郎,,读书郎学习机G90S,,,开机屏好,25,元/台,,image,家教机.jpg,数码网报价单-0831更新/平板相关/家教机.jpg,1,0.99,visual_manual
20260831-d5e44fce2bb6dd17f804-01,2026-08-31,平板,device,读书郎,,读书郎学习机G90S,,,开机屏坏,25,元/台,,image,家教机.jpg,数码网报价单-0831更新/平板相关/家教机.jpg,1,0.99,visual_manual
20260831-e6cd336ffb33f8136231-01,2026-08-31,平板,device,读书郎,,读书郎学习机G90S,,,不开机,25,元/台,,image,家教机.jpg,数码网报价单-0831更新/平板相关/家教机.jpg,1,0.99,visual_manual
20260831-dc030bcc56b2aab66850-01,2026-08-31,平板,device,读书郎,,读书郎学习机G90,,,开机屏好,25,元/台,,image,家教机.jpg,数码网报价单-0831更新/平板相关/家教机.jpg,1,0.99,visual_manual
20260831-f398854818fa38aa690a-01,2026-08-31,平板,device,读书郎,,读书郎学习机G90,,,开机屏坏,25,元/台,,image,家教机.jpg,数码网报价单-0831更新/平板相关/家教机.jpg,1,0.99,visual_manual
20260831-636bd2b30eae5d455136-01,2026-08-31,平板,device,读书郎,,读书郎学习机G90,,,不开机,25,元/台,,image,家教机.jpg,数码网报价单-0831更新/平板相关/家教机.jpg,1,0.99,visual_manual
20260831-f083627d36b231695d34-01,2026-08-31,平板,device,步步高,,S2步步高,,,开机屏好,40,元/台,,image,家教机.jpg,数码网报价单-0831更新/平板相关/家教机.jpg,1,0.99,visual_manual
20260831-06e2998e4da52d6e0d52-01,2026-08-31,平板,device,步步高,,S2步步高,,,开机屏坏,15,元/台,,image,家教机.jpg,数码网报价单-0831更新/平板相关/家教机.jpg,1,0.99,visual_manual
20260831-8c11cd1cca40f35a1dd2-01,2026-08-31,平板,device,步步高,,S2步步高,,,不开机,15,元/台,,image,家教机.jpg,数码网报价单-0831更新/平板相关/家教机.jpg,1,0.99,visual_manual
20260831-94e6ba1e3a8178ee64b4-01,2026-08-31,平板,device,步步高,,S3,,,开机屏好,15,元/台,,image,家教机.jpg,数码网报价单-0831更新/平板相关/家教机.jpg,1,0.99,visual_manual
20260831-2dca875637fcdc224d0d-01,2026-08-31,平板,device,步步高,,S3,,,开机屏坏,15,元/台,,image,家教机.jpg,数码网报价单-0831更新/平板相关/家教机.jpg,1,0.99,visual_manual
20260831-5abef8a5c35eeb9771c1-01,2026-08-31,平板,device,步步高,,S3,,,不开机,15,元/台,,image,家教机.jpg,数码网报价单-0831更新/平板相关/家教机.jpg,1,0.99,visual_manual
20260831-5055b0c3a8c5fd339ed1-01,2026-08-31,平板,device,步步高,,S5步步高,,,开机屏好,90,元/台,,image,家教机.jpg,数码网报价单-0831更新/平板相关/家教机.jpg,1,0.99,visual_manual
20260831-05fe8890325563f44f08-01,2026-08-31,平板,device,步步高,,S5步步高,,,开机屏坏,90,元/台,,image,家教机.jpg,数码网报价单-0831更新/平板相关/家教机.jpg,1,0.99,visual_manual
20260831-6a9f84de3d77aaadad3d-01,2026-08-31,平板,device,步步高,,S5步步高,,,不开机,90,元/台,,image,家教机.jpg,数码网报价单-0831更新/平板相关/家教机.jpg,1,0.99,visual_manual
20260831-869799aeb9960d4712a7-01,2026-08-31,平板,device,步步高,,S8步步高,,,开机屏好,500,元/台,,image,家教机.jpg,数码网报价单-0831更新/平板相关/家教机.jpg,1,0.99,visual_manual
20260831-3d6e1a41829a4bb6f038-01,2026-08-31,平板,device,步步高,,S8步步高,,,开机屏坏,100,元/台,,image,家教机.jpg,数码网报价单-0831更新/平板相关/家教机.jpg,1,0.99,visual_manual
20260831-d543a7c4e323c8cebc22-01,2026-08-31,平板,device,步步高,,S8步步高,,,不开机,100,元/台,,image,家教机.jpg,数码网报价单-0831更新/平板相关/家教机.jpg,1,0.99,visual_manual
20260831-9fdc1b10aa91a53f7cef-01,2026-08-31,平板,device,步步高,,S6步步高,,,开机屏好,100,元/台,,image,家教机.jpg,数码网报价单-0831更新/平板相关/家教机.jpg,1,0.99,visual_manual
20260831-41858d3d367b88c9b930-01,2026-08-31,平板,device,步步高,,S6步步高,,,开机屏坏,100,元/台,,image,家教机.jpg,数码网报价单-0831更新/平板相关/家教机.jpg,1,0.99,visual_manual
20260831-2dd1e2e64c8287148b80-01,2026-08-31,平板,device,步步高,,S6步步高,,,不开机,100,元/台,,image,家教机.jpg,数码网报价单-0831更新/平板相关/家教机.jpg,1,0.99,visual_manual
20260831-aebdc83994958e91a7dd-01,2026-08-31,平板,device,步步高,,S7步步高,,,开机屏好,300,元/台,,image,家教机.jpg,数码网报价单-0831更新/平板相关/家教机.jpg,1,0.99,visual_manual
20260831-f74da7e2c2e54bf0dd9e-01,2026-08-31,平板,device,步步高,,S7步步高,,,开机屏坏,100,元/台,,image,家教机.jpg,数码网报价单-0831更新/平板相关/家教机.jpg,1,0.99,visual_manual
20260831-782d97874fe1280057ce-01,2026-08-31,平板,device,步步高,,S7步步高,,,不开机,100,元/台,,image,家教机.jpg,数码网报价单-0831更新/平板相关/家教机.jpg,1,0.99,visual_manual
20260831-08aed2ec0e52e857b540-01,2026-08-31,平板,device,步步高,,S8,,,开机屏好,400,元/台,,image,家教机.jpg,数码网报价单-0831更新/平板相关/家教机.jpg,1,0.99,visual_manual
20260831-943009d5fec9fe97bea3-01,2026-08-31,平板,device,步步高,,S8,,,开机屏坏,100,元/台,,image,家教机.jpg,数码网报价单-0831更新/平板相关/家教机.jpg,1,0.99,visual_manual
20260831-8f7216fe7b1767a40459-01,2026-08-31,平板,device,步步高,,S8,,,不开机,100,元/台,,image,家教机.jpg,数码网报价单-0831更新/平板相关/家教机.jpg,1,0.99,visual_manual
20260831-84ca19941a0613fde328-01,2026-08-31,平板,device,小米,平板,小米平板6 Max,,,开机屏好,350,元/台,,image,小米平板.jpg,数码网报价单-0831更新/平板相关/小米平板.jpg,1,0.99,visual_manual
20260831-3db7781647f2b6d83ba8-01,2026-08-31,平板,device,小米,平板,小米平板6 Max,,,开机屏坏,350,元/台,,image,小米平板.jpg,数码网报价单-0831更新/平板相关/小米平板.jpg,1,0.99,visual_manual
20260831-91d7b4bf8b095815e39b-01,2026-08-31,平板,device,小米,平板,小米平板6 Max,,,不开机,120,元/台,,image,小米平板.jpg,数码网报价单-0831更新/平板相关/小米平板.jpg,1,0.99,visual_manual
20260831-d7a1c80e5acbd2e52e5c-01,2026-08-31,平板,device,小米,平板,小米平板6 Max,,,废板-整机,120,元/台,,image,小米平板.jpg,数码网报价单-0831更新/平板相关/小米平板.jpg,1,0.99,visual_manual
20260831-3d843877522c544638ba-01,2026-08-31,平板,device,小米,平板,小米平板6S Pro,,,开机屏好,350,元/台,,image,小米平板.jpg,数码网报价单-0831更新/平板相关/小米平板.jpg,1,0.99,visual_manual
20260831-0f991fde798c46881db2-01,2026-08-31,平板,device,小米,平板,小米平板6S Pro,,,开机屏坏,350,元/台,,image,小米平板.jpg,数码网报价单-0831更新/平板相关/小米平板.jpg,1,0.99,visual_manual
20260831-a80363144189d691a662-01,2026-08-31,平板,device,小米,平板,小米平板6S Pro,,,不开机,120,元/台,,image,小米平板.jpg,数码网报价单-0831更新/平板相关/小米平板.jpg,1,0.99,visual_manual
20260831-aabe8c0372268857976e-01,2026-08-31,平板,device,小米,平板,小米平板6S Pro,,,废板-整机,120,元/台,,image,小米平板.jpg,数码网报价单-0831更新/平板相关/小米平板.jpg,1,0.99,visual_manual
20260831-242245b6080aeebda3cd-01,2026-08-31,平板,device,小米,平板,小米平板6 Pro,,,开机屏好,350,元/台,,image,小米平板.jpg,数码网报价单-0831更新/平板相关/小米平板.jpg,1,0.99,visual_manual
20260831-fdf3e93d39792715e5ab-01,2026-08-31,平板,device,小米,平板,小米平板6 Pro,,,开机屏坏,350,元/台,,image,小米平板.jpg,数码网报价单-0831更新/平板相关/小米平板.jpg,1,0.99,visual_manual
20260831-081337c7141fd95e5912-01,2026-08-31,平板,device,小米,平板,小米平板6 Pro,,,不开机,120,元/台,,image,小米平板.jpg,数码网报价单-0831更新/平板相关/小米平板.jpg,1,0.99,visual_manual
20260831-f5248156fb07a71c84e7-01,2026-08-31,平板,device,小米,平板,小米平板6 Pro,,,废板-整机,120,元/台,,image,小米平板.jpg,数码网报价单-0831更新/平板相关/小米平板.jpg,1,0.99,visual_manual
20260831-ebbcd4131a77fab1a091-01,2026-08-31,平板,device,小米,平板,小米平板6,,,开机屏好,350,元/台,,image,小米平板.jpg,数码网报价单-0831更新/平板相关/小米平板.jpg,1,0.99,visual_manual
20260831-1a5d9a58bfbee86b870e-01,2026-08-31,平板,device,小米,平板,小米平板6,,,开机屏坏,350,元/台,,image,小米平板.jpg,数码网报价单-0831更新/平板相关/小米平板.jpg,1,0.99,visual_manual
20260831-9f0ed9e86c61dce3a7e7-01,2026-08-31,平板,device,小米,平板,小米平板6,,,不开机,120,元/台,,image,小米平板.jpg,数码网报价单-0831更新/平板相关/小米平板.jpg,1,0.99,visual_manual
20260831-274a050ddfb108c5ad30-01,2026-08-31,平板,device,小米,平板,小米平板6,,,废板-整机,120,元/台,,image,小米平板.jpg,数码网报价单-0831更新/平板相关/小米平板.jpg,1,0.99,visual_manual
20260831-8f4648dfbf608607e23f-01,2026-08-31,平板,device,小米,平板,小米平板5 Pro,,,开机屏好,300,元/台,,image,小米平板.jpg,数码网报价单-0831更新/平板相关/小米平板.jpg,1,0.99,visual_manual
20260831-34e85a29fd8d484d1eca-01,2026-08-31,平板,device,小米,平板,小米平板5 Pro,,,开机屏坏,300,元/台,,image,小米平板.jpg,数码网报价单-0831更新/平板相关/小米平板.jpg,1,0.99,visual_manual
20260831-bd84681bd924b15440f4-01,2026-08-31,平板,device,小米,平板,小米平板5 Pro,,,不开机,100,元/台,,image,小米平板.jpg,数码网报价单-0831更新/平板相关/小米平板.jpg,1,0.99,visual_manual
20260831-186e62d3f783ec3669f7-01,2026-08-31,平板,device,小米,平板,小米平板5 Pro,,,废板-整机,100,元/台,,image,小米平板.jpg,数码网报价单-0831更新/平板相关/小米平板.jpg,1,0.99,visual_manual
20260831-bf70aeefbb6dd074f152-01,2026-08-31,平板,device,小米,平板,小米平板5,,,开机屏好,230,元/台,,image,小米平板.jpg,数码网报价单-0831更新/平板相关/小米平板.jpg,1,0.99,visual_manual
20260831-9335e754390b85f0fb01-01,2026-08-31,平板,device,小米,平板,小米平板5,,,开机屏坏,230,元/台,,image,小米平板.jpg,数码网报价单-0831更新/平板相关/小米平板.jpg,1,0.99,visual_manual
20260831-54ccbbba89a307fd495c-01,2026-08-31,平板,device,小米,平板,小米平板5,,,不开机,100,元/台,,image,小米平板.jpg,数码网报价单-0831更新/平板相关/小米平板.jpg,1,0.99,visual_manual
20260831-64cdf16db42e7a53bf07-01,2026-08-31,平板,device,小米,平板,小米平板5,,,废板-整机,100,元/台,,image,小米平板.jpg,数码网报价单-0831更新/平板相关/小米平板.jpg,1,0.99,visual_manual
20260831-a6de132c49e7c1c8bab8-01,2026-08-31,平板,device,小米,平板,小米平板4 pro,,,开机屏好,110,元/台,,image,小米平板.jpg,数码网报价单-0831更新/平板相关/小米平板.jpg,1,0.99,visual_manual
20260831-e3c9d2a4a73190ac7ae2-01,2026-08-31,平板,device,小米,平板,小米平板4 pro,,,开机屏坏,110,元/台,,image,小米平板.jpg,数码网报价单-0831更新/平板相关/小米平板.jpg,1,0.99,visual_manual
20260831-2050e47b463335a62a5f-01,2026-08-31,平板,device,小米,平板,小米平板4 pro,,,不开机,110,元/台,,image,小米平板.jpg,数码网报价单-0831更新/平板相关/小米平板.jpg,1,0.99,visual_manual
20260831-cd2e74b628170e8a02f2-01,2026-08-31,平板,device,小米,平板,小米平板4 pro,,,废板-整机,110,元/台,,image,小米平板.jpg,数码网报价单-0831更新/平板相关/小米平板.jpg,1,0.99,visual_manual
20260831-02d81a65465cbee83436-01,2026-08-31,平板,device,小米,平板,小米平板4代,,,开机屏好,100,元/台,,image,小米平板.jpg,数码网报价单-0831更新/平板相关/小米平板.jpg,1,0.99,visual_manual
20260831-a5426bcbbe9566a85c0f-01,2026-08-31,平板,device,小米,平板,小米平板4代,,,开机屏坏,100,元/台,,image,小米平板.jpg,数码网报价单-0831更新/平板相关/小米平板.jpg,1,0.99,visual_manual
20260831-2d63c7e9d416c1738bb4-01,2026-08-31,平板,device,小米,平板,小米平板4代,,,不开机,100,元/台,,image,小米平板.jpg,数码网报价单-0831更新/平板相关/小米平板.jpg,1,0.99,visual_manual
20260831-d3713595478514e90678-01,2026-08-31,平板,device,小米,平板,小米平板4代,,,废板-整机,100,元/台,,image,小米平板.jpg,数码网报价单-0831更新/平板相关/小米平板.jpg,1,0.99,visual_manual
20260831-918b0bb0c84991ce8aa6-01,2026-08-31,平板,device,小米,平板,小米平板3代,,,开机屏好,30,元/台,,image,小米平板.jpg,数码网报价单-0831更新/平板相关/小米平板.jpg,1,0.99,visual_manual
20260831-72440dce4d5f75782240-01,2026-08-31,平板,device,小米,平板,小米平板3代,,,开机屏坏,30,元/台,,image,小米平板.jpg,数码网报价单-0831更新/平板相关/小米平板.jpg,1,0.99,visual_manual
20260831-6cccc2dbce5d885343be-01,2026-08-31,平板,device,小米,平板,小米平板3代,,,不开机,30,元/台,,image,小米平板.jpg,数码网报价单-0831更新/平板相关/小米平板.jpg,1,0.99,visual_manual
20260831-2f110889d0463bb766e2-01,2026-08-31,平板,device,小米,平板,小米平板3代,,,废板-整机,30,元/台,,image,小米平板.jpg,数码网报价单-0831更新/平板相关/小米平板.jpg,1,0.99,visual_manual
20260831-1b5251ad74514f961d08-01,2026-08-31,平板,device,小米,平板,小米平板2代,,,开机屏好,30,元/台,,image,小米平板.jpg,数码网报价单-0831更新/平板相关/小米平板.jpg,1,0.99,visual_manual
20260831-df636897b4bd07b7177d-01,2026-08-31,平板,device,小米,平板,小米平板2代,,,开机屏坏,30,元/台,,image,小米平板.jpg,数码网报价单-0831更新/平板相关/小米平板.jpg,1,0.99,visual_manual
20260831-99c081d5f4b67385a37e-01,2026-08-31,平板,device,小米,平板,小米平板2代,,,不开机,30,元/台,,image,小米平板.jpg,数码网报价单-0831更新/平板相关/小米平板.jpg,1,0.99,visual_manual
20260831-a0993a0d8479eba98ae5-01,2026-08-31,平板,device,小米,平板,小米平板2代,,,废板-整机,30,元/台,,image,小米平板.jpg,数码网报价单-0831更新/平板相关/小米平板.jpg,1,0.99,visual_manual
20260831-a79b3380653a6dffc770-01,2026-08-31,平板,device,小米,平板,平板一代,,,开机屏好,30,元/台,,image,小米平板.jpg,数码网报价单-0831更新/平板相关/小米平板.jpg,1,0.99,visual_manual
20260831-e5ef8a66144b54fc6f4e-01,2026-08-31,平板,device,小米,平板,平板一代,,,开机屏坏,30,元/台,,image,小米平板.jpg,数码网报价单-0831更新/平板相关/小米平板.jpg,1,0.99,visual_manual
20260831-efe7a406cfe5eed07416-01,2026-08-31,平板,device,小米,平板,平板一代,,,不开机,30,元/台,,image,小米平板.jpg,数码网报价单-0831更新/平板相关/小米平板.jpg,1,0.99,visual_manual
20260831-9f918e4af842e26162aa-01,2026-08-31,平板,device,小米,平板,平板一代,,,废板-整机,30,元/台,,image,小米平板.jpg,数码网报价单-0831更新/平板相关/小米平板.jpg,1,0.99,visual_manual
20260831-8701cdedea049ed94256-01,2026-08-31,平板,device,小米,平板,Redmi Pad 10.6寸,,,开机屏好,190,元/台,,image,小米平板.jpg,数码网报价单-0831更新/平板相关/小米平板.jpg,1,0.99,visual_manual
20260831-cc5102e9d8b076627364-01,2026-08-31,平板,device,小米,平板,Redmi Pad 10.6寸,,,开机屏坏,190,元/台,,image,小米平板.jpg,数码网报价单-0831更新/平板相关/小米平板.jpg,1,0.99,visual_manual
20260831-6d5574217dd7d5e3f310-01,2026-08-31,平板,device,小米,平板,Redmi Pad 10.6寸,,,不开机,140,元/台,,image,小米平板.jpg,数码网报价单-0831更新/平板相关/小米平板.jpg,1,0.99,visual_manual
20260831-70c49cb7f05a9424a4a2-01,2026-08-31,平板,device,小米,平板,Redmi Pad 10.6寸,,,废板-整机,140,元/台,,image,小米平板.jpg,数码网报价单-0831更新/平板相关/小米平板.jpg,1,0.99,visual_manual
20260831-bf74afcbd45e0ba78488-01,2026-08-31,平板,device,小米,平板,Redmi Pad SE 11.5寸,,,开机屏好,190,元/台,,image,小米平板.jpg,数码网报价单-0831更新/平板相关/小米平板.jpg,1,0.99,visual_manual
20260831-587142a03ad206e0b9a4-01,2026-08-31,平板,device,小米,平板,Redmi Pad SE 11.5寸,,,开机屏坏,190,元/台,,image,小米平板.jpg,数码网报价单-0831更新/平板相关/小米平板.jpg,1,0.99,visual_manual
20260831-8a19969269b1daf00aeb-01,2026-08-31,平板,device,小米,平板,Redmi Pad SE 11.5寸,,,不开机,140,元/台,,image,小米平板.jpg,数码网报价单-0831更新/平板相关/小米平板.jpg,1,0.99,visual_manual
20260831-40fa25ac9afb7f6afed9-01,2026-08-31,平板,device,小米,平板,Redmi Pad SE 11.5寸,,,废板-整机,140,元/台,,image,小米平板.jpg,数码网报价单-0831更新/平板相关/小米平板.jpg,1,0.99,visual_manual
20260831-be0f00ff5612935f5a7c-01,2026-08-31,平板,device,杂牌平板,,9.6金边,,,屏好,30,元/台,,image,杂牌平板.jpg,数码网报价单-0831更新/平板相关/杂牌平板.jpg,1,0.99,visual_manual
20260831-aa8594d4749ca374e839-01,2026-08-31,平板,device,杂牌平板,,9.6金边,,,屏坏,10,元/台,,image,杂牌平板.jpg,数码网报价单-0831更新/平板相关/杂牌平板.jpg,1,0.99,visual_manual
20260831-3e12ce183c10c96b714e-01,2026-08-31,平板,device,杂牌平板,,8.9寸,,,屏好,20,元/台,,image,杂牌平板.jpg,数码网报价单-0831更新/平板相关/杂牌平板.jpg,1,0.99,visual_manual
20260831-766c38c6714f1c889097-01,2026-08-31,平板,device,杂牌平板,,8.9寸,,,屏坏,10,元/台,,image,杂牌平板.jpg,数码网报价单-0831更新/平板相关/杂牌平板.jpg,1,0.99,visual_manual
20260831-77e2b9d46b14128a2f0b-01,2026-08-31,平板,device,杂牌平板,,7寸平板,,,屏好,20,元/台,,image,杂牌平板.jpg,数码网报价单-0831更新/平板相关/杂牌平板.jpg,1,0.99,visual_manual
20260831-0255beeda7dc0330b09d-01,2026-08-31,平板,device,杂牌平板,,7寸平板,,,屏坏,10,元/台,,image,杂牌平板.jpg,数码网报价单-0831更新/平板相关/杂牌平板.jpg,1,0.99,visual_manual
20260831-e5c11ec06f4bfa1eeece-01,2026-08-31,平板,device,杂牌平板,,杂牌导航(THULE),,,屏好,10,元/台,,image,杂牌平板.jpg,数码网报价单-0831更新/平板相关/杂牌平板.jpg,1,0.99,visual_manual
20260831-f69e6c5eabf69f8e1549-01,2026-08-31,平板,device,杂牌平板,,杂牌导航(THULE),,,屏坏,10,元/台,,image,杂牌平板.jpg,数码网报价单-0831更新/平板相关/杂牌平板.jpg,1,0.99,visual_manual
20260831-41acc1b285b96a593032-01,2026-08-31,平板,device,荣耀,,荣耀平板V8 11寸,,,开机屏好,160,元/台,,image,荣耀平板.jpg,数码网报价单-0831更新/平板相关/荣耀平板.jpg,1,0.99,visual_manual
20260831-0dbdaf430883782dac03-01,2026-08-31,平板,device,荣耀,,荣耀平板V8 11寸,,,开机屏坏,160,元/台,,image,荣耀平板.jpg,数码网报价单-0831更新/平板相关/荣耀平板.jpg,1,0.99,visual_manual
20260831-f969dfda346ee4104810-01,2026-08-31,平板,device,荣耀,,荣耀平板V8 11寸,,,不开机,70,元/台,,image,荣耀平板.jpg,数码网报价单-0831更新/平板相关/荣耀平板.jpg,1,0.99,visual_manual
20260831-0d6e36c9dc0df3a3934c-01,2026-08-31,平板,device,荣耀,,荣耀平板V8 11寸,,,废板-整机,70,元/台,,image,荣耀平板.jpg,数码网报价单-0831更新/平板相关/荣耀平板.jpg,1,0.99,visual_manual
20260831-5b2237dd8425eeeed366-01,2026-08-31,平板,device,荣耀,,荣耀平板V6 10.4英寸,,,开机屏好,100,元/台,,image,荣耀平板.jpg,数码网报价单-0831更新/平板相关/荣耀平板.jpg,1,0.99,visual_manual
20260831-ec19b216c4b7dc1d0187-01,2026-08-31,平板,device,荣耀,,荣耀平板V6 10.4英寸,,,开机屏坏,100,元/台,,image,荣耀平板.jpg,数码网报价单-0831更新/平板相关/荣耀平板.jpg,1,0.99,visual_manual
20260831-7c0636f4e002d631ed3f-01,2026-08-31,平板,device,荣耀,,荣耀平板V6 10.4英寸,,,不开机,40,元/台,,image,荣耀平板.jpg,数码网报价单-0831更新/平板相关/荣耀平板.jpg,1,0.99,visual_manual
20260831-0197f2d81bc9d3a8c3a8-01,2026-08-31,平板,device,荣耀,,荣耀平板V6 10.4英寸,,,废板-整机,40,元/台,,image,荣耀平板.jpg,数码网报价单-0831更新/平板相关/荣耀平板.jpg,1,0.99,visual_manual
20260831-4e7ec7186e962547b5d1-01,2026-08-31,平板,device,荣耀,,荣耀平板9 12.1寸,,,开机屏好,300,元/台,,image,荣耀平板.jpg,数码网报价单-0831更新/平板相关/荣耀平板.jpg,1,0.99,visual_manual
20260831-8ed70e81d9c6b73a897a-01,2026-08-31,平板,device,荣耀,,荣耀平板9 12.1寸,,,开机屏坏,300,元/台,,image,荣耀平板.jpg,数码网报价单-0831更新/平板相关/荣耀平板.jpg,1,0.99,visual_manual
20260831-53b1b1784c744281eeb1-01,2026-08-31,平板,device,荣耀,,荣耀平板9 12.1寸,,,不开机,200,元/台,,image,荣耀平板.jpg,数码网报价单-0831更新/平板相关/荣耀平板.jpg,1,0.99,visual_manual
20260831-53ecf46e0071f5adf1d3-01,2026-08-31,平板,device,荣耀,,荣耀平板9 12.1寸,,,废板-整机,200,元/台,,image,荣耀平板.jpg,数码网报价单-0831更新/平板相关/荣耀平板.jpg,1,0.99,visual_manual
20260831-34f8b2aa68836a3f5289-01,2026-08-31,平板,device,荣耀,,荣耀平板8 12寸,,,开机屏好,160,元/台,,image,荣耀平板.jpg,数码网报价单-0831更新/平板相关/荣耀平板.jpg,1,0.99,visual_manual
20260831-27f3fccd1993063b88a1-01,2026-08-31,平板,device,荣耀,,荣耀平板8 12寸,,,开机屏坏,140,元/台,,image,荣耀平板.jpg,数码网报价单-0831更新/平板相关/荣耀平板.jpg,1,0.99,visual_manual
20260831-5d80305c295a6d105bee-01,2026-08-31,平板,device,荣耀,,荣耀平板8 12寸,,,不开机,40,元/台,,image,荣耀平板.jpg,数码网报价单-0831更新/平板相关/荣耀平板.jpg,1,0.99,visual_manual
20260831-8faffea41f4c8b8e8782-01,2026-08-31,平板,device,荣耀,,荣耀平板8 12寸,,,废板-整机,15,元/台,,image,荣耀平板.jpg,数码网报价单-0831更新/平板相关/荣耀平板.jpg,1,0.99,visual_manual
20260831-604731a97c35e5978dec-01,2026-08-31,平板,device,荣耀,,荣耀平板7 10.1寸 WiFi版,,,开机屏好,80,元/台,,image,荣耀平板.jpg,数码网报价单-0831更新/平板相关/荣耀平板.jpg,1,0.99,visual_manual
20260831-6bd5ed29d428cccc547a-01,2026-08-31,平板,device,荣耀,,荣耀平板7 10.1寸 WiFi版,,,开机屏坏,80,元/台,,image,荣耀平板.jpg,数码网报价单-0831更新/平板相关/荣耀平板.jpg,1,0.99,visual_manual
20260831-5b5e5180f055a79423b3-01,2026-08-31,平板,device,荣耀,,荣耀平板7 10.1寸 WiFi版,,,不开机,40,元/台,,image,荣耀平板.jpg,数码网报价单-0831更新/平板相关/荣耀平板.jpg,1,0.99,visual_manual
20260831-b4cf62286e5f8ff208db-01,2026-08-31,平板,device,荣耀,,荣耀平板7 10.1寸 WiFi版,,,废板-整机,40,元/台,,image,荣耀平板.jpg,数码网报价单-0831更新/平板相关/荣耀平板.jpg,1,0.99,visual_manual
20260831-59a9f6443053227ad48f-01,2026-08-31,平板,device,荣耀,,荣耀平板5 10.1英寸 WiFi版,,,开机屏好,35,元/台,,image,荣耀平板.jpg,数码网报价单-0831更新/平板相关/荣耀平板.jpg,1,0.99,visual_manual
20260831-6af5dd0bf45796dcd866-01,2026-08-31,平板,device,荣耀,,荣耀平板5 10.1英寸 WiFi版,,,开机屏坏,35,元/台,,image,荣耀平板.jpg,数码网报价单-0831更新/平板相关/荣耀平板.jpg,1,0.99,visual_manual
20260831-fbb718fdb8cd76c65d43-01,2026-08-31,平板,device,荣耀,,荣耀平板5 10.1英寸 WiFi版,,,不开机,35,元/台,,image,荣耀平板.jpg,数码网报价单-0831更新/平板相关/荣耀平板.jpg,1,0.99,visual_manual
20260831-5e4daba3c6e643432d3f-01,2026-08-31,平板,device,荣耀,,荣耀平板5 10.1英寸 WiFi版,,,废板-整机,35,元/台,,image,荣耀平板.jpg,数码网报价单-0831更新/平板相关/荣耀平板.jpg,1,0.99,visual_manual
20260831-27b37a4f438526943d80-01,2026-08-31,平板,device,荣耀,,荣耀x1,,,开机屏好,20,元/台,,image,荣耀平板.jpg,数码网报价单-0831更新/平板相关/荣耀平板.jpg,1,0.99,visual_manual
20260831-69257d50d4d02a278c1e-01,2026-08-31,平板,device,荣耀,,荣耀x1,,,开机屏坏,20,元/台,,image,荣耀平板.jpg,数码网报价单-0831更新/平板相关/荣耀平板.jpg,1,0.99,visual_manual
20260831-c8ade9e7019ebed6559b-01,2026-08-31,平板,device,荣耀,,荣耀x1,,,不开机,20,元/台,,image,荣耀平板.jpg,数码网报价单-0831更新/平板相关/荣耀平板.jpg,1,0.99,visual_manual
20260831-43e98b7e8df91655ccb6-01,2026-08-31,平板,device,荣耀,,荣耀x1,,,废板-整机,20,元/台,,image,荣耀平板.jpg,数码网报价单-0831更新/平板相关/荣耀平板.jpg,1,0.99,visual_manual
20260831-b5d6413044588377542c-01,2026-08-31,平板,device,荣耀,,荣耀X2,,,开机屏好,20,元/台,,image,荣耀平板.jpg,数码网报价单-0831更新/平板相关/荣耀平板.jpg,1,0.99,visual_manual
20260831-d31518ed37c0dbf5de28-01,2026-08-31,平板,device,荣耀,,荣耀X2,,,开机屏坏,20,元/台,,image,荣耀平板.jpg,数码网报价单-0831更新/平板相关/荣耀平板.jpg,1,0.99,visual_manual
20260831-0238e5c41b8441089bbc-01,2026-08-31,平板,device,荣耀,,荣耀X2,,,不开机,20,元/台,,image,荣耀平板.jpg,数码网报价单-0831更新/平板相关/荣耀平板.jpg,1,0.99,visual_manual
20260831-41cffe6ba766faeeaeb6-01,2026-08-31,平板,device,荣耀,,荣耀X2,,,废板-整机,20,元/台,,image,荣耀平板.jpg,数码网报价单-0831更新/平板相关/荣耀平板.jpg,1,0.99,visual_manual
20260831-1a7f36a0001472882b19-01,2026-08-31,平板,device,荣耀,,荣耀畅玩平板3,,,开机屏好,20,元/台,,image,荣耀平板.jpg,数码网报价单-0831更新/平板相关/荣耀平板.jpg,1,0.99,visual_manual
20260831-8c7ec67ff892708a26de-01,2026-08-31,平板,device,荣耀,,荣耀畅玩平板3,,,开机屏坏,20,元/台,,image,荣耀平板.jpg,数码网报价单-0831更新/平板相关/荣耀平板.jpg,1,0.99,visual_manual
20260831-17a941a630e58fd41193-01,2026-08-31,平板,device,荣耀,,荣耀畅玩平板3,,,不开机,20,元/台,,image,荣耀平板.jpg,数码网报价单-0831更新/平板相关/荣耀平板.jpg,1,0.99,visual_manual
20260831-3b55de796682c8e049c5-01,2026-08-31,平板,device,荣耀,,荣耀畅玩平板3,,,废板-整机,20,元/台,,image,荣耀平板.jpg,数码网报价单-0831更新/平板相关/荣耀平板.jpg,1,0.99,visual_manual
20260831-5e7bb5b02de57660764f-01,2026-08-31,其它,device,Apple/iPod,,ipod nano7,,,开机屏好,100,元/台,,image,ipod.jpg,数码网报价单-0831更新/其它/ipod.jpg,1,0.99,visual_manual
20260831-54ff9fcadf7ac3fadabd-01,2026-08-31,其它,device,Apple/iPod,,ipod nano7,,,开机屏坏,90,元/台,,image,ipod.jpg,数码网报价单-0831更新/其它/ipod.jpg,1,0.99,visual_manual
20260831-fccfc50af67dcfc12ac9-01,2026-08-31,其它,device,Apple/iPod,,ipod nano7,,,不开机,10,元/台,,image,ipod.jpg,数码网报价单-0831更新/其它/ipod.jpg,1,0.99,visual_manual
20260831-7a1c998c50361b51ca11-01,2026-08-31,其它,device,Apple/iPod,,iPod nano6,,,开机屏好,20,元/台,,image,ipod.jpg,数码网报价单-0831更新/其它/ipod.jpg,1,0.99,visual_manual
20260831-bdfea74fd41f1dbffeb2-01,2026-08-31,其它,device,Apple/iPod,,iPod nano6,,,开机屏坏,10,元/台,,image,ipod.jpg,数码网报价单-0831更新/其它/ipod.jpg,1,0.99,visual_manual
20260831-173d5a42e6db1850b9f1-01,2026-08-31,其它,device,Apple/iPod,,iPod nano6,,,不开机,10,元/台,,image,ipod.jpg,数码网报价单-0831更新/其它/ipod.jpg,1,0.99,visual_manual
20260831-50d86ade5dc7107ea702-01,2026-08-31,其它,device,Apple/iPod,,iPod nano5,,,开机屏好,55,元/台,,image,ipod.jpg,数码网报价单-0831更新/其它/ipod.jpg,1,0.99,visual_manual
20260831-4fe57b04ebeea3abdaff-01,2026-08-31,其它,device,Apple/iPod,,iPod nano5,,,开机屏坏,30,元/台,,image,ipod.jpg,数码网报价单-0831更新/其它/ipod.jpg,1,0.99,visual_manual
20260831-faeba22da8cde00f52f1-01,2026-08-31,其它,device,Apple/iPod,,iPod nano5,,,不开机,10,元/台,,image,ipod.jpg,数码网报价单-0831更新/其它/ipod.jpg,1,0.99,visual_manual
20260831-0d4f42dcb87b598feba6-01,2026-08-31,其它,device,Apple/iPod,,iPod nano4,,,开机屏好,25,元/台,,image,ipod.jpg,数码网报价单-0831更新/其它/ipod.jpg,1,0.99,visual_manual
20260831-d6c198a6dfbe7640608e-01,2026-08-31,其它,device,Apple/iPod,,iPod nano4,,,开机屏坏,10,元/台,,image,ipod.jpg,数码网报价单-0831更新/其它/ipod.jpg,1,0.99,visual_manual
20260831-b806d3c3cea6291d29c9-01,2026-08-31,其它,device,Apple/iPod,,iPod nano4,,,不开机,10,元/台,,image,ipod.jpg,数码网报价单-0831更新/其它/ipod.jpg,1,0.99,visual_manual
20260831-33a965b99e8c046cf28a-01,2026-08-31,其它,device,Apple/iPod,,iPod nano3,,,开机屏好,25,元/台,,image,ipod.jpg,数码网报价单-0831更新/其它/ipod.jpg,1,0.99,visual_manual
20260831-e5bc6090d562bac644c3-01,2026-08-31,其它,device,Apple/iPod,,iPod nano3,,,开机屏坏,10,元/台,,image,ipod.jpg,数码网报价单-0831更新/其它/ipod.jpg,1,0.99,visual_manual
20260831-296c1f31d9bfdee4307d-01,2026-08-31,其它,device,Apple/iPod,,iPod nano3,,,不开机,10,元/台,,image,ipod.jpg,数码网报价单-0831更新/其它/ipod.jpg,1,0.99,visual_manual
20260831-69de8014be6e97e6f800-01,2026-08-31,其它,device,Apple/iPod,,Ipodtouch5代,,,开机屏好,10,元/台,,image,ipod.jpg,数码网报价单-0831更新/其它/ipod.jpg,1,0.99,visual_manual
20260831-3e7332ba2e5d9beb2334-01,2026-08-31,其它,device,Apple/iPod,,Ipodtouch5代,,,开机屏坏,10,元/台,,image,ipod.jpg,数码网报价单-0831更新/其它/ipod.jpg,1,0.99,visual_manual
20260831-24745a707287abd284d6-01,2026-08-31,其它,device,Apple/iPod,,Ipodtouch5代,,,不开机,10,元/台,,image,ipod.jpg,数码网报价单-0831更新/其它/ipod.jpg,1,0.99,visual_manual
20260831-f42bb62873237a1a6dab-01,2026-08-31,其它,device,Apple/iPod,,Ipodtouch6代,,,开机屏好,10,元/台,,image,ipod.jpg,数码网报价单-0831更新/其它/ipod.jpg,1,0.99,visual_manual
20260831-e559dda2bc0e169a88ad-01,2026-08-31,其它,device,Apple/iPod,,Ipodtouch6代,,,开机屏坏,10,元/台,,image,ipod.jpg,数码网报价单-0831更新/其它/ipod.jpg,1,0.99,visual_manual
20260831-53cf74300b5f5e7065d0-01,2026-08-31,其它,device,Apple/iPod,,Ipodtouch6代,,,不开机,10,元/台,,image,ipod.jpg,数码网报价单-0831更新/其它/ipod.jpg,1,0.99,visual_manual
20260831-b34ea3774384d6eaedf7-01,2026-08-31,其它,device,Apple/iPod,,Ipod shuffle,,,开机屏好,80,元/台,,image,ipod.jpg,数码网报价单-0831更新/其它/ipod.jpg,1,0.99,visual_manual
20260831-e4c223a7fd167c21164f-01,2026-08-31,其它,device,Apple/iPod,,Ipod shuffle,,,开机屏坏,50,元/台,,image,ipod.jpg,数码网报价单-0831更新/其它/ipod.jpg,1,0.99,visual_manual
20260831-a745a52d316dd5b25678-01,2026-08-31,其它,device,Apple/iPod,,Ipod shuffle,,,不开机,10,元/台,,image,ipod.jpg,数码网报价单-0831更新/其它/ipod.jpg,1,0.99,visual_manual
20260831-449ab329e61969ce6808-01,2026-08-31,其它,device,Apple/iPod,,Ipod 160G,,,开机屏好,160,元/台,,image,ipod.jpg,数码网报价单-0831更新/其它/ipod.jpg,1,0.99,visual_manual
20260831-0e0ceef849fa2e2ba10a-01,2026-08-31,其它,device,Apple/iPod,,Ipod 160G,,,开机屏坏,50,元/台,,image,ipod.jpg,数码网报价单-0831更新/其它/ipod.jpg,1,0.99,visual_manual
20260831-5785235db6a94254de3a-01,2026-08-31,其它,device,Apple/iPod,,Ipod 160G,,,不开机,15,元/台,,image,ipod.jpg,数码网报价单-0831更新/其它/ipod.jpg,1,0.99,visual_manual
20260831-484e51b50f2a74b98c8f-01,2026-08-31,其它,device,Apple/iPod,,Ipod 120G,,,开机屏好,120,元/台,,image,ipod.jpg,数码网报价单-0831更新/其它/ipod.jpg,1,0.99,visual_manual
20260831-3e7f1285d83c3975e88c-01,2026-08-31,其它,device,Apple/iPod,,Ipod 120G,,,开机屏坏,80,元/台,,image,ipod.jpg,数码网报价单-0831更新/其它/ipod.jpg,1,0.99,visual_manual
20260831-fe9aeeed7754aed113ad-01,2026-08-31,其它,device,Apple/iPod,,Ipod 120G,,,不开机,15,元/台,,image,ipod.jpg,数码网报价单-0831更新/其它/ipod.jpg,1,0.99,visual_manual
20260831-f888433eeef5c22ecce4-01,2026-08-31,其它,device,Apple/iPod,,Ipod 80G金属盖面,,,开机屏好,120,元/台,,image,ipod.jpg,数码网报价单-0831更新/其它/ipod.jpg,1,0.99,visual_manual
20260831-a73ea935728cf88c3922-01,2026-08-31,其它,device,Apple/iPod,,Ipod 80G金属盖面,,,开机屏坏,40,元/台,,image,ipod.jpg,数码网报价单-0831更新/其它/ipod.jpg,1,0.99,visual_manual
20260831-ef6dc826a0753daa817e-01,2026-08-31,其它,device,Apple/iPod,,Ipod 80G金属盖面,,,不开机,15,元/台,,image,ipod.jpg,数码网报价单-0831更新/其它/ipod.jpg,1,0.99,visual_manual
20260831-2adb9a4e58ea5120eac2-01,2026-08-31,其它,device,Apple/iPod,,Ipod 80G塑料盖面,,,开机屏好,50,元/台,,image,ipod.jpg,数码网报价单-0831更新/其它/ipod.jpg,1,0.99,visual_manual
20260831-da066939e07527ed0e58-01,2026-08-31,其它,device,Apple/iPod,,Ipod 80G塑料盖面,,,开机屏坏,20,元/台,,image,ipod.jpg,数码网报价单-0831更新/其它/ipod.jpg,1,0.99,visual_manual
20260831-fb77d47ec5ccf015ef9e-01,2026-08-31,其它,device,Apple/iPod,,Ipod 80G塑料盖面,,,不开机,15,元/台,,image,ipod.jpg,数码网报价单-0831更新/其它/ipod.jpg,1,0.99,visual_manual
20260831-851af0c62150b5caa065-01,2026-08-31,其它,device,Apple/iPod,,Ipod 60G,,,开机屏好,50,元/台,,image,ipod.jpg,数码网报价单-0831更新/其它/ipod.jpg,1,0.99,visual_manual
20260831-905c80998441b7dda5e3-01,2026-08-31,其它,device,Apple/iPod,,Ipod 60G,,,开机屏坏,20,元/台,,image,ipod.jpg,数码网报价单-0831更新/其它/ipod.jpg,1,0.99,visual_manual
20260831-a499c2b9e37eb1b0a072-01,2026-08-31,其它,device,Apple/iPod,,Ipod 60G,,,不开机,15,元/台,,image,ipod.jpg,数码网报价单-0831更新/其它/ipod.jpg,1,0.99,visual_manual
20260831-4f323e99783f1c81ce37-01,2026-08-31,其它,device,Apple/iPod,,Ipod 30G,,,开机屏好,20,元/台,,image,ipod.jpg,数码网报价单-0831更新/其它/ipod.jpg,1,0.99,visual_manual
20260831-6a03555ed6dbe2d4e6e4-01,2026-08-31,其它,device,Apple/iPod,,Ipod 30G,,,开机屏坏,15,元/台,,image,ipod.jpg,数码网报价单-0831更新/其它/ipod.jpg,1,0.99,visual_manual
20260831-01d1e46c8206cf3107b4-01,2026-08-31,其它,device,Apple/iPod,,Ipod 30G,,,不开机,15,元/台,,image,ipod.jpg,数码网报价单-0831更新/其它/ipod.jpg,1,0.99,visual_manual
20260831-7a8daccc39fa794c9dc0-01,2026-08-31,其它,device,Apple/iPod,,Ipod 20G,,,开机屏好,10,元/台,,image,ipod.jpg,数码网报价单-0831更新/其它/ipod.jpg,1,0.99,visual_manual
20260831-e651b8525b00ee8c0ba8-01,2026-08-31,其它,device,Apple/iPod,,Ipod 20G,,,开机屏坏,10,元/台,,image,ipod.jpg,数码网报价单-0831更新/其它/ipod.jpg,1,0.99,visual_manual
20260831-b147eb9bf355dd94da22-01,2026-08-31,其它,device,Apple/iPod,,Ipod 20G,,,不开机,10,元/台,,image,ipod.jpg,数码网报价单-0831更新/其它/ipod.jpg,1,0.99,visual_manual
20260831-4eeabce9e02d4b02e28b-01,2026-08-31,其它,device,Apple/iPod,,Ipod mp3,,,开机屏好,10,元/台,,image,ipod.jpg,数码网报价单-0831更新/其它/ipod.jpg,1,0.99,visual_manual
20260831-abd5d81d51cd290831fc-01,2026-08-31,其它,device,Apple/iPod,,Ipod mp3,,,开机屏坏,10,元/台,,image,ipod.jpg,数码网报价单-0831更新/其它/ipod.jpg,1,0.99,visual_manual
20260831-d10db498b2ad8e66faa9-01,2026-08-31,其它,device,Apple/iPod,,Ipod mp3,,,不开机,10,元/台,,image,ipod.jpg,数码网报价单-0831更新/其它/ipod.jpg,1,0.99,visual_manual
20260831-21963471e45ea21ac93a-01,2026-08-31,其它,device,游戏机,,NEC GT掌机,,,开机屏好,1000,元/台,,image,游戏机.jpg,数码网报价单-0831更新/其它/游戏机.jpg,1,0.99,visual_manual
20260831-32659ae48969d13c3e74-01,2026-08-31,其它,device,游戏机,,NEC GT掌机,,,开机屏坏,120,元/台,,image,游戏机.jpg,数码网报价单-0831更新/其它/游戏机.jpg,1,0.99,visual_manual
20260831-30a40c62318898f89599-01,2026-08-31,其它,device,游戏机,,NEC GT掌机,,,不开机,20,元/台,,image,游戏机.jpg,数码网报价单-0831更新/其它/游戏机.jpg,1,0.99,visual_manual
20260831-baff8d0ae0e905b6dff9-01,2026-08-31,其它,device,游戏机,,任天堂switch Lite,,,开机屏好,500,元/台,,image,游戏机.jpg,数码网报价单-0831更新/其它/游戏机.jpg,1,0.99,visual_manual
20260831-91748dd2cc07f5688121-01,2026-08-31,其它,device,游戏机,,任天堂switch Lite,,,开机屏坏,200,元/台,,image,游戏机.jpg,数码网报价单-0831更新/其它/游戏机.jpg,1,0.99,visual_manual
20260831-5f5f603c3651a53afec8-01,2026-08-31,其它,device,游戏机,,任天堂switch Lite,,,不开机,100,元/台,,image,游戏机.jpg,数码网报价单-0831更新/其它/游戏机.jpg,1,0.99,visual_manual
20260831-f9dacce5d03c58a5028e-01,2026-08-31,其它,device,游戏机,,任天堂3DS Lite,,,开机屏好,40,元/台,,image,游戏机.jpg,数码网报价单-0831更新/其它/游戏机.jpg,1,0.99,visual_manual
20260831-52fbdd4a4df7dceb86a8-01,2026-08-31,其它,device,游戏机,,任天堂3DS Lite,,,开机屏坏,40,元/台,,image,游戏机.jpg,数码网报价单-0831更新/其它/游戏机.jpg,1,0.99,visual_manual
20260831-b116f06921db72265f85-01,2026-08-31,其它,device,游戏机,,任天堂3DS Lite,,,不开机,10,元/台,,image,游戏机.jpg,数码网报价单-0831更新/其它/游戏机.jpg,1,0.99,visual_manual
20260831-aacf7b3e82bbac7fee97-01,2026-08-31,其它,device,游戏机,,任天堂3DS LL老大,,,开机屏好,300,元/台,,image,游戏机.jpg,数码网报价单-0831更新/其它/游戏机.jpg,1,0.99,visual_manual
20260831-f20b19b9684cb9c880b3-01,2026-08-31,其它,device,游戏机,,任天堂3DS LL老大,,,开机屏坏,150,元/台,,image,游戏机.jpg,数码网报价单-0831更新/其它/游戏机.jpg,1,0.99,visual_manual
20260831-4934c3111fb911044988-01,2026-08-31,其它,device,游戏机,,任天堂3DS LL老大,,,不开机,150,元/台,,image,游戏机.jpg,数码网报价单-0831更新/其它/游戏机.jpg,1,0.99,visual_manual
20260831-cde5591a3940215b1221-01,2026-08-31,其它,device,游戏机,,任天堂3DS LL大屏,,,开机屏好,550,元/台,,image,游戏机.jpg,数码网报价单-0831更新/其它/游戏机.jpg,1,0.99,visual_manual
20260831-c18da8b40cf7bdaa2b76-01,2026-08-31,其它,device,游戏机,,任天堂3DS LL大屏,,,开机屏坏,220,元/台,,image,游戏机.jpg,数码网报价单-0831更新/其它/游戏机.jpg,1,0.99,visual_manual
20260831-1179e9caad27ef430598-01,2026-08-31,其它,device,游戏机,,任天堂3DS LL大屏,,,不开机,150,元/台,,image,游戏机.jpg,数码网报价单-0831更新/其它/游戏机.jpg,1,0.99,visual_manual
20260831-6a79da4394ed44886eb2-01,2026-08-31,其它,device,游戏机,,索尼PSGo,,,开机屏好,297,元/台,,image,游戏机.jpg,数码网报价单-0831更新/其它/游戏机.jpg,1,0.99,visual_manual
20260831-8feb81f2ef13d06d9882-01,2026-08-31,其它,device,游戏机,,索尼PSGo,,,开机屏坏,180,元/台,,image,游戏机.jpg,数码网报价单-0831更新/其它/游戏机.jpg,1,0.99,visual_manual
20260831-666e842b2545b7eaaf47-01,2026-08-31,其它,device,游戏机,,索尼PSGo,,,不开机,150,元/台,,image,游戏机.jpg,数码网报价单-0831更新/其它/游戏机.jpg,1,0.99,visual_manual
20260831-bceb90cec50310a7dd54-01,2026-08-31,其它,device,游戏机,,任天堂3DSXL,,,开机屏好,300,元/台,,image,游戏机.jpg,数码网报价单-0831更新/其它/游戏机.jpg,1,0.99,visual_manual
20260831-3a72c5cc723d41570b99-01,2026-08-31,其它,device,游戏机,,任天堂3DSXL,,,开机屏坏,150,元/台,,image,游戏机.jpg,数码网报价单-0831更新/其它/游戏机.jpg,1,0.99,visual_manual
20260831-725c5bb860c0b92d51fd-01,2026-08-31,其它,device,游戏机,,任天堂3DSXL,,,不开机,150,元/台,,image,游戏机.jpg,数码网报价单-0831更新/其它/游戏机.jpg,1,0.99,visual_manual
20260831-606f915e1c5996721065-01,2026-08-31,其它,device,游戏机,,任天堂3DS,,,开机屏好,220,元/台,,image,游戏机.jpg,数码网报价单-0831更新/其它/游戏机.jpg,1,0.99,visual_manual
20260831-d1f0296f63602ce8dcab-01,2026-08-31,其它,device,游戏机,,任天堂3DS,,,开机屏坏,100,元/台,,image,游戏机.jpg,数码网报价单-0831更新/其它/游戏机.jpg,1,0.99,visual_manual
20260831-33fb79c19d1081270147-01,2026-08-31,其它,device,游戏机,,任天堂3DS,,,不开机,100,元/台,,image,游戏机.jpg,数码网报价单-0831更新/其它/游戏机.jpg,1,0.99,visual_manual
20260831-3459d2728926bee08717-01,2026-08-31,其它,device,游戏机,,任天堂switch,,,开机屏好,600,元/台,,image,游戏机.jpg,数码网报价单-0831更新/其它/游戏机.jpg,1,0.99,visual_manual
20260831-f655786e44417ddfe4c4-01,2026-08-31,其它,device,游戏机,,任天堂switch,,,开机屏坏,200,元/台,,image,游戏机.jpg,数码网报价单-0831更新/其它/游戏机.jpg,1,0.99,visual_manual
20260831-f37262a252fc0b278fff-01,2026-08-31,其它,device,游戏机,,任天堂switch,,,不开机,130,元/台,,image,游戏机.jpg,数码网报价单-0831更新/其它/游戏机.jpg,1,0.99,visual_manual
20260831-91f0f1185de3bea3f7f6-01,2026-08-31,其它,device,游戏机,,任天堂GBM掌机,,,开机屏好,240,元/台,,image,游戏机.jpg,数码网报价单-0831更新/其它/游戏机.jpg,1,0.99,visual_manual
20260831-9f18993ccf766fe66b6f-01,2026-08-31,其它,device,游戏机,,任天堂GBM掌机,,,开机屏坏,240,元/台,,image,游戏机.jpg,数码网报价单-0831更新/其它/游戏机.jpg,1,0.99,visual_manual
20260831-aba2ec16a3d843d15f9a-01,2026-08-31,其它,device,游戏机,,任天堂GBM掌机,,,不开机,240,元/台,,image,游戏机.jpg,数码网报价单-0831更新/其它/游戏机.jpg,1,0.99,visual_manual
20260831-813fc4deb511e7cbfc48-01,2026-08-31,其它,device,游戏机,,世嘉掌机,,,开机屏好,900,元/台,,image,游戏机.jpg,数码网报价单-0831更新/其它/游戏机.jpg,1,0.99,visual_manual
20260831-8898ed65f4f93c48a544-01,2026-08-31,其它,device,游戏机,,世嘉掌机,,,开机屏坏,400,元/台,,image,游戏机.jpg,数码网报价单-0831更新/其它/游戏机.jpg,1,0.99,visual_manual
20260831-1982c96d5a385923ead0-01,2026-08-31,其它,device,游戏机,,世嘉掌机,,,不开机,400,元/台,,image,游戏机.jpg,数码网报价单-0831更新/其它/游戏机.jpg,1,0.99,visual_manual
20260831-3540e3ed41ebc1586170-01,2026-08-31,其它,device,游戏机,,任天堂SWITCH OLED 屏,,,开机屏好,810,元/台,,image,游戏机.jpg,数码网报价单-0831更新/其它/游戏机.jpg,1,0.99,visual_manual
20260831-a5f25697f37634ce8de0-01,2026-08-31,其它,device,游戏机,,任天堂SWITCH OLED 屏,,,开机屏坏,360,元/台,,image,游戏机.jpg,数码网报价单-0831更新/其它/游戏机.jpg,1,0.99,visual_manual
20260831-7a98216d10f7b224c2c4-01,2026-08-31,其它,device,游戏机,,任天堂SWITCH OLED 屏,,,不开机,360,元/台,,image,游戏机.jpg,数码网报价单-0831更新/其它/游戏机.jpg,1,0.99,visual_manual
20260831-4bb027c34aae0aad1681-01,2026-08-31,其它,device,游戏机,,任天堂新款NS2,,,开机屏好,1800,元/台,,image,游戏机.jpg,数码网报价单-0831更新/其它/游戏机.jpg,1,0.99,visual_manual
20260831-8d2fc7c5a13d16141fad-01,2026-08-31,其它,device,游戏机,,任天堂新款NS2,,,开机屏坏,720,元/台,,image,游戏机.jpg,数码网报价单-0831更新/其它/游戏机.jpg,1,0.99,visual_manual
20260831-33ab07f7af067b563f11-01,2026-08-31,其它,device,游戏机,,任天堂新款NS2,,,不开机,720,元/台,,image,游戏机.jpg,数码网报价单-0831更新/其它/游戏机.jpg,1,0.99,visual_manual
20260831-cfac562b03c6b91ca178-01,2026-08-31,其它,device,游戏机,,sony psp,,,开机屏好,280,元/台,,image,游戏机.jpg,数码网报价单-0831更新/其它/游戏机.jpg,1,0.99,visual_manual
20260831-b29db55fcd73c7ec4fd9-01,2026-08-31,其它,device,游戏机,,sony psp,,,开机屏坏,130,元/台,,image,游戏机.jpg,数码网报价单-0831更新/其它/游戏机.jpg,1,0.99,visual_manual
20260831-a8ba3f5bad2ace86827f-01,2026-08-31,其它,device,游戏机,,sony psp,,,不开机,90,元/台,,image,游戏机.jpg,数码网报价单-0831更新/其它/游戏机.jpg,1,0.99,visual_manual
20260831-09def3b8d6c8d587a4db-01,2026-08-31,其它,device,游戏机,,sony psp 二代,,,开机屏好,180,元/台,,image,游戏机.jpg,数码网报价单-0831更新/其它/游戏机.jpg,1,0.99,visual_manual
20260831-cd85140bd6a1d28a723a-01,2026-08-31,其它,device,游戏机,,sony psp 二代,,,开机屏坏,10,元/台,,image,游戏机.jpg,数码网报价单-0831更新/其它/游戏机.jpg,1,0.99,visual_manual
20260831-45ee9c80c9d3fbb6f483-01,2026-08-31,其它,device,游戏机,,sony psp 二代,,,不开机,10,元/台,,image,游戏机.jpg,数码网报价单-0831更新/其它/游戏机.jpg,1,0.99,visual_manual
20260831-6776a5e12193cb3765e3-01,2026-08-31,其它,device,游戏机,,Sony psp一代,,,开机屏好,90,元/台,,image,游戏机.jpg,数码网报价单-0831更新/其它/游戏机.jpg,1,0.99,visual_manual
20260831-2c264d05332912ba5cbf-01,2026-08-31,其它,device,游戏机,,Sony psp一代,,,开机屏坏,120,元/台,,image,游戏机.jpg,数码网报价单-0831更新/其它/游戏机.jpg,1,0.99,visual_manual
20260831-708e24f474fb46bfe0f6-01,2026-08-31,其它,device,游戏机,,Sony psp一代,,,不开机,120,元/台,,image,游戏机.jpg,数码网报价单-0831更新/其它/游戏机.jpg,1,0.99,visual_manual
20260831-a80460e7ead89949cc52-01,2026-08-31,电脑,component,CPU,,英特尔,,,点数,3.5,元/点,,image,cpu.jpg,数码网报价单-0831更新/电脑相关/cpu.jpg,1,0.99,visual_manual
20260831-8526d5344da21b51fab8-01,2026-08-31,电脑,component,CPU,,AMD全针,,,点数,8,元/点,,image,cpu.jpg,数码网报价单-0831更新/电脑相关/cpu.jpg,1,0.99,visual_manual
20260831-c6c09c786716b46f6dde-01,2026-08-31,电脑,component,CPU,,AMD半针,,,点数,7,元/点,,image,cpu.jpg,数码网报价单-0831更新/电脑相关/cpu.jpg,1,0.99,visual_manual
20260831-14a63c82445f89b1800b-01,2026-08-31,电脑,component,CPU,,陶瓷,,,点数,25,元/点,,image,cpu.jpg,数码网报价单-0831更新/电脑相关/cpu.jpg,1,0.99,visual_manual
20260831-e8ba900ad85b354bcf13-01,2026-08-31,电脑,device,联想/戴尔/华为,,I7 12代,,,开机屏好,1100,元/台,,image,新款笔记本.jpg,数码网报价单-0831更新/电脑相关/新款笔记本.jpg,1,0.99,visual_manual
20260831-e829d9a0f3039695ecdb-01,2026-08-31,电脑,device,联想/戴尔/华为,,I7 12代,,,屏好配件齐,400,元/台,,image,新款笔记本.jpg,数码网报价单-0831更新/电脑相关/新款笔记本.jpg,1,0.99,visual_manual
20260831-1eb906ab25176479cfb5-01,2026-08-31,电脑,device,联想/戴尔/华为,,I7 12代,,,破屏配件齐,300,元/台,,image,新款笔记本.jpg,数码网报价单-0831更新/电脑相关/新款笔记本.jpg,1,0.99,visual_manual
20260831-a9b5385a568163b2abdc-01,2026-08-31,电脑,device,联想/戴尔/华为,,I7 12代,,,屏好空机,200,元/台,,image,新款笔记本.jpg,数码网报价单-0831更新/电脑相关/新款笔记本.jpg,1,0.99,visual_manual
20260831-4d59ed321e1a554a716b-01,2026-08-31,电脑,device,联想/戴尔/华为,,I7 12代,,,破屏空机,150,元/台,,image,新款笔记本.jpg,数码网报价单-0831更新/电脑相关/新款笔记本.jpg,1,0.99,visual_manual
20260831-c45150a9eee47de7a744-01,2026-08-31,电脑,device,联想/戴尔/华为,,I7 11代,,,开机屏好,700,元/台,,image,新款笔记本.jpg,数码网报价单-0831更新/电脑相关/新款笔记本.jpg,1,0.99,visual_manual
20260831-cd2c888596a892f987ed-01,2026-08-31,电脑,device,联想/戴尔/华为,,I7 11代,,,屏好配件齐,400,元/台,,image,新款笔记本.jpg,数码网报价单-0831更新/电脑相关/新款笔记本.jpg,1,0.99,visual_manual
20260831-c75929bc0221d9f44575-01,2026-08-31,电脑,device,联想/戴尔/华为,,I7 11代,,,破屏配件齐,300,元/台,,image,新款笔记本.jpg,数码网报价单-0831更新/电脑相关/新款笔记本.jpg,1,0.99,visual_manual
20260831-d9ecf9fdbf23a389b5b9-01,2026-08-31,电脑,device,联想/戴尔/华为,,I7 11代,,,屏好空机,200,元/台,,image,新款笔记本.jpg,数码网报价单-0831更新/电脑相关/新款笔记本.jpg,1,0.99,visual_manual
20260831-7043b134f93e40f731df-01,2026-08-31,电脑,device,联想/戴尔/华为,,I7 11代,,,破屏空机,150,元/台,,image,新款笔记本.jpg,数码网报价单-0831更新/电脑相关/新款笔记本.jpg,1,0.99,visual_manual
20260831-694fa77004cfea0cd6cc-01,2026-08-31,电脑,device,联想/戴尔/华为,,I7 10代,,,开机屏好,550,元/台,,image,新款笔记本.jpg,数码网报价单-0831更新/电脑相关/新款笔记本.jpg,1,0.99,visual_manual
20260831-dbab9713e752a7833bf5-01,2026-08-31,电脑,device,联想/戴尔/华为,,I7 10代,,,屏好配件齐,270,元/台,,image,新款笔记本.jpg,数码网报价单-0831更新/电脑相关/新款笔记本.jpg,1,0.99,visual_manual
20260831-75dfd2dd6cb72c7487fc-01,2026-08-31,电脑,device,联想/戴尔/华为,,I7 10代,,,破屏配件齐,200,元/台,,image,新款笔记本.jpg,数码网报价单-0831更新/电脑相关/新款笔记本.jpg,1,0.99,visual_manual
20260831-02591529d8b02440002f-01,2026-08-31,电脑,device,联想/戴尔/华为,,I7 10代,,,屏好空机,200,元/台,,image,新款笔记本.jpg,数码网报价单-0831更新/电脑相关/新款笔记本.jpg,1,0.99,visual_manual
20260831-da3d2ea84d33b38be2f8-01,2026-08-31,电脑,device,联想/戴尔/华为,,I7 10代,,,破屏空机,150,元/台,,image,新款笔记本.jpg,数码网报价单-0831更新/电脑相关/新款笔记本.jpg,1,0.99,visual_manual
20260831-822d2d0040b37b1d3ac6-01,2026-08-31,电脑,device,联想/戴尔/华为,,I7 9代,,,开机屏好,450,元/台,,image,新款笔记本.jpg,数码网报价单-0831更新/电脑相关/新款笔记本.jpg,1,0.99,visual_manual
20260831-7bf8fadc7eb5e9d06341-01,2026-08-31,电脑,device,联想/戴尔/华为,,I7 9代,,,屏好配件齐,270,元/台,,image,新款笔记本.jpg,数码网报价单-0831更新/电脑相关/新款笔记本.jpg,1,0.99,visual_manual
20260831-5554d2ed211bb6319ca9-01,2026-08-31,电脑,device,联想/戴尔/华为,,I7 9代,,,破屏配件齐,200,元/台,,image,新款笔记本.jpg,数码网报价单-0831更新/电脑相关/新款笔记本.jpg,1,0.99,visual_manual
20260831-cd542e50044edd5f9405-01,2026-08-31,电脑,device,联想/戴尔/华为,,I7 9代,,,屏好空机,200,元/台,,image,新款笔记本.jpg,数码网报价单-0831更新/电脑相关/新款笔记本.jpg,1,0.99,visual_manual
20260831-fb48cd1ee7cc7f18f1c2-01,2026-08-31,电脑,device,联想/戴尔/华为,,I7 9代,,,破屏空机,150,元/台,,image,新款笔记本.jpg,数码网报价单-0831更新/电脑相关/新款笔记本.jpg,1,0.99,visual_manual
20260831-db65f35845839edf71bd-01,2026-08-31,电脑,device,联想/戴尔/华为,,I7 8代,,,开机屏好,280,元/台,,image,新款笔记本.jpg,数码网报价单-0831更新/电脑相关/新款笔记本.jpg,1,0.99,visual_manual
20260831-bbab6270e66a04001378-01,2026-08-31,电脑,device,联想/戴尔/华为,,I7 8代,,,屏好配件齐,230,元/台,,image,新款笔记本.jpg,数码网报价单-0831更新/电脑相关/新款笔记本.jpg,1,0.99,visual_manual
20260831-6614b0af237a4b4f2dba-01,2026-08-31,电脑,device,联想/戴尔/华为,,I7 8代,,,破屏配件齐,170,元/台,,image,新款笔记本.jpg,数码网报价单-0831更新/电脑相关/新款笔记本.jpg,1,0.99,visual_manual
20260831-f278eafe97eb244f0ff3-01,2026-08-31,电脑,device,联想/戴尔/华为,,I7 8代,,,屏好空机,160,元/台,,image,新款笔记本.jpg,数码网报价单-0831更新/电脑相关/新款笔记本.jpg,1,0.99,visual_manual
20260831-8770d6c3e2d4698982da-01,2026-08-31,电脑,device,联想/戴尔/华为,,I7 8代,,,破屏空机,110,元/台,,image,新款笔记本.jpg,数码网报价单-0831更新/电脑相关/新款笔记本.jpg,1,0.99,visual_manual
20260831-2b976b4d382f0108cf8e-01,2026-08-31,电脑,device,联想/戴尔/华为,,I5 12代,,,开机屏好,700,元/台,,image,新款笔记本.jpg,数码网报价单-0831更新/电脑相关/新款笔记本.jpg,1,0.99,visual_manual
20260831-d268e9dea678dbcc65cf-01,2026-08-31,电脑,device,联想/戴尔/华为,,I5 12代,,,屏好配件齐,320,元/台,,image,新款笔记本.jpg,数码网报价单-0831更新/电脑相关/新款笔记本.jpg,1,0.99,visual_manual
20260831-337eca8a724b4d68960c-01,2026-08-31,电脑,device,联想/戴尔/华为,,I5 12代,,,破屏配件齐,200,元/台,,image,新款笔记本.jpg,数码网报价单-0831更新/电脑相关/新款笔记本.jpg,1,0.99,visual_manual
20260831-0f0d500d736c8e2c8235-01,2026-08-31,电脑,device,联想/戴尔/华为,,I5 12代,,,屏好空机,200,元/台,,image,新款笔记本.jpg,数码网报价单-0831更新/电脑相关/新款笔记本.jpg,1,0.99,visual_manual
20260831-bb831e3b1eb7adceee2c-01,2026-08-31,电脑,device,联想/戴尔/华为,,I5 12代,,,破屏空机,150,元/台,,image,新款笔记本.jpg,数码网报价单-0831更新/电脑相关/新款笔记本.jpg,1,0.99,visual_manual
20260831-09372ebfdc7a6e2e7af8-01,2026-08-31,电脑,device,联想/戴尔/华为,,I5 11代,,,开机屏好,550,元/台,,image,新款笔记本.jpg,数码网报价单-0831更新/电脑相关/新款笔记本.jpg,1,0.99,visual_manual
20260831-bfba15af6f86429441ce-01,2026-08-31,电脑,device,联想/戴尔/华为,,I5 11代,,,屏好配件齐,320,元/台,,image,新款笔记本.jpg,数码网报价单-0831更新/电脑相关/新款笔记本.jpg,1,0.99,visual_manual
20260831-1c5b115006e9a2404f60-01,2026-08-31,电脑,device,联想/戴尔/华为,,I5 11代,,,破屏配件齐,200,元/台,,image,新款笔记本.jpg,数码网报价单-0831更新/电脑相关/新款笔记本.jpg,1,0.99,visual_manual
20260831-42adcd258e7b90e761c4-01,2026-08-31,电脑,device,联想/戴尔/华为,,I5 11代,,,屏好空机,200,元/台,,image,新款笔记本.jpg,数码网报价单-0831更新/电脑相关/新款笔记本.jpg,1,0.99,visual_manual
20260831-f8621706e7626f6c4fea-01,2026-08-31,电脑,device,联想/戴尔/华为,,I5 11代,,,破屏空机,150,元/台,,image,新款笔记本.jpg,数码网报价单-0831更新/电脑相关/新款笔记本.jpg,1,0.99,visual_manual
20260831-92c7267ba39a88b1b20e-01,2026-08-31,电脑,device,联想/戴尔/华为,,I5 10代,,,开机屏好,400,元/台,,image,新款笔记本.jpg,数码网报价单-0831更新/电脑相关/新款笔记本.jpg,1,0.99,visual_manual
20260831-49603150ec567b4899cd-01,2026-08-31,电脑,device,联想/戴尔/华为,,I5 10代,,,屏好配件齐,230,元/台,,image,新款笔记本.jpg,数码网报价单-0831更新/电脑相关/新款笔记本.jpg,1,0.99,visual_manual
20260831-596b0bfe4acbd9dc50a7-01,2026-08-31,电脑,device,联想/戴尔/华为,,I5 10代,,,破屏配件齐,170,元/台,,image,新款笔记本.jpg,数码网报价单-0831更新/电脑相关/新款笔记本.jpg,1,0.99,visual_manual
20260831-e39cb47164ae6325b621-01,2026-08-31,电脑,device,联想/戴尔/华为,,I5 10代,,,屏好空机,180,元/台,,image,新款笔记本.jpg,数码网报价单-0831更新/电脑相关/新款笔记本.jpg,1,0.99,visual_manual
20260831-e635c419ca8736004729-01,2026-08-31,电脑,device,联想/戴尔/华为,,I5 10代,,,破屏空机,130,元/台,,image,新款笔记本.jpg,数码网报价单-0831更新/电脑相关/新款笔记本.jpg,1,0.99,visual_manual
20260831-36cd0ad58616d9f4d5bb-01,2026-08-31,电脑,device,联想/戴尔/华为,,I5 9代,,,开机屏好,350,元/台,,image,新款笔记本.jpg,数码网报价单-0831更新/电脑相关/新款笔记本.jpg,1,0.99,visual_manual
20260831-38090b7aaba7b82f18ab-01,2026-08-31,电脑,device,联想/戴尔/华为,,I5 9代,,,屏好配件齐,230,元/台,,image,新款笔记本.jpg,数码网报价单-0831更新/电脑相关/新款笔记本.jpg,1,0.99,visual_manual
20260831-1f5f5c98db8bd3b71e9f-01,2026-08-31,电脑,device,联想/戴尔/华为,,I5 9代,,,破屏配件齐,170,元/台,,image,新款笔记本.jpg,数码网报价单-0831更新/电脑相关/新款笔记本.jpg,1,0.99,visual_manual
20260831-c78e9e83f86eb2c5d6e8-01,2026-08-31,电脑,device,联想/戴尔/华为,,I5 9代,,,屏好空机,160,元/台,,image,新款笔记本.jpg,数码网报价单-0831更新/电脑相关/新款笔记本.jpg,1,0.99,visual_manual
20260831-ed779efd5b2bb491359a-01,2026-08-31,电脑,device,联想/戴尔/华为,,I5 9代,,,破屏空机,120,元/台,,image,新款笔记本.jpg,数码网报价单-0831更新/电脑相关/新款笔记本.jpg,1,0.99,visual_manual
20260831-c96dfdead19b23978680-01,2026-08-31,电脑,device,联想/戴尔/华为,,I5 8代,,,开机屏好,280,元/台,,image,新款笔记本.jpg,数码网报价单-0831更新/电脑相关/新款笔记本.jpg,1,0.99,visual_manual
20260831-9f5bb9cef17fb34dc5d3-01,2026-08-31,电脑,device,联想/戴尔/华为,,I5 8代,,,屏好配件齐,180,元/台,,image,新款笔记本.jpg,数码网报价单-0831更新/电脑相关/新款笔记本.jpg,1,0.99,visual_manual
20260831-aaa8c7ce3fa6b0e2b633-01,2026-08-31,电脑,device,联想/戴尔/华为,,I5 8代,,,破屏配件齐,110,元/台,,image,新款笔记本.jpg,数码网报价单-0831更新/电脑相关/新款笔记本.jpg,1,0.99,visual_manual
20260831-9de05a8d92955006104a-01,2026-08-31,电脑,device,联想/戴尔/华为,,I5 8代,,,屏好空机,140,元/台,,image,新款笔记本.jpg,数码网报价单-0831更新/电脑相关/新款笔记本.jpg,1,0.99,visual_manual
20260831-0c9eba2496758fb4d155-01,2026-08-31,电脑,device,联想/戴尔/华为,,I5 8代,,,破屏空机,100,元/台,,image,新款笔记本.jpg,数码网报价单-0831更新/电脑相关/新款笔记本.jpg,1,0.99,visual_manual
20260831-6a566c774fcc3a7595b8-01,2026-08-31,电脑,device,联想/戴尔/华为,,I7 12代,,,开机屏好,1300,元/台,,image,新款笔记本.jpg,数码网报价单-0831更新/电脑相关/新款笔记本.jpg,1,0.99,visual_manual
20260831-17eebfd765e88823eb52-01,2026-08-31,电脑,device,联想/戴尔/华为,,I7 12代,,,屏好配件齐,450,元/台,,image,新款笔记本.jpg,数码网报价单-0831更新/电脑相关/新款笔记本.jpg,1,0.99,visual_manual
20260831-2448ffe6132cf2338c86-01,2026-08-31,电脑,device,联想/戴尔/华为,,I7 12代,,,破屏配件齐,350,元/台,,image,新款笔记本.jpg,数码网报价单-0831更新/电脑相关/新款笔记本.jpg,1,0.99,visual_manual
20260831-ea0a41cf58e1e1abff02-01,2026-08-31,电脑,device,联想/戴尔/华为,,I7 12代,,,屏好空机,350,元/台,,image,新款笔记本.jpg,数码网报价单-0831更新/电脑相关/新款笔记本.jpg,1,0.99,visual_manual
20260831-74af602125d250eab20a-01,2026-08-31,电脑,device,联想/戴尔/华为,,I7 12代,,,破屏空机,180,元/台,,image,新款笔记本.jpg,数码网报价单-0831更新/电脑相关/新款笔记本.jpg,1,0.99,visual_manual
20260831-ea887ba2d49559b6b1fb-01,2026-08-31,电脑,device,联想/戴尔/华为,,I7 11代,,,开机屏好,800,元/台,,image,新款笔记本.jpg,数码网报价单-0831更新/电脑相关/新款笔记本.jpg,1,0.99,visual_manual
20260831-84fbe402148c53fc73d3-01,2026-08-31,电脑,device,联想/戴尔/华为,,I7 11代,,,屏好配件齐,450,元/台,,image,新款笔记本.jpg,数码网报价单-0831更新/电脑相关/新款笔记本.jpg,1,0.99,visual_manual
20260831-cf86d9c49397621d51ea-01,2026-08-31,电脑,device,联想/戴尔/华为,,I7 11代,,,破屏配件齐,350,元/台,,image,新款笔记本.jpg,数码网报价单-0831更新/电脑相关/新款笔记本.jpg,1,0.99,visual_manual
20260831-7c996368dd463170768b-01,2026-08-31,电脑,device,联想/戴尔/华为,,I7 11代,,,屏好空机,350,元/台,,image,新款笔记本.jpg,数码网报价单-0831更新/电脑相关/新款笔记本.jpg,1,0.99,visual_manual
20260831-a871ba11ce0e467569dc-01,2026-08-31,电脑,device,联想/戴尔/华为,,I7 11代,,,破屏空机,180,元/台,,image,新款笔记本.jpg,数码网报价单-0831更新/电脑相关/新款笔记本.jpg,1,0.99,visual_manual
20260831-28a938744b5fba6af172-01,2026-08-31,电脑,device,联想/戴尔/华为,,I7 10代,,,开机屏好,600,元/台,,image,新款笔记本.jpg,数码网报价单-0831更新/电脑相关/新款笔记本.jpg,1,0.99,visual_manual
20260831-27622cf4edab8dec6e35-01,2026-08-31,电脑,device,联想/戴尔/华为,,I7 10代,,,屏好配件齐,300,元/台,,image,新款笔记本.jpg,数码网报价单-0831更新/电脑相关/新款笔记本.jpg,1,0.99,visual_manual
20260831-510d711234b6a1fa29a1-01,2026-08-31,电脑,device,联想/戴尔/华为,,I7 10代,,,破屏配件齐,230,元/台,,image,新款笔记本.jpg,数码网报价单-0831更新/电脑相关/新款笔记本.jpg,1,0.99,visual_manual
20260831-9ee959e95acf864654c9-01,2026-08-31,电脑,device,联想/戴尔/华为,,I7 9代,,,开机屏好,500,元/台,,image,新款笔记本.jpg,数码网报价单-0831更新/电脑相关/新款笔记本.jpg,1,0.99,visual_manual
20260831-e9b56e56c22ee3d087d0-01,2026-08-31,电脑,device,联想/戴尔/华为,,I7 9代,,,屏好配件齐,300,元/台,,image,新款笔记本.jpg,数码网报价单-0831更新/电脑相关/新款笔记本.jpg,1,0.99,visual_manual
20260831-1d65bed29d44c6836995-01,2026-08-31,电脑,device,联想/戴尔/华为,,I7 9代,,,破屏配件齐,230,元/台,,image,新款笔记本.jpg,数码网报价单-0831更新/电脑相关/新款笔记本.jpg,1,0.99,visual_manual
20260831-36626d833afc59b8f801-01,2026-08-31,电脑,device,联想/戴尔/华为,,I7 8代,,,开机屏好,300,元/台,,image,新款笔记本.jpg,数码网报价单-0831更新/电脑相关/新款笔记本.jpg,1,0.99,visual_manual
20260831-e3ff4cff745a82dd8c4d-01,2026-08-31,电脑,device,联想/戴尔/华为,,I7 8代,,,屏好配件齐,270,元/台,,image,新款笔记本.jpg,数码网报价单-0831更新/电脑相关/新款笔记本.jpg,1,0.99,visual_manual
20260831-db63dff967719d11423b-01,2026-08-31,电脑,device,联想/戴尔/华为,,I7 8代,,,屏好空机,190,元/台,,image,新款笔记本.jpg,数码网报价单-0831更新/电脑相关/新款笔记本.jpg,1,0.99,visual_manual
20260831-10209ba00de64486fbcc-01,2026-08-31,电脑,device,联想/戴尔/华为,,I7 8代,,,破屏空机,100,元/台,,image,新款笔记本.jpg,数码网报价单-0831更新/电脑相关/新款笔记本.jpg,1,0.99,visual_manual
20260831-28284d0de7761a89443b-01,2026-08-31,电脑,device,联想/戴尔/华为,,I5 12代,,,开机屏好,750,元/台,,image,新款笔记本.jpg,数码网报价单-0831更新/电脑相关/新款笔记本.jpg,1,0.99,visual_manual
20260831-cf1ad4065c0a05fc8422-01,2026-08-31,电脑,device,联想/戴尔/华为,,I5 12代,,,屏好配件齐,350,元/台,,image,新款笔记本.jpg,数码网报价单-0831更新/电脑相关/新款笔记本.jpg,1,0.99,visual_manual
20260831-08873e731dfe62ed4040-01,2026-08-31,电脑,device,联想/戴尔/华为,,I5 12代,,,破屏配件齐,250,元/台,,image,新款笔记本.jpg,数码网报价单-0831更新/电脑相关/新款笔记本.jpg,1,0.99,visual_manual
20260831-917262a837405e415a90-01,2026-08-31,电脑,device,联想/戴尔/华为,,I5 11代,,,开机屏好,650,元/台,,image,新款笔记本.jpg,数码网报价单-0831更新/电脑相关/新款笔记本.jpg,1,0.99,visual_manual
20260831-3c947f0a410ea3c2b725-01,2026-08-31,电脑,device,联想/戴尔/华为,,I5 11代,,,屏好配件齐,350,元/台,,image,新款笔记本.jpg,数码网报价单-0831更新/电脑相关/新款笔记本.jpg,1,0.99,visual_manual
20260831-211f06339a25866fc8d6-01,2026-08-31,电脑,device,联想/戴尔/华为,,I5 11代,,,破屏配件齐,250,元/台,,image,新款笔记本.jpg,数码网报价单-0831更新/电脑相关/新款笔记本.jpg,1,0.99,visual_manual
20260831-5ef1b57e8fef21a099f1-01,2026-08-31,电脑,device,联想/戴尔/华为,,I5 10代,,,开机屏好,420,元/台,,image,新款笔记本.jpg,数码网报价单-0831更新/电脑相关/新款笔记本.jpg,1,0.99,visual_manual
20260831-f86cb0236a2e5a74b52a-01,2026-08-31,电脑,device,联想/戴尔/华为,,I5 10代,,,屏好配件齐,270,元/台,,image,新款笔记本.jpg,数码网报价单-0831更新/电脑相关/新款笔记本.jpg,1,0.99,visual_manual
20260831-c963c3861a1e093189ef-01,2026-08-31,电脑,device,联想/戴尔/华为,,I5 10代,,,破屏配件齐,220,元/台,,image,新款笔记本.jpg,数码网报价单-0831更新/电脑相关/新款笔记本.jpg,1,0.99,visual_manual
20260831-7c92a4d8a5ecbe19b489-01,2026-08-31,电脑,device,联想/戴尔/华为,,I5 10代,,,屏好空机,170,元/台,,image,新款笔记本.jpg,数码网报价单-0831更新/电脑相关/新款笔记本.jpg,1,0.99,visual_manual
20260831-02d43489a284ed0c6156-01,2026-08-31,电脑,device,联想/戴尔/华为,,I5 10代,,,破屏空机,110,元/台,,image,新款笔记本.jpg,数码网报价单-0831更新/电脑相关/新款笔记本.jpg,1,0.99,visual_manual
20260831-ca1d225212ad24d647ff-01,2026-08-31,电脑,device,联想/戴尔/华为,,I5 9代,,,屏好配件齐,270,元/台,,image,新款笔记本.jpg,数码网报价单-0831更新/电脑相关/新款笔记本.jpg,1,0.99,visual_manual
20260831-b632c2ad08a8b6a70bbf-01,2026-08-31,电脑,device,联想/戴尔/华为,,I5 9代,,,破屏配件齐,220,元/台,,image,新款笔记本.jpg,数码网报价单-0831更新/电脑相关/新款笔记本.jpg,1,0.99,visual_manual
20260831-6b83fec45903357974e3-01,2026-08-31,电脑,device,联想/戴尔/华为,,I5 9代,,,屏好空机,170,元/台,,image,新款笔记本.jpg,数码网报价单-0831更新/电脑相关/新款笔记本.jpg,1,0.99,visual_manual
20260831-71ed84c2983a5231313b-01,2026-08-31,电脑,device,联想/戴尔/华为,,I5 9代,,,破屏空机,110,元/台,,image,新款笔记本.jpg,数码网报价单-0831更新/电脑相关/新款笔记本.jpg,1,0.99,visual_manual
20260831-a83fecea1047734010b6-01,2026-08-31,电脑,device,联想/戴尔/华为,,I5 8代,,,开机屏好,300,元/台,,image,新款笔记本.jpg,数码网报价单-0831更新/电脑相关/新款笔记本.jpg,1,0.99,visual_manual
20260831-59d72c52be257c0cc517-01,2026-08-31,电脑,device,联想/戴尔/华为,,I5 8代,,,屏好配件齐,220,元/台,,image,新款笔记本.jpg,数码网报价单-0831更新/电脑相关/新款笔记本.jpg,1,0.99,visual_manual
20260831-5b57b154575a920beb26-01,2026-08-31,电脑,device,联想/戴尔/华为,,I5 8代,,,破屏配件齐,170,元/台,,image,新款笔记本.jpg,数码网报价单-0831更新/电脑相关/新款笔记本.jpg,1,0.99,visual_manual
20260831-e2ae4fa49f52ea1b024e-01,2026-08-31,电脑,device,联想/戴尔/华为,,I5 8代,,,屏好空机,170,元/台,,image,新款笔记本.jpg,数码网报价单-0831更新/电脑相关/新款笔记本.jpg,1,0.99,visual_manual
20260831-0e0f4d69cee05693974b-01,2026-08-31,电脑,device,联想/戴尔/华为,,R5/R7 5代,,,开机屏好,600,元/台,,image,新款笔记本.jpg,数码网报价单-0831更新/电脑相关/新款笔记本.jpg,1,0.99,visual_manual
20260831-88c53ea6e48fefbbddc9-01,2026-08-31,电脑,device,联想/戴尔/华为,,R5/R7 5代,,,屏好配件齐,240,元/台,,image,新款笔记本.jpg,数码网报价单-0831更新/电脑相关/新款笔记本.jpg,1,0.99,visual_manual
20260831-100d8d5f3f02c5a773c6-01,2026-08-31,电脑,device,联想/戴尔/华为,,R5/R7 5代,,,破屏配件齐,120,元/台,,image,新款笔记本.jpg,数码网报价单-0831更新/电脑相关/新款笔记本.jpg,1,0.99,visual_manual
20260831-bb95c3a39fc7e4815214-01,2026-08-31,电脑,device,联想/戴尔/华为,,R5/R7 5代,,,屏好空机,120,元/台,,image,新款笔记本.jpg,数码网报价单-0831更新/电脑相关/新款笔记本.jpg,1,0.99,visual_manual
20260831-a32fe718ca76ff8d6a37-01,2026-08-31,电脑,device,联想/戴尔/华为,,R5/R7 5代,,,破屏空机,100,元/台,,image,新款笔记本.jpg,数码网报价单-0831更新/电脑相关/新款笔记本.jpg,1,0.99,visual_manual
20260831-446cf943d779c06a1baa-01,2026-08-31,电脑,device,联想/戴尔/华为,,R5/R7 4代,,,开机屏好,450,元/台,,image,新款笔记本.jpg,数码网报价单-0831更新/电脑相关/新款笔记本.jpg,1,0.99,visual_manual
20260831-e7246b355c43b689bd3f-01,2026-08-31,电脑,device,联想/戴尔/华为,,R5/R7 4代,,,屏好配件齐,180,元/台,,image,新款笔记本.jpg,数码网报价单-0831更新/电脑相关/新款笔记本.jpg,1,0.99,visual_manual
20260831-dd6885f31fb1938e075f-01,2026-08-31,电脑,device,联想/戴尔/华为,,R5/R7 4代,,,破屏配件齐,100,元/台,,image,新款笔记本.jpg,数码网报价单-0831更新/电脑相关/新款笔记本.jpg,1,0.99,visual_manual
20260831-b03c0e046879ddde1828-01,2026-08-31,电脑,device,联想/戴尔/华为,,R5/R7 4代,,,屏好空机,100,元/台,,image,新款笔记本.jpg,数码网报价单-0831更新/电脑相关/新款笔记本.jpg,1,0.99,visual_manual
20260831-4623d3c500408c130c11-01,2026-08-31,电脑,device,联想/戴尔/华为,,R5/R7 4代,,,破屏空机,80,元/台,,image,新款笔记本.jpg,数码网报价单-0831更新/电脑相关/新款笔记本.jpg,1,0.99,visual_manual
20260831-908362fb7375132b2298-01,2026-08-31,电脑,device,联想/戴尔/华为,,R5/R7 2/3代,,,开机屏好,250,元/台,,image,新款笔记本.jpg,数码网报价单-0831更新/电脑相关/新款笔记本.jpg,1,0.99,visual_manual
20260831-6c2e5dce5faa8660a7be-01,2026-08-31,电脑,device,联想/戴尔/华为,,R5/R7 2/3代,,,屏好配件齐,170,元/台,,image,新款笔记本.jpg,数码网报价单-0831更新/电脑相关/新款笔记本.jpg,1,0.99,visual_manual
20260831-1a4c6528a44b25fb1607-01,2026-08-31,电脑,device,联想/戴尔/华为,,R5/R7 2/3代,,,破屏配件齐,80,元/台,,image,新款笔记本.jpg,数码网报价单-0831更新/电脑相关/新款笔记本.jpg,1,0.99,visual_manual
20260831-139150ca4899304ea37b-01,2026-08-31,电脑,device,联想/戴尔/华为,,R5/R7 2/3代,,,屏好空机,110,元/台,,image,新款笔记本.jpg,数码网报价单-0831更新/电脑相关/新款笔记本.jpg,1,0.99,visual_manual
20260831-c94694b5ed08c03636c7-01,2026-08-31,电脑,device,联想/戴尔/华为,,R5/R7 2/3代,,,破屏空机,60,元/台,,image,新款笔记本.jpg,数码网报价单-0831更新/电脑相关/新款笔记本.jpg,1,0.99,visual_manual
20260831-12a70436f8bf9d827869-01,2026-08-31,手机,device,三星,S系列,S10l,,,开机屏好,140,元/台,屏好要求屏幕无划痕，中框无缺失，无变形,image,三星.jpg,数码网报价单-0831更新/手机相关/三星.jpg,1,0.98,visual_legacy_crosscheck
20260831-1c9704c151fd1867af4c-01,2026-08-31,手机,device,三星,S系列,S10l,,,开机屏坏,140,元/台,屏好要求屏幕无划痕，中框无缺失，无变形,image,三星.jpg,数码网报价单-0831更新/手机相关/三星.jpg,1,0.98,visual_legacy_crosscheck
20260831-2eaabaa1b07ab59d42d9-01,2026-08-31,手机,device,三星,S系列,S10l,,,不开机,140,元/台,屏好要求屏幕无划痕，中框无缺失，无变形,image,三星.jpg,数码网报价单-0831更新/手机相关/三星.jpg,1,0.98,visual_legacy_crosscheck
20260831-dc995f1fd5bae1223442-01,2026-08-31,手机,device,三星,S系列,S10l,,,废板-整机,140,元/台,屏好要求屏幕无划痕，中框无缺失，无变形,image,三星.jpg,数码网报价单-0831更新/手机相关/三星.jpg,1,0.98,visual_legacy_crosscheck
20260831-53895f848cd273f07267-01,2026-08-31,手机,device,三星,S系列,S10,,,开机屏好,140,元/台,,image,三星.jpg,数码网报价单-0831更新/手机相关/三星.jpg,1,0.98,visual_legacy_crosscheck
20260831-2535dd0eb4a0d248ef05-01,2026-08-31,手机,device,三星,S系列,S10,,,开机屏坏,140,元/台,,image,三星.jpg,数码网报价单-0831更新/手机相关/三星.jpg,1,0.98,visual_legacy_crosscheck
20260831-11b5d468b524ceb7326a-01,2026-08-31,手机,device,三星,S系列,S10,,,不开机,140,元/台,,image,三星.jpg,数码网报价单-0831更新/手机相关/三星.jpg,1,0.98,visual_legacy_crosscheck
20260831-b13552d61d64cdd827e8-01,2026-08-31,手机,device,三星,S系列,S10,,,废板-整机,140,元/台,,image,三星.jpg,数码网报价单-0831更新/手机相关/三星.jpg,1,0.98,visual_legacy_crosscheck
20260831-7c78bbe707e3038e4ab6-01,2026-08-31,手机,device,三星,S系列,S10cl,,,开机屏好,55,元/台,,image,三星.jpg,数码网报价单-0831更新/手机相关/三星.jpg,1,0.98,visual_legacy_crosscheck
20260831-b5f88975c5f94b0cf72f-01,2026-08-31,手机,device,三星,S系列,S10cl,,,开机屏坏,55,元/台,,image,三星.jpg,数码网报价单-0831更新/手机相关/三星.jpg,1,0.98,visual_legacy_crosscheck
20260831-fa3f228af660ab3ad163-01,2026-08-31,手机,device,三星,S系列,S10cl,,,不开机,55,元/台,,image,三星.jpg,数码网报价单-0831更新/手机相关/三星.jpg,1,0.98,visual_legacy_crosscheck
20260831-2278cde4adec9b9b9cfc-01,2026-08-31,手机,device,三星,S系列,S10cl,,,废板-整机,55,元/台,,image,三星.jpg,数码网报价单-0831更新/手机相关/三星.jpg,1,0.98,visual_legacy_crosscheck
20260831-1c5e573df21f081e694f-01,2026-08-31,手机,device,三星,S系列,S10C,,,开机屏好,55,元/台,,image,三星.jpg,数码网报价单-0831更新/手机相关/三星.jpg,1,0.98,visual_legacy_crosscheck
20260831-826637c561c6faf285f3-01,2026-08-31,手机,device,三星,S系列,S10C,,,开机屏坏,55,元/台,,image,三星.jpg,数码网报价单-0831更新/手机相关/三星.jpg,1,0.98,visual_legacy_crosscheck
20260831-b88785ba297fbe3934b6-01,2026-08-31,手机,device,三星,S系列,S10C,,,不开机,55,元/台,,image,三星.jpg,数码网报价单-0831更新/手机相关/三星.jpg,1,0.98,visual_legacy_crosscheck
20260831-e21c214f2c5b2280ab4f-01,2026-08-31,手机,device,三星,S系列,S10C,,,废板-整机,55,元/台,,image,三星.jpg,数码网报价单-0831更新/手机相关/三星.jpg,1,0.98,visual_legacy_crosscheck
20260831-f72acd58028cb944388b-01,2026-08-31,手机,device,三星,S系列,S10bl,,,开机屏好,120,元/台,,image,三星.jpg,数码网报价单-0831更新/手机相关/三星.jpg,1,0.98,visual_legacy_crosscheck
20260831-bd1b31d3c02d6b70e52e-01,2026-08-31,手机,device,三星,S系列,S10bl,,,开机屏坏,120,元/台,,image,三星.jpg,数码网报价单-0831更新/手机相关/三星.jpg,1,0.98,visual_legacy_crosscheck
20260831-35baa7748c35bed9c201-01,2026-08-31,手机,device,三星,S系列,S10bl,,,不开机,120,元/台,,image,三星.jpg,数码网报价单-0831更新/手机相关/三星.jpg,1,0.98,visual_legacy_crosscheck
20260831-b5db8822179aa4671715-01,2026-08-31,手机,device,三星,S系列,S10bl,,,废板-整机,120,元/台,,image,三星.jpg,数码网报价单-0831更新/手机相关/三星.jpg,1,0.98,visual_legacy_crosscheck
20260831-f899aae043c78167cb40-01,2026-08-31,手机,device,三星,S系列,S9,,,开机屏好,120,元/台,,image,三星.jpg,数码网报价单-0831更新/手机相关/三星.jpg,1,0.98,visual_legacy_crosscheck
20260831-c9423a7948dca5a014ce-01,2026-08-31,手机,device,三星,S系列,S9,,,开机屏坏,120,元/台,,image,三星.jpg,数码网报价单-0831更新/手机相关/三星.jpg,1,0.98,visual_legacy_crosscheck
20260831-8e5491d5d00364fb8d92-01,2026-08-31,手机,device,三星,S系列,S9,,,不开机,120,元/台,,image,三星.jpg,数码网报价单-0831更新/手机相关/三星.jpg,1,0.98,visual_legacy_crosscheck
20260831-77eca75606e210457a52-01,2026-08-31,手机,device,三星,S系列,S9,,,废板-整机,120,元/台,,image,三星.jpg,数码网报价单-0831更新/手机相关/三星.jpg,1,0.98,visual_legacy_crosscheck
20260831-0f3401cab38c0f4a8097-01,2026-08-31,手机,device,三星,S系列,S11,,,开机屏好,120,元/台,,image,三星.jpg,数码网报价单-0831更新/手机相关/三星.jpg,1,0.98,visual_legacy_crosscheck
20260831-0e66a40d4361cc2700c3-01,2026-08-31,手机,device,三星,S系列,S11,,,开机屏坏,120,元/台,,image,三星.jpg,数码网报价单-0831更新/手机相关/三星.jpg,1,0.98,visual_legacy_crosscheck
20260831-fc955474656c468ca9a7-01,2026-08-31,手机,device,三星,S系列,S11,,,不开机,120,元/台,,image,三星.jpg,数码网报价单-0831更新/手机相关/三星.jpg,1,0.98,visual_legacy_crosscheck
20260831-a083abb15f970012ceec-01,2026-08-31,手机,device,三星,S系列,S11,,,废板-整机,120,元/台,,image,三星.jpg,数码网报价单-0831更新/手机相关/三星.jpg,1,0.98,visual_legacy_crosscheck
20260831-f87b048ce5f079ddd7c4-01,2026-08-31,手机,device,三星,S系列,S8/Gn9011,,,开机屏好,120,元/台,,image,三星.jpg,数码网报价单-0831更新/手机相关/三星.jpg,1,0.98,visual_legacy_crosscheck
20260831-1fa37cd8d14be9099f6a-01,2026-08-31,手机,device,三星,S系列,S8/Gn9011,,,开机屏坏,120,元/台,,image,三星.jpg,数码网报价单-0831更新/手机相关/三星.jpg,1,0.98,visual_legacy_crosscheck
20260831-368da4b489419f29981f-01,2026-08-31,手机,device,三星,S系列,S8/Gn9011,,,不开机,120,元/台,,image,三星.jpg,数码网报价单-0831更新/手机相关/三星.jpg,1,0.98,visual_legacy_crosscheck
20260831-b5b07ea69855fdd8bc34-01,2026-08-31,手机,device,三星,S系列,S8/Gn9011,,,废板-整机,120,元/台,,image,三星.jpg,数码网报价单-0831更新/手机相关/三星.jpg,1,0.98,visual_legacy_crosscheck
20260831-52518972a8ace444b462-01,2026-08-31,手机,device,三星,S系列,S11s,,,开机屏好,120,元/台,,image,三星.jpg,数码网报价单-0831更新/手机相关/三星.jpg,1,0.98,visual_legacy_crosscheck
20260831-b2814c97a10afdf2e0ed-01,2026-08-31,手机,device,三星,S系列,S11s,,,开机屏坏,120,元/台,,image,三星.jpg,数码网报价单-0831更新/手机相关/三星.jpg,1,0.98,visual_legacy_crosscheck
20260831-baf81af7b1a1d438eb24-01,2026-08-31,手机,device,三星,S系列,S11s,,,不开机,120,元/台,,image,三星.jpg,数码网报价单-0831更新/手机相关/三星.jpg,1,0.98,visual_legacy_crosscheck
20260831-af1c86f52680373535b5-01,2026-08-31,手机,device,三星,S系列,S11s,,,废板-整机,120,元/台,,image,三星.jpg,数码网报价单-0831更新/手机相关/三星.jpg,1,0.98,visual_legacy_crosscheck
20260831-6088e3eeb70a226a1c13-01,2026-08-31,手机,device,三星,S系列,S6 Pro/Gn9012,,,开机屏好,120,元/台,,image,三星.jpg,数码网报价单-0831更新/手机相关/三星.jpg,1,0.98,visual_legacy_crosscheck
20260831-2b54f3bc362bdbb3032d-01,2026-08-31,手机,device,三星,S系列,S6 Pro/Gn9012,,,开机屏坏,120,元/台,,image,三星.jpg,数码网报价单-0831更新/手机相关/三星.jpg,1,0.98,visual_legacy_crosscheck
20260831-e0b2cb0626dbc17e59e6-01,2026-08-31,手机,device,三星,S系列,S6 Pro/Gn9012,,,不开机,120,元/台,,image,三星.jpg,数码网报价单-0831更新/手机相关/三星.jpg,1,0.98,visual_legacy_crosscheck
20260831-62dc27bc240bcb6541e4-01,2026-08-31,手机,device,三星,S系列,S6 Pro/Gn9012,,,废板-整机,120,元/台,,image,三星.jpg,数码网报价单-0831更新/手机相关/三星.jpg,1,0.98,visual_legacy_crosscheck
20260831-4685d3d036a1aeeffa43-01,2026-08-31,手机,device,三星,S系列,S6/Gn9010,,,开机屏好,55,元/台,,image,三星.jpg,数码网报价单-0831更新/手机相关/三星.jpg,1,0.98,visual_legacy_crosscheck
20260831-411055a9a2afb50d4fab-01,2026-08-31,手机,device,三星,S系列,S6/Gn9010,,,开机屏坏,55,元/台,,image,三星.jpg,数码网报价单-0831更新/手机相关/三星.jpg,1,0.98,visual_legacy_crosscheck
20260831-99f6736a397610008ce5-01,2026-08-31,手机,device,三星,S系列,S6/Gn9010,,,不开机,55,元/台,,image,三星.jpg,数码网报价单-0831更新/手机相关/三星.jpg,1,0.98,visual_legacy_crosscheck
20260831-1bca5507e83cc59ace29-01,2026-08-31,手机,device,三星,S系列,S6/Gn9010,,,废板-整机,55,元/台,,image,三星.jpg,数码网报价单-0831更新/手机相关/三星.jpg,1,0.98,visual_legacy_crosscheck
20260831-9d2bbd18bb2e11e020b3-01,2026-08-31,手机,device,三星,S系列,Gn3001/S5,,,开机屏好,55,元/台,,image,三星.jpg,数码网报价单-0831更新/手机相关/三星.jpg,1,0.98,visual_legacy_crosscheck
20260831-b81b0dba71e870725ebf-01,2026-08-31,手机,device,三星,S系列,Gn3001/S5,,,开机屏坏,55,元/台,,image,三星.jpg,数码网报价单-0831更新/手机相关/三星.jpg,1,0.98,visual_legacy_crosscheck
20260831-168b16b7fd3a15fc4f77-01,2026-08-31,手机,device,三星,S系列,Gn3001/S5,,,不开机,55,元/台,,image,三星.jpg,数码网报价单-0831更新/手机相关/三星.jpg,1,0.98,visual_legacy_crosscheck
20260831-9ed1cf7e41e39c865f0f-01,2026-08-31,手机,device,三星,S系列,Gn3001/S5,,,废板-整机,55,元/台,,image,三星.jpg,数码网报价单-0831更新/手机相关/三星.jpg,1,0.98,visual_legacy_crosscheck
20260831-2882338e1e9fca2c560e-01,2026-08-31,手机,device,三星,M系列,M2017Plus,,,开机屏好,70,元/台,,image,三星.jpg,数码网报价单-0831更新/手机相关/三星.jpg,1,0.98,visual_legacy_crosscheck
20260831-fa1071672ae4b0138d32-01,2026-08-31,手机,device,三星,M系列,M2017Plus,,,开机屏坏,70,元/台,,image,三星.jpg,数码网报价单-0831更新/手机相关/三星.jpg,1,0.98,visual_legacy_crosscheck
20260831-920a2e63fb1ef94405e0-01,2026-08-31,手机,device,三星,M系列,M2017Plus,,,不开机,70,元/台,,image,三星.jpg,数码网报价单-0831更新/手机相关/三星.jpg,1,0.98,visual_legacy_crosscheck
20260831-73bf7f4171a7bf6d8280-01,2026-08-31,手机,device,三星,M系列,M2017Plus,,,废板-整机,70,元/台,,image,三星.jpg,数码网报价单-0831更新/手机相关/三星.jpg,1,0.98,visual_legacy_crosscheck
20260831-14b9fc5a22a1f870cec8-01,2026-08-31,手机,device,三星,M系列,M7,,,开机屏好,120,元/台,,image,三星.jpg,数码网报价单-0831更新/手机相关/三星.jpg,1,0.98,visual_legacy_crosscheck
20260831-101154e436ecb0eeb600-01,2026-08-31,手机,device,三星,M系列,M7,,,开机屏坏,120,元/台,,image,三星.jpg,数码网报价单-0831更新/手机相关/三星.jpg,1,0.98,visual_legacy_crosscheck
20260831-e856d0e74ca3eebf7821-01,2026-08-31,手机,device,三星,M系列,M7,,,不开机,120,元/台,,image,三星.jpg,数码网报价单-0831更新/手机相关/三星.jpg,1,0.98,visual_legacy_crosscheck
20260831-2b073c5ea94262224580-01,2026-08-31,手机,device,三星,M系列,M7,,,废板-整机,120,元/台,,image,三星.jpg,数码网报价单-0831更新/手机相关/三星.jpg,1,0.98,visual_legacy_crosscheck
20260831-ff016fdc8c32002ac7e8-01,2026-08-31,手机,device,三星,M系列,M6P/Gn8002s,,,开机屏好,120,元/台,,image,三星.jpg,数码网报价单-0831更新/手机相关/三星.jpg,1,0.98,visual_legacy_crosscheck
20260831-04da0eba38a17d83ce07-01,2026-08-31,手机,device,三星,M系列,M6P/Gn8002s,,,开机屏坏,120,元/台,,image,三星.jpg,数码网报价单-0831更新/手机相关/三星.jpg,1,0.98,visual_legacy_crosscheck
20260831-f9b9e9e2b395ae15dab1-01,2026-08-31,手机,device,三星,M系列,M6P/Gn8002s,,,不开机,120,元/台,,image,三星.jpg,数码网报价单-0831更新/手机相关/三星.jpg,1,0.98,visual_legacy_crosscheck
20260831-9cbd23819d8c0b178687-01,2026-08-31,手机,device,三星,M系列,M6P/Gn8002s,,,废板-整机,120,元/台,,image,三星.jpg,数码网报价单-0831更新/手机相关/三星.jpg,1,0.98,visual_legacy_crosscheck
20260831-49e945c50ae77abf2f1f-01,2026-08-31,手机,device,三星,M系列,M6/Gn8003,,,开机屏好,120,元/台,,image,三星.jpg,数码网报价单-0831更新/手机相关/三星.jpg,1,0.98,visual_legacy_crosscheck
20260831-71c47fb41a4094dc77c1-01,2026-08-31,手机,device,三星,M系列,M6/Gn8003,,,开机屏坏,120,元/台,,image,三星.jpg,数码网报价单-0831更新/手机相关/三星.jpg,1,0.98,visual_legacy_crosscheck
20260831-33771fbc55665b0a0250-01,2026-08-31,手机,device,三星,M系列,M6/Gn8003,,,不开机,120,元/台,,image,三星.jpg,数码网报价单-0831更新/手机相关/三星.jpg,1,0.98,visual_legacy_crosscheck
20260831-6b6f28732091a18a0c51-01,2026-08-31,手机,device,三星,M系列,M6/Gn8003,,,废板-整机,120,元/台,,image,三星.jpg,数码网报价单-0831更新/手机相关/三星.jpg,1,0.98,visual_legacy_crosscheck
20260831-7ee12ec6129b870aaf72-01,2026-08-31,手机,device,三星,M系列,M6SP,,,开机屏好,50,元/台,,image,三星.jpg,数码网报价单-0831更新/手机相关/三星.jpg,1,0.98,visual_legacy_crosscheck
20260831-d748ff6e6594db623031-01,2026-08-31,手机,device,三星,M系列,M6SP,,,开机屏坏,50,元/台,,image,三星.jpg,数码网报价单-0831更新/手机相关/三星.jpg,1,0.98,visual_legacy_crosscheck
20260831-3cdc34575c7d2c8c444e-01,2026-08-31,手机,device,三星,M系列,M6SP,,,不开机,50,元/台,,image,三星.jpg,数码网报价单-0831更新/手机相关/三星.jpg,1,0.98,visual_legacy_crosscheck
20260831-4dfc71b43c63d3899398-01,2026-08-31,手机,device,三星,M系列,M6SP,,,废板-整机,50,元/台,,image,三星.jpg,数码网报价单-0831更新/手机相关/三星.jpg,1,0.98,visual_legacy_crosscheck
20260831-13dee2b58a511b2356dd-01,2026-08-31,手机,device,三星,M系列,M5P/Gn8001,,,开机屏好,70,元/台,,image,三星.jpg,数码网报价单-0831更新/手机相关/三星.jpg,1,0.98,visual_legacy_crosscheck
20260831-8b172aaac72b872603c2-01,2026-08-31,手机,device,三星,M系列,M5P/Gn8001,,,开机屏坏,70,元/台,,image,三星.jpg,数码网报价单-0831更新/手机相关/三星.jpg,1,0.98,visual_legacy_crosscheck
20260831-a4f103a2de2e54afee0a-01,2026-08-31,手机,device,三星,M系列,M5P/Gn8001,,,不开机,70,元/台,,image,三星.jpg,数码网报价单-0831更新/手机相关/三星.jpg,1,0.98,visual_legacy_crosscheck
20260831-611d7e2ef9e76335fce5-01,2026-08-31,手机,device,三星,M系列,M5P/Gn8001,,,废板-整机,70,元/台,,image,三星.jpg,数码网报价单-0831更新/手机相关/三星.jpg,1,0.98,visual_legacy_crosscheck
20260831-b140bd5ec495af78f595-01,2026-08-31,手机,device,三星,M系列,M2017,,,开机屏好,70,元/台,,image,三星.jpg,数码网报价单-0831更新/手机相关/三星.jpg,1,0.98,visual_legacy_crosscheck
20260831-702e1a4dbbcb4f973804-01,2026-08-31,手机,device,三星,M系列,M2017,,,开机屏坏,70,元/台,,image,三星.jpg,数码网报价单-0831更新/手机相关/三星.jpg,1,0.98,visual_legacy_crosscheck
20260831-4c9ee675c97e31bbdc28-01,2026-08-31,手机,device,三星,M系列,M2017,,,不开机,70,元/台,,image,三星.jpg,数码网报价单-0831更新/手机相关/三星.jpg,1,0.98,visual_legacy_crosscheck
20260831-cdbf0741191f6d308570-01,2026-08-31,手机,device,三星,M系列,M2017,,,废板-整机,70,元/台,,image,三星.jpg,数码网报价单-0831更新/手机相关/三星.jpg,1,0.98,visual_legacy_crosscheck
20260831-4d9d5856be8a680419b6-01,2026-08-31,手机,device,三星,M系列,M40Pro,,,开机屏好,75,元/台,,image,三星.jpg,数码网报价单-0831更新/手机相关/三星.jpg,1,0.98,visual_legacy_crosscheck
20260831-8c90ad8d19aefcbbf88a-01,2026-08-31,手机,device,三星,M系列,M40Pro,,,开机屏坏,75,元/台,,image,三星.jpg,数码网报价单-0831更新/手机相关/三星.jpg,1,0.98,visual_legacy_crosscheck
20260831-2010c31da872468b3b0e-01,2026-08-31,手机,device,三星,M系列,M40Pro,,,不开机,75,元/台,,image,三星.jpg,数码网报价单-0831更新/手机相关/三星.jpg,1,0.98,visual_legacy_crosscheck
20260831-e4412a124755278846a4-01,2026-08-31,手机,device,三星,M系列,M40Pro,,,废板-整机,75,元/台,,image,三星.jpg,数码网报价单-0831更新/手机相关/三星.jpg,1,0.98,visual_legacy_crosscheck
20260831-8d14f2e16ff6c1d56b97-01,2026-08-31,手机,device,三星,M系列,M12Pro,,,开机屏好,75,元/台,,image,三星.jpg,数码网报价单-0831更新/手机相关/三星.jpg,1,0.98,visual_legacy_crosscheck
20260831-017e0f275e9a357e4e7a-01,2026-08-31,手机,device,三星,M系列,M12Pro,,,开机屏坏,75,元/台,,image,三星.jpg,数码网报价单-0831更新/手机相关/三星.jpg,1,0.98,visual_legacy_crosscheck
20260831-44dbae7b16819597fae1-01,2026-08-31,手机,device,三星,M系列,M12Pro,,,不开机,75,元/台,,image,三星.jpg,数码网报价单-0831更新/手机相关/三星.jpg,1,0.98,visual_legacy_crosscheck
20260831-30c9544dc9fce64e61ed-01,2026-08-31,手机,device,三星,M系列,M12Pro,,,废板-整机,75,元/台,,image,三星.jpg,数码网报价单-0831更新/手机相关/三星.jpg,1,0.98,visual_legacy_crosscheck
20260831-bdff5f8c590e28531065-01,2026-08-31,手机,device,三星,M系列,M11pro,,,开机屏好,75,元/台,,image,三星.jpg,数码网报价单-0831更新/手机相关/三星.jpg,1,0.98,visual_legacy_crosscheck
20260831-44640e5820072b09e07e-01,2026-08-31,手机,device,三星,M系列,M11pro,,,开机屏坏,75,元/台,,image,三星.jpg,数码网报价单-0831更新/手机相关/三星.jpg,1,0.98,visual_legacy_crosscheck
20260831-6da5c226118f457f941b-01,2026-08-31,手机,device,三星,M系列,M11pro,,,不开机,75,元/台,,image,三星.jpg,数码网报价单-0831更新/手机相关/三星.jpg,1,0.98,visual_legacy_crosscheck
20260831-39219cba5eb250a3b0fa-01,2026-08-31,手机,device,三星,M系列,M11pro,,,废板-整机,75,元/台,,image,三星.jpg,数码网报价单-0831更新/手机相关/三星.jpg,1,0.98,visual_legacy_crosscheck
20260831-db86cf004846fb491dc5-01,2026-08-31,手机,device,三星,M系列,M11s,,,开机屏好,75,元/台,,image,三星.jpg,数码网报价单-0831更新/手机相关/三星.jpg,1,0.98,visual_legacy_crosscheck
20260831-7aab023c4c3b378d8ed8-01,2026-08-31,手机,device,三星,M系列,M11s,,,开机屏坏,75,元/台,,image,三星.jpg,数码网报价单-0831更新/手机相关/三星.jpg,1,0.98,visual_legacy_crosscheck
20260831-d1531889554268298c8f-01,2026-08-31,手机,device,三星,M系列,M11s,,,不开机,75,元/台,,image,三星.jpg,数码网报价单-0831更新/手机相关/三星.jpg,1,0.98,visual_legacy_crosscheck
20260831-bb6396d8183bab27aa37-01,2026-08-31,手机,device,三星,M系列,M11s,,,废板-整机,75,元/台,,image,三星.jpg,数码网报价单-0831更新/手机相关/三星.jpg,1,0.98,visual_legacy_crosscheck
20260831-b512981b88413c850a0f-01,2026-08-31,手机,device,三星,M系列,M5,,,开机屏好,25,元/台,,image,三星.jpg,数码网报价单-0831更新/手机相关/三星.jpg,1,0.98,visual_legacy_crosscheck
20260831-b99febb6843e845702d5-01,2026-08-31,手机,device,三星,M系列,M5,,,开机屏坏,25,元/台,,image,三星.jpg,数码网报价单-0831更新/手机相关/三星.jpg,1,0.98,visual_legacy_crosscheck
20260831-b052674b846eb77e651b-01,2026-08-31,手机,device,三星,M系列,M5,,,不开机,25,元/台,,image,三星.jpg,数码网报价单-0831更新/手机相关/三星.jpg,1,0.98,visual_legacy_crosscheck
20260831-c19f9a05f239faeb1c9c-01,2026-08-31,手机,device,三星,M系列,M5,,,废板-整机,25,元/台,,image,三星.jpg,数码网报价单-0831更新/手机相关/三星.jpg,1,0.98,visual_legacy_crosscheck
20260831-0bef9c73bf0f64274679-01,2026-08-31,手机,device,三星,M系列,M3,,,开机屏好,20,元/台,,image,三星.jpg,数码网报价单-0831更新/手机相关/三星.jpg,1,0.98,visual_legacy_crosscheck
20260831-f75d61fe3b543dca9a50-01,2026-08-31,手机,device,三星,M系列,M3,,,开机屏坏,20,元/台,,image,三星.jpg,数码网报价单-0831更新/手机相关/三星.jpg,1,0.98,visual_legacy_crosscheck
20260831-990a1e39e4220cc8c67f-01,2026-08-31,手机,device,三星,M系列,M3,,,不开机,20,元/台,,image,三星.jpg,数码网报价单-0831更新/手机相关/三星.jpg,1,0.98,visual_legacy_crosscheck
20260831-faef63d4a0cd9480e38e-01,2026-08-31,手机,device,三星,M系列,M3,,,废板-整机,20,元/台,,image,三星.jpg,数码网报价单-0831更新/手机相关/三星.jpg,1,0.98,visual_legacy_crosscheck
20260831-3d2f9a95525858b86174-01,2026-08-31,手机,device,三星,K系列,K6,,,开机屏好,75,元/台,,image,三星.jpg,数码网报价单-0831更新/手机相关/三星.jpg,1,0.98,visual_legacy_crosscheck
20260831-2aaa36a6241694eba813-01,2026-08-31,手机,device,三星,K系列,K6,,,开机屏坏,75,元/台,,image,三星.jpg,数码网报价单-0831更新/手机相关/三星.jpg,1,0.98,visual_legacy_crosscheck
20260831-f39190d2d9d88eb64c99-01,2026-08-31,手机,device,三星,K系列,K6,,,不开机,75,元/台,,image,三星.jpg,数码网报价单-0831更新/手机相关/三星.jpg,1,0.98,visual_legacy_crosscheck
20260831-8a5fd6c040b8ab9401fb-01,2026-08-31,手机,device,三星,K系列,K6,,,废板-整机,75,元/台,,image,三星.jpg,数码网报价单-0831更新/手机相关/三星.jpg,1,0.98,visual_legacy_crosscheck
20260831-607b3684a647763501c5-01,2026-08-31,手机,device,三星,K系列,K7,,,开机屏好,75,元/台,,image,三星.jpg,数码网报价单-0831更新/手机相关/三星.jpg,1,0.98,visual_legacy_crosscheck
20260831-f58b17677569ae8a9afd-01,2026-08-31,手机,device,三星,K系列,K7,,,开机屏坏,75,元/台,,image,三星.jpg,数码网报价单-0831更新/手机相关/三星.jpg,1,0.98,visual_legacy_crosscheck
20260831-4051422d551a6cf28942-01,2026-08-31,手机,device,三星,K系列,K7,,,不开机,75,元/台,,image,三星.jpg,数码网报价单-0831更新/手机相关/三星.jpg,1,0.98,visual_legacy_crosscheck
20260831-472bb27207e74668c84f-01,2026-08-31,手机,device,三星,K系列,K7,,,废板-整机,75,元/台,,image,三星.jpg,数码网报价单-0831更新/手机相关/三星.jpg,1,0.98,visual_legacy_crosscheck
20260831-b217baba52fac71bb00f-01,2026-08-31,手机,device,三星,K系列,K3,,,开机屏好,30,元/台,,image,三星.jpg,数码网报价单-0831更新/手机相关/三星.jpg,1,0.98,visual_legacy_crosscheck
20260831-7d7d19287c431f1b6a2d-01,2026-08-31,手机,device,三星,K系列,K3,,,开机屏坏,30,元/台,,image,三星.jpg,数码网报价单-0831更新/手机相关/三星.jpg,1,0.98,visual_legacy_crosscheck
20260831-e71ed7f2053107f3b60d-01,2026-08-31,手机,device,三星,K系列,K3,,,不开机,30,元/台,,image,三星.jpg,数码网报价单-0831更新/手机相关/三星.jpg,1,0.98,visual_legacy_crosscheck
20260831-649948f835fbb53ec293-01,2026-08-31,手机,device,三星,K系列,K3,,,废板-整机,30,元/台,,image,三星.jpg,数码网报价单-0831更新/手机相关/三星.jpg,1,0.98,visual_legacy_crosscheck
20260831-9399fd86cc6fb773f1a6-01,2026-08-31,手机,device,三星,G系列,Gn5007/大金刚2,,,开机屏好,120,元/台,,image,三星.jpg,数码网报价单-0831更新/手机相关/三星.jpg,1,0.98,visual_legacy_crosscheck
20260831-9440f849cf04709ad41a-01,2026-08-31,手机,device,三星,G系列,Gn5007/大金刚2,,,开机屏坏,120,元/台,,image,三星.jpg,数码网报价单-0831更新/手机相关/三星.jpg,1,0.98,visual_legacy_crosscheck
20260831-eb4125bd318c2e02af01-01,2026-08-31,手机,device,三星,G系列,Gn5007/大金刚2,,,不开机,120,元/台,,image,三星.jpg,数码网报价单-0831更新/手机相关/三星.jpg,1,0.98,visual_legacy_crosscheck
20260831-1148feb5a7ef697ce029-01,2026-08-31,手机,device,三星,G系列,Gn5007/大金刚2,,,废板-整机,120,元/台,,image,三星.jpg,数码网报价单-0831更新/手机相关/三星.jpg,1,0.98,visual_legacy_crosscheck
20260831-ecb930e75c12e9184446-01,2026-08-31,手机,device,三星,G系列,Gn5005,,,开机屏好,30,元/台,屏好要求中框无缺失，无变形,image,三星.jpg,数码网报价单-0831更新/手机相关/三星.jpg,1,0.98,visual_legacy_crosscheck
20260831-622850eb83369d801820-01,2026-08-31,手机,device,三星,G系列,Gn5005,,,开机屏坏,30,元/台,屏好要求中框无缺失，无变形,image,三星.jpg,数码网报价单-0831更新/手机相关/三星.jpg,1,0.98,visual_legacy_crosscheck
20260831-7e45bda9065508d4a8db-01,2026-08-31,手机,device,三星,G系列,Gn5005,,,不开机,30,元/台,屏好要求中框无缺失，无变形,image,三星.jpg,数码网报价单-0831更新/手机相关/三星.jpg,1,0.98,visual_legacy_crosscheck
20260831-9343717067347081aac6-01,2026-08-31,手机,device,三星,G系列,Gn5005,,,废板-整机,30,元/台,屏好要求中框无缺失，无变形,image,三星.jpg,数码网报价单-0831更新/手机相关/三星.jpg,1,0.98,visual_legacy_crosscheck
20260831-33f9cc449fef43d0f4d9-01,2026-08-31,手机,device,三星,G系列,Gn5001/小金刚,,,开机屏好,30,元/台,屏好要求内外屏全好，中框无缺失，无变形，触摸能触动,image,三星.jpg,数码网报价单-0831更新/手机相关/三星.jpg,1,0.98,visual_legacy_crosscheck
20260831-faec3ea72fb18666c1f0-01,2026-08-31,手机,device,三星,G系列,Gn5001/小金刚,,,开机屏坏,30,元/台,屏好要求内外屏全好，中框无缺失，无变形，触摸能触动,image,三星.jpg,数码网报价单-0831更新/手机相关/三星.jpg,1,0.98,visual_legacy_crosscheck
20260831-3d904a5cf1001eda7cf9-01,2026-08-31,手机,device,三星,G系列,Gn5001/小金刚,,,不开机,30,元/台,屏好要求内外屏全好，中框无缺失，无变形，触摸能触动,image,三星.jpg,数码网报价单-0831更新/手机相关/三星.jpg,1,0.98,visual_legacy_crosscheck
20260831-dbfac5757ec11b996b2f-01,2026-08-31,手机,device,三星,G系列,Gn5001/小金刚,,,废板-整机,30,元/台,屏好要求内外屏全好，中框无缺失，无变形，触摸能触动,image,三星.jpg,数码网报价单-0831更新/手机相关/三星.jpg,1,0.98,visual_legacy_crosscheck
20260831-32674f2226bb9a603360-01,2026-08-31,手机,device,三星,G系列,Gn5003/大金刚,,,开机屏好,55,元/台,,image,三星.jpg,数码网报价单-0831更新/手机相关/三星.jpg,1,0.98,visual_legacy_crosscheck
20260831-dc6f48a1abcbd50712fa-01,2026-08-31,手机,device,三星,G系列,Gn5003/大金刚,,,开机屏坏,55,元/台,,image,三星.jpg,数码网报价单-0831更新/手机相关/三星.jpg,1,0.98,visual_legacy_crosscheck
20260831-9dc3f2a793c9bf664bc6-01,2026-08-31,手机,device,三星,G系列,Gn5003/大金刚,,,不开机,55,元/台,,image,三星.jpg,数码网报价单-0831更新/手机相关/三星.jpg,1,0.98,visual_legacy_crosscheck
20260831-c90c3ce330711a1072a0-01,2026-08-31,手机,device,三星,G系列,Gn5003/大金刚,,,废板-整机,55,元/台,,image,三星.jpg,数码网报价单-0831更新/手机相关/三星.jpg,1,0.98,visual_legacy_crosscheck
20260831-a7115c75cb8e200e26b3-01,2026-08-31,手机,device,三星,G系列,Gn5002/M5畅享版,,,开机屏好,25,元/台,,image,三星.jpg,数码网报价单-0831更新/手机相关/三星.jpg,1,0.98,visual_legacy_crosscheck
20260831-58fc87ecd6df49cc4c5f-01,2026-08-31,手机,device,三星,G系列,Gn5002/M5畅享版,,,开机屏坏,25,元/台,,image,三星.jpg,数码网报价单-0831更新/手机相关/三星.jpg,1,0.98,visual_legacy_crosscheck
20260831-c9b8c2a14392c36c22d2-01,2026-08-31,手机,device,三星,G系列,Gn5002/M5畅享版,,,不开机,25,元/台,,image,三星.jpg,数码网报价单-0831更新/手机相关/三星.jpg,1,0.98,visual_legacy_crosscheck
20260831-ce469693a2213fa63be2-01,2026-08-31,手机,device,三星,G系列,Gn5002/M5畅享版,,,废板-整机,25,元/台,,image,三星.jpg,数码网报价单-0831更新/手机相关/三星.jpg,1,0.98,visual_legacy_crosscheck
20260831-5a9d9529ba78b005b6d1-01,2026-08-31,手机,device,三星,G系列,Gn9000l,,,开机屏好,20,元/台,,image,三星.jpg,数码网报价单-0831更新/手机相关/三星.jpg,1,0.98,visual_legacy_crosscheck
20260831-63a29dfeaef173c5fc7a-01,2026-08-31,手机,device,三星,G系列,Gn9000l,,,开机屏坏,20,元/台,,image,三星.jpg,数码网报价单-0831更新/手机相关/三星.jpg,1,0.98,visual_legacy_crosscheck
20260831-bed3fb1d58c6433fdd25-01,2026-08-31,手机,device,三星,G系列,Gn9000l,,,不开机,20,元/台,,image,三星.jpg,数码网报价单-0831更新/手机相关/三星.jpg,1,0.98,visual_legacy_crosscheck
20260831-2c071d099dc63442c448-01,2026-08-31,手机,device,三星,G系列,Gn9000l,,,废板-整机,20,元/台,,image,三星.jpg,数码网报价单-0831更新/手机相关/三星.jpg,1,0.98,visual_legacy_crosscheck
20260831-a638903f97de388bdcf4-01,2026-08-31,手机,device,三星,G系列,Gn5006,,,开机屏好,20,元/台,,image,三星.jpg,数码网报价单-0831更新/手机相关/三星.jpg,1,0.98,visual_legacy_crosscheck
20260831-4ee6952567a18377e95a-01,2026-08-31,手机,device,三星,G系列,Gn5006,,,开机屏坏,20,元/台,,image,三星.jpg,数码网报价单-0831更新/手机相关/三星.jpg,1,0.98,visual_legacy_crosscheck
20260831-2c69db25a535d779d610-01,2026-08-31,手机,device,三星,G系列,Gn5006,,,不开机,20,元/台,,image,三星.jpg,数码网报价单-0831更新/手机相关/三星.jpg,1,0.98,visual_legacy_crosscheck
20260831-2d6d9831f54e5283d5cf-01,2026-08-31,手机,device,三星,G系列,Gn5006,,,废板-整机,20,元/台,,image,三星.jpg,数码网报价单-0831更新/手机相关/三星.jpg,1,0.98,visual_legacy_crosscheck
20260831-25d17a53ce79edd8b7e3-01,2026-08-31,手机,device,三星,G系列,gn5601,,,开机屏好,50,元/台,,image,三星.jpg,数码网报价单-0831更新/手机相关/三星.jpg,1,0.98,visual_legacy_crosscheck
20260831-5d97e182f6c0223254db-01,2026-08-31,手机,device,三星,G系列,gn5601,,,开机屏坏,50,元/台,,image,三星.jpg,数码网报价单-0831更新/手机相关/三星.jpg,1,0.98,visual_legacy_crosscheck
20260831-1b21c98f6a658c66c0b3-01,2026-08-31,手机,device,三星,G系列,gn5601,,,不开机,50,元/台,,image,三星.jpg,数码网报价单-0831更新/手机相关/三星.jpg,1,0.98,visual_legacy_crosscheck
20260831-c5e06d2c2dd71faa73e3-01,2026-08-31,手机,device,三星,G系列,gn5601,,,废板-整机,50,元/台,,image,三星.jpg,数码网报价单-0831更新/手机相关/三星.jpg,1,0.98,visual_legacy_crosscheck
20260831-ce2d5e8e143ea8253d4a-01,2026-08-31,手机,device,三星,G系列,大金刚5,,,开机屏好,50,元/台,,image,三星.jpg,数码网报价单-0831更新/手机相关/三星.jpg,1,0.98,visual_legacy_crosscheck
20260831-17a6e1e74400f733a1ad-01,2026-08-31,手机,device,三星,G系列,大金刚5,,,开机屏坏,50,元/台,,image,三星.jpg,数码网报价单-0831更新/手机相关/三星.jpg,1,0.98,visual_legacy_crosscheck
20260831-4ab9f4973f7c68e761a3-01,2026-08-31,手机,device,三星,G系列,大金刚5,,,不开机,50,元/台,,image,三星.jpg,数码网报价单-0831更新/手机相关/三星.jpg,1,0.98,visual_legacy_crosscheck
20260831-fcfea38f2d86fd1cb911-01,2026-08-31,手机,device,三星,G系列,大金刚5,,,废板-整机,50,元/台,,image,三星.jpg,数码网报价单-0831更新/手机相关/三星.jpg,1,0.98,visual_legacy_crosscheck
20260831-a9342fa8e1982440bdef-01,2026-08-31,手机,device,三星,G系列,Gn3002,,,开机屏好,30,元/台,,image,三星.jpg,数码网报价单-0831更新/手机相关/三星.jpg,1,0.98,visual_legacy_crosscheck
20260831-f911c15701e4426d22e9-01,2026-08-31,手机,device,三星,G系列,Gn3002,,,开机屏坏,30,元/台,,image,三星.jpg,数码网报价单-0831更新/手机相关/三星.jpg,1,0.98,visual_legacy_crosscheck
20260831-0f9fc832a7dd367488d8-01,2026-08-31,手机,device,三星,G系列,Gn3002,,,不开机,30,元/台,,image,三星.jpg,数码网报价单-0831更新/手机相关/三星.jpg,1,0.98,visual_legacy_crosscheck
20260831-0b7bc33a304aaf4fec2c-01,2026-08-31,手机,device,三星,G系列,Gn3002,,,废板-整机,30,元/台,,image,三星.jpg,数码网报价单-0831更新/手机相关/三星.jpg,1,0.98,visual_legacy_crosscheck
20260831-edd9207f75a29db43861-01,2026-08-31,手机,device,三星,G系列,Gn9008/E8,,,开机屏好,30,元/台,,image,三星.jpg,数码网报价单-0831更新/手机相关/三星.jpg,1,0.98,visual_legacy_crosscheck
20260831-51e9b28c031ccc411fe1-01,2026-08-31,手机,device,三星,G系列,Gn9008/E8,,,开机屏坏,30,元/台,,image,三星.jpg,数码网报价单-0831更新/手机相关/三星.jpg,1,0.98,visual_legacy_crosscheck
20260831-b0816a71f571eb298e40-01,2026-08-31,手机,device,三星,G系列,Gn9008/E8,,,不开机,30,元/台,,image,三星.jpg,数码网报价单-0831更新/手机相关/三星.jpg,1,0.98,visual_legacy_crosscheck
20260831-8cbd01735a890f7da9bd-01,2026-08-31,手机,device,三星,G系列,Gn9008/E8,,,废板-整机,30,元/台,,image,三星.jpg,数码网报价单-0831更新/手机相关/三星.jpg,1,0.98,visual_legacy_crosscheck
20260831-38ed4858a2f4846e1ee4-01,2026-08-31,手机,device,三星,G系列,Gn9007,,,开机屏好,20,元/台,,image,三星.jpg,数码网报价单-0831更新/手机相关/三星.jpg,1,0.98,visual_legacy_crosscheck
20260831-98e35e66a05908ebc0ab-01,2026-08-31,手机,device,三星,G系列,Gn9007,,,开机屏坏,20,元/台,,image,三星.jpg,数码网报价单-0831更新/手机相关/三星.jpg,1,0.98,visual_legacy_crosscheck
20260831-e3c3b3ecae2e2c63ae09-01,2026-08-31,手机,device,三星,G系列,Gn9007,,,不开机,20,元/台,,image,三星.jpg,数码网报价单-0831更新/手机相关/三星.jpg,1,0.98,visual_legacy_crosscheck
20260831-d2c2d2d006927ea8d080-01,2026-08-31,手机,device,三星,G系列,Gn9007,,,废板-整机,20,元/台,,image,三星.jpg,数码网报价单-0831更新/手机相关/三星.jpg,1,0.98,visual_legacy_crosscheck
20260831-4a9a5c12e6a383d42b63-01,2026-08-31,手机,device,三星,G系列,Gn9006,,,开机屏好,20,元/台,,image,三星.jpg,数码网报价单-0831更新/手机相关/三星.jpg,1,0.98,visual_legacy_crosscheck
20260831-d07b8439d453063736fd-01,2026-08-31,手机,device,三星,G系列,Gn9006,,,开机屏坏,20,元/台,,image,三星.jpg,数码网报价单-0831更新/手机相关/三星.jpg,1,0.98,visual_legacy_crosscheck
20260831-0c9d1f35762a1e9513db-01,2026-08-31,手机,device,三星,G系列,Gn9006,,,不开机,20,元/台,,image,三星.jpg,数码网报价单-0831更新/手机相关/三星.jpg,1,0.98,visual_legacy_crosscheck
20260831-b1139a1d8c51bad4b9c9-01,2026-08-31,手机,device,三星,G系列,Gn9006,,,废板-整机,20,元/台,,image,三星.jpg,数码网报价单-0831更新/手机相关/三星.jpg,1,0.98,visual_legacy_crosscheck
20260831-32ed9e416ea932b8f639-01,2026-08-31,手机,device,三星,G系列,Gn9005,,,开机屏好,20,元/台,,image,三星.jpg,数码网报价单-0831更新/手机相关/三星.jpg,1,0.98,visual_legacy_crosscheck
20260831-8106012e9aa49ab21db7-01,2026-08-31,手机,device,三星,G系列,Gn9005,,,开机屏坏,20,元/台,,image,三星.jpg,数码网报价单-0831更新/手机相关/三星.jpg,1,0.98,visual_legacy_crosscheck
20260831-22b303a79ddf41033589-01,2026-08-31,手机,device,三星,G系列,Gn9005,,,不开机,20,元/台,,image,三星.jpg,数码网报价单-0831更新/手机相关/三星.jpg,1,0.98,visual_legacy_crosscheck
20260831-860c0f5a91fead5efecb-01,2026-08-31,手机,device,三星,G系列,Gn9005,,,废板-整机,20,元/台,,image,三星.jpg,数码网报价单-0831更新/手机相关/三星.jpg,1,0.98,visual_legacy_crosscheck
20260831-aaea36897e81fd9d13a1-01,2026-08-31,手机,device,三星,G系列,Gn9000,,,开机屏好,20,元/台,,image,三星.jpg,数码网报价单-0831更新/手机相关/三星.jpg,1,0.98,visual_legacy_crosscheck
20260831-8e37bde6b151f59395dd-01,2026-08-31,手机,device,三星,G系列,Gn9000,,,开机屏坏,20,元/台,,image,三星.jpg,数码网报价单-0831更新/手机相关/三星.jpg,1,0.98,visual_legacy_crosscheck
20260831-64710c7376e91e1cfc12-01,2026-08-31,手机,device,三星,G系列,Gn9000,,,不开机,20,元/台,,image,三星.jpg,数码网报价单-0831更新/手机相关/三星.jpg,1,0.98,visual_legacy_crosscheck
20260831-f418c07756a461f8813e-01,2026-08-31,手机,device,三星,G系列,Gn9000,,,废板-整机,20,元/台,,image,三星.jpg,数码网报价单-0831更新/手机相关/三星.jpg,1,0.98,visual_legacy_crosscheck
20260831-6d869ed110a37a902738-01,2026-08-31,手机,device,三星,G系列,Gn3003,,,开机屏好,25,元/台,,image,三星.jpg,数码网报价单-0831更新/手机相关/三星.jpg,1,0.98,visual_legacy_crosscheck
20260831-137c34e473a5a2136c64-01,2026-08-31,手机,device,三星,G系列,Gn3003,,,开机屏坏,25,元/台,,image,三星.jpg,数码网报价单-0831更新/手机相关/三星.jpg,1,0.98,visual_legacy_crosscheck
20260831-a35d8a601dc840af8db1-01,2026-08-31,手机,device,三星,G系列,Gn3003,,,不开机,25,元/台,,image,三星.jpg,数码网报价单-0831更新/手机相关/三星.jpg,1,0.98,visual_legacy_crosscheck
20260831-d19a5da0ec426b1187bf-01,2026-08-31,手机,device,三星,G系列,Gn3003,,,废板-整机,25,元/台,,image,三星.jpg,数码网报价单-0831更新/手机相关/三星.jpg,1,0.98,visual_legacy_crosscheck
20260831-32da2a0c3641d46cd238-01,2026-08-31,手机,device,三星,G系列,Gn152,,,开机屏好,10,元/台,,image,三星.jpg,数码网报价单-0831更新/手机相关/三星.jpg,1,0.98,visual_legacy_crosscheck
20260831-80ab8160c338f1e8fb85-01,2026-08-31,手机,device,三星,G系列,Gn152,,,开机屏坏,10,元/台,,image,三星.jpg,数码网报价单-0831更新/手机相关/三星.jpg,1,0.98,visual_legacy_crosscheck
20260831-0af132cdbf31cd3b1dea-01,2026-08-31,手机,device,三星,G系列,Gn152,,,不开机,10,元/台,,image,三星.jpg,数码网报价单-0831更新/手机相关/三星.jpg,1,0.98,visual_legacy_crosscheck
20260831-474baed6bbf5500ea780-01,2026-08-31,手机,device,三星,G系列,Gn152,,,废板-整机,10,元/台,,image,三星.jpg,数码网报价单-0831更新/手机相关/三星.jpg,1,0.98,visual_legacy_crosscheck
20260831-ad00c17fc829a9e80f06-01,2026-08-31,手机,device,三星,G系列,Gn715,,,开机屏好,10,元/台,,image,三星.jpg,数码网报价单-0831更新/手机相关/三星.jpg,1,0.98,visual_legacy_crosscheck
20260831-df8cc4f8ebadcd77e0e5-01,2026-08-31,手机,device,三星,G系列,Gn715,,,开机屏坏,10,元/台,,image,三星.jpg,数码网报价单-0831更新/手机相关/三星.jpg,1,0.98,visual_legacy_crosscheck
20260831-872f6f7377b20f3b66f0-01,2026-08-31,手机,device,三星,G系列,Gn715,,,不开机,10,元/台,,image,三星.jpg,数码网报价单-0831更新/手机相关/三星.jpg,1,0.98,visual_legacy_crosscheck
20260831-6b439463aac62ffe61d7-01,2026-08-31,手机,device,三星,G系列,Gn715,,,废板-整机,10,元/台,,image,三星.jpg,数码网报价单-0831更新/手机相关/三星.jpg,1,0.98,visual_legacy_crosscheck
20260831-81a578deabb8a7549d89-01,2026-08-31,手机,device,三星,F系列,F6,,,开机屏好,55,元/台,,image,三星.jpg,数码网报价单-0831更新/手机相关/三星.jpg,1,0.98,visual_legacy_crosscheck
20260831-f1df4e24122efd537711-01,2026-08-31,手机,device,三星,F系列,F6,,,开机屏坏,55,元/台,,image,三星.jpg,数码网报价单-0831更新/手机相关/三星.jpg,1,0.98,visual_legacy_crosscheck
20260831-5ce7e882a94d909075d7-01,2026-08-31,手机,device,三星,F系列,F6,,,不开机,55,元/台,,image,三星.jpg,数码网报价单-0831更新/手机相关/三星.jpg,1,0.98,visual_legacy_crosscheck
20260831-dff8e995f87cc26d38dc-01,2026-08-31,手机,device,三星,F系列,F6,,,废板-整机,55,元/台,,image,三星.jpg,数码网报价单-0831更新/手机相关/三星.jpg,1,0.98,visual_legacy_crosscheck
20260831-9babacd304c3ce36b28b-01,2026-08-31,手机,device,三星,F系列,F5,,,开机屏好,55,元/台,,image,三星.jpg,数码网报价单-0831更新/手机相关/三星.jpg,1,0.98,visual_legacy_crosscheck
20260831-05213c5be16751cc008f-01,2026-08-31,手机,device,三星,F系列,F5,,,开机屏坏,55,元/台,,image,三星.jpg,数码网报价单-0831更新/手机相关/三星.jpg,1,0.98,visual_legacy_crosscheck
20260831-88e28d06b52226d00597-01,2026-08-31,手机,device,三星,F系列,F5,,,不开机,55,元/台,,image,三星.jpg,数码网报价单-0831更新/手机相关/三星.jpg,1,0.98,visual_legacy_crosscheck
20260831-a21d8ac7ff85ee01073c-01,2026-08-31,手机,device,三星,F系列,F5,,,废板-整机,55,元/台,,image,三星.jpg,数码网报价单-0831更新/手机相关/三星.jpg,1,0.98,visual_legacy_crosscheck
20260831-3e1d0b4d5961a3fd9110-01,2026-08-31,手机,device,三星,F系列,F205,,,开机屏好,25,元/台,,image,三星.jpg,数码网报价单-0831更新/手机相关/三星.jpg,1,0.98,visual_legacy_crosscheck
20260831-4965d2676c37b5017aec-01,2026-08-31,手机,device,三星,F系列,F205,,,开机屏坏,25,元/台,,image,三星.jpg,数码网报价单-0831更新/手机相关/三星.jpg,1,0.98,visual_legacy_crosscheck
20260831-1f8c1f2187a1ee501d6d-01,2026-08-31,手机,device,三星,F系列,F205,,,不开机,25,元/台,,image,三星.jpg,数码网报价单-0831更新/手机相关/三星.jpg,1,0.98,visual_legacy_crosscheck
20260831-01dae8799ab41bfeac8a-01,2026-08-31,手机,device,三星,F系列,F205,,,废板-整机,25,元/台,,image,三星.jpg,数码网报价单-0831更新/手机相关/三星.jpg,1,0.98,visual_legacy_crosscheck
20260831-4226a7a4a0607574f0dc-01,2026-08-31,手机,device,三星,F系列,F109,,,开机屏好,25,元/台,,image,三星.jpg,数码网报价单-0831更新/手机相关/三星.jpg,1,0.98,visual_legacy_crosscheck
20260831-88bbc3edea3b449dbda4-01,2026-08-31,手机,device,三星,F系列,F109,,,开机屏坏,25,元/台,,image,三星.jpg,数码网报价单-0831更新/手机相关/三星.jpg,1,0.98,visual_legacy_crosscheck
20260831-8b686046a8d3bd41a1e4-01,2026-08-31,手机,device,三星,F系列,F109,,,不开机,25,元/台,,image,三星.jpg,数码网报价单-0831更新/手机相关/三星.jpg,1,0.98,visual_legacy_crosscheck
20260831-1b3f8eeb5259085013bd-01,2026-08-31,手机,device,三星,F系列,F109,,,废板-整机,25,元/台,,image,三星.jpg,数码网报价单-0831更新/手机相关/三星.jpg,1,0.98,visual_legacy_crosscheck
20260831-c852cbfd0b682b6a977e-01,2026-08-31,手机,device,三星,F系列,F105,,,开机屏好,25,元/台,,image,三星.jpg,数码网报价单-0831更新/手机相关/三星.jpg,1,0.98,visual_legacy_crosscheck
20260831-7859479f40a7db4da131-01,2026-08-31,手机,device,三星,F系列,F105,,,开机屏坏,25,元/台,,image,三星.jpg,数码网报价单-0831更新/手机相关/三星.jpg,1,0.98,visual_legacy_crosscheck
20260831-ba096b26a9dc2d5d1887-01,2026-08-31,手机,device,三星,F系列,F105,,,不开机,25,元/台,,image,三星.jpg,数码网报价单-0831更新/手机相关/三星.jpg,1,0.98,visual_legacy_crosscheck
20260831-477ff48a21c3fdcd7e3d-01,2026-08-31,手机,device,三星,F系列,F105,,,废板-整机,25,元/台,,image,三星.jpg,数码网报价单-0831更新/手机相关/三星.jpg,1,0.98,visual_legacy_crosscheck
20260831-4411c7a08f49ca74a3f9-01,2026-08-31,手机,device,三星,F系列,F40,,,开机屏好,78,元/台,,image,三星.jpg,数码网报价单-0831更新/手机相关/三星.jpg,1,0.98,visual_legacy_crosscheck
20260831-823a9c4f9e8148962e6b-01,2026-08-31,手机,device,三星,F系列,F40,,,开机屏坏,78,元/台,,image,三星.jpg,数码网报价单-0831更新/手机相关/三星.jpg,1,0.98,visual_legacy_crosscheck
20260831-fc7f9beb859469d82a74-01,2026-08-31,手机,device,三星,F系列,F40,,,不开机,78,元/台,,image,三星.jpg,数码网报价单-0831更新/手机相关/三星.jpg,1,0.98,visual_legacy_crosscheck
20260831-f6aec52200c4436beb0e-01,2026-08-31,手机,device,三星,F系列,F40,,,废板-整机,78,元/台,,image,三星.jpg,数码网报价单-0831更新/手机相关/三星.jpg,1,0.98,visual_legacy_crosscheck
20260831-9ff08e2d69498e227436-01,2026-08-31,手机,device,三星,F系列,F106,,,开机屏好,25,元/台,"开机全好,屏幕无划痕,支架无缺少!",image,三星.jpg,数码网报价单-0831更新/手机相关/三星.jpg,1,0.98,visual_legacy_crosscheck
20260831-1f86c4ef32fe05b3639d-01,2026-08-31,手机,device,三星,F系列,F106,,,开机屏坏,25,元/台,"开机全好,屏幕无划痕,支架无缺少!",image,三星.jpg,数码网报价单-0831更新/手机相关/三星.jpg,1,0.98,visual_legacy_crosscheck
20260831-801933d161eecb78472a-01,2026-08-31,手机,device,三星,F系列,F106,,,不开机,25,元/台,"开机全好,屏幕无划痕,支架无缺少!",image,三星.jpg,数码网报价单-0831更新/手机相关/三星.jpg,1,0.98,visual_legacy_crosscheck
20260831-976bb7a1b62a1bd260a4-01,2026-08-31,手机,device,三星,F系列,F106,,,废板-整机,25,元/台,"开机全好,屏幕无划痕,支架无缺少!",image,三星.jpg,数码网报价单-0831更新/手机相关/三星.jpg,1,0.98,visual_legacy_crosscheck
20260831-520e8e30c68656b91743-01,2026-08-31,手机,device,三星,F系列,F100,,,开机屏好,25,元/台,"开机全好,屏幕无划痕,支架无缺少!",image,三星.jpg,数码网报价单-0831更新/手机相关/三星.jpg,1,0.98,visual_legacy_crosscheck
20260831-0d7f8c50a15e62f8c625-01,2026-08-31,手机,device,三星,F系列,F100,,,开机屏坏,25,元/台,"开机全好,屏幕无划痕,支架无缺少!",image,三星.jpg,数码网报价单-0831更新/手机相关/三星.jpg,1,0.98,visual_legacy_crosscheck
20260831-5599a3cad39d7ca91f7f-01,2026-08-31,手机,device,三星,F系列,F100,,,不开机,25,元/台,"开机全好,屏幕无划痕,支架无缺少!",image,三星.jpg,数码网报价单-0831更新/手机相关/三星.jpg,1,0.98,visual_legacy_crosscheck
20260831-762e2cb5a458ec366ea8-01,2026-08-31,手机,device,三星,F系列,F100,,,废板-整机,25,元/台,"开机全好,屏幕无划痕,支架无缺少!",image,三星.jpg,数码网报价单-0831更新/手机相关/三星.jpg,1,0.98,visual_legacy_crosscheck
20260831-e096612fc43b52ae81cd-01,2026-08-31,手机,device,三星,F系列,F103,,,开机屏好,25,元/台,开机全好看外屏不破(双卡) 单卡算屏坏,image,三星.jpg,数码网报价单-0831更新/手机相关/三星.jpg,1,0.98,visual_legacy_crosscheck
20260831-dbb7de8f63ec9032ca32-01,2026-08-31,手机,device,三星,F系列,F103,,,开机屏坏,25,元/台,开机全好看外屏不破(双卡) 单卡算屏坏,image,三星.jpg,数码网报价单-0831更新/手机相关/三星.jpg,1,0.98,visual_legacy_crosscheck
20260831-4eb77002fcc890e1c373-01,2026-08-31,手机,device,三星,F系列,F103,,,不开机,25,元/台,开机全好看外屏不破(双卡) 单卡算屏坏,image,三星.jpg,数码网报价单-0831更新/手机相关/三星.jpg,1,0.98,visual_legacy_crosscheck
20260831-6590ac6c46993c088a5a-01,2026-08-31,手机,device,三星,F系列,F103,,,废板-整机,25,元/台,开机全好看外屏不破(双卡) 单卡算屏坏,image,三星.jpg,数码网报价单-0831更新/手机相关/三星.jpg,1,0.98,visual_legacy_crosscheck
20260831-56d572098d5ca9320735-01,2026-08-31,手机,device,三星,F系列,F303,,,开机屏好,10,元/台,,image,三星.jpg,数码网报价单-0831更新/手机相关/三星.jpg,1,0.98,visual_legacy_crosscheck
20260831-9938e23b8837373ead40-01,2026-08-31,手机,device,三星,F系列,F303,,,开机屏坏,10,元/台,,image,三星.jpg,数码网报价单-0831更新/手机相关/三星.jpg,1,0.98,visual_legacy_crosscheck
20260831-2c7c86cc6d3fd391694d-01,2026-08-31,手机,device,三星,F系列,F303,,,不开机,10,元/台,,image,三星.jpg,数码网报价单-0831更新/手机相关/三星.jpg,1,0.98,visual_legacy_crosscheck
20260831-b2e6e60c3b8bfe9e8b35-01,2026-08-31,手机,device,三星,F系列,F303,,,废板-整机,10,元/台,,image,三星.jpg,数码网报价单-0831更新/手机相关/三星.jpg,1,0.98,visual_legacy_crosscheck
20260831-996ac6bcd3dcc7930ecb-01,2026-08-31,手机,device,三星,F系列,F301,,,开机屏好,15,元/台,,image,三星.jpg,数码网报价单-0831更新/手机相关/三星.jpg,1,0.98,visual_legacy_crosscheck
20260831-3ce4045c636e0560f0dc-01,2026-08-31,手机,device,三星,F系列,F301,,,开机屏坏,15,元/台,,image,三星.jpg,数码网报价单-0831更新/手机相关/三星.jpg,1,0.98,visual_legacy_crosscheck
20260831-d9620560e3d3febfc9d3-01,2026-08-31,手机,device,三星,F系列,F301,,,不开机,15,元/台,,image,三星.jpg,数码网报价单-0831更新/手机相关/三星.jpg,1,0.98,visual_legacy_crosscheck
20260831-287fa9eacbe9e5270a13-01,2026-08-31,手机,device,三星,F系列,F301,,,废板-整机,15,元/台,,image,三星.jpg,数码网报价单-0831更新/手机相关/三星.jpg,1,0.98,visual_legacy_crosscheck
20260831-1903e6bbb2a8b6cb3678-01,2026-08-31,手机,device,三星,其他系列,W909,,,开机屏好,120,元/台,,image,三星.jpg,数码网报价单-0831更新/手机相关/三星.jpg,1,0.98,visual_legacy_crosscheck
20260831-921749586fd0544f2f67-01,2026-08-31,手机,device,三星,其他系列,W909,,,开机屏坏,120,元/台,,image,三星.jpg,数码网报价单-0831更新/手机相关/三星.jpg,1,0.98,visual_legacy_crosscheck
20260831-632af5158b86009c6a21-01,2026-08-31,手机,device,三星,其他系列,W909,,,不开机,120,元/台,,image,三星.jpg,数码网报价单-0831更新/手机相关/三星.jpg,1,0.98,visual_legacy_crosscheck
20260831-fb46fafb113b6d660713-01,2026-08-31,手机,device,三星,其他系列,W909,,,废板-整机,120,元/台,,image,三星.jpg,数码网报价单-0831更新/手机相关/三星.jpg,1,0.98,visual_legacy_crosscheck
20260831-e278beb8411e569271b0-01,2026-08-31,手机,device,三星,其他系列,E5,,,开机屏好,20,元/台,,image,三星.jpg,数码网报价单-0831更新/手机相关/三星.jpg,1,0.98,visual_legacy_crosscheck
20260831-cce8a864dd41cda8c192-01,2026-08-31,手机,device,三星,其他系列,E5,,,开机屏坏,20,元/台,,image,三星.jpg,数码网报价单-0831更新/手机相关/三星.jpg,1,0.98,visual_legacy_crosscheck
20260831-ed1fa563f42102192852-01,2026-08-31,手机,device,三星,其他系列,E5,,,不开机,20,元/台,,image,三星.jpg,数码网报价单-0831更新/手机相关/三星.jpg,1,0.98,visual_legacy_crosscheck
20260831-557f0e2821780e255be5-01,2026-08-31,手机,device,三星,其他系列,E5,,,废板-整机,20,元/台,,image,三星.jpg,数码网报价单-0831更新/手机相关/三星.jpg,1,0.98,visual_legacy_crosscheck
20260831-a3d8320396e715df135e-01,2026-08-31,手机,device,三星,其他系列,w900,,,开机屏好,20,元/台,,image,三星.jpg,数码网报价单-0831更新/手机相关/三星.jpg,1,0.98,visual_legacy_crosscheck
20260831-fbe93ae709c01fdcc7f5-01,2026-08-31,手机,device,三星,其他系列,w900,,,开机屏坏,20,元/台,,image,三星.jpg,数码网报价单-0831更新/手机相关/三星.jpg,1,0.98,visual_legacy_crosscheck
20260831-4b6fef6e6ff5b8071223-01,2026-08-31,手机,device,三星,其他系列,w900,,,不开机,20,元/台,,image,三星.jpg,数码网报价单-0831更新/手机相关/三星.jpg,1,0.98,visual_legacy_crosscheck
20260831-94efa3777ba6745e675e-01,2026-08-31,手机,device,三星,其他系列,w900,,,废板-整机,20,元/台,,image,三星.jpg,数码网报价单-0831更新/手机相关/三星.jpg,1,0.98,visual_legacy_crosscheck
20260831-902e45abe019e2050f77-01,2026-08-31,手机,device,三星,其他系列,E6,,,开机屏好,20,元/台,,image,三星.jpg,数码网报价单-0831更新/手机相关/三星.jpg,1,0.98,visual_legacy_crosscheck
20260831-5ed32873a4da30b531a7-01,2026-08-31,手机,device,三星,其他系列,E6,,,开机屏坏,20,元/台,,image,三星.jpg,数码网报价单-0831更新/手机相关/三星.jpg,1,0.98,visual_legacy_crosscheck
20260831-6567685da3c7c297c7a8-01,2026-08-31,手机,device,三星,其他系列,E6,,,不开机,20,元/台,,image,三星.jpg,数码网报价单-0831更新/手机相关/三星.jpg,1,0.98,visual_legacy_crosscheck
20260831-0a8166e488d4117867a2-01,2026-08-31,手机,device,三星,其他系列,E6,,,废板-整机,20,元/台,,image,三星.jpg,数码网报价单-0831更新/手机相关/三星.jpg,1,0.98,visual_legacy_crosscheck
20260831-862e18088401eaa8f445-01,2026-08-31,手机,device,三星,其他系列,V188,,,开机屏好,20,元/台,不收单卡，只收双卡,image,三星.jpg,数码网报价单-0831更新/手机相关/三星.jpg,1,0.98,visual_legacy_crosscheck
20260831-121873b44ee0f1889166-01,2026-08-31,手机,device,三星,其他系列,V188,,,开机屏坏,20,元/台,不收单卡，只收双卡,image,三星.jpg,数码网报价单-0831更新/手机相关/三星.jpg,1,0.98,visual_legacy_crosscheck
20260831-3d9e120cc22e1a914bcc-01,2026-08-31,手机,device,三星,其他系列,V188,,,不开机,20,元/台,不收单卡，只收双卡,image,三星.jpg,数码网报价单-0831更新/手机相关/三星.jpg,1,0.98,visual_legacy_crosscheck
20260831-2a7fc0d1b0480dbd3a51-01,2026-08-31,手机,device,三星,其他系列,V188,,,废板-整机,20,元/台,不收单卡，只收双卡,image,三星.jpg,数码网报价单-0831更新/手机相关/三星.jpg,1,0.98,visual_legacy_crosscheck
20260831-d65efdc61d0340e0766c-01,2026-08-31,手机,device,三星,其他系列,T1,,,开机屏好,10,元/台,,image,三星.jpg,数码网报价单-0831更新/手机相关/三星.jpg,1,0.98,visual_legacy_crosscheck
20260831-d9e69897af09034b1898-01,2026-08-31,手机,device,三星,其他系列,T1,,,开机屏坏,10,元/台,,image,三星.jpg,数码网报价单-0831更新/手机相关/三星.jpg,1,0.98,visual_legacy_crosscheck
20260831-8cbb634c2501d99a6724-01,2026-08-31,手机,device,三星,其他系列,T1,,,不开机,10,元/台,,image,三星.jpg,数码网报价单-0831更新/手机相关/三星.jpg,1,0.98,visual_legacy_crosscheck
20260831-621c97e3bd91d9276b4d-01,2026-08-31,手机,device,三星,其他系列,T1,,,废板-整机,10,元/台,,image,三星.jpg,数码网报价单-0831更新/手机相关/三星.jpg,1,0.98,visual_legacy_crosscheck
20260831-441de5cbc50b447103a5-01,2026-08-31,手机,device,三星,其他系列,151,,,开机屏好,10,元/台,,image,三星.jpg,数码网报价单-0831更新/手机相关/三星.jpg,1,0.98,visual_legacy_crosscheck
20260831-07d0d0df4062b50751e4-01,2026-08-31,手机,device,三星,其他系列,151,,,开机屏坏,10,元/台,,image,三星.jpg,数码网报价单-0831更新/手机相关/三星.jpg,1,0.98,visual_legacy_crosscheck
20260831-ab146e1ffa565bb955fc-01,2026-08-31,手机,device,三星,其他系列,151,,,不开机,10,元/台,,image,三星.jpg,数码网报价单-0831更新/手机相关/三星.jpg,1,0.98,visual_legacy_crosscheck
20260831-52099be6f125862a1247-01,2026-08-31,手机,device,三星,其他系列,151,,,废板-整机,10,元/台,,image,三星.jpg,数码网报价单-0831更新/手机相关/三星.jpg,1,0.98,visual_legacy_crosscheck
20260831-44b023fb894de4ee586a-01,2026-08-31,手机,device,三星,其他系列,x805,,,开机屏好,8,元/台,,image,三星.jpg,数码网报价单-0831更新/手机相关/三星.jpg,1,0.98,visual_legacy_crosscheck
20260831-6ffdbd551ad68003a8ce-01,2026-08-31,手机,device,三星,其他系列,x805,,,开机屏坏,8,元/台,,image,三星.jpg,数码网报价单-0831更新/手机相关/三星.jpg,1,0.98,visual_legacy_crosscheck
20260831-be3470e6ebdaec39c390-01,2026-08-31,手机,device,三星,其他系列,x805,,,不开机,8,元/台,,image,三星.jpg,数码网报价单-0831更新/手机相关/三星.jpg,1,0.98,visual_legacy_crosscheck
20260831-00c080eb9d476635c83a-01,2026-08-31,手机,device,三星,其他系列,x805,,,废板-整机,8,元/台,,image,三星.jpg,数码网报价单-0831更新/手机相关/三星.jpg,1,0.98,visual_legacy_crosscheck
20260831-3fbe13631e02929ef5da-01,2026-08-31,手机,device,三星,其他系列,E3,,,开机屏好,10,元/台,,image,三星.jpg,数码网报价单-0831更新/手机相关/三星.jpg,1,0.98,visual_legacy_crosscheck
20260831-a3b0e5161535662677ca-01,2026-08-31,手机,device,三星,其他系列,E3,,,开机屏坏,10,元/台,,image,三星.jpg,数码网报价单-0831更新/手机相关/三星.jpg,1,0.98,visual_legacy_crosscheck
20260831-03525c6cb3c6813788b0-01,2026-08-31,手机,device,三星,其他系列,E3,,,不开机,10,元/台,,image,三星.jpg,数码网报价单-0831更新/手机相关/三星.jpg,1,0.98,visual_legacy_crosscheck
20260831-cb0cc0e54ea366e3b40e-01,2026-08-31,手机,device,三星,其他系列,E3,,,废板-整机,10,元/台,,image,三星.jpg,数码网报价单-0831更新/手机相关/三星.jpg,1,0.98,visual_legacy_crosscheck
20260831-9d6ab278a9df0a45f129-01,2026-08-31,手机,device,三星,其他系列,V185,,,开机屏好,10,元/台,,image,三星.jpg,数码网报价单-0831更新/手机相关/三星.jpg,1,0.98,visual_legacy_crosscheck
20260831-b6f49bbc6f2b7612b8a5-01,2026-08-31,手机,device,三星,其他系列,V185,,,开机屏坏,10,元/台,,image,三星.jpg,数码网报价单-0831更新/手机相关/三星.jpg,1,0.98,visual_legacy_crosscheck
20260831-1be5e2de378a01e6da97-01,2026-08-31,手机,device,三星,其他系列,V185,,,不开机,10,元/台,,image,三星.jpg,数码网报价单-0831更新/手机相关/三星.jpg,1,0.98,visual_legacy_crosscheck
20260831-8b9e2cd9a4cc3803f4cc-01,2026-08-31,手机,device,三星,其他系列,V185,,,废板-整机,10,元/台,,image,三星.jpg,数码网报价单-0831更新/手机相关/三星.jpg,1,0.98,visual_legacy_crosscheck
20260831-1d3aa7a0e7c7785cb8f8-01,2026-08-31,手机,device,三星,其他系列,V183,,,开机屏好,10,元/台,,image,三星.jpg,数码网报价单-0831更新/手机相关/三星.jpg,1,0.98,visual_legacy_crosscheck
20260831-b1162be3245b6c7582b1-01,2026-08-31,手机,device,三星,其他系列,V183,,,开机屏坏,10,元/台,,image,三星.jpg,数码网报价单-0831更新/手机相关/三星.jpg,1,0.98,visual_legacy_crosscheck
20260831-2ce535d4b87eefd0bb4d-01,2026-08-31,手机,device,三星,其他系列,V183,,,不开机,10,元/台,,image,三星.jpg,数码网报价单-0831更新/手机相关/三星.jpg,1,0.98,visual_legacy_crosscheck
20260831-abd84d53f5c9164d6a1c-01,2026-08-31,手机,device,三星,其他系列,V183,,,废板-整机,10,元/台,,image,三星.jpg,数码网报价单-0831更新/手机相关/三星.jpg,1,0.98,visual_legacy_crosscheck
20260831-7ebf350988e7524eb64b-01,2026-08-31,手机,device,三星,其他系列,150,,,开机屏好,8,元/台,,image,三星.jpg,数码网报价单-0831更新/手机相关/三星.jpg,1,0.98,visual_legacy_crosscheck
20260831-f2c2b77fb51f69136c37-01,2026-08-31,手机,device,三星,其他系列,150,,,开机屏坏,8,元/台,,image,三星.jpg,数码网报价单-0831更新/手机相关/三星.jpg,1,0.98,visual_legacy_crosscheck
20260831-d0bc3b90e2d9f721b47c-01,2026-08-31,手机,device,三星,其他系列,150,,,不开机,8,元/台,,image,三星.jpg,数码网报价单-0831更新/手机相关/三星.jpg,1,0.98,visual_legacy_crosscheck
20260831-4057b5cc1d6205f4e53d-01,2026-08-31,手机,device,三星,其他系列,150,,,废板-整机,8,元/台,,image,三星.jpg,数码网报价单-0831更新/手机相关/三星.jpg,1,0.98,visual_legacy_crosscheck
20260831-0396ebc31b766efd7314-01,2026-08-31,手机,device,三星,其他系列,V182,,,开机屏好,10,元/台,,image,三星.jpg,数码网报价单-0831更新/手机相关/三星.jpg,1,0.98,visual_legacy_crosscheck
20260831-7a2811a8f8484a33e0b8-01,2026-08-31,手机,device,三星,其他系列,V182,,,开机屏坏,10,元/台,,image,三星.jpg,数码网报价单-0831更新/手机相关/三星.jpg,1,0.98,visual_legacy_crosscheck
20260831-89d5ce622905e21b3c6e-01,2026-08-31,手机,device,三星,其他系列,V182,,,不开机,10,元/台,,image,三星.jpg,数码网报价单-0831更新/手机相关/三星.jpg,1,0.98,visual_legacy_crosscheck
20260831-21c83218ee8ec121979a-01,2026-08-31,手机,device,三星,其他系列,V182,,,废板-整机,10,元/台,,image,三星.jpg,数码网报价单-0831更新/手机相关/三星.jpg,1,0.98,visual_legacy_crosscheck
20260831-5089a08c4303afa26025-01,2026-08-31,手机,device,诺基亚,诺基亚8系列,8910白屏,,,开机屏好,100,元/台,外壳明显磕碰变形算不开机,image,诺基亚.jpg,数码网报价单-0831更新/手机相关/诺基亚.jpg,1,0.98,visual_legacy_crosscheck
20260831-6016ea19e12212d64432-01,2026-08-31,手机,device,诺基亚,诺基亚8系列,8910白屏,,,开机屏坏,70,元/台,外壳明显磕碰变形算不开机,image,诺基亚.jpg,数码网报价单-0831更新/手机相关/诺基亚.jpg,1,0.98,visual_legacy_crosscheck
20260831-03c890d76f94225a205c-01,2026-08-31,手机,device,诺基亚,诺基亚8系列,8910白屏,,,不开机,20,元/台,外壳明显磕碰变形算不开机,image,诺基亚.jpg,数码网报价单-0831更新/手机相关/诺基亚.jpg,1,0.98,visual_legacy_crosscheck
20260831-662e24c210a5545a1eec-01,2026-08-31,手机,device,诺基亚,诺基亚8系列,8910白屏,,,不开机屏好,60,元/台,外壳明显磕碰变形算不开机,image,诺基亚.jpg,数码网报价单-0831更新/手机相关/诺基亚.jpg,1,0.98,visual_legacy_crosscheck
20260831-91bfeb8bc527b5103c00-01,2026-08-31,手机,device,诺基亚,诺基亚8系列,8910白屏,,,废板-整机,20,元/台,外壳明显磕碰变形算不开机,image,诺基亚.jpg,数码网报价单-0831更新/手机相关/诺基亚.jpg,1,0.98,visual_legacy_crosscheck
20260831-f6510a2fa2a5f707fbe6-01,2026-08-31,手机,device,诺基亚,诺基亚8系列,8910i彩屏,,,开机屏好,180,元/台,外壳明显磕碰变形算不开机,image,诺基亚.jpg,数码网报价单-0831更新/手机相关/诺基亚.jpg,1,0.98,visual_legacy_crosscheck
20260831-167ad46669ef0538cced-01,2026-08-31,手机,device,诺基亚,诺基亚8系列,8910i彩屏,,,开机屏坏,80,元/台,外壳明显磕碰变形算不开机,image,诺基亚.jpg,数码网报价单-0831更新/手机相关/诺基亚.jpg,1,0.98,visual_legacy_crosscheck
20260831-adaee70b4ab3a0147587-01,2026-08-31,手机,device,诺基亚,诺基亚8系列,8910i彩屏,,,不开机,80,元/台,外壳明显磕碰变形算不开机,image,诺基亚.jpg,数码网报价单-0831更新/手机相关/诺基亚.jpg,1,0.98,visual_legacy_crosscheck
20260831-108d0465a7561670b216-01,2026-08-31,手机,device,诺基亚,诺基亚8系列,8910i彩屏,,,不开机屏好,80,元/台,外壳明显磕碰变形算不开机,image,诺基亚.jpg,数码网报价单-0831更新/手机相关/诺基亚.jpg,1,0.98,visual_legacy_crosscheck
20260831-ae4d4437cc6256c2ad7c-01,2026-08-31,手机,device,诺基亚,诺基亚8系列,8910i彩屏,,,废板-整机,25,元/台,外壳明显磕碰变形算不开机,image,诺基亚.jpg,数码网报价单-0831更新/手机相关/诺基亚.jpg,1,0.98,visual_legacy_crosscheck
20260831-28ad132489eb3009e6ef-01,2026-08-31,手机,device,诺基亚,诺基亚8系列,8800s,,,开机屏好,200,元/台,屏幕无老化，功能正常,image,诺基亚.jpg,数码网报价单-0831更新/手机相关/诺基亚.jpg,1,0.98,visual_legacy_crosscheck
20260831-dda4bc2c3906a4975415-01,2026-08-31,手机,device,诺基亚,诺基亚8系列,8800s,,,开机屏坏,50,元/台,屏幕无老化，功能正常,image,诺基亚.jpg,数码网报价单-0831更新/手机相关/诺基亚.jpg,1,0.98,visual_legacy_crosscheck
20260831-2f38a1e54caad582d41c-01,2026-08-31,手机,device,诺基亚,诺基亚8系列,8800s,,,不开机,50,元/台,屏幕无老化，功能正常,image,诺基亚.jpg,数码网报价单-0831更新/手机相关/诺基亚.jpg,1,0.98,visual_legacy_crosscheck
20260831-de750f1beeff49dc2341-01,2026-08-31,手机,device,诺基亚,诺基亚8系列,8800s,,,不开机屏好,50,元/台,屏幕无老化，功能正常,image,诺基亚.jpg,数码网报价单-0831更新/手机相关/诺基亚.jpg,1,0.98,visual_legacy_crosscheck
20260831-c238a2afefb819f229d6-01,2026-08-31,手机,device,诺基亚,诺基亚8系列,8800s,,,废板-整机,20,元/台,屏幕无老化，功能正常,image,诺基亚.jpg,数码网报价单-0831更新/手机相关/诺基亚.jpg,1,0.98,visual_legacy_crosscheck
20260831-feca728f92431f3b2bb9-01,2026-08-31,手机,device,诺基亚,诺基亚8系列,8800E 4GB白金版,,,开机屏好,700,元/台,没后盖扣200，外观不靓扣300,image,诺基亚.jpg,数码网报价单-0831更新/手机相关/诺基亚.jpg,1,0.98,visual_legacy_crosscheck
20260831-a46b8eb708d5e261df53-01,2026-08-31,手机,device,诺基亚,诺基亚8系列,8800E 4GB白金版,,,开机屏坏,300,元/台,没后盖扣200，外观不靓扣300,image,诺基亚.jpg,数码网报价单-0831更新/手机相关/诺基亚.jpg,1,0.98,visual_legacy_crosscheck
20260831-f615f05d0076de534152-01,2026-08-31,手机,device,诺基亚,诺基亚8系列,8800E 4GB白金版,,,不开机,50,元/台,没后盖扣200，外观不靓扣300,image,诺基亚.jpg,数码网报价单-0831更新/手机相关/诺基亚.jpg,1,0.98,visual_legacy_crosscheck
20260831-fd2015281323ac5bcbed-01,2026-08-31,手机,device,诺基亚,诺基亚8系列,8800E 4GB白金版,,,不开机屏好,100,元/台,没后盖扣200，外观不靓扣300,image,诺基亚.jpg,数码网报价单-0831更新/手机相关/诺基亚.jpg,1,0.98,visual_legacy_crosscheck
20260831-d32bc7948b590b084e86-01,2026-08-31,手机,device,诺基亚,诺基亚8系列,8800E 4GB白金版,,,废板-整机,30,元/台,没后盖扣200，外观不靓扣300,image,诺基亚.jpg,数码网报价单-0831更新/手机相关/诺基亚.jpg,1,0.98,visual_legacy_crosscheck
20260831-ea47644fb9196bc195d4-01,2026-08-31,手机,device,诺基亚,诺基亚8系列,8800e 4GB,,,开机屏好,500,元/台,屏幕无老化背光，主板功能正常,image,诺基亚.jpg,数码网报价单-0831更新/手机相关/诺基亚.jpg,1,0.98,visual_legacy_crosscheck
20260831-895b04522dc4733111a6-01,2026-08-31,手机,device,诺基亚,诺基亚8系列,8800e 4GB,,,开机屏坏,200,元/台,屏幕无老化背光，主板功能正常,image,诺基亚.jpg,数码网报价单-0831更新/手机相关/诺基亚.jpg,1,0.98,visual_legacy_crosscheck
20260831-3e0f5a75dd7542cbd621-01,2026-08-31,手机,device,诺基亚,诺基亚8系列,8800e 4GB,,,不开机,80,元/台,屏幕无老化背光，主板功能正常,image,诺基亚.jpg,数码网报价单-0831更新/手机相关/诺基亚.jpg,1,0.98,visual_legacy_crosscheck
20260831-150b27d9ac25bc2be109-01,2026-08-31,手机,device,诺基亚,诺基亚8系列,8800e 4GB,,,不开机屏好,200,元/台,屏幕无老化背光，主板功能正常,image,诺基亚.jpg,数码网报价单-0831更新/手机相关/诺基亚.jpg,1,0.98,visual_legacy_crosscheck
20260831-90ef7bdf10a4eed3e47b-01,2026-08-31,手机,device,诺基亚,诺基亚8系列,8800e 4GB,,,废板-整机,30,元/台,屏幕无老化背光，主板功能正常,image,诺基亚.jpg,数码网报价单-0831更新/手机相关/诺基亚.jpg,1,0.98,visual_legacy_crosscheck
20260831-f883975c71f08bb402d6-01,2026-08-31,手机,device,诺基亚,诺基亚8系列,8800e 1GB,,,开机屏好,400,元/台,屏幕无老化背光，功能正常,image,诺基亚.jpg,数码网报价单-0831更新/手机相关/诺基亚.jpg,1,0.98,visual_legacy_crosscheck
20260831-73c7ef9b5254c662f14f-01,2026-08-31,手机,device,诺基亚,诺基亚8系列,8800e 1GB,,,开机屏坏,150,元/台,屏幕无老化背光，功能正常,image,诺基亚.jpg,数码网报价单-0831更新/手机相关/诺基亚.jpg,1,0.98,visual_legacy_crosscheck
20260831-c72e94443936879d49d9-01,2026-08-31,手机,device,诺基亚,诺基亚8系列,8800e 1GB,,,不开机,100,元/台,屏幕无老化背光，功能正常,image,诺基亚.jpg,数码网报价单-0831更新/手机相关/诺基亚.jpg,1,0.98,visual_legacy_crosscheck
20260831-9dc215dce39f9de4e4cf-01,2026-08-31,手机,device,诺基亚,诺基亚8系列,8800e 1GB,,,不开机屏好,50,元/台,屏幕无老化背光，功能正常,image,诺基亚.jpg,数码网报价单-0831更新/手机相关/诺基亚.jpg,1,0.98,visual_legacy_crosscheck
20260831-fdf17bc2b1a26b106800-01,2026-08-31,手机,device,诺基亚,诺基亚8系列,8800e 1GB,,,废板-整机,30,元/台,屏幕无老化背光，功能正常,image,诺基亚.jpg,数码网报价单-0831更新/手机相关/诺基亚.jpg,1,0.98,visual_legacy_crosscheck
20260831-5843d1d0d2ba7d0164b0-01,2026-08-31,手机,device,诺基亚,诺基亚经典系列,8800d,,,开机屏好,60,元/台,,image,诺基亚.jpg,数码网报价单-0831更新/手机相关/诺基亚.jpg,1,0.98,visual_legacy_crosscheck
20260831-6cdcb94b8c1ad1f2182e-01,2026-08-31,手机,device,诺基亚,诺基亚经典系列,8800d,,,开机屏坏,30,元/台,,image,诺基亚.jpg,数码网报价单-0831更新/手机相关/诺基亚.jpg,1,0.98,visual_legacy_crosscheck
20260831-7c0f6ed8a9fd607e1e46-01,2026-08-31,手机,device,诺基亚,诺基亚经典系列,8800d,,,不开机,30,元/台,,image,诺基亚.jpg,数码网报价单-0831更新/手机相关/诺基亚.jpg,1,0.98,visual_legacy_crosscheck
20260831-20383f305a0e7083d2a2-01,2026-08-31,手机,device,诺基亚,诺基亚经典系列,8800d,,,不开机屏好,30,元/台,,image,诺基亚.jpg,数码网报价单-0831更新/手机相关/诺基亚.jpg,1,0.98,visual_legacy_crosscheck
20260831-61a353cbcd0f25b6913e-01,2026-08-31,手机,device,诺基亚,诺基亚经典系列,8800d,,,废板-整机,10,元/台,,image,诺基亚.jpg,数码网报价单-0831更新/手机相关/诺基亚.jpg,1,0.98,visual_legacy_crosscheck
20260831-e1e1fb1e6866dca5384d-01,2026-08-31,手机,device,诺基亚,诺基亚经典系列,8800a黄金版,,,开机屏好,200,元/台,,image,诺基亚.jpg,数码网报价单-0831更新/手机相关/诺基亚.jpg,1,0.98,visual_legacy_crosscheck
20260831-fb75c9e15c868a3b7d5a-01,2026-08-31,手机,device,诺基亚,诺基亚经典系列,8800a黄金版,,,开机屏坏,100,元/台,,image,诺基亚.jpg,数码网报价单-0831更新/手机相关/诺基亚.jpg,1,0.98,visual_legacy_crosscheck
20260831-9d98bb3a72cbc899eed1-01,2026-08-31,手机,device,诺基亚,诺基亚经典系列,8800a黄金版,,,不开机,40,元/台,,image,诺基亚.jpg,数码网报价单-0831更新/手机相关/诺基亚.jpg,1,0.98,visual_legacy_crosscheck
20260831-0b876643bc040ee86956-01,2026-08-31,手机,device,诺基亚,诺基亚经典系列,8800a黄金版,,,不开机屏好,80,元/台,,image,诺基亚.jpg,数码网报价单-0831更新/手机相关/诺基亚.jpg,1,0.98,visual_legacy_crosscheck
20260831-990c95fd9accb0289edb-01,2026-08-31,手机,device,诺基亚,诺基亚经典系列,8800a黄金版,,,废板-整机,40,元/台,,image,诺基亚.jpg,数码网报价单-0831更新/手机相关/诺基亚.jpg,1,0.98,visual_legacy_crosscheck
20260831-ee3c20425741f4caf32c-01,2026-08-31,手机,device,诺基亚,诺基亚经典系列,8800a,,,开机屏好,200,元/台,,image,诺基亚.jpg,数码网报价单-0831更新/手机相关/诺基亚.jpg,1,0.98,visual_legacy_crosscheck
20260831-a1b403ce491c610efe33-01,2026-08-31,手机,device,诺基亚,诺基亚经典系列,8800a,,,开机屏坏,100,元/台,,image,诺基亚.jpg,数码网报价单-0831更新/手机相关/诺基亚.jpg,1,0.98,visual_legacy_crosscheck
20260831-06c13a15a3f5f5ed9b43-01,2026-08-31,手机,device,诺基亚,诺基亚经典系列,8800a,,,不开机,40,元/台,,image,诺基亚.jpg,数码网报价单-0831更新/手机相关/诺基亚.jpg,1,0.98,visual_legacy_crosscheck
20260831-c86545fd5d4f21a0793a-01,2026-08-31,手机,device,诺基亚,诺基亚经典系列,8800a,,,不开机屏好,100,元/台,,image,诺基亚.jpg,数码网报价单-0831更新/手机相关/诺基亚.jpg,1,0.98,visual_legacy_crosscheck
20260831-430a9d31519d12400c84-01,2026-08-31,手机,device,诺基亚,诺基亚经典系列,8800a,,,废板-整机,30,元/台,,image,诺基亚.jpg,数码网报价单-0831更新/手机相关/诺基亚.jpg,1,0.98,visual_legacy_crosscheck
20260831-768e9556a013a8bec352-01,2026-08-31,手机,device,诺基亚,诺基亚经典系列,8800,,,开机屏好,40,元/台,,image,诺基亚.jpg,数码网报价单-0831更新/手机相关/诺基亚.jpg,1,0.98,visual_legacy_crosscheck
20260831-12d4459d29c681a49181-01,2026-08-31,手机,device,诺基亚,诺基亚经典系列,8800,,,开机屏坏,15,元/台,,image,诺基亚.jpg,数码网报价单-0831更新/手机相关/诺基亚.jpg,1,0.98,visual_legacy_crosscheck
20260831-4e00c916a5c734edbafb-01,2026-08-31,手机,device,诺基亚,诺基亚经典系列,8800,,,不开机,15,元/台,,image,诺基亚.jpg,数码网报价单-0831更新/手机相关/诺基亚.jpg,1,0.98,visual_legacy_crosscheck
20260831-b276a58211b29ac8b77c-01,2026-08-31,手机,device,诺基亚,诺基亚经典系列,8800,,,不开机屏好,15,元/台,,image,诺基亚.jpg,数码网报价单-0831更新/手机相关/诺基亚.jpg,1,0.98,visual_legacy_crosscheck
20260831-d304b3ef0fe0869b0032-01,2026-08-31,手机,device,诺基亚,诺基亚经典系列,8800,,,废板-整机,10,元/台,,image,诺基亚.jpg,数码网报价单-0831更新/手机相关/诺基亚.jpg,1,0.98,visual_legacy_crosscheck
20260831-7b6b756b0944035fdd31-01,2026-08-31,手机,device,诺基亚,诺基亚经典系列,8600,,,开机屏好,30,元/台,,image,诺基亚.jpg,数码网报价单-0831更新/手机相关/诺基亚.jpg,1,0.98,visual_legacy_crosscheck
20260831-26f19d0e9e741bd95360-01,2026-08-31,手机,device,诺基亚,诺基亚经典系列,8600,,,开机屏坏,30,元/台,,image,诺基亚.jpg,数码网报价单-0831更新/手机相关/诺基亚.jpg,1,0.98,visual_legacy_crosscheck
20260831-646148b27f5ce04618fb-01,2026-08-31,手机,device,诺基亚,诺基亚经典系列,8600,,,不开机,30,元/台,,image,诺基亚.jpg,数码网报价单-0831更新/手机相关/诺基亚.jpg,1,0.98,visual_legacy_crosscheck
20260831-391bdd5ae548b79cacc4-01,2026-08-31,手机,device,诺基亚,诺基亚经典系列,8600,,,不开机屏好,30,元/台,,image,诺基亚.jpg,数码网报价单-0831更新/手机相关/诺基亚.jpg,1,0.98,visual_legacy_crosscheck
20260831-2398951fd3aa7a8441ba-01,2026-08-31,手机,device,诺基亚,诺基亚经典系列,8600,,,废板-整机,7,元/台,,image,诺基亚.jpg,数码网报价单-0831更新/手机相关/诺基亚.jpg,1,0.98,visual_legacy_crosscheck
20260831-e64114f76aedc83e310b-01,2026-08-31,手机,device,诺基亚,诺基亚经典系列,800（三防手机）,,,开机屏好,130,元/台,,image,诺基亚.jpg,数码网报价单-0831更新/手机相关/诺基亚.jpg,1,0.98,visual_legacy_crosscheck
20260831-2ffe77dc49ead1788afa-01,2026-08-31,手机,device,诺基亚,诺基亚经典系列,800（三防手机）,,,开机屏坏,30,元/台,,image,诺基亚.jpg,数码网报价单-0831更新/手机相关/诺基亚.jpg,1,0.98,visual_legacy_crosscheck
20260831-783946b3a8dd3bc508fa-01,2026-08-31,手机,device,诺基亚,诺基亚经典系列,800（三防手机）,,,不开机,10,元/台,,image,诺基亚.jpg,数码网报价单-0831更新/手机相关/诺基亚.jpg,1,0.98,visual_legacy_crosscheck
20260831-2473aae555cbd6b2c6d9-01,2026-08-31,手机,device,诺基亚,诺基亚经典系列,800（三防手机）,,,不开机屏好,10,元/台,,image,诺基亚.jpg,数码网报价单-0831更新/手机相关/诺基亚.jpg,1,0.98,visual_legacy_crosscheck
20260831-d80b8695ed4cabb1528c-01,2026-08-31,手机,device,诺基亚,诺基亚经典系列,800（三防手机）,,,废板-整机,10,元/台,,image,诺基亚.jpg,数码网报价单-0831更新/手机相关/诺基亚.jpg,1,0.98,visual_legacy_crosscheck
20260831-2c90406e00cf23397ca8-01,2026-08-31,手机,device,诺基亚,经典数字/经典机,7900,,,开机屏好,50,元/台,,image,诺基亚.jpg,数码网报价单-0831更新/手机相关/诺基亚.jpg,1,0.98,visual_legacy_crosscheck
20260831-59ef4b1d58c5ea78c3ba-01,2026-08-31,手机,device,诺基亚,经典数字/经典机,7900,,,开机屏坏,7,元/台,,image,诺基亚.jpg,数码网报价单-0831更新/手机相关/诺基亚.jpg,1,0.98,visual_legacy_crosscheck
20260831-0395ee46e9eb7e6eafb8-01,2026-08-31,手机,device,诺基亚,经典数字/经典机,7900,,,不开机,7,元/台,,image,诺基亚.jpg,数码网报价单-0831更新/手机相关/诺基亚.jpg,1,0.98,visual_legacy_crosscheck
20260831-316ddf69245a6fc1cf86-01,2026-08-31,手机,device,诺基亚,经典数字/经典机,7900,,,不开机屏好,7,元/台,,image,诺基亚.jpg,数码网报价单-0831更新/手机相关/诺基亚.jpg,1,0.98,visual_legacy_crosscheck
20260831-094afcc194cf52439174-01,2026-08-31,手机,device,诺基亚,经典数字/经典机,7900,,,废板-整机,7,元/台,,image,诺基亚.jpg,数码网报价单-0831更新/手机相关/诺基亚.jpg,1,0.98,visual_legacy_crosscheck
20260831-512a909a49abafb89902-01,2026-08-31,手机,device,诺基亚,经典数字/经典机,6700c,,,开机屏好,20,元/台,,image,诺基亚.jpg,数码网报价单-0831更新/手机相关/诺基亚.jpg,1,0.98,visual_legacy_crosscheck
20260831-9916169c70fbf9d57816-01,2026-08-31,手机,device,诺基亚,经典数字/经典机,6700c,,,开机屏坏,20,元/台,,image,诺基亚.jpg,数码网报价单-0831更新/手机相关/诺基亚.jpg,1,0.98,visual_legacy_crosscheck
20260831-5d6729fa52beb9176ee9-01,2026-08-31,手机,device,诺基亚,经典数字/经典机,6700c,,,不开机,20,元/台,,image,诺基亚.jpg,数码网报价单-0831更新/手机相关/诺基亚.jpg,1,0.98,visual_legacy_crosscheck
20260831-fb4018647299b6907e6b-01,2026-08-31,手机,device,诺基亚,经典数字/经典机,6700c,,,不开机屏好,20,元/台,,image,诺基亚.jpg,数码网报价单-0831更新/手机相关/诺基亚.jpg,1,0.98,visual_legacy_crosscheck
20260831-313ce06bdcb396119ae6-01,2026-08-31,手机,device,诺基亚,经典数字/经典机,6700c,,,废板-整机,10,元/台,,image,诺基亚.jpg,数码网报价单-0831更新/手机相关/诺基亚.jpg,1,0.98,visual_legacy_crosscheck
20260831-0ff47a4ef6a8c48b74b0-01,2026-08-31,手机,device,诺基亚,经典数字/经典机,6第二代,,,开机屏好,30,元/台,,image,诺基亚.jpg,数码网报价单-0831更新/手机相关/诺基亚.jpg,1,0.98,visual_legacy_crosscheck
20260831-d80659e931fa82bf4eaf-01,2026-08-31,手机,device,诺基亚,经典数字/经典机,6第二代,,,开机屏坏,30,元/台,,image,诺基亚.jpg,数码网报价单-0831更新/手机相关/诺基亚.jpg,1,0.98,visual_legacy_crosscheck
20260831-76e5299318a3db5dc0d1-01,2026-08-31,手机,device,诺基亚,经典数字/经典机,6第二代,,,不开机,30,元/台,,image,诺基亚.jpg,数码网报价单-0831更新/手机相关/诺基亚.jpg,1,0.98,visual_legacy_crosscheck
20260831-44062a3d0eab050f4d3d-01,2026-08-31,手机,device,诺基亚,经典数字/经典机,6第二代,,,不开机屏好,30,元/台,,image,诺基亚.jpg,数码网报价单-0831更新/手机相关/诺基亚.jpg,1,0.98,visual_legacy_crosscheck
20260831-70d8819794a85b69fbab-01,2026-08-31,手机,device,诺基亚,经典数字/经典机,6第二代,,,废板-整机,20,元/台,,image,诺基亚.jpg,数码网报价单-0831更新/手机相关/诺基亚.jpg,1,0.98,visual_legacy_crosscheck
20260831-c44cd2fb60ae84cdde5e-01,2026-08-31,手机,device,诺基亚,经典数字/经典机,1148 越南版,,,开机屏好,50,元/台,,image,诺基亚.jpg,数码网报价单-0831更新/手机相关/诺基亚.jpg,1,0.98,visual_legacy_crosscheck
20260831-913d4c204c13357ae4d1-01,2026-08-31,手机,device,诺基亚,经典数字/经典机,1148 越南版,,,开机屏坏,15,元/台,,image,诺基亚.jpg,数码网报价单-0831更新/手机相关/诺基亚.jpg,1,0.98,visual_legacy_crosscheck
20260831-cc28c80df306e8bb1053-01,2026-08-31,手机,device,诺基亚,经典数字/经典机,1148 越南版,,,不开机,7,元/台,,image,诺基亚.jpg,数码网报价单-0831更新/手机相关/诺基亚.jpg,1,0.98,visual_legacy_crosscheck
20260831-082a0ca4c34aa96d216e-01,2026-08-31,手机,device,诺基亚,经典数字/经典机,1148 越南版,,,不开机屏好,7,元/台,,image,诺基亚.jpg,数码网报价单-0831更新/手机相关/诺基亚.jpg,1,0.98,visual_legacy_crosscheck
20260831-4ec448b7a2f9ba12b1eb-01,2026-08-31,手机,device,诺基亚,经典数字/经典机,1148 越南版,,,废板-整机,7,元/台,,image,诺基亚.jpg,数码网报价单-0831更新/手机相关/诺基亚.jpg,1,0.98,visual_legacy_crosscheck
20260831-2bc84af8a2df4bf331f7-01,2026-08-31,手机,device,诺基亚,经典数字/经典机,1278,,,开机屏好,50,元/台,,image,诺基亚.jpg,数码网报价单-0831更新/手机相关/诺基亚.jpg,1,0.98,visual_legacy_crosscheck
20260831-668661308fd232ed915c-01,2026-08-31,手机,device,诺基亚,经典数字/经典机,1278,,,开机屏坏,10,元/台,,image,诺基亚.jpg,数码网报价单-0831更新/手机相关/诺基亚.jpg,1,0.98,visual_legacy_crosscheck
20260831-0628369c63fd0d5dc2e6-01,2026-08-31,手机,device,诺基亚,经典数字/经典机,1278,,,不开机,6,元/台,,image,诺基亚.jpg,数码网报价单-0831更新/手机相关/诺基亚.jpg,1,0.98,visual_legacy_crosscheck
20260831-cc6718b3a3d442d8579c-01,2026-08-31,手机,device,诺基亚,经典数字/经典机,1278,,,不开机屏好,6,元/台,,image,诺基亚.jpg,数码网报价单-0831更新/手机相关/诺基亚.jpg,1,0.98,visual_legacy_crosscheck
20260831-10409e9282ef9cdd34f7-01,2026-08-31,手机,device,诺基亚,经典数字/经典机,1278,,,废板-整机,6,元/台,,image,诺基亚.jpg,数码网报价单-0831更新/手机相关/诺基亚.jpg,1,0.98,visual_legacy_crosscheck
20260831-09896630a005aec2f31a-01,2026-08-31,手机,device,诺基亚,经典数字/经典机,1170,,,开机屏好,40,元/台,,image,诺基亚.jpg,数码网报价单-0831更新/手机相关/诺基亚.jpg,1,0.98,visual_legacy_crosscheck
20260831-5ab5b2ac76c7a372050d-01,2026-08-31,手机,device,诺基亚,经典数字/经典机,1170,,,开机屏坏,10,元/台,,image,诺基亚.jpg,数码网报价单-0831更新/手机相关/诺基亚.jpg,1,0.98,visual_legacy_crosscheck
20260831-5b2a602ba720178f6645-01,2026-08-31,手机,device,诺基亚,经典数字/经典机,1170,,,不开机,10,元/台,,image,诺基亚.jpg,数码网报价单-0831更新/手机相关/诺基亚.jpg,1,0.98,visual_legacy_crosscheck
20260831-8ca0e40d1c164f9c15aa-01,2026-08-31,手机,device,诺基亚,经典数字/经典机,1170,,,不开机屏好,10,元/台,,image,诺基亚.jpg,数码网报价单-0831更新/手机相关/诺基亚.jpg,1,0.98,visual_legacy_crosscheck
20260831-963871dcd9f131f957bc-01,2026-08-31,手机,device,诺基亚,经典数字/经典机,1170,,,废板-整机,10,元/台,,image,诺基亚.jpg,数码网报价单-0831更新/手机相关/诺基亚.jpg,1,0.98,visual_legacy_crosscheck
20260831-ca734ec9a2608440b485-01,2026-08-31,手机,device,诺基亚,经典数字/经典机,1020,,,开机屏好,20,元/台,,image,诺基亚.jpg,数码网报价单-0831更新/手机相关/诺基亚.jpg,1,0.98,visual_legacy_crosscheck
20260831-069bdd07a41eb765db16-01,2026-08-31,手机,device,诺基亚,经典数字/经典机,1020,,,开机屏坏,10,元/台,,image,诺基亚.jpg,数码网报价单-0831更新/手机相关/诺基亚.jpg,1,0.98,visual_legacy_crosscheck
20260831-8a9a959ef83364c3a867-01,2026-08-31,手机,device,诺基亚,经典数字/经典机,1020,,,不开机,10,元/台,,image,诺基亚.jpg,数码网报价单-0831更新/手机相关/诺基亚.jpg,1,0.98,visual_legacy_crosscheck
20260831-46ad546966f3be9fb582-01,2026-08-31,手机,device,诺基亚,经典数字/经典机,1020,,,不开机屏好,20,元/台,,image,诺基亚.jpg,数码网报价单-0831更新/手机相关/诺基亚.jpg,1,0.98,visual_legacy_crosscheck
20260831-e05b1710455d4693ffd6-01,2026-08-31,手机,device,诺基亚,经典数字/经典机,1020,,,废板-整机,10,元/台,,image,诺基亚.jpg,数码网报价单-0831更新/手机相关/诺基亚.jpg,1,0.98,visual_legacy_crosscheck
20260831-25f44780f663813ef37a-01,2026-08-31,手机,device,诺基亚,经典数字/经典机,952,,,开机屏好,25,元/台,,image,诺基亚.jpg,数码网报价单-0831更新/手机相关/诺基亚.jpg,1,0.98,visual_legacy_crosscheck
20260831-5395a65abd00129f8e39-01,2026-08-31,手机,device,诺基亚,经典数字/经典机,952,,,开机屏坏,25,元/台,,image,诺基亚.jpg,数码网报价单-0831更新/手机相关/诺基亚.jpg,1,0.98,visual_legacy_crosscheck
20260831-7c40fd5508741fb7a72e-01,2026-08-31,手机,device,诺基亚,经典数字/经典机,952,,,不开机,25,元/台,,image,诺基亚.jpg,数码网报价单-0831更新/手机相关/诺基亚.jpg,1,0.98,visual_legacy_crosscheck
20260831-58d9e63be5c0eb65cd5d-01,2026-08-31,手机,device,诺基亚,经典数字/经典机,952,,,不开机屏好,25,元/台,,image,诺基亚.jpg,数码网报价单-0831更新/手机相关/诺基亚.jpg,1,0.98,visual_legacy_crosscheck
20260831-89d5bc268d0603a16596-01,2026-08-31,手机,device,诺基亚,经典数字/经典机,952,,,废板-整机,7,元/台,,image,诺基亚.jpg,数码网报价单-0831更新/手机相关/诺基亚.jpg,1,0.98,visual_legacy_crosscheck
20260831-8e011784c41accac76f5-01,2026-08-31,手机,device,诺基亚,经典数字/经典机,808,,,开机屏好,20,元/台,,image,诺基亚.jpg,数码网报价单-0831更新/手机相关/诺基亚.jpg,1,0.98,visual_legacy_crosscheck
20260831-9bc8424f79c677df8400-01,2026-08-31,手机,device,诺基亚,经典数字/经典机,808,,,开机屏坏,7,元/台,,image,诺基亚.jpg,数码网报价单-0831更新/手机相关/诺基亚.jpg,1,0.98,visual_legacy_crosscheck
20260831-2cbf0036c31e17d909b4-01,2026-08-31,手机,device,诺基亚,经典数字/经典机,808,,,不开机,7,元/台,,image,诺基亚.jpg,数码网报价单-0831更新/手机相关/诺基亚.jpg,1,0.98,visual_legacy_crosscheck
20260831-fa5e595d05a342dcccea-01,2026-08-31,手机,device,诺基亚,经典数字/经典机,808,,,不开机屏好,7,元/台,,image,诺基亚.jpg,数码网报价单-0831更新/手机相关/诺基亚.jpg,1,0.98,visual_legacy_crosscheck
20260831-17e7fe599227fb3fbbe4-01,2026-08-31,手机,device,诺基亚,经典数字/经典机,808,,,废板-整机,7,元/台,,image,诺基亚.jpg,数码网报价单-0831更新/手机相关/诺基亚.jpg,1,0.98,visual_legacy_crosscheck
20260831-8ada024a4e9669826a6c-01,2026-08-31,手机,device,诺基亚,诺基亚TA系列,诺基亚TA-1553,,,开机屏好,40,元/台,,image,诺基亚.jpg,数码网报价单-0831更新/手机相关/诺基亚.jpg,1,0.98,visual_legacy_crosscheck
20260831-fb4e373a8a2cc2f6b954-01,2026-08-31,手机,device,诺基亚,诺基亚TA系列,诺基亚TA-1553,,,不开机,8,元/台,,image,诺基亚.jpg,数码网报价单-0831更新/手机相关/诺基亚.jpg,1,0.98,visual_legacy_crosscheck
20260831-be4f24fbce8d40d1cb5d-01,2026-08-31,手机,device,诺基亚,诺基亚TA系列,诺基亚TA-1553,,,不带电池,35,元/台,,image,诺基亚.jpg,数码网报价单-0831更新/手机相关/诺基亚.jpg,1,0.98,visual_legacy_crosscheck
20260831-f32ca7c76687d91470ee-01,2026-08-31,手机,device,诺基亚,诺基亚TA系列,诺基亚TA-1311,,,开机屏好,130,元/台,,image,诺基亚.jpg,数码网报价单-0831更新/手机相关/诺基亚.jpg,1,0.98,visual_legacy_crosscheck
20260831-557f53c02fd7dad82aa3-01,2026-08-31,手机,device,诺基亚,诺基亚TA系列,诺基亚TA-1311,,,不开机,8,元/台,,image,诺基亚.jpg,数码网报价单-0831更新/手机相关/诺基亚.jpg,1,0.98,visual_legacy_crosscheck
20260831-494a5dcfbe62a8f22788-01,2026-08-31,手机,device,诺基亚,诺基亚TA系列,诺基亚TA-1311,,,不带电池,8,元/台,,image,诺基亚.jpg,数码网报价单-0831更新/手机相关/诺基亚.jpg,1,0.98,visual_legacy_crosscheck
20260831-4191b7d6b702e7f8d98e-01,2026-08-31,手机,device,诺基亚,诺基亚TA系列,诺基亚TA-1287,,,开机屏好,50,元/台,,image,诺基亚.jpg,数码网报价单-0831更新/手机相关/诺基亚.jpg,1,0.98,visual_legacy_crosscheck
20260831-9781ed69a726290f9763-01,2026-08-31,手机,device,诺基亚,诺基亚TA系列,诺基亚TA-1287,,,不开机,8,元/台,,image,诺基亚.jpg,数码网报价单-0831更新/手机相关/诺基亚.jpg,1,0.98,visual_legacy_crosscheck
20260831-f9225a9cd87670a2df9c-01,2026-08-31,手机,device,诺基亚,诺基亚TA系列,诺基亚TA-1287,,,不带电池,8,元/台,,image,诺基亚.jpg,数码网报价单-0831更新/手机相关/诺基亚.jpg,1,0.98,visual_legacy_crosscheck
20260831-2811b2fb4ba16be8395c-01,2026-08-31,手机,device,诺基亚,Nokia智能系列,Nokia x7,,,开机屏好,30,元/台,,image,诺基亚.jpg,数码网报价单-0831更新/手机相关/诺基亚.jpg,1,0.98,visual_legacy_crosscheck
20260831-5e94af94c79e714b2b49-01,2026-08-31,手机,device,诺基亚,Nokia智能系列,Nokia x7,,,开机屏坏,30,元/台,,image,诺基亚.jpg,数码网报价单-0831更新/手机相关/诺基亚.jpg,1,0.98,visual_legacy_crosscheck
20260831-785e14b4f168edc71102-01,2026-08-31,手机,device,诺基亚,Nokia智能系列,Nokia x7,,,不开机,30,元/台,,image,诺基亚.jpg,数码网报价单-0831更新/手机相关/诺基亚.jpg,1,0.98,visual_legacy_crosscheck
20260831-9cf0dd95b9c074b993b8-01,2026-08-31,手机,device,诺基亚,Nokia智能系列,Nokia x7,,,不开机屏好,30,元/台,,image,诺基亚.jpg,数码网报价单-0831更新/手机相关/诺基亚.jpg,1,0.98,visual_legacy_crosscheck
20260831-e6f362c977ccd3a7b569-01,2026-08-31,手机,device,诺基亚,Nokia智能系列,Nokia x7,,,废板-整机,30,元/台,,image,诺基亚.jpg,数码网报价单-0831更新/手机相关/诺基亚.jpg,1,0.98,visual_legacy_crosscheck
20260831-b1dc3188cf565bfa3524-01,2026-08-31,手机,device,诺基亚,Nokia智能系列,X6 有指纹版,,,开机屏好,90,元/台,,image,诺基亚.jpg,数码网报价单-0831更新/手机相关/诺基亚.jpg,1,0.98,visual_legacy_crosscheck
20260831-d77396db86130f4daa79-01,2026-08-31,手机,device,诺基亚,Nokia智能系列,X6 有指纹版,,,开机屏坏,90,元/台,,image,诺基亚.jpg,数码网报价单-0831更新/手机相关/诺基亚.jpg,1,0.98,visual_legacy_crosscheck
20260831-5d0b8f3bc54a22e311db-01,2026-08-31,手机,device,诺基亚,Nokia智能系列,X6 有指纹版,,,不开机,90,元/台,,image,诺基亚.jpg,数码网报价单-0831更新/手机相关/诺基亚.jpg,1,0.98,visual_legacy_crosscheck
20260831-a255137fef1c24b3ee16-01,2026-08-31,手机,device,诺基亚,Nokia智能系列,X6 有指纹版,,,不开机屏好,90,元/台,,image,诺基亚.jpg,数码网报价单-0831更新/手机相关/诺基亚.jpg,1,0.98,visual_legacy_crosscheck
20260831-2b8cbda94a91818da245-01,2026-08-31,手机,device,诺基亚,Nokia智能系列,X6 有指纹版,,,废板-整机,40,元/台,,image,诺基亚.jpg,数码网报价单-0831更新/手机相关/诺基亚.jpg,1,0.98,visual_legacy_crosscheck
20260831-0cf2a0fc8126cec91922-01,2026-08-31,手机,device,诺基亚,Nokia智能系列,X6 无指纹版,,,开机屏好,30,元/台,,image,诺基亚.jpg,数码网报价单-0831更新/手机相关/诺基亚.jpg,1,0.98,visual_legacy_crosscheck
20260831-da7e9cabeb8d1d1e946c-01,2026-08-31,手机,device,诺基亚,Nokia智能系列,X6 无指纹版,,,开机屏坏,30,元/台,,image,诺基亚.jpg,数码网报价单-0831更新/手机相关/诺基亚.jpg,1,0.98,visual_legacy_crosscheck
20260831-ce64cf4c4d5e6c70f391-01,2026-08-31,手机,device,诺基亚,Nokia智能系列,X6 无指纹版,,,不开机,30,元/台,,image,诺基亚.jpg,数码网报价单-0831更新/手机相关/诺基亚.jpg,1,0.98,visual_legacy_crosscheck
20260831-4debc693076a7dabc156-01,2026-08-31,手机,device,诺基亚,Nokia智能系列,X6 无指纹版,,,不开机屏好,30,元/台,,image,诺基亚.jpg,数码网报价单-0831更新/手机相关/诺基亚.jpg,1,0.98,visual_legacy_crosscheck
20260831-0daecfda1096d55beb1c-01,2026-08-31,手机,device,诺基亚,Nokia智能系列,X6 无指纹版,,,废板-整机,30,元/台,,image,诺基亚.jpg,数码网报价单-0831更新/手机相关/诺基亚.jpg,1,0.98,visual_legacy_crosscheck
20260831-5f4b0c86568bc8c780c3-01,2026-08-31,手机,device,诺基亚,Nokia智能系列,Nokia x5,,,开机屏好,30,元/台,,image,诺基亚.jpg,数码网报价单-0831更新/手机相关/诺基亚.jpg,1,0.98,visual_legacy_crosscheck
20260831-5fc6922bf2e6efec07ef-01,2026-08-31,手机,device,诺基亚,Nokia智能系列,Nokia x5,,,开机屏坏,30,元/台,,image,诺基亚.jpg,数码网报价单-0831更新/手机相关/诺基亚.jpg,1,0.98,visual_legacy_crosscheck
20260831-3e0b0b357f8781dcf552-01,2026-08-31,手机,device,诺基亚,Nokia智能系列,Nokia x5,,,不开机,30,元/台,,image,诺基亚.jpg,数码网报价单-0831更新/手机相关/诺基亚.jpg,1,0.98,visual_legacy_crosscheck
20260831-9d0e3faa46f13d972b1c-01,2026-08-31,手机,device,诺基亚,Nokia智能系列,Nokia x5,,,不开机屏好,30,元/台,,image,诺基亚.jpg,数码网报价单-0831更新/手机相关/诺基亚.jpg,1,0.98,visual_legacy_crosscheck
20260831-96049c4f457c5ffc1640-01,2026-08-31,手机,device,诺基亚,Nokia智能系列,Nokia x5,,,废板-整机,30,元/台,,image,诺基亚.jpg,数码网报价单-0831更新/手机相关/诺基亚.jpg,1,0.98,visual_legacy_crosscheck
20260831-5c204ed59ad97be13370-01,2026-08-31,手机,device,诺基亚,Nokia智能系列,Nokia7全网,,,开机屏好,30,元/台,,image,诺基亚.jpg,数码网报价单-0831更新/手机相关/诺基亚.jpg,1,0.98,visual_legacy_crosscheck
20260831-86e89854332214cf3fde-01,2026-08-31,手机,device,诺基亚,Nokia智能系列,Nokia7全网,,,开机屏坏,30,元/台,,image,诺基亚.jpg,数码网报价单-0831更新/手机相关/诺基亚.jpg,1,0.98,visual_legacy_crosscheck
20260831-9d37af326b3b066e8d7d-01,2026-08-31,手机,device,诺基亚,Nokia智能系列,Nokia7全网,,,不开机,30,元/台,,image,诺基亚.jpg,数码网报价单-0831更新/手机相关/诺基亚.jpg,1,0.98,visual_legacy_crosscheck
20260831-31b1e3731dd1fec965c2-01,2026-08-31,手机,device,诺基亚,Nokia智能系列,Nokia7全网,,,不开机屏好,30,元/台,,image,诺基亚.jpg,数码网报价单-0831更新/手机相关/诺基亚.jpg,1,0.98,visual_legacy_crosscheck
20260831-200899c33870931db457-01,2026-08-31,手机,device,诺基亚,Nokia智能系列,Nokia7全网,,,废板-整机,30,元/台,,image,诺基亚.jpg,数码网报价单-0831更新/手机相关/诺基亚.jpg,1,0.98,visual_legacy_crosscheck
20260831-ab4635154308fac98e27-01,2026-08-31,手机,device,诺基亚,Nokia智能系列,Nokia 7plus,,,开机屏好,30,元/台,,image,诺基亚.jpg,数码网报价单-0831更新/手机相关/诺基亚.jpg,1,0.98,visual_legacy_crosscheck
20260831-262b12f83ff3fb701e5d-01,2026-08-31,手机,device,诺基亚,Nokia智能系列,Nokia 7plus,,,开机屏坏,30,元/台,,image,诺基亚.jpg,数码网报价单-0831更新/手机相关/诺基亚.jpg,1,0.98,visual_legacy_crosscheck
20260831-8d5bc8d8940fb62f074a-01,2026-08-31,手机,device,诺基亚,Nokia智能系列,Nokia 7plus,,,不开机,30,元/台,,image,诺基亚.jpg,数码网报价单-0831更新/手机相关/诺基亚.jpg,1,0.98,visual_legacy_crosscheck
20260831-e6e6aa2ba2533a1370be-01,2026-08-31,手机,device,诺基亚,Nokia智能系列,Nokia 7plus,,,不开机屏好,30,元/台,,image,诺基亚.jpg,数码网报价单-0831更新/手机相关/诺基亚.jpg,1,0.98,visual_legacy_crosscheck
20260831-cddbff69f7a7f76c80e1-01,2026-08-31,手机,device,诺基亚,Nokia智能系列,Nokia 7plus,,,废板-整机,30,元/台,,image,诺基亚.jpg,数码网报价单-0831更新/手机相关/诺基亚.jpg,1,0.98,visual_legacy_crosscheck
20260831-4d9baccba684b3049cac-01,2026-08-31,手机,device,诺基亚,Nokia智能系列,Nokia6全网,,,开机屏好,30,元/台,,image,诺基亚.jpg,数码网报价单-0831更新/手机相关/诺基亚.jpg,1,0.98,visual_legacy_crosscheck
20260831-d87fad13a21141599949-01,2026-08-31,手机,device,诺基亚,Nokia智能系列,Nokia6全网,,,开机屏坏,30,元/台,,image,诺基亚.jpg,数码网报价单-0831更新/手机相关/诺基亚.jpg,1,0.98,visual_legacy_crosscheck
20260831-d680b6f18ea84f646630-01,2026-08-31,手机,device,诺基亚,Nokia智能系列,Nokia6全网,,,不开机,30,元/台,,image,诺基亚.jpg,数码网报价单-0831更新/手机相关/诺基亚.jpg,1,0.98,visual_legacy_crosscheck
20260831-7f34be19f443f2a24eab-01,2026-08-31,手机,device,诺基亚,Nokia智能系列,Nokia6全网,,,不开机屏好,30,元/台,,image,诺基亚.jpg,数码网报价单-0831更新/手机相关/诺基亚.jpg,1,0.98,visual_legacy_crosscheck
20260831-c1b3dcfebbd57db5e365-01,2026-08-31,手机,device,诺基亚,Nokia智能系列,Nokia6全网,,,废板-整机,20,元/台,,image,诺基亚.jpg,数码网报价单-0831更新/手机相关/诺基亚.jpg,1,0.98,visual_legacy_crosscheck
20260831-ae2edb42ca1817e02b2b-01,2026-08-31,手机,device,诺基亚,Nokia智能系列,诺基亚 C31,,,开机屏好,90,元/台,,image,诺基亚.jpg,数码网报价单-0831更新/手机相关/诺基亚.jpg,1,0.98,visual_legacy_crosscheck
20260831-097c04fe125fe7b6c175-01,2026-08-31,手机,device,诺基亚,Nokia智能系列,诺基亚 C31,,,开机屏坏,45,元/台,,image,诺基亚.jpg,数码网报价单-0831更新/手机相关/诺基亚.jpg,1,0.98,visual_legacy_crosscheck
20260831-eb0e069f17d7e7ec8a76-01,2026-08-31,手机,device,诺基亚,Nokia智能系列,诺基亚 C31,,,不开机,25,元/台,,image,诺基亚.jpg,数码网报价单-0831更新/手机相关/诺基亚.jpg,1,0.98,visual_legacy_crosscheck
20260831-f853179239c728fd34c8-01,2026-08-31,手机,device,诺基亚,Nokia智能系列,诺基亚 C31,,,不开机屏好,/,元/台,,image,诺基亚.jpg,数码网报价单-0831更新/手机相关/诺基亚.jpg,1,0.98,visual_legacy_crosscheck
20260831-e997abc334409d1d4dc2-01,2026-08-31,手机,device,诺基亚,Nokia智能系列,诺基亚 C31,,,废板-整机,25,元/台,,image,诺基亚.jpg,数码网报价单-0831更新/手机相关/诺基亚.jpg,1,0.98,visual_legacy_crosscheck
20260831-fe386d64c36476f3a3f8-01,2026-08-31,手机,device,诺基亚,E系列,N8,,,开机屏好,40,元/台,,image,诺基亚.jpg,数码网报价单-0831更新/手机相关/诺基亚.jpg,1,0.98,visual_legacy_crosscheck
20260831-062d59e645de37aa4a21-01,2026-08-31,手机,device,诺基亚,E系列,N8,,,开机屏好外屏碎,30,元/台,,image,诺基亚.jpg,数码网报价单-0831更新/手机相关/诺基亚.jpg,1,0.98,visual_legacy_crosscheck
20260831-75263bbefe3d569f6834-01,2026-08-31,手机,device,诺基亚,E系列,N8,,,开机屏坏,30,元/台,,image,诺基亚.jpg,数码网报价单-0831更新/手机相关/诺基亚.jpg,1,0.98,visual_legacy_crosscheck
20260831-480b52fc2cd9f09656e0-01,2026-08-31,手机,device,诺基亚,E系列,N8,,,不开机,/,元/台,,image,诺基亚.jpg,数码网报价单-0831更新/手机相关/诺基亚.jpg,1,0.98,visual_legacy_crosscheck
20260831-deb5d5469693eba705d3-01,2026-08-31,手机,device,诺基亚,E系列,E90,,,开机屏好,30,元/台,,image,诺基亚.jpg,数码网报价单-0831更新/手机相关/诺基亚.jpg,1,0.98,visual_legacy_crosscheck
20260831-6c9279c2735b447a4b77-01,2026-08-31,手机,device,诺基亚,E系列,E90,,,开机屏好外屏碎,/,元/台,,image,诺基亚.jpg,数码网报价单-0831更新/手机相关/诺基亚.jpg,1,0.98,visual_legacy_crosscheck
20260831-c933af63957910a56a18-01,2026-08-31,手机,device,诺基亚,E系列,E90,,,开机屏坏,30,元/台,,image,诺基亚.jpg,数码网报价单-0831更新/手机相关/诺基亚.jpg,1,0.98,visual_legacy_crosscheck
20260831-cf9d0ef7f910975045f8-01,2026-08-31,手机,device,诺基亚,E系列,E90,,,不开机,30,元/台,,image,诺基亚.jpg,数码网报价单-0831更新/手机相关/诺基亚.jpg,1,0.98,visual_legacy_crosscheck
20260831-327f07f4fdf32007ae73-01,2026-08-31,手机,device,诺基亚,E系列,E90,,,不开机屏好,30,元/台,,image,诺基亚.jpg,数码网报价单-0831更新/手机相关/诺基亚.jpg,1,0.98,visual_legacy_crosscheck
20260831-2e06fdc2492241a2a569-01,2026-08-31,手机,device,诺基亚,E系列,E72,,,开机屏好,16,元/台,,image,诺基亚.jpg,数码网报价单-0831更新/手机相关/诺基亚.jpg,1,0.98,visual_legacy_crosscheck
20260831-1c0c7596470977071613-01,2026-08-31,手机,device,诺基亚,E系列,E72,,,开机屏好外屏碎,/,元/台,,image,诺基亚.jpg,数码网报价单-0831更新/手机相关/诺基亚.jpg,1,0.98,visual_legacy_crosscheck
20260831-2e916d8b825336a8f1ce-01,2026-08-31,手机,device,诺基亚,E系列,E72,,,开机屏坏,16,元/台,,image,诺基亚.jpg,数码网报价单-0831更新/手机相关/诺基亚.jpg,1,0.98,visual_legacy_crosscheck
20260831-9fe0d8fdc2ccdf4a1147-01,2026-08-31,手机,device,诺基亚,E系列,E72,,,不开机,16,元/台,,image,诺基亚.jpg,数码网报价单-0831更新/手机相关/诺基亚.jpg,1,0.98,visual_legacy_crosscheck
20260831-49d4fb41a7beae3b7899-01,2026-08-31,手机,device,诺基亚,E系列,E72,,,不开机屏好,16,元/台,,image,诺基亚.jpg,数码网报价单-0831更新/手机相关/诺基亚.jpg,1,0.98,visual_legacy_crosscheck
20260831-18d819549e74cdd210a2-01,2026-08-31,手机,device,诺基亚,E系列,E71,,,开机屏好,16,元/台,,image,诺基亚.jpg,数码网报价单-0831更新/手机相关/诺基亚.jpg,1,0.98,visual_legacy_crosscheck
20260831-68537e11f36807cc0b72-01,2026-08-31,手机,device,诺基亚,E系列,E71,,,开机屏好外屏碎,/,元/台,,image,诺基亚.jpg,数码网报价单-0831更新/手机相关/诺基亚.jpg,1,0.98,visual_legacy_crosscheck
20260831-ca669f35fde3b670a2ab-01,2026-08-31,手机,device,诺基亚,E系列,E71,,,开机屏坏,16,元/台,,image,诺基亚.jpg,数码网报价单-0831更新/手机相关/诺基亚.jpg,1,0.98,visual_legacy_crosscheck
20260831-50cd8d67362cd66753fd-01,2026-08-31,手机,device,诺基亚,E系列,E71,,,不开机,16,元/台,,image,诺基亚.jpg,数码网报价单-0831更新/手机相关/诺基亚.jpg,1,0.98,visual_legacy_crosscheck
20260831-07fe48ccff8f0a0876ae-01,2026-08-31,手机,device,诺基亚,E系列,E71,,,不开机屏好,16,元/台,,image,诺基亚.jpg,数码网报价单-0831更新/手机相关/诺基亚.jpg,1,0.98,visual_legacy_crosscheck
20260831-677ee98c18ff6bd70073-01,2026-08-31,手机,device,诺基亚,E系列,E63,,,开机屏好,15,元/台,,image,诺基亚.jpg,数码网报价单-0831更新/手机相关/诺基亚.jpg,1,0.98,visual_legacy_crosscheck
20260831-81730b447ddd31e4f002-01,2026-08-31,手机,device,诺基亚,E系列,E63,,,开机屏好外屏碎,/,元/台,,image,诺基亚.jpg,数码网报价单-0831更新/手机相关/诺基亚.jpg,1,0.98,visual_legacy_crosscheck
20260831-bbec7f20765eba38688b-01,2026-08-31,手机,device,诺基亚,E系列,E63,,,开机屏坏,15,元/台,,image,诺基亚.jpg,数码网报价单-0831更新/手机相关/诺基亚.jpg,1,0.98,visual_legacy_crosscheck
20260831-a7dbb4f8ad183c36f279-01,2026-08-31,手机,device,诺基亚,E系列,E63,,,不开机,15,元/台,,image,诺基亚.jpg,数码网报价单-0831更新/手机相关/诺基亚.jpg,1,0.98,visual_legacy_crosscheck
20260831-54012dcb7290ab1e691a-01,2026-08-31,手机,device,诺基亚,E系列,E63,,,不开机屏好,15,元/台,,image,诺基亚.jpg,数码网报价单-0831更新/手机相关/诺基亚.jpg,1,0.98,visual_legacy_crosscheck
20260831-6be2b10cfdb1fa3cbf5f-01,2026-08-31,手机,device,诺基亚,点数系列,诺基亚 1322,,,开机屏好,/,元/台,,image,诺基亚.jpg,数码网报价单-0831更新/手机相关/诺基亚.jpg,1,0.98,visual_legacy_crosscheck
20260831-aaccac5a3db8e649a198-01,2026-08-31,手机,device,诺基亚,点数系列,诺基亚 1322,,,开机屏好外屏碎,/,元/台,,image,诺基亚.jpg,数码网报价单-0831更新/手机相关/诺基亚.jpg,1,0.98,visual_legacy_crosscheck
20260831-68bde67341e013e7c67e-01,2026-08-31,手机,device,诺基亚,点数系列,诺基亚 1322,,,开机屏坏,/,元/台,,image,诺基亚.jpg,数码网报价单-0831更新/手机相关/诺基亚.jpg,1,0.98,visual_legacy_crosscheck
20260831-184e522fb1cffa92f91d-01,2026-08-31,手机,device,诺基亚,点数系列,诺基亚 1322,,,不开机,/,元/台,,image,诺基亚.jpg,数码网报价单-0831更新/手机相关/诺基亚.jpg,1,0.98,visual_legacy_crosscheck
20260831-3061ad3190e6a9484e93-01,2026-08-31,手机,device,诺基亚,点数系列,6300,,,开机屏好,15,元/台,,image,诺基亚.jpg,数码网报价单-0831更新/手机相关/诺基亚.jpg,1,0.98,visual_legacy_crosscheck
20260831-f568b00185a5f34f1262-01,2026-08-31,手机,device,诺基亚,点数系列,6300,,,开机屏坏,15,元/台,,image,诺基亚.jpg,数码网报价单-0831更新/手机相关/诺基亚.jpg,1,0.98,visual_legacy_crosscheck
20260831-9576bc98872f8c9d4b09-01,2026-08-31,手机,device,诺基亚,点数系列,6300,,,不开机,15,元/台,,image,诺基亚.jpg,数码网报价单-0831更新/手机相关/诺基亚.jpg,1,0.98,visual_legacy_crosscheck
20260831-9fd6c8f05e7320afc63e-01,2026-08-31,手机,device,诺基亚,点数系列,6300,,,不开机屏好,15,元/台,,image,诺基亚.jpg,数码网报价单-0831更新/手机相关/诺基亚.jpg,1,0.98,visual_legacy_crosscheck
20260831-49f4c92a529129444c40-01,2026-08-31,手机,device,诺基亚,点数系列,C20 PLUS,,,开机屏好,15,元/台,,image,诺基亚.jpg,数码网报价单-0831更新/手机相关/诺基亚.jpg,1,0.98,visual_legacy_crosscheck
20260831-7782529c04be6934a9bd-01,2026-08-31,手机,device,诺基亚,点数系列,C20 PLUS,,,开机屏坏,15,元/台,,image,诺基亚.jpg,数码网报价单-0831更新/手机相关/诺基亚.jpg,1,0.98,visual_legacy_crosscheck
20260831-64bfe8ecc2f36fa5a2f3-01,2026-08-31,手机,device,诺基亚,点数系列,C20 PLUS,,,不开机,15,元/台,,image,诺基亚.jpg,数码网报价单-0831更新/手机相关/诺基亚.jpg,1,0.98,visual_legacy_crosscheck
20260831-397a84d475876b4ac42a-01,2026-08-31,手机,device,诺基亚,点数系列,C20 PLUS,,,不开机屏好,15,元/台,,image,诺基亚.jpg,数码网报价单-0831更新/手机相关/诺基亚.jpg,1,0.98,visual_legacy_crosscheck
20260831-fa69886fb6a649beedf9-01,2026-08-31,手机,device,诺基亚,点数系列,RM-976,,,开机屏好,7,元/台,,image,诺基亚.jpg,数码网报价单-0831更新/手机相关/诺基亚.jpg,1,0.98,visual_legacy_crosscheck
20260831-3705277731e021a2bdfe-01,2026-08-31,手机,device,诺基亚,点数系列,RM-976,,,开机屏坏,7,元/台,,image,诺基亚.jpg,数码网报价单-0831更新/手机相关/诺基亚.jpg,1,0.98,visual_legacy_crosscheck
20260831-ad368efbf72629114d05-01,2026-08-31,手机,device,诺基亚,点数系列,RM-976,,,不开机,7,元/台,,image,诺基亚.jpg,数码网报价单-0831更新/手机相关/诺基亚.jpg,1,0.98,visual_legacy_crosscheck
20260831-c04777347fed3e0e1ef7-01,2026-08-31,手机,device,诺基亚,点数系列,RM-976,,,不开机屏好,7,元/台,,image,诺基亚.jpg,数码网报价单-0831更新/手机相关/诺基亚.jpg,1,0.98,visual_legacy_crosscheck
20260831-54c3407d2d4d3a6775d0-01,2026-08-31,手机,device,诺基亚,点数系列,RM-975,,,开机屏好,7,元/台,,image,诺基亚.jpg,数码网报价单-0831更新/手机相关/诺基亚.jpg,1,0.98,visual_legacy_crosscheck
20260831-b8544549cf853fcdf731-01,2026-08-31,手机,device,诺基亚,点数系列,RM-975,,,开机屏坏,7,元/台,,image,诺基亚.jpg,数码网报价单-0831更新/手机相关/诺基亚.jpg,1,0.98,visual_legacy_crosscheck
20260831-c48d64099ebaa893260e-01,2026-08-31,手机,device,诺基亚,点数系列,RM-975,,,不开机,7,元/台,,image,诺基亚.jpg,数码网报价单-0831更新/手机相关/诺基亚.jpg,1,0.98,visual_legacy_crosscheck
20260831-a251bd4bcc33e90b0e2e-01,2026-08-31,手机,device,诺基亚,点数系列,RM-975,,,不开机屏好,7,元/台,,image,诺基亚.jpg,数码网报价单-0831更新/手机相关/诺基亚.jpg,1,0.98,visual_legacy_crosscheck
20260831-9e17f924928bd48a067e-01,2026-08-31,手机,device,诺基亚,点数系列,RM-949,,,开机屏好,7,元/台,,image,诺基亚.jpg,数码网报价单-0831更新/手机相关/诺基亚.jpg,1,0.98,visual_legacy_crosscheck
20260831-f5df368356faf4c421c0-01,2026-08-31,手机,device,诺基亚,点数系列,RM-949,,,开机屏坏,7,元/台,,image,诺基亚.jpg,数码网报价单-0831更新/手机相关/诺基亚.jpg,1,0.98,visual_legacy_crosscheck
20260831-8ced454567aabd6441ab-01,2026-08-31,手机,device,诺基亚,点数系列,RM-949,,,不开机,7,元/台,,image,诺基亚.jpg,数码网报价单-0831更新/手机相关/诺基亚.jpg,1,0.98,visual_legacy_crosscheck
20260831-fb559a9e480c73e48f82-01,2026-08-31,手机,device,诺基亚,点数系列,RM-949,,,不开机屏好,7,元/台,,image,诺基亚.jpg,数码网报价单-0831更新/手机相关/诺基亚.jpg,1,0.98,visual_legacy_crosscheck
20260831-af20660624703d7500c5-01,2026-08-31,手机,device,诺基亚,点数系列,RM-925,,,开机屏好,7,元/台,,image,诺基亚.jpg,数码网报价单-0831更新/手机相关/诺基亚.jpg,1,0.98,visual_legacy_crosscheck
20260831-57e91fec46acfad2ed95-01,2026-08-31,手机,device,诺基亚,点数系列,RM-925,,,开机屏坏,7,元/台,,image,诺基亚.jpg,数码网报价单-0831更新/手机相关/诺基亚.jpg,1,0.98,visual_legacy_crosscheck
20260831-4817b48c4e839149085e-01,2026-08-31,手机,device,诺基亚,点数系列,RM-925,,,不开机,7,元/台,,image,诺基亚.jpg,数码网报价单-0831更新/手机相关/诺基亚.jpg,1,0.98,visual_legacy_crosscheck
20260831-f3cba9f2d39986db5209-01,2026-08-31,手机,device,诺基亚,点数系列,RM-925,,,不开机屏好,7,元/台,,image,诺基亚.jpg,数码网报价单-0831更新/手机相关/诺基亚.jpg,1,0.98,visual_legacy_crosscheck
20260831-0fcbf805d86ba6deeb8b-01,2026-08-31,手机,device,诺基亚,点数系列,RM-908,,,开机屏好,7,元/台,,image,诺基亚.jpg,数码网报价单-0831更新/手机相关/诺基亚.jpg,1,0.98,visual_legacy_crosscheck
20260831-5c97c1971caeca81912f-01,2026-08-31,手机,device,诺基亚,点数系列,RM-908,,,开机屏坏,7,元/台,,image,诺基亚.jpg,数码网报价单-0831更新/手机相关/诺基亚.jpg,1,0.98,visual_legacy_crosscheck
20260831-6914cba2266f0a7a89c6-01,2026-08-31,手机,device,诺基亚,点数系列,RM-908,,,不开机,7,元/台,,image,诺基亚.jpg,数码网报价单-0831更新/手机相关/诺基亚.jpg,1,0.98,visual_legacy_crosscheck
20260831-2b018da8643c49043326-01,2026-08-31,手机,device,诺基亚,点数系列,RM-908,,,不开机屏好,7,元/台,,image,诺基亚.jpg,数码网报价单-0831更新/手机相关/诺基亚.jpg,1,0.98,visual_legacy_crosscheck
20260831-19bf77d24290d32f9d69-01,2026-08-31,手机,device,诺基亚,点数系列,RM-840,,,开机屏好,7,元/台,,image,诺基亚.jpg,数码网报价单-0831更新/手机相关/诺基亚.jpg,1,0.98,visual_legacy_crosscheck
20260831-c049b4b71c41fbe5a1b7-01,2026-08-31,手机,device,诺基亚,点数系列,RM-840,,,开机屏坏,7,元/台,,image,诺基亚.jpg,数码网报价单-0831更新/手机相关/诺基亚.jpg,1,0.98,visual_legacy_crosscheck
20260831-1b1e6524634c045821b9-01,2026-08-31,手机,device,诺基亚,点数系列,RM-840,,,不开机,7,元/台,,image,诺基亚.jpg,数码网报价单-0831更新/手机相关/诺基亚.jpg,1,0.98,visual_legacy_crosscheck
20260831-42dfc19d21782ca11d04-01,2026-08-31,手机,device,诺基亚,点数系列,RM-840,,,不开机屏好,7,元/台,,image,诺基亚.jpg,数码网报价单-0831更新/手机相关/诺基亚.jpg,1,0.98,visual_legacy_crosscheck
20260831-962b842a245e4c766bd5-01,2026-08-31,手机,device,诺基亚,点数系列,RM-1099,,,开机屏好,7,元/台,,image,诺基亚.jpg,数码网报价单-0831更新/手机相关/诺基亚.jpg,1,0.98,visual_legacy_crosscheck
20260831-0e11ca10245ff0dec484-01,2026-08-31,手机,device,诺基亚,点数系列,RM-1099,,,开机屏坏,7,元/台,,image,诺基亚.jpg,数码网报价单-0831更新/手机相关/诺基亚.jpg,1,0.98,visual_legacy_crosscheck
20260831-4c3d7f6fd3ade1b0b355-01,2026-08-31,手机,device,诺基亚,点数系列,RM-1099,,,不开机,7,元/台,,image,诺基亚.jpg,数码网报价单-0831更新/手机相关/诺基亚.jpg,1,0.98,visual_legacy_crosscheck
20260831-c7328a3ae392dd3fa9c4-01,2026-08-31,手机,device,诺基亚,点数系列,RM-1099,,,不开机屏好,7,元/台,,image,诺基亚.jpg,数码网报价单-0831更新/手机相关/诺基亚.jpg,1,0.98,visual_legacy_crosscheck
20260831-dd8e8eb14f007cfbe677-01,2026-08-31,手机,device,诺基亚,点数系列,1096,,,开机屏好,7,元/台,,image,诺基亚.jpg,数码网报价单-0831更新/手机相关/诺基亚.jpg,1,0.98,visual_legacy_crosscheck
20260831-7f08956b21b09e8143c5-01,2026-08-31,手机,device,诺基亚,点数系列,1096,,,开机屏坏,7,元/台,,image,诺基亚.jpg,数码网报价单-0831更新/手机相关/诺基亚.jpg,1,0.98,visual_legacy_crosscheck
20260831-40f8d42987ae8fdd42c7-01,2026-08-31,手机,device,诺基亚,点数系列,1096,,,不开机,7,元/台,,image,诺基亚.jpg,数码网报价单-0831更新/手机相关/诺基亚.jpg,1,0.98,visual_legacy_crosscheck
20260831-d2bb7952bec0406c24a4-01,2026-08-31,手机,device,诺基亚,点数系列,1096,,,不开机屏好,7,元/台,,image,诺基亚.jpg,数码网报价单-0831更新/手机相关/诺基亚.jpg,1,0.98,visual_legacy_crosscheck
20260831-af94eb743a1d0093c2ec-01,2026-08-31,手机,device,诺基亚,点数系列,1061,,,开机屏好,7,元/台,,image,诺基亚.jpg,数码网报价单-0831更新/手机相关/诺基亚.jpg,1,0.98,visual_legacy_crosscheck
20260831-719052ecac2a5dd889ed-01,2026-08-31,手机,device,诺基亚,点数系列,1061,,,开机屏坏,7,元/台,,image,诺基亚.jpg,数码网报价单-0831更新/手机相关/诺基亚.jpg,1,0.98,visual_legacy_crosscheck
20260831-12a03f8e66658d2196f4-01,2026-08-31,手机,device,诺基亚,点数系列,1061,,,不开机,7,元/台,,image,诺基亚.jpg,数码网报价单-0831更新/手机相关/诺基亚.jpg,1,0.98,visual_legacy_crosscheck
20260831-d88c77a962dd9d475cd7-01,2026-08-31,手机,device,诺基亚,点数系列,1061,,,不开机屏好,7,元/台,,image,诺基亚.jpg,数码网报价单-0831更新/手机相关/诺基亚.jpg,1,0.98,visual_legacy_crosscheck
20260831-29f0e7567662a63216c5-01,2026-08-31,手机,device,诺基亚,点数系列,RM-1035,,,开机屏好,7,元/台,,image,诺基亚.jpg,数码网报价单-0831更新/手机相关/诺基亚.jpg,1,0.98,visual_legacy_crosscheck
20260831-f2e773cc75da059a2f19-01,2026-08-31,手机,device,诺基亚,点数系列,RM-1035,,,开机屏坏,7,元/台,,image,诺基亚.jpg,数码网报价单-0831更新/手机相关/诺基亚.jpg,1,0.98,visual_legacy_crosscheck
20260831-eac5f305fbc9ed884948-01,2026-08-31,手机,device,诺基亚,点数系列,RM-1035,,,不开机,7,元/台,,image,诺基亚.jpg,数码网报价单-0831更新/手机相关/诺基亚.jpg,1,0.98,visual_legacy_crosscheck
20260831-252981febe5357dd3556-01,2026-08-31,手机,device,诺基亚,点数系列,RM-1035,,,不开机屏好,7,元/台,,image,诺基亚.jpg,数码网报价单-0831更新/手机相关/诺基亚.jpg,1,0.98,visual_legacy_crosscheck
20260831-b3b9d3aad20e87695172-01,2026-08-31,手机,device,诺基亚,点数系列,RM-1020,,,开机屏好,7,元/台,,image,诺基亚.jpg,数码网报价单-0831更新/手机相关/诺基亚.jpg,1,0.98,visual_legacy_crosscheck
20260831-dbd830dfd40967ccf50b-01,2026-08-31,手机,device,诺基亚,点数系列,RM-1020,,,开机屏坏,7,元/台,,image,诺基亚.jpg,数码网报价单-0831更新/手机相关/诺基亚.jpg,1,0.98,visual_legacy_crosscheck
20260831-173ba1a4864ddc496316-01,2026-08-31,手机,device,诺基亚,点数系列,RM-1020,,,不开机,7,元/台,,image,诺基亚.jpg,数码网报价单-0831更新/手机相关/诺基亚.jpg,1,0.98,visual_legacy_crosscheck
20260831-170c46ecbc61749292d5-01,2026-08-31,手机,device,诺基亚,点数系列,RM-1020,,,不开机屏好,7,元/台,,image,诺基亚.jpg,数码网报价单-0831更新/手机相关/诺基亚.jpg,1,0.98,visual_legacy_crosscheck
20260831-53296eb6673fa691fdcd-01,2026-08-31,手机,device,诺基亚,点数系列,N1,,,开机屏好,7,元/台,,image,诺基亚.jpg,数码网报价单-0831更新/手机相关/诺基亚.jpg,1,0.98,visual_legacy_crosscheck
20260831-b59b87cf8d407f988654-01,2026-08-31,手机,device,诺基亚,点数系列,N1,,,开机屏坏,7,元/台,,image,诺基亚.jpg,数码网报价单-0831更新/手机相关/诺基亚.jpg,1,0.98,visual_legacy_crosscheck
20260831-a5d9a4419b8ade6cda44-01,2026-08-31,手机,device,诺基亚,点数系列,N1,,,不开机,7,元/台,,image,诺基亚.jpg,数码网报价单-0831更新/手机相关/诺基亚.jpg,1,0.98,visual_legacy_crosscheck
20260831-7232503e0170719c25a2-01,2026-08-31,手机,device,诺基亚,点数系列,N1,,,不开机屏好,7,元/台,,image,诺基亚.jpg,数码网报价单-0831更新/手机相关/诺基亚.jpg,1,0.98,visual_legacy_crosscheck
20260831-c4d21382bff037e8288c-01,2026-08-31,手机,device,诺基亚,点数系列,lumia 930,,,开机屏好,7,元/台,,image,诺基亚.jpg,数码网报价单-0831更新/手机相关/诺基亚.jpg,1,0.98,visual_legacy_crosscheck
20260831-8df0deacf04eba51f91d-01,2026-08-31,手机,device,诺基亚,点数系列,lumia 930,,,开机屏坏,7,元/台,,image,诺基亚.jpg,数码网报价单-0831更新/手机相关/诺基亚.jpg,1,0.98,visual_legacy_crosscheck
20260831-1e9de432b1d63b7ad332-01,2026-08-31,手机,device,诺基亚,点数系列,lumia 930,,,不开机,7,元/台,,image,诺基亚.jpg,数码网报价单-0831更新/手机相关/诺基亚.jpg,1,0.98,visual_legacy_crosscheck
20260831-e71eabc8e5b0c0890c9c-01,2026-08-31,手机,device,诺基亚,点数系列,lumia 930,,,不开机屏好,7,元/台,,image,诺基亚.jpg,数码网报价单-0831更新/手机相关/诺基亚.jpg,1,0.98,visual_legacy_crosscheck
20260831-91e67fe032512a416c89-01,2026-08-31,手机,device,诺基亚,点数系列,lumia 830,,,开机屏好,7,元/台,,image,诺基亚.jpg,数码网报价单-0831更新/手机相关/诺基亚.jpg,1,0.98,visual_legacy_crosscheck
20260831-8eb686fdc93887756226-01,2026-08-31,手机,device,诺基亚,点数系列,lumia 830,,,开机屏坏,7,元/台,,image,诺基亚.jpg,数码网报价单-0831更新/手机相关/诺基亚.jpg,1,0.98,visual_legacy_crosscheck
20260831-cf386b87f0d647afc6b6-01,2026-08-31,手机,device,诺基亚,点数系列,lumia 830,,,不开机,7,元/台,,image,诺基亚.jpg,数码网报价单-0831更新/手机相关/诺基亚.jpg,1,0.98,visual_legacy_crosscheck
20260831-9057db17a967667f33e6-01,2026-08-31,手机,device,诺基亚,点数系列,lumia 830,,,不开机屏好,7,元/台,,image,诺基亚.jpg,数码网报价单-0831更新/手机相关/诺基亚.jpg,1,0.98,visual_legacy_crosscheck
20260831-c76356563c479ccabb99-01,2026-08-31,手机,device,诺基亚,点数系列,C2-01,,,开机屏好,7,元/台,,image,诺基亚.jpg,数码网报价单-0831更新/手机相关/诺基亚.jpg,1,0.98,visual_legacy_crosscheck
20260831-dba4694fe9ef3ee9cbed-01,2026-08-31,手机,device,诺基亚,点数系列,C2-01,,,开机屏坏,7,元/台,,image,诺基亚.jpg,数码网报价单-0831更新/手机相关/诺基亚.jpg,1,0.98,visual_legacy_crosscheck
20260831-0cd881f3a8c9b633e065-01,2026-08-31,手机,device,诺基亚,点数系列,C2-01,,,不开机,7,元/台,,image,诺基亚.jpg,数码网报价单-0831更新/手机相关/诺基亚.jpg,1,0.98,visual_legacy_crosscheck
20260831-12f8e750513964447dab-01,2026-08-31,手机,device,诺基亚,点数系列,C2-01,,,不开机屏好,7,元/台,,image,诺基亚.jpg,数码网报价单-0831更新/手机相关/诺基亚.jpg,1,0.98,visual_legacy_crosscheck
20260831-8dc2a3576429d76b9390-01,2026-08-31,手机,device,诺基亚,点数系列,950xl,,,开机屏好,7,元/台,,image,诺基亚.jpg,数码网报价单-0831更新/手机相关/诺基亚.jpg,1,0.98,visual_legacy_crosscheck
20260831-77dc536d32f3a162848a-01,2026-08-31,手机,device,诺基亚,点数系列,950xl,,,开机屏坏,7,元/台,,image,诺基亚.jpg,数码网报价单-0831更新/手机相关/诺基亚.jpg,1,0.98,visual_legacy_crosscheck
20260831-fd1818c56661ca129978-01,2026-08-31,手机,device,诺基亚,点数系列,950xl,,,不开机,7,元/台,,image,诺基亚.jpg,数码网报价单-0831更新/手机相关/诺基亚.jpg,1,0.98,visual_legacy_crosscheck
20260831-50f4880c6d9b95195ff3-01,2026-08-31,手机,device,诺基亚,点数系列,950xl,,,不开机屏好,7,元/台,,image,诺基亚.jpg,数码网报价单-0831更新/手机相关/诺基亚.jpg,1,0.98,visual_legacy_crosscheck
20260831-219e650dba3ebbd0dde3-01,2026-08-31,手机,device,诺基亚,点数系列,950ds,,,开机屏好,7,元/台,,image,诺基亚.jpg,数码网报价单-0831更新/手机相关/诺基亚.jpg,1,0.98,visual_legacy_crosscheck
20260831-03374d997a2f5219d997-01,2026-08-31,手机,device,诺基亚,点数系列,950ds,,,开机屏坏,7,元/台,,image,诺基亚.jpg,数码网报价单-0831更新/手机相关/诺基亚.jpg,1,0.98,visual_legacy_crosscheck
20260831-a13a23fc270145616c39-01,2026-08-31,手机,device,诺基亚,点数系列,950ds,,,不开机,7,元/台,,image,诺基亚.jpg,数码网报价单-0831更新/手机相关/诺基亚.jpg,1,0.98,visual_legacy_crosscheck
20260831-864576befc571b60e976-01,2026-08-31,手机,device,诺基亚,点数系列,950ds,,,不开机屏好,7,元/台,,image,诺基亚.jpg,数码网报价单-0831更新/手机相关/诺基亚.jpg,1,0.98,visual_legacy_crosscheck
20260831-a87b5e655a62bd3ffb19-01,2026-08-31,手机,device,诺基亚,点数系列,920T,,,开机屏好,7,元/台,,image,诺基亚.jpg,数码网报价单-0831更新/手机相关/诺基亚.jpg,1,0.98,visual_legacy_crosscheck
20260831-427a2c11472f9a3137be-01,2026-08-31,手机,device,诺基亚,点数系列,920T,,,开机屏坏,7,元/台,,image,诺基亚.jpg,数码网报价单-0831更新/手机相关/诺基亚.jpg,1,0.98,visual_legacy_crosscheck
20260831-9c60ddc989e482420133-01,2026-08-31,手机,device,诺基亚,点数系列,920T,,,不开机,7,元/台,,image,诺基亚.jpg,数码网报价单-0831更新/手机相关/诺基亚.jpg,1,0.98,visual_legacy_crosscheck
20260831-1cfbb39337a4b309266d-01,2026-08-31,手机,device,诺基亚,点数系列,920T,,,不开机屏好,7,元/台,,image,诺基亚.jpg,数码网报价单-0831更新/手机相关/诺基亚.jpg,1,0.98,visual_legacy_crosscheck
20260831-f91ac6fa9257abb17047-01,2026-08-31,手机,device,诺基亚,点数系列,1520,,,开机屏好,7,元/台,,image,诺基亚.jpg,数码网报价单-0831更新/手机相关/诺基亚.jpg,1,0.98,visual_legacy_crosscheck
20260831-b8c0affa8d18e550bb01-01,2026-08-31,手机,device,诺基亚,点数系列,1520,,,开机屏坏,7,元/台,,image,诺基亚.jpg,数码网报价单-0831更新/手机相关/诺基亚.jpg,1,0.98,visual_legacy_crosscheck
20260831-72689079154b647b7f7f-01,2026-08-31,手机,device,诺基亚,点数系列,1520,,,不开机,7,元/台,,image,诺基亚.jpg,数码网报价单-0831更新/手机相关/诺基亚.jpg,1,0.98,visual_legacy_crosscheck
20260831-d9ec704657d2e63b5edb-01,2026-08-31,手机,device,诺基亚,点数系列,1520,,,不开机屏好,7,元/台,,image,诺基亚.jpg,数码网报价单-0831更新/手机相关/诺基亚.jpg,1,0.98,visual_legacy_crosscheck
20260831-ba3b340b4201a1645c3d-01,2026-08-31,手机,device,诺基亚,点数系列,1320,,,开机屏好,7,元/台,,image,诺基亚.jpg,数码网报价单-0831更新/手机相关/诺基亚.jpg,1,0.98,visual_legacy_crosscheck
20260831-74a57b2dd20ec5eb1bf0-01,2026-08-31,手机,device,诺基亚,点数系列,1320,,,开机屏坏,7,元/台,,image,诺基亚.jpg,数码网报价单-0831更新/手机相关/诺基亚.jpg,1,0.98,visual_legacy_crosscheck
20260831-a89784f93a1e8211cd2f-01,2026-08-31,手机,device,诺基亚,点数系列,1320,,,不开机,7,元/台,,image,诺基亚.jpg,数码网报价单-0831更新/手机相关/诺基亚.jpg,1,0.98,visual_legacy_crosscheck
20260831-1d38cdb09d42c38c5ef3-01,2026-08-31,手机,device,诺基亚,点数系列,1320,,,不开机屏好,7,元/台,,image,诺基亚.jpg,数码网报价单-0831更新/手机相关/诺基亚.jpg,1,0.98,visual_legacy_crosscheck
20260831-f03ed1f833b57161d584-01,2026-08-31,手机,device,诺基亚,点数系列,1280,,,开机屏好,6,元/台,,image,诺基亚.jpg,数码网报价单-0831更新/手机相关/诺基亚.jpg,1,0.98,visual_legacy_crosscheck
20260831-1462c30bf1d4bd9b1df5-01,2026-08-31,手机,device,诺基亚,点数系列,1280,,,开机屏坏,6,元/台,,image,诺基亚.jpg,数码网报价单-0831更新/手机相关/诺基亚.jpg,1,0.98,visual_legacy_crosscheck
20260831-fdc371a1edce8c8e3621-01,2026-08-31,手机,device,诺基亚,点数系列,1280,,,不开机,6,元/台,,image,诺基亚.jpg,数码网报价单-0831更新/手机相关/诺基亚.jpg,1,0.98,visual_legacy_crosscheck
20260831-74a2b8ee33efc494fb8f-01,2026-08-31,手机,device,诺基亚,点数系列,1280,,,不开机屏好,6,元/台,,image,诺基亚.jpg,数码网报价单-0831更新/手机相关/诺基亚.jpg,1,0.98,visual_legacy_crosscheck
20260831-df0c4cb8b46e73d141c8-01,2026-08-31,手机,device,诺基亚,点数系列,1200,,,开机屏好,9,元/台,,image,诺基亚.jpg,数码网报价单-0831更新/手机相关/诺基亚.jpg,1,0.98,visual_legacy_crosscheck
20260831-9f9de8ff09739c4124db-01,2026-08-31,手机,device,诺基亚,点数系列,1200,,,开机屏坏,9,元/台,,image,诺基亚.jpg,数码网报价单-0831更新/手机相关/诺基亚.jpg,1,0.98,visual_legacy_crosscheck
20260831-2f16f333d28230dfa44c-01,2026-08-31,手机,device,诺基亚,点数系列,1200,,,不开机,9,元/台,,image,诺基亚.jpg,数码网报价单-0831更新/手机相关/诺基亚.jpg,1,0.98,visual_legacy_crosscheck
20260831-f81390a9e9657fc4aba6-01,2026-08-31,手机,device,诺基亚,点数系列,1200,,,不开机屏好,9,元/台,,image,诺基亚.jpg,数码网报价单-0831更新/手机相关/诺基亚.jpg,1,0.98,visual_legacy_crosscheck
20260831-304749e9b17e5fda8b49-01,2026-08-31,手机,device,诺基亚,点数系列,1126,,,开机屏好,7,元/台,,image,诺基亚.jpg,数码网报价单-0831更新/手机相关/诺基亚.jpg,1,0.98,visual_legacy_crosscheck
20260831-013f755d5f8db52be279-01,2026-08-31,手机,device,诺基亚,点数系列,1126,,,开机屏坏,7,元/台,,image,诺基亚.jpg,数码网报价单-0831更新/手机相关/诺基亚.jpg,1,0.98,visual_legacy_crosscheck
20260831-240df5fa6de7b46aee33-01,2026-08-31,手机,device,诺基亚,点数系列,1126,,,不开机,7,元/台,,image,诺基亚.jpg,数码网报价单-0831更新/手机相关/诺基亚.jpg,1,0.98,visual_legacy_crosscheck
20260831-6f06fa60989152efb8fa-01,2026-08-31,手机,device,诺基亚,点数系列,1126,,,不开机屏好,7,元/台,,image,诺基亚.jpg,数码网报价单-0831更新/手机相关/诺基亚.jpg,1,0.98,visual_legacy_crosscheck
20260831-8e3ae63b439a8072a2b1-01,2026-08-31,手机,device,诺基亚,点数系列,1113,,,开机屏好,7,元/台,,image,诺基亚.jpg,数码网报价单-0831更新/手机相关/诺基亚.jpg,1,0.98,visual_legacy_crosscheck
20260831-eb7c62a36edb95e5a02f-01,2026-08-31,手机,device,诺基亚,点数系列,1113,,,开机屏坏,7,元/台,,image,诺基亚.jpg,数码网报价单-0831更新/手机相关/诺基亚.jpg,1,0.98,visual_legacy_crosscheck
20260831-8b2437580efe6933a7f4-01,2026-08-31,手机,device,诺基亚,点数系列,1113,,,不开机,7,元/台,,image,诺基亚.jpg,数码网报价单-0831更新/手机相关/诺基亚.jpg,1,0.98,visual_legacy_crosscheck
20260831-db965b7f7dc2058cf9b7-01,2026-08-31,手机,device,诺基亚,点数系列,1113,,,不开机屏好,7,元/台,,image,诺基亚.jpg,数码网报价单-0831更新/手机相关/诺基亚.jpg,1,0.98,visual_legacy_crosscheck
20260831-f52dbb21591af26812ae-01,2026-08-31,手机,device,诺基亚,点数系列,1085,,,开机屏好,7,元/台,,image,诺基亚.jpg,数码网报价单-0831更新/手机相关/诺基亚.jpg,1,0.98,visual_legacy_crosscheck
20260831-82ecfc2d407d9124ce7b-01,2026-08-31,手机,device,诺基亚,点数系列,1085,,,开机屏坏,7,元/台,,image,诺基亚.jpg,数码网报价单-0831更新/手机相关/诺基亚.jpg,1,0.98,visual_legacy_crosscheck
20260831-1b7091c6f50f99a35c0d-01,2026-08-31,手机,device,诺基亚,点数系列,1085,,,不开机,7,元/台,,image,诺基亚.jpg,数码网报价单-0831更新/手机相关/诺基亚.jpg,1,0.98,visual_legacy_crosscheck
20260831-fd8a9be5927980e88884-01,2026-08-31,手机,device,诺基亚,点数系列,1085,,,不开机屏好,7,元/台,,image,诺基亚.jpg,数码网报价单-0831更新/手机相关/诺基亚.jpg,1,0.98,visual_legacy_crosscheck
20260831-0d70ae66cc222e1b79fc-01,2026-08-31,手机,device,诺基亚,点数系列,1030,,,开机屏好,7,元/台,,image,诺基亚.jpg,数码网报价单-0831更新/手机相关/诺基亚.jpg,1,0.98,visual_legacy_crosscheck
20260831-0be764cf323412562b8a-01,2026-08-31,手机,device,诺基亚,点数系列,1030,,,开机屏坏,7,元/台,,image,诺基亚.jpg,数码网报价单-0831更新/手机相关/诺基亚.jpg,1,0.98,visual_legacy_crosscheck
20260831-445bd059d3b6ba44a764-01,2026-08-31,手机,device,诺基亚,点数系列,1030,,,不开机,7,元/台,,image,诺基亚.jpg,数码网报价单-0831更新/手机相关/诺基亚.jpg,1,0.98,visual_legacy_crosscheck
20260831-589887bc18c485c743c5-01,2026-08-31,手机,device,诺基亚,点数系列,1030,,,不开机屏好,7,元/台,,image,诺基亚.jpg,数码网报价单-0831更新/手机相关/诺基亚.jpg,1,0.98,visual_legacy_crosscheck
20260831-a72a24c68325308bbbc5-01,2026-08-31,手机,device,诺基亚,点数系列,929,,,开机屏好,7,元/台,,image,诺基亚.jpg,数码网报价单-0831更新/手机相关/诺基亚.jpg,1,0.98,visual_legacy_crosscheck
20260831-eda9669db9572132e78a-01,2026-08-31,手机,device,诺基亚,点数系列,929,,,开机屏坏,7,元/台,,image,诺基亚.jpg,数码网报价单-0831更新/手机相关/诺基亚.jpg,1,0.98,visual_legacy_crosscheck
20260831-e9e7f354b43a300a0582-01,2026-08-31,手机,device,诺基亚,点数系列,929,,,不开机,7,元/台,,image,诺基亚.jpg,数码网报价单-0831更新/手机相关/诺基亚.jpg,1,0.98,visual_legacy_crosscheck
20260831-031f57be2b34fbf5c7ec-01,2026-08-31,手机,device,诺基亚,点数系列,929,,,不开机屏好,7,元/台,,image,诺基亚.jpg,数码网报价单-0831更新/手机相关/诺基亚.jpg,1,0.98,visual_legacy_crosscheck
20260831-82c2f746721512558efd-01,2026-08-31,手机,device,诺基亚,点数系列,822,,,开机屏好,7,元/台,,image,诺基亚.jpg,数码网报价单-0831更新/手机相关/诺基亚.jpg,1,0.98,visual_legacy_crosscheck
20260831-1f6a8208a7716d502910-01,2026-08-31,手机,device,诺基亚,点数系列,822,,,开机屏坏,7,元/台,,image,诺基亚.jpg,数码网报价单-0831更新/手机相关/诺基亚.jpg,1,0.98,visual_legacy_crosscheck
20260831-b694bd8b4bc95a77e379-01,2026-08-31,手机,device,诺基亚,点数系列,822,,,不开机,7,元/台,,image,诺基亚.jpg,数码网报价单-0831更新/手机相关/诺基亚.jpg,1,0.98,visual_legacy_crosscheck
20260831-ab6b5ed7467e4d615176-01,2026-08-31,手机,device,诺基亚,点数系列,822,,,不开机屏好,7,元/台,,image,诺基亚.jpg,数码网报价单-0831更新/手机相关/诺基亚.jpg,1,0.98,visual_legacy_crosscheck
20260831-3d6970a9714bf56f4a88-01,2026-08-31,手机,device,诺基亚,点数系列,820,,,开机屏好,7,元/台,,image,诺基亚.jpg,数码网报价单-0831更新/手机相关/诺基亚.jpg,1,0.98,visual_legacy_crosscheck
20260831-158933ea44180aaaa760-01,2026-08-31,手机,device,诺基亚,点数系列,820,,,开机屏坏,7,元/台,,image,诺基亚.jpg,数码网报价单-0831更新/手机相关/诺基亚.jpg,1,0.98,visual_legacy_crosscheck
20260831-b8a31b8cd4622e93337f-01,2026-08-31,手机,device,诺基亚,点数系列,820,,,不开机,7,元/台,,image,诺基亚.jpg,数码网报价单-0831更新/手机相关/诺基亚.jpg,1,0.98,visual_legacy_crosscheck
20260831-135696762a4888616ae6-01,2026-08-31,手机,device,诺基亚,点数系列,820,,,不开机屏好,7,元/台,,image,诺基亚.jpg,数码网报价单-0831更新/手机相关/诺基亚.jpg,1,0.98,visual_legacy_crosscheck
20260831-72c7a47b540a40e95351-01,2026-08-31,手机,device,诺基亚,点数系列,700,,,开机屏好,7,元/台,,image,诺基亚.jpg,数码网报价单-0831更新/手机相关/诺基亚.jpg,1,0.98,visual_legacy_crosscheck
20260831-344477bb3b6c77ad3ee5-01,2026-08-31,手机,device,诺基亚,点数系列,700,,,开机屏坏,7,元/台,,image,诺基亚.jpg,数码网报价单-0831更新/手机相关/诺基亚.jpg,1,0.98,visual_legacy_crosscheck
20260831-6a2ca6f11bbc3427ff24-01,2026-08-31,手机,device,诺基亚,点数系列,700,,,不开机,7,元/台,,image,诺基亚.jpg,数码网报价单-0831更新/手机相关/诺基亚.jpg,1,0.98,visual_legacy_crosscheck
20260831-2819695eb9988beb65ce-01,2026-08-31,手机,device,诺基亚,点数系列,700,,,不开机屏好,7,元/台,,image,诺基亚.jpg,数码网报价单-0831更新/手机相关/诺基亚.jpg,1,0.98,visual_legacy_crosscheck
20260831-0e2bbd8a8901a05f0021-01,2026-08-31,手机,device,诺基亚,点数系列,650,,,开机屏好,7,元/台,,image,诺基亚.jpg,数码网报价单-0831更新/手机相关/诺基亚.jpg,1,0.98,visual_legacy_crosscheck
20260831-6b5ca25fb0bd3d38c079-01,2026-08-31,手机,device,诺基亚,点数系列,650,,,开机屏坏,7,元/台,,image,诺基亚.jpg,数码网报价单-0831更新/手机相关/诺基亚.jpg,1,0.98,visual_legacy_crosscheck
20260831-77849d3b3ab95f4a4007-01,2026-08-31,手机,device,诺基亚,点数系列,650,,,不开机,7,元/台,,image,诺基亚.jpg,数码网报价单-0831更新/手机相关/诺基亚.jpg,1,0.98,visual_legacy_crosscheck
20260831-9afcb146295885d3e052-01,2026-08-31,手机,device,诺基亚,点数系列,650,,,不开机屏好,7,元/台,,image,诺基亚.jpg,数码网报价单-0831更新/手机相关/诺基亚.jpg,1,0.98,visual_legacy_crosscheck
20260831-e0492560398404403a0e-01,2026-08-31,手机,device,诺基亚,点数系列,640,,,开机屏好,7,元/台,,image,诺基亚.jpg,数码网报价单-0831更新/手机相关/诺基亚.jpg,1,0.98,visual_legacy_crosscheck
20260831-176704e65084f5a821f3-01,2026-08-31,手机,device,诺基亚,点数系列,640,,,开机屏坏,7,元/台,,image,诺基亚.jpg,数码网报价单-0831更新/手机相关/诺基亚.jpg,1,0.98,visual_legacy_crosscheck
20260831-ba3f837021cd6fd0798c-01,2026-08-31,手机,device,诺基亚,点数系列,640,,,不开机,7,元/台,,image,诺基亚.jpg,数码网报价单-0831更新/手机相关/诺基亚.jpg,1,0.98,visual_legacy_crosscheck
20260831-2d72d231173e9c57d8cc-01,2026-08-31,手机,device,诺基亚,点数系列,640,,,不开机屏好,7,元/台,,image,诺基亚.jpg,数码网报价单-0831更新/手机相关/诺基亚.jpg,1,0.98,visual_legacy_crosscheck
20260831-4b0a4e0069fd9f6a589f-01,2026-08-31,手机,device,诺基亚,点数系列,625,,,开机屏好,6,元/台,,image,诺基亚.jpg,数码网报价单-0831更新/手机相关/诺基亚.jpg,1,0.98,visual_legacy_crosscheck
20260831-3b74b83344418e1b5bec-01,2026-08-31,手机,device,诺基亚,点数系列,625,,,开机屏坏,6,元/台,,image,诺基亚.jpg,数码网报价单-0831更新/手机相关/诺基亚.jpg,1,0.98,visual_legacy_crosscheck
20260831-1d1fbd1b2b08fd7c73f8-01,2026-08-31,手机,device,诺基亚,点数系列,625,,,不开机,6,元/台,,image,诺基亚.jpg,数码网报价单-0831更新/手机相关/诺基亚.jpg,1,0.98,visual_legacy_crosscheck
20260831-df2e35b8cd8d25ffb40a-01,2026-08-31,手机,device,诺基亚,点数系列,625,,,不开机屏好,6,元/台,,image,诺基亚.jpg,数码网报价单-0831更新/手机相关/诺基亚.jpg,1,0.98,visual_legacy_crosscheck
20260831-01b84488ce8998af7c5d-01,2026-08-31,手机,device,诺基亚,点数系列,515,,,开机屏好,7,元/台,,image,诺基亚.jpg,数码网报价单-0831更新/手机相关/诺基亚.jpg,1,0.98,visual_legacy_crosscheck
20260831-904ea5a3e925618c8838-01,2026-08-31,手机,device,诺基亚,点数系列,515,,,开机屏坏,7,元/台,,image,诺基亚.jpg,数码网报价单-0831更新/手机相关/诺基亚.jpg,1,0.98,visual_legacy_crosscheck
20260831-12dab97b54e56b212556-01,2026-08-31,手机,device,诺基亚,点数系列,515,,,不开机,7,元/台,,image,诺基亚.jpg,数码网报价单-0831更新/手机相关/诺基亚.jpg,1,0.98,visual_legacy_crosscheck
20260831-2685f24aa552abe7ebec-01,2026-08-31,手机,device,诺基亚,点数系列,515,,,不开机屏好,7,元/台,,image,诺基亚.jpg,数码网报价单-0831更新/手机相关/诺基亚.jpg,1,0.98,visual_legacy_crosscheck
20260831-2eddd0dc782e7ff7adf2-01,2026-08-31,手机,device,诺基亚,点数系列,435,,,开机屏好,7,元/台,,image,诺基亚.jpg,数码网报价单-0831更新/手机相关/诺基亚.jpg,1,0.98,visual_legacy_crosscheck
20260831-5773fa3ae5b257d5ddb2-01,2026-08-31,手机,device,诺基亚,点数系列,435,,,开机屏坏,7,元/台,,image,诺基亚.jpg,数码网报价单-0831更新/手机相关/诺基亚.jpg,1,0.98,visual_legacy_crosscheck
20260831-6e9bd6b562b21e81a3de-01,2026-08-31,手机,device,诺基亚,点数系列,435,,,不开机,7,元/台,,image,诺基亚.jpg,数码网报价单-0831更新/手机相关/诺基亚.jpg,1,0.98,visual_legacy_crosscheck
20260831-c9adeb5dd0496e160abb-01,2026-08-31,手机,device,诺基亚,点数系列,435,,,不开机屏好,7,元/台,,image,诺基亚.jpg,数码网报价单-0831更新/手机相关/诺基亚.jpg,1,0.98,visual_legacy_crosscheck
20260831-8a90e1f815476beb514b-01,2026-08-31,手机,device,中兴,综合/旗舰,中兴40 U,,,开机屏好,200,元/台,,image,中兴.jpg,数码网报价单-0831更新/手机相关/中兴.jpg,1,0.98,visual_legacy_crosscheck
20260831-8af4ba388e48785363da-01,2026-08-31,手机,device,中兴,综合/旗舰,中兴40 U,,,开机屏坏,170,元/台,,image,中兴.jpg,数码网报价单-0831更新/手机相关/中兴.jpg,1,0.98,visual_legacy_crosscheck
20260831-04d77db121eddf91e9ef-01,2026-08-31,手机,device,中兴,综合/旗舰,中兴40 U,,,不开机,150,元/台,,image,中兴.jpg,数码网报价单-0831更新/手机相关/中兴.jpg,1,0.98,visual_legacy_crosscheck
20260831-154dd7b5630dcf68e484-01,2026-08-31,手机,device,中兴,综合/旗舰,中兴40 U,,,废板-整机,100,元/台,,image,中兴.jpg,数码网报价单-0831更新/手机相关/中兴.jpg,1,0.98,visual_legacy_crosscheck
20260831-a4e3b8e710db912d9303-01,2026-08-31,手机,device,中兴,综合/旗舰,40 Pro,,,开机屏好,150,元/台,,image,中兴.jpg,数码网报价单-0831更新/手机相关/中兴.jpg,1,0.98,visual_legacy_crosscheck
20260831-bbce2d8815e1b328e90d-01,2026-08-31,手机,device,中兴,综合/旗舰,40 Pro,,,开机屏坏,130,元/台,,image,中兴.jpg,数码网报价单-0831更新/手机相关/中兴.jpg,1,0.98,visual_legacy_crosscheck
20260831-3cfc488c379f1958ffc1-01,2026-08-31,手机,device,中兴,综合/旗舰,40 Pro,,,不开机,100,元/台,,image,中兴.jpg,数码网报价单-0831更新/手机相关/中兴.jpg,1,0.98,visual_legacy_crosscheck
20260831-1552ce91446d8db4a5e3-01,2026-08-31,手机,device,中兴,综合/旗舰,40 Pro,,,废板-整机,100,元/台,,image,中兴.jpg,数码网报价单-0831更新/手机相关/中兴.jpg,1,0.98,visual_legacy_crosscheck
20260831-b18f9576be8ef61a363f-01,2026-08-31,手机,device,中兴,综合/旗舰,30 U,,,开机屏好,110,元/台,,image,中兴.jpg,数码网报价单-0831更新/手机相关/中兴.jpg,1,0.98,visual_legacy_crosscheck
20260831-d413edcc89e7c6135d10-01,2026-08-31,手机,device,中兴,综合/旗舰,30 U,,,开机屏坏,110,元/台,,image,中兴.jpg,数码网报价单-0831更新/手机相关/中兴.jpg,1,0.98,visual_legacy_crosscheck
20260831-f9da7541c771e09fc529-01,2026-08-31,手机,device,中兴,综合/旗舰,30 U,,,不开机,110,元/台,,image,中兴.jpg,数码网报价单-0831更新/手机相关/中兴.jpg,1,0.98,visual_legacy_crosscheck
20260831-209de57b4ff7f70893b1-01,2026-08-31,手机,device,中兴,综合/旗舰,30 U,,,废板-整机,110,元/台,,image,中兴.jpg,数码网报价单-0831更新/手机相关/中兴.jpg,1,0.98,visual_legacy_crosscheck
20260831-3a875d63f83e82b434ce-01,2026-08-31,手机,device,中兴,综合/旗舰,30 PRO,,,开机屏好,110,元/台,,image,中兴.jpg,数码网报价单-0831更新/手机相关/中兴.jpg,1,0.98,visual_legacy_crosscheck
20260831-86ef5edf0e3b20f560c3-01,2026-08-31,手机,device,中兴,综合/旗舰,30 PRO,,,开机屏坏,110,元/台,,image,中兴.jpg,数码网报价单-0831更新/手机相关/中兴.jpg,1,0.98,visual_legacy_crosscheck
20260831-f13ef37ba61af34f3479-01,2026-08-31,手机,device,中兴,综合/旗舰,30 PRO,,,不开机,110,元/台,,image,中兴.jpg,数码网报价单-0831更新/手机相关/中兴.jpg,1,0.98,visual_legacy_crosscheck
20260831-6ec8775473bace5c6473-01,2026-08-31,手机,device,中兴,综合/旗舰,30 PRO,,,废板-整机,110,元/台,,image,中兴.jpg,数码网报价单-0831更新/手机相关/中兴.jpg,1,0.98,visual_legacy_crosscheck
20260831-272538363ae16a92ef91-01,2026-08-31,手机,device,中兴,综合/旗舰,20PRO,,,开机屏好,110,元/台,,image,中兴.jpg,数码网报价单-0831更新/手机相关/中兴.jpg,1,0.98,visual_legacy_crosscheck
20260831-4d30e3d9cc69bbd43cba-01,2026-08-31,手机,device,中兴,综合/旗舰,20PRO,,,开机屏坏,110,元/台,,image,中兴.jpg,数码网报价单-0831更新/手机相关/中兴.jpg,1,0.98,visual_legacy_crosscheck
20260831-028911a870cfee369d76-01,2026-08-31,手机,device,中兴,综合/旗舰,20PRO,,,不开机,110,元/台,,image,中兴.jpg,数码网报价单-0831更新/手机相关/中兴.jpg,1,0.98,visual_legacy_crosscheck
20260831-1446f6bcf8efb6d1a698-01,2026-08-31,手机,device,中兴,综合/旗舰,20PRO,,,废板-整机,110,元/台,,image,中兴.jpg,数码网报价单-0831更新/手机相关/中兴.jpg,1,0.98,visual_legacy_crosscheck
20260831-7a7ca5f55ad3ed9ff37d-01,2026-08-31,手机,device,中兴,综合/旗舰,S30PRO 5G,,,开机屏好,110,元/台,,image,中兴.jpg,数码网报价单-0831更新/手机相关/中兴.jpg,1,0.98,visual_legacy_crosscheck
20260831-7935227ad32de1734b4e-01,2026-08-31,手机,device,中兴,综合/旗舰,S30PRO 5G,,,开机屏坏,110,元/台,,image,中兴.jpg,数码网报价单-0831更新/手机相关/中兴.jpg,1,0.98,visual_legacy_crosscheck
20260831-905d483399763f8dc758-01,2026-08-31,手机,device,中兴,综合/旗舰,S30PRO 5G,,,不开机,110,元/台,,image,中兴.jpg,数码网报价单-0831更新/手机相关/中兴.jpg,1,0.98,visual_legacy_crosscheck
20260831-8968075658fe188a2d9e-01,2026-08-31,手机,device,中兴,综合/旗舰,S30PRO 5G,,,废板-整机,110,元/台,,image,中兴.jpg,数码网报价单-0831更新/手机相关/中兴.jpg,1,0.98,visual_legacy_crosscheck
20260831-1560668e030780173400-01,2026-08-31,手机,device,中兴,天机/远航,天机AXO20,,,开机屏好,110,元/台,,image,中兴.jpg,数码网报价单-0831更新/手机相关/中兴.jpg,1,0.98,visual_legacy_crosscheck
20260831-d8e3f47c9cbaf50adcd0-01,2026-08-31,手机,device,中兴,天机/远航,天机AXO20,,,开机屏坏,110,元/台,,image,中兴.jpg,数码网报价单-0831更新/手机相关/中兴.jpg,1,0.98,visual_legacy_crosscheck
20260831-146e31d8154ef4410c53-01,2026-08-31,手机,device,中兴,天机/远航,天机AXO20,,,不开机,110,元/台,,image,中兴.jpg,数码网报价单-0831更新/手机相关/中兴.jpg,1,0.98,visual_legacy_crosscheck
20260831-4d48bd5f32fb498e12ff-01,2026-08-31,手机,device,中兴,天机/远航,天机AXO20,,,废板-整机,110,元/台,,image,中兴.jpg,数码网报价单-0831更新/手机相关/中兴.jpg,1,0.98,visual_legacy_crosscheck
20260831-5801f879f4b76fc1b543-01,2026-08-31,手机,device,中兴,天机/远航,天机30,,,开机屏好,110,元/台,,image,中兴.jpg,数码网报价单-0831更新/手机相关/中兴.jpg,1,0.98,visual_legacy_crosscheck
20260831-e12fd6658cbfc691ab77-01,2026-08-31,手机,device,中兴,天机/远航,天机30,,,开机屏坏,110,元/台,,image,中兴.jpg,数码网报价单-0831更新/手机相关/中兴.jpg,1,0.98,visual_legacy_crosscheck
20260831-94e119969e3c17d9fdcc-01,2026-08-31,手机,device,中兴,天机/远航,天机30,,,不开机,110,元/台,,image,中兴.jpg,数码网报价单-0831更新/手机相关/中兴.jpg,1,0.98,visual_legacy_crosscheck
20260831-ed91d849fc9646504818-01,2026-08-31,手机,device,中兴,天机/远航,天机30,,,废板-整机,110,元/台,,image,中兴.jpg,数码网报价单-0831更新/手机相关/中兴.jpg,1,0.98,visual_legacy_crosscheck
20260831-eda72778030951d91013-01,2026-08-31,手机,device,中兴,天机/远航,天机10Pro5G,,,开机屏好,70,元/台,,image,中兴.jpg,数码网报价单-0831更新/手机相关/中兴.jpg,1,0.98,visual_legacy_crosscheck
20260831-9785f7564bd879169e2a-01,2026-08-31,手机,device,中兴,天机/远航,天机10Pro5G,,,开机屏坏,70,元/台,,image,中兴.jpg,数码网报价单-0831更新/手机相关/中兴.jpg,1,0.98,visual_legacy_crosscheck
20260831-8eaa28a122cb852ed4d5-01,2026-08-31,手机,device,中兴,天机/远航,天机10Pro5G,,,不开机,70,元/台,,image,中兴.jpg,数码网报价单-0831更新/手机相关/中兴.jpg,1,0.98,visual_legacy_crosscheck
20260831-5555158fe55a0cc95730-01,2026-08-31,手机,device,中兴,天机/远航,天机10Pro5G,,,废板-整机,70,元/台,,image,中兴.jpg,数码网报价单-0831更新/手机相关/中兴.jpg,1,0.98,visual_legacy_crosscheck
20260831-cfe6cf400fa4618cc62c-01,2026-08-31,手机,device,中兴,天机/远航,远航41s,,,开机屏好,110,元/台,,image,中兴.jpg,数码网报价单-0831更新/手机相关/中兴.jpg,1,0.98,visual_legacy_crosscheck
20260831-c7175f348a8852554020-01,2026-08-31,手机,device,中兴,天机/远航,远航41s,,,开机屏坏,110,元/台,,image,中兴.jpg,数码网报价单-0831更新/手机相关/中兴.jpg,1,0.98,visual_legacy_crosscheck
20260831-7bdf5d0198ad03a9d5d9-01,2026-08-31,手机,device,中兴,天机/远航,远航41s,,,不开机,110,元/台,,image,中兴.jpg,数码网报价单-0831更新/手机相关/中兴.jpg,1,0.98,visual_legacy_crosscheck
20260831-8972708d2609e5d12acd-01,2026-08-31,手机,device,中兴,天机/远航,远航41s,,,废板-整机,110,元/台,,image,中兴.jpg,数码网报价单-0831更新/手机相关/中兴.jpg,1,0.98,visual_legacy_crosscheck
20260831-c48a6efb5ca7ba175163-01,2026-08-31,手机,device,中兴,天机/远航,远航41,,,开机屏好,110,元/台,,image,中兴.jpg,数码网报价单-0831更新/手机相关/中兴.jpg,1,0.98,visual_legacy_crosscheck
20260831-d63851d25a73e11c1ab5-01,2026-08-31,手机,device,中兴,天机/远航,远航41,,,开机屏坏,110,元/台,,image,中兴.jpg,数码网报价单-0831更新/手机相关/中兴.jpg,1,0.98,visual_legacy_crosscheck
20260831-8319207e0f4c02614e1a-01,2026-08-31,手机,device,中兴,天机/远航,远航41,,,不开机,110,元/台,,image,中兴.jpg,数码网报价单-0831更新/手机相关/中兴.jpg,1,0.98,visual_legacy_crosscheck
20260831-e441e1a8d796019f58e9-01,2026-08-31,手机,device,中兴,天机/远航,远航41,,,废板-整机,110,元/台,,image,中兴.jpg,数码网报价单-0831更新/手机相关/中兴.jpg,1,0.98,visual_legacy_crosscheck
20260831-c743cc9800cee8289b8b-01,2026-08-31,手机,device,中兴,天机/远航,远航10,,,开机屏好,110,元/台,震动亮屏为开机,image,中兴.jpg,数码网报价单-0831更新/手机相关/中兴.jpg,1,0.98,visual_legacy_crosscheck
20260831-d12ec53b0e73c4afe9c1-01,2026-08-31,手机,device,中兴,天机/远航,远航10,,,开机屏坏,110,元/台,震动亮屏为开机,image,中兴.jpg,数码网报价单-0831更新/手机相关/中兴.jpg,1,0.98,visual_legacy_crosscheck
20260831-e6912c2b026d5a5061ab-01,2026-08-31,手机,device,中兴,天机/远航,远航10,,,不开机,110,元/台,震动亮屏为开机,image,中兴.jpg,数码网报价单-0831更新/手机相关/中兴.jpg,1,0.98,visual_legacy_crosscheck
20260831-99f36aa3a8383e628d90-01,2026-08-31,手机,device,中兴,天机/远航,远航10,,,废板-整机,110,元/台,震动亮屏为开机,image,中兴.jpg,数码网报价单-0831更新/手机相关/中兴.jpg,1,0.98,visual_legacy_crosscheck
20260831-270cdcd3118ce277a62a-01,2026-08-31,手机,device,中兴,天机/远航/畅行,远航30,,,开机屏好,110,元/台,,image,中兴.jpg,数码网报价单-0831更新/手机相关/中兴.jpg,1,0.98,visual_legacy_crosscheck
20260831-9610e52c3e691ea131a3-01,2026-08-31,手机,device,中兴,天机/远航/畅行,远航30,,,开机屏坏,110,元/台,,image,中兴.jpg,数码网报价单-0831更新/手机相关/中兴.jpg,1,0.98,visual_legacy_crosscheck
20260831-1e00c69d46855bf980dd-01,2026-08-31,手机,device,中兴,天机/远航/畅行,远航30,,,不开机,110,元/台,,image,中兴.jpg,数码网报价单-0831更新/手机相关/中兴.jpg,1,0.98,visual_legacy_crosscheck
20260831-28eed60b27c95fa822c6-01,2026-08-31,手机,device,中兴,天机/远航/畅行,远航30,,,废板-整机,110,元/台,,image,中兴.jpg,数码网报价单-0831更新/手机相关/中兴.jpg,1,0.98,visual_legacy_crosscheck
20260831-595db78c98322172acde-01,2026-08-31,手机,device,中兴,天机/远航/畅行,天机11se,,,开机屏好,80,元/台,,image,中兴.jpg,数码网报价单-0831更新/手机相关/中兴.jpg,1,0.98,visual_legacy_crosscheck
20260831-a3c407beeab7a1954602-01,2026-08-31,手机,device,中兴,天机/远航/畅行,天机11se,,,开机屏坏,80,元/台,,image,中兴.jpg,数码网报价单-0831更新/手机相关/中兴.jpg,1,0.98,visual_legacy_crosscheck
20260831-6bd1da7d9badc760cb95-01,2026-08-31,手机,device,中兴,天机/远航/畅行,天机11se,,,不开机,80,元/台,,image,中兴.jpg,数码网报价单-0831更新/手机相关/中兴.jpg,1,0.98,visual_legacy_crosscheck
20260831-377ad7d19282d1445040-01,2026-08-31,手机,device,中兴,天机/远航/畅行,天机11se,,,废板-整机,80,元/台,,image,中兴.jpg,数码网报价单-0831更新/手机相关/中兴.jpg,1,0.98,visual_legacy_crosscheck
20260831-f09d4f26bb8ff500c087-01,2026-08-31,手机,device,中兴,天机/远航/畅行,天机10Pro,,,开机屏好,75,元/台,,image,中兴.jpg,数码网报价单-0831更新/手机相关/中兴.jpg,1,0.98,visual_legacy_crosscheck
20260831-3953e615bf17f1f0dce3-01,2026-08-31,手机,device,中兴,天机/远航/畅行,天机10Pro,,,开机屏坏,75,元/台,,image,中兴.jpg,数码网报价单-0831更新/手机相关/中兴.jpg,1,0.98,visual_legacy_crosscheck
20260831-465b64260fbfd60d0d9e-01,2026-08-31,手机,device,中兴,天机/远航/畅行,天机10Pro,,,不开机,75,元/台,,image,中兴.jpg,数码网报价单-0831更新/手机相关/中兴.jpg,1,0.98,visual_legacy_crosscheck
20260831-29c7bb2f4701c5088d8b-01,2026-08-31,手机,device,中兴,天机/远航/畅行,天机10Pro,,,废板-整机,75,元/台,,image,中兴.jpg,数码网报价单-0831更新/手机相关/中兴.jpg,1,0.98,visual_legacy_crosscheck
20260831-afecf0285cd195c074da-01,2026-08-31,手机,device,中兴,天机/远航/畅行,远航30Pro+,,,开机屏好,110,元/台,,image,中兴.jpg,数码网报价单-0831更新/手机相关/中兴.jpg,1,0.98,visual_legacy_crosscheck
20260831-c51b2fd80e81c3d742b9-01,2026-08-31,手机,device,中兴,天机/远航/畅行,远航30Pro+,,,开机屏坏,110,元/台,,image,中兴.jpg,数码网报价单-0831更新/手机相关/中兴.jpg,1,0.98,visual_legacy_crosscheck
20260831-3999b8d2ef8fb34a73bf-01,2026-08-31,手机,device,中兴,天机/远航/畅行,远航30Pro+,,,不开机,110,元/台,,image,中兴.jpg,数码网报价单-0831更新/手机相关/中兴.jpg,1,0.98,visual_legacy_crosscheck
20260831-70950bdbcb9c3b62cde9-01,2026-08-31,手机,device,中兴,天机/远航/畅行,远航30Pro+,,,废板-整机,110,元/台,,image,中兴.jpg,数码网报价单-0831更新/手机相关/中兴.jpg,1,0.98,visual_legacy_crosscheck
20260831-3c7561d29232fd5989cc-01,2026-08-31,手机,device,中兴,天机/远航/畅行,远航30Pro,,,开机屏好,110,元/台,,image,中兴.jpg,数码网报价单-0831更新/手机相关/中兴.jpg,1,0.98,visual_legacy_crosscheck
20260831-dcc27f556a1ab31702b8-01,2026-08-31,手机,device,中兴,天机/远航/畅行,远航30Pro,,,开机屏坏,110,元/台,,image,中兴.jpg,数码网报价单-0831更新/手机相关/中兴.jpg,1,0.98,visual_legacy_crosscheck
20260831-8504394417df3864c051-01,2026-08-31,手机,device,中兴,天机/远航/畅行,远航30Pro,,,不开机,110,元/台,,image,中兴.jpg,数码网报价单-0831更新/手机相关/中兴.jpg,1,0.98,visual_legacy_crosscheck
20260831-e0452068c3aaa5f6d05a-01,2026-08-31,手机,device,中兴,天机/远航/畅行,远航30Pro,,,废板-整机,110,元/台,,image,中兴.jpg,数码网报价单-0831更新/手机相关/中兴.jpg,1,0.98,visual_legacy_crosscheck
20260831-d197e9d7090972a812ba-01,2026-08-31,手机,device,中兴,天机/远航/畅行,畅行30,,,开机屏好,85,元/台,,image,中兴.jpg,数码网报价单-0831更新/手机相关/中兴.jpg,1,0.98,visual_legacy_crosscheck
20260831-a611c563e449e9a9be3d-01,2026-08-31,手机,device,中兴,天机/远航/畅行,畅行30,,,开机屏坏,85,元/台,,image,中兴.jpg,数码网报价单-0831更新/手机相关/中兴.jpg,1,0.98,visual_legacy_crosscheck
20260831-a9d62b4f735dbbd66926-01,2026-08-31,手机,device,中兴,天机/远航/畅行,畅行30,,,不开机,85,元/台,,image,中兴.jpg,数码网报价单-0831更新/手机相关/中兴.jpg,1,0.98,visual_legacy_crosscheck
20260831-14801dce8c8394a3c5c9-01,2026-08-31,手机,device,中兴,天机/远航/畅行,畅行30,,,废板-整机,85,元/台,,image,中兴.jpg,数码网报价单-0831更新/手机相关/中兴.jpg,1,0.98,visual_legacy_crosscheck
20260831-63c8a0e722e1c3d6b6bc-01,2026-08-31,手机,device,中兴,小鲜/经典,天机Mini,,,开机屏好,65,元/台,,image,中兴.jpg,数码网报价单-0831更新/手机相关/中兴.jpg,1,0.98,visual_legacy_crosscheck
20260831-7b90dbffee735c37995a-01,2026-08-31,手机,device,中兴,小鲜/经典,天机Mini,,,开机屏坏,65,元/台,,image,中兴.jpg,数码网报价单-0831更新/手机相关/中兴.jpg,1,0.98,visual_legacy_crosscheck
20260831-6919dc7c59aae5657bff-01,2026-08-31,手机,device,中兴,小鲜/经典,天机Mini,,,不开机,65,元/台,,image,中兴.jpg,数码网报价单-0831更新/手机相关/中兴.jpg,1,0.98,visual_legacy_crosscheck
20260831-07c66d8b5de146abc557-01,2026-08-31,手机,device,中兴,小鲜/经典,天机Mini,,,废板-整机,65,元/台,,image,中兴.jpg,数码网报价单-0831更新/手机相关/中兴.jpg,1,0.98,visual_legacy_crosscheck
20260831-5bddb304d2d0d5acc7b4-01,2026-08-31,手机,device,中兴,小鲜/经典,Z999,,,开机屏好,70,元/台,,image,中兴.jpg,数码网报价单-0831更新/手机相关/中兴.jpg,1,0.98,visual_legacy_crosscheck
20260831-0c855c0a214989d7f09e-01,2026-08-31,手机,device,中兴,小鲜/经典,Z999,,,开机屏坏,70,元/台,,image,中兴.jpg,数码网报价单-0831更新/手机相关/中兴.jpg,1,0.98,visual_legacy_crosscheck
20260831-608a2e095e78ca61fadc-01,2026-08-31,手机,device,中兴,小鲜/经典,Z999,,,不开机,70,元/台,,image,中兴.jpg,数码网报价单-0831更新/手机相关/中兴.jpg,1,0.98,visual_legacy_crosscheck
20260831-01e90324a063ca0f2906-01,2026-08-31,手机,device,中兴,小鲜/经典,Z999,,,废板-整机,70,元/台,,image,中兴.jpg,数码网报价单-0831更新/手机相关/中兴.jpg,1,0.98,visual_legacy_crosscheck
20260831-9738b2f3b9d01f15f470-01,2026-08-31,手机,device,中兴,小鲜/经典,小鲜5s,,,开机屏好,20,元/台,,image,中兴.jpg,数码网报价单-0831更新/手机相关/中兴.jpg,1,0.98,visual_legacy_crosscheck
20260831-c9e97f1d252e663ee9b7-01,2026-08-31,手机,device,中兴,小鲜/经典,小鲜5s,,,开机屏坏,20,元/台,,image,中兴.jpg,数码网报价单-0831更新/手机相关/中兴.jpg,1,0.98,visual_legacy_crosscheck
20260831-99dc291d016a7dde774a-01,2026-08-31,手机,device,中兴,小鲜/经典,小鲜5s,,,不开机,20,元/台,,image,中兴.jpg,数码网报价单-0831更新/手机相关/中兴.jpg,1,0.98,visual_legacy_crosscheck
20260831-e86be3faacf489e3bf39-01,2026-08-31,手机,device,中兴,小鲜/经典,小鲜5s,,,废板-整机,20,元/台,,image,中兴.jpg,数码网报价单-0831更新/手机相关/中兴.jpg,1,0.98,visual_legacy_crosscheck
20260831-29217f1ab31c0f456e9d-01,2026-08-31,手机,device,中兴,小鲜/经典,远航5,,,开机屏好,20,元/台,,image,中兴.jpg,数码网报价单-0831更新/手机相关/中兴.jpg,1,0.98,visual_legacy_crosscheck
20260831-aab06630579d3f565f80-01,2026-08-31,手机,device,中兴,小鲜/经典,远航5,,,开机屏坏,20,元/台,,image,中兴.jpg,数码网报价单-0831更新/手机相关/中兴.jpg,1,0.98,visual_legacy_crosscheck
20260831-c5407b17eeb765cb2a4b-01,2026-08-31,手机,device,中兴,小鲜/经典,远航5,,,不开机,20,元/台,,image,中兴.jpg,数码网报价单-0831更新/手机相关/中兴.jpg,1,0.98,visual_legacy_crosscheck
20260831-c9ec7407a04407b05c54-01,2026-08-31,手机,device,中兴,小鲜/经典,远航5,,,废板-整机,20,元/台,,image,中兴.jpg,数码网报价单-0831更新/手机相关/中兴.jpg,1,0.98,visual_legacy_crosscheck
20260831-4ca09905bd568fe07368-01,2026-08-31,手机,device,中兴,小鲜/经典,小鲜5,,,开机屏好,20,元/台,,image,中兴.jpg,数码网报价单-0831更新/手机相关/中兴.jpg,1,0.98,visual_legacy_crosscheck
20260831-65e89304704c893f2c55-01,2026-08-31,手机,device,中兴,小鲜/经典,小鲜5,,,开机屏坏,20,元/台,,image,中兴.jpg,数码网报价单-0831更新/手机相关/中兴.jpg,1,0.98,visual_legacy_crosscheck
20260831-03e9718e0ed04b2ef6e1-01,2026-08-31,手机,device,中兴,小鲜/经典,小鲜5,,,不开机,20,元/台,,image,中兴.jpg,数码网报价单-0831更新/手机相关/中兴.jpg,1,0.98,visual_legacy_crosscheck
20260831-354ec9002608087c3133-01,2026-08-31,手机,device,中兴,小鲜/经典,小鲜5,,,废板-整机,20,元/台,,image,中兴.jpg,数码网报价单-0831更新/手机相关/中兴.jpg,1,0.98,visual_legacy_crosscheck
20260831-e4a7190796785983c355-01,2026-08-31,手机,device,中兴,小鲜/经典,小鲜4,,,开机屏好,20,元/台,,image,中兴.jpg,数码网报价单-0831更新/手机相关/中兴.jpg,1,0.98,visual_legacy_crosscheck
20260831-5435dfc079906922cc3a-01,2026-08-31,手机,device,中兴,小鲜/经典,小鲜4,,,开机屏坏,20,元/台,,image,中兴.jpg,数码网报价单-0831更新/手机相关/中兴.jpg,1,0.98,visual_legacy_crosscheck
20260831-9fd090e9284d6773267b-01,2026-08-31,手机,device,中兴,小鲜/经典,小鲜4,,,不开机,20,元/台,,image,中兴.jpg,数码网报价单-0831更新/手机相关/中兴.jpg,1,0.98,visual_legacy_crosscheck
20260831-6f11c359fd6d6cdcccc3-01,2026-08-31,手机,device,中兴,小鲜/经典,小鲜4,,,废板-整机,20,元/台,,image,中兴.jpg,数码网报价单-0831更新/手机相关/中兴.jpg,1,0.98,visual_legacy_crosscheck
20260831-643dd10b7d0156c15216-01,2026-08-31,手机,device,中兴,星星/威武/远航,远航3,,,开机屏好,18,元/台,,image,中兴.jpg,数码网报价单-0831更新/手机相关/中兴.jpg,1,0.98,visual_legacy_crosscheck
20260831-1b3a287e5cb9675486fb-01,2026-08-31,手机,device,中兴,星星/威武/远航,远航3,,,开机屏坏,18,元/台,,image,中兴.jpg,数码网报价单-0831更新/手机相关/中兴.jpg,1,0.98,visual_legacy_crosscheck
20260831-f076a396b60303dff190-01,2026-08-31,手机,device,中兴,星星/威武/远航,远航3,,,不开机,18,元/台,,image,中兴.jpg,数码网报价单-0831更新/手机相关/中兴.jpg,1,0.98,visual_legacy_crosscheck
20260831-d0f59a4724e873e958a1-01,2026-08-31,手机,device,中兴,星星/威武/远航,远航3,,,废板-整机,18,元/台,,image,中兴.jpg,数码网报价单-0831更新/手机相关/中兴.jpg,1,0.98,visual_legacy_crosscheck
20260831-0f43f2b814eafd48cc21-01,2026-08-31,手机,device,中兴,星星/威武/远航,远航2,,,开机屏好,18,元/台,,image,中兴.jpg,数码网报价单-0831更新/手机相关/中兴.jpg,1,0.98,visual_legacy_crosscheck
20260831-ef632c2d9e1499cf29cc-01,2026-08-31,手机,device,中兴,星星/威武/远航,远航2,,,开机屏坏,18,元/台,,image,中兴.jpg,数码网报价单-0831更新/手机相关/中兴.jpg,1,0.98,visual_legacy_crosscheck
20260831-6be2720cb3f6a1dc1925-01,2026-08-31,手机,device,中兴,星星/威武/远航,远航2,,,不开机,18,元/台,,image,中兴.jpg,数码网报价单-0831更新/手机相关/中兴.jpg,1,0.98,visual_legacy_crosscheck
20260831-c032164384e95789d341-01,2026-08-31,手机,device,中兴,星星/威武/远航,远航2,,,废板-整机,18,元/台,,image,中兴.jpg,数码网报价单-0831更新/手机相关/中兴.jpg,1,0.98,visual_legacy_crosscheck
20260831-3bb866f2bb9b58eccb80-01,2026-08-31,手机,device,中兴,星星/威武/远航,小鲜3,,,开机屏好,20,元/台,,image,中兴.jpg,数码网报价单-0831更新/手机相关/中兴.jpg,1,0.98,visual_legacy_crosscheck
20260831-8133a065438bc3af0ba7-01,2026-08-31,手机,device,中兴,星星/威武/远航,小鲜3,,,开机屏坏,20,元/台,,image,中兴.jpg,数码网报价单-0831更新/手机相关/中兴.jpg,1,0.98,visual_legacy_crosscheck
20260831-2b0d574556eeebbc6b60-01,2026-08-31,手机,device,中兴,星星/威武/远航,小鲜3,,,不开机,20,元/台,,image,中兴.jpg,数码网报价单-0831更新/手机相关/中兴.jpg,1,0.98,visual_legacy_crosscheck
20260831-41966b03e82550de79f2-01,2026-08-31,手机,device,中兴,星星/威武/远航,小鲜3,,,废板-整机,20,元/台,,image,中兴.jpg,数码网报价单-0831更新/手机相关/中兴.jpg,1,0.98,visual_legacy_crosscheck
20260831-3f0c861a57f2f0e2dd33-01,2026-08-31,手机,device,中兴,星星/威武/远航,威武3,,,开机屏好,20,元/台,,image,中兴.jpg,数码网报价单-0831更新/手机相关/中兴.jpg,1,0.98,visual_legacy_crosscheck
20260831-832cd0725d64166bfc15-01,2026-08-31,手机,device,中兴,星星/威武/远航,威武3,,,开机屏坏,20,元/台,,image,中兴.jpg,数码网报价单-0831更新/手机相关/中兴.jpg,1,0.98,visual_legacy_crosscheck
20260831-3e759965d7338891f473-01,2026-08-31,手机,device,中兴,星星/威武/远航,威武3,,,不开机,20,元/台,,image,中兴.jpg,数码网报价单-0831更新/手机相关/中兴.jpg,1,0.98,visual_legacy_crosscheck
20260831-aea75235733400edda91-01,2026-08-31,手机,device,中兴,星星/威武/远航,威武3,,,废板-整机,20,元/台,,image,中兴.jpg,数码网报价单-0831更新/手机相关/中兴.jpg,1,0.98,visual_legacy_crosscheck
20260831-9459e3b2a275a2f4ea43-01,2026-08-31,手机,device,中兴,星星/威武/远航,星星3,,,开机屏好,18,元/台,,image,中兴.jpg,数码网报价单-0831更新/手机相关/中兴.jpg,1,0.98,visual_legacy_crosscheck
20260831-5de1f434f475ca02c26d-01,2026-08-31,手机,device,中兴,星星/威武/远航,星星3,,,开机屏坏,18,元/台,,image,中兴.jpg,数码网报价单-0831更新/手机相关/中兴.jpg,1,0.98,visual_legacy_crosscheck
20260831-c3f34312050242ab994c-01,2026-08-31,手机,device,中兴,星星/威武/远航,星星3,,,不开机,18,元/台,,image,中兴.jpg,数码网报价单-0831更新/手机相关/中兴.jpg,1,0.98,visual_legacy_crosscheck
20260831-ede614397c198c893786-01,2026-08-31,手机,device,中兴,星星/威武/远航,星星3,,,废板-整机,18,元/台,,image,中兴.jpg,数码网报价单-0831更新/手机相关/中兴.jpg,1,0.98,visual_legacy_crosscheck
20260831-21cd2429116563450de8-01,2026-08-31,手机,device,中兴,星星/威武/远航,星星2,,,开机屏好,18,元/台,,image,中兴.jpg,数码网报价单-0831更新/手机相关/中兴.jpg,1,0.98,visual_legacy_crosscheck
20260831-9e9769080bf7d0db7b8e-01,2026-08-31,手机,device,中兴,星星/威武/远航,星星2,,,开机屏坏,18,元/台,,image,中兴.jpg,数码网报价单-0831更新/手机相关/中兴.jpg,1,0.98,visual_legacy_crosscheck
20260831-86b53b1fd7015418fd31-01,2026-08-31,手机,device,中兴,星星/威武/远航,星星2,,,不开机,18,元/台,,image,中兴.jpg,数码网报价单-0831更新/手机相关/中兴.jpg,1,0.98,visual_legacy_crosscheck
20260831-b285f85a732aff09389a-01,2026-08-31,手机,device,中兴,星星/威武/远航,星星2,,,废板-整机,18,元/台,,image,中兴.jpg,数码网报价单-0831更新/手机相关/中兴.jpg,1,0.98,visual_legacy_crosscheck
20260831-f378979970b598498a44-01,2026-08-31,手机,device,中兴,星星/威武/远航,星星1,,,开机屏好,18,元/台,,image,中兴.jpg,数码网报价单-0831更新/手机相关/中兴.jpg,1,0.98,visual_legacy_crosscheck
20260831-c363073238480c39d39b-01,2026-08-31,手机,device,中兴,星星/威武/远航,星星1,,,开机屏坏,18,元/台,,image,中兴.jpg,数码网报价单-0831更新/手机相关/中兴.jpg,1,0.98,visual_legacy_crosscheck
20260831-124147e0236be086100e-01,2026-08-31,手机,device,中兴,星星/威武/远航,星星1,,,不开机,18,元/台,,image,中兴.jpg,数码网报价单-0831更新/手机相关/中兴.jpg,1,0.98,visual_legacy_crosscheck
20260831-896296d3cfed63b11997-01,2026-08-31,手机,device,中兴,星星/威武/远航,星星1,,,废板-整机,18,元/台,,image,中兴.jpg,数码网报价单-0831更新/手机相关/中兴.jpg,1,0.98,visual_legacy_crosscheck
20260831-96a4b8c64bac2b415d0a-01,2026-08-31,手机,device,中兴,星星/威武/远航,远航40Pro+,,,开机屏好,110,元/台,,image,中兴.jpg,数码网报价单-0831更新/手机相关/中兴.jpg,1,0.98,visual_legacy_crosscheck
20260831-04d3b8078b2118ab578a-01,2026-08-31,手机,device,中兴,星星/威武/远航,远航40Pro+,,,开机屏坏,110,元/台,,image,中兴.jpg,数码网报价单-0831更新/手机相关/中兴.jpg,1,0.98,visual_legacy_crosscheck
20260831-4f0ba521c512e14397b9-01,2026-08-31,手机,device,中兴,星星/威武/远航,远航40Pro+,,,不开机,110,元/台,,image,中兴.jpg,数码网报价单-0831更新/手机相关/中兴.jpg,1,0.98,visual_legacy_crosscheck
20260831-cf06eb307b008fb62898-01,2026-08-31,手机,device,中兴,星星/威武/远航,远航40Pro+,,,废板-整机,110,元/台,,image,中兴.jpg,数码网报价单-0831更新/手机相关/中兴.jpg,1,0.98,visual_legacy_crosscheck
20260831-0f0a9fe1994d11b534d5-01,2026-08-31,手机,device,中兴,星星/威武/远航,远航20Pro,,,开机屏好,110,元/台,,image,中兴.jpg,数码网报价单-0831更新/手机相关/中兴.jpg,1,0.98,visual_legacy_crosscheck
20260831-a372319ccbb7cd9fe2ec-01,2026-08-31,手机,device,中兴,星星/威武/远航,远航20Pro,,,开机屏坏,110,元/台,,image,中兴.jpg,数码网报价单-0831更新/手机相关/中兴.jpg,1,0.98,visual_legacy_crosscheck
20260831-4a36c24d7504a6c670c3-01,2026-08-31,手机,device,中兴,星星/威武/远航,远航20Pro,,,不开机,110,元/台,,image,中兴.jpg,数码网报价单-0831更新/手机相关/中兴.jpg,1,0.98,visual_legacy_crosscheck
20260831-fb5bf29b8fdb7c967841-01,2026-08-31,手机,device,中兴,星星/威武/远航,远航20Pro,,,废板-整机,110,元/台,,image,中兴.jpg,数码网报价单-0831更新/手机相关/中兴.jpg,1,0.98,visual_legacy_crosscheck
20260831-29914eae6c0166f50e80-01,2026-08-31,手机,device,中兴,A系列(Axon),AXON 40 Ultra,,,开机屏好,300,元/台,开机屏坏的板不能压伤 小压也不行,image,中兴.jpg,数码网报价单-0831更新/手机相关/中兴.jpg,1,0.98,visual_legacy_crosscheck
20260831-e688e9de879eb8fca4e3-01,2026-08-31,手机,device,中兴,A系列(Axon),AXON 40 Ultra,,,开机屏坏,260,元/台,开机屏坏的板不能压伤 小压也不行,image,中兴.jpg,数码网报价单-0831更新/手机相关/中兴.jpg,1,0.98,visual_legacy_crosscheck
20260831-3c111e8da484ed28134d-01,2026-08-31,手机,device,中兴,A系列(Axon),AXON 40 Ultra,,,不开机,200,元/台,开机屏坏的板不能压伤 小压也不行,image,中兴.jpg,数码网报价单-0831更新/手机相关/中兴.jpg,1,0.98,visual_legacy_crosscheck
20260831-34ba0e92bc6f36dede77-01,2026-08-31,手机,device,中兴,A系列(Axon),AXON 40 Ultra,,,废板-整机,150,元/台,开机屏坏的板不能压伤 小压也不行,image,中兴.jpg,数码网报价单-0831更新/手机相关/中兴.jpg,1,0.98,visual_legacy_crosscheck
20260831-415864d44447f2c9d0bc-01,2026-08-31,手机,device,中兴,A系列(Axon),Axon 40 Pro,,,开机屏好,180,元/台,,image,中兴.jpg,数码网报价单-0831更新/手机相关/中兴.jpg,1,0.98,visual_legacy_crosscheck
20260831-582e9eb749ef6598d911-01,2026-08-31,手机,device,中兴,A系列(Axon),Axon 40 Pro,,,开机屏坏,160,元/台,,image,中兴.jpg,数码网报价单-0831更新/手机相关/中兴.jpg,1,0.98,visual_legacy_crosscheck
20260831-0e61837956d937a01bf4-01,2026-08-31,手机,device,中兴,A系列(Axon),Axon 40 Pro,,,不开机,150,元/台,,image,中兴.jpg,数码网报价单-0831更新/手机相关/中兴.jpg,1,0.98,visual_legacy_crosscheck
20260831-25356249ef3d21b4db73-01,2026-08-31,手机,device,中兴,A系列(Axon),Axon 40 Pro,,,废板-整机,100,元/台,,image,中兴.jpg,数码网报价单-0831更新/手机相关/中兴.jpg,1,0.98,visual_legacy_crosscheck
20260831-8966eae2452c20f84d8e-01,2026-08-31,手机,device,中兴,A系列(Axon),axon31,,,开机屏好,110,元/台,,image,中兴.jpg,数码网报价单-0831更新/手机相关/中兴.jpg,1,0.98,visual_legacy_crosscheck
20260831-d7f546b123af6552bfa1-01,2026-08-31,手机,device,中兴,A系列(Axon),axon31,,,开机屏坏,110,元/台,,image,中兴.jpg,数码网报价单-0831更新/手机相关/中兴.jpg,1,0.98,visual_legacy_crosscheck
20260831-e7b21f8d56c61bc27944-01,2026-08-31,手机,device,中兴,A系列(Axon),axon31,,,不开机,110,元/台,,image,中兴.jpg,数码网报价单-0831更新/手机相关/中兴.jpg,1,0.98,visual_legacy_crosscheck
20260831-d546eb20aaca1a9e73f4-01,2026-08-31,手机,device,中兴,A系列(Axon),axon31,,,废板-整机,110,元/台,,image,中兴.jpg,数码网报价单-0831更新/手机相关/中兴.jpg,1,0.98,visual_legacy_crosscheck
20260831-71b3c209dbc3b67e71c2-01,2026-08-31,手机,device,中兴,A系列(Axon),axon30s,,,开机屏好,110,元/台,,image,中兴.jpg,数码网报价单-0831更新/手机相关/中兴.jpg,1,0.98,visual_legacy_crosscheck
20260831-2375e68ccdf5cf8f3b82-01,2026-08-31,手机,device,中兴,A系列(Axon),axon30s,,,开机屏坏,110,元/台,,image,中兴.jpg,数码网报价单-0831更新/手机相关/中兴.jpg,1,0.98,visual_legacy_crosscheck
20260831-cf605b55a4f45fb6088e-01,2026-08-31,手机,device,中兴,A系列(Axon),axon30s,,,不开机,110,元/台,,image,中兴.jpg,数码网报价单-0831更新/手机相关/中兴.jpg,1,0.98,visual_legacy_crosscheck
20260831-01488f82247e51be0c58-01,2026-08-31,手机,device,中兴,A系列(Axon),axon30s,,,废板-整机,110,元/台,,image,中兴.jpg,数码网报价单-0831更新/手机相关/中兴.jpg,1,0.98,visual_legacy_crosscheck
20260831-d534833bde8b994f0f2f-01,2026-08-31,手机,device,中兴,A系列(Axon),AXON M,,,开机屏好,80,元/台,,image,中兴.jpg,数码网报价单-0831更新/手机相关/中兴.jpg,1,0.98,visual_legacy_crosscheck
20260831-fa1046c551ab0bb54760-01,2026-08-31,手机,device,中兴,A系列(Axon),AXON M,,,开机屏坏,80,元/台,,image,中兴.jpg,数码网报价单-0831更新/手机相关/中兴.jpg,1,0.98,visual_legacy_crosscheck
20260831-60794ccd144cd41fe5ea-01,2026-08-31,手机,device,中兴,A系列(Axon),AXON M,,,不开机,80,元/台,,image,中兴.jpg,数码网报价单-0831更新/手机相关/中兴.jpg,1,0.98,visual_legacy_crosscheck
20260831-f03686a1d7fda59d8403-01,2026-08-31,手机,device,中兴,A系列(Axon),AXON M,,,废板-整机,80,元/台,,image,中兴.jpg,数码网报价单-0831更新/手机相关/中兴.jpg,1,0.98,visual_legacy_crosscheck
20260831-7553f9b8ad857208504e-01,2026-08-31,手机,device,中兴,A系列(Axon),A20,,,开机屏好,110,元/台,,image,中兴.jpg,数码网报价单-0831更新/手机相关/中兴.jpg,1,0.98,visual_legacy_crosscheck
20260831-4170abf088c467c3a039-01,2026-08-31,手机,device,中兴,A系列(Axon),A20,,,开机屏坏,110,元/台,,image,中兴.jpg,数码网报价单-0831更新/手机相关/中兴.jpg,1,0.98,visual_legacy_crosscheck
20260831-93c6279473815517277f-01,2026-08-31,手机,device,中兴,A系列(Axon),A20,,,不开机,110,元/台,,image,中兴.jpg,数码网报价单-0831更新/手机相关/中兴.jpg,1,0.98,visual_legacy_crosscheck
20260831-9c60395ccb53f1d2d854-01,2026-08-31,手机,device,中兴,A系列(Axon),A20,,,废板-整机,110,元/台,,image,中兴.jpg,数码网报价单-0831更新/手机相关/中兴.jpg,1,0.98,visual_legacy_crosscheck
20260831-56348e66f4f746f97195-01,2026-08-31,手机,device,中兴,A系列,Axon115G,,,开机屏好,80,元/台,,image,中兴.jpg,数码网报价单-0831更新/手机相关/中兴.jpg,1,0.98,visual_legacy_crosscheck
20260831-620b625b5b856f41cb67-01,2026-08-31,手机,device,中兴,A系列,Axon115G,,,开机屏坏,80,元/台,,image,中兴.jpg,数码网报价单-0831更新/手机相关/中兴.jpg,1,0.98,visual_legacy_crosscheck
20260831-c09a3ccc3dd0aeca1e10-01,2026-08-31,手机,device,中兴,A系列,Axon115G,,,不开机,80,元/台,,image,中兴.jpg,数码网报价单-0831更新/手机相关/中兴.jpg,1,0.98,visual_legacy_crosscheck
20260831-a815c88f0428b4f04fce-01,2026-08-31,手机,device,中兴,A系列,Axon115G,,,废板-整机,80,元/台,,image,中兴.jpg,数码网报价单-0831更新/手机相关/中兴.jpg,1,0.98,visual_legacy_crosscheck
20260831-ee4d1a8a67c4fdab83c3-01,2026-08-31,手机,device,中兴,A系列,A2019Pro,,,开机屏好,75,元/台,,image,中兴.jpg,数码网报价单-0831更新/手机相关/中兴.jpg,1,0.98,visual_legacy_crosscheck
20260831-9d4e80ff68b41c3fdf54-01,2026-08-31,手机,device,中兴,A系列,A2019Pro,,,开机屏坏,75,元/台,,image,中兴.jpg,数码网报价单-0831更新/手机相关/中兴.jpg,1,0.98,visual_legacy_crosscheck
20260831-013897d197f03af3a4d3-01,2026-08-31,手机,device,中兴,A系列,A2019Pro,,,不开机,75,元/台,,image,中兴.jpg,数码网报价单-0831更新/手机相关/中兴.jpg,1,0.98,visual_legacy_crosscheck
20260831-651a1fda310e2113b780-01,2026-08-31,手机,device,中兴,A系列,A2019Pro,,,废板-整机,75,元/台,,image,中兴.jpg,数码网报价单-0831更新/手机相关/中兴.jpg,1,0.98,visual_legacy_crosscheck
20260831-b689bd130c21543cd69d-01,2026-08-31,手机,device,中兴,A系列,A2018,,,开机屏好,50,元/台,,image,中兴.jpg,数码网报价单-0831更新/手机相关/中兴.jpg,1,0.98,visual_legacy_crosscheck
20260831-9ac2c048c3c186b487d5-01,2026-08-31,手机,device,中兴,A系列,A2018,,,开机屏坏,50,元/台,,image,中兴.jpg,数码网报价单-0831更新/手机相关/中兴.jpg,1,0.98,visual_legacy_crosscheck
20260831-0b33d1a1fb594082950e-01,2026-08-31,手机,device,中兴,A系列,A2018,,,不开机,50,元/台,,image,中兴.jpg,数码网报价单-0831更新/手机相关/中兴.jpg,1,0.98,visual_legacy_crosscheck
20260831-f2ee6878d0546aa02f5d-01,2026-08-31,手机,device,中兴,A系列,A2018,,,废板-整机,50,元/台,,image,中兴.jpg,数码网报价单-0831更新/手机相关/中兴.jpg,1,0.98,visual_legacy_crosscheck
20260831-1d18abc4e48add73531c-01,2026-08-31,手机,device,中兴,A系列,A2017,,,开机屏好,50,元/台,,image,中兴.jpg,数码网报价单-0831更新/手机相关/中兴.jpg,1,0.98,visual_legacy_crosscheck
20260831-f57b8e8f2be07d0547e0-01,2026-08-31,手机,device,中兴,A系列,A2017,,,开机屏坏,50,元/台,,image,中兴.jpg,数码网报价单-0831更新/手机相关/中兴.jpg,1,0.98,visual_legacy_crosscheck
20260831-bff17241daf44ddad134-01,2026-08-31,手机,device,中兴,A系列,A2017,,,不开机,50,元/台,,image,中兴.jpg,数码网报价单-0831更新/手机相关/中兴.jpg,1,0.98,visual_legacy_crosscheck
20260831-bba2c04a91aa025f290e-01,2026-08-31,手机,device,中兴,A系列,A2017,,,废板-整机,50,元/台,,image,中兴.jpg,数码网报价单-0831更新/手机相关/中兴.jpg,1,0.98,visual_legacy_crosscheck
20260831-732deac61633ee1a93ab-01,2026-08-31,手机,device,中兴,A系列,A2015,,,开机屏好,45,元/台,,image,中兴.jpg,数码网报价单-0831更新/手机相关/中兴.jpg,1,0.98,visual_legacy_crosscheck
20260831-fc1c53396b7deb01ebc8-01,2026-08-31,手机,device,中兴,A系列,A2015,,,开机屏坏,45,元/台,,image,中兴.jpg,数码网报价单-0831更新/手机相关/中兴.jpg,1,0.98,visual_legacy_crosscheck
20260831-66d9d1e4332f8f6571bd-01,2026-08-31,手机,device,中兴,A系列,A2015,,,不开机,45,元/台,,image,中兴.jpg,数码网报价单-0831更新/手机相关/中兴.jpg,1,0.98,visual_legacy_crosscheck
20260831-5e65af7099a15fb6dc54-01,2026-08-31,手机,device,中兴,A系列,A2015,,,废板-整机,45,元/台,,image,中兴.jpg,数码网报价单-0831更新/手机相关/中兴.jpg,1,0.98,visual_legacy_crosscheck
20260831-cd6956db626a48144849-01,2026-08-31,手机,device,中兴,A系列,A2P,,,开机屏好,20,元/台,,image,中兴.jpg,数码网报价单-0831更新/手机相关/中兴.jpg,1,0.98,visual_legacy_crosscheck
20260831-827de1682153263b3aa5-01,2026-08-31,手机,device,中兴,A系列,A2P,,,开机屏坏,20,元/台,,image,中兴.jpg,数码网报价单-0831更新/手机相关/中兴.jpg,1,0.98,visual_legacy_crosscheck
20260831-1431454c6dc637284d1d-01,2026-08-31,手机,device,中兴,A系列,A2P,,,不开机,20,元/台,,image,中兴.jpg,数码网报价单-0831更新/手机相关/中兴.jpg,1,0.98,visual_legacy_crosscheck
20260831-2b2601836b7d39d00e1b-01,2026-08-31,手机,device,中兴,A系列,A2P,,,废板-整机,20,元/台,,image,中兴.jpg,数码网报价单-0831更新/手机相关/中兴.jpg,1,0.98,visual_legacy_crosscheck
20260831-2f8d67deda85be82017a-01,2026-08-31,手机,device,中兴,A系列,a7s,,,开机屏好,50,元/台,,image,中兴.jpg,数码网报价单-0831更新/手机相关/中兴.jpg,1,0.98,visual_legacy_crosscheck
20260831-0ea99e9cd73434bd7746-01,2026-08-31,手机,device,中兴,A系列,a7s,,,开机屏坏,50,元/台,,image,中兴.jpg,数码网报价单-0831更新/手机相关/中兴.jpg,1,0.98,visual_legacy_crosscheck
20260831-8a24c200f32c701495ba-01,2026-08-31,手机,device,中兴,A系列,a7s,,,不开机,50,元/台,,image,中兴.jpg,数码网报价单-0831更新/手机相关/中兴.jpg,1,0.98,visual_legacy_crosscheck
20260831-e8314177bb3d276ef824-01,2026-08-31,手机,device,中兴,A系列,a7s,,,废板-整机,50,元/台,,image,中兴.jpg,数码网报价单-0831更新/手机相关/中兴.jpg,1,0.98,visual_legacy_crosscheck
20260831-baa45793fe993116955c-01,2026-08-31,手机,device,中兴,A系列,A7,,,开机屏好,50,元/台,,image,中兴.jpg,数码网报价单-0831更新/手机相关/中兴.jpg,1,0.98,visual_legacy_crosscheck
20260831-f414529702c456b5b34f-01,2026-08-31,手机,device,中兴,A系列,A7,,,开机屏坏,50,元/台,,image,中兴.jpg,数码网报价单-0831更新/手机相关/中兴.jpg,1,0.98,visual_legacy_crosscheck
20260831-ca20fe901d1dcc49cdb6-01,2026-08-31,手机,device,中兴,A系列,A7,,,不开机,50,元/台,,image,中兴.jpg,数码网报价单-0831更新/手机相关/中兴.jpg,1,0.98,visual_legacy_crosscheck
20260831-89b788f41b56d12f0b74-01,2026-08-31,手机,device,中兴,A系列,A7,,,废板-整机,50,元/台,,image,中兴.jpg,数码网报价单-0831更新/手机相关/中兴.jpg,1,0.98,visual_legacy_crosscheck
20260831-78ab21c839d0c5eb415f-01,2026-08-31,手机,device,中兴,A系列,A4,,,开机屏好,30,元/台,,image,中兴.jpg,数码网报价单-0831更新/手机相关/中兴.jpg,1,0.98,visual_legacy_crosscheck
20260831-1936f0c4e1f85f049b9f-01,2026-08-31,手机,device,中兴,A系列,A4,,,开机屏坏,30,元/台,,image,中兴.jpg,数码网报价单-0831更新/手机相关/中兴.jpg,1,0.98,visual_legacy_crosscheck
20260831-81ef8ba6b15ff05b4250-01,2026-08-31,手机,device,中兴,A系列,A4,,,不开机,30,元/台,,image,中兴.jpg,数码网报价单-0831更新/手机相关/中兴.jpg,1,0.98,visual_legacy_crosscheck
20260831-bcd792bfbfbbb3b53fa6-01,2026-08-31,手机,device,中兴,A系列,A4,,,废板-整机,30,元/台,,image,中兴.jpg,数码网报价单-0831更新/手机相关/中兴.jpg,1,0.98,visual_legacy_crosscheck
20260831-2118996c10be961c3d04-01,2026-08-31,手机,device,中兴,A系列,A2,,,开机屏好,20,元/台,,image,中兴.jpg,数码网报价单-0831更新/手机相关/中兴.jpg,1,0.98,visual_legacy_crosscheck
20260831-6379908d251ea7d5e867-01,2026-08-31,手机,device,中兴,A系列,A2,,,开机屏坏,20,元/台,,image,中兴.jpg,数码网报价单-0831更新/手机相关/中兴.jpg,1,0.98,visual_legacy_crosscheck
20260831-3806506890fc73628cd9-01,2026-08-31,手机,device,中兴,A系列,A2,,,不开机,20,元/台,,image,中兴.jpg,数码网报价单-0831更新/手机相关/中兴.jpg,1,0.98,visual_legacy_crosscheck
20260831-97f1f71f2ac96641ecc5-01,2026-08-31,手机,device,中兴,A系列,A2,,,废板-整机,20,元/台,,image,中兴.jpg,数码网报价单-0831更新/手机相关/中兴.jpg,1,0.98,visual_legacy_crosscheck
20260831-e21fe38749d6219b8a67-01,2026-08-31,手机,device,中兴,A系列,A880,,,开机屏好,18,元/台,,image,中兴.jpg,数码网报价单-0831更新/手机相关/中兴.jpg,1,0.98,visual_legacy_crosscheck
20260831-cda389ca7cba6fe84971-01,2026-08-31,手机,device,中兴,A系列,A880,,,开机屏坏,18,元/台,,image,中兴.jpg,数码网报价单-0831更新/手机相关/中兴.jpg,1,0.98,visual_legacy_crosscheck
20260831-63d4c26b73680228ab1c-01,2026-08-31,手机,device,中兴,A系列,A880,,,不开机,18,元/台,,image,中兴.jpg,数码网报价单-0831更新/手机相关/中兴.jpg,1,0.98,visual_legacy_crosscheck
20260831-1eae002e5b706261acfb-01,2026-08-31,手机,device,中兴,A系列,A880,,,废板-整机,18,元/台,,image,中兴.jpg,数码网报价单-0831更新/手机相关/中兴.jpg,1,0.98,visual_legacy_crosscheck
20260831-d3b6f1b69b95b513f625-01,2026-08-31,手机,device,中兴,A系列,axon30ultra,,,开机屏好,150,元/台,,image,中兴.jpg,数码网报价单-0831更新/手机相关/中兴.jpg,1,0.98,visual_legacy_crosscheck
20260831-b21984a1fdbfd08ebc92-01,2026-08-31,手机,device,中兴,A系列,axon30ultra,,,开机屏坏,150,元/台,,image,中兴.jpg,数码网报价单-0831更新/手机相关/中兴.jpg,1,0.98,visual_legacy_crosscheck
20260831-278f6d42d3105a2e9957-01,2026-08-31,手机,device,中兴,A系列,axon30ultra,,,不开机,150,元/台,,image,中兴.jpg,数码网报价单-0831更新/手机相关/中兴.jpg,1,0.98,visual_legacy_crosscheck
20260831-9552c3c0e9a4ea0f50af-01,2026-08-31,手机,device,中兴,A系列,axon30ultra,,,废板-整机,100,元/台,,image,中兴.jpg,数码网报价单-0831更新/手机相关/中兴.jpg,1,0.98,visual_legacy_crosscheck
20260831-afb0df5c96f47c41d33d-01,2026-08-31,手机,device,中兴,A系列,axon20,,,开机屏好,110,元/台,,image,中兴.jpg,数码网报价单-0831更新/手机相关/中兴.jpg,1,0.98,visual_legacy_crosscheck
20260831-e5fea150a2859c0da2ea-01,2026-08-31,手机,device,中兴,A系列,axon20,,,开机屏坏,110,元/台,,image,中兴.jpg,数码网报价单-0831更新/手机相关/中兴.jpg,1,0.98,visual_legacy_crosscheck
20260831-86fbff96c8c35e224b5f-01,2026-08-31,手机,device,中兴,A系列,axon20,,,不开机,110,元/台,,image,中兴.jpg,数码网报价单-0831更新/手机相关/中兴.jpg,1,0.98,visual_legacy_crosscheck
20260831-288379755bc9f8c9f549-01,2026-08-31,手机,device,中兴,A系列,axon20,,,废板-整机,110,元/台,,image,中兴.jpg,数码网报价单-0831更新/手机相关/中兴.jpg,1,0.98,visual_legacy_crosscheck
20260831-7f0309e49b0647433c46-01,2026-08-31,手机,device,中兴,V系列,V1050,,,开机屏好,80,元/台,,image,中兴.jpg,数码网报价单-0831更新/手机相关/中兴.jpg,1,0.98,visual_legacy_crosscheck
20260831-443ab72d1b8bfaa8d08e-01,2026-08-31,手机,device,中兴,V系列,V1050,,,开机屏坏,80,元/台,,image,中兴.jpg,数码网报价单-0831更新/手机相关/中兴.jpg,1,0.98,visual_legacy_crosscheck
20260831-61128a20de6bd8798103-01,2026-08-31,手机,device,中兴,V系列,V1050,,,不开机,80,元/台,,image,中兴.jpg,数码网报价单-0831更新/手机相关/中兴.jpg,1,0.98,visual_legacy_crosscheck
20260831-1ac183d603fb71442a8a-01,2026-08-31,手机,device,中兴,V系列,V1050,,,废板-整机,80,元/台,,image,中兴.jpg,数码网报价单-0831更新/手机相关/中兴.jpg,1,0.98,visual_legacy_crosscheck
20260831-0a5cf96fa37626392c62-01,2026-08-31,手机,device,中兴,V系列,V2022,,,开机屏好,80,元/台,,image,中兴.jpg,数码网报价单-0831更新/手机相关/中兴.jpg,1,0.98,visual_legacy_crosscheck
20260831-e7c8afa62866551c50b6-01,2026-08-31,手机,device,中兴,V系列,V2022,,,开机屏坏,80,元/台,,image,中兴.jpg,数码网报价单-0831更新/手机相关/中兴.jpg,1,0.98,visual_legacy_crosscheck
20260831-3f3cfde148d38b688522-01,2026-08-31,手机,device,中兴,V系列,V2022,,,不开机,80,元/台,,image,中兴.jpg,数码网报价单-0831更新/手机相关/中兴.jpg,1,0.98,visual_legacy_crosscheck
20260831-c8aaaa0357a0b222d0c1-01,2026-08-31,手机,device,中兴,V系列,V2022,,,废板-整机,80,元/台,,image,中兴.jpg,数码网报价单-0831更新/手机相关/中兴.jpg,1,0.98,visual_legacy_crosscheck
20260831-23c5cf09be35b685c88e-01,2026-08-31,手机,device,中兴,V系列,V2020 4G,,,开机屏好,80,元/台,,image,中兴.jpg,数码网报价单-0831更新/手机相关/中兴.jpg,1,0.98,visual_legacy_crosscheck
20260831-4dea4f2dd4eda3404cfe-01,2026-08-31,手机,device,中兴,V系列,V2020 4G,,,开机屏坏,80,元/台,,image,中兴.jpg,数码网报价单-0831更新/手机相关/中兴.jpg,1,0.98,visual_legacy_crosscheck
20260831-9fd00effba7094495b4a-01,2026-08-31,手机,device,中兴,V系列,V2020 4G,,,不开机,80,元/台,,image,中兴.jpg,数码网报价单-0831更新/手机相关/中兴.jpg,1,0.98,visual_legacy_crosscheck
20260831-d7f86e9f4222ac42dcce-01,2026-08-31,手机,device,中兴,V系列,V2020 4G,,,废板-整机,80,元/台,,image,中兴.jpg,数码网报价单-0831更新/手机相关/中兴.jpg,1,0.98,visual_legacy_crosscheck
20260831-dae9c81e433c26ffe0d4-01,2026-08-31,手机,device,中兴,V系列,V2020,,,开机屏好,80,元/台,,image,中兴.jpg,数码网报价单-0831更新/手机相关/中兴.jpg,1,0.98,visual_legacy_crosscheck
20260831-2d1ccf572b6698d2e8ef-01,2026-08-31,手机,device,中兴,V系列,V2020,,,开机屏坏,80,元/台,,image,中兴.jpg,数码网报价单-0831更新/手机相关/中兴.jpg,1,0.98,visual_legacy_crosscheck
20260831-48f2af22a617201cea19-01,2026-08-31,手机,device,中兴,V系列,V2020,,,不开机,80,元/台,,image,中兴.jpg,数码网报价单-0831更新/手机相关/中兴.jpg,1,0.98,visual_legacy_crosscheck
20260831-e9cf162869529a99c1eb-01,2026-08-31,手机,device,中兴,V系列,V2020,,,废板-整机,80,元/台,,image,中兴.jpg,数码网报价单-0831更新/手机相关/中兴.jpg,1,0.98,visual_legacy_crosscheck
20260831-5226b9b9e9dcc460e3c1-01,2026-08-31,手机,device,中兴,V系列,V1000,,,开机屏好,80,元/台,,image,中兴.jpg,数码网报价单-0831更新/手机相关/中兴.jpg,1,0.98,visual_legacy_crosscheck
20260831-2da9a5a34079758d440c-01,2026-08-31,手机,device,中兴,V系列,V1000,,,开机屏坏,80,元/台,,image,中兴.jpg,数码网报价单-0831更新/手机相关/中兴.jpg,1,0.98,visual_legacy_crosscheck
20260831-109cdc29dda3c60025d1-01,2026-08-31,手机,device,中兴,V系列,V1000,,,不开机,80,元/台,,image,中兴.jpg,数码网报价单-0831更新/手机相关/中兴.jpg,1,0.98,visual_legacy_crosscheck
20260831-d39513e3fbbc83313e61-01,2026-08-31,手机,device,中兴,V系列,V1000,,,废板-整机,80,元/台,,image,中兴.jpg,数码网报价单-0831更新/手机相关/中兴.jpg,1,0.98,visual_legacy_crosscheck
20260831-beab75ac213c5387e283-01,2026-08-31,手机,device,中兴,V系列,V890,,,开机屏好,80,元/台,,image,中兴.jpg,数码网报价单-0831更新/手机相关/中兴.jpg,1,0.98,visual_legacy_crosscheck
20260831-fc53b11c57ee265a251b-01,2026-08-31,手机,device,中兴,V系列,V890,,,开机屏坏,80,元/台,,image,中兴.jpg,数码网报价单-0831更新/手机相关/中兴.jpg,1,0.98,visual_legacy_crosscheck
20260831-8ff0eaa498c35c0c3df7-01,2026-08-31,手机,device,中兴,V系列,V890,,,不开机,80,元/台,,image,中兴.jpg,数码网报价单-0831更新/手机相关/中兴.jpg,1,0.98,visual_legacy_crosscheck
20260831-9bfc6dbbf2cf2d2592ab-01,2026-08-31,手机,device,中兴,V系列,V890,,,废板-整机,80,元/台,,image,中兴.jpg,数码网报价单-0831更新/手机相关/中兴.jpg,1,0.98,visual_legacy_crosscheck
20260831-c5364cf5c6e242511a06-01,2026-08-31,手机,device,中兴,V系列,v7m,,,开机屏好,65,元/台,,image,中兴.jpg,数码网报价单-0831更新/手机相关/中兴.jpg,1,0.98,visual_legacy_crosscheck
20260831-dc6373b2d0935e38fee9-01,2026-08-31,手机,device,中兴,V系列,v7m,,,开机屏坏,65,元/台,,image,中兴.jpg,数码网报价单-0831更新/手机相关/中兴.jpg,1,0.98,visual_legacy_crosscheck
20260831-fb5b4b9a13b42bebdebe-01,2026-08-31,手机,device,中兴,V系列,v7m,,,不开机,65,元/台,,image,中兴.jpg,数码网报价单-0831更新/手机相关/中兴.jpg,1,0.98,visual_legacy_crosscheck
20260831-c1cc19e6443b4970a275-01,2026-08-31,手机,device,中兴,V系列,v7m,,,废板-整机,65,元/台,,image,中兴.jpg,数码网报价单-0831更新/手机相关/中兴.jpg,1,0.98,visual_legacy_crosscheck
20260831-b49a71e67b730d25c244-01,2026-08-31,手机,device,中兴,V系列,V8,,,开机屏好,65,元/台,,image,中兴.jpg,数码网报价单-0831更新/手机相关/中兴.jpg,1,0.98,visual_legacy_crosscheck
20260831-035a6b93618bb094f167-01,2026-08-31,手机,device,中兴,V系列,V8,,,开机屏坏,65,元/台,,image,中兴.jpg,数码网报价单-0831更新/手机相关/中兴.jpg,1,0.98,visual_legacy_crosscheck
20260831-fafd39c7e358034d26b9-01,2026-08-31,手机,device,中兴,V系列,V8,,,不开机,65,元/台,,image,中兴.jpg,数码网报价单-0831更新/手机相关/中兴.jpg,1,0.98,visual_legacy_crosscheck
20260831-e8c27c744a937bcfde74-01,2026-08-31,手机,device,中兴,V系列,V8,,,废板-整机,65,元/台,,image,中兴.jpg,数码网报价单-0831更新/手机相关/中兴.jpg,1,0.98,visual_legacy_crosscheck
20260831-132fe8ecedf9c68c19ea-01,2026-08-31,手机,device,中兴,V系列,v8pro,,,开机屏好,25,元/台,,image,中兴.jpg,数码网报价单-0831更新/手机相关/中兴.jpg,1,0.98,visual_legacy_crosscheck
20260831-336b2e376e951b37e495-01,2026-08-31,手机,device,中兴,V系列,v8pro,,,开机屏坏,25,元/台,,image,中兴.jpg,数码网报价单-0831更新/手机相关/中兴.jpg,1,0.98,visual_legacy_crosscheck
20260831-170b94982492a49f88d8-01,2026-08-31,手机,device,中兴,V系列,v8pro,,,不开机,25,元/台,,image,中兴.jpg,数码网报价单-0831更新/手机相关/中兴.jpg,1,0.98,visual_legacy_crosscheck
20260831-713ffd2c3858cb7ea096-01,2026-08-31,手机,device,中兴,V系列,v8pro,,,废板-整机,25,元/台,,image,中兴.jpg,数码网报价单-0831更新/手机相关/中兴.jpg,1,0.98,visual_legacy_crosscheck
20260831-25242d10e2cee79b6bbd-01,2026-08-31,手机,device,中兴,V系列,V9,,,开机屏好,65,元/台,,image,中兴.jpg,数码网报价单-0831更新/手机相关/中兴.jpg,1,0.98,visual_legacy_crosscheck
20260831-c3559b8cf7d20d1e3f86-01,2026-08-31,手机,device,中兴,V系列,V9,,,开机屏坏,65,元/台,,image,中兴.jpg,数码网报价单-0831更新/手机相关/中兴.jpg,1,0.98,visual_legacy_crosscheck
20260831-7305207b80292cf0cef3-01,2026-08-31,手机,device,中兴,V系列,V9,,,不开机,65,元/台,,image,中兴.jpg,数码网报价单-0831更新/手机相关/中兴.jpg,1,0.98,visual_legacy_crosscheck
20260831-9cb3842f61cc03c546fd-01,2026-08-31,手机,device,中兴,V系列,V9,,,废板-整机,65,元/台,,image,中兴.jpg,数码网报价单-0831更新/手机相关/中兴.jpg,1,0.98,visual_legacy_crosscheck
20260831-15700bf0ab18f36414c7-01,2026-08-31,手机,device,中兴,V系列,V8mini,,,开机屏好,80,元/台,,image,中兴.jpg,数码网报价单-0831更新/手机相关/中兴.jpg,1,0.98,visual_legacy_crosscheck
20260831-01334014c45416990a09-01,2026-08-31,手机,device,中兴,V系列,V8mini,,,开机屏坏,80,元/台,,image,中兴.jpg,数码网报价单-0831更新/手机相关/中兴.jpg,1,0.98,visual_legacy_crosscheck
20260831-c8d751d926321a0ac76b-01,2026-08-31,手机,device,中兴,V系列,V8mini,,,不开机,80,元/台,,image,中兴.jpg,数码网报价单-0831更新/手机相关/中兴.jpg,1,0.98,visual_legacy_crosscheck
20260831-5e6d805cf8a24cfbfdd9-01,2026-08-31,手机,device,中兴,V系列,V8mini,,,废板-整机,80,元/台,,image,中兴.jpg,数码网报价单-0831更新/手机相关/中兴.jpg,1,0.98,visual_legacy_crosscheck
20260831-c1ddf93b2dc18c685f92-01,2026-08-31,手机,device,中兴,V系列,V6,,,开机屏好,80,元/台,,image,中兴.jpg,数码网报价单-0831更新/手机相关/中兴.jpg,1,0.98,visual_legacy_crosscheck
20260831-9f62042021cb5b4315b1-01,2026-08-31,手机,device,中兴,V系列,V6,,,开机屏坏,80,元/台,,image,中兴.jpg,数码网报价单-0831更新/手机相关/中兴.jpg,1,0.98,visual_legacy_crosscheck
20260831-53218bad1b52d76728c8-01,2026-08-31,手机,device,中兴,V系列,V6,,,不开机,80,元/台,,image,中兴.jpg,数码网报价单-0831更新/手机相关/中兴.jpg,1,0.98,visual_legacy_crosscheck
20260831-49899d678170f3f15fc9-01,2026-08-31,手机,device,中兴,V系列,V6,,,废板-整机,80,元/台,,image,中兴.jpg,数码网报价单-0831更新/手机相关/中兴.jpg,1,0.98,visual_legacy_crosscheck
20260831-d426e1bc22529d5c22ca-01,2026-08-31,手机,device,中兴,点数系列,中兴畅行60,,,开机屏好,110,元/台,,image,中兴.jpg,数码网报价单-0831更新/手机相关/中兴.jpg,1,0.98,visual_legacy_crosscheck
20260831-d8dcbcfb1e85f2692933-01,2026-08-31,手机,device,中兴,点数系列,中兴畅行60,,,开机屏坏,110,元/台,,image,中兴.jpg,数码网报价单-0831更新/手机相关/中兴.jpg,1,0.98,visual_legacy_crosscheck
20260831-dfa2f8be583e17b1f8a1-01,2026-08-31,手机,device,中兴,点数系列,中兴畅行60,,,不开机,110,元/台,,image,中兴.jpg,数码网报价单-0831更新/手机相关/中兴.jpg,1,0.98,visual_legacy_crosscheck
20260831-2857bf3e90fa5c21a99e-01,2026-08-31,手机,device,中兴,点数系列,中兴畅行60,,,废板-整机,110,元/台,,image,中兴.jpg,数码网报价单-0831更新/手机相关/中兴.jpg,1,0.98,visual_legacy_crosscheck
20260831-ef31b5a08ba232857a8d-01,2026-08-31,手机,device,中兴,点数系列,S30PRO,,,开机屏好,110,元/台,,image,中兴.jpg,数码网报价单-0831更新/手机相关/中兴.jpg,1,0.98,visual_legacy_crosscheck
20260831-1e439aa4af9b0797eb53-01,2026-08-31,手机,device,中兴,点数系列,S30PRO,,,开机屏坏,110,元/台,,image,中兴.jpg,数码网报价单-0831更新/手机相关/中兴.jpg,1,0.98,visual_legacy_crosscheck
20260831-7bcc37a537ce7cfd0dc1-01,2026-08-31,手机,device,中兴,点数系列,S30PRO,,,不开机,110,元/台,,image,中兴.jpg,数码网报价单-0831更新/手机相关/中兴.jpg,1,0.98,visual_legacy_crosscheck
20260831-2a299f5e17a013223a08-01,2026-08-31,手机,device,中兴,点数系列,S30PRO,,,废板-整机,110,元/台,,image,中兴.jpg,数码网报价单-0831更新/手机相关/中兴.jpg,1,0.98,visual_legacy_crosscheck
20260831-c8ac3ae993fba1dba46b-01,2026-08-31,手机,device,中兴,点数系列,中兴畅行50,,,开机屏好,110,元/台,,image,中兴.jpg,数码网报价单-0831更新/手机相关/中兴.jpg,1,0.98,visual_legacy_crosscheck
20260831-e36cd34d4988b1f62e73-01,2026-08-31,手机,device,中兴,点数系列,中兴畅行50,,,开机屏坏,110,元/台,,image,中兴.jpg,数码网报价单-0831更新/手机相关/中兴.jpg,1,0.98,visual_legacy_crosscheck
20260831-01611a8e5afc6c3c5e3f-01,2026-08-31,手机,device,中兴,点数系列,中兴畅行50,,,不开机,110,元/台,,image,中兴.jpg,数码网报价单-0831更新/手机相关/中兴.jpg,1,0.98,visual_legacy_crosscheck
20260831-3ae5b6624419775330e6-01,2026-08-31,手机,device,中兴,点数系列,中兴畅行50,,,废板-整机,110,元/台,,image,中兴.jpg,数码网报价单-0831更新/手机相关/中兴.jpg,1,0.98,visual_legacy_crosscheck
20260831-3b9d1162752311fd4e2b-01,2026-08-31,手机,device,中兴,点数系列,S30SE,,,开机屏好,110,元/台,,image,中兴.jpg,数码网报价单-0831更新/手机相关/中兴.jpg,1,0.98,visual_legacy_crosscheck
20260831-8b57c972ea2cf8f5e3ad-01,2026-08-31,手机,device,中兴,点数系列,S30SE,,,开机屏坏,110,元/台,,image,中兴.jpg,数码网报价单-0831更新/手机相关/中兴.jpg,1,0.98,visual_legacy_crosscheck
20260831-33d316b57548e3964c18-01,2026-08-31,手机,device,中兴,点数系列,S30SE,,,不开机,110,元/台,,image,中兴.jpg,数码网报价单-0831更新/手机相关/中兴.jpg,1,0.98,visual_legacy_crosscheck
20260831-a9742e8e0c19dda885d9-01,2026-08-31,手机,device,中兴,点数系列,S30SE,,,废板-整机,110,元/台,,image,中兴.jpg,数码网报价单-0831更新/手机相关/中兴.jpg,1,0.98,visual_legacy_crosscheck
20260831-880379e5d606b510e60b-01,2026-08-31,手机,device,中兴,点数系列,S30,,,开机屏好,110,元/台,,image,中兴.jpg,数码网报价单-0831更新/手机相关/中兴.jpg,1,0.98,visual_legacy_crosscheck
20260831-6790cb815a4d46132edb-01,2026-08-31,手机,device,中兴,点数系列,S30,,,开机屏坏,110,元/台,,image,中兴.jpg,数码网报价单-0831更新/手机相关/中兴.jpg,1,0.98,visual_legacy_crosscheck
20260831-144a0fb4c952ffab6239-01,2026-08-31,手机,device,中兴,点数系列,S30,,,不开机,110,元/台,,image,中兴.jpg,数码网报价单-0831更新/手机相关/中兴.jpg,1,0.98,visual_legacy_crosscheck
20260831-612896d673953d020834-01,2026-08-31,手机,device,中兴,点数系列,S30,,,废板-整机,110,元/台,,image,中兴.jpg,数码网报价单-0831更新/手机相关/中兴.jpg,1,0.98,visual_legacy_crosscheck
20260831-310a1da9052d67e3388f-01,2026-08-31,手机,device,中兴,点数系列,C2017,,,开机屏好,110,元/台,,image,中兴.jpg,数码网报价单-0831更新/手机相关/中兴.jpg,1,0.98,visual_legacy_crosscheck
20260831-0551d5062895897e7b11-01,2026-08-31,手机,device,中兴,点数系列,C2017,,,开机屏坏,110,元/台,,image,中兴.jpg,数码网报价单-0831更新/手机相关/中兴.jpg,1,0.98,visual_legacy_crosscheck
20260831-44686cbb7addd9515dce-01,2026-08-31,手机,device,中兴,点数系列,C2017,,,不开机,110,元/台,,image,中兴.jpg,数码网报价单-0831更新/手机相关/中兴.jpg,1,0.98,visual_legacy_crosscheck
20260831-cd801dc172edb2a2ccbf-01,2026-08-31,手机,device,中兴,点数系列,C2017,,,废板-整机,110,元/台,,image,中兴.jpg,数码网报价单-0831更新/手机相关/中兴.jpg,1,0.98,visual_legacy_crosscheck
20260831-7139223de4e36db3b260-01,2026-08-31,手机,device,中兴,点数系列,602,,,开机屏好,20,元/台,,image,中兴.jpg,数码网报价单-0831更新/手机相关/中兴.jpg,1,0.98,visual_legacy_crosscheck
