record_id,data_date,category,subtype,brand,series,model,model_code,alias,condition,price,unit,note,origin,source_image,source_path,verified,confidence,verification
20260831-69e6a7dd88db3fe1eb2c-01,2026-08-31,手机,device,小米,,红米K50至尊 (8+256),,,开机压屏机,190,元/台,,image,小米2.jpg,数码网报价单-0831更新/手机相关/小米2.jpg,1,0.98,visual_legacy_crosscheck
20260831-a67ff7f4a3a7cb105b60-01,2026-08-31,手机,device,小米,,红米K50至尊 (8+256),,,不开机,220,元/台,,image,小米2.jpg,数码网报价单-0831更新/手机相关/小米2.jpg,1,0.98,visual_legacy_crosscheck
20260831-84d73c6993f756a65813-01,2026-08-31,手机,device,小米,,红米K50至尊 (8+256),,,废板·断板,190,元/台,,image,小米2.jpg,数码网报价单-0831更新/手机相关/小米2.jpg,1,0.98,visual_legacy_crosscheck
20260831-7e900836bd1f4d49e946-01,2026-08-31,手机,device,小米,,红米K50至尊 (8+256),,,统货,/,元/台,,image,小米2.jpg,数码网报价单-0831更新/手机相关/小米2.jpg,1,0.98,visual_legacy_crosscheck
20260831-f4964d0ab2c90f19f237-01,2026-08-31,手机,device,小米,,红米K50至尊 (12+256),,,开机靓机好,220,元/台,,image,小米2.jpg,数码网报价单-0831更新/手机相关/小米2.jpg,1,0.98,visual_legacy_crosscheck
20260831-6a335e06c53daed16368-01,2026-08-31,手机,device,小米,,红米K50至尊 (12+256),,,开机好碎,220,元/台,,image,小米2.jpg,数码网报价单-0831更新/手机相关/小米2.jpg,1,0.98,visual_legacy_crosscheck
20260831-25e7ca7c4f62ed46453b-01,2026-08-31,手机,device,小米,,红米K50至尊 (12+256),,,开机碎屏,220,元/台,,image,小米2.jpg,数码网报价单-0831更新/手机相关/小米2.jpg,1,0.98,visual_legacy_crosscheck
20260831-b45e4609f4b0978ec8ee-01,2026-08-31,手机,device,小米,,红米K50至尊 (12+256),,,开机压屏机,220,元/台,,image,小米2.jpg,数码网报价单-0831更新/手机相关/小米2.jpg,1,0.98,visual_legacy_crosscheck
20260831-c374bf36fc38547ad4d8-01,2026-08-31,手机,device,小米,,红米K50至尊 (12+256),,,不开机,220,元/台,,image,小米2.jpg,数码网报价单-0831更新/手机相关/小米2.jpg,1,0.98,visual_legacy_crosscheck
20260831-8220a6f0511e4fff4e78-01,2026-08-31,手机,device,小米,,红米K50至尊 (12+256),,,废板·断板,220,元/台,,image,小米2.jpg,数码网报价单-0831更新/手机相关/小米2.jpg,1,0.98,visual_legacy_crosscheck
20260831-7e1151af3e247d1a4a14-01,2026-08-31,手机,device,小米,,红米K50至尊 (12+256),,,统货,/,元/台,,image,小米2.jpg,数码网报价单-0831更新/手机相关/小米2.jpg,1,0.98,visual_legacy_crosscheck
20260831-c075fdb968caaefbd64b-01,2026-08-31,手机,device,小米,,红米K50至尊 (12+512),,,开机靓机好,270,元/台,,image,小米2.jpg,数码网报价单-0831更新/手机相关/小米2.jpg,1,0.98,visual_legacy_crosscheck
20260831-00d8acf813e6bb7caee6-01,2026-08-31,手机,device,小米,,红米K50至尊 (12+512),,,开机好碎,270,元/台,,image,小米2.jpg,数码网报价单-0831更新/手机相关/小米2.jpg,1,0.98,visual_legacy_crosscheck
20260831-4c48326b8f0a205e7b7d-01,2026-08-31,手机,device,小米,,红米K50至尊 (12+512),,,开机碎屏,270,元/台,,image,小米2.jpg,数码网报价单-0831更新/手机相关/小米2.jpg,1,0.98,visual_legacy_crosscheck
20260831-f7da263ddc1b5852d7ea-01,2026-08-31,手机,device,小米,,红米K50至尊 (12+512),,,开机压屏机,270,元/台,,image,小米2.jpg,数码网报价单-0831更新/手机相关/小米2.jpg,1,0.98,visual_legacy_crosscheck
20260831-910e4b897d18864a4d17-01,2026-08-31,手机,device,小米,,红米K50至尊 (12+512),,,不开机,270,元/台,,image,小米2.jpg,数码网报价单-0831更新/手机相关/小米2.jpg,1,0.98,visual_legacy_crosscheck
20260831-fa5460e28745b0e966df-01,2026-08-31,手机,device,小米,,红米K50至尊 (12+512),,,废板·断板,270,元/台,,image,小米2.jpg,数码网报价单-0831更新/手机相关/小米2.jpg,1,0.98,visual_legacy_crosscheck
20260831-e6bb61d6c2b82227dbf2-01,2026-08-31,手机,device,小米,,红米K50至尊 (12+512),,,统货,/,元/台,,image,小米2.jpg,数码网报价单-0831更新/手机相关/小米2.jpg,1,0.98,visual_legacy_crosscheck
20260831-f991068b172b7d7a666e-01,2026-08-31,手机,device,小米,,红米k50 Pro (8+128),,,开机靓机好,205,元/台,三星屏,image,小米2.jpg,数码网报价单-0831更新/手机相关/小米2.jpg,1,0.98,visual_legacy_crosscheck
20260831-025924c8909fa2f138b9-01,2026-08-31,手机,device,小米,,红米k50 Pro (8+128),,,开机好碎,205,元/台,三星屏,image,小米2.jpg,数码网报价单-0831更新/手机相关/小米2.jpg,1,0.98,visual_legacy_crosscheck
20260831-aacf86a377adda55096c-01,2026-08-31,手机,device,小米,,红米k50 Pro (8+128),,,开机碎屏,205,元/台,三星屏,image,小米2.jpg,数码网报价单-0831更新/手机相关/小米2.jpg,1,0.98,visual_legacy_crosscheck
20260831-6a522f20dc008836368e-01,2026-08-31,手机,device,小米,,红米k50 Pro (8+128),,,开机压屏机,205,元/台,三星屏,image,小米2.jpg,数码网报价单-0831更新/手机相关/小米2.jpg,1,0.98,visual_legacy_crosscheck
20260831-c4201c192dfa0f4a367a-01,2026-08-31,手机,device,小米,,红米k50 Pro (8+128),,,不开机,205,元/台,三星屏,image,小米2.jpg,数码网报价单-0831更新/手机相关/小米2.jpg,1,0.98,visual_legacy_crosscheck
20260831-f9951d894e5727b17f27-01,2026-08-31,手机,device,小米,,红米k50 Pro (8+128),,,废板·断板,205,元/台,三星屏,image,小米2.jpg,数码网报价单-0831更新/手机相关/小米2.jpg,1,0.98,visual_legacy_crosscheck
20260831-d047e9515a4303969c36-01,2026-08-31,手机,device,小米,,红米k50 Pro (8+128),,,统货,/,元/台,三星屏,image,小米2.jpg,数码网报价单-0831更新/手机相关/小米2.jpg,1,0.98,visual_legacy_crosscheck
20260831-56532e8d9debbc9f578c-01,2026-08-31,手机,device,小米,,红米K50 Pro (8+256),,,开机靓机好,205,元/台,,image,小米2.jpg,数码网报价单-0831更新/手机相关/小米2.jpg,1,0.98,visual_legacy_crosscheck
20260831-689044947777e35af930-01,2026-08-31,手机,device,小米,,红米K50 Pro (8+256),,,开机好碎,205,元/台,,image,小米2.jpg,数码网报价单-0831更新/手机相关/小米2.jpg,1,0.98,visual_legacy_crosscheck
20260831-eaada4b2a1d7a1e8a05e-01,2026-08-31,手机,device,小米,,红米K50 Pro (8+256),,,开机碎屏,205,元/台,,image,小米2.jpg,数码网报价单-0831更新/手机相关/小米2.jpg,1,0.98,visual_legacy_crosscheck
20260831-478202917020fa1020c7-01,2026-08-31,手机,device,小米,,红米K50 Pro (8+256),,,开机压屏机,205,元/台,,image,小米2.jpg,数码网报价单-0831更新/手机相关/小米2.jpg,1,0.98,visual_legacy_crosscheck
20260831-2059c50357363144d189-01,2026-08-31,手机,device,小米,,红米K50 Pro (8+256),,,不开机,205,元/台,,image,小米2.jpg,数码网报价单-0831更新/手机相关/小米2.jpg,1,0.98,visual_legacy_crosscheck
20260831-ca045904a3468ed84e7d-01,2026-08-31,手机,device,小米,,红米K50 Pro (8+256),,,废板·断板,205,元/台,,image,小米2.jpg,数码网报价单-0831更新/手机相关/小米2.jpg,1,0.98,visual_legacy_crosscheck
20260831-000189cd23259394c3c6-01,2026-08-31,手机,device,小米,,红米K50 Pro (8+256),,,统货,/,元/台,,image,小米2.jpg,数码网报价单-0831更新/手机相关/小米2.jpg,1,0.98,visual_legacy_crosscheck
20260831-868cb0018a5b364d9050-01,2026-08-31,手机,device,小米,,红米K50 Pro (12+256),,,开机靓机好,215,元/台,,image,小米2.jpg,数码网报价单-0831更新/手机相关/小米2.jpg,1,0.98,visual_legacy_crosscheck
20260831-fc8dce768d6e8f612089-01,2026-08-31,手机,device,小米,,红米K50 Pro (12+256),,,开机好碎,215,元/台,,image,小米2.jpg,数码网报价单-0831更新/手机相关/小米2.jpg,1,0.98,visual_legacy_crosscheck
20260831-8d6b0553c2e72fd46c4e-01,2026-08-31,手机,device,小米,,红米K50 Pro (12+256),,,开机碎屏,215,元/台,,image,小米2.jpg,数码网报价单-0831更新/手机相关/小米2.jpg,1,0.98,visual_legacy_crosscheck
20260831-f3f56b82074facdb2e37-01,2026-08-31,手机,device,小米,,红米K50 Pro (12+256),,,开机压屏机,215,元/台,,image,小米2.jpg,数码网报价单-0831更新/手机相关/小米2.jpg,1,0.98,visual_legacy_crosscheck
20260831-576478d85b1eb28a689b-01,2026-08-31,手机,device,小米,,红米K50 Pro (12+256),,,不开机,215,元/台,,image,小米2.jpg,数码网报价单-0831更新/手机相关/小米2.jpg,1,0.98,visual_legacy_crosscheck
20260831-0c5e07450716e14a1070-01,2026-08-31,手机,device,小米,,红米K50 Pro (12+256),,,废板·断板,215,元/台,,image,小米2.jpg,数码网报价单-0831更新/手机相关/小米2.jpg,1,0.98,visual_legacy_crosscheck
20260831-b306a5449ed79bb86351-01,2026-08-31,手机,device,小米,,红米K50 Pro (12+256),,,统货,/,元/台,,image,小米2.jpg,数码网报价单-0831更新/手机相关/小米2.jpg,1,0.98,visual_legacy_crosscheck
20260831-f52c82a56e90b7fbba9f-01,2026-08-31,手机,device,小米,,红米K50 Pro (12+512),,,开机靓机好,270,元/台,,image,小米2.jpg,数码网报价单-0831更新/手机相关/小米2.jpg,1,0.98,visual_legacy_crosscheck
20260831-295785bf0552cd78e77c-01,2026-08-31,手机,device,小米,,红米K50 Pro (12+512),,,开机好碎,270,元/台,,image,小米2.jpg,数码网报价单-0831更新/手机相关/小米2.jpg,1,0.98,visual_legacy_crosscheck
20260831-e97847b3c291518b5fe5-01,2026-08-31,手机,device,小米,,红米K50 Pro (12+512),,,开机碎屏,270,元/台,,image,小米2.jpg,数码网报价单-0831更新/手机相关/小米2.jpg,1,0.98,visual_legacy_crosscheck
20260831-f63c5fff764330c10ec4-01,2026-08-31,手机,device,小米,,红米K50 Pro (12+512),,,开机压屏机,270,元/台,,image,小米2.jpg,数码网报价单-0831更新/手机相关/小米2.jpg,1,0.98,visual_legacy_crosscheck
20260831-499dd4a6d93863c18f07-01,2026-08-31,手机,device,小米,,红米K50 Pro (12+512),,,不开机,270,元/台,,image,小米2.jpg,数码网报价单-0831更新/手机相关/小米2.jpg,1,0.98,visual_legacy_crosscheck
20260831-d46566c0b65d0fe7c906-01,2026-08-31,手机,device,小米,,红米K50 Pro (12+512),,,废板·断板,270,元/台,,image,小米2.jpg,数码网报价单-0831更新/手机相关/小米2.jpg,1,0.98,visual_legacy_crosscheck
20260831-319cd5053d4e6759435e-01,2026-08-31,手机,device,小米,,红米K50 Pro (12+512),,,统货,/,元/台,,image,小米2.jpg,数码网报价单-0831更新/手机相关/小米2.jpg,1,0.98,visual_legacy_crosscheck
20260831-b6c5ceb9690b4dfda452-01,2026-08-31,手机,device,小米,,红米K50 (8+128),,,开机靓机好,205,元/台,,image,小米2.jpg,数码网报价单-0831更新/手机相关/小米2.jpg,1,0.98,visual_legacy_crosscheck
20260831-b596f8e3e9b963ccef47-01,2026-08-31,手机,device,小米,,红米K50 (8+128),,,开机好碎,205,元/台,,image,小米2.jpg,数码网报价单-0831更新/手机相关/小米2.jpg,1,0.98,visual_legacy_crosscheck
20260831-9d12018f6dab96d1d926-01,2026-08-31,手机,device,小米,,红米K50 (8+128),,,开机碎屏,205,元/台,,image,小米2.jpg,数码网报价单-0831更新/手机相关/小米2.jpg,1,0.98,visual_legacy_crosscheck
20260831-eb6ccbd61182b9785d62-01,2026-08-31,手机,device,小米,,红米K50 (8+128),,,开机压屏机,205,元/台,,image,小米2.jpg,数码网报价单-0831更新/手机相关/小米2.jpg,1,0.98,visual_legacy_crosscheck
20260831-ba3f670289d24a4d1709-01,2026-08-31,手机,device,小米,,红米K50 (8+128),,,不开机,205,元/台,,image,小米2.jpg,数码网报价单-0831更新/手机相关/小米2.jpg,1,0.98,visual_legacy_crosscheck
20260831-7f78b7d0adc2240c613b-01,2026-08-31,手机,device,小米,,红米K50 (8+128),,,废板·断板,205,元/台,,image,小米2.jpg,数码网报价单-0831更新/手机相关/小米2.jpg,1,0.98,visual_legacy_crosscheck
20260831-fbb7e32200d6b04bb266-01,2026-08-31,手机,device,小米,,红米K50 (8+128),,,统货,/,元/台,,image,小米2.jpg,数码网报价单-0831更新/手机相关/小米2.jpg,1,0.98,visual_legacy_crosscheck
20260831-a341f5a5538ebb10ad0c-01,2026-08-31,手机,device,小米,,红米K50 (8+256),,,开机靓机好,215,元/台,,image,小米2.jpg,数码网报价单-0831更新/手机相关/小米2.jpg,1,0.98,visual_legacy_crosscheck
20260831-5a113fa3e65501035f58-01,2026-08-31,手机,device,小米,,红米K50 (8+256),,,开机好碎,215,元/台,,image,小米2.jpg,数码网报价单-0831更新/手机相关/小米2.jpg,1,0.98,visual_legacy_crosscheck
20260831-d4ea2e52c7dfc004b5da-01,2026-08-31,手机,device,小米,,红米K50 (8+256),,,开机碎屏,215,元/台,,image,小米2.jpg,数码网报价单-0831更新/手机相关/小米2.jpg,1,0.98,visual_legacy_crosscheck
20260831-2eb2b630b6c3a7833f51-01,2026-08-31,手机,device,小米,,红米K50 (8+256),,,开机压屏机,215,元/台,,image,小米2.jpg,数码网报价单-0831更新/手机相关/小米2.jpg,1,0.98,visual_legacy_crosscheck
20260831-daacb50fb6a5bf4f71d2-01,2026-08-31,手机,device,小米,,红米K50 (8+256),,,不开机,215,元/台,,image,小米2.jpg,数码网报价单-0831更新/手机相关/小米2.jpg,1,0.98,visual_legacy_crosscheck
20260831-285ec8a301515e5d9a33-01,2026-08-31,手机,device,小米,,红米K50 (8+256),,,废板·断板,215,元/台,,image,小米2.jpg,数码网报价单-0831更新/手机相关/小米2.jpg,1,0.98,visual_legacy_crosscheck
20260831-571a79c66232255d8e6f-01,2026-08-31,手机,device,小米,,红米K50 (8+256),,,统货,/,元/台,,image,小米2.jpg,数码网报价单-0831更新/手机相关/小米2.jpg,1,0.98,visual_legacy_crosscheck
20260831-c2e690c1c5ba144149e8-01,2026-08-31,手机,device,小米,,红米K50 (12+256),,,开机靓机好,270,元/台,,image,小米2.jpg,数码网报价单-0831更新/手机相关/小米2.jpg,1,0.98,visual_legacy_crosscheck
20260831-23482dd15e9ddd543454-01,2026-08-31,手机,device,小米,,红米K50 (12+256),,,开机好碎,270,元/台,,image,小米2.jpg,数码网报价单-0831更新/手机相关/小米2.jpg,1,0.98,visual_legacy_crosscheck
20260831-983abb999acf2f34f237-01,2026-08-31,手机,device,小米,,红米K50 (12+256),,,开机碎屏,270,元/台,,image,小米2.jpg,数码网报价单-0831更新/手机相关/小米2.jpg,1,0.98,visual_legacy_crosscheck
20260831-7f0c42b6093ad389e457-01,2026-08-31,手机,device,小米,,红米K50 (12+256),,,开机压屏机,270,元/台,,image,小米2.jpg,数码网报价单-0831更新/手机相关/小米2.jpg,1,0.98,visual_legacy_crosscheck
20260831-fc01c2716884a5a02af1-01,2026-08-31,手机,device,小米,,红米K50 (12+256),,,不开机,270,元/台,,image,小米2.jpg,数码网报价单-0831更新/手机相关/小米2.jpg,1,0.98,visual_legacy_crosscheck
20260831-b7dfc784933681231e5d-01,2026-08-31,手机,device,小米,,红米K50 (12+256),,,废板·断板,270,元/台,,image,小米2.jpg,数码网报价单-0831更新/手机相关/小米2.jpg,1,0.98,visual_legacy_crosscheck
20260831-928dfae761110940835d-01,2026-08-31,手机,device,小米,,红米K50 (12+256),,,统货,/,元/台,,image,小米2.jpg,数码网报价单-0831更新/手机相关/小米2.jpg,1,0.98,visual_legacy_crosscheck
20260831-fb8faa624b3bbb7d16b9-01,2026-08-31,手机,device,小米,,红米k50 (8+128),,,开机靓机好,160,元/台,三星屏 芯片无破损 比例正常,image,小米2.jpg,数码网报价单-0831更新/手机相关/小米2.jpg,1,0.98,visual_legacy_crosscheck
20260831-ca01ed0c59261bc300dc-01,2026-08-31,手机,device,小米,,红米k50 (8+128),,,开机好碎,160,元/台,三星屏 芯片无破损 比例正常,image,小米2.jpg,数码网报价单-0831更新/手机相关/小米2.jpg,1,0.98,visual_legacy_crosscheck
20260831-b870607be3485287cd41-01,2026-08-31,手机,device,小米,,红米k50 (8+128),,,开机碎屏,160,元/台,三星屏 芯片无破损 比例正常,image,小米2.jpg,数码网报价单-0831更新/手机相关/小米2.jpg,1,0.98,visual_legacy_crosscheck
20260831-531421ad4cd0bd2ef2af-01,2026-08-31,手机,device,小米,,红米k50 (8+128),,,开机压屏机,160,元/台,三星屏 芯片无破损 比例正常,image,小米2.jpg,数码网报价单-0831更新/手机相关/小米2.jpg,1,0.98,visual_legacy_crosscheck
20260831-fe4b4545570b6061fb72-01,2026-08-31,手机,device,小米,,红米k50 (8+128),,,不开机,160,元/台,三星屏 芯片无破损 比例正常,image,小米2.jpg,数码网报价单-0831更新/手机相关/小米2.jpg,1,0.98,visual_legacy_crosscheck
20260831-9d7b7722e317ef7e474a-01,2026-08-31,手机,device,小米,,红米k50 (8+128),,,废板·断板,160,元/台,三星屏 芯片无破损 比例正常,image,小米2.jpg,数码网报价单-0831更新/手机相关/小米2.jpg,1,0.98,visual_legacy_crosscheck
20260831-fad90012aa04b8532706-01,2026-08-31,手机,device,小米,,红米k50 (8+128),,,统货,/,元/台,三星屏 芯片无破损 比例正常,image,小米2.jpg,数码网报价单-0831更新/手机相关/小米2.jpg,1,0.98,visual_legacy_crosscheck
20260831-396462e25580683d94e8-01,2026-08-31,手机,device,小米,,红米K40游戏增强版 (8+128),,,开机靓机好,100,元/台,三星屏 屏幕大老化算碎屏 开机功能正常 主板靓统货,image,小米2.jpg,数码网报价单-0831更新/手机相关/小米2.jpg,1,0.98,visual_legacy_crosscheck
20260831-aff973d727802ecc320f-01,2026-08-31,手机,device,小米,,红米K40游戏增强版 (8+128),,,开机好碎,100,元/台,三星屏 屏幕大老化算碎屏 开机功能正常 主板靓统货,image,小米2.jpg,数码网报价单-0831更新/手机相关/小米2.jpg,1,0.98,visual_legacy_crosscheck
20260831-0f8e85530a7a8d823576-01,2026-08-31,手机,device,小米,,红米K40游戏增强版 (8+128),,,开机碎屏,100,元/台,三星屏 屏幕大老化算碎屏 开机功能正常 主板靓统货,image,小米2.jpg,数码网报价单-0831更新/手机相关/小米2.jpg,1,0.98,visual_legacy_crosscheck
20260831-1a4c4e1c86c1149391fa-01,2026-08-31,手机,device,小米,,红米K40游戏增强版 (8+128),,,开机压屏机,100,元/台,三星屏 屏幕大老化算碎屏 开机功能正常 主板靓统货,image,小米2.jpg,数码网报价单-0831更新/手机相关/小米2.jpg,1,0.98,visual_legacy_crosscheck
20260831-97d4efc1d4063374778e-01,2026-08-31,手机,device,小米,,红米K40游戏增强版 (8+128),,,不开机,85,元/台,三星屏 屏幕大老化算碎屏 开机功能正常 主板靓统货,image,小米2.jpg,数码网报价单-0831更新/手机相关/小米2.jpg,1,0.98,visual_legacy_crosscheck
20260831-fc3cb7f4f4a420104b18-01,2026-08-31,手机,device,小米,,红米K40游戏增强版 (8+128),,,废板·断板,85,元/台,三星屏 屏幕大老化算碎屏 开机功能正常 主板靓统货,image,小米2.jpg,数码网报价单-0831更新/手机相关/小米2.jpg,1,0.98,visual_legacy_crosscheck
20260831-42ed5f9afceffb30c997-01,2026-08-31,手机,device,小米,,红米K40游戏增强版 (8+128),,,统货,/,元/台,三星屏 屏幕大老化算碎屏 开机功能正常 主板靓统货,image,小米2.jpg,数码网报价单-0831更新/手机相关/小米2.jpg,1,0.98,visual_legacy_crosscheck
20260831-f43a7088e8232b75ddfc-01,2026-08-31,手机,device,小米,,红米K40游戏增强版 (12+128),,,开机靓机好,140,元/台,三星屏 开机功能正常 主板靓统货,image,小米2.jpg,数码网报价单-0831更新/手机相关/小米2.jpg,1,0.98,visual_legacy_crosscheck
20260831-b003d78d02a2f1ae119b-01,2026-08-31,手机,device,小米,,红米K40游戏增强版 (12+128),,,开机好碎,140,元/台,三星屏 开机功能正常 主板靓统货,image,小米2.jpg,数码网报价单-0831更新/手机相关/小米2.jpg,1,0.98,visual_legacy_crosscheck
20260831-1a1edf57093460daa766-01,2026-08-31,手机,device,小米,,红米K40游戏增强版 (12+128),,,开机碎屏,140,元/台,三星屏 开机功能正常 主板靓统货,image,小米2.jpg,数码网报价单-0831更新/手机相关/小米2.jpg,1,0.98,visual_legacy_crosscheck
20260831-d25e56bc209b80b07358-01,2026-08-31,手机,device,小米,,红米K40游戏增强版 (12+128),,,开机压屏机,140,元/台,三星屏 开机功能正常 主板靓统货,image,小米2.jpg,数码网报价单-0831更新/手机相关/小米2.jpg,1,0.98,visual_legacy_crosscheck
20260831-3a38640530eb0d8d7457-01,2026-08-31,手机,device,小米,,红米K40游戏增强版 (12+128),,,不开机,125,元/台,三星屏 开机功能正常 主板靓统货,image,小米2.jpg,数码网报价单-0831更新/手机相关/小米2.jpg,1,0.98,visual_legacy_crosscheck
20260831-044ea7d4f6a4b57bc41b-01,2026-08-31,手机,device,小米,,红米K40游戏增强版 (12+128),,,废板·断板,125,元/台,三星屏 开机功能正常 主板靓统货,image,小米2.jpg,数码网报价单-0831更新/手机相关/小米2.jpg,1,0.98,visual_legacy_crosscheck
20260831-6e6737857c5a67ebbf92-01,2026-08-31,手机,device,小米,,红米K40游戏增强版 (12+128),,,统货,/,元/台,三星屏 开机功能正常 主板靓统货,image,小米2.jpg,数码网报价单-0831更新/手机相关/小米2.jpg,1,0.98,visual_legacy_crosscheck
20260831-e9d4244a9d728ce5dc66-01,2026-08-31,手机,device,小米,,红米K40游戏增强版 (12+256),,,开机靓机好,150,元/台,三星屏 开机功能正常 主板靓统货,image,小米2.jpg,数码网报价单-0831更新/手机相关/小米2.jpg,1,0.98,visual_legacy_crosscheck
20260831-ee53fac85bc4dcbdddd5-01,2026-08-31,手机,device,小米,,红米K40游戏增强版 (12+256),,,开机好碎,150,元/台,三星屏 开机功能正常 主板靓统货,image,小米2.jpg,数码网报价单-0831更新/手机相关/小米2.jpg,1,0.98,visual_legacy_crosscheck
20260831-ab4216e9c61cbd883aa8-01,2026-08-31,手机,device,小米,,红米K40游戏增强版 (12+256),,,开机碎屏,150,元/台,三星屏 开机功能正常 主板靓统货,image,小米2.jpg,数码网报价单-0831更新/手机相关/小米2.jpg,1,0.98,visual_legacy_crosscheck
20260831-bfea17428d0b359fb75f-01,2026-08-31,手机,device,小米,,红米K40游戏增强版 (12+256),,,开机压屏机,150,元/台,三星屏 开机功能正常 主板靓统货,image,小米2.jpg,数码网报价单-0831更新/手机相关/小米2.jpg,1,0.98,visual_legacy_crosscheck
20260831-297c9e846e9e6f62f60a-01,2026-08-31,手机,device,小米,,红米K40游戏增强版 (12+256),,,不开机,135,元/台,三星屏 开机功能正常 主板靓统货,image,小米2.jpg,数码网报价单-0831更新/手机相关/小米2.jpg,1,0.98,visual_legacy_crosscheck
20260831-379034775aebbab42b3f-01,2026-08-31,手机,device,小米,,红米K40游戏增强版 (12+256),,,废板·断板,135,元/台,三星屏 开机功能正常 主板靓统货,image,小米2.jpg,数码网报价单-0831更新/手机相关/小米2.jpg,1,0.98,visual_legacy_crosscheck
20260831-4fe890e823f5d4c0cacd-01,2026-08-31,手机,device,小米,,红米K40游戏增强版 (12+256),,,统货,/,元/台,三星屏 开机功能正常 主板靓统货,image,小米2.jpg,数码网报价单-0831更新/手机相关/小米2.jpg,1,0.98,visual_legacy_crosscheck
20260831-6ecc017138f5873134ee-01,2026-08-31,手机,device,小米,,红米K40游戏增强版 (12+256),,,开机靓机好,190,元/台,三星屏 开机功能正常 主板靓统货,image,小米2.jpg,数码网报价单-0831更新/手机相关/小米2.jpg,1,0.98,visual_legacy_crosscheck
20260831-e39614e929db4bd0e049-01,2026-08-31,手机,device,小米,,红米K40游戏增强版 (12+256),,,开机好碎,190,元/台,三星屏 开机功能正常 主板靓统货,image,小米2.jpg,数码网报价单-0831更新/手机相关/小米2.jpg,1,0.98,visual_legacy_crosscheck
20260831-ca7544a8c62f9ec9dad9-01,2026-08-31,手机,device,小米,,红米K40游戏增强版 (12+256),,,开机碎屏,190,元/台,三星屏 开机功能正常 主板靓统货,image,小米2.jpg,数码网报价单-0831更新/手机相关/小米2.jpg,1,0.98,visual_legacy_crosscheck
20260831-696e3d625f6321533e66-01,2026-08-31,手机,device,小米,,红米K40游戏增强版 (12+256),,,开机压屏机,190,元/台,三星屏 开机功能正常 主板靓统货,image,小米2.jpg,数码网报价单-0831更新/手机相关/小米2.jpg,1,0.98,visual_legacy_crosscheck
20260831-80e8574567aeea355686-01,2026-08-31,手机,device,小米,,红米K40游戏增强版 (12+256),,,不开机,175,元/台,三星屏 开机功能正常 主板靓统货,image,小米2.jpg,数码网报价单-0831更新/手机相关/小米2.jpg,1,0.98,visual_legacy_crosscheck
20260831-4394c5d87d74cfd54487-01,2026-08-31,手机,device,小米,,红米K40游戏增强版 (12+256),,,废板·断板,175,元/台,三星屏 开机功能正常 主板靓统货,image,小米2.jpg,数码网报价单-0831更新/手机相关/小米2.jpg,1,0.98,visual_legacy_crosscheck
20260831-5d0822666cc48ad6b6e0-01,2026-08-31,手机,device,小米,,红米K40 Pro (12+256),,,开机靓机好,215,元/台,三星屏 统货主板芯片比例正常,image,小米2.jpg,数码网报价单-0831更新/手机相关/小米2.jpg,1,0.98,visual_legacy_crosscheck
20260831-970579a51d08371ef35a-01,2026-08-31,手机,device,小米,,红米K40 Pro (12+256),,,开机好碎,215,元/台,三星屏 统货主板芯片比例正常,image,小米2.jpg,数码网报价单-0831更新/手机相关/小米2.jpg,1,0.98,visual_legacy_crosscheck
20260831-d50017bfc89bd70b5551-01,2026-08-31,手机,device,小米,,红米K40 Pro (12+256),,,开机碎屏,215,元/台,三星屏 统货主板芯片比例正常,image,小米2.jpg,数码网报价单-0831更新/手机相关/小米2.jpg,1,0.98,visual_legacy_crosscheck
20260831-0e64c1188f7254755e2d-01,2026-08-31,手机,device,小米,,红米K40 Pro (12+256),,,开机压屏机,215,元/台,三星屏 统货主板芯片比例正常,image,小米2.jpg,数码网报价单-0831更新/手机相关/小米2.jpg,1,0.98,visual_legacy_crosscheck
20260831-259c1abf36f6881882ac-01,2026-08-31,手机,device,小米,,红米K40 Pro (12+256),,,不开机,215,元/台,三星屏 统货主板芯片比例正常,image,小米2.jpg,数码网报价单-0831更新/手机相关/小米2.jpg,1,0.98,visual_legacy_crosscheck
20260831-c78a998a95fce4bbd850-01,2026-08-31,手机,device,小米,,红米K40 Pro (12+256),,,废板·断板,215,元/台,三星屏 统货主板芯片比例正常,image,小米2.jpg,数码网报价单-0831更新/手机相关/小米2.jpg,1,0.98,visual_legacy_crosscheck
20260831-36ee293e63a52b325123-01,2026-08-31,手机,device,小米,,红米K40 Pro (12+256),,,统货,/,元/台,三星屏 统货主板芯片比例正常,image,小米2.jpg,数码网报价单-0831更新/手机相关/小米2.jpg,1,0.98,visual_legacy_crosscheck
20260831-e4e8c9c49470e4ced78f-01,2026-08-31,手机,device,小米,,红米K40 Pro (6+128),,,开机靓机好,100,元/台,,image,小米2.jpg,数码网报价单-0831更新/手机相关/小米2.jpg,1,0.98,visual_legacy_crosscheck
20260831-24d16bea258f4baa4252-01,2026-08-31,手机,device,小米,,红米K40 Pro (6+128),,,开机好碎,100,元/台,,image,小米2.jpg,数码网报价单-0831更新/手机相关/小米2.jpg,1,0.98,visual_legacy_crosscheck
20260831-367258b4832218db4b3b-01,2026-08-31,手机,device,小米,,红米K40 Pro (6+128),,,开机碎屏,100,元/台,,image,小米2.jpg,数码网报价单-0831更新/手机相关/小米2.jpg,1,0.98,visual_legacy_crosscheck
20260831-daefab7833261b3229eb-01,2026-08-31,手机,device,小米,,红米K40 Pro (6+128),,,开机压屏机,100,元/台,,image,小米2.jpg,数码网报价单-0831更新/手机相关/小米2.jpg,1,0.98,visual_legacy_crosscheck
20260831-abc80c4e61b6ba86ca57-01,2026-08-31,手机,device,小米,,红米K40 Pro (6+128),,,不开机,100,元/台,,image,小米2.jpg,数码网报价单-0831更新/手机相关/小米2.jpg,1,0.98,visual_legacy_crosscheck
20260831-9e84c6642fd6f1c0882c-01,2026-08-31,手机,device,小米,,红米K40 Pro (6+128),,,废板·断板,100,元/台,,image,小米2.jpg,数码网报价单-0831更新/手机相关/小米2.jpg,1,0.98,visual_legacy_crosscheck
20260831-be3b8d785fb3145f3d78-01,2026-08-31,手机,device,小米,,红米K40 Pro (6+128),,,统货,/,元/台,,image,小米2.jpg,数码网报价单-0831更新/手机相关/小米2.jpg,1,0.98,visual_legacy_crosscheck
20260831-a5317559d6d0c67efaac-01,2026-08-31,手机,device,小米,,红米K40 Pro (8+128),,,开机靓机好,160,元/台,三星屏 统货主板芯片比例正常,image,小米2.jpg,数码网报价单-0831更新/手机相关/小米2.jpg,1,0.98,visual_legacy_crosscheck
20260831-d5524e7084b8e39040ee-01,2026-08-31,手机,device,小米,,红米K40 Pro (8+128),,,开机好碎,160,元/台,三星屏 统货主板芯片比例正常,image,小米2.jpg,数码网报价单-0831更新/手机相关/小米2.jpg,1,0.98,visual_legacy_crosscheck
20260831-a2a5c9f30e4fe2f2ff68-01,2026-08-31,手机,device,小米,,红米K40 Pro (8+128),,,开机碎屏,160,元/台,三星屏 统货主板芯片比例正常,image,小米2.jpg,数码网报价单-0831更新/手机相关/小米2.jpg,1,0.98,visual_legacy_crosscheck
20260831-861c97d535367691bb6d-01,2026-08-31,手机,device,小米,,红米K40 Pro (8+128),,,开机压屏机,160,元/台,三星屏 统货主板芯片比例正常,image,小米2.jpg,数码网报价单-0831更新/手机相关/小米2.jpg,1,0.98,visual_legacy_crosscheck
20260831-42a51f5d73f59fbfde8d-01,2026-08-31,手机,device,小米,,红米K40 Pro (8+128),,,不开机,160,元/台,三星屏 统货主板芯片比例正常,image,小米2.jpg,数码网报价单-0831更新/手机相关/小米2.jpg,1,0.98,visual_legacy_crosscheck
20260831-a6ad79fadcdd4cfc641a-01,2026-08-31,手机,device,小米,,红米K40 Pro (8+128),,,废板·断板,160,元/台,三星屏 统货主板芯片比例正常,image,小米2.jpg,数码网报价单-0831更新/手机相关/小米2.jpg,1,0.98,visual_legacy_crosscheck
20260831-9359a9def17014c2b5a6-01,2026-08-31,手机,device,小米,,红米K40 Pro (8+128),,,统货,/,元/台,三星屏 统货主板芯片比例正常,image,小米2.jpg,数码网报价单-0831更新/手机相关/小米2.jpg,1,0.98,visual_legacy_crosscheck
20260831-34cd9f9eb1095af48d09-01,2026-08-31,手机,device,小米,,红米K40 Pro (8+256),,,开机靓机好,205,元/台,三星屏 统货主板芯片比例正常,image,小米2.jpg,数码网报价单-0831更新/手机相关/小米2.jpg,1,0.98,visual_legacy_crosscheck
20260831-03af36dffd8e9157aad8-01,2026-08-31,手机,device,小米,,红米K40 Pro (8+256),,,开机好碎,205,元/台,三星屏 统货主板芯片比例正常,image,小米2.jpg,数码网报价单-0831更新/手机相关/小米2.jpg,1,0.98,visual_legacy_crosscheck
20260831-8c8c843d68c5e0a2733c-01,2026-08-31,手机,device,小米,,红米K40 Pro (8+256),,,开机碎屏,205,元/台,三星屏 统货主板芯片比例正常,image,小米2.jpg,数码网报价单-0831更新/手机相关/小米2.jpg,1,0.98,visual_legacy_crosscheck
20260831-b649bb74c481dfc81704-01,2026-08-31,手机,device,小米,,红米K40 Pro (8+256),,,开机压屏机,205,元/台,三星屏 统货主板芯片比例正常,image,小米2.jpg,数码网报价单-0831更新/手机相关/小米2.jpg,1,0.98,visual_legacy_crosscheck
20260831-c1fdf8c044365a057649-01,2026-08-31,手机,device,小米,,红米K40 Pro (8+256),,,不开机,205,元/台,三星屏 统货主板芯片比例正常,image,小米2.jpg,数码网报价单-0831更新/手机相关/小米2.jpg,1,0.98,visual_legacy_crosscheck
20260831-0190fa53eb8b6829e061-01,2026-08-31,手机,device,小米,,红米K40 Pro (8+256),,,废板·断板,205,元/台,三星屏 统货主板芯片比例正常,image,小米2.jpg,数码网报价单-0831更新/手机相关/小米2.jpg,1,0.98,visual_legacy_crosscheck
20260831-4661beb9445ba8d0cfdd-01,2026-08-31,手机,device,小米,,红米K40 Pro (8+256),,,统货,/,元/台,三星屏 统货主板芯片比例正常,image,小米2.jpg,数码网报价单-0831更新/手机相关/小米2.jpg,1,0.98,visual_legacy_crosscheck
20260831-bd9ff57d12fce3e8b43b-01,2026-08-31,手机,device,小米,,红米K40S,,,开机靓机好,220,元/台,三星屏,image,小米2.jpg,数码网报价单-0831更新/手机相关/小米2.jpg,1,0.98,visual_legacy_crosscheck
20260831-797912fef8e6300f84e3-01,2026-08-31,手机,device,小米,,红米K40S,,,开机好碎,220,元/台,三星屏,image,小米2.jpg,数码网报价单-0831更新/手机相关/小米2.jpg,1,0.98,visual_legacy_crosscheck
20260831-32fb1f1037c83aa80a81-01,2026-08-31,手机,device,小米,,红米K40S,,,开机碎屏,190,元/台,三星屏,image,小米2.jpg,数码网报价单-0831更新/手机相关/小米2.jpg,1,0.98,visual_legacy_crosscheck
20260831-ef4e506c24af4d291129-01,2026-08-31,手机,device,小米,,红米K40S,,,开机压屏机,190,元/台,三星屏,image,小米2.jpg,数码网报价单-0831更新/手机相关/小米2.jpg,1,0.98,visual_legacy_crosscheck
20260831-64fd670aea8450210cc0-01,2026-08-31,手机,device,小米,,红米K40S,,,不开机,190,元/台,三星屏,image,小米2.jpg,数码网报价单-0831更新/手机相关/小米2.jpg,1,0.98,visual_legacy_crosscheck
20260831-2e309e9f3f8375cc3a3d-01,2026-08-31,手机,device,小米,,红米K40S,,,废板·断板,190,元/台,三星屏,image,小米2.jpg,数码网报价单-0831更新/手机相关/小米2.jpg,1,0.98,visual_legacy_crosscheck
20260831-22273c089af3f27cf858-01,2026-08-31,手机,device,小米,,红米K40S,,,统货,/,元/台,三星屏,image,小米2.jpg,数码网报价单-0831更新/手机相关/小米2.jpg,1,0.98,visual_legacy_crosscheck
20260831-35f6d21068b3434b72a3-01,2026-08-31,手机,device,小米,,红米K40 (6+128),,,开机靓机好,100,元/台,,image,小米2.jpg,数码网报价单-0831更新/手机相关/小米2.jpg,1,0.98,visual_legacy_crosscheck
20260831-bce39762729ea6bf05bd-01,2026-08-31,手机,device,小米,,红米K40 (6+128),,,开机好碎,100,元/台,,image,小米2.jpg,数码网报价单-0831更新/手机相关/小米2.jpg,1,0.98,visual_legacy_crosscheck
20260831-1ac95ebe25c0b00f3b74-01,2026-08-31,手机,device,小米,,红米K40 (6+128),,,开机碎屏,100,元/台,,image,小米2.jpg,数码网报价单-0831更新/手机相关/小米2.jpg,1,0.98,visual_legacy_crosscheck
20260831-06ed59e67bed1066db13-01,2026-08-31,手机,device,小米,,红米K40 (6+128),,,开机压屏机,100,元/台,,image,小米2.jpg,数码网报价单-0831更新/手机相关/小米2.jpg,1,0.98,visual_legacy_crosscheck
20260831-a688472a1fedd2f2ded0-01,2026-08-31,手机,device,小米,,红米K40 (6+128),,,不开机,100,元/台,,image,小米2.jpg,数码网报价单-0831更新/手机相关/小米2.jpg,1,0.98,visual_legacy_crosscheck
20260831-c92e6d1c8dd1ddeca5e9-01,2026-08-31,手机,device,小米,,红米K40 (6+128),,,废板·断板,100,元/台,,image,小米2.jpg,数码网报价单-0831更新/手机相关/小米2.jpg,1,0.98,visual_legacy_crosscheck
20260831-00e4430b1e7574ede04d-01,2026-08-31,手机,device,小米,,红米K40 (6+128),,,统货,/,元/台,,image,小米2.jpg,数码网报价单-0831更新/手机相关/小米2.jpg,1,0.98,visual_legacy_crosscheck
20260831-3b5fa11f76d2aacd7cdd-01,2026-08-31,手机,device,小米,,红米K40 (8+128),,,开机靓机好,160,元/台,三星屏 统货主板芯片比例正常,image,小米2.jpg,数码网报价单-0831更新/手机相关/小米2.jpg,1,0.98,visual_legacy_crosscheck
20260831-77ae242e5e36b00e06c7-01,2026-08-31,手机,device,小米,,红米K40 (8+128),,,开机好碎,160,元/台,三星屏 统货主板芯片比例正常,image,小米2.jpg,数码网报价单-0831更新/手机相关/小米2.jpg,1,0.98,visual_legacy_crosscheck
20260831-687c87e82e37bec10193-01,2026-08-31,手机,device,小米,,红米K40 (8+128),,,开机碎屏,160,元/台,三星屏 统货主板芯片比例正常,image,小米2.jpg,数码网报价单-0831更新/手机相关/小米2.jpg,1,0.98,visual_legacy_crosscheck
20260831-f80ee7cc8566b55b1830-01,2026-08-31,手机,device,小米,,红米K40 (8+128),,,开机压屏机,160,元/台,三星屏 统货主板芯片比例正常,image,小米2.jpg,数码网报价单-0831更新/手机相关/小米2.jpg,1,0.98,visual_legacy_crosscheck
20260831-b083455b71711cf43d46-01,2026-08-31,手机,device,小米,,红米K40 (8+128),,,不开机,160,元/台,三星屏 统货主板芯片比例正常,image,小米2.jpg,数码网报价单-0831更新/手机相关/小米2.jpg,1,0.98,visual_legacy_crosscheck
20260831-143ed128678269db6369-01,2026-08-31,手机,device,小米,,红米K40 (8+128),,,废板·断板,160,元/台,三星屏 统货主板芯片比例正常,image,小米2.jpg,数码网报价单-0831更新/手机相关/小米2.jpg,1,0.98,visual_legacy_crosscheck
20260831-e2514e790e080e6da887-01,2026-08-31,手机,device,小米,,红米K40 (8+128),,,统货,/,元/台,三星屏 统货主板芯片比例正常,image,小米2.jpg,数码网报价单-0831更新/手机相关/小米2.jpg,1,0.98,visual_legacy_crosscheck
20260831-b48a87aa97c679e9c9e1-01,2026-08-31,手机,device,小米,,红米K40 (8+256),,,开机靓机好,205,元/台,三星屏 纯统货主板比例正常,image,小米2.jpg,数码网报价单-0831更新/手机相关/小米2.jpg,1,0.98,visual_legacy_crosscheck
20260831-eb7d9a900a50a15c5da8-01,2026-08-31,手机,device,小米,,红米K40 (8+256),,,开机好碎,205,元/台,三星屏 纯统货主板比例正常,image,小米2.jpg,数码网报价单-0831更新/手机相关/小米2.jpg,1,0.98,visual_legacy_crosscheck
20260831-15d6559d8ec1969a55a3-01,2026-08-31,手机,device,小米,,红米K40 (8+256),,,开机碎屏,205,元/台,三星屏 纯统货主板比例正常,image,小米2.jpg,数码网报价单-0831更新/手机相关/小米2.jpg,1,0.98,visual_legacy_crosscheck
20260831-692e462f36234e946d7f-01,2026-08-31,手机,device,小米,,红米K40 (8+256),,,开机压屏机,205,元/台,三星屏 纯统货主板比例正常,image,小米2.jpg,数码网报价单-0831更新/手机相关/小米2.jpg,1,0.98,visual_legacy_crosscheck
20260831-a6ef787fbeff1bdc0fce-01,2026-08-31,手机,device,小米,,红米K40 (8+256),,,不开机,205,元/台,三星屏 纯统货主板比例正常,image,小米2.jpg,数码网报价单-0831更新/手机相关/小米2.jpg,1,0.98,visual_legacy_crosscheck
20260831-c86f26a50d9da178f838-01,2026-08-31,手机,device,小米,,红米K40 (8+256),,,废板·断板,205,元/台,三星屏 纯统货主板比例正常,image,小米2.jpg,数码网报价单-0831更新/手机相关/小米2.jpg,1,0.98,visual_legacy_crosscheck
20260831-dd975193e152420281d9-01,2026-08-31,手机,device,小米,,红米K40 (8+256),,,统货,/,元/台,三星屏 纯统货主板比例正常,image,小米2.jpg,数码网报价单-0831更新/手机相关/小米2.jpg,1,0.98,visual_legacy_crosscheck
20260831-7be500120c32ab83f10d-01,2026-08-31,手机,device,小米,,红米K40 (12+256),,,开机靓机好,215,元/台,,image,小米2.jpg,数码网报价单-0831更新/手机相关/小米2.jpg,1,0.98,visual_legacy_crosscheck
20260831-53e96b208c6a351be04a-01,2026-08-31,手机,device,小米,,红米K40 (12+256),,,开机好碎,215,元/台,,image,小米2.jpg,数码网报价单-0831更新/手机相关/小米2.jpg,1,0.98,visual_legacy_crosscheck
20260831-901eae24feb1d3030b10-01,2026-08-31,手机,device,小米,,红米K40 (12+256),,,开机碎屏,215,元/台,,image,小米2.jpg,数码网报价单-0831更新/手机相关/小米2.jpg,1,0.98,visual_legacy_crosscheck
20260831-056f53fc69419118bcb8-01,2026-08-31,手机,device,小米,,红米K40 (12+256),,,开机压屏机,215,元/台,,image,小米2.jpg,数码网报价单-0831更新/手机相关/小米2.jpg,1,0.98,visual_legacy_crosscheck
20260831-f93794eacbaa91f13c5d-01,2026-08-31,手机,device,小米,,红米K40 (12+256),,,不开机,215,元/台,,image,小米2.jpg,数码网报价单-0831更新/手机相关/小米2.jpg,1,0.98,visual_legacy_crosscheck
20260831-81d2c637de4e29330d8e-01,2026-08-31,手机,device,小米,,红米K40 (12+256),,,废板·断板,215,元/台,,image,小米2.jpg,数码网报价单-0831更新/手机相关/小米2.jpg,1,0.98,visual_legacy_crosscheck
20260831-17309c7453c06ae97233-01,2026-08-31,手机,device,小米,,红米K40 (12+256),,,统货,/,元/台,,image,小米2.jpg,数码网报价单-0831更新/手机相关/小米2.jpg,1,0.98,visual_legacy_crosscheck
20260831-be41d12d2d3b069546f3-01,2026-08-31,手机,device,小米,,红米K30至尊 5G (8+256),,,开机靓机好,205,元/台,,image,小米2.jpg,数码网报价单-0831更新/手机相关/小米2.jpg,1,0.98,visual_legacy_crosscheck
20260831-d06a0f57a9099b2bdeee-01,2026-08-31,手机,device,小米,,红米K30至尊 5G (8+256),,,开机好碎,205,元/台,,image,小米2.jpg,数码网报价单-0831更新/手机相关/小米2.jpg,1,0.98,visual_legacy_crosscheck
20260831-9eab527622911044314c-01,2026-08-31,手机,device,小米,,红米K30至尊 5G (8+256),,,开机碎屏,205,元/台,,image,小米2.jpg,数码网报价单-0831更新/手机相关/小米2.jpg,1,0.98,visual_legacy_crosscheck
20260831-fa20f421676d3c286c70-01,2026-08-31,手机,device,小米,,红米K30至尊 5G (8+256),,,开机压屏机,205,元/台,,image,小米2.jpg,数码网报价单-0831更新/手机相关/小米2.jpg,1,0.98,visual_legacy_crosscheck
20260831-3f068d50b8c12e69619f-01,2026-08-31,手机,device,小米,,红米K30至尊 5G (8+256),,,不开机,205,元/台,,image,小米2.jpg,数码网报价单-0831更新/手机相关/小米2.jpg,1,0.98,visual_legacy_crosscheck
20260831-fc63f7470d8f8831e59e-01,2026-08-31,手机,device,小米,,红米K30至尊 5G (8+256),,,废板·断板,205,元/台,,image,小米2.jpg,数码网报价单-0831更新/手机相关/小米2.jpg,1,0.98,visual_legacy_crosscheck
20260831-8e354144ef759aaed21d-01,2026-08-31,手机,device,小米,,红米K30至尊 5G (8+256),,,统货,/,元/台,,image,小米2.jpg,数码网报价单-0831更新/手机相关/小米2.jpg,1,0.98,visual_legacy_crosscheck
20260831-bfd16a07fbaab4ea4571-01,2026-08-31,手机,device,小米,,红米K30至尊 5G (8+512),,,开机靓机好,100,元/台,三星屏 主板芯片无破损,image,小米2.jpg,数码网报价单-0831更新/手机相关/小米2.jpg,1,0.98,visual_legacy_crosscheck
20260831-bac60d7ffeb2916fbeac-01,2026-08-31,手机,device,小米,,红米K30至尊 5G (8+512),,,开机好碎,100,元/台,三星屏 主板芯片无破损,image,小米2.jpg,数码网报价单-0831更新/手机相关/小米2.jpg,1,0.98,visual_legacy_crosscheck
20260831-97792c45d0ac4cd92f2a-01,2026-08-31,手机,device,小米,,红米K30至尊 5G (8+512),,,开机碎屏,100,元/台,三星屏 主板芯片无破损,image,小米2.jpg,数码网报价单-0831更新/手机相关/小米2.jpg,1,0.98,visual_legacy_crosscheck
20260831-49d9adcbc83c074e5b59-01,2026-08-31,手机,device,小米,,红米K30至尊 5G (8+512),,,开机压屏机,100,元/台,三星屏 主板芯片无破损,image,小米2.jpg,数码网报价单-0831更新/手机相关/小米2.jpg,1,0.98,visual_legacy_crosscheck
20260831-e7590df7a9c84cdcbfd4-01,2026-08-31,手机,device,小米,,红米K30至尊 5G (8+512),,,不开机,100,元/台,三星屏 主板芯片无破损,image,小米2.jpg,数码网报价单-0831更新/手机相关/小米2.jpg,1,0.98,visual_legacy_crosscheck
20260831-b067ce8c51ac2d418940-01,2026-08-31,手机,device,小米,,红米K30至尊 5G (8+512),,,废板·断板,100,元/台,三星屏 主板芯片无破损,image,小米2.jpg,数码网报价单-0831更新/手机相关/小米2.jpg,1,0.98,visual_legacy_crosscheck
20260831-61fcfd19795939a682b9-01,2026-08-31,手机,device,小米,,红米K30至尊 5G (8+512),,,统货,/,元/台,三星屏 主板芯片无破损,image,小米2.jpg,数码网报价单-0831更新/手机相关/小米2.jpg,1,0.98,visual_legacy_crosscheck
20260831-eac5c9784f1f3bac8623-01,2026-08-31,手机,device,小米,,红米K30 Pro 变焦版 (8+256),,,开机靓机好,160,元/台,,image,小米2.jpg,数码网报价单-0831更新/手机相关/小米2.jpg,1,0.98,visual_legacy_crosscheck
20260831-53aa20ca482f0413c6e3-01,2026-08-31,手机,device,小米,,红米K30 Pro 变焦版 (8+256),,,开机好碎,160,元/台,,image,小米2.jpg,数码网报价单-0831更新/手机相关/小米2.jpg,1,0.98,visual_legacy_crosscheck
20260831-ddac25f2bbf99617f6ce-01,2026-08-31,手机,device,小米,,红米K30 Pro 变焦版 (8+256),,,开机碎屏,160,元/台,,image,小米2.jpg,数码网报价单-0831更新/手机相关/小米2.jpg,1,0.98,visual_legacy_crosscheck
20260831-0acffa91af7461e3aee4-01,2026-08-31,手机,device,小米,,红米K30 Pro 变焦版 (8+256),,,开机压屏机,160,元/台,,image,小米2.jpg,数码网报价单-0831更新/手机相关/小米2.jpg,1,0.98,visual_legacy_crosscheck
20260831-6c8efb0a53e63ca4708b-01,2026-08-31,手机,device,小米,,红米K30 Pro 变焦版 (8+256),,,不开机,160,元/台,,image,小米2.jpg,数码网报价单-0831更新/手机相关/小米2.jpg,1,0.98,visual_legacy_crosscheck
20260831-abbb97d050ded956f5e1-01,2026-08-31,手机,device,小米,,红米K30 Pro 变焦版 (8+256),,,废板·断板,160,元/台,,image,小米2.jpg,数码网报价单-0831更新/手机相关/小米2.jpg,1,0.98,visual_legacy_crosscheck
20260831-71e144b03e0e32bf60d5-01,2026-08-31,手机,device,小米,,红米K30 Pro 变焦版 (8+256),,,统货,/,元/台,,image,小米2.jpg,数码网报价单-0831更新/手机相关/小米2.jpg,1,0.98,visual_legacy_crosscheck
20260831-e0e667897b361b4628fc-01,2026-08-31,手机,device,小米,,红米K30 Pro 5G (8+128),,,开机靓机好,90,元/台,,image,小米2.jpg,数码网报价单-0831更新/手机相关/小米2.jpg,1,0.98,visual_legacy_crosscheck
20260831-eabacdeb5d7928965649-01,2026-08-31,手机,device,小米,,红米K30 Pro 5G (8+128),,,开机好碎,90,元/台,,image,小米2.jpg,数码网报价单-0831更新/手机相关/小米2.jpg,1,0.98,visual_legacy_crosscheck
20260831-77b4393f23b0bd7b0f7f-01,2026-08-31,手机,device,小米,,红米K30 Pro 5G (8+128),,,开机碎屏,90,元/台,,image,小米2.jpg,数码网报价单-0831更新/手机相关/小米2.jpg,1,0.98,visual_legacy_crosscheck
20260831-28604679b2e1c02be85b-01,2026-08-31,手机,device,小米,,红米K30 Pro 5G (8+128),,,开机压屏机,90,元/台,,image,小米2.jpg,数码网报价单-0831更新/手机相关/小米2.jpg,1,0.98,visual_legacy_crosscheck
20260831-5cdb1c109c79e35bd2f4-01,2026-08-31,手机,device,小米,,红米K30 Pro 5G (8+128),,,不开机,90,元/台,,image,小米2.jpg,数码网报价单-0831更新/手机相关/小米2.jpg,1,0.98,visual_legacy_crosscheck
20260831-6c18db23a45da0cec398-01,2026-08-31,手机,device,小米,,红米K30 Pro 5G (8+128),,,废板·断板,90,元/台,,image,小米2.jpg,数码网报价单-0831更新/手机相关/小米2.jpg,1,0.98,visual_legacy_crosscheck
20260831-a80a9042087595d506e1-01,2026-08-31,手机,device,小米,,红米K30 Pro 5G (8+128),,,统货,/,元/台,,image,小米2.jpg,数码网报价单-0831更新/手机相关/小米2.jpg,1,0.98,visual_legacy_crosscheck
20260831-d31118c44446fcf505da-01,2026-08-31,手机,device,小米,,红米K30 Pro 5G (6+128),,,开机靓机好,205,元/台,,image,小米2.jpg,数码网报价单-0831更新/手机相关/小米2.jpg,1,0.98,visual_legacy_crosscheck
20260831-bf9e06230ac6f8e6ba28-01,2026-08-31,手机,device,小米,,红米K30 Pro 5G (6+128),,,开机好碎,205,元/台,,image,小米2.jpg,数码网报价单-0831更新/手机相关/小米2.jpg,1,0.98,visual_legacy_crosscheck
20260831-390eb32c30f48957952e-01,2026-08-31,手机,device,小米,,红米K30 Pro 5G (6+128),,,开机碎屏,205,元/台,,image,小米2.jpg,数码网报价单-0831更新/手机相关/小米2.jpg,1,0.98,visual_legacy_crosscheck
20260831-4306f83cddd5d3738ed7-01,2026-08-31,手机,device,小米,,红米K30 Pro 5G (6+128),,,开机压屏机,205,元/台,,image,小米2.jpg,数码网报价单-0831更新/手机相关/小米2.jpg,1,0.98,visual_legacy_crosscheck
20260831-9231e415b56979040343-01,2026-08-31,手机,device,小米,,红米K30 Pro 5G (6+128),,,不开机,205,元/台,,image,小米2.jpg,数码网报价单-0831更新/手机相关/小米2.jpg,1,0.98,visual_legacy_crosscheck
20260831-ea469142b06045d91669-01,2026-08-31,手机,device,小米,,红米K30 Pro 5G (6+128),,,废板·断板,205,元/台,,image,小米2.jpg,数码网报价单-0831更新/手机相关/小米2.jpg,1,0.98,visual_legacy_crosscheck
20260831-57934be312edc987d6ec-01,2026-08-31,手机,device,小米,,红米K30 Pro 5G (6+128),,,统货,/,元/台,,image,小米2.jpg,数码网报价单-0831更新/手机相关/小米2.jpg,1,0.98,visual_legacy_crosscheck
20260831-32e1a54ce58c23306255-01,2026-08-31,手机,device,小米,,红米K30 Pro 5G (8+128),,,开机靓机好,160,元/台,,image,小米2.jpg,数码网报价单-0831更新/手机相关/小米2.jpg,1,0.98,visual_legacy_crosscheck
20260831-472b72cfd30d5334b306-01,2026-08-31,手机,device,小米,,红米K30 Pro 5G (8+128),,,开机好碎,160,元/台,,image,小米2.jpg,数码网报价单-0831更新/手机相关/小米2.jpg,1,0.98,visual_legacy_crosscheck
20260831-a7c6a92413db61eec03b-01,2026-08-31,手机,device,小米,,红米K30 Pro 5G (8+128),,,开机碎屏,160,元/台,,image,小米2.jpg,数码网报价单-0831更新/手机相关/小米2.jpg,1,0.98,visual_legacy_crosscheck
20260831-db8c34755272d086c44f-01,2026-08-31,手机,device,小米,,红米K30 Pro 5G (8+128),,,开机压屏机,160,元/台,,image,小米2.jpg,数码网报价单-0831更新/手机相关/小米2.jpg,1,0.98,visual_legacy_crosscheck
20260831-d883609f260f059a10cc-01,2026-08-31,手机,device,小米,,红米K30 Pro 5G (8+128),,,不开机,160,元/台,,image,小米2.jpg,数码网报价单-0831更新/手机相关/小米2.jpg,1,0.98,visual_legacy_crosscheck
20260831-81a1bd16ce5a41ea3343-01,2026-08-31,手机,device,小米,,红米K30 Pro 5G (8+128),,,废板·断板,160,元/台,,image,小米2.jpg,数码网报价单-0831更新/手机相关/小米2.jpg,1,0.98,visual_legacy_crosscheck
20260831-98d88f7c36e44f6189bf-01,2026-08-31,手机,device,小米,,红米K30 Pro 5G (8+256),,,开机靓机好,205,元/台,,image,小米2.jpg,数码网报价单-0831更新/手机相关/小米2.jpg,1,0.98,visual_legacy_crosscheck
20260831-e6ccd7153dba95970b80-01,2026-08-31,手机,device,小米,,红米K30 Pro 5G (8+256),,,开机好碎,205,元/台,,image,小米2.jpg,数码网报价单-0831更新/手机相关/小米2.jpg,1,0.98,visual_legacy_crosscheck
20260831-28888d9f68d75484930e-01,2026-08-31,手机,device,小米,,红米K30 Pro 5G (8+256),,,开机碎屏,205,元/台,,image,小米2.jpg,数码网报价单-0831更新/手机相关/小米2.jpg,1,0.98,visual_legacy_crosscheck
20260831-2f3b396b0947e184e03f-01,2026-08-31,手机,device,小米,,红米K30 Pro 5G (8+256),,,开机压屏机,205,元/台,,image,小米2.jpg,数码网报价单-0831更新/手机相关/小米2.jpg,1,0.98,visual_legacy_crosscheck
20260831-7ff6625095d4572f66dd-01,2026-08-31,手机,device,小米,,红米K30 Pro 5G (8+256),,,不开机,205,元/台,,image,小米2.jpg,数码网报价单-0831更新/手机相关/小米2.jpg,1,0.98,visual_legacy_crosscheck
20260831-0f9087c11ff3f680fb2c-01,2026-08-31,手机,device,小米,,红米K30 Pro 5G (8+256),,,废板·断板,205,元/台,,image,小米2.jpg,数码网报价单-0831更新/手机相关/小米2.jpg,1,0.98,visual_legacy_crosscheck
20260831-99a13b03cfb7cf9a3280-01,2026-08-31,手机,device,小米,,红米K30 Pro 5G (8+256),,,统货,/,元/台,,image,小米2.jpg,数码网报价单-0831更新/手机相关/小米2.jpg,1,0.98,visual_legacy_crosscheck
20260831-faa0130905eb287c3d8e-01,2026-08-31,手机,device,小米,,红米K30S (8+128),,,开机靓机好,170,元/台,,image,小米2.jpg,数码网报价单-0831更新/手机相关/小米2.jpg,1,0.98,visual_legacy_crosscheck
20260831-d52bf0c150ddccc67eb0-01,2026-08-31,手机,device,小米,,红米K30S (8+128),,,开机好碎,170,元/台,,image,小米2.jpg,数码网报价单-0831更新/手机相关/小米2.jpg,1,0.98,visual_legacy_crosscheck
20260831-49bdc7a62d2a3066565c-01,2026-08-31,手机,device,小米,,红米K30S (8+128),,,开机碎屏,170,元/台,,image,小米2.jpg,数码网报价单-0831更新/手机相关/小米2.jpg,1,0.98,visual_legacy_crosscheck
20260831-2b724c7260cc36bb5b41-01,2026-08-31,手机,device,小米,,红米K30S (8+128),,,开机压屏机,170,元/台,,image,小米2.jpg,数码网报价单-0831更新/手机相关/小米2.jpg,1,0.98,visual_legacy_crosscheck
20260831-1522edad167ce80b7cd0-01,2026-08-31,手机,device,小米,,红米K30S (8+128),,,不开机,170,元/台,,image,小米2.jpg,数码网报价单-0831更新/手机相关/小米2.jpg,1,0.98,visual_legacy_crosscheck
20260831-51e4e50b24c346afd6c5-01,2026-08-31,手机,device,小米,,红米K30S (8+128),,,废板·断板,170,元/台,,image,小米2.jpg,数码网报价单-0831更新/手机相关/小米2.jpg,1,0.98,visual_legacy_crosscheck
20260831-08e80656512dbc963eeb-01,2026-08-31,手机,device,小米,,红米K30S (8+128),,,统货,/,元/台,,image,小米2.jpg,数码网报价单-0831更新/手机相关/小米2.jpg,1,0.98,visual_legacy_crosscheck
20260831-46082775683939445b86-01,2026-08-31,手机,device,小米,,红米K30S (8+256),,,开机靓机好,160,元/台,三星屏 主板芯片无破损,image,小米2.jpg,数码网报价单-0831更新/手机相关/小米2.jpg,1,0.98,visual_legacy_crosscheck
20260831-e12e72ef02d734d0a098-01,2026-08-31,手机,device,小米,,红米K30S (8+256),,,开机好碎,160,元/台,三星屏 主板芯片无破损,image,小米2.jpg,数码网报价单-0831更新/手机相关/小米2.jpg,1,0.98,visual_legacy_crosscheck
20260831-1cc09a86bf40145d5aad-01,2026-08-31,手机,device,小米,,红米K30S (8+256),,,开机碎屏,160,元/台,三星屏 主板芯片无破损,image,小米2.jpg,数码网报价单-0831更新/手机相关/小米2.jpg,1,0.98,visual_legacy_crosscheck
20260831-5bf79a6c28cb1d326394-01,2026-08-31,手机,device,小米,,红米K30S (8+256),,,开机压屏机,160,元/台,三星屏 主板芯片无破损,image,小米2.jpg,数码网报价单-0831更新/手机相关/小米2.jpg,1,0.98,visual_legacy_crosscheck
20260831-b09362a8e42771640f08-01,2026-08-31,手机,device,小米,,红米K30S (8+256),,,不开机,160,元/台,三星屏 主板芯片无破损,image,小米2.jpg,数码网报价单-0831更新/手机相关/小米2.jpg,1,0.98,visual_legacy_crosscheck
20260831-527f7aa68239cf73e628-01,2026-08-31,手机,device,小米,,红米K30S (8+256),,,废板·断板,160,元/台,三星屏 主板芯片无破损,image,小米2.jpg,数码网报价单-0831更新/手机相关/小米2.jpg,1,0.98,visual_legacy_crosscheck
20260831-8c03f43d339d259ae6aa-01,2026-08-31,手机,device,小米,,红米K30S (8+256),,,统货,/,元/台,三星屏 主板芯片无破损,image,小米2.jpg,数码网报价单-0831更新/手机相关/小米2.jpg,1,0.98,visual_legacy_crosscheck
20260831-b7abedf5958f3cfe9b41-01,2026-08-31,手机,device,小米,,红米K40 (12+256),,,开机靓好,215,元/台,三星屏 统货主板芯片比例正常,image,小米2.jpg,数码网报价单-0831更新/手机相关/小米2.jpg,1,0.98,visual_legacy_crosscheck
20260831-b289b819e1ea44d48f99-01,2026-08-31,手机,device,小米,,红米K40 (12+256),,,开机坏配件,215,元/台,三星屏 统货主板芯片比例正常,image,小米2.jpg,数码网报价单-0831更新/手机相关/小米2.jpg,1,0.98,visual_legacy_crosscheck
20260831-7f9b59da6580bde7f0d4-01,2026-08-31,手机,device,小米,,红米K40 (12+256),,,废板·整机,215,元/台,三星屏 统货主板芯片比例正常,image,小米2.jpg,数码网报价单-0831更新/手机相关/小米2.jpg,1,0.98,visual_legacy_crosscheck
20260831-d832b943ac540aaf9e9a-01,2026-08-31,手机,device,小米,,红米K30至尊版,,,开机靓好,100,元/台,三星屏 主板芯片无破损,image,小米2.jpg,数码网报价单-0831更新/手机相关/小米2.jpg,1,0.98,visual_legacy_crosscheck
20260831-0a6c00fdcaaeaceea2aa-01,2026-08-31,手机,device,小米,,红米K30至尊版,,,开机好碎,100,元/台,三星屏 主板芯片无破损,image,小米2.jpg,数码网报价单-0831更新/手机相关/小米2.jpg,1,0.98,visual_legacy_crosscheck
20260831-bacc1c73cf3875c613f8-01,2026-08-31,手机,device,小米,,红米K30至尊版,,,开机碎屏,100,元/台,三星屏 主板芯片无破损,image,小米2.jpg,数码网报价单-0831更新/手机相关/小米2.jpg,1,0.98,visual_legacy_crosscheck
20260831-815e5d819c8756966436-01,2026-08-31,手机,device,小米,,红米K30至尊版,,,开机坏配件,100,元/台,三星屏 主板芯片无破损,image,小米2.jpg,数码网报价单-0831更新/手机相关/小米2.jpg,1,0.98,visual_legacy_crosscheck
20260831-d64818a46c496170ff14-01,2026-08-31,手机,device,小米,,红米K30至尊版,,,不开机,100,元/台,三星屏 主板芯片无破损,image,小米2.jpg,数码网报价单-0831更新/手机相关/小米2.jpg,1,0.98,visual_legacy_crosscheck
20260831-deccab7fb93130b90be0-01,2026-08-31,手机,device,小米,,红米K30至尊版,,,废板·整机,100,元/台,三星屏 主板芯片无破损,image,小米2.jpg,数码网报价单-0831更新/手机相关/小米2.jpg,1,0.98,visual_legacy_crosscheck
20260831-4d517c256673922b7897-01,2026-08-31,手机,device,小米,,红米K30 Pro 5G变焦版 (12+512),,,开机靓好,270,元/台,/,image,小米2.jpg,数码网报价单-0831更新/手机相关/小米2.jpg,1,0.98,visual_legacy_crosscheck
20260831-c3d6cb0982e2984f11bb-01,2026-08-31,手机,device,小米,,红米K30 Pro 5G变焦版 (12+512),,,开机好碎,270,元/台,/,image,小米2.jpg,数码网报价单-0831更新/手机相关/小米2.jpg,1,0.98,visual_legacy_crosscheck
20260831-36ac8e5b74205c975b62-01,2026-08-31,手机,device,小米,,红米K30 Pro 5G变焦版 (12+512),,,开机碎屏,270,元/台,/,image,小米2.jpg,数码网报价单-0831更新/手机相关/小米2.jpg,1,0.98,visual_legacy_crosscheck
20260831-5ad8dede6e9efdff5453-01,2026-08-31,手机,device,小米,,红米K30 Pro 5G变焦版 (12+512),,,开机坏配件,270,元/台,/,image,小米2.jpg,数码网报价单-0831更新/手机相关/小米2.jpg,1,0.98,visual_legacy_crosscheck
20260831-a10851a177989bb713d5-01,2026-08-31,手机,device,小米,,红米K30 Pro 5G变焦版 (12+512),,,不开机,270,元/台,/,image,小米2.jpg,数码网报价单-0831更新/手机相关/小米2.jpg,1,0.98,visual_legacy_crosscheck
20260831-c1ee5df3075fb2562926-01,2026-08-31,手机,device,小米,,红米K30 Pro 5G变焦版 (12+512),,,废板·整机,270,元/台,/,image,小米2.jpg,数码网报价单-0831更新/手机相关/小米2.jpg,1,0.98,visual_legacy_crosscheck
20260831-9740d84a07970303ad19-01,2026-08-31,手机,device,小米,,红米K30 Pro 5G变焦版 (8+128),,,开机靓好,160,元/台,三星屏 主板芯片无破损,image,小米2.jpg,数码网报价单-0831更新/手机相关/小米2.jpg,1,0.98,visual_legacy_crosscheck
20260831-4a8e0ac040224d113f1f-01,2026-08-31,手机,device,小米,,红米K30 Pro 5G变焦版 (8+128),,,开机好碎,160,元/台,三星屏 主板芯片无破损,image,小米2.jpg,数码网报价单-0831更新/手机相关/小米2.jpg,1,0.98,visual_legacy_crosscheck
20260831-cf34659bcaafb82c14cf-01,2026-08-31,手机,device,小米,,红米K30 Pro 5G变焦版 (8+128),,,开机碎屏,160,元/台,三星屏 主板芯片无破损,image,小米2.jpg,数码网报价单-0831更新/手机相关/小米2.jpg,1,0.98,visual_legacy_crosscheck
20260831-5b52c7d1462f0a1dac35-01,2026-08-31,手机,device,小米,,红米K30 Pro 5G变焦版 (8+128),,,开机坏配件,160,元/台,三星屏 主板芯片无破损,image,小米2.jpg,数码网报价单-0831更新/手机相关/小米2.jpg,1,0.98,visual_legacy_crosscheck
20260831-d3b801282617b13ca243-01,2026-08-31,手机,device,小米,,红米K30 Pro 5G变焦版 (8+128),,,不开机,160,元/台,三星屏 主板芯片无破损,image,小米2.jpg,数码网报价单-0831更新/手机相关/小米2.jpg,1,0.98,visual_legacy_crosscheck
20260831-7571c4ede7757e62ea4f-01,2026-08-31,手机,device,小米,,红米K30 Pro 5G变焦版 (8+128),,,废板·整机,160,元/台,三星屏 主板芯片无破损,image,小米2.jpg,数码网报价单-0831更新/手机相关/小米2.jpg,1,0.98,visual_legacy_crosscheck
20260831-da2477f96f5b7d844a18-01,2026-08-31,手机,device,小米,,红米K30 Pro 5G变焦版 (8+256),,,开机靓好,205,元/台,/,image,小米2.jpg,数码网报价单-0831更新/手机相关/小米2.jpg,1,0.98,visual_legacy_crosscheck
20260831-1985ed30f65e499bf24a-01,2026-08-31,手机,device,小米,,红米K30 Pro 5G变焦版 (8+256),,,开机好碎,205,元/台,/,image,小米2.jpg,数码网报价单-0831更新/手机相关/小米2.jpg,1,0.98,visual_legacy_crosscheck
20260831-d114be704f9c1dafd901-01,2026-08-31,手机,device,小米,,红米K30 Pro 5G变焦版 (8+256),,,开机碎屏,205,元/台,/,image,小米2.jpg,数码网报价单-0831更新/手机相关/小米2.jpg,1,0.98,visual_legacy_crosscheck
20260831-f9812dbf93371832ef14-01,2026-08-31,手机,device,小米,,红米K30 Pro 5G变焦版 (8+256),,,开机坏配件,205,元/台,/,image,小米2.jpg,数码网报价单-0831更新/手机相关/小米2.jpg,1,0.98,visual_legacy_crosscheck
20260831-1f6b693d83b6f6ce211f-01,2026-08-31,手机,device,小米,,红米K30 Pro 5G变焦版 (8+256),,,不开机,205,元/台,/,image,小米2.jpg,数码网报价单-0831更新/手机相关/小米2.jpg,1,0.98,visual_legacy_crosscheck
20260831-0b580b1522889f2063b7-01,2026-08-31,手机,device,小米,,红米K30 Pro 5G变焦版 (8+256),,,废板·整机,205,元/台,/,image,小米2.jpg,数码网报价单-0831更新/手机相关/小米2.jpg,1,0.98,visual_legacy_crosscheck
20260831-82e368ffe02dad8dffee-01,2026-08-31,手机,device,小米,,红米K30 Pro (6+128),,,开机靓好,90,元/台,三星屏 主板芯片无破损,image,小米2.jpg,数码网报价单-0831更新/手机相关/小米2.jpg,1,0.98,visual_legacy_crosscheck
20260831-13fe808f6a66d3380688-01,2026-08-31,手机,device,小米,,红米K30 Pro (6+128),,,开机好碎,90,元/台,三星屏 主板芯片无破损,image,小米2.jpg,数码网报价单-0831更新/手机相关/小米2.jpg,1,0.98,visual_legacy_crosscheck
20260831-84a6aa6e52966505b5f0-01,2026-08-31,手机,device,小米,,红米K30 Pro (6+128),,,开机碎屏,90,元/台,三星屏 主板芯片无破损,image,小米2.jpg,数码网报价单-0831更新/手机相关/小米2.jpg,1,0.98,visual_legacy_crosscheck
20260831-aa2dedc1080e4be2843c-01,2026-08-31,手机,device,小米,,红米K30 Pro (6+128),,,开机坏配件,90,元/台,三星屏 主板芯片无破损,image,小米2.jpg,数码网报价单-0831更新/手机相关/小米2.jpg,1,0.98,visual_legacy_crosscheck
20260831-c35250959988bd84138d-01,2026-08-31,手机,device,小米,,红米K30 Pro (6+128),,,不开机,90,元/台,三星屏 主板芯片无破损,image,小米2.jpg,数码网报价单-0831更新/手机相关/小米2.jpg,1,0.98,visual_legacy_crosscheck
20260831-e84041aeb3b37ec59b06-01,2026-08-31,手机,device,小米,,红米K30 Pro (6+128),,,废板·整机,90,元/台,三星屏 主板芯片无破损,image,小米2.jpg,数码网报价单-0831更新/手机相关/小米2.jpg,1,0.98,visual_legacy_crosscheck
20260831-839a6c30d92a8569c3d3-01,2026-08-31,手机,device,小米,,红米K30 Pro (8+128),,,开机靓好,160,元/台,/,image,小米2.jpg,数码网报价单-0831更新/手机相关/小米2.jpg,1,0.98,visual_legacy_crosscheck
20260831-141db9b42861b8be9352-01,2026-08-31,手机,device,小米,,红米K30 Pro (8+128),,,开机好碎,160,元/台,/,image,小米2.jpg,数码网报价单-0831更新/手机相关/小米2.jpg,1,0.98,visual_legacy_crosscheck
20260831-e0231e389f4775dee6c7-01,2026-08-31,手机,device,小米,,红米K30 Pro (8+128),,,开机碎屏,160,元/台,/,image,小米2.jpg,数码网报价单-0831更新/手机相关/小米2.jpg,1,0.98,visual_legacy_crosscheck
20260831-4b9f85cf56434a746ee7-01,2026-08-31,手机,device,小米,,红米K30 Pro (8+128),,,开机坏配件,160,元/台,/,image,小米2.jpg,数码网报价单-0831更新/手机相关/小米2.jpg,1,0.98,visual_legacy_crosscheck
20260831-c4167eec5ffe2849c9ff-01,2026-08-31,手机,device,小米,,红米K30 Pro (8+128),,,不开机,160,元/台,/,image,小米2.jpg,数码网报价单-0831更新/手机相关/小米2.jpg,1,0.98,visual_legacy_crosscheck
20260831-b0eed43fb7daa6b8496d-01,2026-08-31,手机,device,小米,,红米K30 Pro (8+128),,,废板·整机,160,元/台,/,image,小米2.jpg,数码网报价单-0831更新/手机相关/小米2.jpg,1,0.98,visual_legacy_crosscheck
20260831-0d8db550113ccee1087b-01,2026-08-31,手机,device,小米,,红米K30 Pro (8+256),,,开机靓好,205,元/台,/,image,小米2.jpg,数码网报价单-0831更新/手机相关/小米2.jpg,1,0.98,visual_legacy_crosscheck
20260831-6f49b3502376dc3f6379-01,2026-08-31,手机,device,小米,,红米K30 Pro (8+256),,,开机好碎,205,元/台,/,image,小米2.jpg,数码网报价单-0831更新/手机相关/小米2.jpg,1,0.98,visual_legacy_crosscheck
20260831-b51abfd6d273eecd7c0c-01,2026-08-31,手机,device,小米,,红米K30 Pro (8+256),,,开机碎屏,205,元/台,/,image,小米2.jpg,数码网报价单-0831更新/手机相关/小米2.jpg,1,0.98,visual_legacy_crosscheck
20260831-578d1ba008cc94a45eff-01,2026-08-31,手机,device,小米,,红米K30 Pro (8+256),,,开机坏配件,205,元/台,/,image,小米2.jpg,数码网报价单-0831更新/手机相关/小米2.jpg,1,0.98,visual_legacy_crosscheck
20260831-b9e1ef737a49ec0b8566-01,2026-08-31,手机,device,小米,,红米K30 Pro (8+256),,,不开机,205,元/台,/,image,小米2.jpg,数码网报价单-0831更新/手机相关/小米2.jpg,1,0.98,visual_legacy_crosscheck
20260831-a40a03996bd80b3e2152-01,2026-08-31,手机,device,小米,,红米K30 Pro (8+256),,,废板·整机,205,元/台,/,image,小米2.jpg,数码网报价单-0831更新/手机相关/小米2.jpg,1,0.98,visual_legacy_crosscheck
20260831-ce90e70741cf5130d4b4-01,2026-08-31,手机,device,小米,,红米K30 Pro (12+128),,,开机靓好,170,元/台,/,image,小米2.jpg,数码网报价单-0831更新/手机相关/小米2.jpg,1,0.98,visual_legacy_crosscheck
20260831-5d6d742cf134dd79f463-01,2026-08-31,手机,device,小米,,红米K30 Pro (12+128),,,开机好碎,170,元/台,/,image,小米2.jpg,数码网报价单-0831更新/手机相关/小米2.jpg,1,0.98,visual_legacy_crosscheck
20260831-7850f52988dc3d2e3c0a-01,2026-08-31,手机,device,小米,,红米K30 Pro (12+128),,,开机碎屏,170,元/台,/,image,小米2.jpg,数码网报价单-0831更新/手机相关/小米2.jpg,1,0.98,visual_legacy_crosscheck
20260831-ce806c6b85b857939b17-01,2026-08-31,手机,device,小米,,红米K30 Pro (12+128),,,开机坏配件,170,元/台,/,image,小米2.jpg,数码网报价单-0831更新/手机相关/小米2.jpg,1,0.98,visual_legacy_crosscheck
20260831-aa49ba023166372e8406-01,2026-08-31,手机,device,小米,,红米K30 Pro (12+128),,,不开机,170,元/台,/,image,小米2.jpg,数码网报价单-0831更新/手机相关/小米2.jpg,1,0.98,visual_legacy_crosscheck
20260831-1fa6b66b1eadbdb2c71a-01,2026-08-31,手机,device,小米,,红米K30 Pro (12+128),,,废板·整机,170,元/台,/,image,小米2.jpg,数码网报价单-0831更新/手机相关/小米2.jpg,1,0.98,visual_legacy_crosscheck
20260831-0eb3daca3a00156c4c82-01,2026-08-31,手机,device,小米,,红米K30S (8+128),,,开机靓好,160,元/台,三星屏 主板照开机功能正常,image,小米2.jpg,数码网报价单-0831更新/手机相关/小米2.jpg,1,0.98,visual_legacy_crosscheck
20260831-1b75bcd10d78040b51f2-01,2026-08-31,手机,device,小米,,红米K30S (8+128),,,开机好碎,160,元/台,三星屏 主板照开机功能正常,image,小米2.jpg,数码网报价单-0831更新/手机相关/小米2.jpg,1,0.98,visual_legacy_crosscheck
20260831-f75a9118af626dd9ef64-01,2026-08-31,手机,device,小米,,红米K30S (8+128),,,开机碎屏,160,元/台,三星屏 主板照开机功能正常,image,小米2.jpg,数码网报价单-0831更新/手机相关/小米2.jpg,1,0.98,visual_legacy_crosscheck
20260831-8b0424448f04345e9739-01,2026-08-31,手机,device,小米,,红米K30S (8+128),,,开机坏配件,160,元/台,三星屏 主板照开机功能正常,image,小米2.jpg,数码网报价单-0831更新/手机相关/小米2.jpg,1,0.98,visual_legacy_crosscheck
20260831-cf09a20d9a6b2d8a3757-01,2026-08-31,手机,device,小米,,红米K30S (8+128),,,不开机,160,元/台,三星屏 主板照开机功能正常,image,小米2.jpg,数码网报价单-0831更新/手机相关/小米2.jpg,1,0.98,visual_legacy_crosscheck
20260831-14881f4c012ec2b1d78b-01,2026-08-31,手机,device,小米,,红米K30S (8+128),,,废板·整机,160,元/台,三星屏 主板照开机功能正常,image,小米2.jpg,数码网报价单-0831更新/手机相关/小米2.jpg,1,0.98,visual_legacy_crosscheck
20260831-8d0e58e8b2838a4a5f5c-01,2026-08-31,手机,device,小米,,红米K30S (8+256),,,开机靓好,205,元/台,/,image,小米2.jpg,数码网报价单-0831更新/手机相关/小米2.jpg,1,0.98,visual_legacy_crosscheck
20260831-3fad4d346e177becc8d6-01,2026-08-31,手机,device,小米,,红米K30S (8+256),,,开机好碎,205,元/台,/,image,小米2.jpg,数码网报价单-0831更新/手机相关/小米2.jpg,1,0.98,visual_legacy_crosscheck
20260831-a6225d09a92a58f1b3b9-01,2026-08-31,手机,device,小米,,红米K30S (8+256),,,开机碎屏,205,元/台,/,image,小米2.jpg,数码网报价单-0831更新/手机相关/小米2.jpg,1,0.98,visual_legacy_crosscheck
20260831-5c7de19a87b183f91a06-01,2026-08-31,手机,device,小米,,红米K30S (8+256),,,开机坏配件,205,元/台,/,image,小米2.jpg,数码网报价单-0831更新/手机相关/小米2.jpg,1,0.98,visual_legacy_crosscheck
20260831-a16091a5b911a4f20a0d-01,2026-08-31,手机,device,小米,,红米K30S (8+256),,,不开机,205,元/台,/,image,小米2.jpg,数码网报价单-0831更新/手机相关/小米2.jpg,1,0.98,visual_legacy_crosscheck
20260831-768fde0015db1227dd1b-01,2026-08-31,手机,device,小米,,红米K30S (8+256),,,废板·整机,205,元/台,/,image,小米2.jpg,数码网报价单-0831更新/手机相关/小米2.jpg,1,0.98,visual_legacy_crosscheck
20260831-054589f052ce8a79781d-01,2026-08-31,手机,device,小米,,红米K30 5G,,,开机靓好,150,元/台,主板功能正常,image,小米2.jpg,数码网报价单-0831更新/手机相关/小米2.jpg,1,0.98,visual_legacy_crosscheck
20260831-2aae587ded3bac6720a7-01,2026-08-31,手机,device,小米,,红米K30 5G,,,开机好碎,150,元/台,主板功能正常,image,小米2.jpg,数码网报价单-0831更新/手机相关/小米2.jpg,1,0.98,visual_legacy_crosscheck
20260831-adaa0db4df994a66d635-01,2026-08-31,手机,device,小米,,红米K30 5G,,,开机碎屏,150,元/台,主板功能正常,image,小米2.jpg,数码网报价单-0831更新/手机相关/小米2.jpg,1,0.98,visual_legacy_crosscheck
20260831-3b81582197e78b31d3e7-01,2026-08-31,手机,device,小米,,红米K30 5G,,,开机坏配件,150,元/台,主板功能正常,image,小米2.jpg,数码网报价单-0831更新/手机相关/小米2.jpg,1,0.98,visual_legacy_crosscheck
20260831-674ba77756486c867eaf-01,2026-08-31,手机,device,小米,,红米K30 5G,,,不开机,150,元/台,主板功能正常,image,小米2.jpg,数码网报价单-0831更新/手机相关/小米2.jpg,1,0.98,visual_legacy_crosscheck
20260831-4ddcc56e090565ec573b-01,2026-08-31,手机,device,小米,,红米K30 5G,,,废板·整机,150,元/台,主板功能正常,image,小米2.jpg,数码网报价单-0831更新/手机相关/小米2.jpg,1,0.98,visual_legacy_crosscheck
20260831-e123867068f0c823ac3e-01,2026-08-31,手机,device,小米,,红米K30 4G,,,开机靓好,150,元/台,主板功能正常,image,小米2.jpg,数码网报价单-0831更新/手机相关/小米2.jpg,1,0.98,visual_legacy_crosscheck
20260831-e8938920b836747c874c-01,2026-08-31,手机,device,小米,,红米K30 4G,,,开机好碎,150,元/台,主板功能正常,image,小米2.jpg,数码网报价单-0831更新/手机相关/小米2.jpg,1,0.98,visual_legacy_crosscheck
20260831-5ca8fd96aba6f08b6e39-01,2026-08-31,手机,device,小米,,红米K30 4G,,,开机碎屏,150,元/台,主板功能正常,image,小米2.jpg,数码网报价单-0831更新/手机相关/小米2.jpg,1,0.98,visual_legacy_crosscheck
20260831-857a66ae20eacac8d5fa-01,2026-08-31,手机,device,小米,,红米K30 4G,,,开机坏配件,150,元/台,主板功能正常,image,小米2.jpg,数码网报价单-0831更新/手机相关/小米2.jpg,1,0.98,visual_legacy_crosscheck
20260831-218da5d7599af4464226-01,2026-08-31,手机,device,小米,,红米K30 4G,,,不开机,150,元/台,主板功能正常,image,小米2.jpg,数码网报价单-0831更新/手机相关/小米2.jpg,1,0.98,visual_legacy_crosscheck
20260831-e6242bea497758260f58-01,2026-08-31,手机,device,小米,,红米K30 4G,,,废板·整机,150,元/台,主板功能正常,image,小米2.jpg,数码网报价单-0831更新/手机相关/小米2.jpg,1,0.98,visual_legacy_crosscheck
20260831-bff9913af1c684030bcb-01,2026-08-31,手机,device,小米,,红米K20Pro,,,开机靓好,90,元/台,三星屏 芯片无破损 内存比例正常,image,小米2.jpg,数码网报价单-0831更新/手机相关/小米2.jpg,1,0.98,visual_legacy_crosscheck
20260831-c0267ee1b7c7199591fa-01,2026-08-31,手机,device,小米,,红米K20Pro,,,开机好碎,90,元/台,三星屏 芯片无破损 内存比例正常,image,小米2.jpg,数码网报价单-0831更新/手机相关/小米2.jpg,1,0.98,visual_legacy_crosscheck
20260831-46eb419c055d2141550e-01,2026-08-31,手机,device,小米,,红米K20Pro,,,开机碎屏,90,元/台,三星屏 芯片无破损 内存比例正常,image,小米2.jpg,数码网报价单-0831更新/手机相关/小米2.jpg,1,0.98,visual_legacy_crosscheck
20260831-e8e5b88c9cd53da00b24-01,2026-08-31,手机,device,小米,,红米K20Pro,,,开机坏配件,90,元/台,三星屏 芯片无破损 内存比例正常,image,小米2.jpg,数码网报价单-0831更新/手机相关/小米2.jpg,1,0.98,visual_legacy_crosscheck
20260831-b7ec4857ce44204f45d8-01,2026-08-31,手机,device,小米,,红米K20Pro,,,不开机,90,元/台,三星屏 芯片无破损 内存比例正常,image,小米2.jpg,数码网报价单-0831更新/手机相关/小米2.jpg,1,0.98,visual_legacy_crosscheck
20260831-5a76f6e83fd932811628-01,2026-08-31,手机,device,小米,,红米K20Pro,,,废板·整机,90,元/台,三星屏 芯片无破损 内存比例正常,image,小米2.jpg,数码网报价单-0831更新/手机相关/小米2.jpg,1,0.98,visual_legacy_crosscheck
20260831-0629c09147b83c58cddd-01,2026-08-31,手机,device,小米,,红米K20,,,开机靓好,140,元/台,三星屏 芯片无破损 内存比例正常,image,小米2.jpg,数码网报价单-0831更新/手机相关/小米2.jpg,1,0.98,visual_legacy_crosscheck
20260831-3077c87f57d66e84ac5d-01,2026-08-31,手机,device,小米,,红米K20,,,开机好碎,140,元/台,三星屏 芯片无破损 内存比例正常,image,小米2.jpg,数码网报价单-0831更新/手机相关/小米2.jpg,1,0.98,visual_legacy_crosscheck
20260831-dd39dd410d96cc826ccf-01,2026-08-31,手机,device,小米,,红米K20,,,开机碎屏,140,元/台,三星屏 芯片无破损 内存比例正常,image,小米2.jpg,数码网报价单-0831更新/手机相关/小米2.jpg,1,0.98,visual_legacy_crosscheck
20260831-062de740a99bc32f79c7-01,2026-08-31,手机,device,小米,,红米K20,,,开机坏配件,140,元/台,三星屏 芯片无破损 内存比例正常,image,小米2.jpg,数码网报价单-0831更新/手机相关/小米2.jpg,1,0.98,visual_legacy_crosscheck
20260831-1dfb0b0dfc58653f2ad8-01,2026-08-31,手机,device,小米,,红米K20,,,不开机,140,元/台,三星屏 芯片无破损 内存比例正常,image,小米2.jpg,数码网报价单-0831更新/手机相关/小米2.jpg,1,0.98,visual_legacy_crosscheck
20260831-2f1c0b80c0c3f320c835-01,2026-08-31,手机,device,小米,,红米K20,,,废板·整机,140,元/台,三星屏 芯片无破损 内存比例正常,image,小米2.jpg,数码网报价单-0831更新/手机相关/小米2.jpg,1,0.98,visual_legacy_crosscheck
20260831-8219100c87615284fdd6-01,2026-08-31,手机,device,小米,,红米note15R,,,开机靓好,170,元/台,/,image,小米2.jpg,数码网报价单-0831更新/手机相关/小米2.jpg,1,0.98,visual_legacy_crosscheck
20260831-6dd782586f1d18f5e8c5-01,2026-08-31,手机,device,小米,,红米note15R,,,开机好碎,170,元/台,/,image,小米2.jpg,数码网报价单-0831更新/手机相关/小米2.jpg,1,0.98,visual_legacy_crosscheck
20260831-768a24c1d5a806701c38-01,2026-08-31,手机,device,小米,,红米note15R,,,开机碎屏,150,元/台,/,image,小米2.jpg,数码网报价单-0831更新/手机相关/小米2.jpg,1,0.98,visual_legacy_crosscheck
20260831-79b0fabab9134931a273-01,2026-08-31,手机,device,小米,,红米note15R,,,开机坏配件,150,元/台,/,image,小米2.jpg,数码网报价单-0831更新/手机相关/小米2.jpg,1,0.98,visual_legacy_crosscheck
20260831-717e42369453ecd85583-01,2026-08-31,手机,device,小米,,红米note15R,,,不开机,150,元/台,/,image,小米2.jpg,数码网报价单-0831更新/手机相关/小米2.jpg,1,0.98,visual_legacy_crosscheck
20260831-7e00e1e9b3fae83e0462-01,2026-08-31,手机,device,小米,,红米note15R,,,废板·整机,150,元/台,/,image,小米2.jpg,数码网报价单-0831更新/手机相关/小米2.jpg,1,0.98,visual_legacy_crosscheck
20260831-613e747e1fcfc943f0cd-01,2026-08-31,手机,device,小米,,红米note15 Pro+,,,开机靓好,600,元/台,三星屏主板靓功能正常,image,小米2.jpg,数码网报价单-0831更新/手机相关/小米2.jpg,1,0.98,visual_legacy_crosscheck
20260831-17f02576c80fc30b49cc-01,2026-08-31,手机,device,小米,,红米note15 Pro+,,,开机好碎,350,元/台,三星屏主板靓功能正常,image,小米2.jpg,数码网报价单-0831更新/手机相关/小米2.jpg,1,0.98,visual_legacy_crosscheck
20260831-24b24ac83dcd6cff61ae-01,2026-08-31,手机,device,小米,,红米note15 Pro+,,,开机碎屏,400,元/台,三星屏主板靓功能正常,image,小米2.jpg,数码网报价单-0831更新/手机相关/小米2.jpg,1,0.98,visual_legacy_crosscheck
20260831-b814f389f63f9a7e4515-01,2026-08-31,手机,device,小米,,红米note15 Pro+,,,开机坏配件,250,元/台,三星屏主板靓功能正常,image,小米2.jpg,数码网报价单-0831更新/手机相关/小米2.jpg,1,0.98,visual_legacy_crosscheck
20260831-5bb5c032384ff6db45be-01,2026-08-31,手机,device,小米,,红米note15 Pro+,,,不开机,180,元/台,三星屏主板靓功能正常,image,小米2.jpg,数码网报价单-0831更新/手机相关/小米2.jpg,1,0.98,visual_legacy_crosscheck
20260831-fa076b911db3cff96bda-01,2026-08-31,手机,device,小米,,红米note15 Pro+,,,废板·整机,180,元/台,三星屏主板靓功能正常,image,小米2.jpg,数码网报价单-0831更新/手机相关/小米2.jpg,1,0.98,visual_legacy_crosscheck
20260831-3a4db505c35a370bb2e8-01,2026-08-31,手机,device,小米,,红米Note15 R pro 5G,,,开机靓好,250,元/台,开机功能正常靓主板靓,image,小米2.jpg,数码网报价单-0831更新/手机相关/小米2.jpg,1,0.98,visual_legacy_crosscheck
20260831-6692bfdff646cd3e6b09-01,2026-08-31,手机,device,小米,,红米Note15 R pro 5G,,,开机好碎,200,元/台,开机功能正常靓主板靓,image,小米2.jpg,数码网报价单-0831更新/手机相关/小米2.jpg,1,0.98,visual_legacy_crosscheck
20260831-b7d20910374dfa8b3aa7-01,2026-08-31,手机,device,小米,,红米Note15 R pro 5G,,,开机碎屏,200,元/台,开机功能正常靓主板靓,image,小米2.jpg,数码网报价单-0831更新/手机相关/小米2.jpg,1,0.98,visual_legacy_crosscheck
20260831-f5ad705efec636dddd40-01,2026-08-31,手机,device,小米,,红米Note15 R pro 5G,,,开机坏配件,200,元/台,开机功能正常靓主板靓,image,小米2.jpg,数码网报价单-0831更新/手机相关/小米2.jpg,1,0.98,visual_legacy_crosscheck
20260831-f9dd4c9a070c2f22192d-01,2026-08-31,手机,device,小米,,红米Note15 R pro 5G,,,不开机,165,元/台,开机功能正常靓主板靓,image,小米2.jpg,数码网报价单-0831更新/手机相关/小米2.jpg,1,0.98,visual_legacy_crosscheck
20260831-64dad9d9fbcbea858daa-01,2026-08-31,手机,device,小米,,红米Note15 R pro 5G,,,废板·整机,165,元/台,开机功能正常靓主板靓,image,小米2.jpg,数码网报价单-0831更新/手机相关/小米2.jpg,1,0.98,visual_legacy_crosscheck
20260831-20059cf89f292ce3d15c-01,2026-08-31,手机,device,小米,,红米note15 pro,,,开机靓好,500,元/台,三星屏主板靓功能正常,image,小米2.jpg,数码网报价单-0831更新/手机相关/小米2.jpg,1,0.98,visual_legacy_crosscheck
20260831-88f7b2b93b6fda68f625-01,2026-08-31,手机,device,小米,,红米note15 pro,,,开机好碎,350,元/台,三星屏主板靓功能正常,image,小米2.jpg,数码网报价单-0831更新/手机相关/小米2.jpg,1,0.98,visual_legacy_crosscheck
20260831-300a3c862de3aa033690-01,2026-08-31,手机,device,小米,,红米note15 pro,,,开机碎屏,350,元/台,三星屏主板靓功能正常,image,小米2.jpg,数码网报价单-0831更新/手机相关/小米2.jpg,1,0.98,visual_legacy_crosscheck
20260831-4a9477e242c5eb874ad9-01,2026-08-31,手机,device,小米,,红米note15 pro,,,开机坏配件,200,元/台,三星屏主板靓功能正常,image,小米2.jpg,数码网报价单-0831更新/手机相关/小米2.jpg,1,0.98,visual_legacy_crosscheck
20260831-50077d3332e3021a9f2f-01,2026-08-31,手机,device,小米,,红米note15 pro,,,不开机,120,元/台,三星屏主板靓功能正常,image,小米2.jpg,数码网报价单-0831更新/手机相关/小米2.jpg,1,0.98,visual_legacy_crosscheck
20260831-f081017304c68dfdbfe0-01,2026-08-31,手机,device,小米,,红米note15 pro,,,废板·整机,120,元/台,三星屏主板靓功能正常,image,小米2.jpg,数码网报价单-0831更新/手机相关/小米2.jpg,1,0.98,visual_legacy_crosscheck
20260831-19a3eb0cbea7327b0ce5-01,2026-08-31,手机,device,小米,,红米note15,,,开机靓好,300,元/台,三星屏主板靓功能正常,image,小米2.jpg,数码网报价单-0831更新/手机相关/小米2.jpg,1,0.98,visual_legacy_crosscheck
20260831-91ed74b432e3cf44cfb1-01,2026-08-31,手机,device,小米,,红米note15,,,开机好碎,250,元/台,三星屏主板靓功能正常,image,小米2.jpg,数码网报价单-0831更新/手机相关/小米2.jpg,1,0.98,visual_legacy_crosscheck
20260831-38cfd879ff1637b9270d-01,2026-08-31,手机,device,小米,,红米note15,,,开机碎屏,250,元/台,三星屏主板靓功能正常,image,小米2.jpg,数码网报价单-0831更新/手机相关/小米2.jpg,1,0.98,visual_legacy_crosscheck
20260831-a5d87da6b27b982a4015-01,2026-08-31,手机,device,小米,,红米note15,,,开机坏配件,200,元/台,三星屏主板靓功能正常,image,小米2.jpg,数码网报价单-0831更新/手机相关/小米2.jpg,1,0.98,visual_legacy_crosscheck
20260831-2bc4a349f33cab155ad2-01,2026-08-31,手机,device,小米,,红米note15,,,不开机,120,元/台,三星屏主板靓功能正常,image,小米2.jpg,数码网报价单-0831更新/手机相关/小米2.jpg,1,0.98,visual_legacy_crosscheck
20260831-b0568c10723698270956-01,2026-08-31,手机,device,小米,,红米note15,,,废板·整机,120,元/台,三星屏主板靓功能正常,image,小米2.jpg,数码网报价单-0831更新/手机相关/小米2.jpg,1,0.98,visual_legacy_crosscheck
20260831-43628245d01fc1b4fe74-01,2026-08-31,手机,device,小米,,红米Note14 pro+,,,开机靓好,800,元/台,三星屏主板靓像头靓开机功能正常,image,小米2.jpg,数码网报价单-0831更新/手机相关/小米2.jpg,1,0.98,visual_legacy_crosscheck
20260831-4b861ff530803baee815-01,2026-08-31,手机,device,小米,,红米Note14 pro+,,,开机好碎,350,元/台,三星屏主板靓像头靓开机功能正常,image,小米2.jpg,数码网报价单-0831更新/手机相关/小米2.jpg,1,0.98,visual_legacy_crosscheck
20260831-4199a185a60e267d3ce5-01,2026-08-31,手机,device,小米,,红米Note14 pro+,,,开机碎屏,550,元/台,三星屏主板靓像头靓开机功能正常,image,小米2.jpg,数码网报价单-0831更新/手机相关/小米2.jpg,1,0.98,visual_legacy_crosscheck
20260831-e8442a2b28e25a17bd4f-01,2026-08-31,手机,device,小米,,红米Note14 pro+,,,开机坏配件,250,元/台,三星屏主板靓像头靓开机功能正常,image,小米2.jpg,数码网报价单-0831更新/手机相关/小米2.jpg,1,0.98,visual_legacy_crosscheck
20260831-6e418dee820e99b96f85-01,2026-08-31,手机,device,小米,,红米Note14 pro+,,,不开机,120,元/台,三星屏主板靓像头靓开机功能正常,image,小米2.jpg,数码网报价单-0831更新/手机相关/小米2.jpg,1,0.98,visual_legacy_crosscheck
20260831-a0449a7393ce3ac2ca09-01,2026-08-31,手机,device,小米,,红米Note14 pro+,,,废板·整机,120,元/台,三星屏主板靓像头靓开机功能正常,image,小米2.jpg,数码网报价单-0831更新/手机相关/小米2.jpg,1,0.98,visual_legacy_crosscheck
20260831-02c3856d4eb4b2b8da54-01,2026-08-31,手机,device,小米,,红米Note14 pro,,,开机靓好,450,元/台,三星屏 主板靓镜头靓开机功能正常,image,小米2.jpg,数码网报价单-0831更新/手机相关/小米2.jpg,1,0.98,visual_legacy_crosscheck
20260831-4040af106777a9180fc2-01,2026-08-31,手机,device,小米,,红米Note14 pro,,,开机好碎,300,元/台,三星屏 主板靓镜头靓开机功能正常,image,小米2.jpg,数码网报价单-0831更新/手机相关/小米2.jpg,1,0.98,visual_legacy_crosscheck
20260831-3d1b100ecf6c40fb25dd-01,2026-08-31,手机,device,小米,,红米Note14 pro,,,开机碎屏,400,元/台,三星屏 主板靓镜头靓开机功能正常,image,小米2.jpg,数码网报价单-0831更新/手机相关/小米2.jpg,1,0.98,visual_legacy_crosscheck
20260831-88816ce328763e4dbc1d-01,2026-08-31,手机,device,小米,,红米Note14 pro,,,开机坏配件,300,元/台,三星屏 主板靓镜头靓开机功能正常,image,小米2.jpg,数码网报价单-0831更新/手机相关/小米2.jpg,1,0.98,visual_legacy_crosscheck
20260831-1936bb7b6f637436a42e-01,2026-08-31,手机,device,小米,,红米Note14 pro,,,不开机,120,元/台,三星屏 主板靓镜头靓开机功能正常,image,小米2.jpg,数码网报价单-0831更新/手机相关/小米2.jpg,1,0.98,visual_legacy_crosscheck
20260831-f2541b9505f6fb4e5559-01,2026-08-31,手机,device,小米,,红米Note14 pro,,,废板·整机,120,元/台,三星屏 主板靓镜头靓开机功能正常,image,小米2.jpg,数码网报价单-0831更新/手机相关/小米2.jpg,1,0.98,visual_legacy_crosscheck
20260831-3ce208cbc7b899c496bb-01,2026-08-31,手机,device,小米,,红米Note14,,,开机靓好,250,元/台,三星屏 大老化算异屏 主板靓芯片无破损,image,小米2.jpg,数码网报价单-0831更新/手机相关/小米2.jpg,1,0.98,visual_legacy_crosscheck
20260831-a224a9fc50b009d51341-01,2026-08-31,手机,device,小米,,红米Note14,,,开机好碎,200,元/台,三星屏 大老化算异屏 主板靓芯片无破损,image,小米2.jpg,数码网报价单-0831更新/手机相关/小米2.jpg,1,0.98,visual_legacy_crosscheck
20260831-ae0e0e906654ce563821-01,2026-08-31,手机,device,小米,,红米Note14,,,开机碎屏,200,元/台,三星屏 大老化算异屏 主板靓芯片无破损,image,小米2.jpg,数码网报价单-0831更新/手机相关/小米2.jpg,1,0.98,visual_legacy_crosscheck
20260831-f56f67184709faf341cd-01,2026-08-31,手机,device,小米,,红米Note14,,,开机坏配件,200,元/台,三星屏 大老化算异屏 主板靓芯片无破损,image,小米2.jpg,数码网报价单-0831更新/手机相关/小米2.jpg,1,0.98,visual_legacy_crosscheck
20260831-fa46d59b45266bd9bd35-01,2026-08-31,手机,device,小米,,红米Note14,,,不开机,165,元/台,三星屏 大老化算异屏 主板靓芯片无破损,image,小米2.jpg,数码网报价单-0831更新/手机相关/小米2.jpg,1,0.98,visual_legacy_crosscheck
20260831-0c29306c1c037da5b3ea-01,2026-08-31,手机,device,小米,,红米Note14,,,废板·整机,165,元/台,三星屏 大老化算异屏 主板靓芯片无破损,image,小米2.jpg,数码网报价单-0831更新/手机相关/小米2.jpg,1,0.98,visual_legacy_crosscheck
20260831-5b79bd4f2f99d635ba6f-01,2026-08-31,手机,device,小米,,红米Note13 pro+,,,开机靓好,450,元/台,三星屏 主板靓像头靓开机功能正常,image,小米2.jpg,数码网报价单-0831更新/手机相关/小米2.jpg,1,0.98,visual_legacy_crosscheck
20260831-410211c3c47c61b7c856-01,2026-08-31,手机,device,小米,,红米Note13 pro+,,,开机好碎,300,元/台,三星屏 主板靓像头靓开机功能正常,image,小米2.jpg,数码网报价单-0831更新/手机相关/小米2.jpg,1,0.98,visual_legacy_crosscheck
20260831-7c1f592e109759b1c978-01,2026-08-31,手机,device,小米,,红米Note13 pro+,,,开机碎屏,350,元/台,三星屏 主板靓像头靓开机功能正常,image,小米2.jpg,数码网报价单-0831更新/手机相关/小米2.jpg,1,0.98,visual_legacy_crosscheck
20260831-61c97560b0278cf6162e-01,2026-08-31,手机,device,小米,,红米Note13 pro+,,,开机坏配件,250,元/台,三星屏 主板靓像头靓开机功能正常,image,小米2.jpg,数码网报价单-0831更新/手机相关/小米2.jpg,1,0.98,visual_legacy_crosscheck
20260831-de59f166a6d205a91e61-01,2026-08-31,手机,device,小米,,红米Note13 pro+,,,不开机,180,元/台,三星屏 主板靓像头靓开机功能正常,image,小米2.jpg,数码网报价单-0831更新/手机相关/小米2.jpg,1,0.98,visual_legacy_crosscheck
20260831-6a9e5a83aac17b8c4b1a-01,2026-08-31,手机,device,小米,,红米Note13 pro+,,,废板·整机,180,元/台,三星屏 主板靓像头靓开机功能正常,image,小米2.jpg,数码网报价单-0831更新/手机相关/小米2.jpg,1,0.98,visual_legacy_crosscheck
20260831-4d18fe114c2962a993f5-01,2026-08-31,手机,device,小米,,红米Note13 pro,,,开机靓好,350,元/台,三星屏 大老化算异屏 主板靓芯片无破损,image,小米2.jpg,数码网报价单-0831更新/手机相关/小米2.jpg,1,0.98,visual_legacy_crosscheck
20260831-c58992166b5536532929-01,2026-08-31,手机,device,小米,,红米Note13 pro,,,开机好碎,300,元/台,三星屏 大老化算异屏 主板靓芯片无破损,image,小米2.jpg,数码网报价单-0831更新/手机相关/小米2.jpg,1,0.98,visual_legacy_crosscheck
20260831-27e4ca705756c8744c43-01,2026-08-31,手机,device,小米,,红米Note13 pro,,,开机碎屏,300,元/台,三星屏 大老化算异屏 主板靓芯片无破损,image,小米2.jpg,数码网报价单-0831更新/手机相关/小米2.jpg,1,0.98,visual_legacy_crosscheck
20260831-8c6fe5c05c092b151efa-01,2026-08-31,手机,device,小米,,红米Note13 pro,,,开机坏配件,300,元/台,三星屏 大老化算异屏 主板靓芯片无破损,image,小米2.jpg,数码网报价单-0831更新/手机相关/小米2.jpg,1,0.98,visual_legacy_crosscheck
20260831-2ec2b08f2048c5ff9d2a-01,2026-08-31,手机,device,小米,,红米Note13 pro,,,不开机,180,元/台,三星屏 大老化算异屏 主板靓芯片无破损,image,小米2.jpg,数码网报价单-0831更新/手机相关/小米2.jpg,1,0.98,visual_legacy_crosscheck
20260831-457e1399e1dfcbedfa60-01,2026-08-31,手机,device,小米,,红米Note13 pro,,,废板·整机,180,元/台,三星屏 大老化算异屏 主板靓芯片无破损,image,小米2.jpg,数码网报价单-0831更新/手机相关/小米2.jpg,1,0.98,visual_legacy_crosscheck
20260831-ed4f2e4d9c5ad6118a3e-01,2026-08-31,手机,device,小米,,红米note13c 5G,,,开机靓好,150,元/台,主板功能正常,image,小米2.jpg,数码网报价单-0831更新/手机相关/小米2.jpg,1,0.98,visual_legacy_crosscheck
20260831-98be2329a986a284aa4e-01,2026-08-31,手机,device,小米,,红米note13c 5G,,,开机好碎,150,元/台,主板功能正常,image,小米2.jpg,数码网报价单-0831更新/手机相关/小米2.jpg,1,0.98,visual_legacy_crosscheck
20260831-c6870d04d75386dd1a4c-01,2026-08-31,手机,device,小米,,红米note13c 5G,,,开机碎屏,150,元/台,主板功能正常,image,小米2.jpg,数码网报价单-0831更新/手机相关/小米2.jpg,1,0.98,visual_legacy_crosscheck
20260831-81b00941db3ae16de36e-01,2026-08-31,手机,device,小米,,红米note13c 5G,,,开机坏配件,150,元/台,主板功能正常,image,小米2.jpg,数码网报价单-0831更新/手机相关/小米2.jpg,1,0.98,visual_legacy_crosscheck
20260831-daa09a7e9edf39eadf3e-01,2026-08-31,手机,device,小米,,红米note13c 5G,,,不开机,150,元/台,主板功能正常,image,小米2.jpg,数码网报价单-0831更新/手机相关/小米2.jpg,1,0.98,visual_legacy_crosscheck
20260831-361714efa9f8ac77dbe3-01,2026-08-31,手机,device,小米,,红米note13c 5G,,,废板·整机,150,元/台,主板功能正常,image,小米2.jpg,数码网报价单-0831更新/手机相关/小米2.jpg,1,0.98,visual_legacy_crosscheck
20260831-f03a677d58059bda2be6-01,2026-08-31,手机,device,小米,,红米note13 R,,,开机靓好,180,元/台,主板靓功能正常,image,小米2.jpg,数码网报价单-0831更新/手机相关/小米2.jpg,1,0.98,visual_legacy_crosscheck
20260831-71b95f2ad2d8723bd13f-01,2026-08-31,手机,device,小米,,红米note13 R,,,开机好碎,180,元/台,主板靓功能正常,image,小米2.jpg,数码网报价单-0831更新/手机相关/小米2.jpg,1,0.98,visual_legacy_crosscheck
20260831-1111deb32ae173001b4f-01,2026-08-31,手机,device,小米,,红米note13 R,,,开机碎屏,180,元/台,主板靓功能正常,image,小米2.jpg,数码网报价单-0831更新/手机相关/小米2.jpg,1,0.98,visual_legacy_crosscheck
20260831-8b33b7824873b10b97dc-01,2026-08-31,手机,device,小米,,红米note13 R,,,开机坏配件,180,元/台,主板靓功能正常,image,小米2.jpg,数码网报价单-0831更新/手机相关/小米2.jpg,1,0.98,visual_legacy_crosscheck
20260831-39bffadd9d10cee0d57c-01,2026-08-31,手机,device,小米,,红米note13 R,,,不开机,180,元/台,主板靓功能正常,image,小米2.jpg,数码网报价单-0831更新/手机相关/小米2.jpg,1,0.98,visual_legacy_crosscheck
20260831-b0b5d1259fee49b8bc91-01,2026-08-31,手机,device,小米,,红米note13 R,,,废板·整机,180,元/台,主板靓功能正常,image,小米2.jpg,数码网报价单-0831更新/手机相关/小米2.jpg,1,0.98,visual_legacy_crosscheck
20260831-5c3592860fd1dfadf5ae-01,2026-08-31,手机,device,小米,,红米Note13,,,开机靓好,350,元/台,三星屏 屏幕老化算异屏 开机主板功能正常 芯片无破损,image,小米2.jpg,数码网报价单-0831更新/手机相关/小米2.jpg,1,0.98,visual_legacy_crosscheck
20260831-42aa375d8add148f4cf5-01,2026-08-31,手机,device,小米,,红米Note13,,,开机好碎,350,元/台,三星屏 屏幕老化算异屏 开机主板功能正常 芯片无破损,image,小米2.jpg,数码网报价单-0831更新/手机相关/小米2.jpg,1,0.98,visual_legacy_crosscheck
20260831-757b9e32481f95822233-01,2026-08-31,手机,device,小米,,红米Note13,,,开机碎屏,300,元/台,三星屏 屏幕老化算异屏 开机主板功能正常 芯片无破损,image,小米2.jpg,数码网报价单-0831更新/手机相关/小米2.jpg,1,0.98,visual_legacy_crosscheck
20260831-827c79a9ec15597614cc-01,2026-08-31,手机,device,小米,,红米Note13,,,开机坏配件,300,元/台,三星屏 屏幕老化算异屏 开机主板功能正常 芯片无破损,image,小米2.jpg,数码网报价单-0831更新/手机相关/小米2.jpg,1,0.98,visual_legacy_crosscheck
20260831-45457ef921f9fdcfeff9-01,2026-08-31,手机,device,小米,,红米Note13,,,不开机,150,元/台,三星屏 屏幕老化算异屏 开机主板功能正常 芯片无破损,image,小米2.jpg,数码网报价单-0831更新/手机相关/小米2.jpg,1,0.98,visual_legacy_crosscheck
20260831-5af4baa3b9fc67bb934f-01,2026-08-31,手机,device,小米,,红米Note13,,,废板·整机,150,元/台,三星屏 屏幕老化算异屏 开机主板功能正常 芯片无破损,image,小米2.jpg,数码网报价单-0831更新/手机相关/小米2.jpg,1,0.98,visual_legacy_crosscheck
20260831-8a0ecb3e673fb9e5bf6c-01,2026-08-31,手机,device,小米,,红米Note12 Turbo (16+1TB),,,开机靓好,475,元/台,/,image,小米2.jpg,数码网报价单-0831更新/手机相关/小米2.jpg,1,0.98,visual_legacy_crosscheck
20260831-99aceb60b5bfa0fe61ab-01,2026-08-31,手机,device,小米,,红米Note12 Turbo (16+1TB),,,开机好碎,475,元/台,/,image,小米2.jpg,数码网报价单-0831更新/手机相关/小米2.jpg,1,0.98,visual_legacy_crosscheck
20260831-8a756667cbf90f8942c5-01,2026-08-31,手机,device,小米,,红米Note12 Turbo (16+1TB),,,开机碎屏,475,元/台,/,image,小米2.jpg,数码网报价单-0831更新/手机相关/小米2.jpg,1,0.98,visual_legacy_crosscheck
20260831-26305c4722f09e002f2b-01,2026-08-31,手机,device,小米,,红米Note12 Turbo (16+1TB),,,开机坏配件,475,元/台,/,image,小米2.jpg,数码网报价单-0831更新/手机相关/小米2.jpg,1,0.98,visual_legacy_crosscheck
20260831-1d24f0d3fd98f3a58abc-01,2026-08-31,手机,device,小米,,红米Note12 Turbo (16+1TB),,,不开机,475,元/台,/,image,小米2.jpg,数码网报价单-0831更新/手机相关/小米2.jpg,1,0.98,visual_legacy_crosscheck
20260831-47c364d717e7bc1d43b0-01,2026-08-31,手机,device,小米,,红米Note12 Turbo (16+1TB),,,废板·整机,475,元/台,/,image,小米2.jpg,数码网报价单-0831更新/手机相关/小米2.jpg,1,0.98,visual_legacy_crosscheck
20260831-2d34e7825fc43cb336ee-01,2026-08-31,手机,device,小米,,红米Note12 Turbo (8+128),,,开机靓好,250,元/台,开机主板靓功能正常 统货要求主板比例正常,image,小米2.jpg,数码网报价单-0831更新/手机相关/小米2.jpg,1,0.98,visual_legacy_crosscheck
20260831-94757a19881ecc5d6629-01,2026-08-31,手机,device,小米,,红米Note12 Turbo (8+128),,,开机好碎,160,元/台,开机主板靓功能正常 统货要求主板比例正常,image,小米2.jpg,数码网报价单-0831更新/手机相关/小米2.jpg,1,0.98,visual_legacy_crosscheck
20260831-f91b5692cd1b8295c2c2-01,2026-08-31,手机,device,小米,,红米Note12 Turbo (8+128),,,开机碎屏,250,元/台,开机主板靓功能正常 统货要求主板比例正常,image,小米2.jpg,数码网报价单-0831更新/手机相关/小米2.jpg,1,0.98,visual_legacy_crosscheck
20260831-053bfd7507162df0c705-01,2026-08-31,手机,device,小米,,红米Note12 Turbo (8+128),,,开机坏配件,160,元/台,开机主板靓功能正常 统货要求主板比例正常,image,小米2.jpg,数码网报价单-0831更新/手机相关/小米2.jpg,1,0.98,visual_legacy_crosscheck
20260831-b0ae154924bd1f22146d-01,2026-08-31,手机,device,小米,,红米Note12 Turbo (8+128),,,不开机,160,元/台,开机主板靓功能正常 统货要求主板比例正常,image,小米2.jpg,数码网报价单-0831更新/手机相关/小米2.jpg,1,0.98,visual_legacy_crosscheck
20260831-134687077bfabe549393-01,2026-08-31,手机,device,小米,,红米Note12 Turbo (8+128),,,废板·整机,160,元/台,开机主板靓功能正常 统货要求主板比例正常,image,小米2.jpg,数码网报价单-0831更新/手机相关/小米2.jpg,1,0.98,visual_legacy_crosscheck
20260831-9e98ec9033ce9e5a2be5-01,2026-08-31,手机,device,小米,,红米Note12 Turbo (8+256),,,开机靓好,250,元/台,开机主板靓功能正常 统货要求主板比例正常,image,小米2.jpg,数码网报价单-0831更新/手机相关/小米2.jpg,1,0.98,visual_legacy_crosscheck
20260831-7e7e372955a4d90d1b8b-01,2026-08-31,手机,device,小米,,红米Note12 Turbo (8+256),,,开机好碎,205,元/台,开机主板靓功能正常 统货要求主板比例正常,image,小米2.jpg,数码网报价单-0831更新/手机相关/小米2.jpg,1,0.98,visual_legacy_crosscheck
20260831-2e39ae5de2559936be58-01,2026-08-31,手机,device,小米,,红米Note12 Turbo (8+256),,,开机碎屏,250,元/台,开机主板靓功能正常 统货要求主板比例正常,image,小米2.jpg,数码网报价单-0831更新/手机相关/小米2.jpg,1,0.98,visual_legacy_crosscheck
20260831-a4bd58953420d3ff395b-01,2026-08-31,手机,device,小米,,红米Note12 Turbo (8+256),,,开机坏配件,205,元/台,开机主板靓功能正常 统货要求主板比例正常,image,小米2.jpg,数码网报价单-0831更新/手机相关/小米2.jpg,1,0.98,visual_legacy_crosscheck
20260831-42424ab8569509ef6f0d-01,2026-08-31,手机,device,小米,,红米Note12 Turbo (8+256),,,不开机,205,元/台,开机主板靓功能正常 统货要求主板比例正常,image,小米2.jpg,数码网报价单-0831更新/手机相关/小米2.jpg,1,0.98,visual_legacy_crosscheck
20260831-93bc82ce1dad64ed87aa-01,2026-08-31,手机,device,小米,,红米Note12 Turbo (8+256),,,废板·整机,205,元/台,开机主板靓功能正常 统货要求主板比例正常,image,小米2.jpg,数码网报价单-0831更新/手机相关/小米2.jpg,1,0.98,visual_legacy_crosscheck
20260831-167d630df49e81ec0e7b-01,2026-08-31,手机,device,小米,,红米Note12 Turbo (12+256),,,开机靓好,250,元/台,开机主板靓功能正常 统货要求主板比例正常,image,小米2.jpg,数码网报价单-0831更新/手机相关/小米2.jpg,1,0.98,visual_legacy_crosscheck
20260831-86fcb5f08a635151e8e3-01,2026-08-31,手机,device,小米,,红米Note12 Turbo (12+256),,,开机好碎,215,元/台,开机主板靓功能正常 统货要求主板比例正常,image,小米2.jpg,数码网报价单-0831更新/手机相关/小米2.jpg,1,0.98,visual_legacy_crosscheck
20260831-41fe177ff0f19b1cebd0-01,2026-08-31,手机,device,小米,,红米Note12 Turbo (12+256),,,开机碎屏,250,元/台,开机主板靓功能正常 统货要求主板比例正常,image,小米2.jpg,数码网报价单-0831更新/手机相关/小米2.jpg,1,0.98,visual_legacy_crosscheck
20260831-4e364fd56b3733cc911f-01,2026-08-31,手机,device,小米,,红米Note12 Turbo (12+256),,,开机坏配件,215,元/台,开机主板靓功能正常 统货要求主板比例正常,image,小米2.jpg,数码网报价单-0831更新/手机相关/小米2.jpg,1,0.98,visual_legacy_crosscheck
20260831-1451f1553df6b4d25107-01,2026-08-31,手机,device,小米,,红米Note12 Turbo (12+256),,,不开机,215,元/台,开机主板靓功能正常 统货要求主板比例正常,image,小米2.jpg,数码网报价单-0831更新/手机相关/小米2.jpg,1,0.98,visual_legacy_crosscheck
20260831-069318bfa2328d643782-01,2026-08-31,手机,device,小米,,红米Note12 Turbo (12+256),,,废板·整机,215,元/台,开机主板靓功能正常 统货要求主板比例正常,image,小米2.jpg,数码网报价单-0831更新/手机相关/小米2.jpg,1,0.98,visual_legacy_crosscheck
20260831-f76ce068387436301ce6-01,2026-08-31,手机,device,小米,,红米Note12 Turbo (16+256),,,开机靓好,350,元/台,开机主板靓功能正常 统货要求主板比例正常,image,小米2.jpg,数码网报价单-0831更新/手机相关/小米2.jpg,1,0.98,visual_legacy_crosscheck
20260831-bf5ee195d97f3d2d149d-01,2026-08-31,手机,device,小米,,红米Note12 Turbo (16+256),,,开机好碎,350,元/台,开机主板靓功能正常 统货要求主板比例正常,image,小米2.jpg,数码网报价单-0831更新/手机相关/小米2.jpg,1,0.98,visual_legacy_crosscheck
20260831-a5b2700fb20392b29203-01,2026-08-31,手机,device,小米,,红米Note12 Turbo (16+256),,,开机碎屏,350,元/台,开机主板靓功能正常 统货要求主板比例正常,image,小米2.jpg,数码网报价单-0831更新/手机相关/小米2.jpg,1,0.98,visual_legacy_crosscheck
20260831-1cbe004bc48ac55186d6-01,2026-08-31,手机,device,小米,,红米Note12 Turbo (16+256),,,开机坏配件,350,元/台,开机主板靓功能正常 统货要求主板比例正常,image,小米2.jpg,数码网报价单-0831更新/手机相关/小米2.jpg,1,0.98,visual_legacy_crosscheck
20260831-c1c4bf34c605509892b9-01,2026-08-31,手机,device,小米,,红米Note12 Turbo (16+256),,,不开机,350,元/台,开机主板靓功能正常 统货要求主板比例正常,image,小米2.jpg,数码网报价单-0831更新/手机相关/小米2.jpg,1,0.98,visual_legacy_crosscheck
20260831-f9a8c0c501ba7320a6ee-01,2026-08-31,手机,device,小米,,红米Note12 Turbo (16+256),,,废板·整机,350,元/台,开机主板靓功能正常 统货要求主板比例正常,image,小米2.jpg,数码网报价单-0831更新/手机相关/小米2.jpg,1,0.98,visual_legacy_crosscheck
20260831-dabe3bb3541dd16ff0fb-01,2026-08-31,手机,device,小米,,红米Note12 Tpro (12+512),,,开机靓好,270,元/台,/,image,小米2.jpg,数码网报价单-0831更新/手机相关/小米2.jpg,1,0.98,visual_legacy_crosscheck
20260831-c1aa1c5bb913cc5e0318-01,2026-08-31,手机,device,小米,,红米Note12 Tpro (12+512),,,开机好碎,270,元/台,/,image,小米2.jpg,数码网报价单-0831更新/手机相关/小米2.jpg,1,0.98,visual_legacy_crosscheck
20260831-47500a34bd032a613da0-01,2026-08-31,手机,device,小米,,红米Note12 Tpro (12+512),,,开机碎屏,270,元/台,/,image,小米2.jpg,数码网报价单-0831更新/手机相关/小米2.jpg,1,0.98,visual_legacy_crosscheck
20260831-c02302adc9a79bc2dabe-01,2026-08-31,手机,device,小米,,红米Note12 Tpro (12+512),,,开机坏配件,270,元/台,/,image,小米2.jpg,数码网报价单-0831更新/手机相关/小米2.jpg,1,0.98,visual_legacy_crosscheck
20260831-8a94d9a25bb8dc9e2033-01,2026-08-31,手机,device,小米,,红米Note12 Tpro (12+512),,,不开机,270,元/台,/,image,小米2.jpg,数码网报价单-0831更新/手机相关/小米2.jpg,1,0.98,visual_legacy_crosscheck
20260831-e129bc37d95335fd7224-01,2026-08-31,手机,device,小米,,红米Note12 Tpro (12+512),,,废板·整机,270,元/台,/,image,小米2.jpg,数码网报价单-0831更新/手机相关/小米2.jpg,1,0.98,visual_legacy_crosscheck
20260831-a83d3e93a8ad24885815-01,2026-08-31,手机,device,小米,,红米Note12 Tpro (8+128),,,开机靓好,170,元/台,芯片无破损 内存比例正常,image,小米2.jpg,数码网报价单-0831更新/手机相关/小米2.jpg,1,0.98,visual_legacy_crosscheck
20260831-42601b9c08b3558c8e3d-01,2026-08-31,手机,device,小米,,红米Note12 Tpro (8+128),,,开机好碎,170,元/台,芯片无破损 内存比例正常,image,小米2.jpg,数码网报价单-0831更新/手机相关/小米2.jpg,1,0.98,visual_legacy_crosscheck
20260831-29622455e74c9c36ee23-01,2026-08-31,手机,device,小米,,红米Note12 Tpro (8+128),,,开机碎屏,170,元/台,芯片无破损 内存比例正常,image,小米2.jpg,数码网报价单-0831更新/手机相关/小米2.jpg,1,0.98,visual_legacy_crosscheck
20260831-2fad490dcd94e07d6cfa-01,2026-08-31,手机,device,小米,,红米Note12 Tpro (8+128),,,开机坏配件,170,元/台,芯片无破损 内存比例正常,image,小米2.jpg,数码网报价单-0831更新/手机相关/小米2.jpg,1,0.98,visual_legacy_crosscheck
20260831-5b092ca14e1d40e6d6a7-01,2026-08-31,手机,device,小米,,红米Note12 Tpro (8+128),,,不开机,170,元/台,芯片无破损 内存比例正常,image,小米2.jpg,数码网报价单-0831更新/手机相关/小米2.jpg,1,0.98,visual_legacy_crosscheck
20260831-7c4b438a854982211758-01,2026-08-31,手机,device,小米,,红米Note12 Tpro (8+128),,,废板·整机,170,元/台,芯片无破损 内存比例正常,image,小米2.jpg,数码网报价单-0831更新/手机相关/小米2.jpg,1,0.98,visual_legacy_crosscheck
20260831-fd3e0fe9aa1223b88ed2-01,2026-08-31,手机,device,小米,,红米Note12 Tpro (8+256),,,开机靓好,170,元/台,芯片无破损 内存比例正常,image,小米2.jpg,数码网报价单-0831更新/手机相关/小米2.jpg,1,0.98,visual_legacy_crosscheck
20260831-e74f2c6f61af83c5e333-01,2026-08-31,手机,device,小米,,红米Note12 Tpro (8+256),,,开机好碎,170,元/台,芯片无破损 内存比例正常,image,小米2.jpg,数码网报价单-0831更新/手机相关/小米2.jpg,1,0.98,visual_legacy_crosscheck
20260831-92502b4434cfc98e8bb3-01,2026-08-31,手机,device,小米,,红米Note12 Tpro (8+256),,,开机碎屏,170,元/台,芯片无破损 内存比例正常,image,小米2.jpg,数码网报价单-0831更新/手机相关/小米2.jpg,1,0.98,visual_legacy_crosscheck
20260831-4b16ffcd61fbef04b45a-01,2026-08-31,手机,device,小米,,红米Note12 Tpro (8+256),,,开机坏配件,170,元/台,芯片无破损 内存比例正常,image,小米2.jpg,数码网报价单-0831更新/手机相关/小米2.jpg,1,0.98,visual_legacy_crosscheck
20260831-2f0091563a8d513e7403-01,2026-08-31,手机,device,小米,,红米Note12 Tpro (8+256),,,不开机,170,元/台,芯片无破损 内存比例正常,image,小米2.jpg,数码网报价单-0831更新/手机相关/小米2.jpg,1,0.98,visual_legacy_crosscheck
20260831-e2a90beea8e681a7739c-01,2026-08-31,手机,device,小米,,红米Note12 Tpro (8+256),,,废板·整机,170,元/台,芯片无破损 内存比例正常,image,小米2.jpg,数码网报价单-0831更新/手机相关/小米2.jpg,1,0.98,visual_legacy_crosscheck
20260831-b9f4f0d1a0e57267b040-01,2026-08-31,手机,device,小米,,红米Note12 Tpro (12+256),,,开机靓好,170,元/台,芯片无破损 内存比例正常,image,小米2.jpg,数码网报价单-0831更新/手机相关/小米2.jpg,1,0.98,visual_legacy_crosscheck
20260831-125c27c3eba79928edbb-01,2026-08-31,手机,device,小米,,红米Note12 Tpro (12+256),,,开机好碎,170,元/台,芯片无破损 内存比例正常,image,小米2.jpg,数码网报价单-0831更新/手机相关/小米2.jpg,1,0.98,visual_legacy_crosscheck
20260831-9add4716d33c99a04928-01,2026-08-31,手机,device,小米,,红米Note12 Tpro (12+256),,,开机碎屏,170,元/台,芯片无破损 内存比例正常,image,小米2.jpg,数码网报价单-0831更新/手机相关/小米2.jpg,1,0.98,visual_legacy_crosscheck
20260831-c60d9f36e30880bdf504-01,2026-08-31,手机,device,小米,,红米Note12 Tpro (12+256),,,开机坏配件,170,元/台,芯片无破损 内存比例正常,image,小米2.jpg,数码网报价单-0831更新/手机相关/小米2.jpg,1,0.98,visual_legacy_crosscheck
20260831-8a0a6c432e65a7f40e0f-01,2026-08-31,手机,device,小米,,红米Note12 Tpro (12+256),,,不开机,170,元/台,芯片无破损 内存比例正常,image,小米2.jpg,数码网报价单-0831更新/手机相关/小米2.jpg,1,0.98,visual_legacy_crosscheck
20260831-21f4daf8869da696f3c7-01,2026-08-31,手机,device,小米,,红米Note12 Tpro (12+256),,,废板·整机,170,元/台,芯片无破损 内存比例正常,image,小米2.jpg,数码网报价单-0831更新/手机相关/小米2.jpg,1,0.98,visual_legacy_crosscheck
20260831-656bc2f0f242a99b7f80-01,2026-08-31,手机,device,小米,,红米Note12 Tpro (12+512),,,开机靓好,170,元/台,芯片无破损 内存比例正常,image,小米2.jpg,数码网报价单-0831更新/手机相关/小米2.jpg,1,0.98,visual_legacy_crosscheck
20260831-bb0b0b02fa3479696a4c-01,2026-08-31,手机,device,小米,,红米Note12 Tpro (12+512),,,开机好碎,170,元/台,芯片无破损 内存比例正常,image,小米2.jpg,数码网报价单-0831更新/手机相关/小米2.jpg,1,0.98,visual_legacy_crosscheck
20260831-bd788065cbc283440222-01,2026-08-31,手机,device,小米,,红米Note12 Tpro (12+512),,,开机碎屏,170,元/台,芯片无破损 内存比例正常,image,小米2.jpg,数码网报价单-0831更新/手机相关/小米2.jpg,1,0.98,visual_legacy_crosscheck
20260831-41b682f5612320793069-01,2026-08-31,手机,device,小米,,红米Note12 Tpro (12+512),,,开机坏配件,170,元/台,芯片无破损 内存比例正常,image,小米2.jpg,数码网报价单-0831更新/手机相关/小米2.jpg,1,0.98,visual_legacy_crosscheck
20260831-a2fd9eef663dc2899755-01,2026-08-31,手机,device,小米,,红米Note12 Tpro (12+512),,,不开机,170,元/台,芯片无破损 内存比例正常,image,小米2.jpg,数码网报价单-0831更新/手机相关/小米2.jpg,1,0.98,visual_legacy_crosscheck
20260831-093d0b3603876f8f32dd-01,2026-08-31,手机,device,小米,,红米Note12 Tpro (12+512),,,废板·整机,170,元/台,芯片无破损 内存比例正常,image,小米2.jpg,数码网报价单-0831更新/手机相关/小米2.jpg,1,0.98,visual_legacy_crosscheck
20260831-d636f1c73afdffabf2cf-01,2026-08-31,手机,device,小米,,红米12 Note12 R,,,开机靓好,160,元/台,主板靓开机功能正常 芯片无破损,image,小米2.jpg,数码网报价单-0831更新/手机相关/小米2.jpg,1,0.98,visual_legacy_crosscheck
20260831-c2257599280fccd91ae8-01,2026-08-31,手机,device,小米,,红米12 Note12 R,,,开机好碎,160,元/台,主板靓开机功能正常 芯片无破损,image,小米2.jpg,数码网报价单-0831更新/手机相关/小米2.jpg,1,0.98,visual_legacy_crosscheck
20260831-4bc79ee8c031787ed4a9-01,2026-08-31,手机,device,小米,,红米12 Note12 R,,,开机碎屏,160,元/台,主板靓开机功能正常 芯片无破损,image,小米2.jpg,数码网报价单-0831更新/手机相关/小米2.jpg,1,0.98,visual_legacy_crosscheck
20260831-2bc42a9b8d8ac81413c1-01,2026-08-31,手机,device,小米,,红米12 Note12 R,,,开机坏配件,160,元/台,主板靓开机功能正常 芯片无破损,image,小米2.jpg,数码网报价单-0831更新/手机相关/小米2.jpg,1,0.98,visual_legacy_crosscheck
20260831-b55e232d7a439da8d23b-01,2026-08-31,手机,device,小米,,红米12 Note12 R,,,不开机,160,元/台,主板靓开机功能正常 芯片无破损,image,小米2.jpg,数码网报价单-0831更新/手机相关/小米2.jpg,1,0.98,visual_legacy_crosscheck
20260831-1c6a77db76e3e40c0127-01,2026-08-31,手机,device,小米,,红米12 Note12 R,,,废板·整机,160,元/台,主板靓开机功能正常 芯片无破损,image,小米2.jpg,数码网报价单-0831更新/手机相关/小米2.jpg,1,0.98,visual_legacy_crosscheck
20260831-5586866fb13a75857aea-01,2026-08-31,手机,device,小米,,红米Note12 pro极速版,,,开机靓好,200,元/台,三星屏 主板芯片无破损,image,小米2.jpg,数码网报价单-0831更新/手机相关/小米2.jpg,1,0.98,visual_legacy_crosscheck
20260831-7c9b70293a07079879ef-01,2026-08-31,手机,device,小米,,红米Note12 pro极速版,,,开机好碎,200,元/台,三星屏 主板芯片无破损,image,小米2.jpg,数码网报价单-0831更新/手机相关/小米2.jpg,1,0.98,visual_legacy_crosscheck
20260831-531f9fdd538009f1768a-01,2026-08-31,手机,device,小米,,红米Note12 pro极速版,,,开机碎屏,200,元/台,三星屏 主板芯片无破损,image,小米2.jpg,数码网报价单-0831更新/手机相关/小米2.jpg,1,0.98,visual_legacy_crosscheck
20260831-3392c57abc713fbb31ea-01,2026-08-31,手机,device,小米,,红米Note12 pro极速版,,,开机坏配件,200,元/台,三星屏 主板芯片无破损,image,小米2.jpg,数码网报价单-0831更新/手机相关/小米2.jpg,1,0.98,visual_legacy_crosscheck
20260831-3573fcb67cd3d57aa34a-01,2026-08-31,手机,device,小米,,红米Note12 pro极速版,,,不开机,200,元/台,三星屏 主板芯片无破损,image,小米2.jpg,数码网报价单-0831更新/手机相关/小米2.jpg,1,0.98,visual_legacy_crosscheck
20260831-3c2c30f9ebe9e0628906-01,2026-08-31,手机,device,小米,,红米Note12 pro极速版,,,废板·整机,200,元/台,三星屏 主板芯片无破损,image,小米2.jpg,数码网报价单-0831更新/手机相关/小米2.jpg,1,0.98,visual_legacy_crosscheck
20260831-fc246fb8fd2b2181a574-01,2026-08-31,手机,device,小米,,红米Note12 5G,,,开机靓好,200,元/台,三星屏 芯片无破损 内存比例正常,image,小米2.jpg,数码网报价单-0831更新/手机相关/小米2.jpg,1,0.98,visual_legacy_crosscheck
20260831-f1771283b36edf6cb856-01,2026-08-31,手机,device,小米,,红米Note12 5G,,,开机好碎,200,元/台,三星屏 芯片无破损 内存比例正常,image,小米2.jpg,数码网报价单-0831更新/手机相关/小米2.jpg,1,0.98,visual_legacy_crosscheck
20260831-5ea8417d2f0e5b12fc9f-01,2026-08-31,手机,device,小米,,红米Note12 5G,,,开机碎屏,180,元/台,三星屏 芯片无破损 内存比例正常,image,小米2.jpg,数码网报价单-0831更新/手机相关/小米2.jpg,1,0.98,visual_legacy_crosscheck
20260831-12e576b29a4d74285546-01,2026-08-31,手机,device,小米,,红米Note12 5G,,,开机坏配件,180,元/台,三星屏 芯片无破损 内存比例正常,image,小米2.jpg,数码网报价单-0831更新/手机相关/小米2.jpg,1,0.98,visual_legacy_crosscheck
20260831-2ab32e9bba69a8544d06-01,2026-08-31,手机,device,小米,,红米Note12 5G,,,不开机,180,元/台,三星屏 芯片无破损 内存比例正常,image,小米2.jpg,数码网报价单-0831更新/手机相关/小米2.jpg,1,0.98,visual_legacy_crosscheck
20260831-b3f11c114455ffc4e8f4-01,2026-08-31,手机,device,小米,,红米Note12 5G,,,废板·整机,180,元/台,三星屏 芯片无破损 内存比例正常,image,小米2.jpg,数码网报价单-0831更新/手机相关/小米2.jpg,1,0.98,visual_legacy_crosscheck
20260831-398539338af0f700f9e4-01,2026-08-31,手机,device,小米,,红米Note12 pro,,,开机靓好,200,元/台,开机主板靓功能正常 统货要求主板比例正常,image,小米2.jpg,数码网报价单-0831更新/手机相关/小米2.jpg,1,0.98,visual_legacy_crosscheck
20260831-68e29cec1fae3df9b990-01,2026-08-31,手机,device,小米,,红米Note12 pro,,,开机好碎,200,元/台,开机主板靓功能正常 统货要求主板比例正常,image,小米2.jpg,数码网报价单-0831更新/手机相关/小米2.jpg,1,0.98,visual_legacy_crosscheck
20260831-94e722d4efbb6f5ea36c-01,2026-08-31,手机,device,小米,,红米Note12 pro,,,开机碎屏,200,元/台,开机主板靓功能正常 统货要求主板比例正常,image,小米2.jpg,数码网报价单-0831更新/手机相关/小米2.jpg,1,0.98,visual_legacy_crosscheck
20260831-54c3121f8ccb17fbd432-01,2026-08-31,手机,device,小米,,红米Note12 pro,,,开机坏配件,200,元/台,开机主板靓功能正常 统货要求主板比例正常,image,小米2.jpg,数码网报价单-0831更新/手机相关/小米2.jpg,1,0.98,visual_legacy_crosscheck
20260831-3b736df00df69709119e-01,2026-08-31,手机,device,小米,,红米Note12 pro,,,不开机,200,元/台,开机主板靓功能正常 统货要求主板比例正常,image,小米2.jpg,数码网报价单-0831更新/手机相关/小米2.jpg,1,0.98,visual_legacy_crosscheck
20260831-ff8d2b5f707d000b2baf-01,2026-08-31,手机,device,小米,,红米Note12 pro,,,废板·整机,200,元/台,开机主板靓功能正常 统货要求主板比例正常,image,小米2.jpg,数码网报价单-0831更新/手机相关/小米2.jpg,1,0.98,visual_legacy_crosscheck
20260831-1a6b9887492b6924eb59-01,2026-08-31,手机,device,小米,,红米Note11 pro,,,开机靓好,200,元/台,三星屏 主板功能正常,image,小米2.jpg,数码网报价单-0831更新/手机相关/小米2.jpg,1,0.98,visual_legacy_crosscheck
20260831-9e7f7fb9bc141116ce50-01,2026-08-31,手机,device,小米,,红米Note11 pro,,,开机好碎,200,元/台,三星屏 主板功能正常,image,小米2.jpg,数码网报价单-0831更新/手机相关/小米2.jpg,1,0.98,visual_legacy_crosscheck
20260831-4ed4fd52296519fec377-01,2026-08-31,手机,device,小米,,红米Note11 pro,,,开机碎屏,180,元/台,三星屏 主板功能正常,image,小米2.jpg,数码网报价单-0831更新/手机相关/小米2.jpg,1,0.98,visual_legacy_crosscheck
20260831-4d5354eaab040ec2c32b-01,2026-08-31,手机,device,小米,,红米Note11 pro,,,开机坏配件,180,元/台,三星屏 主板功能正常,image,小米2.jpg,数码网报价单-0831更新/手机相关/小米2.jpg,1,0.98,visual_legacy_crosscheck
20260831-0cf14a7739f0d22f8ee8-01,2026-08-31,手机,device,小米,,红米Note11 pro,,,不开机,180,元/台,三星屏 主板功能正常,image,小米2.jpg,数码网报价单-0831更新/手机相关/小米2.jpg,1,0.98,visual_legacy_crosscheck
20260831-1c354581aa504d8384d2-01,2026-08-31,手机,device,小米,,红米Note11 pro,,,废板·整机,180,元/台,三星屏 主板功能正常,image,小米2.jpg,数码网报价单-0831更新/手机相关/小米2.jpg,1,0.98,visual_legacy_crosscheck
20260831-7ad3024a90dd72721331-01,2026-08-31,手机,device,小米,,红米Note11 se,,,开机靓好,180,元/台,主板功能正常,image,小米2.jpg,数码网报价单-0831更新/手机相关/小米2.jpg,1,0.98,visual_legacy_crosscheck
20260831-c4869cf99a2fe6004271-01,2026-08-31,手机,device,小米,,红米Note11 se,,,开机好碎,180,元/台,主板功能正常,image,小米2.jpg,数码网报价单-0831更新/手机相关/小米2.jpg,1,0.98,visual_legacy_crosscheck
20260831-7b074aa6a0d77ff575a2-01,2026-08-31,手机,device,小米,,红米Note11 se,,,开机碎屏,180,元/台,主板功能正常,image,小米2.jpg,数码网报价单-0831更新/手机相关/小米2.jpg,1,0.98,visual_legacy_crosscheck
20260831-dd71b088c91eaa7e5558-01,2026-08-31,手机,device,小米,,红米Note11 se,,,开机坏配件,180,元/台,主板功能正常,image,小米2.jpg,数码网报价单-0831更新/手机相关/小米2.jpg,1,0.98,visual_legacy_crosscheck
20260831-8a828d22bc0ff3500de6-01,2026-08-31,手机,device,小米,,红米Note11 se,,,不开机,180,元/台,主板功能正常,image,小米2.jpg,数码网报价单-0831更新/手机相关/小米2.jpg,1,0.98,visual_legacy_crosscheck
20260831-292809a3686a6b5f1fdc-01,2026-08-31,手机,device,小米,,红米Note11 se,,,废板·整机,180,元/台,主板功能正常,image,小米2.jpg,数码网报价单-0831更新/手机相关/小米2.jpg,1,0.98,visual_legacy_crosscheck
20260831-398b84f7871999890985-01,2026-08-31,手机,device,小米,,红米Note11 R,,,开机靓好,180,元/台,主板功能正常 芯片无破损,image,小米2.jpg,数码网报价单-0831更新/手机相关/小米2.jpg,1,0.98,visual_legacy_crosscheck
20260831-210bde21906d292cb909-01,2026-08-31,手机,device,小米,,红米Note11 R,,,开机好碎,180,元/台,主板功能正常 芯片无破损,image,小米2.jpg,数码网报价单-0831更新/手机相关/小米2.jpg,1,0.98,visual_legacy_crosscheck
20260831-a5bd7ed32f25077042ac-01,2026-08-31,手机,device,小米,,红米Note11 R,,,开机碎屏,180,元/台,主板功能正常 芯片无破损,image,小米2.jpg,数码网报价单-0831更新/手机相关/小米2.jpg,1,0.98,visual_legacy_crosscheck
20260831-dc83e3995cbc70610804-01,2026-08-31,手机,device,小米,,红米Note11 R,,,开机坏配件,180,元/台,主板功能正常 芯片无破损,image,小米2.jpg,数码网报价单-0831更新/手机相关/小米2.jpg,1,0.98,visual_legacy_crosscheck
20260831-f12eb625e5edc0aaac89-01,2026-08-31,手机,device,小米,,红米Note11 R,,,不开机,180,元/台,主板功能正常 芯片无破损,image,小米2.jpg,数码网报价单-0831更新/手机相关/小米2.jpg,1,0.98,visual_legacy_crosscheck
20260831-d14ce90fdde2dcb7ce7d-01,2026-08-31,手机,device,小米,,红米Note11 R,,,废板·整机,180,元/台,主板功能正常 芯片无破损,image,小米2.jpg,数码网报价单-0831更新/手机相关/小米2.jpg,1,0.98,visual_legacy_crosscheck
20260831-79ea5773863af5cd834e-01,2026-08-31,手机,device,小米,,红米Note11E Pro,,,开机靓好,130,元/台,三星屏 主板功能正常 芯片无破损,image,小米2.jpg,数码网报价单-0831更新/手机相关/小米2.jpg,1,0.98,visual_legacy_crosscheck
20260831-23e2bfdc3df940234ba9-01,2026-08-31,手机,device,小米,,红米Note11E Pro,,,开机好碎,130,元/台,三星屏 主板功能正常 芯片无破损,image,小米2.jpg,数码网报价单-0831更新/手机相关/小米2.jpg,1,0.98,visual_legacy_crosscheck
20260831-243be6278c3415c62e6c-01,2026-08-31,手机,device,小米,,红米Note11E Pro,,,开机碎屏,130,元/台,三星屏 主板功能正常 芯片无破损,image,小米2.jpg,数码网报价单-0831更新/手机相关/小米2.jpg,1,0.98,visual_legacy_crosscheck
20260831-fbf8bb9756c30e4e7bee-01,2026-08-31,手机,device,小米,,红米Note11E Pro,,,开机坏配件,130,元/台,三星屏 主板功能正常 芯片无破损,image,小米2.jpg,数码网报价单-0831更新/手机相关/小米2.jpg,1,0.98,visual_legacy_crosscheck
20260831-234150201860d54f5a5f-01,2026-08-31,手机,device,小米,,红米Note11E Pro,,,不开机,130,元/台,三星屏 主板功能正常 芯片无破损,image,小米2.jpg,数码网报价单-0831更新/手机相关/小米2.jpg,1,0.98,visual_legacy_crosscheck
20260831-43338fc7253f2d1e911a-01,2026-08-31,手机,device,小米,,红米Note11E Pro,,,废板·整机,130,元/台,三星屏 主板功能正常 芯片无破损,image,小米2.jpg,数码网报价单-0831更新/手机相关/小米2.jpg,1,0.98,visual_legacy_crosscheck
20260831-7fbff36641f0741e910a-01,2026-08-31,手机,device,小米,,红米Note11E,,,开机靓好,180,元/台,主板功能正常 芯片无破损,image,小米2.jpg,数码网报价单-0831更新/手机相关/小米2.jpg,1,0.98,visual_legacy_crosscheck
20260831-b0be6e13a4f0a90024e2-01,2026-08-31,手机,device,小米,,红米Note11E,,,开机好碎,180,元/台,主板功能正常 芯片无破损,image,小米2.jpg,数码网报价单-0831更新/手机相关/小米2.jpg,1,0.98,visual_legacy_crosscheck
20260831-aa3c2f1ce816feb53b9d-01,2026-08-31,手机,device,小米,,红米Note11E,,,开机碎屏,180,元/台,主板功能正常 芯片无破损,image,小米2.jpg,数码网报价单-0831更新/手机相关/小米2.jpg,1,0.98,visual_legacy_crosscheck
20260831-0bcff9d19efa5e96ec0e-01,2026-08-31,手机,device,小米,,红米Note11E,,,开机坏配件,180,元/台,主板功能正常 芯片无破损,image,小米2.jpg,数码网报价单-0831更新/手机相关/小米2.jpg,1,0.98,visual_legacy_crosscheck
20260831-313bf2b05fc9647720ab-01,2026-08-31,手机,device,小米,,红米Note11E,,,不开机,180,元/台,主板功能正常 芯片无破损,image,小米2.jpg,数码网报价单-0831更新/手机相关/小米2.jpg,1,0.98,visual_legacy_crosscheck
20260831-546bdac69c4fa587f655-01,2026-08-31,手机,device,小米,,红米Note11E,,,废板·整机,180,元/台,主板功能正常 芯片无破损,image,小米2.jpg,数码网报价单-0831更新/手机相关/小米2.jpg,1,0.98,visual_legacy_crosscheck
20260831-6ae0351b962ab0629aaa-01,2026-08-31,手机,device,小米,,红米Note11T pro (6+128),,,开机靓好,170,元/台,芯片无破损 内存比例正常,image,小米2.jpg,数码网报价单-0831更新/手机相关/小米2.jpg,1,0.98,visual_legacy_crosscheck
20260831-07d5b214129ad4d6af1e-01,2026-08-31,手机,device,小米,,红米Note11T pro (6+128),,,开机好碎,170,元/台,芯片无破损 内存比例正常,image,小米2.jpg,数码网报价单-0831更新/手机相关/小米2.jpg,1,0.98,visual_legacy_crosscheck
20260831-5f0f098b2dfd62969986-01,2026-08-31,手机,device,小米,,红米Note11T pro (6+128),,,开机碎屏,170,元/台,芯片无破损 内存比例正常,image,小米2.jpg,数码网报价单-0831更新/手机相关/小米2.jpg,1,0.98,visual_legacy_crosscheck
20260831-6bbccb8d3a7224dd88f2-01,2026-08-31,手机,device,小米,,红米Note11T pro (6+128),,,开机坏配件,170,元/台,芯片无破损 内存比例正常,image,小米2.jpg,数码网报价单-0831更新/手机相关/小米2.jpg,1,0.98,visual_legacy_crosscheck
20260831-25779da3a9cd651c0f73-01,2026-08-31,手机,device,小米,,红米Note11T pro (6+128),,,不开机,170,元/台,芯片无破损 内存比例正常,image,小米2.jpg,数码网报价单-0831更新/手机相关/小米2.jpg,1,0.98,visual_legacy_crosscheck
20260831-13d5245666900dfc02ed-01,2026-08-31,手机,device,小米,,红米Note11T pro (6+128),,,废板·整机,170,元/台,芯片无破损 内存比例正常,image,小米2.jpg,数码网报价单-0831更新/手机相关/小米2.jpg,1,0.98,visual_legacy_crosscheck
20260831-fd2898922c382f657a48-01,2026-08-31,手机,device,小米,,红米Note11T pro (8+128),,,开机靓好,170,元/台,芯片无破损 内存比例正常,image,小米2.jpg,数码网报价单-0831更新/手机相关/小米2.jpg,1,0.98,visual_legacy_crosscheck
20260831-30b8a77d6cbf6ce44640-01,2026-08-31,手机,device,小米,,红米Note11T pro (8+128),,,开机好碎,170,元/台,芯片无破损 内存比例正常,image,小米2.jpg,数码网报价单-0831更新/手机相关/小米2.jpg,1,0.98,visual_legacy_crosscheck
20260831-84737858d5b8ffee883c-01,2026-08-31,手机,device,小米,,红米Note11T pro (8+128),,,开机碎屏,170,元/台,芯片无破损 内存比例正常,image,小米2.jpg,数码网报价单-0831更新/手机相关/小米2.jpg,1,0.98,visual_legacy_crosscheck
20260831-ad0a95cee4d2bdf5be4e-01,2026-08-31,手机,device,小米,,红米Note11T pro (8+128),,,开机坏配件,170,元/台,芯片无破损 内存比例正常,image,小米2.jpg,数码网报价单-0831更新/手机相关/小米2.jpg,1,0.98,visual_legacy_crosscheck
20260831-a155e6447f8fea9a3718-01,2026-08-31,手机,device,小米,,红米Note11T pro (8+128),,,不开机,170,元/台,芯片无破损 内存比例正常,image,小米2.jpg,数码网报价单-0831更新/手机相关/小米2.jpg,1,0.98,visual_legacy_crosscheck
20260831-1d11242bc4472e1a640b-01,2026-08-31,手机,device,小米,,红米Note11T pro (8+128),,,废板·整机,170,元/台,芯片无破损 内存比例正常,image,小米2.jpg,数码网报价单-0831更新/手机相关/小米2.jpg,1,0.98,visual_legacy_crosscheck
20260831-912215d196c077a97a37-01,2026-08-31,手机,device,小米,,红米Note11T pro (8+256),,,开机靓好,170,元/台,芯片无破损 内存比例正常,image,小米2.jpg,数码网报价单-0831更新/手机相关/小米2.jpg,1,0.98,visual_legacy_crosscheck
20260831-b31a5ec696e98da95ab3-01,2026-08-31,手机,device,小米,,红米Note11T pro (8+256),,,开机好碎,170,元/台,芯片无破损 内存比例正常,image,小米2.jpg,数码网报价单-0831更新/手机相关/小米2.jpg,1,0.98,visual_legacy_crosscheck
20260831-d2c03c7770f71da2e227-01,2026-08-31,手机,device,小米,,红米Note11T pro (8+256),,,开机碎屏,170,元/台,芯片无破损 内存比例正常,image,小米2.jpg,数码网报价单-0831更新/手机相关/小米2.jpg,1,0.98,visual_legacy_crosscheck
20260831-961675757753f737fa84-01,2026-08-31,手机,device,小米,,红米Note11T pro (8+256),,,开机坏配件,170,元/台,芯片无破损 内存比例正常,image,小米2.jpg,数码网报价单-0831更新/手机相关/小米2.jpg,1,0.98,visual_legacy_crosscheck
20260831-1caf2a81c17b6242a0d4-01,2026-08-31,手机,device,小米,,红米Note11T pro (8+256),,,不开机,170,元/台,芯片无破损 内存比例正常,image,小米2.jpg,数码网报价单-0831更新/手机相关/小米2.jpg,1,0.98,visual_legacy_crosscheck
20260831-4ca3f9a6180004d399e1-01,2026-08-31,手机,device,小米,,红米Note11T pro (8+256),,,废板·整机,170,元/台,芯片无破损 内存比例正常,image,小米2.jpg,数码网报价单-0831更新/手机相关/小米2.jpg,1,0.98,visual_legacy_crosscheck
20260831-4140e6dc68d17eae0d1d-01,2026-08-31,手机,device,小米,,红米Note11T pro (12+256),,,开机靓好,170,元/台,芯片无破损 内存比例正常,image,小米2.jpg,数码网报价单-0831更新/手机相关/小米2.jpg,1,0.98,visual_legacy_crosscheck
20260831-4e5ba354b0d203a9ab4d-01,2026-08-31,手机,device,小米,,红米Note11T pro (12+256),,,开机好碎,170,元/台,芯片无破损 内存比例正常,image,小米2.jpg,数码网报价单-0831更新/手机相关/小米2.jpg,1,0.98,visual_legacy_crosscheck
20260831-8cae12cc4e04c79c00db-01,2026-08-31,手机,device,小米,,红米Note11T pro (12+256),,,开机碎屏,170,元/台,芯片无破损 内存比例正常,image,小米2.jpg,数码网报价单-0831更新/手机相关/小米2.jpg,1,0.98,visual_legacy_crosscheck
20260831-595dcd00a9a042b4b846-01,2026-08-31,手机,device,小米,,红米Note11T pro (12+256),,,开机坏配件,170,元/台,芯片无破损 内存比例正常,image,小米2.jpg,数码网报价单-0831更新/手机相关/小米2.jpg,1,0.98,visual_legacy_crosscheck
20260831-153525b0b1d2a07b243b-01,2026-08-31,手机,device,小米,,红米Note11T pro (12+256),,,不开机,170,元/台,芯片无破损 内存比例正常,image,小米2.jpg,数码网报价单-0831更新/手机相关/小米2.jpg,1,0.98,visual_legacy_crosscheck
20260831-f9d7e0fccf51d5542281-01,2026-08-31,手机,device,小米,,红米Note11T pro (12+256),,,废板·整机,170,元/台,芯片无破损 内存比例正常,image,小米2.jpg,数码网报价单-0831更新/手机相关/小米2.jpg,1,0.98,visual_legacy_crosscheck
20260831-28717cf5629d2059cae0-01,2026-08-31,手机,device,小米,,红米Note11T pro (8+512),,,开机靓好,170,元/台,芯片无破损 内存比例正常,image,小米2.jpg,数码网报价单-0831更新/手机相关/小米2.jpg,1,0.98,visual_legacy_crosscheck
20260831-24783f9b4d00dcc507bb-01,2026-08-31,手机,device,小米,,红米Note11T pro (8+512),,,开机好碎,170,元/台,芯片无破损 内存比例正常,image,小米2.jpg,数码网报价单-0831更新/手机相关/小米2.jpg,1,0.98,visual_legacy_crosscheck
20260831-161639595235e18b4b77-01,2026-08-31,手机,device,小米,,红米Note11T pro (8+512),,,开机碎屏,170,元/台,芯片无破损 内存比例正常,image,小米2.jpg,数码网报价单-0831更新/手机相关/小米2.jpg,1,0.98,visual_legacy_crosscheck
20260831-e5ae37760e2e4b8f955f-01,2026-08-31,手机,device,小米,,红米Note11T pro (8+512),,,开机坏配件,170,元/台,芯片无破损 内存比例正常,image,小米2.jpg,数码网报价单-0831更新/手机相关/小米2.jpg,1,0.98,visual_legacy_crosscheck
20260831-5bda95b45d9dd65bee64-01,2026-08-31,手机,device,小米,,红米Note11T pro (8+512),,,不开机,170,元/台,芯片无破损 内存比例正常,image,小米2.jpg,数码网报价单-0831更新/手机相关/小米2.jpg,1,0.98,visual_legacy_crosscheck
20260831-35da9db6d8767f361b8f-01,2026-08-31,手机,device,小米,,红米Note11T pro (8+512),,,废板·整机,170,元/台,芯片无破损 内存比例正常,image,小米2.jpg,数码网报价单-0831更新/手机相关/小米2.jpg,1,0.98,visual_legacy_crosscheck
20260831-ac0dc11fab9a2eee2c30-01,2026-08-31,手机,device,小米,,红米Note11 5G,,,开机靓好,180,元/台,主板功能正常,image,小米2.jpg,数码网报价单-0831更新/手机相关/小米2.jpg,1,0.98,visual_legacy_crosscheck
20260831-3b6a0d443315c6065950-01,2026-08-31,手机,device,小米,,红米Note11 5G,,,开机好碎,180,元/台,主板功能正常,image,小米2.jpg,数码网报价单-0831更新/手机相关/小米2.jpg,1,0.98,visual_legacy_crosscheck
20260831-26c6ad1a9354da021fb3-01,2026-08-31,手机,device,小米,,红米Note11 5G,,,开机碎屏,180,元/台,主板功能正常,image,小米2.jpg,数码网报价单-0831更新/手机相关/小米2.jpg,1,0.98,visual_legacy_crosscheck
20260831-fda9135aa153a692cc18-01,2026-08-31,手机,device,小米,,红米Note11 5G,,,开机坏配件,180,元/台,主板功能正常,image,小米2.jpg,数码网报价单-0831更新/手机相关/小米2.jpg,1,0.98,visual_legacy_crosscheck
20260831-fbbe84ebee583a94911b-01,2026-08-31,手机,device,小米,,红米Note11 5G,,,不开机,180,元/台,主板功能正常,image,小米2.jpg,数码网报价单-0831更新/手机相关/小米2.jpg,1,0.98,visual_legacy_crosscheck
20260831-b4c99fc34c4910dcabbc-01,2026-08-31,手机,device,小米,,红米Note11 5G,,,废板·整机,180,元/台,主板功能正常,image,小米2.jpg,数码网报价单-0831更新/手机相关/小米2.jpg,1,0.98,visual_legacy_crosscheck
20260831-10d74a2d2f2e80e85e06-01,2026-08-31,手机,device,小米,,红米Note11 4G,,,开机靓好,180,元/台,主板功能正常 芯片无破损,image,小米2.jpg,数码网报价单-0831更新/手机相关/小米2.jpg,1,0.98,visual_legacy_crosscheck
20260831-6fa29ed49a7cc2ed375c-01,2026-08-31,手机,device,小米,,红米Note11 4G,,,开机好碎,180,元/台,主板功能正常 芯片无破损,image,小米2.jpg,数码网报价单-0831更新/手机相关/小米2.jpg,1,0.98,visual_legacy_crosscheck
20260831-d21cf1bd38b480d5d329-01,2026-08-31,手机,device,小米,,红米Note11 4G,,,开机碎屏,180,元/台,主板功能正常 芯片无破损,image,小米2.jpg,数码网报价单-0831更新/手机相关/小米2.jpg,1,0.98,visual_legacy_crosscheck
20260831-4125b6802b6df0aefad3-01,2026-08-31,手机,device,小米,,红米Note11 4G,,,开机坏配件,180,元/台,主板功能正常 芯片无破损,image,小米2.jpg,数码网报价单-0831更新/手机相关/小米2.jpg,1,0.98,visual_legacy_crosscheck
20260831-f7b163f11c03e776d3ce-01,2026-08-31,手机,device,小米,,红米Note11 4G,,,不开机,180,元/台,主板功能正常 芯片无破损,image,小米2.jpg,数码网报价单-0831更新/手机相关/小米2.jpg,1,0.98,visual_legacy_crosscheck
20260831-bf3cf5fc1b6cc1669b54-01,2026-08-31,手机,device,小米,,红米Note11 4G,,,废板·整机,180,元/台,主板功能正常 芯片无破损,image,小米2.jpg,数码网报价单-0831更新/手机相关/小米2.jpg,1,0.98,visual_legacy_crosscheck
20260831-81172dce52a5f18bc1f4-01,2026-08-31,手机,device,小米,,红米Note10 Pro 5G,,,开机靓好,140,元/台,主板功能正常,image,小米2.jpg,数码网报价单-0831更新/手机相关/小米2.jpg,1,0.98,visual_legacy_crosscheck
20260831-7d9efdd3319fb2293e96-01,2026-08-31,手机,device,小米,,红米Note10 Pro 5G,,,开机好碎,140,元/台,主板功能正常,image,小米2.jpg,数码网报价单-0831更新/手机相关/小米2.jpg,1,0.98,visual_legacy_crosscheck
20260831-9cbf1ca051855c1f5c0c-01,2026-08-31,手机,device,小米,,红米Note10 Pro 5G,,,开机碎屏,140,元/台,主板功能正常,image,小米2.jpg,数码网报价单-0831更新/手机相关/小米2.jpg,1,0.98,visual_legacy_crosscheck
20260831-87bb33a7602629ee77d4-01,2026-08-31,手机,device,小米,,红米Note10 Pro 5G,,,开机坏配件,140,元/台,主板功能正常,image,小米2.jpg,数码网报价单-0831更新/手机相关/小米2.jpg,1,0.98,visual_legacy_crosscheck
20260831-14b4c53b741320c43717-01,2026-08-31,手机,device,小米,,红米Note10 Pro 5G,,,不开机,140,元/台,主板功能正常,image,小米2.jpg,数码网报价单-0831更新/手机相关/小米2.jpg,1,0.98,visual_legacy_crosscheck
20260831-52483e6812a6047e6c77-01,2026-08-31,手机,device,小米,,红米Note10 Pro 5G,,,废板·整机,140,元/台,主板功能正常,image,小米2.jpg,数码网报价单-0831更新/手机相关/小米2.jpg,1,0.98,visual_legacy_crosscheck
20260831-d20d5242f461c7fbb62f-01,2026-08-31,手机,device,小米,,红米Note10 5G,,,开机靓好,180,元/台,主板功能正常 芯片无破损,image,小米2.jpg,数码网报价单-0831更新/手机相关/小米2.jpg,1,0.98,visual_legacy_crosscheck
20260831-106b0bb79ffd347cb048-01,2026-08-31,手机,device,小米,,红米Note10 5G,,,开机好碎,180,元/台,主板功能正常 芯片无破损,image,小米2.jpg,数码网报价单-0831更新/手机相关/小米2.jpg,1,0.98,visual_legacy_crosscheck
20260831-b62e52344612f5b916d2-01,2026-08-31,手机,device,小米,,红米Note10 5G,,,开机碎屏,180,元/台,主板功能正常 芯片无破损,image,小米2.jpg,数码网报价单-0831更新/手机相关/小米2.jpg,1,0.98,visual_legacy_crosscheck
20260831-18aa6b1cdfffd62966bd-01,2026-08-31,手机,device,小米,,红米Note10 5G,,,开机坏配件,180,元/台,主板功能正常 芯片无破损,image,小米2.jpg,数码网报价单-0831更新/手机相关/小米2.jpg,1,0.98,visual_legacy_crosscheck
20260831-6da1bba7c367ccdc94f2-01,2026-08-31,手机,device,小米,,红米Note10 5G,,,不开机,180,元/台,主板功能正常 芯片无破损,image,小米2.jpg,数码网报价单-0831更新/手机相关/小米2.jpg,1,0.98,visual_legacy_crosscheck
20260831-e67b6e728ae5c77e95f5-01,2026-08-31,手机,device,小米,,红米Note10 5G,,,废板·整机,180,元/台,主板功能正常 芯片无破损,image,小米2.jpg,数码网报价单-0831更新/手机相关/小米2.jpg,1,0.98,visual_legacy_crosscheck
20260831-d418d0aa8a050a6947c8-01,2026-08-31,手机,device,小米,,红米Note9pro 5G,,,开机靓好,175,元/台,主板功能正常,image,小米2.jpg,数码网报价单-0831更新/手机相关/小米2.jpg,1,0.98,visual_legacy_crosscheck
20260831-b28d15cbaa6ffb71dd6b-01,2026-08-31,手机,device,小米,,红米Note9pro 5G,,,开机好碎,175,元/台,主板功能正常,image,小米2.jpg,数码网报价单-0831更新/手机相关/小米2.jpg,1,0.98,visual_legacy_crosscheck
20260831-186f318a1f0924579170-01,2026-08-31,手机,device,小米,,红米Note9pro 5G,,,开机碎屏,175,元/台,主板功能正常,image,小米2.jpg,数码网报价单-0831更新/手机相关/小米2.jpg,1,0.98,visual_legacy_crosscheck
20260831-34787ec598e4a618d5a0-01,2026-08-31,手机,device,小米,,红米Note9pro 5G,,,开机坏配件,175,元/台,主板功能正常,image,小米2.jpg,数码网报价单-0831更新/手机相关/小米2.jpg,1,0.98,visual_legacy_crosscheck
20260831-f593df69edcee5be26d2-01,2026-08-31,手机,device,小米,,红米Note9pro 5G,,,不开机,175,元/台,主板功能正常,image,小米2.jpg,数码网报价单-0831更新/手机相关/小米2.jpg,1,0.98,visual_legacy_crosscheck
20260831-4ef51c52407b483e21b7-01,2026-08-31,手机,device,小米,,红米Note9pro 5G,,,废板·整机,175,元/台,主板功能正常,image,小米2.jpg,数码网报价单-0831更新/手机相关/小米2.jpg,1,0.98,visual_legacy_crosscheck
20260831-1a864209476d9c55f390-01,2026-08-31,手机,device,小米,,红米Note9 5G,,,开机靓好,175,元/台,芯片无破损,image,小米2.jpg,数码网报价单-0831更新/手机相关/小米2.jpg,1,0.98,visual_legacy_crosscheck
20260831-b6dd9514d5693838cf0e-01,2026-08-31,手机,device,小米,,红米Note9 5G,,,开机好碎,175,元/台,芯片无破损,image,小米2.jpg,数码网报价单-0831更新/手机相关/小米2.jpg,1,0.98,visual_legacy_crosscheck
20260831-6bbff025a3a5e6d37eae-01,2026-08-31,手机,device,小米,,红米Note9 5G,,,开机碎屏,175,元/台,芯片无破损,image,小米2.jpg,数码网报价单-0831更新/手机相关/小米2.jpg,1,0.98,visual_legacy_crosscheck
20260831-c37247ef5cdf046eca9f-01,2026-08-31,手机,device,小米,,红米Note9 5G,,,开机坏配件,175,元/台,芯片无破损,image,小米2.jpg,数码网报价单-0831更新/手机相关/小米2.jpg,1,0.98,visual_legacy_crosscheck
20260831-7ae7855de3f75686a02a-01,2026-08-31,手机,device,小米,,红米Note9 5G,,,不开机,175,元/台,芯片无破损,image,小米2.jpg,数码网报价单-0831更新/手机相关/小米2.jpg,1,0.98,visual_legacy_crosscheck
20260831-a2bef7871f8e65d9d4ff-01,2026-08-31,手机,device,小米,,红米Note9 5G,,,废板·整机,175,元/台,芯片无破损,image,小米2.jpg,数码网报价单-0831更新/手机相关/小米2.jpg,1,0.98,visual_legacy_crosscheck
20260831-494ec522c7c5e8798d23-01,2026-08-31,手机,device,小米,,红米Note9 4G,,,开机靓好,165,元/台,主板功能正常 芯片无破损,image,小米2.jpg,数码网报价单-0831更新/手机相关/小米2.jpg,1,0.98,visual_legacy_crosscheck
20260831-b0f52e35c218829f6eb6-01,2026-08-31,手机,device,小米,,红米Note9 4G,,,开机好碎,165,元/台,主板功能正常 芯片无破损,image,小米2.jpg,数码网报价单-0831更新/手机相关/小米2.jpg,1,0.98,visual_legacy_crosscheck
20260831-392d1443757ba84ff3e9-01,2026-08-31,手机,device,小米,,红米Note9 4G,,,开机碎屏,165,元/台,主板功能正常 芯片无破损,image,小米2.jpg,数码网报价单-0831更新/手机相关/小米2.jpg,1,0.98,visual_legacy_crosscheck
20260831-45be1277b4a89abf7516-01,2026-08-31,手机,device,小米,,红米Note9 4G,,,开机坏配件,165,元/台,主板功能正常 芯片无破损,image,小米2.jpg,数码网报价单-0831更新/手机相关/小米2.jpg,1,0.98,visual_legacy_crosscheck
20260831-41ed124106dd7e66a31e-01,2026-08-31,手机,device,小米,,红米Note9 4G,,,不开机,165,元/台,主板功能正常 芯片无破损,image,小米2.jpg,数码网报价单-0831更新/手机相关/小米2.jpg,1,0.98,visual_legacy_crosscheck
20260831-9a58843b59c8eee7ab24-01,2026-08-31,手机,device,小米,,红米Note9 4G,,,废板·整机,165,元/台,主板功能正常 芯片无破损,image,小米2.jpg,数码网报价单-0831更新/手机相关/小米2.jpg,1,0.98,visual_legacy_crosscheck
20260831-4ac4593c0e04cf30e30d-01,2026-08-31,手机,device,小米,,红米Note8 Pro,,,开机靓好,155,元/台,主板功能正常,image,小米2.jpg,数码网报价单-0831更新/手机相关/小米2.jpg,1,0.98,visual_legacy_crosscheck
20260831-c83aac52549fbb69424b-01,2026-08-31,手机,device,小米,,红米Note8 Pro,,,开机好碎,155,元/台,主板功能正常,image,小米2.jpg,数码网报价单-0831更新/手机相关/小米2.jpg,1,0.98,visual_legacy_crosscheck
20260831-f68df5a76d114a146970-01,2026-08-31,手机,device,小米,,红米Note8 Pro,,,开机碎屏,155,元/台,主板功能正常,image,小米2.jpg,数码网报价单-0831更新/手机相关/小米2.jpg,1,0.98,visual_legacy_crosscheck
20260831-942dfefb5404a8caa301-01,2026-08-31,手机,device,小米,,红米Note8 Pro,,,开机坏配件,155,元/台,主板功能正常,image,小米2.jpg,数码网报价单-0831更新/手机相关/小米2.jpg,1,0.98,visual_legacy_crosscheck
20260831-80dc9e1a533e7198b4b4-01,2026-08-31,手机,device,小米,,红米Note8 Pro,,,不开机,155,元/台,主板功能正常,image,小米2.jpg,数码网报价单-0831更新/手机相关/小米2.jpg,1,0.98,visual_legacy_crosscheck
20260831-99702e4383ee735b6a9d-01,2026-08-31,手机,device,小米,,红米Note8 Pro,,,废板·整机,155,元/台,主板功能正常,image,小米2.jpg,数码网报价单-0831更新/手机相关/小米2.jpg,1,0.98,visual_legacy_crosscheck
20260831-320f2d980b151994c6a7-01,2026-08-31,手机,device,小米,,红米Note8/64G,,,开机靓好,150,元/台,主板功能正常,image,小米2.jpg,数码网报价单-0831更新/手机相关/小米2.jpg,1,0.98,visual_legacy_crosscheck
20260831-5fab127bc386f57101d3-01,2026-08-31,手机,device,小米,,红米Note8/64G,,,开机好碎,150,元/台,主板功能正常,image,小米2.jpg,数码网报价单-0831更新/手机相关/小米2.jpg,1,0.98,visual_legacy_crosscheck
20260831-241aaaa9d4e44d16217c-01,2026-08-31,手机,device,小米,,红米Note8/64G,,,开机碎屏,150,元/台,主板功能正常,image,小米2.jpg,数码网报价单-0831更新/手机相关/小米2.jpg,1,0.98,visual_legacy_crosscheck
20260831-074e13bef0cbff334be2-01,2026-08-31,手机,device,小米,,红米Note8/64G,,,开机坏配件,150,元/台,主板功能正常,image,小米2.jpg,数码网报价单-0831更新/手机相关/小米2.jpg,1,0.98,visual_legacy_crosscheck
20260831-aa7459446e04dd9fd4e7-01,2026-08-31,手机,device,小米,,红米Note8/64G,,,不开机,150,元/台,主板功能正常,image,小米2.jpg,数码网报价单-0831更新/手机相关/小米2.jpg,1,0.98,visual_legacy_crosscheck
20260831-a61b72f7bad44cf1b88a-01,2026-08-31,手机,device,小米,,红米Note8/64G,,,废板·整机,150,元/台,主板功能正常,image,小米2.jpg,数码网报价单-0831更新/手机相关/小米2.jpg,1,0.98,visual_legacy_crosscheck
20260831-5cac2d8d7d6c935e7229-01,2026-08-31,手机,device,小米,,红米Note7pro,,,开机靓好,130,元/台,主板功能正常,image,小米2.jpg,数码网报价单-0831更新/手机相关/小米2.jpg,1,0.98,visual_legacy_crosscheck
20260831-f7da87d1a7e42526d4d0-01,2026-08-31,手机,device,小米,,红米Note7pro,,,开机好碎,130,元/台,主板功能正常,image,小米2.jpg,数码网报价单-0831更新/手机相关/小米2.jpg,1,0.98,visual_legacy_crosscheck
20260831-7dbc0c5ab0af8ee3ab23-01,2026-08-31,手机,device,小米,,红米Note7pro,,,开机碎屏,130,元/台,主板功能正常,image,小米2.jpg,数码网报价单-0831更新/手机相关/小米2.jpg,1,0.98,visual_legacy_crosscheck
20260831-38b761ffc54244e9c770-01,2026-08-31,手机,device,小米,,红米Note7pro,,,开机坏配件,130,元/台,主板功能正常,image,小米2.jpg,数码网报价单-0831更新/手机相关/小米2.jpg,1,0.98,visual_legacy_crosscheck
20260831-d1324a09d320dc5cc205-01,2026-08-31,手机,device,小米,,红米Note7pro,,,不开机,130,元/台,主板功能正常,image,小米2.jpg,数码网报价单-0831更新/手机相关/小米2.jpg,1,0.98,visual_legacy_crosscheck
20260831-05ee91cc5b1ad3435045-01,2026-08-31,手机,device,小米,,红米Note7pro,,,废板·整机,130,元/台,主板功能正常,image,小米2.jpg,数码网报价单-0831更新/手机相关/小米2.jpg,1,0.98,visual_legacy_crosscheck
20260831-d52c0ac01447e72b074b-01,2026-08-31,手机,device,小米,,红米Note7,,,开机靓好,130,元/台,主板功能正常,image,小米2.jpg,数码网报价单-0831更新/手机相关/小米2.jpg,1,0.98,visual_legacy_crosscheck
20260831-cf5a7873e5ac24cb910a-01,2026-08-31,手机,device,小米,,红米Note7,,,开机好碎,130,元/台,主板功能正常,image,小米2.jpg,数码网报价单-0831更新/手机相关/小米2.jpg,1,0.98,visual_legacy_crosscheck
20260831-ba612ce6fc300649f411-01,2026-08-31,手机,device,小米,,红米Note7,,,开机碎屏,130,元/台,主板功能正常,image,小米2.jpg,数码网报价单-0831更新/手机相关/小米2.jpg,1,0.98,visual_legacy_crosscheck
20260831-9059120db46dfe7b7b1c-01,2026-08-31,手机,device,小米,,红米Note7,,,开机坏配件,130,元/台,主板功能正常,image,小米2.jpg,数码网报价单-0831更新/手机相关/小米2.jpg,1,0.98,visual_legacy_crosscheck
20260831-f44e410b1f0a11d0ec89-01,2026-08-31,手机,device,小米,,红米Note7,,,不开机,130,元/台,主板功能正常,image,小米2.jpg,数码网报价单-0831更新/手机相关/小米2.jpg,1,0.98,visual_legacy_crosscheck
20260831-0de6ee4d696dcc015f09-01,2026-08-31,手机,device,小米,,红米Note7,,,废板·整机,130,元/台,主板功能正常,image,小米2.jpg,数码网报价单-0831更新/手机相关/小米2.jpg,1,0.98,visual_legacy_crosscheck
20260831-da4ca1bcd03b895fa6b5-01,2026-08-31,手机,device,小米,,红米Note5a有指纹,,,开机靓好,50,元/台,/,image,小米2.jpg,数码网报价单-0831更新/手机相关/小米2.jpg,1,0.98,visual_legacy_crosscheck
20260831-c70cf17c2775c8eedeff-01,2026-08-31,手机,device,小米,,红米Note5a有指纹,,,开机好碎,50,元/台,/,image,小米2.jpg,数码网报价单-0831更新/手机相关/小米2.jpg,1,0.98,visual_legacy_crosscheck
20260831-89b20b54854d8848e64f-01,2026-08-31,手机,device,小米,,红米Note5a有指纹,,,开机碎屏,50,元/台,/,image,小米2.jpg,数码网报价单-0831更新/手机相关/小米2.jpg,1,0.98,visual_legacy_crosscheck
20260831-513e28a0c11f2caf98b8-01,2026-08-31,手机,device,小米,,红米Note5a有指纹,,,开机坏配件,50,元/台,/,image,小米2.jpg,数码网报价单-0831更新/手机相关/小米2.jpg,1,0.98,visual_legacy_crosscheck
20260831-6866d6b84bd01fd5a757-01,2026-08-31,手机,device,小米,,红米Note5a有指纹,,,不开机,50,元/台,/,image,小米2.jpg,数码网报价单-0831更新/手机相关/小米2.jpg,1,0.98,visual_legacy_crosscheck
20260831-78a66248cae16bae4a01-01,2026-08-31,手机,device,小米,,红米Note5a有指纹,,,废板·整机,50,元/台,/,image,小米2.jpg,数码网报价单-0831更新/手机相关/小米2.jpg,1,0.98,visual_legacy_crosscheck
20260831-d8de4b3e1db1ec86cc8f-01,2026-08-31,手机,device,小米,,红米Note5a无指纹,,,开机靓好,30,元/台,/,image,小米2.jpg,数码网报价单-0831更新/手机相关/小米2.jpg,1,0.98,visual_legacy_crosscheck
20260831-03ff53e2dc69aea2d350-01,2026-08-31,手机,device,小米,,红米Note5a无指纹,,,开机好碎,30,元/台,/,image,小米2.jpg,数码网报价单-0831更新/手机相关/小米2.jpg,1,0.98,visual_legacy_crosscheck
20260831-5c17ebfb25b99a666ee5-01,2026-08-31,手机,device,小米,,红米Note5a无指纹,,,开机碎屏,30,元/台,/,image,小米2.jpg,数码网报价单-0831更新/手机相关/小米2.jpg,1,0.98,visual_legacy_crosscheck
20260831-7dfd9c08c432e9cfeef7-01,2026-08-31,手机,device,小米,,红米Note5a无指纹,,,开机坏配件,30,元/台,/,image,小米2.jpg,数码网报价单-0831更新/手机相关/小米2.jpg,1,0.98,visual_legacy_crosscheck
20260831-721ad6411bde30fd3fb3-01,2026-08-31,手机,device,小米,,红米Note5a无指纹,,,不开机,30,元/台,/,image,小米2.jpg,数码网报价单-0831更新/手机相关/小米2.jpg,1,0.98,visual_legacy_crosscheck
20260831-708a9548002d79e3a1cb-01,2026-08-31,手机,device,小米,,红米Note5a无指纹,,,废板·整机,30,元/台,/,image,小米2.jpg,数码网报价单-0831更新/手机相关/小米2.jpg,1,0.98,visual_legacy_crosscheck
20260831-1182fd73cb1367ea0b8d-01,2026-08-31,手机,device,小米,,红米Note5,,,开机靓好,120,元/台,/,image,小米2.jpg,数码网报价单-0831更新/手机相关/小米2.jpg,1,0.98,visual_legacy_crosscheck
20260831-786c0f0f0cc9f7cc4009-01,2026-08-31,手机,device,小米,,红米Note5,,,开机好碎,120,元/台,/,image,小米2.jpg,数码网报价单-0831更新/手机相关/小米2.jpg,1,0.98,visual_legacy_crosscheck
20260831-121ce6da6d539b422c0f-01,2026-08-31,手机,device,小米,,红米Note5,,,开机碎屏,120,元/台,/,image,小米2.jpg,数码网报价单-0831更新/手机相关/小米2.jpg,1,0.98,visual_legacy_crosscheck
20260831-d54680efb8abbad79495-01,2026-08-31,手机,device,小米,,红米Note5,,,开机坏配件,120,元/台,/,image,小米2.jpg,数码网报价单-0831更新/手机相关/小米2.jpg,1,0.98,visual_legacy_crosscheck
20260831-ccd78023cb5992b32ca0-01,2026-08-31,手机,device,小米,,红米Note5,,,不开机,120,元/台,/,image,小米2.jpg,数码网报价单-0831更新/手机相关/小米2.jpg,1,0.98,visual_legacy_crosscheck
20260831-8e85bf9e274ce34200ea-01,2026-08-31,手机,device,小米,,红米Note5,,,废板·整机,120,元/台,/,image,小米2.jpg,数码网报价单-0831更新/手机相关/小米2.jpg,1,0.98,visual_legacy_crosscheck
20260831-50dff336eb46887df6ab-01,2026-08-31,手机,device,小米,,红米Note4x黑板,,,开机靓好,60,元/台,/,image,小米2.jpg,数码网报价单-0831更新/手机相关/小米2.jpg,1,0.98,visual_legacy_crosscheck
20260831-9aabe54bc03e49c4dabe-01,2026-08-31,手机,device,小米,,红米Note4x黑板,,,开机好碎,60,元/台,/,image,小米2.jpg,数码网报价单-0831更新/手机相关/小米2.jpg,1,0.98,visual_legacy_crosscheck
20260831-0f81f49b110906744c8f-01,2026-08-31,手机,device,小米,,红米Note4x黑板,,,开机碎屏,60,元/台,/,image,小米2.jpg,数码网报价单-0831更新/手机相关/小米2.jpg,1,0.98,visual_legacy_crosscheck
20260831-d8071371cb7bab3f7b02-01,2026-08-31,手机,device,小米,,红米Note4x黑板,,,开机坏配件,60,元/台,/,image,小米2.jpg,数码网报价单-0831更新/手机相关/小米2.jpg,1,0.98,visual_legacy_crosscheck
20260831-9e4eb325f7c36009c741-01,2026-08-31,手机,device,小米,,红米Note4x黑板,,,不开机,60,元/台,/,image,小米2.jpg,数码网报价单-0831更新/手机相关/小米2.jpg,1,0.98,visual_legacy_crosscheck
20260831-2a8880dc9af9901b214d-01,2026-08-31,手机,device,小米,,红米Note4x黑板,,,废板·整机,60,元/台,/,image,小米2.jpg,数码网报价单-0831更新/手机相关/小米2.jpg,1,0.98,visual_legacy_crosscheck
20260831-cbad277bcb46ace89bc2-01,2026-08-31,手机,device,小米,,红米Note4x绿板,,,开机靓好,65,元/台,/,image,小米2.jpg,数码网报价单-0831更新/手机相关/小米2.jpg,1,0.98,visual_legacy_crosscheck
20260831-e0e9a652a76c1e947193-01,2026-08-31,手机,device,小米,,红米Note4x绿板,,,开机好碎,65,元/台,/,image,小米2.jpg,数码网报价单-0831更新/手机相关/小米2.jpg,1,0.98,visual_legacy_crosscheck
20260831-e9039cc8426a594df8cf-01,2026-08-31,手机,device,小米,,红米Note4x绿板,,,开机碎屏,65,元/台,/,image,小米2.jpg,数码网报价单-0831更新/手机相关/小米2.jpg,1,0.98,visual_legacy_crosscheck
20260831-fb8a6d26a9e54715eb59-01,2026-08-31,手机,device,小米,,红米Note4x绿板,,,开机坏配件,65,元/台,/,image,小米2.jpg,数码网报价单-0831更新/手机相关/小米2.jpg,1,0.98,visual_legacy_crosscheck
20260831-b798f685091ac9a214e8-01,2026-08-31,手机,device,小米,,红米Note4x绿板,,,不开机,65,元/台,/,image,小米2.jpg,数码网报价单-0831更新/手机相关/小米2.jpg,1,0.98,visual_legacy_crosscheck
20260831-accb01e266efe4822c9c-01,2026-08-31,手机,device,小米,,红米Note4x绿板,,,废板·整机,65,元/台,/,image,小米2.jpg,数码网报价单-0831更新/手机相关/小米2.jpg,1,0.98,visual_legacy_crosscheck
20260831-e8897845a773c96cbbb9-01,2026-08-31,手机,device,小米,,红米Note4,,,开机靓好,60,元/台,/,image,小米2.jpg,数码网报价单-0831更新/手机相关/小米2.jpg,1,0.98,visual_legacy_crosscheck
20260831-e9f10e22a4e27959a187-01,2026-08-31,手机,device,小米,,红米Note4,,,开机好碎,60,元/台,/,image,小米2.jpg,数码网报价单-0831更新/手机相关/小米2.jpg,1,0.98,visual_legacy_crosscheck
20260831-5dfd0696d2c34c9fd524-01,2026-08-31,手机,device,小米,,红米Note4,,,开机碎屏,60,元/台,/,image,小米2.jpg,数码网报价单-0831更新/手机相关/小米2.jpg,1,0.98,visual_legacy_crosscheck
20260831-4d89ca7fd229ca6e5234-01,2026-08-31,手机,device,小米,,红米Note4,,,开机坏配件,60,元/台,/,image,小米2.jpg,数码网报价单-0831更新/手机相关/小米2.jpg,1,0.98,visual_legacy_crosscheck
20260831-4907aa2ccbbc388414d4-01,2026-08-31,手机,device,小米,,红米Note4,,,不开机,60,元/台,/,image,小米2.jpg,数码网报价单-0831更新/手机相关/小米2.jpg,1,0.98,visual_legacy_crosscheck
20260831-77cd51d977c9cfbd1c50-01,2026-08-31,手机,device,小米,,红米Note4,,,废板·整机,60,元/台,/,image,小米2.jpg,数码网报价单-0831更新/手机相关/小米2.jpg,1,0.98,visual_legacy_crosscheck
20260831-c26d1cc8e7c1b75b0e9c-01,2026-08-31,手机,device,小米,,红米Turbo5 (12+256),,,开机靓好,450,元/台,/,image,小米2.jpg,数码网报价单-0831更新/手机相关/小米2.jpg,1,0.98,visual_legacy_crosscheck
20260831-9651c5721cfc299c5336-01,2026-08-31,手机,device,小米,,红米Turbo5 (12+256),,,开机好碎,250,元/台,/,image,小米2.jpg,数码网报价单-0831更新/手机相关/小米2.jpg,1,0.98,visual_legacy_crosscheck
20260831-ea22f8df07bb4918e524-01,2026-08-31,手机,device,小米,,红米Turbo5 (12+256),,,开机碎屏,400,元/台,/,image,小米2.jpg,数码网报价单-0831更新/手机相关/小米2.jpg,1,0.98,visual_legacy_crosscheck
20260831-6516f0db2b2c1f9b5c7d-01,2026-08-31,手机,device,小米,,红米Turbo5 (12+256),,,开机坏配件,250,元/台,/,image,小米2.jpg,数码网报价单-0831更新/手机相关/小米2.jpg,1,0.98,visual_legacy_crosscheck
20260831-4720a8056d89338889a0-01,2026-08-31,手机,device,小米,,红米Turbo5 (12+256),,,不开机,215,元/台,/,image,小米2.jpg,数码网报价单-0831更新/手机相关/小米2.jpg,1,0.98,visual_legacy_crosscheck
20260831-ce067f691775a0fe574b-01,2026-08-31,手机,device,小米,,红米Turbo5 (12+256),,,废板·整机,215,元/台,/,image,小米2.jpg,数码网报价单-0831更新/手机相关/小米2.jpg,1,0.98,visual_legacy_crosscheck
20260831-70d6eb31cef51cf18e21-01,2026-08-31,手机,device,小米,,红米Turbo5 (16+256),,,开机靓好,550,元/台,/,image,小米2.jpg,数码网报价单-0831更新/手机相关/小米2.jpg,1,0.98,visual_legacy_crosscheck
20260831-0ef530d256ca4c0ebab7-01,2026-08-31,手机,device,小米,,红米Turbo5 (16+256),,,开机好碎,350,元/台,/,image,小米2.jpg,数码网报价单-0831更新/手机相关/小米2.jpg,1,0.98,visual_legacy_crosscheck
20260831-b99cf1130fb9957754df-01,2026-08-31,手机,device,小米,,红米Turbo5 (16+256),,,开机碎屏,500,元/台,/,image,小米2.jpg,数码网报价单-0831更新/手机相关/小米2.jpg,1,0.98,visual_legacy_crosscheck
20260831-ced323ee9b5aee8e19b8-01,2026-08-31,手机,device,小米,,红米Turbo5 (16+256),,,开机坏配件,350,元/台,/,image,小米2.jpg,数码网报价单-0831更新/手机相关/小米2.jpg,1,0.98,visual_legacy_crosscheck
20260831-34879db18dd218394461-01,2026-08-31,手机,device,小米,,红米Turbo5 (16+256),,,不开机,350,元/台,/,image,小米2.jpg,数码网报价单-0831更新/手机相关/小米2.jpg,1,0.98,visual_legacy_crosscheck
20260831-f8abdc4a92821f870f88-01,2026-08-31,手机,device,小米,,红米Turbo5 (16+256),,,废板·整机,350,元/台,/,image,小米2.jpg,数码网报价单-0831更新/手机相关/小米2.jpg,1,0.98,visual_legacy_crosscheck
20260831-1b972262439fa7155d92-01,2026-08-31,手机,device,小米,,红米Turbo5 (12+512),,,开机靓好,500,元/台,/,image,小米2.jpg,数码网报价单-0831更新/手机相关/小米2.jpg,1,0.98,visual_legacy_crosscheck
20260831-dbe8372b98547ddf7aae-01,2026-08-31,手机,device,小米,,红米Turbo5 (12+512),,,开机好碎,300,元/台,/,image,小米2.jpg,数码网报价单-0831更新/手机相关/小米2.jpg,1,0.98,visual_legacy_crosscheck
20260831-6ca603717e9507318e71-01,2026-08-31,手机,device,小米,,红米Turbo5 (12+512),,,开机碎屏,450,元/台,/,image,小米2.jpg,数码网报价单-0831更新/手机相关/小米2.jpg,1,0.98,visual_legacy_crosscheck
20260831-ff515542126b223be3b4-01,2026-08-31,手机,device,小米,,红米Turbo5 (12+512),,,开机坏配件,300,元/台,/,image,小米2.jpg,数码网报价单-0831更新/手机相关/小米2.jpg,1,0.98,visual_legacy_crosscheck
20260831-00226874265dbc62f071-01,2026-08-31,手机,device,小米,,红米Turbo5 (12+512),,,不开机,270,元/台,/,image,小米2.jpg,数码网报价单-0831更新/手机相关/小米2.jpg,1,0.98,visual_legacy_crosscheck
20260831-abbd4be1417afbd9850a-01,2026-08-31,手机,device,小米,,红米Turbo5 (12+512),,,废板·整机,270,元/台,/,image,小米2.jpg,数码网报价单-0831更新/手机相关/小米2.jpg,1,0.98,visual_legacy_crosscheck
20260831-c33145aaec34fecd6413-01,2026-08-31,手机,device,小米,,红米Turbo5 (16+512),,,开机靓好,550,元/台,/,image,小米2.jpg,数码网报价单-0831更新/手机相关/小米2.jpg,1,0.98,visual_legacy_crosscheck
20260831-82eb0ae6af706c13bf1c-01,2026-08-31,手机,device,小米,,红米Turbo5 (16+512),,,开机好碎,400,元/台,/,image,小米2.jpg,数码网报价单-0831更新/手机相关/小米2.jpg,1,0.98,visual_legacy_crosscheck
20260831-638994b5d25cd282a5f9-01,2026-08-31,手机,device,小米,,红米Turbo5 (16+512),,,开机碎屏,500,元/台,/,image,小米2.jpg,数码网报价单-0831更新/手机相关/小米2.jpg,1,0.98,visual_legacy_crosscheck
20260831-cb87189a44640ab0b250-01,2026-08-31,手机,device,小米,,红米Turbo5 (16+512),,,开机坏配件,400,元/台,/,image,小米2.jpg,数码网报价单-0831更新/手机相关/小米2.jpg,1,0.98,visual_legacy_crosscheck
20260831-ad5dbfaae37b21d3fad8-01,2026-08-31,手机,device,小米,,红米Turbo5 (16+512),,,不开机,400,元/台,/,image,小米2.jpg,数码网报价单-0831更新/手机相关/小米2.jpg,1,0.98,visual_legacy_crosscheck
20260831-db6944bb4577794c8e51-01,2026-08-31,手机,device,小米,,红米Turbo5 (16+512),,,废板·整机,400,元/台,/,image,小米2.jpg,数码网报价单-0831更新/手机相关/小米2.jpg,1,0.98,visual_legacy_crosscheck
20260831-1c2262d6706571e60721-01,2026-08-31,手机,device,小米,,红米Turbo4 (12+256),,,开机靓好,400,元/台,三星屏 主板靓功能正常,image,小米2.jpg,数码网报价单-0831更新/手机相关/小米2.jpg,1,0.98,visual_legacy_crosscheck
20260831-467120dcd922dca5bdf6-01,2026-08-31,手机,device,小米,,红米Turbo4 (12+256),,,开机好碎,250,元/台,三星屏 主板靓功能正常,image,小米2.jpg,数码网报价单-0831更新/手机相关/小米2.jpg,1,0.98,visual_legacy_crosscheck
20260831-d3f9b6b11e5b8e19ee92-01,2026-08-31,手机,device,小米,,红米Turbo4 (12+256),,,开机碎屏,350,元/台,三星屏 主板靓功能正常,image,小米2.jpg,数码网报价单-0831更新/手机相关/小米2.jpg,1,0.98,visual_legacy_crosscheck
20260831-50f2395b86459d5ab165-01,2026-08-31,手机,device,小米,,红米Turbo4 (12+256),,,开机坏配件,250,元/台,三星屏 主板靓功能正常,image,小米2.jpg,数码网报价单-0831更新/手机相关/小米2.jpg,1,0.98,visual_legacy_crosscheck
20260831-543f32fa1f0218e148fb-01,2026-08-31,手机,device,小米,,红米Turbo4 (12+256),,,不开机,215,元/台,三星屏 主板靓功能正常,image,小米2.jpg,数码网报价单-0831更新/手机相关/小米2.jpg,1,0.98,visual_legacy_crosscheck
20260831-bdc36977270fda514ac9-01,2026-08-31,手机,device,小米,,红米Turbo4 (12+256),,,废板·整机,215,元/台,三星屏 主板靓功能正常,image,小米2.jpg,数码网报价单-0831更新/手机相关/小米2.jpg,1,0.98,visual_legacy_crosscheck
20260831-bbbfb6a68656dfecfb95-01,2026-08-31,手机,device,小米,,红米Turbo4 (16+256),,,开机靓好,450,元/台,/,image,小米2.jpg,数码网报价单-0831更新/手机相关/小米2.jpg,1,0.98,visual_legacy_crosscheck
20260831-a96b1dbf7196c40c6510-01,2026-08-31,手机,device,小米,,红米Turbo4 (16+256),,,开机好碎,350,元/台,/,image,小米2.jpg,数码网报价单-0831更新/手机相关/小米2.jpg,1,0.98,visual_legacy_crosscheck
20260831-4bf3a4ff0a649e1fb9bc-01,2026-08-31,手机,device,小米,,红米Turbo4 (16+256),,,开机碎屏,400,元/台,/,image,小米2.jpg,数码网报价单-0831更新/手机相关/小米2.jpg,1,0.98,visual_legacy_crosscheck
20260831-3199a669ac4832a129fc-01,2026-08-31,手机,device,小米,,红米Turbo4 (16+256),,,开机坏配件,350,元/台,/,image,小米2.jpg,数码网报价单-0831更新/手机相关/小米2.jpg,1,0.98,visual_legacy_crosscheck
20260831-07aa65b464022e698912-01,2026-08-31,手机,device,小米,,红米Turbo4 (16+256),,,不开机,350,元/台,/,image,小米2.jpg,数码网报价单-0831更新/手机相关/小米2.jpg,1,0.98,visual_legacy_crosscheck
20260831-80c1561a605aeee44669-01,2026-08-31,手机,device,小米,,红米Turbo4 (16+256),,,废板·整机,350,元/台,/,image,小米2.jpg,数码网报价单-0831更新/手机相关/小米2.jpg,1,0.98,visual_legacy_crosscheck
20260831-2750261b3c246e7f0c8b-01,2026-08-31,手机,device,小米,,红米Turbo4 (12+512),,,开机靓好,400,元/台,/,image,小米2.jpg,数码网报价单-0831更新/手机相关/小米2.jpg,1,0.98,visual_legacy_crosscheck
20260831-7313ef23fff95aecd9b7-01,2026-08-31,手机,device,小米,,红米Turbo4 (12+512),,,开机好碎,265,元/台,/,image,小米2.jpg,数码网报价单-0831更新/手机相关/小米2.jpg,1,0.98,visual_legacy_crosscheck
20260831-f28d07f3aa9b4494aa75-01,2026-08-31,手机,device,小米,,红米Turbo4 (12+512),,,开机碎屏,350,元/台,/,image,小米2.jpg,数码网报价单-0831更新/手机相关/小米2.jpg,1,0.98,visual_legacy_crosscheck
20260831-cd2649185c22905df319-01,2026-08-31,手机,device,小米,,红米Turbo4 (12+512),,,开机坏配件,265,元/台,/,image,小米2.jpg,数码网报价单-0831更新/手机相关/小米2.jpg,1,0.98,visual_legacy_crosscheck
20260831-d70fd83955bfdc287499-01,2026-08-31,手机,device,小米,,红米Turbo4 (12+512),,,不开机,265,元/台,/,image,小米2.jpg,数码网报价单-0831更新/手机相关/小米2.jpg,1,0.98,visual_legacy_crosscheck
20260831-99f281f5e3f31902c376-01,2026-08-31,手机,device,小米,,红米Turbo4 (12+512),,,废板·整机,265,元/台,/,image,小米2.jpg,数码网报价单-0831更新/手机相关/小米2.jpg,1,0.98,visual_legacy_crosscheck
20260831-d51f3844cd04d3073efb-01,2026-08-31,手机,device,小米,,红米Turbo4 (16+512),,,开机靓好,450,元/台,/,image,小米2.jpg,数码网报价单-0831更新/手机相关/小米2.jpg,1,0.98,visual_legacy_crosscheck
20260831-6e9cb7eac44b6c8bef5b-01,2026-08-31,手机,device,小米,,红米Turbo4 (16+512),,,开机好碎,400,元/台,/,image,小米2.jpg,数码网报价单-0831更新/手机相关/小米2.jpg,1,0.98,visual_legacy_crosscheck
20260831-a73879cfcbfaf5d0d493-01,2026-08-31,手机,device,小米,,红米Turbo4 (16+512),,,开机碎屏,400,元/台,/,image,小米2.jpg,数码网报价单-0831更新/手机相关/小米2.jpg,1,0.98,visual_legacy_crosscheck
20260831-2771e37998c9946e6f27-01,2026-08-31,手机,device,小米,,红米Turbo4 (16+512),,,开机坏配件,400,元/台,/,image,小米2.jpg,数码网报价单-0831更新/手机相关/小米2.jpg,1,0.98,visual_legacy_crosscheck
20260831-e4e915f069c914e8dbd5-01,2026-08-31,手机,device,小米,,红米Turbo4 (16+512),,,不开机,400,元/台,/,image,小米2.jpg,数码网报价单-0831更新/手机相关/小米2.jpg,1,0.98,visual_legacy_crosscheck
20260831-678c7ec5d1f69d7a2725-01,2026-08-31,手机,device,小米,,红米Turbo4 (16+512),,,废板·整机,400,元/台,/,image,小米2.jpg,数码网报价单-0831更新/手机相关/小米2.jpg,1,0.98,visual_legacy_crosscheck
20260831-d7f9b3133cf71df1d784-01,2026-08-31,手机,device,小米,,红米Note3,,,开机靓好,35,元/台,/,image,小米2.jpg,数码网报价单-0831更新/手机相关/小米2.jpg,1,0.98,visual_legacy_crosscheck
20260831-662b4905eb345f50ce8a-01,2026-08-31,手机,device,小米,,红米Note3,,,开机好碎,35,元/台,/,image,小米2.jpg,数码网报价单-0831更新/手机相关/小米2.jpg,1,0.98,visual_legacy_crosscheck
20260831-461d09f93c6fd9a92410-01,2026-08-31,手机,device,小米,,红米Note3,,,开机碎屏,35,元/台,/,image,小米2.jpg,数码网报价单-0831更新/手机相关/小米2.jpg,1,0.98,visual_legacy_crosscheck
20260831-01e9346e172ee654be93-01,2026-08-31,手机,device,小米,,红米Note3,,,开机坏配件,35,元/台,/,image,小米2.jpg,数码网报价单-0831更新/手机相关/小米2.jpg,1,0.98,visual_legacy_crosscheck
20260831-0c21714036803e8c65a9-01,2026-08-31,手机,device,小米,,红米Note3,,,不开机,35,元/台,/,image,小米2.jpg,数码网报价单-0831更新/手机相关/小米2.jpg,1,0.98,visual_legacy_crosscheck
20260831-f4344eb4404ec5c9e69e-01,2026-08-31,手机,device,小米,,红米Note3,,,废板·整机,35,元/台,/,image,小米2.jpg,数码网报价单-0831更新/手机相关/小米2.jpg,1,0.98,visual_legacy_crosscheck
20260831-81eab21a41895197383f-01,2026-08-31,手机,device,小米,,红米Turbo3 (8+256),,,开机靓好,300,元/台,/,image,小米2.jpg,数码网报价单-0831更新/手机相关/小米2.jpg,1,0.98,visual_legacy_crosscheck
20260831-dd2a364c6d80f030ec6e-01,2026-08-31,手机,device,小米,,红米Turbo3 (8+256),,,开机好碎,205,元/台,/,image,小米2.jpg,数码网报价单-0831更新/手机相关/小米2.jpg,1,0.98,visual_legacy_crosscheck
20260831-0c8e95e887c8a2470755-01,2026-08-31,手机,device,小米,,红米Turbo3 (8+256),,,开机碎屏,250,元/台,/,image,小米2.jpg,数码网报价单-0831更新/手机相关/小米2.jpg,1,0.98,visual_legacy_crosscheck
20260831-de978983d73f9a8c439b-01,2026-08-31,手机,device,小米,,红米Turbo3 (8+256),,,开机坏配件,205,元/台,/,image,小米2.jpg,数码网报价单-0831更新/手机相关/小米2.jpg,1,0.98,visual_legacy_crosscheck
20260831-f48b0c17d65c2843779f-01,2026-08-31,手机,device,小米,,红米Turbo3 (8+256),,,不开机,205,元/台,/,image,小米2.jpg,数码网报价单-0831更新/手机相关/小米2.jpg,1,0.98,visual_legacy_crosscheck
20260831-9d9da1f2cf2094ddacd6-01,2026-08-31,手机,device,小米,,红米Turbo3 (8+256),,,废板·整机,205,元/台,/,image,小米2.jpg,数码网报价单-0831更新/手机相关/小米2.jpg,1,0.98,visual_legacy_crosscheck
20260831-fa9e0f248ec457e088cb-01,2026-08-31,手机,device,小米,,红米Turbo3 (12+256),,,开机靓好,300,元/台,/,image,小米2.jpg,数码网报价单-0831更新/手机相关/小米2.jpg,1,0.98,visual_legacy_crosscheck
20260831-f4d179a0b9eaa1eaaf6a-01,2026-08-31,手机,device,小米,,红米Turbo3 (12+256),,,开机好碎,215,元/台,/,image,小米2.jpg,数码网报价单-0831更新/手机相关/小米2.jpg,1,0.98,visual_legacy_crosscheck
20260831-bc41b3a4957a3e12486a-01,2026-08-31,手机,device,小米,,红米Turbo3 (12+256),,,开机碎屏,250,元/台,/,image,小米2.jpg,数码网报价单-0831更新/手机相关/小米2.jpg,1,0.98,visual_legacy_crosscheck
20260831-70c6a5f73d85336a9e53-01,2026-08-31,手机,device,小米,,红米Turbo3 (12+256),,,开机坏配件,215,元/台,/,image,小米2.jpg,数码网报价单-0831更新/手机相关/小米2.jpg,1,0.98,visual_legacy_crosscheck
20260831-fa36bb5167f7e581cc26-01,2026-08-31,手机,device,小米,,红米Turbo3 (12+256),,,不开机,215,元/台,/,image,小米2.jpg,数码网报价单-0831更新/手机相关/小米2.jpg,1,0.98,visual_legacy_crosscheck
20260831-eeaf36bb135845f6526c-01,2026-08-31,手机,device,小米,,红米Turbo3 (12+256),,,废板·整机,215,元/台,/,image,小米2.jpg,数码网报价单-0831更新/手机相关/小米2.jpg,1,0.98,visual_legacy_crosscheck
20260831-3abeb17a4ecc32daa004-01,2026-08-31,手机,device,小米,,红米Turbo3 (12+512),,,开机靓好,300,元/台,/,image,小米2.jpg,数码网报价单-0831更新/手机相关/小米2.jpg,1,0.98,visual_legacy_crosscheck
20260831-f28a7a243886a9d4f119-01,2026-08-31,手机,device,小米,,红米Turbo3 (12+512),,,开机好碎,270,元/台,/,image,小米2.jpg,数码网报价单-0831更新/手机相关/小米2.jpg,1,0.98,visual_legacy_crosscheck
20260831-499f7801a671ff2cbf05-01,2026-08-31,手机,device,小米,,红米Turbo3 (12+512),,,开机碎屏,270,元/台,/,image,小米2.jpg,数码网报价单-0831更新/手机相关/小米2.jpg,1,0.98,visual_legacy_crosscheck
20260831-5d8df10333219c05a61d-01,2026-08-31,手机,device,小米,,红米Turbo3 (12+512),,,开机坏配件,270,元/台,/,image,小米2.jpg,数码网报价单-0831更新/手机相关/小米2.jpg,1,0.98,visual_legacy_crosscheck
20260831-a72d61a542f35a9d2101-01,2026-08-31,手机,device,小米,,红米Turbo3 (12+512),,,不开机,270,元/台,/,image,小米2.jpg,数码网报价单-0831更新/手机相关/小米2.jpg,1,0.98,visual_legacy_crosscheck
20260831-5c55f57a50ebce11bd23-01,2026-08-31,手机,device,小米,,红米Turbo3 (12+512),,,废板·整机,270,元/台,/,image,小米2.jpg,数码网报价单-0831更新/手机相关/小米2.jpg,1,0.98,visual_legacy_crosscheck
20260831-2e3059622c51eba20181-01,2026-08-31,手机,device,小米,,红米Turbo3 (16+512),,,开机靓好,400,元/台,/,image,小米2.jpg,数码网报价单-0831更新/手机相关/小米2.jpg,1,0.98,visual_legacy_crosscheck
20260831-53af63b49c3b294a49dd-01,2026-08-31,手机,device,小米,,红米Turbo3 (16+512),,,开机好碎,400,元/台,/,image,小米2.jpg,数码网报价单-0831更新/手机相关/小米2.jpg,1,0.98,visual_legacy_crosscheck
20260831-d548a2c094f0c31ce845-01,2026-08-31,手机,device,小米,,红米Turbo3 (16+512),,,开机碎屏,400,元/台,/,image,小米2.jpg,数码网报价单-0831更新/手机相关/小米2.jpg,1,0.98,visual_legacy_crosscheck
20260831-e2909a1c14f2adcb2765-01,2026-08-31,手机,device,小米,,红米Turbo3 (16+512),,,开机坏配件,400,元/台,/,image,小米2.jpg,数码网报价单-0831更新/手机相关/小米2.jpg,1,0.98,visual_legacy_crosscheck
20260831-5e2d0a9fa10965cd7694-01,2026-08-31,手机,device,小米,,红米Turbo3 (16+512),,,不开机,400,元/台,/,image,小米2.jpg,数码网报价单-0831更新/手机相关/小米2.jpg,1,0.98,visual_legacy_crosscheck
20260831-36fe4b07ed348cceef16-01,2026-08-31,手机,device,小米,,红米Turbo3 (16+512),,,废板·整机,400,元/台,/,image,小米2.jpg,数码网报价单-0831更新/手机相关/小米2.jpg,1,0.98,visual_legacy_crosscheck
20260831-44bd9ccbd0a63e207ed9-01,2026-08-31,手机,device,小米,,红米Turbo3 (16+1TB),,,开机靓好,500,元/台,/,image,小米2.jpg,数码网报价单-0831更新/手机相关/小米2.jpg,1,0.98,visual_legacy_crosscheck
20260831-bcbfa5c56244451916b9-01,2026-08-31,手机,device,小米,,红米Turbo3 (16+1TB),,,开机好碎,475,元/台,/,image,小米2.jpg,数码网报价单-0831更新/手机相关/小米2.jpg,1,0.98,visual_legacy_crosscheck
20260831-83c518cec4aee18028ca-01,2026-08-31,手机,device,小米,,红米Turbo3 (16+1TB),,,开机碎屏,475,元/台,/,image,小米2.jpg,数码网报价单-0831更新/手机相关/小米2.jpg,1,0.98,visual_legacy_crosscheck
20260831-03fb6d1a22f94dcacb8e-01,2026-08-31,手机,device,小米,,红米Turbo3 (16+1TB),,,开机坏配件,475,元/台,/,image,小米2.jpg,数码网报价单-0831更新/手机相关/小米2.jpg,1,0.98,visual_legacy_crosscheck
20260831-f20c3543e80ada686125-01,2026-08-31,手机,device,小米,,红米Turbo3 (16+1TB),,,不开机,475,元/台,/,image,小米2.jpg,数码网报价单-0831更新/手机相关/小米2.jpg,1,0.98,visual_legacy_crosscheck
20260831-f879d4cbe1aebfb53ccf-01,2026-08-31,手机,device,小米,,红米Turbo3 (16+1TB),,,废板·整机,475,元/台,/,image,小米2.jpg,数码网报价单-0831更新/手机相关/小米2.jpg,1,0.98,visual_legacy_crosscheck
20260831-01f4fbea0533e7fc229d-01,2026-08-31,手机,device,小米,,红米Note2,,,开机靓好,20,元/台,/,image,小米2.jpg,数码网报价单-0831更新/手机相关/小米2.jpg,1,0.98,visual_legacy_crosscheck
20260831-229d348c5bc75abf9d89-01,2026-08-31,手机,device,小米,,红米Note2,,,开机好碎,20,元/台,/,image,小米2.jpg,数码网报价单-0831更新/手机相关/小米2.jpg,1,0.98,visual_legacy_crosscheck
20260831-8c0b95d78179b28d938a-01,2026-08-31,手机,device,小米,,红米Note2,,,开机碎屏,20,元/台,/,image,小米2.jpg,数码网报价单-0831更新/手机相关/小米2.jpg,1,0.98,visual_legacy_crosscheck
20260831-df6ed35775f881461a47-01,2026-08-31,手机,device,小米,,红米Note2,,,开机坏配件,20,元/台,/,image,小米2.jpg,数码网报价单-0831更新/手机相关/小米2.jpg,1,0.98,visual_legacy_crosscheck
20260831-4a3062b4e1e0b582b504-01,2026-08-31,手机,device,小米,,红米Note2,,,不开机,20,元/台,/,image,小米2.jpg,数码网报价单-0831更新/手机相关/小米2.jpg,1,0.98,visual_legacy_crosscheck
20260831-d70dc21c146a86847883-01,2026-08-31,手机,device,小米,,红米Note2,,,废板·整机,20,元/台,/,image,小米2.jpg,数码网报价单-0831更新/手机相关/小米2.jpg,1,0.98,visual_legacy_crosscheck
20260831-4001c5a065b1a0fde181-01,2026-08-31,手机,device,小米,,红米Note1双卡,,,开机靓好,20,元/台,/,image,小米2.jpg,数码网报价单-0831更新/手机相关/小米2.jpg,1,0.98,visual_legacy_crosscheck
20260831-c483d07bcb0f5d2fb695-01,2026-08-31,手机,device,小米,,红米Note1双卡,,,开机好碎,20,元/台,/,image,小米2.jpg,数码网报价单-0831更新/手机相关/小米2.jpg,1,0.98,visual_legacy_crosscheck
20260831-f2a0527027b976ed735f-01,2026-08-31,手机,device,小米,,红米Note1双卡,,,开机碎屏,20,元/台,/,image,小米2.jpg,数码网报价单-0831更新/手机相关/小米2.jpg,1,0.98,visual_legacy_crosscheck
20260831-e9c6073fd9b24e41cd13-01,2026-08-31,手机,device,小米,,红米Note1双卡,,,开机坏配件,20,元/台,/,image,小米2.jpg,数码网报价单-0831更新/手机相关/小米2.jpg,1,0.98,visual_legacy_crosscheck
20260831-4d196190dd20be201286-01,2026-08-31,手机,device,小米,,红米Note1双卡,,,不开机,20,元/台,/,image,小米2.jpg,数码网报价单-0831更新/手机相关/小米2.jpg,1,0.98,visual_legacy_crosscheck
20260831-f58fbb7230a7290d8be8-01,2026-08-31,手机,device,小米,,红米Note1双卡,,,废板·整机,20,元/台,/,image,小米2.jpg,数码网报价单-0831更新/手机相关/小米2.jpg,1,0.98,visual_legacy_crosscheck
20260831-31a83810c62928ace39e-01,2026-08-31,手机,device,小米,,红米Note1单卡,,,开机靓好,20,元/台,/,image,小米2.jpg,数码网报价单-0831更新/手机相关/小米2.jpg,1,0.98,visual_legacy_crosscheck
20260831-e64865f93443dd449c20-01,2026-08-31,手机,device,小米,,红米Note1单卡,,,开机好碎,20,元/台,/,image,小米2.jpg,数码网报价单-0831更新/手机相关/小米2.jpg,1,0.98,visual_legacy_crosscheck
20260831-22d431ae34f9b4de1de8-01,2026-08-31,手机,device,小米,,红米Note1单卡,,,开机碎屏,20,元/台,/,image,小米2.jpg,数码网报价单-0831更新/手机相关/小米2.jpg,1,0.98,visual_legacy_crosscheck
20260831-c3c9d8a3ef09c64ea7cd-01,2026-08-31,手机,device,小米,,红米Note1单卡,,,开机坏配件,20,元/台,/,image,小米2.jpg,数码网报价单-0831更新/手机相关/小米2.jpg,1,0.98,visual_legacy_crosscheck
20260831-186d62a2290511bd802c-01,2026-08-31,手机,device,小米,,红米Note1单卡,,,不开机,20,元/台,/,image,小米2.jpg,数码网报价单-0831更新/手机相关/小米2.jpg,1,0.98,visual_legacy_crosscheck
20260831-e0fd45f7fc43128b3424-01,2026-08-31,手机,device,小米,,红米Note1单卡,,,废板·整机,20,元/台,/,image,小米2.jpg,数码网报价单-0831更新/手机相关/小米2.jpg,1,0.98,visual_legacy_crosscheck
20260831-0fa328a4179e9c9ee6d2-01,2026-08-31,手机,device,小米,,红米Note1黑板,,,开机靓好,20,元/台,/,image,小米2.jpg,数码网报价单-0831更新/手机相关/小米2.jpg,1,0.98,visual_legacy_crosscheck
20260831-162e681f480db3c8545b-01,2026-08-31,手机,device,小米,,红米Note1黑板,,,开机好碎,20,元/台,/,image,小米2.jpg,数码网报价单-0831更新/手机相关/小米2.jpg,1,0.98,visual_legacy_crosscheck
20260831-30f50656745444c300cf-01,2026-08-31,手机,device,小米,,红米Note1黑板,,,开机碎屏,20,元/台,/,image,小米2.jpg,数码网报价单-0831更新/手机相关/小米2.jpg,1,0.98,visual_legacy_crosscheck
20260831-fab7277e5853ba548786-01,2026-08-31,手机,device,小米,,红米Note1黑板,,,开机坏配件,20,元/台,/,image,小米2.jpg,数码网报价单-0831更新/手机相关/小米2.jpg,1,0.98,visual_legacy_crosscheck
20260831-17bad2b37e4c74fe5687-01,2026-08-31,手机,device,小米,,红米Note1黑板,,,不开机,20,元/台,/,image,小米2.jpg,数码网报价单-0831更新/手机相关/小米2.jpg,1,0.98,visual_legacy_crosscheck
20260831-10c2fae0b6d0e06fa169-01,2026-08-31,手机,device,小米,,红米Note1黑板,,,废板·整机,20,元/台,/,image,小米2.jpg,数码网报价单-0831更新/手机相关/小米2.jpg,1,0.98,visual_legacy_crosscheck
20260831-f3c31554ddbea7850d0c-01,2026-08-31,手机,device,小米,,红米R70,,,开机靓好,175,元/台,要求芯片无破损比例正常,image,小米2.jpg,数码网报价单-0831更新/手机相关/小米2.jpg,1,0.98,visual_legacy_crosscheck
20260831-7a6d9fdbefc07dfecd62-01,2026-08-31,手机,device,小米,,红米R70,,,开机好碎,175,元/台,要求芯片无破损比例正常,image,小米2.jpg,数码网报价单-0831更新/手机相关/小米2.jpg,1,0.98,visual_legacy_crosscheck
20260831-4231a08d0b7c7652fa54-01,2026-08-31,手机,device,小米,,红米R70,,,开机碎屏,175,元/台,要求芯片无破损比例正常,image,小米2.jpg,数码网报价单-0831更新/手机相关/小米2.jpg,1,0.98,visual_legacy_crosscheck
20260831-baef7cab868dd3da198f-01,2026-08-31,手机,device,小米,,红米R70,,,开机坏配件,175,元/台,要求芯片无破损比例正常,image,小米2.jpg,数码网报价单-0831更新/手机相关/小米2.jpg,1,0.98,visual_legacy_crosscheck
20260831-fd0c6889d850783ccefb-01,2026-08-31,手机,device,小米,,红米R70,,,不开机,175,元/台,要求芯片无破损比例正常,image,小米2.jpg,数码网报价单-0831更新/手机相关/小米2.jpg,1,0.98,visual_legacy_crosscheck
20260831-5d94bd82fed26db11d35-01,2026-08-31,手机,device,小米,,红米R70,,,废板·整机,175,元/台,要求芯片无破损比例正常,image,小米2.jpg,数码网报价单-0831更新/手机相关/小米2.jpg,1,0.98,visual_legacy_crosscheck
20260831-92de2b438baf0af53bdb-01,2026-08-31,手机,device,小米,,红米15R,,,开机靓好,170,元/台,主板靓开机功能正常,image,小米2.jpg,数码网报价单-0831更新/手机相关/小米2.jpg,1,0.98,visual_legacy_crosscheck
20260831-162548ed8573aff7d691-01,2026-08-31,手机,device,小米,,红米15R,,,开机好碎,170,元/台,主板靓开机功能正常,image,小米2.jpg,数码网报价单-0831更新/手机相关/小米2.jpg,1,0.98,visual_legacy_crosscheck
20260831-ecd06f6feb2fce0dd12a-01,2026-08-31,手机,device,小米,,红米15R,,,开机碎屏,150,元/台,主板靓开机功能正常,image,小米2.jpg,数码网报价单-0831更新/手机相关/小米2.jpg,1,0.98,visual_legacy_crosscheck
20260831-bb6f84140bd2a2006c04-01,2026-08-31,手机,device,小米,,红米15R,,,开机坏配件,150,元/台,主板靓开机功能正常,image,小米2.jpg,数码网报价单-0831更新/手机相关/小米2.jpg,1,0.98,visual_legacy_crosscheck
20260831-88dd0d4d1103df483958-01,2026-08-31,手机,device,小米,,红米15R,,,不开机,150,元/台,主板靓开机功能正常,image,小米2.jpg,数码网报价单-0831更新/手机相关/小米2.jpg,1,0.98,visual_legacy_crosscheck
20260831-6c55ff7bc1d413032315-01,2026-08-31,手机,device,小米,,红米15R,,,废板·整机,150,元/台,主板靓开机功能正常,image,小米2.jpg,数码网报价单-0831更新/手机相关/小米2.jpg,1,0.98,visual_legacy_crosscheck
20260831-72d6025a3f8a356aeefe-01,2026-08-31,手机,device,小米,,红米14c,,,开机靓好,170,元/台,主板靓开机功能正常,image,小米2.jpg,数码网报价单-0831更新/手机相关/小米2.jpg,1,0.98,visual_legacy_crosscheck
20260831-fe02f4367af846fcdea4-01,2026-08-31,手机,device,小米,,红米14c,,,开机好碎,170,元/台,主板靓开机功能正常,image,小米2.jpg,数码网报价单-0831更新/手机相关/小米2.jpg,1,0.98,visual_legacy_crosscheck
20260831-46d4d828626a8a6bddc6-01,2026-08-31,手机,device,小米,,红米14c,,,开机碎屏,170,元/台,主板靓开机功能正常,image,小米2.jpg,数码网报价单-0831更新/手机相关/小米2.jpg,1,0.98,visual_legacy_crosscheck
20260831-d04e62df3296189c6d24-01,2026-08-31,手机,device,小米,,红米14c,,,开机坏配件,170,元/台,主板靓开机功能正常,image,小米2.jpg,数码网报价单-0831更新/手机相关/小米2.jpg,1,0.98,visual_legacy_crosscheck
20260831-5f4ed076de0c7b461d77-01,2026-08-31,手机,device,小米,,红米14c,,,不开机,170,元/台,主板靓开机功能正常,image,小米2.jpg,数码网报价单-0831更新/手机相关/小米2.jpg,1,0.98,visual_legacy_crosscheck
20260831-58c8f0103ed75dfd11b2-01,2026-08-31,手机,device,小米,,红米14c,,,废板·整机,170,元/台,主板靓开机功能正常,image,小米2.jpg,数码网报价单-0831更新/手机相关/小米2.jpg,1,0.98,visual_legacy_crosscheck
20260831-c7f858452d5a3ac41182-01,2026-08-31,手机,device,小米,,红米13R,,,开机靓好,170,元/台,/,image,小米2.jpg,数码网报价单-0831更新/手机相关/小米2.jpg,1,0.98,visual_legacy_crosscheck
20260831-02acbe6f43a336a32ee2-01,2026-08-31,手机,device,小米,,红米13R,,,开机好碎,170,元/台,/,image,小米2.jpg,数码网报价单-0831更新/手机相关/小米2.jpg,1,0.98,visual_legacy_crosscheck
20260831-d503d4cc71289357ddea-01,2026-08-31,手机,device,小米,,红米13R,,,开机碎屏,150,元/台,/,image,小米2.jpg,数码网报价单-0831更新/手机相关/小米2.jpg,1,0.98,visual_legacy_crosscheck
20260831-8312ce83d00de4f3a9b8-01,2026-08-31,手机,device,小米,,红米13R,,,开机坏配件,150,元/台,/,image,小米2.jpg,数码网报价单-0831更新/手机相关/小米2.jpg,1,0.98,visual_legacy_crosscheck
20260831-1a53c534d929be86466f-01,2026-08-31,手机,device,小米,,红米13R,,,不开机,150,元/台,/,image,小米2.jpg,数码网报价单-0831更新/手机相关/小米2.jpg,1,0.98,visual_legacy_crosscheck
20260831-d484a90e397a27e9efeb-01,2026-08-31,手机,device,小米,,红米13R,,,废板·整机,150,元/台,/,image,小米2.jpg,数码网报价单-0831更新/手机相关/小米2.jpg,1,0.98,visual_legacy_crosscheck
20260831-20970b76cbf3635aa287-01,2026-08-31,手机,device,小米,,红米13c 4G,,,开机靓好,170,元/台,主板靓开机功能正常,image,小米2.jpg,数码网报价单-0831更新/手机相关/小米2.jpg,1,0.98,visual_legacy_crosscheck
20260831-8384a11198648e42f7a2-01,2026-08-31,手机,device,小米,,红米13c 4G,,,开机好碎,170,元/台,主板靓开机功能正常,image,小米2.jpg,数码网报价单-0831更新/手机相关/小米2.jpg,1,0.98,visual_legacy_crosscheck
20260831-117f61277c4255621187-01,2026-08-31,手机,device,小米,,红米13c 4G,,,开机碎屏,150,元/台,主板靓开机功能正常,image,小米2.jpg,数码网报价单-0831更新/手机相关/小米2.jpg,1,0.98,visual_legacy_crosscheck
20260831-90e5eeef67b79ae1cf0d-01,2026-08-31,手机,device,小米,,红米13c 4G,,,开机坏配件,150,元/台,主板靓开机功能正常,image,小米2.jpg,数码网报价单-0831更新/手机相关/小米2.jpg,1,0.98,visual_legacy_crosscheck
20260831-78509a2a57eec5efe92f-01,2026-08-31,手机,device,小米,,红米13c 4G,,,不开机,150,元/台,主板靓开机功能正常,image,小米2.jpg,数码网报价单-0831更新/手机相关/小米2.jpg,1,0.98,visual_legacy_crosscheck
20260831-b1fd8747d8345535f423-01,2026-08-31,手机,device,小米,,红米13c 4G,,,废板·整机,150,元/台,主板靓开机功能正常,image,小米2.jpg,数码网报价单-0831更新/手机相关/小米2.jpg,1,0.98,visual_legacy_crosscheck
20260831-42c30400174955009017-01,2026-08-31,手机,device,小米,,红米12R,,,开机靓好,150,元/台,/,image,小米2.jpg,数码网报价单-0831更新/手机相关/小米2.jpg,1,0.98,visual_legacy_crosscheck
20260831-1eba882753e61e791864-01,2026-08-31,手机,device,小米,,红米12R,,,开机好碎,150,元/台,/,image,小米2.jpg,数码网报价单-0831更新/手机相关/小米2.jpg,1,0.98,visual_legacy_crosscheck
20260831-15b8ca69018aa1b340f5-01,2026-08-31,手机,device,小米,,红米12R,,,开机碎屏,150,元/台,/,image,小米2.jpg,数码网报价单-0831更新/手机相关/小米2.jpg,1,0.98,visual_legacy_crosscheck
20260831-da8e5cc3317962b5b216-01,2026-08-31,手机,device,小米,,红米12R,,,开机坏配件,150,元/台,/,image,小米2.jpg,数码网报价单-0831更新/手机相关/小米2.jpg,1,0.98,visual_legacy_crosscheck
20260831-53bfda895e6a9230b7fd-01,2026-08-31,手机,device,小米,,红米12R,,,不开机,150,元/台,/,image,小米2.jpg,数码网报价单-0831更新/手机相关/小米2.jpg,1,0.98,visual_legacy_crosscheck
20260831-db6ff5efde1cc89dcca8-01,2026-08-31,手机,device,小米,,红米12R,,,废板·整机,150,元/台,/,image,小米2.jpg,数码网报价单-0831更新/手机相关/小米2.jpg,1,0.98,visual_legacy_crosscheck
20260831-4057c730b0a55296d82f-01,2026-08-31,手机,device,小米,,红米12c,,,开机靓好,160,元/台,/,image,小米2.jpg,数码网报价单-0831更新/手机相关/小米2.jpg,1,0.98,visual_legacy_crosscheck
20260831-029ee047edaf5b9a7d3a-01,2026-08-31,手机,device,小米,,红米12c,,,开机好碎,160,元/台,/,image,小米2.jpg,数码网报价单-0831更新/手机相关/小米2.jpg,1,0.98,visual_legacy_crosscheck
20260831-78830e97638735b75930-01,2026-08-31,手机,device,小米,,红米12c,,,开机碎屏,160,元/台,/,image,小米2.jpg,数码网报价单-0831更新/手机相关/小米2.jpg,1,0.98,visual_legacy_crosscheck
20260831-b596ea6bf4fd5c9e4e50-01,2026-08-31,手机,device,小米,,红米12c,,,开机坏配件,160,元/台,/,image,小米2.jpg,数码网报价单-0831更新/手机相关/小米2.jpg,1,0.98,visual_legacy_crosscheck
20260831-4251fcec409836c73183-01,2026-08-31,手机,device,小米,,红米12c,,,不开机,160,元/台,/,image,小米2.jpg,数码网报价单-0831更新/手机相关/小米2.jpg,1,0.98,visual_legacy_crosscheck
20260831-e833a5e571fb7c5d8a70-01,2026-08-31,手机,device,小米,,红米12c,,,废板·整机,160,元/台,/,image,小米2.jpg,数码网报价单-0831更新/手机相关/小米2.jpg,1,0.98,visual_legacy_crosscheck
20260831-d85a7a1443e82780f3a6-01,2026-08-31,手机,device,小米,,红米10XPro 5G,,,开机靓好,160,元/台,三星屏,image,小米2.jpg,数码网报价单-0831更新/手机相关/小米2.jpg,1,0.98,visual_legacy_crosscheck
20260831-a7e7095c6a57447c44ce-01,2026-08-31,手机,device,小米,,红米10XPro 5G,,,开机好碎,160,元/台,三星屏,image,小米2.jpg,数码网报价单-0831更新/手机相关/小米2.jpg,1,0.98,visual_legacy_crosscheck
20260831-9a23c5c423e8aa5d4c60-01,2026-08-31,手机,device,小米,,红米10XPro 5G,,,开机碎屏,160,元/台,三星屏,image,小米2.jpg,数码网报价单-0831更新/手机相关/小米2.jpg,1,0.98,visual_legacy_crosscheck
20260831-5c16aa27a791b6621bd2-01,2026-08-31,手机,device,小米,,红米10XPro 5G,,,开机坏配件,160,元/台,三星屏,image,小米2.jpg,数码网报价单-0831更新/手机相关/小米2.jpg,1,0.98,visual_legacy_crosscheck
20260831-e05f809b88a710ea0d9d-01,2026-08-31,手机,device,小米,,红米10XPro 5G,,,不开机,160,元/台,三星屏,image,小米2.jpg,数码网报价单-0831更新/手机相关/小米2.jpg,1,0.98,visual_legacy_crosscheck
20260831-6d33cc2868983d69e22b-01,2026-08-31,手机,device,小米,,红米10XPro 5G,,,废板·整机,160,元/台,三星屏,image,小米2.jpg,数码网报价单-0831更新/手机相关/小米2.jpg,1,0.98,visual_legacy_crosscheck
20260831-35f5d121434699db416f-01,2026-08-31,手机,device,小米,,红米10X 5G,,,开机靓好,160,元/台,三星屏,image,小米2.jpg,数码网报价单-0831更新/手机相关/小米2.jpg,1,0.98,visual_legacy_crosscheck
20260831-27b01436881e1314a74f-01,2026-08-31,手机,device,小米,,红米10X 5G,,,开机好碎,160,元/台,三星屏,image,小米2.jpg,数码网报价单-0831更新/手机相关/小米2.jpg,1,0.98,visual_legacy_crosscheck
20260831-0fcf9e1a4ed4131a6076-01,2026-08-31,手机,device,小米,,红米10X 5G,,,开机碎屏,160,元/台,三星屏,image,小米2.jpg,数码网报价单-0831更新/手机相关/小米2.jpg,1,0.98,visual_legacy_crosscheck
20260831-5c662bd6b0bb3cc990df-01,2026-08-31,手机,device,小米,,红米10X 5G,,,开机坏配件,160,元/台,三星屏,image,小米2.jpg,数码网报价单-0831更新/手机相关/小米2.jpg,1,0.98,visual_legacy_crosscheck
20260831-59adef851e0e7b5f18e6-01,2026-08-31,手机,device,小米,,红米10X 5G,,,不开机,160,元/台,三星屏,image,小米2.jpg,数码网报价单-0831更新/手机相关/小米2.jpg,1,0.98,visual_legacy_crosscheck
20260831-3aaaf587d134c8b8a5f9-01,2026-08-31,手机,device,小米,,红米10X 5G,,,废板·整机,160,元/台,三星屏,image,小米2.jpg,数码网报价单-0831更新/手机相关/小米2.jpg,1,0.98,visual_legacy_crosscheck
20260831-28fc4b5cd64b07d3be33-01,2026-08-31,手机,device,小米,,红米10X 4G,,,开机靓好,180,元/台,主板功能正常 定屏重启算不开机,image,小米2.jpg,数码网报价单-0831更新/手机相关/小米2.jpg,1,0.98,visual_legacy_crosscheck
20260831-fef60121c64abe0f528e-01,2026-08-31,手机,device,小米,,红米10X 4G,,,开机好碎,180,元/台,主板功能正常 定屏重启算不开机,image,小米2.jpg,数码网报价单-0831更新/手机相关/小米2.jpg,1,0.98,visual_legacy_crosscheck
20260831-e3bc77d956828ec90267-01,2026-08-31,手机,device,小米,,红米10X 4G,,,开机碎屏,180,元/台,主板功能正常 定屏重启算不开机,image,小米2.jpg,数码网报价单-0831更新/手机相关/小米2.jpg,1,0.98,visual_legacy_crosscheck
20260831-2d8153c9c7c354ab121b-01,2026-08-31,手机,device,小米,,红米10X 4G,,,开机坏配件,180,元/台,主板功能正常 定屏重启算不开机,image,小米2.jpg,数码网报价单-0831更新/手机相关/小米2.jpg,1,0.98,visual_legacy_crosscheck
20260831-beba088f80f643c66f02-01,2026-08-31,手机,device,小米,,红米10X 4G,,,不开机,180,元/台,主板功能正常 定屏重启算不开机,image,小米2.jpg,数码网报价单-0831更新/手机相关/小米2.jpg,1,0.98,visual_legacy_crosscheck
20260831-3751a65d6122609278ad-01,2026-08-31,手机,device,小米,,红米10X 4G,,,废板·整机,180,元/台,主板功能正常 定屏重启算不开机,image,小米2.jpg,数码网报价单-0831更新/手机相关/小米2.jpg,1,0.98,visual_legacy_crosscheck
20260831-5f54df1ea30e2d8ded0a-01,2026-08-31,手机,device,小米,,红米10a,,,开机靓好,150,元/台,32G的90,image,小米2.jpg,数码网报价单-0831更新/手机相关/小米2.jpg,1,0.98,visual_legacy_crosscheck
20260831-2840bfa3f85b5140174d-01,2026-08-31,手机,device,小米,,红米10a,,,开机好碎,150,元/台,32G的90,image,小米2.jpg,数码网报价单-0831更新/手机相关/小米2.jpg,1,0.98,visual_legacy_crosscheck
20260831-9d609b96032a87b0d5bb-01,2026-08-31,手机,device,小米,,红米10a,,,开机碎屏,150,元/台,32G的90,image,小米2.jpg,数码网报价单-0831更新/手机相关/小米2.jpg,1,0.98,visual_legacy_crosscheck
20260831-471738d3970caba05b16-01,2026-08-31,手机,device,小米,,红米10a,,,开机坏配件,150,元/台,32G的90,image,小米2.jpg,数码网报价单-0831更新/手机相关/小米2.jpg,1,0.98,visual_legacy_crosscheck
20260831-149d2c0860350f43a4a0-01,2026-08-31,手机,device,小米,,红米10a,,,不开机,150,元/台,32G的90,image,小米2.jpg,数码网报价单-0831更新/手机相关/小米2.jpg,1,0.98,visual_legacy_crosscheck
20260831-324d526d162aeb883d20-01,2026-08-31,手机,device,小米,,红米10a,,,废板·整机,150,元/台,32G的90,image,小米2.jpg,数码网报价单-0831更新/手机相关/小米2.jpg,1,0.98,visual_legacy_crosscheck
20260831-e61dec2017d269035aae-01,2026-08-31,手机,device,小米,,红米9a,,,开机靓好,150,元/台,32G的90元,image,小米2.jpg,数码网报价单-0831更新/手机相关/小米2.jpg,1,0.98,visual_legacy_crosscheck
20260831-af049220574c12741f34-01,2026-08-31,手机,device,小米,,红米9a,,,开机好碎,150,元/台,32G的90元,image,小米2.jpg,数码网报价单-0831更新/手机相关/小米2.jpg,1,0.98,visual_legacy_crosscheck
20260831-fc2d4c05631bb770493d-01,2026-08-31,手机,device,小米,,红米9a,,,开机碎屏,150,元/台,32G的90元,image,小米2.jpg,数码网报价单-0831更新/手机相关/小米2.jpg,1,0.98,visual_legacy_crosscheck
20260831-50c105a98aabcea8e420-01,2026-08-31,手机,device,小米,,红米9a,,,开机坏配件,150,元/台,32G的90元,image,小米2.jpg,数码网报价单-0831更新/手机相关/小米2.jpg,1,0.98,visual_legacy_crosscheck
20260831-c7cde6a7ed86b91e12d1-01,2026-08-31,手机,device,小米,,红米9a,,,不开机,150,元/台,32G的90元,image,小米2.jpg,数码网报价单-0831更新/手机相关/小米2.jpg,1,0.98,visual_legacy_crosscheck
20260831-a53e8bfa004261f129d7-01,2026-08-31,手机,device,小米,,红米9a,,,废板·整机,150,元/台,32G的90元,image,小米2.jpg,数码网报价单-0831更新/手机相关/小米2.jpg,1,0.98,visual_legacy_crosscheck
20260831-25b3983715394dd83acd-01,2026-08-31,手机,device,小米,,红米9,,,开机靓好,170,元/台,主板功能正常,image,小米2.jpg,数码网报价单-0831更新/手机相关/小米2.jpg,1,0.98,visual_legacy_crosscheck
20260831-c8922c777dd656b58688-01,2026-08-31,手机,device,小米,,红米9,,,开机好碎,170,元/台,主板功能正常,image,小米2.jpg,数码网报价单-0831更新/手机相关/小米2.jpg,1,0.98,visual_legacy_crosscheck
20260831-a3adadd4cd8ee31fad9d-01,2026-08-31,手机,device,小米,,红米9,,,开机碎屏,170,元/台,主板功能正常,image,小米2.jpg,数码网报价单-0831更新/手机相关/小米2.jpg,1,0.98,visual_legacy_crosscheck
20260831-12cbfcf7eb3c479347d8-01,2026-08-31,手机,device,小米,,红米9,,,开机坏配件,170,元/台,主板功能正常,image,小米2.jpg,数码网报价单-0831更新/手机相关/小米2.jpg,1,0.98,visual_legacy_crosscheck
20260831-93c0e13bf639aeac4f05-01,2026-08-31,手机,device,小米,,红米9,,,不开机,170,元/台,主板功能正常,image,小米2.jpg,数码网报价单-0831更新/手机相关/小米2.jpg,1,0.98,visual_legacy_crosscheck
20260831-94708eed0de3c0bd3d3c-01,2026-08-31,手机,device,小米,,红米9,,,废板·整机,170,元/台,主板功能正常,image,小米2.jpg,数码网报价单-0831更新/手机相关/小米2.jpg,1,0.98,visual_legacy_crosscheck
20260831-0eaafdd0a8d55c232cbe-01,2026-08-31,手机,device,小米,,红米8a,,,开机靓好,110,元/台,/,image,小米2.jpg,数码网报价单-0831更新/手机相关/小米2.jpg,1,0.98,visual_legacy_crosscheck
20260831-7949e8606efc21544d05-01,2026-08-31,手机,device,小米,,红米8a,,,开机好碎,110,元/台,/,image,小米2.jpg,数码网报价单-0831更新/手机相关/小米2.jpg,1,0.98,visual_legacy_crosscheck
20260831-1aa6967ab6f1997cc5c7-01,2026-08-31,手机,device,小米,,红米8a,,,开机碎屏,110,元/台,/,image,小米2.jpg,数码网报价单-0831更新/手机相关/小米2.jpg,1,0.98,visual_legacy_crosscheck
20260831-39a86eb118339ab38678-01,2026-08-31,手机,device,小米,,红米8a,,,开机坏配件,110,元/台,/,image,小米2.jpg,数码网报价单-0831更新/手机相关/小米2.jpg,1,0.98,visual_legacy_crosscheck
20260831-72a70bbb1edcee16cbfc-01,2026-08-31,手机,device,小米,,红米8a,,,不开机,110,元/台,/,image,小米2.jpg,数码网报价单-0831更新/手机相关/小米2.jpg,1,0.98,visual_legacy_crosscheck
20260831-c3bd539d3e09f4142695-01,2026-08-31,手机,device,小米,,红米8a,,,废板·整机,110,元/台,/,image,小米2.jpg,数码网报价单-0831更新/手机相关/小米2.jpg,1,0.98,visual_legacy_crosscheck
20260831-6794fe91100115b35177-01,2026-08-31,手机,device,小米,,红米8,,,开机靓好,110,元/台,/,image,小米2.jpg,数码网报价单-0831更新/手机相关/小米2.jpg,1,0.98,visual_legacy_crosscheck
20260831-1179cdc27671bef3ba4b-01,2026-08-31,手机,device,小米,,红米8,,,开机好碎,110,元/台,/,image,小米2.jpg,数码网报价单-0831更新/手机相关/小米2.jpg,1,0.98,visual_legacy_crosscheck
20260831-b7af24d1683771391b40-01,2026-08-31,手机,device,小米,,红米8,,,开机碎屏,110,元/台,/,image,小米2.jpg,数码网报价单-0831更新/手机相关/小米2.jpg,1,0.98,visual_legacy_crosscheck
20260831-baaa856bec9f0ce74529-01,2026-08-31,手机,device,小米,,红米8,,,开机坏配件,110,元/台,/,image,小米2.jpg,数码网报价单-0831更新/手机相关/小米2.jpg,1,0.98,visual_legacy_crosscheck
20260831-0e48bdc83fc22ac844e7-01,2026-08-31,手机,device,小米,,红米8,,,不开机,110,元/台,/,image,小米2.jpg,数码网报价单-0831更新/手机相关/小米2.jpg,1,0.98,visual_legacy_crosscheck
20260831-5a7c8baf5e58a8a0a42f-01,2026-08-31,手机,device,小米,,红米8,,,废板·整机,110,元/台,/,image,小米2.jpg,数码网报价单-0831更新/手机相关/小米2.jpg,1,0.98,visual_legacy_crosscheck
20260831-5848cacad3682ef4912b-01,2026-08-31,手机,device,小米,,红米7a,,,开机靓好,58,元/台,/,image,小米2.jpg,数码网报价单-0831更新/手机相关/小米2.jpg,1,0.98,visual_legacy_crosscheck
20260831-c73a343e0be53f06c375-01,2026-08-31,手机,device,小米,,红米7a,,,开机好碎,58,元/台,/,image,小米2.jpg,数码网报价单-0831更新/手机相关/小米2.jpg,1,0.98,visual_legacy_crosscheck
20260831-7f7014c55b60f0e6323f-01,2026-08-31,手机,device,小米,,红米7a,,,开机碎屏,58,元/台,/,image,小米2.jpg,数码网报价单-0831更新/手机相关/小米2.jpg,1,0.98,visual_legacy_crosscheck
20260831-9a8a3a9e9949aee9393b-01,2026-08-31,手机,device,小米,,红米7a,,,开机坏配件,58,元/台,/,image,小米2.jpg,数码网报价单-0831更新/手机相关/小米2.jpg,1,0.98,visual_legacy_crosscheck
20260831-e9d5ed4e6838b983f4af-01,2026-08-31,手机,device,小米,,红米7a,,,不开机,58,元/台,/,image,小米2.jpg,数码网报价单-0831更新/手机相关/小米2.jpg,1,0.98,visual_legacy_crosscheck
20260831-bf387accc23d90779b60-01,2026-08-31,手机,device,小米,,红米7a,,,废板·整机,58,元/台,/,image,小米2.jpg,数码网报价单-0831更新/手机相关/小米2.jpg,1,0.98,visual_legacy_crosscheck
20260831-fdcf38505a4888ce2287-01,2026-08-31,手机,device,小米,,红米7,,,开机靓好,95,元/台,/,image,小米2.jpg,数码网报价单-0831更新/手机相关/小米2.jpg,1,0.98,visual_legacy_crosscheck
20260831-2e1897fb0153217a61c4-01,2026-08-31,手机,device,小米,,红米7,,,开机好碎,95,元/台,/,image,小米2.jpg,数码网报价单-0831更新/手机相关/小米2.jpg,1,0.98,visual_legacy_crosscheck
20260831-746a21e702ad85b66923-01,2026-08-31,手机,device,小米,,红米7,,,开机碎屏,95,元/台,/,image,小米2.jpg,数码网报价单-0831更新/手机相关/小米2.jpg,1,0.98,visual_legacy_crosscheck
20260831-9e14f6e29a5fc68d8c37-01,2026-08-31,手机,device,小米,,红米7,,,开机坏配件,95,元/台,/,image,小米2.jpg,数码网报价单-0831更新/手机相关/小米2.jpg,1,0.98,visual_legacy_crosscheck
20260831-914e461268672d8f0e17-01,2026-08-31,手机,device,小米,,红米7,,,不开机,95,元/台,/,image,小米2.jpg,数码网报价单-0831更新/手机相关/小米2.jpg,1,0.98,visual_legacy_crosscheck
20260831-7d625df7c7d75c55dedb-01,2026-08-31,手机,device,小米,,红米7,,,废板·整机,95,元/台,/,image,小米2.jpg,数码网报价单-0831更新/手机相关/小米2.jpg,1,0.98,visual_legacy_crosscheck
20260831-ca42aa24fbf159769431-01,2026-08-31,手机,device,小米,,红米6Pro,,,开机靓好,80,元/台,/,image,小米2.jpg,数码网报价单-0831更新/手机相关/小米2.jpg,1,0.98,visual_legacy_crosscheck
20260831-7f6988d07de1116bae26-01,2026-08-31,手机,device,小米,,红米6Pro,,,开机好碎,80,元/台,/,image,小米2.jpg,数码网报价单-0831更新/手机相关/小米2.jpg,1,0.98,visual_legacy_crosscheck
20260831-6adb8207cc46cf49e326-01,2026-08-31,手机,device,小米,,红米6Pro,,,开机碎屏,80,元/台,/,image,小米2.jpg,数码网报价单-0831更新/手机相关/小米2.jpg,1,0.98,visual_legacy_crosscheck
20260831-583e30491a9921ea62f4-01,2026-08-31,手机,device,小米,,红米6Pro,,,开机坏配件,80,元/台,/,image,小米2.jpg,数码网报价单-0831更新/手机相关/小米2.jpg,1,0.98,visual_legacy_crosscheck
20260831-69719d3662729bac3579-01,2026-08-31,手机,device,小米,,红米6Pro,,,不开机,80,元/台,/,image,小米2.jpg,数码网报价单-0831更新/手机相关/小米2.jpg,1,0.98,visual_legacy_crosscheck
20260831-7b563e23fd2f6d2f27a9-01,2026-08-31,手机,device,小米,,红米6Pro,,,废板·整机,80,元/台,/,image,小米2.jpg,数码网报价单-0831更新/手机相关/小米2.jpg,1,0.98,visual_legacy_crosscheck
20260831-f8bc9101f1c4844d4985-01,2026-08-31,手机,device,小米,,红米6a,,,开机靓好,45,元/台,/,image,小米2.jpg,数码网报价单-0831更新/手机相关/小米2.jpg,1,0.98,visual_legacy_crosscheck
20260831-7ff34883e58745e26ad0-01,2026-08-31,手机,device,小米,,红米6a,,,开机好碎,45,元/台,/,image,小米2.jpg,数码网报价单-0831更新/手机相关/小米2.jpg,1,0.98,visual_legacy_crosscheck
20260831-a354b66c222326a1320e-01,2026-08-31,手机,device,小米,,红米6a,,,开机碎屏,45,元/台,/,image,小米2.jpg,数码网报价单-0831更新/手机相关/小米2.jpg,1,0.98,visual_legacy_crosscheck
20260831-490ac1eb5d90e0030ae4-01,2026-08-31,手机,device,小米,,红米6a,,,开机坏配件,45,元/台,/,image,小米2.jpg,数码网报价单-0831更新/手机相关/小米2.jpg,1,0.98,visual_legacy_crosscheck
20260831-9eb87578ad528ea616f6-01,2026-08-31,手机,device,小米,,红米6a,,,不开机,45,元/台,/,image,小米2.jpg,数码网报价单-0831更新/手机相关/小米2.jpg,1,0.98,visual_legacy_crosscheck
20260831-6c292087861545bef4a4-01,2026-08-31,手机,device,小米,,红米6a,,,废板·整机,45,元/台,/,image,小米2.jpg,数码网报价单-0831更新/手机相关/小米2.jpg,1,0.98,visual_legacy_crosscheck
20260831-522d9262d25bddadcfb0-01,2026-08-31,手机,device,小米,,红米6,,,开机靓好,50,元/台,/,image,小米2.jpg,数码网报价单-0831更新/手机相关/小米2.jpg,1,0.98,visual_legacy_crosscheck
20260831-92d393f70fcf22144512-01,2026-08-31,手机,device,小米,,红米6,,,开机好碎,50,元/台,/,image,小米2.jpg,数码网报价单-0831更新/手机相关/小米2.jpg,1,0.98,visual_legacy_crosscheck
20260831-c73e7d8a2fb7c36cf7e0-01,2026-08-31,手机,device,小米,,红米6,,,开机碎屏,50,元/台,/,image,小米2.jpg,数码网报价单-0831更新/手机相关/小米2.jpg,1,0.98,visual_legacy_crosscheck
20260831-199731cabcf5b21927fb-01,2026-08-31,手机,device,小米,,红米6,,,开机坏配件,50,元/台,/,image,小米2.jpg,数码网报价单-0831更新/手机相关/小米2.jpg,1,0.98,visual_legacy_crosscheck
20260831-0982b0edc9144280b312-01,2026-08-31,手机,device,小米,,红米6,,,不开机,50,元/台,/,image,小米2.jpg,数码网报价单-0831更新/手机相关/小米2.jpg,1,0.98,visual_legacy_crosscheck
20260831-732e7bbee51ece373761-01,2026-08-31,手机,device,小米,,红米6,,,废板·整机,50,元/台,/,image,小米2.jpg,数码网报价单-0831更新/手机相关/小米2.jpg,1,0.98,visual_legacy_crosscheck
20260831-869d24212ef537e2083d-01,2026-08-31,手机,device,小米,,红米5a,,,开机靓好,40,元/台,/,image,小米2.jpg,数码网报价单-0831更新/手机相关/小米2.jpg,1,0.98,visual_legacy_crosscheck
20260831-d31d3aa19d1d73f4d839-01,2026-08-31,手机,device,小米,,红米5a,,,开机好碎,40,元/台,/,image,小米2.jpg,数码网报价单-0831更新/手机相关/小米2.jpg,1,0.98,visual_legacy_crosscheck
20260831-36ea25b8d580dbd09d6e-01,2026-08-31,手机,device,小米,,红米5a,,,开机碎屏,40,元/台,/,image,小米2.jpg,数码网报价单-0831更新/手机相关/小米2.jpg,1,0.98,visual_legacy_crosscheck
20260831-b0ff5a62a3404e88f02f-01,2026-08-31,手机,device,小米,,红米5a,,,开机坏配件,40,元/台,/,image,小米2.jpg,数码网报价单-0831更新/手机相关/小米2.jpg,1,0.98,visual_legacy_crosscheck
20260831-d9e9e136681c9b4c2ad9-01,2026-08-31,手机,device,小米,,红米5a,,,不开机,40,元/台,/,image,小米2.jpg,数码网报价单-0831更新/手机相关/小米2.jpg,1,0.98,visual_legacy_crosscheck
20260831-7f0be509d3e75c94684d-01,2026-08-31,手机,device,小米,,红米5a,,,废板·整机,40,元/台,/,image,小米2.jpg,数码网报价单-0831更新/手机相关/小米2.jpg,1,0.98,visual_legacy_crosscheck
20260831-18010b6294da5400403e-01,2026-08-31,手机,device,小米,,红米5p,,,开机靓好,95,元/台,/,image,小米2.jpg,数码网报价单-0831更新/手机相关/小米2.jpg,1,0.98,visual_legacy_crosscheck
20260831-b4dddccb7fd199ceaa15-01,2026-08-31,手机,device,小米,,红米5p,,,开机好碎,95,元/台,/,image,小米2.jpg,数码网报价单-0831更新/手机相关/小米2.jpg,1,0.98,visual_legacy_crosscheck
20260831-934ebfd0a46ab3cc16c7-01,2026-08-31,手机,device,小米,,红米5p,,,开机碎屏,95,元/台,/,image,小米2.jpg,数码网报价单-0831更新/手机相关/小米2.jpg,1,0.98,visual_legacy_crosscheck
20260831-12bab8a86b2ac882c2ca-01,2026-08-31,手机,device,小米,,红米5p,,,开机坏配件,95,元/台,/,image,小米2.jpg,数码网报价单-0831更新/手机相关/小米2.jpg,1,0.98,visual_legacy_crosscheck
20260831-481439363aa0dd463774-01,2026-08-31,手机,device,小米,,红米5p,,,不开机,95,元/台,/,image,小米2.jpg,数码网报价单-0831更新/手机相关/小米2.jpg,1,0.98,visual_legacy_crosscheck
20260831-918c717097a4a389ee89-01,2026-08-31,手机,device,小米,,红米5p,,,废板·整机,95,元/台,/,image,小米2.jpg,数码网报价单-0831更新/手机相关/小米2.jpg,1,0.98,visual_legacy_crosscheck
20260831-f76d954ba7489d7f0636-01,2026-08-31,手机,device,小米,,红米5,,,开机靓好,30,元/台,/,image,小米2.jpg,数码网报价单-0831更新/手机相关/小米2.jpg,1,0.98,visual_legacy_crosscheck
20260831-64b11761559b48fdbf6a-01,2026-08-31,手机,device,小米,,红米5,,,开机好碎,30,元/台,/,image,小米2.jpg,数码网报价单-0831更新/手机相关/小米2.jpg,1,0.98,visual_legacy_crosscheck
20260831-b0d1e2997b3f66ccf99e-01,2026-08-31,手机,device,小米,,红米5,,,开机碎屏,30,元/台,/,image,小米2.jpg,数码网报价单-0831更新/手机相关/小米2.jpg,1,0.98,visual_legacy_crosscheck
20260831-f846c12bc438c2738a56-01,2026-08-31,手机,device,小米,,红米5,,,开机坏配件,30,元/台,/,image,小米2.jpg,数码网报价单-0831更新/手机相关/小米2.jpg,1,0.98,visual_legacy_crosscheck
20260831-eafd4aa5b2eb9cb66d8a-01,2026-08-31,手机,device,小米,,红米5,,,不开机,30,元/台,/,image,小米2.jpg,数码网报价单-0831更新/手机相关/小米2.jpg,1,0.98,visual_legacy_crosscheck
20260831-3a6bca32d8cbe0b614b4-01,2026-08-31,手机,device,小米,,红米5,,,废板·整机,30,元/台,/,image,小米2.jpg,数码网报价单-0831更新/手机相关/小米2.jpg,1,0.98,visual_legacy_crosscheck
20260831-f941691ebc5dcb4a65d3-01,2026-08-31,手机,device,小米,,红米4 (3+32),,,开机靓好,33,元/台,/,image,小米2.jpg,数码网报价单-0831更新/手机相关/小米2.jpg,1,0.98,visual_legacy_crosscheck
20260831-b34fca388cd2be397a97-01,2026-08-31,手机,device,小米,,红米4 (3+32),,,开机好碎,33,元/台,/,image,小米2.jpg,数码网报价单-0831更新/手机相关/小米2.jpg,1,0.98,visual_legacy_crosscheck
20260831-4109ac1fa1fbb77a1fcd-01,2026-08-31,手机,device,小米,,红米4 (3+32),,,开机碎屏,33,元/台,/,image,小米2.jpg,数码网报价单-0831更新/手机相关/小米2.jpg,1,0.98,visual_legacy_crosscheck
20260831-55456c36f027bc2f47f3-01,2026-08-31,手机,device,小米,,红米4 (3+32),,,开机坏配件,33,元/台,/,image,小米2.jpg,数码网报价单-0831更新/手机相关/小米2.jpg,1,0.98,visual_legacy_crosscheck
20260831-0240a0b964bac5440832-01,2026-08-31,手机,device,小米,,红米4 (3+32),,,不开机,33,元/台,/,image,小米2.jpg,数码网报价单-0831更新/手机相关/小米2.jpg,1,0.98,visual_legacy_crosscheck
20260831-edc20c0ca7ee8674f989-01,2026-08-31,手机,device,小米,,红米4 (3+32),,,废板·整机,33,元/台,/,image,小米2.jpg,数码网报价单-0831更新/手机相关/小米2.jpg,1,0.98,visual_legacy_crosscheck
20260831-b694e77b2d3d374bc7fd-01,2026-08-31,手机,device,小米,,红米4 (2+16),,,开机靓好,33,元/台,/,image,小米2.jpg,数码网报价单-0831更新/手机相关/小米2.jpg,1,0.98,visual_legacy_crosscheck
20260831-569f42ff9d2cc1d9f1bf-01,2026-08-31,手机,device,小米,,红米4 (2+16),,,开机好碎,33,元/台,/,image,小米2.jpg,数码网报价单-0831更新/手机相关/小米2.jpg,1,0.98,visual_legacy_crosscheck
20260831-f70ae697a0f7ae342988-01,2026-08-31,手机,device,小米,,红米4 (2+16),,,开机碎屏,33,元/台,/,image,小米2.jpg,数码网报价单-0831更新/手机相关/小米2.jpg,1,0.98,visual_legacy_crosscheck
20260831-6a36fa1be0d065dad9a5-01,2026-08-31,手机,device,小米,,红米4 (2+16),,,开机坏配件,33,元/台,/,image,小米2.jpg,数码网报价单-0831更新/手机相关/小米2.jpg,1,0.98,visual_legacy_crosscheck
20260831-f04b883bb693e4c88ff0-01,2026-08-31,手机,device,小米,,红米4 (2+16),,,不开机,33,元/台,/,image,小米2.jpg,数码网报价单-0831更新/手机相关/小米2.jpg,1,0.98,visual_legacy_crosscheck
20260831-1f28da1433be935db3f3-01,2026-08-31,手机,device,小米,,红米4 (2+16),,,废板·整机,33,元/台,/,image,小米2.jpg,数码网报价单-0831更新/手机相关/小米2.jpg,1,0.98,visual_legacy_crosscheck
20260831-07e3d6e165c737ff0eeb-01,2026-08-31,手机,device,小米,,红米4a,,,开机靓好,35,元/台,/,image,小米2.jpg,数码网报价单-0831更新/手机相关/小米2.jpg,1,0.98,visual_legacy_crosscheck
20260831-2df4af957c20a60fa317-01,2026-08-31,手机,device,小米,,红米4a,,,开机好碎,35,元/台,/,image,小米2.jpg,数码网报价单-0831更新/手机相关/小米2.jpg,1,0.98,visual_legacy_crosscheck
20260831-231a5544afd1468668b0-01,2026-08-31,手机,device,小米,,红米4a,,,开机碎屏,35,元/台,/,image,小米2.jpg,数码网报价单-0831更新/手机相关/小米2.jpg,1,0.98,visual_legacy_crosscheck
20260831-ad2d1877881e221ce848-01,2026-08-31,手机,device,小米,,红米4a,,,开机坏配件,35,元/台,/,image,小米2.jpg,数码网报价单-0831更新/手机相关/小米2.jpg,1,0.98,visual_legacy_crosscheck
20260831-2f8e52bbd4970221ad3f-01,2026-08-31,手机,device,小米,,红米4a,,,不开机,35,元/台,/,image,小米2.jpg,数码网报价单-0831更新/手机相关/小米2.jpg,1,0.98,visual_legacy_crosscheck
20260831-524b68b23a8ba5f990d8-01,2026-08-31,手机,device,小米,,红米4a,,,废板·整机,35,元/台,/,image,小米2.jpg,数码网报价单-0831更新/手机相关/小米2.jpg,1,0.98,visual_legacy_crosscheck
20260831-95f410f9aa2b045ee7fd-01,2026-08-31,手机,device,小米,,红米4x,,,开机靓好,40,元/台,/,image,小米2.jpg,数码网报价单-0831更新/手机相关/小米2.jpg,1,0.98,visual_legacy_crosscheck
20260831-9ce38f2ab7bee22aa3cb-01,2026-08-31,手机,device,小米,,红米4x,,,开机好碎,40,元/台,/,image,小米2.jpg,数码网报价单-0831更新/手机相关/小米2.jpg,1,0.98,visual_legacy_crosscheck
20260831-082993c449c99c4db6d5-01,2026-08-31,手机,device,小米,,红米4x,,,开机碎屏,40,元/台,/,image,小米2.jpg,数码网报价单-0831更新/手机相关/小米2.jpg,1,0.98,visual_legacy_crosscheck
20260831-71371f019544974e1288-01,2026-08-31,手机,device,小米,,红米4x,,,开机坏配件,40,元/台,/,image,小米2.jpg,数码网报价单-0831更新/手机相关/小米2.jpg,1,0.98,visual_legacy_crosscheck
20260831-ed49f9cd0285f8291fec-01,2026-08-31,手机,device,小米,,红米4x,,,不开机,40,元/台,/,image,小米2.jpg,数码网报价单-0831更新/手机相关/小米2.jpg,1,0.98,visual_legacy_crosscheck
20260831-c3f5556040dcf6731a7e-01,2026-08-31,手机,device,小米,,红米4x,,,废板·整机,40,元/台,/,image,小米2.jpg,数码网报价单-0831更新/手机相关/小米2.jpg,1,0.98,visual_legacy_crosscheck
20260831-ca4a6ce859cb82d1cbf1-01,2026-08-31,手机,device,小米,,红米3S,,,开机靓好,35,元/台,/,image,小米2.jpg,数码网报价单-0831更新/手机相关/小米2.jpg,1,0.98,visual_legacy_crosscheck
20260831-92ba7f09a7dd9e8be877-01,2026-08-31,手机,device,小米,,红米3S,,,开机好碎,35,元/台,/,image,小米2.jpg,数码网报价单-0831更新/手机相关/小米2.jpg,1,0.98,visual_legacy_crosscheck
20260831-556922e2df500a9b2927-01,2026-08-31,手机,device,小米,,红米3S,,,开机碎屏,35,元/台,/,image,小米2.jpg,数码网报价单-0831更新/手机相关/小米2.jpg,1,0.98,visual_legacy_crosscheck
20260831-a52dd1b8930b392a08cc-01,2026-08-31,手机,device,小米,,红米3S,,,开机坏配件,35,元/台,/,image,小米2.jpg,数码网报价单-0831更新/手机相关/小米2.jpg,1,0.98,visual_legacy_crosscheck
20260831-033aca13041f6caccbb3-01,2026-08-31,手机,device,小米,,红米3S,,,不开机,35,元/台,/,image,小米2.jpg,数码网报价单-0831更新/手机相关/小米2.jpg,1,0.98,visual_legacy_crosscheck
20260831-63f967dd99e238d174ba-01,2026-08-31,手机,device,小米,,红米3S,,,废板·整机,35,元/台,/,image,小米2.jpg,数码网报价单-0831更新/手机相关/小米2.jpg,1,0.98,visual_legacy_crosscheck
20260831-27f770aca862b87b13ea-01,2026-08-31,手机,device,小米,,红米3x,,,开机靓好,35,元/台,/,image,小米2.jpg,数码网报价单-0831更新/手机相关/小米2.jpg,1,0.98,visual_legacy_crosscheck
20260831-a2661b1a1e4e7327d251-01,2026-08-31,手机,device,小米,,红米3x,,,开机好碎,35,元/台,/,image,小米2.jpg,数码网报价单-0831更新/手机相关/小米2.jpg,1,0.98,visual_legacy_crosscheck
20260831-03ff65feb60ef62f4dda-01,2026-08-31,手机,device,小米,,红米3x,,,开机碎屏,35,元/台,/,image,小米2.jpg,数码网报价单-0831更新/手机相关/小米2.jpg,1,0.98,visual_legacy_crosscheck
20260831-bc16a71145a42e844c93-01,2026-08-31,手机,device,小米,,红米3x,,,开机坏配件,35,元/台,/,image,小米2.jpg,数码网报价单-0831更新/手机相关/小米2.jpg,1,0.98,visual_legacy_crosscheck
20260831-e888be4b9434c6216a9a-01,2026-08-31,手机,device,小米,,红米3x,,,不开机,35,元/台,/,image,小米2.jpg,数码网报价单-0831更新/手机相关/小米2.jpg,1,0.98,visual_legacy_crosscheck
20260831-516acbbd29df27fec87a-01,2026-08-31,手机,device,小米,,红米3x,,,废板·整机,35,元/台,/,image,小米2.jpg,数码网报价单-0831更新/手机相关/小米2.jpg,1,0.98,visual_legacy_crosscheck
20260831-de777dbd832e73fa0116-01,2026-08-31,手机,device,小米,,红米3,,,开机靓好,28,元/台,/,image,小米2.jpg,数码网报价单-0831更新/手机相关/小米2.jpg,1,0.98,visual_legacy_crosscheck
20260831-95b6c1f6cf3aaa20163b-01,2026-08-31,手机,device,小米,,红米3,,,开机好碎,28,元/台,/,image,小米2.jpg,数码网报价单-0831更新/手机相关/小米2.jpg,1,0.98,visual_legacy_crosscheck
20260831-88a7b2eed015d2bee4f7-01,2026-08-31,手机,device,小米,,红米3,,,开机碎屏,28,元/台,/,image,小米2.jpg,数码网报价单-0831更新/手机相关/小米2.jpg,1,0.98,visual_legacy_crosscheck
20260831-d1f1d61ec6f7d2b69bf3-01,2026-08-31,手机,device,小米,,红米3,,,开机坏配件,28,元/台,/,image,小米2.jpg,数码网报价单-0831更新/手机相关/小米2.jpg,1,0.98,visual_legacy_crosscheck
20260831-32d796fb6cbec7e26f7f-01,2026-08-31,手机,device,小米,,红米3,,,不开机,28,元/台,/,image,小米2.jpg,数码网报价单-0831更新/手机相关/小米2.jpg,1,0.98,visual_legacy_crosscheck
20260831-0fcad84514b4cb0fc34d-01,2026-08-31,手机,device,小米,,红米3,,,废板·整机,28,元/台,/,image,小米2.jpg,数码网报价单-0831更新/手机相关/小米2.jpg,1,0.98,visual_legacy_crosscheck
20260831-acd1eaaddf5dbb3e65d9-01,2026-08-31,手机,device,小米,,红米S2,,,开机靓好,80,元/台,/,image,小米2.jpg,数码网报价单-0831更新/手机相关/小米2.jpg,1,0.98,visual_legacy_crosscheck
20260831-3863484b4f8bac5a7ead-01,2026-08-31,手机,device,小米,,红米S2,,,开机好碎,80,元/台,/,image,小米2.jpg,数码网报价单-0831更新/手机相关/小米2.jpg,1,0.98,visual_legacy_crosscheck
20260831-c1a607bb0397cfb39682-01,2026-08-31,手机,device,小米,,红米S2,,,开机碎屏,80,元/台,/,image,小米2.jpg,数码网报价单-0831更新/手机相关/小米2.jpg,1,0.98,visual_legacy_crosscheck
20260831-3407427aa9d719c27c87-01,2026-08-31,手机,device,小米,,红米S2,,,开机坏配件,80,元/台,/,image,小米2.jpg,数码网报价单-0831更新/手机相关/小米2.jpg,1,0.98,visual_legacy_crosscheck
20260831-329f75e915fa4adffb63-01,2026-08-31,手机,device,小米,,红米S2,,,不开机,80,元/台,/,image,小米2.jpg,数码网报价单-0831更新/手机相关/小米2.jpg,1,0.98,visual_legacy_crosscheck
20260831-91d995c16de3c02eb5c9-01,2026-08-31,手机,device,小米,,红米S2,,,废板·整机,80,元/台,/,image,小米2.jpg,数码网报价单-0831更新/手机相关/小米2.jpg,1,0.98,visual_legacy_crosscheck
20260831-b20e457b96c768e60c2c-01,2026-08-31,手机,device,小米,,红米2 16g,,,开机靓好,20,元/台,/,image,小米2.jpg,数码网报价单-0831更新/手机相关/小米2.jpg,1,0.98,visual_legacy_crosscheck
20260831-0ed58f4103a56c0d1469-01,2026-08-31,手机,device,小米,,红米2 16g,,,开机好碎,20,元/台,/,image,小米2.jpg,数码网报价单-0831更新/手机相关/小米2.jpg,1,0.98,visual_legacy_crosscheck
20260831-4a7dd76a2985347b582d-01,2026-08-31,手机,device,小米,,红米2 16g,,,开机碎屏,20,元/台,/,image,小米2.jpg,数码网报价单-0831更新/手机相关/小米2.jpg,1,0.98,visual_legacy_crosscheck
20260831-872d0d5f4e4596590c65-01,2026-08-31,手机,device,小米,,红米2 16g,,,开机坏配件,20,元/台,/,image,小米2.jpg,数码网报价单-0831更新/手机相关/小米2.jpg,1,0.98,visual_legacy_crosscheck
20260831-0d08c1aa7859704e5c8d-01,2026-08-31,手机,device,小米,,红米2 16g,,,不开机,20,元/台,/,image,小米2.jpg,数码网报价单-0831更新/手机相关/小米2.jpg,1,0.98,visual_legacy_crosscheck
20260831-4e346a06304b8d8c2d70-01,2026-08-31,手机,device,小米,,红米2 16g,,,废板·整机,20,元/台,/,image,小米2.jpg,数码网报价单-0831更新/手机相关/小米2.jpg,1,0.98,visual_legacy_crosscheck
20260831-7475eed5d00fede32421-01,2026-08-31,手机,device,小米,,红米2 8G,,,开机靓好,20,元/台,/,image,小米2.jpg,数码网报价单-0831更新/手机相关/小米2.jpg,1,0.98,visual_legacy_crosscheck
20260831-e5a042fad73bdd498e6a-01,2026-08-31,手机,device,小米,,红米2 8G,,,开机好碎,20,元/台,/,image,小米2.jpg,数码网报价单-0831更新/手机相关/小米2.jpg,1,0.98,visual_legacy_crosscheck
20260831-7a009e5d953c1129d5f5-01,2026-08-31,手机,device,小米,,红米2 8G,,,开机碎屏,20,元/台,/,image,小米2.jpg,数码网报价单-0831更新/手机相关/小米2.jpg,1,0.98,visual_legacy_crosscheck
20260831-ae81ec7b796b2ebbd58f-01,2026-08-31,手机,device,小米,,红米2 8G,,,开机坏配件,20,元/台,/,image,小米2.jpg,数码网报价单-0831更新/手机相关/小米2.jpg,1,0.98,visual_legacy_crosscheck
20260831-4349f15b51fda56a3d4b-01,2026-08-31,手机,device,小米,,红米2 8G,,,不开机,20,元/台,/,image,小米2.jpg,数码网报价单-0831更新/手机相关/小米2.jpg,1,0.98,visual_legacy_crosscheck
20260831-262bd7f0430a862060c3-01,2026-08-31,手机,device,小米,,红米2 8G,,,废板·整机,20,元/台,/,image,小米2.jpg,数码网报价单-0831更新/手机相关/小米2.jpg,1,0.98,visual_legacy_crosscheck
20260831-e837b2b88cb7521c5bf9-01,2026-08-31,手机,device,小米,,红米1,,,开机靓好,13,元/台,/,image,小米2.jpg,数码网报价单-0831更新/手机相关/小米2.jpg,1,0.98,visual_legacy_crosscheck
20260831-2a60090af8addc5f0cc3-01,2026-08-31,手机,device,小米,,红米1,,,开机好碎,13,元/台,/,image,小米2.jpg,数码网报价单-0831更新/手机相关/小米2.jpg,1,0.98,visual_legacy_crosscheck
20260831-0d9ac9e1b69c53c46968-01,2026-08-31,手机,device,小米,,红米1,,,开机碎屏,13,元/台,/,image,小米2.jpg,数码网报价单-0831更新/手机相关/小米2.jpg,1,0.98,visual_legacy_crosscheck
20260831-f279f8f7f75849c3a380-01,2026-08-31,手机,device,小米,,红米1,,,开机坏配件,13,元/台,/,image,小米2.jpg,数码网报价单-0831更新/手机相关/小米2.jpg,1,0.98,visual_legacy_crosscheck
20260831-f8070819184461b97db5-01,2026-08-31,手机,device,小米,,红米1,,,不开机,13,元/台,/,image,小米2.jpg,数码网报价单-0831更新/手机相关/小米2.jpg,1,0.98,visual_legacy_crosscheck
20260831-a1b2a9fb5cff4e6ce1da-01,2026-08-31,手机,device,小米,,红米1,,,废板·整机,13,元/台,/,image,小米2.jpg,数码网报价单-0831更新/手机相关/小米2.jpg,1,0.98,visual_legacy_crosscheck
20260831-b0cf9d86d2b08747129b-01,2026-08-31,手机,device,小米,,红米Pro,,,开机靓好,45,元/台,/,image,小米2.jpg,数码网报价单-0831更新/手机相关/小米2.jpg,1,0.98,visual_legacy_crosscheck
20260831-06ecbbbf910fd03099ce-01,2026-08-31,手机,device,小米,,红米Pro,,,开机好碎,45,元/台,/,image,小米2.jpg,数码网报价单-0831更新/手机相关/小米2.jpg,1,0.98,visual_legacy_crosscheck
20260831-6633fe7d6c4f8e0cd724-01,2026-08-31,手机,device,小米,,红米Pro,,,开机碎屏,45,元/台,/,image,小米2.jpg,数码网报价单-0831更新/手机相关/小米2.jpg,1,0.98,visual_legacy_crosscheck
20260831-dd5b767851226da08a9d-01,2026-08-31,手机,device,小米,,红米Pro,,,开机坏配件,45,元/台,/,image,小米2.jpg,数码网报价单-0831更新/手机相关/小米2.jpg,1,0.98,visual_legacy_crosscheck
20260831-3bc7bc3e23f94b2dd1e7-01,2026-08-31,手机,device,小米,,红米Pro,,,不开机,45,元/台,/,image,小米2.jpg,数码网报价单-0831更新/手机相关/小米2.jpg,1,0.98,visual_legacy_crosscheck
20260831-a3e9fc3e82e6d3be5a07-01,2026-08-31,手机,device,小米,,红米Pro,,,废板·整机,45,元/台,/,image,小米2.jpg,数码网报价单-0831更新/手机相关/小米2.jpg,1,0.98,visual_legacy_crosscheck
20260831-9800ad4aacc9e04402d3-01,2026-08-31,手机,device,小米,,机型,,,开机靓好,开机靓好,元/台,,image,小米2.jpg,数码网报价单-0831更新/手机相关/小米2.jpg,1,0.98,visual_legacy_crosscheck
20260831-50d7a31c197c1e7a61e3-01,2026-08-31,手机,device,小米,,机型,,,开机好碎,开机碎屏,元/台,,image,小米2.jpg,数码网报价单-0831更新/手机相关/小米2.jpg,1,0.98,visual_legacy_crosscheck
20260831-a3415d0b259ffd738c64-01,2026-08-31,手机,device,小米,,机型,,,开机碎屏,备注,元/台,,image,小米2.jpg,数码网报价单-0831更新/手机相关/小米2.jpg,1,0.98,visual_legacy_crosscheck
20260831-2b6fba003e34737ccd85-01,2026-08-31,手机,device,小米,,小爱同学全屏,,,开机靓好,30,元/台,,image,小米2.jpg,数码网报价单-0831更新/手机相关/小米2.jpg,1,0.98,visual_legacy_crosscheck
20260831-1737604a853ebf7f7daa-01,2026-08-31,手机,device,小米,,小爱同学全屏,,,开机好碎,10,元/台,,image,小米2.jpg,数码网报价单-0831更新/手机相关/小米2.jpg,1,0.98,visual_legacy_crosscheck
20260831-3421ae26dcb04be71108-01,2026-08-31,手机,device,小米,,小爱同学全屏,,,开机碎屏,老化算异屏,元/台,,image,小米2.jpg,数码网报价单-0831更新/手机相关/小米2.jpg,1,0.98,visual_legacy_crosscheck
20260831-afead9b09d9c1ca5a6ab-01,2026-08-31,手机,device,小米,,小爱同学按键,,,开机靓好,15,元/台,,image,小米2.jpg,数码网报价单-0831更新/手机相关/小米2.jpg,1,0.98,visual_legacy_crosscheck
20260831-5dd75a651f74258eb535-01,2026-08-31,手机,device,小米,,小爱同学按键,,,开机好碎,7,元/台,,image,小米2.jpg,数码网报价单-0831更新/手机相关/小米2.jpg,1,0.98,visual_legacy_crosscheck
20260831-f9c7736f0e979bf3ed46-01,2026-08-31,手机,device,小米,,小爱同学按键,,,开机碎屏,按键坏算异屏,元/台,,image,小米2.jpg,数码网报价单-0831更新/手机相关/小米2.jpg,1,0.98,visual_legacy_crosscheck
20260831-51506595b2774aeb609f-01,2026-08-31,平板,device,苹果/iPad,iPad,iPad Pro 2020款12.9寸,,,开机屏好,4000,元/台,,image,ipad.jpg,数码网报价单-0831更新/平板相关/ipad.jpg,1,0.98,visual_manual
20260831-e3c26c1fc0840cc24ea5-01,2026-08-31,平板,device,苹果/iPad,iPad,iPad Pro 2020款12.9寸,,,开机屏好外屏碎,1100,元/台,,image,ipad.jpg,数码网报价单-0831更新/平板相关/ipad.jpg,1,0.98,visual_manual
20260831-f5a8f498b755404c6847-01,2026-08-31,平板,device,苹果/iPad,iPad,iPad Pro 2020款12.9寸,,,开机屏坏,1100,元/台,,image,ipad.jpg,数码网报价单-0831更新/平板相关/ipad.jpg,1,0.98,visual_manual
20260831-b1cf48c0ecba3f68a6c6-01,2026-08-31,平板,device,苹果/iPad,iPad,iPad Pro 2020款12.9寸,,,开机屏坏配件坏,150,元/台,,image,ipad.jpg,数码网报价单-0831更新/平板相关/ipad.jpg,1,0.98,visual_manual
20260831-26cc857b7e030b7dbb1a-01,2026-08-31,平板,device,苹果/iPad,iPad,iPad Pro 2020款12.9寸,,,不开机,800,元/台,,image,ipad.jpg,数码网报价单-0831更新/平板相关/ipad.jpg,1,0.98,visual_manual
20260831-b5bbdf9ba95cd6aa31ae-01,2026-08-31,平板,device,苹果/iPad,iPad,iPad Pro 2020款12.9寸,,,废板-整机,60,元/台,,image,ipad.jpg,数码网报价单-0831更新/平板相关/ipad.jpg,1,0.98,visual_manual
20260831-93f5e684a9cde211d103-01,2026-08-31,平板,device,苹果/iPad,iPad,iPad Pro四代2020款11寸,,,开机屏好,1900,元/台,,image,ipad.jpg,数码网报价单-0831更新/平板相关/ipad.jpg,1,0.98,visual_manual
20260831-e6166c95b62b5c658d5a-01,2026-08-31,平板,device,苹果/iPad,iPad,iPad Pro四代2020款11寸,,,开机屏好外屏碎,500,元/台,,image,ipad.jpg,数码网报价单-0831更新/平板相关/ipad.jpg,1,0.98,visual_manual
20260831-2a9e9e1326a3ece90e8e-01,2026-08-31,平板,device,苹果/iPad,iPad,iPad Pro四代2020款11寸,,,开机屏坏,300,元/台,,image,ipad.jpg,数码网报价单-0831更新/平板相关/ipad.jpg,1,0.98,visual_manual
20260831-63598207ea4c075510cd-01,2026-08-31,平板,device,苹果/iPad,iPad,iPad Pro四代2020款11寸,,,开机屏坏配件坏,100,元/台,,image,ipad.jpg,数码网报价单-0831更新/平板相关/ipad.jpg,1,0.98,visual_manual
20260831-ec95b81c921a25892a07-01,2026-08-31,平板,device,苹果/iPad,iPad,iPad Pro四代2020款11寸,,,不开机,100,元/台,,image,ipad.jpg,数码网报价单-0831更新/平板相关/ipad.jpg,1,0.98,visual_manual
20260831-17133bb64a53055af74a-01,2026-08-31,平板,device,苹果/iPad,iPad,iPad Pro四代2020款11寸,,,废板-整机,60,元/台,,image,ipad.jpg,数码网报价单-0831更新/平板相关/ipad.jpg,1,0.98,visual_manual
20260831-1fff7eb275f00677cc97-01,2026-08-31,平板,device,苹果/iPad,iPad,iPad Pro三代2021款12.9,,,开机屏好,3500,元/台,,image,ipad.jpg,数码网报价单-0831更新/平板相关/ipad.jpg,1,0.98,visual_manual
20260831-589cff00513b5b989af9-01,2026-08-31,平板,device,苹果/iPad,iPad,iPad Pro三代2021款12.9,,,开机屏好外屏碎,600,元/台,,image,ipad.jpg,数码网报价单-0831更新/平板相关/ipad.jpg,1,0.98,visual_manual
20260831-700f64b8e3c13df92654-01,2026-08-31,平板,device,苹果/iPad,iPad,iPad Pro三代2021款12.9,,,开机屏坏,450,元/台,,image,ipad.jpg,数码网报价单-0831更新/平板相关/ipad.jpg,1,0.98,visual_manual
20260831-63898c3d1fb48d55f1bd-01,2026-08-31,平板,device,苹果/iPad,iPad,iPad Pro三代2021款12.9,,,开机屏坏配件坏,150,元/台,,image,ipad.jpg,数码网报价单-0831更新/平板相关/ipad.jpg,1,0.98,visual_manual
20260831-ecbe115adf413fcabf84-01,2026-08-31,平板,device,苹果/iPad,iPad,iPad Pro三代2021款12.9,,,不开机,150,元/台,,image,ipad.jpg,数码网报价单-0831更新/平板相关/ipad.jpg,1,0.98,visual_manual
20260831-5bf98b52ad0e59ba6b10-01,2026-08-31,平板,device,苹果/iPad,iPad,iPad Pro三代2021款12.9,,,废板-整机,60,元/台,,image,ipad.jpg,数码网报价单-0831更新/平板相关/ipad.jpg,1,0.98,visual_manual
20260831-58693283fa6edad38d41-01,2026-08-31,平板,device,苹果/iPad,iPad,iPad Pro三代2021款11,,,开机屏好,1600,元/台,,image,ipad.jpg,数码网报价单-0831更新/平板相关/ipad.jpg,1,0.98,visual_manual
20260831-9950cc3f48346e724f2e-01,2026-08-31,平板,device,苹果/iPad,iPad,iPad Pro三代2021款11,,,开机屏好外屏碎,600,元/台,,image,ipad.jpg,数码网报价单-0831更新/平板相关/ipad.jpg,1,0.98,visual_manual
20260831-9840a339ee33a501288b-01,2026-08-31,平板,device,苹果/iPad,iPad,iPad Pro三代2021款11,,,开机屏坏,600,元/台,,image,ipad.jpg,数码网报价单-0831更新/平板相关/ipad.jpg,1,0.98,visual_manual
20260831-57c3d300651bb8526a55-01,2026-08-31,平板,device,苹果/iPad,iPad,iPad Pro三代2021款11,,,开机屏坏配件坏,150,元/台,,image,ipad.jpg,数码网报价单-0831更新/平板相关/ipad.jpg,1,0.98,visual_manual
20260831-044fbb474dda25f72bff-01,2026-08-31,平板,device,苹果/iPad,iPad,iPad Pro三代2021款11,,,不开机,300,元/台,,image,ipad.jpg,数码网报价单-0831更新/平板相关/ipad.jpg,1,0.98,visual_manual
20260831-3e46d717bb86153da55c-01,2026-08-31,平板,device,苹果/iPad,iPad,iPad Pro三代2021款11,,,废板-整机,60,元/台,,image,ipad.jpg,数码网报价单-0831更新/平板相关/ipad.jpg,1,0.98,visual_manual
20260831-c7440b0bdadaed1f9ef3-01,2026-08-31,平板,device,苹果/iPad,iPad,iPad Pro四代2020款12.9,,,开机屏好,1600,元/台,,image,ipad.jpg,数码网报价单-0831更新/平板相关/ipad.jpg,1,0.98,visual_manual
20260831-1ea5d3c98f0fed194112-01,2026-08-31,平板,device,苹果/iPad,iPad,iPad Pro四代2020款12.9,,,开机屏好外屏碎,600,元/台,,image,ipad.jpg,数码网报价单-0831更新/平板相关/ipad.jpg,1,0.98,visual_manual
20260831-ccb1971aa9a911c8d8b0-01,2026-08-31,平板,device,苹果/iPad,iPad,iPad Pro四代2020款12.9,,,开机屏坏,400,元/台,,image,ipad.jpg,数码网报价单-0831更新/平板相关/ipad.jpg,1,0.98,visual_manual
20260831-aba54c687ffbe13a09ec-01,2026-08-31,平板,device,苹果/iPad,iPad,iPad Pro四代2020款12.9,,,开机屏坏配件坏,60,元/台,,image,ipad.jpg,数码网报价单-0831更新/平板相关/ipad.jpg,1,0.98,visual_manual
20260831-2832a966712135b786fd-01,2026-08-31,平板,device,苹果/iPad,iPad,iPad Pro四代2020款12.9,,,不开机,60,元/台,,image,ipad.jpg,数码网报价单-0831更新/平板相关/ipad.jpg,1,0.98,visual_manual
20260831-08c06d0cccef5685f4b9-01,2026-08-31,平板,device,苹果/iPad,iPad,iPad Pro四代2020款12.9,,,废板-整机,40,元/台,,image,ipad.jpg,数码网报价单-0831更新/平板相关/ipad.jpg,1,0.98,visual_manual
20260831-7c7dbac6f2e40f03547e-01,2026-08-31,平板,device,苹果/iPad,iPad,iPad Pro四代2018款12.9,,,开机屏好,1300,元/台,,image,ipad.jpg,数码网报价单-0831更新/平板相关/ipad.jpg,1,0.98,visual_manual
20260831-3d18fed2ef9193591b8b-01,2026-08-31,平板,device,苹果/iPad,iPad,iPad Pro四代2018款12.9,,,开机屏好外屏碎,700,元/台,,image,ipad.jpg,数码网报价单-0831更新/平板相关/ipad.jpg,1,0.98,visual_manual
20260831-a537ae1d4b73da6722ed-01,2026-08-31,平板,device,苹果/iPad,iPad,iPad Pro四代2018款12.9,,,开机屏坏,700,元/台,,image,ipad.jpg,数码网报价单-0831更新/平板相关/ipad.jpg,1,0.98,visual_manual
20260831-ce352bf467a321b733d6-01,2026-08-31,平板,device,苹果/iPad,iPad,iPad Pro四代2018款12.9,,,开机屏坏配件坏,150,元/台,,image,ipad.jpg,数码网报价单-0831更新/平板相关/ipad.jpg,1,0.98,visual_manual
20260831-47845995e9ecf7588d60-01,2026-08-31,平板,device,苹果/iPad,iPad,iPad Pro四代2018款12.9,,,不开机,150,元/台,,image,ipad.jpg,数码网报价单-0831更新/平板相关/ipad.jpg,1,0.98,visual_manual
20260831-faba947ef7594cbbf863-01,2026-08-31,平板,device,苹果/iPad,iPad,iPad Pro四代2018款12.9,,,废板-整机,40,元/台,,image,ipad.jpg,数码网报价单-0831更新/平板相关/ipad.jpg,1,0.98,visual_manual
20260831-d79cc7e098d59c2a52b2-01,2026-08-31,平板,device,苹果/iPad,iPad,iPad Pro二代2020款11,,,开机屏好,1800,元/台,,image,ipad.jpg,数码网报价单-0831更新/平板相关/ipad.jpg,1,0.98,visual_manual
20260831-86cbaa4825f9b7dadf9b-01,2026-08-31,平板,device,苹果/iPad,iPad,iPad Pro二代2020款11,,,开机屏好外屏碎,450,元/台,,image,ipad.jpg,数码网报价单-0831更新/平板相关/ipad.jpg,1,0.98,visual_manual
20260831-743ddddef276b27b8a2a-01,2026-08-31,平板,device,苹果/iPad,iPad,iPad Pro二代2020款11,,,开机屏坏,400,元/台,,image,ipad.jpg,数码网报价单-0831更新/平板相关/ipad.jpg,1,0.98,visual_manual
20260831-63c1e5fa794cf60a2a26-01,2026-08-31,平板,device,苹果/iPad,iPad,iPad Pro二代2020款11,,,开机屏坏配件坏,150,元/台,,image,ipad.jpg,数码网报价单-0831更新/平板相关/ipad.jpg,1,0.98,visual_manual
20260831-ab3655ddbdd615fbdfb0-01,2026-08-31,平板,device,苹果/iPad,iPad,iPad Pro二代2020款11,,,不开机,150,元/台,,image,ipad.jpg,数码网报价单-0831更新/平板相关/ipad.jpg,1,0.98,visual_manual
20260831-5ac4066049ef42593994-01,2026-08-31,平板,device,苹果/iPad,iPad,iPad Pro二代2020款11,,,废板-整机,40,元/台,,image,ipad.jpg,数码网报价单-0831更新/平板相关/ipad.jpg,1,0.98,visual_manual
20260831-30cf84dc62eba0814fa8-01,2026-08-31,平板,device,苹果/iPad,iPad,iPad Pro二代2017款12.9,,,开机屏好,200,元/台,,image,ipad.jpg,数码网报价单-0831更新/平板相关/ipad.jpg,1,0.98,visual_manual
20260831-79d4635dab4a97a905ff-01,2026-08-31,平板,device,苹果/iPad,iPad,iPad Pro二代2017款12.9,,,开机屏好外屏碎,150,元/台,,image,ipad.jpg,数码网报价单-0831更新/平板相关/ipad.jpg,1,0.98,visual_manual
20260831-9bcf525d8eb9e72a6318-01,2026-08-31,平板,device,苹果/iPad,iPad,iPad Pro二代2017款12.9,,,开机屏坏,35,元/台,,image,ipad.jpg,数码网报价单-0831更新/平板相关/ipad.jpg,1,0.98,visual_manual
20260831-e08efa2594edd85f8f15-01,2026-08-31,平板,device,苹果/iPad,iPad,iPad Pro二代2017款12.9,,,开机屏坏配件坏,35,元/台,,image,ipad.jpg,数码网报价单-0831更新/平板相关/ipad.jpg,1,0.98,visual_manual
20260831-1b454fca3fc4da838ab8-01,2026-08-31,平板,device,苹果/iPad,iPad,iPad Pro二代2017款12.9,,,不开机,35,元/台,,image,ipad.jpg,数码网报价单-0831更新/平板相关/ipad.jpg,1,0.98,visual_manual
20260831-3a359a488ca903f3a2d8-01,2026-08-31,平板,device,苹果/iPad,iPad,iPad Pro二代2017款12.9,,,废板-整机,35,元/台,,image,ipad.jpg,数码网报价单-0831更新/平板相关/ipad.jpg,1,0.98,visual_manual
20260831-999fdedf5561ba6bc418-01,2026-08-31,平板,device,苹果/iPad,iPad,iPad Pro一代2015款12.9,,,开机屏好,180,元/台,,image,ipad.jpg,数码网报价单-0831更新/平板相关/ipad.jpg,1,0.98,visual_manual
20260831-7134c67a37add0c77915-01,2026-08-31,平板,device,苹果/iPad,iPad,iPad Pro一代2015款12.9,,,开机屏好外屏碎,120,元/台,,image,ipad.jpg,数码网报价单-0831更新/平板相关/ipad.jpg,1,0.98,visual_manual
20260831-33536b80410f36697de2-01,2026-08-31,平板,device,苹果/iPad,iPad,iPad Pro一代2015款12.9,,,开机屏坏,35,元/台,,image,ipad.jpg,数码网报价单-0831更新/平板相关/ipad.jpg,1,0.98,visual_manual
20260831-f09b83da0c18d71e47cf-01,2026-08-31,平板,device,苹果/iPad,iPad,iPad Pro一代2015款12.9,,,开机屏坏配件坏,35,元/台,,image,ipad.jpg,数码网报价单-0831更新/平板相关/ipad.jpg,1,0.98,visual_manual
20260831-344786812f9fd46113a2-01,2026-08-31,平板,device,苹果/iPad,iPad,iPad Pro一代2015款12.9,,,不开机,35,元/台,,image,ipad.jpg,数码网报价单-0831更新/平板相关/ipad.jpg,1,0.98,visual_manual
20260831-e7eea24104f40a2cac14-01,2026-08-31,平板,device,苹果/iPad,iPad,iPad Pro一代2015款12.9,,,废板-整机,15,元/台,,image,ipad.jpg,数码网报价单-0831更新/平板相关/ipad.jpg,1,0.98,visual_manual
20260831-43695a6ea44f2f8b72fc-01,2026-08-31,平板,device,苹果/iPad,iPad,iPad Pro五代2021款12.9,,,开机屏好,2000,元/台,,image,ipad.jpg,数码网报价单-0831更新/平板相关/ipad.jpg,1,0.98,visual_manual
20260831-6785d1a303fd85e600f5-01,2026-08-31,平板,device,苹果/iPad,iPad,iPad Pro五代2021款12.9,,,开机屏好外屏碎,1000,元/台,,image,ipad.jpg,数码网报价单-0831更新/平板相关/ipad.jpg,1,0.98,visual_manual
20260831-0a36450934087a364da4-01,2026-08-31,平板,device,苹果/iPad,iPad,iPad Pro五代2021款12.9,,,开机屏坏,1000,元/台,,image,ipad.jpg,数码网报价单-0831更新/平板相关/ipad.jpg,1,0.98,visual_manual
20260831-55c691d9d8ec73a7a229-01,2026-08-31,平板,device,苹果/iPad,iPad,iPad Pro五代2021款12.9,,,开机屏坏配件坏,200,元/台,,image,ipad.jpg,数码网报价单-0831更新/平板相关/ipad.jpg,1,0.98,visual_manual
20260831-52beb3576b4e299d6ea2-01,2026-08-31,平板,device,苹果/iPad,iPad,iPad Pro五代2021款12.9,,,不开机,200,元/台,,image,ipad.jpg,数码网报价单-0831更新/平板相关/ipad.jpg,1,0.98,visual_manual
20260831-998bc1cf3e7500d93360-01,2026-08-31,平板,device,苹果/iPad,iPad,iPad Pro五代2021款12.9,,,废板-整机,40,元/台,,image,ipad.jpg,数码网报价单-0831更新/平板相关/ipad.jpg,1,0.98,visual_manual
20260831-a55f40b20fedbecb6ef1-01,2026-08-31,平板,device,苹果/iPad,iPad,iPad Pro 2018款11,,,开机屏好,1300,元/台,,image,ipad.jpg,数码网报价单-0831更新/平板相关/ipad.jpg,1,0.98,visual_manual
20260831-ff894f3c70497d1b200f-01,2026-08-31,平板,device,苹果/iPad,iPad,iPad Pro 2018款11,,,开机屏好外屏碎,600,元/台,,image,ipad.jpg,数码网报价单-0831更新/平板相关/ipad.jpg,1,0.98,visual_manual
20260831-c8830534f883fc6b4976-01,2026-08-31,平板,device,苹果/iPad,iPad,iPad Pro 2018款11,,,开机屏坏,300,元/台,,image,ipad.jpg,数码网报价单-0831更新/平板相关/ipad.jpg,1,0.98,visual_manual
20260831-474a77a3905d8aafa799-01,2026-08-31,平板,device,苹果/iPad,iPad,iPad Pro 2018款11,,,开机屏坏配件坏,90,元/台,,image,ipad.jpg,数码网报价单-0831更新/平板相关/ipad.jpg,1,0.98,visual_manual
20260831-894397ed7a33ca96b1a6-01,2026-08-31,平板,device,苹果/iPad,iPad,iPad Pro 2018款11,,,不开机,80,元/台,,image,ipad.jpg,数码网报价单-0831更新/平板相关/ipad.jpg,1,0.98,visual_manual
20260831-de7258180f66affc47a9-01,2026-08-31,平板,device,苹果/iPad,iPad,iPad Pro 2018款11,,,废板-整机,15,元/台,,image,ipad.jpg,数码网报价单-0831更新/平板相关/ipad.jpg,1,0.98,visual_manual
20260831-e69a7515fbca510996e5-01,2026-08-31,平板,device,苹果/iPad,iPad,iPad Pro2017款10.5,,,开机屏好,110,元/台,,image,ipad.jpg,数码网报价单-0831更新/平板相关/ipad.jpg,1,0.98,visual_manual
20260831-e7bde6dd7cf83126fa1b-01,2026-08-31,平板,device,苹果/iPad,iPad,iPad Pro2017款10.5,,,开机屏好外屏碎,90,元/台,,image,ipad.jpg,数码网报价单-0831更新/平板相关/ipad.jpg,1,0.98,visual_manual
20260831-12bc6ad3fd7a50580c2f-01,2026-08-31,平板,device,苹果/iPad,iPad,iPad Pro2017款10.5,,,开机屏坏,50,元/台,,image,ipad.jpg,数码网报价单-0831更新/平板相关/ipad.jpg,1,0.98,visual_manual
20260831-06d924f27142c1ca362f-01,2026-08-31,平板,device,苹果/iPad,iPad,iPad Pro2017款10.5,,,开机屏坏配件坏,50,元/台,,image,ipad.jpg,数码网报价单-0831更新/平板相关/ipad.jpg,1,0.98,visual_manual
20260831-d66dda329ee04e29bfbe-01,2026-08-31,平板,device,苹果/iPad,iPad,iPad Pro2017款10.5,,,不开机,50,元/台,,image,ipad.jpg,数码网报价单-0831更新/平板相关/ipad.jpg,1,0.98,visual_manual
20260831-431fc18b339c02ec0b37-01,2026-08-31,平板,device,苹果/iPad,iPad,iPad Pro2017款10.5,,,废板-整机,15,元/台,,image,ipad.jpg,数码网报价单-0831更新/平板相关/ipad.jpg,1,0.98,visual_manual
20260831-d966f3d7d816656fd9ce-01,2026-08-31,平板,device,苹果/iPad,iPad,iPad Pro2016款9.7,,,开机屏好,100,元/台,,image,ipad.jpg,数码网报价单-0831更新/平板相关/ipad.jpg,1,0.98,visual_manual
20260831-2000451372447faeaf97-01,2026-08-31,平板,device,苹果/iPad,iPad,iPad Pro2016款9.7,,,开机屏好外屏碎,70,元/台,,image,ipad.jpg,数码网报价单-0831更新/平板相关/ipad.jpg,1,0.98,visual_manual
20260831-68b0911875b3c86c604b-01,2026-08-31,平板,device,苹果/iPad,iPad,iPad Pro2016款9.7,,,开机屏坏,15,元/台,,image,ipad.jpg,数码网报价单-0831更新/平板相关/ipad.jpg,1,0.98,visual_manual
20260831-edee36fe3f5ade36107f-01,2026-08-31,平板,device,苹果/iPad,iPad,iPad Pro2016款9.7,,,开机屏坏配件坏,15,元/台,,image,ipad.jpg,数码网报价单-0831更新/平板相关/ipad.jpg,1,0.98,visual_manual
20260831-099ff708c7075e082c7f-01,2026-08-31,平板,device,苹果/iPad,iPad,iPad Pro2016款9.7,,,不开机,15,元/台,,image,ipad.jpg,数码网报价单-0831更新/平板相关/ipad.jpg,1,0.98,visual_manual
20260831-65f0bc531b699f026deb-01,2026-08-31,平板,device,苹果/iPad,iPad,iPad Pro2016款9.7,,,废板-整机,15,元/台,,image,ipad.jpg,数码网报价单-0831更新/平板相关/ipad.jpg,1,0.98,visual_manual
20260831-d2a2040288d3e0c4c962-01,2026-08-31,平板,device,苹果/iPad,iPad,iPad air5,,,开机屏好,1100,元/台,,image,ipad.jpg,数码网报价单-0831更新/平板相关/ipad.jpg,1,0.98,visual_manual
20260831-da8ba3e9c414930f0430-01,2026-08-31,平板,device,苹果/iPad,iPad,iPad air5,,,开机屏好外屏碎,550,元/台,,image,ipad.jpg,数码网报价单-0831更新/平板相关/ipad.jpg,1,0.98,visual_manual
20260831-31b2777a47f88fba200d-01,2026-08-31,平板,device,苹果/iPad,iPad,iPad air5,,,开机屏坏,550,元/台,,image,ipad.jpg,数码网报价单-0831更新/平板相关/ipad.jpg,1,0.98,visual_manual
20260831-c84a1dfa8b68801c2d34-01,2026-08-31,平板,device,苹果/iPad,iPad,iPad air5,,,开机屏坏配件坏,150,元/台,,image,ipad.jpg,数码网报价单-0831更新/平板相关/ipad.jpg,1,0.98,visual_manual
20260831-962c0b3916cb0e2ba104-01,2026-08-31,平板,device,苹果/iPad,iPad,iPad air5,,,不开机,150,元/台,,image,ipad.jpg,数码网报价单-0831更新/平板相关/ipad.jpg,1,0.98,visual_manual
20260831-2bd697e77ad39d177389-01,2026-08-31,平板,device,苹果/iPad,iPad,iPad air5,,,废板-整机,40,元/台,,image,ipad.jpg,数码网报价单-0831更新/平板相关/ipad.jpg,1,0.98,visual_manual
20260831-74e110892eafe80e550b-01,2026-08-31,平板,device,苹果/iPad,iPad,ipad Air4 2020款10.9,,,开机屏好,700,元/台,,image,ipad.jpg,数码网报价单-0831更新/平板相关/ipad.jpg,1,0.98,visual_manual
20260831-acf3ba19d54f984ec11f-01,2026-08-31,平板,device,苹果/iPad,iPad,ipad Air4 2020款10.9,,,开机屏好外屏碎,500,元/台,,image,ipad.jpg,数码网报价单-0831更新/平板相关/ipad.jpg,1,0.98,visual_manual
20260831-9b2b0b261330c0137c35-01,2026-08-31,平板,device,苹果/iPad,iPad,ipad Air4 2020款10.9,,,开机屏坏,300,元/台,,image,ipad.jpg,数码网报价单-0831更新/平板相关/ipad.jpg,1,0.98,visual_manual
20260831-6cfdf4feb28e8a6c57d9-01,2026-08-31,平板,device,苹果/iPad,iPad,ipad Air4 2020款10.9,,,开机屏坏配件坏,100,元/台,,image,ipad.jpg,数码网报价单-0831更新/平板相关/ipad.jpg,1,0.98,visual_manual
20260831-9df976841282fddb953e-01,2026-08-31,平板,device,苹果/iPad,iPad,ipad Air4 2020款10.9,,,不开机,100,元/台,,image,ipad.jpg,数码网报价单-0831更新/平板相关/ipad.jpg,1,0.98,visual_manual
20260831-8df22854a722cd34fd8b-01,2026-08-31,平板,device,苹果/iPad,iPad,ipad Air4 2020款10.9,,,废板-整机,40,元/台,,image,ipad.jpg,数码网报价单-0831更新/平板相关/ipad.jpg,1,0.98,visual_manual
20260831-358af7f008e9f99f356e-01,2026-08-31,平板,device,苹果/iPad,iPad,ipad Air3 2019款10.5,,,开机屏好,200,元/台,,image,ipad.jpg,数码网报价单-0831更新/平板相关/ipad.jpg,1,0.98,visual_manual
20260831-751d3e6cd9267348512e-01,2026-08-31,平板,device,苹果/iPad,iPad,ipad Air3 2019款10.5,,,开机屏好外屏碎,200,元/台,,image,ipad.jpg,数码网报价单-0831更新/平板相关/ipad.jpg,1,0.98,visual_manual
20260831-f0012bc36b67e0e32759-01,2026-08-31,平板,device,苹果/iPad,iPad,ipad Air3 2019款10.5,,,开机屏坏,150,元/台,,image,ipad.jpg,数码网报价单-0831更新/平板相关/ipad.jpg,1,0.98,visual_manual
20260831-c1d1ce871981d1188afe-01,2026-08-31,平板,device,苹果/iPad,iPad,ipad Air3 2019款10.5,,,开机屏坏配件坏,50,元/台,,image,ipad.jpg,数码网报价单-0831更新/平板相关/ipad.jpg,1,0.98,visual_manual
20260831-83e62420aac76e04a8bf-01,2026-08-31,平板,device,苹果/iPad,iPad,ipad Air3 2019款10.5,,,不开机,50,元/台,,image,ipad.jpg,数码网报价单-0831更新/平板相关/ipad.jpg,1,0.98,visual_manual
20260831-9caaa5e08ed0f6faa787-01,2026-08-31,平板,device,苹果/iPad,iPad,ipad Air3 2019款10.5,,,废板-整机,40,元/台,,image,ipad.jpg,数码网报价单-0831更新/平板相关/ipad.jpg,1,0.98,visual_manual
20260831-9faa3702d070143b336f-01,2026-08-31,平板,device,苹果/iPad,iPad,iPad Air2,,,开机屏好,65,元/台,,image,ipad.jpg,数码网报价单-0831更新/平板相关/ipad.jpg,1,0.98,visual_manual
20260831-412eb4189c0dea011f25-01,2026-08-31,平板,device,苹果/iPad,iPad,iPad Air2,,,开机屏好外屏碎,50,元/台,,image,ipad.jpg,数码网报价单-0831更新/平板相关/ipad.jpg,1,0.98,visual_manual
20260831-03ab17b23b4b749d6e5a-01,2026-08-31,平板,device,苹果/iPad,iPad,iPad Air2,,,开机屏坏,15,元/台,,image,ipad.jpg,数码网报价单-0831更新/平板相关/ipad.jpg,1,0.98,visual_manual
20260831-0ba0c516a29bdac25fea-01,2026-08-31,平板,device,苹果/iPad,iPad,iPad Air2,,,开机屏坏配件坏,15,元/台,,image,ipad.jpg,数码网报价单-0831更新/平板相关/ipad.jpg,1,0.98,visual_manual
20260831-39b25d781ee38d880ba0-01,2026-08-31,平板,device,苹果/iPad,iPad,iPad Air2,,,不开机,30,元/台,,image,ipad.jpg,数码网报价单-0831更新/平板相关/ipad.jpg,1,0.98,visual_manual
20260831-bdc283dd760571a8217e-01,2026-08-31,平板,device,苹果/iPad,iPad,iPad Air2,,,废板-整机,15,元/台,,image,ipad.jpg,数码网报价单-0831更新/平板相关/ipad.jpg,1,0.98,visual_manual
20260831-132a50bab8c0eebe95ba-01,2026-08-31,平板,device,苹果/iPad,iPad,iPad Air,,,开机屏好,65,元/台,,image,ipad.jpg,数码网报价单-0831更新/平板相关/ipad.jpg,1,0.98,visual_manual
20260831-8a54708b7c87f1d790ee-01,2026-08-31,平板,device,苹果/iPad,iPad,iPad Air,,,开机屏好外屏碎,60,元/台,,image,ipad.jpg,数码网报价单-0831更新/平板相关/ipad.jpg,1,0.98,visual_manual
20260831-a65055dee89978b47984-01,2026-08-31,平板,device,苹果/iPad,iPad,iPad Air,,,开机屏坏,15,元/台,,image,ipad.jpg,数码网报价单-0831更新/平板相关/ipad.jpg,1,0.98,visual_manual
20260831-86f964d5d8bd09ee9a88-01,2026-08-31,平板,device,苹果/iPad,iPad,iPad Air,,,开机屏坏配件坏,15,元/台,,image,ipad.jpg,数码网报价单-0831更新/平板相关/ipad.jpg,1,0.98,visual_manual
20260831-42f387d6d1cdc2d24898-01,2026-08-31,平板,device,苹果/iPad,iPad,iPad Air,,,不开机,30,元/台,,image,ipad.jpg,数码网报价单-0831更新/平板相关/ipad.jpg,1,0.98,visual_manual
20260831-d97edc7119a05afaf37c-01,2026-08-31,平板,device,苹果/iPad,iPad,iPad Air,,,废板-整机,15,元/台,,image,ipad.jpg,数码网报价单-0831更新/平板相关/ipad.jpg,1,0.98,visual_manual
20260831-0298118e7c128a1005bc-01,2026-08-31,平板,device,苹果/iPad,iPad,iPad Air 校机,,,开机屏好,65,元/台,,image,ipad.jpg,数码网报价单-0831更新/平板相关/ipad.jpg,1,0.98,visual_manual
20260831-0d6ba9f9fba66c4d97e5-01,2026-08-31,平板,device,苹果/iPad,iPad,iPad Air 校机,,,开机屏好外屏碎,60,元/台,,image,ipad.jpg,数码网报价单-0831更新/平板相关/ipad.jpg,1,0.98,visual_manual
20260831-ccd8eefa11d6e622accb-01,2026-08-31,平板,device,苹果/iPad,iPad,iPad Air 校机,,,开机屏坏,15,元/台,,image,ipad.jpg,数码网报价单-0831更新/平板相关/ipad.jpg,1,0.98,visual_manual
20260831-79e1ae413576ec7363b6-01,2026-08-31,平板,device,苹果/iPad,iPad,iPad Air 校机,,,开机屏坏配件坏,15,元/台,,image,ipad.jpg,数码网报价单-0831更新/平板相关/ipad.jpg,1,0.98,visual_manual
20260831-e3c5d28c89078b4d7f6c-01,2026-08-31,平板,device,苹果/iPad,iPad,iPad Air 校机,,,不开机,15,元/台,,image,ipad.jpg,数码网报价单-0831更新/平板相关/ipad.jpg,1,0.98,visual_manual
20260831-34a6a88374d05c857b5b-01,2026-08-31,平板,device,苹果/iPad,iPad,iPad Air 校机,,,废板-整机,15,元/台,,image,ipad.jpg,数码网报价单-0831更新/平板相关/ipad.jpg,1,0.98,visual_manual
20260831-6c0ebb5ee2b23955e5c7-01,2026-08-31,平板,device,苹果/iPad,iPad,iPad 10 2022款10.9,,,开机屏好,700,元/台,,image,ipad.jpg,数码网报价单-0831更新/平板相关/ipad.jpg,1,0.98,visual_manual
20260831-1d59fbcada9091074469-01,2026-08-31,平板,device,苹果/iPad,iPad,iPad 10 2022款10.9,,,开机屏好外屏碎,500,元/台,,image,ipad.jpg,数码网报价单-0831更新/平板相关/ipad.jpg,1,0.98,visual_manual
20260831-a6b8ce432f0e34eb1fa4-01,2026-08-31,平板,device,苹果/iPad,iPad,iPad 10 2022款10.9,,,开机屏坏,300,元/台,,image,ipad.jpg,数码网报价单-0831更新/平板相关/ipad.jpg,1,0.98,visual_manual
20260831-5451622de591c15c619a-01,2026-08-31,平板,device,苹果/iPad,iPad,iPad 10 2022款10.9,,,开机屏坏配件坏,150,元/台,,image,ipad.jpg,数码网报价单-0831更新/平板相关/ipad.jpg,1,0.98,visual_manual
20260831-04e810e4175bf58979aa-01,2026-08-31,平板,device,苹果/iPad,iPad,iPad 10 2022款10.9,,,不开机,180,元/台,,image,ipad.jpg,数码网报价单-0831更新/平板相关/ipad.jpg,1,0.98,visual_manual
20260831-4691fed90f7bdba6a0a7-01,2026-08-31,平板,device,苹果/iPad,iPad,iPad 10 2022款10.9,,,废板-整机,50,元/台,,image,ipad.jpg,数码网报价单-0831更新/平板相关/ipad.jpg,1,0.98,visual_manual
20260831-e21701e5870ca8ce33f9-01,2026-08-31,平板,device,苹果/iPad,iPad,iPad 9 2021款,,,开机屏好,400,元/台,,image,ipad.jpg,数码网报价单-0831更新/平板相关/ipad.jpg,1,0.98,visual_manual
20260831-5a279ba9b4a8af430431-01,2026-08-31,平板,device,苹果/iPad,iPad,iPad 9 2021款,,,开机屏好外屏碎,200,元/台,,image,ipad.jpg,数码网报价单-0831更新/平板相关/ipad.jpg,1,0.98,visual_manual
20260831-03d2b0c722c56e7d3e12-01,2026-08-31,平板,device,苹果/iPad,iPad,iPad 9 2021款,,,开机屏坏,200,元/台,,image,ipad.jpg,数码网报价单-0831更新/平板相关/ipad.jpg,1,0.98,visual_manual
20260831-15197925615bf9b76abe-01,2026-08-31,平板,device,苹果/iPad,iPad,iPad 9 2021款,,,开机屏坏配件坏,50,元/台,,image,ipad.jpg,数码网报价单-0831更新/平板相关/ipad.jpg,1,0.98,visual_manual
20260831-624ead1670cb73a18ed0-01,2026-08-31,平板,device,苹果/iPad,iPad,iPad 9 2021款,,,不开机,70,元/台,,image,ipad.jpg,数码网报价单-0831更新/平板相关/ipad.jpg,1,0.98,visual_manual
20260831-370b88eb7a6b04f3983e-01,2026-08-31,平板,device,苹果/iPad,iPad,iPad 9 2021款,,,废板-整机,15,元/台,,image,ipad.jpg,数码网报价单-0831更新/平板相关/ipad.jpg,1,0.98,visual_manual
20260831-1fb7bca6b5bca534c3cc-01,2026-08-31,平板,device,苹果/iPad,iPad,iPad 8 2020款10.2,,,开机屏好,300,元/台,,image,ipad.jpg,数码网报价单-0831更新/平板相关/ipad.jpg,1,0.98,visual_manual
20260831-0d05346983073e2131fb-01,2026-08-31,平板,device,苹果/iPad,iPad,iPad 8 2020款10.2,,,开机屏好外屏碎,160,元/台,,image,ipad.jpg,数码网报价单-0831更新/平板相关/ipad.jpg,1,0.98,visual_manual
20260831-a816069c0fb1031788c4-01,2026-08-31,平板,device,苹果/iPad,iPad,iPad 8 2020款10.2,,,开机屏坏,180,元/台,,image,ipad.jpg,数码网报价单-0831更新/平板相关/ipad.jpg,1,0.98,visual_manual
20260831-1c1f21c75dc77f0d74bb-01,2026-08-31,平板,device,苹果/iPad,iPad,iPad 8 2020款10.2,,,开机屏坏配件坏,15,元/台,,image,ipad.jpg,数码网报价单-0831更新/平板相关/ipad.jpg,1,0.98,visual_manual
20260831-4a5c129062de8eb90c28-01,2026-08-31,平板,device,苹果/iPad,iPad,iPad 8 2020款10.2,,,不开机,70,元/台,,image,ipad.jpg,数码网报价单-0831更新/平板相关/ipad.jpg,1,0.98,visual_manual
20260831-3e2d4133a4e5c0d800cc-01,2026-08-31,平板,device,苹果/iPad,iPad,iPad 8 2020款10.2,,,废板-整机,15,元/台,,image,ipad.jpg,数码网报价单-0831更新/平板相关/ipad.jpg,1,0.98,visual_manual
20260831-cdb7e38849eb5ce5d0f3-01,2026-08-31,平板,device,苹果/iPad,iPad,iPad 7 2019款10.2,,,开机屏好,280,元/台,,image,ipad.jpg,数码网报价单-0831更新/平板相关/ipad.jpg,1,0.98,visual_manual
20260831-d0bf12c696ff07e3f7a3-01,2026-08-31,平板,device,苹果/iPad,iPad,iPad 7 2019款10.2,,,开机屏好外屏碎,260,元/台,,image,ipad.jpg,数码网报价单-0831更新/平板相关/ipad.jpg,1,0.98,visual_manual
20260831-7d830c2aed79acfee220-01,2026-08-31,平板,device,苹果/iPad,iPad,iPad 7 2019款10.2,,,开机屏坏,60,元/台,,image,ipad.jpg,数码网报价单-0831更新/平板相关/ipad.jpg,1,0.98,visual_manual
20260831-4d154196aaaa3c29db9e-01,2026-08-31,平板,device,苹果/iPad,iPad,iPad 7 2019款10.2,,,开机屏坏配件坏,15,元/台,,image,ipad.jpg,数码网报价单-0831更新/平板相关/ipad.jpg,1,0.98,visual_manual
20260831-0b0a2eee7cf4d5b98d3d-01,2026-08-31,平板,device,苹果/iPad,iPad,iPad 7 2019款10.2,,,不开机,60,元/台,,image,ipad.jpg,数码网报价单-0831更新/平板相关/ipad.jpg,1,0.98,visual_manual
20260831-2d0d29f21ec0223b54cf-01,2026-08-31,平板,device,苹果/iPad,iPad,iPad 7 2019款10.2,,,废板-整机,15,元/台,,image,ipad.jpg,数码网报价单-0831更新/平板相关/ipad.jpg,1,0.98,visual_manual
20260831-5901c3d2444786c26c7c-01,2026-08-31,平板,device,苹果/iPad,iPad,iPad 6 2018款9.7,,,开机屏好,100,元/台,,image,ipad.jpg,数码网报价单-0831更新/平板相关/ipad.jpg,1,0.98,visual_manual
20260831-cf92d215d85eec5eff9c-01,2026-08-31,平板,device,苹果/iPad,iPad,iPad 6 2018款9.7,,,开机屏好外屏碎,80,元/台,,image,ipad.jpg,数码网报价单-0831更新/平板相关/ipad.jpg,1,0.98,visual_manual
20260831-021e6c0c006080cc1da3-01,2026-08-31,平板,device,苹果/iPad,iPad,iPad 6 2018款9.7,,,开机屏坏,40,元/台,,image,ipad.jpg,数码网报价单-0831更新/平板相关/ipad.jpg,1,0.98,visual_manual
20260831-b96f5f0e5a8fba897bb2-01,2026-08-31,平板,device,苹果/iPad,iPad,iPad 6 2018款9.7,,,开机屏坏配件坏,15,元/台,,image,ipad.jpg,数码网报价单-0831更新/平板相关/ipad.jpg,1,0.98,visual_manual
20260831-a82b147a58a6199b054c-01,2026-08-31,平板,device,苹果/iPad,iPad,iPad 6 2018款9.7,,,不开机,30,元/台,,image,ipad.jpg,数码网报价单-0831更新/平板相关/ipad.jpg,1,0.98,visual_manual
20260831-dd2759bd02fac64bacd4-01,2026-08-31,平板,device,苹果/iPad,iPad,iPad 6 2018款9.7,,,废板-整机,15,元/台,,image,ipad.jpg,数码网报价单-0831更新/平板相关/ipad.jpg,1,0.98,visual_manual
20260831-83e3252f6ebea4437eac-01,2026-08-31,平板,device,苹果/iPad,iPad,iPad5 2017款9.7,,,开机屏好,100,元/台,,image,ipad.jpg,数码网报价单-0831更新/平板相关/ipad.jpg,1,0.98,visual_manual
20260831-d897a337ce4a46ce5f3d-01,2026-08-31,平板,device,苹果/iPad,iPad,iPad5 2017款9.7,,,开机屏好外屏碎,100,元/台,,image,ipad.jpg,数码网报价单-0831更新/平板相关/ipad.jpg,1,0.98,visual_manual
20260831-fa9896810e42fb603c3c-01,2026-08-31,平板,device,苹果/iPad,iPad,iPad5 2017款9.7,,,开机屏坏,15,元/台,,image,ipad.jpg,数码网报价单-0831更新/平板相关/ipad.jpg,1,0.98,visual_manual
20260831-9c6bfe2e9f4fe1d5ac6e-01,2026-08-31,平板,device,苹果/iPad,iPad,iPad5 2017款9.7,,,开机屏坏配件坏,15,元/台,,image,ipad.jpg,数码网报价单-0831更新/平板相关/ipad.jpg,1,0.98,visual_manual
20260831-a69ca613aa2a084ddf7c-01,2026-08-31,平板,device,苹果/iPad,iPad,iPad5 2017款9.7,,,不开机,15,元/台,,image,ipad.jpg,数码网报价单-0831更新/平板相关/ipad.jpg,1,0.98,visual_manual
20260831-9f74ca771fd4bd4e22bd-01,2026-08-31,平板,device,苹果/iPad,iPad,iPad5 2017款9.7,,,废板-整机,15,元/台,,image,ipad.jpg,数码网报价单-0831更新/平板相关/ipad.jpg,1,0.98,visual_manual
20260831-0c559bb573e88a298665-01,2026-08-31,平板,device,苹果/iPad,iPad,iPad4 9.7寸,,,开机屏好,45,元/台,,image,ipad.jpg,数码网报价单-0831更新/平板相关/ipad.jpg,1,0.98,visual_manual
20260831-59af5b3498c3920a4619-01,2026-08-31,平板,device,苹果/iPad,iPad,iPad4 9.7寸,,,开机屏好外屏碎,40,元/台,,image,ipad.jpg,数码网报价单-0831更新/平板相关/ipad.jpg,1,0.98,visual_manual
20260831-8c92d8ca851cb85e7b1b-01,2026-08-31,平板,device,苹果/iPad,iPad,iPad4 9.7寸,,,开机屏坏,15,元/台,,image,ipad.jpg,数码网报价单-0831更新/平板相关/ipad.jpg,1,0.98,visual_manual
20260831-c4fb115d549ad4c3ddca-01,2026-08-31,平板,device,苹果/iPad,iPad,iPad4 9.7寸,,,开机屏坏配件坏,15,元/台,,image,ipad.jpg,数码网报价单-0831更新/平板相关/ipad.jpg,1,0.98,visual_manual
20260831-15b38cae57ceafb78f50-01,2026-08-31,平板,device,苹果/iPad,iPad,iPad4 9.7寸,,,不开机,40,元/台,,image,ipad.jpg,数码网报价单-0831更新/平板相关/ipad.jpg,1,0.98,visual_manual
20260831-2e0da1aac4ba0bdfea6f-01,2026-08-31,平板,device,苹果/iPad,iPad,iPad4 9.7寸,,,废板-整机,15,元/台,,image,ipad.jpg,数码网报价单-0831更新/平板相关/ipad.jpg,1,0.98,visual_manual
20260831-c910b5bda3d63e0e64b8-01,2026-08-31,平板,device,苹果/iPad,iPad,iPad3,,,开机屏好,45,元/台,,image,ipad.jpg,数码网报价单-0831更新/平板相关/ipad.jpg,1,0.98,visual_manual
20260831-0a3d49ea9dd16b399271-01,2026-08-31,平板,device,苹果/iPad,iPad,iPad3,,,开机屏好外屏碎,40,元/台,,image,ipad.jpg,数码网报价单-0831更新/平板相关/ipad.jpg,1,0.98,visual_manual
20260831-f0dcaca620ff46f46967-01,2026-08-31,平板,device,苹果/iPad,iPad,iPad3,,,开机屏坏,15,元/台,,image,ipad.jpg,数码网报价单-0831更新/平板相关/ipad.jpg,1,0.98,visual_manual
20260831-18626c587b9b24518af1-01,2026-08-31,平板,device,苹果/iPad,iPad,iPad3,,,开机屏坏配件坏,15,元/台,,image,ipad.jpg,数码网报价单-0831更新/平板相关/ipad.jpg,1,0.98,visual_manual
20260831-0d33d4b70a6692acb159-01,2026-08-31,平板,device,苹果/iPad,iPad,iPad3,,,不开机,40,元/台,,image,ipad.jpg,数码网报价单-0831更新/平板相关/ipad.jpg,1,0.98,visual_manual
20260831-a00d634cfabeedc0a634-01,2026-08-31,平板,device,苹果/iPad,iPad,iPad3,,,废板-整机,15,元/台,,image,ipad.jpg,数码网报价单-0831更新/平板相关/ipad.jpg,1,0.98,visual_manual
20260831-3abf10e98a1ca12d99da-01,2026-08-31,平板,device,苹果/iPad,iPad,iPad2,,,开机屏好,45,元/台,,image,ipad.jpg,数码网报价单-0831更新/平板相关/ipad.jpg,1,0.98,visual_manual
20260831-9962fa9611e70914bae0-01,2026-08-31,平板,device,苹果/iPad,iPad,iPad2,,,开机屏好外屏碎,40,元/台,,image,ipad.jpg,数码网报价单-0831更新/平板相关/ipad.jpg,1,0.98,visual_manual
20260831-803fbbc9f412a10560e6-01,2026-08-31,平板,device,苹果/iPad,iPad,iPad2,,,开机屏坏,15,元/台,,image,ipad.jpg,数码网报价单-0831更新/平板相关/ipad.jpg,1,0.98,visual_manual
20260831-7412d6ec6930560ebd0a-01,2026-08-31,平板,device,苹果/iPad,iPad,iPad2,,,开机屏坏配件坏,15,元/台,,image,ipad.jpg,数码网报价单-0831更新/平板相关/ipad.jpg,1,0.98,visual_manual
20260831-13eefeea40be54325d47-01,2026-08-31,平板,device,苹果/iPad,iPad,iPad2,,,不开机,40,元/台,,image,ipad.jpg,数码网报价单-0831更新/平板相关/ipad.jpg,1,0.98,visual_manual
20260831-96e1916404f77c154ead-01,2026-08-31,平板,device,苹果/iPad,iPad,iPad2,,,废板-整机,15,元/台,,image,ipad.jpg,数码网报价单-0831更新/平板相关/ipad.jpg,1,0.98,visual_manual
20260831-38ea41929644c4b6ac67-01,2026-08-31,平板,device,苹果/iPad,iPad,iPad1,,,开机屏好,70,元/台,,image,ipad.jpg,数码网报价单-0831更新/平板相关/ipad.jpg,1,0.98,visual_manual
20260831-ba183de1955ae1e572a5-01,2026-08-31,平板,device,苹果/iPad,iPad,iPad1,,,开机屏好外屏碎,70,元/台,,image,ipad.jpg,数码网报价单-0831更新/平板相关/ipad.jpg,1,0.98,visual_manual
20260831-db34526ced82e429bb29-01,2026-08-31,平板,device,苹果/iPad,iPad,iPad1,,,开机屏坏,15,元/台,,image,ipad.jpg,数码网报价单-0831更新/平板相关/ipad.jpg,1,0.98,visual_manual
20260831-aa131075e0206088220a-01,2026-08-31,平板,device,苹果/iPad,iPad,iPad1,,,开机屏坏配件坏,15,元/台,,image,ipad.jpg,数码网报价单-0831更新/平板相关/ipad.jpg,1,0.98,visual_manual
20260831-840b44b269d1b672a112-01,2026-08-31,平板,device,苹果/iPad,iPad,iPad1,,,不开机,70,元/台,,image,ipad.jpg,数码网报价单-0831更新/平板相关/ipad.jpg,1,0.98,visual_manual
20260831-e974aa6b9a36469ec2ed-01,2026-08-31,平板,device,苹果/iPad,iPad,iPad1,,,废板-整机,15,元/台,,image,ipad.jpg,数码网报价单-0831更新/平板相关/ipad.jpg,1,0.98,visual_manual
20260831-8bf59a0816626ea7dee8-01,2026-08-31,平板,device,苹果/iPad,iPad,mini6,,,开机屏好,1300,元/台,,image,ipad.jpg,数码网报价单-0831更新/平板相关/ipad.jpg,1,0.98,visual_manual
20260831-7c0ee04bac535a64675f-01,2026-08-31,平板,device,苹果/iPad,iPad,mini6,,,开机屏好外屏碎,600,元/台,,image,ipad.jpg,数码网报价单-0831更新/平板相关/ipad.jpg,1,0.98,visual_manual
20260831-bd17457d219e6d05ded8-01,2026-08-31,平板,device,苹果/iPad,iPad,mini6,,,开机屏坏,180,元/台,,image,ipad.jpg,数码网报价单-0831更新/平板相关/ipad.jpg,1,0.98,visual_manual
20260831-180f3126d0aa2f5b3c94-01,2026-08-31,平板,device,苹果/iPad,iPad,mini6,,,开机屏坏配件坏,70,元/台,,image,ipad.jpg,数码网报价单-0831更新/平板相关/ipad.jpg,1,0.98,visual_manual
20260831-692a2a595004873809e9-01,2026-08-31,平板,device,苹果/iPad,iPad,mini6,,,不开机,180,元/台,,image,ipad.jpg,数码网报价单-0831更新/平板相关/ipad.jpg,1,0.98,visual_manual
20260831-5352ca99d9a0803bbc11-01,2026-08-31,平板,device,苹果/iPad,iPad,mini6,,,废板-整机,15,元/台,,image,ipad.jpg,数码网报价单-0831更新/平板相关/ipad.jpg,1,0.98,visual_manual
20260831-246f0e556a931a794738-01,2026-08-31,平板,device,苹果/iPad,iPad,mini5,,,开机屏好,300,元/台,,image,ipad.jpg,数码网报价单-0831更新/平板相关/ipad.jpg,1,0.98,visual_manual
20260831-9427bda5894e65c0158f-01,2026-08-31,平板,device,苹果/iPad,iPad,mini5,,,开机屏好外屏碎,90,元/台,,image,ipad.jpg,数码网报价单-0831更新/平板相关/ipad.jpg,1,0.98,visual_manual
20260831-0fa1601324bd8961fcf8-01,2026-08-31,平板,device,苹果/iPad,iPad,mini5,,,开机屏坏,15,元/台,,image,ipad.jpg,数码网报价单-0831更新/平板相关/ipad.jpg,1,0.98,visual_manual
20260831-5c1523aa9b21acc2ccfc-01,2026-08-31,平板,device,苹果/iPad,iPad,mini5,,,开机屏坏配件坏,15,元/台,,image,ipad.jpg,数码网报价单-0831更新/平板相关/ipad.jpg,1,0.98,visual_manual
20260831-ae27abbfd8fcbde879f5-01,2026-08-31,平板,device,苹果/iPad,iPad,mini5,,,不开机,15,元/台,,image,ipad.jpg,数码网报价单-0831更新/平板相关/ipad.jpg,1,0.98,visual_manual
20260831-e8f40d00a09a64eb29c6-01,2026-08-31,平板,device,苹果/iPad,iPad,mini5,,,废板-整机,15,元/台,,image,ipad.jpg,数码网报价单-0831更新/平板相关/ipad.jpg,1,0.98,visual_manual
20260831-790052b67a21c834978c-01,2026-08-31,平板,device,苹果/iPad,iPad,mini4,,,开机屏好,50,元/台,,image,ipad.jpg,数码网报价单-0831更新/平板相关/ipad.jpg,1,0.98,visual_manual
20260831-8d1ba94143230a5e1d92-01,2026-08-31,平板,device,苹果/iPad,iPad,mini4,,,开机屏好外屏碎,50,元/台,,image,ipad.jpg,数码网报价单-0831更新/平板相关/ipad.jpg,1,0.98,visual_manual
20260831-f83193ebc5c679cefc29-01,2026-08-31,平板,device,苹果/iPad,iPad,mini4,,,开机屏坏,15,元/台,,image,ipad.jpg,数码网报价单-0831更新/平板相关/ipad.jpg,1,0.98,visual_manual
20260831-381781849f37cfa441f6-01,2026-08-31,平板,device,苹果/iPad,iPad,mini4,,,开机屏坏配件坏,15,元/台,,image,ipad.jpg,数码网报价单-0831更新/平板相关/ipad.jpg,1,0.98,visual_manual
20260831-66261939c62298bd1ea2-01,2026-08-31,平板,device,苹果/iPad,iPad,mini4,,,不开机,15,元/台,,image,ipad.jpg,数码网报价单-0831更新/平板相关/ipad.jpg,1,0.98,visual_manual
20260831-69fcbbef9fb6eec596dc-01,2026-08-31,平板,device,苹果/iPad,iPad,mini4,,,废板-整机,15,元/台,,image,ipad.jpg,数码网报价单-0831更新/平板相关/ipad.jpg,1,0.98,visual_manual
20260831-9d582cd7357bca3b9719-01,2026-08-31,平板,device,苹果/iPad,iPad,mini3,,,开机屏好,40,元/台,,image,ipad.jpg,数码网报价单-0831更新/平板相关/ipad.jpg,1,0.98,visual_manual
20260831-fc73d4d18b1edd15421b-01,2026-08-31,平板,device,苹果/iPad,iPad,mini3,,,开机屏好外屏碎,35,元/台,,image,ipad.jpg,数码网报价单-0831更新/平板相关/ipad.jpg,1,0.98,visual_manual
20260831-6c1e161db5f04cd026ad-01,2026-08-31,平板,device,苹果/iPad,iPad,mini3,,,开机屏坏,15,元/台,,image,ipad.jpg,数码网报价单-0831更新/平板相关/ipad.jpg,1,0.98,visual_manual
20260831-e7520fbf146a75ddac34-01,2026-08-31,平板,device,苹果/iPad,iPad,mini3,,,开机屏坏配件坏,15,元/台,,image,ipad.jpg,数码网报价单-0831更新/平板相关/ipad.jpg,1,0.98,visual_manual
20260831-c04bcc63576980d99175-01,2026-08-31,平板,device,苹果/iPad,iPad,mini3,,,不开机,15,元/台,,image,ipad.jpg,数码网报价单-0831更新/平板相关/ipad.jpg,1,0.98,visual_manual
20260831-e886dddf09acb49ff81e-01,2026-08-31,平板,device,苹果/iPad,iPad,mini3,,,废板-整机,15,元/台,,image,ipad.jpg,数码网报价单-0831更新/平板相关/ipad.jpg,1,0.98,visual_manual
20260831-dabe24e51970fc11a8af-01,2026-08-31,平板,device,苹果/iPad,iPad,mini2,,,开机屏好,40,元/台,,image,ipad.jpg,数码网报价单-0831更新/平板相关/ipad.jpg,1,0.98,visual_manual
20260831-3acc6abe7117ef2d712f-01,2026-08-31,平板,device,苹果/iPad,iPad,mini2,,,开机屏好外屏碎,35,元/台,,image,ipad.jpg,数码网报价单-0831更新/平板相关/ipad.jpg,1,0.98,visual_manual
20260831-742e8c2a0883cbcd051c-01,2026-08-31,平板,device,苹果/iPad,iPad,mini2,,,开机屏坏,15,元/台,,image,ipad.jpg,数码网报价单-0831更新/平板相关/ipad.jpg,1,0.98,visual_manual
20260831-8b3c2b005cedaad388a2-01,2026-08-31,平板,device,苹果/iPad,iPad,mini2,,,开机屏坏配件坏,15,元/台,,image,ipad.jpg,数码网报价单-0831更新/平板相关/ipad.jpg,1,0.98,visual_manual
20260831-9e5874ccdcb037f263f6-01,2026-08-31,平板,device,苹果/iPad,iPad,mini2,,,不开机,15,元/台,,image,ipad.jpg,数码网报价单-0831更新/平板相关/ipad.jpg,1,0.98,visual_manual
20260831-39b1ad82c7176f78c601-01,2026-08-31,平板,device,苹果/iPad,iPad,mini2,,,废板-整机,15,元/台,,image,ipad.jpg,数码网报价单-0831更新/平板相关/ipad.jpg,1,0.98,visual_manual
20260831-074b1803afdc568bfa4d-01,2026-08-31,平板,device,苹果/iPad,iPad,mini1,,,开机屏好,30,元/台,,image,ipad.jpg,数码网报价单-0831更新/平板相关/ipad.jpg,1,0.98,visual_manual
20260831-9402c02fc1fa0af7ce63-01,2026-08-31,平板,device,苹果/iPad,iPad,mini1,,,开机屏好外屏碎,30,元/台,,image,ipad.jpg,数码网报价单-0831更新/平板相关/ipad.jpg,1,0.98,visual_manual
20260831-7f84d57d5ba32f235cc4-01,2026-08-31,平板,device,苹果/iPad,iPad,mini1,,,开机屏坏,15,元/台,,image,ipad.jpg,数码网报价单-0831更新/平板相关/ipad.jpg,1,0.98,visual_manual
20260831-2d3f9f2b392a179bb3c9-01,2026-08-31,平板,device,苹果/iPad,iPad,mini1,,,开机屏坏配件坏,15,元/台,,image,ipad.jpg,数码网报价单-0831更新/平板相关/ipad.jpg,1,0.98,visual_manual
20260831-850b0976eeac221c170f-01,2026-08-31,平板,device,苹果/iPad,iPad,mini1,,,不开机,15,元/台,,image,ipad.jpg,数码网报价单-0831更新/平板相关/ipad.jpg,1,0.98,visual_manual
20260831-e7953aceccdd56d83dbd-01,2026-08-31,平板,device,苹果/iPad,iPad,mini1,,,废板-整机,15,元/台,,image,ipad.jpg,数码网报价单-0831更新/平板相关/ipad.jpg,1,0.98,visual_manual
20260831-d4c4f77b4074299e7348-01,2026-08-31,平板,device,三星,T系列,T957,,,开机屏好,20,元/台,,image,三星平板.jpg,数码网报价单-0831更新/平板相关/三星平板.jpg,1,0.98,visual_manual
20260831-1b49114815014c117f77-01,2026-08-31,平板,device,三星,T系列,T957,,,开机屏坏,20,元/台,,image,三星平板.jpg,数码网报价单-0831更新/平板相关/三星平板.jpg,1,0.98,visual_manual
20260831-6bc3cd9c7688461f29cb-01,2026-08-31,平板,device,三星,T系列,T957,,,不开机,20,元/台,,image,三星平板.jpg,数码网报价单-0831更新/平板相关/三星平板.jpg,1,0.98,visual_manual
20260831-eb55e6e82e976a33c819-01,2026-08-31,平板,device,三星,T系列,T957,,,废板-整机,20,元/台,,image,三星平板.jpg,数码网报价单-0831更新/平板相关/三星平板.jpg,1,0.98,visual_manual
20260831-eb43212a734a22e08976-01,2026-08-31,平板,device,三星,T系列,T900,,,开机屏好,40,元/台,,image,三星平板.jpg,数码网报价单-0831更新/平板相关/三星平板.jpg,1,0.98,visual_manual
20260831-9f41b35852f9127db4f0-01,2026-08-31,平板,device,三星,T系列,T900,,,开机屏坏,20,元/台,,image,三星平板.jpg,数码网报价单-0831更新/平板相关/三星平板.jpg,1,0.98,visual_manual
20260831-92c71dff20280044ee57-01,2026-08-31,平板,device,三星,T系列,T900,,,不开机,20,元/台,,image,三星平板.jpg,数码网报价单-0831更新/平板相关/三星平板.jpg,1,0.98,visual_manual
20260831-4ff708f8683b51bbded1-01,2026-08-31,平板,device,三星,T系列,T900,,,废板-整机,20,元/台,,image,三星平板.jpg,数码网报价单-0831更新/平板相关/三星平板.jpg,1,0.98,visual_manual
20260831-51e02e99c29888440d10-01,2026-08-31,平板,device,三星,T系列,T825,,,开机屏好,60,元/台,,image,三星平板.jpg,数码网报价单-0831更新/平板相关/三星平板.jpg,1,0.98,visual_manual
20260831-4655a9868abf0769f630-01,2026-08-31,平板,device,三星,T系列,T825,,,开机屏坏,20,元/台,,image,三星平板.jpg,数码网报价单-0831更新/平板相关/三星平板.jpg,1,0.98,visual_manual
20260831-3f639729673445c4ee4f-01,2026-08-31,平板,device,三星,T系列,T825,,,不开机,20,元/台,,image,三星平板.jpg,数码网报价单-0831更新/平板相关/三星平板.jpg,1,0.98,visual_manual
20260831-308f302034e9afe5d806-01,2026-08-31,平板,device,三星,T系列,T825,,,废板-整机,20,元/台,,image,三星平板.jpg,数码网报价单-0831更新/平板相关/三星平板.jpg,1,0.98,visual_manual
20260831-39f5ccc7fcab3449eb56-01,2026-08-31,平板,device,三星,T系列,T820,,,开机屏好,60,元/台,,image,三星平板.jpg,数码网报价单-0831更新/平板相关/三星平板.jpg,1,0.98,visual_manual
20260831-6c59c6d5845303ede06d-01,2026-08-31,平板,device,三星,T系列,T820,,,开机屏坏,20,元/台,,image,三星平板.jpg,数码网报价单-0831更新/平板相关/三星平板.jpg,1,0.98,visual_manual
20260831-52aac21203022b1d82bf-01,2026-08-31,平板,device,三星,T系列,T820,,,不开机,20,元/台,,image,三星平板.jpg,数码网报价单-0831更新/平板相关/三星平板.jpg,1,0.98,visual_manual
20260831-749f2b7e6395b55349d3-01,2026-08-31,平板,device,三星,T系列,T820,,,废板-整机,20,元/台,,image,三星平板.jpg,数码网报价单-0831更新/平板相关/三星平板.jpg,1,0.98,visual_manual
20260831-d7276109d6f0dde520bc-01,2026-08-31,平板,device,三星,T系列,T819c,,,开机屏好,60,元/台,,image,三星平板.jpg,数码网报价单-0831更新/平板相关/三星平板.jpg,1,0.98,visual_manual
20260831-c8d1ccffc36375178b25-01,2026-08-31,平板,device,三星,T系列,T819c,,,开机屏坏,20,元/台,,image,三星平板.jpg,数码网报价单-0831更新/平板相关/三星平板.jpg,1,0.98,visual_manual
20260831-af94841a05869ecada06-01,2026-08-31,平板,device,三星,T系列,T819c,,,不开机,20,元/台,,image,三星平板.jpg,数码网报价单-0831更新/平板相关/三星平板.jpg,1,0.98,visual_manual
20260831-6ef3253759fba4b2dc1f-01,2026-08-31,平板,device,三星,T系列,T819c,,,废板-整机,20,元/台,,image,三星平板.jpg,数码网报价单-0831更新/平板相关/三星平板.jpg,1,0.98,visual_manual
20260831-40050b71cde175d3d33b-01,2026-08-31,平板,device,三星,T系列,T815c,,,开机屏好,60,元/台,,image,三星平板.jpg,数码网报价单-0831更新/平板相关/三星平板.jpg,1,0.98,visual_manual
20260831-288c436c2043f14d0f1c-01,2026-08-31,平板,device,三星,T系列,T815c,,,开机屏坏,20,元/台,,image,三星平板.jpg,数码网报价单-0831更新/平板相关/三星平板.jpg,1,0.98,visual_manual
20260831-5a27af4dfe95193518f7-01,2026-08-31,平板,device,三星,T系列,T815c,,,不开机,20,元/台,,image,三星平板.jpg,数码网报价单-0831更新/平板相关/三星平板.jpg,1,0.98,visual_manual
20260831-a0e45b28ca39b56a044f-01,2026-08-31,平板,device,三星,T系列,T815c,,,废板-整机,20,元/台,,image,三星平板.jpg,数码网报价单-0831更新/平板相关/三星平板.jpg,1,0.98,visual_manual
20260831-fe5a1f797e94728c86c0-01,2026-08-31,平板,device,三星,T系列,T813,,,开机屏好,60,元/台,,image,三星平板.jpg,数码网报价单-0831更新/平板相关/三星平板.jpg,1,0.98,visual_manual
20260831-d23db0375b9078716522-01,2026-08-31,平板,device,三星,T系列,T813,,,开机屏坏,20,元/台,,image,三星平板.jpg,数码网报价单-0831更新/平板相关/三星平板.jpg,1,0.98,visual_manual
20260831-f6c50d12f268c68c4cc6-01,2026-08-31,平板,device,三星,T系列,T813,,,不开机,20,元/台,,image,三星平板.jpg,数码网报价单-0831更新/平板相关/三星平板.jpg,1,0.98,visual_manual
20260831-0132906c927c23b7b00a-01,2026-08-31,平板,device,三星,T系列,T813,,,废板-整机,20,元/台,,image,三星平板.jpg,数码网报价单-0831更新/平板相关/三星平板.jpg,1,0.98,visual_manual
20260831-5d5f8508894da63cbff5-01,2026-08-31,平板,device,三星,T系列,T810,,,开机屏好,60,元/台,,image,三星平板.jpg,数码网报价单-0831更新/平板相关/三星平板.jpg,1,0.98,visual_manual
20260831-4fbac404a60abd894944-01,2026-08-31,平板,device,三星,T系列,T810,,,开机屏坏,20,元/台,,image,三星平板.jpg,数码网报价单-0831更新/平板相关/三星平板.jpg,1,0.98,visual_manual
20260831-4247fbbcb9ecd6d08691-01,2026-08-31,平板,device,三星,T系列,T810,,,不开机,20,元/台,,image,三星平板.jpg,数码网报价单-0831更新/平板相关/三星平板.jpg,1,0.98,visual_manual
20260831-dcc65551ac876558c310-01,2026-08-31,平板,device,三星,T系列,T810,,,废板-整机,20,元/台,,image,三星平板.jpg,数码网报价单-0831更新/平板相关/三星平板.jpg,1,0.98,visual_manual
20260831-a9bfa63d99df93fd0225-01,2026-08-31,平板,device,三星,T系列,T805C,,,开机屏好,35,元/台,,image,三星平板.jpg,数码网报价单-0831更新/平板相关/三星平板.jpg,1,0.98,visual_manual
20260831-48c2fbcfc34e0e68cbb5-01,2026-08-31,平板,device,三星,T系列,T805C,,,开机屏坏,20,元/台,,image,三星平板.jpg,数码网报价单-0831更新/平板相关/三星平板.jpg,1,0.98,visual_manual
20260831-d3546e0902bb696a9eb0-01,2026-08-31,平板,device,三星,T系列,T805C,,,不开机,20,元/台,,image,三星平板.jpg,数码网报价单-0831更新/平板相关/三星平板.jpg,1,0.98,visual_manual
20260831-14209be7dbad508b23da-01,2026-08-31,平板,device,三星,T系列,T805C,,,废板-整机,20,元/台,,image,三星平板.jpg,数码网报价单-0831更新/平板相关/三星平板.jpg,1,0.98,visual_manual
20260831-03f52c40fb091d08d065-01,2026-08-31,平板,device,三星,T系列,T800,,,开机屏好,35,元/台,,image,三星平板.jpg,数码网报价单-0831更新/平板相关/三星平板.jpg,1,0.98,visual_manual
20260831-fb1d7b120f8c25da8be8-01,2026-08-31,平板,device,三星,T系列,T800,,,开机屏坏,20,元/台,,image,三星平板.jpg,数码网报价单-0831更新/平板相关/三星平板.jpg,1,0.98,visual_manual
20260831-434ffb310fc757d0479c-01,2026-08-31,平板,device,三星,T系列,T800,,,不开机,20,元/台,,image,三星平板.jpg,数码网报价单-0831更新/平板相关/三星平板.jpg,1,0.98,visual_manual
20260831-03cceb0f6c0415bc864b-01,2026-08-31,平板,device,三星,T系列,T800,,,废板-整机,20,元/台,,image,三星平板.jpg,数码网报价单-0831更新/平板相关/三星平板.jpg,1,0.98,visual_manual
20260831-3c6068dee223495b8a9c-01,2026-08-31,平板,device,三星,T系列,T715c,,,开机屏好,30,元/台,,image,三星平板.jpg,数码网报价单-0831更新/平板相关/三星平板.jpg,1,0.98,visual_manual
20260831-caf68da056ff6ded1e05-01,2026-08-31,平板,device,三星,T系列,T715c,,,开机屏坏,20,元/台,,image,三星平板.jpg,数码网报价单-0831更新/平板相关/三星平板.jpg,1,0.98,visual_manual
20260831-47f3eb9644a7ca3dba8b-01,2026-08-31,平板,device,三星,T系列,T715c,,,不开机,20,元/台,,image,三星平板.jpg,数码网报价单-0831更新/平板相关/三星平板.jpg,1,0.98,visual_manual
20260831-ee87ce58e30c2ad7ae26-01,2026-08-31,平板,device,三星,T系列,T715c,,,废板-整机,20,元/台,,image,三星平板.jpg,数码网报价单-0831更新/平板相关/三星平板.jpg,1,0.98,visual_manual
20260831-fa37021948c52d8a39e3-01,2026-08-31,平板,device,三星,T系列,T713,,,开机屏好,30,元/台,,image,三星平板.jpg,数码网报价单-0831更新/平板相关/三星平板.jpg,1,0.98,visual_manual
20260831-234c5e330084c314333d-01,2026-08-31,平板,device,三星,T系列,T713,,,开机屏坏,20,元/台,,image,三星平板.jpg,数码网报价单-0831更新/平板相关/三星平板.jpg,1,0.98,visual_manual
20260831-e4043693b1c2d0f9c694-01,2026-08-31,平板,device,三星,T系列,T713,,,不开机,20,元/台,,image,三星平板.jpg,数码网报价单-0831更新/平板相关/三星平板.jpg,1,0.98,visual_manual
20260831-75abcccb4f607097d8a4-01,2026-08-31,平板,device,三星,T系列,T713,,,废板-整机,20,元/台,,image,三星平板.jpg,数码网报价单-0831更新/平板相关/三星平板.jpg,1,0.98,visual_manual
20260831-0cb0db5155516918301d-01,2026-08-31,平板,device,三星,T系列,T710,,,开机屏好,30,元/台,,image,三星平板.jpg,数码网报价单-0831更新/平板相关/三星平板.jpg,1,0.98,visual_manual
20260831-1ab8adadf582ec178f51-01,2026-08-31,平板,device,三星,T系列,T710,,,开机屏坏,20,元/台,,image,三星平板.jpg,数码网报价单-0831更新/平板相关/三星平板.jpg,1,0.98,visual_manual
20260831-a43c89c143e21de77da6-01,2026-08-31,平板,device,三星,T系列,T710,,,不开机,20,元/台,,image,三星平板.jpg,数码网报价单-0831更新/平板相关/三星平板.jpg,1,0.98,visual_manual
20260831-c04b9610a6356ced32b2-01,2026-08-31,平板,device,三星,T系列,T710,,,废板-整机,20,元/台,,image,三星平板.jpg,数码网报价单-0831更新/平板相关/三星平板.jpg,1,0.98,visual_manual
20260831-5617d74e73c67bb07cb0-01,2026-08-31,平板,device,三星,T系列,T705C,,,开机屏好,30,元/台,,image,三星平板.jpg,数码网报价单-0831更新/平板相关/三星平板.jpg,1,0.98,visual_manual
20260831-db231de97ad1cc409f79-01,2026-08-31,平板,device,三星,T系列,T705C,,,开机屏坏,20,元/台,,image,三星平板.jpg,数码网报价单-0831更新/平板相关/三星平板.jpg,1,0.98,visual_manual
20260831-7d77723fc819b3f11f86-01,2026-08-31,平板,device,三星,T系列,T705C,,,不开机,20,元/台,,image,三星平板.jpg,数码网报价单-0831更新/平板相关/三星平板.jpg,1,0.98,visual_manual
20260831-ff792287ae49b7b94989-01,2026-08-31,平板,device,三星,T系列,T705C,,,废板-整机,20,元/台,,image,三星平板.jpg,数码网报价单-0831更新/平板相关/三星平板.jpg,1,0.98,visual_manual
20260831-cab57ed903f41d613da1-01,2026-08-31,平板,device,三星,T系列,T705,,,开机屏好,30,元/台,,image,三星平板.jpg,数码网报价单-0831更新/平板相关/三星平板.jpg,1,0.98,visual_manual
20260831-e7a4f37d50e969b5ad1b-01,2026-08-31,平板,device,三星,T系列,T705,,,开机屏坏,20,元/台,,image,三星平板.jpg,数码网报价单-0831更新/平板相关/三星平板.jpg,1,0.98,visual_manual
20260831-cfca40caa42423ad1bd3-01,2026-08-31,平板,device,三星,T系列,T705,,,不开机,20,元/台,,image,三星平板.jpg,数码网报价单-0831更新/平板相关/三星平板.jpg,1,0.98,visual_manual
20260831-fc513103d706e4d240e4-01,2026-08-31,平板,device,三星,T系列,T705,,,废板-整机,20,元/台,,image,三星平板.jpg,数码网报价单-0831更新/平板相关/三星平板.jpg,1,0.98,visual_manual
20260831-fb33ec1e82e8dd94f909-01,2026-08-31,平板,device,三星,T系列,T700,,,开机屏好,30,元/台,,image,三星平板.jpg,数码网报价单-0831更新/平板相关/三星平板.jpg,1,0.98,visual_manual
20260831-f0d8c18de77dd7f32827-01,2026-08-31,平板,device,三星,T系列,T700,,,开机屏坏,20,元/台,,image,三星平板.jpg,数码网报价单-0831更新/平板相关/三星平板.jpg,1,0.98,visual_manual
20260831-d7f4e81d95bc0d0da96d-01,2026-08-31,平板,device,三星,T系列,T700,,,不开机,20,元/台,,image,三星平板.jpg,数码网报价单-0831更新/平板相关/三星平板.jpg,1,0.98,visual_manual
20260831-5b7dac8888b0f4621445-01,2026-08-31,平板,device,三星,T系列,T700,,,废板-整机,20,元/台,,image,三星平板.jpg,数码网报价单-0831更新/平板相关/三星平板.jpg,1,0.98,visual_manual
20260831-f3ea2654e27310c83083-01,2026-08-31,平板,device,三星,T系列,T585c,,,开机屏好,25,元/台,,image,三星平板.jpg,数码网报价单-0831更新/平板相关/三星平板.jpg,1,0.98,visual_manual
20260831-806b3b4ff4149c9f0b48-01,2026-08-31,平板,device,三星,T系列,T585c,,,开机屏坏,20,元/台,,image,三星平板.jpg,数码网报价单-0831更新/平板相关/三星平板.jpg,1,0.98,visual_manual
20260831-55494e7318e2c8349bc9-01,2026-08-31,平板,device,三星,T系列,T585c,,,不开机,20,元/台,,image,三星平板.jpg,数码网报价单-0831更新/平板相关/三星平板.jpg,1,0.98,visual_manual
20260831-7a7f5f71a884b2e1f3b2-01,2026-08-31,平板,device,三星,T系列,T585c,,,废板-整机,20,元/台,,image,三星平板.jpg,数码网报价单-0831更新/平板相关/三星平板.jpg,1,0.98,visual_manual
20260831-21ece0a80563117002ba-01,2026-08-31,平板,device,三星,T系列,T580,,,开机屏好,25,元/台,,image,三星平板.jpg,数码网报价单-0831更新/平板相关/三星平板.jpg,1,0.98,visual_manual
20260831-a6f9a405483275f530bf-01,2026-08-31,平板,device,三星,T系列,T580,,,开机屏坏,20,元/台,,image,三星平板.jpg,数码网报价单-0831更新/平板相关/三星平板.jpg,1,0.98,visual_manual
20260831-764edf80b7137c80cb33-01,2026-08-31,平板,device,三星,T系列,T580,,,不开机,20,元/台,,image,三星平板.jpg,数码网报价单-0831更新/平板相关/三星平板.jpg,1,0.98,visual_manual
20260831-e29f8b6551b28bb211c5-01,2026-08-31,平板,device,三星,T系列,T580,,,废板-整机,20,元/台,,image,三星平板.jpg,数码网报价单-0831更新/平板相关/三星平板.jpg,1,0.98,visual_manual
20260831-048002086660fea00115-01,2026-08-31,平板,device,三星,T系列,T561,,,开机屏好,25,元/台,,image,三星平板.jpg,数码网报价单-0831更新/平板相关/三星平板.jpg,1,0.98,visual_manual
20260831-1c38d84ac5f03cb87f86-01,2026-08-31,平板,device,三星,T系列,T561,,,开机屏坏,20,元/台,,image,三星平板.jpg,数码网报价单-0831更新/平板相关/三星平板.jpg,1,0.98,visual_manual
20260831-eaa08bf5aaf3c47864f7-01,2026-08-31,平板,device,三星,T系列,T561,,,不开机,20,元/台,,image,三星平板.jpg,数码网报价单-0831更新/平板相关/三星平板.jpg,1,0.98,visual_manual
20260831-c2ffd2a1bc38429980f9-01,2026-08-31,平板,device,三星,T系列,T561,,,废板-整机,20,元/台,,image,三星平板.jpg,数码网报价单-0831更新/平板相关/三星平板.jpg,1,0.98,visual_manual
20260831-fd4f54b59abe003fde6b-01,2026-08-31,平板,device,三星,T系列,T555c,,,开机屏好,25,元/台,,image,三星平板.jpg,数码网报价单-0831更新/平板相关/三星平板.jpg,1,0.98,visual_manual
20260831-68f5c20b3c265f05adf5-01,2026-08-31,平板,device,三星,T系列,T555c,,,开机屏坏,20,元/台,,image,三星平板.jpg,数码网报价单-0831更新/平板相关/三星平板.jpg,1,0.98,visual_manual
20260831-d42b1f9cf5e36dd24266-01,2026-08-31,平板,device,三星,T系列,T555c,,,不开机,20,元/台,,image,三星平板.jpg,数码网报价单-0831更新/平板相关/三星平板.jpg,1,0.98,visual_manual
20260831-7b1d1a908dbf12939c50-01,2026-08-31,平板,device,三星,T系列,T555c,,,废板-整机,20,元/台,,image,三星平板.jpg,数码网报价单-0831更新/平板相关/三星平板.jpg,1,0.98,visual_manual
20260831-f4022f4cec885f4496b9-01,2026-08-31,平板,device,三星,T系列,T550,,,开机屏好,25,元/台,,image,三星平板.jpg,数码网报价单-0831更新/平板相关/三星平板.jpg,1,0.98,visual_manual
20260831-f5d62000be9facf1e50b-01,2026-08-31,平板,device,三星,T系列,T550,,,开机屏坏,20,元/台,,image,三星平板.jpg,数码网报价单-0831更新/平板相关/三星平板.jpg,1,0.98,visual_manual
20260831-0ac2d30b1ac0323cf39c-01,2026-08-31,平板,device,三星,T系列,T550,,,不开机,20,元/台,,image,三星平板.jpg,数码网报价单-0831更新/平板相关/三星平板.jpg,1,0.98,visual_manual
20260831-886dd217d79768e644ef-01,2026-08-31,平板,device,三星,T系列,T550,,,废板-整机,20,元/台,,image,三星平板.jpg,数码网报价单-0831更新/平板相关/三星平板.jpg,1,0.98,visual_manual
20260831-98ef18bb76d115218f1b-01,2026-08-31,平板,device,三星,T系列,T531,,,开机屏好,20,元/台,,image,三星平板.jpg,数码网报价单-0831更新/平板相关/三星平板.jpg,1,0.98,visual_manual
20260831-fba63992eff554326d05-01,2026-08-31,平板,device,三星,T系列,T531,,,开机屏坏,20,元/台,,image,三星平板.jpg,数码网报价单-0831更新/平板相关/三星平板.jpg,1,0.98,visual_manual
20260831-8956e09c146a26afefa1-01,2026-08-31,平板,device,三星,T系列,T531,,,不开机,20,元/台,,image,三星平板.jpg,数码网报价单-0831更新/平板相关/三星平板.jpg,1,0.98,visual_manual
20260831-4c8ae49d5451f2f46d75-01,2026-08-31,平板,device,三星,T系列,T531,,,废板-整机,20,元/台,,image,三星平板.jpg,数码网报价单-0831更新/平板相关/三星平板.jpg,1,0.98,visual_manual
20260831-2dd2e11e32aaa23723c4-01,2026-08-31,平板,device,三星,T系列,T530,,,开机屏好,25,元/台,,image,三星平板.jpg,数码网报价单-0831更新/平板相关/三星平板.jpg,1,0.98,visual_manual
20260831-0d9f3a568dcb98a1883b-01,2026-08-31,平板,device,三星,T系列,T530,,,开机屏坏,20,元/台,,image,三星平板.jpg,数码网报价单-0831更新/平板相关/三星平板.jpg,1,0.98,visual_manual
20260831-9342c0420871d6ea6251-01,2026-08-31,平板,device,三星,T系列,T530,,,不开机,20,元/台,,image,三星平板.jpg,数码网报价单-0831更新/平板相关/三星平板.jpg,1,0.98,visual_manual
20260831-1c8a008766f4133ee271-01,2026-08-31,平板,device,三星,T系列,T530,,,废板-整机,20,元/台,,image,三星平板.jpg,数码网报价单-0831更新/平板相关/三星平板.jpg,1,0.98,visual_manual
20260831-08fc0c04288c84a3c0e6-01,2026-08-31,平板,device,三星,T系列,T520,,,开机屏好,25,元/台,,image,三星平板.jpg,数码网报价单-0831更新/平板相关/三星平板.jpg,1,0.98,visual_manual
20260831-6e9c01c2f81a5474827c-01,2026-08-31,平板,device,三星,T系列,T520,,,开机屏坏,20,元/台,,image,三星平板.jpg,数码网报价单-0831更新/平板相关/三星平板.jpg,1,0.98,visual_manual
20260831-d44ecccd022d864f5baf-01,2026-08-31,平板,device,三星,T系列,T520,,,不开机,20,元/台,,image,三星平板.jpg,数码网报价单-0831更新/平板相关/三星平板.jpg,1,0.98,visual_manual
20260831-2ed54b8d4dc9ff0e5c33-01,2026-08-31,平板,device,三星,T系列,T520,,,废板-整机,20,元/台,,image,三星平板.jpg,数码网报价单-0831更新/平板相关/三星平板.jpg,1,0.98,visual_manual
20260831-f0fbef6bb5d7e37f550f-01,2026-08-31,平板,device,三星,T系列,T560,,,开机屏好,25,元/台,,image,三星平板.jpg,数码网报价单-0831更新/平板相关/三星平板.jpg,1,0.98,visual_manual
20260831-0779a9c26ed93942a992-01,2026-08-31,平板,device,三星,T系列,T560,,,开机屏坏,20,元/台,,image,三星平板.jpg,数码网报价单-0831更新/平板相关/三星平板.jpg,1,0.98,visual_manual
20260831-99a949ba295a8b0cfa88-01,2026-08-31,平板,device,三星,T系列,T560,,,不开机,20,元/台,,image,三星平板.jpg,数码网报价单-0831更新/平板相关/三星平板.jpg,1,0.98,visual_manual
20260831-11e482bb20a5ebf95c4a-01,2026-08-31,平板,device,三星,T系列,T560,,,废板-整机,20,元/台,,image,三星平板.jpg,数码网报价单-0831更新/平板相关/三星平板.jpg,1,0.98,visual_manual
20260831-6f731e10ce4b1a087106-01,2026-08-31,平板,device,三星,T系列,T385c,,,开机屏好,25,元/台,,image,三星平板.jpg,数码网报价单-0831更新/平板相关/三星平板.jpg,1,0.98,visual_manual
20260831-d6af3358ecc40a39a44e-01,2026-08-31,平板,device,三星,T系列,T385c,,,开机屏坏,20,元/台,,image,三星平板.jpg,数码网报价单-0831更新/平板相关/三星平板.jpg,1,0.98,visual_manual
20260831-f9912ad274fc41f92c94-01,2026-08-31,平板,device,三星,T系列,T385c,,,不开机,20,元/台,,image,三星平板.jpg,数码网报价单-0831更新/平板相关/三星平板.jpg,1,0.98,visual_manual
20260831-25fa25e8b34b05a21b3c-01,2026-08-31,平板,device,三星,T系列,T385c,,,废板-整机,20,元/台,,image,三星平板.jpg,数码网报价单-0831更新/平板相关/三星平板.jpg,1,0.98,visual_manual
20260831-e65685142a034c470774-01,2026-08-31,平板,device,三星,T系列,T380,,,开机屏好,25,元/台,,image,三星平板.jpg,数码网报价单-0831更新/平板相关/三星平板.jpg,1,0.98,visual_manual
20260831-af6daaf089df9595efb6-01,2026-08-31,平板,device,三星,T系列,T380,,,开机屏坏,20,元/台,,image,三星平板.jpg,数码网报价单-0831更新/平板相关/三星平板.jpg,1,0.98,visual_manual
20260831-09facb4c29cdfb2e9497-01,2026-08-31,平板,device,三星,T系列,T380,,,不开机,20,元/台,,image,三星平板.jpg,数码网报价单-0831更新/平板相关/三星平板.jpg,1,0.98,visual_manual
20260831-f8602b3d64faa7b6e47d-01,2026-08-31,平板,device,三星,T系列,T380,,,废板-整机,20,元/台,,image,三星平板.jpg,数码网报价单-0831更新/平板相关/三星平板.jpg,1,0.98,visual_manual
20260831-d102a0b2f47ffcac5844-01,2026-08-31,平板,device,三星,T系列,T355C,,,开机屏好,25,元/台,,image,三星平板.jpg,数码网报价单-0831更新/平板相关/三星平板.jpg,1,0.98,visual_manual
20260831-fc221127f9f0f74f71e6-01,2026-08-31,平板,device,三星,T系列,T355C,,,开机屏坏,20,元/台,,image,三星平板.jpg,数码网报价单-0831更新/平板相关/三星平板.jpg,1,0.98,visual_manual
20260831-cce70891d9d2827f2172-01,2026-08-31,平板,device,三星,T系列,T355C,,,不开机,20,元/台,,image,三星平板.jpg,数码网报价单-0831更新/平板相关/三星平板.jpg,1,0.98,visual_manual
20260831-d96f3fa05087be21fdff-01,2026-08-31,平板,device,三星,T系列,T355C,,,废板-整机,20,元/台,,image,三星平板.jpg,数码网报价单-0831更新/平板相关/三星平板.jpg,1,0.98,visual_manual
20260831-43ff9f9c237a4d2d25da-01,2026-08-31,平板,device,三星,T系列,T350/P350,,,开机屏好,25,元/台,,image,三星平板.jpg,数码网报价单-0831更新/平板相关/三星平板.jpg,1,0.98,visual_manual
20260831-e46507b8bdf0f8732521-01,2026-08-31,平板,device,三星,T系列,T350/P350,,,开机屏坏,20,元/台,,image,三星平板.jpg,数码网报价单-0831更新/平板相关/三星平板.jpg,1,0.98,visual_manual
20260831-cbb33058b9792027582e-01,2026-08-31,平板,device,三星,T系列,T350/P350,,,不开机,20,元/台,,image,三星平板.jpg,数码网报价单-0831更新/平板相关/三星平板.jpg,1,0.98,visual_manual
20260831-bdc738bd4c31956d07cf-01,2026-08-31,平板,device,三星,T系列,T350/P350,,,废板-整机,20,元/台,,image,三星平板.jpg,数码网报价单-0831更新/平板相关/三星平板.jpg,1,0.98,visual_manual
20260831-10cc92a4f5dade9e8c0f-01,2026-08-31,平板,device,三星,T系列,T331,,,开机屏好,20,元/台,,image,三星平板.jpg,数码网报价单-0831更新/平板相关/三星平板.jpg,1,0.98,visual_manual
20260831-dafe76efde3c88c8ab5a-01,2026-08-31,平板,device,三星,T系列,T331,,,开机屏坏,20,元/台,,image,三星平板.jpg,数码网报价单-0831更新/平板相关/三星平板.jpg,1,0.98,visual_manual
20260831-628e14a5fc74b2633846-01,2026-08-31,平板,device,三星,T系列,T331,,,不开机,20,元/台,,image,三星平板.jpg,数码网报价单-0831更新/平板相关/三星平板.jpg,1,0.98,visual_manual
20260831-f24cc23e259a8103361c-01,2026-08-31,平板,device,三星,T系列,T331,,,废板-整机,20,元/台,,image,三星平板.jpg,数码网报价单-0831更新/平板相关/三星平板.jpg,1,0.98,visual_manual
20260831-1c3ea259bff5977d462d-01,2026-08-31,平板,device,三星,T系列,T330,,,开机屏好,20,元/台,,image,三星平板.jpg,数码网报价单-0831更新/平板相关/三星平板.jpg,1,0.98,visual_manual
20260831-511e15813ca11fd85099-01,2026-08-31,平板,device,三星,T系列,T330,,,开机屏坏,20,元/台,,image,三星平板.jpg,数码网报价单-0831更新/平板相关/三星平板.jpg,1,0.98,visual_manual
20260831-662cc0b896855c008fdc-01,2026-08-31,平板,device,三星,T系列,T330,,,不开机,20,元/台,,image,三星平板.jpg,数码网报价单-0831更新/平板相关/三星平板.jpg,1,0.98,visual_manual
20260831-c22b6295de1631424dcb-01,2026-08-31,平板,device,三星,T系列,T330,,,废板-整机,20,元/台,,image,三星平板.jpg,数码网报价单-0831更新/平板相关/三星平板.jpg,1,0.98,visual_manual
20260831-1121f99d5432dc08ee5c-01,2026-08-31,平板,device,三星,T系列,T321,,,开机屏好,20,元/台,,image,三星平板.jpg,数码网报价单-0831更新/平板相关/三星平板.jpg,1,0.98,visual_manual
20260831-381d1825f322d3bd1dc0-01,2026-08-31,平板,device,三星,T系列,T321,,,开机屏坏,20,元/台,,image,三星平板.jpg,数码网报价单-0831更新/平板相关/三星平板.jpg,1,0.98,visual_manual
20260831-2cd87917a9888c20d221-01,2026-08-31,平板,device,三星,T系列,T321,,,不开机,20,元/台,,image,三星平板.jpg,数码网报价单-0831更新/平板相关/三星平板.jpg,1,0.98,visual_manual
20260831-c6e0669a11a0022d399b-01,2026-08-31,平板,device,三星,T系列,T321,,,废板-整机,20,元/台,,image,三星平板.jpg,数码网报价单-0831更新/平板相关/三星平板.jpg,1,0.98,visual_manual
20260831-655b501d481bab138c6b-01,2026-08-31,平板,device,三星,T系列,T320,,,开机屏好,20,元/台,,image,三星平板.jpg,数码网报价单-0831更新/平板相关/三星平板.jpg,1,0.98,visual_manual
20260831-733e79ba6c4739e92a42-01,2026-08-31,平板,device,三星,T系列,T320,,,开机屏坏,20,元/台,,image,三星平板.jpg,数码网报价单-0831更新/平板相关/三星平板.jpg,1,0.98,visual_manual
20260831-1f5a57a8fc6a280168a2-01,2026-08-31,平板,device,三星,T系列,T320,,,不开机,20,元/台,,image,三星平板.jpg,数码网报价单-0831更新/平板相关/三星平板.jpg,1,0.98,visual_manual
20260831-4aab4226b6efe74d81b0-01,2026-08-31,平板,device,三星,T系列,T320,,,废板-整机,20,元/台,,image,三星平板.jpg,数码网报价单-0831更新/平板相关/三星平板.jpg,1,0.98,visual_manual
20260831-f95b0ce9db6c533d3485-01,2026-08-31,平板,device,三星,T系列,T311,,,开机屏好,20,元/台,,image,三星平板.jpg,数码网报价单-0831更新/平板相关/三星平板.jpg,1,0.98,visual_manual
20260831-77aebbfebddcd0e5b8d1-01,2026-08-31,平板,device,三星,T系列,T311,,,开机屏坏,20,元/台,,image,三星平板.jpg,数码网报价单-0831更新/平板相关/三星平板.jpg,1,0.98,visual_manual
20260831-f92a3b4d45e68a008da0-01,2026-08-31,平板,device,三星,T系列,T311,,,不开机,20,元/台,,image,三星平板.jpg,数码网报价单-0831更新/平板相关/三星平板.jpg,1,0.98,visual_manual
20260831-db97b6424854d593a705-01,2026-08-31,平板,device,三星,T系列,T311,,,废板-整机,20,元/台,,image,三星平板.jpg,数码网报价单-0831更新/平板相关/三星平板.jpg,1,0.98,visual_manual
20260831-eb397fb01a244df1222b-01,2026-08-31,平板,device,三星,T系列,T310,,,开机屏好,20,元/台,,image,三星平板.jpg,数码网报价单-0831更新/平板相关/三星平板.jpg,1,0.98,visual_manual
20260831-cb96d6d263543aff584a-01,2026-08-31,平板,device,三星,T系列,T310,,,开机屏坏,20,元/台,,image,三星平板.jpg,数码网报价单-0831更新/平板相关/三星平板.jpg,1,0.98,visual_manual
20260831-e32e57a769a80cc8b14a-01,2026-08-31,平板,device,三星,T系列,T310,,,不开机,20,元/台,,image,三星平板.jpg,数码网报价单-0831更新/平板相关/三星平板.jpg,1,0.98,visual_manual
20260831-4dfa4dc9ec88f9e7a731-01,2026-08-31,平板,device,三星,T系列,T310,,,废板-整机,20,元/台,,image,三星平板.jpg,数码网报价单-0831更新/平板相关/三星平板.jpg,1,0.98,visual_manual
20260831-99552ecb739eae8de0e4-01,2026-08-31,平板,device,三星,T系列,T285,,,开机屏好,20,元/台,,image,三星平板.jpg,数码网报价单-0831更新/平板相关/三星平板.jpg,1,0.98,visual_manual
20260831-41002fe0fce7cf0d67a3-01,2026-08-31,平板,device,三星,T系列,T285,,,开机屏坏,20,元/台,,image,三星平板.jpg,数码网报价单-0831更新/平板相关/三星平板.jpg,1,0.98,visual_manual
20260831-5f70e721180b3fffb3b5-01,2026-08-31,平板,device,三星,T系列,T285,,,不开机,20,元/台,,image,三星平板.jpg,数码网报价单-0831更新/平板相关/三星平板.jpg,1,0.98,visual_manual
20260831-314dba515a7466904add-01,2026-08-31,平板,device,三星,T系列,T285,,,废板-整机,20,元/台,,image,三星平板.jpg,数码网报价单-0831更新/平板相关/三星平板.jpg,1,0.98,visual_manual
20260831-98b1038b6e6e336d4d5f-01,2026-08-31,平板,device,三星,T系列,T280,,,开机屏好,20,元/台,,image,三星平板.jpg,数码网报价单-0831更新/平板相关/三星平板.jpg,1,0.98,visual_manual
20260831-e1eca0f582932a65c409-01,2026-08-31,平板,device,三星,T系列,T280,,,开机屏坏,20,元/台,,image,三星平板.jpg,数码网报价单-0831更新/平板相关/三星平板.jpg,1,0.98,visual_manual
20260831-2032547da8b05253b79d-01,2026-08-31,平板,device,三星,T系列,T280,,,不开机,20,元/台,,image,三星平板.jpg,数码网报价单-0831更新/平板相关/三星平板.jpg,1,0.98,visual_manual
20260831-a5131ae3451846121185-01,2026-08-31,平板,device,三星,T系列,T280,,,废板-整机,20,元/台,,image,三星平板.jpg,数码网报价单-0831更新/平板相关/三星平板.jpg,1,0.98,visual_manual
20260831-08a5ba3b4c178f2f793b-01,2026-08-31,平板,device,三星,T系列,T231,,,开机屏好,20,元/台,,image,三星平板.jpg,数码网报价单-0831更新/平板相关/三星平板.jpg,1,0.98,visual_manual
20260831-aab39e25885f784fcc49-01,2026-08-31,平板,device,三星,T系列,T231,,,开机屏坏,20,元/台,,image,三星平板.jpg,数码网报价单-0831更新/平板相关/三星平板.jpg,1,0.98,visual_manual
20260831-39f71bc2cbdd5e7059ae-01,2026-08-31,平板,device,三星,T系列,T231,,,不开机,20,元/台,,image,三星平板.jpg,数码网报价单-0831更新/平板相关/三星平板.jpg,1,0.98,visual_manual
20260831-3db92eb5645b8b68b27b-01,2026-08-31,平板,device,三星,T系列,T231,,,废板-整机,20,元/台,,image,三星平板.jpg,数码网报价单-0831更新/平板相关/三星平板.jpg,1,0.98,visual_manual
20260831-a8ae2c7b040d7257a4b6-01,2026-08-31,平板,device,三星,T系列,T230,,,开机屏好,20,元/台,,image,三星平板.jpg,数码网报价单-0831更新/平板相关/三星平板.jpg,1,0.98,visual_manual
20260831-dd8ef582acc4bea3f6ef-01,2026-08-31,平板,device,三星,T系列,T230,,,开机屏坏,20,元/台,,image,三星平板.jpg,数码网报价单-0831更新/平板相关/三星平板.jpg,1,0.98,visual_manual
20260831-2790f4133fc525aafc55-01,2026-08-31,平板,device,三星,T系列,T230,,,不开机,20,元/台,,image,三星平板.jpg,数码网报价单-0831更新/平板相关/三星平板.jpg,1,0.98,visual_manual
20260831-c80da32739f3602a34e9-01,2026-08-31,平板,device,三星,T系列,T230,,,废板-整机,20,元/台,,image,三星平板.jpg,数码网报价单-0831更新/平板相关/三星平板.jpg,1,0.98,visual_manual
20260831-16d81d5989046fef4cd9-01,2026-08-31,平板,device,三星,T系列,T211,,,开机屏好,20,元/台,,image,三星平板.jpg,数码网报价单-0831更新/平板相关/三星平板.jpg,1,0.98,visual_manual
20260831-deae1d13bf489ca20d90-01,2026-08-31,平板,device,三星,T系列,T211,,,开机屏坏,20,元/台,,image,三星平板.jpg,数码网报价单-0831更新/平板相关/三星平板.jpg,1,0.98,visual_manual
20260831-0fe010a937a655454ff3-01,2026-08-31,平板,device,三星,T系列,T211,,,不开机,20,元/台,,image,三星平板.jpg,数码网报价单-0831更新/平板相关/三星平板.jpg,1,0.98,visual_manual
20260831-12c26e1aa2362ca30b5b-01,2026-08-31,平板,device,三星,T系列,T211,,,废板-整机,20,元/台,,image,三星平板.jpg,数码网报价单-0831更新/平板相关/三星平板.jpg,1,0.98,visual_manual
20260831-c6f9a8bf859993b0df8a-01,2026-08-31,平板,device,三星,T系列,T210,,,开机屏好,20,元/台,,image,三星平板.jpg,数码网报价单-0831更新/平板相关/三星平板.jpg,1,0.98,visual_manual
20260831-6f071dbfea25121dc9d9-01,2026-08-31,平板,device,三星,T系列,T210,,,开机屏坏,20,元/台,,image,三星平板.jpg,数码网报价单-0831更新/平板相关/三星平板.jpg,1,0.98,visual_manual
20260831-d6c97730061b2eee200b-01,2026-08-31,平板,device,三星,T系列,T210,,,不开机,20,元/台,,image,三星平板.jpg,数码网报价单-0831更新/平板相关/三星平板.jpg,1,0.98,visual_manual
20260831-ae7ed987307f663c0e91-01,2026-08-31,平板,device,三星,T系列,T210,,,废板-整机,20,元/台,,image,三星平板.jpg,数码网报价单-0831更新/平板相关/三星平板.jpg,1,0.98,visual_manual
20260831-f4c9f36ebf5ec5901727-01,2026-08-31,平板,device,三星,T系列,T111,,,开机屏好,20,元/台,,image,三星平板.jpg,数码网报价单-0831更新/平板相关/三星平板.jpg,1,0.98,visual_manual
20260831-93fde29133fe989e5835-01,2026-08-31,平板,device,三星,T系列,T111,,,开机屏坏,20,元/台,,image,三星平板.jpg,数码网报价单-0831更新/平板相关/三星平板.jpg,1,0.98,visual_manual
20260831-1d0dc5ff7f3163212162-01,2026-08-31,平板,device,三星,T系列,T111,,,不开机,20,元/台,,image,三星平板.jpg,数码网报价单-0831更新/平板相关/三星平板.jpg,1,0.98,visual_manual
20260831-63139414f9bd3c60dbfd-01,2026-08-31,平板,device,三星,T系列,T111,,,废板-整机,20,元/台,,image,三星平板.jpg,数码网报价单-0831更新/平板相关/三星平板.jpg,1,0.98,visual_manual
20260831-fd3a5a8968dfa7fd1674-01,2026-08-31,平板,device,三星,T系列,T110,,,开机屏好,20,元/台,,image,三星平板.jpg,数码网报价单-0831更新/平板相关/三星平板.jpg,1,0.98,visual_manual
20260831-3d4835312da95f7aac52-01,2026-08-31,平板,device,三星,T系列,T110,,,开机屏坏,20,元/台,,image,三星平板.jpg,数码网报价单-0831更新/平板相关/三星平板.jpg,1,0.98,visual_manual
20260831-981c9820e21061cc0363-01,2026-08-31,平板,device,三星,T系列,T110,,,不开机,20,元/台,,image,三星平板.jpg,数码网报价单-0831更新/平板相关/三星平板.jpg,1,0.98,visual_manual
20260831-4c1c66c06627953fec8b-01,2026-08-31,平板,device,三星,T系列,T110,,,废板-整机,20,元/台,,image,三星平板.jpg,数码网报价单-0831更新/平板相关/三星平板.jpg,1,0.98,visual_manual
20260831-cd861bd267166727e55c-01,2026-08-31,平板,device,三星,P系列,P901,,,开机屏好,40,元/台,,image,三星平板.jpg,数码网报价单-0831更新/平板相关/三星平板.jpg,1,0.98,visual_manual
20260831-f870930bf4e7739fd656-01,2026-08-31,平板,device,三星,P系列,P901,,,开机屏坏,15,元/台,,image,三星平板.jpg,数码网报价单-0831更新/平板相关/三星平板.jpg,1,0.98,visual_manual
20260831-fe369c39f5d357bde98e-01,2026-08-31,平板,device,三星,P系列,P901,,,不开机,15,元/台,,image,三星平板.jpg,数码网报价单-0831更新/平板相关/三星平板.jpg,1,0.98,visual_manual
20260831-12f0ad6728cf0055e9cd-01,2026-08-31,平板,device,三星,P系列,P901,,,废板-整机,15,元/台,,image,三星平板.jpg,数码网报价单-0831更新/平板相关/三星平板.jpg,1,0.98,visual_manual
20260831-98134f533f222f8cac48-01,2026-08-31,平板,device,三星,P系列,P900,,,开机屏好,40,元/台,,image,三星平板.jpg,数码网报价单-0831更新/平板相关/三星平板.jpg,1,0.98,visual_manual
20260831-d4ef559bf2954b5f2b5e-01,2026-08-31,平板,device,三星,P系列,P900,,,开机屏坏,15,元/台,,image,三星平板.jpg,数码网报价单-0831更新/平板相关/三星平板.jpg,1,0.98,visual_manual
20260831-591945d61500422004fd-01,2026-08-31,平板,device,三星,P系列,P900,,,不开机,15,元/台,,image,三星平板.jpg,数码网报价单-0831更新/平板相关/三星平板.jpg,1,0.98,visual_manual
20260831-85c10c4909ab0faf94b8-01,2026-08-31,平板,device,三星,P系列,P900,,,废板-整机,15,元/台,,image,三星平板.jpg,数码网报价单-0831更新/平板相关/三星平板.jpg,1,0.98,visual_manual
20260831-a6fb208cf52a96d35769-01,2026-08-31,平板,device,三星,P系列,P7510,,,开机屏好,25,元/台,,image,三星平板.jpg,数码网报价单-0831更新/平板相关/三星平板.jpg,1,0.98,visual_manual
20260831-4aa5de9b226846ec48a3-01,2026-08-31,平板,device,三星,P系列,P7510,,,开机屏坏,15,元/台,,image,三星平板.jpg,数码网报价单-0831更新/平板相关/三星平板.jpg,1,0.98,visual_manual
20260831-f708b03f324c8b0eaf54-01,2026-08-31,平板,device,三星,P系列,P7510,,,不开机,15,元/台,,image,三星平板.jpg,数码网报价单-0831更新/平板相关/三星平板.jpg,1,0.98,visual_manual
20260831-9e08e6dfccc4f47c9614-01,2026-08-31,平板,device,三星,P系列,P7510,,,废板-整机,15,元/台,,image,三星平板.jpg,数码网报价单-0831更新/平板相关/三星平板.jpg,1,0.98,visual_manual
20260831-c10854ee929c9fce9003-01,2026-08-31,平板,device,三星,P系列,P7500,,,开机屏好,25,元/台,,image,三星平板.jpg,数码网报价单-0831更新/平板相关/三星平板.jpg,1,0.98,visual_manual
20260831-baa1f70aa8e58a230192-01,2026-08-31,平板,device,三星,P系列,P7500,,,开机屏坏,15,元/台,,image,三星平板.jpg,数码网报价单-0831更新/平板相关/三星平板.jpg,1,0.98,visual_manual
20260831-f31e45e20b20fa8dcffb-01,2026-08-31,平板,device,三星,P系列,P7500,,,不开机,15,元/台,,image,三星平板.jpg,数码网报价单-0831更新/平板相关/三星平板.jpg,1,0.98,visual_manual
20260831-b3af5f2ce0a2392ef516-01,2026-08-31,平板,device,三星,P系列,P7500,,,废板-整机,15,元/台,,image,三星平板.jpg,数码网报价单-0831更新/平板相关/三星平板.jpg,1,0.98,visual_manual
20260831-25da4009d5792e503f3d-01,2026-08-31,平板,device,三星,P系列,P7300/P7310,,,开机屏好,15,元/台,,image,三星平板.jpg,数码网报价单-0831更新/平板相关/三星平板.jpg,1,0.98,visual_manual
20260831-1a1e5548eb8acf6ac70a-01,2026-08-31,平板,device,三星,P系列,P7300/P7310,,,开机屏坏,15,元/台,,image,三星平板.jpg,数码网报价单-0831更新/平板相关/三星平板.jpg,1,0.98,visual_manual
20260831-ff6713b0930e9dbf26e4-01,2026-08-31,平板,device,三星,P系列,P7300/P7310,,,不开机,15,元/台,,image,三星平板.jpg,数码网报价单-0831更新/平板相关/三星平板.jpg,1,0.98,visual_manual
20260831-9b4b33f75ccbaee3b3d9-01,2026-08-31,平板,device,三星,P系列,P7300/P7310,,,废板-整机,15,元/台,,image,三星平板.jpg,数码网报价单-0831更新/平板相关/三星平板.jpg,1,0.98,visual_manual
20260831-39d615e4cc2d861213e8-01,2026-08-31,平板,device,三星,P系列,P6800,,,开机屏好,15,元/台,,image,三星平板.jpg,数码网报价单-0831更新/平板相关/三星平板.jpg,1,0.98,visual_manual
20260831-28c30431b34029babae7-01,2026-08-31,平板,device,三星,P系列,P6800,,,开机屏坏,15,元/台,,image,三星平板.jpg,数码网报价单-0831更新/平板相关/三星平板.jpg,1,0.98,visual_manual
20260831-94fba23ee27f69fa38cd-01,2026-08-31,平板,device,三星,P系列,P6800,,,不开机,15,元/台,,image,三星平板.jpg,数码网报价单-0831更新/平板相关/三星平板.jpg,1,0.98,visual_manual
20260831-ecb0c71c03d6c775e63e-01,2026-08-31,平板,device,三星,P系列,P6800,,,废板-整机,15,元/台,,image,三星平板.jpg,数码网报价单-0831更新/平板相关/三星平板.jpg,1,0.98,visual_manual
20260831-8796223430cac32b793a-01,2026-08-31,平板,device,三星,P系列,P6200,,,开机屏好,15,元/台,,image,三星平板.jpg,数码网报价单-0831更新/平板相关/三星平板.jpg,1,0.98,visual_manual
20260831-f7968b1e8b7f58e31bf2-01,2026-08-31,平板,device,三星,P系列,P6200,,,开机屏坏,15,元/台,,image,三星平板.jpg,数码网报价单-0831更新/平板相关/三星平板.jpg,1,0.98,visual_manual
20260831-8454af62293b75865134-01,2026-08-31,平板,device,三星,P系列,P6200,,,不开机,15,元/台,,image,三星平板.jpg,数码网报价单-0831更新/平板相关/三星平板.jpg,1,0.98,visual_manual
20260831-5a74e76c9e0f86c14f52-01,2026-08-31,平板,device,三星,P系列,P6200,,,废板-整机,15,元/台,,image,三星平板.jpg,数码网报价单-0831更新/平板相关/三星平板.jpg,1,0.98,visual_manual
20260831-29ccd04311a7fee412c7-01,2026-08-31,平板,device,三星,P系列,P605,,,开机屏好,25,元/台,,image,三星平板.jpg,数码网报价单-0831更新/平板相关/三星平板.jpg,1,0.98,visual_manual
20260831-51767a473c13eb76987d-01,2026-08-31,平板,device,三星,P系列,P605,,,开机屏坏,15,元/台,,image,三星平板.jpg,数码网报价单-0831更新/平板相关/三星平板.jpg,1,0.98,visual_manual
20260831-ec0df1186115ac148bf8-01,2026-08-31,平板,device,三星,P系列,P605,,,不开机,15,元/台,,image,三星平板.jpg,数码网报价单-0831更新/平板相关/三星平板.jpg,1,0.98,visual_manual
20260831-770d77bd034a3a44b397-01,2026-08-31,平板,device,三星,P系列,P605,,,废板-整机,15,元/台,,image,三星平板.jpg,数码网报价单-0831更新/平板相关/三星平板.jpg,1,0.98,visual_manual
20260831-3fe96e85929fa3996155-01,2026-08-31,平板,device,三星,P系列,P601,,,开机屏好,25,元/台,,image,三星平板.jpg,数码网报价单-0831更新/平板相关/三星平板.jpg,1,0.98,visual_manual
20260831-4ad644f38b6c028ffedf-01,2026-08-31,平板,device,三星,P系列,P601,,,开机屏坏,15,元/台,,image,三星平板.jpg,数码网报价单-0831更新/平板相关/三星平板.jpg,1,0.98,visual_manual
20260831-3728edd4035039afa10e-01,2026-08-31,平板,device,三星,P系列,P601,,,不开机,15,元/台,,image,三星平板.jpg,数码网报价单-0831更新/平板相关/三星平板.jpg,1,0.98,visual_manual
20260831-9c8d5d0d69a9b0de4fa8-01,2026-08-31,平板,device,三星,P系列,P601,,,废板-整机,15,元/台,,image,三星平板.jpg,数码网报价单-0831更新/平板相关/三星平板.jpg,1,0.98,visual_manual
20260831-1f27790c4e5e520e37ed-01,2026-08-31,平板,device,三星,P系列,P600,,,开机屏好,25,元/台,,image,三星平板.jpg,数码网报价单-0831更新/平板相关/三星平板.jpg,1,0.98,visual_manual
20260831-c43a996ed5a2fca8c8be-01,2026-08-31,平板,device,三星,P系列,P600,,,开机屏坏,15,元/台,,image,三星平板.jpg,数码网报价单-0831更新/平板相关/三星平板.jpg,1,0.98,visual_manual
20260831-d25dd85024ccea9f77d1-01,2026-08-31,平板,device,三星,P系列,P600,,,不开机,15,元/台,,image,三星平板.jpg,数码网报价单-0831更新/平板相关/三星平板.jpg,1,0.98,visual_manual
20260831-b6ecf84d3561083d70d4-01,2026-08-31,平板,device,三星,P系列,P600,,,废板-整机,15,元/台,,image,三星平板.jpg,数码网报价单-0831更新/平板相关/三星平板.jpg,1,0.98,visual_manual
20260831-a4811f688b99b92cfa16-01,2026-08-31,平板,device,三星,P系列,P5210,,,开机屏好,25,元/台,,image,三星平板.jpg,数码网报价单-0831更新/平板相关/三星平板.jpg,1,0.98,visual_manual
20260831-2c5c6b46216f3792c2c2-01,2026-08-31,平板,device,三星,P系列,P5210,,,开机屏坏,15,元/台,,image,三星平板.jpg,数码网报价单-0831更新/平板相关/三星平板.jpg,1,0.98,visual_manual
20260831-b9a81db5aa951eb56627-01,2026-08-31,平板,device,三星,P系列,P5210,,,不开机,15,元/台,,image,三星平板.jpg,数码网报价单-0831更新/平板相关/三星平板.jpg,1,0.98,visual_manual
20260831-398dbecbadcf275c1b6a-01,2026-08-31,平板,device,三星,P系列,P5210,,,废板-整机,15,元/台,,image,三星平板.jpg,数码网报价单-0831更新/平板相关/三星平板.jpg,1,0.98,visual_manual
20260831-7079c60ff8e5e7a21e9e-01,2026-08-31,平板,device,三星,P系列,P5200,,,开机屏好,25,元/台,,image,三星平板.jpg,数码网报价单-0831更新/平板相关/三星平板.jpg,1,0.98,visual_manual
20260831-2a68f4983b23f7874f0c-01,2026-08-31,平板,device,三星,P系列,P5200,,,开机屏坏,15,元/台,,image,三星平板.jpg,数码网报价单-0831更新/平板相关/三星平板.jpg,1,0.98,visual_manual
20260831-5a41245d8b2764179111-01,2026-08-31,平板,device,三星,P系列,P5200,,,不开机,15,元/台,,image,三星平板.jpg,数码网报价单-0831更新/平板相关/三星平板.jpg,1,0.98,visual_manual
20260831-992127b225fb23e554ec-01,2026-08-31,平板,device,三星,P系列,P5200,,,废板-整机,15,元/台,,image,三星平板.jpg,数码网报价单-0831更新/平板相关/三星平板.jpg,1,0.98,visual_manual
20260831-ba7d1594936c0c257282-01,2026-08-31,平板,device,三星,P系列,P5113,,,开机屏好,15,元/台,,image,三星平板.jpg,数码网报价单-0831更新/平板相关/三星平板.jpg,1,0.98,visual_manual
20260831-8d6aeb04ee968e63a0bb-01,2026-08-31,平板,device,三星,P系列,P5113,,,开机屏坏,15,元/台,,image,三星平板.jpg,数码网报价单-0831更新/平板相关/三星平板.jpg,1,0.98,visual_manual
20260831-0984bb80b40e5adaa7a8-01,2026-08-31,平板,device,三星,P系列,P5113,,,不开机,15,元/台,,image,三星平板.jpg,数码网报价单-0831更新/平板相关/三星平板.jpg,1,0.98,visual_manual
20260831-fc004fd4278dc7b702a0-01,2026-08-31,平板,device,三星,P系列,P5113,,,废板-整机,15,元/台,,image,三星平板.jpg,数码网报价单-0831更新/平板相关/三星平板.jpg,1,0.98,visual_manual
20260831-cebe233a4994c3eff477-01,2026-08-31,平板,device,三星,P系列,P5110,,,开机屏好,15,元/台,,image,三星平板.jpg,数码网报价单-0831更新/平板相关/三星平板.jpg,1,0.98,visual_manual
20260831-fcddc7907e6b48fd1a78-01,2026-08-31,平板,device,三星,P系列,P5110,,,开机屏坏,15,元/台,,image,三星平板.jpg,数码网报价单-0831更新/平板相关/三星平板.jpg,1,0.98,visual_manual
20260831-fbaddfd43e2ef70eea2b-01,2026-08-31,平板,device,三星,P系列,P5110,,,不开机,15,元/台,,image,三星平板.jpg,数码网报价单-0831更新/平板相关/三星平板.jpg,1,0.98,visual_manual
20260831-a2603ec2f7fc1f327de4-01,2026-08-31,平板,device,三星,P系列,P5110,,,废板-整机,15,元/台,,image,三星平板.jpg,数码网报价单-0831更新/平板相关/三星平板.jpg,1,0.98,visual_manual
20260831-934baa8f59233556727b-01,2026-08-31,平板,device,三星,P系列,P355C,,,开机屏好,25,元/台,,image,三星平板.jpg,数码网报价单-0831更新/平板相关/三星平板.jpg,1,0.98,visual_manual
20260831-95ae20841e7ac2143e30-01,2026-08-31,平板,device,三星,P系列,P355C,,,开机屏坏,15,元/台,,image,三星平板.jpg,数码网报价单-0831更新/平板相关/三星平板.jpg,1,0.98,visual_manual
20260831-23411510130adf337ae9-01,2026-08-31,平板,device,三星,P系列,P355C,,,不开机,15,元/台,,image,三星平板.jpg,数码网报价单-0831更新/平板相关/三星平板.jpg,1,0.98,visual_manual
20260831-4c98bb94cd19fc6ddc81-01,2026-08-31,平板,device,三星,P系列,P355C,,,废板-整机,15,元/台,,image,三星平板.jpg,数码网报价单-0831更新/平板相关/三星平板.jpg,1,0.98,visual_manual
20260831-ee07ca6291858f6215cb-01,2026-08-31,平板,device,三星,P系列,P3110,,,开机屏好,15,元/台,,image,三星平板.jpg,数码网报价单-0831更新/平板相关/三星平板.jpg,1,0.98,visual_manual
20260831-fa2e9b945f14639296db-01,2026-08-31,平板,device,三星,P系列,P3110,,,开机屏坏,15,元/台,,image,三星平板.jpg,数码网报价单-0831更新/平板相关/三星平板.jpg,1,0.98,visual_manual
20260831-b9fa9493eb91f24a4140-01,2026-08-31,平板,device,三星,P系列,P3110,,,不开机,15,元/台,,image,三星平板.jpg,数码网报价单-0831更新/平板相关/三星平板.jpg,1,0.98,visual_manual
20260831-c0c9bebbe7357735d225-01,2026-08-31,平板,device,三星,P系列,P3110,,,废板-整机,15,元/台,,image,三星平板.jpg,数码网报价单-0831更新/平板相关/三星平板.jpg,1,0.98,visual_manual
20260831-281cf8a3abecfbdf1cb4-01,2026-08-31,平板,device,三星,P系列,P3108,,,开机屏好,15,元/台,,image,三星平板.jpg,数码网报价单-0831更新/平板相关/三星平板.jpg,1,0.98,visual_manual
20260831-dea4ce32fe6ac7f0dbce-01,2026-08-31,平板,device,三星,P系列,P3108,,,开机屏坏,15,元/台,,image,三星平板.jpg,数码网报价单-0831更新/平板相关/三星平板.jpg,1,0.98,visual_manual
20260831-d8b625deba95ddc73276-01,2026-08-31,平板,device,三星,P系列,P3108,,,不开机,15,元/台,,image,三星平板.jpg,数码网报价单-0831更新/平板相关/三星平板.jpg,1,0.98,visual_manual
20260831-a6de4e73e985f29e4f07-01,2026-08-31,平板,device,三星,P系列,P3108,,,废板-整机,15,元/台,,image,三星平板.jpg,数码网报价单-0831更新/平板相关/三星平板.jpg,1,0.98,visual_manual
20260831-5a0a89ed3c7612a2d81a-01,2026-08-31,平板,device,三星,P系列,P3100,,,开机屏好,15,元/台,,image,三星平板.jpg,数码网报价单-0831更新/平板相关/三星平板.jpg,1,0.98,visual_manual
20260831-edaeb10ae9e3682f69e1-01,2026-08-31,平板,device,三星,P系列,P3100,,,开机屏坏,15,元/台,,image,三星平板.jpg,数码网报价单-0831更新/平板相关/三星平板.jpg,1,0.98,visual_manual
20260831-222b7db7609a766cd821-01,2026-08-31,平板,device,三星,P系列,P3100,,,不开机,15,元/台,,image,三星平板.jpg,数码网报价单-0831更新/平板相关/三星平板.jpg,1,0.98,visual_manual
20260831-0ead511bec23aa920728-01,2026-08-31,平板,device,三星,P系列,P3100,,,废板-整机,15,元/台,,image,三星平板.jpg,数码网报价单-0831更新/平板相关/三星平板.jpg,1,0.98,visual_manual
20260831-580510714788d79f87f3-01,2026-08-31,平板,device,三星,P系列,P1000,,,开机屏好,15,元/台,,image,三星平板.jpg,数码网报价单-0831更新/平板相关/三星平板.jpg,1,0.98,visual_manual
20260831-acc4c9eb5a48376117fc-01,2026-08-31,平板,device,三星,P系列,P1000,,,开机屏坏,15,元/台,,image,三星平板.jpg,数码网报价单-0831更新/平板相关/三星平板.jpg,1,0.98,visual_manual
20260831-5a400dfc6255334a296f-01,2026-08-31,平板,device,三星,P系列,P1000,,,不开机,15,元/台,,image,三星平板.jpg,数码网报价单-0831更新/平板相关/三星平板.jpg,1,0.98,visual_manual
20260831-9dcd264fee8e08cc5455-01,2026-08-31,平板,device,三星,P系列,P1000,,,废板-整机,15,元/台,,image,三星平板.jpg,数码网报价单-0831更新/平板相关/三星平板.jpg,1,0.98,visual_manual
20260831-0dfab75156030e70e2e5-01,2026-08-31,平板,device,三星,N系列,N8010,,,开机屏好,25,元/台,,image,三星平板.jpg,数码网报价单-0831更新/平板相关/三星平板.jpg,1,0.98,visual_manual
20260831-0ac48c56a543c356ddc5-01,2026-08-31,平板,device,三星,N系列,N8010,,,开机屏坏,15,元/台,,image,三星平板.jpg,数码网报价单-0831更新/平板相关/三星平板.jpg,1,0.98,visual_manual
20260831-a921874bcfcfb89543f4-01,2026-08-31,平板,device,三星,N系列,N8010,,,不开机,15,元/台,,image,三星平板.jpg,数码网报价单-0831更新/平板相关/三星平板.jpg,1,0.98,visual_manual
20260831-7ad9ac5e6f8c5b02d991-01,2026-08-31,平板,device,三星,N系列,N8010,,,废板-整机,15,元/台,,image,三星平板.jpg,数码网报价单-0831更新/平板相关/三星平板.jpg,1,0.98,visual_manual
20260831-0ca480b1f6a129a94c8f-01,2026-08-31,平板,device,三星,N系列,N8000,,,开机屏好,25,元/台,,image,三星平板.jpg,数码网报价单-0831更新/平板相关/三星平板.jpg,1,0.98,visual_manual
20260831-283275f6f71e31f5056d-01,2026-08-31,平板,device,三星,N系列,N8000,,,开机屏坏,15,元/台,,image,三星平板.jpg,数码网报价单-0831更新/平板相关/三星平板.jpg,1,0.98,visual_manual
20260831-109c3f144218c09d38b7-01,2026-08-31,平板,device,三星,N系列,N8000,,,不开机,15,元/台,,image,三星平板.jpg,数码网报价单-0831更新/平板相关/三星平板.jpg,1,0.98,visual_manual
20260831-889d2f9f543dceb76cf3-01,2026-08-31,平板,device,三星,N系列,N8000,,,废板-整机,15,元/台,,image,三星平板.jpg,数码网报价单-0831更新/平板相关/三星平板.jpg,1,0.98,visual_manual
20260831-9ebea437654979db87d0-01,2026-08-31,平板,device,三星,N系列,N5120,,,开机屏好,10,元/台,,image,三星平板.jpg,数码网报价单-0831更新/平板相关/三星平板.jpg,1,0.98,visual_manual
20260831-01299a160773b7ecd211-01,2026-08-31,平板,device,三星,N系列,N5120,,,开机屏坏,15,元/台,,image,三星平板.jpg,数码网报价单-0831更新/平板相关/三星平板.jpg,1,0.98,visual_manual
20260831-9b0aaf1029bf5ba1da02-01,2026-08-31,平板,device,三星,N系列,N5120,,,不开机,15,元/台,,image,三星平板.jpg,数码网报价单-0831更新/平板相关/三星平板.jpg,1,0.98,visual_manual
20260831-28c4ac27750075920408-01,2026-08-31,平板,device,三星,N系列,N5120,,,废板-整机,15,元/台,,image,三星平板.jpg,数码网报价单-0831更新/平板相关/三星平板.jpg,1,0.98,visual_manual
20260831-24f7cbf7aca340f2d33b-01,2026-08-31,平板,device,三星,N系列,N5100,,,开机屏好,10,元/台,,image,三星平板.jpg,数码网报价单-0831更新/平板相关/三星平板.jpg,1,0.98,visual_manual
20260831-1168567bdf9d1e48ec83-01,2026-08-31,平板,device,三星,N系列,N5100,,,开机屏坏,15,元/台,,image,三星平板.jpg,数码网报价单-0831更新/平板相关/三星平板.jpg,1,0.98,visual_manual
20260831-1e9e80a89b8a64e0a9b1-01,2026-08-31,平板,device,三星,N系列,N5100,,,不开机,15,元/台,,image,三星平板.jpg,数码网报价单-0831更新/平板相关/三星平板.jpg,1,0.98,visual_manual
20260831-95e8d0164f0f8af0d3fc-01,2026-08-31,平板,device,三星,N系列,N5100,,,废板-整机,15,元/台,,image,三星平板.jpg,数码网报价单-0831更新/平板相关/三星平板.jpg,1,0.98,visual_manual
20260831-ef2bff610f9d38b8d302-01,2026-08-31,平板,device,三星,N系列,N5110,,,开机屏好,10,元/台,,image,三星平板.jpg,数码网报价单-0831更新/平板相关/三星平板.jpg,1,0.98,visual_manual
20260831-ed9f609c3878dff7b500-01,2026-08-31,平板,device,三星,N系列,N5110,,,开机屏坏,15,元/台,,image,三星平板.jpg,数码网报价单-0831更新/平板相关/三星平板.jpg,1,0.98,visual_manual
20260831-8b8f53b02c7bf6e54ee8-01,2026-08-31,平板,device,三星,N系列,N5110,,,不开机,15,元/台,,image,三星平板.jpg,数码网报价单-0831更新/平板相关/三星平板.jpg,1,0.98,visual_manual
20260831-fef112bc9f64273d4eff-01,2026-08-31,平板,device,三星,N系列,N5110,,,废板-整机,15,元/台,,image,三星平板.jpg,数码网报价单-0831更新/平板相关/三星平板.jpg,1,0.98,visual_manual
20260831-617aa25ee8281ae18016-01,2026-08-31,平板,device,华为,平板,AGS6,,,开机屏好,300,元/台,,image,华为平板.jpg,数码网报价单-0831更新/平板相关/华为平板.jpg,1,0.98,visual_manual
20260831-8ab797cb74adafe7b746-01,2026-08-31,平板,device,华为,平板,AGS6,,,开机屏坏,300,元/台,,image,华为平板.jpg,数码网报价单-0831更新/平板相关/华为平板.jpg,1,0.98,visual_manual
20260831-f71f4969e05428f275c9-01,2026-08-31,平板,device,华为,平板,AGS6,,,不开机,100,元/台,,image,华为平板.jpg,数码网报价单-0831更新/平板相关/华为平板.jpg,1,0.98,visual_manual
20260831-4eed430090c0c9b95d3d-01,2026-08-31,平板,device,华为,平板,AGS6,,,废板-整机,100,元/台,,image,华为平板.jpg,数码网报价单-0831更新/平板相关/华为平板.jpg,1,0.98,visual_manual
20260831-bcc0e13cbb6b783dbe3f-01,2026-08-31,平板,device,华为,平板,AGS5,,,开机屏好,200,元/台,,image,华为平板.jpg,数码网报价单-0831更新/平板相关/华为平板.jpg,1,0.98,visual_manual
20260831-6bc2538d9bd2bc59cb29-01,2026-08-31,平板,device,华为,平板,AGS5,,,开机屏坏,200,元/台,,image,华为平板.jpg,数码网报价单-0831更新/平板相关/华为平板.jpg,1,0.98,visual_manual
20260831-29637a74da4807f2c86d-01,2026-08-31,平板,device,华为,平板,AGS5,,,不开机,100,元/台,,image,华为平板.jpg,数码网报价单-0831更新/平板相关/华为平板.jpg,1,0.98,visual_manual
20260831-0fcfc2fe6310510b3834-01,2026-08-31,平板,device,华为,平板,AGS5,,,废板-整机,100,元/台,,image,华为平板.jpg,数码网报价单-0831更新/平板相关/华为平板.jpg,1,0.98,visual_manual
20260831-acc3b2c8b7003b5a8195-01,2026-08-31,平板,device,华为,平板,Mate pad 24 11.5寸,,,开机屏好,400,元/台,,image,华为平板.jpg,数码网报价单-0831更新/平板相关/华为平板.jpg,1,0.98,visual_manual
20260831-026d3301af787bd3bcfc-01,2026-08-31,平板,device,华为,平板,Mate pad 24 11.5寸,,,开机屏坏,350,元/台,,image,华为平板.jpg,数码网报价单-0831更新/平板相关/华为平板.jpg,1,0.98,visual_manual
20260831-9d34e59283221b3d0423-01,2026-08-31,平板,device,华为,平板,Mate pad 24 11.5寸,,,不开机,120,元/台,,image,华为平板.jpg,数码网报价单-0831更新/平板相关/华为平板.jpg,1,0.98,visual_manual
20260831-c8850b098b83a19c0aea-01,2026-08-31,平板,device,华为,平板,Mate pad 24 11.5寸,,,废板-整机,120,元/台,,image,华为平板.jpg,数码网报价单-0831更新/平板相关/华为平板.jpg,1,0.98,visual_manual
20260831-92071bd999e1aa097a89-01,2026-08-31,平板,device,华为,平板,Mate pad Air 23年1.5寸,,,开机屏好,600,元/台,,image,华为平板.jpg,数码网报价单-0831更新/平板相关/华为平板.jpg,1,0.98,visual_manual
20260831-2919df374ddbb800f057-01,2026-08-31,平板,device,华为,平板,Mate pad Air 23年1.5寸,,,开机屏坏,380,元/台,,image,华为平板.jpg,数码网报价单-0831更新/平板相关/华为平板.jpg,1,0.98,visual_manual
20260831-6a487287b15008206f69-01,2026-08-31,平板,device,华为,平板,Mate pad Air 23年1.5寸,,,不开机,120,元/台,,image,华为平板.jpg,数码网报价单-0831更新/平板相关/华为平板.jpg,1,0.98,visual_manual
20260831-8917fa2b4f0b2a61e5df-01,2026-08-31,平板,device,华为,平板,Mate pad Air 23年1.5寸,,,废板-整机,120,元/台,,image,华为平板.jpg,数码网报价单-0831更新/平板相关/华为平板.jpg,1,0.98,visual_manual
20260831-79908285f35541f8dedd-01,2026-08-31,平板,device,华为,平板,Mate pad Pro 19款0.8寸 WIFI+4G,,,开机屏好,180,元/台,,image,华为平板.jpg,数码网报价单-0831更新/平板相关/华为平板.jpg,1,0.98,visual_manual
20260831-f84da95cd52a7713cfbd-01,2026-08-31,平板,device,华为,平板,Mate pad Pro 19款0.8寸 WIFI+4G,,,开机屏坏,150,元/台,,image,华为平板.jpg,数码网报价单-0831更新/平板相关/华为平板.jpg,1,0.98,visual_manual
20260831-3ba0920da2a607e478c3-01,2026-08-31,平板,device,华为,平板,Mate pad Pro 19款0.8寸 WIFI+4G,,,不开机,120,元/台,,image,华为平板.jpg,数码网报价单-0831更新/平板相关/华为平板.jpg,1,0.98,visual_manual
20260831-433e7a991199f92b6c9e-01,2026-08-31,平板,device,华为,平板,Mate pad Pro 19款0.8寸 WIFI+4G,,,废板-整机,120,元/台,,image,华为平板.jpg,数码网报价单-0831更新/平板相关/华为平板.jpg,1,0.98,visual_manual
20260831-866152643c29dd394288-01,2026-08-31,平板,device,华为,平板,Mate pad 23款11寸,,,开机屏好,300,元/台,,image,华为平板.jpg,数码网报价单-0831更新/平板相关/华为平板.jpg,1,0.98,visual_manual
20260831-e501697d4e57149ae243-01,2026-08-31,平板,device,华为,平板,Mate pad 23款11寸,,,开机屏坏,300,元/台,,image,华为平板.jpg,数码网报价单-0831更新/平板相关/华为平板.jpg,1,0.98,visual_manual
20260831-12ec5301780c331fd665-01,2026-08-31,平板,device,华为,平板,Mate pad 23款11寸,,,不开机,120,元/台,,image,华为平板.jpg,数码网报价单-0831更新/平板相关/华为平板.jpg,1,0.98,visual_manual
20260831-cb77ae7b9936497772b5-01,2026-08-31,平板,device,华为,平板,Mate pad 23款11寸,,,废板-整机,120,元/台,,image,华为平板.jpg,数码网报价单-0831更新/平板相关/华为平板.jpg,1,0.98,visual_manual
20260831-914097f5b341146bd375-01,2026-08-31,平板,device,华为,平板,Mate pad 10.8寸 WIFI版,,,开机屏好,140,元/台,,image,华为平板.jpg,数码网报价单-0831更新/平板相关/华为平板.jpg,1,0.98,visual_manual
20260831-cca6cf28484c200f319c-01,2026-08-31,平板,device,华为,平板,Mate pad 10.8寸 WIFI版,,,开机屏坏,140,元/台,,image,华为平板.jpg,数码网报价单-0831更新/平板相关/华为平板.jpg,1,0.98,visual_manual
20260831-74440bf5dfd6b987222d-01,2026-08-31,平板,device,华为,平板,Mate pad 10.8寸 WIFI版,,,不开机,50,元/台,,image,华为平板.jpg,数码网报价单-0831更新/平板相关/华为平板.jpg,1,0.98,visual_manual
20260831-c8f305d923df1a00cc78-01,2026-08-31,平板,device,华为,平板,Mate pad 10.8寸 WIFI版,,,废板-整机,50,元/台,,image,华为平板.jpg,数码网报价单-0831更新/平板相关/华为平板.jpg,1,0.98,visual_manual
20260831-bfbb801e79d60c17875e-01,2026-08-31,平板,device,华为,平板,Mate pad 10.8寸 WIFI+4G版,,,开机屏好,140,元/台,,image,华为平板.jpg,数码网报价单-0831更新/平板相关/华为平板.jpg,1,0.98,visual_manual
20260831-37e4a0f85a63f13ceac4-01,2026-08-31,平板,device,华为,平板,Mate pad 10.8寸 WIFI+4G版,,,开机屏坏,140,元/台,,image,华为平板.jpg,数码网报价单-0831更新/平板相关/华为平板.jpg,1,0.98,visual_manual
20260831-0632ca0e9771c4fe93c5-01,2026-08-31,平板,device,华为,平板,Mate pad 10.8寸 WIFI+4G版,,,不开机,50,元/台,,image,华为平板.jpg,数码网报价单-0831更新/平板相关/华为平板.jpg,1,0.98,visual_manual
20260831-d1ec75ffbecc8ca3cc8d-01,2026-08-31,平板,device,华为,平板,Mate pad 10.8寸 WIFI+4G版,,,废板-整机,50,元/台,,image,华为平板.jpg,数码网报价单-0831更新/平板相关/华为平板.jpg,1,0.98,visual_manual
20260831-acf5792e2f63162f119f-01,2026-08-31,平板,device,华为,平板,MatePad 10.4寸 WiFi版,,,开机屏好,140,元/台,,image,华为平板.jpg,数码网报价单-0831更新/平板相关/华为平板.jpg,1,0.98,visual_manual
20260831-1913f6f7f8f427bfee5e-01,2026-08-31,平板,device,华为,平板,MatePad 10.4寸 WiFi版,,,开机屏坏,140,元/台,,image,华为平板.jpg,数码网报价单-0831更新/平板相关/华为平板.jpg,1,0.98,visual_manual
20260831-4bdfed38c08a11847b1e-01,2026-08-31,平板,device,华为,平板,MatePad 10.4寸 WiFi版,,,不开机,140,元/台,,image,华为平板.jpg,数码网报价单-0831更新/平板相关/华为平板.jpg,1,0.98,visual_manual
20260831-21b38ee25ca77301a2ed-01,2026-08-31,平板,device,华为,平板,MatePad 10.4寸 WiFi版,,,废板-整机,140,元/台,,image,华为平板.jpg,数码网报价单-0831更新/平板相关/华为平板.jpg,1,0.98,visual_manual
20260831-6f8fb754c679ae3e5ef0-01,2026-08-31,平板,device,华为,平板,mate pad 11 10.95寸 WIFI版,,,开机屏好,260,元/台,,image,华为平板.jpg,数码网报价单-0831更新/平板相关/华为平板.jpg,1,0.98,visual_manual
20260831-b03944cf1d81bd3e9755-01,2026-08-31,平板,device,华为,平板,mate pad 11 10.95寸 WIFI版,,,开机屏坏,260,元/台,,image,华为平板.jpg,数码网报价单-0831更新/平板相关/华为平板.jpg,1,0.98,visual_manual
20260831-45fe96ae9768b26a1824-01,2026-08-31,平板,device,华为,平板,mate pad 11 10.95寸 WIFI版,,,不开机,70,元/台,,image,华为平板.jpg,数码网报价单-0831更新/平板相关/华为平板.jpg,1,0.98,visual_manual
20260831-aada018649fbccf5bd96-01,2026-08-31,平板,device,华为,平板,mate pad 11 10.95寸 WIFI版,,,废板-整机,50,元/台,,image,华为平板.jpg,数码网报价单-0831更新/平板相关/华为平板.jpg,1,0.98,visual_manual
20260831-d15c33383b2fbf67e197-01,2026-08-31,平板,device,华为,平板,M6平板10.8寸 WiFi版,,,开机屏好,110,元/台,,image,华为平板.jpg,数码网报价单-0831更新/平板相关/华为平板.jpg,1,0.98,visual_manual
20260831-6e3f49247383991de0ea-01,2026-08-31,平板,device,华为,平板,M6平板10.8寸 WiFi版,,,开机屏坏,110,元/台,,image,华为平板.jpg,数码网报价单-0831更新/平板相关/华为平板.jpg,1,0.98,visual_manual
20260831-842a586e5be27ddb5c1e-01,2026-08-31,平板,device,华为,平板,M6平板10.8寸 WiFi版,,,不开机,70,元/台,,image,华为平板.jpg,数码网报价单-0831更新/平板相关/华为平板.jpg,1,0.98,visual_manual
20260831-398d9b3f78229001d677-01,2026-08-31,平板,device,华为,平板,M6平板10.8寸 WiFi版,,,废板-整机,70,元/台,,image,华为平板.jpg,数码网报价单-0831更新/平板相关/华为平板.jpg,1,0.98,visual_manual
20260831-52a552c72c9edcad8b1b-01,2026-08-31,平板,device,华为,平板,M6平板10.8寸 WiFi+4G,,,开机屏好,110,元/台,,image,华为平板.jpg,数码网报价单-0831更新/平板相关/华为平板.jpg,1,0.98,visual_manual
20260831-2f0b4938667bb0e4484b-01,2026-08-31,平板,device,华为,平板,M6平板10.8寸 WiFi+4G,,,开机屏坏,110,元/台,,image,华为平板.jpg,数码网报价单-0831更新/平板相关/华为平板.jpg,1,0.98,visual_manual
20260831-159b277a0015f4f46d1b-01,2026-08-31,平板,device,华为,平板,M6平板10.8寸 WiFi+4G,,,不开机,70,元/台,,image,华为平板.jpg,数码网报价单-0831更新/平板相关/华为平板.jpg,1,0.98,visual_manual
20260831-8f0e145e65c1737ade09-01,2026-08-31,平板,device,华为,平板,M6平板10.8寸 WiFi+4G,,,废板-整机,70,元/台,,image,华为平板.jpg,数码网报价单-0831更新/平板相关/华为平板.jpg,1,0.98,visual_manual
20260831-3f13ac45a97f20bafb25-01,2026-08-31,平板,device,华为,平板,M6平板10.8寸WiFi版,,,开机屏好,110,元/台,,image,华为平板.jpg,数码网报价单-0831更新/平板相关/华为平板.jpg,1,0.98,visual_manual
20260831-336bd9a12044506b6eff-01,2026-08-31,平板,device,华为,平板,M6平板10.8寸WiFi版,,,开机屏坏,110,元/台,,image,华为平板.jpg,数码网报价单-0831更新/平板相关/华为平板.jpg,1,0.98,visual_manual
20260831-27c167fb6fb50eb97dcf-01,2026-08-31,平板,device,华为,平板,M6平板10.8寸WiFi版,,,不开机,70,元/台,,image,华为平板.jpg,数码网报价单-0831更新/平板相关/华为平板.jpg,1,0.98,visual_manual
20260831-dc993fc043d69d9046b3-01,2026-08-31,平板,device,华为,平板,M6平板10.8寸WiFi版,,,废板-整机,70,元/台,,image,华为平板.jpg,数码网报价单-0831更新/平板相关/华为平板.jpg,1,0.98,visual_manual
20260831-f62f2908ff2d565d5c1f-01,2026-08-31,平板,device,华为,平板,M6平板10.8寸插卡版,,,开机屏好,110,元/台,,image,华为平板.jpg,数码网报价单-0831更新/平板相关/华为平板.jpg,1,0.98,visual_manual
20260831-e0e5484cf2cc71b36e56-01,2026-08-31,平板,device,华为,平板,M6平板10.8寸插卡版,,,开机屏坏,110,元/台,,image,华为平板.jpg,数码网报价单-0831更新/平板相关/华为平板.jpg,1,0.98,visual_manual
20260831-fad2f6f9e2b8cc70c4d2-01,2026-08-31,平板,device,华为,平板,M6平板10.8寸插卡版,,,不开机,70,元/台,,image,华为平板.jpg,数码网报价单-0831更新/平板相关/华为平板.jpg,1,0.98,visual_manual
20260831-786e74b581bc9ea461ae-01,2026-08-31,平板,device,华为,平板,M6平板10.8寸插卡版,,,废板-整机,70,元/台,,image,华为平板.jpg,数码网报价单-0831更新/平板相关/华为平板.jpg,1,0.98,visual_manual
20260831-7e179b1baa11ad29c7c0-01,2026-08-31,平板,device,华为,平板,M6平板8.4寸WiFi版,,,开机屏好,80,元/台,,image,华为平板.jpg,数码网报价单-0831更新/平板相关/华为平板.jpg,1,0.98,visual_manual
20260831-1091b62370c14a700e97-01,2026-08-31,平板,device,华为,平板,M6平板8.4寸WiFi版,,,开机屏坏,80,元/台,,image,华为平板.jpg,数码网报价单-0831更新/平板相关/华为平板.jpg,1,0.98,visual_manual
20260831-6e71f816886758a5fc87-01,2026-08-31,平板,device,华为,平板,M6平板8.4寸WiFi版,,,不开机,70,元/台,,image,华为平板.jpg,数码网报价单-0831更新/平板相关/华为平板.jpg,1,0.98,visual_manual
20260831-cb28e72110259ef300aa-01,2026-08-31,平板,device,华为,平板,M6平板8.4寸WiFi版,,,废板-整机,70,元/台,,image,华为平板.jpg,数码网报价单-0831更新/平板相关/华为平板.jpg,1,0.98,visual_manual
20260831-4fd55d2d71980cd3a686-01,2026-08-31,平板,device,华为,平板,M6平板8.4寸插卡版,,,开机屏好,80,元/台,,image,华为平板.jpg,数码网报价单-0831更新/平板相关/华为平板.jpg,1,0.98,visual_manual
20260831-4d242c6ef8b2496aff44-01,2026-08-31,平板,device,华为,平板,M6平板8.4寸插卡版,,,开机屏坏,80,元/台,,image,华为平板.jpg,数码网报价单-0831更新/平板相关/华为平板.jpg,1,0.98,visual_manual
20260831-ba9343b5312b6c96c2b6-01,2026-08-31,平板,device,华为,平板,M6平板8.4寸插卡版,,,不开机,70,元/台,,image,华为平板.jpg,数码网报价单-0831更新/平板相关/华为平板.jpg,1,0.98,visual_manual
20260831-962db89617cd56c7e0b3-01,2026-08-31,平板,device,华为,平板,M6平板8.4寸插卡版,,,废板-整机,70,元/台,,image,华为平板.jpg,数码网报价单-0831更新/平板相关/华为平板.jpg,1,0.98,visual_manual
20260831-26081cef766bb1789b40-01,2026-08-31,平板,device,华为,平板,M5 Pro平板10.8寸WiFi,,,开机屏好,70,元/台,,image,华为平板.jpg,数码网报价单-0831更新/平板相关/华为平板.jpg,1,0.98,visual_manual
20260831-259c8db5631f8120d523-01,2026-08-31,平板,device,华为,平板,M5 Pro平板10.8寸WiFi,,,开机屏坏,70,元/台,,image,华为平板.jpg,数码网报价单-0831更新/平板相关/华为平板.jpg,1,0.98,visual_manual
20260831-cc27e312544939f5b6a4-01,2026-08-31,平板,device,华为,平板,M5 Pro平板10.8寸WiFi,,,不开机,70,元/台,,image,华为平板.jpg,数码网报价单-0831更新/平板相关/华为平板.jpg,1,0.98,visual_manual
20260831-dd9676988f5082bca915-01,2026-08-31,平板,device,华为,平板,M5 Pro平板10.8寸WiFi,,,废板-整机,70,元/台,,image,华为平板.jpg,数码网报价单-0831更新/平板相关/华为平板.jpg,1,0.98,visual_manual
20260831-8a45e640d5283729fcdb-01,2026-08-31,平板,device,华为,平板,M5 Pro平板10.8寸WiFi+4G,,,开机屏好,70,元/台,,image,华为平板.jpg,数码网报价单-0831更新/平板相关/华为平板.jpg,1,0.98,visual_manual
20260831-cdbe7f5dc269e1beb015-01,2026-08-31,平板,device,华为,平板,M5 Pro平板10.8寸WiFi+4G,,,开机屏坏,70,元/台,,image,华为平板.jpg,数码网报价单-0831更新/平板相关/华为平板.jpg,1,0.98,visual_manual
20260831-44df495c541c7d5a1e6b-01,2026-08-31,平板,device,华为,平板,M5 Pro平板10.8寸WiFi+4G,,,不开机,70,元/台,,image,华为平板.jpg,数码网报价单-0831更新/平板相关/华为平板.jpg,1,0.98,visual_manual
20260831-a0e2f49a36d51f46d569-01,2026-08-31,平板,device,华为,平板,M5 Pro平板10.8寸WiFi+4G,,,废板-整机,70,元/台,,image,华为平板.jpg,数码网报价单-0831更新/平板相关/华为平板.jpg,1,0.98,visual_manual
20260831-2cd99e82d77d86ca8207-01,2026-08-31,平板,device,华为,平板,M5平板10.8寸WiFi+4G,,,开机屏好,70,元/台,,image,华为平板.jpg,数码网报价单-0831更新/平板相关/华为平板.jpg,1,0.98,visual_manual
20260831-ad40b4e73f53eba1281b-01,2026-08-31,平板,device,华为,平板,M5平板10.8寸WiFi+4G,,,开机屏坏,70,元/台,,image,华为平板.jpg,数码网报价单-0831更新/平板相关/华为平板.jpg,1,0.98,visual_manual
20260831-9354475af2c82e6c3331-01,2026-08-31,平板,device,华为,平板,M5平板10.8寸WiFi+4G,,,不开机,70,元/台,,image,华为平板.jpg,数码网报价单-0831更新/平板相关/华为平板.jpg,1,0.98,visual_manual
20260831-428da509a7f77b6ae59e-01,2026-08-31,平板,device,华为,平板,M5平板10.8寸WiFi+4G,,,废板-整机,70,元/台,,image,华为平板.jpg,数码网报价单-0831更新/平板相关/华为平板.jpg,1,0.98,visual_manual
20260831-6ec69c8a7809456d1477-01,2026-08-31,平板,device,华为,平板,M5平板8.4寸WiFi+4G,,,开机屏好,50,元/台,,image,华为平板.jpg,数码网报价单-0831更新/平板相关/华为平板.jpg,1,0.98,visual_manual
20260831-b6292cb309a8eea30a2b-01,2026-08-31,平板,device,华为,平板,M5平板8.4寸WiFi+4G,,,开机屏坏,50,元/台,,image,华为平板.jpg,数码网报价单-0831更新/平板相关/华为平板.jpg,1,0.98,visual_manual
20260831-6766c72e558245be6421-01,2026-08-31,平板,device,华为,平板,M5平板8.4寸WiFi+4G,,,不开机,50,元/台,,image,华为平板.jpg,数码网报价单-0831更新/平板相关/华为平板.jpg,1,0.98,visual_manual
20260831-fca56b65701c0901e69a-01,2026-08-31,平板,device,华为,平板,M5平板8.4寸WiFi+4G,,,废板-整机,50,元/台,,image,华为平板.jpg,数码网报价单-0831更新/平板相关/华为平板.jpg,1,0.98,visual_manual
20260831-587d300a8a706cf3e2e1-01,2026-08-31,平板,device,华为,平板,M5青春版10.1寸WiFi,,,开机屏好,70,元/台,,image,华为平板.jpg,数码网报价单-0831更新/平板相关/华为平板.jpg,1,0.98,visual_manual
20260831-299973d7c191827c83ac-01,2026-08-31,平板,device,华为,平板,M5青春版10.1寸WiFi,,,开机屏坏,70,元/台,,image,华为平板.jpg,数码网报价单-0831更新/平板相关/华为平板.jpg,1,0.98,visual_manual
20260831-d77f1007c718f21a35d8-01,2026-08-31,平板,device,华为,平板,M5青春版10.1寸WiFi,,,不开机,70,元/台,,image,华为平板.jpg,数码网报价单-0831更新/平板相关/华为平板.jpg,1,0.98,visual_manual
20260831-49bfe873ebde5a659c12-01,2026-08-31,平板,device,华为,平板,M5青春版10.1寸WiFi,,,废板-整机,70,元/台,,image,华为平板.jpg,数码网报价单-0831更新/平板相关/华为平板.jpg,1,0.98,visual_manual
20260831-b2fa713c35ecd6c47acf-01,2026-08-31,平板,device,华为,平板,M5青春版10.1寸WiFi+4G,,,开机屏好,70,元/台,,image,华为平板.jpg,数码网报价单-0831更新/平板相关/华为平板.jpg,1,0.98,visual_manual
20260831-e61132df793ee53496d8-01,2026-08-31,平板,device,华为,平板,M5青春版10.1寸WiFi+4G,,,开机屏坏,70,元/台,,image,华为平板.jpg,数码网报价单-0831更新/平板相关/华为平板.jpg,1,0.98,visual_manual
20260831-732af70404fea88be6f8-01,2026-08-31,平板,device,华为,平板,M5青春版10.1寸WiFi+4G,,,不开机,70,元/台,,image,华为平板.jpg,数码网报价单-0831更新/平板相关/华为平板.jpg,1,0.98,visual_manual
20260831-85e94d31e1acc9f76a1b-01,2026-08-31,平板,device,华为,平板,M5青春版10.1寸WiFi+4G,,,废板-整机,70,元/台,,image,华为平板.jpg,数码网报价单-0831更新/平板相关/华为平板.jpg,1,0.98,visual_manual
20260831-ac5321874128ba637106-01,2026-08-31,平板,device,华为,平板,M5青春版8寸WiFi,,,开机屏好,110,元/台,,image,华为平板.jpg,数码网报价单-0831更新/平板相关/华为平板.jpg,1,0.98,visual_manual
20260831-ccd2ea54698b23a0f252-01,2026-08-31,平板,device,华为,平板,M5青春版8寸WiFi,,,开机屏坏,110,元/台,,image,华为平板.jpg,数码网报价单-0831更新/平板相关/华为平板.jpg,1,0.98,visual_manual
20260831-a814a7347a8a76c7c148-01,2026-08-31,平板,device,华为,平板,M5青春版8寸WiFi,,,不开机,110,元/台,,image,华为平板.jpg,数码网报价单-0831更新/平板相关/华为平板.jpg,1,0.98,visual_manual
20260831-8ac2ef7da3c9c945e8c3-01,2026-08-31,平板,device,华为,平板,M5青春版8寸WiFi,,,废板-整机,110,元/台,,image,华为平板.jpg,数码网报价单-0831更新/平板相关/华为平板.jpg,1,0.98,visual_manual
20260831-1c63c85bfa1ba025b402-01,2026-08-31,平板,device,华为,平板,M5青春版8寸WiFi+4G,,,开机屏好,110,元/台,,image,华为平板.jpg,数码网报价单-0831更新/平板相关/华为平板.jpg,1,0.98,visual_manual
20260831-931f95557c8dcb3b2322-01,2026-08-31,平板,device,华为,平板,M5青春版8寸WiFi+4G,,,开机屏坏,110,元/台,,image,华为平板.jpg,数码网报价单-0831更新/平板相关/华为平板.jpg,1,0.98,visual_manual
20260831-370c5e775ca5a09099ab-01,2026-08-31,平板,device,华为,平板,M5青春版8寸WiFi+4G,,,不开机,110,元/台,,image,华为平板.jpg,数码网报价单-0831更新/平板相关/华为平板.jpg,1,0.98,visual_manual
20260831-0ac63f2daa8576912731-01,2026-08-31,平板,device,华为,平板,M5青春版8寸WiFi+4G,,,废板-整机,110,元/台,,image,华为平板.jpg,数码网报价单-0831更新/平板相关/华为平板.jpg,1,0.98,visual_manual
20260831-ea841dcec022941261ad-01,2026-08-31,平板,device,华为,平板,M3平板8.4寸WiFi+4G,,,开机屏好,45,元/台,,image,华为平板.jpg,数码网报价单-0831更新/平板相关/华为平板.jpg,1,0.98,visual_manual
20260831-627c2ea57d299a07c150-01,2026-08-31,平板,device,华为,平板,M3平板8.4寸WiFi+4G,,,开机屏坏,45,元/台,,image,华为平板.jpg,数码网报价单-0831更新/平板相关/华为平板.jpg,1,0.98,visual_manual
20260831-4c5f5c6477e7d1d776b6-01,2026-08-31,平板,device,华为,平板,M3平板8.4寸WiFi+4G,,,不开机,45,元/台,,image,华为平板.jpg,数码网报价单-0831更新/平板相关/华为平板.jpg,1,0.98,visual_manual
20260831-042ce24ac12cfe940b37-01,2026-08-31,平板,device,华为,平板,M3平板8.4寸WiFi+4G,,,废板-整机,45,元/台,,image,华为平板.jpg,数码网报价单-0831更新/平板相关/华为平板.jpg,1,0.98,visual_manual
20260831-fe236e357c6e13d298f1-01,2026-08-31,平板,device,华为,平板,M3青春10.1寸,,,开机屏好,40,元/台,,image,华为平板.jpg,数码网报价单-0831更新/平板相关/华为平板.jpg,1,0.98,visual_manual
20260831-908497cd8aa86c9c824b-01,2026-08-31,平板,device,华为,平板,M3青春10.1寸,,,开机屏坏,40,元/台,,image,华为平板.jpg,数码网报价单-0831更新/平板相关/华为平板.jpg,1,0.98,visual_manual
20260831-d72a5b14e1c6259d904e-01,2026-08-31,平板,device,华为,平板,M3青春10.1寸,,,不开机,40,元/台,,image,华为平板.jpg,数码网报价单-0831更新/平板相关/华为平板.jpg,1,0.98,visual_manual
20260831-354906cea7dad2b006be-01,2026-08-31,平板,device,华为,平板,M3青春10.1寸,,,废板-整机,40,元/台,,image,华为平板.jpg,数码网报价单-0831更新/平板相关/华为平板.jpg,1,0.98,visual_manual
20260831-5a6bad28c58c167fe8e4-01,2026-08-31,平板,device,华为,平板,M3青春WiFi+4G,,,开机屏好,40,元/台,,image,华为平板.jpg,数码网报价单-0831更新/平板相关/华为平板.jpg,1,0.98,visual_manual
20260831-6d2dd36c11cd562150e8-01,2026-08-31,平板,device,华为,平板,M3青春WiFi+4G,,,开机屏坏,40,元/台,,image,华为平板.jpg,数码网报价单-0831更新/平板相关/华为平板.jpg,1,0.98,visual_manual
20260831-32a0834fa130148d8e9c-01,2026-08-31,平板,device,华为,平板,M3青春WiFi+4G,,,不开机,40,元/台,,image,华为平板.jpg,数码网报价单-0831更新/平板相关/华为平板.jpg,1,0.98,visual_manual
20260831-79806ee136879588945f-01,2026-08-31,平板,device,华为,平板,M3青春WiFi+4G,,,废板-整机,40,元/台,,image,华为平板.jpg,数码网报价单-0831更新/平板相关/华为平板.jpg,1,0.98,visual_manual
20260831-3bb81ef7d0d206de312a-01,2026-08-31,平板,device,华为,平板,M3青春8寸WiFi版,,,开机屏好,35,元/台,,image,华为平板.jpg,数码网报价单-0831更新/平板相关/华为平板.jpg,1,0.98,visual_manual
20260831-9abb9cad9e2628095b69-01,2026-08-31,平板,device,华为,平板,M3青春8寸WiFi版,,,开机屏坏,35,元/台,,image,华为平板.jpg,数码网报价单-0831更新/平板相关/华为平板.jpg,1,0.98,visual_manual
20260831-185b8dc24ae3340fcd11-01,2026-08-31,平板,device,华为,平板,M3青春8寸WiFi版,,,不开机,35,元/台,,image,华为平板.jpg,数码网报价单-0831更新/平板相关/华为平板.jpg,1,0.98,visual_manual
20260831-03de06baab27cc6ed73a-01,2026-08-31,平板,device,华为,平板,M3青春8寸WiFi版,,,废板-整机,35,元/台,,image,华为平板.jpg,数码网报价单-0831更新/平板相关/华为平板.jpg,1,0.98,visual_manual
20260831-80b904cb984824aecb2e-01,2026-08-31,平板,device,华为,平板,M3青春8寸WiFi+4G,,,开机屏好,35,元/台,,image,华为平板.jpg,数码网报价单-0831更新/平板相关/华为平板.jpg,1,0.98,visual_manual
20260831-57cb0a51a7d4b1e5ee4d-01,2026-08-31,平板,device,华为,平板,M3青春8寸WiFi+4G,,,开机屏坏,35,元/台,,image,华为平板.jpg,数码网报价单-0831更新/平板相关/华为平板.jpg,1,0.98,visual_manual
20260831-5066634455305461de06-01,2026-08-31,平板,device,华为,平板,M3青春8寸WiFi+4G,,,不开机,35,元/台,,image,华为平板.jpg,数码网报价单-0831更新/平板相关/华为平板.jpg,1,0.98,visual_manual
20260831-485b684d07428bc07a4e-01,2026-08-31,平板,device,华为,平板,M3青春8寸WiFi+4G,,,废板-整机,35,元/台,,image,华为平板.jpg,数码网报价单-0831更新/平板相关/华为平板.jpg,1,0.98,visual_manual
20260831-96c45a8a4ccfe8ea5093-01,2026-08-31,平板,device,华为,平板,华为平板M2 10.1寸,,,开机屏好,30,元/台,,image,华为平板.jpg,数码网报价单-0831更新/平板相关/华为平板.jpg,1,0.98,visual_manual
20260831-95766f30d0111cb84612-01,2026-08-31,平板,device,华为,平板,华为平板M2 10.1寸,,,开机屏坏,30,元/台,,image,华为平板.jpg,数码网报价单-0831更新/平板相关/华为平板.jpg,1,0.98,visual_manual
20260831-b04fe86ee7ae905da9a7-01,2026-08-31,平板,device,华为,平板,华为平板M2 10.1寸,,,不开机,30,元/台,,image,华为平板.jpg,数码网报价单-0831更新/平板相关/华为平板.jpg,1,0.98,visual_manual
20260831-3f27b76438445707be58-01,2026-08-31,平板,device,华为,平板,华为平板M2 10.1寸,,,废板-整机,30,元/台,,image,华为平板.jpg,数码网报价单-0831更新/平板相关/华为平板.jpg,1,0.98,visual_manual
20260831-7b2232147c016b63a576-01,2026-08-31,平板,device,华为,平板,华为平板M2 8寸,,,开机屏好,30,元/台,,image,华为平板.jpg,数码网报价单-0831更新/平板相关/华为平板.jpg,1,0.98,visual_manual
20260831-ad12889587b934346f09-01,2026-08-31,平板,device,华为,平板,华为平板M2 8寸,,,开机屏坏,30,元/台,,image,华为平板.jpg,数码网报价单-0831更新/平板相关/华为平板.jpg,1,0.98,visual_manual
20260831-82f45334b13191429039-01,2026-08-31,平板,device,华为,平板,华为平板M2 8寸,,,不开机,30,元/台,,image,华为平板.jpg,数码网报价单-0831更新/平板相关/华为平板.jpg,1,0.98,visual_manual
20260831-123a8070c03e041ef43e-01,2026-08-31,平板,device,华为,平板,华为平板M2 8寸,,,废板-整机,30,元/台,,image,华为平板.jpg,数码网报价单-0831更新/平板相关/华为平板.jpg,1,0.98,visual_manual
20260831-4180f55f45c6bf619868-01,2026-08-31,平板,device,华为,平板,华为平板M2青春版10.1寸WiFi,,,开机屏好,30,元/台,,image,华为平板.jpg,数码网报价单-0831更新/平板相关/华为平板.jpg,1,0.98,visual_manual
20260831-de9496f89b16d1c9ec4a-01,2026-08-31,平板,device,华为,平板,华为平板M2青春版10.1寸WiFi,,,开机屏坏,30,元/台,,image,华为平板.jpg,数码网报价单-0831更新/平板相关/华为平板.jpg,1,0.98,visual_manual
20260831-ea6af0fa66a5cf167614-01,2026-08-31,平板,device,华为,平板,华为平板M2青春版10.1寸WiFi,,,不开机,30,元/台,,image,华为平板.jpg,数码网报价单-0831更新/平板相关/华为平板.jpg,1,0.98,visual_manual
20260831-4d5a0ba9e259dd60939f-01,2026-08-31,平板,device,华为,平板,华为平板M2青春版10.1寸WiFi,,,废板-整机,30,元/台,,image,华为平板.jpg,数码网报价单-0831更新/平板相关/华为平板.jpg,1,0.98,visual_manual
20260831-2a035692aece802d571e-01,2026-08-31,平板,device,华为,平板,华为平板M2青春10.1寸WiFi+4G,,,开机屏好,30,元/台,,image,华为平板.jpg,数码网报价单-0831更新/平板相关/华为平板.jpg,1,0.98,visual_manual
20260831-e22b875c607bc5831ff0-01,2026-08-31,平板,device,华为,平板,华为平板M2青春10.1寸WiFi+4G,,,开机屏坏,30,元/台,,image,华为平板.jpg,数码网报价单-0831更新/平板相关/华为平板.jpg,1,0.98,visual_manual
20260831-5399e872c9566017b981-01,2026-08-31,平板,device,华为,平板,华为平板M2青春10.1寸WiFi+4G,,,不开机,30,元/台,,image,华为平板.jpg,数码网报价单-0831更新/平板相关/华为平板.jpg,1,0.98,visual_manual
20260831-631e223fe13850bdc45c-01,2026-08-31,平板,device,华为,平板,华为平板M2青春10.1寸WiFi+4G,,,废板-整机,30,元/台,,image,华为平板.jpg,数码网报价单-0831更新/平板相关/华为平板.jpg,1,0.98,visual_manual
20260831-71ed07780f97ac9bf077-01,2026-08-31,平板,device,华为,平板,华为平板m1 8寸WIFI+4G,,,开机屏好,25,元/台,,image,华为平板.jpg,数码网报价单-0831更新/平板相关/华为平板.jpg,1,0.98,visual_manual
20260831-1fa7930dd5601836c44a-01,2026-08-31,平板,device,华为,平板,华为平板m1 8寸WIFI+4G,,,开机屏坏,25,元/台,,image,华为平板.jpg,数码网报价单-0831更新/平板相关/华为平板.jpg,1,0.98,visual_manual
20260831-39e60438777d995d9548-01,2026-08-31,平板,device,华为,平板,华为平板m1 8寸WIFI+4G,,,不开机,25,元/台,,image,华为平板.jpg,数码网报价单-0831更新/平板相关/华为平板.jpg,1,0.98,visual_manual
20260831-fef4b812b712ef021d23-01,2026-08-31,平板,device,华为,平板,华为平板m1 8寸WIFI+4G,,,废板-整机,25,元/台,,image,华为平板.jpg,数码网报价单-0831更新/平板相关/华为平板.jpg,1,0.98,visual_manual
20260831-d105c7649148c6d71bc2-01,2026-08-31,平板,device,华为,平板,C5平板22年10.4寸WIFI,,,开机屏好,130,元/台,,image,华为平板.jpg,数码网报价单-0831更新/平板相关/华为平板.jpg,1,0.98,visual_manual
20260831-bf13a6156b7b461d6c16-01,2026-08-31,平板,device,华为,平板,C5平板22年10.4寸WIFI,,,开机屏坏,130,元/台,,image,华为平板.jpg,数码网报价单-0831更新/平板相关/华为平板.jpg,1,0.98,visual_manual
20260831-5869da583bdd2efba290-01,2026-08-31,平板,device,华为,平板,C5平板22年10.4寸WIFI,,,不开机,130,元/台,,image,华为平板.jpg,数码网报价单-0831更新/平板相关/华为平板.jpg,1,0.98,visual_manual
20260831-1458d460f144957ce503-01,2026-08-31,平板,device,华为,平板,C5平板22年10.4寸WIFI,,,废板-整机,60,元/台,,image,华为平板.jpg,数码网报价单-0831更新/平板相关/华为平板.jpg,1,0.98,visual_manual
20260831-6842e44ea31819f05c7d-01,2026-08-31,平板,device,华为,平板,C5平板22年10.4寸WiFi+4G,,,开机屏好,130,元/台,,image,华为平板.jpg,数码网报价单-0831更新/平板相关/华为平板.jpg,1,0.98,visual_manual
20260831-dd13db5b774d524997f1-01,2026-08-31,平板,device,华为,平板,C5平板22年10.4寸WiFi+4G,,,开机屏坏,130,元/台,,image,华为平板.jpg,数码网报价单-0831更新/平板相关/华为平板.jpg,1,0.98,visual_manual
20260831-8eb1ba4d7aafee0edc82-01,2026-08-31,平板,device,华为,平板,C5平板22年10.4寸WiFi+4G,,,不开机,130,元/台,,image,华为平板.jpg,数码网报价单-0831更新/平板相关/华为平板.jpg,1,0.98,visual_manual
20260831-5b3bea04c1cdb10577ba-01,2026-08-31,平板,device,华为,平板,C5平板22年10.4寸WiFi+4G,,,废板-整机,70,元/台,,image,华为平板.jpg,数码网报价单-0831更新/平板相关/华为平板.jpg,1,0.98,visual_manual
20260831-3892a51d84a949b8dec8-01,2026-08-31,平板,device,华为,平板,C5平板20年10.4寸WiFi,,,开机屏好,120,元/台,,image,华为平板.jpg,数码网报价单-0831更新/平板相关/华为平板.jpg,1,0.98,visual_manual
20260831-a1823a8dcc1175fd0d5a-01,2026-08-31,平板,device,华为,平板,C5平板20年10.4寸WiFi,,,开机屏坏,120,元/台,,image,华为平板.jpg,数码网报价单-0831更新/平板相关/华为平板.jpg,1,0.98,visual_manual
20260831-92d8f39521036b5e55eb-01,2026-08-31,平板,device,华为,平板,C5平板20年10.4寸WiFi,,,不开机,70,元/台,,image,华为平板.jpg,数码网报价单-0831更新/平板相关/华为平板.jpg,1,0.98,visual_manual
20260831-6cb385fb6e283e96b8fb-01,2026-08-31,平板,device,华为,平板,C5平板20年10.4寸WiFi,,,废板-整机,70,元/台,,image,华为平板.jpg,数码网报价单-0831更新/平板相关/华为平板.jpg,1,0.98,visual_manual
20260831-fd59fc0cbd13cf2fd3e7-01,2026-08-31,平板,device,华为,平板,C5平板20年10.4寸WiFi+4G,,,开机屏好,120,元/台,,image,华为平板.jpg,数码网报价单-0831更新/平板相关/华为平板.jpg,1,0.98,visual_manual
20260831-6db0c9dfa9f10fd86a05-01,2026-08-31,平板,device,华为,平板,C5平板20年10.4寸WiFi+4G,,,开机屏坏,120,元/台,,image,华为平板.jpg,数码网报价单-0831更新/平板相关/华为平板.jpg,1,0.98,visual_manual
20260831-6c721146a09c580041f0-01,2026-08-31,平板,device,华为,平板,C5平板20年10.4寸WiFi+4G,,,不开机,70,元/台,,image,华为平板.jpg,数码网报价单-0831更新/平板相关/华为平板.jpg,1,0.98,visual_manual
20260831-a9887557b37d97d328fb-01,2026-08-31,平板,device,华为,平板,C5平板20年10.4寸WiFi+4G,,,废板-整机,70,元/台,,image,华为平板.jpg,数码网报价单-0831更新/平板相关/华为平板.jpg,1,0.98,visual_manual
20260831-0bb7269d443a7b1ac3a7-01,2026-08-31,平板,device,华为,平板,C5平板18年10.1寸WiFi,,,开机屏好,35,元/台,,image,华为平板.jpg,数码网报价单-0831更新/平板相关/华为平板.jpg,1,0.98,visual_manual
20260831-3e88fa30393b225a3227-01,2026-08-31,平板,device,华为,平板,C5平板18年10.1寸WiFi,,,开机屏坏,35,元/台,,image,华为平板.jpg,数码网报价单-0831更新/平板相关/华为平板.jpg,1,0.98,visual_manual
20260831-5a9dcfb3aeea46a25ed6-01,2026-08-31,平板,device,华为,平板,C5平板18年10.1寸WiFi,,,不开机,35,元/台,,image,华为平板.jpg,数码网报价单-0831更新/平板相关/华为平板.jpg,1,0.98,visual_manual
20260831-f561db83dc7cf38dfbd0-01,2026-08-31,平板,device,华为,平板,C5平板18年10.1寸WiFi,,,废板-整机,35,元/台,,image,华为平板.jpg,数码网报价单-0831更新/平板相关/华为平板.jpg,1,0.98,visual_manual
20260831-5e59b9aa95d735ed15df-01,2026-08-31,平板,device,华为,平板,C5平板18年10.1寸WiFi+4G,,,开机屏好,35,元/台,,image,华为平板.jpg,数码网报价单-0831更新/平板相关/华为平板.jpg,1,0.98,visual_manual
20260831-5bf81fab354e484a4e86-01,2026-08-31,平板,device,华为,平板,C5平板18年10.1寸WiFi+4G,,,开机屏坏,35,元/台,,image,华为平板.jpg,数码网报价单-0831更新/平板相关/华为平板.jpg,1,0.98,visual_manual
20260831-b4b026d04b49f88bd0b6-01,2026-08-31,平板,device,华为,平板,C5平板18年10.1寸WiFi+4G,,,不开机,35,元/台,,image,华为平板.jpg,数码网报价单-0831更新/平板相关/华为平板.jpg,1,0.98,visual_manual
20260831-2e496cca20795126d660-01,2026-08-31,平板,device,华为,平板,C5平板18年10.1寸WiFi+4G,,,废板-整机,35,元/台,,image,华为平板.jpg,数码网报价单-0831更新/平板相关/华为平板.jpg,1,0.98,visual_manual
20260831-4225649925112f197ea8-01,2026-08-31,平板,device,华为,平板,华为平板C5 8寸,,,开机屏好,25,元/台,,image,华为平板.jpg,数码网报价单-0831更新/平板相关/华为平板.jpg,1,0.98,visual_manual
20260831-f61a4ff65edfa9c3f37e-01,2026-08-31,平板,device,华为,平板,华为平板C5 8寸,,,开机屏坏,25,元/台,,image,华为平板.jpg,数码网报价单-0831更新/平板相关/华为平板.jpg,1,0.98,visual_manual
20260831-a1e80bf4957515bc91e9-01,2026-08-31,平板,device,华为,平板,华为平板C5 8寸,,,不开机,25,元/台,,image,华为平板.jpg,数码网报价单-0831更新/平板相关/华为平板.jpg,1,0.98,visual_manual
20260831-d9ead6eded27084c8df3-01,2026-08-31,平板,device,华为,平板,华为平板C5 8寸,,,废板-整机,25,元/台,,image,华为平板.jpg,数码网报价单-0831更新/平板相关/华为平板.jpg,1,0.98,visual_manual
20260831-08377f275308c96b01a0-01,2026-08-31,平板,device,华为,平板,华为平板C3,,,开机屏好,35,元/台,,image,华为平板.jpg,数码网报价单-0831更新/平板相关/华为平板.jpg,1,0.98,visual_manual
20260831-7da8d7feef89a0fcbb5e-01,2026-08-31,平板,device,华为,平板,华为平板C3,,,开机屏坏,35,元/台,,image,华为平板.jpg,数码网报价单-0831更新/平板相关/华为平板.jpg,1,0.98,visual_manual
20260831-2249eb28204cca156762-01,2026-08-31,平板,device,华为,平板,华为平板C3,,,不开机,35,元/台,,image,华为平板.jpg,数码网报价单-0831更新/平板相关/华为平板.jpg,1,0.98,visual_manual
20260831-9356ec9072d30f16893c-01,2026-08-31,平板,device,华为,平板,华为平板C3,,,废板-整机,35,元/台,,image,华为平板.jpg,数码网报价单-0831更新/平板相关/华为平板.jpg,1,0.98,visual_manual
20260831-21859fa6c5dbf0bd6a9c-01,2026-08-31,平板,device,华为,平板,华为畅享平板2,,,开机屏好,130,元/台,,image,华为平板.jpg,数码网报价单-0831更新/平板相关/华为平板.jpg,1,0.98,visual_manual
20260831-74e7a1b64816af5afed4-01,2026-08-31,平板,device,华为,平板,华为畅享平板2,,,开机屏坏,130,元/台,,image,华为平板.jpg,数码网报价单-0831更新/平板相关/华为平板.jpg,1,0.98,visual_manual
20260831-a43efa6dd827bcf6969c-01,2026-08-31,平板,device,华为,平板,华为畅享平板2,,,不开机,130,元/台,,image,华为平板.jpg,数码网报价单-0831更新/平板相关/华为平板.jpg,1,0.98,visual_manual
20260831-9fd7a8a971aace7115f0-01,2026-08-31,平板,device,华为,平板,华为畅享平板2,,,废板-整机,138,元/台,,image,华为平板.jpg,数码网报价单-0831更新/平板相关/华为平板.jpg,1,0.98,visual_manual
20260831-7519720a3939719aa23a-01,2026-08-31,平板,device,华为,平板,华为畅享平板(金色),,,开机屏好,110,元/台,,image,华为平板.jpg,数码网报价单-0831更新/平板相关/华为平板.jpg,1,0.98,visual_manual
20260831-1914ec7c3c72a84a95ef-01,2026-08-31,平板,device,华为,平板,华为畅享平板(金色),,,开机屏坏,110,元/台,,image,华为平板.jpg,数码网报价单-0831更新/平板相关/华为平板.jpg,1,0.98,visual_manual
20260831-44b1c7fa7521b7723d4f-01,2026-08-31,平板,device,华为,平板,华为畅享平板(金色),,,不开机,110,元/台,,image,华为平板.jpg,数码网报价单-0831更新/平板相关/华为平板.jpg,1,0.98,visual_manual
20260831-a9313658d662675435ae-01,2026-08-31,平板,device,华为,平板,华为畅享平板(金色),,,废板-整机,110,元/台,,image,华为平板.jpg,数码网报价单-0831更新/平板相关/华为平板.jpg,1,0.98,visual_manual
20260831-0eaf8148f26fdbf9f401-01,2026-08-31,平板,device,华为,平板,华为畅享平板(黑色),,,开机屏好,45,元/台,,image,华为平板.jpg,数码网报价单-0831更新/平板相关/华为平板.jpg,1,0.98,visual_manual
20260831-4ee10e67b19696153df0-01,2026-08-31,平板,device,华为,平板,华为畅享平板(黑色),,,开机屏坏,45,元/台,,image,华为平板.jpg,数码网报价单-0831更新/平板相关/华为平板.jpg,1,0.98,visual_manual
20260831-21bbbde02e7d397315c4-01,2026-08-31,平板,device,华为,平板,华为畅享平板(黑色),,,不开机,45,元/台,,image,华为平板.jpg,数码网报价单-0831更新/平板相关/华为平板.jpg,1,0.98,visual_manual
20260831-7b0e3a4314acf902eac0-01,2026-08-31,平板,device,华为,平板,华为畅享平板(黑色),,,废板-整机,45,元/台,,image,华为平板.jpg,数码网报价单-0831更新/平板相关/华为平板.jpg,1,0.98,visual_manual
20260831-43b047da94bdc51ee5ae-01,2026-08-31,平板,device,华为,平板,华为畅享平板,,,开机屏好,45,元/台,,image,华为平板.jpg,数码网报价单-0831更新/平板相关/华为平板.jpg,1,0.98,visual_manual
20260831-92b01df322d727ece1db-01,2026-08-31,平板,device,华为,平板,华为畅享平板,,,开机屏坏,45,元/台,,image,华为平板.jpg,数码网报价单-0831更新/平板相关/华为平板.jpg,1,0.98,visual_manual
20260831-882b54cba40e5027b910-01,2026-08-31,平板,device,华为,平板,华为畅享平板,,,不开机,45,元/台,,image,华为平板.jpg,数码网报价单-0831更新/平板相关/华为平板.jpg,1,0.98,visual_manual
20260831-675105039021c3f33e05-01,2026-08-31,平板,device,华为,平板,华为畅享平板,,,废板-整机,45,元/台,,image,华为平板.jpg,数码网报价单-0831更新/平板相关/华为平板.jpg,1,0.98,visual_manual
20260831-dd1591dfb543fe372c92-01,2026-08-31,平板,device,华为,平板,华为MediaPad 7 Youth,,,开机屏好,25,元/台,,image,华为平板.jpg,数码网报价单-0831更新/平板相关/华为平板.jpg,1,0.98,visual_manual
20260831-794d7de1478d6521f524-01,2026-08-31,平板,device,华为,平板,华为MediaPad 7 Youth,,,开机屏坏,25,元/台,,image,华为平板.jpg,数码网报价单-0831更新/平板相关/华为平板.jpg,1,0.98,visual_manual
20260831-0a799e674b172ed6503d-01,2026-08-31,平板,device,华为,平板,华为MediaPad 7 Youth,,,不开机,25,元/台,,image,华为平板.jpg,数码网报价单-0831更新/平板相关/华为平板.jpg,1,0.98,visual_manual
20260831-ed6e93959fe90b24a78e-01,2026-08-31,平板,device,华为,平板,华为MediaPad 7 Youth,,,废板-整机,25,元/台,,image,华为平板.jpg,数码网报价单-0831更新/平板相关/华为平板.jpg,1,0.98,visual_manual
20260831-9b1b0ba665744fb88819-01,2026-08-31,平板,device,华为,平板,华为MediaPad S7-301u,,,开机屏好,25,元/台,,image,华为平板.jpg,数码网报价单-0831更新/平板相关/华为平板.jpg,1,0.98,visual_manual
20260831-b3ddc1d4c09fc022bc4a-01,2026-08-31,平板,device,华为,平板,华为MediaPad S7-301u,,,开机屏坏,25,元/台,,image,华为平板.jpg,数码网报价单-0831更新/平板相关/华为平板.jpg,1,0.98,visual_manual
20260831-3fb5bb5fff3617700cbf-01,2026-08-31,平板,device,华为,平板,华为MediaPad S7-301u,,,不开机,25,元/台,,image,华为平板.jpg,数码网报价单-0831更新/平板相关/华为平板.jpg,1,0.98,visual_manual
20260831-0d4274263c5477601b67-01,2026-08-31,平板,device,华为,平板,华为MediaPad S7-301u,,,废板-整机,25,元/台,,image,华为平板.jpg,数码网报价单-0831更新/平板相关/华为平板.jpg,1,0.98,visual_manual
20260831-4c9c6c64aaeab448ec59-01,2026-08-31,平板,device,华为,平板,华为MediaPad,,,开机屏好,30,元/台,,image,华为平板.jpg,数码网报价单-0831更新/平板相关/华为平板.jpg,1,0.98,visual_manual
20260831-9c28afef1eab03079361-01,2026-08-31,平板,device,华为,平板,华为MediaPad,,,开机屏坏,30,元/台,,image,华为平板.jpg,数码网报价单-0831更新/平板相关/华为平板.jpg,1,0.98,visual_manual
20260831-4cf689afab1dc2b80877-01,2026-08-31,平板,device,华为,平板,华为MediaPad,,,不开机,30,元/台,,image,华为平板.jpg,数码网报价单-0831更新/平板相关/华为平板.jpg,1,0.98,visual_manual
20260831-b3743e37e7c09b9f46f4-01,2026-08-31,平板,device,华为,平板,华为MediaPad,,,废板-整机,30,元/台,,image,华为平板.jpg,数码网报价单-0831更新/平板相关/华为平板.jpg,1,0.98,visual_manual
20260831-31944d52c12361558475-01,2026-08-31,平板,device,华为,平板,华为MediaPad 10,,,开机屏好,30,元/台,,image,华为平板.jpg,数码网报价单-0831更新/平板相关/华为平板.jpg,1,0.98,visual_manual
20260831-e27fba06309e70376734-01,2026-08-31,平板,device,华为,平板,华为MediaPad 10,,,开机屏坏,30,元/台,,image,华为平板.jpg,数码网报价单-0831更新/平板相关/华为平板.jpg,1,0.98,visual_manual
20260831-2faabe3c3b694ebcddee-01,2026-08-31,平板,device,华为,平板,华为MediaPad 10,,,不开机,30,元/台,,image,华为平板.jpg,数码网报价单-0831更新/平板相关/华为平板.jpg,1,0.98,visual_manual
20260831-e4590f1e031cec684a4b-01,2026-08-31,平板,device,华为,平板,华为MediaPad 10,,,废板-整机,30,元/台,,image,华为平板.jpg,数码网报价单-0831更新/平板相关/华为平板.jpg,1,0.98,visual_manual
20260831-221c61701038887467b8-01,2026-08-31,平板,device,华为,平板,HOL,,,开机屏好,35,元/台,,image,华为平板.jpg,数码网报价单-0831更新/平板相关/华为平板.jpg,1,0.98,visual_manual
20260831-57917c3b7d98783884d6-01,2026-08-31,平板,device,华为,平板,HOL,,,开机屏坏,35,元/台,,image,华为平板.jpg,数码网报价单-0831更新/平板相关/华为平板.jpg,1,0.98,visual_manual
20260831-2cc453caa86956acdfbe-01,2026-08-31,平板,device,华为,平板,HOL,,,不开机,35,元/台,,image,华为平板.jpg,数码网报价单-0831更新/平板相关/华为平板.jpg,1,0.98,visual_manual
20260831-937219b5359e619cd739-01,2026-08-31,平板,device,华为,平板,HOL,,,废板-整机,35,元/台,,image,华为平板.jpg,数码网报价单-0831更新/平板相关/华为平板.jpg,1,0.98,visual_manual
20260831-b6c5d0fb573032c9d16d-01,2026-08-31,平板,device,华为,平板,CAV,,,开机屏好,25,元/台,,image,华为平板.jpg,数码网报价单-0831更新/平板相关/华为平板.jpg,1,0.98,visual_manual
20260831-77b3876c7ab891437559-01,2026-08-31,平板,device,华为,平板,CAV,,,开机屏坏,25,元/台,,image,华为平板.jpg,数码网报价单-0831更新/平板相关/华为平板.jpg,1,0.98,visual_manual
20260831-20ad47413bf13a10576b-01,2026-08-31,平板,device,华为,平板,CAV,,,不开机,25,元/台,,image,华为平板.jpg,数码网报价单-0831更新/平板相关/华为平板.jpg,1,0.98,visual_manual
20260831-f95112cfe0a2e098bf4f-01,2026-08-31,平板,device,华为,平板,CAV,,,废板-整机,25,元/台,,image,华为平板.jpg,数码网报价单-0831更新/平板相关/华为平板.jpg,1,0.98,visual_manual
20260831-5209d47eb274313813cf-01,2026-08-31,平板,device,华为,平板,华为T3平板,,,开机屏好,30,元/台,,image,华为平板.jpg,数码网报价单-0831更新/平板相关/华为平板.jpg,1,0.98,visual_manual
20260831-d778e9377f63e7464b74-01,2026-08-31,平板,device,华为,平板,华为T3平板,,,开机屏坏,30,元/台,,image,华为平板.jpg,数码网报价单-0831更新/平板相关/华为平板.jpg,1,0.98,visual_manual
20260831-ddbcee08fbfe8f947c60-01,2026-08-31,平板,device,华为,平板,华为T3平板,,,不开机,30,元/台,,image,华为平板.jpg,数码网报价单-0831更新/平板相关/华为平板.jpg,1,0.98,visual_manual
20260831-168f31a50478669cce3d-01,2026-08-31,平板,device,华为,平板,华为T3平板,,,废板-整机,30,元/台,,image,华为平板.jpg,数码网报价单-0831更新/平板相关/华为平板.jpg,1,0.98,visual_manual
20260831-ec45a5c646ac37d1b029-01,2026-08-31,平板,device,华为,平板,7D-501L,,,开机屏好,30,元/台,,image,华为平板.jpg,数码网报价单-0831更新/平板相关/华为平板.jpg,1,0.98,visual_manual
20260831-1164f2390c21a548490e-01,2026-08-31,平板,device,华为,平板,7D-501L,,,开机屏坏,30,元/台,,image,华为平板.jpg,数码网报价单-0831更新/平板相关/华为平板.jpg,1,0.98,visual_manual
20260831-aea3c5d533d92030a3a3-01,2026-08-31,平板,device,华为,平板,7D-501L,,,不开机,30,元/台,,image,华为平板.jpg,数码网报价单-0831更新/平板相关/华为平板.jpg,1,0.98,visual_manual
20260831-f0cd7d523b4a7727a55c-01,2026-08-31,平板,device,华为,平板,7D-501L,,,废板-整机,30,元/台,,image,华为平板.jpg,数码网报价单-0831更新/平板相关/华为平板.jpg,1,0.98,visual_manual
20260831-0083229b6a16c1ab7833-01,2026-08-31,平板,device,华为,平板,KOS,,,开机屏好,35,元/台,,image,华为平板.jpg,数码网报价单-0831更新/平板相关/华为平板.jpg,1,0.98,visual_manual
20260831-dc685a6b2013f1655f8b-01,2026-08-31,平板,device,华为,平板,KOS,,,开机屏坏,35,元/台,,image,华为平板.jpg,数码网报价单-0831更新/平板相关/华为平板.jpg,1,0.98,visual_manual
20260831-e87c2694e4312d45cb1a-01,2026-08-31,平板,device,华为,平板,KOS,,,不开机,35,元/台,,image,华为平板.jpg,数码网报价单-0831更新/平板相关/华为平板.jpg,1,0.98,visual_manual
20260831-c7060969a089bee18791-01,2026-08-31,平板,device,华为,平板,KOS,,,废板-整机,35,元/台,,image,华为平板.jpg,数码网报价单-0831更新/平板相关/华为平板.jpg,1,0.98,visual_manual
20260831-ac9e458ce52fe092259a-01,2026-08-31,平板,device,华为,平板,BOX,,,开机屏好,400,元/台,,image,华为平板.jpg,数码网报价单-0831更新/平板相关/华为平板.jpg,1,0.98,visual_manual
20260831-8ea62e3650723d4302a2-01,2026-08-31,平板,device,华为,平板,BOX,,,开机屏坏,400,元/台,,image,华为平板.jpg,数码网报价单-0831更新/平板相关/华为平板.jpg,1,0.98,visual_manual
20260831-200fb209525d14e283fb-01,2026-08-31,平板,device,华为,平板,BOX,,,不开机,50,元/台,,image,华为平板.jpg,数码网报价单-0831更新/平板相关/华为平板.jpg,1,0.98,visual_manual
20260831-558eb09d37208d647ad3-01,2026-08-31,平板,device,华为,平板,BOX,,,废板-整机,50,元/台,,image,华为平板.jpg,数码网报价单-0831更新/平板相关/华为平板.jpg,1,0.98,visual_manual
20260831-0367e0e84920859817ac-01,2026-08-31,电脑,device,笔记本,,老款（14寸以上）,,,屏好配件齐,150,元/台,,image,老款笔记本.jpg,数码网报价单-0831更新/电脑相关/老款笔记本.jpg,1,0.98,visual_manual
20260831-feaa6da6ebccc74f61e3-01,2026-08-31,电脑,device,笔记本,,老款（14寸以上）,,,屏好碎配件齐,135,元/台,,image,老款笔记本.jpg,数码网报价单-0831更新/电脑相关/老款笔记本.jpg,1,0.98,visual_manual
20260831-c2efedaf723ae52a808d-01,2026-08-31,电脑,device,笔记本,,老款（14寸以上）,,,破屏配件齐,18,元/台,,image,老款笔记本.jpg,数码网报价单-0831更新/电脑相关/老款笔记本.jpg,1,0.98,visual_manual
20260831-419366812a7c367dfbc0-01,2026-08-31,电脑,device,笔记本,,老款（14寸以上）,,,屏好空机,100,元/台,,image,老款笔记本.jpg,数码网报价单-0831更新/电脑相关/老款笔记本.jpg,1,0.98,visual_manual
20260831-0cca4247814806ada42c-01,2026-08-31,电脑,device,笔记本,,老款（14寸以上）,,,破屏空机,15,元/台,,image,老款笔记本.jpg,数码网报价单-0831更新/电脑相关/老款笔记本.jpg,1,0.98,visual_manual
20260831-1d74103ecc932bbe3113-01,2026-08-31,电脑,device,笔记本,,LCD,,,屏好配件齐,150,元/台,,image,老款笔记本.jpg,数码网报价单-0831更新/电脑相关/老款笔记本.jpg,1,0.98,visual_manual
20260831-246809b7047fc9ed1c92-01,2026-08-31,电脑,device,笔记本,,LCD,,,屏好碎配件齐,135,元/台,,image,老款笔记本.jpg,数码网报价单-0831更新/电脑相关/老款笔记本.jpg,1,0.98,visual_manual
20260831-8d747cdfabf7b94c838c-01,2026-08-31,电脑,device,笔记本,,LCD,,,破屏配件齐,18,元/台,,image,老款笔记本.jpg,数码网报价单-0831更新/电脑相关/老款笔记本.jpg,1,0.98,visual_manual
20260831-062d787ff78777fd5df2-01,2026-08-31,电脑,device,笔记本,,LCD,,,屏好空机,100,元/台,,image,老款笔记本.jpg,数码网报价单-0831更新/电脑相关/老款笔记本.jpg,1,0.98,visual_manual
20260831-cce3f5b7e00254a14526-01,2026-08-31,电脑,device,笔记本,,LCD,,,破屏空机,15,元/台,,image,老款笔记本.jpg,数码网报价单-0831更新/电脑相关/老款笔记本.jpg,1,0.98,visual_manual
20260831-7dfc9bf4c59dedf029b3-01,2026-08-31,电脑,device,笔记本,,LED 2代,,,屏好配件齐,135,元/台,,image,老款笔记本.jpg,数码网报价单-0831更新/电脑相关/老款笔记本.jpg,1,0.98,visual_manual
20260831-9c3a3d5438c92a97edfa-01,2026-08-31,电脑,device,笔记本,,LED 2代,,,屏好碎配件齐,125,元/台,,image,老款笔记本.jpg,数码网报价单-0831更新/电脑相关/老款笔记本.jpg,1,0.98,visual_manual
20260831-a7b208dad1551088b010-01,2026-08-31,电脑,device,笔记本,,LED 2代,,,破屏配件齐,18,元/台,,image,老款笔记本.jpg,数码网报价单-0831更新/电脑相关/老款笔记本.jpg,1,0.98,visual_manual
20260831-ed1a9eefaad61b431030-01,2026-08-31,电脑,device,笔记本,,LED 2代,,,屏好空机,100,元/台,,image,老款笔记本.jpg,数码网报价单-0831更新/电脑相关/老款笔记本.jpg,1,0.98,visual_manual
20260831-18f4cb5dc2250bdb352a-01,2026-08-31,电脑,device,笔记本,,LED 2代,,,破屏空机,15,元/台,,image,老款笔记本.jpg,数码网报价单-0831更新/电脑相关/老款笔记本.jpg,1,0.98,visual_manual
20260831-fd4508c3eac8498ce4d6-01,2026-08-31,电脑,device,笔记本,,LED 3代,,,屏好配件齐,135,元/台,,image,老款笔记本.jpg,数码网报价单-0831更新/电脑相关/老款笔记本.jpg,1,0.98,visual_manual
20260831-8132898d13d26e44b28c-01,2026-08-31,电脑,device,笔记本,,LED 3代,,,屏好碎配件齐,125,元/台,,image,老款笔记本.jpg,数码网报价单-0831更新/电脑相关/老款笔记本.jpg,1,0.98,visual_manual
20260831-5e29e3705e29b1f6b374-01,2026-08-31,电脑,device,笔记本,,LED 3代,,,破屏配件齐,18,元/台,,image,老款笔记本.jpg,数码网报价单-0831更新/电脑相关/老款笔记本.jpg,1,0.98,visual_manual
20260831-36500344d4979bc1de31-01,2026-08-31,电脑,device,笔记本,,LED 3代,,,屏好空机,100,元/台,,image,老款笔记本.jpg,数码网报价单-0831更新/电脑相关/老款笔记本.jpg,1,0.98,visual_manual
20260831-b59f921d525c961a9d56-01,2026-08-31,电脑,device,笔记本,,LED 3代,,,破屏空机,15,元/台,,image,老款笔记本.jpg,数码网报价单-0831更新/电脑相关/老款笔记本.jpg,1,0.98,visual_manual
20260831-321bffd6752688153f1d-01,2026-08-31,电脑,device,笔记本,,AMD A6,,,屏好配件齐,150,元/台,,image,老款笔记本.jpg,数码网报价单-0831更新/电脑相关/老款笔记本.jpg,1,0.98,visual_manual
20260831-477b5da41203272a171a-01,2026-08-31,电脑,device,笔记本,,AMD A6,,,屏好碎配件齐,135,元/台,,image,老款笔记本.jpg,数码网报价单-0831更新/电脑相关/老款笔记本.jpg,1,0.98,visual_manual
20260831-55c27458ba671caebbaf-01,2026-08-31,电脑,device,笔记本,,AMD A6,,,破屏配件齐,18,元/台,,image,老款笔记本.jpg,数码网报价单-0831更新/电脑相关/老款笔记本.jpg,1,0.98,visual_manual
20260831-5daacc6deb4b02d6fcf6-01,2026-08-31,电脑,device,笔记本,,AMD A6,,,屏好空机,100,元/台,,image,老款笔记本.jpg,数码网报价单-0831更新/电脑相关/老款笔记本.jpg,1,0.98,visual_manual
20260831-1da16f4a502b96cdadc3-01,2026-08-31,电脑,device,笔记本,,AMD A6,,,破屏空机,15,元/台,,image,老款笔记本.jpg,数码网报价单-0831更新/电脑相关/老款笔记本.jpg,1,0.98,visual_manual
20260831-3753412361a0335b2fb1-01,2026-08-31,电脑,device,笔记本,,AMD A8,,,屏好配件齐,150,元/台,,image,老款笔记本.jpg,数码网报价单-0831更新/电脑相关/老款笔记本.jpg,1,0.98,visual_manual
20260831-c09b88269ee5e4743e6a-01,2026-08-31,电脑,device,笔记本,,AMD A8,,,屏好碎配件齐,135,元/台,,image,老款笔记本.jpg,数码网报价单-0831更新/电脑相关/老款笔记本.jpg,1,0.98,visual_manual
20260831-a5497e2e9dfec30cea45-01,2026-08-31,电脑,device,笔记本,,AMD A8,,,破屏配件齐,18,元/台,,image,老款笔记本.jpg,数码网报价单-0831更新/电脑相关/老款笔记本.jpg,1,0.98,visual_manual
20260831-102e804d619cc343414f-01,2026-08-31,电脑,device,笔记本,,AMD A8,,,屏好空机,100,元/台,,image,老款笔记本.jpg,数码网报价单-0831更新/电脑相关/老款笔记本.jpg,1,0.98,visual_manual
20260831-ebe497866fcad2ce4f65-01,2026-08-31,电脑,device,笔记本,,AMD A8,,,破屏空机,15,元/台,,image,老款笔记本.jpg,数码网报价单-0831更新/电脑相关/老款笔记本.jpg,1,0.98,visual_manual
20260831-059d951fea18115714f8-01,2026-08-31,电脑,device,笔记本,,AMD A10,,,屏好配件齐,150,元/台,,image,老款笔记本.jpg,数码网报价单-0831更新/电脑相关/老款笔记本.jpg,1,0.98,visual_manual
20260831-fcdbc63e74bdb79846e4-01,2026-08-31,电脑,device,笔记本,,AMD A10,,,屏好碎配件齐,135,元/台,,image,老款笔记本.jpg,数码网报价单-0831更新/电脑相关/老款笔记本.jpg,1,0.98,visual_manual
20260831-52e69a198f93d2f7299b-01,2026-08-31,电脑,device,笔记本,,AMD A10,,,破屏配件齐,18,元/台,,image,老款笔记本.jpg,数码网报价单-0831更新/电脑相关/老款笔记本.jpg,1,0.98,visual_manual
20260831-5ee1fff3eaf4ae8e7d28-01,2026-08-31,电脑,device,笔记本,,AMD A10,,,屏好空机,100,元/台,,image,老款笔记本.jpg,数码网报价单-0831更新/电脑相关/老款笔记本.jpg,1,0.98,visual_manual
20260831-0d1ac0d0c6e379474b57-01,2026-08-31,电脑,device,笔记本,,AMD A10,,,破屏空机,15,元/台,,image,老款笔记本.jpg,数码网报价单-0831更新/电脑相关/老款笔记本.jpg,1,0.98,visual_manual
20260831-e0ccd5b131b809c0f740-01,2026-08-31,电脑,device,笔记本,,I3 1代,,,屏好配件齐,150,元/台,,image,老款笔记本.jpg,数码网报价单-0831更新/电脑相关/老款笔记本.jpg,1,0.98,visual_manual
20260831-d418053a276073a79deb-01,2026-08-31,电脑,device,笔记本,,I3 1代,,,屏好碎配件齐,135,元/台,,image,老款笔记本.jpg,数码网报价单-0831更新/电脑相关/老款笔记本.jpg,1,0.98,visual_manual
20260831-2c8906da3898bdfae0a2-01,2026-08-31,电脑,device,笔记本,,I3 1代,,,破屏配件齐,18,元/台,,image,老款笔记本.jpg,数码网报价单-0831更新/电脑相关/老款笔记本.jpg,1,0.98,visual_manual
20260831-f3984146eca04b49126a-01,2026-08-31,电脑,device,笔记本,,I3 1代,,,屏好空机,100,元/台,,image,老款笔记本.jpg,数码网报价单-0831更新/电脑相关/老款笔记本.jpg,1,0.98,visual_manual
20260831-e5f4e90abdfea1cfcfe3-01,2026-08-31,电脑,device,笔记本,,I3 1代,,,破屏空机,15,元/台,,image,老款笔记本.jpg,数码网报价单-0831更新/电脑相关/老款笔记本.jpg,1,0.98,visual_manual
20260831-57438f4ec77fb95f738c-01,2026-08-31,电脑,device,笔记本,,I3 2代/3代,,,屏好配件齐,150,元/台,,image,老款笔记本.jpg,数码网报价单-0831更新/电脑相关/老款笔记本.jpg,1,0.98,visual_manual
20260831-0e6761d516a9cec30161-01,2026-08-31,电脑,device,笔记本,,I3 2代/3代,,,屏好碎配件齐,135,元/台,,image,老款笔记本.jpg,数码网报价单-0831更新/电脑相关/老款笔记本.jpg,1,0.98,visual_manual
20260831-279507fb5cb0575e2b84-01,2026-08-31,电脑,device,笔记本,,I3 2代/3代,,,破屏配件齐,18,元/台,,image,老款笔记本.jpg,数码网报价单-0831更新/电脑相关/老款笔记本.jpg,1,0.98,visual_manual
20260831-52f3d6ef8c99e418c4da-01,2026-08-31,电脑,device,笔记本,,I3 2代/3代,,,屏好空机,100,元/台,,image,老款笔记本.jpg,数码网报价单-0831更新/电脑相关/老款笔记本.jpg,1,0.98,visual_manual
20260831-1cbb7749ba7a288e873c-01,2026-08-31,电脑,device,笔记本,,I3 2代/3代,,,破屏空机,15,元/台,,image,老款笔记本.jpg,数码网报价单-0831更新/电脑相关/老款笔记本.jpg,1,0.98,visual_manual
20260831-8c9edfe7670b1aaf52a9-01,2026-08-31,电脑,device,笔记本,,I3 4代,,,屏好配件齐,160,元/台,,image,老款笔记本.jpg,数码网报价单-0831更新/电脑相关/老款笔记本.jpg,1,0.98,visual_manual
20260831-cb0824428de5219c883a-01,2026-08-31,电脑,device,笔记本,,I3 4代,,,屏好碎配件齐,145,元/台,,image,老款笔记本.jpg,数码网报价单-0831更新/电脑相关/老款笔记本.jpg,1,0.98,visual_manual
20260831-41cd9b626a2279c987cf-01,2026-08-31,电脑,device,笔记本,,I3 4代,,,破屏配件齐,80,元/台,,image,老款笔记本.jpg,数码网报价单-0831更新/电脑相关/老款笔记本.jpg,1,0.98,visual_manual
20260831-d4b0cf2182d08c9272ea-01,2026-08-31,电脑,device,笔记本,,I3 4代,,,屏好空机,100,元/台,,image,老款笔记本.jpg,数码网报价单-0831更新/电脑相关/老款笔记本.jpg,1,0.98,visual_manual
20260831-341bcb1c1bab330e08cc-01,2026-08-31,电脑,device,笔记本,,I3 4代,,,破屏空机,15,元/台,,image,老款笔记本.jpg,数码网报价单-0831更新/电脑相关/老款笔记本.jpg,1,0.98,visual_manual
20260831-4c7eb8fbdb3f1e434eda-01,2026-08-31,电脑,device,笔记本,,I5 1代,,,屏好配件齐,150,元/台,,image,老款笔记本.jpg,数码网报价单-0831更新/电脑相关/老款笔记本.jpg,1,0.98,visual_manual
20260831-85b6a43a598df337c51b-01,2026-08-31,电脑,device,笔记本,,I5 1代,,,屏好碎配件齐,135,元/台,,image,老款笔记本.jpg,数码网报价单-0831更新/电脑相关/老款笔记本.jpg,1,0.98,visual_manual
20260831-aa2244fb2cd575b05f0b-01,2026-08-31,电脑,device,笔记本,,I5 1代,,,破屏配件齐,18,元/台,,image,老款笔记本.jpg,数码网报价单-0831更新/电脑相关/老款笔记本.jpg,1,0.98,visual_manual
20260831-cd2734667ca5f95ad8b6-01,2026-08-31,电脑,device,笔记本,,I5 1代,,,屏好空机,100,元/台,,image,老款笔记本.jpg,数码网报价单-0831更新/电脑相关/老款笔记本.jpg,1,0.98,visual_manual
20260831-28249a0582f3386596bb-01,2026-08-31,电脑,device,笔记本,,I5 1代,,,破屏空机,15,元/台,,image,老款笔记本.jpg,数码网报价单-0831更新/电脑相关/老款笔记本.jpg,1,0.98,visual_manual
20260831-9017b1fea1135cc391e9-01,2026-08-31,电脑,device,笔记本,,I5 2代/3代,,,屏好配件齐,160,元/台,,image,老款笔记本.jpg,数码网报价单-0831更新/电脑相关/老款笔记本.jpg,1,0.98,visual_manual
20260831-cd5c63ec449bc68f8929-01,2026-08-31,电脑,device,笔记本,,I5 2代/3代,,,屏好碎配件齐,145,元/台,,image,老款笔记本.jpg,数码网报价单-0831更新/电脑相关/老款笔记本.jpg,1,0.98,visual_manual
20260831-b8f8a5eea85c122346c4-01,2026-08-31,电脑,device,笔记本,,I5 2代/3代,,,破屏配件齐,80,元/台,,image,老款笔记本.jpg,数码网报价单-0831更新/电脑相关/老款笔记本.jpg,1,0.98,visual_manual
20260831-227e03c56454fb599da5-01,2026-08-31,电脑,device,笔记本,,I5 2代/3代,,,屏好空机,100,元/台,,image,老款笔记本.jpg,数码网报价单-0831更新/电脑相关/老款笔记本.jpg,1,0.98,visual_manual
20260831-b0e3d7710d11d6dc3f0b-01,2026-08-31,电脑,device,笔记本,,I5 2代/3代,,,破屏空机,15,元/台,,image,老款笔记本.jpg,数码网报价单-0831更新/电脑相关/老款笔记本.jpg,1,0.98,visual_manual
20260831-a6ab7ed31c252fff3013-01,2026-08-31,电脑,device,笔记本,,I5 4代以上,,,屏好配件齐,180,元/台,,image,老款笔记本.jpg,数码网报价单-0831更新/电脑相关/老款笔记本.jpg,1,0.98,visual_manual
20260831-4a442beb10047b4e4814-01,2026-08-31,电脑,device,笔记本,,I5 4代以上,,,屏好碎配件齐,160,元/台,,image,老款笔记本.jpg,数码网报价单-0831更新/电脑相关/老款笔记本.jpg,1,0.98,visual_manual
20260831-217ea952e73bedeeda2c-01,2026-08-31,电脑,device,笔记本,,I5 4代以上,,,破屏配件齐,130,元/台,,image,老款笔记本.jpg,数码网报价单-0831更新/电脑相关/老款笔记本.jpg,1,0.98,visual_manual
20260831-b52ed81be10f3956898b-01,2026-08-31,电脑,device,笔记本,,I5 4代以上,,,屏好空机,120,元/台,,image,老款笔记本.jpg,数码网报价单-0831更新/电脑相关/老款笔记本.jpg,1,0.98,visual_manual
20260831-d01711d3769a5b52727d-01,2026-08-31,电脑,device,笔记本,,I5 4代以上,,,破屏空机,65,元/台,,image,老款笔记本.jpg,数码网报价单-0831更新/电脑相关/老款笔记本.jpg,1,0.98,visual_manual
20260831-30a8fedff8af0aacfa38-01,2026-08-31,电脑,device,笔记本,,I5 6代,,,屏好配件齐,180,元/台,,image,老款笔记本.jpg,数码网报价单-0831更新/电脑相关/老款笔记本.jpg,1,0.98,visual_manual
20260831-81bc7d5fe38e4f08ebaf-01,2026-08-31,电脑,device,笔记本,,I5 6代,,,屏好碎配件齐,160,元/台,,image,老款笔记本.jpg,数码网报价单-0831更新/电脑相关/老款笔记本.jpg,1,0.98,visual_manual
20260831-103e90dd13008d0241f2-01,2026-08-31,电脑,device,笔记本,,I5 6代,,,破屏配件齐,130,元/台,,image,老款笔记本.jpg,数码网报价单-0831更新/电脑相关/老款笔记本.jpg,1,0.98,visual_manual
20260831-29ef067c395db0d7d103-01,2026-08-31,电脑,device,笔记本,,I5 6代,,,屏好空机,120,元/台,,image,老款笔记本.jpg,数码网报价单-0831更新/电脑相关/老款笔记本.jpg,1,0.98,visual_manual
20260831-957c6f891f008d0f1961-01,2026-08-31,电脑,device,笔记本,,I5 6代,,,破屏空机,65,元/台,,image,老款笔记本.jpg,数码网报价单-0831更新/电脑相关/老款笔记本.jpg,1,0.98,visual_manual
20260831-48c27aedd9c10a6f1d2b-01,2026-08-31,电脑,device,笔记本,,I5 7代,,,屏好配件齐,180,元/台,,image,老款笔记本.jpg,数码网报价单-0831更新/电脑相关/老款笔记本.jpg,1,0.98,visual_manual
20260831-7adc6d0ffd46840e61e1-01,2026-08-31,电脑,device,笔记本,,I5 7代,,,屏好碎配件齐,160,元/台,,image,老款笔记本.jpg,数码网报价单-0831更新/电脑相关/老款笔记本.jpg,1,0.98,visual_manual
20260831-c99bdce8e972023bbe06-01,2026-08-31,电脑,device,笔记本,,I5 7代,,,破屏配件齐,130,元/台,,image,老款笔记本.jpg,数码网报价单-0831更新/电脑相关/老款笔记本.jpg,1,0.98,visual_manual
20260831-e2e5691276a137fe1141-01,2026-08-31,电脑,device,笔记本,,I5 7代,,,屏好空机,120,元/台,,image,老款笔记本.jpg,数码网报价单-0831更新/电脑相关/老款笔记本.jpg,1,0.98,visual_manual
20260831-d0d2480c355eb69a8c15-01,2026-08-31,电脑,device,笔记本,,I5 7代,,,破屏空机,65,元/台,,image,老款笔记本.jpg,数码网报价单-0831更新/电脑相关/老款笔记本.jpg,1,0.98,visual_manual
20260831-823464aa883872eefff7-01,2026-08-31,电脑,device,笔记本,,I5 4代 联想戴尔款,,,屏好配件齐,180,元/台,,image,老款笔记本.jpg,数码网报价单-0831更新/电脑相关/老款笔记本.jpg,1,0.98,visual_manual
20260831-9bd0bc9881560d6a5534-01,2026-08-31,电脑,device,笔记本,,I5 4代 联想戴尔款,,,屏好碎配件齐,170,元/台,,image,老款笔记本.jpg,数码网报价单-0831更新/电脑相关/老款笔记本.jpg,1,0.98,visual_manual
20260831-4d8f6715a86124628af6-01,2026-08-31,电脑,device,笔记本,,I5 4代 联想戴尔款,,,破屏配件齐,100,元/台,,image,老款笔记本.jpg,数码网报价单-0831更新/电脑相关/老款笔记本.jpg,1,0.98,visual_manual
20260831-75798deffae6b2eb359f-01,2026-08-31,电脑,device,笔记本,,I5 4代 联想戴尔款,,,屏好空机,120,元/台,,image,老款笔记本.jpg,数码网报价单-0831更新/电脑相关/老款笔记本.jpg,1,0.98,visual_manual
20260831-652484adad3eaf2bdaff-01,2026-08-31,电脑,device,笔记本,,I5 4代 联想戴尔款,,,破屏空机,65,元/台,,image,老款笔记本.jpg,数码网报价单-0831更新/电脑相关/老款笔记本.jpg,1,0.98,visual_manual
20260831-96555e3baf3976f962f0-01,2026-08-31,电脑,device,笔记本,,I5 6代 联想戴尔款,,,屏好配件齐,180,元/台,,image,老款笔记本.jpg,数码网报价单-0831更新/电脑相关/老款笔记本.jpg,1,0.98,visual_manual
20260831-b92dec5c021343391dd1-01,2026-08-31,电脑,device,笔记本,,I5 6代 联想戴尔款,,,屏好碎配件齐,170,元/台,,image,老款笔记本.jpg,数码网报价单-0831更新/电脑相关/老款笔记本.jpg,1,0.98,visual_manual
20260831-9948ef746434a059f87a-01,2026-08-31,电脑,device,笔记本,,I5 6代 联想戴尔款,,,破屏配件齐,100,元/台,,image,老款笔记本.jpg,数码网报价单-0831更新/电脑相关/老款笔记本.jpg,1,0.98,visual_manual
20260831-62323dc7b41a81ddd5b3-01,2026-08-31,电脑,device,笔记本,,I5 6代 联想戴尔款,,,屏好空机,120,元/台,,image,老款笔记本.jpg,数码网报价单-0831更新/电脑相关/老款笔记本.jpg,1,0.98,visual_manual
20260831-6756d0c52ce66a6a5977-01,2026-08-31,电脑,device,笔记本,,I5 6代 联想戴尔款,,,破屏空机,65,元/台,,image,老款笔记本.jpg,数码网报价单-0831更新/电脑相关/老款笔记本.jpg,1,0.98,visual_manual
20260831-cd11c577a59f0909696a-01,2026-08-31,电脑,device,笔记本,,I5 7代 联想戴尔款,,,屏好配件齐,180,元/台,,image,老款笔记本.jpg,数码网报价单-0831更新/电脑相关/老款笔记本.jpg,1,0.98,visual_manual
20260831-25edd10a0c92237b8d08-01,2026-08-31,电脑,device,笔记本,,I5 7代 联想戴尔款,,,屏好碎配件齐,170,元/台,,image,老款笔记本.jpg,数码网报价单-0831更新/电脑相关/老款笔记本.jpg,1,0.98,visual_manual
20260831-c5fd8e4e5b6009b157e5-01,2026-08-31,电脑,device,笔记本,,I5 7代 联想戴尔款,,,破屏配件齐,130,元/台,,image,老款笔记本.jpg,数码网报价单-0831更新/电脑相关/老款笔记本.jpg,1,0.98,visual_manual
20260831-cd852cc764abbcb20122-01,2026-08-31,电脑,device,笔记本,,I5 7代 联想戴尔款,,,屏好空机,120,元/台,,image,老款笔记本.jpg,数码网报价单-0831更新/电脑相关/老款笔记本.jpg,1,0.98,visual_manual
20260831-3b21c369a29ffd7c58d9-01,2026-08-31,电脑,device,笔记本,,I5 7代 联想戴尔款,,,破屏空机,65,元/台,,image,老款笔记本.jpg,数码网报价单-0831更新/电脑相关/老款笔记本.jpg,1,0.98,visual_manual
20260831-9e14400e899d19dc72d4-01,2026-08-31,电脑,device,笔记本,,I7 4代 联想戴尔款,,,屏好配件齐,180,元/台,,image,老款笔记本.jpg,数码网报价单-0831更新/电脑相关/老款笔记本.jpg,1,0.98,visual_manual
20260831-f5a37b9710d963c7fa86-01,2026-08-31,电脑,device,笔记本,,I7 4代 联想戴尔款,,,屏好碎配件齐,170,元/台,,image,老款笔记本.jpg,数码网报价单-0831更新/电脑相关/老款笔记本.jpg,1,0.98,visual_manual
20260831-5561699a95d12baec5e5-01,2026-08-31,电脑,device,笔记本,,I7 4代 联想戴尔款,,,破屏配件齐,100,元/台,,image,老款笔记本.jpg,数码网报价单-0831更新/电脑相关/老款笔记本.jpg,1,0.98,visual_manual
20260831-bfce7d7d75f1eb364c0f-01,2026-08-31,电脑,device,笔记本,,I7 4代 联想戴尔款,,,屏好空机,120,元/台,,image,老款笔记本.jpg,数码网报价单-0831更新/电脑相关/老款笔记本.jpg,1,0.98,visual_manual
20260831-75b8de39f9d3dd615471-01,2026-08-31,电脑,device,笔记本,,I7 4代 联想戴尔款,,,破屏空机,65,元/台,,image,老款笔记本.jpg,数码网报价单-0831更新/电脑相关/老款笔记本.jpg,1,0.98,visual_manual
20260831-a7dc5cf6ceef7afc2dab-01,2026-08-31,电脑,device,笔记本,,I7 1代,,,屏好配件齐,150,元/台,,image,老款笔记本.jpg,数码网报价单-0831更新/电脑相关/老款笔记本.jpg,1,0.98,visual_manual
20260831-91921fe3e098cc48cc8e-01,2026-08-31,电脑,device,笔记本,,I7 1代,,,屏好碎配件齐,135,元/台,,image,老款笔记本.jpg,数码网报价单-0831更新/电脑相关/老款笔记本.jpg,1,0.98,visual_manual
20260831-a2629365c85bb4c300dc-01,2026-08-31,电脑,device,笔记本,,I7 1代,,,破屏配件齐,18,元/台,,image,老款笔记本.jpg,数码网报价单-0831更新/电脑相关/老款笔记本.jpg,1,0.98,visual_manual
20260831-7ffd94f7a2ec2005d19e-01,2026-08-31,电脑,device,笔记本,,I7 1代,,,屏好空机,100,元/台,,image,老款笔记本.jpg,数码网报价单-0831更新/电脑相关/老款笔记本.jpg,1,0.98,visual_manual
20260831-9d3bb2a9d8b97eb63eaa-01,2026-08-31,电脑,device,笔记本,,I7 1代,,,破屏空机,15,元/台,,image,老款笔记本.jpg,数码网报价单-0831更新/电脑相关/老款笔记本.jpg,1,0.98,visual_manual
20260831-be7f1addc79d2cfa316e-01,2026-08-31,电脑,device,笔记本,,I7 2代/3代,,,屏好配件齐,180,元/台,,image,老款笔记本.jpg,数码网报价单-0831更新/电脑相关/老款笔记本.jpg,1,0.98,visual_manual
20260831-1ef53f486131f5b228a9-01,2026-08-31,电脑,device,笔记本,,I7 2代/3代,,,屏好碎配件齐,170,元/台,,image,老款笔记本.jpg,数码网报价单-0831更新/电脑相关/老款笔记本.jpg,1,0.98,visual_manual
20260831-fe57887d35cfab6cd5e0-01,2026-08-31,电脑,device,笔记本,,I7 2代/3代,,,破屏配件齐,130,元/台,,image,老款笔记本.jpg,数码网报价单-0831更新/电脑相关/老款笔记本.jpg,1,0.98,visual_manual
20260831-79a1f4d59d33aa35df3e-01,2026-08-31,电脑,device,笔记本,,I7 2代/3代,,,屏好空机,120,元/台,,image,老款笔记本.jpg,数码网报价单-0831更新/电脑相关/老款笔记本.jpg,1,0.98,visual_manual
20260831-538c9e379c51a7785e18-01,2026-08-31,电脑,device,笔记本,,I7 2代/3代,,,破屏空机,70,元/台,,image,老款笔记本.jpg,数码网报价单-0831更新/电脑相关/老款笔记本.jpg,1,0.98,visual_manual
20260831-65ee837f4625642e75df-01,2026-08-31,电脑,device,笔记本,,I7 4代以上,,,屏好配件齐,190,元/台,,image,老款笔记本.jpg,数码网报价单-0831更新/电脑相关/老款笔记本.jpg,1,0.98,visual_manual
20260831-ae3aa587f4272835bfd7-01,2026-08-31,电脑,device,笔记本,,I7 4代以上,,,屏好碎配件齐,180,元/台,,image,老款笔记本.jpg,数码网报价单-0831更新/电脑相关/老款笔记本.jpg,1,0.98,visual_manual
20260831-6c7088fb9f5a85d3a384-01,2026-08-31,电脑,device,笔记本,,I7 4代以上,,,破屏配件齐,150,元/台,,image,老款笔记本.jpg,数码网报价单-0831更新/电脑相关/老款笔记本.jpg,1,0.98,visual_manual
20260831-3bb16c252ef8312429cb-01,2026-08-31,电脑,device,笔记本,,I7 4代以上,,,屏好空机,130,元/台,,image,老款笔记本.jpg,数码网报价单-0831更新/电脑相关/老款笔记本.jpg,1,0.98,visual_manual
20260831-dde74a36512017ea9176-01,2026-08-31,电脑,device,笔记本,,I7 4代以上,,,破屏空机,100,元/台,,image,老款笔记本.jpg,数码网报价单-0831更新/电脑相关/老款笔记本.jpg,1,0.98,visual_manual
20260831-82e026d5c125a62eeb0d-01,2026-08-31,电脑,device,笔记本,,联想 ThinkPad 4代15.6超薄屏,,,屏好配件齐,150,元/台,,image,老款笔记本.jpg,数码网报价单-0831更新/电脑相关/老款笔记本.jpg,1,0.98,visual_manual
20260831-83a2a952745742566752-01,2026-08-31,电脑,device,笔记本,,联想 ThinkPad 4代15.6超薄屏,,,屏好碎配件齐,135,元/台,,image,老款笔记本.jpg,数码网报价单-0831更新/电脑相关/老款笔记本.jpg,1,0.98,visual_manual
20260831-109e69410aaab3e22b3d-01,2026-08-31,电脑,device,笔记本,,联想 ThinkPad 4代15.6超薄屏,,,破屏配件齐,18,元/台,,image,老款笔记本.jpg,数码网报价单-0831更新/电脑相关/老款笔记本.jpg,1,0.98,visual_manual
20260831-0a0ed8b507d800405299-01,2026-08-31,电脑,device,笔记本,,联想 ThinkPad 4代15.6超薄屏,,,屏好空机,100,元/台,,image,老款笔记本.jpg,数码网报价单-0831更新/电脑相关/老款笔记本.jpg,1,0.98,visual_manual
20260831-fec074c3cd72307b2dfd-01,2026-08-31,电脑,device,笔记本,,联想 ThinkPad 4代15.6超薄屏,,,破屏空机,15,元/台,,image,老款笔记本.jpg,数码网报价单-0831更新/电脑相关/老款笔记本.jpg,1,0.98,visual_manual
20260831-b3e7a7ad5c8494c86099-01,2026-08-31,电脑,device,笔记本,,华硕 AMD 15.6超薄屏,,,屏好配件齐,150,元/台,,image,老款笔记本.jpg,数码网报价单-0831更新/电脑相关/老款笔记本.jpg,1,0.98,visual_manual
20260831-13308b54e66e361fd273-01,2026-08-31,电脑,device,笔记本,,华硕 AMD 15.6超薄屏,,,屏好碎配件齐,135,元/台,,image,老款笔记本.jpg,数码网报价单-0831更新/电脑相关/老款笔记本.jpg,1,0.98,visual_manual
20260831-87b6a5ad2da6a1634524-01,2026-08-31,电脑,device,笔记本,,华硕 AMD 15.6超薄屏,,,破屏配件齐,18,元/台,,image,老款笔记本.jpg,数码网报价单-0831更新/电脑相关/老款笔记本.jpg,1,0.98,visual_manual
20260831-81021eb9bdd59a1be223-01,2026-08-31,电脑,device,笔记本,,华硕 AMD 15.6超薄屏,,,屏好空机,100,元/台,,image,老款笔记本.jpg,数码网报价单-0831更新/电脑相关/老款笔记本.jpg,1,0.98,visual_manual
20260831-e79caff6decc76de7364-01,2026-08-31,电脑,device,笔记本,,华硕 AMD 15.6超薄屏,,,破屏空机,15,元/台,,image,老款笔记本.jpg,数码网报价单-0831更新/电脑相关/老款笔记本.jpg,1,0.98,visual_manual
20260831-05caa3401924c07dab98-01,2026-08-31,电脑,device,笔记本,,上网本,,,屏好配件齐,55,元/台,,image,老款笔记本.jpg,数码网报价单-0831更新/电脑相关/老款笔记本.jpg,1,0.98,visual_manual
20260831-da53caaaa0da1908b5aa-01,2026-08-31,电脑,device,笔记本,,上网本,,,屏好碎配件齐,50,元/台,,image,老款笔记本.jpg,数码网报价单-0831更新/电脑相关/老款笔记本.jpg,1,0.98,visual_manual
20260831-95dc536167a855981e76-01,2026-08-31,电脑,device,笔记本,,上网本,,,破屏配件齐,18,元/台,,image,老款笔记本.jpg,数码网报价单-0831更新/电脑相关/老款笔记本.jpg,1,0.98,visual_manual
20260831-b7eaecc8c7decb4211f7-01,2026-08-31,电脑,device,笔记本,,上网本,,,屏好空机,18,元/台,,image,老款笔记本.jpg,数码网报价单-0831更新/电脑相关/老款笔记本.jpg,1,0.98,visual_manual
20260831-a6868b2427f14b01846c-01,2026-08-31,电脑,device,笔记本,,上网本,,,破屏空机,15,元/台,,image,老款笔记本.jpg,数码网报价单-0831更新/电脑相关/老款笔记本.jpg,1,0.98,visual_manual
20260831-04fdce9d2fb8ab3fdcd8-01,2026-08-31,电脑,device,苹果电脑,,M4 PRO 14核 24年16寸 24G 512G,,,充新,9600,元/台,,image,苹果电脑.jpg,数码网报价单-0831更新/电脑相关/苹果电脑.jpg,1,0.98,visual_manual
20260831-1510be97528de8ed1c47-01,2026-08-31,电脑,device,苹果电脑,,M4 PRO 14核 24年16寸 24G 512G,,,98新单机,9300,元/台,,image,苹果电脑.jpg,数码网报价单-0831更新/电脑相关/苹果电脑.jpg,1,0.98,visual_manual
20260831-f713e6b37e0edadf32a6-01,2026-08-31,电脑,device,苹果电脑,,M4 PRO 14核 24年16寸 24G 512G,,,小花,8300,元/台,,image,苹果电脑.jpg,数码网报价单-0831更新/电脑相关/苹果电脑.jpg,1,0.98,visual_manual
20260831-0159c766af97b376cc6c-01,2026-08-31,电脑,device,苹果电脑,,M4 PRO 14核 24年16寸 24G 512G,,,大花,7300,元/台,,image,苹果电脑.jpg,数码网报价单-0831更新/电脑相关/苹果电脑.jpg,1,0.98,visual_manual
20260831-7d504e067844c951eb4e-01,2026-08-31,电脑,device,苹果电脑,,M4 MAX 14核 36G 1TB,,,充新,11000,元/台,,image,苹果电脑.jpg,数码网报价单-0831更新/电脑相关/苹果电脑.jpg,1,0.98,visual_manual
20260831-8d136d889e408cfe26c2-01,2026-08-31,电脑,device,苹果电脑,,M4 MAX 14核 36G 1TB,,,98新单机,10500,元/台,,image,苹果电脑.jpg,数码网报价单-0831更新/电脑相关/苹果电脑.jpg,1,0.98,visual_manual
20260831-1db709b85e39e760e99a-01,2026-08-31,电脑,device,苹果电脑,,M4 MAX 14核 36G 1TB,,,小花,9500,元/台,,image,苹果电脑.jpg,数码网报价单-0831更新/电脑相关/苹果电脑.jpg,1,0.98,visual_manual
20260831-a2a8dd50c5c067e88790-01,2026-08-31,电脑,device,苹果电脑,,M4 MAX 14核 36G 1TB,,,大花,8500,元/台,,image,苹果电脑.jpg,数码网报价单-0831更新/电脑相关/苹果电脑.jpg,1,0.98,visual_manual
20260831-7484c4b12e1c9bcd076a-01,2026-08-31,电脑,device,苹果电脑,,M4 MAX 16核 48G 1TB,,,充新,13000,元/台,,image,苹果电脑.jpg,数码网报价单-0831更新/电脑相关/苹果电脑.jpg,1,0.98,visual_manual
20260831-66eae8edbea5d13b8461-01,2026-08-31,电脑,device,苹果电脑,,M4 MAX 16核 48G 1TB,,,98新单机,12500,元/台,,image,苹果电脑.jpg,数码网报价单-0831更新/电脑相关/苹果电脑.jpg,1,0.98,visual_manual
20260831-e0eea66f69498d439466-01,2026-08-31,电脑,device,苹果电脑,,M4 MAX 16核 48G 1TB,,,小花,11500,元/台,,image,苹果电脑.jpg,数码网报价单-0831更新/电脑相关/苹果电脑.jpg,1,0.98,visual_manual
20260831-9460a8286b21dc707929-01,2026-08-31,电脑,device,苹果电脑,,M4 MAX 16核 48G 1TB,,,大花,10300,元/台,,image,苹果电脑.jpg,数码网报价单-0831更新/电脑相关/苹果电脑.jpg,1,0.98,visual_manual
20260831-7de7134a8c9d84054d58-01,2026-08-31,电脑,device,苹果电脑,,M3 PRO 12核 36G 512G,,,充新,6700,元/台,,image,苹果电脑.jpg,数码网报价单-0831更新/电脑相关/苹果电脑.jpg,1,0.98,visual_manual
20260831-f94d608c0b8f7a47894d-01,2026-08-31,电脑,device,苹果电脑,,M3 PRO 12核 36G 512G,,,98新单机,6400,元/台,,image,苹果电脑.jpg,数码网报价单-0831更新/电脑相关/苹果电脑.jpg,1,0.98,visual_manual
20260831-856f28811de37326cf7c-01,2026-08-31,电脑,device,苹果电脑,,M3 PRO 12核 36G 512G,,,小花,5900,元/台,,image,苹果电脑.jpg,数码网报价单-0831更新/电脑相关/苹果电脑.jpg,1,0.98,visual_manual
20260831-332f0c9fe6f8befb0495-01,2026-08-31,电脑,device,苹果电脑,,M3 PRO 12核 36G 512G,,,大花,5300,元/台,,image,苹果电脑.jpg,数码网报价单-0831更新/电脑相关/苹果电脑.jpg,1,0.98,visual_manual
20260831-dbe1a0438cf8591bff21-01,2026-08-31,电脑,device,苹果电脑,,M3 MAX 14核 36G 512G,,,充新,9100,元/台,,image,苹果电脑.jpg,数码网报价单-0831更新/电脑相关/苹果电脑.jpg,1,0.98,visual_manual
20260831-dd5ba998e3cc0a14af17-01,2026-08-31,电脑,device,苹果电脑,,M3 MAX 14核 36G 512G,,,98新单机,8800,元/台,,image,苹果电脑.jpg,数码网报价单-0831更新/电脑相关/苹果电脑.jpg,1,0.98,visual_manual
20260831-160c83474c07545b6b93-01,2026-08-31,电脑,device,苹果电脑,,M3 MAX 14核 36G 512G,,,小花,8100,元/台,,image,苹果电脑.jpg,数码网报价单-0831更新/电脑相关/苹果电脑.jpg,1,0.98,visual_manual
20260831-f13cd7c4c925b54df877-01,2026-08-31,电脑,device,苹果电脑,,M3 MAX 14核 36G 512G,,,大花,7100,元/台,,image,苹果电脑.jpg,数码网报价单-0831更新/电脑相关/苹果电脑.jpg,1,0.98,visual_manual
20260831-641f2ced34812e12af21-01,2026-08-31,电脑,device,苹果电脑,,M3 MAX 16核 48G 1TB,,,充新,10800,元/台,,image,苹果电脑.jpg,数码网报价单-0831更新/电脑相关/苹果电脑.jpg,1,0.98,visual_manual
20260831-490d34558a8b7d0fca67-01,2026-08-31,电脑,device,苹果电脑,,M3 MAX 16核 48G 1TB,,,98新单机,10300,元/台,,image,苹果电脑.jpg,数码网报价单-0831更新/电脑相关/苹果电脑.jpg,1,0.98,visual_manual
20260831-b9b9c5986294f593acc8-01,2026-08-31,电脑,device,苹果电脑,,M3 MAX 16核 48G 1TB,,,小花,9300,元/台,,image,苹果电脑.jpg,数码网报价单-0831更新/电脑相关/苹果电脑.jpg,1,0.98,visual_manual
20260831-fb9aa02ebf31f7b77557-01,2026-08-31,电脑,device,苹果电脑,,M3 MAX 16核 48G 1TB,,,大花,8300,元/台,,image,苹果电脑.jpg,数码网报价单-0831更新/电脑相关/苹果电脑.jpg,1,0.98,visual_manual
20260831-774862a9848a538fb665-01,2026-08-31,电脑,device,苹果电脑,,M2 PRO 12核 16G 512G,,,充新,6400,元/台,,image,苹果电脑.jpg,数码网报价单-0831更新/电脑相关/苹果电脑.jpg,1,0.98,visual_manual
20260831-9470eb8fa3b7f976c40b-01,2026-08-31,电脑,device,苹果电脑,,M2 PRO 12核 16G 512G,,,98新单机,6100,元/台,,image,苹果电脑.jpg,数码网报价单-0831更新/电脑相关/苹果电脑.jpg,1,0.98,visual_manual
20260831-a4c49e0d266d11a01610-01,2026-08-31,电脑,device,苹果电脑,,M2 PRO 12核 16G 512G,,,小花,5600,元/台,,image,苹果电脑.jpg,数码网报价单-0831更新/电脑相关/苹果电脑.jpg,1,0.98,visual_manual
20260831-c792509d839e4145256c-01,2026-08-31,电脑,device,苹果电脑,,M2 PRO 12核 16G 512G,,,大花,5000,元/台,,image,苹果电脑.jpg,数码网报价单-0831更新/电脑相关/苹果电脑.jpg,1,0.98,visual_manual
20260831-28b2f1ab40c021125572-01,2026-08-31,电脑,device,苹果电脑,,M2 MAX 12核 32G 1TB,,,充新,7600,元/台,,image,苹果电脑.jpg,数码网报价单-0831更新/电脑相关/苹果电脑.jpg,1,0.98,visual_manual
20260831-0c340bd56a3b6a1e28f5-01,2026-08-31,电脑,device,苹果电脑,,M2 MAX 12核 32G 1TB,,,98新单机,7300,元/台,,image,苹果电脑.jpg,数码网报价单-0831更新/电脑相关/苹果电脑.jpg,1,0.98,visual_manual
20260831-129e3c5da94ab093758e-01,2026-08-31,电脑,device,苹果电脑,,M2 MAX 12核 32G 1TB,,,小花,6800,元/台,,image,苹果电脑.jpg,数码网报价单-0831更新/电脑相关/苹果电脑.jpg,1,0.98,visual_manual
20260831-cf8f03c8a7d1e50806d6-01,2026-08-31,电脑,device,苹果电脑,,M2 MAX 12核 32G 1TB,,,大花,6000,元/台,,image,苹果电脑.jpg,数码网报价单-0831更新/电脑相关/苹果电脑.jpg,1,0.98,visual_manual
20260831-66272c3bf39e4be5d47f-01,2026-08-31,电脑,device,苹果电脑,,M1 PRO 10核 16G 512G,,,充新,4800,元/台,,image,苹果电脑.jpg,数码网报价单-0831更新/电脑相关/苹果电脑.jpg,1,0.98,visual_manual
20260831-27cdd3f8c5f2190fb45b-01,2026-08-31,电脑,device,苹果电脑,,M1 PRO 10核 16G 512G,,,98新单机,4600,元/台,,image,苹果电脑.jpg,数码网报价单-0831更新/电脑相关/苹果电脑.jpg,1,0.98,visual_manual
20260831-81a79bfee9e98e142838-01,2026-08-31,电脑,device,苹果电脑,,M1 PRO 10核 16G 512G,,,小花,4100,元/台,,image,苹果电脑.jpg,数码网报价单-0831更新/电脑相关/苹果电脑.jpg,1,0.98,visual_manual
20260831-13e653a0706e33e32dee-01,2026-08-31,电脑,device,苹果电脑,,M1 PRO 10核 16G 512G,,,大花,3600,元/台,,image,苹果电脑.jpg,数码网报价单-0831更新/电脑相关/苹果电脑.jpg,1,0.98,visual_manual
20260831-bd071dd81d8daa7b5898-01,2026-08-31,电脑,device,苹果电脑,,M1 MAX 10核 32G 1TB,,,充新,7200,元/台,,image,苹果电脑.jpg,数码网报价单-0831更新/电脑相关/苹果电脑.jpg,1,0.98,visual_manual
20260831-751b4391d897d545a79c-01,2026-08-31,电脑,device,苹果电脑,,M1 MAX 10核 32G 1TB,,,98新单机,6900,元/台,,image,苹果电脑.jpg,数码网报价单-0831更新/电脑相关/苹果电脑.jpg,1,0.98,visual_manual
20260831-a13cb1829db69ecc0075-01,2026-08-31,电脑,device,苹果电脑,,M1 MAX 10核 32G 1TB,,,小花,6400,元/台,,image,苹果电脑.jpg,数码网报价单-0831更新/电脑相关/苹果电脑.jpg,1,0.98,visual_manual
20260831-197284fc3f5e2475cac7-01,2026-08-31,电脑,device,苹果电脑,,M1 MAX 10核 32G 1TB,,,大花,5700,元/台,,image,苹果电脑.jpg,数码网报价单-0831更新/电脑相关/苹果电脑.jpg,1,0.98,visual_manual
20260831-709186bc5000648620c3-01,2026-08-31,电脑,device,苹果电脑,,M4 PRO 12核 16G 512G,,,充新,8000,元/台,,image,苹果电脑.jpg,数码网报价单-0831更新/电脑相关/苹果电脑.jpg,1,0.98,visual_manual
20260831-5ba70c078c265950c08d-01,2026-08-31,电脑,device,苹果电脑,,M4 PRO 12核 16G 512G,,,98新单机,7700,元/台,,image,苹果电脑.jpg,数码网报价单-0831更新/电脑相关/苹果电脑.jpg,1,0.98,visual_manual
20260831-ec910d2deff92ab9e555-01,2026-08-31,电脑,device,苹果电脑,,M4 PRO 12核 16G 512G,,,小花,6900,元/台,,image,苹果电脑.jpg,数码网报价单-0831更新/电脑相关/苹果电脑.jpg,1,0.98,visual_manual
20260831-bcc2ce29e1f10280a728-01,2026-08-31,电脑,device,苹果电脑,,M4 PRO 12核 16G 512G,,,大花,6000,元/台,,image,苹果电脑.jpg,数码网报价单-0831更新/电脑相关/苹果电脑.jpg,1,0.98,visual_manual
20260831-e5e7820c41d928081b3b-01,2026-08-31,电脑,device,苹果电脑,,M4 PRO 14核 24G 1TB,,,充新,9000,元/台,,image,苹果电脑.jpg,数码网报价单-0831更新/电脑相关/苹果电脑.jpg,1,0.98,visual_manual
20260831-87d61e5623f2edb2bf6c-01,2026-08-31,电脑,device,苹果电脑,,M4 PRO 14核 24G 1TB,,,98新单机,8700,元/台,,image,苹果电脑.jpg,数码网报价单-0831更新/电脑相关/苹果电脑.jpg,1,0.98,visual_manual
20260831-d16e682270d0e3c22196-01,2026-08-31,电脑,device,苹果电脑,,M4 PRO 14核 24G 1TB,,,小花,7700,元/台,,image,苹果电脑.jpg,数码网报价单-0831更新/电脑相关/苹果电脑.jpg,1,0.98,visual_manual
20260831-bc61b3cfe1fa6796844c-01,2026-08-31,电脑,device,苹果电脑,,M4 PRO 14核 24G 1TB,,,大花,6700,元/台,,image,苹果电脑.jpg,数码网报价单-0831更新/电脑相关/苹果电脑.jpg,1,0.98,visual_manual
20260831-f09505856b1f55cfdb3c-01,2026-08-31,电脑,device,苹果电脑,,M4 MAX 14核 36G 1TB,,,充新,10000,元/台,,image,苹果电脑.jpg,数码网报价单-0831更新/电脑相关/苹果电脑.jpg,1,0.98,visual_manual
20260831-82c8b99f4aa3562762b8-01,2026-08-31,电脑,device,苹果电脑,,M4 MAX 14核 36G 1TB,,,98新单机,9500,元/台,,image,苹果电脑.jpg,数码网报价单-0831更新/电脑相关/苹果电脑.jpg,1,0.98,visual_manual
20260831-1b5df9b96439e0a3c9b3-01,2026-08-31,电脑,device,苹果电脑,,M4 MAX 14核 36G 1TB,,,小花,8500,元/台,,image,苹果电脑.jpg,数码网报价单-0831更新/电脑相关/苹果电脑.jpg,1,0.98,visual_manual
20260831-184aa482fbcd13ceec24-01,2026-08-31,电脑,device,苹果电脑,,M4 MAX 14核 36G 1TB,,,大花,7500,元/台,,image,苹果电脑.jpg,数码网报价单-0831更新/电脑相关/苹果电脑.jpg,1,0.98,visual_manual
20260831-cfc0fb9e2165268dca3f-01,2026-08-31,电脑,device,苹果电脑,,M3 8核 8G 512G,,,充新,4500,元/台,,image,苹果电脑.jpg,数码网报价单-0831更新/电脑相关/苹果电脑.jpg,1,0.98,visual_manual
20260831-1948859c84f6ffafd429-01,2026-08-31,电脑,device,苹果电脑,,M3 8核 8G 512G,,,98新单机,4300,元/台,,image,苹果电脑.jpg,数码网报价单-0831更新/电脑相关/苹果电脑.jpg,1,0.98,visual_manual
20260831-70ad408feb224ebbd77b-01,2026-08-31,电脑,device,苹果电脑,,M3 8核 8G 512G,,,小花,3800,元/台,,image,苹果电脑.jpg,数码网报价单-0831更新/电脑相关/苹果电脑.jpg,1,0.98,visual_manual
20260831-642a2eb06a57da5760cf-01,2026-08-31,电脑,device,苹果电脑,,M3 8核 8G 512G,,,大花,3300,元/台,,image,苹果电脑.jpg,数码网报价单-0831更新/电脑相关/苹果电脑.jpg,1,0.98,visual_manual
20260831-69255bf10a1b354f3563-01,2026-08-31,电脑,device,苹果电脑,,M3 8核 8G 1TB,,,充新,5000,元/台,,image,苹果电脑.jpg,数码网报价单-0831更新/电脑相关/苹果电脑.jpg,1,0.98,visual_manual
20260831-a96d746982299397738b-01,2026-08-31,电脑,device,苹果电脑,,M3 8核 8G 1TB,,,98新单机,4800,元/台,,image,苹果电脑.jpg,数码网报价单-0831更新/电脑相关/苹果电脑.jpg,1,0.98,visual_manual
20260831-ecba974ab8f80cabafb3-01,2026-08-31,电脑,device,苹果电脑,,M3 8核 8G 1TB,,,小花,4300,元/台,,image,苹果电脑.jpg,数码网报价单-0831更新/电脑相关/苹果电脑.jpg,1,0.98,visual_manual
20260831-1240b36df36dcab5b798-01,2026-08-31,电脑,device,苹果电脑,,M3 8核 8G 1TB,,,大花,3800,元/台,,image,苹果电脑.jpg,数码网报价单-0831更新/电脑相关/苹果电脑.jpg,1,0.98,visual_manual
20260831-8df6e8a582a0498788f6-01,2026-08-31,电脑,device,苹果电脑,,M3 PRO 11核 18G 512G,,,充新,6400,元/台,,image,苹果电脑.jpg,数码网报价单-0831更新/电脑相关/苹果电脑.jpg,1,0.98,visual_manual
20260831-5d1f5a75f0db2a83a7e5-01,2026-08-31,电脑,device,苹果电脑,,M3 PRO 11核 18G 512G,,,98新单机,6100,元/台,,image,苹果电脑.jpg,数码网报价单-0831更新/电脑相关/苹果电脑.jpg,1,0.98,visual_manual
20260831-8ced3337dcbe0fd50ecb-01,2026-08-31,电脑,device,苹果电脑,,M3 PRO 11核 18G 512G,,,小花,5600,元/台,,image,苹果电脑.jpg,数码网报价单-0831更新/电脑相关/苹果电脑.jpg,1,0.98,visual_manual
20260831-19649ea03a8491e6659f-01,2026-08-31,电脑,device,苹果电脑,,M3 PRO 11核 18G 512G,,,大花,5100,元/台,,image,苹果电脑.jpg,数码网报价单-0831更新/电脑相关/苹果电脑.jpg,1,0.98,visual_manual
20260831-1379feb6ac83b6e0da36-01,2026-08-31,电脑,device,苹果电脑,,M3 PRO 12核 18G 1TB,,,充新,6900,元/台,,image,苹果电脑.jpg,数码网报价单-0831更新/电脑相关/苹果电脑.jpg,1,0.98,visual_manual
20260831-e65c06cfd114357d7e1d-01,2026-08-31,电脑,device,苹果电脑,,M3 PRO 12核 18G 1TB,,,98新单机,6600,元/台,,image,苹果电脑.jpg,数码网报价单-0831更新/电脑相关/苹果电脑.jpg,1,0.98,visual_manual
20260831-1caf4dcbc5908cff9d0e-01,2026-08-31,电脑,device,苹果电脑,,M3 PRO 12核 18G 1TB,,,小花,6100,元/台,,image,苹果电脑.jpg,数码网报价单-0831更新/电脑相关/苹果电脑.jpg,1,0.98,visual_manual
20260831-8184e600e05ea5f58184-01,2026-08-31,电脑,device,苹果电脑,,M3 PRO 12核 18G 1TB,,,大花,5600,元/台,,image,苹果电脑.jpg,数码网报价单-0831更新/电脑相关/苹果电脑.jpg,1,0.98,visual_manual
20260831-11b344e13b17ff4dee8c-01,2026-08-31,电脑,device,苹果电脑,,M3 MAX 14核 36G 1TB,,,充新,7700,元/台,,image,苹果电脑.jpg,数码网报价单-0831更新/电脑相关/苹果电脑.jpg,1,0.98,visual_manual
20260831-9a3a22b4562b03233f52-01,2026-08-31,电脑,device,苹果电脑,,M3 MAX 14核 36G 1TB,,,98新单机,7400,元/台,,image,苹果电脑.jpg,数码网报价单-0831更新/电脑相关/苹果电脑.jpg,1,0.98,visual_manual
20260831-7b8413fc9a25c6f3e666-01,2026-08-31,电脑,device,苹果电脑,,M3 MAX 14核 36G 1TB,,,小花,6800,元/台,,image,苹果电脑.jpg,数码网报价单-0831更新/电脑相关/苹果电脑.jpg,1,0.98,visual_manual
20260831-e738dbce2bc3e035916c-01,2026-08-31,电脑,device,苹果电脑,,M3 MAX 14核 36G 1TB,,,大花,6100,元/台,,image,苹果电脑.jpg,数码网报价单-0831更新/电脑相关/苹果电脑.jpg,1,0.98,visual_manual
20260831-e97bd08a639f0aaa51b1-01,2026-08-31,电脑,device,苹果电脑,,M2 PRO 10核 16G 512G,,,充新,5550,元/台,,image,苹果电脑.jpg,数码网报价单-0831更新/电脑相关/苹果电脑.jpg,1,0.98,visual_manual
20260831-53c68839b2e22936ba9b-01,2026-08-31,电脑,device,苹果电脑,,M2 PRO 10核 16G 512G,,,98新单机,5250,元/台,,image,苹果电脑.jpg,数码网报价单-0831更新/电脑相关/苹果电脑.jpg,1,0.98,visual_manual
20260831-ef04612d2eee6ce57e72-01,2026-08-31,电脑,device,苹果电脑,,M2 PRO 10核 16G 512G,,,小花,4750,元/台,,image,苹果电脑.jpg,数码网报价单-0831更新/电脑相关/苹果电脑.jpg,1,0.98,visual_manual
20260831-c5829cef663c9ad90b33-01,2026-08-31,电脑,device,苹果电脑,,M2 PRO 10核 16G 512G,,,大花,4250,元/台,,image,苹果电脑.jpg,数码网报价单-0831更新/电脑相关/苹果电脑.jpg,1,0.98,visual_manual
20260831-517ec8c245088487ee80-01,2026-08-31,电脑,device,苹果电脑,,M2 PRO 12核 16G 1TB,,,充新,6250,元/台,,image,苹果电脑.jpg,数码网报价单-0831更新/电脑相关/苹果电脑.jpg,1,0.98,visual_manual
20260831-e89b98098df69b78b637-01,2026-08-31,电脑,device,苹果电脑,,M2 PRO 12核 16G 1TB,,,98新单机,5950,元/台,,image,苹果电脑.jpg,数码网报价单-0831更新/电脑相关/苹果电脑.jpg,1,0.98,visual_manual
20260831-75bc7a61c07ee127f3ac-01,2026-08-31,电脑,device,苹果电脑,,M2 PRO 12核 16G 1TB,,,小花,5450,元/台,,image,苹果电脑.jpg,数码网报价单-0831更新/电脑相关/苹果电脑.jpg,1,0.98,visual_manual
20260831-75e14a98cfa61dfab8f2-01,2026-08-31,电脑,device,苹果电脑,,M2 PRO 12核 16G 1TB,,,大花,4800,元/台,,image,苹果电脑.jpg,数码网报价单-0831更新/电脑相关/苹果电脑.jpg,1,0.98,visual_manual
20260831-d110ee73c893f633a981-01,2026-08-31,电脑,device,苹果电脑,,M2 MAX 12核 32G 1TB,,,充新,7400,元/台,,image,苹果电脑.jpg,数码网报价单-0831更新/电脑相关/苹果电脑.jpg,1,0.98,visual_manual
20260831-e371f6406b34860b8d70-01,2026-08-31,电脑,device,苹果电脑,,M2 MAX 12核 32G 1TB,,,98新单机,7100,元/台,,image,苹果电脑.jpg,数码网报价单-0831更新/电脑相关/苹果电脑.jpg,1,0.98,visual_manual
20260831-2e3a4bdb81510016dde0-01,2026-08-31,电脑,device,苹果电脑,,M2 MAX 12核 32G 1TB,,,小花,6600,元/台,,image,苹果电脑.jpg,数码网报价单-0831更新/电脑相关/苹果电脑.jpg,1,0.98,visual_manual
20260831-16889f8e9c7911115b07-01,2026-08-31,电脑,device,苹果电脑,,M2 MAX 12核 32G 1TB,,,大花,5900,元/台,,image,苹果电脑.jpg,数码网报价单-0831更新/电脑相关/苹果电脑.jpg,1,0.98,visual_manual
20260831-884c1f143b5a4fcdbc9b-01,2026-08-31,电脑,device,苹果电脑,,M1 PRO 8核 16G 512G,,,充新,4350,元/台,,image,苹果电脑.jpg,数码网报价单-0831更新/电脑相关/苹果电脑.jpg,1,0.98,visual_manual
20260831-2bf4345a6fdef7c8da94-01,2026-08-31,电脑,device,苹果电脑,,M1 PRO 8核 16G 512G,,,98新单机,4150,元/台,,image,苹果电脑.jpg,数码网报价单-0831更新/电脑相关/苹果电脑.jpg,1,0.98,visual_manual
20260831-ad7aee659afbb2f36faf-01,2026-08-31,电脑,device,苹果电脑,,M1 PRO 8核 16G 512G,,,小花,3750,元/台,,image,苹果电脑.jpg,数码网报价单-0831更新/电脑相关/苹果电脑.jpg,1,0.98,visual_manual
20260831-8ebbc65910621a59038e-01,2026-08-31,电脑,device,苹果电脑,,M1 PRO 8核 16G 512G,,,大花,3250,元/台,,image,苹果电脑.jpg,数码网报价单-0831更新/电脑相关/苹果电脑.jpg,1,0.98,visual_manual
20260831-c97acbe30e7552ba595a-01,2026-08-31,电脑,device,苹果电脑,,M1 PRO 8核 16G 1TB,,,充新,4650,元/台,,image,苹果电脑.jpg,数码网报价单-0831更新/电脑相关/苹果电脑.jpg,1,0.98,visual_manual
20260831-68855a19e25465f9d1af-01,2026-08-31,电脑,device,苹果电脑,,M1 PRO 8核 16G 1TB,,,98新单机,4450,元/台,,image,苹果电脑.jpg,数码网报价单-0831更新/电脑相关/苹果电脑.jpg,1,0.98,visual_manual
20260831-e56c108cf4dfc2176278-01,2026-08-31,电脑,device,苹果电脑,,M1 PRO 8核 16G 1TB,,,小花,4050,元/台,,image,苹果电脑.jpg,数码网报价单-0831更新/电脑相关/苹果电脑.jpg,1,0.98,visual_manual
20260831-3ce52c0fe6d4a1b620e7-01,2026-08-31,电脑,device,苹果电脑,,M1 PRO 8核 16G 1TB,,,大花,3550,元/台,,image,苹果电脑.jpg,数码网报价单-0831更新/电脑相关/苹果电脑.jpg,1,0.98,visual_manual
20260831-4377aff146646786f2e2-01,2026-08-31,电脑,device,苹果电脑,,Apple M2 8G 256G,,,充新,3150,元/台,,image,苹果电脑.jpg,数码网报价单-0831更新/电脑相关/苹果电脑.jpg,1,0.98,visual_manual
20260831-39d71dc8a6f7f9345e9a-01,2026-08-31,电脑,device,苹果电脑,,Apple M2 8G 256G,,,98新单机,2950,元/台,,image,苹果电脑.jpg,数码网报价单-0831更新/电脑相关/苹果电脑.jpg,1,0.98,visual_manual
20260831-c8208376ea3ae6a90eaa-01,2026-08-31,电脑,device,苹果电脑,,Apple M2 8G 256G,,,小花,2600,元/台,,image,苹果电脑.jpg,数码网报价单-0831更新/电脑相关/苹果电脑.jpg,1,0.98,visual_manual
20260831-563efc21ae9b4b6ab35c-01,2026-08-31,电脑,device,苹果电脑,,Apple M2 8G 256G,,,大花,2200,元/台,,image,苹果电脑.jpg,数码网报价单-0831更新/电脑相关/苹果电脑.jpg,1,0.98,visual_manual
20260831-306328ba6ee9f4c2c303-01,2026-08-31,电脑,device,苹果电脑,,Apple M2 8G 512G,,,充新,3500,元/台,,image,苹果电脑.jpg,数码网报价单-0831更新/电脑相关/苹果电脑.jpg,1,0.98,visual_manual
20260831-81b90cb55dcce80e97e6-01,2026-08-31,电脑,device,苹果电脑,,Apple M2 8G 512G,,,98新单机,3300,元/台,,image,苹果电脑.jpg,数码网报价单-0831更新/电脑相关/苹果电脑.jpg,1,0.98,visual_manual
20260831-569bf3041d71a7fd8e61-01,2026-08-31,电脑,device,苹果电脑,,Apple M2 8G 512G,,,小花,2950,元/台,,image,苹果电脑.jpg,数码网报价单-0831更新/电脑相关/苹果电脑.jpg,1,0.98,visual_manual
20260831-b9408948210d16e2d162-01,2026-08-31,电脑,device,苹果电脑,,Apple M2 8G 512G,,,大花,2550,元/台,,image,苹果电脑.jpg,数码网报价单-0831更新/电脑相关/苹果电脑.jpg,1,0.98,visual_manual
20260831-d31c114b710b92245057-01,2026-08-31,电脑,device,苹果电脑,,Apple M1 8G 256G,,,充新,2400,元/台,,image,苹果电脑.jpg,数码网报价单-0831更新/电脑相关/苹果电脑.jpg,1,0.98,visual_manual
20260831-a98f1bfb16f9813c21d8-01,2026-08-31,电脑,device,苹果电脑,,Apple M1 8G 256G,,,98新单机,2200,元/台,,image,苹果电脑.jpg,数码网报价单-0831更新/电脑相关/苹果电脑.jpg,1,0.98,visual_manual
20260831-4805f09b87f751542695-01,2026-08-31,电脑,device,苹果电脑,,Apple M1 8G 256G,,,小花,1900,元/台,,image,苹果电脑.jpg,数码网报价单-0831更新/电脑相关/苹果电脑.jpg,1,0.98,visual_manual
20260831-01989eedf063fe31e54d-01,2026-08-31,电脑,device,苹果电脑,,Apple M1 8G 256G,,,大花,1550,元/台,,image,苹果电脑.jpg,数码网报价单-0831更新/电脑相关/苹果电脑.jpg,1,0.98,visual_manual
20260831-58b3760bfda7414fe366-01,2026-08-31,电脑,device,苹果电脑,,Apple M1 8G 512G,,,充新,2600,元/台,,image,苹果电脑.jpg,数码网报价单-0831更新/电脑相关/苹果电脑.jpg,1,0.98,visual_manual
20260831-18e408e0abcadadf8ddc-01,2026-08-31,电脑,device,苹果电脑,,Apple M1 8G 512G,,,98新单机,2400,元/台,,image,苹果电脑.jpg,数码网报价单-0831更新/电脑相关/苹果电脑.jpg,1,0.98,visual_manual
20260831-fb9b0a7560f2b3ed0369-01,2026-08-31,电脑,device,苹果电脑,,Apple M1 8G 512G,,,小花,2100,元/台,,image,苹果电脑.jpg,数码网报价单-0831更新/电脑相关/苹果电脑.jpg,1,0.98,visual_manual
20260831-f07deef028a03067bd94-01,2026-08-31,电脑,device,苹果电脑,,Apple M1 8G 512G,,,大花,1700,元/台,,image,苹果电脑.jpg,数码网报价单-0831更新/电脑相关/苹果电脑.jpg,1,0.98,visual_manual
20260831-ec568295b92b193e3708-01,2026-08-31,电脑,device,苹果电脑,,i5 10代 16G 512G,,,充新,1800,元/台,,image,苹果电脑.jpg,数码网报价单-0831更新/电脑相关/苹果电脑.jpg,1,0.98,visual_manual
20260831-e262ff896fdfa239d7ed-01,2026-08-31,电脑,device,苹果电脑,,i5 10代 16G 512G,,,98新单机,1700,元/台,,image,苹果电脑.jpg,数码网报价单-0831更新/电脑相关/苹果电脑.jpg,1,0.98,visual_manual
20260831-21370b3f471d4b35e80b-01,2026-08-31,电脑,device,苹果电脑,,i5 10代 16G 512G,,,小花,1450,元/台,,image,苹果电脑.jpg,数码网报价单-0831更新/电脑相关/苹果电脑.jpg,1,0.98,visual_manual
20260831-d9e4ffa9016e9d0a1f79-01,2026-08-31,电脑,device,苹果电脑,,i5 10代 16G 512G,,,大花,1100,元/台,,image,苹果电脑.jpg,数码网报价单-0831更新/电脑相关/苹果电脑.jpg,1,0.98,visual_manual
20260831-e17bd5bdb559506cfea7-01,2026-08-31,电脑,device,苹果电脑,,i5 10代 16G 1TB,,,充新,2100,元/台,,image,苹果电脑.jpg,数码网报价单-0831更新/电脑相关/苹果电脑.jpg,1,0.98,visual_manual
20260831-55acdbe52879658b055d-01,2026-08-31,电脑,device,苹果电脑,,i5 10代 16G 1TB,,,98新单机,2000,元/台,,image,苹果电脑.jpg,数码网报价单-0831更新/电脑相关/苹果电脑.jpg,1,0.98,visual_manual
20260831-9d3ae1dd7ae3d3b6ae77-01,2026-08-31,电脑,device,苹果电脑,,i5 10代 16G 1TB,,,小花,1700,元/台,,image,苹果电脑.jpg,数码网报价单-0831更新/电脑相关/苹果电脑.jpg,1,0.98,visual_manual
20260831-f314119eb2fb2b3192a0-01,2026-08-31,电脑,device,苹果电脑,,i5 10代 16G 1TB,,,大花,1350,元/台,,image,苹果电脑.jpg,数码网报价单-0831更新/电脑相关/苹果电脑.jpg,1,0.98,visual_manual
20260831-e96327435b4aae38f81e-01,2026-08-31,电脑,device,苹果电脑,,i5 8代 8G 256G,,,充新,1450,元/台,,image,苹果电脑.jpg,数码网报价单-0831更新/电脑相关/苹果电脑.jpg,1,0.98,visual_manual
20260831-9e127f52e534b25c29e3-01,2026-08-31,电脑,device,苹果电脑,,i5 8代 8G 256G,,,98新单机,1350,元/台,,image,苹果电脑.jpg,数码网报价单-0831更新/电脑相关/苹果电脑.jpg,1,0.98,visual_manual
20260831-f02f0f4d17a7a88c9e23-01,2026-08-31,电脑,device,苹果电脑,,i5 8代 8G 256G,,,小花,1100,元/台,,image,苹果电脑.jpg,数码网报价单-0831更新/电脑相关/苹果电脑.jpg,1,0.98,visual_manual
20260831-2178411a9d006504dc9c-01,2026-08-31,电脑,device,苹果电脑,,i5 8代 8G 256G,,,大花,800,元/台,,image,苹果电脑.jpg,数码网报价单-0831更新/电脑相关/苹果电脑.jpg,1,0.98,visual_manual
20260831-af244b6f42de7740d499-01,2026-08-31,电脑,device,苹果电脑,,i5 8代 8G 512G,,,充新,1550,元/台,,image,苹果电脑.jpg,数码网报价单-0831更新/电脑相关/苹果电脑.jpg,1,0.98,visual_manual
20260831-14dccaa9af485d3e73ef-01,2026-08-31,电脑,device,苹果电脑,,i5 8代 8G 512G,,,98新单机,1450,元/台,,image,苹果电脑.jpg,数码网报价单-0831更新/电脑相关/苹果电脑.jpg,1,0.98,visual_manual
20260831-8fbace1ac72bef71b127-01,2026-08-31,电脑,device,苹果电脑,,i5 8代 8G 512G,,,小花,1200,元/台,,image,苹果电脑.jpg,数码网报价单-0831更新/电脑相关/苹果电脑.jpg,1,0.98,visual_manual
20260831-dabd2f3db7affb72117e-01,2026-08-31,电脑,device,苹果电脑,,i5 8代 8G 512G,,,大花,900,元/台,,image,苹果电脑.jpg,数码网报价单-0831更新/电脑相关/苹果电脑.jpg,1,0.98,visual_manual
