record_id,data_date,category,subtype,brand,series,model,model_code,alias,condition,price,unit,note,origin,source_image,source_path,verified,confidence,verification
20260825-99e38d5f9f8b215b459a-01,2026-08-25,手机,device,360,,Q30,,Q30,开机屏好,80.0,元/台,,,360.jpg,数码网报价单-0825更新/手机相关/360.jpg,1,1.0,visual_verified_same_as_0831_source
20260825-a269c3a5121a12d3d9e0-01,2026-08-25,手机,device,360,,Q30,,Q30,开机屏坏,80.0,元/台,,,360.jpg,数码网报价单-0825更新/手机相关/360.jpg,1,1.0,visual_verified_same_as_0831_source
20260825-eb523a00788b1c5ac03e-01,2026-08-25,手机,device,360,,Q30,,Q30,不开机,80.0,元/台,,,360.jpg,数码网报价单-0825更新/手机相关/360.jpg,1,1.0,visual_verified_same_as_0831_source
20260825-2ed31f36ba5429bbf938-01,2026-08-25,手机,device,360,,Q30,,Q30,废板-整机,80.0,元/台,,,360.jpg,数码网报价单-0825更新/手机相关/360.jpg,1,1.0,visual_verified_same_as_0831_source
20260825-1fe87d2be4dff617d440-01,2026-08-25,手机,device,360,,Q20Pro,,Q20Pro,开机屏好,80.0,元/台,,,360.jpg,数码网报价单-0825更新/手机相关/360.jpg,1,1.0,visual_verified_same_as_0831_source
20260825-9684414564a65c5038aa-01,2026-08-25,手机,device,360,,Q20Pro,,Q20Pro,开机屏坏,80.0,元/台,,,360.jpg,数码网报价单-0825更新/手机相关/360.jpg,1,1.0,visual_verified_same_as_0831_source
20260825-fe596697c4aa00a5ff6a-01,2026-08-25,手机,device,360,,Q20Pro,,Q20Pro,不开机,80.0,元/台,,,360.jpg,数码网报价单-0825更新/手机相关/360.jpg,1,1.0,visual_verified_same_as_0831_source
20260825-78cf0a746ea2e24dc5a5-01,2026-08-25,手机,device,360,,Q20Pro,,Q20Pro,废板-整机,80.0,元/台,,,360.jpg,数码网报价单-0825更新/手机相关/360.jpg,1,1.0,visual_verified_same_as_0831_source
20260825-e135687619c9bac71ae8-01,2026-08-25,手机,device,360,,Q10Pro,,Q10Pro,开机屏好,80.0,元/台,,,360.jpg,数码网报价单-0825更新/手机相关/360.jpg,1,1.0,visual_verified_same_as_0831_source
20260825-32930eea618220c92eef-01,2026-08-25,手机,device,360,,Q10Pro,,Q10Pro,开机屏坏,80.0,元/台,,,360.jpg,数码网报价单-0825更新/手机相关/360.jpg,1,1.0,visual_verified_same_as_0831_source
20260825-793499c8e7989415f7c5-01,2026-08-25,手机,device,360,,Q10Pro,,Q10Pro,不开机,80.0,元/台,,,360.jpg,数码网报价单-0825更新/手机相关/360.jpg,1,1.0,visual_verified_same_as_0831_source
20260825-fde63166388180274b1b-01,2026-08-25,手机,device,360,,Q10Pro,,Q10Pro,废板-整机,80.0,元/台,,,360.jpg,数码网报价单-0825更新/手机相关/360.jpg,1,1.0,visual_verified_same_as_0831_source
20260825-5e5b460542ad99a4423b-01,2026-08-25,手机,device,360,,N7 Pro高（红色）,,N7 Pro高（红色）,开机屏好,110.0,元/台,,,360.jpg,数码网报价单-0825更新/手机相关/360.jpg,1,1.0,visual_verified_same_as_0831_source
20260825-2e3748d71ab20df77e65-01,2026-08-25,手机,device,360,,N7 Pro高（红色）,,N7 Pro高（红色）,开机屏坏,110.0,元/台,,,360.jpg,数码网报价单-0825更新/手机相关/360.jpg,1,1.0,visual_verified_same_as_0831_source
20260825-d5ac1b1c96b38e64a903-01,2026-08-25,手机,device,360,,N7 Pro高（红色）,,N7 Pro高（红色）,不开机,110.0,元/台,,,360.jpg,数码网报价单-0825更新/手机相关/360.jpg,1,1.0,visual_verified_same_as_0831_source
20260825-a72b3319b0e2f697606f-01,2026-08-25,手机,device,360,,N7 Pro高（红色）,,N7 Pro高（红色）,废板-整机,110.0,元/台,,,360.jpg,数码网报价单-0825更新/手机相关/360.jpg,1,1.0,visual_verified_same_as_0831_source
20260825-2c09769362d8782ea71d-01,2026-08-25,手机,device,360,,N7 Pro低（黑色）,,N7 Pro低（黑色）,开机屏好,110.0,元/台,,,360.jpg,数码网报价单-0825更新/手机相关/360.jpg,1,1.0,visual_verified_same_as_0831_source
20260825-8170b639af3530948aa4-01,2026-08-25,手机,device,360,,N7 Pro低（黑色）,,N7 Pro低（黑色）,开机屏坏,110.0,元/台,,,360.jpg,数码网报价单-0825更新/手机相关/360.jpg,1,1.0,visual_verified_same_as_0831_source
20260825-bb42068a1960a32222a6-01,2026-08-25,手机,device,360,,N7 Pro低（黑色）,,N7 Pro低（黑色）,不开机,110.0,元/台,,,360.jpg,数码网报价单-0825更新/手机相关/360.jpg,1,1.0,visual_verified_same_as_0831_source
20260825-384beb985d98752c5550-01,2026-08-25,手机,device,360,,N7 Pro低（黑色）,,N7 Pro低（黑色）,废板-整机,110.0,元/台,,,360.jpg,数码网报价单-0825更新/手机相关/360.jpg,1,1.0,visual_verified_same_as_0831_source
20260825-7d9fadde88b38c26c24a-01,2026-08-25,手机,device,360,,N7,,N7,开机屏好,110.0,元/台,,,360.jpg,数码网报价单-0825更新/手机相关/360.jpg,1,1.0,visual_verified_same_as_0831_source
20260825-bdd64f283ec80e9c1815-01,2026-08-25,手机,device,360,,N7,,N7,开机屏坏,110.0,元/台,,,360.jpg,数码网报价单-0825更新/手机相关/360.jpg,1,1.0,visual_verified_same_as_0831_source
20260825-1ab659fa1c70ba437751-01,2026-08-25,手机,device,360,,N7,,N7,不开机,110.0,元/台,,,360.jpg,数码网报价单-0825更新/手机相关/360.jpg,1,1.0,visual_verified_same_as_0831_source
20260825-b0d810e3a8180fd8ea34-01,2026-08-25,手机,device,360,,N7,,N7,废板-整机,110.0,元/台,,,360.jpg,数码网报价单-0825更新/手机相关/360.jpg,1,1.0,visual_verified_same_as_0831_source
20260825-9d4c6a7202a30abdd3ad-01,2026-08-25,手机,device,360,,N6 pro,,N6 pro,开机屏好,110.0,元/台,,,360.jpg,数码网报价单-0825更新/手机相关/360.jpg,1,1.0,visual_verified_same_as_0831_source
20260825-565946045fd16de60b2a-01,2026-08-25,手机,device,360,,N6 pro,,N6 pro,开机屏坏,110.0,元/台,,,360.jpg,数码网报价单-0825更新/手机相关/360.jpg,1,1.0,visual_verified_same_as_0831_source
20260825-be63c88a2e8bd09ba3fb-01,2026-08-25,手机,device,360,,N6 pro,,N6 pro,不开机,110.0,元/台,,,360.jpg,数码网报价单-0825更新/手机相关/360.jpg,1,1.0,visual_verified_same_as_0831_source
20260825-c8f38f6078245580ffa3-01,2026-08-25,手机,device,360,,N6 pro,,N6 pro,废板-整机,110.0,元/台,,,360.jpg,数码网报价单-0825更新/手机相关/360.jpg,1,1.0,visual_verified_same_as_0831_source
20260825-fab7324f7be397be1e1c-01,2026-08-25,手机,device,360,,Q5p,,Q5p,开机屏好,50.0,元/台,,,360.jpg,数码网报价单-0825更新/手机相关/360.jpg,1,1.0,visual_verified_same_as_0831_source
20260825-9e90934692179e9e4fc6-01,2026-08-25,手机,device,360,,Q5p,,Q5p,开机屏坏,50.0,元/台,,,360.jpg,数码网报价单-0825更新/手机相关/360.jpg,1,1.0,visual_verified_same_as_0831_source
20260825-8dde0184b460e2dc3f32-01,2026-08-25,手机,device,360,,Q5p,,Q5p,不开机,50.0,元/台,,,360.jpg,数码网报价单-0825更新/手机相关/360.jpg,1,1.0,visual_verified_same_as_0831_source
20260825-268efa2fe19d129e547a-01,2026-08-25,手机,device,360,,Q5p,,Q5p,废板-整机,50.0,元/台,,,360.jpg,数码网报价单-0825更新/手机相关/360.jpg,1,1.0,visual_verified_same_as_0831_source
20260825-5a7f52439372b982115b-01,2026-08-25,手机,device,360,,N6,,N6,开机屏好,110.0,元/台,,,360.jpg,数码网报价单-0825更新/手机相关/360.jpg,1,1.0,visual_verified_same_as_0831_source
20260825-4ccc00fc7cbbcab3e2c5-01,2026-08-25,手机,device,360,,N6,,N6,开机屏坏,110.0,元/台,,,360.jpg,数码网报价单-0825更新/手机相关/360.jpg,1,1.0,visual_verified_same_as_0831_source
20260825-93d811fbbd38016b14d4-01,2026-08-25,手机,device,360,,N6,,N6,不开机,110.0,元/台,,,360.jpg,数码网报价单-0825更新/手机相关/360.jpg,1,1.0,visual_verified_same_as_0831_source
20260825-249ec22e85f3d45dd433-01,2026-08-25,手机,device,360,,N6,,N6,废板-整机,110.0,元/台,,,360.jpg,数码网报价单-0825更新/手机相关/360.jpg,1,1.0,visual_verified_same_as_0831_source
20260825-d7e530c5e6089b4a4dea-01,2026-08-25,手机,device,360,,N7 Lite,,N7 Lite,开机屏好,50.0,元/台,,,360.jpg,数码网报价单-0825更新/手机相关/360.jpg,1,1.0,visual_verified_same_as_0831_source
20260825-c7072f9670e2bcf2c833-01,2026-08-25,手机,device,360,,N7 Lite,,N7 Lite,开机屏坏,50.0,元/台,,,360.jpg,数码网报价单-0825更新/手机相关/360.jpg,1,1.0,visual_verified_same_as_0831_source
20260825-d99a0c1c74170a29dd97-01,2026-08-25,手机,device,360,,N7 Lite,,N7 Lite,不开机,50.0,元/台,,,360.jpg,数码网报价单-0825更新/手机相关/360.jpg,1,1.0,visual_verified_same_as_0831_source
20260825-1699add8fa8981925d6d-01,2026-08-25,手机,device,360,,N7 Lite,,N7 Lite,废板-整机,50.0,元/台,,,360.jpg,数码网报价单-0825更新/手机相关/360.jpg,1,1.0,visual_verified_same_as_0831_source
20260825-643d63865cad180b767e-01,2026-08-25,手机,device,360,,N6 Lite,,N6 Lite,开机屏好,50.0,元/台,,,360.jpg,数码网报价单-0825更新/手机相关/360.jpg,1,1.0,visual_verified_same_as_0831_source
20260825-c3efb6a0b4009a371d7f-01,2026-08-25,手机,device,360,,N6 Lite,,N6 Lite,开机屏坏,50.0,元/台,,,360.jpg,数码网报价单-0825更新/手机相关/360.jpg,1,1.0,visual_verified_same_as_0831_source
20260825-081a8042681cc65d44ff-01,2026-08-25,手机,device,360,,N6 Lite,,N6 Lite,不开机,50.0,元/台,,,360.jpg,数码网报价单-0825更新/手机相关/360.jpg,1,1.0,visual_verified_same_as_0831_source
20260825-6cb694d800a48aa40ab0-01,2026-08-25,手机,device,360,,N6 Lite,,N6 Lite,废板-整机,50.0,元/台,,,360.jpg,数码网报价单-0825更新/手机相关/360.jpg,1,1.0,visual_verified_same_as_0831_source
20260825-0f54a2e530e7238d7879-01,2026-08-25,手机,device,360,,N5s,,N5s,开机屏好,50.0,元/台,,,360.jpg,数码网报价单-0825更新/手机相关/360.jpg,1,1.0,visual_verified_same_as_0831_source
20260825-0a763c4a0b7980c47f1f-01,2026-08-25,手机,device,360,,N5s,,N5s,开机屏坏,50.0,元/台,,,360.jpg,数码网报价单-0825更新/手机相关/360.jpg,1,1.0,visual_verified_same_as_0831_source
20260825-6e418182451028a938a1-01,2026-08-25,手机,device,360,,N5s,,N5s,不开机,50.0,元/台,,,360.jpg,数码网报价单-0825更新/手机相关/360.jpg,1,1.0,visual_verified_same_as_0831_source
20260825-f1692cbe04044594fe8b-01,2026-08-25,手机,device,360,,N5s,,N5s,废板-整机,50.0,元/台,,,360.jpg,数码网报价单-0825更新/手机相关/360.jpg,1,1.0,visual_verified_same_as_0831_source
20260825-db5ea415f3dc81f40175-01,2026-08-25,手机,device,360,,N5,,N5,开机屏好,50.0,元/台,,,360.jpg,数码网报价单-0825更新/手机相关/360.jpg,1,1.0,visual_verified_same_as_0831_source
20260825-f313539c8ef100a417cd-01,2026-08-25,手机,device,360,,N5,,N5,开机屏坏,50.0,元/台,,,360.jpg,数码网报价单-0825更新/手机相关/360.jpg,1,1.0,visual_verified_same_as_0831_source
20260825-6759c3825ed149dc1339-01,2026-08-25,手机,device,360,,N5,,N5,不开机,50.0,元/台,,,360.jpg,数码网报价单-0825更新/手机相关/360.jpg,1,1.0,visual_verified_same_as_0831_source
20260825-565e044641ec2881833b-01,2026-08-25,手机,device,360,,N5,,N5,废板-整机,50.0,元/台,,,360.jpg,数码网报价单-0825更新/手机相关/360.jpg,1,1.0,visual_verified_same_as_0831_source
20260825-d0c4f6259113c640108c-01,2026-08-25,手机,device,360,,N4s,,N4s,开机屏好,50.0,元/台,,,360.jpg,数码网报价单-0825更新/手机相关/360.jpg,1,1.0,visual_verified_same_as_0831_source
20260825-cb194b0a103b71b97ebe-01,2026-08-25,手机,device,360,,N4s,,N4s,开机屏坏,50.0,元/台,,,360.jpg,数码网报价单-0825更新/手机相关/360.jpg,1,1.0,visual_verified_same_as_0831_source
20260825-99ff1c10dde3e0f6b28e-01,2026-08-25,手机,device,360,,N4s,,N4s,不开机,50.0,元/台,,,360.jpg,数码网报价单-0825更新/手机相关/360.jpg,1,1.0,visual_verified_same_as_0831_source
20260825-f9ea5983deb495dce317-01,2026-08-25,手机,device,360,,N4s,,N4s,废板-整机,50.0,元/台,,,360.jpg,数码网报价单-0825更新/手机相关/360.jpg,1,1.0,visual_verified_same_as_0831_source
20260825-1a3421a7115ad3e04c6d-01,2026-08-25,手机,device,360,,N4a,,N4a,开机屏好,50.0,元/台,,,360.jpg,数码网报价单-0825更新/手机相关/360.jpg,1,1.0,visual_verified_same_as_0831_source
20260825-6a5239816894f7daaa76-01,2026-08-25,手机,device,360,,N4a,,N4a,开机屏坏,50.0,元/台,,,360.jpg,数码网报价单-0825更新/手机相关/360.jpg,1,1.0,visual_verified_same_as_0831_source
20260825-1271c0ed55bd7faa646d-01,2026-08-25,手机,device,360,,N4a,,N4a,不开机,50.0,元/台,,,360.jpg,数码网报价单-0825更新/手机相关/360.jpg,1,1.0,visual_verified_same_as_0831_source
20260825-7e76d4808c014bc4a113-01,2026-08-25,手机,device,360,,N4a,,N4a,废板-整机,50.0,元/台,,,360.jpg,数码网报价单-0825更新/手机相关/360.jpg,1,1.0,visual_verified_same_as_0831_source
20260825-c4d2acc80fc3f602bd7d-01,2026-08-25,手机,device,360,,N4 pizza,,N4 pizza,开机屏好,50.0,元/台,,,360.jpg,数码网报价单-0825更新/手机相关/360.jpg,1,1.0,visual_verified_same_as_0831_source
20260825-3750e55a950d09f18201-01,2026-08-25,手机,device,360,,N4 pizza,,N4 pizza,开机屏坏,50.0,元/台,,,360.jpg,数码网报价单-0825更新/手机相关/360.jpg,1,1.0,visual_verified_same_as_0831_source
20260825-c02b91bb517577921101-01,2026-08-25,手机,device,360,,N4 pizza,,N4 pizza,不开机,50.0,元/台,,,360.jpg,数码网报价单-0825更新/手机相关/360.jpg,1,1.0,visual_verified_same_as_0831_source
20260825-f1f03bdd230f4d740dc2-01,2026-08-25,手机,device,360,,N4 pizza,,N4 pizza,废板-整机,50.0,元/台,,,360.jpg,数码网报价单-0825更新/手机相关/360.jpg,1,1.0,visual_verified_same_as_0831_source
20260825-1acd3ef8c11d5b079400-01,2026-08-25,手机,device,360,,N4,,N4,开机屏好,50.0,元/台,,,360.jpg,数码网报价单-0825更新/手机相关/360.jpg,1,1.0,visual_verified_same_as_0831_source
20260825-f95b1c41b3effe6c32a1-01,2026-08-25,手机,device,360,,N4,,N4,开机屏坏,50.0,元/台,,,360.jpg,数码网报价单-0825更新/手机相关/360.jpg,1,1.0,visual_verified_same_as_0831_source
20260825-33f18ae9414e08ceb1b5-01,2026-08-25,手机,device,360,,N4,,N4,不开机,50.0,元/台,,,360.jpg,数码网报价单-0825更新/手机相关/360.jpg,1,1.0,visual_verified_same_as_0831_source
20260825-5503e218db032e7b293f-01,2026-08-25,手机,device,360,,N4,,N4,废板-整机,50.0,元/台,,,360.jpg,数码网报价单-0825更新/手机相关/360.jpg,1,1.0,visual_verified_same_as_0831_source
20260825-b6495aa737056e0ec9fa-01,2026-08-25,手机,device,360,,奇酷双相,,奇酷双相,开机屏好,20.0,元/台,,,360.jpg,数码网报价单-0825更新/手机相关/360.jpg,1,1.0,visual_verified_same_as_0831_source
20260825-3eb2619637da89bb02a1-01,2026-08-25,手机,device,360,,奇酷双相,,奇酷双相,开机屏坏,20.0,元/台,,,360.jpg,数码网报价单-0825更新/手机相关/360.jpg,1,1.0,visual_verified_same_as_0831_source
20260825-79fae546a68cfe76a055-01,2026-08-25,手机,device,360,,奇酷双相,,奇酷双相,不开机,20.0,元/台,,,360.jpg,数码网报价单-0825更新/手机相关/360.jpg,1,1.0,visual_verified_same_as_0831_source
20260825-58e4b15bf0e0fda55b74-01,2026-08-25,手机,device,360,,奇酷双相,,奇酷双相,废板-整机,20.0,元/台,,,360.jpg,数码网报价单-0825更新/手机相关/360.jpg,1,1.0,visual_verified_same_as_0831_source
20260825-e2326c91e1ae1619dfb2-01,2026-08-25,手机,device,360,,奇酷单相,,奇酷单相,开机屏好,20.0,元/台,,,360.jpg,数码网报价单-0825更新/手机相关/360.jpg,1,1.0,visual_verified_same_as_0831_source
20260825-d9a816b1e598ab060449-01,2026-08-25,手机,device,360,,奇酷单相,,奇酷单相,开机屏坏,20.0,元/台,,,360.jpg,数码网报价单-0825更新/手机相关/360.jpg,1,1.0,visual_verified_same_as_0831_source
20260825-44790dde88c91efa380a-01,2026-08-25,手机,device,360,,奇酷单相,,奇酷单相,不开机,20.0,元/台,,,360.jpg,数码网报价单-0825更新/手机相关/360.jpg,1,1.0,visual_verified_same_as_0831_source
20260825-febe2000bcd317d502ab-01,2026-08-25,手机,device,360,,奇酷单相,,奇酷单相,废板-整机,20.0,元/台,,,360.jpg,数码网报价单-0825更新/手机相关/360.jpg,1,1.0,visual_verified_same_as_0831_source
20260825-247a61c5b246b9006c64-01,2026-08-25,手机,device,360,,Q5,,Q5,开机屏好,35.0,元/台,,,360.jpg,数码网报价单-0825更新/手机相关/360.jpg,1,1.0,visual_verified_same_as_0831_source
20260825-9e987559d290e1b75773-01,2026-08-25,手机,device,360,,Q5,,Q5,开机屏坏,35.0,元/台,,,360.jpg,数码网报价单-0825更新/手机相关/360.jpg,1,1.0,visual_verified_same_as_0831_source
20260825-b23e246f14e7d58cc1dd-01,2026-08-25,手机,device,360,,Q5,,Q5,不开机,35.0,元/台,,,360.jpg,数码网报价单-0825更新/手机相关/360.jpg,1,1.0,visual_verified_same_as_0831_source
20260825-f41b061c54921aedcbe5-01,2026-08-25,手机,device,360,,Q5,,Q5,废板-整机,35.0,元/台,,,360.jpg,数码网报价单-0825更新/手机相关/360.jpg,1,1.0,visual_verified_same_as_0831_source
20260825-870476e48a3132db9167-01,2026-08-25,手机,device,360,,F4,,F4,开机屏好,20.0,元/台,,,360.jpg,数码网报价单-0825更新/手机相关/360.jpg,1,1.0,visual_verified_same_as_0831_source
20260825-8c363e090fd564bc21be-01,2026-08-25,手机,device,360,,F4,,F4,开机屏坏,20.0,元/台,,,360.jpg,数码网报价单-0825更新/手机相关/360.jpg,1,1.0,visual_verified_same_as_0831_source
20260825-dc6ecb86398cde40b18b-01,2026-08-25,手机,device,360,,F4,,F4,不开机,20.0,元/台,,,360.jpg,数码网报价单-0825更新/手机相关/360.jpg,1,1.0,visual_verified_same_as_0831_source
20260825-cef4535f240e17f18798-01,2026-08-25,手机,device,360,,F4,,F4,废板-整机,20.0,元/台,,,360.jpg,数码网报价单-0825更新/手机相关/360.jpg,1,1.0,visual_verified_same_as_0831_source
20260825-23668454a070c3acf9dd-01,2026-08-25,手机,device,TCL,,P590,,P590,开机屏好,10.0,元/台,,,TCL.jpg,数码网报价单-0825更新/手机相关/TCL.jpg,1,1.0,visual_verified_same_as_0831_source
20260825-0212fae7c85fc721234d-01,2026-08-25,手机,device,TCL,,P590,,P590,开机屏坏,10.0,元/台,,,TCL.jpg,数码网报价单-0825更新/手机相关/TCL.jpg,1,1.0,visual_verified_same_as_0831_source
20260825-eae67fda2f5a4deb2dac-01,2026-08-25,手机,device,TCL,,P590,,P590,不开机,10.0,元/台,,,TCL.jpg,数码网报价单-0825更新/手机相关/TCL.jpg,1,1.0,visual_verified_same_as_0831_source
20260825-a9015e1b65b95e335c26-01,2026-08-25,手机,device,TCL,,P590,,P590,废板-整机,10.0,元/台,,,TCL.jpg,数码网报价单-0825更新/手机相关/TCL.jpg,1,1.0,visual_verified_same_as_0831_source
20260825-91987c491da456f457f2-01,2026-08-25,手机,device,TCL,,P586,,P586,开机屏好,10.0,元/台,,,TCL.jpg,数码网报价单-0825更新/手机相关/TCL.jpg,1,1.0,visual_verified_same_as_0831_source
20260825-086e5c95d5f7c7051116-01,2026-08-25,手机,device,TCL,,P586,,P586,开机屏坏,10.0,元/台,,,TCL.jpg,数码网报价单-0825更新/手机相关/TCL.jpg,1,1.0,visual_verified_same_as_0831_source
20260825-26d9bd139c2641061b2f-01,2026-08-25,手机,device,TCL,,P586,,P586,不开机,10.0,元/台,,,TCL.jpg,数码网报价单-0825更新/手机相关/TCL.jpg,1,1.0,visual_verified_same_as_0831_source
20260825-7b4cb88d3b9607bc02d2-01,2026-08-25,手机,device,TCL,,P586,,P586,废板-整机,10.0,元/台,,,TCL.jpg,数码网报价单-0825更新/手机相关/TCL.jpg,1,1.0,visual_verified_same_as_0831_source
20260825-f4f9115ab24100490d82-01,2026-08-25,手机,device,TCL,,P318,,P318,开机屏好,10.0,元/台,,,TCL.jpg,数码网报价单-0825更新/手机相关/TCL.jpg,1,1.0,visual_verified_same_as_0831_source
20260825-7cddf76a76dc7af1df1d-01,2026-08-25,手机,device,TCL,,P318,,P318,开机屏坏,10.0,元/台,,,TCL.jpg,数码网报价单-0825更新/手机相关/TCL.jpg,1,1.0,visual_verified_same_as_0831_source
20260825-2fcffd6554e9c42eaee6-01,2026-08-25,手机,device,TCL,,P318,,P318,不开机,10.0,元/台,,,TCL.jpg,数码网报价单-0825更新/手机相关/TCL.jpg,1,1.0,visual_verified_same_as_0831_source
20260825-510d6a48ab3a69a29104-01,2026-08-25,手机,device,TCL,,P318,,P318,废板-整机,10.0,元/台,,,TCL.jpg,数码网报价单-0825更新/手机相关/TCL.jpg,1,1.0,visual_verified_same_as_0831_source
20260825-9ef7cbbc9422784a2923-01,2026-08-25,手机,device,TCL,,P308,,P308,开机屏好,10.0,元/台,,,TCL.jpg,数码网报价单-0825更新/手机相关/TCL.jpg,1,1.0,visual_verified_same_as_0831_source
20260825-d893d496d402c397b959-01,2026-08-25,手机,device,TCL,,P308,,P308,开机屏坏,10.0,元/台,,,TCL.jpg,数码网报价单-0825更新/手机相关/TCL.jpg,1,1.0,visual_verified_same_as_0831_source
20260825-16a4ffae33c34f5650af-01,2026-08-25,手机,device,TCL,,P308,,P308,不开机,10.0,元/台,,,TCL.jpg,数码网报价单-0825更新/手机相关/TCL.jpg,1,1.0,visual_verified_same_as_0831_source
20260825-9ffe3366e8d123cafd83-01,2026-08-25,手机,device,TCL,,P308,,P308,废板-整机,10.0,元/台,,,TCL.jpg,数码网报价单-0825更新/手机相关/TCL.jpg,1,1.0,visual_verified_same_as_0831_source
20260825-a601d11927d7a32f44bc-01,2026-08-25,手机,device,TCL,,P307,,P307,开机屏好,10.0,元/台,,,TCL.jpg,数码网报价单-0825更新/手机相关/TCL.jpg,1,1.0,visual_verified_same_as_0831_source
20260825-79c52433fc924d5900f1-01,2026-08-25,手机,device,TCL,,P307,,P307,开机屏坏,10.0,元/台,,,TCL.jpg,数码网报价单-0825更新/手机相关/TCL.jpg,1,1.0,visual_verified_same_as_0831_source
20260825-351e76b2f608176e841e-01,2026-08-25,手机,device,TCL,,P307,,P307,不开机,10.0,元/台,,,TCL.jpg,数码网报价单-0825更新/手机相关/TCL.jpg,1,1.0,visual_verified_same_as_0831_source
20260825-c0b1d86a20fb5bb89295-01,2026-08-25,手机,device,TCL,,P307,,P307,废板-整机,10.0,元/台,,,TCL.jpg,数码网报价单-0825更新/手机相关/TCL.jpg,1,1.0,visual_verified_same_as_0831_source
20260825-1b123a49405e5fe5dc57-01,2026-08-25,手机,device,TCL,,P588,,P588,开机屏好,10.0,元/台,,,TCL.jpg,数码网报价单-0825更新/手机相关/TCL.jpg,1,1.0,visual_verified_same_as_0831_source
20260825-09baf2816291e7937c72-01,2026-08-25,手机,device,TCL,,P588,,P588,开机屏坏,10.0,元/台,,,TCL.jpg,数码网报价单-0825更新/手机相关/TCL.jpg,1,1.0,visual_verified_same_as_0831_source
20260825-04e295495b950c942039-01,2026-08-25,手机,device,TCL,,P588,,P588,不开机,10.0,元/台,,,TCL.jpg,数码网报价单-0825更新/手机相关/TCL.jpg,1,1.0,visual_verified_same_as_0831_source
20260825-6952e5190b3133acf87e-01,2026-08-25,手机,device,TCL,,P588,,P588,废板-整机,10.0,元/台,,,TCL.jpg,数码网报价单-0825更新/手机相关/TCL.jpg,1,1.0,visual_verified_same_as_0831_source
20260825-81251ac244d6420306cd-01,2026-08-25,手机,device,TCL,,p502,,p502,开机屏好,10.0,元/台,,,TCL.jpg,数码网报价单-0825更新/手机相关/TCL.jpg,1,1.0,visual_verified_same_as_0831_source
20260825-979189e74be568773ef2-01,2026-08-25,手机,device,TCL,,p502,,p502,开机屏坏,10.0,元/台,,,TCL.jpg,数码网报价单-0825更新/手机相关/TCL.jpg,1,1.0,visual_verified_same_as_0831_source
20260825-6be9569f28e8f7849cbb-01,2026-08-25,手机,device,TCL,,p502,,p502,不开机,10.0,元/台,,,TCL.jpg,数码网报价单-0825更新/手机相关/TCL.jpg,1,1.0,visual_verified_same_as_0831_source
20260825-e99a27d63f9b21a3c6ab-01,2026-08-25,手机,device,TCL,,p502,,p502,废板-整机,10.0,元/台,,,TCL.jpg,数码网报价单-0825更新/手机相关/TCL.jpg,1,1.0,visual_verified_same_as_0831_source
20260825-e666fc2f2171bebdcfc8-01,2026-08-25,手机,device,TCL,,P316,,P316,开机屏好,10.0,元/台,,,TCL.jpg,数码网报价单-0825更新/手机相关/TCL.jpg,1,1.0,visual_verified_same_as_0831_source
20260825-768458796e023ad78b3e-01,2026-08-25,手机,device,TCL,,P316,,P316,开机屏坏,10.0,元/台,,,TCL.jpg,数码网报价单-0825更新/手机相关/TCL.jpg,1,1.0,visual_verified_same_as_0831_source
20260825-c1beb5d575dc14a21758-01,2026-08-25,手机,device,TCL,,P316,,P316,不开机,10.0,元/台,,,TCL.jpg,数码网报价单-0825更新/手机相关/TCL.jpg,1,1.0,visual_verified_same_as_0831_source
20260825-2a63c94386eed30d0d63-01,2026-08-25,手机,device,TCL,,P316,,P316,废板-整机,10.0,元/台,,,TCL.jpg,数码网报价单-0825更新/手机相关/TCL.jpg,1,1.0,visual_verified_same_as_0831_source
20260825-b16ee588e8b32a6efbce-01,2026-08-25,手机,device,TCL,,P302,,P302,开机屏好,10.0,元/台,,,TCL.jpg,数码网报价单-0825更新/手机相关/TCL.jpg,1,1.0,visual_verified_same_as_0831_source
20260825-c16d741b4663bb32777c-01,2026-08-25,手机,device,TCL,,P302,,P302,开机屏坏,10.0,元/台,,,TCL.jpg,数码网报价单-0825更新/手机相关/TCL.jpg,1,1.0,visual_verified_same_as_0831_source
20260825-a07b8f691edad2f81b2d-01,2026-08-25,手机,device,TCL,,P302,,P302,不开机,10.0,元/台,,,TCL.jpg,数码网报价单-0825更新/手机相关/TCL.jpg,1,1.0,visual_verified_same_as_0831_source
20260825-8a2c5fd884b89a938e36-01,2026-08-25,手机,device,TCL,,P302,,P302,废板-整机,10.0,元/台,,,TCL.jpg,数码网报价单-0825更新/手机相关/TCL.jpg,1,1.0,visual_verified_same_as_0831_source
20260825-157c74b49a1840aad1ca-01,2026-08-25,手机,device,TCL,,P520,,P520,开机屏好,10.0,元/台,,,TCL.jpg,数码网报价单-0825更新/手机相关/TCL.jpg,1,1.0,visual_verified_same_as_0831_source
20260825-d07ebd3359104c09294a-01,2026-08-25,手机,device,TCL,,P520,,P520,开机屏坏,10.0,元/台,,,TCL.jpg,数码网报价单-0825更新/手机相关/TCL.jpg,1,1.0,visual_verified_same_as_0831_source
20260825-cb5a7467f0a8070437d4-01,2026-08-25,手机,device,TCL,,P520,,P520,不开机,10.0,元/台,,,TCL.jpg,数码网报价单-0825更新/手机相关/TCL.jpg,1,1.0,visual_verified_same_as_0831_source
20260825-8b77b2f9bae4cf5db346-01,2026-08-25,手机,device,TCL,,P520,,P520,废板-整机,10.0,元/台,,,TCL.jpg,数码网报价单-0825更新/手机相关/TCL.jpg,1,1.0,visual_verified_same_as_0831_source
20260825-0a1cb511ec9668fe910f-01,2026-08-25,手机,device,TCL,,P518,,P518,开机屏好,10.0,元/台,,,TCL.jpg,数码网报价单-0825更新/手机相关/TCL.jpg,1,1.0,visual_verified_same_as_0831_source
20260825-a70ef27c1c45e03748b1-01,2026-08-25,手机,device,TCL,,P518,,P518,开机屏坏,10.0,元/台,,,TCL.jpg,数码网报价单-0825更新/手机相关/TCL.jpg,1,1.0,visual_verified_same_as_0831_source
20260825-adab4417ebe3c61ae3ec-01,2026-08-25,手机,device,TCL,,P518,,P518,不开机,10.0,元/台,,,TCL.jpg,数码网报价单-0825更新/手机相关/TCL.jpg,1,1.0,visual_verified_same_as_0831_source
20260825-3a17fcff98256bd7342a-01,2026-08-25,手机,device,TCL,,P518,,P518,废板-整机,10.0,元/台,,,TCL.jpg,数码网报价单-0825更新/手机相关/TCL.jpg,1,1.0,visual_verified_same_as_0831_source
20260825-5436c4ad1c8978744a8c-01,2026-08-25,手机,device,TCL,,p501,,p501,开机屏好,10.0,元/台,,,TCL.jpg,数码网报价单-0825更新/手机相关/TCL.jpg,1,1.0,visual_verified_same_as_0831_source
20260825-a336ea158fd9febbd973-01,2026-08-25,手机,device,TCL,,p501,,p501,开机屏坏,10.0,元/台,,,TCL.jpg,数码网报价单-0825更新/手机相关/TCL.jpg,1,1.0,visual_verified_same_as_0831_source
20260825-cba7e211b95d4598e4be-01,2026-08-25,手机,device,TCL,,p501,,p501,不开机,10.0,元/台,,,TCL.jpg,数码网报价单-0825更新/手机相关/TCL.jpg,1,1.0,visual_verified_same_as_0831_source
20260825-7ab17dd32e13a0716a6a-01,2026-08-25,手机,device,TCL,,p501,,p501,废板-整机,10.0,元/台,,,TCL.jpg,数码网报价单-0825更新/手机相关/TCL.jpg,1,1.0,visual_verified_same_as_0831_source
20260825-18c736938dd2cc97da7f-01,2026-08-25,手机,device,TCL,,P500,,P500,开机屏好,10.0,元/台,,,TCL.jpg,数码网报价单-0825更新/手机相关/TCL.jpg,1,1.0,visual_verified_same_as_0831_source
20260825-76a4412a4d713f949f86-01,2026-08-25,手机,device,TCL,,P500,,P500,开机屏坏,10.0,元/台,,,TCL.jpg,数码网报价单-0825更新/手机相关/TCL.jpg,1,1.0,visual_verified_same_as_0831_source
20260825-da9fa18cc3cd67b14964-01,2026-08-25,手机,device,TCL,,P500,,P500,不开机,10.0,元/台,,,TCL.jpg,数码网报价单-0825更新/手机相关/TCL.jpg,1,1.0,visual_verified_same_as_0831_source
20260825-a014efe62943e2cb41a5-01,2026-08-25,手机,device,TCL,,P500,,P500,废板-整机,10.0,元/台,,,TCL.jpg,数码网报价单-0825更新/手机相关/TCL.jpg,1,1.0,visual_verified_same_as_0831_source
20260825-f4d00cc27ce6ee297cca-01,2026-08-25,手机,device,TCL,,TCL999d,,TCL999d,viewpoint_count,999.0,元/台,,,TCL.jpg,数码网报价单-0825更新/手机相关/TCL.jpg,1,1.0,visual_verified_same_as_0831_source
20260825-a72e87806a13d6b345df-01,2026-08-25,手机,device,TCL,,M3G,,M3G,point_count,12.0,元/台,,,TCL.jpg,数码网报价单-0825更新/手机相关/TCL.jpg,1,1.0,visual_verified_same_as_0831_source
20260825-b613d58307f3dced8668-01,2026-08-25,手机,device,中国移动,,W1,,,开机屏好,35.0,元/台,,image,中国移动.jpg,数码网报价单-0825更新/手机相关/中国移动.jpg,1,1.0,visual_verified_same_as_0831_source
20260825-ea2c35e9dfbc36cc2983-01,2026-08-25,手机,device,中国移动,,W1,,,开机屏坏,35.0,元/台,,image,中国移动.jpg,数码网报价单-0825更新/手机相关/中国移动.jpg,1,1.0,visual_verified_same_as_0831_source
20260825-00f2c5933ffff4026398-01,2026-08-25,手机,device,中国移动,,W1,,,不开机,35.0,元/台,,image,中国移动.jpg,数码网报价单-0825更新/手机相关/中国移动.jpg,1,1.0,visual_verified_same_as_0831_source
20260825-75e78c866fb5678e6aa9-01,2026-08-25,手机,device,中国移动,,W1,,,废板-整机,35.0,元/台,,image,中国移动.jpg,数码网报价单-0825更新/手机相关/中国移动.jpg,1,1.0,visual_verified_same_as_0831_source
20260825-76a99cb8696ee4981458-01,2026-08-25,手机,device,中国移动,,先行者X1,,,开机屏好,100.0,元/台,,image,中国移动.jpg,数码网报价单-0825更新/手机相关/中国移动.jpg,1,1.0,visual_verified_same_as_0831_source
20260825-323c8d06cb1d7b9bf35f-01,2026-08-25,手机,device,中国移动,,先行者X1,,,开机屏坏,50.0,元/台,,image,中国移动.jpg,数码网报价单-0825更新/手机相关/中国移动.jpg,1,1.0,visual_verified_same_as_0831_source
20260825-7f6f94df422b537142c1-01,2026-08-25,手机,device,中国移动,,先行者X1,,,不开机,50.0,元/台,,image,中国移动.jpg,数码网报价单-0825更新/手机相关/中国移动.jpg,1,1.0,visual_verified_same_as_0831_source
20260825-3a417adae0d773981a7d-01,2026-08-25,手机,device,中国移动,,先行者X1,,,废板-整机,50.0,元/台,,image,中国移动.jpg,数码网报价单-0825更新/手机相关/中国移动.jpg,1,1.0,visual_verified_same_as_0831_source
20260825-6cdb0470bdb424df9b0b-01,2026-08-25,手机,device,中国移动,,N5pro,,,开机屏好,120.0,元/台,,image,中国移动.jpg,数码网报价单-0825更新/手机相关/中国移动.jpg,1,1.0,visual_verified_same_as_0831_source
20260825-04c01ace304a752535df-01,2026-08-25,手机,device,中国移动,,N5pro,,,开机屏坏,120.0,元/台,,image,中国移动.jpg,数码网报价单-0825更新/手机相关/中国移动.jpg,1,1.0,visual_verified_same_as_0831_source
20260825-f7931b9014bd11033179-01,2026-08-25,手机,device,中国移动,,N5pro,,,不开机,120.0,元/台,,image,中国移动.jpg,数码网报价单-0825更新/手机相关/中国移动.jpg,1,1.0,visual_verified_same_as_0831_source
20260825-440867fd2d3db05caa05-01,2026-08-25,手机,device,中国移动,,N5pro,,,废板-整机,120.0,元/台,,image,中国移动.jpg,数码网报价单-0825更新/手机相关/中国移动.jpg,1,1.0,visual_verified_same_as_0831_source
20260825-63cf96ed2d8c5b2cfa9a-01,2026-08-25,手机,device,中国移动,,M821,,,开机屏好,20.0,元/台,,image,中国移动.jpg,数码网报价单-0825更新/手机相关/中国移动.jpg,1,1.0,visual_verified_same_as_0831_source
20260825-3bd747230e97aeeb7ad7-01,2026-08-25,手机,device,中国移动,,M821,,,开机屏坏,20.0,元/台,,image,中国移动.jpg,数码网报价单-0825更新/手机相关/中国移动.jpg,1,1.0,visual_verified_same_as_0831_source
20260825-9a0713f4b1aa7e463f59-01,2026-08-25,手机,device,中国移动,,M821,,,不开机,20.0,元/台,,image,中国移动.jpg,数码网报价单-0825更新/手机相关/中国移动.jpg,1,1.0,visual_verified_same_as_0831_source
20260825-8352ad2241baea1188b8-01,2026-08-25,手机,device,中国移动,,M821,,,废板-整机,20.0,元/台,,image,中国移动.jpg,数码网报价单-0825更新/手机相关/中国移动.jpg,1,1.0,visual_verified_same_as_0831_source
20260825-8a53e33d7310fd830ec0-01,2026-08-25,手机,device,中国移动,,N5,,,开机屏好,30.0,元/台,,image,中国移动.jpg,数码网报价单-0825更新/手机相关/中国移动.jpg,1,1.0,visual_verified_same_as_0831_source
20260825-55cd6b35f16bd2d09122-01,2026-08-25,手机,device,中国移动,,N5,,,开机屏坏,30.0,元/台,,image,中国移动.jpg,数码网报价单-0825更新/手机相关/中国移动.jpg,1,1.0,visual_verified_same_as_0831_source
20260825-7bbcc1f3359554db8f89-01,2026-08-25,手机,device,中国移动,,N5,,,不开机,30.0,元/台,,image,中国移动.jpg,数码网报价单-0825更新/手机相关/中国移动.jpg,1,1.0,visual_verified_same_as_0831_source
20260825-6de625e35d7784d63809-01,2026-08-25,手机,device,中国移动,,N5,,,废板-整机,30.0,元/台,,image,中国移动.jpg,数码网报价单-0825更新/手机相关/中国移动.jpg,1,1.0,visual_verified_same_as_0831_source
20260825-b6924ea58d1bc5f4865f-01,2026-08-25,手机,device,中国移动,,N3/M850,,,开机屏好,55.0,元/台,,image,中国移动.jpg,数码网报价单-0825更新/手机相关/中国移动.jpg,1,1.0,visual_verified_same_as_0831_source
20260825-38a79cafbd362d31f382-01,2026-08-25,手机,device,中国移动,,N3/M850,,,开机屏坏,55.0,元/台,,image,中国移动.jpg,数码网报价单-0825更新/手机相关/中国移动.jpg,1,1.0,visual_verified_same_as_0831_source
20260825-2cbdd2022ae430be5dbb-01,2026-08-25,手机,device,中国移动,,N3/M850,,,不开机,55.0,元/台,,image,中国移动.jpg,数码网报价单-0825更新/手机相关/中国移动.jpg,1,1.0,visual_verified_same_as_0831_source
20260825-9dab3b2e58d9b2be7271-01,2026-08-25,手机,device,中国移动,,N3/M850,,,废板-整机,55.0,元/台,,image,中国移动.jpg,数码网报价单-0825更新/手机相关/中国移动.jpg,1,1.0,visual_verified_same_as_0831_source
20260825-bb63c2e218d9af3f00ff-01,2026-08-25,手机,device,中国移动,,761,,,开机屏好,30.0,元/台,,image,中国移动.jpg,数码网报价单-0825更新/手机相关/中国移动.jpg,1,1.0,visual_verified_same_as_0831_source
20260825-f5764a08339f8dd4b858-01,2026-08-25,手机,device,中国移动,,761,,,开机屏坏,30.0,元/台,,image,中国移动.jpg,数码网报价单-0825更新/手机相关/中国移动.jpg,1,1.0,visual_verified_same_as_0831_source
20260825-9c72e86c975e3fe4dbce-01,2026-08-25,手机,device,中国移动,,761,,,不开机,30.0,元/台,,image,中国移动.jpg,数码网报价单-0825更新/手机相关/中国移动.jpg,1,1.0,visual_verified_same_as_0831_source
20260825-c74abaa7a9810e81f875-01,2026-08-25,手机,device,中国移动,,761,,,废板-整机,30.0,元/台,,image,中国移动.jpg,数码网报价单-0825更新/手机相关/中国移动.jpg,1,1.0,visual_verified_same_as_0831_source
20260825-b3a8ebf3f1f6baadfaf6-01,2026-08-25,手机,device,中国移动,,N2/M836,,,开机屏好,20.0,元/台,,image,中国移动.jpg,数码网报价单-0825更新/手机相关/中国移动.jpg,1,1.0,visual_verified_same_as_0831_source
20260825-2654dc5cb05d97ea5422-01,2026-08-25,手机,device,中国移动,,N2/M836,,,开机屏坏,20.0,元/台,,image,中国移动.jpg,数码网报价单-0825更新/手机相关/中国移动.jpg,1,1.0,visual_verified_same_as_0831_source
20260825-061d78b4b8363249275c-01,2026-08-25,手机,device,中国移动,,N2/M836,,,不开机,20.0,元/台,,image,中国移动.jpg,数码网报价单-0825更新/手机相关/中国移动.jpg,1,1.0,visual_verified_same_as_0831_source
20260825-e0ee4a8534fb390e107b-01,2026-08-25,手机,device,中国移动,,N2/M836,,,废板-整机,20.0,元/台,,image,中国移动.jpg,数码网报价单-0825更新/手机相关/中国移动.jpg,1,1.0,visual_verified_same_as_0831_source
20260825-3b314c8d1af4fea00eb0-01,2026-08-25,手机,device,中国移动,,M631,,,开机屏好,11.0,元/台,开机全好看外屏不破,image,中国移动.jpg,数码网报价单-0825更新/手机相关/中国移动.jpg,1,1.0,visual_verified_same_as_0831_source
20260825-1b3ef219f345636e7e51-01,2026-08-25,手机,device,中国移动,,M631,,,开机屏坏,11.0,元/台,开机全好看外屏不破,image,中国移动.jpg,数码网报价单-0825更新/手机相关/中国移动.jpg,1,1.0,visual_verified_same_as_0831_source
20260825-81661111c696b179431c-01,2026-08-25,手机,device,中国移动,,M631,,,不开机,11.0,元/台,开机全好看外屏不破,image,中国移动.jpg,数码网报价单-0825更新/手机相关/中国移动.jpg,1,1.0,visual_verified_same_as_0831_source
20260825-411efaf658dc7990d23b-01,2026-08-25,手机,device,中国移动,,M631,,,废板-整机,11.0,元/台,开机全好看外屏不破,image,中国移动.jpg,数码网报价单-0825更新/手机相关/中国移动.jpg,1,1.0,visual_verified_same_as_0831_source
20260825-33a9c92bff45b452c329-01,2026-08-25,手机,device,中国移动,,A4s/M760,,,开机屏好,20.0,元/台,,image,中国移动.jpg,数码网报价单-0825更新/手机相关/中国移动.jpg,1,1.0,visual_verified_same_as_0831_source
20260825-dfbd95dae6c6a55a8360-01,2026-08-25,手机,device,中国移动,,A4s/M760,,,开机屏坏,20.0,元/台,,image,中国移动.jpg,数码网报价单-0825更新/手机相关/中国移动.jpg,1,1.0,visual_verified_same_as_0831_source
20260825-5bcddea255a5bf73cd65-01,2026-08-25,手机,device,中国移动,,A4s/M760,,,不开机,20.0,元/台,,image,中国移动.jpg,数码网报价单-0825更新/手机相关/中国移动.jpg,1,1.0,visual_verified_same_as_0831_source
20260825-7fc94a8e9032b8a3045f-01,2026-08-25,手机,device,中国移动,,A4s/M760,,,废板-整机,20.0,元/台,,image,中国移动.jpg,数码网报价单-0825更新/手机相关/中国移动.jpg,1,1.0,visual_verified_same_as_0831_source
20260825-29d583cc8e68fcd575ab-01,2026-08-25,手机,device,中国移动,,A3s/M653,,,开机屏好,20.0,元/台,,image,中国移动.jpg,数码网报价单-0825更新/手机相关/中国移动.jpg,1,1.0,visual_verified_same_as_0831_source
20260825-39a6707fd645767ed55f-01,2026-08-25,手机,device,中国移动,,A3s/M653,,,开机屏坏,20.0,元/台,,image,中国移动.jpg,数码网报价单-0825更新/手机相关/中国移动.jpg,1,1.0,visual_verified_same_as_0831_source
20260825-efdb9b5f08d39e4c2bd7-01,2026-08-25,手机,device,中国移动,,A3s/M653,,,不开机,20.0,元/台,,image,中国移动.jpg,数码网报价单-0825更新/手机相关/中国移动.jpg,1,1.0,visual_verified_same_as_0831_source
20260825-ee0e77e8b5796463b9d7-01,2026-08-25,手机,device,中国移动,,A3s/M653,,,废板-整机,20.0,元/台,,image,中国移动.jpg,数码网报价单-0825更新/手机相关/中国移动.jpg,1,1.0,visual_verified_same_as_0831_source
20260825-9d5b2ba64d68f4746427-01,2026-08-25,手机,device,中国移动,,M636,,,开机屏好,20.0,元/台,,image,中国移动.jpg,数码网报价单-0825更新/手机相关/中国移动.jpg,1,1.0,visual_verified_same_as_0831_source
20260825-9cbb217c5954efb6070b-01,2026-08-25,手机,device,中国移动,,M636,,,开机屏坏,20.0,元/台,,image,中国移动.jpg,数码网报价单-0825更新/手机相关/中国移动.jpg,1,1.0,visual_verified_same_as_0831_source
20260825-a0579b08f1ce3920504c-01,2026-08-25,手机,device,中国移动,,M636,,,不开机,20.0,元/台,,image,中国移动.jpg,数码网报价单-0825更新/手机相关/中国移动.jpg,1,1.0,visual_verified_same_as_0831_source
20260825-302634c220c6bbacec96-01,2026-08-25,手机,device,中国移动,,M636,,,废板-整机,20.0,元/台,,image,中国移动.jpg,数码网报价单-0825更新/手机相关/中国移动.jpg,1,1.0,visual_verified_same_as_0831_source
20260825-919af7dfa2074e5e2db8-01,2026-08-25,手机,device,中国移动,,M623,,,开机屏好,20.0,元/台,,image,中国移动.jpg,数码网报价单-0825更新/手机相关/中国移动.jpg,1,1.0,visual_verified_same_as_0831_source
20260825-922919a2ef63d5073abb-01,2026-08-25,手机,device,中国移动,,M623,,,开机屏坏,20.0,元/台,,image,中国移动.jpg,数码网报价单-0825更新/手机相关/中国移动.jpg,1,1.0,visual_verified_same_as_0831_source
20260825-1bfc72a636f0246ab148-01,2026-08-25,手机,device,中国移动,,M623,,,不开机,20.0,元/台,,image,中国移动.jpg,数码网报价单-0825更新/手机相关/中国移动.jpg,1,1.0,visual_verified_same_as_0831_source
20260825-ea220904b35b2213c895-01,2026-08-25,手机,device,中国移动,,M623,,,废板-整机,20.0,元/台,,image,中国移动.jpg,数码网报价单-0825更新/手机相关/中国移动.jpg,1,1.0,visual_verified_same_as_0831_source
20260825-1598686bab08ff7fd7ed-01,2026-08-25,手机,device,中国移动,,M823,,,开机屏好,20.0,元/台,,image,中国移动.jpg,数码网报价单-0825更新/手机相关/中国移动.jpg,1,1.0,visual_verified_same_as_0831_source
20260825-0cea596783b91a22f3d9-01,2026-08-25,手机,device,中国移动,,M823,,,开机屏坏,20.0,元/台,,image,中国移动.jpg,数码网报价单-0825更新/手机相关/中国移动.jpg,1,1.0,visual_verified_same_as_0831_source
20260825-c3b343334fdd1befa55d-01,2026-08-25,手机,device,中国移动,,M823,,,不开机,20.0,元/台,,image,中国移动.jpg,数码网报价单-0825更新/手机相关/中国移动.jpg,1,1.0,visual_verified_same_as_0831_source
20260825-401453b9841538e54d19-01,2026-08-25,手机,device,中国移动,,M823,,,废板-整机,20.0,元/台,,image,中国移动.jpg,数码网报价单-0825更新/手机相关/中国移动.jpg,1,1.0,visual_verified_same_as_0831_source
20260825-be28ac903563134d2923-01,2026-08-25,手机,device,中国移动,,M812,,,开机屏好,20.0,元/台,,image,中国移动.jpg,数码网报价单-0825更新/手机相关/中国移动.jpg,1,1.0,visual_verified_same_as_0831_source
20260825-4cdb15e4bbb6c02668e4-01,2026-08-25,手机,device,中国移动,,M812,,,开机屏坏,20.0,元/台,,image,中国移动.jpg,数码网报价单-0825更新/手机相关/中国移动.jpg,1,1.0,visual_verified_same_as_0831_source
20260825-3bbae7490038b9d56891-01,2026-08-25,手机,device,中国移动,,M812,,,不开机,20.0,元/台,,image,中国移动.jpg,数码网报价单-0825更新/手机相关/中国移动.jpg,1,1.0,visual_verified_same_as_0831_source
20260825-1da8eb0e7c999e73903d-01,2026-08-25,手机,device,中国移动,,M812,,,废板-整机,20.0,元/台,,image,中国移动.jpg,数码网报价单-0825更新/手机相关/中国移动.jpg,1,1.0,visual_verified_same_as_0831_source
20260825-6ebbb14ba42b1c36c9b7-01,2026-08-25,手机,device,中国移动,,M654,,,开机屏好,10.0,元/台,,image,中国移动.jpg,数码网报价单-0825更新/手机相关/中国移动.jpg,1,1.0,visual_verified_same_as_0831_source
20260825-3b57e22fe2c62c2e9249-01,2026-08-25,手机,device,中国移动,,M654,,,开机屏坏,10.0,元/台,,image,中国移动.jpg,数码网报价单-0825更新/手机相关/中国移动.jpg,1,1.0,visual_verified_same_as_0831_source
20260825-b436ac5214e01474219a-01,2026-08-25,手机,device,中国移动,,M654,,,不开机,10.0,元/台,,image,中国移动.jpg,数码网报价单-0825更新/手机相关/中国移动.jpg,1,1.0,visual_verified_same_as_0831_source
20260825-92222a5b599780028463-01,2026-08-25,手机,device,中国移动,,M654,,,废板-整机,10.0,元/台,,image,中国移动.jpg,数码网报价单-0825更新/手机相关/中国移动.jpg,1,1.0,visual_verified_same_as_0831_source
20260825-d5e8f06cd81051e4901a-01,2026-08-25,手机,device,中国移动,,M652,,,开机屏好,10.0,元/台,,image,中国移动.jpg,数码网报价单-0825更新/手机相关/中国移动.jpg,1,1.0,visual_verified_same_as_0831_source
20260825-7bf61b0c9b30a041f23e-01,2026-08-25,手机,device,中国移动,,M652,,,开机屏坏,10.0,元/台,,image,中国移动.jpg,数码网报价单-0825更新/手机相关/中国移动.jpg,1,1.0,visual_verified_same_as_0831_source
20260825-ae7b2235598180b6da84-01,2026-08-25,手机,device,中国移动,,M652,,,不开机,10.0,元/台,,image,中国移动.jpg,数码网报价单-0825更新/手机相关/中国移动.jpg,1,1.0,visual_verified_same_as_0831_source
20260825-77655e192b20c8f8615c-01,2026-08-25,手机,device,中国移动,,M652,,,废板-整机,10.0,元/台,,image,中国移动.jpg,数码网报价单-0825更新/手机相关/中国移动.jpg,1,1.0,visual_verified_same_as_0831_source
20260825-233c69ce0a024a7d29b3-01,2026-08-25,手机,device,中国移动,,M651,,,开机屏好,10.0,元/台,,image,中国移动.jpg,数码网报价单-0825更新/手机相关/中国移动.jpg,1,1.0,visual_verified_same_as_0831_source
20260825-6a4891ef82270cf4d17d-01,2026-08-25,手机,device,中国移动,,M651,,,开机屏坏,10.0,元/台,,image,中国移动.jpg,数码网报价单-0825更新/手机相关/中国移动.jpg,1,1.0,visual_verified_same_as_0831_source
20260825-754809c4866020d1d4ab-01,2026-08-25,手机,device,中国移动,,M651,,,不开机,10.0,元/台,,image,中国移动.jpg,数码网报价单-0825更新/手机相关/中国移动.jpg,1,1.0,visual_verified_same_as_0831_source
20260825-532c5430bb6aece45cc3-01,2026-08-25,手机,device,中国移动,,M651,,,废板-整机,10.0,元/台,,image,中国移动.jpg,数码网报价单-0825更新/手机相关/中国移动.jpg,1,1.0,visual_verified_same_as_0831_source
20260825-bb4641f3e720ecf56c8c-01,2026-08-25,手机,device,乐视,,X900/乐max,,,开机屏好,45,元/台,【备注一】不带屏当废板,image,乐视.jpg,数码网报价单-0825更新/手机相关/乐视.jpg,1,1.0,visual_verified_same_as_0831_source
20260825-731053117a68046cf3fa-01,2026-08-25,手机,device,乐视,,X900/乐max,,,开机屏坏,45,元/台,【备注一】不带屏当废板,image,乐视.jpg,数码网报价单-0825更新/手机相关/乐视.jpg,1,1.0,visual_verified_same_as_0831_source
20260825-81f8de68be7f8fb5f89e-01,2026-08-25,手机,device,乐视,,X900/乐max,,,不开机,45,元/台,【备注一】不带屏当废板,image,乐视.jpg,数码网报价单-0825更新/手机相关/乐视.jpg,1,1.0,visual_verified_same_as_0831_source
20260825-de4163cfcce51e4238a5-01,2026-08-25,手机,device,乐视,,X900/乐max,,,废板-整机,45,元/台,【备注一】不带屏当废板,image,乐视.jpg,数码网报价单-0825更新/手机相关/乐视.jpg,1,1.0,visual_verified_same_as_0831_source
20260825-cd19308fbbc6d8c61ba3-01,2026-08-25,手机,device,乐视,,X820,,,开机屏好,45,元/台,详见备注一,image,乐视.jpg,数码网报价单-0825更新/手机相关/乐视.jpg,1,1.0,visual_verified_same_as_0831_source
20260825-14267e18996ae4d3785a-01,2026-08-25,手机,device,乐视,,X820,,,开机屏坏,45,元/台,详见备注一,image,乐视.jpg,数码网报价单-0825更新/手机相关/乐视.jpg,1,1.0,visual_verified_same_as_0831_source
20260825-c3ffa5d84f035ab9513f-01,2026-08-25,手机,device,乐视,,X820,,,不开机,45,元/台,详见备注一,image,乐视.jpg,数码网报价单-0825更新/手机相关/乐视.jpg,1,1.0,visual_verified_same_as_0831_source
20260825-fd369447a7f669d37de3-01,2026-08-25,手机,device,乐视,,X820,,,废板-整机,45,元/台,详见备注一,image,乐视.jpg,数码网报价单-0825更新/手机相关/乐视.jpg,1,1.0,visual_verified_same_as_0831_source
20260825-b7b8acd7e4b0fa76a531-01,2026-08-25,手机,device,乐视,,X800/乐1pro,,,开机屏好,45,元/台,详见备注一,image,乐视.jpg,数码网报价单-0825更新/手机相关/乐视.jpg,1,1.0,visual_verified_same_as_0831_source
20260825-3f5745dfb10d4b659b44-01,2026-08-25,手机,device,乐视,,X800/乐1pro,,,开机屏坏,45,元/台,详见备注一,image,乐视.jpg,数码网报价单-0825更新/手机相关/乐视.jpg,1,1.0,visual_verified_same_as_0831_source
20260825-02ac47e4d42ca16e8ed1-01,2026-08-25,手机,device,乐视,,X800/乐1pro,,,不开机,45,元/台,详见备注一,image,乐视.jpg,数码网报价单-0825更新/手机相关/乐视.jpg,1,1.0,visual_verified_same_as_0831_source
20260825-55f2b3e9df345fdac2c6-01,2026-08-25,手机,device,乐视,,X800/乐1pro,,,废板-整机,45,元/台,详见备注一,image,乐视.jpg,数码网报价单-0825更新/手机相关/乐视.jpg,1,1.0,visual_verified_same_as_0831_source
20260825-4a26732bca6b2a59db47-01,2026-08-25,手机,device,乐视,,X720,,,开机屏好,45,元/台,详见备注一,image,乐视.jpg,数码网报价单-0825更新/手机相关/乐视.jpg,1,1.0,visual_verified_same_as_0831_source
20260825-c6d80acb42b445b20901-01,2026-08-25,手机,device,乐视,,X720,,,开机屏坏,45,元/台,详见备注一,image,乐视.jpg,数码网报价单-0825更新/手机相关/乐视.jpg,1,1.0,visual_verified_same_as_0831_source
20260825-4b56eb736714c689c582-01,2026-08-25,手机,device,乐视,,X720,,,不开机,45,元/台,详见备注一,image,乐视.jpg,数码网报价单-0825更新/手机相关/乐视.jpg,1,1.0,visual_verified_same_as_0831_source
20260825-213c6358ca825d2d128b-01,2026-08-25,手机,device,乐视,,X720,,,废板-整机,45,元/台,详见备注一,image,乐视.jpg,数码网报价单-0825更新/手机相关/乐视.jpg,1,1.0,visual_verified_same_as_0831_source
20260825-17dcf6cab1bfe6251991-01,2026-08-25,手机,device,乐视,,X626,,,开机屏好,45,元/台,详见备注一,image,乐视.jpg,数码网报价单-0825更新/手机相关/乐视.jpg,1,1.0,visual_verified_same_as_0831_source
20260825-2dfe7d108f16f6e82e5e-01,2026-08-25,手机,device,乐视,,X626,,,开机屏坏,45,元/台,详见备注一,image,乐视.jpg,数码网报价单-0825更新/手机相关/乐视.jpg,1,1.0,visual_verified_same_as_0831_source
20260825-c58b7cb770f7985c1bd0-01,2026-08-25,手机,device,乐视,,X626,,,不开机,45,元/台,详见备注一,image,乐视.jpg,数码网报价单-0825更新/手机相关/乐视.jpg,1,1.0,visual_verified_same_as_0831_source
20260825-7573cac83987d6a81017-01,2026-08-25,手机,device,乐视,,X626,,,废板-整机,45,元/台,详见备注一,image,乐视.jpg,数码网报价单-0825更新/手机相关/乐视.jpg,1,1.0,visual_verified_same_as_0831_source
20260825-d6eb043e8cf21a94974a-01,2026-08-25,手机,device,乐视,,X625,,,开机屏好,45,元/台,详见备注一,image,乐视.jpg,数码网报价单-0825更新/手机相关/乐视.jpg,1,1.0,visual_verified_same_as_0831_source
20260825-1cdc787452bc2b125f6e-01,2026-08-25,手机,device,乐视,,X625,,,开机屏坏,45,元/台,详见备注一,image,乐视.jpg,数码网报价单-0825更新/手机相关/乐视.jpg,1,1.0,visual_verified_same_as_0831_source
20260825-574e67519602bb2d7b23-01,2026-08-25,手机,device,乐视,,X625,,,不开机,45,元/台,详见备注一,image,乐视.jpg,数码网报价单-0825更新/手机相关/乐视.jpg,1,1.0,visual_verified_same_as_0831_source
20260825-38fff85c41762a313a61-01,2026-08-25,手机,device,乐视,,X625,,,废板-整机,45,元/台,详见备注一,image,乐视.jpg,数码网报价单-0825更新/手机相关/乐视.jpg,1,1.0,visual_verified_same_as_0831_source
20260825-ead312059f07f34ad30f-01,2026-08-25,手机,device,乐视,,X622,,,开机屏好,45,元/台,详见备注一,image,乐视.jpg,数码网报价单-0825更新/手机相关/乐视.jpg,1,1.0,visual_verified_same_as_0831_source
20260825-9a77d455014296f5e061-01,2026-08-25,手机,device,乐视,,X622,,,开机屏坏,45,元/台,详见备注一,image,乐视.jpg,数码网报价单-0825更新/手机相关/乐视.jpg,1,1.0,visual_verified_same_as_0831_source
20260825-237a886fb918477b363b-01,2026-08-25,手机,device,乐视,,X622,,,不开机,45,元/台,详见备注一,image,乐视.jpg,数码网报价单-0825更新/手机相关/乐视.jpg,1,1.0,visual_verified_same_as_0831_source
20260825-d7beabc921895b942539-01,2026-08-25,手机,device,乐视,,X622,,,废板-整机,45,元/台,详见备注一,image,乐视.jpg,数码网报价单-0825更新/手机相关/乐视.jpg,1,1.0,visual_verified_same_as_0831_source
20260825-dc7a776abe23e332bf3a-01,2026-08-25,手机,device,乐视,,X621,,,开机屏好,45,元/台,详见备注一,image,乐视.jpg,数码网报价单-0825更新/手机相关/乐视.jpg,1,1.0,visual_verified_same_as_0831_source
20260825-7721c53852511536285b-01,2026-08-25,手机,device,乐视,,X621,,,开机屏坏,45,元/台,详见备注一,image,乐视.jpg,数码网报价单-0825更新/手机相关/乐视.jpg,1,1.0,visual_verified_same_as_0831_source
20260825-09ee762d4f323b814e03-01,2026-08-25,手机,device,乐视,,X621,,,不开机,45,元/台,详见备注一,image,乐视.jpg,数码网报价单-0825更新/手机相关/乐视.jpg,1,1.0,visual_verified_same_as_0831_source
20260825-cdc0fef9b70e3c7ded0a-01,2026-08-25,手机,device,乐视,,X621,,,废板-整机,45,元/台,详见备注一,image,乐视.jpg,数码网报价单-0825更新/手机相关/乐视.jpg,1,1.0,visual_verified_same_as_0831_source
20260825-bcb16848ef638724c5e2-01,2026-08-25,手机,device,乐视,,X620pro/乐视2Pro,,,开机屏好,45,元/台,详见备注一,image,乐视.jpg,数码网报价单-0825更新/手机相关/乐视.jpg,1,1.0,visual_verified_same_as_0831_source
20260825-6b86c64706c4fe2ccee6-01,2026-08-25,手机,device,乐视,,X620pro/乐视2Pro,,,开机屏坏,45,元/台,详见备注一,image,乐视.jpg,数码网报价单-0825更新/手机相关/乐视.jpg,1,1.0,visual_verified_same_as_0831_source
20260825-0597119f7fb55bfefb40-01,2026-08-25,手机,device,乐视,,X620pro/乐视2Pro,,,不开机,45,元/台,详见备注一,image,乐视.jpg,数码网报价单-0825更新/手机相关/乐视.jpg,1,1.0,visual_verified_same_as_0831_source
20260825-acede158b5171c387dfb-01,2026-08-25,手机,device,乐视,,X620pro/乐视2Pro,,,废板-整机,45,元/台,详见备注一,image,乐视.jpg,数码网报价单-0825更新/手机相关/乐视.jpg,1,1.0,visual_verified_same_as_0831_source
20260825-5b3a4792f858c1112ab1-01,2026-08-25,手机,device,乐视,,X620/乐视2,,,开机屏好,45,元/台,详见备注一,image,乐视.jpg,数码网报价单-0825更新/手机相关/乐视.jpg,1,1.0,visual_verified_same_as_0831_source
20260825-0859dffe724ccb046222-01,2026-08-25,手机,device,乐视,,X620/乐视2,,,开机屏坏,45,元/台,详见备注一,image,乐视.jpg,数码网报价单-0825更新/手机相关/乐视.jpg,1,1.0,visual_verified_same_as_0831_source
20260825-9e0ba4c7809f5b992310-01,2026-08-25,手机,device,乐视,,X620/乐视2,,,不开机,45,元/台,详见备注一,image,乐视.jpg,数码网报价单-0825更新/手机相关/乐视.jpg,1,1.0,visual_verified_same_as_0831_source
20260825-71d912ca98e79c7457c7-01,2026-08-25,手机,device,乐视,,X620/乐视2,,,废板-整机,45,元/台,详见备注一,image,乐视.jpg,数码网报价单-0825更新/手机相关/乐视.jpg,1,1.0,visual_verified_same_as_0831_source
20260825-e7e568dc3ef641e628db-01,2026-08-25,手机,device,乐视,,X600,,,开机屏好,35,元/台,详见备注一,image,乐视.jpg,数码网报价单-0825更新/手机相关/乐视.jpg,1,1.0,visual_verified_same_as_0831_source
20260825-30e3b6a55f098af082d7-01,2026-08-25,手机,device,乐视,,X600,,,开机屏坏,35,元/台,详见备注一,image,乐视.jpg,数码网报价单-0825更新/手机相关/乐视.jpg,1,1.0,visual_verified_same_as_0831_source
20260825-97c0fd74279bb2a8f905-01,2026-08-25,手机,device,乐视,,X600,,,不开机,35,元/台,详见备注一,image,乐视.jpg,数码网报价单-0825更新/手机相关/乐视.jpg,1,1.0,visual_verified_same_as_0831_source
20260825-6f17452d894a5eb0ce94-01,2026-08-25,手机,device,乐视,,X600,,,废板-整机,35,元/台,详见备注一,image,乐视.jpg,数码网报价单-0825更新/手机相关/乐视.jpg,1,1.0,visual_verified_same_as_0831_source
20260825-07a723154f01be1449a7-01,2026-08-25,手机,device,乐视,,X528,,,开机屏好,45,元/台,详见备注一,image,乐视.jpg,数码网报价单-0825更新/手机相关/乐视.jpg,1,1.0,visual_verified_same_as_0831_source
20260825-ce6350e603f6de18e526-01,2026-08-25,手机,device,乐视,,X528,,,开机屏坏,45,元/台,详见备注一,image,乐视.jpg,数码网报价单-0825更新/手机相关/乐视.jpg,1,1.0,visual_verified_same_as_0831_source
20260825-d09fb4332924b898c0a7-01,2026-08-25,手机,device,乐视,,X528,,,不开机,45,元/台,详见备注一,image,乐视.jpg,数码网报价单-0825更新/手机相关/乐视.jpg,1,1.0,visual_verified_same_as_0831_source
20260825-060147c82c4030be10a0-01,2026-08-25,手机,device,乐视,,X528,,,废板-整机,45,元/台,详见备注一,image,乐视.jpg,数码网报价单-0825更新/手机相关/乐视.jpg,1,1.0,visual_verified_same_as_0831_source
20260825-2d6a251cec87a700e785-01,2026-08-25,手机,device,乐视,,X520,,,开机屏好,45,元/台,详见备注一,image,乐视.jpg,数码网报价单-0825更新/手机相关/乐视.jpg,1,1.0,visual_verified_same_as_0831_source
20260825-5ce67d25d026bb21f9b0-01,2026-08-25,手机,device,乐视,,X520,,,开机屏坏,45,元/台,详见备注一,image,乐视.jpg,数码网报价单-0825更新/手机相关/乐视.jpg,1,1.0,visual_verified_same_as_0831_source
20260825-aeffd64e2d0fabc6aa3c-01,2026-08-25,手机,device,乐视,,X520,,,不开机,45,元/台,详见备注一,image,乐视.jpg,数码网报价单-0825更新/手机相关/乐视.jpg,1,1.0,visual_verified_same_as_0831_source
20260825-7e9774e5951bfeee9638-01,2026-08-25,手机,device,乐视,,X520,,,废板-整机,45,元/台,详见备注一,image,乐视.jpg,数码网报价单-0825更新/手机相关/乐视.jpg,1,1.0,visual_verified_same_as_0831_source
20260825-0d71edc3696c93ac4ce4-01,2026-08-25,手机,device,乐视,,X500/乐视1s,,,开机屏好,35,元/台,详见备注一,image,乐视.jpg,数码网报价单-0825更新/手机相关/乐视.jpg,1,1.0,visual_verified_same_as_0831_source
20260825-cef7d9e6a0130f29574f-01,2026-08-25,手机,device,乐视,,X500/乐视1s,,,开机屏坏,35,元/台,详见备注一,image,乐视.jpg,数码网报价单-0825更新/手机相关/乐视.jpg,1,1.0,visual_verified_same_as_0831_source
20260825-4110a68fda07137622ed-01,2026-08-25,手机,device,乐视,,X500/乐视1s,,,不开机,35,元/台,详见备注一,image,乐视.jpg,数码网报价单-0825更新/手机相关/乐视.jpg,1,1.0,visual_verified_same_as_0831_source
20260825-ba72200da2b144145aec-01,2026-08-25,手机,device,乐视,,X500/乐视1s,,,废板-整机,35,元/台,详见备注一,image,乐视.jpg,数码网报价单-0825更新/手机相关/乐视.jpg,1,1.0,visual_verified_same_as_0831_source
20260825-25b91b12bea7ffe15f3a-01,2026-08-25,手机,device,华为/荣耀,,MATE X7,DEL-AL10,DEL-AL10,开机屏好,9000.0,元/台,,,华为.jpg,数码网报价单-0825更新/手机相关/华为.jpg,1,1.0,visual_verified_same_as_0831_source
20260825-5215036d75d007d4bb63-01,2026-08-25,手机,device,华为/荣耀,,MATE X7,DEL-AL10,DEL-AL10,开机屏外屏坏,7000.0,元/台,,,华为.jpg,数码网报价单-0825更新/手机相关/华为.jpg,1,1.0,visual_verified_same_as_0831_source
20260825-0d7f91bba275b55b2197-01,2026-08-25,手机,device,华为/荣耀,,MATE X7,DEL-AL10,DEL-AL10,开机屏内屏坏,4000.0,元/台,,,华为.jpg,数码网报价单-0825更新/手机相关/华为.jpg,1,1.0,visual_verified_same_as_0831_source
20260825-1838f56a64ba12219f83-01,2026-08-25,手机,device,华为/荣耀,,MATE X7,DEL-AL10,DEL-AL10,开机屏坏,3000.0,元/台,,,华为.jpg,数码网报价单-0825更新/手机相关/华为.jpg,1,1.0,visual_verified_same_as_0831_source
20260825-f93c807f288eef00330f-01,2026-08-25,手机,device,华为/荣耀,,MATE X7,DEL-AL10,DEL-AL10,不开机,260.0,元/台,,,华为.jpg,数码网报价单-0825更新/手机相关/华为.jpg,1,1.0,visual_verified_same_as_0831_source
20260825-0d56ca39eed4020ce695-01,2026-08-25,手机,device,华为/荣耀,,MATE X7,DEL-AL10,DEL-AL10,废板-整机,150.0,元/台,,,华为.jpg,数码网报价单-0825更新/手机相关/华为.jpg,1,1.0,visual_verified_same_as_0831_source
20260825-ebaf3f30d999bc8c225d-01,2026-08-25,手机,device,华为/荣耀,,MATE X5,ALT-AL10,ALT-AL10,开机屏好,3800.0,元/台,,,华为.jpg,数码网报价单-0825更新/手机相关/华为.jpg,1,1.0,visual_verified_same_as_0831_source
20260825-9e0859545f30a7bc3784-01,2026-08-25,手机,device,华为/荣耀,,MATE X5,ALT-AL10,ALT-AL10,开机屏外屏坏,3000.0,元/台,,,华为.jpg,数码网报价单-0825更新/手机相关/华为.jpg,1,1.0,visual_verified_same_as_0831_source
20260825-069006b60c539ebc8f10-01,2026-08-25,手机,device,华为/荣耀,,MATE X5,ALT-AL10,ALT-AL10,开机屏内屏坏,1400.0,元/台,,,华为.jpg,数码网报价单-0825更新/手机相关/华为.jpg,1,1.0,visual_verified_same_as_0831_source
20260825-a03bb3d4d85daa61215f-01,2026-08-25,手机,device,华为/荣耀,,MATE X5,ALT-AL10,ALT-AL10,开机屏坏,1200.0,元/台,,,华为.jpg,数码网报价单-0825更新/手机相关/华为.jpg,1,1.0,visual_verified_same_as_0831_source
20260825-ecf989c3ab07d49c1220-01,2026-08-25,手机,device,华为/荣耀,,MATE X5,ALT-AL10,ALT-AL10,不开机,200.0,元/台,,,华为.jpg,数码网报价单-0825更新/手机相关/华为.jpg,1,1.0,visual_verified_same_as_0831_source
20260825-6a614924271c4c2bb453-01,2026-08-25,手机,device,华为/荣耀,,MATE X5,ALT-AL10,ALT-AL10,废板-整机,130.0,元/台,,,华为.jpg,数码网报价单-0825更新/手机相关/华为.jpg,1,1.0,visual_verified_same_as_0831_source
20260825-9f06cb6d39e7e682806f-01,2026-08-25,手机,device,华为/荣耀,,MATE X3,ALT-AL00,ALT-AL00,开机屏好,1400.0,元/台,,,华为.jpg,数码网报价单-0825更新/手机相关/华为.jpg,1,1.0,visual_verified_same_as_0831_source
20260825-bcbb687c0d9fd825f2e5-01,2026-08-25,手机,device,华为/荣耀,,MATE X3,ALT-AL00,ALT-AL00,开机屏外屏坏,1100.0,元/台,,,华为.jpg,数码网报价单-0825更新/手机相关/华为.jpg,1,1.0,visual_verified_same_as_0831_source
20260825-f8e47183d1b8d58c1092-01,2026-08-25,手机,device,华为/荣耀,,MATE X3,ALT-AL00,ALT-AL00,开机屏内屏坏,300.0,元/台,,,华为.jpg,数码网报价单-0825更新/手机相关/华为.jpg,1,1.0,visual_verified_same_as_0831_source
20260825-0241297195325964a1fe-01,2026-08-25,手机,device,华为/荣耀,,MATE X3,ALT-AL00,ALT-AL00,开机屏坏,300.0,元/台,,,华为.jpg,数码网报价单-0825更新/手机相关/华为.jpg,1,1.0,visual_verified_same_as_0831_source
20260825-6d42767a2c5435bc1cea-01,2026-08-25,手机,device,华为/荣耀,,MATE X3,ALT-AL00,ALT-AL00,不开机,130.0,元/台,,,华为.jpg,数码网报价单-0825更新/手机相关/华为.jpg,1,1.0,visual_verified_same_as_0831_source
20260825-adcc002750a7ebc179a5-01,2026-08-25,手机,device,华为/荣耀,,MATE X3,ALT-AL00,ALT-AL00,废板-整机,130.0,元/台,,,华为.jpg,数码网报价单-0825更新/手机相关/华为.jpg,1,1.0,visual_verified_same_as_0831_source
20260825-f7ed3c8a8b86f44c7ef8-01,2026-08-25,手机,device,华为/荣耀,,Mate X2 5G典藏版,TET-AN50,TET-AN50,开机屏好,1400.0,元/台,,,华为.jpg,数码网报价单-0825更新/手机相关/华为.jpg,1,1.0,visual_verified_same_as_0831_source
20260825-90fa79254919fedf4bc6-01,2026-08-25,手机,device,华为/荣耀,,Mate X2 5G典藏版,TET-AN50,TET-AN50,开机屏外屏坏,450.0,元/台,,,华为.jpg,数码网报价单-0825更新/手机相关/华为.jpg,1,1.0,visual_verified_same_as_0831_source
20260825-f44609d0d91747ff9a59-01,2026-08-25,手机,device,华为/荣耀,,Mate X2 5G典藏版,TET-AN50,TET-AN50,开机屏内屏坏,800.0,元/台,,,华为.jpg,数码网报价单-0825更新/手机相关/华为.jpg,1,1.0,visual_verified_same_as_0831_source
20260825-dfa0740e2b68ea53d58e-01,2026-08-25,手机,device,华为/荣耀,,Mate X2 5G典藏版,TET-AN50,TET-AN50,开机屏坏,150.0,元/台,,,华为.jpg,数码网报价单-0825更新/手机相关/华为.jpg,1,1.0,visual_verified_same_as_0831_source
20260825-938dcc1dd0fdfddc2a6b-01,2026-08-25,手机,device,华为/荣耀,,Mate X2 5G典藏版,TET-AN50,TET-AN50,不开机,150.0,元/台,,,华为.jpg,数码网报价单-0825更新/手机相关/华为.jpg,1,1.0,visual_verified_same_as_0831_source
20260825-f19f28b92ce5fb9c6cb2-01,2026-08-25,手机,device,华为/荣耀,,Mate X2 5G典藏版,TET-AN50,TET-AN50,废板-整机,150.0,元/台,,,华为.jpg,数码网报价单-0825更新/手机相关/华为.jpg,1,1.0,visual_verified_same_as_0831_source
20260825-c21cba21f66111606f54-01,2026-08-25,手机,device,华为/荣耀,,Mate X2 5G,TET-AN00,TET-AN00,开机屏好,1200.0,元/台,,,华为.jpg,数码网报价单-0825更新/手机相关/华为.jpg,1,1.0,visual_verified_same_as_0831_source
20260825-666769fa25e95b60753c-01,2026-08-25,手机,device,华为/荣耀,,Mate X2 5G,TET-AN00,TET-AN00,开机屏外屏坏,400.0,元/台,,,华为.jpg,数码网报价单-0825更新/手机相关/华为.jpg,1,1.0,visual_verified_same_as_0831_source
20260825-5f687f4af42d4a0975a6-01,2026-08-25,手机,device,华为/荣耀,,Mate X2 5G,TET-AN00,TET-AN00,开机屏内屏坏,600.0,元/台,,,华为.jpg,数码网报价单-0825更新/手机相关/华为.jpg,1,1.0,visual_verified_same_as_0831_source
20260825-71be694fe57df4f6c70b-01,2026-08-25,手机,device,华为/荣耀,,Mate X2 5G,TET-AN00,TET-AN00,开机屏坏,110.0,元/台,,,华为.jpg,数码网报价单-0825更新/手机相关/华为.jpg,1,1.0,visual_verified_same_as_0831_source
20260825-3cc3e1129e0c464c2f69-01,2026-08-25,手机,device,华为/荣耀,,Mate X2 5G,TET-AN00,TET-AN00,不开机,110.0,元/台,,,华为.jpg,数码网报价单-0825更新/手机相关/华为.jpg,1,1.0,visual_verified_same_as_0831_source
20260825-92eb42e8347326377fab-01,2026-08-25,手机,device,华为/荣耀,,Mate X2 5G,TET-AN00,TET-AN00,废板-整机,110.0,元/台,,,华为.jpg,数码网报价单-0825更新/手机相关/华为.jpg,1,1.0,visual_verified_same_as_0831_source
20260825-3d9f843ce6e9b7fe88cf-01,2026-08-25,手机,device,华为/荣耀,,MATE XS2,PAL-AL00,PAL-AL00,开机屏好,500.0,元/台,,,华为.jpg,数码网报价单-0825更新/手机相关/华为.jpg,1,1.0,visual_verified_same_as_0831_source
20260825-9631581ba69ea2fa2b0f-01,2026-08-25,手机,device,华为/荣耀,,MATE XS2,PAL-AL00,PAL-AL00,开机屏外屏坏,500.0,元/台,,,华为.jpg,数码网报价单-0825更新/手机相关/华为.jpg,1,1.0,visual_verified_same_as_0831_source
20260825-8c83dada5162c358a30a-01,2026-08-25,手机,device,华为/荣耀,,MATE XS2,PAL-AL00,PAL-AL00,开机屏内屏坏,160.0,元/台,,,华为.jpg,数码网报价单-0825更新/手机相关/华为.jpg,1,1.0,visual_verified_same_as_0831_source
20260825-1d7201925c2f528f333f-01,2026-08-25,手机,device,华为/荣耀,,MATE XS2,PAL-AL00,PAL-AL00,开机屏坏,160.0,元/台,,,华为.jpg,数码网报价单-0825更新/手机相关/华为.jpg,1,1.0,visual_verified_same_as_0831_source
20260825-699a21e984b4a771632e-01,2026-08-25,手机,device,华为/荣耀,,MATE XS2,PAL-AL00,PAL-AL00,不开机,160.0,元/台,,,华为.jpg,数码网报价单-0825更新/手机相关/华为.jpg,1,1.0,visual_verified_same_as_0831_source
20260825-20f35b297ea27ee2a0d0-01,2026-08-25,手机,device,华为/荣耀,,MATE XS2,PAL-AL00,PAL-AL00,废板-整机,160.0,元/台,,,华为.jpg,数码网报价单-0825更新/手机相关/华为.jpg,1,1.0,visual_verified_same_as_0831_source
20260825-1cb6f8026b6b8f66de46-01,2026-08-25,手机,device,华为/荣耀,,MATE XS 5G,TAH-AN00M,TAH-AN00M,开机屏好,500.0,元/台,,,华为.jpg,数码网报价单-0825更新/手机相关/华为.jpg,1,1.0,visual_verified_same_as_0831_source
20260825-66e696e9be6d5cae43b6-01,2026-08-25,手机,device,华为/荣耀,,MATE XS 5G,TAH-AN00M,TAH-AN00M,开机屏外屏坏,500.0,元/台,,,华为.jpg,数码网报价单-0825更新/手机相关/华为.jpg,1,1.0,visual_verified_same_as_0831_source
20260825-9c0fc07a9c7e16f08e70-01,2026-08-25,手机,device,华为/荣耀,,MATE XS 5G,TAH-AN00M,TAH-AN00M,开机屏内屏坏,130.0,元/台,,,华为.jpg,数码网报价单-0825更新/手机相关/华为.jpg,1,1.0,visual_verified_same_as_0831_source
20260825-4623b7934e128a95f2a8-01,2026-08-25,手机,device,华为/荣耀,,MATE XS 5G,TAH-AN00M,TAH-AN00M,开机屏坏,130.0,元/台,,,华为.jpg,数码网报价单-0825更新/手机相关/华为.jpg,1,1.0,visual_verified_same_as_0831_source
20260825-6b32309e916135613f71-01,2026-08-25,手机,device,华为/荣耀,,MATE XS 5G,TAH-AN00M,TAH-AN00M,不开机,130.0,元/台,,,华为.jpg,数码网报价单-0825更新/手机相关/华为.jpg,1,1.0,visual_verified_same_as_0831_source
20260825-151156139be1b6b49770-01,2026-08-25,手机,device,华为/荣耀,,MATE XS 5G,TAH-AN00M,TAH-AN00M,废板-整机,130.0,元/台,,,华为.jpg,数码网报价单-0825更新/手机相关/华为.jpg,1,1.0,visual_verified_same_as_0831_source
20260825-e1ca00b342608fba4e57-01,2026-08-25,手机,device,华为/荣耀,,Mate X 5G,TAH-AN00,TAH-AN00,开机屏好,400.0,元/台,,,华为.jpg,数码网报价单-0825更新/手机相关/华为.jpg,1,1.0,visual_verified_same_as_0831_source
20260825-2b6aebc1aec73cabbff5-01,2026-08-25,手机,device,华为/荣耀,,Mate X 5G,TAH-AN00,TAH-AN00,开机屏外屏坏,400.0,元/台,,,华为.jpg,数码网报价单-0825更新/手机相关/华为.jpg,1,1.0,visual_verified_same_as_0831_source
20260825-80d68124556615891cc7-01,2026-08-25,手机,device,华为/荣耀,,Mate X 5G,TAH-AN00,TAH-AN00,开机屏内屏坏,110.0,元/台,,,华为.jpg,数码网报价单-0825更新/手机相关/华为.jpg,1,1.0,visual_verified_same_as_0831_source
20260825-d7a0162c9499291fbddb-01,2026-08-25,手机,device,华为/荣耀,,Mate X 5G,TAH-AN00,TAH-AN00,开机屏坏,110.0,元/台,,,华为.jpg,数码网报价单-0825更新/手机相关/华为.jpg,1,1.0,visual_verified_same_as_0831_source
20260825-17eb723859ee392baadf-01,2026-08-25,手机,device,华为/荣耀,,Mate X 5G,TAH-AN00,TAH-AN00,不开机,110.0,元/台,,,华为.jpg,数码网报价单-0825更新/手机相关/华为.jpg,1,1.0,visual_verified_same_as_0831_source
20260825-4c8684ebdb1d85bb8d0c-01,2026-08-25,手机,device,华为/荣耀,,Mate X 5G,TAH-AN00,TAH-AN00,废板-整机,110.0,元/台,,,华为.jpg,数码网报价单-0825更新/手机相关/华为.jpg,1,1.0,visual_verified_same_as_0831_source
20260825-48c113e6c1fd39227b43-01,2026-08-25,手机,device,华为/荣耀,,nova flip,PSD-AL00,PSD-AL00,开机屏好,900.0,元/台,,,华为.jpg,数码网报价单-0825更新/手机相关/华为.jpg,1,1.0,visual_verified_same_as_0831_source
20260825-e3e96843debf5830f7e5-01,2026-08-25,手机,device,华为/荣耀,,nova flip,PSD-AL00,PSD-AL00,开机屏外屏坏,800.0,元/台,,,华为.jpg,数码网报价单-0825更新/手机相关/华为.jpg,1,1.0,visual_verified_same_as_0831_source
20260825-34d1a7fb499f64ea4835-01,2026-08-25,手机,device,华为/荣耀,,nova flip,PSD-AL00,PSD-AL00,开机屏内屏坏,260.0,元/台,,,华为.jpg,数码网报价单-0825更新/手机相关/华为.jpg,1,1.0,visual_verified_same_as_0831_source
20260825-91983c48ecb73e24e55a-01,2026-08-25,手机,device,华为/荣耀,,nova flip,PSD-AL00,PSD-AL00,开机屏坏,200.0,元/台,,,华为.jpg,数码网报价单-0825更新/手机相关/华为.jpg,1,1.0,visual_verified_same_as_0831_source
20260825-f00369ed6304f321ae8f-01,2026-08-25,手机,device,华为/荣耀,,nova flip,PSD-AL00,PSD-AL00,不开机,90.0,元/台,,,华为.jpg,数码网报价单-0825更新/手机相关/华为.jpg,1,1.0,visual_verified_same_as_0831_source
20260825-ad2ed3fbba09ee899dd6-01,2026-08-25,手机,device,华为/荣耀,,nova flip,PSD-AL00,PSD-AL00,废板-整机,90.0,元/台,,,华为.jpg,数码网报价单-0825更新/手机相关/华为.jpg,1,1.0,visual_verified_same_as_0831_source
20260825-21c8893baee2ba5d5301-01,2026-08-25,手机,device,华为/荣耀,,荣耀Magic V,MGI-AN00,MGI-AN00,开机屏好,180.0,元/台,,,华为.jpg,数码网报价单-0825更新/手机相关/华为.jpg,1,1.0,visual_verified_same_as_0831_source
20260825-82123b395e738d301576-01,2026-08-25,手机,device,华为/荣耀,,荣耀Magic V,MGI-AN00,MGI-AN00,开机屏外屏坏,180.0,元/台,,,华为.jpg,数码网报价单-0825更新/手机相关/华为.jpg,1,1.0,visual_verified_same_as_0831_source
20260825-406ad9c2700ad2db3301-01,2026-08-25,手机,device,华为/荣耀,,荣耀Magic V,MGI-AN00,MGI-AN00,开机屏内屏坏,180.0,元/台,,,华为.jpg,数码网报价单-0825更新/手机相关/华为.jpg,1,1.0,visual_verified_same_as_0831_source
20260825-9df914944a486a20067b-01,2026-08-25,手机,device,华为/荣耀,,荣耀Magic V,MGI-AN00,MGI-AN00,开机屏坏,180.0,元/台,,,华为.jpg,数码网报价单-0825更新/手机相关/华为.jpg,1,1.0,visual_verified_same_as_0831_source
20260825-62491f552f5b4aaf20bc-01,2026-08-25,手机,device,华为/荣耀,,荣耀Magic V,MGI-AN00,MGI-AN00,不开机,180.0,元/台,,,华为.jpg,数码网报价单-0825更新/手机相关/华为.jpg,1,1.0,visual_verified_same_as_0831_source
20260825-dc65c1913e33e0aff0df-01,2026-08-25,手机,device,华为/荣耀,,荣耀Magic V,MGI-AN00,MGI-AN00,废板-整机,180.0,元/台,,,华为.jpg,数码网报价单-0825更新/手机相关/华为.jpg,1,1.0,visual_verified_same_as_0831_source
20260825-8bd0ece8ae935a9be125-01,2026-08-25,手机,device,华为/荣耀,,荣耀Magic vs2,VER-AN00,VER-AN00,开机屏好,1000.0,元/台,,,华为.jpg,数码网报价单-0825更新/手机相关/华为.jpg,1,1.0,visual_verified_same_as_0831_source
20260825-f9541b73ec603564f7f1-01,2026-08-25,手机,device,华为/荣耀,,荣耀Magic vs2,VER-AN00,VER-AN00,开机屏外屏坏,800.0,元/台,,,华为.jpg,数码网报价单-0825更新/手机相关/华为.jpg,1,1.0,visual_verified_same_as_0831_source
20260825-cea3485434b6dfade89e-01,2026-08-25,手机,device,华为/荣耀,,荣耀Magic vs2,VER-AN00,VER-AN00,开机屏内屏坏,300.0,元/台,,,华为.jpg,数码网报价单-0825更新/手机相关/华为.jpg,1,1.0,visual_verified_same_as_0831_source
20260825-9720a027f417cc57b850-01,2026-08-25,手机,device,华为/荣耀,,荣耀Magic vs2,VER-AN00,VER-AN00,开机屏坏,180.0,元/台,,,华为.jpg,数码网报价单-0825更新/手机相关/华为.jpg,1,1.0,visual_verified_same_as_0831_source
20260825-026f14f3a1d30285bf08-01,2026-08-25,手机,device,华为/荣耀,,荣耀Magic vs2,VER-AN00,VER-AN00,不开机,180.0,元/台,,,华为.jpg,数码网报价单-0825更新/手机相关/华为.jpg,1,1.0,visual_verified_same_as_0831_source
20260825-9a7f68efe6ed25f99d99-01,2026-08-25,手机,device,华为/荣耀,,荣耀Magic vs2,VER-AN00,VER-AN00,废板-整机,180.0,元/台,,,华为.jpg,数码网报价单-0825更新/手机相关/华为.jpg,1,1.0,visual_verified_same_as_0831_source
20260825-3aa67609ff1a4decbfc2-01,2026-08-25,手机,device,华为/荣耀,,荣耀Magic Vs,FRI-AN00,FRI-AN00,开机屏好,1000.0,元/台,,,华为.jpg,数码网报价单-0825更新/手机相关/华为.jpg,1,1.0,visual_verified_same_as_0831_source
20260825-4e5cedf0e8905a2ba355-01,2026-08-25,手机,device,华为/荣耀,,荣耀Magic Vs,FRI-AN00,FRI-AN00,开机屏外屏坏,800.0,元/台,,,华为.jpg,数码网报价单-0825更新/手机相关/华为.jpg,1,1.0,visual_verified_same_as_0831_source
20260825-c671dbb22a069380c1c7-01,2026-08-25,手机,device,华为/荣耀,,荣耀Magic Vs,FRI-AN00,FRI-AN00,开机屏内屏坏,180.0,元/台,,,华为.jpg,数码网报价单-0825更新/手机相关/华为.jpg,1,1.0,visual_verified_same_as_0831_source
20260825-482510f586230f84f822-01,2026-08-25,手机,device,华为/荣耀,,荣耀Magic Vs,FRI-AN00,FRI-AN00,开机屏坏,180.0,元/台,,,华为.jpg,数码网报价单-0825更新/手机相关/华为.jpg,1,1.0,visual_verified_same_as_0831_source
20260825-166e319dfdd669bdfb5a-01,2026-08-25,手机,device,华为/荣耀,,荣耀Magic Vs,FRI-AN00,FRI-AN00,不开机,180.0,元/台,,,华为.jpg,数码网报价单-0825更新/手机相关/华为.jpg,1,1.0,visual_verified_same_as_0831_source
20260825-d74faf4fb50e305c3054-01,2026-08-25,手机,device,华为/荣耀,,荣耀Magic Vs,FRI-AN00,FRI-AN00,废板-整机,180.0,元/台,,,华为.jpg,数码网报价单-0825更新/手机相关/华为.jpg,1,1.0,visual_verified_same_as_0831_source
20260825-494b850094de16c36a6e-01,2026-08-25,手机,device,华硕,Zen系列,华硕ZenFone10,,,开机屏好,220.0,元/台,,image,华硕.jpg,数码网报价单-0825更新/手机相关/华硕.jpg,1,1.0,visual_verified_same_as_0831_source
20260825-495a85491f66a1e433f4-01,2026-08-25,手机,device,华硕,Zen系列,华硕ZenFone10,,,开机屏坏,130.0,元/台,,image,华硕.jpg,数码网报价单-0825更新/手机相关/华硕.jpg,1,1.0,visual_verified_same_as_0831_source
20260825-9de56812688c77c88be3-01,2026-08-25,手机,device,华硕,Zen系列,华硕ZenFone10,,,不开机,60.0,元/台,,image,华硕.jpg,数码网报价单-0825更新/手机相关/华硕.jpg,1,1.0,visual_verified_same_as_0831_source
20260825-acd927dcf0f9fd68aa23-01,2026-08-25,手机,device,华硕,Zen系列,华硕ZenFone10,,,废板-整机,60.0,元/台,,image,华硕.jpg,数码网报价单-0825更新/手机相关/华硕.jpg,1,1.0,visual_verified_same_as_0831_source
20260825-fbf8d3afabe2ef17f16a-01,2026-08-25,手机,device,华硕,Zen系列,华硕ZenFone9,,,开机屏好,180.0,元/台,,image,华硕.jpg,数码网报价单-0825更新/手机相关/华硕.jpg,1,1.0,visual_verified_same_as_0831_source
20260825-de69e5c0be9009f730f2-01,2026-08-25,手机,device,华硕,Zen系列,华硕ZenFone9,,,开机屏坏,150.0,元/台,,image,华硕.jpg,数码网报价单-0825更新/手机相关/华硕.jpg,1,1.0,visual_verified_same_as_0831_source
20260825-217ef16cee2b32df863c-01,2026-08-25,手机,device,华硕,Zen系列,华硕ZenFone9,,,不开机,70.0,元/台,,image,华硕.jpg,数码网报价单-0825更新/手机相关/华硕.jpg,1,1.0,visual_verified_same_as_0831_source
20260825-520a1219d36d07bdb2ed-01,2026-08-25,手机,device,华硕,Zen系列,华硕ZenFone9,,,废板-整机,70.0,元/台,,image,华硕.jpg,数码网报价单-0825更新/手机相关/华硕.jpg,1,1.0,visual_verified_same_as_0831_source
20260825-168a7bcd20f85cd0acac-01,2026-08-25,手机,device,华硕,Zen系列,华硕ZenFone8Flip,,,开机屏好,240.0,元/台,,image,华硕.jpg,数码网报价单-0825更新/手机相关/华硕.jpg,1,1.0,visual_verified_same_as_0831_source
20260825-cab777cb32d33830d366-01,2026-08-25,手机,device,华硕,Zen系列,华硕ZenFone8Flip,,,开机屏坏,150.0,元/台,,image,华硕.jpg,数码网报价单-0825更新/手机相关/华硕.jpg,1,1.0,visual_verified_same_as_0831_source
20260825-302984bbc23fac1f58ae-01,2026-08-25,手机,device,华硕,Zen系列,华硕ZenFone8Flip,,,不开机,70.0,元/台,,image,华硕.jpg,数码网报价单-0825更新/手机相关/华硕.jpg,1,1.0,visual_verified_same_as_0831_source
20260825-b32010cfe8316b8a3afe-01,2026-08-25,手机,device,华硕,Zen系列,华硕ZenFone8Flip,,,废板-整机,70.0,元/台,,image,华硕.jpg,数码网报价单-0825更新/手机相关/华硕.jpg,1,1.0,visual_verified_same_as_0831_source
20260825-6026bf053b0a039f95bd-01,2026-08-25,手机,device,华硕,Zen系列,华硕ZenFone8,,,开机屏好,210.0,元/台,,image,华硕.jpg,数码网报价单-0825更新/手机相关/华硕.jpg,1,1.0,visual_verified_same_as_0831_source
20260825-3def4b8733c833ff3e20-01,2026-08-25,手机,device,华硕,Zen系列,华硕ZenFone8,,,开机屏坏,140.0,元/台,,image,华硕.jpg,数码网报价单-0825更新/手机相关/华硕.jpg,1,1.0,visual_verified_same_as_0831_source
20260825-f22bf1a41d2cf1fa8e6f-01,2026-08-25,手机,device,华硕,Zen系列,华硕ZenFone8,,,不开机,70.0,元/台,,image,华硕.jpg,数码网报价单-0825更新/手机相关/华硕.jpg,1,1.0,visual_verified_same_as_0831_source
20260825-3c11b6cc400369ba2c19-01,2026-08-25,手机,device,华硕,Zen系列,华硕ZenFone8,,,废板-整机,70.0,元/台,,image,华硕.jpg,数码网报价单-0825更新/手机相关/华硕.jpg,1,1.0,visual_verified_same_as_0831_source
20260825-62b7125d0bc1ead56d97-01,2026-08-25,手机,device,华硕,Zen系列,华硕ZenFone7pro,,,开机屏好,200.0,元/台,,image,华硕.jpg,数码网报价单-0825更新/手机相关/华硕.jpg,1,1.0,visual_verified_same_as_0831_source
20260825-5772642e87cdf2401860-01,2026-08-25,手机,device,华硕,Zen系列,华硕ZenFone7pro,,,开机屏坏,130.0,元/台,,image,华硕.jpg,数码网报价单-0825更新/手机相关/华硕.jpg,1,1.0,visual_verified_same_as_0831_source
20260825-cfcceebd6559825c2daa-01,2026-08-25,手机,device,华硕,Zen系列,华硕ZenFone7pro,,,不开机,70.0,元/台,,image,华硕.jpg,数码网报价单-0825更新/手机相关/华硕.jpg,1,1.0,visual_verified_same_as_0831_source
20260825-b72f51a96bd21f13f8d1-01,2026-08-25,手机,device,华硕,Zen系列,华硕ZenFone7pro,,,废板-整机,70.0,元/台,,image,华硕.jpg,数码网报价单-0825更新/手机相关/华硕.jpg,1,1.0,visual_verified_same_as_0831_source
20260825-82222c5443ee5ff845e1-01,2026-08-25,手机,device,华硕,Zen系列,华硕ZenFone7,,,开机屏好,180.0,元/台,,image,华硕.jpg,数码网报价单-0825更新/手机相关/华硕.jpg,1,1.0,visual_verified_same_as_0831_source
20260825-3c17ce4918f3f55d56e4-01,2026-08-25,手机,device,华硕,Zen系列,华硕ZenFone7,,,开机屏坏,120.0,元/台,,image,华硕.jpg,数码网报价单-0825更新/手机相关/华硕.jpg,1,1.0,visual_verified_same_as_0831_source
20260825-af1a7004b81e8fc4c763-01,2026-08-25,手机,device,华硕,Zen系列,华硕ZenFone7,,,不开机,70.0,元/台,,image,华硕.jpg,数码网报价单-0825更新/手机相关/华硕.jpg,1,1.0,visual_verified_same_as_0831_source
20260825-2bf52a5e551d9d04eba3-01,2026-08-25,手机,device,华硕,Zen系列,华硕ZenFone7,,,废板-整机,70.0,元/台,,image,华硕.jpg,数码网报价单-0825更新/手机相关/华硕.jpg,1,1.0,visual_verified_same_as_0831_source
20260825-46c42c617b7c60fb0a94-01,2026-08-25,手机,device,华硕,Zen系列,华硕zenfone6,,,开机屏好,150.0,元/台,,image,华硕.jpg,数码网报价单-0825更新/手机相关/华硕.jpg,1,1.0,visual_verified_same_as_0831_source
20260825-4a68a2ca4d7eb9219731-01,2026-08-25,手机,device,华硕,Zen系列,华硕zenfone6,,,开机屏坏,100.0,元/台,,image,华硕.jpg,数码网报价单-0825更新/手机相关/华硕.jpg,1,1.0,visual_verified_same_as_0831_source
20260825-33f3186053dd9801d94b-01,2026-08-25,手机,device,华硕,Zen系列,华硕zenfone6,,,不开机,55.0,元/台,,image,华硕.jpg,数码网报价单-0825更新/手机相关/华硕.jpg,1,1.0,visual_verified_same_as_0831_source
20260825-e7c934a3f9a6ea44b981-01,2026-08-25,手机,device,华硕,Zen系列,华硕zenfone6,,,废板-整机,55.0,元/台,,image,华硕.jpg,数码网报价单-0825更新/手机相关/华硕.jpg,1,1.0,visual_verified_same_as_0831_source
20260825-fa7d69abeb5f8a776a2f-01,2026-08-25,手机,device,华硕,Rog系列,华硕Rog6,,,开机屏好,280.0,元/台,,image,华硕.jpg,数码网报价单-0825更新/手机相关/华硕.jpg,1,1.0,visual_verified_same_as_0831_source
20260825-abac560f1e5c848add54-01,2026-08-25,手机,device,华硕,Rog系列,华硕Rog6,,,开机屏坏,280.0,元/台,,image,华硕.jpg,数码网报价单-0825更新/手机相关/华硕.jpg,1,1.0,visual_verified_same_as_0831_source
20260825-9e5891d5495de19f8ca5-01,2026-08-25,手机,device,华硕,Rog系列,华硕Rog6,,,不开机,90.0,元/台,,image,华硕.jpg,数码网报价单-0825更新/手机相关/华硕.jpg,1,1.0,visual_verified_same_as_0831_source
20260825-083be63b03ecabdf7e9f-01,2026-08-25,手机,device,华硕,Rog系列,华硕Rog6,,,废板-整机,90.0,元/台,,image,华硕.jpg,数码网报价单-0825更新/手机相关/华硕.jpg,1,1.0,visual_verified_same_as_0831_source
20260825-83de20f351da60f7a660-01,2026-08-25,手机,device,华硕,Rog系列,华硕Rog5spro,,,开机屏好,220.0,元/台,,image,华硕.jpg,数码网报价单-0825更新/手机相关/华硕.jpg,1,1.0,visual_verified_same_as_0831_source
20260825-e2a52a1196ee2c2a33ad-01,2026-08-25,手机,device,华硕,Rog系列,华硕Rog5spro,,,开机屏坏,220.0,元/台,,image,华硕.jpg,数码网报价单-0825更新/手机相关/华硕.jpg,1,1.0,visual_verified_same_as_0831_source
20260825-d325058d7fef9e66f273-01,2026-08-25,手机,device,华硕,Rog系列,华硕Rog5spro,,,不开机,160.0,元/台,,image,华硕.jpg,数码网报价单-0825更新/手机相关/华硕.jpg,1,1.0,visual_verified_same_as_0831_source
20260825-bca127b44d3b83102673-01,2026-08-25,手机,device,华硕,Rog系列,华硕Rog5spro,,,废板-整机,100.0,元/台,,image,华硕.jpg,数码网报价单-0825更新/手机相关/华硕.jpg,1,1.0,visual_verified_same_as_0831_source
20260825-16dba22a601d9f15836f-01,2026-08-25,手机,device,华硕,Rog系列,华硕ROG5s,,,开机屏好,220.0,元/台,,image,华硕.jpg,数码网报价单-0825更新/手机相关/华硕.jpg,1,1.0,visual_verified_same_as_0831_source
20260825-accff043cef80d5b6854-01,2026-08-25,手机,device,华硕,Rog系列,华硕ROG5s,,,开机屏坏,220.0,元/台,,image,华硕.jpg,数码网报价单-0825更新/手机相关/华硕.jpg,1,1.0,visual_verified_same_as_0831_source
20260825-7f41adf4752644169081-01,2026-08-25,手机,device,华硕,Rog系列,华硕ROG5s,,,不开机,220.0,元/台,,image,华硕.jpg,数码网报价单-0825更新/手机相关/华硕.jpg,1,1.0,visual_verified_same_as_0831_source
20260825-df7f12aba53862c3abf0-01,2026-08-25,手机,device,华硕,Rog系列,华硕ROG5s,,,废板-整机,70.0,元/台,,image,华硕.jpg,数码网报价单-0825更新/手机相关/华硕.jpg,1,1.0,visual_verified_same_as_0831_source
20260825-3506ab93cf1bd0e4796c-01,2026-08-25,手机,device,华硕,Rog系列,华硕Rog5pro,,,开机屏好,220.0,元/台,,image,华硕.jpg,数码网报价单-0825更新/手机相关/华硕.jpg,1,1.0,visual_verified_same_as_0831_source
20260825-bad1d7a4ece1cd3ae439-01,2026-08-25,手机,device,华硕,Rog系列,华硕Rog5pro,,,开机屏坏,220.0,元/台,,image,华硕.jpg,数码网报价单-0825更新/手机相关/华硕.jpg,1,1.0,visual_verified_same_as_0831_source
20260825-770d3c4b0fbadcccf3ac-01,2026-08-25,手机,device,华硕,Rog系列,华硕Rog5pro,,,不开机,220.0,元/台,,image,华硕.jpg,数码网报价单-0825更新/手机相关/华硕.jpg,1,1.0,visual_verified_same_as_0831_source
20260825-9ea9864da4c681e04bcd-01,2026-08-25,手机,device,华硕,Rog系列,华硕Rog5pro,,,废板-整机,80.0,元/台,,image,华硕.jpg,数码网报价单-0825更新/手机相关/华硕.jpg,1,1.0,visual_verified_same_as_0831_source
20260825-cc4f9ca10a6243235583-01,2026-08-25,手机,device,华硕,Rog系列,华硕ROG5,,,开机屏好,220.0,元/台,,image,华硕.jpg,数码网报价单-0825更新/手机相关/华硕.jpg,1,1.0,visual_verified_same_as_0831_source
20260825-3c73a65dd7288c85eba3-01,2026-08-25,手机,device,华硕,Rog系列,华硕ROG5,,,开机屏坏,220.0,元/台,,image,华硕.jpg,数码网报价单-0825更新/手机相关/华硕.jpg,1,1.0,visual_verified_same_as_0831_source
20260825-941eeefee329ea1c3c64-01,2026-08-25,手机,device,华硕,Rog系列,华硕ROG5,,,不开机,220.0,元/台,,image,华硕.jpg,数码网报价单-0825更新/手机相关/华硕.jpg,1,1.0,visual_verified_same_as_0831_source
20260825-dedad8656ee04cabc26b-01,2026-08-25,手机,device,华硕,Rog系列,华硕ROG5,,,废板-整机,60.0,元/台,,image,华硕.jpg,数码网报价单-0825更新/手机相关/华硕.jpg,1,1.0,visual_verified_same_as_0831_source
20260825-d81d060f2f83bae314b0-01,2026-08-25,手机,device,华硕,Rog系列,华硕ROG3代,,,开机屏好,150.0,元/台,,image,华硕.jpg,数码网报价单-0825更新/手机相关/华硕.jpg,1,1.0,visual_verified_same_as_0831_source
20260825-434f075989de467c5974-01,2026-08-25,手机,device,华硕,Rog系列,华硕ROG3代,,,开机屏坏,120.0,元/台,,image,华硕.jpg,数码网报价单-0825更新/手机相关/华硕.jpg,1,1.0,visual_verified_same_as_0831_source
20260825-216e345556961c98deec-01,2026-08-25,手机,device,华硕,Rog系列,华硕ROG3代,,,不开机,100.0,元/台,,image,华硕.jpg,数码网报价单-0825更新/手机相关/华硕.jpg,1,1.0,visual_verified_same_as_0831_source
20260825-905e24cbcbc330986ee2-01,2026-08-25,手机,device,华硕,Rog系列,华硕ROG3代,,,废板-整机,100.0,元/台,,image,华硕.jpg,数码网报价单-0825更新/手机相关/华硕.jpg,1,1.0,visual_verified_same_as_0831_source
20260825-42462e46b50db0728ca6-01,2026-08-25,手机,device,华硕,Rog系列,华硕ROG2代,,,开机屏好,150.0,元/台,,image,华硕.jpg,数码网报价单-0825更新/手机相关/华硕.jpg,1,1.0,visual_verified_same_as_0831_source
20260825-8f590657ae97de70d856-01,2026-08-25,手机,device,华硕,Rog系列,华硕ROG2代,,,开机屏坏,120.0,元/台,,image,华硕.jpg,数码网报价单-0825更新/手机相关/华硕.jpg,1,1.0,visual_verified_same_as_0831_source
20260825-5a904261260b6daf0eca-01,2026-08-25,手机,device,华硕,Rog系列,华硕ROG2代,,,不开机,100.0,元/台,,image,华硕.jpg,数码网报价单-0825更新/手机相关/华硕.jpg,1,1.0,visual_verified_same_as_0831_source
20260825-76fa070c5d296c2fee06-01,2026-08-25,手机,device,华硕,Rog系列,华硕ROG2代,,,废板-整机,100.0,元/台,,image,华硕.jpg,数码网报价单-0825更新/手机相关/华硕.jpg,1,1.0,visual_verified_same_as_0831_source
20260825-aa44dec4b34f4078f7b3-01,2026-08-25,手机,device,华硕,Rog系列,华硕rog,,,开机屏好,80.0,元/台,,image,华硕.jpg,数码网报价单-0825更新/手机相关/华硕.jpg,1,1.0,visual_verified_same_as_0831_source
20260825-4e35754f9724477e4bdc-01,2026-08-25,手机,device,华硕,Rog系列,华硕rog,,,开机屏坏,70.0,元/台,,image,华硕.jpg,数码网报价单-0825更新/手机相关/华硕.jpg,1,1.0,visual_verified_same_as_0831_source
20260825-b63be2d61c5528c5848d-01,2026-08-25,手机,device,华硕,Rog系列,华硕rog,,,不开机,70.0,元/台,,image,华硕.jpg,数码网报价单-0825更新/手机相关/华硕.jpg,1,1.0,visual_verified_same_as_0831_source
20260825-5d7c43051ee217e42c31-01,2026-08-25,手机,device,华硕,Rog系列,华硕rog,,,废板-整机,70.0,元/台,,image,华硕.jpg,数码网报价单-0825更新/手机相关/华硕.jpg,1,1.0,visual_verified_same_as_0831_source
20260825-867b0628389d3798ee15-01,2026-08-25,手机,component,其它手机拆解配件,,废手机主板（正常货）,,废手机主板（正常货）,标准,260.0,CNY/kg,,,手机拆机件.jpg,数码网报价单-0825更新/手机相关/手机拆机件.jpg,1,1.0,visual_verified_same_as_0831_source
20260825-33db7096c1a947375d5c-01,2026-08-25,手机,component,其它手机拆解配件,,品牌智能机像头,,品牌智能机像头,标准,450.0,CNY/kg,,,手机拆机件.jpg,数码网报价单-0825更新/手机相关/手机拆机件.jpg,1,1.0,visual_verified_same_as_0831_source
20260825-495cab6cb066d174392c-01,2026-08-25,手机,component,其它手机拆解配件,,杂牌智能机像头,,杂牌智能机像头,标准,500.0,CNY/kg,,,手机拆机件.jpg,数码网报价单-0825更新/手机相关/手机拆机件.jpg,1,1.0,visual_verified_same_as_0831_source
20260825-b64f72c854792c34689e-01,2026-08-25,手机,component,其它手机拆解配件,,功能机像头,,功能机像头,标准,500.0,CNY/kg,,,手机拆机件.jpg,数码网报价单-0825更新/手机相关/手机拆机件.jpg,1,1.0,visual_verified_same_as_0831_source
20260825-f06e99e2aa3f539d6a92-01,2026-08-25,手机,component,其它手机拆解配件,,智能机小板,,智能机小板,标准,150.0,CNY/kg,,,手机拆机件.jpg,数码网报价单-0825更新/手机相关/手机拆机件.jpg,1,1.0,visual_verified_same_as_0831_source
20260825-836c07ea99c3248624e5-01,2026-08-25,手机,component,其它手机拆解配件,,智能机排线,,智能机排线,标准,150.0,CNY/kg,,,手机拆机件.jpg,数码网报价单-0825更新/手机相关/手机拆机件.jpg,1,1.0,visual_verified_same_as_0831_source
20260825-2b1e42ffabb847f8e803-01,2026-08-25,手机,component,其它手机拆解配件,,功能机排线,,功能机排线,标准,100.0,CNY/kg,,,手机拆机件.jpg,数码网报价单-0825更新/手机相关/手机拆机件.jpg,1,1.0,visual_verified_same_as_0831_source
20260825-6eaa6e59282c675b49e7-01,2026-08-25,手机,component,其它手机拆解配件,,功能机小板,,功能机小板,标准,100.0,CNY/kg,,,手机拆机件.jpg,数码网报价单-0825更新/手机相关/手机拆机件.jpg,1,1.0,visual_verified_same_as_0831_source
20260825-d9ffcbe7bc100322e46c-01,2026-08-25,手机,component,其它手机拆解配件,,扁圆形震动,,扁圆形震动,标准,90.0,CNY/kg,,,手机拆机件.jpg,数码网报价单-0825更新/手机相关/手机拆机件.jpg,1,1.0,visual_verified_same_as_0831_source
20260825-572517f9518ae320c0bf-01,2026-08-25,手机,component,其它手机拆解配件,,圆柱形震动,,圆柱形震动,标准,90.0,CNY/kg,,,手机拆机件.jpg,数码网报价单-0825更新/手机相关/手机拆机件.jpg,1,1.0,visual_verified_same_as_0831_source
20260825-628bcd8f9de5dc85d27d-01,2026-08-25,手机,component,其它手机拆解配件,,报废手机屏幕,,报废手机屏幕,标准,8.0,CNY/kg,,,手机拆机件.jpg,数码网报价单-0825更新/手机相关/手机拆机件.jpg,1,1.0,visual_verified_same_as_0831_source
20260825-d20ede6db7661cda1c95-01,2026-08-25,手机,component,其它手机拆解配件,,塑料手机壳,,塑料手机壳,标准,0.5,CNY/kg,,,手机拆机件.jpg,数码网报价单-0825更新/手机相关/手机拆机件.jpg,1,1.0,visual_verified_same_as_0831_source
20260825-9464829d74186e6cb9c5-01,2026-08-25,手机,component,其它手机拆解配件,,铁，钢手机壳,,铁，钢手机壳,标准,5.0,CNY/kg,,,手机拆机件.jpg,数码网报价单-0825更新/手机相关/手机拆机件.jpg,1,1.0,visual_verified_same_as_0831_source
20260825-218e028d7bf504b1747c-01,2026-08-25,手机,device,摩托罗拉,G系列,G30,,,开机屏好,130,元/台,,image,摩托罗拉.jpg,数码网报价单-0825更新/手机相关/摩托罗拉.jpg,1,1.0,visual_verified_same_as_0831_source
20260825-5439f017d8af49cb4460-01,2026-08-25,手机,device,摩托罗拉,G系列,G30,,,开机屏坏,130,元/台,,image,摩托罗拉.jpg,数码网报价单-0825更新/手机相关/摩托罗拉.jpg,1,1.0,visual_verified_same_as_0831_source
20260825-0aae0743d3d4814c57ab-01,2026-08-25,手机,device,摩托罗拉,G系列,G30,,,不开机,130,元/台,,image,摩托罗拉.jpg,数码网报价单-0825更新/手机相关/摩托罗拉.jpg,1,1.0,visual_verified_same_as_0831_source
20260825-a7016f73c55f5a0f04b1-01,2026-08-25,手机,device,摩托罗拉,G系列,G30,,,废板-整机,130,元/台,,image,摩托罗拉.jpg,数码网报价单-0825更新/手机相关/摩托罗拉.jpg,1,1.0,visual_verified_same_as_0831_source
20260825-bd517e8f005672f1e807-01,2026-08-25,手机,device,摩托罗拉,G系列,S50 Neo,,,开机屏好,300,元/台,,image,摩托罗拉.jpg,数码网报价单-0825更新/手机相关/摩托罗拉.jpg,1,1.0,visual_verified_same_as_0831_source
20260825-54944e3a70ed1121a9e2-01,2026-08-25,手机,device,摩托罗拉,G系列,S50 Neo,,,开机屏坏,270,元/台,,image,摩托罗拉.jpg,数码网报价单-0825更新/手机相关/摩托罗拉.jpg,1,1.0,visual_verified_same_as_0831_source
20260825-9a1ec2338b9bfd77a01f-01,2026-08-25,手机,device,摩托罗拉,G系列,S50 Neo,,,不开机,180,元/台,,image,摩托罗拉.jpg,数码网报价单-0825更新/手机相关/摩托罗拉.jpg,1,1.0,visual_verified_same_as_0831_source
20260825-1f66fe3e7e23d7832f1c-01,2026-08-25,手机,device,摩托罗拉,G系列,S50 Neo,,,废板-整机,180,元/台,,image,摩托罗拉.jpg,数码网报价单-0825更新/手机相关/摩托罗拉.jpg,1,1.0,visual_verified_same_as_0831_source
20260825-6b44f7da98568bec9fe4-01,2026-08-25,手机,device,摩托罗拉,G系列,G82,,,开机屏好,200,元/台,,image,摩托罗拉.jpg,数码网报价单-0825更新/手机相关/摩托罗拉.jpg,1,1.0,visual_verified_same_as_0831_source
20260825-17cdf6f4e03fc84d8c3c-01,2026-08-25,手机,device,摩托罗拉,G系列,G82,,,开机屏坏,200,元/台,,image,摩托罗拉.jpg,数码网报价单-0825更新/手机相关/摩托罗拉.jpg,1,1.0,visual_verified_same_as_0831_source
20260825-f5208653f165457fc0a0-01,2026-08-25,手机,device,摩托罗拉,G系列,G82,,,不开机,150,元/台,,image,摩托罗拉.jpg,数码网报价单-0825更新/手机相关/摩托罗拉.jpg,1,1.0,visual_verified_same_as_0831_source
20260825-1007b1b96f4a38dce420-01,2026-08-25,手机,device,摩托罗拉,G系列,G82,,,废板-整机,150,元/台,,image,摩托罗拉.jpg,数码网报价单-0825更新/手机相关/摩托罗拉.jpg,1,1.0,visual_verified_same_as_0831_source
20260825-a59c0d89c88a96a3f195-01,2026-08-25,手机,device,摩托罗拉,G系列,G71S,,,开机屏好,200,元/台,,image,摩托罗拉.jpg,数码网报价单-0825更新/手机相关/摩托罗拉.jpg,1,1.0,visual_verified_same_as_0831_source
20260825-a70af94cdb985ae59386-01,2026-08-25,手机,device,摩托罗拉,G系列,G71S,,,开机屏坏,200,元/台,,image,摩托罗拉.jpg,数码网报价单-0825更新/手机相关/摩托罗拉.jpg,1,1.0,visual_verified_same_as_0831_source
20260825-0b818ee2f87442a56d7d-01,2026-08-25,手机,device,摩托罗拉,G系列,G71S,,,不开机,150,元/台,,image,摩托罗拉.jpg,数码网报价单-0825更新/手机相关/摩托罗拉.jpg,1,1.0,visual_verified_same_as_0831_source
20260825-fe207c6a8069c915fea7-01,2026-08-25,手机,device,摩托罗拉,G系列,G71S,,,废板-整机,150,元/台,,image,摩托罗拉.jpg,数码网报价单-0825更新/手机相关/摩托罗拉.jpg,1,1.0,visual_verified_same_as_0831_source
20260825-1490f7fe0db879ff0b9c-01,2026-08-25,手机,device,摩托罗拉,G系列,G71,,,开机屏好,200,元/台,,image,摩托罗拉.jpg,数码网报价单-0825更新/手机相关/摩托罗拉.jpg,1,1.0,visual_verified_same_as_0831_source
20260825-92f0ba6c7e6999750321-01,2026-08-25,手机,device,摩托罗拉,G系列,G71,,,开机屏坏,200,元/台,,image,摩托罗拉.jpg,数码网报价单-0825更新/手机相关/摩托罗拉.jpg,1,1.0,visual_verified_same_as_0831_source
20260825-1787509abe3fe3cebc12-01,2026-08-25,手机,device,摩托罗拉,G系列,G71,,,不开机,150,元/台,,image,摩托罗拉.jpg,数码网报价单-0825更新/手机相关/摩托罗拉.jpg,1,1.0,visual_verified_same_as_0831_source
20260825-117861bba172778ea453-01,2026-08-25,手机,device,摩托罗拉,G系列,G71,,,废板-整机,150,元/台,,image,摩托罗拉.jpg,数码网报价单-0825更新/手机相关/摩托罗拉.jpg,1,1.0,visual_verified_same_as_0831_source
20260825-1a12ce13c412c55bf131-01,2026-08-25,手机,device,摩托罗拉,G系列,G54,,,开机屏好,200,元/台,,image,摩托罗拉.jpg,数码网报价单-0825更新/手机相关/摩托罗拉.jpg,1,1.0,visual_verified_same_as_0831_source
20260825-cb237397df5cc186c73f-01,2026-08-25,手机,device,摩托罗拉,G系列,G54,,,开机屏坏,200,元/台,,image,摩托罗拉.jpg,数码网报价单-0825更新/手机相关/摩托罗拉.jpg,1,1.0,visual_verified_same_as_0831_source
20260825-047214a44bc1c6062c40-01,2026-08-25,手机,device,摩托罗拉,G系列,G54,,,不开机,150,元/台,,image,摩托罗拉.jpg,数码网报价单-0825更新/手机相关/摩托罗拉.jpg,1,1.0,visual_verified_same_as_0831_source
20260825-797387e0a2e9b63d4805-01,2026-08-25,手机,device,摩托罗拉,G系列,G54,,,废板-整机,150,元/台,,image,摩托罗拉.jpg,数码网报价单-0825更新/手机相关/摩托罗拉.jpg,1,1.0,visual_verified_same_as_0831_source
20260825-f6edd1d3b2ba0fca3d61-01,2026-08-25,手机,device,摩托罗拉,G系列,G53,,,开机屏好,200,元/台,,image,摩托罗拉.jpg,数码网报价单-0825更新/手机相关/摩托罗拉.jpg,1,1.0,visual_verified_same_as_0831_source
20260825-231d9a96daaa61f813a6-01,2026-08-25,手机,device,摩托罗拉,G系列,G53,,,开机屏坏,180,元/台,,image,摩托罗拉.jpg,数码网报价单-0825更新/手机相关/摩托罗拉.jpg,1,1.0,visual_verified_same_as_0831_source
20260825-e27c7a0b9214efcbc8c7-01,2026-08-25,手机,device,摩托罗拉,G系列,G53,,,不开机,150,元/台,,image,摩托罗拉.jpg,数码网报价单-0825更新/手机相关/摩托罗拉.jpg,1,1.0,visual_verified_same_as_0831_source
20260825-10d5ec98eff74457e17e-01,2026-08-25,手机,device,摩托罗拉,G系列,G53,,,废板-整机,150,元/台,,image,摩托罗拉.jpg,数码网报价单-0825更新/手机相关/摩托罗拉.jpg,1,1.0,visual_verified_same_as_0831_source
20260825-ad80f9fc2ad600cef0de-01,2026-08-25,手机,device,摩托罗拉,G系列,G51,,,开机屏好,200,元/台,,image,摩托罗拉.jpg,数码网报价单-0825更新/手机相关/摩托罗拉.jpg,1,1.0,visual_verified_same_as_0831_source
20260825-80d3bc54b2501b040a13-01,2026-08-25,手机,device,摩托罗拉,G系列,G51,,,开机屏坏,150,元/台,,image,摩托罗拉.jpg,数码网报价单-0825更新/手机相关/摩托罗拉.jpg,1,1.0,visual_verified_same_as_0831_source
20260825-25d219d2f23b7a7f8309-01,2026-08-25,手机,device,摩托罗拉,G系列,G51,,,不开机,150,元/台,,image,摩托罗拉.jpg,数码网报价单-0825更新/手机相关/摩托罗拉.jpg,1,1.0,visual_verified_same_as_0831_source
20260825-b37e032982067ca68ac6-01,2026-08-25,手机,device,摩托罗拉,G系列,G51,,,废板-整机,150,元/台,,image,摩托罗拉.jpg,数码网报价单-0825更新/手机相关/摩托罗拉.jpg,1,1.0,visual_verified_same_as_0831_source
20260825-ab1a47316fa6fff943a0-01,2026-08-25,手机,device,摩托罗拉,G系列,G50,,,开机屏好,200,元/台,,image,摩托罗拉.jpg,数码网报价单-0825更新/手机相关/摩托罗拉.jpg,1,1.0,visual_verified_same_as_0831_source
20260825-b63af98ac6895a538e88-01,2026-08-25,手机,device,摩托罗拉,G系列,G50,,,开机屏坏,150,元/台,,image,摩托罗拉.jpg,数码网报价单-0825更新/手机相关/摩托罗拉.jpg,1,1.0,visual_verified_same_as_0831_source
20260825-7ca19eb3ef98772f843d-01,2026-08-25,手机,device,摩托罗拉,G系列,G50,,,不开机,150,元/台,,image,摩托罗拉.jpg,数码网报价单-0825更新/手机相关/摩托罗拉.jpg,1,1.0,visual_verified_same_as_0831_source
20260825-f2f92247a745be82b9a9-01,2026-08-25,手机,device,摩托罗拉,G系列,G50,,,废板-整机,150,元/台,,image,摩托罗拉.jpg,数码网报价单-0825更新/手机相关/摩托罗拉.jpg,1,1.0,visual_verified_same_as_0831_source
20260825-fece34c5d01b9b9ce48f-01,2026-08-25,手机,device,摩托罗拉,刀锋系列,刀锋4,,,开机屏好,300,元/台,,image,摩托罗拉.jpg,数码网报价单-0825更新/手机相关/摩托罗拉.jpg,1,1.0,visual_verified_same_as_0831_source
20260825-05df585eac8f0e9cb508-01,2026-08-25,手机,device,摩托罗拉,刀锋系列,刀锋4,,,开机屏坏,200,元/台,,image,摩托罗拉.jpg,数码网报价单-0825更新/手机相关/摩托罗拉.jpg,1,1.0,visual_verified_same_as_0831_source
20260825-b4ceca81cfc11fc53dfd-01,2026-08-25,手机,device,摩托罗拉,刀锋系列,刀锋4,,,不开机,150,元/台,,image,摩托罗拉.jpg,数码网报价单-0825更新/手机相关/摩托罗拉.jpg,1,1.0,visual_verified_same_as_0831_source
20260825-41720907aeb09b6aa5a8-01,2026-08-25,手机,device,摩托罗拉,刀锋系列,刀锋4,,,废板-整机,150,元/台,,image,摩托罗拉.jpg,数码网报价单-0825更新/手机相关/摩托罗拉.jpg,1,1.0,visual_verified_same_as_0831_source
20260825-b125366f4bca327ce8af-01,2026-08-25,手机,device,摩托罗拉,刀锋系列,刀锋3,,,开机屏好,300,元/台,,image,摩托罗拉.jpg,数码网报价单-0825更新/手机相关/摩托罗拉.jpg,1,1.0,visual_verified_same_as_0831_source
20260825-23de7a21ae383b77a46a-01,2026-08-25,手机,device,摩托罗拉,刀锋系列,刀锋3,,,开机屏坏,200,元/台,,image,摩托罗拉.jpg,数码网报价单-0825更新/手机相关/摩托罗拉.jpg,1,1.0,visual_verified_same_as_0831_source
20260825-a8e5e3214430deec5389-01,2026-08-25,手机,device,摩托罗拉,刀锋系列,刀锋3,,,不开机,150,元/台,,image,摩托罗拉.jpg,数码网报价单-0825更新/手机相关/摩托罗拉.jpg,1,1.0,visual_verified_same_as_0831_source
20260825-dcf31165c52211b9e417-01,2026-08-25,手机,device,摩托罗拉,刀锋系列,刀锋3,,,废板-整机,150,元/台,,image,摩托罗拉.jpg,数码网报价单-0825更新/手机相关/摩托罗拉.jpg,1,1.0,visual_verified_same_as_0831_source
20260825-9a7721595d4d221825dd-01,2026-08-25,手机,device,摩托罗拉,刀锋系列,刀锋2,,,开机屏好,400,元/台,小屏要求好的,image,摩托罗拉.jpg,数码网报价单-0825更新/手机相关/摩托罗拉.jpg,1,1.0,visual_verified_same_as_0831_source
20260825-e8d9d9a6f530668b0d6b-01,2026-08-25,手机,device,摩托罗拉,刀锋系列,刀锋2,,,开机屏坏,200,元/台,小屏要求好的,image,摩托罗拉.jpg,数码网报价单-0825更新/手机相关/摩托罗拉.jpg,1,1.0,visual_verified_same_as_0831_source
20260825-48bf5dc7f5eb12d17bb7-01,2026-08-25,手机,device,摩托罗拉,刀锋系列,刀锋2,,,不开机,150,元/台,小屏要求好的,image,摩托罗拉.jpg,数码网报价单-0825更新/手机相关/摩托罗拉.jpg,1,1.0,visual_verified_same_as_0831_source
20260825-c8552cd850908fb10cd2-01,2026-08-25,手机,device,摩托罗拉,刀锋系列,刀锋2,,,废板-整机,150,元/台,小屏要求好的,image,摩托罗拉.jpg,数码网报价单-0825更新/手机相关/摩托罗拉.jpg,1,1.0,visual_verified_same_as_0831_source
20260825-a1253968ea83bcefee08-01,2026-08-25,手机,device,摩托罗拉,S系列,S30PRO,,,开机屏好,250,元/台,,image,摩托罗拉.jpg,数码网报价单-0825更新/手机相关/摩托罗拉.jpg,1,1.0,visual_verified_same_as_0831_source
20260825-24f8709bd0114f1c5884-01,2026-08-25,手机,device,摩托罗拉,S系列,S30PRO,,,开机屏坏,200,元/台,,image,摩托罗拉.jpg,数码网报价单-0825更新/手机相关/摩托罗拉.jpg,1,1.0,visual_verified_same_as_0831_source
20260825-525c5c5731e919dc1eda-01,2026-08-25,手机,device,摩托罗拉,S系列,S30PRO,,,不开机,150,元/台,,image,摩托罗拉.jpg,数码网报价单-0825更新/手机相关/摩托罗拉.jpg,1,1.0,visual_verified_same_as_0831_source
20260825-45b4ec31d2eb16883252-01,2026-08-25,手机,device,摩托罗拉,S系列,S30PRO,,,废板-整机,150,元/台,,image,摩托罗拉.jpg,数码网报价单-0825更新/手机相关/摩托罗拉.jpg,1,1.0,visual_verified_same_as_0831_source
20260825-0a3d1d55928ca838a5b4-01,2026-08-25,手机,device,摩托罗拉,S系列,S30,,,开机屏好,150,元/台,,image,摩托罗拉.jpg,数码网报价单-0825更新/手机相关/摩托罗拉.jpg,1,1.0,visual_verified_same_as_0831_source
20260825-7825d662713f2d72238e-01,2026-08-25,手机,device,摩托罗拉,S系列,S30,,,开机屏坏,150,元/台,,image,摩托罗拉.jpg,数码网报价单-0825更新/手机相关/摩托罗拉.jpg,1,1.0,visual_verified_same_as_0831_source
20260825-48191b602a1c369fca3e-01,2026-08-25,手机,device,摩托罗拉,S系列,S30,,,不开机,150,元/台,,image,摩托罗拉.jpg,数码网报价单-0825更新/手机相关/摩托罗拉.jpg,1,1.0,visual_verified_same_as_0831_source
20260825-f29bec4225db51ab259f-01,2026-08-25,手机,device,摩托罗拉,S系列,S30,,,废板-整机,150,元/台,,image,摩托罗拉.jpg,数码网报价单-0825更新/手机相关/摩托罗拉.jpg,1,1.0,visual_verified_same_as_0831_source
20260825-460aae50435b3293bbb7-01,2026-08-25,手机,device,摩托罗拉,X系列,X30PRO,,,开机屏好,400,元/台,,image,摩托罗拉.jpg,数码网报价单-0825更新/手机相关/摩托罗拉.jpg,1,1.0,visual_verified_same_as_0831_source
20260825-3d010adbe4492fefa84b-01,2026-08-25,手机,device,摩托罗拉,X系列,X30PRO,,,开机屏坏,300,元/台,,image,摩托罗拉.jpg,数码网报价单-0825更新/手机相关/摩托罗拉.jpg,1,1.0,visual_verified_same_as_0831_source
20260825-b63a75edfedc24fed25f-01,2026-08-25,手机,device,摩托罗拉,X系列,X30PRO,,,不开机,150,元/台,,image,摩托罗拉.jpg,数码网报价单-0825更新/手机相关/摩托罗拉.jpg,1,1.0,visual_verified_same_as_0831_source
20260825-7dcca9831ed5e5594aac-01,2026-08-25,手机,device,摩托罗拉,X系列,X30PRO,,,废板-整机,150,元/台,,image,摩托罗拉.jpg,数码网报价单-0825更新/手机相关/摩托罗拉.jpg,1,1.0,visual_verified_same_as_0831_source
20260825-3a1eebac7d81b4c110f4-01,2026-08-25,手机,device,摩托罗拉,X系列,X30,,,开机屏好,400,元/台,,image,摩托罗拉.jpg,数码网报价单-0825更新/手机相关/摩托罗拉.jpg,1,1.0,visual_verified_same_as_0831_source
20260825-59c70a6957aa712eee73-01,2026-08-25,手机,device,摩托罗拉,X系列,X30,,,开机屏坏,300,元/台,,image,摩托罗拉.jpg,数码网报价单-0825更新/手机相关/摩托罗拉.jpg,1,1.0,visual_verified_same_as_0831_source
20260825-bc6029f48e51965f09b2-01,2026-08-25,手机,device,摩托罗拉,X系列,X30,,,不开机,150,元/台,,image,摩托罗拉.jpg,数码网报价单-0825更新/手机相关/摩托罗拉.jpg,1,1.0,visual_verified_same_as_0831_source
20260825-f2f9752f763b9c417acf-01,2026-08-25,手机,device,摩托罗拉,X系列,X30,,,废板-整机,150,元/台,,image,摩托罗拉.jpg,数码网报价单-0825更新/手机相关/摩托罗拉.jpg,1,1.0,visual_verified_same_as_0831_source
20260825-e3e5b0106f417a188816-01,2026-08-25,手机,device,摩托罗拉,edge系列,edge S SPro,,,开机屏好,130,元/台,,image,摩托罗拉.jpg,数码网报价单-0825更新/手机相关/摩托罗拉.jpg,1,1.0,visual_verified_same_as_0831_source
20260825-412f4c5beef0d032d76d-01,2026-08-25,手机,device,摩托罗拉,edge系列,edge S SPro,,,开机屏坏,130,元/台,,image,摩托罗拉.jpg,数码网报价单-0825更新/手机相关/摩托罗拉.jpg,1,1.0,visual_verified_same_as_0831_source
20260825-0d908cf1da961bdab03b-01,2026-08-25,手机,device,摩托罗拉,edge系列,edge S SPro,,,不开机,130,元/台,,image,摩托罗拉.jpg,数码网报价单-0825更新/手机相关/摩托罗拉.jpg,1,1.0,visual_verified_same_as_0831_source
20260825-09c6f5e3019460e552f2-01,2026-08-25,手机,device,摩托罗拉,edge系列,edge S SPro,,,废板-整机,130,元/台,,image,摩托罗拉.jpg,数码网报价单-0825更新/手机相关/摩托罗拉.jpg,1,1.0,visual_verified_same_as_0831_source
20260825-97af0aeaa794e2c65c2f-01,2026-08-25,手机,device,摩托罗拉,edge系列,edge S,,,开机屏好,130,元/台,,image,摩托罗拉.jpg,数码网报价单-0825更新/手机相关/摩托罗拉.jpg,1,1.0,visual_verified_same_as_0831_source
20260825-8fd46e47957feef461e1-01,2026-08-25,手机,device,摩托罗拉,edge系列,edge S,,,开机屏坏,130,元/台,,image,摩托罗拉.jpg,数码网报价单-0825更新/手机相关/摩托罗拉.jpg,1,1.0,visual_verified_same_as_0831_source
20260825-996107711af5fd0ff3f0-01,2026-08-25,手机,device,摩托罗拉,edge系列,edge S,,,不开机,130,元/台,,image,摩托罗拉.jpg,数码网报价单-0825更新/手机相关/摩托罗拉.jpg,1,1.0,visual_verified_same_as_0831_source
20260825-ee9f95d99fbcf0b99255-01,2026-08-25,手机,device,摩托罗拉,edge系列,edge S,,,废板-整机,130,元/台,,image,摩托罗拉.jpg,数码网报价单-0825更新/手机相关/摩托罗拉.jpg,1,1.0,visual_verified_same_as_0831_source
20260825-17e90ea253ca7e5addf1-01,2026-08-25,手机,device,摩托罗拉,edge系列,edge轻奢版,,,开机屏好,130,元/台,,image,摩托罗拉.jpg,数码网报价单-0825更新/手机相关/摩托罗拉.jpg,1,1.0,visual_verified_same_as_0831_source
20260825-05cca98296f61e0b240b-01,2026-08-25,手机,device,摩托罗拉,edge系列,edge轻奢版,,,开机屏坏,130,元/台,,image,摩托罗拉.jpg,数码网报价单-0825更新/手机相关/摩托罗拉.jpg,1,1.0,visual_verified_same_as_0831_source
20260825-b6f807ea371173fa7263-01,2026-08-25,手机,device,摩托罗拉,edge系列,edge轻奢版,,,不开机,130,元/台,,image,摩托罗拉.jpg,数码网报价单-0825更新/手机相关/摩托罗拉.jpg,1,1.0,visual_verified_same_as_0831_source
20260825-3c5bba983b279ad9ef69-01,2026-08-25,手机,device,摩托罗拉,edge系列,edge轻奢版,,,废板-整机,130,元/台,,image,摩托罗拉.jpg,数码网报价单-0825更新/手机相关/摩托罗拉.jpg,1,1.0,visual_verified_same_as_0831_source
20260825-b028e4fbbde43c3c3119-01,2026-08-25,手机,device,摩托罗拉,,联想摩托motoz2force,,,开机屏好,30,元/台,,image,摩托罗拉.jpg,数码网报价单-0825更新/手机相关/摩托罗拉.jpg,1,1.0,visual_verified_same_as_0831_source
20260825-f0b8a96e992125f0a91d-01,2026-08-25,手机,device,摩托罗拉,,联想摩托motoz2force,,,开机屏坏,20,元/台,,image,摩托罗拉.jpg,数码网报价单-0825更新/手机相关/摩托罗拉.jpg,1,1.0,visual_verified_same_as_0831_source
20260825-facefda2b3af61637e8a-01,2026-08-25,手机,device,摩托罗拉,,联想摩托motoz2force,,,不开机,20,元/台,,image,摩托罗拉.jpg,数码网报价单-0825更新/手机相关/摩托罗拉.jpg,1,1.0,visual_verified_same_as_0831_source
20260825-9c154e52470c56d9dcf6-01,2026-08-25,手机,device,摩托罗拉,,联想摩托motoz2force,,,废板-整机,20,元/台,,image,摩托罗拉.jpg,数码网报价单-0825更新/手机相关/摩托罗拉.jpg,1,1.0,visual_verified_same_as_0831_source
20260825-6732aa16708c1eb68392-01,2026-08-25,手机,device,摩托罗拉,,联想摩托motoz2force,,,点数,/,元/台,,image,摩托罗拉.jpg,数码网报价单-0825更新/手机相关/摩托罗拉.jpg,1,1.0,visual_verified_same_as_0831_source
20260825-fac7f88ff44051f6343e-01,2026-08-25,手机,device,摩托罗拉,,V8,,,开机屏好,28,元/台,,image,摩托罗拉.jpg,数码网报价单-0825更新/手机相关/摩托罗拉.jpg,1,1.0,visual_verified_same_as_0831_source
20260825-617138d78c06ff1115be-01,2026-08-25,手机,device,摩托罗拉,,V8,,,开机屏坏,28,元/台,,image,摩托罗拉.jpg,数码网报价单-0825更新/手机相关/摩托罗拉.jpg,1,1.0,visual_verified_same_as_0831_source
20260825-f0a12184352140dcf25a-01,2026-08-25,手机,device,摩托罗拉,,V8,,,不开机,28,元/台,,image,摩托罗拉.jpg,数码网报价单-0825更新/手机相关/摩托罗拉.jpg,1,1.0,visual_verified_same_as_0831_source
20260825-8f7d3c33f6ff0d01fc67-01,2026-08-25,手机,device,摩托罗拉,,V8,,,废板-整机,/,元/台,,image,摩托罗拉.jpg,数码网报价单-0825更新/手机相关/摩托罗拉.jpg,1,1.0,visual_verified_same_as_0831_source
20260825-357851e0deb3cb6bcf63-01,2026-08-25,手机,device,摩托罗拉,,V8,,,点数,/,元/台,,image,摩托罗拉.jpg,数码网报价单-0825更新/手机相关/摩托罗拉.jpg,1,1.0,visual_verified_same_as_0831_source
20260825-18dc8218f229f12af3ff-01,2026-08-25,手机,device,摩托罗拉,,V3,,,开机屏好,28,元/台,,image,摩托罗拉.jpg,数码网报价单-0825更新/手机相关/摩托罗拉.jpg,1,1.0,visual_verified_same_as_0831_source
20260825-c6b5c4dd7d70f02ab406-01,2026-08-25,手机,device,摩托罗拉,,V3,,,开机屏坏,28,元/台,,image,摩托罗拉.jpg,数码网报价单-0825更新/手机相关/摩托罗拉.jpg,1,1.0,visual_verified_same_as_0831_source
20260825-fe995b3f073d028b2695-01,2026-08-25,手机,device,摩托罗拉,,V3,,,不开机,28,元/台,,image,摩托罗拉.jpg,数码网报价单-0825更新/手机相关/摩托罗拉.jpg,1,1.0,visual_verified_same_as_0831_source
20260825-f2ed43e9da2b54d9cd22-01,2026-08-25,手机,device,摩托罗拉,,V3,,,废板-整机,/,元/台,,image,摩托罗拉.jpg,数码网报价单-0825更新/手机相关/摩托罗拉.jpg,1,1.0,visual_verified_same_as_0831_source
20260825-500d7528fdd813721530-01,2026-08-25,手机,device,摩托罗拉,,V3,,,点数,/,元/台,,image,摩托罗拉.jpg,数码网报价单-0825更新/手机相关/摩托罗拉.jpg,1,1.0,visual_verified_same_as_0831_source
20260825-10aa6142889c56a81e95-01,2026-08-25,手机,device,摩托罗拉,,R1,,,开机屏好,350,元/台,开机屏好要求外壳没后盖扣100,image,摩托罗拉.jpg,数码网报价单-0825更新/手机相关/摩托罗拉.jpg,1,1.0,visual_verified_same_as_0831_source
20260825-427e198888a7bfad2a60-01,2026-08-25,手机,device,摩托罗拉,,R1,,,开机屏坏,180,元/台,开机屏好要求外壳没后盖扣100,image,摩托罗拉.jpg,数码网报价单-0825更新/手机相关/摩托罗拉.jpg,1,1.0,visual_verified_same_as_0831_source
20260825-d94c29850b9c7a6b14de-01,2026-08-25,手机,device,摩托罗拉,,R1,,,不开机,180,元/台,开机屏好要求外壳没后盖扣100,image,摩托罗拉.jpg,数码网报价单-0825更新/手机相关/摩托罗拉.jpg,1,1.0,visual_verified_same_as_0831_source
20260825-5161c6754b48be5e709f-01,2026-08-25,手机,device,摩托罗拉,,R1,,,废板-整机,/,元/台,开机屏好要求外壳没后盖扣100,image,摩托罗拉.jpg,数码网报价单-0825更新/手机相关/摩托罗拉.jpg,1,1.0,visual_verified_same_as_0831_source
20260825-1f6650ad03044a7b100a-01,2026-08-25,手机,device,摩托罗拉,,R1,,,点数,/,元/台,开机屏好要求外壳没后盖扣100,image,摩托罗拉.jpg,数码网报价单-0825更新/手机相关/摩托罗拉.jpg,1,1.0,visual_verified_same_as_0831_source
20260825-f81d0325fdf5b7bdeb0a-01,2026-08-25,手机,device,摩托罗拉,,L7,,,开机屏好,28,元/台,,image,摩托罗拉.jpg,数码网报价单-0825更新/手机相关/摩托罗拉.jpg,1,1.0,visual_verified_same_as_0831_source
20260825-08ffd765975ec28797ba-01,2026-08-25,手机,device,摩托罗拉,,L7,,,开机屏坏,28,元/台,,image,摩托罗拉.jpg,数码网报价单-0825更新/手机相关/摩托罗拉.jpg,1,1.0,visual_verified_same_as_0831_source
20260825-e5034dfc5080425aac15-01,2026-08-25,手机,device,摩托罗拉,,L7,,,不开机,28,元/台,,image,摩托罗拉.jpg,数码网报价单-0825更新/手机相关/摩托罗拉.jpg,1,1.0,visual_verified_same_as_0831_source
20260825-0b0baddb5fa35bd10363-01,2026-08-25,手机,device,摩托罗拉,,L7,,,废板-整机,/,元/台,,image,摩托罗拉.jpg,数码网报价单-0825更新/手机相关/摩托罗拉.jpg,1,1.0,visual_verified_same_as_0831_source
20260825-1ace0ff6bc720bdfe9a8-01,2026-08-25,手机,device,摩托罗拉,,L7,,,点数,/,元/台,,image,摩托罗拉.jpg,数码网报价单-0825更新/手机相关/摩托罗拉.jpg,1,1.0,visual_verified_same_as_0831_source
20260825-545497d6f6588d2c5fd1-01,2026-08-25,手机,device,摩托罗拉,,L6,,,开机屏好,28,元/台,,image,摩托罗拉.jpg,数码网报价单-0825更新/手机相关/摩托罗拉.jpg,1,1.0,visual_verified_same_as_0831_source
20260825-fef446d169e94ad78deb-01,2026-08-25,手机,device,摩托罗拉,,L6,,,开机屏坏,28,元/台,,image,摩托罗拉.jpg,数码网报价单-0825更新/手机相关/摩托罗拉.jpg,1,1.0,visual_verified_same_as_0831_source
20260825-80fd1067bc7fdd0ba6d8-01,2026-08-25,手机,device,摩托罗拉,,L6,,,不开机,28,元/台,,image,摩托罗拉.jpg,数码网报价单-0825更新/手机相关/摩托罗拉.jpg,1,1.0,visual_verified_same_as_0831_source
20260825-215f357d5f40ba05c94a-01,2026-08-25,手机,device,摩托罗拉,,L6,,,废板-整机,/,元/台,,image,摩托罗拉.jpg,数码网报价单-0825更新/手机相关/摩托罗拉.jpg,1,1.0,visual_verified_same_as_0831_source
20260825-9dc8d0495b5cc6a699b3-01,2026-08-25,手机,device,摩托罗拉,,L6,,,点数,/,元/台,,image,摩托罗拉.jpg,数码网报价单-0825更新/手机相关/摩托罗拉.jpg,1,1.0,visual_verified_same_as_0831_source
20260825-4009eea40059b71aeb9d-01,2026-08-25,手机,device,摩托罗拉,,1200,,,开机屏好,28,元/台,,image,摩托罗拉.jpg,数码网报价单-0825更新/手机相关/摩托罗拉.jpg,1,1.0,visual_verified_same_as_0831_source
20260825-602fd202e97c47aea2fe-01,2026-08-25,手机,device,摩托罗拉,,1200,,,开机屏坏,28,元/台,,image,摩托罗拉.jpg,数码网报价单-0825更新/手机相关/摩托罗拉.jpg,1,1.0,visual_verified_same_as_0831_source
20260825-0bf427648a07a903c876-01,2026-08-25,手机,device,摩托罗拉,,1200,,,不开机,28,元/台,,image,摩托罗拉.jpg,数码网报价单-0825更新/手机相关/摩托罗拉.jpg,1,1.0,visual_verified_same_as_0831_source
20260825-aeeae80f0575f1003611-01,2026-08-25,手机,device,摩托罗拉,,1200,,,废板-整机,/,元/台,,image,摩托罗拉.jpg,数码网报价单-0825更新/手机相关/摩托罗拉.jpg,1,1.0,visual_verified_same_as_0831_source
20260825-dd31e2e00a6c83c7b650-01,2026-08-25,手机,device,摩托罗拉,,1200,,,点数,/,元/台,,image,摩托罗拉.jpg,数码网报价单-0825更新/手机相关/摩托罗拉.jpg,1,1.0,visual_verified_same_as_0831_source
20260825-c58e2c024350c6e10f03-01,2026-08-25,手机,device,摩托罗拉,,525,,,开机屏好,/,元/台,,image,摩托罗拉.jpg,数码网报价单-0825更新/手机相关/摩托罗拉.jpg,1,1.0,visual_verified_same_as_0831_source
20260825-f525ed47085eb1d14b04-01,2026-08-25,手机,device,摩托罗拉,,525,,,开机屏坏,/,元/台,,image,摩托罗拉.jpg,数码网报价单-0825更新/手机相关/摩托罗拉.jpg,1,1.0,visual_verified_same_as_0831_source
20260825-c821a822e8b9e496f5d0-01,2026-08-25,手机,device,摩托罗拉,,525,,,不开机,/,元/台,,image,摩托罗拉.jpg,数码网报价单-0825更新/手机相关/摩托罗拉.jpg,1,1.0,visual_verified_same_as_0831_source
20260825-e7cef4ee3336a60fbb4b-01,2026-08-25,手机,device,摩托罗拉,,525,,,废板-整机,/,元/台,,image,摩托罗拉.jpg,数码网报价单-0825更新/手机相关/摩托罗拉.jpg,1,1.0,visual_verified_same_as_0831_source
20260825-b247047d0602c95e5c76-01,2026-08-25,手机,device,摩托罗拉,,525,,,点数,10,元/台,,image,摩托罗拉.jpg,数码网报价单-0825更新/手机相关/摩托罗拉.jpg,1,1.0,visual_verified_same_as_0831_source
20260825-b407073edea3048f46b5-01,2026-08-25,手机,device,朵唯,,朵唯D9 pro,,,开机屏好,70,元/台,,image,朵唯.jpg,数码网报价单-0825更新/手机相关/朵唯.jpg,1,1.0,visual_verified_same_as_0831_source
20260825-7d31db62914f90e5c6d3-01,2026-08-25,手机,device,朵唯,,朵唯D9 pro,,,开机屏坏,70,元/台,,image,朵唯.jpg,数码网报价单-0825更新/手机相关/朵唯.jpg,1,1.0,visual_verified_same_as_0831_source
20260825-3c10f0aba5df56049dce-01,2026-08-25,手机,device,朵唯,,朵唯D9 pro,,,不开机,70,元/台,,image,朵唯.jpg,数码网报价单-0825更新/手机相关/朵唯.jpg,1,1.0,visual_verified_same_as_0831_source
20260825-59890e0c5793f221e889-01,2026-08-25,手机,device,朵唯,,朵唯D9 pro,,,废板-整机,70,元/台,,image,朵唯.jpg,数码网报价单-0825更新/手机相关/朵唯.jpg,1,1.0,visual_verified_same_as_0831_source
20260825-a9d5f25dbcb706197fc3-01,2026-08-25,手机,device,朵唯,,X11proM,,,开机屏好,70,元/台,,image,朵唯.jpg,数码网报价单-0825更新/手机相关/朵唯.jpg,1,1.0,visual_verified_same_as_0831_source
20260825-d473783747d730955840-01,2026-08-25,手机,device,朵唯,,X11proM,,,开机屏坏,70,元/台,,image,朵唯.jpg,数码网报价单-0825更新/手机相关/朵唯.jpg,1,1.0,visual_verified_same_as_0831_source
20260825-cda3280a3704fb74ad1f-01,2026-08-25,手机,device,朵唯,,X11proM,,,不开机,70,元/台,,image,朵唯.jpg,数码网报价单-0825更新/手机相关/朵唯.jpg,1,1.0,visual_verified_same_as_0831_source
20260825-6e552f3f2da6058b08dc-01,2026-08-25,手机,device,朵唯,,X11proM,,,废板-整机,70,元/台,,image,朵唯.jpg,数码网报价单-0825更新/手机相关/朵唯.jpg,1,1.0,visual_verified_same_as_0831_source
20260825-a13699cf38ce4f447ac2-01,2026-08-25,手机,device,朵唯,,K10pro,,,开机屏好,70,元/台,,image,朵唯.jpg,数码网报价单-0825更新/手机相关/朵唯.jpg,1,1.0,visual_verified_same_as_0831_source
20260825-a4ed98009c420c673875-01,2026-08-25,手机,device,朵唯,,K10pro,,,开机屏坏,70,元/台,,image,朵唯.jpg,数码网报价单-0825更新/手机相关/朵唯.jpg,1,1.0,visual_verified_same_as_0831_source
20260825-45aacdea05c7f6516e4e-01,2026-08-25,手机,device,朵唯,,K10pro,,,不开机,70,元/台,,image,朵唯.jpg,数码网报价单-0825更新/手机相关/朵唯.jpg,1,1.0,visual_verified_same_as_0831_source
20260825-c41d2109d8b6cf23fe06-01,2026-08-25,手机,device,朵唯,,K10pro,,,废板-整机,70,元/台,,image,朵唯.jpg,数码网报价单-0825更新/手机相关/朵唯.jpg,1,1.0,visual_verified_same_as_0831_source
20260825-e14758e22f232be11af9-01,2026-08-25,手机,device,朵唯,,M30,,,开机屏好,70,元/台,,image,朵唯.jpg,数码网报价单-0825更新/手机相关/朵唯.jpg,1,1.0,visual_verified_same_as_0831_source
20260825-0f032a3697cdef201bdb-01,2026-08-25,手机,device,朵唯,,M30,,,开机屏坏,70,元/台,,image,朵唯.jpg,数码网报价单-0825更新/手机相关/朵唯.jpg,1,1.0,visual_verified_same_as_0831_source
20260825-7575c16806ebbc4dff1b-01,2026-08-25,手机,device,朵唯,,M30,,,不开机,70,元/台,,image,朵唯.jpg,数码网报价单-0825更新/手机相关/朵唯.jpg,1,1.0,visual_verified_same_as_0831_source
20260825-ede7b95c8224824d741a-01,2026-08-25,手机,device,朵唯,,M30,,,废板-整机,70,元/台,,image,朵唯.jpg,数码网报价单-0825更新/手机相关/朵唯.jpg,1,1.0,visual_verified_same_as_0831_source
20260825-c164b4dd165adf7c13e5-01,2026-08-25,手机,device,朵唯,,M40Pro,,,开机屏好,70,元/台,,image,朵唯.jpg,数码网报价单-0825更新/手机相关/朵唯.jpg,1,1.0,visual_verified_same_as_0831_source
20260825-90a4de08aa0cab991115-01,2026-08-25,手机,device,朵唯,,M40Pro,,,开机屏坏,70,元/台,,image,朵唯.jpg,数码网报价单-0825更新/手机相关/朵唯.jpg,1,1.0,visual_verified_same_as_0831_source
20260825-fa7320ee1c096a0187d3-01,2026-08-25,手机,device,朵唯,,M40Pro,,,不开机,70,元/台,,image,朵唯.jpg,数码网报价单-0825更新/手机相关/朵唯.jpg,1,1.0,visual_verified_same_as_0831_source
20260825-eded559ee599766393ff-01,2026-08-25,手机,device,朵唯,,M40Pro,,,废板-整机,70,元/台,,image,朵唯.jpg,数码网报价单-0825更新/手机相关/朵唯.jpg,1,1.0,visual_verified_same_as_0831_source
20260825-70a985a1a3e9ab2d4c78-01,2026-08-25,手机,device,朵唯,,M2,,,开机屏好,20,元/台,,image,朵唯.jpg,数码网报价单-0825更新/手机相关/朵唯.jpg,1,1.0,visual_verified_same_as_0831_source
20260825-d07cdd153590063d70ab-01,2026-08-25,手机,device,朵唯,,M2,,,开机屏坏,20,元/台,,image,朵唯.jpg,数码网报价单-0825更新/手机相关/朵唯.jpg,1,1.0,visual_verified_same_as_0831_source
20260825-207be960201415e4e949-01,2026-08-25,手机,device,朵唯,,M2,,,不开机,20,元/台,,image,朵唯.jpg,数码网报价单-0825更新/手机相关/朵唯.jpg,1,1.0,visual_verified_same_as_0831_source
20260825-3e407cd2258865c92700-01,2026-08-25,手机,device,朵唯,,M2,,,废板-整机,20,元/台,,image,朵唯.jpg,数码网报价单-0825更新/手机相关/朵唯.jpg,1,1.0,visual_verified_same_as_0831_source
20260825-601c415f2f731b154dae-01,2026-08-25,手机,device,朵唯,,L9mini/C32,,,开机屏好,30,元/台,,image,朵唯.jpg,数码网报价单-0825更新/手机相关/朵唯.jpg,1,1.0,visual_verified_same_as_0831_source
20260825-15c9c3ec4571eb1c7a25-01,2026-08-25,手机,device,朵唯,,L9mini/C32,,,开机屏坏,30,元/台,,image,朵唯.jpg,数码网报价单-0825更新/手机相关/朵唯.jpg,1,1.0,visual_verified_same_as_0831_source
20260825-f5dd361f0e95cadd39f6-01,2026-08-25,手机,device,朵唯,,L9mini/C32,,,不开机,30,元/台,,image,朵唯.jpg,数码网报价单-0825更新/手机相关/朵唯.jpg,1,1.0,visual_verified_same_as_0831_source
20260825-1ebe746eeb81d221063a-01,2026-08-25,手机,device,朵唯,,L9mini/C32,,,废板-整机,30,元/台,,image,朵唯.jpg,数码网报价单-0825更新/手机相关/朵唯.jpg,1,1.0,visual_verified_same_as_0831_source
20260825-b6160236c43803c09d91-01,2026-08-25,手机,device,朵唯,,L9,,,开机屏好,60,元/台,,image,朵唯.jpg,数码网报价单-0825更新/手机相关/朵唯.jpg,1,1.0,visual_verified_same_as_0831_source
20260825-a09d89f4d612c8c75ed5-01,2026-08-25,手机,device,朵唯,,L9,,,开机屏坏,60,元/台,,image,朵唯.jpg,数码网报价单-0825更新/手机相关/朵唯.jpg,1,1.0,visual_verified_same_as_0831_source
20260825-9f98440b69debf732e6b-01,2026-08-25,手机,device,朵唯,,L9,,,不开机,60,元/台,,image,朵唯.jpg,数码网报价单-0825更新/手机相关/朵唯.jpg,1,1.0,visual_verified_same_as_0831_source
20260825-a64819df6931d078c473-01,2026-08-25,手机,device,朵唯,,L9,,,废板-整机,60,元/台,,image,朵唯.jpg,数码网报价单-0825更新/手机相关/朵唯.jpg,1,1.0,visual_verified_same_as_0831_source
20260825-d493e71894d0540f1417-01,2026-08-25,手机,device,朵唯,,L8plus/C27,,,开机屏好,30,元/台,,image,朵唯.jpg,数码网报价单-0825更新/手机相关/朵唯.jpg,1,1.0,visual_verified_same_as_0831_source
20260825-dcdb601116d17bff126a-01,2026-08-25,手机,device,朵唯,,L8plus/C27,,,开机屏坏,30,元/台,,image,朵唯.jpg,数码网报价单-0825更新/手机相关/朵唯.jpg,1,1.0,visual_verified_same_as_0831_source
20260825-fe807dcd6f5a12eb5572-01,2026-08-25,手机,device,朵唯,,L8plus/C27,,,不开机,30,元/台,,image,朵唯.jpg,数码网报价单-0825更新/手机相关/朵唯.jpg,1,1.0,visual_verified_same_as_0831_source
20260825-a0d6d8089b0d6a48fe9a-01,2026-08-25,手机,device,朵唯,,L8plus/C27,,,废板-整机,30,元/台,,image,朵唯.jpg,数码网报价单-0825更新/手机相关/朵唯.jpg,1,1.0,visual_verified_same_as_0831_source
20260825-603159c375d08e339a73-01,2026-08-25,手机,device,朵唯,,L825/C38,,,开机屏好,30,元/台,,image,朵唯.jpg,数码网报价单-0825更新/手机相关/朵唯.jpg,1,1.0,visual_verified_same_as_0831_source
20260825-0ad28aa797a27e69d411-01,2026-08-25,手机,device,朵唯,,L825/C38,,,开机屏坏,30,元/台,,image,朵唯.jpg,数码网报价单-0825更新/手机相关/朵唯.jpg,1,1.0,visual_verified_same_as_0831_source
20260825-a4d5f61f0037fac82393-01,2026-08-25,手机,device,朵唯,,L825/C38,,,不开机,30,元/台,,image,朵唯.jpg,数码网报价单-0825更新/手机相关/朵唯.jpg,1,1.0,visual_verified_same_as_0831_source
20260825-94279614a020a57e478d-01,2026-08-25,手机,device,朵唯,,L825/C38,,,废板-整机,30,元/台,,image,朵唯.jpg,数码网报价单-0825更新/手机相关/朵唯.jpg,1,1.0,visual_verified_same_as_0831_source
20260825-4f8c358436061fdedc3a-01,2026-08-25,手机,device,朵唯,,L7/C24,,,开机屏好,30,元/台,,image,朵唯.jpg,数码网报价单-0825更新/手机相关/朵唯.jpg,1,1.0,visual_verified_same_as_0831_source
20260825-e5fa17e9ceb9b5afb294-01,2026-08-25,手机,device,朵唯,,L7/C24,,,开机屏坏,30,元/台,,image,朵唯.jpg,数码网报价单-0825更新/手机相关/朵唯.jpg,1,1.0,visual_verified_same_as_0831_source
20260825-fcf2f3be9a9e08e44016-01,2026-08-25,手机,device,朵唯,,L7/C24,,,不开机,30,元/台,,image,朵唯.jpg,数码网报价单-0825更新/手机相关/朵唯.jpg,1,1.0,visual_verified_same_as_0831_source
20260825-948f3bc80e21ef8bdfc5-01,2026-08-25,手机,device,朵唯,,L7/C24,,,废板-整机,30,元/台,,image,朵唯.jpg,数码网报价单-0825更新/手机相关/朵唯.jpg,1,1.0,visual_verified_same_as_0831_source
20260825-8355a81c58c1c46d77a3-01,2026-08-25,手机,device,朵唯,,L5P/C19,,,开机屏好,30,元/台,,image,朵唯.jpg,数码网报价单-0825更新/手机相关/朵唯.jpg,1,1.0,visual_verified_same_as_0831_source
20260825-e0e483cc74ca80fff107-01,2026-08-25,手机,device,朵唯,,L5P/C19,,,开机屏坏,30,元/台,,image,朵唯.jpg,数码网报价单-0825更新/手机相关/朵唯.jpg,1,1.0,visual_verified_same_as_0831_source
20260825-980539257ffc290e2d3e-01,2026-08-25,手机,device,朵唯,,L5P/C19,,,不开机,30,元/台,,image,朵唯.jpg,数码网报价单-0825更新/手机相关/朵唯.jpg,1,1.0,visual_verified_same_as_0831_source
20260825-f6a634e9bc8f9b7904c5-01,2026-08-25,手机,device,朵唯,,L5P/C19,,,废板-整机,30,元/台,,image,朵唯.jpg,数码网报价单-0825更新/手机相关/朵唯.jpg,1,1.0,visual_verified_same_as_0831_source
20260825-6f9cf805512e25982e85-01,2026-08-25,手机,device,朵唯,,L5m/C22,,,开机屏好,30,元/台,,image,朵唯.jpg,数码网报价单-0825更新/手机相关/朵唯.jpg,1,1.0,visual_verified_same_as_0831_source
20260825-92840f7ce69daab6439c-01,2026-08-25,手机,device,朵唯,,L5m/C22,,,开机屏坏,30,元/台,,image,朵唯.jpg,数码网报价单-0825更新/手机相关/朵唯.jpg,1,1.0,visual_verified_same_as_0831_source
20260825-e230f040063e97233540-01,2026-08-25,手机,device,朵唯,,L5m/C22,,,不开机,30,元/台,,image,朵唯.jpg,数码网报价单-0825更新/手机相关/朵唯.jpg,1,1.0,visual_verified_same_as_0831_source
20260825-006ae6313f38f1ef583d-01,2026-08-25,手机,device,朵唯,,L5m/C22,,,废板-整机,30,元/台,,image,朵唯.jpg,数码网报价单-0825更新/手机相关/朵唯.jpg,1,1.0,visual_verified_same_as_0831_source
20260825-5395d24ef56934f94fdf-01,2026-08-25,手机,device,朵唯,,L520/C38,,,开机屏好,120,元/台,,image,朵唯.jpg,数码网报价单-0825更新/手机相关/朵唯.jpg,1,1.0,visual_verified_same_as_0831_source
20260825-f6c9c6157290395775db-01,2026-08-25,手机,device,朵唯,,L520/C38,,,开机屏坏,120,元/台,,image,朵唯.jpg,数码网报价单-0825更新/手机相关/朵唯.jpg,1,1.0,visual_verified_same_as_0831_source
20260825-e5d806bd8c0713446787-01,2026-08-25,手机,device,朵唯,,L520/C38,,,不开机,120,元/台,,image,朵唯.jpg,数码网报价单-0825更新/手机相关/朵唯.jpg,1,1.0,visual_verified_same_as_0831_source
20260825-c1c1e56351536ce65543-01,2026-08-25,手机,device,朵唯,,L520/C38,,,废板-整机,120,元/台,,image,朵唯.jpg,数码网报价单-0825更新/手机相关/朵唯.jpg,1,1.0,visual_verified_same_as_0831_source
20260825-a8d557c4d74a574492eb-01,2026-08-25,手机,device,朵唯,,A8,,,开机屏好,70,元/台,,image,朵唯.jpg,数码网报价单-0825更新/手机相关/朵唯.jpg,1,1.0,visual_verified_same_as_0831_source
20260825-cbc3d1a08864fa457035-01,2026-08-25,手机,device,朵唯,,A8,,,开机屏坏,70,元/台,,image,朵唯.jpg,数码网报价单-0825更新/手机相关/朵唯.jpg,1,1.0,visual_verified_same_as_0831_source
20260825-0f964fa678e5726612d6-01,2026-08-25,手机,device,朵唯,,A8,,,不开机,70,元/台,,image,朵唯.jpg,数码网报价单-0825更新/手机相关/朵唯.jpg,1,1.0,visual_verified_same_as_0831_source
20260825-ffdfcc59575ef2b5a202-01,2026-08-25,手机,device,朵唯,,A8,,,废板-整机,70,元/台,,image,朵唯.jpg,数码网报价单-0825更新/手机相关/朵唯.jpg,1,1.0,visual_verified_same_as_0831_source
20260825-9d64e0283f5b36b4cf87-01,2026-08-25,手机,device,朵唯,,A6/C25,,,开机屏好,35,元/台,,image,朵唯.jpg,数码网报价单-0825更新/手机相关/朵唯.jpg,1,1.0,visual_verified_same_as_0831_source
20260825-f4099a01656642461e9e-01,2026-08-25,手机,device,朵唯,,A6/C25,,,开机屏坏,35,元/台,,image,朵唯.jpg,数码网报价单-0825更新/手机相关/朵唯.jpg,1,1.0,visual_verified_same_as_0831_source
20260825-cdfd160205f52d7a0f8b-01,2026-08-25,手机,device,朵唯,,A6/C25,,,不开机,35,元/台,,image,朵唯.jpg,数码网报价单-0825更新/手机相关/朵唯.jpg,1,1.0,visual_verified_same_as_0831_source
20260825-28d432be4103d44e3c8b-01,2026-08-25,手机,device,朵唯,,A6/C25,,,废板-整机,35,元/台,,image,朵唯.jpg,数码网报价单-0825更新/手机相关/朵唯.jpg,1,1.0,visual_verified_same_as_0831_source
20260825-b8c094bea329129ab24f-01,2026-08-25,手机,device,朵唯,,A55/Q5801,,,开机屏好,35,元/台,,image,朵唯.jpg,数码网报价单-0825更新/手机相关/朵唯.jpg,1,1.0,visual_verified_same_as_0831_source
20260825-64eb4871fde153bcf4c3-01,2026-08-25,手机,device,朵唯,,A55/Q5801,,,开机屏坏,35,元/台,,image,朵唯.jpg,数码网报价单-0825更新/手机相关/朵唯.jpg,1,1.0,visual_verified_same_as_0831_source
20260825-b5b874af7197b4cd78a6-01,2026-08-25,手机,device,朵唯,,A55/Q5801,,,不开机,35,元/台,,image,朵唯.jpg,数码网报价单-0825更新/手机相关/朵唯.jpg,1,1.0,visual_verified_same_as_0831_source
20260825-05d0111088b5d70b65e1-01,2026-08-25,手机,device,朵唯,,A55/Q5801,,,废板-整机,35,元/台,,image,朵唯.jpg,数码网报价单-0825更新/手机相关/朵唯.jpg,1,1.0,visual_verified_same_as_0831_source
20260825-99540fa9e925959952c6-01,2026-08-25,手机,device,朵唯,,A5/C29,,,开机屏好,35,元/台,,image,朵唯.jpg,数码网报价单-0825更新/手机相关/朵唯.jpg,1,1.0,visual_verified_same_as_0831_source
20260825-9afb501f84ececd21026-01,2026-08-25,手机,device,朵唯,,A5/C29,,,开机屏坏,35,元/台,,image,朵唯.jpg,数码网报价单-0825更新/手机相关/朵唯.jpg,1,1.0,visual_verified_same_as_0831_source
20260825-3ef840a483674265b15c-01,2026-08-25,手机,device,朵唯,,A5/C29,,,不开机,35,元/台,,image,朵唯.jpg,数码网报价单-0825更新/手机相关/朵唯.jpg,1,1.0,visual_verified_same_as_0831_source
20260825-22e36d99ed8a14bc864a-01,2026-08-25,手机,device,朵唯,,A5/C29,,,废板-整机,35,元/台,,image,朵唯.jpg,数码网报价单-0825更新/手机相关/朵唯.jpg,1,1.0,visual_verified_same_as_0831_source
20260825-6d80563c193bb8ce3998-01,2026-08-25,手机,device,朵唯,,A15/C36,,,开机屏好,60,元/台,,image,朵唯.jpg,数码网报价单-0825更新/手机相关/朵唯.jpg,1,1.0,visual_verified_same_as_0831_source
20260825-9bde40bee455f3b78080-01,2026-08-25,手机,device,朵唯,,A15/C36,,,开机屏坏,60,元/台,,image,朵唯.jpg,数码网报价单-0825更新/手机相关/朵唯.jpg,1,1.0,visual_verified_same_as_0831_source
20260825-ed5e7e20ec1af8aaa6a0-01,2026-08-25,手机,device,朵唯,,A15/C36,,,不开机,60,元/台,,image,朵唯.jpg,数码网报价单-0825更新/手机相关/朵唯.jpg,1,1.0,visual_verified_same_as_0831_source
20260825-a52659c41fc0d92203ac-01,2026-08-25,手机,device,朵唯,,A15/C36,,,废板-整机,60,元/台,,image,朵唯.jpg,数码网报价单-0825更新/手机相关/朵唯.jpg,1,1.0,visual_verified_same_as_0831_source
20260825-b4905b1015a512f7ce00-01,2026-08-25,手机,device,朵唯,,A12/C34,,,开机屏好,60,元/台,,image,朵唯.jpg,数码网报价单-0825更新/手机相关/朵唯.jpg,1,1.0,visual_verified_same_as_0831_source
20260825-2d069f83df98de9aa155-01,2026-08-25,手机,device,朵唯,,A12/C34,,,开机屏坏,60,元/台,,image,朵唯.jpg,数码网报价单-0825更新/手机相关/朵唯.jpg,1,1.0,visual_verified_same_as_0831_source
20260825-c9b38e803036b1cdb652-01,2026-08-25,手机,device,朵唯,,A12/C34,,,不开机,60,元/台,,image,朵唯.jpg,数码网报价单-0825更新/手机相关/朵唯.jpg,1,1.0,visual_verified_same_as_0831_source
20260825-e7740601e3340e1f4491-01,2026-08-25,手机,device,朵唯,,A12/C34,,,废板-整机,60,元/台,,image,朵唯.jpg,数码网报价单-0825更新/手机相关/朵唯.jpg,1,1.0,visual_verified_same_as_0831_source
20260825-e3a55387a45c8f146b19-01,2026-08-25,手机,device,朵唯,,A11/C33,,,开机屏好,60,元/台,,image,朵唯.jpg,数码网报价单-0825更新/手机相关/朵唯.jpg,1,1.0,visual_verified_same_as_0831_source
20260825-bd550c6e2c7d4b542a90-01,2026-08-25,手机,device,朵唯,,A11/C33,,,开机屏坏,60,元/台,,image,朵唯.jpg,数码网报价单-0825更新/手机相关/朵唯.jpg,1,1.0,visual_verified_same_as_0831_source
20260825-c188875a62b6d24db7b9-01,2026-08-25,手机,device,朵唯,,A11/C33,,,不开机,60,元/台,,image,朵唯.jpg,数码网报价单-0825更新/手机相关/朵唯.jpg,1,1.0,visual_verified_same_as_0831_source
20260825-a754d256f41edb6be0e9-01,2026-08-25,手机,device,朵唯,,A11/C33,,,废板-整机,60,元/台,,image,朵唯.jpg,数码网报价单-0825更新/手机相关/朵唯.jpg,1,1.0,visual_verified_same_as_0831_source
20260825-51b1e08751caa284a96d-01,2026-08-25,手机,device,朵唯,,A10/C35,,,开机屏好,35,元/台,,image,朵唯.jpg,数码网报价单-0825更新/手机相关/朵唯.jpg,1,1.0,visual_verified_same_as_0831_source
20260825-edf4c33345ea8572030d-01,2026-08-25,手机,device,朵唯,,A10/C35,,,开机屏坏,35,元/台,,image,朵唯.jpg,数码网报价单-0825更新/手机相关/朵唯.jpg,1,1.0,visual_verified_same_as_0831_source
20260825-267e4cc5a84ccaac0718-01,2026-08-25,手机,device,朵唯,,A10/C35,,,不开机,35,元/台,,image,朵唯.jpg,数码网报价单-0825更新/手机相关/朵唯.jpg,1,1.0,visual_verified_same_as_0831_source
20260825-ece4ed7a0fd1f6cd6a21-01,2026-08-25,手机,device,朵唯,,A10/C35,,,废板-整机,35,元/台,,image,朵唯.jpg,数码网报价单-0825更新/手机相关/朵唯.jpg,1,1.0,visual_verified_same_as_0831_source
20260825-5ed7303b596506a63e02-01,2026-08-25,手机,device,朵唯,,525,,,开机屏好,120,元/台,,image,朵唯.jpg,数码网报价单-0825更新/手机相关/朵唯.jpg,1,1.0,visual_verified_same_as_0831_source
20260825-c5c1b66a17cdcfaf9109-01,2026-08-25,手机,device,朵唯,,525,,,开机屏坏,120,元/台,,image,朵唯.jpg,数码网报价单-0825更新/手机相关/朵唯.jpg,1,1.0,visual_verified_same_as_0831_source
20260825-ee410dacd1e533e55ea6-01,2026-08-25,手机,device,朵唯,,525,,,不开机,120,元/台,,image,朵唯.jpg,数码网报价单-0825更新/手机相关/朵唯.jpg,1,1.0,visual_verified_same_as_0831_source
20260825-a3047e78c90c425d9e7e-01,2026-08-25,手机,device,朵唯,,525,,,废板-整机,120,元/台,,image,朵唯.jpg,数码网报价单-0825更新/手机相关/朵唯.jpg,1,1.0,visual_verified_same_as_0831_source
20260825-b6ee6f3eb76704ac8991-01,2026-08-25,手机,device,朵唯,,520,,,开机屏好,120,元/台,,image,朵唯.jpg,数码网报价单-0825更新/手机相关/朵唯.jpg,1,1.0,visual_verified_same_as_0831_source
20260825-3ef7a16435555e1e7c1f-01,2026-08-25,手机,device,朵唯,,520,,,开机屏坏,120,元/台,,image,朵唯.jpg,数码网报价单-0825更新/手机相关/朵唯.jpg,1,1.0,visual_verified_same_as_0831_source
20260825-b2020189995387b66447-01,2026-08-25,手机,device,朵唯,,520,,,不开机,120,元/台,,image,朵唯.jpg,数码网报价单-0825更新/手机相关/朵唯.jpg,1,1.0,visual_verified_same_as_0831_source
20260825-6039939cc76f24bfb8be-01,2026-08-25,手机,device,朵唯,,520,,,废板-整机,120,元/台,,image,朵唯.jpg,数码网报价单-0825更新/手机相关/朵唯.jpg,1,1.0,visual_verified_same_as_0831_source
20260825-8d2a50efa8cf2a7f42f2-01,2026-08-25,手机,device,朵唯,,S5/C20,,,开机屏好,20,元/台,,image,朵唯.jpg,数码网报价单-0825更新/手机相关/朵唯.jpg,1,1.0,visual_verified_same_as_0831_source
20260825-d90315201850aee9aebc-01,2026-08-25,手机,device,朵唯,,S5/C20,,,开机屏坏,20,元/台,,image,朵唯.jpg,数码网报价单-0825更新/手机相关/朵唯.jpg,1,1.0,visual_verified_same_as_0831_source
20260825-876553d365812b904085-01,2026-08-25,手机,device,朵唯,,S5/C20,,,不开机,20,元/台,,image,朵唯.jpg,数码网报价单-0825更新/手机相关/朵唯.jpg,1,1.0,visual_verified_same_as_0831_source
20260825-97b63f626ab5f364936b-01,2026-08-25,手机,device,朵唯,,S5/C20,,,废板-整机,20,元/台,,image,朵唯.jpg,数码网报价单-0825更新/手机相关/朵唯.jpg,1,1.0,visual_verified_same_as_0831_source
20260825-8323180ffeb286109d5a-01,2026-08-25,手机,device,朵唯,,L5P/C21,,,开机屏好,20,元/台,,image,朵唯.jpg,数码网报价单-0825更新/手机相关/朵唯.jpg,1,1.0,visual_verified_same_as_0831_source
20260825-9abddfd7aa7dfe68d45d-01,2026-08-25,手机,device,朵唯,,L5P/C21,,,开机屏坏,20,元/台,,image,朵唯.jpg,数码网报价单-0825更新/手机相关/朵唯.jpg,1,1.0,visual_verified_same_as_0831_source
20260825-42748acd88cc353e41aa-01,2026-08-25,手机,device,朵唯,,L5P/C21,,,不开机,20,元/台,,image,朵唯.jpg,数码网报价单-0825更新/手机相关/朵唯.jpg,1,1.0,visual_verified_same_as_0831_source
20260825-9337a84f409c471e860e-01,2026-08-25,手机,device,朵唯,,L5P/C21,,,废板-整机,20,元/台,,image,朵唯.jpg,数码网报价单-0825更新/手机相关/朵唯.jpg,1,1.0,visual_verified_same_as_0831_source
20260825-ab973a2423ea85d70d9d-01,2026-08-25,手机,device,朵唯,,L3c/C17,,,开机屏好,20,元/台,,image,朵唯.jpg,数码网报价单-0825更新/手机相关/朵唯.jpg,1,1.0,visual_verified_same_as_0831_source
20260825-e760f32ec1d08b219c80-01,2026-08-25,手机,device,朵唯,,L3c/C17,,,开机屏坏,20,元/台,,image,朵唯.jpg,数码网报价单-0825更新/手机相关/朵唯.jpg,1,1.0,visual_verified_same_as_0831_source
20260825-432425a51b2e89779abb-01,2026-08-25,手机,device,朵唯,,L3c/C17,,,不开机,20,元/台,,image,朵唯.jpg,数码网报价单-0825更新/手机相关/朵唯.jpg,1,1.0,visual_verified_same_as_0831_source
20260825-d98019b2076e1652d560-01,2026-08-25,手机,device,朵唯,,L3c/C17,,,废板-整机,20,元/台,,image,朵唯.jpg,数码网报价单-0825更新/手机相关/朵唯.jpg,1,1.0,visual_verified_same_as_0831_source
20260825-cccf8c41969809baa5c4-01,2026-08-25,手机,device,朵唯,,L1/C14,,,开机屏好,20,元/台,,image,朵唯.jpg,数码网报价单-0825更新/手机相关/朵唯.jpg,1,1.0,visual_verified_same_as_0831_source
20260825-2f3861d6230a0ceefc8b-01,2026-08-25,手机,device,朵唯,,L1/C14,,,开机屏坏,20,元/台,,image,朵唯.jpg,数码网报价单-0825更新/手机相关/朵唯.jpg,1,1.0,visual_verified_same_as_0831_source
20260825-028690e23a768f9c1e70-01,2026-08-25,手机,device,朵唯,,L1/C14,,,不开机,20,元/台,,image,朵唯.jpg,数码网报价单-0825更新/手机相关/朵唯.jpg,1,1.0,visual_verified_same_as_0831_source
20260825-ae15a1e7337f2ae5f89a-01,2026-08-25,手机,device,朵唯,,L1/C14,,,废板-整机,20,元/台,,image,朵唯.jpg,数码网报价单-0825更新/手机相关/朵唯.jpg,1,1.0,visual_verified_same_as_0831_source
20260825-7b318779a069c04e1448-01,2026-08-25,手机,device,朵唯,,P70,,,开机屏好,70,元/台,,image,朵唯.jpg,数码网报价单-0825更新/手机相关/朵唯.jpg,1,1.0,visual_verified_same_as_0831_source
20260825-a59c0f4bf35bf6f3657d-01,2026-08-25,手机,device,朵唯,,P70,,,开机屏坏,70,元/台,,image,朵唯.jpg,数码网报价单-0825更新/手机相关/朵唯.jpg,1,1.0,visual_verified_same_as_0831_source
20260825-eaf1331c9492dae354bd-01,2026-08-25,手机,device,朵唯,,P70,,,不开机,70,元/台,,image,朵唯.jpg,数码网报价单-0825更新/手机相关/朵唯.jpg,1,1.0,visual_verified_same_as_0831_source
20260825-7e6208696b44b25387ba-01,2026-08-25,手机,device,朵唯,,P70,,,废板-整机,70,元/台,,image,朵唯.jpg,数码网报价单-0825更新/手机相关/朵唯.jpg,1,1.0,visual_verified_same_as_0831_source
20260825-86a80cd87eb927d20336-01,2026-08-25,手机,device,朵唯,,逆客V8,,,开机屏好,20,元/台,,image,朵唯.jpg,数码网报价单-0825更新/手机相关/朵唯.jpg,1,1.0,visual_verified_same_as_0831_source
20260825-f6b99bbf87b47d3f24b6-01,2026-08-25,手机,device,朵唯,,逆客V8,,,开机屏坏,20,元/台,,image,朵唯.jpg,数码网报价单-0825更新/手机相关/朵唯.jpg,1,1.0,visual_verified_same_as_0831_source
20260825-6f3a8821e3e87ee928eb-01,2026-08-25,手机,device,朵唯,,逆客V8,,,不开机,20,元/台,,image,朵唯.jpg,数码网报价单-0825更新/手机相关/朵唯.jpg,1,1.0,visual_verified_same_as_0831_source
20260825-3ca6f489e971bcbba299-01,2026-08-25,手机,device,朵唯,,逆客V8,,,废板-整机,20,元/台,,image,朵唯.jpg,数码网报价单-0825更新/手机相关/朵唯.jpg,1,1.0,visual_verified_same_as_0831_source
20260825-44f179a3555d6a62a973-01,2026-08-25,手机,device,朵唯,,逆客V5,,,开机屏好,20,元/台,,image,朵唯.jpg,数码网报价单-0825更新/手机相关/朵唯.jpg,1,1.0,visual_verified_same_as_0831_source
20260825-7c0c7a24bbb679c0a06e-01,2026-08-25,手机,device,朵唯,,逆客V5,,,开机屏坏,20,元/台,,image,朵唯.jpg,数码网报价单-0825更新/手机相关/朵唯.jpg,1,1.0,visual_verified_same_as_0831_source
20260825-8cb74313d3500aa99ae7-01,2026-08-25,手机,device,朵唯,,逆客V5,,,不开机,20,元/台,,image,朵唯.jpg,数码网报价单-0825更新/手机相关/朵唯.jpg,1,1.0,visual_verified_same_as_0831_source
20260825-46d1f9a4e698583c3917-01,2026-08-25,手机,device,朵唯,,逆客V5,,,废板-整机,20,元/台,,image,朵唯.jpg,数码网报价单-0825更新/手机相关/朵唯.jpg,1,1.0,visual_verified_same_as_0831_source
20260825-7dcfa9e05b4f70a582ad-01,2026-08-25,手机,device,朵唯,,逆客V3,,,开机屏好,20,元/台,,image,朵唯.jpg,数码网报价单-0825更新/手机相关/朵唯.jpg,1,1.0,visual_verified_same_as_0831_source
20260825-79f85bb0ba60548522e3-01,2026-08-25,手机,device,朵唯,,逆客V3,,,开机屏坏,20,元/台,,image,朵唯.jpg,数码网报价单-0825更新/手机相关/朵唯.jpg,1,1.0,visual_verified_same_as_0831_source
20260825-d73bce538ccb7b4271a4-01,2026-08-25,手机,device,朵唯,,逆客V3,,,不开机,20,元/台,,image,朵唯.jpg,数码网报价单-0825更新/手机相关/朵唯.jpg,1,1.0,visual_verified_same_as_0831_source
20260825-1f87175317aaf7b72d3b-01,2026-08-25,手机,device,朵唯,,逆客V3,,,废板-整机,20,元/台,,image,朵唯.jpg,数码网报价单-0825更新/手机相关/朵唯.jpg,1,1.0,visual_verified_same_as_0831_source
20260825-cab6399e503923bb296c-01,2026-08-25,手机,device,朵唯,,逆客V1,,,开机屏好,20,元/台,,image,朵唯.jpg,数码网报价单-0825更新/手机相关/朵唯.jpg,1,1.0,visual_verified_same_as_0831_source
20260825-1fb8177baa024ab00a9c-01,2026-08-25,手机,device,朵唯,,逆客V1,,,开机屏坏,20,元/台,,image,朵唯.jpg,数码网报价单-0825更新/手机相关/朵唯.jpg,1,1.0,visual_verified_same_as_0831_source
20260825-60ebf789fc3bcc0cafb9-01,2026-08-25,手机,device,朵唯,,逆客V1,,,不开机,20,元/台,,image,朵唯.jpg,数码网报价单-0825更新/手机相关/朵唯.jpg,1,1.0,visual_verified_same_as_0831_source
20260825-6c91972289f334276513-01,2026-08-25,手机,device,朵唯,,逆客V1,,,废板-整机,20,元/台,,image,朵唯.jpg,数码网报价单-0825更新/手机相关/朵唯.jpg,1,1.0,visual_verified_same_as_0831_source
20260825-bff4882620e853761186-01,2026-08-25,手机,device,柔宇,,柔宇二代,,,开机屏好,100.0,元/台,,image,柔宇.jpg,数码网报价单-0825更新/手机相关/柔宇.jpg,1,1.0,visual_verified_same_as_0831_source
20260825-21ad63cc2dda393d0be3-01,2026-08-25,手机,device,柔宇,,柔宇二代,,,开机屏坏,80.0,元/台,,image,柔宇.jpg,数码网报价单-0825更新/手机相关/柔宇.jpg,1,1.0,visual_verified_same_as_0831_source
20260825-113f5436542d6418a4cc-01,2026-08-25,手机,device,柔宇,,柔宇二代,,,不开机,80.0,元/台,,image,柔宇.jpg,数码网报价单-0825更新/手机相关/柔宇.jpg,1,1.0,visual_verified_same_as_0831_source
20260825-7e4ad6a034df51dbae4f-01,2026-08-25,手机,device,柔宇,,柔宇二代,,,废板-整机,80.0,元/台,,image,柔宇.jpg,数码网报价单-0825更新/手机相关/柔宇.jpg,1,1.0,visual_verified_same_as_0831_source
20260825-df753a11132b095c2874-01,2026-08-25,手机,device,柔宇,,柔宇一代,,,开机屏好,50.0,元/台,,image,柔宇.jpg,数码网报价单-0825更新/手机相关/柔宇.jpg,1,1.0,visual_verified_same_as_0831_source
20260825-156fbc47e2c53791cd98-01,2026-08-25,手机,device,柔宇,,柔宇一代,,,开机屏坏,50.0,元/台,,image,柔宇.jpg,数码网报价单-0825更新/手机相关/柔宇.jpg,1,1.0,visual_verified_same_as_0831_source
20260825-2043da1ecd525b15b949-01,2026-08-25,手机,device,柔宇,,柔宇一代,,,不开机,50.0,元/台,,image,柔宇.jpg,数码网报价单-0825更新/手机相关/柔宇.jpg,1,1.0,visual_verified_same_as_0831_source
20260825-f79c3e1f60e99964b683-01,2026-08-25,手机,device,柔宇,,柔宇一代,,,废板-整机,50.0,元/台,,image,柔宇.jpg,数码网报价单-0825更新/手机相关/柔宇.jpg,1,1.0,visual_verified_same_as_0831_source
20260825-04d87ddbb1d893c68f45-01,2026-08-25,手机,device,格力,,格力3代,,,开机屏好,50.0,元/台,,image,格力.jpg,数码网报价单-0825更新/手机相关/格力.jpg,1,1.0,visual_verified_same_as_0831_source
20260825-c1caa453307548a0e800-01,2026-08-25,手机,device,格力,,格力3代,,,开机屏坏,50.0,元/台,,image,格力.jpg,数码网报价单-0825更新/手机相关/格力.jpg,1,1.0,visual_verified_same_as_0831_source
20260825-c72aabb94f31cd573225-01,2026-08-25,手机,device,格力,,格力3代,,,不开机,50.0,元/台,,image,格力.jpg,数码网报价单-0825更新/手机相关/格力.jpg,1,1.0,visual_verified_same_as_0831_source
20260825-dd72bfd07a2ad5b66dc6-01,2026-08-25,手机,device,格力,,格力3代,,,废板-整机,50.0,元/台,,image,格力.jpg,数码网报价单-0825更新/手机相关/格力.jpg,1,1.0,visual_verified_same_as_0831_source
20260825-d472752fa4e73dedde2d-01,2026-08-25,手机,device,格力,,格力2代,,,开机屏好,50.0,元/台,,image,格力.jpg,数码网报价单-0825更新/手机相关/格力.jpg,1,1.0,visual_verified_same_as_0831_source
20260825-ca18ab2680cdc0189d13-01,2026-08-25,手机,device,格力,,格力2代,,,开机屏坏,50.0,元/台,,image,格力.jpg,数码网报价单-0825更新/手机相关/格力.jpg,1,1.0,visual_verified_same_as_0831_source
20260825-5c1e087ee2c8e11dc95b-01,2026-08-25,手机,device,格力,,格力2代,,,不开机,50.0,元/台,,image,格力.jpg,数码网报价单-0825更新/手机相关/格力.jpg,1,1.0,visual_verified_same_as_0831_source
20260825-b96202f3f5f5e08f0066-01,2026-08-25,手机,device,格力,,格力2代,,,废板-整机,50.0,元/台,,image,格力.jpg,数码网报价单-0825更新/手机相关/格力.jpg,1,1.0,visual_verified_same_as_0831_source
20260825-021c0bbf82ee8404e639-01,2026-08-25,手机,device,格力,,格力1代,,,开机屏好,20.0,元/台,,image,格力.jpg,数码网报价单-0825更新/手机相关/格力.jpg,1,1.0,visual_verified_same_as_0831_source
20260825-a6deed384a42b0c1415c-01,2026-08-25,手机,device,格力,,格力1代,,,开机屏坏,20.0,元/台,,image,格力.jpg,数码网报价单-0825更新/手机相关/格力.jpg,1,1.0,visual_verified_same_as_0831_source
20260825-90a583115b5c0a15d03a-01,2026-08-25,手机,device,格力,,格力1代,,,不开机,20.0,元/台,,image,格力.jpg,数码网报价单-0825更新/手机相关/格力.jpg,1,1.0,visual_verified_same_as_0831_source
20260825-0ab76990f6af66fec324-01,2026-08-25,手机,device,格力,,格力1代,,,废板-整机,20.0,元/台,,image,格力.jpg,数码网报价单-0825更新/手机相关/格力.jpg,1,1.0,visual_verified_same_as_0831_source
20260825-19c117a73d932cd2ee28-01,2026-08-25,手机,device,海信,H系列,H60,,,开机屏好,110.0,元/台,,image,海信.jpg,数码网报价单-0825更新/手机相关/海信.jpg,1,1.0,visual_verified_same_as_0831_source
20260825-b68e125676d0cb5a0599-01,2026-08-25,手机,device,海信,H系列,H60,,,开机屏坏,110.0,元/台,,image,海信.jpg,数码网报价单-0825更新/手机相关/海信.jpg,1,1.0,visual_verified_same_as_0831_source
20260825-0f895168eb96eb3d88c9-01,2026-08-25,手机,device,海信,H系列,H60,,,不开机,110.0,元/台,,image,海信.jpg,数码网报价单-0825更新/手机相关/海信.jpg,1,1.0,visual_verified_same_as_0831_source
20260825-e5438ed904eb8e0160fc-01,2026-08-25,手机,device,海信,H系列,H60,,,废板-整机,110.0,元/台,,image,海信.jpg,数码网报价单-0825更新/手机相关/海信.jpg,1,1.0,visual_verified_same_as_0831_source
20260825-2a7b0694b32f365b7987-01,2026-08-25,手机,device,海信,H系列,H18,,,开机屏好,110.0,元/台,,image,海信.jpg,数码网报价单-0825更新/手机相关/海信.jpg,1,1.0,visual_verified_same_as_0831_source
20260825-a5ddadf049f748b31d91-01,2026-08-25,手机,device,海信,H系列,H18,,,开机屏坏,110.0,元/台,,image,海信.jpg,数码网报价单-0825更新/手机相关/海信.jpg,1,1.0,visual_verified_same_as_0831_source
20260825-e5cd538a35c1e37341e9-01,2026-08-25,手机,device,海信,H系列,H18,,,不开机,110.0,元/台,,image,海信.jpg,数码网报价单-0825更新/手机相关/海信.jpg,1,1.0,visual_verified_same_as_0831_source
20260825-9ecb2a7cbc55b72ac47d-01,2026-08-25,手机,device,海信,H系列,H18,,,废板-整机,110.0,元/台,,image,海信.jpg,数码网报价单-0825更新/手机相关/海信.jpg,1,1.0,visual_verified_same_as_0831_source
20260825-93ffcae9f9f420a4e741-01,2026-08-25,手机,device,海信,H系列,H20,,,开机屏好,110.0,元/台,,image,海信.jpg,数码网报价单-0825更新/手机相关/海信.jpg,1,1.0,visual_verified_same_as_0831_source
20260825-6379f7bbf9a5231e697a-01,2026-08-25,手机,device,海信,H系列,H20,,,开机屏坏,110.0,元/台,,image,海信.jpg,数码网报价单-0825更新/手机相关/海信.jpg,1,1.0,visual_verified_same_as_0831_source
20260825-2bfa2230c8d965effcd5-01,2026-08-25,手机,device,海信,H系列,H20,,,不开机,110.0,元/台,,image,海信.jpg,数码网报价单-0825更新/手机相关/海信.jpg,1,1.0,visual_verified_same_as_0831_source
20260825-c6cddb8f0ebf0cdad2fc-01,2026-08-25,手机,device,海信,H系列,H20,,,废板-整机,110.0,元/台,,image,海信.jpg,数码网报价单-0825更新/手机相关/海信.jpg,1,1.0,visual_verified_same_as_0831_source
20260825-cfef4b688d5c9d9b56a3-01,2026-08-25,手机,device,海信,H系列,H10,,,开机屏好,55.0,元/台,,image,海信.jpg,数码网报价单-0825更新/手机相关/海信.jpg,1,1.0,visual_verified_same_as_0831_source
20260825-3bafddaef1368a89f893-01,2026-08-25,手机,device,海信,H系列,H10,,,开机屏坏,55.0,元/台,,image,海信.jpg,数码网报价单-0825更新/手机相关/海信.jpg,1,1.0,visual_verified_same_as_0831_source
20260825-785bddacc9394881ed64-01,2026-08-25,手机,device,海信,H系列,H10,,,不开机,55.0,元/台,,image,海信.jpg,数码网报价单-0825更新/手机相关/海信.jpg,1,1.0,visual_verified_same_as_0831_source
20260825-7373f84489ad14982e51-01,2026-08-25,手机,device,海信,H系列,H10,,,废板-整机,55.0,元/台,,image,海信.jpg,数码网报价单-0825更新/手机相关/海信.jpg,1,1.0,visual_verified_same_as_0831_source
20260825-9b78d0e9d2286f52596f-01,2026-08-25,手机,device,海信,F系列,F50,,,开机屏好,110.0,元/台,,image,海信.jpg,数码网报价单-0825更新/手机相关/海信.jpg,1,1.0,visual_verified_same_as_0831_source
20260825-8b2d668adfc3107b4cf7-01,2026-08-25,手机,device,海信,F系列,F50,,,开机屏坏,110.0,元/台,,image,海信.jpg,数码网报价单-0825更新/手机相关/海信.jpg,1,1.0,visual_verified_same_as_0831_source
20260825-0a20aa2e8ef0754d6424-01,2026-08-25,手机,device,海信,F系列,F50,,,不开机,110.0,元/台,,image,海信.jpg,数码网报价单-0825更新/手机相关/海信.jpg,1,1.0,visual_verified_same_as_0831_source
20260825-d02e412cbacb34cdfd50-01,2026-08-25,手机,device,海信,F系列,F50,,,废板-整机,110.0,元/台,,image,海信.jpg,数码网报价单-0825更新/手机相关/海信.jpg,1,1.0,visual_verified_same_as_0831_source
20260825-c6bcc95c7459d48468be-01,2026-08-25,手机,device,海信,F系列,F50+,,,开机屏好,110.0,元/台,,image,海信.jpg,数码网报价单-0825更新/手机相关/海信.jpg,1,1.0,visual_verified_same_as_0831_source
20260825-044509d06e19f037227d-01,2026-08-25,手机,device,海信,F系列,F50+,,,开机屏坏,110.0,元/台,,image,海信.jpg,数码网报价单-0825更新/手机相关/海信.jpg,1,1.0,visual_verified_same_as_0831_source
20260825-24a0c7ed0f44d419130d-01,2026-08-25,手机,device,海信,F系列,F50+,,,不开机,110.0,元/台,,image,海信.jpg,数码网报价单-0825更新/手机相关/海信.jpg,1,1.0,visual_verified_same_as_0831_source
20260825-c106083649a7892cdc69-01,2026-08-25,手机,device,海信,F系列,F50+,,,废板-整机,110.0,元/台,,image,海信.jpg,数码网报价单-0825更新/手机相关/海信.jpg,1,1.0,visual_verified_same_as_0831_source
20260825-5ad19f9ac1a099720b6c-01,2026-08-25,手机,device,海信,F系列,F40,,,开机屏好,110.0,元/台,,image,海信.jpg,数码网报价单-0825更新/手机相关/海信.jpg,1,1.0,visual_verified_same_as_0831_source
20260825-6a4fe33d9d1cff6d58c6-01,2026-08-25,手机,device,海信,F系列,F40,,,开机屏坏,110.0,元/台,,image,海信.jpg,数码网报价单-0825更新/手机相关/海信.jpg,1,1.0,visual_verified_same_as_0831_source
20260825-6a92ed31becedcd15265-01,2026-08-25,手机,device,海信,F系列,F40,,,不开机,110.0,元/台,,image,海信.jpg,数码网报价单-0825更新/手机相关/海信.jpg,1,1.0,visual_verified_same_as_0831_source
20260825-522ec803fde4954135ff-01,2026-08-25,手机,device,海信,F系列,F40,,,废板-整机,110.0,元/台,,image,海信.jpg,数码网报价单-0825更新/手机相关/海信.jpg,1,1.0,visual_verified_same_as_0831_source
20260825-627176258bc19be4e788-01,2026-08-25,手机,device,海信,F系列,F26,,,开机屏好,55.0,元/台,,image,海信.jpg,数码网报价单-0825更新/手机相关/海信.jpg,1,1.0,visual_verified_same_as_0831_source
20260825-1ad9c14143407e40d7a5-01,2026-08-25,手机,device,海信,F系列,F26,,,开机屏坏,55.0,元/台,,image,海信.jpg,数码网报价单-0825更新/手机相关/海信.jpg,1,1.0,visual_verified_same_as_0831_source
20260825-084d9f59f775cf4df5fc-01,2026-08-25,手机,device,海信,F系列,F26,,,不开机,55.0,元/台,,image,海信.jpg,数码网报价单-0825更新/手机相关/海信.jpg,1,1.0,visual_verified_same_as_0831_source
20260825-e3bb8609916652a07a84-01,2026-08-25,手机,device,海信,F系列,F26,,,废板-整机,55.0,元/台,,image,海信.jpg,数码网报价单-0825更新/手机相关/海信.jpg,1,1.0,visual_verified_same_as_0831_source
20260825-18665d14234375911f88-01,2026-08-25,手机,device,海信,F系列,F23,,,开机屏好,20.0,元/台,,image,海信.jpg,数码网报价单-0825更新/手机相关/海信.jpg,1,1.0,visual_verified_same_as_0831_source
20260825-446afb0a72b8271d20f5-01,2026-08-25,手机,device,海信,F系列,F23,,,开机屏坏,20.0,元/台,,image,海信.jpg,数码网报价单-0825更新/手机相关/海信.jpg,1,1.0,visual_verified_same_as_0831_source
20260825-e4b86e27871a9e45b799-01,2026-08-25,手机,device,海信,F系列,F23,,,不开机,20.0,元/台,,image,海信.jpg,数码网报价单-0825更新/手机相关/海信.jpg,1,1.0,visual_verified_same_as_0831_source
20260825-db0eaab27a11e0832fa1-01,2026-08-25,手机,device,海信,F系列,F23,,,废板-整机,20.0,元/台,,image,海信.jpg,数码网报价单-0825更新/手机相关/海信.jpg,1,1.0,visual_verified_same_as_0831_source
20260825-eb1326c29f2748eb3815-01,2026-08-25,手机,device,海信,F系列,F31,,,开机屏好,20.0,元/台,,image,海信.jpg,数码网报价单-0825更新/手机相关/海信.jpg,1,1.0,visual_verified_same_as_0831_source
20260825-542fddecaf834ec3d94d-01,2026-08-25,手机,device,海信,F系列,F31,,,开机屏坏,20.0,元/台,,image,海信.jpg,数码网报价单-0825更新/手机相关/海信.jpg,1,1.0,visual_verified_same_as_0831_source
20260825-63cac4264abd274c4a67-01,2026-08-25,手机,device,海信,F系列,F31,,,不开机,20.0,元/台,,image,海信.jpg,数码网报价单-0825更新/手机相关/海信.jpg,1,1.0,visual_verified_same_as_0831_source
20260825-9d2e9c14670f3c7f430d-01,2026-08-25,手机,device,海信,F系列,F31,,,废板-整机,20.0,元/台,,image,海信.jpg,数码网报价单-0825更新/手机相关/海信.jpg,1,1.0,visual_verified_same_as_0831_source
20260825-85bf4e31cbc618789d3d-01,2026-08-25,手机,device,海信,F系列,F30,,,开机屏好,20.0,元/台,,image,海信.jpg,数码网报价单-0825更新/手机相关/海信.jpg,1,1.0,visual_verified_same_as_0831_source
20260825-8259111d42b2088de1c3-01,2026-08-25,手机,device,海信,F系列,F30,,,开机屏坏,20.0,元/台,,image,海信.jpg,数码网报价单-0825更新/手机相关/海信.jpg,1,1.0,visual_verified_same_as_0831_source
20260825-9c4251a8490e28aae9b8-01,2026-08-25,手机,device,海信,F系列,F30,,,不开机,20.0,元/台,,image,海信.jpg,数码网报价单-0825更新/手机相关/海信.jpg,1,1.0,visual_verified_same_as_0831_source
20260825-8f2e76ede28ee0c473fe-01,2026-08-25,手机,device,海信,F系列,F30,,,废板-整机,20.0,元/台,,image,海信.jpg,数码网报价单-0825更新/手机相关/海信.jpg,1,1.0,visual_verified_same_as_0831_source
20260825-26473bd7fbaf83ac21b2-01,2026-08-25,手机,device,海信,F系列,F22,,,开机屏好,20.0,元/台,,image,海信.jpg,数码网报价单-0825更新/手机相关/海信.jpg,1,1.0,visual_verified_same_as_0831_source
20260825-414645b064da96a6d4a9-01,2026-08-25,手机,device,海信,F系列,F22,,,开机屏坏,20.0,元/台,,image,海信.jpg,数码网报价单-0825更新/手机相关/海信.jpg,1,1.0,visual_verified_same_as_0831_source
20260825-2da91305fc5db595f2f5-01,2026-08-25,手机,device,海信,F系列,F22,,,不开机,20.0,元/台,,image,海信.jpg,数码网报价单-0825更新/手机相关/海信.jpg,1,1.0,visual_verified_same_as_0831_source
20260825-401c1cf86af1b9f1f571-01,2026-08-25,手机,device,海信,F系列,F22,,,废板-整机,20.0,元/台,,image,海信.jpg,数码网报价单-0825更新/手机相关/海信.jpg,1,1.0,visual_verified_same_as_0831_source
20260825-bcc833a5aee1321b5bbf-01,2026-08-25,手机,device,海信,E序列,E18Pro,,,开机屏好,110.0,元/台,,image,海信.jpg,数码网报价单-0825更新/手机相关/海信.jpg,1,1.0,visual_verified_same_as_0831_source
20260825-2becaa6fc5bc8e474457-01,2026-08-25,手机,device,海信,E序列,E18Pro,,,开机屏坏,110.0,元/台,,image,海信.jpg,数码网报价单-0825更新/手机相关/海信.jpg,1,1.0,visual_verified_same_as_0831_source
20260825-f699c79c19e54b099edc-01,2026-08-25,手机,device,海信,E序列,E18Pro,,,不开机,110.0,元/台,,image,海信.jpg,数码网报价单-0825更新/手机相关/海信.jpg,1,1.0,visual_verified_same_as_0831_source
20260825-24f5977de1bfb0ea052e-01,2026-08-25,手机,device,海信,E序列,E18Pro,,,废板-整机,110.0,元/台,,image,海信.jpg,数码网报价单-0825更新/手机相关/海信.jpg,1,1.0,visual_verified_same_as_0831_source
20260825-c7255e9c4f77cb25c9bd-01,2026-08-25,手机,device,海信,E序列,E311,,,开机屏好,110.0,元/台,,image,海信.jpg,数码网报价单-0825更新/手机相关/海信.jpg,1,1.0,visual_verified_same_as_0831_source
20260825-4ab158ac1eacc4daf68d-01,2026-08-25,手机,device,海信,E序列,E311,,,开机屏坏,110.0,元/台,,image,海信.jpg,数码网报价单-0825更新/手机相关/海信.jpg,1,1.0,visual_verified_same_as_0831_source
20260825-a933fa05f12663902985-01,2026-08-25,手机,device,海信,E序列,E311,,,不开机,110.0,元/台,,image,海信.jpg,数码网报价单-0825更新/手机相关/海信.jpg,1,1.0,visual_verified_same_as_0831_source
20260825-705449158972e9ef0659-01,2026-08-25,手机,device,海信,E序列,E311,,,废板-整机,110.0,元/台,,image,海信.jpg,数码网报价单-0825更新/手机相关/海信.jpg,1,1.0,visual_verified_same_as_0831_source
20260825-4777c1fb7fe9127eb3e9-01,2026-08-25,手机,device,海信,E序列,E217高配,,,开机屏好,110.0,元/台,,image,海信.jpg,数码网报价单-0825更新/手机相关/海信.jpg,1,1.0,visual_verified_same_as_0831_source
20260825-69d844cc7ec98b79b391-01,2026-08-25,手机,device,海信,E序列,E217高配,,,开机屏坏,110.0,元/台,,image,海信.jpg,数码网报价单-0825更新/手机相关/海信.jpg,1,1.0,visual_verified_same_as_0831_source
20260825-6acdabe0a6c741497467-01,2026-08-25,手机,device,海信,E序列,E217高配,,,不开机,110.0,元/台,,image,海信.jpg,数码网报价单-0825更新/手机相关/海信.jpg,1,1.0,visual_verified_same_as_0831_source
20260825-b2c64b5d562feace27d1-01,2026-08-25,手机,device,海信,E序列,E217高配,,,废板-整机,110.0,元/台,,image,海信.jpg,数码网报价单-0825更新/手机相关/海信.jpg,1,1.0,visual_verified_same_as_0831_source
20260825-f6bd1e50e8ce1ed9b2cb-01,2026-08-25,手机,device,海信,E序列,E500,,,开机屏好,110.0,元/台,,image,海信.jpg,数码网报价单-0825更新/手机相关/海信.jpg,1,1.0,visual_verified_same_as_0831_source
20260825-4e4f65797237bfdeb18b-01,2026-08-25,手机,device,海信,E序列,E500,,,开机屏坏,110.0,元/台,,image,海信.jpg,数码网报价单-0825更新/手机相关/海信.jpg,1,1.0,visual_verified_same_as_0831_source
20260825-3327074d3a265dd8d856-01,2026-08-25,手机,device,海信,E序列,E500,,,不开机,110.0,元/台,,image,海信.jpg,数码网报价单-0825更新/手机相关/海信.jpg,1,1.0,visual_verified_same_as_0831_source
20260825-460ca86bd38601854915-01,2026-08-25,手机,device,海信,E序列,E500,,,废板-整机,110.0,元/台,,image,海信.jpg,数码网报价单-0825更新/手机相关/海信.jpg,1,1.0,visual_verified_same_as_0831_source
20260825-691ec0deda2f2c240cc5-01,2026-08-25,手机,device,海信,E序列,E216,,,开机屏好,110.0,元/台,,image,海信.jpg,数码网报价单-0825更新/手机相关/海信.jpg,1,1.0,visual_verified_same_as_0831_source
20260825-845ac1eae308f9649010-01,2026-08-25,手机,device,海信,E序列,E216,,,开机屏坏,110.0,元/台,,image,海信.jpg,数码网报价单-0825更新/手机相关/海信.jpg,1,1.0,visual_verified_same_as_0831_source
20260825-6d5e852be669e4dfc2d0-01,2026-08-25,手机,device,海信,E序列,E216,,,不开机,110.0,元/台,,image,海信.jpg,数码网报价单-0825更新/手机相关/海信.jpg,1,1.0,visual_verified_same_as_0831_source
20260825-5e7369a597cc50ced4a8-01,2026-08-25,手机,device,海信,E序列,E216,,,废板-整机,110.0,元/台,,image,海信.jpg,数码网报价单-0825更新/手机相关/海信.jpg,1,1.0,visual_verified_same_as_0831_source
20260825-2bfa22d15036fd19fcf8-01,2026-08-25,手机,device,海信,E序列,E300,,,开机屏好,55.0,元/台,,image,海信.jpg,数码网报价单-0825更新/手机相关/海信.jpg,1,1.0,visual_verified_same_as_0831_source
20260825-e27f636ab4291769ca7e-01,2026-08-25,手机,device,海信,E序列,E300,,,开机屏坏,55.0,元/台,,image,海信.jpg,数码网报价单-0825更新/手机相关/海信.jpg,1,1.0,visual_verified_same_as_0831_source
20260825-2516016c1cc352ab1604-01,2026-08-25,手机,device,海信,E序列,E300,,,不开机,55.0,元/台,,image,海信.jpg,数码网报价单-0825更新/手机相关/海信.jpg,1,1.0,visual_verified_same_as_0831_source
20260825-5f7e961cd23a3b80fa37-01,2026-08-25,手机,device,海信,E序列,E300,,,废板-整机,55.0,元/台,,image,海信.jpg,数码网报价单-0825更新/手机相关/海信.jpg,1,1.0,visual_verified_same_as_0831_source
20260825-2a87a8c73ce3d23d7ea7-01,2026-08-25,手机,device,海信,E序列,E217低配,,,开机屏好,55.0,元/台,,image,海信.jpg,数码网报价单-0825更新/手机相关/海信.jpg,1,1.0,visual_verified_same_as_0831_source
20260825-e48c82f7f723c1f6dd40-01,2026-08-25,手机,device,海信,E序列,E217低配,,,开机屏坏,55.0,元/台,,image,海信.jpg,数码网报价单-0825更新/手机相关/海信.jpg,1,1.0,visual_verified_same_as_0831_source
20260825-1fcf64bfd2e33e24681e-01,2026-08-25,手机,device,海信,E序列,E217低配,,,不开机,55.0,元/台,,image,海信.jpg,数码网报价单-0825更新/手机相关/海信.jpg,1,1.0,visual_verified_same_as_0831_source
20260825-3006e5d08f8d44b06d07-01,2026-08-25,手机,device,海信,E序列,E217低配,,,废板-整机,55.0,元/台,,image,海信.jpg,数码网报价单-0825更新/手机相关/海信.jpg,1,1.0,visual_verified_same_as_0831_source
20260825-ad1285b538ded726c2be-01,2026-08-25,手机,device,海信,E序列,E202,,,开机屏好,55.0,元/台,,image,海信.jpg,数码网报价单-0825更新/手机相关/海信.jpg,1,1.0,visual_verified_same_as_0831_source
20260825-a6298dc76f5872a4db31-01,2026-08-25,手机,device,海信,E序列,E202,,,开机屏坏,55.0,元/台,,image,海信.jpg,数码网报价单-0825更新/手机相关/海信.jpg,1,1.0,visual_verified_same_as_0831_source
20260825-5cfe6ba6630b4bb48114-01,2026-08-25,手机,device,海信,E序列,E202,,,不开机,55.0,元/台,,image,海信.jpg,数码网报价单-0825更新/手机相关/海信.jpg,1,1.0,visual_verified_same_as_0831_source
20260825-53a5e6d2ccca1496d78d-01,2026-08-25,手机,device,海信,E序列,E202,,,废板-整机,55.0,元/台,,image,海信.jpg,数码网报价单-0825更新/手机相关/海信.jpg,1,1.0,visual_verified_same_as_0831_source
20260825-170006af7d0a94f68fac-01,2026-08-25,手机,device,海信,E序列,E200,,,开机屏好,55.0,元/台,,image,海信.jpg,数码网报价单-0825更新/手机相关/海信.jpg,1,1.0,visual_verified_same_as_0831_source
20260825-5aac2d9fe715f539518f-01,2026-08-25,手机,device,海信,E序列,E200,,,开机屏坏,55.0,元/台,,image,海信.jpg,数码网报价单-0825更新/手机相关/海信.jpg,1,1.0,visual_verified_same_as_0831_source
20260825-c73a3d8d873c261f3ff7-01,2026-08-25,手机,device,海信,E序列,E200,,,不开机,55.0,元/台,,image,海信.jpg,数码网报价单-0825更新/手机相关/海信.jpg,1,1.0,visual_verified_same_as_0831_source
20260825-f2fb7da5a6771e315aa7-01,2026-08-25,手机,device,海信,E序列,E200,,,废板-整机,55.0,元/台,,image,海信.jpg,数码网报价单-0825更新/手机相关/海信.jpg,1,1.0,visual_verified_same_as_0831_source
20260825-395bdecc558a383632f7-01,2026-08-25,手机,device,海信,型号,M30,,,开机屏好,11.0,元/台,,image,海信.jpg,数码网报价单-0825更新/手机相关/海信.jpg,1,1.0,visual_verified_same_as_0831_source
20260825-b2eedd9d7ecd0077a467-01,2026-08-25,手机,device,海信,型号,M30,,,开机屏坏,11.0,元/台,,image,海信.jpg,数码网报价单-0825更新/手机相关/海信.jpg,1,1.0,visual_verified_same_as_0831_source
20260825-23ca700c30738e98287f-01,2026-08-25,手机,device,海信,型号,M30,,,不开机,11.0,元/台,,image,海信.jpg,数码网报价单-0825更新/手机相关/海信.jpg,1,1.0,visual_verified_same_as_0831_source
20260825-16efd88c2ffe00d4825f-01,2026-08-25,手机,device,海信,型号,M30,,,废板-整机,11.0,元/台,,image,海信.jpg,数码网报价单-0825更新/手机相关/海信.jpg,1,1.0,visual_verified_same_as_0831_source
20260825-b5dab532829cf9411358-01,2026-08-25,手机,device,海信,型号,A6L双屏,,,开机屏好,60.0,元/台,,image,海信.jpg,数码网报价单-0825更新/手机相关/海信.jpg,1,1.0,visual_verified_same_as_0831_source
20260825-69ca6f04a501c1d6a40d-01,2026-08-25,手机,device,海信,型号,A6L双屏,,,开机屏坏,45.0,元/台,,image,海信.jpg,数码网报价单-0825更新/手机相关/海信.jpg,1,1.0,visual_verified_same_as_0831_source
20260825-b948d9853d7cbca7ffd2-01,2026-08-25,手机,device,海信,型号,A6L双屏,,,不开机,45.0,元/台,,image,海信.jpg,数码网报价单-0825更新/手机相关/海信.jpg,1,1.0,visual_verified_same_as_0831_source
20260825-890357492895bac946bf-01,2026-08-25,手机,device,海信,型号,A6L双屏,,,废板-整机,25.0,元/台,,image,海信.jpg,数码网报价单-0825更新/手机相关/海信.jpg,1,1.0,visual_verified_same_as_0831_source
20260825-be077b485f1782ca09d9-01,2026-08-25,手机,device,海信,墨水屏,A9,,,开机屏好,400.0,元/台,,image,海信.jpg,数码网报价单-0825更新/手机相关/海信.jpg,1,1.0,visual_verified_same_as_0831_source
20260825-aadd97251ed51a30802c-01,2026-08-25,手机,device,海信,墨水屏,A9,,,开机屏坏,85.0,元/台,,image,海信.jpg,数码网报价单-0825更新/手机相关/海信.jpg,1,1.0,visual_verified_same_as_0831_source
20260825-e90cd149f55948e8bbd4-01,2026-08-25,手机,device,海信,墨水屏,A9,,,不开机,85.0,元/台,,image,海信.jpg,数码网报价单-0825更新/手机相关/海信.jpg,1,1.0,visual_verified_same_as_0831_source
20260825-f57a0c94cbd912e5ff7b-01,2026-08-25,手机,device,海信,墨水屏,A9,,,废板-整机,85.0,元/台,,image,海信.jpg,数码网报价单-0825更新/手机相关/海信.jpg,1,1.0,visual_verified_same_as_0831_source
20260825-580523f14c652bb2b4eb-01,2026-08-25,手机,device,海信,墨水屏,A7,,,开机屏好,400.0,元/台,,image,海信.jpg,数码网报价单-0825更新/手机相关/海信.jpg,1,1.0,visual_verified_same_as_0831_source
20260825-77c04a945d10b3bdc186-01,2026-08-25,手机,device,海信,墨水屏,A7,,,开机屏坏,85.0,元/台,,image,海信.jpg,数码网报价单-0825更新/手机相关/海信.jpg,1,1.0,visual_verified_same_as_0831_source
20260825-753b2ae78035a26d2d7c-01,2026-08-25,手机,device,海信,墨水屏,A7,,,不开机,85.0,元/台,,image,海信.jpg,数码网报价单-0825更新/手机相关/海信.jpg,1,1.0,visual_verified_same_as_0831_source
20260825-ccd745254027a2c411eb-01,2026-08-25,手机,device,海信,墨水屏,A7,,,废板-整机,85.0,元/台,,image,海信.jpg,数码网报价单-0825更新/手机相关/海信.jpg,1,1.0,visual_verified_same_as_0831_source
20260825-969f6cc9c6b3d7e0d9fa-01,2026-08-25,手机,device,海信,墨水屏,A7cc版,,,开机屏好,400.0,元/台,,image,海信.jpg,数码网报价单-0825更新/手机相关/海信.jpg,1,1.0,visual_verified_same_as_0831_source
20260825-15c53e7222c256bdc4a3-01,2026-08-25,手机,device,海信,墨水屏,A7cc版,,,开机屏坏,85.0,元/台,,image,海信.jpg,数码网报价单-0825更新/手机相关/海信.jpg,1,1.0,visual_verified_same_as_0831_source
20260825-12bb1322483dcced85c5-01,2026-08-25,手机,device,海信,墨水屏,A7cc版,,,不开机,85.0,元/台,,image,海信.jpg,数码网报价单-0825更新/手机相关/海信.jpg,1,1.0,visual_verified_same_as_0831_source
20260825-7d7728b196a441511da3-01,2026-08-25,手机,device,海信,墨水屏,A7cc版,,,废板-整机,85.0,元/台,,image,海信.jpg,数码网报价单-0825更新/手机相关/海信.jpg,1,1.0,visual_verified_same_as_0831_source
20260825-a400dc3a2e64621f05af-01,2026-08-25,手机,device,海信,墨水屏,TOUCH LITE,,,开机屏好,320.0,元/台,,image,海信.jpg,数码网报价单-0825更新/手机相关/海信.jpg,1,1.0,visual_verified_same_as_0831_source
20260825-5ac135844012a9289e7f-01,2026-08-25,手机,device,海信,墨水屏,TOUCH LITE,,,开机屏坏,85.0,元/台,,image,海信.jpg,数码网报价单-0825更新/手机相关/海信.jpg,1,1.0,visual_verified_same_as_0831_source
20260825-1bfba6095b52f56b53a9-01,2026-08-25,手机,device,海信,墨水屏,TOUCH LITE,,,不开机,85.0,元/台,,image,海信.jpg,数码网报价单-0825更新/手机相关/海信.jpg,1,1.0,visual_verified_same_as_0831_source
20260825-e9f55f0af11d939ad6ed-01,2026-08-25,手机,device,海信,墨水屏,TOUCH LITE,,,废板-整机,85.0,元/台,,image,海信.jpg,数码网报价单-0825更新/手机相关/海信.jpg,1,1.0,visual_verified_same_as_0831_source
20260825-ecf9b6230665f89be9be-01,2026-08-25,手机,device,海信,墨水屏,A5pro,,,开机屏好,210.0,元/台,,image,海信.jpg,数码网报价单-0825更新/手机相关/海信.jpg,1,1.0,visual_verified_same_as_0831_source
20260825-c90d0050332c970e0935-01,2026-08-25,手机,device,海信,墨水屏,A5pro,,,开机屏坏,85.0,元/台,,image,海信.jpg,数码网报价单-0825更新/手机相关/海信.jpg,1,1.0,visual_verified_same_as_0831_source
20260825-443a5134bcc7cebd40fe-01,2026-08-25,手机,device,海信,墨水屏,A5pro,,,不开机,85.0,元/台,,image,海信.jpg,数码网报价单-0825更新/手机相关/海信.jpg,1,1.0,visual_verified_same_as_0831_source
20260825-aa9aa1227295759a3ecd-01,2026-08-25,手机,device,海信,墨水屏,A5pro,,,废板-整机,85.0,元/台,,image,海信.jpg,数码网报价单-0825更新/手机相关/海信.jpg,1,1.0,visual_verified_same_as_0831_source
20260825-2fc8592649645ca8cbba-01,2026-08-25,手机,device,美图,V系列,V7,,,开机屏好,70.0,元/台,,image,美图.jpg,数码网报价单-0825更新/手机相关/美图.jpg,1,1.0,visual_verified_same_as_0831_source
20260825-b6e67c6f1c0f49874f03-01,2026-08-25,手机,device,美图,V系列,V7,,,开机屏坏,70.0,元/台,,image,美图.jpg,数码网报价单-0825更新/手机相关/美图.jpg,1,1.0,visual_verified_same_as_0831_source
20260825-5c820535a984d5b824f7-01,2026-08-25,手机,device,美图,V系列,V7,,,不开机,70.0,元/台,,image,美图.jpg,数码网报价单-0825更新/手机相关/美图.jpg,1,1.0,visual_verified_same_as_0831_source
20260825-fc602999aca964895e3d-01,2026-08-25,手机,device,美图,V系列,V7,,,废板-整机,70.0,元/台,,image,美图.jpg,数码网报价单-0825更新/手机相关/美图.jpg,1,1.0,visual_verified_same_as_0831_source
20260825-05bbc9fdbd210c296174-01,2026-08-25,手机,device,美图,V系列,V6,,,开机屏好,45.0,元/台,,image,美图.jpg,数码网报价单-0825更新/手机相关/美图.jpg,1,1.0,visual_verified_same_as_0831_source
20260825-af315e596208d3d4c52a-01,2026-08-25,手机,device,美图,V系列,V6,,,开机屏坏,45.0,元/台,,image,美图.jpg,数码网报价单-0825更新/手机相关/美图.jpg,1,1.0,visual_verified_same_as_0831_source
20260825-59f8d6a46357220aa45a-01,2026-08-25,手机,device,美图,V系列,V6,,,不开机,45.0,元/台,,image,美图.jpg,数码网报价单-0825更新/手机相关/美图.jpg,1,1.0,visual_verified_same_as_0831_source
20260825-9e6748252cf5f2e457d3-01,2026-08-25,手机,device,美图,V系列,V6,,,废板-整机,45.0,元/台,,image,美图.jpg,数码网报价单-0825更新/手机相关/美图.jpg,1,1.0,visual_verified_same_as_0831_source
20260825-f50cf1f5b72b8d4d4648-01,2026-08-25,手机,device,美图,V系列,V4s,,,开机屏好,25.0,元/台,,image,美图.jpg,数码网报价单-0825更新/手机相关/美图.jpg,1,1.0,visual_verified_same_as_0831_source
20260825-008d0c9e43751cf30ba4-01,2026-08-25,手机,device,美图,V系列,V4s,,,开机屏坏,25.0,元/台,,image,美图.jpg,数码网报价单-0825更新/手机相关/美图.jpg,1,1.0,visual_verified_same_as_0831_source
20260825-94dc371afbfca502bbe0-01,2026-08-25,手机,device,美图,V系列,V4s,,,不开机,25.0,元/台,,image,美图.jpg,数码网报价单-0825更新/手机相关/美图.jpg,1,1.0,visual_verified_same_as_0831_source
20260825-692dccdd98d2b4a7f46b-01,2026-08-25,手机,device,美图,V系列,V4s,,,废板-整机,25.0,元/台,,image,美图.jpg,数码网报价单-0825更新/手机相关/美图.jpg,1,1.0,visual_verified_same_as_0831_source
20260825-fa4f598659515dd5ba4a-01,2026-08-25,手机,device,美图,V系列,V4,,,开机屏好,25.0,元/台,,image,美图.jpg,数码网报价单-0825更新/手机相关/美图.jpg,1,1.0,visual_verified_same_as_0831_source
20260825-a2f01031da8f9332bbfb-01,2026-08-25,手机,device,美图,V系列,V4,,,开机屏坏,25.0,元/台,,image,美图.jpg,数码网报价单-0825更新/手机相关/美图.jpg,1,1.0,visual_verified_same_as_0831_source
20260825-2aa750a02edaf60a35b3-01,2026-08-25,手机,device,美图,V系列,V4,,,不开机,25.0,元/台,,image,美图.jpg,数码网报价单-0825更新/手机相关/美图.jpg,1,1.0,visual_verified_same_as_0831_source
20260825-4450d71d47347b886c84-01,2026-08-25,手机,device,美图,V系列,V4,,,废板-整机,25.0,元/台,,image,美图.jpg,数码网报价单-0825更新/手机相关/美图.jpg,1,1.0,visual_verified_same_as_0831_source
20260825-cf6036e3ba9106ee3d19-01,2026-08-25,手机,device,美图,T系列,小T9,,,开机屏好,120.0,元/台,,image,美图.jpg,数码网报价单-0825更新/手机相关/美图.jpg,1,1.0,visual_verified_same_as_0831_source
20260825-a906797a9096af5fc088-01,2026-08-25,手机,device,美图,T系列,小T9,,,开机屏坏,120.0,元/台,,image,美图.jpg,数码网报价单-0825更新/手机相关/美图.jpg,1,1.0,visual_verified_same_as_0831_source
20260825-b10cc609fa10fff3b143-01,2026-08-25,手机,device,美图,T系列,小T9,,,不开机,120.0,元/台,,image,美图.jpg,数码网报价单-0825更新/手机相关/美图.jpg,1,1.0,visual_verified_same_as_0831_source
20260825-13107f3d29effa91f357-01,2026-08-25,手机,device,美图,T系列,小T9,,,废板-整机,120.0,元/台,,image,美图.jpg,数码网报价单-0825更新/手机相关/美图.jpg,1,1.0,visual_verified_same_as_0831_source
20260825-9001f4d7a731e0536088-01,2026-08-25,手机,device,美图,T系列,T9,,,开机屏好,150.0,元/台,,image,美图.jpg,数码网报价单-0825更新/手机相关/美图.jpg,1,1.0,visual_verified_same_as_0831_source
20260825-a800e1c340e7d31c250b-01,2026-08-25,手机,device,美图,T系列,T9,,,开机屏坏,150.0,元/台,,image,美图.jpg,数码网报价单-0825更新/手机相关/美图.jpg,1,1.0,visual_verified_same_as_0831_source
20260825-8be4676afe71fb083564-01,2026-08-25,手机,device,美图,T系列,T9,,,不开机,150.0,元/台,,image,美图.jpg,数码网报价单-0825更新/手机相关/美图.jpg,1,1.0,visual_verified_same_as_0831_source
20260825-6713d04949c1f4665070-01,2026-08-25,手机,device,美图,T系列,T9,,,废板-整机,150.0,元/台,,image,美图.jpg,数码网报价单-0825更新/手机相关/美图.jpg,1,1.0,visual_verified_same_as_0831_source
20260825-b49ac819a4df97834025-01,2026-08-25,手机,device,美图,T系列,T8s,,,开机屏好,75.0,元/台,,image,美图.jpg,数码网报价单-0825更新/手机相关/美图.jpg,1,1.0,visual_verified_same_as_0831_source
20260825-0454a12d570e8d135b49-01,2026-08-25,手机,device,美图,T系列,T8s,,,开机屏坏,75.0,元/台,,image,美图.jpg,数码网报价单-0825更新/手机相关/美图.jpg,1,1.0,visual_verified_same_as_0831_source
20260825-feabd3c536ce63bb55d2-01,2026-08-25,手机,device,美图,T系列,T8s,,,不开机,75.0,元/台,,image,美图.jpg,数码网报价单-0825更新/手机相关/美图.jpg,1,1.0,visual_verified_same_as_0831_source
20260825-036fd01e885e55d2916e-01,2026-08-25,手机,device,美图,T系列,T8s,,,废板-整机,75.0,元/台,,image,美图.jpg,数码网报价单-0825更新/手机相关/美图.jpg,1,1.0,visual_verified_same_as_0831_source
20260825-121abe44c2a41c9fc1b1-01,2026-08-25,手机,device,美图,T系列,T8,,,开机屏好,75.0,元/台,,image,美图.jpg,数码网报价单-0825更新/手机相关/美图.jpg,1,1.0,visual_verified_same_as_0831_source
20260825-24b0f82fe56668f98d71-01,2026-08-25,手机,device,美图,T系列,T8,,,开机屏坏,75.0,元/台,,image,美图.jpg,数码网报价单-0825更新/手机相关/美图.jpg,1,1.0,visual_verified_same_as_0831_source
20260825-4699b71438a18d6717eb-01,2026-08-25,手机,device,美图,T系列,T8,,,不开机,75.0,元/台,,image,美图.jpg,数码网报价单-0825更新/手机相关/美图.jpg,1,1.0,visual_verified_same_as_0831_source
20260825-875d1a41a040f5be081b-01,2026-08-25,手机,device,美图,T系列,T8,,,废板-整机,75.0,元/台,,image,美图.jpg,数码网报价单-0825更新/手机相关/美图.jpg,1,1.0,visual_verified_same_as_0831_source
20260825-d3e01052a9972bc2b1a4-01,2026-08-25,手机,device,美图,M系列,M8s,,,开机屏好,70.0,元/台,,image,美图.jpg,数码网报价单-0825更新/手机相关/美图.jpg,1,1.0,visual_verified_same_as_0831_source
20260825-c7d553fdef720f847403-01,2026-08-25,手机,device,美图,M系列,M8s,,,开机屏坏,70.0,元/台,,image,美图.jpg,数码网报价单-0825更新/手机相关/美图.jpg,1,1.0,visual_verified_same_as_0831_source
20260825-37d61fefa98bba43ce52-01,2026-08-25,手机,device,美图,M系列,M8s,,,不开机,70.0,元/台,,image,美图.jpg,数码网报价单-0825更新/手机相关/美图.jpg,1,1.0,visual_verified_same_as_0831_source
20260825-fc8c986cf2ada8ce6142-01,2026-08-25,手机,device,美图,M系列,M8s,,,废板-整机,70.0,元/台,,image,美图.jpg,数码网报价单-0825更新/手机相关/美图.jpg,1,1.0,visual_verified_same_as_0831_source
20260825-e89d7341f2d70d8f378e-01,2026-08-25,手机,device,美图,M系列,M8,,,开机屏好,70.0,元/台,,image,美图.jpg,数码网报价单-0825更新/手机相关/美图.jpg,1,1.0,visual_verified_same_as_0831_source
20260825-4e6ee78d91e49e857f97-01,2026-08-25,手机,device,美图,M系列,M8,,,开机屏坏,70.0,元/台,,image,美图.jpg,数码网报价单-0825更新/手机相关/美图.jpg,1,1.0,visual_verified_same_as_0831_source
20260825-7cb1e6d63be5d7fc5b3a-01,2026-08-25,手机,device,美图,M系列,M8,,,不开机,70.0,元/台,,image,美图.jpg,数码网报价单-0825更新/手机相关/美图.jpg,1,1.0,visual_verified_same_as_0831_source
20260825-bf82621a3a406d4c8161-01,2026-08-25,手机,device,美图,M系列,M8,,,废板-整机,70.0,元/台,,image,美图.jpg,数码网报价单-0825更新/手机相关/美图.jpg,1,1.0,visual_verified_same_as_0831_source
20260825-543af2eda8ba119461f3-01,2026-08-25,手机,device,美图,M系列,M6s,,,开机屏好,80.0,元/台,,image,美图.jpg,数码网报价单-0825更新/手机相关/美图.jpg,1,1.0,visual_verified_same_as_0831_source
20260825-b2d97875a1d644abd639-01,2026-08-25,手机,device,美图,M系列,M6s,,,开机屏坏,80.0,元/台,,image,美图.jpg,数码网报价单-0825更新/手机相关/美图.jpg,1,1.0,visual_verified_same_as_0831_source
20260825-dd2166f5eafd854d8236-01,2026-08-25,手机,device,美图,M系列,M6s,,,不开机,80.0,元/台,,image,美图.jpg,数码网报价单-0825更新/手机相关/美图.jpg,1,1.0,visual_verified_same_as_0831_source
20260825-4c8b389bc6598d9ffeba-01,2026-08-25,手机,device,美图,M系列,M6s,,,废板-整机,80.0,元/台,,image,美图.jpg,数码网报价单-0825更新/手机相关/美图.jpg,1,1.0,visual_verified_same_as_0831_source
20260825-517eec247571a9108de5-01,2026-08-25,手机,device,美图,M系列,M6,,,开机屏好,80.0,元/台,,image,美图.jpg,数码网报价单-0825更新/手机相关/美图.jpg,1,1.0,visual_verified_same_as_0831_source
20260825-83e7cc84fb4c70fd87c5-01,2026-08-25,手机,device,美图,M系列,M6,,,开机屏坏,80.0,元/台,,image,美图.jpg,数码网报价单-0825更新/手机相关/美图.jpg,1,1.0,visual_verified_same_as_0831_source
20260825-f96dcfa46130b5e6eeb2-01,2026-08-25,手机,device,美图,M系列,M6,,,不开机,80.0,元/台,,image,美图.jpg,数码网报价单-0825更新/手机相关/美图.jpg,1,1.0,visual_verified_same_as_0831_source
20260825-d1ef3b8dfee0e236c2be-01,2026-08-25,手机,device,美图,M系列,M6,,,废板-整机,80.0,元/台,,image,美图.jpg,数码网报价单-0825更新/手机相关/美图.jpg,1,1.0,visual_verified_same_as_0831_source
20260825-f1d25e5e20fbce057aa1-01,2026-08-25,手机,device,美图,M系列,M4s,,,开机屏好,25.0,元/台,,image,美图.jpg,数码网报价单-0825更新/手机相关/美图.jpg,1,1.0,visual_verified_same_as_0831_source
20260825-7d49fdcb12c212c55c6b-01,2026-08-25,手机,device,美图,M系列,M4s,,,开机屏坏,25.0,元/台,,image,美图.jpg,数码网报价单-0825更新/手机相关/美图.jpg,1,1.0,visual_verified_same_as_0831_source
20260825-f6be092465f27f1d6e46-01,2026-08-25,手机,device,美图,M系列,M4s,,,不开机,25.0,元/台,,image,美图.jpg,数码网报价单-0825更新/手机相关/美图.jpg,1,1.0,visual_verified_same_as_0831_source
20260825-00a9d8296b53931168ea-01,2026-08-25,手机,device,美图,M系列,M4s,,,废板-整机,25.0,元/台,,image,美图.jpg,数码网报价单-0825更新/手机相关/美图.jpg,1,1.0,visual_verified_same_as_0831_source
20260825-075f0acd930b60a10d9e-01,2026-08-25,手机,device,美图,M系列,M4,,,开机屏好,25.0,元/台,,image,美图.jpg,数码网报价单-0825更新/手机相关/美图.jpg,1,1.0,visual_verified_same_as_0831_source
20260825-dee7e99f97dab69763e4-01,2026-08-25,手机,device,美图,M系列,M4,,,开机屏坏,25.0,元/台,,image,美图.jpg,数码网报价单-0825更新/手机相关/美图.jpg,1,1.0,visual_verified_same_as_0831_source
20260825-268e719de4267667a33f-01,2026-08-25,手机,device,美图,M系列,M4,,,不开机,25.0,元/台,,image,美图.jpg,数码网报价单-0825更新/手机相关/美图.jpg,1,1.0,visual_verified_same_as_0831_source
20260825-8981a7d87fee72160fea-01,2026-08-25,手机,device,美图,M系列,M4,,,废板-整机,25.0,元/台,,image,美图.jpg,数码网报价单-0825更新/手机相关/美图.jpg,1,1.0,visual_verified_same_as_0831_source
20260825-cdbba2ef7689ac76bbf7-01,2026-08-25,手机,device,美图,M系列,M2,,,开机屏好,20.0,元/台,,image,美图.jpg,数码网报价单-0825更新/手机相关/美图.jpg,1,1.0,visual_verified_same_as_0831_source
20260825-2d206b8286d5b2b341e6-01,2026-08-25,手机,device,美图,M系列,M2,,,开机屏坏,20.0,元/台,,image,美图.jpg,数码网报价单-0825更新/手机相关/美图.jpg,1,1.0,visual_verified_same_as_0831_source
20260825-d8e434d22f1f9673610d-01,2026-08-25,手机,device,美图,M系列,M2,,,不开机,20.0,元/台,,image,美图.jpg,数码网报价单-0825更新/手机相关/美图.jpg,1,1.0,visual_verified_same_as_0831_source
20260825-ac46d602b03c38b5ac62-01,2026-08-25,手机,device,美图,M系列,M2,,,废板-整机,20.0,元/台,,image,美图.jpg,数码网报价单-0825更新/手机相关/美图.jpg,1,1.0,visual_verified_same_as_0831_source
20260825-545022487d40950a355c-01,2026-08-25,手机,device,功能机,统货回收价格,功能机（老年机）有电池,,,统货-有电池,10,元/个,正常通货比例，原装货，没有被划过。参考示例图1,image,老年机.jpg,数码网报价单-0825更新/手机相关/老年机.jpg,1,1.0,visual_verified_same_as_0831_source
20260825-620c38287ec894b89672-01,2026-08-25,手机,device,功能机,统货回收价格,功能机（老年机）无电池,,,统货-无电池,9,元/个,正常通货比例，没有被划过。参考示例图1,image,老年机.jpg,数码网报价单-0825更新/手机相关/老年机.jpg,1,1.0,visual_verified_same_as_0831_source
20260825-ff716e24ead4e253f507-01,2026-08-25,手机,device,功能机,非拆壳回收价格,翻盖老款机,,,非拆壳,160,元/斤,参考示例图2,image,老年机.jpg,数码网报价单-0825更新/手机相关/老年机.jpg,1,1.0,visual_verified_same_as_0831_source
20260825-4b1b46c884304c08c951-01,2026-08-25,手机,device,功能机,非拆壳回收价格,两成以上翻盖机,,,非拆壳,85,元/斤,参考示例图3,image,老年机.jpg,数码网报价单-0825更新/手机相关/老年机.jpg,1,1.0,visual_verified_same_as_0831_source
20260825-2d5e580d1bb2d3db5daf-01,2026-08-25,手机,device,功能机,非拆壳回收价格,直板机,,,非拆壳,62,元/斤,参考示例图4,image,老年机.jpg,数码网报价单-0825更新/手机相关/老年机.jpg,1,1.0,visual_verified_same_as_0831_source
20260825-72eda2826e11035db6ef-01,2026-08-25,手机,device,功能机,非拆壳回收价格,双卡大屏机,,,非拆壳,7.4,元/个,参考示例图5,image,老年机.jpg,数码网报价单-0825更新/手机相关/老年机.jpg,1,1.0,visual_verified_same_as_0831_source
20260825-fbd0dd9a018aa2ddf596-01,2026-08-25,手机,device,功能机,批货老年机回收,老款低档诺基亚系列,,,点数,15,元/个,参考示例图6,image,老年机.jpg,数码网报价单-0825更新/手机相关/老年机.jpg,1,1.0,visual_verified_same_as_0831_source
20260825-996b93eceda978ab8a71-01,2026-08-25,手机,device,功能机,批货老年机回收,老款5110系列,,,点数,30,元/个,参考示例图6,image,老年机.jpg,数码网报价单-0825更新/手机相关/老年机.jpg,1,1.0,visual_verified_same_as_0831_source
20260825-e253a7bfb2ed2a4e3a00-01,2026-08-25,手机,device,功能机,批货老年机回收,老款翻盖系列,,,点数,20,元/个,参考示例图7,image,老年机.jpg,数码网报价单-0825更新/手机相关/老年机.jpg,1,1.0,visual_verified_same_as_0831_source
20260825-b5e503528c7a7277eb97-01,2026-08-25,手机,device,功能机,批货老年机回收,老款低档摩托系列,,,点数,28,元/个,参考示例图8,image,老年机.jpg,数码网报价单-0825更新/手机相关/老年机.jpg,1,1.0,visual_verified_same_as_0831_source
20260825-2bfc54d67695441f6121-01,2026-08-25,手机,device,功能机,批货老年机回收,老款低档诺基亚n70、72系列,,,点数,24,元/个,参考示例图9,image,老年机.jpg,数码网报价单-0825更新/手机相关/老年机.jpg,1,1.0,visual_verified_same_as_0831_source
20260825-96229515b88381d90e4d-01,2026-08-25,手机,device,功能机,批货老年机回收,老款杂机,,,点数,19,元/个,参考示例图10,image,老年机.jpg,数码网报价单-0825更新/手机相关/老年机.jpg,1,1.0,visual_verified_same_as_0831_source
20260825-9c4a9c7a4b519c0b40ca-01,2026-08-25,手机,device,功能机,批货老年机回收,老款摩托罗拉大哥大,,,点数,58,元/个,参考示例图11,image,老年机.jpg,数码网报价单-0825更新/手机相关/老年机.jpg,1,1.0,visual_verified_same_as_0831_source
20260825-f4cff5eb6715ab331d90-01,2026-08-25,手机,device,功能机,保卡里,保卡里打铃VR至尊版,,,开机屏好,1999,元/台,参考示例图12,image,老年机.jpg,数码网报价单-0825更新/手机相关/老年机.jpg,1,1.0,visual_verified_same_as_0831_source
20260825-59225dc822b25b706475-01,2026-08-25,手机,device,功能机,TCL热门机型,TCL 999d,,,开机屏好,1666,元/台,参考示例图13,image,老年机.jpg,数码网报价单-0825更新/手机相关/老年机.jpg,1,1.0,visual_verified_same_as_0831_source
20260825-426640da8651e28d76ff-01,2026-08-25,手机,device,功能机,双小卡老年机批发,双小卡老年机批发,,,点数,12,元/个,参考示例图14/15,image,老年机.jpg,数码网报价单-0825更新/手机相关/老年机.jpg,1,1.0,visual_verified_same_as_0831_source
20260825-904d5e1e769aa4965856-01,2026-08-25,手机,device,功能机,双小卡老年机批发,双小卡老年机通点,,,点数,11,元/个,参考示例图14/15,image,老年机.jpg,数码网报价单-0825更新/手机相关/老年机.jpg,1,1.0,visual_verified_same_as_0831_source
20260825-11df75324e1bb0be46a1-01,2026-08-25,手机,device,联想,拯救者系列,Rog6,,,开机屏好,400,元/台,,image,联想.jpg,数码网报价单-0825更新/手机相关/联想.jpg,1,1.0,visual_verified_same_as_0831_source
20260825-d19ab545164b58c6032f-01,2026-08-25,手机,device,联想,拯救者系列,Rog6,,,开机屏坏,260,元/台,,image,联想.jpg,数码网报价单-0825更新/手机相关/联想.jpg,1,1.0,visual_verified_same_as_0831_source
20260825-f61b66718d2b77dba6af-01,2026-08-25,手机,device,联想,拯救者系列,Rog6,,,不开机,200,元/台,,image,联想.jpg,数码网报价单-0825更新/手机相关/联想.jpg,1,1.0,visual_verified_same_as_0831_source
20260825-9dee0aad236cfaaf3567-01,2026-08-25,手机,device,联想,拯救者系列,Rog6,,,废板-整机,180,元/台,,image,联想.jpg,数码网报价单-0825更新/手机相关/联想.jpg,1,1.0,visual_verified_same_as_0831_source
20260825-445479886957f8b0d549-01,2026-08-25,手机,device,联想,拯救者系列,拯救者y70,,,开机屏好,180,元/台,,image,联想.jpg,数码网报价单-0825更新/手机相关/联想.jpg,1,1.0,visual_verified_same_as_0831_source
20260825-55964c88cbc99959f1e9-01,2026-08-25,手机,device,联想,拯救者系列,拯救者y70,,,开机屏坏,140,元/台,,image,联想.jpg,数码网报价单-0825更新/手机相关/联想.jpg,1,1.0,visual_verified_same_as_0831_source
20260825-f9d38bac76ed2bf81923-01,2026-08-25,手机,device,联想,拯救者系列,拯救者y70,,,不开机,100,元/台,,image,联想.jpg,数码网报价单-0825更新/手机相关/联想.jpg,1,1.0,visual_verified_same_as_0831_source
20260825-0ef5daa6606c16dfee9a-01,2026-08-25,手机,device,联想,拯救者系列,拯救者y70,,,废板-整机,100,元/台,,image,联想.jpg,数码网报价单-0825更新/手机相关/联想.jpg,1,1.0,visual_verified_same_as_0831_source
20260825-792d1e90ba2154041b53-01,2026-08-25,手机,device,联想,拯救者系列,拯救者y90,,,开机屏好,150,元/台,,image,联想.jpg,数码网报价单-0825更新/手机相关/联想.jpg,1,1.0,visual_verified_same_as_0831_source
20260825-29960f4aa6ad2f96a24d-01,2026-08-25,手机,device,联想,拯救者系列,拯救者y90,,,开机屏坏,130,元/台,,image,联想.jpg,数码网报价单-0825更新/手机相关/联想.jpg,1,1.0,visual_verified_same_as_0831_source
20260825-e70adeadc6f9766afbac-01,2026-08-25,手机,device,联想,拯救者系列,拯救者y90,,,不开机,110,元/台,,image,联想.jpg,数码网报价单-0825更新/手机相关/联想.jpg,1,1.0,visual_verified_same_as_0831_source
20260825-a8083b59ec07cb3a4bdb-01,2026-08-25,手机,device,联想,拯救者系列,拯救者y90,,,废板-整机,100,元/台,,image,联想.jpg,数码网报价单-0825更新/手机相关/联想.jpg,1,1.0,visual_verified_same_as_0831_source
20260825-4ef80d0998e0a79d2ed7-01,2026-08-25,手机,device,联想,拯救者系列,拯救者2Pro,,,开机屏好,150,元/台,,image,联想.jpg,数码网报价单-0825更新/手机相关/联想.jpg,1,1.0,visual_verified_same_as_0831_source
20260825-20de522d25460312caa8-01,2026-08-25,手机,device,联想,拯救者系列,拯救者2Pro,,,开机屏坏,130,元/台,,image,联想.jpg,数码网报价单-0825更新/手机相关/联想.jpg,1,1.0,visual_verified_same_as_0831_source
20260825-657d58ceef7a269ba731-01,2026-08-25,手机,device,联想,拯救者系列,拯救者2Pro,,,不开机,110,元/台,,image,联想.jpg,数码网报价单-0825更新/手机相关/联想.jpg,1,1.0,visual_verified_same_as_0831_source
20260825-e2676c8c3b69ad023a90-01,2026-08-25,手机,device,联想,拯救者系列,拯救者2Pro,,,废板-整机,100,元/台,,image,联想.jpg,数码网报价单-0825更新/手机相关/联想.jpg,1,1.0,visual_verified_same_as_0831_source
20260825-08506a86892576ce53f3-01,2026-08-25,手机,device,联想,拯救者系列,拯救者Pro,,,开机屏好,110,元/台,,image,联想.jpg,数码网报价单-0825更新/手机相关/联想.jpg,1,1.0,visual_verified_same_as_0831_source
20260825-d7db3dc06daa2a36fee0-01,2026-08-25,手机,device,联想,拯救者系列,拯救者Pro,,,开机屏坏,80,元/台,,image,联想.jpg,数码网报价单-0825更新/手机相关/联想.jpg,1,1.0,visual_verified_same_as_0831_source
20260825-13a84e22681783fe430d-01,2026-08-25,手机,device,联想,拯救者系列,拯救者Pro,,,不开机,80,元/台,,image,联想.jpg,数码网报价单-0825更新/手机相关/联想.jpg,1,1.0,visual_verified_same_as_0831_source
20260825-97a663633c07fd4979c9-01,2026-08-25,手机,device,联想,拯救者系列,拯救者Pro,,,废板-整机,30,元/台,,image,联想.jpg,数码网报价单-0825更新/手机相关/联想.jpg,1,1.0,visual_verified_same_as_0831_source
20260825-d0387c8bff8a321cec89-01,2026-08-25,手机,device,联想,S系列,S5pro,,,开机屏好,120,元/台,,image,联想.jpg,数码网报价单-0825更新/手机相关/联想.jpg,1,1.0,visual_verified_same_as_0831_source
20260825-4446f74f6b422dfc57fb-01,2026-08-25,手机,device,联想,S系列,S5pro,,,开机屏坏,120,元/台,,image,联想.jpg,数码网报价单-0825更新/手机相关/联想.jpg,1,1.0,visual_verified_same_as_0831_source
20260825-8c475750f380c7add46c-01,2026-08-25,手机,device,联想,S系列,S5pro,,,不开机,120,元/台,,image,联想.jpg,数码网报价单-0825更新/手机相关/联想.jpg,1,1.0,visual_verified_same_as_0831_source
20260825-e95cf82fd1c79e07e19d-01,2026-08-25,手机,device,联想,S系列,S5pro,,,废板-整机,120,元/台,,image,联想.jpg,数码网报价单-0825更新/手机相关/联想.jpg,1,1.0,visual_verified_same_as_0831_source
20260825-a27426f3eb5475a6f67f-01,2026-08-25,手机,device,联想,S系列,S5,,,开机屏好,60,元/台,,image,联想.jpg,数码网报价单-0825更新/手机相关/联想.jpg,1,1.0,visual_verified_same_as_0831_source
20260825-ebab47fbaad2e07dc946-01,2026-08-25,手机,device,联想,S系列,S5,,,开机屏坏,60,元/台,,image,联想.jpg,数码网报价单-0825更新/手机相关/联想.jpg,1,1.0,visual_verified_same_as_0831_source
20260825-ceaed70e1ce02b0e55f6-01,2026-08-25,手机,device,联想,S系列,S5,,,不开机,60,元/台,,image,联想.jpg,数码网报价单-0825更新/手机相关/联想.jpg,1,1.0,visual_verified_same_as_0831_source
20260825-5cd7a436a7bf0f5af2ac-01,2026-08-25,手机,device,联想,S系列,S5,,,废板-整机,60,元/台,,image,联想.jpg,数码网报价单-0825更新/手机相关/联想.jpg,1,1.0,visual_verified_same_as_0831_source
20260825-7a3fa8006d577ed2f21a-01,2026-08-25,手机,device,联想,S系列,S5pro GT,,,开机屏好,120,元/台,,image,联想.jpg,数码网报价单-0825更新/手机相关/联想.jpg,1,1.0,visual_verified_same_as_0831_source
20260825-7b9c9b647f7dc290f2b6-01,2026-08-25,手机,device,联想,S系列,S5pro GT,,,开机屏坏,120,元/台,,image,联想.jpg,数码网报价单-0825更新/手机相关/联想.jpg,1,1.0,visual_verified_same_as_0831_source
20260825-b751e8c6bf5d35600796-01,2026-08-25,手机,device,联想,S系列,S5pro GT,,,不开机,120,元/台,,image,联想.jpg,数码网报价单-0825更新/手机相关/联想.jpg,1,1.0,visual_verified_same_as_0831_source
20260825-d49d1f97820993dbeb1a-01,2026-08-25,手机,device,联想,S系列,S5pro GT,,,废板-整机,120,元/台,,image,联想.jpg,数码网报价单-0825更新/手机相关/联想.jpg,1,1.0,visual_verified_same_as_0831_source
20260825-4a3e6281e4bb70d0d839-01,2026-08-25,手机,device,联想,S系列,S60,,,开机屏好,20,元/台,,image,联想.jpg,数码网报价单-0825更新/手机相关/联想.jpg,1,1.0,visual_verified_same_as_0831_source
20260825-b5e64ac5c16212f5b703-01,2026-08-25,手机,device,联想,S系列,S60,,,开机屏坏,20,元/台,,image,联想.jpg,数码网报价单-0825更新/手机相关/联想.jpg,1,1.0,visual_verified_same_as_0831_source
20260825-54c46e89881611dca282-01,2026-08-25,手机,device,联想,S系列,S60,,,不开机,20,元/台,,image,联想.jpg,数码网报价单-0825更新/手机相关/联想.jpg,1,1.0,visual_verified_same_as_0831_source
20260825-0f13991d7b884f6137b7-01,2026-08-25,手机,device,联想,S系列,S60,,,废板-整机,20,元/台,,image,联想.jpg,数码网报价单-0825更新/手机相关/联想.jpg,1,1.0,visual_verified_same_as_0831_source
20260825-17d42b007c8d142c2989-01,2026-08-25,手机,device,联想,S系列,S850,,,开机屏好,20,元/台,,image,联想.jpg,数码网报价单-0825更新/手机相关/联想.jpg,1,1.0,visual_verified_same_as_0831_source
20260825-a6fb258a4f96b7314674-01,2026-08-25,手机,device,联想,S系列,S850,,,开机屏坏,20,元/台,,image,联想.jpg,数码网报价单-0825更新/手机相关/联想.jpg,1,1.0,visual_verified_same_as_0831_source
20260825-2e9fb94eba302c48aaa4-01,2026-08-25,手机,device,联想,S系列,S850,,,不开机,20,元/台,,image,联想.jpg,数码网报价单-0825更新/手机相关/联想.jpg,1,1.0,visual_verified_same_as_0831_source
20260825-50dc576f821b7a134e79-01,2026-08-25,手机,device,联想,S系列,S850,,,废板-整机,20,元/台,,image,联想.jpg,数码网报价单-0825更新/手机相关/联想.jpg,1,1.0,visual_verified_same_as_0831_source
20260825-0bc07b91a12ebe416c2e-01,2026-08-25,手机,device,联想,S系列,S90,,,开机屏好,20,元/台,,image,联想.jpg,数码网报价单-0825更新/手机相关/联想.jpg,1,1.0,visual_verified_same_as_0831_source
20260825-39966ed6adfa267ebb36-01,2026-08-25,手机,device,联想,S系列,S90,,,开机屏坏,20,元/台,,image,联想.jpg,数码网报价单-0825更新/手机相关/联想.jpg,1,1.0,visual_verified_same_as_0831_source
20260825-4e0025a0d2b9f5d436c2-01,2026-08-25,手机,device,联想,S系列,S90,,,不开机,20,元/台,,image,联想.jpg,数码网报价单-0825更新/手机相关/联想.jpg,1,1.0,visual_verified_same_as_0831_source
20260825-794ac4e07c287b093a60-01,2026-08-25,手机,device,联想,S系列,S90,,,废板-整机,20,元/台,,image,联想.jpg,数码网报价单-0825更新/手机相关/联想.jpg,1,1.0,visual_verified_same_as_0831_source
20260825-8c1a0384618c35bb4c3a-01,2026-08-25,手机,device,联想,S系列,S810t,,,开机屏好,10,元/台,,image,联想.jpg,数码网报价单-0825更新/手机相关/联想.jpg,1,1.0,visual_verified_same_as_0831_source
20260825-2bf66bf5785200cae299-01,2026-08-25,手机,device,联想,S系列,S810t,,,开机屏坏,10,元/台,,image,联想.jpg,数码网报价单-0825更新/手机相关/联想.jpg,1,1.0,visual_verified_same_as_0831_source
20260825-4a5c4b94fc3fc2d059da-01,2026-08-25,手机,device,联想,S系列,S810t,,,不开机,10,元/台,,image,联想.jpg,数码网报价单-0825更新/手机相关/联想.jpg,1,1.0,visual_verified_same_as_0831_source
20260825-02ef34653c217a1a4cd7-01,2026-08-25,手机,device,联想,S系列,S810t,,,废板-整机,10,元/台,,image,联想.jpg,数码网报价单-0825更新/手机相关/联想.jpg,1,1.0,visual_verified_same_as_0831_source
20260825-a3c4d5c65587ad80ea64-01,2026-08-25,手机,device,联想,S系列,S960,,,开机屏好,23,元/台,,image,联想.jpg,数码网报价单-0825更新/手机相关/联想.jpg,1,1.0,visual_verified_same_as_0831_source
20260825-ca748fd29767c43b34fc-01,2026-08-25,手机,device,联想,S系列,S960,,,开机屏坏,23,元/台,,image,联想.jpg,数码网报价单-0825更新/手机相关/联想.jpg,1,1.0,visual_verified_same_as_0831_source
20260825-b285058fd9163a4e0391-01,2026-08-25,手机,device,联想,S系列,S960,,,不开机,23,元/台,,image,联想.jpg,数码网报价单-0825更新/手机相关/联想.jpg,1,1.0,visual_verified_same_as_0831_source
20260825-afbbd2f5ad19c1346b02-01,2026-08-25,手机,device,联想,S系列,S960,,,废板-整机,23,元/台,,image,联想.jpg,数码网报价单-0825更新/手机相关/联想.jpg,1,1.0,visual_verified_same_as_0831_source
20260825-8e5077c0ef8140f5be70-01,2026-08-25,手机,device,联想,S系列,S938t,,,开机屏好,10,元/台,,image,联想.jpg,数码网报价单-0825更新/手机相关/联想.jpg,1,1.0,visual_verified_same_as_0831_source
20260825-3586e35ca2b28dfdbd41-01,2026-08-25,手机,device,联想,S系列,S938t,,,开机屏坏,10,元/台,,image,联想.jpg,数码网报价单-0825更新/手机相关/联想.jpg,1,1.0,visual_verified_same_as_0831_source
20260825-224fda84be66645ecc24-01,2026-08-25,手机,device,联想,S系列,S938t,,,不开机,10,元/台,,image,联想.jpg,数码网报价单-0825更新/手机相关/联想.jpg,1,1.0,visual_verified_same_as_0831_source
20260825-bb2d7b32fa38a084f93f-01,2026-08-25,手机,device,联想,S系列,S938t,,,废板-整机,10,元/台,,image,联想.jpg,数码网报价单-0825更新/手机相关/联想.jpg,1,1.0,visual_verified_same_as_0831_source
20260825-6eab111371993765c973-01,2026-08-25,手机,device,联想,S系列,S930,,,开机屏好,10,元/台,,image,联想.jpg,数码网报价单-0825更新/手机相关/联想.jpg,1,1.0,visual_verified_same_as_0831_source
20260825-05f6ccc9d0e030e7b483-01,2026-08-25,手机,device,联想,S系列,S930,,,开机屏坏,10,元/台,,image,联想.jpg,数码网报价单-0825更新/手机相关/联想.jpg,1,1.0,visual_verified_same_as_0831_source
20260825-2183e8dc3827c8b86eaa-01,2026-08-25,手机,device,联想,S系列,S930,,,不开机,10,元/台,,image,联想.jpg,数码网报价单-0825更新/手机相关/联想.jpg,1,1.0,visual_verified_same_as_0831_source
20260825-e308e3282cb07b97337f-01,2026-08-25,手机,device,联想,S系列,S930,,,废板-整机,10,元/台,,image,联想.jpg,数码网报价单-0825更新/手机相关/联想.jpg,1,1.0,visual_verified_same_as_0831_source
20260825-95c1b092a3404af8c697-01,2026-08-25,手机,device,联想,S系列,S920,,,开机屏好,10,元/台,,image,联想.jpg,数码网报价单-0825更新/手机相关/联想.jpg,1,1.0,visual_verified_same_as_0831_source
20260825-50c14c5132b8026a8601-01,2026-08-25,手机,device,联想,S系列,S920,,,开机屏坏,10,元/台,,image,联想.jpg,数码网报价单-0825更新/手机相关/联想.jpg,1,1.0,visual_verified_same_as_0831_source
20260825-5b5aa72a55a1c0ebedd7-01,2026-08-25,手机,device,联想,S系列,S920,,,不开机,10,元/台,,image,联想.jpg,数码网报价单-0825更新/手机相关/联想.jpg,1,1.0,visual_verified_same_as_0831_source
20260825-e3efdb507108dbde24b5-01,2026-08-25,手机,device,联想,S系列,S920,,,废板-整机,10,元/台,,image,联想.jpg,数码网报价单-0825更新/手机相关/联想.jpg,1,1.0,visual_verified_same_as_0831_source
20260825-690b4ac0fc159abf5e67-01,2026-08-25,手机,device,联想,S系列,S898t,,,开机屏好,10,元/台,,image,联想.jpg,数码网报价单-0825更新/手机相关/联想.jpg,1,1.0,visual_verified_same_as_0831_source
20260825-0348354589061bb2a44c-01,2026-08-25,手机,device,联想,S系列,S898t,,,开机屏坏,10,元/台,,image,联想.jpg,数码网报价单-0825更新/手机相关/联想.jpg,1,1.0,visual_verified_same_as_0831_source
20260825-f3937fbbbbd6afe0981f-01,2026-08-25,手机,device,联想,S系列,S898t,,,不开机,10,元/台,,image,联想.jpg,数码网报价单-0825更新/手机相关/联想.jpg,1,1.0,visual_verified_same_as_0831_source
20260825-e83477ebe82c5232d020-01,2026-08-25,手机,device,联想,S系列,S898t,,,废板-整机,10,元/台,,image,联想.jpg,数码网报价单-0825更新/手机相关/联想.jpg,1,1.0,visual_verified_same_as_0831_source
20260825-8d04e6af9b4a43637ef5-01,2026-08-25,手机,device,联想,S系列,S890,,,开机屏好,10,元/台,,image,联想.jpg,数码网报价单-0825更新/手机相关/联想.jpg,1,1.0,visual_verified_same_as_0831_source
20260825-c35c1d46d3c8b924a03b-01,2026-08-25,手机,device,联想,S系列,S890,,,开机屏坏,10,元/台,,image,联想.jpg,数码网报价单-0825更新/手机相关/联想.jpg,1,1.0,visual_verified_same_as_0831_source
20260825-ba0915a8d83c388f8077-01,2026-08-25,手机,device,联想,S系列,S890,,,不开机,10,元/台,,image,联想.jpg,数码网报价单-0825更新/手机相关/联想.jpg,1,1.0,visual_verified_same_as_0831_source
20260825-4e56e2f42426ef558750-01,2026-08-25,手机,device,联想,S系列,S890,,,废板-整机,10,元/台,,image,联想.jpg,数码网报价单-0825更新/手机相关/联想.jpg,1,1.0,visual_verified_same_as_0831_source
20260825-72519c64e14caf8e9df2-01,2026-08-25,手机,device,联想,S系列,S868,,,开机屏好,10,元/台,,image,联想.jpg,数码网报价单-0825更新/手机相关/联想.jpg,1,1.0,visual_verified_same_as_0831_source
20260825-05f7a5ef2dd84f576aa9-01,2026-08-25,手机,device,联想,S系列,S868,,,开机屏坏,10,元/台,,image,联想.jpg,数码网报价单-0825更新/手机相关/联想.jpg,1,1.0,visual_verified_same_as_0831_source
20260825-ab4492c68525accc0ed5-01,2026-08-25,手机,device,联想,S系列,S868,,,不开机,10,元/台,,image,联想.jpg,数码网报价单-0825更新/手机相关/联想.jpg,1,1.0,visual_verified_same_as_0831_source
20260825-4d418fde0954a461b1aa-01,2026-08-25,手机,device,联想,S系列,S868,,,废板-整机,10,元/台,,image,联想.jpg,数码网报价单-0825更新/手机相关/联想.jpg,1,1.0,visual_verified_same_as_0831_source
20260825-54c49d79b94e0c8feca7-01,2026-08-25,手机,device,联想,S系列,S860,,,开机屏好,10,元/台,,image,联想.jpg,数码网报价单-0825更新/手机相关/联想.jpg,1,1.0,visual_verified_same_as_0831_source
20260825-b3adb7d8dd89d1e3c8d9-01,2026-08-25,手机,device,联想,S系列,S860,,,开机屏坏,10,元/台,,image,联想.jpg,数码网报价单-0825更新/手机相关/联想.jpg,1,1.0,visual_verified_same_as_0831_source
20260825-9435fd3b2a16a6250f1a-01,2026-08-25,手机,device,联想,S系列,S860,,,不开机,10,元/台,,image,联想.jpg,数码网报价单-0825更新/手机相关/联想.jpg,1,1.0,visual_verified_same_as_0831_source
20260825-b0009d7a9f8b52a6b0b0-01,2026-08-25,手机,device,联想,S系列,S860,,,废板-整机,10,元/台,,image,联想.jpg,数码网报价单-0825更新/手机相关/联想.jpg,1,1.0,visual_verified_same_as_0831_source
20260825-a21914e9e020793ca3dc-01,2026-08-25,手机,device,联想,S系列,S658,,,开机屏好,10,元/台,,image,联想.jpg,数码网报价单-0825更新/手机相关/联想.jpg,1,1.0,visual_verified_same_as_0831_source
20260825-9acb4451f9d535028324-01,2026-08-25,手机,device,联想,S系列,S658,,,开机屏坏,10,元/台,,image,联想.jpg,数码网报价单-0825更新/手机相关/联想.jpg,1,1.0,visual_verified_same_as_0831_source
20260825-d6311b3d4558d63348ab-01,2026-08-25,手机,device,联想,S系列,S658,,,不开机,10,元/台,,image,联想.jpg,数码网报价单-0825更新/手机相关/联想.jpg,1,1.0,visual_verified_same_as_0831_source
20260825-ad715c810e8c09698d8a-01,2026-08-25,手机,device,联想,S系列,S658,,,废板-整机,10,元/台,,image,联想.jpg,数码网报价单-0825更新/手机相关/联想.jpg,1,1.0,visual_verified_same_as_0831_source
20260825-0542c379cb790a909e15-01,2026-08-25,手机,device,联想,K系列,K5 Pro,,,开机屏好,120,元/台,,image,联想.jpg,数码网报价单-0825更新/手机相关/联想.jpg,1,1.0,visual_verified_same_as_0831_source
20260825-91ac38a1bfa084aad217-01,2026-08-25,手机,device,联想,K系列,K5 Pro,,,开机屏坏,120,元/台,,image,联想.jpg,数码网报价单-0825更新/手机相关/联想.jpg,1,1.0,visual_verified_same_as_0831_source
20260825-f4aaa0a96efce5860b9a-01,2026-08-25,手机,device,联想,K系列,K5 Pro,,,不开机,120,元/台,,image,联想.jpg,数码网报价单-0825更新/手机相关/联想.jpg,1,1.0,visual_verified_same_as_0831_source
20260825-243004102af8f83c30ab-01,2026-08-25,手机,device,联想,K系列,K5 Pro,,,废板-整机,120,元/台,,image,联想.jpg,数码网报价单-0825更新/手机相关/联想.jpg,1,1.0,visual_verified_same_as_0831_source
20260825-515e456b21d2bb296beb-01,2026-08-25,手机,device,联想,K系列,K8 note,,,开机屏好,20,元/台,,image,联想.jpg,数码网报价单-0825更新/手机相关/联想.jpg,1,1.0,visual_verified_same_as_0831_source
20260825-ac73d944653a6746aec5-01,2026-08-25,手机,device,联想,K系列,K8 note,,,开机屏坏,20,元/台,,image,联想.jpg,数码网报价单-0825更新/手机相关/联想.jpg,1,1.0,visual_verified_same_as_0831_source
20260825-0ff11ac1b5096fe2af8a-01,2026-08-25,手机,device,联想,K系列,K8 note,,,不开机,20,元/台,,image,联想.jpg,数码网报价单-0825更新/手机相关/联想.jpg,1,1.0,visual_verified_same_as_0831_source
20260825-f2cdd1c5f800d8f3ecb2-01,2026-08-25,手机,device,联想,K系列,K8 note,,,废板-整机,20,元/台,,image,联想.jpg,数码网报价单-0825更新/手机相关/联想.jpg,1,1.0,visual_verified_same_as_0831_source
20260825-2f88160538758534d127-01,2026-08-25,手机,device,联想,K系列,K12 pro,,,开机屏好,60,元/台,,image,联想.jpg,数码网报价单-0825更新/手机相关/联想.jpg,1,1.0,visual_verified_same_as_0831_source
20260825-45164127860b6ffe25b3-01,2026-08-25,手机,device,联想,K系列,K12 pro,,,开机屏坏,60,元/台,,image,联想.jpg,数码网报价单-0825更新/手机相关/联想.jpg,1,1.0,visual_verified_same_as_0831_source
20260825-ab5ef0c1ba113786b623-01,2026-08-25,手机,device,联想,K系列,K12 pro,,,不开机,60,元/台,,image,联想.jpg,数码网报价单-0825更新/手机相关/联想.jpg,1,1.0,visual_verified_same_as_0831_source
20260825-9b85607dafd99c4c5cc7-01,2026-08-25,手机,device,联想,K系列,K12 pro,,,废板-整机,60,元/台,,image,联想.jpg,数码网报价单-0825更新/手机相关/联想.jpg,1,1.0,visual_verified_same_as_0831_source
20260825-be1d0df2d1e4879b769f-01,2026-08-25,手机,device,联想,K系列,K52t38,,,开机屏好,20,元/台,,image,联想.jpg,数码网报价单-0825更新/手机相关/联想.jpg,1,1.0,visual_verified_same_as_0831_source
20260825-93aceb950277a16c6af8-01,2026-08-25,手机,device,联想,K系列,K52t38,,,开机屏坏,20,元/台,,image,联想.jpg,数码网报价单-0825更新/手机相关/联想.jpg,1,1.0,visual_verified_same_as_0831_source
20260825-33987ea94e8ba25bc7da-01,2026-08-25,手机,device,联想,K系列,K52t38,,,不开机,20,元/台,,image,联想.jpg,数码网报价单-0825更新/手机相关/联想.jpg,1,1.0,visual_verified_same_as_0831_source
20260825-b490f85d88aeeced6452-01,2026-08-25,手机,device,联想,K系列,K52t38,,,废板-整机,20,元/台,,image,联想.jpg,数码网报价单-0825更新/手机相关/联想.jpg,1,1.0,visual_verified_same_as_0831_source
20260825-8d5ffa1335580adca274-01,2026-08-25,手机,device,联想,K系列,K5 Play,,,开机屏好,60,元/台,,image,联想.jpg,数码网报价单-0825更新/手机相关/联想.jpg,1,1.0,visual_verified_same_as_0831_source
20260825-ee40a342ae9d2b5d1b6a-01,2026-08-25,手机,device,联想,K系列,K5 Play,,,开机屏坏,60,元/台,,image,联想.jpg,数码网报价单-0825更新/手机相关/联想.jpg,1,1.0,visual_verified_same_as_0831_source
20260825-b427d0fd0afbfa93c238-01,2026-08-25,手机,device,联想,K系列,K5 Play,,,不开机,60,元/台,,image,联想.jpg,数码网报价单-0825更新/手机相关/联想.jpg,1,1.0,visual_verified_same_as_0831_source
20260825-cd1a27468bc7e9d50bc3-01,2026-08-25,手机,device,联想,K系列,K5 Play,,,废板-整机,60,元/台,,image,联想.jpg,数码网报价单-0825更新/手机相关/联想.jpg,1,1.0,visual_verified_same_as_0831_source
20260825-35835d42378f8ec53968-01,2026-08-25,手机,device,联想,K系列,K5 Note,,,开机屏好,60,元/台,,image,联想.jpg,数码网报价单-0825更新/手机相关/联想.jpg,1,1.0,visual_verified_same_as_0831_source
20260825-40a605addac6b268d4c1-01,2026-08-25,手机,device,联想,K系列,K5 Note,,,开机屏坏,60,元/台,,image,联想.jpg,数码网报价单-0825更新/手机相关/联想.jpg,1,1.0,visual_verified_same_as_0831_source
20260825-5c2d4708334ece8a9560-01,2026-08-25,手机,device,联想,K系列,K5 Note,,,不开机,60,元/台,,image,联想.jpg,数码网报价单-0825更新/手机相关/联想.jpg,1,1.0,visual_verified_same_as_0831_source
20260825-a3ac3f4e8810671a89b2-01,2026-08-25,手机,device,联想,K系列,K5 Note,,,废板-整机,60,元/台,,image,联想.jpg,数码网报价单-0825更新/手机相关/联想.jpg,1,1.0,visual_verified_same_as_0831_source
20260825-42374ed3405ced296603-01,2026-08-25,手机,device,联想,K系列,k350,,,开机屏好,60,元/台,,image,联想.jpg,数码网报价单-0825更新/手机相关/联想.jpg,1,1.0,visual_verified_same_as_0831_source
20260825-3dd3ec7ff3f72177c5e5-01,2026-08-25,手机,device,联想,K系列,k350,,,开机屏坏,60,元/台,,image,联想.jpg,数码网报价单-0825更新/手机相关/联想.jpg,1,1.0,visual_verified_same_as_0831_source
20260825-245daa2c80364a50df79-01,2026-08-25,手机,device,联想,K系列,k350,,,不开机,60,元/台,,image,联想.jpg,数码网报价单-0825更新/手机相关/联想.jpg,1,1.0,visual_verified_same_as_0831_source
20260825-2bdcca0418dfb54318bb-01,2026-08-25,手机,device,联想,K系列,k350,,,废板-整机,60,元/台,,image,联想.jpg,数码网报价单-0825更新/手机相关/联想.jpg,1,1.0,visual_verified_same_as_0831_source
20260825-70d4468440326a74dc86-01,2026-08-25,手机,device,联想,K系列,K320,,,开机屏好,20,元/台,,image,联想.jpg,数码网报价单-0825更新/手机相关/联想.jpg,1,1.0,visual_verified_same_as_0831_source
20260825-8f60b7fcc207d8913377-01,2026-08-25,手机,device,联想,K系列,K320,,,开机屏坏,20,元/台,,image,联想.jpg,数码网报价单-0825更新/手机相关/联想.jpg,1,1.0,visual_verified_same_as_0831_source
20260825-a5db9ba7e14b4d68aa06-01,2026-08-25,手机,device,联想,K系列,K320,,,不开机,20,元/台,,image,联想.jpg,数码网报价单-0825更新/手机相关/联想.jpg,1,1.0,visual_verified_same_as_0831_source
20260825-3227cf3289140278cc2e-01,2026-08-25,手机,device,联想,K系列,K320,,,废板-整机,20,元/台,,image,联想.jpg,数码网报价单-0825更新/手机相关/联想.jpg,1,1.0,visual_verified_same_as_0831_source
20260825-8336cf9d8434776011ce-01,2026-08-25,手机,device,联想,K系列,K51c78,,,开机屏好,20,元/台,,image,联想.jpg,数码网报价单-0825更新/手机相关/联想.jpg,1,1.0,visual_verified_same_as_0831_source
20260825-24fd19b3368e4e7163ed-01,2026-08-25,手机,device,联想,K系列,K51c78,,,开机屏坏,20,元/台,,image,联想.jpg,数码网报价单-0825更新/手机相关/联想.jpg,1,1.0,visual_verified_same_as_0831_source
20260825-812bc49c821e90c9d749-01,2026-08-25,手机,device,联想,K系列,K51c78,,,不开机,20,元/台,,image,联想.jpg,数码网报价单-0825更新/手机相关/联想.jpg,1,1.0,visual_verified_same_as_0831_source
20260825-1a264f4c1adc9ed5f62e-01,2026-08-25,手机,device,联想,K系列,K51c78,,,废板-整机,20,元/台,,image,联想.jpg,数码网报价单-0825更新/手机相关/联想.jpg,1,1.0,visual_verified_same_as_0831_source
20260825-ca3b0fbbd23b59533f0e-01,2026-08-25,手机,device,联想,K系列,K50-t5,,,开机屏好,18,元/台,,image,联想.jpg,数码网报价单-0825更新/手机相关/联想.jpg,1,1.0,visual_verified_same_as_0831_source
20260825-3c83e8e93f50a26bf10e-01,2026-08-25,手机,device,联想,K系列,K50-t5,,,开机屏坏,18,元/台,,image,联想.jpg,数码网报价单-0825更新/手机相关/联想.jpg,1,1.0,visual_verified_same_as_0831_source
20260825-49217f41d6989cacb363-01,2026-08-25,手机,device,联想,K系列,K50-t5,,,不开机,18,元/台,,image,联想.jpg,数码网报价单-0825更新/手机相关/联想.jpg,1,1.0,visual_verified_same_as_0831_source
20260825-b677d321120f847c13e6-01,2026-08-25,手机,device,联想,K系列,K50-t5,,,废板-整机,18,元/台,,image,联想.jpg,数码网报价单-0825更新/手机相关/联想.jpg,1,1.0,visual_verified_same_as_0831_source
20260825-cccce85f192342f3e1d7-01,2026-08-25,手机,device,联想,K系列,K31-t3,,,开机屏好,18,元/台,,image,联想.jpg,数码网报价单-0825更新/手机相关/联想.jpg,1,1.0,visual_verified_same_as_0831_source
20260825-6c483715f419d3de9ce0-01,2026-08-25,手机,device,联想,K系列,K31-t3,,,开机屏坏,18,元/台,,image,联想.jpg,数码网报价单-0825更新/手机相关/联想.jpg,1,1.0,visual_verified_same_as_0831_source
20260825-51568727904ab714cc8d-01,2026-08-25,手机,device,联想,K系列,K31-t3,,,不开机,18,元/台,,image,联想.jpg,数码网报价单-0825更新/手机相关/联想.jpg,1,1.0,visual_verified_same_as_0831_source
20260825-1036ab78591fd2cd6aa9-01,2026-08-25,手机,device,联想,K系列,K31-t3,,,废板-整机,18,元/台,,image,联想.jpg,数码网报价单-0825更新/手机相关/联想.jpg,1,1.0,visual_verified_same_as_0831_source
20260825-9609f5466dfdf344c693-01,2026-08-25,手机,device,联想,K系列,K80,,,开机屏好,20,元/台,,image,联想.jpg,数码网报价单-0825更新/手机相关/联想.jpg,1,1.0,visual_verified_same_as_0831_source
20260825-326c309b717ed1c5b89c-01,2026-08-25,手机,device,联想,K系列,K80,,,开机屏坏,20,元/台,,image,联想.jpg,数码网报价单-0825更新/手机相关/联想.jpg,1,1.0,visual_verified_same_as_0831_source
20260825-5cc1b5177e745755b67a-01,2026-08-25,手机,device,联想,K系列,K80,,,不开机,20,元/台,,image,联想.jpg,数码网报价单-0825更新/手机相关/联想.jpg,1,1.0,visual_verified_same_as_0831_source
20260825-a4eac98a4faaba268206-01,2026-08-25,手机,device,联想,K系列,K80,,,废板-整机,20,元/台,,image,联想.jpg,数码网报价单-0825更新/手机相关/联想.jpg,1,1.0,visual_verified_same_as_0831_source
20260825-2966814083447ec4bccd-01,2026-08-25,手机,device,联想,K系列,K30-t,,,开机屏好,18,元/台,,image,联想.jpg,数码网报价单-0825更新/手机相关/联想.jpg,1,1.0,visual_verified_same_as_0831_source
20260825-4207bd21e9237513b92d-01,2026-08-25,手机,device,联想,K系列,K30-t,,,开机屏坏,18,元/台,,image,联想.jpg,数码网报价单-0825更新/手机相关/联想.jpg,1,1.0,visual_verified_same_as_0831_source
20260825-3b492780e6c7e838c1fd-01,2026-08-25,手机,device,联想,K系列,K30-t,,,不开机,18,元/台,,image,联想.jpg,数码网报价单-0825更新/手机相关/联想.jpg,1,1.0,visual_verified_same_as_0831_source
20260825-7e0d3c2d9b6ab7784340-01,2026-08-25,手机,device,联想,K系列,K30-t,,,废板-整机,18,元/台,,image,联想.jpg,数码网报价单-0825更新/手机相关/联想.jpg,1,1.0,visual_verified_same_as_0831_source
20260825-ac7a634bd3701f6a7fdc-01,2026-08-25,手机,device,联想,K系列,K920,,,开机屏好,20,元/台,,image,联想.jpg,数码网报价单-0825更新/手机相关/联想.jpg,1,1.0,visual_verified_same_as_0831_source
20260825-b8b6f6dcbba46a99e4cd-01,2026-08-25,手机,device,联想,K系列,K920,,,开机屏坏,20,元/台,,image,联想.jpg,数码网报价单-0825更新/手机相关/联想.jpg,1,1.0,visual_verified_same_as_0831_source
20260825-4b5c185dee1342875d31-01,2026-08-25,手机,device,联想,K系列,K920,,,不开机,20,元/台,,image,联想.jpg,数码网报价单-0825更新/手机相关/联想.jpg,1,1.0,visual_verified_same_as_0831_source
20260825-8f5792444872f8f075f1-01,2026-08-25,手机,device,联想,K系列,K920,,,废板-整机,20,元/台,,image,联想.jpg,数码网报价单-0825更新/手机相关/联想.jpg,1,1.0,visual_verified_same_as_0831_source
20260825-c56045a40fe96f6b1292-01,2026-08-25,手机,device,联想,K系列,K910,,,开机屏好,20,元/台,,image,联想.jpg,数码网报价单-0825更新/手机相关/联想.jpg,1,1.0,visual_verified_same_as_0831_source
20260825-3e7a6b0eba73751fe8bc-01,2026-08-25,手机,device,联想,K系列,K910,,,开机屏坏,20,元/台,,image,联想.jpg,数码网报价单-0825更新/手机相关/联想.jpg,1,1.0,visual_verified_same_as_0831_source
20260825-67c2c7e46b6653147ad2-01,2026-08-25,手机,device,联想,K系列,K910,,,不开机,20,元/台,,image,联想.jpg,数码网报价单-0825更新/手机相关/联想.jpg,1,1.0,visual_verified_same_as_0831_source
20260825-0cc3bf0f8bbdfcdbf3d6-01,2026-08-25,手机,device,联想,K系列,K910,,,废板-整机,20,元/台,,image,联想.jpg,数码网报价单-0825更新/手机相关/联想.jpg,1,1.0,visual_verified_same_as_0831_source
20260825-fb8f18d9cdeadae1b6de-01,2026-08-25,手机,device,联想,K系列,K900,,,开机屏好,20,元/台,,image,联想.jpg,数码网报价单-0825更新/手机相关/联想.jpg,1,1.0,visual_verified_same_as_0831_source
20260825-9ca899d9d71d83cca937-01,2026-08-25,手机,device,联想,K系列,K900,,,开机屏坏,20,元/台,,image,联想.jpg,数码网报价单-0825更新/手机相关/联想.jpg,1,1.0,visual_verified_same_as_0831_source
20260825-dccb7076efadc8bbe7be-01,2026-08-25,手机,device,联想,K系列,K900,,,不开机,20,元/台,,image,联想.jpg,数码网报价单-0825更新/手机相关/联想.jpg,1,1.0,visual_verified_same_as_0831_source
20260825-60027604d71e38a10436-01,2026-08-25,手机,device,联想,K系列,K900,,,废板-整机,20,元/台,,image,联想.jpg,数码网报价单-0825更新/手机相关/联想.jpg,1,1.0,visual_verified_same_as_0831_source
20260825-ed471d1fc90c631696cb-01,2026-08-25,手机,device,联想,K系列,K32c36,,,开机屏好,18,元/台,,image,联想.jpg,数码网报价单-0825更新/手机相关/联想.jpg,1,1.0,visual_verified_same_as_0831_source
20260825-f83d130cde5b315edab4-01,2026-08-25,手机,device,联想,K系列,K32c36,,,开机屏坏,18,元/台,,image,联想.jpg,数码网报价单-0825更新/手机相关/联想.jpg,1,1.0,visual_verified_same_as_0831_source
20260825-23dac878e7a3b53830ae-01,2026-08-25,手机,device,联想,K系列,K32c36,,,不开机,18,元/台,,image,联想.jpg,数码网报价单-0825更新/手机相关/联想.jpg,1,1.0,visual_verified_same_as_0831_source
20260825-dca83de9423fc61bf8f7-01,2026-08-25,手机,device,联想,K系列,K32c36,,,废板-整机,18,元/台,,image,联想.jpg,数码网报价单-0825更新/手机相关/联想.jpg,1,1.0,visual_verified_same_as_0831_source
20260825-7418ab9377e7fe6ff487-01,2026-08-25,手机,device,联想,K系列,K10e70,,,开机屏好,15,元/台,,image,联想.jpg,数码网报价单-0825更新/手机相关/联想.jpg,1,1.0,visual_verified_same_as_0831_source
20260825-411bdcbb3fe4718ee8a4-01,2026-08-25,手机,device,联想,K系列,K10e70,,,开机屏坏,15,元/台,,image,联想.jpg,数码网报价单-0825更新/手机相关/联想.jpg,1,1.0,visual_verified_same_as_0831_source
20260825-efd85fa04e7b4c00a8c0-01,2026-08-25,手机,device,联想,K系列,K10e70,,,不开机,15,元/台,,image,联想.jpg,数码网报价单-0825更新/手机相关/联想.jpg,1,1.0,visual_verified_same_as_0831_source
20260825-1ac4b675c81274bf3c83-01,2026-08-25,手机,device,联想,K系列,K10e70,,,废板-整机,15,元/台,,image,联想.jpg,数码网报价单-0825更新/手机相关/联想.jpg,1,1.0,visual_verified_same_as_0831_source
20260825-636a26d8247493af92fe-01,2026-08-25,手机,device,联想,K系列,K860,,,开机屏好,10,元/台,,image,联想.jpg,数码网报价单-0825更新/手机相关/联想.jpg,1,1.0,visual_verified_same_as_0831_source
20260825-e6c2b4312da9b4cdc948-01,2026-08-25,手机,device,联想,K系列,K860,,,开机屏坏,10,元/台,,image,联想.jpg,数码网报价单-0825更新/手机相关/联想.jpg,1,1.0,visual_verified_same_as_0831_source
20260825-43dd31a66331e52bdd6b-01,2026-08-25,手机,device,联想,K系列,K860,,,不开机,10,元/台,,image,联想.jpg,数码网报价单-0825更新/手机相关/联想.jpg,1,1.0,visual_verified_same_as_0831_source
20260825-7cd6ed585797476501b7-01,2026-08-25,手机,device,联想,K系列,K860,,,废板-整机,10,元/台,,image,联想.jpg,数码网报价单-0825更新/手机相关/联想.jpg,1,1.0,visual_verified_same_as_0831_source
20260825-4480d9e2651e1373236c-01,2026-08-25,手机,device,联想,A系列,A5,,,开机屏好,20,元/台,,image,联想.jpg,数码网报价单-0825更新/手机相关/联想.jpg,1,1.0,visual_verified_same_as_0831_source
20260825-33e8d155c4975dfdc7a8-01,2026-08-25,手机,device,联想,A系列,A5,,,开机屏坏,20,元/台,,image,联想.jpg,数码网报价单-0825更新/手机相关/联想.jpg,1,1.0,visual_verified_same_as_0831_source
20260825-f310013e9ea4798017dd-01,2026-08-25,手机,device,联想,A系列,A5,,,不开机,20,元/台,,image,联想.jpg,数码网报价单-0825更新/手机相关/联想.jpg,1,1.0,visual_verified_same_as_0831_source
20260825-bfb762cec61dccb0918e-01,2026-08-25,手机,device,联想,A系列,A5,,,废板-整机,20,元/台,,image,联想.jpg,数码网报价单-0825更新/手机相关/联想.jpg,1,1.0,visual_verified_same_as_0831_source
20260825-e26dba6e281d97f5eb50-01,2026-08-25,手机,device,联想,A系列,A6800,,,开机屏好,20,元/台,,image,联想.jpg,数码网报价单-0825更新/手机相关/联想.jpg,1,1.0,visual_verified_same_as_0831_source
20260825-9afcf9058a371737aff0-01,2026-08-25,手机,device,联想,A系列,A6800,,,开机屏坏,20,元/台,,image,联想.jpg,数码网报价单-0825更新/手机相关/联想.jpg,1,1.0,visual_verified_same_as_0831_source
20260825-8bef0674cfff8fd54f27-01,2026-08-25,手机,device,联想,A系列,A6800,,,不开机,20,元/台,,image,联想.jpg,数码网报价单-0825更新/手机相关/联想.jpg,1,1.0,visual_verified_same_as_0831_source
20260825-58db926e7341dda0f5d5-01,2026-08-25,手机,device,联想,A系列,A6800,,,废板-整机,20,元/台,,image,联想.jpg,数码网报价单-0825更新/手机相关/联想.jpg,1,1.0,visual_verified_same_as_0831_source
20260825-b539937c9313ffca4762-01,2026-08-25,手机,device,联想,A系列,A938/A936,,,开机屏好,10,元/台,,image,联想.jpg,数码网报价单-0825更新/手机相关/联想.jpg,1,1.0,visual_verified_same_as_0831_source
20260825-547f301d222cb150dba8-01,2026-08-25,手机,device,联想,A系列,A938/A936,,,开机屏坏,10,元/台,,image,联想.jpg,数码网报价单-0825更新/手机相关/联想.jpg,1,1.0,visual_verified_same_as_0831_source
20260825-4569a8efe343682c23b4-01,2026-08-25,手机,device,联想,A系列,A938/A936,,,不开机,10,元/台,,image,联想.jpg,数码网报价单-0825更新/手机相关/联想.jpg,1,1.0,visual_verified_same_as_0831_source
20260825-2146ac6a604ab1361cb9-01,2026-08-25,手机,device,联想,A系列,A938/A936,,,废板-整机,10,元/台,,image,联想.jpg,数码网报价单-0825更新/手机相关/联想.jpg,1,1.0,visual_verified_same_as_0831_source
20260825-d573812dad3402945ea8-01,2026-08-25,手机,device,联想,A系列,A808t,,,开机屏好,18,元/台,,image,联想.jpg,数码网报价单-0825更新/手机相关/联想.jpg,1,1.0,visual_verified_same_as_0831_source
20260825-5b369864baf521971e4d-01,2026-08-25,手机,device,联想,A系列,A808t,,,开机屏坏,18,元/台,,image,联想.jpg,数码网报价单-0825更新/手机相关/联想.jpg,1,1.0,visual_verified_same_as_0831_source
20260825-f2cca72d48e9e4097eb2-01,2026-08-25,手机,device,联想,A系列,A808t,,,不开机,18,元/台,,image,联想.jpg,数码网报价单-0825更新/手机相关/联想.jpg,1,1.0,visual_verified_same_as_0831_source
20260825-9c5f4d87f97a5a353105-01,2026-08-25,手机,device,联想,A系列,A808t,,,废板-整机,18,元/台,,image,联想.jpg,数码网报价单-0825更新/手机相关/联想.jpg,1,1.0,visual_verified_same_as_0831_source
20260825-df51691d23e5cbb09bcb-01,2026-08-25,手机,device,联想,A系列,A806t,,,开机屏好,18,元/台,,image,联想.jpg,数码网报价单-0825更新/手机相关/联想.jpg,1,1.0,visual_verified_same_as_0831_source
20260825-19343d1995352baedeb8-01,2026-08-25,手机,device,联想,A系列,A806t,,,开机屏坏,18,元/台,,image,联想.jpg,数码网报价单-0825更新/手机相关/联想.jpg,1,1.0,visual_verified_same_as_0831_source
20260825-eb2dad76fe17497a4119-01,2026-08-25,手机,device,联想,A系列,A806t,,,不开机,18,元/台,,image,联想.jpg,数码网报价单-0825更新/手机相关/联想.jpg,1,1.0,visual_verified_same_as_0831_source
20260825-5f784b070440c29572b0-01,2026-08-25,手机,device,联想,A系列,A806t,,,废板-整机,18,元/台,,image,联想.jpg,数码网报价单-0825更新/手机相关/联想.jpg,1,1.0,visual_verified_same_as_0831_source
20260825-65a5a2a4163b237f55e4-01,2026-08-25,手机,device,联想,A系列,A805e,,,开机屏好,10,元/台,,image,联想.jpg,数码网报价单-0825更新/手机相关/联想.jpg,1,1.0,visual_verified_same_as_0831_source
20260825-c29c0105641a38d9de6f-01,2026-08-25,手机,device,联想,A系列,A805e,,,开机屏坏,10,元/台,,image,联想.jpg,数码网报价单-0825更新/手机相关/联想.jpg,1,1.0,visual_verified_same_as_0831_source
20260825-47e6fe6cbf1233af391a-01,2026-08-25,手机,device,联想,A系列,A805e,,,不开机,10,元/台,,image,联想.jpg,数码网报价单-0825更新/手机相关/联想.jpg,1,1.0,visual_verified_same_as_0831_source
20260825-5f70524256ddc09d4463-01,2026-08-25,手机,device,联想,A系列,A805e,,,废板-整机,10,元/台,,image,联想.jpg,数码网报价单-0825更新/手机相关/联想.jpg,1,1.0,visual_verified_same_as_0831_source
20260825-bbe2f5979744b0ca5999-01,2026-08-25,手机,device,联想,A系列,A7600,,,开机屏好,10,元/台,,image,联想.jpg,数码网报价单-0825更新/手机相关/联想.jpg,1,1.0,visual_verified_same_as_0831_source
20260825-aa1f157c6c15bb11d040-01,2026-08-25,手机,device,联想,A系列,A7600,,,开机屏坏,10,元/台,,image,联想.jpg,数码网报价单-0825更新/手机相关/联想.jpg,1,1.0,visual_verified_same_as_0831_source
20260825-c588b415c0ca53f3b151-01,2026-08-25,手机,device,联想,A系列,A7600,,,不开机,10,元/台,,image,联想.jpg,数码网报价单-0825更新/手机相关/联想.jpg,1,1.0,visual_verified_same_as_0831_source
20260825-82fcecf92a91c095b0b0-01,2026-08-25,手机,device,联想,A系列,A7600,,,废板-整机,10,元/台,,image,联想.jpg,数码网报价单-0825更新/手机相关/联想.jpg,1,1.0,visual_verified_same_as_0831_source
20260825-d5fb137364c4adc7ae82-01,2026-08-25,手机,device,联想,A系列,A5860,,,开机屏好,15,元/台,,image,联想.jpg,数码网报价单-0825更新/手机相关/联想.jpg,1,1.0,visual_verified_same_as_0831_source
20260825-089fa32994f970174db3-01,2026-08-25,手机,device,联想,A系列,A5860,,,开机屏坏,15,元/台,,image,联想.jpg,数码网报价单-0825更新/手机相关/联想.jpg,1,1.0,visual_verified_same_as_0831_source
20260825-9a4bcfe9de284a783c8d-01,2026-08-25,手机,device,联想,A系列,A5860,,,不开机,15,元/台,,image,联想.jpg,数码网报价单-0825更新/手机相关/联想.jpg,1,1.0,visual_verified_same_as_0831_source
20260825-b3c078592cc4884e533b-01,2026-08-25,手机,device,联想,A系列,A5860,,,废板-整机,15,元/台,,image,联想.jpg,数码网报价单-0825更新/手机相关/联想.jpg,1,1.0,visual_verified_same_as_0831_source
20260825-9951952e0bcbb5ca63e7-01,2026-08-25,手机,device,联想,A系列,A5500,,,开机屏好,15,元/台,,image,联想.jpg,数码网报价单-0825更新/手机相关/联想.jpg,1,1.0,visual_verified_same_as_0831_source
20260825-0b1f95614be7902cd908-01,2026-08-25,手机,device,联想,A系列,A5500,,,开机屏坏,15,元/台,,image,联想.jpg,数码网报价单-0825更新/手机相关/联想.jpg,1,1.0,visual_verified_same_as_0831_source
20260825-a4e349e717033b678ed5-01,2026-08-25,手机,device,联想,A系列,A5500,,,不开机,15,元/台,,image,联想.jpg,数码网报价单-0825更新/手机相关/联想.jpg,1,1.0,visual_verified_same_as_0831_source
20260825-bc65c1c5ec7d487c467d-01,2026-08-25,手机,device,联想,A系列,A5500,,,废板-整机,15,元/台,,image,联想.jpg,数码网报价单-0825更新/手机相关/联想.jpg,1,1.0,visual_verified_same_as_0831_source
20260825-4eacf1e42f7ca73d857c-01,2026-08-25,手机,device,联想,A系列,A3910,,,开机屏好,10,元/台,,image,联想.jpg,数码网报价单-0825更新/手机相关/联想.jpg,1,1.0,visual_verified_same_as_0831_source
20260825-236b4fdc3cb481df8f45-01,2026-08-25,手机,device,联想,A系列,A3910,,,开机屏坏,10,元/台,,image,联想.jpg,数码网报价单-0825更新/手机相关/联想.jpg,1,1.0,visual_verified_same_as_0831_source
20260825-cdcb53151f7cde9a0462-01,2026-08-25,手机,device,联想,A系列,A3910,,,不开机,10,元/台,,image,联想.jpg,数码网报价单-0825更新/手机相关/联想.jpg,1,1.0,visual_verified_same_as_0831_source
20260825-5246245443afa0d3705f-01,2026-08-25,手机,device,联想,A系列,A3910,,,废板-整机,10,元/台,,image,联想.jpg,数码网报价单-0825更新/手机相关/联想.jpg,1,1.0,visual_verified_same_as_0831_source
20260825-41cdb8a881b2cad7c377-01,2026-08-25,手机,device,联想,A系列,A3900,,,开机屏好,10,元/台,,image,联想.jpg,数码网报价单-0825更新/手机相关/联想.jpg,1,1.0,visual_verified_same_as_0831_source
20260825-b9bddc633364fa44d251-01,2026-08-25,手机,device,联想,A系列,A3900,,,开机屏坏,10,元/台,,image,联想.jpg,数码网报价单-0825更新/手机相关/联想.jpg,1,1.0,visual_verified_same_as_0831_source
20260825-208e2a12f8e1b95f93b6-01,2026-08-25,手机,device,联想,A系列,A3900,,,不开机,10,元/台,,image,联想.jpg,数码网报价单-0825更新/手机相关/联想.jpg,1,1.0,visual_verified_same_as_0831_source
20260825-c564ecbfd14565ad8fa8-01,2026-08-25,手机,device,联想,A系列,A3900,,,废板-整机,10,元/台,,image,联想.jpg,数码网报价单-0825更新/手机相关/联想.jpg,1,1.0,visual_verified_same_as_0831_source
20260825-4d850028bd6539bda89f-01,2026-08-25,手机,device,联想,A系列,A916,,,开机屏好,10,元/台,,image,联想.jpg,数码网报价单-0825更新/手机相关/联想.jpg,1,1.0,visual_verified_same_as_0831_source
20260825-becbc9d48b1a6f1778ab-01,2026-08-25,手机,device,联想,A系列,A916,,,开机屏坏,10,元/台,,image,联想.jpg,数码网报价单-0825更新/手机相关/联想.jpg,1,1.0,visual_verified_same_as_0831_source
20260825-09c94911b093e79a6e92-01,2026-08-25,手机,device,联想,A系列,A916,,,不开机,10,元/台,,image,联想.jpg,数码网报价单-0825更新/手机相关/联想.jpg,1,1.0,visual_verified_same_as_0831_source
20260825-5d035a088f572b7e0a12-01,2026-08-25,手机,device,联想,A系列,A916,,,废板-整机,10,元/台,,image,联想.jpg,数码网报价单-0825更新/手机相关/联想.jpg,1,1.0,visual_verified_same_as_0831_source
20260825-9411cadd46c0c0cf3f64-01,2026-08-25,手机,device,联想,A系列,A858,,,开机屏好,10,元/台,,image,联想.jpg,数码网报价单-0825更新/手机相关/联想.jpg,1,1.0,visual_verified_same_as_0831_source
20260825-7feb05bd49792eab8c38-01,2026-08-25,手机,device,联想,A系列,A858,,,开机屏坏,10,元/台,,image,联想.jpg,数码网报价单-0825更新/手机相关/联想.jpg,1,1.0,visual_verified_same_as_0831_source
20260825-8b26c1886be2a6a05c74-01,2026-08-25,手机,device,联想,A系列,A858,,,不开机,10,元/台,,image,联想.jpg,数码网报价单-0825更新/手机相关/联想.jpg,1,1.0,visual_verified_same_as_0831_source
20260825-c75e1d7f25ea022aa486-01,2026-08-25,手机,device,联想,A系列,A858,,,废板-整机,10,元/台,,image,联想.jpg,数码网报价单-0825更新/手机相关/联想.jpg,1,1.0,visual_verified_same_as_0831_source
20260825-17d763977477c1c15ea4-01,2026-08-25,手机,device,联想,A系列,A850,,,开机屏好,10,元/台,,image,联想.jpg,数码网报价单-0825更新/手机相关/联想.jpg,1,1.0,visual_verified_same_as_0831_source
20260825-9d5cd72b496e6524e0a3-01,2026-08-25,手机,device,联想,A系列,A850,,,开机屏坏,10,元/台,,image,联想.jpg,数码网报价单-0825更新/手机相关/联想.jpg,1,1.0,visual_verified_same_as_0831_source
20260825-7284c22e883ad02f732a-01,2026-08-25,手机,device,联想,A系列,A850,,,不开机,10,元/台,,image,联想.jpg,数码网报价单-0825更新/手机相关/联想.jpg,1,1.0,visual_verified_same_as_0831_source
20260825-0d6832d313d331474b6f-01,2026-08-25,手机,device,联想,A系列,A850,,,废板-整机,10,元/台,,image,联想.jpg,数码网报价单-0825更新/手机相关/联想.jpg,1,1.0,visual_verified_same_as_0831_source
20260825-9e66d742ecdc3a533f8f-01,2026-08-25,手机,device,联想,A系列,A850+,,,开机屏好,10,元/台,,image,联想.jpg,数码网报价单-0825更新/手机相关/联想.jpg,1,1.0,visual_verified_same_as_0831_source
20260825-85574227cc0ede4533b3-01,2026-08-25,手机,device,联想,A系列,A850+,,,开机屏坏,10,元/台,,image,联想.jpg,数码网报价单-0825更新/手机相关/联想.jpg,1,1.0,visual_verified_same_as_0831_source
20260825-92de3237bc56aa5729b3-01,2026-08-25,手机,device,联想,A系列,A850+,,,不开机,10,元/台,,image,联想.jpg,数码网报价单-0825更新/手机相关/联想.jpg,1,1.0,visual_verified_same_as_0831_source
20260825-36cc85fbb901e5686c44-01,2026-08-25,手机,device,联想,A系列,A850+,,,废板-整机,10,元/台,,image,联想.jpg,数码网报价单-0825更新/手机相关/联想.jpg,1,1.0,visual_verified_same_as_0831_source
20260825-5a87f296420241b0461d-01,2026-08-25,手机,device,联想,A系列,A808ti,,,开机屏好,15,元/台,,image,联想.jpg,数码网报价单-0825更新/手机相关/联想.jpg,1,1.0,visual_verified_same_as_0831_source
20260825-a676c5c73f859e1e34a8-01,2026-08-25,手机,device,联想,A系列,A808ti,,,开机屏坏,15,元/台,,image,联想.jpg,数码网报价单-0825更新/手机相关/联想.jpg,1,1.0,visual_verified_same_as_0831_source
20260825-d2073aa44ab0f0ac25ab-01,2026-08-25,手机,device,联想,A系列,A808ti,,,不开机,15,元/台,,image,联想.jpg,数码网报价单-0825更新/手机相关/联想.jpg,1,1.0,visual_verified_same_as_0831_source
20260825-efc30ac9dd5f9d390240-01,2026-08-25,手机,device,联想,A系列,A808ti,,,废板-整机,15,元/台,,image,联想.jpg,数码网报价单-0825更新/手机相关/联想.jpg,1,1.0,visual_verified_same_as_0831_source
20260825-931a428f4d5e4f0891e2-01,2026-08-25,手机,device,联想,A系列,A788t,,,开机屏好,10,元/台,,image,联想.jpg,数码网报价单-0825更新/手机相关/联想.jpg,1,1.0,visual_verified_same_as_0831_source
20260825-e9622624d2e75f0acb7b-01,2026-08-25,手机,device,联想,A系列,A788t,,,开机屏坏,10,元/台,,image,联想.jpg,数码网报价单-0825更新/手机相关/联想.jpg,1,1.0,visual_verified_same_as_0831_source
20260825-9efed668a4b9a626515b-01,2026-08-25,手机,device,联想,A系列,A788t,,,不开机,10,元/台,,image,联想.jpg,数码网报价单-0825更新/手机相关/联想.jpg,1,1.0,visual_verified_same_as_0831_source
20260825-f9799f6134df3641f331-01,2026-08-25,手机,device,联想,A系列,A788t,,,废板-整机,10,元/台,,image,联想.jpg,数码网报价单-0825更新/手机相关/联想.jpg,1,1.0,visual_verified_same_as_0831_source
20260825-f5d24267840b59d08f9f-01,2026-08-25,手机,device,联想,A系列,A708t,,,开机屏好,10,元/台,,image,联想.jpg,数码网报价单-0825更新/手机相关/联想.jpg,1,1.0,visual_verified_same_as_0831_source
20260825-2e71345a9e47e2b79d43-01,2026-08-25,手机,device,联想,A系列,A708t,,,开机屏坏,10,元/台,,image,联想.jpg,数码网报价单-0825更新/手机相关/联想.jpg,1,1.0,visual_verified_same_as_0831_source
20260825-deb32f5f2c1eb0720eb6-01,2026-08-25,手机,device,联想,A系列,A708t,,,不开机,10,元/台,,image,联想.jpg,数码网报价单-0825更新/手机相关/联想.jpg,1,1.0,visual_verified_same_as_0831_source
20260825-656adc20a02044f4bb5d-01,2026-08-25,手机,device,联想,A系列,A708t,,,废板-整机,10,元/台,,image,联想.jpg,数码网报价单-0825更新/手机相关/联想.jpg,1,1.0,visual_verified_same_as_0831_source
20260825-6c1638cfbe7433ea230a-01,2026-08-25,手机,device,联想,A系列,A3860,,,开机屏好,15,元/台,,image,联想.jpg,数码网报价单-0825更新/手机相关/联想.jpg,1,1.0,visual_verified_same_as_0831_source
20260825-8022b7f8a5147efb4e66-01,2026-08-25,手机,device,联想,A系列,A3860,,,开机屏坏,15,元/台,,image,联想.jpg,数码网报价单-0825更新/手机相关/联想.jpg,1,1.0,visual_verified_same_as_0831_source
20260825-437094e6a1860d578687-01,2026-08-25,手机,device,联想,A系列,A3860,,,不开机,15,元/台,,image,联想.jpg,数码网报价单-0825更新/手机相关/联想.jpg,1,1.0,visual_verified_same_as_0831_source
20260825-6e25aae02c1c5bb9551d-01,2026-08-25,手机,device,联想,A系列,A3860,,,废板-整机,15,元/台,,image,联想.jpg,数码网报价单-0825更新/手机相关/联想.jpg,1,1.0,visual_verified_same_as_0831_source
20260825-c15ef3d49b7cbb4b93e8-01,2026-08-25,手机,device,联想,A系列,A2580,,,开机屏好,15,元/台,,image,联想.jpg,数码网报价单-0825更新/手机相关/联想.jpg,1,1.0,visual_verified_same_as_0831_source
20260825-2314e8f4fb0d28c5e407-01,2026-08-25,手机,device,联想,A系列,A2580,,,开机屏坏,15,元/台,,image,联想.jpg,数码网报价单-0825更新/手机相关/联想.jpg,1,1.0,visual_verified_same_as_0831_source
20260825-af6869b9f2f1d3d9dd19-01,2026-08-25,手机,device,联想,A系列,A2580,,,不开机,15,元/台,,image,联想.jpg,数码网报价单-0825更新/手机相关/联想.jpg,1,1.0,visual_verified_same_as_0831_source
20260825-e7d7316f3a980a2b2ab2-01,2026-08-25,手机,device,联想,A系列,A2580,,,废板-整机,15,元/台,,image,联想.jpg,数码网报价单-0825更新/手机相关/联想.jpg,1,1.0,visual_verified_same_as_0831_source
20260825-4663516c522c96d06c1f-01,2026-08-25,手机,device,联想,A系列,A828t,,,开机屏好,10,元/台,,image,联想.jpg,数码网报价单-0825更新/手机相关/联想.jpg,1,1.0,visual_verified_same_as_0831_source
20260825-2a457d6fe49ecac3f224-01,2026-08-25,手机,device,联想,A系列,A828t,,,开机屏坏,10,元/台,,image,联想.jpg,数码网报价单-0825更新/手机相关/联想.jpg,1,1.0,visual_verified_same_as_0831_source
20260825-27a6fad672ef4e423fb0-01,2026-08-25,手机,device,联想,A系列,A828t,,,不开机,10,元/台,,image,联想.jpg,数码网报价单-0825更新/手机相关/联想.jpg,1,1.0,visual_verified_same_as_0831_source
20260825-29ff749c6508550f39d1-01,2026-08-25,手机,device,联想,A系列,A828t,,,废板-整机,10,元/台,,image,联想.jpg,数码网报价单-0825更新/手机相关/联想.jpg,1,1.0,visual_verified_same_as_0831_source
20260825-3f663b9c7fd424545dd5-01,2026-08-25,手机,device,联想,A系列,A5800,,,开机屏好,10,元/台,,image,联想.jpg,数码网报价单-0825更新/手机相关/联想.jpg,1,1.0,visual_verified_same_as_0831_source
20260825-04418e08a53a39a832be-01,2026-08-25,手机,device,联想,A系列,A5800,,,开机屏坏,10,元/台,,image,联想.jpg,数码网报价单-0825更新/手机相关/联想.jpg,1,1.0,visual_verified_same_as_0831_source
20260825-7e60b1c8ff1ee527a9c0-01,2026-08-25,手机,device,联想,A系列,A5800,,,不开机,10,元/台,,image,联想.jpg,数码网报价单-0825更新/手机相关/联想.jpg,1,1.0,visual_verified_same_as_0831_source
20260825-41d3db07a93d641279f1-01,2026-08-25,手机,device,联想,A系列,A5800,,,废板-整机,10,元/台,,image,联想.jpg,数码网报价单-0825更新/手机相关/联想.jpg,1,1.0,visual_verified_same_as_0831_source
20260825-41bfa3ae481ed357cd66-01,2026-08-25,手机,device,联想,A系列,A560,,,开机屏好,10,元/台,,image,联想.jpg,数码网报价单-0825更新/手机相关/联想.jpg,1,1.0,visual_verified_same_as_0831_source
20260825-66f15a0f5549a01e837e-01,2026-08-25,手机,device,联想,A系列,A560,,,开机屏坏,10,元/台,,image,联想.jpg,数码网报价单-0825更新/手机相关/联想.jpg,1,1.0,visual_verified_same_as_0831_source
20260825-d7dc475ff76c1004c188-01,2026-08-25,手机,device,联想,A系列,A560,,,不开机,10,元/台,,image,联想.jpg,数码网报价单-0825更新/手机相关/联想.jpg,1,1.0,visual_verified_same_as_0831_source
20260825-9bb6469d6fc355a12a73-01,2026-08-25,手机,device,联想,A系列,A560,,,废板-整机,10,元/台,,image,联想.jpg,数码网报价单-0825更新/手机相关/联想.jpg,1,1.0,visual_verified_same_as_0831_source
20260825-07137e5c3ebc7867c19c-01,2026-08-25,手机,device,联想,A系列,A3800-d,,,开机屏好,10,元/台,,image,联想.jpg,数码网报价单-0825更新/手机相关/联想.jpg,1,1.0,visual_verified_same_as_0831_source
20260825-9acd8c51b03f5773b5b5-01,2026-08-25,手机,device,联想,A系列,A3800-d,,,开机屏坏,10,元/台,,image,联想.jpg,数码网报价单-0825更新/手机相关/联想.jpg,1,1.0,visual_verified_same_as_0831_source
20260825-fbd56e83dda4ad43a034-01,2026-08-25,手机,device,联想,A系列,A3800-d,,,不开机,10,元/台,,image,联想.jpg,数码网报价单-0825更新/手机相关/联想.jpg,1,1.0,visual_verified_same_as_0831_source
20260825-6b869f8ea1e47718f3f4-01,2026-08-25,手机,device,联想,A系列,A3800-d,,,废板-整机,10,元/台,,image,联想.jpg,数码网报价单-0825更新/手机相关/联想.jpg,1,1.0,visual_verified_same_as_0831_source
20260825-af74bb268b23ad5989d5-01,2026-08-25,手机,device,联想,A系列,A358,,,开机屏好,10,元/台,,image,联想.jpg,数码网报价单-0825更新/手机相关/联想.jpg,1,1.0,visual_verified_same_as_0831_source
20260825-aeb2a9c4792976c76125-01,2026-08-25,手机,device,联想,A系列,A358,,,开机屏坏,10,元/台,,image,联想.jpg,数码网报价单-0825更新/手机相关/联想.jpg,1,1.0,visual_verified_same_as_0831_source
20260825-6045bcc96f5e3605e4ef-01,2026-08-25,手机,device,联想,A系列,A358,,,不开机,10,元/台,,image,联想.jpg,数码网报价单-0825更新/手机相关/联想.jpg,1,1.0,visual_verified_same_as_0831_source
20260825-d6cdef34d3ecb6005f91-01,2026-08-25,手机,device,联想,A系列,A358,,,废板-整机,10,元/台,,image,联想.jpg,数码网报价单-0825更新/手机相关/联想.jpg,1,1.0,visual_verified_same_as_0831_source
20260825-3823ad7cdaf6f7452478-01,2026-08-25,手机,device,联想,A系列,A330e,,,开机屏好,10,元/台,,image,联想.jpg,数码网报价单-0825更新/手机相关/联想.jpg,1,1.0,visual_verified_same_as_0831_source
20260825-e41393f821fc966bc93a-01,2026-08-25,手机,device,联想,A系列,A330e,,,开机屏坏,10,元/台,,image,联想.jpg,数码网报价单-0825更新/手机相关/联想.jpg,1,1.0,visual_verified_same_as_0831_source
20260825-643579cfaf60e665af78-01,2026-08-25,手机,device,联想,A系列,A330e,,,不开机,10,元/台,,image,联想.jpg,数码网报价单-0825更新/手机相关/联想.jpg,1,1.0,visual_verified_same_as_0831_source
20260825-28e56e5b09c5f6f9c6d7-01,2026-08-25,手机,device,联想,A系列,A330e,,,废板-整机,10,元/台,,image,联想.jpg,数码网报价单-0825更新/手机相关/联想.jpg,1,1.0,visual_verified_same_as_0831_source
20260825-ed6ab1c551837b2ca7ee-01,2026-08-25,手机,device,联想,A系列,A2800,,,开机屏好,10,元/台,,image,联想.jpg,数码网报价单-0825更新/手机相关/联想.jpg,1,1.0,visual_verified_same_as_0831_source
20260825-39c8295a92e2b8200798-01,2026-08-25,手机,device,联想,A系列,A2800,,,开机屏坏,10,元/台,,image,联想.jpg,数码网报价单-0825更新/手机相关/联想.jpg,1,1.0,visual_verified_same_as_0831_source
20260825-12cc7424613319c69842-01,2026-08-25,手机,device,联想,A系列,A2800,,,不开机,10,元/台,,image,联想.jpg,数码网报价单-0825更新/手机相关/联想.jpg,1,1.0,visual_verified_same_as_0831_source
20260825-8db6480863d78beec3d7-01,2026-08-25,手机,device,联想,A系列,A2800,,,废板-整机,10,元/台,,image,联想.jpg,数码网报价单-0825更新/手机相关/联想.jpg,1,1.0,visual_verified_same_as_0831_source
20260825-cd2a9451257c09f4ef6a-01,2026-08-25,手机,device,联想,其他型号,Z6青春,,,开机屏好,120,元/台,,image,联想.jpg,数码网报价单-0825更新/手机相关/联想.jpg,1,1.0,visual_verified_same_as_0831_source
20260825-78b2ca4954fb49b0c8fa-01,2026-08-25,手机,device,联想,其他型号,Z6青春,,,开机屏坏,120,元/台,,image,联想.jpg,数码网报价单-0825更新/手机相关/联想.jpg,1,1.0,visual_verified_same_as_0831_source
20260825-b2f917572c9a1c2b2430-01,2026-08-25,手机,device,联想,其他型号,Z6青春,,,不开机,120,元/台,,image,联想.jpg,数码网报价单-0825更新/手机相关/联想.jpg,1,1.0,visual_verified_same_as_0831_source
20260825-2613eb7590677db44de6-01,2026-08-25,手机,device,联想,其他型号,Z6青春,,,废板-整机,120,元/台,,image,联想.jpg,数码网报价单-0825更新/手机相关/联想.jpg,1,1.0,visual_verified_same_as_0831_source
20260825-c5bbf25a6ae0c77e623f-01,2026-08-25,手机,device,联想,其他型号,Z6 Pro,,,开机屏好,120,元/台,,image,联想.jpg,数码网报价单-0825更新/手机相关/联想.jpg,1,1.0,visual_verified_same_as_0831_source
20260825-aeef2b35872a043b2d27-01,2026-08-25,手机,device,联想,其他型号,Z6 Pro,,,开机屏坏,120,元/台,,image,联想.jpg,数码网报价单-0825更新/手机相关/联想.jpg,1,1.0,visual_verified_same_as_0831_source
20260825-da3dc2afccfbd555aa45-01,2026-08-25,手机,device,联想,其他型号,Z6 Pro,,,不开机,120,元/台,,image,联想.jpg,数码网报价单-0825更新/手机相关/联想.jpg,1,1.0,visual_verified_same_as_0831_source
20260825-5ef6d241c01fde000cdc-01,2026-08-25,手机,device,联想,其他型号,Z6 Pro,,,废板-整机,120,元/台,,image,联想.jpg,数码网报价单-0825更新/手机相关/联想.jpg,1,1.0,visual_verified_same_as_0831_source
20260825-d2ff5c3550dd1d2f4b2e-01,2026-08-25,手机,device,联想,其他型号,Z6,,,开机屏好,120,元/台,,image,联想.jpg,数码网报价单-0825更新/手机相关/联想.jpg,1,1.0,visual_verified_same_as_0831_source
20260825-26a5d69d0e84dd26391c-01,2026-08-25,手机,device,联想,其他型号,Z6,,,开机屏坏,120,元/台,,image,联想.jpg,数码网报价单-0825更新/手机相关/联想.jpg,1,1.0,visual_verified_same_as_0831_source
20260825-f60c59df6599b6fe6f87-01,2026-08-25,手机,device,联想,其他型号,Z6,,,不开机,120,元/台,,image,联想.jpg,数码网报价单-0825更新/手机相关/联想.jpg,1,1.0,visual_verified_same_as_0831_source
20260825-865da5c051d7f9ad2ed2-01,2026-08-25,手机,device,联想,其他型号,Z6,,,废板-整机,120,元/台,,image,联想.jpg,数码网报价单-0825更新/手机相关/联想.jpg,1,1.0,visual_verified_same_as_0831_source
20260825-fbdf1c252decec1ecab7-01,2026-08-25,手机,device,联想,其他型号,Z5s,,,开机屏好,120,元/台,,image,联想.jpg,数码网报价单-0825更新/手机相关/联想.jpg,1,1.0,visual_verified_same_as_0831_source
20260825-afb09540c093749f4d76-01,2026-08-25,手机,device,联想,其他型号,Z5s,,,开机屏坏,120,元/台,,image,联想.jpg,数码网报价单-0825更新/手机相关/联想.jpg,1,1.0,visual_verified_same_as_0831_source
20260825-403325828b48d0d03cbe-01,2026-08-25,手机,device,联想,其他型号,Z5s,,,不开机,120,元/台,,image,联想.jpg,数码网报价单-0825更新/手机相关/联想.jpg,1,1.0,visual_verified_same_as_0831_source
20260825-46d8552e2a6b92a2f9ee-01,2026-08-25,手机,device,联想,其他型号,Z5s,,,废板-整机,120,元/台,,image,联想.jpg,数码网报价单-0825更新/手机相关/联想.jpg,1,1.0,visual_verified_same_as_0831_source
20260825-a234328ce0cb3adf026d-01,2026-08-25,手机,device,联想,其他型号,Z5,,,开机屏好,135,元/台,,image,联想.jpg,数码网报价单-0825更新/手机相关/联想.jpg,1,1.0,visual_verified_same_as_0831_source
20260825-a7c458b4259937fe28e8-01,2026-08-25,手机,device,联想,其他型号,Z5,,,开机屏坏,135,元/台,,image,联想.jpg,数码网报价单-0825更新/手机相关/联想.jpg,1,1.0,visual_verified_same_as_0831_source
20260825-2744d8293c369248c576-01,2026-08-25,手机,device,联想,其他型号,Z5,,,不开机,135,元/台,,image,联想.jpg,数码网报价单-0825更新/手机相关/联想.jpg,1,1.0,visual_verified_same_as_0831_source
20260825-9fdb47c450de9c5ce495-01,2026-08-25,手机,device,联想,其他型号,Z5,,,废板-整机,135,元/台,,image,联想.jpg,数码网报价单-0825更新/手机相关/联想.jpg,1,1.0,visual_verified_same_as_0831_source
20260825-fdad5e62305371e83869-01,2026-08-25,手机,device,联想,其他型号,Zuk Z2 Pro,,,开机屏好,50,元/台,,image,联想.jpg,数码网报价单-0825更新/手机相关/联想.jpg,1,1.0,visual_verified_same_as_0831_source
20260825-c591addf1c9508b60b17-01,2026-08-25,手机,device,联想,其他型号,Zuk Z2 Pro,,,开机屏坏,50,元/台,,image,联想.jpg,数码网报价单-0825更新/手机相关/联想.jpg,1,1.0,visual_verified_same_as_0831_source
20260825-839772153e113dc2ac61-01,2026-08-25,手机,device,联想,其他型号,Zuk Z2 Pro,,,不开机,50,元/台,,image,联想.jpg,数码网报价单-0825更新/手机相关/联想.jpg,1,1.0,visual_verified_same_as_0831_source
20260825-208d74a05fcc36d1ca50-01,2026-08-25,手机,device,联想,其他型号,Zuk Z2 Pro,,,废板-整机,50,元/台,,image,联想.jpg,数码网报价单-0825更新/手机相关/联想.jpg,1,1.0,visual_verified_same_as_0831_source
20260825-db4e8ec831fe4b609aea-01,2026-08-25,手机,device,联想,其他型号,Z5 Pro GT,,,开机屏好,50,元/台,,image,联想.jpg,数码网报价单-0825更新/手机相关/联想.jpg,1,1.0,visual_verified_same_as_0831_source
20260825-ea3c4b760aad8c561a61-01,2026-08-25,手机,device,联想,其他型号,Z5 Pro GT,,,开机屏坏,50,元/台,,image,联想.jpg,数码网报价单-0825更新/手机相关/联想.jpg,1,1.0,visual_verified_same_as_0831_source
20260825-02d76830f45b56440a9b-01,2026-08-25,手机,device,联想,其他型号,Z5 Pro GT,,,不开机,50,元/台,,image,联想.jpg,数码网报价单-0825更新/手机相关/联想.jpg,1,1.0,visual_verified_same_as_0831_source
20260825-bdd87c54cc78a2e9833c-01,2026-08-25,手机,device,联想,其他型号,Z5 Pro GT,,,废板-整机,50,元/台,,image,联想.jpg,数码网报价单-0825更新/手机相关/联想.jpg,1,1.0,visual_verified_same_as_0831_source
20260825-4eebba24ee70a049932a-01,2026-08-25,手机,device,联想,其他型号,Z5 Pro,,,开机屏好,50,元/台,,image,联想.jpg,数码网报价单-0825更新/手机相关/联想.jpg,1,1.0,visual_verified_same_as_0831_source
20260825-dba7129c8fec4ccef296-01,2026-08-25,手机,device,联想,其他型号,Z5 Pro,,,开机屏坏,50,元/台,,image,联想.jpg,数码网报价单-0825更新/手机相关/联想.jpg,1,1.0,visual_verified_same_as_0831_source
20260825-a2217c2c19bc0b7ae1a7-01,2026-08-25,手机,device,联想,其他型号,Z5 Pro,,,不开机,50,元/台,,image,联想.jpg,数码网报价单-0825更新/手机相关/联想.jpg,1,1.0,visual_verified_same_as_0831_source
20260825-3612bde7d575fba1d553-01,2026-08-25,手机,device,联想,其他型号,Z5 Pro,,,废板-整机,50,元/台,,image,联想.jpg,数码网报价单-0825更新/手机相关/联想.jpg,1,1.0,visual_verified_same_as_0831_source
20260825-181d92dbb4ba68ce06a5-01,2026-08-25,手机,device,联想,其他型号,Phab2 Plus,,,开机屏好,50,元/台,,image,联想.jpg,数码网报价单-0825更新/手机相关/联想.jpg,1,1.0,visual_verified_same_as_0831_source
20260825-9f383226e13773482e80-01,2026-08-25,手机,device,联想,其他型号,Phab2 Plus,,,开机屏坏,50,元/台,,image,联想.jpg,数码网报价单-0825更新/手机相关/联想.jpg,1,1.0,visual_verified_same_as_0831_source
20260825-3a2694cae8dd6b7cfcac-01,2026-08-25,手机,device,联想,其他型号,Phab2 Plus,,,不开机,50,元/台,,image,联想.jpg,数码网报价单-0825更新/手机相关/联想.jpg,1,1.0,visual_verified_same_as_0831_source
20260825-bbe25306c51acf6dbc60-01,2026-08-25,手机,device,联想,其他型号,Phab2 Plus,,,废板-整机,50,元/台,,image,联想.jpg,数码网报价单-0825更新/手机相关/联想.jpg,1,1.0,visual_verified_same_as_0831_source
20260825-e5b2716af7f73fe33af7-01,2026-08-25,手机,device,联想,其他型号,Zuk z2,,,开机屏好,50,元/台,,image,联想.jpg,数码网报价单-0825更新/手机相关/联想.jpg,1,1.0,visual_verified_same_as_0831_source
20260825-7c145f0f089224fd357b-01,2026-08-25,手机,device,联想,其他型号,Zuk z2,,,开机屏坏,50,元/台,,image,联想.jpg,数码网报价单-0825更新/手机相关/联想.jpg,1,1.0,visual_verified_same_as_0831_source
20260825-e87cfe2c3ec205f2067e-01,2026-08-25,手机,device,联想,其他型号,Zuk z2,,,不开机,50,元/台,,image,联想.jpg,数码网报价单-0825更新/手机相关/联想.jpg,1,1.0,visual_verified_same_as_0831_source
20260825-6b5a63ce5257af858726-01,2026-08-25,手机,device,联想,其他型号,Zuk z2,,,废板-整机,50,元/台,,image,联想.jpg,数码网报价单-0825更新/手机相关/联想.jpg,1,1.0,visual_verified_same_as_0831_source
20260825-b104fbdd295fb712369d-01,2026-08-25,手机,device,联想,其他型号,Z90-t,,,开机屏好,25,元/台,,image,联想.jpg,数码网报价单-0825更新/手机相关/联想.jpg,1,1.0,visual_verified_same_as_0831_source
20260825-c0acbb91fb92bb43f251-01,2026-08-25,手机,device,联想,其他型号,Z90-t,,,开机屏坏,25,元/台,,image,联想.jpg,数码网报价单-0825更新/手机相关/联想.jpg,1,1.0,visual_verified_same_as_0831_source
20260825-74dd5bb356346a430f75-01,2026-08-25,手机,device,联想,其他型号,Z90-t,,,不开机,25,元/台,,image,联想.jpg,数码网报价单-0825更新/手机相关/联想.jpg,1,1.0,visual_verified_same_as_0831_source
20260825-d201279d13be219c0584-01,2026-08-25,手机,device,联想,其他型号,Z90-t,,,废板-整机,25,元/台,,image,联想.jpg,数码网报价单-0825更新/手机相关/联想.jpg,1,1.0,visual_verified_same_as_0831_source
20260825-cab5c284dc38df08281f-01,2026-08-25,手机,device,联想,其他型号,Zuk Edge,,,开机屏好,50,元/台,,image,联想.jpg,数码网报价单-0825更新/手机相关/联想.jpg,1,1.0,visual_verified_same_as_0831_source
20260825-aa00e7aca4ebdd050620-01,2026-08-25,手机,device,联想,其他型号,Zuk Edge,,,开机屏坏,50,元/台,,image,联想.jpg,数码网报价单-0825更新/手机相关/联想.jpg,1,1.0,visual_verified_same_as_0831_source
20260825-57222e8b66309af92085-01,2026-08-25,手机,device,联想,其他型号,Zuk Edge,,,不开机,50,元/台,,image,联想.jpg,数码网报价单-0825更新/手机相关/联想.jpg,1,1.0,visual_verified_same_as_0831_source
20260825-fe9c95fdfe1f5cab0b3d-01,2026-08-25,手机,device,联想,其他型号,Zuk Edge,,,废板-整机,50,元/台,,image,联想.jpg,数码网报价单-0825更新/手机相关/联想.jpg,1,1.0,visual_verified_same_as_0831_source
20260825-0a586e803a504ce55c95-01,2026-08-25,手机,device,联想,其他型号,乐檬K12,,,开机屏好,60,元/台,,image,联想.jpg,数码网报价单-0825更新/手机相关/联想.jpg,1,1.0,visual_verified_same_as_0831_source
20260825-846957b2977916ea8ea8-01,2026-08-25,手机,device,联想,其他型号,乐檬K12,,,开机屏坏,60,元/台,,image,联想.jpg,数码网报价单-0825更新/手机相关/联想.jpg,1,1.0,visual_verified_same_as_0831_source
20260825-035b5afc2b43d0252ab6-01,2026-08-25,手机,device,联想,其他型号,乐檬K12,,,不开机,60,元/台,,image,联想.jpg,数码网报价单-0825更新/手机相关/联想.jpg,1,1.0,visual_verified_same_as_0831_source
20260825-300281176857985a4f43-01,2026-08-25,手机,device,联想,其他型号,乐檬K12,,,废板-整机,60,元/台,,image,联想.jpg,数码网报价单-0825更新/手机相关/联想.jpg,1,1.0,visual_verified_same_as_0831_source
20260825-40afdec8f227e89466c3-01,2026-08-25,手机,device,联想,其他型号,P2,,,开机屏好,60,元/台,,image,联想.jpg,数码网报价单-0825更新/手机相关/联想.jpg,1,1.0,visual_verified_same_as_0831_source
20260825-28b73128e6e9d9f5b701-01,2026-08-25,手机,device,联想,其他型号,P2,,,开机屏坏,60,元/台,,image,联想.jpg,数码网报价单-0825更新/手机相关/联想.jpg,1,1.0,visual_verified_same_as_0831_source
20260825-1f3994d8d394fc8fe290-01,2026-08-25,手机,device,联想,其他型号,P2,,,不开机,60,元/台,,image,联想.jpg,数码网报价单-0825更新/手机相关/联想.jpg,1,1.0,visual_verified_same_as_0831_source
20260825-a967063d34865acd3125-01,2026-08-25,手机,device,联想,其他型号,P2,,,废板-整机,60,元/台,,image,联想.jpg,数码网报价单-0825更新/手机相关/联想.jpg,1,1.0,visual_verified_same_as_0831_source
20260825-9867ddefd66c6aa82e2c-01,2026-08-25,手机,device,联想,其他型号,z2,,,开机屏好,25,元/台,,image,联想.jpg,数码网报价单-0825更新/手机相关/联想.jpg,1,1.0,visual_verified_same_as_0831_source
20260825-893fd55dccf2eec289fb-01,2026-08-25,手机,device,联想,其他型号,z2,,,开机屏坏,25,元/台,,image,联想.jpg,数码网报价单-0825更新/手机相关/联想.jpg,1,1.0,visual_verified_same_as_0831_source
20260825-d17c9fa7a9da07e2ff18-01,2026-08-25,手机,device,联想,其他型号,z2,,,不开机,25,元/台,,image,联想.jpg,数码网报价单-0825更新/手机相关/联想.jpg,1,1.0,visual_verified_same_as_0831_source
20260825-599570c6afc9015a4d74-01,2026-08-25,手机,device,联想,其他型号,z2,,,废板-整机,25,元/台,,image,联想.jpg,数码网报价单-0825更新/手机相关/联想.jpg,1,1.0,visual_verified_same_as_0831_source
20260825-93b228eed31d66765ad5-01,2026-08-25,手机,device,联想,其他型号,P1c72,,,开机屏好,20,元/台,,image,联想.jpg,数码网报价单-0825更新/手机相关/联想.jpg,1,1.0,visual_verified_same_as_0831_source
20260825-0e037d27b59ad1c69f50-01,2026-08-25,手机,device,联想,其他型号,P1c72,,,开机屏坏,20,元/台,,image,联想.jpg,数码网报价单-0825更新/手机相关/联想.jpg,1,1.0,visual_verified_same_as_0831_source
20260825-24c8dcca45f2ef38cde1-01,2026-08-25,手机,device,联想,其他型号,P1c72,,,不开机,20,元/台,,image,联想.jpg,数码网报价单-0825更新/手机相关/联想.jpg,1,1.0,visual_verified_same_as_0831_source
20260825-399c2fe29601318fc2c2-01,2026-08-25,手机,device,联想,其他型号,P1c72,,,废板-整机,20,元/台,,image,联想.jpg,数码网报价单-0825更新/手机相关/联想.jpg,1,1.0,visual_verified_same_as_0831_source
20260825-662b928b9461ebf22031-01,2026-08-25,手机,device,联想,其他型号,P1c58,,,开机屏好,20,元/台,,image,联想.jpg,数码网报价单-0825更新/手机相关/联想.jpg,1,1.0,visual_verified_same_as_0831_source
20260825-ded52f2ed7e5172e3ca3-01,2026-08-25,手机,device,联想,其他型号,P1c58,,,开机屏坏,20,元/台,,image,联想.jpg,数码网报价单-0825更新/手机相关/联想.jpg,1,1.0,visual_verified_same_as_0831_source
20260825-42bcce3f7f28e032c1a1-01,2026-08-25,手机,device,联想,其他型号,P1c58,,,不开机,20,元/台,,image,联想.jpg,数码网报价单-0825更新/手机相关/联想.jpg,1,1.0,visual_verified_same_as_0831_source
20260825-240ab2fca68f3c116b30-01,2026-08-25,手机,device,联想,其他型号,P1c58,,,废板-整机,20,元/台,,image,联想.jpg,数码网报价单-0825更新/手机相关/联想.jpg,1,1.0,visual_verified_same_as_0831_source
20260825-5417e3bda24aab9d3b70-01,2026-08-25,手机,device,联想,其他型号,Zuk z1,,,开机屏好,25,元/台,,image,联想.jpg,数码网报价单-0825更新/手机相关/联想.jpg,1,1.0,visual_verified_same_as_0831_source
20260825-cd5ff24e857565f082c4-01,2026-08-25,手机,device,联想,其他型号,Zuk z1,,,开机屏坏,25,元/台,,image,联想.jpg,数码网报价单-0825更新/手机相关/联想.jpg,1,1.0,visual_verified_same_as_0831_source
20260825-4a93a6a40ab41ac665da-01,2026-08-25,手机,device,联想,其他型号,Zuk z1,,,不开机,25,元/台,,image,联想.jpg,数码网报价单-0825更新/手机相关/联想.jpg,1,1.0,visual_verified_same_as_0831_source
20260825-f87958a85d5c7cb5351b-01,2026-08-25,手机,device,联想,其他型号,Zuk z1,,,废板-整机,25,元/台,,image,联想.jpg,数码网报价单-0825更新/手机相关/联想.jpg,1,1.0,visual_verified_same_as_0831_source
20260825-17e47119b7509e055486-01,2026-08-25,手机,device,联想,其他型号,P70-t,,,开机屏好,20,元/台,,image,联想.jpg,数码网报价单-0825更新/手机相关/联想.jpg,1,1.0,visual_verified_same_as_0831_source
20260825-c6b17f6f652e4b687a16-01,2026-08-25,手机,device,联想,其他型号,P70-t,,,开机屏坏,20,元/台,,image,联想.jpg,数码网报价单-0825更新/手机相关/联想.jpg,1,1.0,visual_verified_same_as_0831_source
20260825-e0ba8956f65d257af50b-01,2026-08-25,手机,device,联想,其他型号,P70-t,,,不开机,20,元/台,,image,联想.jpg,数码网报价单-0825更新/手机相关/联想.jpg,1,1.0,visual_verified_same_as_0831_source
20260825-9b740c7d97769dfec42b-01,2026-08-25,手机,device,联想,其他型号,P70-t,,,废板-整机,20,元/台,,image,联想.jpg,数码网报价单-0825更新/手机相关/联想.jpg,1,1.0,visual_verified_same_as_0831_source
20260825-7565fa2e8c40646ac593-01,2026-08-25,手机,device,联想,其他型号,X2,,,开机屏好,20,元/台,,image,联想.jpg,数码网报价单-0825更新/手机相关/联想.jpg,1,1.0,visual_verified_same_as_0831_source
20260825-e1036ec58e633b50ee30-01,2026-08-25,手机,device,联想,其他型号,X2,,,开机屏坏,20,元/台,,image,联想.jpg,数码网报价单-0825更新/手机相关/联想.jpg,1,1.0,visual_verified_same_as_0831_source
20260825-d0fbbc0747efb0b434fd-01,2026-08-25,手机,device,联想,其他型号,X2,,,不开机,20,元/台,,image,联想.jpg,数码网报价单-0825更新/手机相关/联想.jpg,1,1.0,visual_verified_same_as_0831_source
20260825-4583b5a6b8f9a170ce86-01,2026-08-25,手机,device,联想,其他型号,X2,,,废板-整机,20,元/台,,image,联想.jpg,数码网报价单-0825更新/手机相关/联想.jpg,1,1.0,visual_verified_same_as_0831_source
20260825-7e50f3481631384c1b24-01,2026-08-25,手机,device,联想,其他型号,628,,,开机屏好,10,元/台,,image,联想.jpg,数码网报价单-0825更新/手机相关/联想.jpg,1,1.0,visual_verified_same_as_0831_source
20260825-472e8495e322991250ac-01,2026-08-25,手机,device,联想,其他型号,628,,,开机屏坏,10,元/台,,image,联想.jpg,数码网报价单-0825更新/手机相关/联想.jpg,1,1.0,visual_verified_same_as_0831_source
20260825-665d4af5705aa1e652bb-01,2026-08-25,手机,device,联想,其他型号,628,,,不开机,10,元/台,,image,联想.jpg,数码网报价单-0825更新/手机相关/联想.jpg,1,1.0,visual_verified_same_as_0831_source
20260825-313c3dd8adcb4877def1-01,2026-08-25,手机,device,联想,其他型号,628,,,废板-整机,10,元/台,,image,联想.jpg,数码网报价单-0825更新/手机相关/联想.jpg,1,1.0,visual_verified_same_as_0831_source
20260825-c4c36d2542036fc92047-01,2026-08-25,手机,device,联想,其他型号,A606,,,开机屏好,10,元/台,,image,联想.jpg,数码网报价单-0825更新/手机相关/联想.jpg,1,1.0,visual_verified_same_as_0831_source
20260825-47b79dabe3198705f599-01,2026-08-25,手机,device,联想,其他型号,A606,,,开机屏坏,10,元/台,,image,联想.jpg,数码网报价单-0825更新/手机相关/联想.jpg,1,1.0,visual_verified_same_as_0831_source
20260825-4206f4e542c42e81ec0d-01,2026-08-25,手机,device,联想,其他型号,A606,,,不开机,10,元/台,,image,联想.jpg,数码网报价单-0825更新/手机相关/联想.jpg,1,1.0,visual_verified_same_as_0831_source
20260825-ba0e5fa32532291e23a3-01,2026-08-25,手机,device,联想,其他型号,A606,,,废板-整机,10,元/台,,image,联想.jpg,数码网报价单-0825更新/手机相关/联想.jpg,1,1.0,visual_verified_same_as_0831_source
20260825-a2ea1dd76e112d4054d5-01,2026-08-25,手机,device,联想,其他型号,399,,,开机屏好,10,元/台,,image,联想.jpg,数码网报价单-0825更新/手机相关/联想.jpg,1,1.0,visual_verified_same_as_0831_source
20260825-47419126eec724a26c9e-01,2026-08-25,手机,device,联想,其他型号,399,,,开机屏坏,10,元/台,,image,联想.jpg,数码网报价单-0825更新/手机相关/联想.jpg,1,1.0,visual_verified_same_as_0831_source
20260825-69a64f5327dfe2c42f28-01,2026-08-25,手机,device,联想,其他型号,399,,,不开机,10,元/台,,image,联想.jpg,数码网报价单-0825更新/手机相关/联想.jpg,1,1.0,visual_verified_same_as_0831_source
20260825-a532e6a624abde2ac32b-01,2026-08-25,手机,device,联想,其他型号,399,,,废板-整机,10,元/台,,image,联想.jpg,数码网报价单-0825更新/手机相关/联想.jpg,1,1.0,visual_verified_same_as_0831_source
20260825-703dae9b1db59a314e23-01,2026-08-25,手机,device,联想,其他型号,388,,,开机屏好,10,元/台,,image,联想.jpg,数码网报价单-0825更新/手机相关/联想.jpg,1,1.0,visual_verified_same_as_0831_source
20260825-dfbe35d20b0753d6364d-01,2026-08-25,手机,device,联想,其他型号,388,,,开机屏坏,10,元/台,,image,联想.jpg,数码网报价单-0825更新/手机相关/联想.jpg,1,1.0,visual_verified_same_as_0831_source
20260825-63a70b116ec8bc46dc8b-01,2026-08-25,手机,device,联想,其他型号,388,,,不开机,10,元/台,,image,联想.jpg,数码网报价单-0825更新/手机相关/联想.jpg,1,1.0,visual_verified_same_as_0831_source
20260825-24048b98188253fca960-01,2026-08-25,手机,device,联想,其他型号,388,,,废板-整机,10,元/台,,image,联想.jpg,数码网报价单-0825更新/手机相关/联想.jpg,1,1.0,visual_verified_same_as_0831_source
20260825-767eea7c93ac96696502-01,2026-08-25,手机,device,联想,其他型号,L3500,,,开机屏好,10,元/台,,image,联想.jpg,数码网报价单-0825更新/手机相关/联想.jpg,1,1.0,visual_verified_same_as_0831_source
20260825-ad1d1541cabe290f2258-01,2026-08-25,手机,device,联想,其他型号,L3500,,,开机屏坏,10,元/台,,image,联想.jpg,数码网报价单-0825更新/手机相关/联想.jpg,1,1.0,visual_verified_same_as_0831_source
20260825-d7c217e04b5c1249dcad-01,2026-08-25,手机,device,联想,其他型号,L3500,,,不开机,10,元/台,,image,联想.jpg,数码网报价单-0825更新/手机相关/联想.jpg,1,1.0,visual_verified_same_as_0831_source
20260825-b9f1746e82dbfdb69706-01,2026-08-25,手机,device,联想,其他型号,L3500,,,废板-整机,10,元/台,,image,联想.jpg,数码网报价单-0825更新/手机相关/联想.jpg,1,1.0,visual_verified_same_as_0831_source
20260825-3c37a7daff82cb423f73-01,2026-08-25,手机,device,联想,其他型号,3500,,,开机屏好,10,元/台,,image,联想.jpg,数码网报价单-0825更新/手机相关/联想.jpg,1,1.0,visual_verified_same_as_0831_source
20260825-5916805c583dd1329068-01,2026-08-25,手机,device,联想,其他型号,3500,,,开机屏坏,10,元/台,,image,联想.jpg,数码网报价单-0825更新/手机相关/联想.jpg,1,1.0,visual_verified_same_as_0831_source
20260825-040e1b85328de1cdc293-01,2026-08-25,手机,device,联想,其他型号,3500,,,不开机,10,元/台,,image,联想.jpg,数码网报价单-0825更新/手机相关/联想.jpg,1,1.0,visual_verified_same_as_0831_source
20260825-488b297ab534d3aa5aa7-01,2026-08-25,手机,device,联想,其他型号,3500,,,废板-整机,10,元/台,,image,联想.jpg,数码网报价单-0825更新/手机相关/联想.jpg,1,1.0,visual_verified_same_as_0831_source
20260825-5ad6decbcadc09f85913-01,2026-08-25,手机,device,联想,其他型号,k520,,,废板-整机,单列暂无价,元/台,,image,联想.jpg,数码网报价单-0825更新/手机相关/联想.jpg,1,1.0,visual_verified_same_as_0831_source
20260825-96997985854eb8b8da69-01,2026-08-25,手机,device,苹果,,iPhone 6SP,,iPhone 6SP,开机屏好（无坏ID）,50.0,元/台,,,苹果.jpg,数码网报价单-0825更新/手机相关/苹果.jpg,1,1.0,visual_verified_same_as_0831_source
20260825-8fea7474832d9af7f033-01,2026-08-25,手机,device,苹果,,iPhone 6SP,,iPhone 6SP,开机屏坏（无坏ID）,40.0,元/台,,,苹果.jpg,数码网报价单-0825更新/手机相关/苹果.jpg,1,1.0,visual_verified_same_as_0831_source
20260825-99f685e8fd224fc413ff-01,2026-08-25,手机,device,苹果,,iPhone 6SP,,iPhone 6SP,无ID靓板,40.0,元/台,,,苹果.jpg,数码网报价单-0825更新/手机相关/苹果.jpg,1,1.0,visual_verified_same_as_0831_source
20260825-0f88792dc943249ab99b-01,2026-08-25,手机,device,苹果,,iPhone 6SP,,iPhone 6SP,无ID不靓板,40.0,元/台,,,苹果.jpg,数码网报价单-0825更新/手机相关/苹果.jpg,1,1.0,visual_verified_same_as_0831_source
20260825-8bec245ac71a88d001ee-01,2026-08-25,手机,device,苹果,,iPhone 6SP,,iPhone 6SP,废板-整机,20.0,元/台,,,苹果.jpg,数码网报价单-0825更新/手机相关/苹果.jpg,1,1.0,visual_verified_same_as_0831_source
20260825-814786f8416e385ba4ed-01,2026-08-25,手机,device,苹果,,iPhone 6SP,,iPhone 6SP,点数（两成无ID）,40.0,元/台,,,苹果.jpg,数码网报价单-0825更新/手机相关/苹果.jpg,1,1.0,visual_verified_same_as_0831_source
20260825-16225c73f0939a04dd1b-01,2026-08-25,手机,device,苹果,,iPhone 6SP,,iPhone 6SP,没屏,20.0,元/台,,,苹果.jpg,数码网报价单-0825更新/手机相关/苹果.jpg,1,1.0,visual_verified_same_as_0831_source
20260825-29f2556a422f447bed57-01,2026-08-25,手机,device,苹果,,iPhone 5S,,iPhone 5S,开机屏好（无坏ID）,25.0,元/台,,,苹果.jpg,数码网报价单-0825更新/手机相关/苹果.jpg,1,1.0,visual_verified_same_as_0831_source
20260825-af746f1a7d1e98fa3f69-01,2026-08-25,手机,device,苹果,,iPhone 5S,,iPhone 5S,开机屏坏（无坏ID）,25.0,元/台,,,苹果.jpg,数码网报价单-0825更新/手机相关/苹果.jpg,1,1.0,visual_verified_same_as_0831_source
20260825-3fba842267cc7315be49-01,2026-08-25,手机,device,苹果,,iPhone 5S,,iPhone 5S,无ID靓板,25.0,元/台,,,苹果.jpg,数码网报价单-0825更新/手机相关/苹果.jpg,1,1.0,visual_verified_same_as_0831_source
20260825-b825c6bca5ef3356c37c-01,2026-08-25,手机,device,苹果,,iPhone 5S,,iPhone 5S,无ID不靓板,25.0,元/台,,,苹果.jpg,数码网报价单-0825更新/手机相关/苹果.jpg,1,1.0,visual_verified_same_as_0831_source
20260825-875c7f0e435af12158a0-01,2026-08-25,手机,device,苹果,,iPhone 5S,,iPhone 5S,废板-整机,7.0,元/台,,,苹果.jpg,数码网报价单-0825更新/手机相关/苹果.jpg,1,1.0,visual_verified_same_as_0831_source
20260825-81c7b86bfa19701c5833-01,2026-08-25,手机,device,苹果,,iPhone 5S,,iPhone 5S,统货,25.0,元/台,,,苹果.jpg,数码网报价单-0825更新/手机相关/苹果.jpg,1,1.0,visual_verified_same_as_0831_source
20260825-a4073c6fd904b378426c-01,2026-08-25,手机,device,苹果,,iPhone 5S,,iPhone 5S,没屏,7.0,元/台,,,苹果.jpg,数码网报价单-0825更新/手机相关/苹果.jpg,1,1.0,visual_verified_same_as_0831_source
20260825-578086f26b83f9af9da1-01,2026-08-25,手机,device,苹果,,iPhone 4S,,iPhone 4S,开机屏好（无坏ID）,25.0,元/台,,,苹果.jpg,数码网报价单-0825更新/手机相关/苹果.jpg,1,1.0,visual_verified_same_as_0831_source
20260825-022e2092141262c8379f-01,2026-08-25,手机,device,苹果,,iPhone 4S,,iPhone 4S,开机屏坏（无坏ID）,25.0,元/台,,,苹果.jpg,数码网报价单-0825更新/手机相关/苹果.jpg,1,1.0,visual_verified_same_as_0831_source
20260825-e139358e39f77a618248-01,2026-08-25,手机,device,苹果,,iPhone 4S,,iPhone 4S,无ID靓板,25.0,元/台,,,苹果.jpg,数码网报价单-0825更新/手机相关/苹果.jpg,1,1.0,visual_verified_same_as_0831_source
20260825-2ac5cbb6d5bcd2e44a13-01,2026-08-25,手机,device,苹果,,iPhone 4S,,iPhone 4S,无ID不靓板,25.0,元/台,,,苹果.jpg,数码网报价单-0825更新/手机相关/苹果.jpg,1,1.0,visual_verified_same_as_0831_source
20260825-87954752a714c8855f7e-01,2026-08-25,手机,device,苹果,,iPhone 4S,,iPhone 4S,废板-整机,25.0,元/台,,,苹果.jpg,数码网报价单-0825更新/手机相关/苹果.jpg,1,1.0,visual_verified_same_as_0831_source
20260825-aed271b0522329b3ea53-01,2026-08-25,手机,device,诺基亚,诺基亚8系列,8910白屏,,,开机屏好,100,元/台,外壳明显磕碰变形算不开机,image,诺基亚.jpg,数码网报价单-0825更新/手机相关/诺基亚.jpg,1,1.0,visual_verified_same_as_0831_source
20260825-f17e21262d2ef7422aad-01,2026-08-25,手机,device,诺基亚,诺基亚8系列,8910白屏,,,开机屏坏,70,元/台,外壳明显磕碰变形算不开机,image,诺基亚.jpg,数码网报价单-0825更新/手机相关/诺基亚.jpg,1,1.0,visual_verified_same_as_0831_source
20260825-fb36de302d766b6fe896-01,2026-08-25,手机,device,诺基亚,诺基亚8系列,8910白屏,,,不开机,20,元/台,外壳明显磕碰变形算不开机,image,诺基亚.jpg,数码网报价单-0825更新/手机相关/诺基亚.jpg,1,1.0,visual_verified_same_as_0831_source
20260825-0c8ceea4cbdf3adde72d-01,2026-08-25,手机,device,诺基亚,诺基亚8系列,8910白屏,,,不开机屏好,60,元/台,外壳明显磕碰变形算不开机,image,诺基亚.jpg,数码网报价单-0825更新/手机相关/诺基亚.jpg,1,1.0,visual_verified_same_as_0831_source
20260825-397ee17d64d65977c680-01,2026-08-25,手机,device,诺基亚,诺基亚8系列,8910白屏,,,废板-整机,20,元/台,外壳明显磕碰变形算不开机,image,诺基亚.jpg,数码网报价单-0825更新/手机相关/诺基亚.jpg,1,1.0,visual_verified_same_as_0831_source
20260825-daecaadf9d88858bd6bb-01,2026-08-25,手机,device,诺基亚,诺基亚8系列,8910i彩屏,,,开机屏好,180,元/台,外壳明显磕碰变形算不开机,image,诺基亚.jpg,数码网报价单-0825更新/手机相关/诺基亚.jpg,1,1.0,visual_verified_same_as_0831_source
20260825-f2e359e526a65eae71b2-01,2026-08-25,手机,device,诺基亚,诺基亚8系列,8910i彩屏,,,开机屏坏,80,元/台,外壳明显磕碰变形算不开机,image,诺基亚.jpg,数码网报价单-0825更新/手机相关/诺基亚.jpg,1,1.0,visual_verified_same_as_0831_source
20260825-90de238162b83ba2ed2b-01,2026-08-25,手机,device,诺基亚,诺基亚8系列,8910i彩屏,,,不开机,80,元/台,外壳明显磕碰变形算不开机,image,诺基亚.jpg,数码网报价单-0825更新/手机相关/诺基亚.jpg,1,1.0,visual_verified_same_as_0831_source
20260825-0580a875adcc8aa2bf3a-01,2026-08-25,手机,device,诺基亚,诺基亚8系列,8910i彩屏,,,不开机屏好,80,元/台,外壳明显磕碰变形算不开机,image,诺基亚.jpg,数码网报价单-0825更新/手机相关/诺基亚.jpg,1,1.0,visual_verified_same_as_0831_source
20260825-3213d3b9e72ccce61024-01,2026-08-25,手机,device,诺基亚,诺基亚8系列,8910i彩屏,,,废板-整机,25,元/台,外壳明显磕碰变形算不开机,image,诺基亚.jpg,数码网报价单-0825更新/手机相关/诺基亚.jpg,1,1.0,visual_verified_same_as_0831_source
20260825-9fe87923c35a9e7225d2-01,2026-08-25,手机,device,诺基亚,诺基亚8系列,8800s,,,开机屏好,200,元/台,屏幕无老化，功能正常,image,诺基亚.jpg,数码网报价单-0825更新/手机相关/诺基亚.jpg,1,1.0,visual_verified_same_as_0831_source
20260825-8177cd242fadb69e40c3-01,2026-08-25,手机,device,诺基亚,诺基亚8系列,8800s,,,开机屏坏,50,元/台,屏幕无老化，功能正常,image,诺基亚.jpg,数码网报价单-0825更新/手机相关/诺基亚.jpg,1,1.0,visual_verified_same_as_0831_source
20260825-dc75851cee5bad5833a3-01,2026-08-25,手机,device,诺基亚,诺基亚8系列,8800s,,,不开机,50,元/台,屏幕无老化，功能正常,image,诺基亚.jpg,数码网报价单-0825更新/手机相关/诺基亚.jpg,1,1.0,visual_verified_same_as_0831_source
20260825-d0d9c71507cefc5b5c7e-01,2026-08-25,手机,device,诺基亚,诺基亚8系列,8800s,,,不开机屏好,50,元/台,屏幕无老化，功能正常,image,诺基亚.jpg,数码网报价单-0825更新/手机相关/诺基亚.jpg,1,1.0,visual_verified_same_as_0831_source
20260825-9ee28deb799965147bcd-01,2026-08-25,手机,device,诺基亚,诺基亚8系列,8800s,,,废板-整机,20,元/台,屏幕无老化，功能正常,image,诺基亚.jpg,数码网报价单-0825更新/手机相关/诺基亚.jpg,1,1.0,visual_verified_same_as_0831_source
20260825-a6aabf3edcebcc6d7035-01,2026-08-25,手机,device,诺基亚,诺基亚8系列,8800E 4GB白金版,,,开机屏好,700,元/台,没后盖扣200，外观不靓扣300,image,诺基亚.jpg,数码网报价单-0825更新/手机相关/诺基亚.jpg,1,1.0,visual_verified_same_as_0831_source
20260825-f2fc2d0a64f3f7e0b43b-01,2026-08-25,手机,device,诺基亚,诺基亚8系列,8800E 4GB白金版,,,开机屏坏,300,元/台,没后盖扣200，外观不靓扣300,image,诺基亚.jpg,数码网报价单-0825更新/手机相关/诺基亚.jpg,1,1.0,visual_verified_same_as_0831_source
20260825-91e32e092fe97cab3830-01,2026-08-25,手机,device,诺基亚,诺基亚8系列,8800E 4GB白金版,,,不开机,50,元/台,没后盖扣200，外观不靓扣300,image,诺基亚.jpg,数码网报价单-0825更新/手机相关/诺基亚.jpg,1,1.0,visual_verified_same_as_0831_source
20260825-a84085d56d26769ee9ea-01,2026-08-25,手机,device,诺基亚,诺基亚8系列,8800E 4GB白金版,,,不开机屏好,100,元/台,没后盖扣200，外观不靓扣300,image,诺基亚.jpg,数码网报价单-0825更新/手机相关/诺基亚.jpg,1,1.0,visual_verified_same_as_0831_source
20260825-1464b2e31d749ed95add-01,2026-08-25,手机,device,诺基亚,诺基亚8系列,8800E 4GB白金版,,,废板-整机,30,元/台,没后盖扣200，外观不靓扣300,image,诺基亚.jpg,数码网报价单-0825更新/手机相关/诺基亚.jpg,1,1.0,visual_verified_same_as_0831_source
20260825-3f6004870e6fc75f1dd4-01,2026-08-25,手机,device,诺基亚,诺基亚8系列,8800e 4GB,,,开机屏好,500,元/台,屏幕无老化背光，主板功能正常,image,诺基亚.jpg,数码网报价单-0825更新/手机相关/诺基亚.jpg,1,1.0,visual_verified_same_as_0831_source
20260825-011e17b47aee6ac0fff3-01,2026-08-25,手机,device,诺基亚,诺基亚8系列,8800e 4GB,,,开机屏坏,200,元/台,屏幕无老化背光，主板功能正常,image,诺基亚.jpg,数码网报价单-0825更新/手机相关/诺基亚.jpg,1,1.0,visual_verified_same_as_0831_source
20260825-9d36bfa7f594fd446053-01,2026-08-25,手机,device,诺基亚,诺基亚8系列,8800e 4GB,,,不开机,80,元/台,屏幕无老化背光，主板功能正常,image,诺基亚.jpg,数码网报价单-0825更新/手机相关/诺基亚.jpg,1,1.0,visual_verified_same_as_0831_source
20260825-e7934261822fbd5ae031-01,2026-08-25,手机,device,诺基亚,诺基亚8系列,8800e 4GB,,,不开机屏好,200,元/台,屏幕无老化背光，主板功能正常,image,诺基亚.jpg,数码网报价单-0825更新/手机相关/诺基亚.jpg,1,1.0,visual_verified_same_as_0831_source
20260825-be1bc35245a3bece5de5-01,2026-08-25,手机,device,诺基亚,诺基亚8系列,8800e 4GB,,,废板-整机,30,元/台,屏幕无老化背光，主板功能正常,image,诺基亚.jpg,数码网报价单-0825更新/手机相关/诺基亚.jpg,1,1.0,visual_verified_same_as_0831_source
20260825-3ab813ca1c775291fe43-01,2026-08-25,手机,device,诺基亚,诺基亚8系列,8800e 1GB,,,开机屏好,400,元/台,屏幕无老化背光，功能正常,image,诺基亚.jpg,数码网报价单-0825更新/手机相关/诺基亚.jpg,1,1.0,visual_verified_same_as_0831_source
20260825-7414cbc575d879a722d0-01,2026-08-25,手机,device,诺基亚,诺基亚8系列,8800e 1GB,,,开机屏坏,150,元/台,屏幕无老化背光，功能正常,image,诺基亚.jpg,数码网报价单-0825更新/手机相关/诺基亚.jpg,1,1.0,visual_verified_same_as_0831_source
20260825-724904de2677944d4437-01,2026-08-25,手机,device,诺基亚,诺基亚8系列,8800e 1GB,,,不开机,100,元/台,屏幕无老化背光，功能正常,image,诺基亚.jpg,数码网报价单-0825更新/手机相关/诺基亚.jpg,1,1.0,visual_verified_same_as_0831_source
20260825-f586b61bc047d7c62d9b-01,2026-08-25,手机,device,诺基亚,诺基亚8系列,8800e 1GB,,,不开机屏好,50,元/台,屏幕无老化背光，功能正常,image,诺基亚.jpg,数码网报价单-0825更新/手机相关/诺基亚.jpg,1,1.0,visual_verified_same_as_0831_source
20260825-32c2aa85d8f09b56dfe8-01,2026-08-25,手机,device,诺基亚,诺基亚8系列,8800e 1GB,,,废板-整机,30,元/台,屏幕无老化背光，功能正常,image,诺基亚.jpg,数码网报价单-0825更新/手机相关/诺基亚.jpg,1,1.0,visual_verified_same_as_0831_source
20260825-abee94001a837dc929fa-01,2026-08-25,手机,device,诺基亚,诺基亚经典系列,8800d,,,开机屏好,60,元/台,,image,诺基亚.jpg,数码网报价单-0825更新/手机相关/诺基亚.jpg,1,1.0,visual_verified_same_as_0831_source
20260825-f54d1c408582128aa142-01,2026-08-25,手机,device,诺基亚,诺基亚经典系列,8800d,,,开机屏坏,30,元/台,,image,诺基亚.jpg,数码网报价单-0825更新/手机相关/诺基亚.jpg,1,1.0,visual_verified_same_as_0831_source
20260825-fffc3882692eeb55da30-01,2026-08-25,手机,device,诺基亚,诺基亚经典系列,8800d,,,不开机,30,元/台,,image,诺基亚.jpg,数码网报价单-0825更新/手机相关/诺基亚.jpg,1,1.0,visual_verified_same_as_0831_source
20260825-ca6c5e7021edc8fd7219-01,2026-08-25,手机,device,诺基亚,诺基亚经典系列,8800d,,,不开机屏好,30,元/台,,image,诺基亚.jpg,数码网报价单-0825更新/手机相关/诺基亚.jpg,1,1.0,visual_verified_same_as_0831_source
20260825-c54d252690c97f66cfb9-01,2026-08-25,手机,device,诺基亚,诺基亚经典系列,8800d,,,废板-整机,10,元/台,,image,诺基亚.jpg,数码网报价单-0825更新/手机相关/诺基亚.jpg,1,1.0,visual_verified_same_as_0831_source
20260825-11e6e731e88e3abb14ab-01,2026-08-25,手机,device,诺基亚,诺基亚经典系列,8800a黄金版,,,开机屏好,200,元/台,,image,诺基亚.jpg,数码网报价单-0825更新/手机相关/诺基亚.jpg,1,1.0,visual_verified_same_as_0831_source
20260825-79d53cfd0c6d91893d1b-01,2026-08-25,手机,device,诺基亚,诺基亚经典系列,8800a黄金版,,,开机屏坏,100,元/台,,image,诺基亚.jpg,数码网报价单-0825更新/手机相关/诺基亚.jpg,1,1.0,visual_verified_same_as_0831_source
20260825-ba659e4149d210b2ff9a-01,2026-08-25,手机,device,诺基亚,诺基亚经典系列,8800a黄金版,,,不开机,40,元/台,,image,诺基亚.jpg,数码网报价单-0825更新/手机相关/诺基亚.jpg,1,1.0,visual_verified_same_as_0831_source
20260825-730b8cd938f80be3c298-01,2026-08-25,手机,device,诺基亚,诺基亚经典系列,8800a黄金版,,,不开机屏好,80,元/台,,image,诺基亚.jpg,数码网报价单-0825更新/手机相关/诺基亚.jpg,1,1.0,visual_verified_same_as_0831_source
20260825-6ae4d84cb6bfdf6b6af8-01,2026-08-25,手机,device,诺基亚,诺基亚经典系列,8800a黄金版,,,废板-整机,40,元/台,,image,诺基亚.jpg,数码网报价单-0825更新/手机相关/诺基亚.jpg,1,1.0,visual_verified_same_as_0831_source
20260825-5b51aefb08aa4e76af51-01,2026-08-25,手机,device,诺基亚,诺基亚经典系列,8800a,,,开机屏好,200,元/台,,image,诺基亚.jpg,数码网报价单-0825更新/手机相关/诺基亚.jpg,1,1.0,visual_verified_same_as_0831_source
20260825-8a87402f2622e5bcb7a5-01,2026-08-25,手机,device,诺基亚,诺基亚经典系列,8800a,,,开机屏坏,100,元/台,,image,诺基亚.jpg,数码网报价单-0825更新/手机相关/诺基亚.jpg,1,1.0,visual_verified_same_as_0831_source
20260825-78a3584c093a0662b0df-01,2026-08-25,手机,device,诺基亚,诺基亚经典系列,8800a,,,不开机,40,元/台,,image,诺基亚.jpg,数码网报价单-0825更新/手机相关/诺基亚.jpg,1,1.0,visual_verified_same_as_0831_source
20260825-5df13478c62fee4b060f-01,2026-08-25,手机,device,诺基亚,诺基亚经典系列,8800a,,,不开机屏好,100,元/台,,image,诺基亚.jpg,数码网报价单-0825更新/手机相关/诺基亚.jpg,1,1.0,visual_verified_same_as_0831_source
20260825-a4e60f66d64bde9eafbe-01,2026-08-25,手机,device,诺基亚,诺基亚经典系列,8800a,,,废板-整机,30,元/台,,image,诺基亚.jpg,数码网报价单-0825更新/手机相关/诺基亚.jpg,1,1.0,visual_verified_same_as_0831_source
20260825-0c85116fd4b0f42b3617-01,2026-08-25,手机,device,诺基亚,诺基亚经典系列,8800,,,开机屏好,40,元/台,,image,诺基亚.jpg,数码网报价单-0825更新/手机相关/诺基亚.jpg,1,1.0,visual_verified_same_as_0831_source
20260825-ca2dd7ac6a089d4858c0-01,2026-08-25,手机,device,诺基亚,诺基亚经典系列,8800,,,开机屏坏,15,元/台,,image,诺基亚.jpg,数码网报价单-0825更新/手机相关/诺基亚.jpg,1,1.0,visual_verified_same_as_0831_source
20260825-eaea79ac793173cb3372-01,2026-08-25,手机,device,诺基亚,诺基亚经典系列,8800,,,不开机,15,元/台,,image,诺基亚.jpg,数码网报价单-0825更新/手机相关/诺基亚.jpg,1,1.0,visual_verified_same_as_0831_source
20260825-309ad77fe16440099569-01,2026-08-25,手机,device,诺基亚,诺基亚经典系列,8800,,,不开机屏好,15,元/台,,image,诺基亚.jpg,数码网报价单-0825更新/手机相关/诺基亚.jpg,1,1.0,visual_verified_same_as_0831_source
20260825-675511a2455b9bdf22af-01,2026-08-25,手机,device,诺基亚,诺基亚经典系列,8800,,,废板-整机,10,元/台,,image,诺基亚.jpg,数码网报价单-0825更新/手机相关/诺基亚.jpg,1,1.0,visual_verified_same_as_0831_source
20260825-4d6c30180c4484b8f8fc-01,2026-08-25,手机,device,诺基亚,诺基亚经典系列,8600,,,开机屏好,30,元/台,,image,诺基亚.jpg,数码网报价单-0825更新/手机相关/诺基亚.jpg,1,1.0,visual_verified_same_as_0831_source
20260825-d30ea4d1111105ba6834-01,2026-08-25,手机,device,诺基亚,诺基亚经典系列,8600,,,开机屏坏,30,元/台,,image,诺基亚.jpg,数码网报价单-0825更新/手机相关/诺基亚.jpg,1,1.0,visual_verified_same_as_0831_source
20260825-e4a301eb6d1e18207b18-01,2026-08-25,手机,device,诺基亚,诺基亚经典系列,8600,,,不开机,30,元/台,,image,诺基亚.jpg,数码网报价单-0825更新/手机相关/诺基亚.jpg,1,1.0,visual_verified_same_as_0831_source
20260825-675e513b31d711900fd3-01,2026-08-25,手机,device,诺基亚,诺基亚经典系列,8600,,,不开机屏好,30,元/台,,image,诺基亚.jpg,数码网报价单-0825更新/手机相关/诺基亚.jpg,1,1.0,visual_verified_same_as_0831_source
20260825-30eef067152ff99c9ad4-01,2026-08-25,手机,device,诺基亚,诺基亚经典系列,8600,,,废板-整机,7,元/台,,image,诺基亚.jpg,数码网报价单-0825更新/手机相关/诺基亚.jpg,1,1.0,visual_verified_same_as_0831_source
20260825-8d631608459ecf7f068e-01,2026-08-25,手机,device,诺基亚,诺基亚经典系列,800（三防手机）,,,开机屏好,130,元/台,,image,诺基亚.jpg,数码网报价单-0825更新/手机相关/诺基亚.jpg,1,1.0,visual_verified_same_as_0831_source
20260825-4c1709511bd22b73c408-01,2026-08-25,手机,device,诺基亚,诺基亚经典系列,800（三防手机）,,,开机屏坏,30,元/台,,image,诺基亚.jpg,数码网报价单-0825更新/手机相关/诺基亚.jpg,1,1.0,visual_verified_same_as_0831_source
20260825-06a32f73ae3f3379a0dc-01,2026-08-25,手机,device,诺基亚,诺基亚经典系列,800（三防手机）,,,不开机,10,元/台,,image,诺基亚.jpg,数码网报价单-0825更新/手机相关/诺基亚.jpg,1,1.0,visual_verified_same_as_0831_source
20260825-a91a0ca5f946bb0eece1-01,2026-08-25,手机,device,诺基亚,诺基亚经典系列,800（三防手机）,,,不开机屏好,10,元/台,,image,诺基亚.jpg,数码网报价单-0825更新/手机相关/诺基亚.jpg,1,1.0,visual_verified_same_as_0831_source
20260825-6824a4278227b3ac76b1-01,2026-08-25,手机,device,诺基亚,诺基亚经典系列,800（三防手机）,,,废板-整机,10,元/台,,image,诺基亚.jpg,数码网报价单-0825更新/手机相关/诺基亚.jpg,1,1.0,visual_verified_same_as_0831_source
20260825-bae38c07e3c2050f398c-01,2026-08-25,手机,device,诺基亚,经典数字/经典机,7900,,,开机屏好,50,元/台,,image,诺基亚.jpg,数码网报价单-0825更新/手机相关/诺基亚.jpg,1,1.0,visual_verified_same_as_0831_source
20260825-32c1ec31ce1bd0f33b75-01,2026-08-25,手机,device,诺基亚,经典数字/经典机,7900,,,开机屏坏,7,元/台,,image,诺基亚.jpg,数码网报价单-0825更新/手机相关/诺基亚.jpg,1,1.0,visual_verified_same_as_0831_source
20260825-41939402665aded71df5-01,2026-08-25,手机,device,诺基亚,经典数字/经典机,7900,,,不开机,7,元/台,,image,诺基亚.jpg,数码网报价单-0825更新/手机相关/诺基亚.jpg,1,1.0,visual_verified_same_as_0831_source
20260825-ce8167ccb112cdbf1612-01,2026-08-25,手机,device,诺基亚,经典数字/经典机,7900,,,不开机屏好,7,元/台,,image,诺基亚.jpg,数码网报价单-0825更新/手机相关/诺基亚.jpg,1,1.0,visual_verified_same_as_0831_source
20260825-71a3a904b893be017846-01,2026-08-25,手机,device,诺基亚,经典数字/经典机,7900,,,废板-整机,7,元/台,,image,诺基亚.jpg,数码网报价单-0825更新/手机相关/诺基亚.jpg,1,1.0,visual_verified_same_as_0831_source
20260825-8a9f64a851b6eb0b8b09-01,2026-08-25,手机,device,诺基亚,经典数字/经典机,6700c,,,开机屏好,20,元/台,,image,诺基亚.jpg,数码网报价单-0825更新/手机相关/诺基亚.jpg,1,1.0,visual_verified_same_as_0831_source
20260825-72c3bcbd4c13734a1900-01,2026-08-25,手机,device,诺基亚,经典数字/经典机,6700c,,,开机屏坏,20,元/台,,image,诺基亚.jpg,数码网报价单-0825更新/手机相关/诺基亚.jpg,1,1.0,visual_verified_same_as_0831_source
20260825-37eee25874a8982c057a-01,2026-08-25,手机,device,诺基亚,经典数字/经典机,6700c,,,不开机,20,元/台,,image,诺基亚.jpg,数码网报价单-0825更新/手机相关/诺基亚.jpg,1,1.0,visual_verified_same_as_0831_source
20260825-2361bfe8190e74b882e3-01,2026-08-25,手机,device,诺基亚,经典数字/经典机,6700c,,,不开机屏好,20,元/台,,image,诺基亚.jpg,数码网报价单-0825更新/手机相关/诺基亚.jpg,1,1.0,visual_verified_same_as_0831_source
20260825-ff83b16a9b67ec752213-01,2026-08-25,手机,device,诺基亚,经典数字/经典机,6700c,,,废板-整机,10,元/台,,image,诺基亚.jpg,数码网报价单-0825更新/手机相关/诺基亚.jpg,1,1.0,visual_verified_same_as_0831_source
20260825-18a35d5356025acb1385-01,2026-08-25,手机,device,诺基亚,经典数字/经典机,6第二代,,,开机屏好,30,元/台,,image,诺基亚.jpg,数码网报价单-0825更新/手机相关/诺基亚.jpg,1,1.0,visual_verified_same_as_0831_source
20260825-b45451834200bdf66d24-01,2026-08-25,手机,device,诺基亚,经典数字/经典机,6第二代,,,开机屏坏,30,元/台,,image,诺基亚.jpg,数码网报价单-0825更新/手机相关/诺基亚.jpg,1,1.0,visual_verified_same_as_0831_source
20260825-15391b0220dddb954d81-01,2026-08-25,手机,device,诺基亚,经典数字/经典机,6第二代,,,不开机,30,元/台,,image,诺基亚.jpg,数码网报价单-0825更新/手机相关/诺基亚.jpg,1,1.0,visual_verified_same_as_0831_source
20260825-9740bdebe159b0c3eb10-01,2026-08-25,手机,device,诺基亚,经典数字/经典机,6第二代,,,不开机屏好,30,元/台,,image,诺基亚.jpg,数码网报价单-0825更新/手机相关/诺基亚.jpg,1,1.0,visual_verified_same_as_0831_source
20260825-a3b114c943ad1c2e850a-01,2026-08-25,手机,device,诺基亚,经典数字/经典机,6第二代,,,废板-整机,20,元/台,,image,诺基亚.jpg,数码网报价单-0825更新/手机相关/诺基亚.jpg,1,1.0,visual_verified_same_as_0831_source
20260825-b0e1f86a4f4d8cd16733-01,2026-08-25,手机,device,诺基亚,经典数字/经典机,1148 越南版,,,开机屏好,50,元/台,,image,诺基亚.jpg,数码网报价单-0825更新/手机相关/诺基亚.jpg,1,1.0,visual_verified_same_as_0831_source
20260825-ef3b27bb5a2f431a8178-01,2026-08-25,手机,device,诺基亚,经典数字/经典机,1148 越南版,,,开机屏坏,15,元/台,,image,诺基亚.jpg,数码网报价单-0825更新/手机相关/诺基亚.jpg,1,1.0,visual_verified_same_as_0831_source
20260825-8c9b3c3729024b78176d-01,2026-08-25,手机,device,诺基亚,经典数字/经典机,1148 越南版,,,不开机,7,元/台,,image,诺基亚.jpg,数码网报价单-0825更新/手机相关/诺基亚.jpg,1,1.0,visual_verified_same_as_0831_source
20260825-cca361cb33cf06f22e7e-01,2026-08-25,手机,device,诺基亚,经典数字/经典机,1148 越南版,,,不开机屏好,7,元/台,,image,诺基亚.jpg,数码网报价单-0825更新/手机相关/诺基亚.jpg,1,1.0,visual_verified_same_as_0831_source
20260825-3090ae7082a2fcea9226-01,2026-08-25,手机,device,诺基亚,经典数字/经典机,1148 越南版,,,废板-整机,7,元/台,,image,诺基亚.jpg,数码网报价单-0825更新/手机相关/诺基亚.jpg,1,1.0,visual_verified_same_as_0831_source
20260825-a54e57fa59a1ba2b9322-01,2026-08-25,手机,device,诺基亚,经典数字/经典机,1278,,,开机屏好,50,元/台,,image,诺基亚.jpg,数码网报价单-0825更新/手机相关/诺基亚.jpg,1,1.0,visual_verified_same_as_0831_source
20260825-f038c6de4251fecfe9e2-01,2026-08-25,手机,device,诺基亚,经典数字/经典机,1278,,,开机屏坏,10,元/台,,image,诺基亚.jpg,数码网报价单-0825更新/手机相关/诺基亚.jpg,1,1.0,visual_verified_same_as_0831_source
20260825-445bdbd738637de9dd4f-01,2026-08-25,手机,device,诺基亚,经典数字/经典机,1278,,,不开机,6,元/台,,image,诺基亚.jpg,数码网报价单-0825更新/手机相关/诺基亚.jpg,1,1.0,visual_verified_same_as_0831_source
20260825-6b0cf4cce5b53c89b0d0-01,2026-08-25,手机,device,诺基亚,经典数字/经典机,1278,,,不开机屏好,6,元/台,,image,诺基亚.jpg,数码网报价单-0825更新/手机相关/诺基亚.jpg,1,1.0,visual_verified_same_as_0831_source
20260825-358e51263006befba3a9-01,2026-08-25,手机,device,诺基亚,经典数字/经典机,1278,,,废板-整机,6,元/台,,image,诺基亚.jpg,数码网报价单-0825更新/手机相关/诺基亚.jpg,1,1.0,visual_verified_same_as_0831_source
20260825-3925725acec1a9965518-01,2026-08-25,手机,device,诺基亚,经典数字/经典机,1170,,,开机屏好,40,元/台,,image,诺基亚.jpg,数码网报价单-0825更新/手机相关/诺基亚.jpg,1,1.0,visual_verified_same_as_0831_source
20260825-840ca17d7659e26a1df8-01,2026-08-25,手机,device,诺基亚,经典数字/经典机,1170,,,开机屏坏,10,元/台,,image,诺基亚.jpg,数码网报价单-0825更新/手机相关/诺基亚.jpg,1,1.0,visual_verified_same_as_0831_source
20260825-a5297d03d2ad2e3dfb64-01,2026-08-25,手机,device,诺基亚,经典数字/经典机,1170,,,不开机,10,元/台,,image,诺基亚.jpg,数码网报价单-0825更新/手机相关/诺基亚.jpg,1,1.0,visual_verified_same_as_0831_source
20260825-e02ad0c6c6f5d85572cb-01,2026-08-25,手机,device,诺基亚,经典数字/经典机,1170,,,不开机屏好,10,元/台,,image,诺基亚.jpg,数码网报价单-0825更新/手机相关/诺基亚.jpg,1,1.0,visual_verified_same_as_0831_source
20260825-e3205b5c87f6787cf4f6-01,2026-08-25,手机,device,诺基亚,经典数字/经典机,1170,,,废板-整机,10,元/台,,image,诺基亚.jpg,数码网报价单-0825更新/手机相关/诺基亚.jpg,1,1.0,visual_verified_same_as_0831_source
20260825-4f3d3151b3894e3d4475-01,2026-08-25,手机,device,诺基亚,经典数字/经典机,1020,,,开机屏好,20,元/台,,image,诺基亚.jpg,数码网报价单-0825更新/手机相关/诺基亚.jpg,1,1.0,visual_verified_same_as_0831_source
20260825-89d54753a0d1f03aaab8-01,2026-08-25,手机,device,诺基亚,经典数字/经典机,1020,,,开机屏坏,10,元/台,,image,诺基亚.jpg,数码网报价单-0825更新/手机相关/诺基亚.jpg,1,1.0,visual_verified_same_as_0831_source
20260825-8c58b7b6d24ad6ac7e00-01,2026-08-25,手机,device,诺基亚,经典数字/经典机,1020,,,不开机,10,元/台,,image,诺基亚.jpg,数码网报价单-0825更新/手机相关/诺基亚.jpg,1,1.0,visual_verified_same_as_0831_source
20260825-c6389796e9f11330b960-01,2026-08-25,手机,device,诺基亚,经典数字/经典机,1020,,,不开机屏好,20,元/台,,image,诺基亚.jpg,数码网报价单-0825更新/手机相关/诺基亚.jpg,1,1.0,visual_verified_same_as_0831_source
20260825-da05d9bd9215e779a20a-01,2026-08-25,手机,device,诺基亚,经典数字/经典机,1020,,,废板-整机,10,元/台,,image,诺基亚.jpg,数码网报价单-0825更新/手机相关/诺基亚.jpg,1,1.0,visual_verified_same_as_0831_source
20260825-eb85f33fa7d326e5faaa-01,2026-08-25,手机,device,诺基亚,经典数字/经典机,952,,,开机屏好,25,元/台,,image,诺基亚.jpg,数码网报价单-0825更新/手机相关/诺基亚.jpg,1,1.0,visual_verified_same_as_0831_source
20260825-9dc06f7cfe4d99bce3f1-01,2026-08-25,手机,device,诺基亚,经典数字/经典机,952,,,开机屏坏,25,元/台,,image,诺基亚.jpg,数码网报价单-0825更新/手机相关/诺基亚.jpg,1,1.0,visual_verified_same_as_0831_source
20260825-fd97e073d9d94ceb996c-01,2026-08-25,手机,device,诺基亚,经典数字/经典机,952,,,不开机,25,元/台,,image,诺基亚.jpg,数码网报价单-0825更新/手机相关/诺基亚.jpg,1,1.0,visual_verified_same_as_0831_source
20260825-67fcb2297396d5b13269-01,2026-08-25,手机,device,诺基亚,经典数字/经典机,952,,,不开机屏好,25,元/台,,image,诺基亚.jpg,数码网报价单-0825更新/手机相关/诺基亚.jpg,1,1.0,visual_verified_same_as_0831_source
20260825-00cc9374307a1177151a-01,2026-08-25,手机,device,诺基亚,经典数字/经典机,952,,,废板-整机,7,元/台,,image,诺基亚.jpg,数码网报价单-0825更新/手机相关/诺基亚.jpg,1,1.0,visual_verified_same_as_0831_source
20260825-ea6c7e147477facdd370-01,2026-08-25,手机,device,诺基亚,经典数字/经典机,808,,,开机屏好,20,元/台,,image,诺基亚.jpg,数码网报价单-0825更新/手机相关/诺基亚.jpg,1,1.0,visual_verified_same_as_0831_source
20260825-6fb3c252652bad43b205-01,2026-08-25,手机,device,诺基亚,经典数字/经典机,808,,,开机屏坏,7,元/台,,image,诺基亚.jpg,数码网报价单-0825更新/手机相关/诺基亚.jpg,1,1.0,visual_verified_same_as_0831_source
20260825-9d5d941f020b2389201a-01,2026-08-25,手机,device,诺基亚,经典数字/经典机,808,,,不开机,7,元/台,,image,诺基亚.jpg,数码网报价单-0825更新/手机相关/诺基亚.jpg,1,1.0,visual_verified_same_as_0831_source
20260825-cca7ca05ccf794a664c4-01,2026-08-25,手机,device,诺基亚,经典数字/经典机,808,,,不开机屏好,7,元/台,,image,诺基亚.jpg,数码网报价单-0825更新/手机相关/诺基亚.jpg,1,1.0,visual_verified_same_as_0831_source
20260825-1c4ab404338d41bb52eb-01,2026-08-25,手机,device,诺基亚,经典数字/经典机,808,,,废板-整机,7,元/台,,image,诺基亚.jpg,数码网报价单-0825更新/手机相关/诺基亚.jpg,1,1.0,visual_verified_same_as_0831_source
20260825-028ab4ec384bc30840d8-01,2026-08-25,手机,device,诺基亚,诺基亚TA系列,诺基亚TA-1553,,,开机屏好,40,元/台,,image,诺基亚.jpg,数码网报价单-0825更新/手机相关/诺基亚.jpg,1,1.0,visual_verified_same_as_0831_source
20260825-0a8512f2377ffedac80b-01,2026-08-25,手机,device,诺基亚,诺基亚TA系列,诺基亚TA-1553,,,不开机,8,元/台,,image,诺基亚.jpg,数码网报价单-0825更新/手机相关/诺基亚.jpg,1,1.0,visual_verified_same_as_0831_source
20260825-c627fe6b46ca599cdcf6-01,2026-08-25,手机,device,诺基亚,诺基亚TA系列,诺基亚TA-1553,,,不带电池,35,元/台,,image,诺基亚.jpg,数码网报价单-0825更新/手机相关/诺基亚.jpg,1,1.0,visual_verified_same_as_0831_source
20260825-92859e2a56a6a44fb7c7-01,2026-08-25,手机,device,诺基亚,诺基亚TA系列,诺基亚TA-1311,,,开机屏好,130,元/台,,image,诺基亚.jpg,数码网报价单-0825更新/手机相关/诺基亚.jpg,1,1.0,visual_verified_same_as_0831_source
20260825-e89b59a598fddb7c698c-01,2026-08-25,手机,device,诺基亚,诺基亚TA系列,诺基亚TA-1311,,,不开机,8,元/台,,image,诺基亚.jpg,数码网报价单-0825更新/手机相关/诺基亚.jpg,1,1.0,visual_verified_same_as_0831_source
20260825-855d95c868ee79adb69c-01,2026-08-25,手机,device,诺基亚,诺基亚TA系列,诺基亚TA-1311,,,不带电池,8,元/台,,image,诺基亚.jpg,数码网报价单-0825更新/手机相关/诺基亚.jpg,1,1.0,visual_verified_same_as_0831_source
20260825-790658b7350c8e7929a1-01,2026-08-25,手机,device,诺基亚,诺基亚TA系列,诺基亚TA-1287,,,开机屏好,50,元/台,,image,诺基亚.jpg,数码网报价单-0825更新/手机相关/诺基亚.jpg,1,1.0,visual_verified_same_as_0831_source
20260825-c4401edb92ee8ce76585-01,2026-08-25,手机,device,诺基亚,诺基亚TA系列,诺基亚TA-1287,,,不开机,8,元/台,,image,诺基亚.jpg,数码网报价单-0825更新/手机相关/诺基亚.jpg,1,1.0,visual_verified_same_as_0831_source
20260825-50b7099fbd71e260465f-01,2026-08-25,手机,device,诺基亚,诺基亚TA系列,诺基亚TA-1287,,,不带电池,8,元/台,,image,诺基亚.jpg,数码网报价单-0825更新/手机相关/诺基亚.jpg,1,1.0,visual_verified_same_as_0831_source
20260825-590f639cc8c097db787d-01,2026-08-25,手机,device,诺基亚,Nokia智能系列,Nokia x7,,,开机屏好,30,元/台,,image,诺基亚.jpg,数码网报价单-0825更新/手机相关/诺基亚.jpg,1,1.0,visual_verified_same_as_0831_source
20260825-9171f941988fec0dc331-01,2026-08-25,手机,device,诺基亚,Nokia智能系列,Nokia x7,,,开机屏坏,30,元/台,,image,诺基亚.jpg,数码网报价单-0825更新/手机相关/诺基亚.jpg,1,1.0,visual_verified_same_as_0831_source
20260825-1e2b8c1013a7797c93db-01,2026-08-25,手机,device,诺基亚,Nokia智能系列,Nokia x7,,,不开机,30,元/台,,image,诺基亚.jpg,数码网报价单-0825更新/手机相关/诺基亚.jpg,1,1.0,visual_verified_same_as_0831_source
20260825-b8a84194b6247a73a7ed-01,2026-08-25,手机,device,诺基亚,Nokia智能系列,Nokia x7,,,不开机屏好,30,元/台,,image,诺基亚.jpg,数码网报价单-0825更新/手机相关/诺基亚.jpg,1,1.0,visual_verified_same_as_0831_source
20260825-effcf3e7f67c1bb8d6cc-01,2026-08-25,手机,device,诺基亚,Nokia智能系列,Nokia x7,,,废板-整机,30,元/台,,image,诺基亚.jpg,数码网报价单-0825更新/手机相关/诺基亚.jpg,1,1.0,visual_verified_same_as_0831_source
20260825-de1263889b46c04d8ac7-01,2026-08-25,手机,device,诺基亚,Nokia智能系列,X6 有指纹版,,,开机屏好,90,元/台,,image,诺基亚.jpg,数码网报价单-0825更新/手机相关/诺基亚.jpg,1,1.0,visual_verified_same_as_0831_source
20260825-786bddb826b6959a8d0e-01,2026-08-25,手机,device,诺基亚,Nokia智能系列,X6 有指纹版,,,开机屏坏,90,元/台,,image,诺基亚.jpg,数码网报价单-0825更新/手机相关/诺基亚.jpg,1,1.0,visual_verified_same_as_0831_source
20260825-739a8c9dc8967e8d7325-01,2026-08-25,手机,device,诺基亚,Nokia智能系列,X6 有指纹版,,,不开机,90,元/台,,image,诺基亚.jpg,数码网报价单-0825更新/手机相关/诺基亚.jpg,1,1.0,visual_verified_same_as_0831_source
20260825-31e3b2daacfabb951da5-01,2026-08-25,手机,device,诺基亚,Nokia智能系列,X6 有指纹版,,,不开机屏好,90,元/台,,image,诺基亚.jpg,数码网报价单-0825更新/手机相关/诺基亚.jpg,1,1.0,visual_verified_same_as_0831_source
20260825-98a38cdfd0a7b59a4378-01,2026-08-25,手机,device,诺基亚,Nokia智能系列,X6 有指纹版,,,废板-整机,40,元/台,,image,诺基亚.jpg,数码网报价单-0825更新/手机相关/诺基亚.jpg,1,1.0,visual_verified_same_as_0831_source
20260825-18d3f1af681713068d66-01,2026-08-25,手机,device,诺基亚,Nokia智能系列,X6 无指纹版,,,开机屏好,30,元/台,,image,诺基亚.jpg,数码网报价单-0825更新/手机相关/诺基亚.jpg,1,1.0,visual_verified_same_as_0831_source
20260825-848a6bd89e71a7fbed41-01,2026-08-25,手机,device,诺基亚,Nokia智能系列,X6 无指纹版,,,开机屏坏,30,元/台,,image,诺基亚.jpg,数码网报价单-0825更新/手机相关/诺基亚.jpg,1,1.0,visual_verified_same_as_0831_source
20260825-ecb806594f2c5509a73f-01,2026-08-25,手机,device,诺基亚,Nokia智能系列,X6 无指纹版,,,不开机,30,元/台,,image,诺基亚.jpg,数码网报价单-0825更新/手机相关/诺基亚.jpg,1,1.0,visual_verified_same_as_0831_source
20260825-a65d987c1068ccb03df8-01,2026-08-25,手机,device,诺基亚,Nokia智能系列,X6 无指纹版,,,不开机屏好,30,元/台,,image,诺基亚.jpg,数码网报价单-0825更新/手机相关/诺基亚.jpg,1,1.0,visual_verified_same_as_0831_source
20260825-73753a077f658bb1d62e-01,2026-08-25,手机,device,诺基亚,Nokia智能系列,X6 无指纹版,,,废板-整机,30,元/台,,image,诺基亚.jpg,数码网报价单-0825更新/手机相关/诺基亚.jpg,1,1.0,visual_verified_same_as_0831_source
20260825-24d16211794446a74898-01,2026-08-25,手机,device,诺基亚,Nokia智能系列,Nokia x5,,,开机屏好,30,元/台,,image,诺基亚.jpg,数码网报价单-0825更新/手机相关/诺基亚.jpg,1,1.0,visual_verified_same_as_0831_source
20260825-bc1fb8a1d02c6a8af3d6-01,2026-08-25,手机,device,诺基亚,Nokia智能系列,Nokia x5,,,开机屏坏,30,元/台,,image,诺基亚.jpg,数码网报价单-0825更新/手机相关/诺基亚.jpg,1,1.0,visual_verified_same_as_0831_source
20260825-3c20f2477c4a1b738008-01,2026-08-25,手机,device,诺基亚,Nokia智能系列,Nokia x5,,,不开机,30,元/台,,image,诺基亚.jpg,数码网报价单-0825更新/手机相关/诺基亚.jpg,1,1.0,visual_verified_same_as_0831_source
20260825-1bd0849a1c8e73b06a5b-01,2026-08-25,手机,device,诺基亚,Nokia智能系列,Nokia x5,,,不开机屏好,30,元/台,,image,诺基亚.jpg,数码网报价单-0825更新/手机相关/诺基亚.jpg,1,1.0,visual_verified_same_as_0831_source
20260825-1b545214ef64dfa7f166-01,2026-08-25,手机,device,诺基亚,Nokia智能系列,Nokia x5,,,废板-整机,30,元/台,,image,诺基亚.jpg,数码网报价单-0825更新/手机相关/诺基亚.jpg,1,1.0,visual_verified_same_as_0831_source
20260825-c2e067558570ba6919af-01,2026-08-25,手机,device,诺基亚,Nokia智能系列,Nokia7全网,,,开机屏好,30,元/台,,image,诺基亚.jpg,数码网报价单-0825更新/手机相关/诺基亚.jpg,1,1.0,visual_verified_same_as_0831_source
20260825-085b6d77ae6acc7dd120-01,2026-08-25,手机,device,诺基亚,Nokia智能系列,Nokia7全网,,,开机屏坏,30,元/台,,image,诺基亚.jpg,数码网报价单-0825更新/手机相关/诺基亚.jpg,1,1.0,visual_verified_same_as_0831_source
20260825-baa984b98ba48163a83a-01,2026-08-25,手机,device,诺基亚,Nokia智能系列,Nokia7全网,,,不开机,30,元/台,,image,诺基亚.jpg,数码网报价单-0825更新/手机相关/诺基亚.jpg,1,1.0,visual_verified_same_as_0831_source
20260825-788b172f321eb83cac7c-01,2026-08-25,手机,device,诺基亚,Nokia智能系列,Nokia7全网,,,不开机屏好,30,元/台,,image,诺基亚.jpg,数码网报价单-0825更新/手机相关/诺基亚.jpg,1,1.0,visual_verified_same_as_0831_source
20260825-85d18db5a64687cec1ed-01,2026-08-25,手机,device,诺基亚,Nokia智能系列,Nokia7全网,,,废板-整机,30,元/台,,image,诺基亚.jpg,数码网报价单-0825更新/手机相关/诺基亚.jpg,1,1.0,visual_verified_same_as_0831_source
20260825-e86a1265012d1e35b9e4-01,2026-08-25,手机,device,诺基亚,Nokia智能系列,Nokia 7plus,,,开机屏好,30,元/台,,image,诺基亚.jpg,数码网报价单-0825更新/手机相关/诺基亚.jpg,1,1.0,visual_verified_same_as_0831_source
20260825-1f9508ae449f8e453c35-01,2026-08-25,手机,device,诺基亚,Nokia智能系列,Nokia 7plus,,,开机屏坏,30,元/台,,image,诺基亚.jpg,数码网报价单-0825更新/手机相关/诺基亚.jpg,1,1.0,visual_verified_same_as_0831_source
20260825-3b0aeb37ea17f694d298-01,2026-08-25,手机,device,诺基亚,Nokia智能系列,Nokia 7plus,,,不开机,30,元/台,,image,诺基亚.jpg,数码网报价单-0825更新/手机相关/诺基亚.jpg,1,1.0,visual_verified_same_as_0831_source
20260825-3896a72d6ae0d5a8b2fe-01,2026-08-25,手机,device,诺基亚,Nokia智能系列,Nokia 7plus,,,不开机屏好,30,元/台,,image,诺基亚.jpg,数码网报价单-0825更新/手机相关/诺基亚.jpg,1,1.0,visual_verified_same_as_0831_source
20260825-5baae7007d2a33c58c99-01,2026-08-25,手机,device,诺基亚,Nokia智能系列,Nokia 7plus,,,废板-整机,30,元/台,,image,诺基亚.jpg,数码网报价单-0825更新/手机相关/诺基亚.jpg,1,1.0,visual_verified_same_as_0831_source
20260825-4d4150d6a3cba5d03e55-01,2026-08-25,手机,device,诺基亚,Nokia智能系列,Nokia6全网,,,开机屏好,30,元/台,,image,诺基亚.jpg,数码网报价单-0825更新/手机相关/诺基亚.jpg,1,1.0,visual_verified_same_as_0831_source
20260825-3023e2e6d2df6c30d0d8-01,2026-08-25,手机,device,诺基亚,Nokia智能系列,Nokia6全网,,,开机屏坏,30,元/台,,image,诺基亚.jpg,数码网报价单-0825更新/手机相关/诺基亚.jpg,1,1.0,visual_verified_same_as_0831_source
20260825-5c15974806c64354777b-01,2026-08-25,手机,device,诺基亚,Nokia智能系列,Nokia6全网,,,不开机,30,元/台,,image,诺基亚.jpg,数码网报价单-0825更新/手机相关/诺基亚.jpg,1,1.0,visual_verified_same_as_0831_source
20260825-ffeacdd9b5665a3974e4-01,2026-08-25,手机,device,诺基亚,Nokia智能系列,Nokia6全网,,,不开机屏好,30,元/台,,image,诺基亚.jpg,数码网报价单-0825更新/手机相关/诺基亚.jpg,1,1.0,visual_verified_same_as_0831_source
20260825-8ca46ebee55267164356-01,2026-08-25,手机,device,诺基亚,Nokia智能系列,Nokia6全网,,,废板-整机,20,元/台,,image,诺基亚.jpg,数码网报价单-0825更新/手机相关/诺基亚.jpg,1,1.0,visual_verified_same_as_0831_source
20260825-9f692ae0f177e5b6a9e6-01,2026-08-25,手机,device,诺基亚,Nokia智能系列,诺基亚 C31,,,开机屏好,90,元/台,,image,诺基亚.jpg,数码网报价单-0825更新/手机相关/诺基亚.jpg,1,1.0,visual_verified_same_as_0831_source
20260825-51b29c790496fc764c60-01,2026-08-25,手机,device,诺基亚,Nokia智能系列,诺基亚 C31,,,开机屏坏,45,元/台,,image,诺基亚.jpg,数码网报价单-0825更新/手机相关/诺基亚.jpg,1,1.0,visual_verified_same_as_0831_source
20260825-316e93742fbfb7760bbf-01,2026-08-25,手机,device,诺基亚,Nokia智能系列,诺基亚 C31,,,不开机,25,元/台,,image,诺基亚.jpg,数码网报价单-0825更新/手机相关/诺基亚.jpg,1,1.0,visual_verified_same_as_0831_source
20260825-571e85b82f1bfbb235c5-01,2026-08-25,手机,device,诺基亚,Nokia智能系列,诺基亚 C31,,,不开机屏好,/,元/台,,image,诺基亚.jpg,数码网报价单-0825更新/手机相关/诺基亚.jpg,1,1.0,visual_verified_same_as_0831_source
20260825-b4100b3956f727e7b313-01,2026-08-25,手机,device,诺基亚,Nokia智能系列,诺基亚 C31,,,废板-整机,25,元/台,,image,诺基亚.jpg,数码网报价单-0825更新/手机相关/诺基亚.jpg,1,1.0,visual_verified_same_as_0831_source
20260825-7ce4564ee2e49c85054e-01,2026-08-25,手机,device,诺基亚,E系列,N8,,,开机屏好,40,元/台,,image,诺基亚.jpg,数码网报价单-0825更新/手机相关/诺基亚.jpg,1,1.0,visual_verified_same_as_0831_source
20260825-db912838c5fd2e7dd891-01,2026-08-25,手机,device,诺基亚,E系列,N8,,,开机屏好外屏碎,30,元/台,,image,诺基亚.jpg,数码网报价单-0825更新/手机相关/诺基亚.jpg,1,1.0,visual_verified_same_as_0831_source
20260825-41a96005c658e2372e14-01,2026-08-25,手机,device,诺基亚,E系列,N8,,,开机屏坏,30,元/台,,image,诺基亚.jpg,数码网报价单-0825更新/手机相关/诺基亚.jpg,1,1.0,visual_verified_same_as_0831_source
20260825-b56f6b3d5449e295afed-01,2026-08-25,手机,device,诺基亚,E系列,N8,,,不开机,/,元/台,,image,诺基亚.jpg,数码网报价单-0825更新/手机相关/诺基亚.jpg,1,1.0,visual_verified_same_as_0831_source
20260825-5a9140907de91ce37236-01,2026-08-25,手机,device,诺基亚,E系列,E90,,,开机屏好,30,元/台,,image,诺基亚.jpg,数码网报价单-0825更新/手机相关/诺基亚.jpg,1,1.0,visual_verified_same_as_0831_source
20260825-2bad07d90657a1097150-01,2026-08-25,手机,device,诺基亚,E系列,E90,,,开机屏好外屏碎,/,元/台,,image,诺基亚.jpg,数码网报价单-0825更新/手机相关/诺基亚.jpg,1,1.0,visual_verified_same_as_0831_source
20260825-5020a018d642400aba4a-01,2026-08-25,手机,device,诺基亚,E系列,E90,,,开机屏坏,30,元/台,,image,诺基亚.jpg,数码网报价单-0825更新/手机相关/诺基亚.jpg,1,1.0,visual_verified_same_as_0831_source
20260825-f3a064d4b0f96a85a32c-01,2026-08-25,手机,device,诺基亚,E系列,E90,,,不开机,30,元/台,,image,诺基亚.jpg,数码网报价单-0825更新/手机相关/诺基亚.jpg,1,1.0,visual_verified_same_as_0831_source
20260825-d9b313752f377d75d4cc-01,2026-08-25,手机,device,诺基亚,E系列,E90,,,不开机屏好,30,元/台,,image,诺基亚.jpg,数码网报价单-0825更新/手机相关/诺基亚.jpg,1,1.0,visual_verified_same_as_0831_source
20260825-503eb8dd5a108803a1ba-01,2026-08-25,手机,device,诺基亚,E系列,E72,,,开机屏好,16,元/台,,image,诺基亚.jpg,数码网报价单-0825更新/手机相关/诺基亚.jpg,1,1.0,visual_verified_same_as_0831_source
20260825-54fca424901b703ca6de-01,2026-08-25,手机,device,诺基亚,E系列,E72,,,开机屏好外屏碎,/,元/台,,image,诺基亚.jpg,数码网报价单-0825更新/手机相关/诺基亚.jpg,1,1.0,visual_verified_same_as_0831_source
20260825-f16aef778b989b24e7c9-01,2026-08-25,手机,device,诺基亚,E系列,E72,,,开机屏坏,16,元/台,,image,诺基亚.jpg,数码网报价单-0825更新/手机相关/诺基亚.jpg,1,1.0,visual_verified_same_as_0831_source
20260825-3aa42e7fb4003c9a838f-01,2026-08-25,手机,device,诺基亚,E系列,E72,,,不开机,16,元/台,,image,诺基亚.jpg,数码网报价单-0825更新/手机相关/诺基亚.jpg,1,1.0,visual_verified_same_as_0831_source
20260825-df2d7dfbee7e919e8d51-01,2026-08-25,手机,device,诺基亚,E系列,E72,,,不开机屏好,16,元/台,,image,诺基亚.jpg,数码网报价单-0825更新/手机相关/诺基亚.jpg,1,1.0,visual_verified_same_as_0831_source
20260825-12faad4d582453f0e815-01,2026-08-25,手机,device,诺基亚,E系列,E71,,,开机屏好,16,元/台,,image,诺基亚.jpg,数码网报价单-0825更新/手机相关/诺基亚.jpg,1,1.0,visual_verified_same_as_0831_source
20260825-5f937e263cad765d48f9-01,2026-08-25,手机,device,诺基亚,E系列,E71,,,开机屏好外屏碎,/,元/台,,image,诺基亚.jpg,数码网报价单-0825更新/手机相关/诺基亚.jpg,1,1.0,visual_verified_same_as_0831_source
20260825-e32799ac5593e88bae45-01,2026-08-25,手机,device,诺基亚,E系列,E71,,,开机屏坏,16,元/台,,image,诺基亚.jpg,数码网报价单-0825更新/手机相关/诺基亚.jpg,1,1.0,visual_verified_same_as_0831_source
20260825-869e6b5ec6910aecf340-01,2026-08-25,手机,device,诺基亚,E系列,E71,,,不开机,16,元/台,,image,诺基亚.jpg,数码网报价单-0825更新/手机相关/诺基亚.jpg,1,1.0,visual_verified_same_as_0831_source
20260825-a8f2286880b9e1191112-01,2026-08-25,手机,device,诺基亚,E系列,E71,,,不开机屏好,16,元/台,,image,诺基亚.jpg,数码网报价单-0825更新/手机相关/诺基亚.jpg,1,1.0,visual_verified_same_as_0831_source
20260825-d3e24aec6d1570f5ce02-01,2026-08-25,手机,device,诺基亚,E系列,E63,,,开机屏好,15,元/台,,image,诺基亚.jpg,数码网报价单-0825更新/手机相关/诺基亚.jpg,1,1.0,visual_verified_same_as_0831_source
20260825-c01e965e3e6983166ca4-01,2026-08-25,手机,device,诺基亚,E系列,E63,,,开机屏好外屏碎,/,元/台,,image,诺基亚.jpg,数码网报价单-0825更新/手机相关/诺基亚.jpg,1,1.0,visual_verified_same_as_0831_source
20260825-5f33d217c16fe2d1cda0-01,2026-08-25,手机,device,诺基亚,E系列,E63,,,开机屏坏,15,元/台,,image,诺基亚.jpg,数码网报价单-0825更新/手机相关/诺基亚.jpg,1,1.0,visual_verified_same_as_0831_source
20260825-a473e540b4c0d5245a2e-01,2026-08-25,手机,device,诺基亚,E系列,E63,,,不开机,15,元/台,,image,诺基亚.jpg,数码网报价单-0825更新/手机相关/诺基亚.jpg,1,1.0,visual_verified_same_as_0831_source
20260825-4e4f65b26b7bb41e58b1-01,2026-08-25,手机,device,诺基亚,E系列,E63,,,不开机屏好,15,元/台,,image,诺基亚.jpg,数码网报价单-0825更新/手机相关/诺基亚.jpg,1,1.0,visual_verified_same_as_0831_source
20260825-932697359ec75c2bd665-01,2026-08-25,手机,device,诺基亚,点数系列,诺基亚 1322,,,开机屏好,/,元/台,,image,诺基亚.jpg,数码网报价单-0825更新/手机相关/诺基亚.jpg,1,1.0,visual_verified_same_as_0831_source
20260825-c44d0b1fc97c1ce70d97-01,2026-08-25,手机,device,诺基亚,点数系列,诺基亚 1322,,,开机屏好外屏碎,/,元/台,,image,诺基亚.jpg,数码网报价单-0825更新/手机相关/诺基亚.jpg,1,1.0,visual_verified_same_as_0831_source
20260825-e8a180da3afba9002564-01,2026-08-25,手机,device,诺基亚,点数系列,诺基亚 1322,,,开机屏坏,/,元/台,,image,诺基亚.jpg,数码网报价单-0825更新/手机相关/诺基亚.jpg,1,1.0,visual_verified_same_as_0831_source
20260825-fc98b16f7f97e68b0a5b-01,2026-08-25,手机,device,诺基亚,点数系列,诺基亚 1322,,,不开机,/,元/台,,image,诺基亚.jpg,数码网报价单-0825更新/手机相关/诺基亚.jpg,1,1.0,visual_verified_same_as_0831_source
20260825-4099fd07318461caa67a-01,2026-08-25,手机,device,诺基亚,点数系列,6300,,,开机屏好,15,元/台,,image,诺基亚.jpg,数码网报价单-0825更新/手机相关/诺基亚.jpg,1,1.0,visual_verified_same_as_0831_source
20260825-be6af9fb7d6dec1e73f8-01,2026-08-25,手机,device,诺基亚,点数系列,6300,,,开机屏坏,15,元/台,,image,诺基亚.jpg,数码网报价单-0825更新/手机相关/诺基亚.jpg,1,1.0,visual_verified_same_as_0831_source
20260825-5c8daccae2bb1ad5b54b-01,2026-08-25,手机,device,诺基亚,点数系列,6300,,,不开机,15,元/台,,image,诺基亚.jpg,数码网报价单-0825更新/手机相关/诺基亚.jpg,1,1.0,visual_verified_same_as_0831_source
20260825-e91c5d7732f950e165a9-01,2026-08-25,手机,device,诺基亚,点数系列,6300,,,不开机屏好,15,元/台,,image,诺基亚.jpg,数码网报价单-0825更新/手机相关/诺基亚.jpg,1,1.0,visual_verified_same_as_0831_source
20260825-d48ee98b61f289f9601e-01,2026-08-25,手机,device,诺基亚,点数系列,C20 PLUS,,,开机屏好,15,元/台,,image,诺基亚.jpg,数码网报价单-0825更新/手机相关/诺基亚.jpg,1,1.0,visual_verified_same_as_0831_source
20260825-10f8267ffcb576ae560e-01,2026-08-25,手机,device,诺基亚,点数系列,C20 PLUS,,,开机屏坏,15,元/台,,image,诺基亚.jpg,数码网报价单-0825更新/手机相关/诺基亚.jpg,1,1.0,visual_verified_same_as_0831_source
20260825-9cd3b0238d26b3fdda3d-01,2026-08-25,手机,device,诺基亚,点数系列,C20 PLUS,,,不开机,15,元/台,,image,诺基亚.jpg,数码网报价单-0825更新/手机相关/诺基亚.jpg,1,1.0,visual_verified_same_as_0831_source
20260825-3a40a23c73549d8bc3ff-01,2026-08-25,手机,device,诺基亚,点数系列,C20 PLUS,,,不开机屏好,15,元/台,,image,诺基亚.jpg,数码网报价单-0825更新/手机相关/诺基亚.jpg,1,1.0,visual_verified_same_as_0831_source
20260825-4b18f6c6d62e1ee88bd9-01,2026-08-25,手机,device,诺基亚,点数系列,RM-976,,,开机屏好,7,元/台,,image,诺基亚.jpg,数码网报价单-0825更新/手机相关/诺基亚.jpg,1,1.0,visual_verified_same_as_0831_source
20260825-be1a9cf6c0c7a9188844-01,2026-08-25,手机,device,诺基亚,点数系列,RM-976,,,开机屏坏,7,元/台,,image,诺基亚.jpg,数码网报价单-0825更新/手机相关/诺基亚.jpg,1,1.0,visual_verified_same_as_0831_source
20260825-9d864f8a40575efdb14a-01,2026-08-25,手机,device,诺基亚,点数系列,RM-976,,,不开机,7,元/台,,image,诺基亚.jpg,数码网报价单-0825更新/手机相关/诺基亚.jpg,1,1.0,visual_verified_same_as_0831_source
20260825-6a4d2311c149b6b16a4b-01,2026-08-25,手机,device,诺基亚,点数系列,RM-976,,,不开机屏好,7,元/台,,image,诺基亚.jpg,数码网报价单-0825更新/手机相关/诺基亚.jpg,1,1.0,visual_verified_same_as_0831_source
20260825-78129d185283285eb9fb-01,2026-08-25,手机,device,诺基亚,点数系列,RM-975,,,开机屏好,7,元/台,,image,诺基亚.jpg,数码网报价单-0825更新/手机相关/诺基亚.jpg,1,1.0,visual_verified_same_as_0831_source
20260825-7c54353a4ba762a23b20-01,2026-08-25,手机,device,诺基亚,点数系列,RM-975,,,开机屏坏,7,元/台,,image,诺基亚.jpg,数码网报价单-0825更新/手机相关/诺基亚.jpg,1,1.0,visual_verified_same_as_0831_source
20260825-5db8525318b49fd19798-01,2026-08-25,手机,device,诺基亚,点数系列,RM-975,,,不开机,7,元/台,,image,诺基亚.jpg,数码网报价单-0825更新/手机相关/诺基亚.jpg,1,1.0,visual_verified_same_as_0831_source
20260825-e2d0c6957bd78a2dee03-01,2026-08-25,手机,device,诺基亚,点数系列,RM-975,,,不开机屏好,7,元/台,,image,诺基亚.jpg,数码网报价单-0825更新/手机相关/诺基亚.jpg,1,1.0,visual_verified_same_as_0831_source
20260825-29777ab18022b6b20702-01,2026-08-25,手机,device,诺基亚,点数系列,RM-949,,,开机屏好,7,元/台,,image,诺基亚.jpg,数码网报价单-0825更新/手机相关/诺基亚.jpg,1,1.0,visual_verified_same_as_0831_source
20260825-dc6b7329e68cb9c8f7cb-01,2026-08-25,手机,device,诺基亚,点数系列,RM-949,,,开机屏坏,7,元/台,,image,诺基亚.jpg,数码网报价单-0825更新/手机相关/诺基亚.jpg,1,1.0,visual_verified_same_as_0831_source
20260825-979890116576c6cb32a3-01,2026-08-25,手机,device,诺基亚,点数系列,RM-949,,,不开机,7,元/台,,image,诺基亚.jpg,数码网报价单-0825更新/手机相关/诺基亚.jpg,1,1.0,visual_verified_same_as_0831_source
20260825-7dbececa63817d1a6fd6-01,2026-08-25,手机,device,诺基亚,点数系列,RM-949,,,不开机屏好,7,元/台,,image,诺基亚.jpg,数码网报价单-0825更新/手机相关/诺基亚.jpg,1,1.0,visual_verified_same_as_0831_source
20260825-9a6a5a3da80f44fd1505-01,2026-08-25,手机,device,诺基亚,点数系列,RM-925,,,开机屏好,7,元/台,,image,诺基亚.jpg,数码网报价单-0825更新/手机相关/诺基亚.jpg,1,1.0,visual_verified_same_as_0831_source
20260825-ae3ed699416d3c28ff20-01,2026-08-25,手机,device,诺基亚,点数系列,RM-925,,,开机屏坏,7,元/台,,image,诺基亚.jpg,数码网报价单-0825更新/手机相关/诺基亚.jpg,1,1.0,visual_verified_same_as_0831_source
20260825-93e470a8979ee5857f28-01,2026-08-25,手机,device,诺基亚,点数系列,RM-925,,,不开机,7,元/台,,image,诺基亚.jpg,数码网报价单-0825更新/手机相关/诺基亚.jpg,1,1.0,visual_verified_same_as_0831_source
20260825-7c3a99e5e1cc46b06933-01,2026-08-25,手机,device,诺基亚,点数系列,RM-925,,,不开机屏好,7,元/台,,image,诺基亚.jpg,数码网报价单-0825更新/手机相关/诺基亚.jpg,1,1.0,visual_verified_same_as_0831_source
20260825-c19ca56ef6188598b849-01,2026-08-25,手机,device,诺基亚,点数系列,RM-908,,,开机屏好,7,元/台,,image,诺基亚.jpg,数码网报价单-0825更新/手机相关/诺基亚.jpg,1,1.0,visual_verified_same_as_0831_source
20260825-e2ae46d30d94eaba9766-01,2026-08-25,手机,device,诺基亚,点数系列,RM-908,,,开机屏坏,7,元/台,,image,诺基亚.jpg,数码网报价单-0825更新/手机相关/诺基亚.jpg,1,1.0,visual_verified_same_as_0831_source
20260825-acd98b45ea8e108e8bbd-01,2026-08-25,手机,device,诺基亚,点数系列,RM-908,,,不开机,7,元/台,,image,诺基亚.jpg,数码网报价单-0825更新/手机相关/诺基亚.jpg,1,1.0,visual_verified_same_as_0831_source
20260825-0a70f8c07fff52e8b0a0-01,2026-08-25,手机,device,诺基亚,点数系列,RM-908,,,不开机屏好,7,元/台,,image,诺基亚.jpg,数码网报价单-0825更新/手机相关/诺基亚.jpg,1,1.0,visual_verified_same_as_0831_source
20260825-1fa37054eb7493231d33-01,2026-08-25,手机,device,诺基亚,点数系列,RM-840,,,开机屏好,7,元/台,,image,诺基亚.jpg,数码网报价单-0825更新/手机相关/诺基亚.jpg,1,1.0,visual_verified_same_as_0831_source
20260825-ade5adff838e043d1cbc-01,2026-08-25,手机,device,诺基亚,点数系列,RM-840,,,开机屏坏,7,元/台,,image,诺基亚.jpg,数码网报价单-0825更新/手机相关/诺基亚.jpg,1,1.0,visual_verified_same_as_0831_source
20260825-6d383bbc14127699c384-01,2026-08-25,手机,device,诺基亚,点数系列,RM-840,,,不开机,7,元/台,,image,诺基亚.jpg,数码网报价单-0825更新/手机相关/诺基亚.jpg,1,1.0,visual_verified_same_as_0831_source
20260825-725761fa90beeef1fa7d-01,2026-08-25,手机,device,诺基亚,点数系列,RM-840,,,不开机屏好,7,元/台,,image,诺基亚.jpg,数码网报价单-0825更新/手机相关/诺基亚.jpg,1,1.0,visual_verified_same_as_0831_source
20260825-eaf1de9c58a51c1f9621-01,2026-08-25,手机,device,诺基亚,点数系列,RM-1099,,,开机屏好,7,元/台,,image,诺基亚.jpg,数码网报价单-0825更新/手机相关/诺基亚.jpg,1,1.0,visual_verified_same_as_0831_source
20260825-6d05df1fc6d277702989-01,2026-08-25,手机,device,诺基亚,点数系列,RM-1099,,,开机屏坏,7,元/台,,image,诺基亚.jpg,数码网报价单-0825更新/手机相关/诺基亚.jpg,1,1.0,visual_verified_same_as_0831_source
20260825-6aa4bfd972ac165ee403-01,2026-08-25,手机,device,诺基亚,点数系列,RM-1099,,,不开机,7,元/台,,image,诺基亚.jpg,数码网报价单-0825更新/手机相关/诺基亚.jpg,1,1.0,visual_verified_same_as_0831_source
20260825-b87a0b9e07a3977868d0-01,2026-08-25,手机,device,诺基亚,点数系列,RM-1099,,,不开机屏好,7,元/台,,image,诺基亚.jpg,数码网报价单-0825更新/手机相关/诺基亚.jpg,1,1.0,visual_verified_same_as_0831_source
20260825-674c3ac7a96ee833ee58-01,2026-08-25,手机,device,诺基亚,点数系列,1096,,,开机屏好,7,元/台,,image,诺基亚.jpg,数码网报价单-0825更新/手机相关/诺基亚.jpg,1,1.0,visual_verified_same_as_0831_source
20260825-df06391f664ab2b33506-01,2026-08-25,手机,device,诺基亚,点数系列,1096,,,开机屏坏,7,元/台,,image,诺基亚.jpg,数码网报价单-0825更新/手机相关/诺基亚.jpg,1,1.0,visual_verified_same_as_0831_source
20260825-33500587ea589e4b4702-01,2026-08-25,手机,device,诺基亚,点数系列,1096,,,不开机,7,元/台,,image,诺基亚.jpg,数码网报价单-0825更新/手机相关/诺基亚.jpg,1,1.0,visual_verified_same_as_0831_source
20260825-0aa756fc0afb3ab49b71-01,2026-08-25,手机,device,诺基亚,点数系列,1096,,,不开机屏好,7,元/台,,image,诺基亚.jpg,数码网报价单-0825更新/手机相关/诺基亚.jpg,1,1.0,visual_verified_same_as_0831_source
20260825-532dea168942954b870d-01,2026-08-25,手机,device,诺基亚,点数系列,1061,,,开机屏好,7,元/台,,image,诺基亚.jpg,数码网报价单-0825更新/手机相关/诺基亚.jpg,1,1.0,visual_verified_same_as_0831_source
20260825-c9656792de0d87784f2f-01,2026-08-25,手机,device,诺基亚,点数系列,1061,,,开机屏坏,7,元/台,,image,诺基亚.jpg,数码网报价单-0825更新/手机相关/诺基亚.jpg,1,1.0,visual_verified_same_as_0831_source
20260825-c7d2283beb0429c3164a-01,2026-08-25,手机,device,诺基亚,点数系列,1061,,,不开机,7,元/台,,image,诺基亚.jpg,数码网报价单-0825更新/手机相关/诺基亚.jpg,1,1.0,visual_verified_same_as_0831_source
20260825-901482680ff422522a90-01,2026-08-25,手机,device,诺基亚,点数系列,1061,,,不开机屏好,7,元/台,,image,诺基亚.jpg,数码网报价单-0825更新/手机相关/诺基亚.jpg,1,1.0,visual_verified_same_as_0831_source
20260825-feb846f9d17d162087d5-01,2026-08-25,手机,device,诺基亚,点数系列,RM-1035,,,开机屏好,7,元/台,,image,诺基亚.jpg,数码网报价单-0825更新/手机相关/诺基亚.jpg,1,1.0,visual_verified_same_as_0831_source
20260825-c24254061725e93e4e41-01,2026-08-25,手机,device,诺基亚,点数系列,RM-1035,,,开机屏坏,7,元/台,,image,诺基亚.jpg,数码网报价单-0825更新/手机相关/诺基亚.jpg,1,1.0,visual_verified_same_as_0831_source
20260825-7d35a7f1a55bb13035f3-01,2026-08-25,手机,device,诺基亚,点数系列,RM-1035,,,不开机,7,元/台,,image,诺基亚.jpg,数码网报价单-0825更新/手机相关/诺基亚.jpg,1,1.0,visual_verified_same_as_0831_source
20260825-8d5d46305260f7318f1a-01,2026-08-25,手机,device,诺基亚,点数系列,RM-1035,,,不开机屏好,7,元/台,,image,诺基亚.jpg,数码网报价单-0825更新/手机相关/诺基亚.jpg,1,1.0,visual_verified_same_as_0831_source
20260825-ea95b4433bc672768e24-01,2026-08-25,手机,device,诺基亚,点数系列,RM-1020,,,开机屏好,7,元/台,,image,诺基亚.jpg,数码网报价单-0825更新/手机相关/诺基亚.jpg,1,1.0,visual_verified_same_as_0831_source
20260825-55d782f433df4cff6a10-01,2026-08-25,手机,device,诺基亚,点数系列,RM-1020,,,开机屏坏,7,元/台,,image,诺基亚.jpg,数码网报价单-0825更新/手机相关/诺基亚.jpg,1,1.0,visual_verified_same_as_0831_source
20260825-f1d9fdfeab1036c0d698-01,2026-08-25,手机,device,诺基亚,点数系列,RM-1020,,,不开机,7,元/台,,image,诺基亚.jpg,数码网报价单-0825更新/手机相关/诺基亚.jpg,1,1.0,visual_verified_same_as_0831_source
20260825-b4ae1667658fa220a534-01,2026-08-25,手机,device,诺基亚,点数系列,RM-1020,,,不开机屏好,7,元/台,,image,诺基亚.jpg,数码网报价单-0825更新/手机相关/诺基亚.jpg,1,1.0,visual_verified_same_as_0831_source
20260825-9b0891ecc695cbbb992a-01,2026-08-25,手机,device,诺基亚,点数系列,N1,,,开机屏好,7,元/台,,image,诺基亚.jpg,数码网报价单-0825更新/手机相关/诺基亚.jpg,1,1.0,visual_verified_same_as_0831_source
20260825-c454d6dab59e7ec33fdb-01,2026-08-25,手机,device,诺基亚,点数系列,N1,,,开机屏坏,7,元/台,,image,诺基亚.jpg,数码网报价单-0825更新/手机相关/诺基亚.jpg,1,1.0,visual_verified_same_as_0831_source
20260825-0eafc3788949809f5591-01,2026-08-25,手机,device,诺基亚,点数系列,N1,,,不开机,7,元/台,,image,诺基亚.jpg,数码网报价单-0825更新/手机相关/诺基亚.jpg,1,1.0,visual_verified_same_as_0831_source
20260825-e7d8412d9a4ae141f9d8-01,2026-08-25,手机,device,诺基亚,点数系列,N1,,,不开机屏好,7,元/台,,image,诺基亚.jpg,数码网报价单-0825更新/手机相关/诺基亚.jpg,1,1.0,visual_verified_same_as_0831_source
20260825-2855509fe35f9d6fc747-01,2026-08-25,手机,device,诺基亚,点数系列,lumia 930,,,开机屏好,7,元/台,,image,诺基亚.jpg,数码网报价单-0825更新/手机相关/诺基亚.jpg,1,1.0,visual_verified_same_as_0831_source
20260825-83c2c5cc8d03b2ed01df-01,2026-08-25,手机,device,诺基亚,点数系列,lumia 930,,,开机屏坏,7,元/台,,image,诺基亚.jpg,数码网报价单-0825更新/手机相关/诺基亚.jpg,1,1.0,visual_verified_same_as_0831_source
20260825-d6954f8d4e719b258361-01,2026-08-25,手机,device,诺基亚,点数系列,lumia 930,,,不开机,7,元/台,,image,诺基亚.jpg,数码网报价单-0825更新/手机相关/诺基亚.jpg,1,1.0,visual_verified_same_as_0831_source
20260825-4f38232184707bd933a3-01,2026-08-25,手机,device,诺基亚,点数系列,lumia 930,,,不开机屏好,7,元/台,,image,诺基亚.jpg,数码网报价单-0825更新/手机相关/诺基亚.jpg,1,1.0,visual_verified_same_as_0831_source
20260825-7d1b9c077af37f8d5072-01,2026-08-25,手机,device,诺基亚,点数系列,lumia 830,,,开机屏好,7,元/台,,image,诺基亚.jpg,数码网报价单-0825更新/手机相关/诺基亚.jpg,1,1.0,visual_verified_same_as_0831_source
20260825-d538d93634377e589353-01,2026-08-25,手机,device,诺基亚,点数系列,lumia 830,,,开机屏坏,7,元/台,,image,诺基亚.jpg,数码网报价单-0825更新/手机相关/诺基亚.jpg,1,1.0,visual_verified_same_as_0831_source
20260825-338123b2c1a5e1a5bd82-01,2026-08-25,手机,device,诺基亚,点数系列,lumia 830,,,不开机,7,元/台,,image,诺基亚.jpg,数码网报价单-0825更新/手机相关/诺基亚.jpg,1,1.0,visual_verified_same_as_0831_source
20260825-e7f4e03c601320acda09-01,2026-08-25,手机,device,诺基亚,点数系列,lumia 830,,,不开机屏好,7,元/台,,image,诺基亚.jpg,数码网报价单-0825更新/手机相关/诺基亚.jpg,1,1.0,visual_verified_same_as_0831_source
20260825-0b284f179f51a25cc649-01,2026-08-25,手机,device,诺基亚,点数系列,C2-01,,,开机屏好,7,元/台,,image,诺基亚.jpg,数码网报价单-0825更新/手机相关/诺基亚.jpg,1,1.0,visual_verified_same_as_0831_source
20260825-87dc30ff925f1abd51e8-01,2026-08-25,手机,device,诺基亚,点数系列,C2-01,,,开机屏坏,7,元/台,,image,诺基亚.jpg,数码网报价单-0825更新/手机相关/诺基亚.jpg,1,1.0,visual_verified_same_as_0831_source
20260825-35698a2aa839edc0b6e8-01,2026-08-25,手机,device,诺基亚,点数系列,C2-01,,,不开机,7,元/台,,image,诺基亚.jpg,数码网报价单-0825更新/手机相关/诺基亚.jpg,1,1.0,visual_verified_same_as_0831_source
20260825-a580beb4f82db0df5b83-01,2026-08-25,手机,device,诺基亚,点数系列,C2-01,,,不开机屏好,7,元/台,,image,诺基亚.jpg,数码网报价单-0825更新/手机相关/诺基亚.jpg,1,1.0,visual_verified_same_as_0831_source
20260825-8596f4dc8046048c1a6d-01,2026-08-25,手机,device,诺基亚,点数系列,950xl,,,开机屏好,7,元/台,,image,诺基亚.jpg,数码网报价单-0825更新/手机相关/诺基亚.jpg,1,1.0,visual_verified_same_as_0831_source
20260825-5f079f56f43e812e6a09-01,2026-08-25,手机,device,诺基亚,点数系列,950xl,,,开机屏坏,7,元/台,,image,诺基亚.jpg,数码网报价单-0825更新/手机相关/诺基亚.jpg,1,1.0,visual_verified_same_as_0831_source
20260825-a526a5bcdd1080abf61c-01,2026-08-25,手机,device,诺基亚,点数系列,950xl,,,不开机,7,元/台,,image,诺基亚.jpg,数码网报价单-0825更新/手机相关/诺基亚.jpg,1,1.0,visual_verified_same_as_0831_source
20260825-fbf700f3a9484e5f255f-01,2026-08-25,手机,device,诺基亚,点数系列,950xl,,,不开机屏好,7,元/台,,image,诺基亚.jpg,数码网报价单-0825更新/手机相关/诺基亚.jpg,1,1.0,visual_verified_same_as_0831_source
20260825-1cce4b95d1531994fab4-01,2026-08-25,手机,device,诺基亚,点数系列,950ds,,,开机屏好,7,元/台,,image,诺基亚.jpg,数码网报价单-0825更新/手机相关/诺基亚.jpg,1,1.0,visual_verified_same_as_0831_source
20260825-603d46c5ac020694bafb-01,2026-08-25,手机,device,诺基亚,点数系列,950ds,,,开机屏坏,7,元/台,,image,诺基亚.jpg,数码网报价单-0825更新/手机相关/诺基亚.jpg,1,1.0,visual_verified_same_as_0831_source
20260825-d699ddc1b1f0154a7823-01,2026-08-25,手机,device,诺基亚,点数系列,950ds,,,不开机,7,元/台,,image,诺基亚.jpg,数码网报价单-0825更新/手机相关/诺基亚.jpg,1,1.0,visual_verified_same_as_0831_source
20260825-064b1868ad87ce1558fa-01,2026-08-25,手机,device,诺基亚,点数系列,950ds,,,不开机屏好,7,元/台,,image,诺基亚.jpg,数码网报价单-0825更新/手机相关/诺基亚.jpg,1,1.0,visual_verified_same_as_0831_source
20260825-50e39940ee11121559d5-01,2026-08-25,手机,device,诺基亚,点数系列,920T,,,开机屏好,7,元/台,,image,诺基亚.jpg,数码网报价单-0825更新/手机相关/诺基亚.jpg,1,1.0,visual_verified_same_as_0831_source
20260825-4bce1f351342bf79f544-01,2026-08-25,手机,device,诺基亚,点数系列,920T,,,开机屏坏,7,元/台,,image,诺基亚.jpg,数码网报价单-0825更新/手机相关/诺基亚.jpg,1,1.0,visual_verified_same_as_0831_source
20260825-ee5704edc1d9bed53f80-01,2026-08-25,手机,device,诺基亚,点数系列,920T,,,不开机,7,元/台,,image,诺基亚.jpg,数码网报价单-0825更新/手机相关/诺基亚.jpg,1,1.0,visual_verified_same_as_0831_source
20260825-f9ee22d84a5b713692fb-01,2026-08-25,手机,device,诺基亚,点数系列,920T,,,不开机屏好,7,元/台,,image,诺基亚.jpg,数码网报价单-0825更新/手机相关/诺基亚.jpg,1,1.0,visual_verified_same_as_0831_source
20260825-0dffc7be1761c25698aa-01,2026-08-25,手机,device,诺基亚,点数系列,1520,,,开机屏好,7,元/台,,image,诺基亚.jpg,数码网报价单-0825更新/手机相关/诺基亚.jpg,1,1.0,visual_verified_same_as_0831_source
20260825-886eb58359bcbcbc6af2-01,2026-08-25,手机,device,诺基亚,点数系列,1520,,,开机屏坏,7,元/台,,image,诺基亚.jpg,数码网报价单-0825更新/手机相关/诺基亚.jpg,1,1.0,visual_verified_same_as_0831_source
20260825-a26e97b442f268dad504-01,2026-08-25,手机,device,诺基亚,点数系列,1520,,,不开机,7,元/台,,image,诺基亚.jpg,数码网报价单-0825更新/手机相关/诺基亚.jpg,1,1.0,visual_verified_same_as_0831_source
20260825-7f71ff84948a759eba92-01,2026-08-25,手机,device,诺基亚,点数系列,1520,,,不开机屏好,7,元/台,,image,诺基亚.jpg,数码网报价单-0825更新/手机相关/诺基亚.jpg,1,1.0,visual_verified_same_as_0831_source
20260825-9951efe6c543e79dda9d-01,2026-08-25,手机,device,诺基亚,点数系列,1320,,,开机屏好,7,元/台,,image,诺基亚.jpg,数码网报价单-0825更新/手机相关/诺基亚.jpg,1,1.0,visual_verified_same_as_0831_source
20260825-8bedf99e76eefc614299-01,2026-08-25,手机,device,诺基亚,点数系列,1320,,,开机屏坏,7,元/台,,image,诺基亚.jpg,数码网报价单-0825更新/手机相关/诺基亚.jpg,1,1.0,visual_verified_same_as_0831_source
20260825-8f445bde9db849710bc0-01,2026-08-25,手机,device,诺基亚,点数系列,1320,,,不开机,7,元/台,,image,诺基亚.jpg,数码网报价单-0825更新/手机相关/诺基亚.jpg,1,1.0,visual_verified_same_as_0831_source
20260825-598517fc488daa8ae6b3-01,2026-08-25,手机,device,诺基亚,点数系列,1320,,,不开机屏好,7,元/台,,image,诺基亚.jpg,数码网报价单-0825更新/手机相关/诺基亚.jpg,1,1.0,visual_verified_same_as_0831_source
20260825-e38384d72de4ccdf6a51-01,2026-08-25,手机,device,诺基亚,点数系列,1280,,,开机屏好,6,元/台,,image,诺基亚.jpg,数码网报价单-0825更新/手机相关/诺基亚.jpg,1,1.0,visual_verified_same_as_0831_source
20260825-7234f77953b195d90c25-01,2026-08-25,手机,device,诺基亚,点数系列,1280,,,开机屏坏,6,元/台,,image,诺基亚.jpg,数码网报价单-0825更新/手机相关/诺基亚.jpg,1,1.0,visual_verified_same_as_0831_source
20260825-75b1aed84a0dc0df713e-01,2026-08-25,手机,device,诺基亚,点数系列,1280,,,不开机,6,元/台,,image,诺基亚.jpg,数码网报价单-0825更新/手机相关/诺基亚.jpg,1,1.0,visual_verified_same_as_0831_source
20260825-279c49ed8787a2fd2d0e-01,2026-08-25,手机,device,诺基亚,点数系列,1280,,,不开机屏好,6,元/台,,image,诺基亚.jpg,数码网报价单-0825更新/手机相关/诺基亚.jpg,1,1.0,visual_verified_same_as_0831_source
20260825-a2b4c95a167d4478c8ed-01,2026-08-25,手机,device,诺基亚,点数系列,1200,,,开机屏好,9,元/台,,image,诺基亚.jpg,数码网报价单-0825更新/手机相关/诺基亚.jpg,1,1.0,visual_verified_same_as_0831_source
20260825-da124a696fe2829b341c-01,2026-08-25,手机,device,诺基亚,点数系列,1200,,,开机屏坏,9,元/台,,image,诺基亚.jpg,数码网报价单-0825更新/手机相关/诺基亚.jpg,1,1.0,visual_verified_same_as_0831_source
20260825-341ccfc4773ca39d6197-01,2026-08-25,手机,device,诺基亚,点数系列,1200,,,不开机,9,元/台,,image,诺基亚.jpg,数码网报价单-0825更新/手机相关/诺基亚.jpg,1,1.0,visual_verified_same_as_0831_source
20260825-4e830dd50ef327340704-01,2026-08-25,手机,device,诺基亚,点数系列,1200,,,不开机屏好,9,元/台,,image,诺基亚.jpg,数码网报价单-0825更新/手机相关/诺基亚.jpg,1,1.0,visual_verified_same_as_0831_source
20260825-c9aaefedb1e4715c6314-01,2026-08-25,手机,device,诺基亚,点数系列,1126,,,开机屏好,7,元/台,,image,诺基亚.jpg,数码网报价单-0825更新/手机相关/诺基亚.jpg,1,1.0,visual_verified_same_as_0831_source
20260825-a41730f2b1e0d08f6f67-01,2026-08-25,手机,device,诺基亚,点数系列,1126,,,开机屏坏,7,元/台,,image,诺基亚.jpg,数码网报价单-0825更新/手机相关/诺基亚.jpg,1,1.0,visual_verified_same_as_0831_source
20260825-1fb29ad89f6b60de9a5e-01,2026-08-25,手机,device,诺基亚,点数系列,1126,,,不开机,7,元/台,,image,诺基亚.jpg,数码网报价单-0825更新/手机相关/诺基亚.jpg,1,1.0,visual_verified_same_as_0831_source
20260825-24d29518fd717c377854-01,2026-08-25,手机,device,诺基亚,点数系列,1126,,,不开机屏好,7,元/台,,image,诺基亚.jpg,数码网报价单-0825更新/手机相关/诺基亚.jpg,1,1.0,visual_verified_same_as_0831_source
20260825-a0f9034db88bce4895a2-01,2026-08-25,手机,device,诺基亚,点数系列,1113,,,开机屏好,7,元/台,,image,诺基亚.jpg,数码网报价单-0825更新/手机相关/诺基亚.jpg,1,1.0,visual_verified_same_as_0831_source
20260825-a00f254246c929826e0a-01,2026-08-25,手机,device,诺基亚,点数系列,1113,,,开机屏坏,7,元/台,,image,诺基亚.jpg,数码网报价单-0825更新/手机相关/诺基亚.jpg,1,1.0,visual_verified_same_as_0831_source
20260825-5083096503d5ee897d93-01,2026-08-25,手机,device,诺基亚,点数系列,1113,,,不开机,7,元/台,,image,诺基亚.jpg,数码网报价单-0825更新/手机相关/诺基亚.jpg,1,1.0,visual_verified_same_as_0831_source
20260825-d247e585394341b0341c-01,2026-08-25,手机,device,诺基亚,点数系列,1113,,,不开机屏好,7,元/台,,image,诺基亚.jpg,数码网报价单-0825更新/手机相关/诺基亚.jpg,1,1.0,visual_verified_same_as_0831_source
20260825-8a4412c019bc90a9ac42-01,2026-08-25,手机,device,诺基亚,点数系列,1085,,,开机屏好,7,元/台,,image,诺基亚.jpg,数码网报价单-0825更新/手机相关/诺基亚.jpg,1,1.0,visual_verified_same_as_0831_source
20260825-8037c362ca84fe3d8237-01,2026-08-25,手机,device,诺基亚,点数系列,1085,,,开机屏坏,7,元/台,,image,诺基亚.jpg,数码网报价单-0825更新/手机相关/诺基亚.jpg,1,1.0,visual_verified_same_as_0831_source
20260825-e78dce5c382d6e35882f-01,2026-08-25,手机,device,诺基亚,点数系列,1085,,,不开机,7,元/台,,image,诺基亚.jpg,数码网报价单-0825更新/手机相关/诺基亚.jpg,1,1.0,visual_verified_same_as_0831_source
20260825-8f1b1172b21a5039e850-01,2026-08-25,手机,device,诺基亚,点数系列,1085,,,不开机屏好,7,元/台,,image,诺基亚.jpg,数码网报价单-0825更新/手机相关/诺基亚.jpg,1,1.0,visual_verified_same_as_0831_source
20260825-c94a51ec61b5e3db6059-01,2026-08-25,手机,device,诺基亚,点数系列,1030,,,开机屏好,7,元/台,,image,诺基亚.jpg,数码网报价单-0825更新/手机相关/诺基亚.jpg,1,1.0,visual_verified_same_as_0831_source
20260825-55a8fe083182aee1520e-01,2026-08-25,手机,device,诺基亚,点数系列,1030,,,开机屏坏,7,元/台,,image,诺基亚.jpg,数码网报价单-0825更新/手机相关/诺基亚.jpg,1,1.0,visual_verified_same_as_0831_source
20260825-2ddbfbfdafc59179f53d-01,2026-08-25,手机,device,诺基亚,点数系列,1030,,,不开机,7,元/台,,image,诺基亚.jpg,数码网报价单-0825更新/手机相关/诺基亚.jpg,1,1.0,visual_verified_same_as_0831_source
20260825-d1d7a094eb6ca1433608-01,2026-08-25,手机,device,诺基亚,点数系列,1030,,,不开机屏好,7,元/台,,image,诺基亚.jpg,数码网报价单-0825更新/手机相关/诺基亚.jpg,1,1.0,visual_verified_same_as_0831_source
20260825-724d262bb22d079aeddc-01,2026-08-25,手机,device,诺基亚,点数系列,929,,,开机屏好,7,元/台,,image,诺基亚.jpg,数码网报价单-0825更新/手机相关/诺基亚.jpg,1,1.0,visual_verified_same_as_0831_source
20260825-9bc0eb0a07bfdd9bebc5-01,2026-08-25,手机,device,诺基亚,点数系列,929,,,开机屏坏,7,元/台,,image,诺基亚.jpg,数码网报价单-0825更新/手机相关/诺基亚.jpg,1,1.0,visual_verified_same_as_0831_source
20260825-9877d78124be7d703611-01,2026-08-25,手机,device,诺基亚,点数系列,929,,,不开机,7,元/台,,image,诺基亚.jpg,数码网报价单-0825更新/手机相关/诺基亚.jpg,1,1.0,visual_verified_same_as_0831_source
20260825-894c211775c25e161a20-01,2026-08-25,手机,device,诺基亚,点数系列,929,,,不开机屏好,7,元/台,,image,诺基亚.jpg,数码网报价单-0825更新/手机相关/诺基亚.jpg,1,1.0,visual_verified_same_as_0831_source
20260825-42d6d76b8850be09257b-01,2026-08-25,手机,device,诺基亚,点数系列,822,,,开机屏好,7,元/台,,image,诺基亚.jpg,数码网报价单-0825更新/手机相关/诺基亚.jpg,1,1.0,visual_verified_same_as_0831_source
20260825-c3e75e3ba700d92ab775-01,2026-08-25,手机,device,诺基亚,点数系列,822,,,开机屏坏,7,元/台,,image,诺基亚.jpg,数码网报价单-0825更新/手机相关/诺基亚.jpg,1,1.0,visual_verified_same_as_0831_source
20260825-f25eb0c3abe995983acc-01,2026-08-25,手机,device,诺基亚,点数系列,822,,,不开机,7,元/台,,image,诺基亚.jpg,数码网报价单-0825更新/手机相关/诺基亚.jpg,1,1.0,visual_verified_same_as_0831_source
20260825-9f4a5ba1a884a86682d6-01,2026-08-25,手机,device,诺基亚,点数系列,822,,,不开机屏好,7,元/台,,image,诺基亚.jpg,数码网报价单-0825更新/手机相关/诺基亚.jpg,1,1.0,visual_verified_same_as_0831_source
20260825-b227794e7c66d40eb97d-01,2026-08-25,手机,device,诺基亚,点数系列,820,,,开机屏好,7,元/台,,image,诺基亚.jpg,数码网报价单-0825更新/手机相关/诺基亚.jpg,1,1.0,visual_verified_same_as_0831_source
20260825-91ec9c6b57bfd4915140-01,2026-08-25,手机,device,诺基亚,点数系列,820,,,开机屏坏,7,元/台,,image,诺基亚.jpg,数码网报价单-0825更新/手机相关/诺基亚.jpg,1,1.0,visual_verified_same_as_0831_source
20260825-245064959bc3a1153f71-01,2026-08-25,手机,device,诺基亚,点数系列,820,,,不开机,7,元/台,,image,诺基亚.jpg,数码网报价单-0825更新/手机相关/诺基亚.jpg,1,1.0,visual_verified_same_as_0831_source
20260825-fda6865f9e40f1079cb7-01,2026-08-25,手机,device,诺基亚,点数系列,820,,,不开机屏好,7,元/台,,image,诺基亚.jpg,数码网报价单-0825更新/手机相关/诺基亚.jpg,1,1.0,visual_verified_same_as_0831_source
20260825-9351c5ae3b459facfa4a-01,2026-08-25,手机,device,诺基亚,点数系列,700,,,开机屏好,7,元/台,,image,诺基亚.jpg,数码网报价单-0825更新/手机相关/诺基亚.jpg,1,1.0,visual_verified_same_as_0831_source
20260825-2fe674fba14d4c17b4d7-01,2026-08-25,手机,device,诺基亚,点数系列,700,,,开机屏坏,7,元/台,,image,诺基亚.jpg,数码网报价单-0825更新/手机相关/诺基亚.jpg,1,1.0,visual_verified_same_as_0831_source
20260825-ab56e7d558e47b7d9be3-01,2026-08-25,手机,device,诺基亚,点数系列,700,,,不开机,7,元/台,,image,诺基亚.jpg,数码网报价单-0825更新/手机相关/诺基亚.jpg,1,1.0,visual_verified_same_as_0831_source
20260825-6738abd240a2571bb620-01,2026-08-25,手机,device,诺基亚,点数系列,700,,,不开机屏好,7,元/台,,image,诺基亚.jpg,数码网报价单-0825更新/手机相关/诺基亚.jpg,1,1.0,visual_verified_same_as_0831_source
20260825-2d04612a9c76fce50d6f-01,2026-08-25,手机,device,诺基亚,点数系列,650,,,开机屏好,7,元/台,,image,诺基亚.jpg,数码网报价单-0825更新/手机相关/诺基亚.jpg,1,1.0,visual_verified_same_as_0831_source
20260825-05feb8c5f45bde311b88-01,2026-08-25,手机,device,诺基亚,点数系列,650,,,开机屏坏,7,元/台,,image,诺基亚.jpg,数码网报价单-0825更新/手机相关/诺基亚.jpg,1,1.0,visual_verified_same_as_0831_source
20260825-f9504af24ebe2fe46897-01,2026-08-25,手机,device,诺基亚,点数系列,650,,,不开机,7,元/台,,image,诺基亚.jpg,数码网报价单-0825更新/手机相关/诺基亚.jpg,1,1.0,visual_verified_same_as_0831_source
20260825-0d6f7fddb5b188ed1948-01,2026-08-25,手机,device,诺基亚,点数系列,650,,,不开机屏好,7,元/台,,image,诺基亚.jpg,数码网报价单-0825更新/手机相关/诺基亚.jpg,1,1.0,visual_verified_same_as_0831_source
20260825-a6846654592f43d1048b-01,2026-08-25,手机,device,诺基亚,点数系列,640,,,开机屏好,7,元/台,,image,诺基亚.jpg,数码网报价单-0825更新/手机相关/诺基亚.jpg,1,1.0,visual_verified_same_as_0831_source
20260825-e6dc2f1801009ee66aee-01,2026-08-25,手机,device,诺基亚,点数系列,640,,,开机屏坏,7,元/台,,image,诺基亚.jpg,数码网报价单-0825更新/手机相关/诺基亚.jpg,1,1.0,visual_verified_same_as_0831_source
20260825-7fe94d907100bab3be12-01,2026-08-25,手机,device,诺基亚,点数系列,640,,,不开机,7,元/台,,image,诺基亚.jpg,数码网报价单-0825更新/手机相关/诺基亚.jpg,1,1.0,visual_verified_same_as_0831_source
20260825-82dc20b01159388442b4-01,2026-08-25,手机,device,诺基亚,点数系列,640,,,不开机屏好,7,元/台,,image,诺基亚.jpg,数码网报价单-0825更新/手机相关/诺基亚.jpg,1,1.0,visual_verified_same_as_0831_source
20260825-b2e9df04351cdc585c2c-01,2026-08-25,手机,device,诺基亚,点数系列,625,,,开机屏好,6,元/台,,image,诺基亚.jpg,数码网报价单-0825更新/手机相关/诺基亚.jpg,1,1.0,visual_verified_same_as_0831_source
20260825-d2248600258fc8ec2a62-01,2026-08-25,手机,device,诺基亚,点数系列,625,,,开机屏坏,6,元/台,,image,诺基亚.jpg,数码网报价单-0825更新/手机相关/诺基亚.jpg,1,1.0,visual_verified_same_as_0831_source
20260825-8914650d36ecdd3cc24c-01,2026-08-25,手机,device,诺基亚,点数系列,625,,,不开机,6,元/台,,image,诺基亚.jpg,数码网报价单-0825更新/手机相关/诺基亚.jpg,1,1.0,visual_verified_same_as_0831_source
20260825-caa2ce5861d43e196ab7-01,2026-08-25,手机,device,诺基亚,点数系列,625,,,不开机屏好,6,元/台,,image,诺基亚.jpg,数码网报价单-0825更新/手机相关/诺基亚.jpg,1,1.0,visual_verified_same_as_0831_source
20260825-2cc3a437c21cb91bef30-01,2026-08-25,手机,device,诺基亚,点数系列,515,,,开机屏好,7,元/台,,image,诺基亚.jpg,数码网报价单-0825更新/手机相关/诺基亚.jpg,1,1.0,visual_verified_same_as_0831_source
20260825-411caf522a0bf3f97119-01,2026-08-25,手机,device,诺基亚,点数系列,515,,,开机屏坏,7,元/台,,image,诺基亚.jpg,数码网报价单-0825更新/手机相关/诺基亚.jpg,1,1.0,visual_verified_same_as_0831_source
20260825-65101c4991fbb47679a1-01,2026-08-25,手机,device,诺基亚,点数系列,515,,,不开机,7,元/台,,image,诺基亚.jpg,数码网报价单-0825更新/手机相关/诺基亚.jpg,1,1.0,visual_verified_same_as_0831_source
20260825-1acffc3dc0b50dce2f80-01,2026-08-25,手机,device,诺基亚,点数系列,515,,,不开机屏好,7,元/台,,image,诺基亚.jpg,数码网报价单-0825更新/手机相关/诺基亚.jpg,1,1.0,visual_verified_same_as_0831_source
20260825-82a3841270c49ac187ec-01,2026-08-25,手机,device,诺基亚,点数系列,435,,,开机屏好,7,元/台,,image,诺基亚.jpg,数码网报价单-0825更新/手机相关/诺基亚.jpg,1,1.0,visual_verified_same_as_0831_source
20260825-bcec0f02ddec25207aaf-01,2026-08-25,手机,device,诺基亚,点数系列,435,,,开机屏坏,7,元/台,,image,诺基亚.jpg,数码网报价单-0825更新/手机相关/诺基亚.jpg,1,1.0,visual_verified_same_as_0831_source
20260825-8e71374df74344ff7f59-01,2026-08-25,手机,device,诺基亚,点数系列,435,,,不开机,7,元/台,,image,诺基亚.jpg,数码网报价单-0825更新/手机相关/诺基亚.jpg,1,1.0,visual_verified_same_as_0831_source
20260825-2d0144dc65a8f1da7821-01,2026-08-25,手机,device,诺基亚,点数系列,435,,,不开机屏好,7,元/台,,image,诺基亚.jpg,数码网报价单-0825更新/手机相关/诺基亚.jpg,1,1.0,visual_verified_same_as_0831_source
20260825-06651ff42ed7d2a2da01-01,2026-08-25,手机,device,谷歌,,Pixel 4代,,,开机屏好,300.0,元/台,,image,谷歌.jpg,数码网报价单-0825更新/手机相关/谷歌.jpg,1,1.0,visual_verified_same_as_0831_source
20260825-19ea7e25fdd3757a97e4-01,2026-08-25,手机,device,谷歌,,Pixel 4代,,,开机屏坏,150.0,元/台,,image,谷歌.jpg,数码网报价单-0825更新/手机相关/谷歌.jpg,1,1.0,visual_verified_same_as_0831_source
20260825-885c973d2ff4aed7f0c5-01,2026-08-25,手机,device,谷歌,,Pixel 4代,,,不开机,30.0,元/台,,image,谷歌.jpg,数码网报价单-0825更新/手机相关/谷歌.jpg,1,1.0,visual_verified_same_as_0831_source
20260825-b8b8c7ed9472b23971ee-01,2026-08-25,手机,device,谷歌,,Pixel 3代,,,开机屏好,170.0,元/台,,image,谷歌.jpg,数码网报价单-0825更新/手机相关/谷歌.jpg,1,1.0,visual_verified_same_as_0831_source
20260825-9abb2498c34807f52f05-01,2026-08-25,手机,device,谷歌,,Pixel 3代,,,开机屏坏,70.0,元/台,,image,谷歌.jpg,数码网报价单-0825更新/手机相关/谷歌.jpg,1,1.0,visual_verified_same_as_0831_source
20260825-2749cafcf11df8d987b2-01,2026-08-25,手机,device,谷歌,,Pixel 3代,,,不开机,20.0,元/台,,image,谷歌.jpg,数码网报价单-0825更新/手机相关/谷歌.jpg,1,1.0,visual_verified_same_as_0831_source
20260825-d08fca56de4fc80b8030-01,2026-08-25,手机,device,谷歌,,Pixel 2代,,,开机屏好,100.0,元/台,,image,谷歌.jpg,数码网报价单-0825更新/手机相关/谷歌.jpg,1,1.0,visual_verified_same_as_0831_source
20260825-8557b27d2811e617041d-01,2026-08-25,手机,device,谷歌,,Pixel 2代,,,开机屏坏,50.0,元/台,,image,谷歌.jpg,数码网报价单-0825更新/手机相关/谷歌.jpg,1,1.0,visual_verified_same_as_0831_source
20260825-75130ae9d58bfa583fc3-01,2026-08-25,手机,device,谷歌,,Pixel 2代,,,不开机,20.0,元/台,,image,谷歌.jpg,数码网报价单-0825更新/手机相关/谷歌.jpg,1,1.0,visual_verified_same_as_0831_source
20260825-9ab9acb104decb30317a-01,2026-08-25,手机,device,谷歌,,Pixel 1代,,,开机屏好,50.0,元/台,,image,谷歌.jpg,数码网报价单-0825更新/手机相关/谷歌.jpg,1,1.0,visual_verified_same_as_0831_source
20260825-7d9b9b455655cf82a273-01,2026-08-25,手机,device,谷歌,,Pixel 1代,,,开机屏坏,30.0,元/台,,image,谷歌.jpg,数码网报价单-0825更新/手机相关/谷歌.jpg,1,1.0,visual_verified_same_as_0831_source
20260825-acbf98b7da7b31b5e875-01,2026-08-25,手机,device,谷歌,,Pixel 1代,,,不开机,30.0,元/台,,image,谷歌.jpg,数码网报价单-0825更新/手机相关/谷歌.jpg,1,1.0,visual_verified_same_as_0831_source
20260825-ce3324983c297353c7a7-01,2026-08-25,手机,device,谷歌,,Pixel 1代 XL,,,开机屏好,50.0,元/台,,image,谷歌.jpg,数码网报价单-0825更新/手机相关/谷歌.jpg,1,1.0,visual_verified_same_as_0831_source
20260825-f31afe8a586cdd91a21c-01,2026-08-25,手机,device,谷歌,,Pixel 1代 XL,,,开机屏坏,30.0,元/台,,image,谷歌.jpg,数码网报价单-0825更新/手机相关/谷歌.jpg,1,1.0,visual_verified_same_as_0831_source
20260825-3e148b0161685694d0e1-01,2026-08-25,手机,device,谷歌,,Pixel 1代 XL,,,不开机,20.0,元/台,,image,谷歌.jpg,数码网报价单-0825更新/手机相关/谷歌.jpg,1,1.0,visual_verified_same_as_0831_source
20260825-ffed196dad4e63269d5a-01,2026-08-25,手机,device,谷歌,,Pixel 2代 XL,,,开机屏好,100.0,元/台,,image,谷歌.jpg,数码网报价单-0825更新/手机相关/谷歌.jpg,1,1.0,visual_verified_same_as_0831_source
20260825-262b4396fd7083c02afd-01,2026-08-25,手机,device,谷歌,,Pixel 2代 XL,,,开机屏坏,50.0,元/台,,image,谷歌.jpg,数码网报价单-0825更新/手机相关/谷歌.jpg,1,1.0,visual_verified_same_as_0831_source
20260825-0eb3b87cde45c9748265-01,2026-08-25,手机,device,谷歌,,Pixel 2代 XL,,,不开机,20.0,元/台,,image,谷歌.jpg,数码网报价单-0825更新/手机相关/谷歌.jpg,1,1.0,visual_verified_same_as_0831_source
20260825-d86a3417d97647adb1e3-01,2026-08-25,手机,device,谷歌,,Pixel 3代 XL,,,开机屏好,170.0,元/台,,image,谷歌.jpg,数码网报价单-0825更新/手机相关/谷歌.jpg,1,1.0,visual_verified_same_as_0831_source
20260825-40570d25049e4bcefabf-01,2026-08-25,手机,device,谷歌,,Pixel 3代 XL,,,开机屏坏,70.0,元/台,,image,谷歌.jpg,数码网报价单-0825更新/手机相关/谷歌.jpg,1,1.0,visual_verified_same_as_0831_source
20260825-15203cf690b212124f10-01,2026-08-25,手机,device,谷歌,,Pixel 3代 XL,,,不开机,20.0,元/台,,image,谷歌.jpg,数码网报价单-0825更新/手机相关/谷歌.jpg,1,1.0,visual_verified_same_as_0831_source
20260825-3441a532baf629a0b3b6-01,2026-08-25,手机,device,谷歌,,Pixel 4代 XL,,,开机屏好,300.0,元/台,,image,谷歌.jpg,数码网报价单-0825更新/手机相关/谷歌.jpg,1,1.0,visual_verified_same_as_0831_source
20260825-b2108db03cc015143cae-01,2026-08-25,手机,device,谷歌,,Pixel 4代 XL,,,开机屏坏,150.0,元/台,,image,谷歌.jpg,数码网报价单-0825更新/手机相关/谷歌.jpg,1,1.0,visual_verified_same_as_0831_source
20260825-88818951b5e896cb6e9f-01,2026-08-25,手机,device,谷歌,,Pixel 4代 XL,,,不开机,30.0,元/台,,image,谷歌.jpg,数码网报价单-0825更新/手机相关/谷歌.jpg,1,1.0,visual_verified_same_as_0831_source
20260825-9fba5af34cdd36e6d069-01,2026-08-25,手机,device,金立,H系列,H60,,,开机屏好,110,元/台,,image,金立.jpg,数码网报价单-0825更新/手机相关/金立.jpg,1,1.0,visual_verified_same_as_0831_source
20260825-c799e713e86e0ef41345-01,2026-08-25,手机,device,金立,H系列,H60,,,开机屏坏,110,元/台,,image,金立.jpg,数码网报价单-0825更新/手机相关/金立.jpg,1,1.0,visual_verified_same_as_0831_source
20260825-87fb19091a99654a2a8b-01,2026-08-25,手机,device,金立,H系列,H60,,,不开机,110,元/台,,image,金立.jpg,数码网报价单-0825更新/手机相关/金立.jpg,1,1.0,visual_verified_same_as_0831_source
20260825-7ad3a486c37935fc268a-01,2026-08-25,手机,device,金立,H系列,H60,,,废板-整机,110,元/台,,image,金立.jpg,数码网报价单-0825更新/手机相关/金立.jpg,1,1.0,visual_verified_same_as_0831_source
20260825-ae9ce0183d80da5bc5ac-01,2026-08-25,手机,device,金立,H系列,H18,,,开机屏好,110,元/台,,image,金立.jpg,数码网报价单-0825更新/手机相关/金立.jpg,1,1.0,visual_verified_same_as_0831_source
20260825-6f94f5f04b5241f1f150-01,2026-08-25,手机,device,金立,H系列,H18,,,开机屏坏,110,元/台,,image,金立.jpg,数码网报价单-0825更新/手机相关/金立.jpg,1,1.0,visual_verified_same_as_0831_source
20260825-78e6b92c78336ee17393-01,2026-08-25,手机,device,金立,H系列,H18,,,不开机,110,元/台,,image,金立.jpg,数码网报价单-0825更新/手机相关/金立.jpg,1,1.0,visual_verified_same_as_0831_source
20260825-b2fd98a7463b95d1e46f-01,2026-08-25,手机,device,金立,H系列,H18,,,废板-整机,110,元/台,,image,金立.jpg,数码网报价单-0825更新/手机相关/金立.jpg,1,1.0,visual_verified_same_as_0831_source
20260825-243358adc1c2078355e9-01,2026-08-25,手机,device,金立,H系列,H20,,,开机屏好,110,元/台,,image,金立.jpg,数码网报价单-0825更新/手机相关/金立.jpg,1,1.0,visual_verified_same_as_0831_source
20260825-978871d80e3f281fb4c9-01,2026-08-25,手机,device,金立,H系列,H20,,,开机屏坏,110,元/台,,image,金立.jpg,数码网报价单-0825更新/手机相关/金立.jpg,1,1.0,visual_verified_same_as_0831_source
20260825-117505b7c0bdfe74a0c3-01,2026-08-25,手机,device,金立,H系列,H20,,,不开机,110,元/台,,image,金立.jpg,数码网报价单-0825更新/手机相关/金立.jpg,1,1.0,visual_verified_same_as_0831_source
20260825-de7e3a8ee193aa44e97a-01,2026-08-25,手机,device,金立,H系列,H20,,,废板-整机,110,元/台,,image,金立.jpg,数码网报价单-0825更新/手机相关/金立.jpg,1,1.0,visual_verified_same_as_0831_source
20260825-bf331d4f7a5ca24735b2-01,2026-08-25,手机,device,金立,H系列,H10,,,开机屏好,55,元/台,,image,金立.jpg,数码网报价单-0825更新/手机相关/金立.jpg,1,1.0,visual_verified_same_as_0831_source
20260825-1bde985095a9728bd6e9-01,2026-08-25,手机,device,金立,H系列,H10,,,开机屏坏,55,元/台,,image,金立.jpg,数码网报价单-0825更新/手机相关/金立.jpg,1,1.0,visual_verified_same_as_0831_source
20260825-161ad3823f60ef042707-01,2026-08-25,手机,device,金立,H系列,H10,,,不开机,55,元/台,,image,金立.jpg,数码网报价单-0825更新/手机相关/金立.jpg,1,1.0,visual_verified_same_as_0831_source
20260825-08b9a4532558ed55c386-01,2026-08-25,手机,device,金立,H系列,H10,,,废板-整机,55,元/台,,image,金立.jpg,数码网报价单-0825更新/手机相关/金立.jpg,1,1.0,visual_verified_same_as_0831_source
20260825-a656a949d872af73010b-01,2026-08-25,手机,device,金立,F系列,F50,,,开机屏好,110,元/台,,image,金立.jpg,数码网报价单-0825更新/手机相关/金立.jpg,1,1.0,visual_verified_same_as_0831_source
20260825-dd30caac8a7d6025bab7-01,2026-08-25,手机,device,金立,F系列,F50,,,开机屏坏,110,元/台,,image,金立.jpg,数码网报价单-0825更新/手机相关/金立.jpg,1,1.0,visual_verified_same_as_0831_source
20260825-1cc98a7f038c84dc52bc-01,2026-08-25,手机,device,金立,F系列,F50,,,不开机,110,元/台,,image,金立.jpg,数码网报价单-0825更新/手机相关/金立.jpg,1,1.0,visual_verified_same_as_0831_source
20260825-8448b3f9127e5f2261b4-01,2026-08-25,手机,device,金立,F系列,F50,,,废板-整机,110,元/台,,image,金立.jpg,数码网报价单-0825更新/手机相关/金立.jpg,1,1.0,visual_verified_same_as_0831_source
20260825-86e9618bafa4ad0c7bbe-01,2026-08-25,手机,device,金立,F系列,F50+,,,开机屏好,110,元/台,,image,金立.jpg,数码网报价单-0825更新/手机相关/金立.jpg,1,1.0,visual_verified_same_as_0831_source
20260825-84a0f46d7dc20392fa2f-01,2026-08-25,手机,device,金立,F系列,F50+,,,开机屏坏,110,元/台,,image,金立.jpg,数码网报价单-0825更新/手机相关/金立.jpg,1,1.0,visual_verified_same_as_0831_source
20260825-4c9ca0d9ccb61c6a2764-01,2026-08-25,手机,device,金立,F系列,F50+,,,不开机,110,元/台,,image,金立.jpg,数码网报价单-0825更新/手机相关/金立.jpg,1,1.0,visual_verified_same_as_0831_source
20260825-36efd9321c9e8db60e97-01,2026-08-25,手机,device,金立,F系列,F50+,,,废板-整机,110,元/台,,image,金立.jpg,数码网报价单-0825更新/手机相关/金立.jpg,1,1.0,visual_verified_same_as_0831_source
20260825-90a9bda3ef3e8c830011-01,2026-08-25,手机,device,金立,F系列,F40,,,开机屏好,110,元/台,,image,金立.jpg,数码网报价单-0825更新/手机相关/金立.jpg,1,1.0,visual_verified_same_as_0831_source
20260825-8ce445bf4c760d76f569-01,2026-08-25,手机,device,金立,F系列,F40,,,开机屏坏,110,元/台,,image,金立.jpg,数码网报价单-0825更新/手机相关/金立.jpg,1,1.0,visual_verified_same_as_0831_source
20260825-5bee6283633c286de557-01,2026-08-25,手机,device,金立,F系列,F40,,,不开机,110,元/台,,image,金立.jpg,数码网报价单-0825更新/手机相关/金立.jpg,1,1.0,visual_verified_same_as_0831_source
20260825-2f90f9e0227240df60fc-01,2026-08-25,手机,device,金立,F系列,F40,,,废板-整机,110,元/台,,image,金立.jpg,数码网报价单-0825更新/手机相关/金立.jpg,1,1.0,visual_verified_same_as_0831_source
20260825-f5155a7a94050b981c15-01,2026-08-25,手机,device,金立,F系列,F26,,,开机屏好,55,元/台,,image,金立.jpg,数码网报价单-0825更新/手机相关/金立.jpg,1,1.0,visual_verified_same_as_0831_source
20260825-a5d92cc2b244a621ee3f-01,2026-08-25,手机,device,金立,F系列,F26,,,开机屏坏,55,元/台,,image,金立.jpg,数码网报价单-0825更新/手机相关/金立.jpg,1,1.0,visual_verified_same_as_0831_source
20260825-f00b1ca0307ef6501bca-01,2026-08-25,手机,device,金立,F系列,F26,,,不开机,55,元/台,,image,金立.jpg,数码网报价单-0825更新/手机相关/金立.jpg,1,1.0,visual_verified_same_as_0831_source
20260825-3f7e9f80c5df529bbddf-01,2026-08-25,手机,device,金立,F系列,F26,,,废板-整机,55,元/台,,image,金立.jpg,数码网报价单-0825更新/手机相关/金立.jpg,1,1.0,visual_verified_same_as_0831_source
20260825-a5b25f4fdb9ede102e71-01,2026-08-25,手机,device,金立,F系列,F23,,,开机屏好,20,元/台,,image,金立.jpg,数码网报价单-0825更新/手机相关/金立.jpg,1,1.0,visual_verified_same_as_0831_source
20260825-739bd0449308e061c1e5-01,2026-08-25,手机,device,金立,F系列,F23,,,开机屏坏,20,元/台,,image,金立.jpg,数码网报价单-0825更新/手机相关/金立.jpg,1,1.0,visual_verified_same_as_0831_source
20260825-1c1164ffe513960137b8-01,2026-08-25,手机,device,金立,F系列,F23,,,不开机,20,元/台,,image,金立.jpg,数码网报价单-0825更新/手机相关/金立.jpg,1,1.0,visual_verified_same_as_0831_source
20260825-47378af196a097625664-01,2026-08-25,手机,device,金立,F系列,F23,,,废板-整机,20,元/台,,image,金立.jpg,数码网报价单-0825更新/手机相关/金立.jpg,1,1.0,visual_verified_same_as_0831_source
20260825-0ea87e46e7ba74740fe0-01,2026-08-25,手机,device,金立,F系列,F31,,,开机屏好,20,元/台,,image,金立.jpg,数码网报价单-0825更新/手机相关/金立.jpg,1,1.0,visual_verified_same_as_0831_source
20260825-7bffba830a7ffa80cc73-01,2026-08-25,手机,device,金立,F系列,F31,,,开机屏坏,20,元/台,,image,金立.jpg,数码网报价单-0825更新/手机相关/金立.jpg,1,1.0,visual_verified_same_as_0831_source
20260825-0290d968f7f8d6a119b3-01,2026-08-25,手机,device,金立,F系列,F31,,,不开机,20,元/台,,image,金立.jpg,数码网报价单-0825更新/手机相关/金立.jpg,1,1.0,visual_verified_same_as_0831_source
20260825-4be9674415a48fd13fea-01,2026-08-25,手机,device,金立,F系列,F31,,,废板-整机,20,元/台,,image,金立.jpg,数码网报价单-0825更新/手机相关/金立.jpg,1,1.0,visual_verified_same_as_0831_source
20260825-e53d60aed0bc4e74189d-01,2026-08-25,手机,device,金立,F系列,F30,,,开机屏好,20,元/台,,image,金立.jpg,数码网报价单-0825更新/手机相关/金立.jpg,1,1.0,visual_verified_same_as_0831_source
20260825-0c3d697b4b4928fff252-01,2026-08-25,手机,device,金立,F系列,F30,,,开机屏坏,20,元/台,,image,金立.jpg,数码网报价单-0825更新/手机相关/金立.jpg,1,1.0,visual_verified_same_as_0831_source
20260825-f210bd206d060957c165-01,2026-08-25,手机,device,金立,F系列,F30,,,不开机,20,元/台,,image,金立.jpg,数码网报价单-0825更新/手机相关/金立.jpg,1,1.0,visual_verified_same_as_0831_source
20260825-009e7a968bba8f669df4-01,2026-08-25,手机,device,金立,F系列,F30,,,废板-整机,20,元/台,,image,金立.jpg,数码网报价单-0825更新/手机相关/金立.jpg,1,1.0,visual_verified_same_as_0831_source
20260825-ae02e45b7583cb400ac5-01,2026-08-25,手机,device,金立,F系列,F22,,,开机屏好,20,元/台,,image,金立.jpg,数码网报价单-0825更新/手机相关/金立.jpg,1,1.0,visual_verified_same_as_0831_source
20260825-bd8d107d1baa75e3fcb4-01,2026-08-25,手机,device,金立,F系列,F22,,,开机屏坏,20,元/台,,image,金立.jpg,数码网报价单-0825更新/手机相关/金立.jpg,1,1.0,visual_verified_same_as_0831_source
20260825-42945e8b1ca7e8a2bb1a-01,2026-08-25,手机,device,金立,F系列,F22,,,不开机,20,元/台,,image,金立.jpg,数码网报价单-0825更新/手机相关/金立.jpg,1,1.0,visual_verified_same_as_0831_source
20260825-60cfd24c69b880a3f66d-01,2026-08-25,手机,device,金立,F系列,F22,,,废板-整机,20,元/台,,image,金立.jpg,数码网报价单-0825更新/手机相关/金立.jpg,1,1.0,visual_verified_same_as_0831_source
20260825-d22b5dfe8f351ee6b26e-01,2026-08-25,手机,device,金立,E系列,E18Pro,,,开机屏好,110,元/台,,image,金立.jpg,数码网报价单-0825更新/手机相关/金立.jpg,1,1.0,visual_verified_same_as_0831_source
20260825-75082181a578d5626b54-01,2026-08-25,手机,device,金立,E系列,E18Pro,,,开机屏坏,110,元/台,,image,金立.jpg,数码网报价单-0825更新/手机相关/金立.jpg,1,1.0,visual_verified_same_as_0831_source
20260825-3128a3e9cac53f72e6a0-01,2026-08-25,手机,device,金立,E系列,E18Pro,,,不开机,110,元/台,,image,金立.jpg,数码网报价单-0825更新/手机相关/金立.jpg,1,1.0,visual_verified_same_as_0831_source
20260825-8ade36ba25273154372a-01,2026-08-25,手机,device,金立,E系列,E18Pro,,,废板-整机,110,元/台,,image,金立.jpg,数码网报价单-0825更新/手机相关/金立.jpg,1,1.0,visual_verified_same_as_0831_source
20260825-95227a23bed60f897fc0-01,2026-08-25,手机,device,金立,E系列,E311,,,开机屏好,110,元/台,,image,金立.jpg,数码网报价单-0825更新/手机相关/金立.jpg,1,1.0,visual_verified_same_as_0831_source
20260825-a65703c852ee10b2c7a8-01,2026-08-25,手机,device,金立,E系列,E311,,,开机屏坏,110,元/台,,image,金立.jpg,数码网报价单-0825更新/手机相关/金立.jpg,1,1.0,visual_verified_same_as_0831_source
20260825-c817edd2f3a111a42ef3-01,2026-08-25,手机,device,金立,E系列,E311,,,不开机,110,元/台,,image,金立.jpg,数码网报价单-0825更新/手机相关/金立.jpg,1,1.0,visual_verified_same_as_0831_source
20260825-f86e19394adf88aca1bc-01,2026-08-25,手机,device,金立,E系列,E311,,,废板-整机,110,元/台,,image,金立.jpg,数码网报价单-0825更新/手机相关/金立.jpg,1,1.0,visual_verified_same_as_0831_source
20260825-4b1790d483642cef9d80-01,2026-08-25,手机,device,金立,E系列,E217高配,,,开机屏好,110,元/台,,image,金立.jpg,数码网报价单-0825更新/手机相关/金立.jpg,1,1.0,visual_verified_same_as_0831_source
20260825-1d1dcf528c9c6eba6a3b-01,2026-08-25,手机,device,金立,E系列,E217高配,,,开机屏坏,110,元/台,,image,金立.jpg,数码网报价单-0825更新/手机相关/金立.jpg,1,1.0,visual_verified_same_as_0831_source
20260825-084a7cbafd26a88168d3-01,2026-08-25,手机,device,金立,E系列,E217高配,,,不开机,110,元/台,,image,金立.jpg,数码网报价单-0825更新/手机相关/金立.jpg,1,1.0,visual_verified_same_as_0831_source
20260825-e32be5d68f3fd7c43fed-01,2026-08-25,手机,device,金立,E系列,E217高配,,,废板-整机,110,元/台,,image,金立.jpg,数码网报价单-0825更新/手机相关/金立.jpg,1,1.0,visual_verified_same_as_0831_source
20260825-f15acf6ae7ddb118398f-01,2026-08-25,手机,device,金立,E系列,E500,,,开机屏好,110,元/台,,image,金立.jpg,数码网报价单-0825更新/手机相关/金立.jpg,1,1.0,visual_verified_same_as_0831_source
20260825-6a2b5ea00c37dca6c7ad-01,2026-08-25,手机,device,金立,E系列,E500,,,开机屏坏,110,元/台,,image,金立.jpg,数码网报价单-0825更新/手机相关/金立.jpg,1,1.0,visual_verified_same_as_0831_source
20260825-037807884ab0d5709d8c-01,2026-08-25,手机,device,金立,E系列,E500,,,不开机,110,元/台,,image,金立.jpg,数码网报价单-0825更新/手机相关/金立.jpg,1,1.0,visual_verified_same_as_0831_source
20260825-0ba077471d3c4a3c8d57-01,2026-08-25,手机,device,金立,E系列,E500,,,废板-整机,110,元/台,,image,金立.jpg,数码网报价单-0825更新/手机相关/金立.jpg,1,1.0,visual_verified_same_as_0831_source
20260825-a9444e9068984fcdb50c-01,2026-08-25,手机,device,金立,E系列,E216,,,开机屏好,110,元/台,,image,金立.jpg,数码网报价单-0825更新/手机相关/金立.jpg,1,1.0,visual_verified_same_as_0831_source
20260825-4bcbec8bd81acb30baf3-01,2026-08-25,手机,device,金立,E系列,E216,,,开机屏坏,110,元/台,,image,金立.jpg,数码网报价单-0825更新/手机相关/金立.jpg,1,1.0,visual_verified_same_as_0831_source
20260825-4cec5a1df7c108a9164c-01,2026-08-25,手机,device,金立,E系列,E216,,,不开机,110,元/台,,image,金立.jpg,数码网报价单-0825更新/手机相关/金立.jpg,1,1.0,visual_verified_same_as_0831_source
20260825-8485e292ba1f0ca36d73-01,2026-08-25,手机,device,金立,E系列,E216,,,废板-整机,110,元/台,,image,金立.jpg,数码网报价单-0825更新/手机相关/金立.jpg,1,1.0,visual_verified_same_as_0831_source
20260825-58b7dede599a6ea3c3c4-01,2026-08-25,手机,device,金立,E系列,E300,,,开机屏好,55,元/台,,image,金立.jpg,数码网报价单-0825更新/手机相关/金立.jpg,1,1.0,visual_verified_same_as_0831_source
20260825-429314bf45488b58e6cb-01,2026-08-25,手机,device,金立,E系列,E300,,,开机屏坏,55,元/台,,image,金立.jpg,数码网报价单-0825更新/手机相关/金立.jpg,1,1.0,visual_verified_same_as_0831_source
20260825-8d374a50f51e09ce2c5c-01,2026-08-25,手机,device,金立,E系列,E300,,,不开机,55,元/台,,image,金立.jpg,数码网报价单-0825更新/手机相关/金立.jpg,1,1.0,visual_verified_same_as_0831_source
20260825-3af550a126fc1dc73aad-01,2026-08-25,手机,device,金立,E系列,E300,,,废板-整机,55,元/台,,image,金立.jpg,数码网报价单-0825更新/手机相关/金立.jpg,1,1.0,visual_verified_same_as_0831_source
20260825-2113d816db0a43cfc8dd-01,2026-08-25,手机,device,金立,E系列,E217低配,,,开机屏好,55,元/台,,image,金立.jpg,数码网报价单-0825更新/手机相关/金立.jpg,1,1.0,visual_verified_same_as_0831_source
20260825-97e37de1df982d3966c6-01,2026-08-25,手机,device,金立,E系列,E217低配,,,开机屏坏,55,元/台,,image,金立.jpg,数码网报价单-0825更新/手机相关/金立.jpg,1,1.0,visual_verified_same_as_0831_source
20260825-539589271c347d1917af-01,2026-08-25,手机,device,金立,E系列,E217低配,,,不开机,55,元/台,,image,金立.jpg,数码网报价单-0825更新/手机相关/金立.jpg,1,1.0,visual_verified_same_as_0831_source
20260825-280ea9756c20a2ea3a1a-01,2026-08-25,手机,device,金立,E系列,E217低配,,,废板-整机,55,元/台,,image,金立.jpg,数码网报价单-0825更新/手机相关/金立.jpg,1,1.0,visual_verified_same_as_0831_source
20260825-c19fd185e066885ae639-01,2026-08-25,手机,device,金立,E系列,E202,,,开机屏好,55,元/台,,image,金立.jpg,数码网报价单-0825更新/手机相关/金立.jpg,1,1.0,visual_verified_same_as_0831_source
20260825-36186f306f42ab181a60-01,2026-08-25,手机,device,金立,E系列,E202,,,开机屏坏,55,元/台,,image,金立.jpg,数码网报价单-0825更新/手机相关/金立.jpg,1,1.0,visual_verified_same_as_0831_source
20260825-7f208e38c16cb3f93b63-01,2026-08-25,手机,device,金立,E系列,E202,,,不开机,55,元/台,,image,金立.jpg,数码网报价单-0825更新/手机相关/金立.jpg,1,1.0,visual_verified_same_as_0831_source
20260825-f82b600f40402d56ed27-01,2026-08-25,手机,device,金立,E系列,E202,,,废板-整机,55,元/台,,image,金立.jpg,数码网报价单-0825更新/手机相关/金立.jpg,1,1.0,visual_verified_same_as_0831_source
20260825-66fb064ae3714f52fb34-01,2026-08-25,手机,device,金立,E系列,E200,,,开机屏好,55,元/台,,image,金立.jpg,数码网报价单-0825更新/手机相关/金立.jpg,1,1.0,visual_verified_same_as_0831_source
20260825-bdc70f685c8229673b2e-01,2026-08-25,手机,device,金立,E系列,E200,,,开机屏坏,55,元/台,,image,金立.jpg,数码网报价单-0825更新/手机相关/金立.jpg,1,1.0,visual_verified_same_as_0831_source
20260825-d508f4d1b35f99e6aba7-01,2026-08-25,手机,device,金立,E系列,E200,,,不开机,55,元/台,,image,金立.jpg,数码网报价单-0825更新/手机相关/金立.jpg,1,1.0,visual_verified_same_as_0831_source
20260825-c1d87b930be879952957-01,2026-08-25,手机,device,金立,E系列,E200,,,废板-整机,55,元/台,,image,金立.jpg,数码网报价单-0825更新/手机相关/金立.jpg,1,1.0,visual_verified_same_as_0831_source
20260825-f7aa86b188a184caa5c8-01,2026-08-25,手机,device,金立,其它/双屏,M30,,,开机屏好,11,元/台,,image,金立.jpg,数码网报价单-0825更新/手机相关/金立.jpg,1,1.0,visual_verified_same_as_0831_source
20260825-dc6b2cc0e11b60cd4a35-01,2026-08-25,手机,device,金立,其它/双屏,M30,,,开机屏坏,11,元/台,,image,金立.jpg,数码网报价单-0825更新/手机相关/金立.jpg,1,1.0,visual_verified_same_as_0831_source
20260825-047bb79e2e3e47838036-01,2026-08-25,手机,device,金立,其它/双屏,M30,,,不开机,11,元/台,,image,金立.jpg,数码网报价单-0825更新/手机相关/金立.jpg,1,1.0,visual_verified_same_as_0831_source
20260825-9672132fd1e944b4cad6-01,2026-08-25,手机,device,金立,其它/双屏,M30,,,废板-整机,11,元/台,,image,金立.jpg,数码网报价单-0825更新/手机相关/金立.jpg,1,1.0,visual_verified_same_as_0831_source
20260825-00b46087f998d5d36fa5-01,2026-08-25,手机,device,金立,其它/双屏,A6L双屏,,,开机屏好,60,元/台,,image,金立.jpg,数码网报价单-0825更新/手机相关/金立.jpg,1,1.0,visual_verified_same_as_0831_source
20260825-dc9890bd1b33d226fd0e-01,2026-08-25,手机,device,金立,其它/双屏,A6L双屏,,,开机屏坏,45,元/台,,image,金立.jpg,数码网报价单-0825更新/手机相关/金立.jpg,1,1.0,visual_verified_same_as_0831_source
20260825-db6c37129e5732a1b5f9-01,2026-08-25,手机,device,金立,其它/双屏,A6L双屏,,,不开机,45,元/台,,image,金立.jpg,数码网报价单-0825更新/手机相关/金立.jpg,1,1.0,visual_verified_same_as_0831_source
20260825-7a9f0160ba19428ebb75-01,2026-08-25,手机,device,金立,其它/双屏,A6L双屏,,,废板-整机,25,元/台,,image,金立.jpg,数码网报价单-0825更新/手机相关/金立.jpg,1,1.0,visual_verified_same_as_0831_source
20260825-08b10a6e40a403ea6734-01,2026-08-25,手机,device,金立,墨水屏系列,A9,,,开机屏好,400,元/台,,image,金立.jpg,数码网报价单-0825更新/手机相关/金立.jpg,1,1.0,visual_verified_same_as_0831_source
20260825-165f597581cf3d396bf3-01,2026-08-25,手机,device,金立,墨水屏系列,A9,,,开机屏坏,85,元/台,,image,金立.jpg,数码网报价单-0825更新/手机相关/金立.jpg,1,1.0,visual_verified_same_as_0831_source
20260825-d7c688c12ac8275f609b-01,2026-08-25,手机,device,金立,墨水屏系列,A9,,,不开机,85,元/台,,image,金立.jpg,数码网报价单-0825更新/手机相关/金立.jpg,1,1.0,visual_verified_same_as_0831_source
20260825-ea474b3d04b21ef8ad8c-01,2026-08-25,手机,device,金立,墨水屏系列,A9,,,废板-整机,85,元/台,,image,金立.jpg,数码网报价单-0825更新/手机相关/金立.jpg,1,1.0,visual_verified_same_as_0831_source
20260825-27f96e1cfd718d8c6ad7-01,2026-08-25,手机,device,金立,墨水屏系列,A7,,,开机屏好,400,元/台,,image,金立.jpg,数码网报价单-0825更新/手机相关/金立.jpg,1,1.0,visual_verified_same_as_0831_source
20260825-6ada2d8872fa72e0d843-01,2026-08-25,手机,device,金立,墨水屏系列,A7,,,开机屏坏,85,元/台,,image,金立.jpg,数码网报价单-0825更新/手机相关/金立.jpg,1,1.0,visual_verified_same_as_0831_source
20260825-ec8f062be07021e4a008-01,2026-08-25,手机,device,金立,墨水屏系列,A7,,,不开机,85,元/台,,image,金立.jpg,数码网报价单-0825更新/手机相关/金立.jpg,1,1.0,visual_verified_same_as_0831_source
20260825-4ef352314226222b5c12-01,2026-08-25,手机,device,金立,墨水屏系列,A7,,,废板-整机,85,元/台,,image,金立.jpg,数码网报价单-0825更新/手机相关/金立.jpg,1,1.0,visual_verified_same_as_0831_source
20260825-2ab5b1843eedcc560705-01,2026-08-25,手机,device,金立,墨水屏系列,A7cc版,,,开机屏好,400,元/台,,image,金立.jpg,数码网报价单-0825更新/手机相关/金立.jpg,1,1.0,visual_verified_same_as_0831_source
20260825-64f194c582bf013e4f32-01,2026-08-25,手机,device,金立,墨水屏系列,A7cc版,,,开机屏坏,85,元/台,,image,金立.jpg,数码网报价单-0825更新/手机相关/金立.jpg,1,1.0,visual_verified_same_as_0831_source
20260825-762b985ca89b9fdf3474-01,2026-08-25,手机,device,金立,墨水屏系列,A7cc版,,,不开机,85,元/台,,image,金立.jpg,数码网报价单-0825更新/手机相关/金立.jpg,1,1.0,visual_verified_same_as_0831_source
20260825-8dbd3e35bcaac857d8c7-01,2026-08-25,手机,device,金立,墨水屏系列,A7cc版,,,废板-整机,85,元/台,,image,金立.jpg,数码网报价单-0825更新/手机相关/金立.jpg,1,1.0,visual_verified_same_as_0831_source
20260825-8bfb23c42b13b81d21fc-01,2026-08-25,手机,device,金立,墨水屏系列,TOUCH LITE,,,开机屏好,320,元/台,,image,金立.jpg,数码网报价单-0825更新/手机相关/金立.jpg,1,1.0,visual_verified_same_as_0831_source
20260825-b2b6db8ea6a5dd4c862e-01,2026-08-25,手机,device,金立,墨水屏系列,TOUCH LITE,,,开机屏坏,85,元/台,,image,金立.jpg,数码网报价单-0825更新/手机相关/金立.jpg,1,1.0,visual_verified_same_as_0831_source
20260825-afae2e8b5b146dc4640a-01,2026-08-25,手机,device,金立,墨水屏系列,TOUCH LITE,,,不开机,85,元/台,,image,金立.jpg,数码网报价单-0825更新/手机相关/金立.jpg,1,1.0,visual_verified_same_as_0831_source
20260825-31ac06d72838623e9104-01,2026-08-25,手机,device,金立,墨水屏系列,TOUCH LITE,,,废板-整机,85,元/台,,image,金立.jpg,数码网报价单-0825更新/手机相关/金立.jpg,1,1.0,visual_verified_same_as_0831_source
20260825-e358a4e8d228c3d11908-01,2026-08-25,手机,device,金立,墨水屏系列,A5pro,,,开机屏好,210,元/台,,image,金立.jpg,数码网报价单-0825更新/手机相关/金立.jpg,1,1.0,visual_verified_same_as_0831_source
20260825-792f92a8e6c92cb413f8-01,2026-08-25,手机,device,金立,墨水屏系列,A5pro,,,开机屏坏,85,元/台,,image,金立.jpg,数码网报价单-0825更新/手机相关/金立.jpg,1,1.0,visual_verified_same_as_0831_source
20260825-dce2a63e97040e38df57-01,2026-08-25,手机,device,金立,墨水屏系列,A5pro,,,不开机,85,元/台,,image,金立.jpg,数码网报价单-0825更新/手机相关/金立.jpg,1,1.0,visual_verified_same_as_0831_source
20260825-69c7ee85ba98e977c6bd-01,2026-08-25,手机,device,金立,墨水屏系列,A5pro,,,废板-整机,85,元/台,,image,金立.jpg,数码网报价单-0825更新/手机相关/金立.jpg,1,1.0,visual_verified_same_as_0831_source
20260825-43ce69196b3b42db0d63-01,2026-08-25,手机,device,锤子,,锤子Pro3,,,开机屏好,110.0,元/台,,image,锤子.jpg,数码网报价单-0825更新/手机相关/锤子.jpg,1,1.0,visual_verified_same_as_0831_source
20260825-c0bfd0e65181beb15224-01,2026-08-25,手机,device,锤子,,锤子Pro3,,,开机屏坏,110.0,元/台,,image,锤子.jpg,数码网报价单-0825更新/手机相关/锤子.jpg,1,1.0,visual_verified_same_as_0831_source
20260825-bc10341735791d1449e7-01,2026-08-25,手机,device,锤子,,锤子Pro3,,,不开机,110.0,元/台,,image,锤子.jpg,数码网报价单-0825更新/手机相关/锤子.jpg,1,1.0,visual_verified_same_as_0831_source
20260825-275bd2a9ab175ef0c1b8-01,2026-08-25,手机,device,锤子,,锤子Pro3,,,废板-整机,110.0,元/台,,image,锤子.jpg,数码网报价单-0825更新/手机相关/锤子.jpg,1,1.0,visual_verified_same_as_0831_source
20260825-7a7c818e0084e158d0ad-01,2026-08-25,手机,device,锤子,,坚果R2,,,开机屏好,180.0,元/台,,image,锤子.jpg,数码网报价单-0825更新/手机相关/锤子.jpg,1,1.0,visual_verified_same_as_0831_source
20260825-017abd660a7dc2f106fb-01,2026-08-25,手机,device,锤子,,坚果R2,,,开机屏坏,150.0,元/台,,image,锤子.jpg,数码网报价单-0825更新/手机相关/锤子.jpg,1,1.0,visual_verified_same_as_0831_source
20260825-189479d36a0becb92618-01,2026-08-25,手机,device,锤子,,坚果R2,,,不开机,110.0,元/台,,image,锤子.jpg,数码网报价单-0825更新/手机相关/锤子.jpg,1,1.0,visual_verified_same_as_0831_source
20260825-fcb3a373fd4e6c0f8dae-01,2026-08-25,手机,device,锤子,,坚果R2,,,废板-整机,110.0,元/台,,image,锤子.jpg,数码网报价单-0825更新/手机相关/锤子.jpg,1,1.0,visual_verified_same_as_0831_source
20260825-a752395bd8d0761c9425-01,2026-08-25,手机,device,锤子,,锤子Pro2s,,,开机屏好,90.0,元/台,,image,锤子.jpg,数码网报价单-0825更新/手机相关/锤子.jpg,1,1.0,visual_verified_same_as_0831_source
20260825-61edde8d56f59edae4bd-01,2026-08-25,手机,device,锤子,,锤子Pro2s,,,开机屏坏,90.0,元/台,,image,锤子.jpg,数码网报价单-0825更新/手机相关/锤子.jpg,1,1.0,visual_verified_same_as_0831_source
20260825-0a6b15a439466d6bafe7-01,2026-08-25,手机,device,锤子,,锤子Pro2s,,,不开机,90.0,元/台,,image,锤子.jpg,数码网报价单-0825更新/手机相关/锤子.jpg,1,1.0,visual_verified_same_as_0831_source
20260825-1b3b6769117cbf40ed43-01,2026-08-25,手机,device,锤子,,锤子Pro2s,,,废板-整机,90.0,元/台,,image,锤子.jpg,数码网报价单-0825更新/手机相关/锤子.jpg,1,1.0,visual_verified_same_as_0831_source
20260825-dd402a034a933f5e8571-01,2026-08-25,手机,device,锤子,,R1,,,开机屏好,90.0,元/台,,image,锤子.jpg,数码网报价单-0825更新/手机相关/锤子.jpg,1,1.0,visual_verified_same_as_0831_source
20260825-0857e46ddae1a2b4daf3-01,2026-08-25,手机,device,锤子,,R1,,,开机屏坏,90.0,元/台,,image,锤子.jpg,数码网报价单-0825更新/手机相关/锤子.jpg,1,1.0,visual_verified_same_as_0831_source
20260825-5b94dcdb9d4a33152944-01,2026-08-25,手机,device,锤子,,R1,,,不开机,90.0,元/台,,image,锤子.jpg,数码网报价单-0825更新/手机相关/锤子.jpg,1,1.0,visual_verified_same_as_0831_source
20260825-c99b5f7d6d1d09fc7c85-01,2026-08-25,手机,device,锤子,,R1,,,废板-整机,90.0,元/台,,image,锤子.jpg,数码网报价单-0825更新/手机相关/锤子.jpg,1,1.0,visual_verified_same_as_0831_source
20260825-ffe00693c5bff4f08b76-01,2026-08-25,手机,device,锤子,,坚果Pro3,,,开机屏好,110.0,元/台,,image,锤子.jpg,数码网报价单-0825更新/手机相关/锤子.jpg,1,1.0,visual_verified_same_as_0831_source
20260825-388b075f84ab28cd90b2-01,2026-08-25,手机,device,锤子,,坚果Pro3,,,开机屏坏,110.0,元/台,,image,锤子.jpg,数码网报价单-0825更新/手机相关/锤子.jpg,1,1.0,visual_verified_same_as_0831_source
20260825-e45fa6d96f996e31e08e-01,2026-08-25,手机,device,锤子,,坚果Pro3,,,不开机,110.0,元/台,,image,锤子.jpg,数码网报价单-0825更新/手机相关/锤子.jpg,1,1.0,visual_verified_same_as_0831_source
20260825-aab7a2f113f4fd6dbde8-01,2026-08-25,手机,device,锤子,,坚果Pro3,,,废板-整机,110.0,元/台,,image,锤子.jpg,数码网报价单-0825更新/手机相关/锤子.jpg,1,1.0,visual_verified_same_as_0831_source
20260825-00e1071b8b2eec3b280d-01,2026-08-25,手机,device,锤子,,坚果3,,,开机屏好,90.0,元/台,,image,锤子.jpg,数码网报价单-0825更新/手机相关/锤子.jpg,1,1.0,visual_verified_same_as_0831_source
20260825-ca255c4c535319ccf174-01,2026-08-25,手机,device,锤子,,坚果3,,,开机屏坏,90.0,元/台,,image,锤子.jpg,数码网报价单-0825更新/手机相关/锤子.jpg,1,1.0,visual_verified_same_as_0831_source
20260825-f0e201c5473aa1161173-01,2026-08-25,手机,device,锤子,,坚果3,,,不开机,90.0,元/台,,image,锤子.jpg,数码网报价单-0825更新/手机相关/锤子.jpg,1,1.0,visual_verified_same_as_0831_source
20260825-74bbd1ef8ba8f1c21c2d-01,2026-08-25,手机,device,锤子,,坚果3,,,废板-整机,90.0,元/台,,image,锤子.jpg,数码网报价单-0825更新/手机相关/锤子.jpg,1,1.0,visual_verified_same_as_0831_source
20260825-a4df3973d40721e837e6-01,2026-08-25,手机,device,锤子,,坚果2,,,开机屏好,90.0,元/台,,image,锤子.jpg,数码网报价单-0825更新/手机相关/锤子.jpg,1,1.0,visual_verified_same_as_0831_source
20260825-2b37bd6021815a75cc2b-01,2026-08-25,手机,device,锤子,,坚果2,,,开机屏坏,90.0,元/台,,image,锤子.jpg,数码网报价单-0825更新/手机相关/锤子.jpg,1,1.0,visual_verified_same_as_0831_source
20260825-5655f607345c6c4e342b-01,2026-08-25,手机,device,锤子,,坚果2,,,不开机,90.0,元/台,,image,锤子.jpg,数码网报价单-0825更新/手机相关/锤子.jpg,1,1.0,visual_verified_same_as_0831_source
20260825-f6993f1dd7f5f37c3689-01,2026-08-25,手机,device,锤子,,坚果2,,,废板-整机,90.0,元/台,,image,锤子.jpg,数码网报价单-0825更新/手机相关/锤子.jpg,1,1.0,visual_verified_same_as_0831_source
20260825-29f10c677855dd499a55-01,2026-08-25,手机,device,锤子,,锤子Pro2,,,开机屏好,90.0,元/台,,image,锤子.jpg,数码网报价单-0825更新/手机相关/锤子.jpg,1,1.0,visual_verified_same_as_0831_source
20260825-65fe11cb2308fbaaccd4-01,2026-08-25,手机,device,锤子,,锤子Pro2,,,开机屏坏,90.0,元/台,,image,锤子.jpg,数码网报价单-0825更新/手机相关/锤子.jpg,1,1.0,visual_verified_same_as_0831_source
20260825-f202e626efd9e5cac936-01,2026-08-25,手机,device,锤子,,锤子Pro2,,,不开机,90.0,元/台,,image,锤子.jpg,数码网报价单-0825更新/手机相关/锤子.jpg,1,1.0,visual_verified_same_as_0831_source
20260825-faeaa7b516e95083ed22-01,2026-08-25,手机,device,锤子,,锤子Pro2,,,废板-整机,90.0,元/台,,image,锤子.jpg,数码网报价单-0825更新/手机相关/锤子.jpg,1,1.0,visual_verified_same_as_0831_source
20260825-3eb3f93b809fbf518803-01,2026-08-25,手机,device,锤子,,锤子Pro,,,开机屏好,90.0,元/台,,image,锤子.jpg,数码网报价单-0825更新/手机相关/锤子.jpg,1,1.0,visual_verified_same_as_0831_source
20260825-2561fd1b7712fac05f60-01,2026-08-25,手机,device,锤子,,锤子Pro,,,开机屏坏,90.0,元/台,,image,锤子.jpg,数码网报价单-0825更新/手机相关/锤子.jpg,1,1.0,visual_verified_same_as_0831_source
20260825-2c83d4f7363a3b0c4302-01,2026-08-25,手机,device,锤子,,锤子Pro,,,不开机,90.0,元/台,,image,锤子.jpg,数码网报价单-0825更新/手机相关/锤子.jpg,1,1.0,visual_verified_same_as_0831_source
20260825-e3a589d25f876ad98694-01,2026-08-25,手机,device,锤子,,锤子Pro,,,废板-整机,90.0,元/台,,image,锤子.jpg,数码网报价单-0825更新/手机相关/锤子.jpg,1,1.0,visual_verified_same_as_0831_source
20260825-ecb2109eab1cac9414fa-01,2026-08-25,手机,device,锤子,,坚果3 64,,,开机屏好,90.0,元/台,,image,锤子.jpg,数码网报价单-0825更新/手机相关/锤子.jpg,1,1.0,visual_verified_same_as_0831_source
20260825-4e0b139719e444ebf72d-01,2026-08-25,手机,device,锤子,,坚果3 64,,,开机屏坏,90.0,元/台,,image,锤子.jpg,数码网报价单-0825更新/手机相关/锤子.jpg,1,1.0,visual_verified_same_as_0831_source
20260825-5fb195f3f561518c54ce-01,2026-08-25,手机,device,锤子,,坚果3 64,,,不开机,90.0,元/台,,image,锤子.jpg,数码网报价单-0825更新/手机相关/锤子.jpg,1,1.0,visual_verified_same_as_0831_source
20260825-b77280a39f39720b1e72-01,2026-08-25,手机,device,锤子,,坚果3 64,,,废板-整机,90.0,元/台,,image,锤子.jpg,数码网报价单-0825更新/手机相关/锤子.jpg,1,1.0,visual_verified_same_as_0831_source
20260825-c50b56929a24c6c55724-01,2026-08-25,手机,device,锤子,,坚果3 128,,,开机屏好,90.0,元/台,,image,锤子.jpg,数码网报价单-0825更新/手机相关/锤子.jpg,1,1.0,visual_verified_same_as_0831_source
20260825-151d29c8e021c2eca580-01,2026-08-25,手机,device,锤子,,坚果3 128,,,开机屏坏,90.0,元/台,,image,锤子.jpg,数码网报价单-0825更新/手机相关/锤子.jpg,1,1.0,visual_verified_same_as_0831_source
20260825-e0650b7f655ed83c1b11-01,2026-08-25,手机,device,锤子,,坚果3 128,,,不开机,90.0,元/台,,image,锤子.jpg,数码网报价单-0825更新/手机相关/锤子.jpg,1,1.0,visual_verified_same_as_0831_source
20260825-d64f611305c0b0f80dc1-01,2026-08-25,手机,device,锤子,,坚果3 128,,,废板-整机,90.0,元/台,,image,锤子.jpg,数码网报价单-0825更新/手机相关/锤子.jpg,1,1.0,visual_verified_same_as_0831_source
20260825-47d6f1a8431b5709abff-01,2026-08-25,手机,device,锤子,,锤子M1,,,开机屏好,25.0,元/台,,image,锤子.jpg,数码网报价单-0825更新/手机相关/锤子.jpg,1,1.0,visual_verified_same_as_0831_source
20260825-4befc4c70d005af75df8-01,2026-08-25,手机,device,锤子,,锤子M1,,,开机屏坏,25.0,元/台,,image,锤子.jpg,数码网报价单-0825更新/手机相关/锤子.jpg,1,1.0,visual_verified_same_as_0831_source
20260825-bcc6cde256768ddd9234-01,2026-08-25,手机,device,锤子,,锤子M1,,,不开机,25.0,元/台,,image,锤子.jpg,数码网报价单-0825更新/手机相关/锤子.jpg,1,1.0,visual_verified_same_as_0831_source
20260825-5c00d24babbd87600230-01,2026-08-25,手机,device,锤子,,锤子M1,,,废板-整机,25.0,元/台,,image,锤子.jpg,数码网报价单-0825更新/手机相关/锤子.jpg,1,1.0,visual_verified_same_as_0831_source
20260825-3458c15ec84f14f6baea-01,2026-08-25,手机,device,锤子,,坚果,,,开机屏好,25.0,元/台,,image,锤子.jpg,数码网报价单-0825更新/手机相关/锤子.jpg,1,1.0,visual_verified_same_as_0831_source
20260825-46846a3289dca78e0bfa-01,2026-08-25,手机,device,锤子,,坚果,,,开机屏坏,25.0,元/台,,image,锤子.jpg,数码网报价单-0825更新/手机相关/锤子.jpg,1,1.0,visual_verified_same_as_0831_source
20260825-86880f10989a071710db-01,2026-08-25,手机,device,锤子,,坚果,,,不开机,25.0,元/台,,image,锤子.jpg,数码网报价单-0825更新/手机相关/锤子.jpg,1,1.0,visual_verified_same_as_0831_source
20260825-a7281b37c8201cc8aeff-01,2026-08-25,手机,device,锤子,,坚果,,,废板-整机,25.0,元/台,,image,锤子.jpg,数码网报价单-0825更新/手机相关/锤子.jpg,1,1.0,visual_verified_same_as_0831_source
20260825-99d5043f8d13117ffd8b-01,2026-08-25,手机,device,锤子,,锤子T2,,,开机屏好,20.0,元/台,,image,锤子.jpg,数码网报价单-0825更新/手机相关/锤子.jpg,1,1.0,visual_verified_same_as_0831_source
20260825-34caf5720c3b05151215-01,2026-08-25,手机,device,锤子,,锤子T2,,,开机屏坏,20.0,元/台,,image,锤子.jpg,数码网报价单-0825更新/手机相关/锤子.jpg,1,1.0,visual_verified_same_as_0831_source
20260825-81e91f1327b9e2ed5e7b-01,2026-08-25,手机,device,锤子,,锤子T2,,,不开机,20.0,元/台,,image,锤子.jpg,数码网报价单-0825更新/手机相关/锤子.jpg,1,1.0,visual_verified_same_as_0831_source
20260825-afad9421b51a39d5bb67-01,2026-08-25,手机,device,锤子,,锤子T2,,,废板-整机,20.0,元/台,,image,锤子.jpg,数码网报价单-0825更新/手机相关/锤子.jpg,1,1.0,visual_verified_same_as_0831_source
20260825-2b9d985cf53d64272dd7-01,2026-08-25,手机,device,锤子,,锤子T1,,,开机屏好,20.0,元/台,,image,锤子.jpg,数码网报价单-0825更新/手机相关/锤子.jpg,1,1.0,visual_verified_same_as_0831_source
20260825-421afd496c9c09ae02c7-01,2026-08-25,手机,device,锤子,,锤子T1,,,开机屏坏,20.0,元/台,,image,锤子.jpg,数码网报价单-0825更新/手机相关/锤子.jpg,1,1.0,visual_verified_same_as_0831_source
20260825-2a64d7dc3aa85dea5c07-01,2026-08-25,手机,device,锤子,,锤子T1,,,不开机,20.0,元/台,,image,锤子.jpg,数码网报价单-0825更新/手机相关/锤子.jpg,1,1.0,visual_verified_same_as_0831_source
20260825-37f81f3964708dfd7a02-01,2026-08-25,手机,device,锤子,,锤子T1,,,废板-整机,20.0,元/台,,image,锤子.jpg,数码网报价单-0825更新/手机相关/锤子.jpg,1,1.0,visual_verified_same_as_0831_source
20260825-f1db9624b4df9522c4da-01,2026-08-25,手机,device,HTC,One系列,One-x9,,One-x9,开机屏好,15.0,元/台,,image,HTC.jpg,数码网报价单-0825更新/手机相关/HTC.jpg,1,0.99,visual_legacy_crosscheck
20260825-a95af0cb90c8ebfe1c5f-01,2026-08-25,手机,device,HTC,One系列,One-x9,,One-x9,开机屏坏,15.0,元/台,,image,HTC.jpg,数码网报价单-0825更新/手机相关/HTC.jpg,1,0.99,visual_legacy_crosscheck
20260825-6f6abdcf8ee5e9923472-01,2026-08-25,手机,device,HTC,One系列,One-x9,,One-x9,不开机,15.0,元/台,,image,HTC.jpg,数码网报价单-0825更新/手机相关/HTC.jpg,1,0.99,visual_legacy_crosscheck
20260825-f742e341dbe94f4d70de-01,2026-08-25,手机,device,HTC,One系列,One-x9,,One-x9,废板-整机,10.0,元/台,,image,HTC.jpg,数码网报价单-0825更新/手机相关/HTC.jpg,1,0.99,visual_legacy_crosscheck
20260825-a28e38a172f65b872466-01,2026-08-25,手机,device,HTC,One系列,One-a9,,One-a9,开机屏好,20.0,元/台,,image,HTC.jpg,数码网报价单-0825更新/手机相关/HTC.jpg,1,0.99,visual_legacy_crosscheck
20260825-a250b6130b9f0ede4d8d-01,2026-08-25,手机,device,HTC,One系列,One-a9,,One-a9,开机屏坏,10.0,元/台,,image,HTC.jpg,数码网报价单-0825更新/手机相关/HTC.jpg,1,0.99,visual_legacy_crosscheck
20260825-9a4541eae08a8d9e7406-01,2026-08-25,手机,device,HTC,One系列,One-a9,,One-a9,不开机,10.0,元/台,,image,HTC.jpg,数码网报价单-0825更新/手机相关/HTC.jpg,1,0.99,visual_legacy_crosscheck
20260825-ab886765f158e35a55fd-01,2026-08-25,手机,device,HTC,One系列,One-a9,,One-a9,废板-整机,10.0,元/台,,image,HTC.jpg,数码网报价单-0825更新/手机相关/HTC.jpg,1,0.99,visual_legacy_crosscheck
20260825-8f7234ab59f3b6c5c9b2-01,2026-08-25,手机,device,HTC,One系列,One me (m9w),,One me (m9w),开机屏好,15.0,元/台,,image,HTC.jpg,数码网报价单-0825更新/手机相关/HTC.jpg,1,0.99,visual_legacy_crosscheck
20260825-9bd7a6c526dd50f4a92d-01,2026-08-25,手机,device,HTC,One系列,One me (m9w),,One me (m9w),开机屏坏,15.0,元/台,,image,HTC.jpg,数码网报价单-0825更新/手机相关/HTC.jpg,1,0.99,visual_legacy_crosscheck
20260825-e317019d5b2c66b2f61c-01,2026-08-25,手机,device,HTC,One系列,One me (m9w),,One me (m9w),不开机,15.0,元/台,,image,HTC.jpg,数码网报价单-0825更新/手机相关/HTC.jpg,1,0.99,visual_legacy_crosscheck
20260825-deb6958fc7c898783971-01,2026-08-25,手机,device,HTC,One系列,One me (m9w),,One me (m9w),废板-整机,15.0,元/台,,image,HTC.jpg,数码网报价单-0825更新/手机相关/HTC.jpg,1,0.99,visual_legacy_crosscheck
20260825-34c9d5a0b61be1266ae2-01,2026-08-25,手机,device,HTC,One系列,One me (m9t/ew),,One me (m9t/ew),开机屏好,15.0,元/台,,image,HTC.jpg,数码网报价单-0825更新/手机相关/HTC.jpg,1,0.99,visual_legacy_crosscheck
20260825-b0a2ee1bceb738739ad6-01,2026-08-25,手机,device,HTC,One系列,One me (m9t/ew),,One me (m9t/ew),开机屏坏,15.0,元/台,,image,HTC.jpg,数码网报价单-0825更新/手机相关/HTC.jpg,1,0.99,visual_legacy_crosscheck
20260825-ecdc0979ab95e9cb475f-01,2026-08-25,手机,device,HTC,One系列,One me (m9t/ew),,One me (m9t/ew),不开机,15.0,元/台,,image,HTC.jpg,数码网报价单-0825更新/手机相关/HTC.jpg,1,0.99,visual_legacy_crosscheck
20260825-7d2ae2f8df5a68cfa85b-01,2026-08-25,手机,device,HTC,One系列,One me (m9t/ew),,One me (m9t/ew),废板-整机,15.0,元/台,,image,HTC.jpg,数码网报价单-0825更新/手机相关/HTC.jpg,1,0.99,visual_legacy_crosscheck
20260825-5339f3c0743781bbcd97-01,2026-08-25,手机,device,HTC,One系列,One m8,,One m8,开机屏好,10.0,元/台,,image,HTC.jpg,数码网报价单-0825更新/手机相关/HTC.jpg,1,0.99,visual_legacy_crosscheck
20260825-47a5368b911c0a404115-01,2026-08-25,手机,device,HTC,One系列,One m8,,One m8,开机屏坏,10.0,元/台,,image,HTC.jpg,数码网报价单-0825更新/手机相关/HTC.jpg,1,0.99,visual_legacy_crosscheck
20260825-f26fe514cd5412cec165-01,2026-08-25,手机,device,HTC,One系列,One m8,,One m8,不开机,10.0,元/台,,image,HTC.jpg,数码网报价单-0825更新/手机相关/HTC.jpg,1,0.99,visual_legacy_crosscheck
20260825-8a630d6c95f8bf01aa65-01,2026-08-25,手机,device,HTC,One系列,One m8,,One m8,废板-整机,10.0,元/台,,image,HTC.jpg,数码网报价单-0825更新/手机相关/HTC.jpg,1,0.99,visual_legacy_crosscheck
20260825-e3ed0bfa2d321e5e8e38-01,2026-08-25,手机,device,HTC,One/M系列,M9+ (m9pw),,M9+ (m9pw),开机屏好,10.0,元/台,,image,HTC.jpg,数码网报价单-0825更新/手机相关/HTC.jpg,1,0.99,visual_legacy_crosscheck
20260825-640122c1b3247ae1e4fc-01,2026-08-25,手机,device,HTC,One/M系列,M9+ (m9pw),,M9+ (m9pw),开机屏坏,10.0,元/台,,image,HTC.jpg,数码网报价单-0825更新/手机相关/HTC.jpg,1,0.99,visual_legacy_crosscheck
20260825-a0cbdaf5f0094fba3b55-01,2026-08-25,手机,device,HTC,One/M系列,M9+ (m9pw),,M9+ (m9pw),不开机,10.0,元/台,,image,HTC.jpg,数码网报价单-0825更新/手机相关/HTC.jpg,1,0.99,visual_legacy_crosscheck
20260825-ead4c60b086dc9f0d04e-01,2026-08-25,手机,device,HTC,One/M系列,M9+ (m9pw),,M9+ (m9pw),废板-整机,10.0,元/台,,image,HTC.jpg,数码网报价单-0825更新/手机相关/HTC.jpg,1,0.99,visual_legacy_crosscheck
20260825-7624903ebc0a0ea5e5fd-01,2026-08-25,手机,device,HTC,M/E系列,M9+ (m9pt),,M9+ (m9pt),开机屏好,10.0,元/台,,image,HTC.jpg,数码网报价单-0825更新/手机相关/HTC.jpg,1,0.99,visual_legacy_crosscheck
20260825-47d1820c79bded71fe42-01,2026-08-25,手机,device,HTC,M/E系列,M9+ (m9pt),,M9+ (m9pt),开机屏坏,10.0,元/台,,image,HTC.jpg,数码网报价单-0825更新/手机相关/HTC.jpg,1,0.99,visual_legacy_crosscheck
20260825-d1ff2df4721d9f6ab254-01,2026-08-25,手机,device,HTC,M/E系列,M9+ (m9pt),,M9+ (m9pt),不开机,10.0,元/台,,image,HTC.jpg,数码网报价单-0825更新/手机相关/HTC.jpg,1,0.99,visual_legacy_crosscheck
20260825-1315f4f0373fdb468118-01,2026-08-25,手机,device,HTC,M/E系列,M9+ (m9pt),,M9+ (m9pt),废板-整机,10.0,元/台,,image,HTC.jpg,数码网报价单-0825更新/手机相关/HTC.jpg,1,0.99,visual_legacy_crosscheck
20260825-fbd2a4fd2e0ea6b561de-01,2026-08-25,手机,device,HTC,M/E系列,M8美版/w,,M8美版/w,开机屏好,10.0,元/台,,image,HTC.jpg,数码网报价单-0825更新/手机相关/HTC.jpg,1,0.99,visual_legacy_crosscheck
20260825-4e89547401eb5b712d01-01,2026-08-25,手机,device,HTC,M/E系列,M8美版/w,,M8美版/w,开机屏坏,10.0,元/台,,image,HTC.jpg,数码网报价单-0825更新/手机相关/HTC.jpg,1,0.99,visual_legacy_crosscheck
20260825-9d0225db4f653d241e53-01,2026-08-25,手机,device,HTC,M/E系列,M8美版/w,,M8美版/w,不开机,10.0,元/台,,image,HTC.jpg,数码网报价单-0825更新/手机相关/HTC.jpg,1,0.99,visual_legacy_crosscheck
20260825-351c1398e6d41e6f505e-01,2026-08-25,手机,device,HTC,M/E系列,M8美版/w,,M8美版/w,废板-整机,10.0,元/台,,image,HTC.jpg,数码网报价单-0825更新/手机相关/HTC.jpg,1,0.99,visual_legacy_crosscheck
20260825-10f84044ed56818cf3ab-01,2026-08-25,手机,device,HTC,M/E系列,M8sw,,M8sw,开机屏好,10.0,元/台,,image,HTC.jpg,数码网报价单-0825更新/手机相关/HTC.jpg,1,0.99,visual_legacy_crosscheck
20260825-03c384e942856d9ae7bb-01,2026-08-25,手机,device,HTC,M/E系列,M8sw,,M8sw,开机屏坏,10.0,元/台,,image,HTC.jpg,数码网报价单-0825更新/手机相关/HTC.jpg,1,0.99,visual_legacy_crosscheck
20260825-e86157ead0743345531a-01,2026-08-25,手机,device,HTC,M/E系列,M8sw,,M8sw,不开机,10.0,元/台,,image,HTC.jpg,数码网报价单-0825更新/手机相关/HTC.jpg,1,0.99,visual_legacy_crosscheck
20260825-7a59bc31a7e7e102a26c-01,2026-08-25,手机,device,HTC,M/E系列,M8sw,,M8sw,废板-整机,10.0,元/台,,image,HTC.jpg,数码网报价单-0825更新/手机相关/HTC.jpg,1,0.99,visual_legacy_crosscheck
20260825-23675e1fbc2933a208d3-01,2026-08-25,手机,device,HTC,M/E系列,M8e,,M8e,开机屏好,10.0,元/台,,image,HTC.jpg,数码网报价单-0825更新/手机相关/HTC.jpg,1,0.99,visual_legacy_crosscheck
20260825-0fd332d79cee06c936a1-01,2026-08-25,手机,device,HTC,M/E系列,M8e,,M8e,开机屏坏,10.0,元/台,,image,HTC.jpg,数码网报价单-0825更新/手机相关/HTC.jpg,1,0.99,visual_legacy_crosscheck
20260825-401edf2f663d5cea07c6-01,2026-08-25,手机,device,HTC,M/E系列,M8e,,M8e,不开机,10.0,元/台,,image,HTC.jpg,数码网报价单-0825更新/手机相关/HTC.jpg,1,0.99,visual_legacy_crosscheck
20260825-ba3606fbd0639159553e-01,2026-08-25,手机,device,HTC,M/E系列,M8e,,M8e,废板-整机,10.0,元/台,,image,HTC.jpg,数码网报价单-0825更新/手机相关/HTC.jpg,1,0.99,visual_legacy_crosscheck
20260825-3e25669515d258c7073e-01,2026-08-25,手机,device,HTC,M/E系列,E9+(pw/pt),,E9+(pw/pt),开机屏好,10.0,元/台,,image,HTC.jpg,数码网报价单-0825更新/手机相关/HTC.jpg,1,0.99,visual_legacy_crosscheck
20260825-149cd4b4c437038700c6-01,2026-08-25,手机,device,HTC,M/E系列,E9+(pw/pt),,E9+(pw/pt),开机屏坏,10.0,元/台,,image,HTC.jpg,数码网报价单-0825更新/手机相关/HTC.jpg,1,0.99,visual_legacy_crosscheck
20260825-7dd2ddd50e82f2987e5c-01,2026-08-25,手机,device,HTC,M/E系列,E9+(pw/pt),,E9+(pw/pt),不开机,10.0,元/台,,image,HTC.jpg,数码网报价单-0825更新/手机相关/HTC.jpg,1,0.99,visual_legacy_crosscheck
20260825-845cb28a5597e6a1ee81-01,2026-08-25,手机,device,HTC,M/E系列,E9+(pw/pt),,E9+(pw/pt),废板-整机,10.0,元/台,,image,HTC.jpg,数码网报价单-0825更新/手机相关/HTC.jpg,1,0.99,visual_legacy_crosscheck
20260825-43c9a3d5d73dc604b43b-01,2026-08-25,手机,device,HTC,M/E系列,E9 (w/t),,E9 (w/t),开机屏好,10.0,元/台,,image,HTC.jpg,数码网报价单-0825更新/手机相关/HTC.jpg,1,0.99,visual_legacy_crosscheck
20260825-c4aca5de3ce068c2c904-01,2026-08-25,手机,device,HTC,M/E系列,E9 (w/t),,E9 (w/t),开机屏坏,10.0,元/台,,image,HTC.jpg,数码网报价单-0825更新/手机相关/HTC.jpg,1,0.99,visual_legacy_crosscheck
20260825-823d09d98639c9ff2e30-01,2026-08-25,手机,device,HTC,M/E系列,E9 (w/t),,E9 (w/t),不开机,10.0,元/台,,image,HTC.jpg,数码网报价单-0825更新/手机相关/HTC.jpg,1,0.99,visual_legacy_crosscheck
20260825-cbac857c3d01c616a0a3-01,2026-08-25,手机,device,HTC,M/E系列,E9 (w/t),,E9 (w/t),废板-整机,10.0,元/台,,image,HTC.jpg,数码网报价单-0825更新/手机相关/HTC.jpg,1,0.99,visual_legacy_crosscheck
20260825-ba6f3e58167cd855132a-01,2026-08-25,手机,device,HTC,Desire/D系列,Desire 10pro,,Desire 10pro,开机屏好,25.0,元/台,,image,HTC.jpg,数码网报价单-0825更新/手机相关/HTC.jpg,1,0.99,visual_legacy_crosscheck
20260825-48faf0e5d1d3851eb75e-01,2026-08-25,手机,device,HTC,Desire/D系列,Desire 10pro,,Desire 10pro,开机屏坏,25.0,元/台,,image,HTC.jpg,数码网报价单-0825更新/手机相关/HTC.jpg,1,0.99,visual_legacy_crosscheck
20260825-166afaf7e63e20c6cfc4-01,2026-08-25,手机,device,HTC,Desire/D系列,Desire 10pro,,Desire 10pro,不开机,25.0,元/台,,image,HTC.jpg,数码网报价单-0825更新/手机相关/HTC.jpg,1,0.99,visual_legacy_crosscheck
20260825-cb40b0c6355fd2ab9459-01,2026-08-25,手机,device,HTC,Desire/D系列,Desire 10pro,,Desire 10pro,废板-整机,15.0,元/台,,image,HTC.jpg,数码网报价单-0825更新/手机相关/HTC.jpg,1,0.99,visual_legacy_crosscheck
20260825-bfbcd5b5c332336f75e2-01,2026-08-25,手机,device,HTC,Desire/D系列,D830双卡,,D830双卡,开机屏好,7.0,元/台,,image,HTC.jpg,数码网报价单-0825更新/手机相关/HTC.jpg,1,0.99,visual_legacy_crosscheck
20260825-d6cad1a33a185ea0b71c-01,2026-08-25,手机,device,HTC,Desire/D系列,D830双卡,,D830双卡,开机屏坏,7.0,元/台,,image,HTC.jpg,数码网报价单-0825更新/手机相关/HTC.jpg,1,0.99,visual_legacy_crosscheck
20260825-4e567f60f5f7685fa8b1-01,2026-08-25,手机,device,HTC,Desire/D系列,D830双卡,,D830双卡,不开机,7.0,元/台,,image,HTC.jpg,数码网报价单-0825更新/手机相关/HTC.jpg,1,0.99,visual_legacy_crosscheck
20260825-04ed54448d85d44c4ea9-01,2026-08-25,手机,device,HTC,Desire/D系列,D830双卡,,D830双卡,废板-整机,7.0,元/台,,image,HTC.jpg,数码网报价单-0825更新/手机相关/HTC.jpg,1,0.99,visual_legacy_crosscheck
20260825-3c8087fe72fbb745f6ef-01,2026-08-25,手机,device,HTC,Desire/D系列,D728,,D728,开机屏好,8.0,元/台,,image,HTC.jpg,数码网报价单-0825更新/手机相关/HTC.jpg,1,0.99,visual_legacy_crosscheck
20260825-28afcb3f5000f0af1b64-01,2026-08-25,手机,device,HTC,Desire/D系列,D728,,D728,开机屏坏,8.0,元/台,,image,HTC.jpg,数码网报价单-0825更新/手机相关/HTC.jpg,1,0.99,visual_legacy_crosscheck
20260825-bfca1615d22bc20ed022-01,2026-08-25,手机,device,HTC,Desire/D系列,D728,,D728,不开机,8.0,元/台,,image,HTC.jpg,数码网报价单-0825更新/手机相关/HTC.jpg,1,0.99,visual_legacy_crosscheck
20260825-c97efb0f87ba4dfc0fdd-01,2026-08-25,手机,device,HTC,Desire/D系列,D728,,D728,废板-整机,8.0,元/台,,image,HTC.jpg,数码网报价单-0825更新/手机相关/HTC.jpg,1,0.99,visual_legacy_crosscheck
20260825-2a74b863a6f983cea198-01,2026-08-25,手机,device,HTC,Desire/D系列,D626,,D626,开机屏好,15.0,元/台,,image,HTC.jpg,数码网报价单-0825更新/手机相关/HTC.jpg,1,0.99,visual_legacy_crosscheck
20260825-3026bbf560e09d65d950-01,2026-08-25,手机,device,HTC,Desire/D系列,D626,,D626,开机屏坏,15.0,元/台,,image,HTC.jpg,数码网报价单-0825更新/手机相关/HTC.jpg,1,0.99,visual_legacy_crosscheck
20260825-45ebde43bac619af3591-01,2026-08-25,手机,device,HTC,Desire/D系列,D626,,D626,不开机,15.0,元/台,,image,HTC.jpg,数码网报价单-0825更新/手机相关/HTC.jpg,1,0.99,visual_legacy_crosscheck
20260825-872eb65aa076671c0589-01,2026-08-25,手机,device,HTC,Desire/D系列,D626,,D626,废板-整机,15.0,元/台,,image,HTC.jpg,数码网报价单-0825更新/手机相关/HTC.jpg,1,0.99,visual_legacy_crosscheck
20260825-4dc044e5ff58fd09e653-01,2026-08-25,手机,device,HTC,Desire/D系列,D530u,,D530u,开机屏好,8.0,元/台,,image,HTC.jpg,数码网报价单-0825更新/手机相关/HTC.jpg,1,0.99,visual_legacy_crosscheck
20260825-e8b85ccc6d18db74809a-01,2026-08-25,手机,device,HTC,Desire/D系列,D530u,,D530u,开机屏坏,8.0,元/台,,image,HTC.jpg,数码网报价单-0825更新/手机相关/HTC.jpg,1,0.99,visual_legacy_crosscheck
20260825-56ff09cd57366255876d-01,2026-08-25,手机,device,HTC,Desire/D系列,D530u,,D530u,不开机,8.0,元/台,,image,HTC.jpg,数码网报价单-0825更新/手机相关/HTC.jpg,1,0.99,visual_legacy_crosscheck
20260825-712e67a412ce43f56cff-01,2026-08-25,手机,device,HTC,Desire/D系列,D530u,,D530u,废板-整机,8.0,元/台,,image,HTC.jpg,数码网报价单-0825更新/手机相关/HTC.jpg,1,0.99,visual_legacy_crosscheck
20260825-e00e56663143e09ca1ce-01,2026-08-25,手机,device,HTC,Desire/D系列,826w/t,,826w/t,开机屏好,10.0,元/台,,image,HTC.jpg,数码网报价单-0825更新/手机相关/HTC.jpg,1,0.99,visual_legacy_crosscheck
20260825-7fceeb3eea41f8e4ec23-01,2026-08-25,手机,device,HTC,Desire/D系列,826w/t,,826w/t,开机屏坏,10.0,元/台,,image,HTC.jpg,数码网报价单-0825更新/手机相关/HTC.jpg,1,0.99,visual_legacy_crosscheck
20260825-64cfb27517d6119f0284-01,2026-08-25,手机,device,HTC,Desire/D系列,826w/t,,826w/t,不开机,10.0,元/台,,image,HTC.jpg,数码网报价单-0825更新/手机相关/HTC.jpg,1,0.99,visual_legacy_crosscheck
20260825-afdccec4897555c7fa73-01,2026-08-25,手机,device,HTC,Desire/D系列,826w/t,,826w/t,废板-整机,10.0,元/台,,image,HTC.jpg,数码网报价单-0825更新/手机相关/HTC.jpg,1,0.99,visual_legacy_crosscheck
20260825-32d15610c3add523c16b-01,2026-08-25,手机,device,HTC,8系列经典款,826d,,826d,开机屏好,10.0,元/台,,image,HTC.jpg,数码网报价单-0825更新/手机相关/HTC.jpg,1,0.99,visual_legacy_crosscheck
20260825-cc81c1f563c4c8247680-01,2026-08-25,手机,device,HTC,8系列经典款,826d,,826d,开机屏坏,10.0,元/台,,image,HTC.jpg,数码网报价单-0825更新/手机相关/HTC.jpg,1,0.99,visual_legacy_crosscheck
20260825-bb0742f0df0027aaab49-01,2026-08-25,手机,device,HTC,8系列经典款,826d,,826d,不开机,10.0,元/台,,image,HTC.jpg,数码网报价单-0825更新/手机相关/HTC.jpg,1,0.99,visual_legacy_crosscheck
20260825-944c4de953a9f223aba4-01,2026-08-25,手机,device,HTC,8系列经典款,826d,,826d,废板-整机,10.0,元/台,,image,HTC.jpg,数码网报价单-0825更新/手机相关/HTC.jpg,1,0.99,visual_legacy_crosscheck
20260825-7a0a2f8f675438f7f08e-01,2026-08-25,手机,device,HTC,8系列经典款,820u/t,,820u/t,开机屏好,10.0,元/台,,image,HTC.jpg,数码网报价单-0825更新/手机相关/HTC.jpg,1,0.99,visual_legacy_crosscheck
20260825-4476a1d6cbfd331f321b-01,2026-08-25,手机,device,HTC,8系列经典款,820u/t,,820u/t,开机屏坏,10.0,元/台,,image,HTC.jpg,数码网报价单-0825更新/手机相关/HTC.jpg,1,0.99,visual_legacy_crosscheck
20260825-aa824957f08abc2d0f64-01,2026-08-25,手机,device,HTC,8系列经典款,820u/t,,820u/t,不开机,10.0,元/台,,image,HTC.jpg,数码网报价单-0825更新/手机相关/HTC.jpg,1,0.99,visual_legacy_crosscheck
20260825-9ea146b2e39953a41362-01,2026-08-25,手机,device,HTC,8系列经典款,820u/t,,820u/t,废板-整机,10.0,元/台,,image,HTC.jpg,数码网报价单-0825更新/手机相关/HTC.jpg,1,0.99,visual_legacy_crosscheck
20260825-30084af5f85417a0a280-01,2026-08-25,手机,device,HTC,8系列经典款,820s/ts/us,,820s/ts/us,开机屏好,10.0,元/台,,image,HTC.jpg,数码网报价单-0825更新/手机相关/HTC.jpg,1,0.99,visual_legacy_crosscheck
20260825-ee3e0919cc035722e4d9-01,2026-08-25,手机,device,HTC,8系列经典款,820s/ts/us,,820s/ts/us,开机屏坏,10.0,元/台,,image,HTC.jpg,数码网报价单-0825更新/手机相关/HTC.jpg,1,0.99,visual_legacy_crosscheck
20260825-337305ad4398c03c18a4-01,2026-08-25,手机,device,HTC,8系列经典款,820s/ts/us,,820s/ts/us,不开机,10.0,元/台,,image,HTC.jpg,数码网报价单-0825更新/手机相关/HTC.jpg,1,0.99,visual_legacy_crosscheck
20260825-32d34da930588e2e9fe0-01,2026-08-25,手机,device,HTC,8系列经典款,820s/ts/us,,820s/ts/us,废板-整机,10.0,元/台,,image,HTC.jpg,数码网报价单-0825更新/手机相关/HTC.jpg,1,0.99,visual_legacy_crosscheck
20260825-afec4fbb26ab993950c6-01,2026-08-25,手机,device,HTC,8系列经典款,820mini,,820mini,开机屏好,10.0,元/台,,image,HTC.jpg,数码网报价单-0825更新/手机相关/HTC.jpg,1,0.99,visual_legacy_crosscheck
20260825-7755b754d1fdc911feb8-01,2026-08-25,手机,device,HTC,8系列经典款,820mini,,820mini,开机屏坏,10.0,元/台,,image,HTC.jpg,数码网报价单-0825更新/手机相关/HTC.jpg,1,0.99,visual_legacy_crosscheck
20260825-b2e80f6e63b0c63c3707-01,2026-08-25,手机,device,HTC,8系列经典款,820mini,,820mini,不开机,10.0,元/台,,image,HTC.jpg,数码网报价单-0825更新/手机相关/HTC.jpg,1,0.99,visual_legacy_crosscheck
20260825-59e212217c3c94bfdee0-01,2026-08-25,手机,device,HTC,8系列经典款,820mini,,820mini,废板-整机,10.0,元/台,,image,HTC.jpg,数码网报价单-0825更新/手机相关/HTC.jpg,1,0.99,visual_legacy_crosscheck
20260825-6800bde1abd55153fd60-01,2026-08-25,手机,device,HTC,8系列经典款,816/t/w,,816/t/w,开机屏好,10.0,元/台,,image,HTC.jpg,数码网报价单-0825更新/手机相关/HTC.jpg,1,0.99,visual_legacy_crosscheck
20260825-fbd4f160848f6b2e7474-01,2026-08-25,手机,device,HTC,8系列经典款,816/t/w,,816/t/w,开机屏坏,10.0,元/台,,image,HTC.jpg,数码网报价单-0825更新/手机相关/HTC.jpg,1,0.99,visual_legacy_crosscheck
20260825-7786da0eb6d0d0f397f6-01,2026-08-25,手机,device,HTC,8系列经典款,816/t/w,,816/t/w,不开机,10.0,元/台,,image,HTC.jpg,数码网报价单-0825更新/手机相关/HTC.jpg,1,0.99,visual_legacy_crosscheck
20260825-7a36163f7c0a7ae139fe-01,2026-08-25,手机,device,HTC,8系列经典款,816/t/w,,816/t/w,废板-整机,10.0,元/台,,image,HTC.jpg,数码网报价单-0825更新/手机相关/HTC.jpg,1,0.99,visual_legacy_crosscheck
20260825-dc742a3cfd99c699ee8f-01,2026-08-25,手机,device,HTC,8系列经典款,803/8060,,803/8060,开机屏好,10.0,元/台,,image,HTC.jpg,数码网报价单-0825更新/手机相关/HTC.jpg,1,0.99,visual_legacy_crosscheck
20260825-4f25538fd4dcdaac56e2-01,2026-08-25,手机,device,HTC,8系列经典款,803/8060,,803/8060,开机屏坏,10.0,元/台,,image,HTC.jpg,数码网报价单-0825更新/手机相关/HTC.jpg,1,0.99,visual_legacy_crosscheck
20260825-985406a785f84d9b3ea9-01,2026-08-25,手机,device,HTC,8系列经典款,803/8060,,803/8060,不开机,10.0,元/台,,image,HTC.jpg,数码网报价单-0825更新/手机相关/HTC.jpg,1,0.99,visual_legacy_crosscheck
20260825-cae73493293e7c910812-01,2026-08-25,手机,device,HTC,8系列经典款,803/8060,,803/8060,废板-整机,10.0,元/台,,image,HTC.jpg,数码网报价单-0825更新/手机相关/HTC.jpg,1,0.99,visual_legacy_crosscheck
20260825-d21b8a59c88b19226d7e-01,2026-08-25,手机,device,HTC,8系列经典款,802t/d/w,,802t/d/w,开机屏好,8.0,元/台,,image,HTC.jpg,数码网报价单-0825更新/手机相关/HTC.jpg,1,0.99,visual_legacy_crosscheck
20260825-fdc408fc19433f97f97c-01,2026-08-25,手机,device,HTC,8系列经典款,802t/d/w,,802t/d/w,开机屏坏,8.0,元/台,,image,HTC.jpg,数码网报价单-0825更新/手机相关/HTC.jpg,1,0.99,visual_legacy_crosscheck
20260825-a5ff8d59f522b7f12aef-01,2026-08-25,手机,device,HTC,8系列经典款,802t/d/w,,802t/d/w,不开机,8.0,元/台,,image,HTC.jpg,数码网报价单-0825更新/手机相关/HTC.jpg,1,0.99,visual_legacy_crosscheck
20260825-844bc66ef9523dbeca91-01,2026-08-25,手机,device,HTC,8系列经典款,802t/d/w,,802t/d/w,废板-整机,8.0,元/台,,image,HTC.jpg,数码网报价单-0825更新/手机相关/HTC.jpg,1,0.99,visual_legacy_crosscheck
20260825-c8d171b9cfed0ccdb073-01,2026-08-25,手机,device,HTC,8系列经典款,8088,,8088,开机屏好,8.0,元/台,,image,HTC.jpg,数码网报价单-0825更新/手机相关/HTC.jpg,1,0.99,visual_legacy_crosscheck
20260825-dcf8cd895576cfa0b3da-01,2026-08-25,手机,device,HTC,8系列经典款,8088,,8088,开机屏坏,8.0,元/台,,image,HTC.jpg,数码网报价单-0825更新/手机相关/HTC.jpg,1,0.99,visual_legacy_crosscheck
20260825-e8bb49dcd8a09e97e566-01,2026-08-25,手机,device,HTC,8系列经典款,8088,,8088,不开机,8.0,元/台,,image,HTC.jpg,数码网报价单-0825更新/手机相关/HTC.jpg,1,0.99,visual_legacy_crosscheck
20260825-a429bb55a4cd9966c978-01,2026-08-25,手机,device,HTC,8系列经典款,8088,,8088,废板-整机,8.0,元/台,,image,HTC.jpg,数码网报价单-0825更新/手机相关/HTC.jpg,1,0.99,visual_legacy_crosscheck
20260825-be6be5ca1af01893aac0-01,2026-08-25,手机,device,Realme,X系列,Realme X7Pro至尊版,,Realme X7Pro至尊版,开机屏好,170.0,元/台,,image,realme.jpg,数码网报价单-0825更新/手机相关/realme.jpg,1,0.99,visual_legacy_crosscheck
20260825-97865887c5191f6071a6-01,2026-08-25,手机,device,Realme,X系列,Realme X7Pro至尊版,,Realme X7Pro至尊版,开机屏坏,170.0,元/台,,image,realme.jpg,数码网报价单-0825更新/手机相关/realme.jpg,1,0.99,visual_legacy_crosscheck
20260825-fcc88461ab42c31bdb9d-01,2026-08-25,手机,device,Realme,X系列,Realme X7Pro至尊版,,Realme X7Pro至尊版,不开机,170.0,元/台,,image,realme.jpg,数码网报价单-0825更新/手机相关/realme.jpg,1,0.99,visual_legacy_crosscheck
20260825-5c6cc92189a823485e71-01,2026-08-25,手机,device,Realme,X系列,Realme X7Pro至尊版,,Realme X7Pro至尊版,废板-整机,170.0,元/台,,image,realme.jpg,数码网报价单-0825更新/手机相关/realme.jpg,1,0.99,visual_legacy_crosscheck
20260825-f66b316e33fc853df4ba-01,2026-08-25,手机,device,Realme,X系列,Realme X7Pro,,Realme X7Pro,开机屏好,170.0,元/台,,image,realme.jpg,数码网报价单-0825更新/手机相关/realme.jpg,1,0.99,visual_legacy_crosscheck
20260825-64d68ab162e0e2b31a5a-01,2026-08-25,手机,device,Realme,X系列,Realme X7Pro,,Realme X7Pro,开机屏坏,170.0,元/台,,image,realme.jpg,数码网报价单-0825更新/手机相关/realme.jpg,1,0.99,visual_legacy_crosscheck
20260825-7ebc64b88eb963d0c950-01,2026-08-25,手机,device,Realme,X系列,Realme X7Pro,,Realme X7Pro,不开机,170.0,元/台,,image,realme.jpg,数码网报价单-0825更新/手机相关/realme.jpg,1,0.99,visual_legacy_crosscheck
20260825-4c8f32b0c69638375116-01,2026-08-25,手机,device,Realme,X系列,Realme X7Pro,,Realme X7Pro,废板-整机,170.0,元/台,,image,realme.jpg,数码网报价单-0825更新/手机相关/realme.jpg,1,0.99,visual_legacy_crosscheck
20260825-44bfaa70afcca8b6150b-01,2026-08-25,手机,device,Realme,X系列,Realme x7,,Realme x7,开机屏好,170.0,元/台,,image,realme.jpg,数码网报价单-0825更新/手机相关/realme.jpg,1,0.99,visual_legacy_crosscheck
20260825-3f28f81e2854157bd822-01,2026-08-25,手机,device,Realme,X系列,Realme x7,,Realme x7,开机屏坏,170.0,元/台,,image,realme.jpg,数码网报价单-0825更新/手机相关/realme.jpg,1,0.99,visual_legacy_crosscheck
20260825-a9545515d1c9132d1020-01,2026-08-25,手机,device,Realme,X系列,Realme x7,,Realme x7,不开机,170.0,元/台,,image,realme.jpg,数码网报价单-0825更新/手机相关/realme.jpg,1,0.99,visual_legacy_crosscheck
20260825-69c9eb5840d7783e2188-01,2026-08-25,手机,device,Realme,X系列,Realme x7,,Realme x7,废板-整机,170.0,元/台,,image,realme.jpg,数码网报价单-0825更新/手机相关/realme.jpg,1,0.99,visual_legacy_crosscheck
20260825-529679d68890071368c4-01,2026-08-25,手机,device,Realme,X系列,Realme x50pro玩家版,,Realme x50pro玩家版,开机屏好,170.0,元/台,,image,realme.jpg,数码网报价单-0825更新/手机相关/realme.jpg,1,0.99,visual_legacy_crosscheck
20260825-62eae866057ed14d13b7-01,2026-08-25,手机,device,Realme,X系列,Realme x50pro玩家版,,Realme x50pro玩家版,开机屏坏,170.0,元/台,,image,realme.jpg,数码网报价单-0825更新/手机相关/realme.jpg,1,0.99,visual_legacy_crosscheck
20260825-d52198981bd60862ef24-01,2026-08-25,手机,device,Realme,X系列,Realme x50pro玩家版,,Realme x50pro玩家版,不开机,170.0,元/台,,image,realme.jpg,数码网报价单-0825更新/手机相关/realme.jpg,1,0.99,visual_legacy_crosscheck
20260825-1a41883b507516aa8e40-01,2026-08-25,手机,device,Realme,X系列,Realme x50pro玩家版,,Realme x50pro玩家版,废板-整机,170.0,元/台,,image,realme.jpg,数码网报价单-0825更新/手机相关/realme.jpg,1,0.99,visual_legacy_crosscheck
20260825-30f9e0e330992bf0f471-01,2026-08-25,手机,device,Realme,X系列,Realme X50pro,,Realme X50pro,开机屏好,135.0,元/台,,image,realme.jpg,数码网报价单-0825更新/手机相关/realme.jpg,1,0.99,visual_legacy_crosscheck
20260825-8228d5de93ce9a6c9b63-01,2026-08-25,手机,device,Realme,X系列,Realme X50pro,,Realme X50pro,开机屏坏,135.0,元/台,,image,realme.jpg,数码网报价单-0825更新/手机相关/realme.jpg,1,0.99,visual_legacy_crosscheck
20260825-bb054d7f1b08ca9427d6-01,2026-08-25,手机,device,Realme,X系列,Realme X50pro,,Realme X50pro,不开机,135.0,元/台,,image,realme.jpg,数码网报价单-0825更新/手机相关/realme.jpg,1,0.99,visual_legacy_crosscheck
20260825-b640fd7c7710a7d9aed5-01,2026-08-25,手机,device,Realme,X系列,Realme X50pro,,Realme X50pro,废板-整机,135.0,元/台,,image,realme.jpg,数码网报价单-0825更新/手机相关/realme.jpg,1,0.99,visual_legacy_crosscheck
20260825-bbf6c10f6c298bd9310a-01,2026-08-25,手机,device,Realme,X系列,Realme X50m,,Realme X50m,开机屏好,170.0,元/台,,image,realme.jpg,数码网报价单-0825更新/手机相关/realme.jpg,1,0.99,visual_legacy_crosscheck
20260825-2959d185c6f5c1b59630-01,2026-08-25,手机,device,Realme,X系列,Realme X50m,,Realme X50m,开机屏坏,170.0,元/台,,image,realme.jpg,数码网报价单-0825更新/手机相关/realme.jpg,1,0.99,visual_legacy_crosscheck
20260825-a621f27ee1c36f9ec0a8-01,2026-08-25,手机,device,Realme,X系列,Realme X50m,,Realme X50m,不开机,170.0,元/台,,image,realme.jpg,数码网报价单-0825更新/手机相关/realme.jpg,1,0.99,visual_legacy_crosscheck
20260825-b77961c5081507bfc895-01,2026-08-25,手机,device,Realme,X系列,Realme X50m,,Realme X50m,废板-整机,170.0,元/台,,image,realme.jpg,数码网报价单-0825更新/手机相关/realme.jpg,1,0.99,visual_legacy_crosscheck
20260825-2a40f15e6740f034816d-01,2026-08-25,手机,device,Realme,X系列,Realme x50,,Realme x50,开机屏好,170.0,元/台,,image,realme.jpg,数码网报价单-0825更新/手机相关/realme.jpg,1,0.99,visual_legacy_crosscheck
20260825-fe06e203724956c95fd1-01,2026-08-25,手机,device,Realme,X系列,Realme x50,,Realme x50,开机屏坏,170.0,元/台,,image,realme.jpg,数码网报价单-0825更新/手机相关/realme.jpg,1,0.99,visual_legacy_crosscheck
20260825-6bacf13a43b22cc54acb-01,2026-08-25,手机,device,Realme,X系列,Realme x50,,Realme x50,不开机,170.0,元/台,,image,realme.jpg,数码网报价单-0825更新/手机相关/realme.jpg,1,0.99,visual_legacy_crosscheck
20260825-1641624149d52bad2fd3-01,2026-08-25,手机,device,Realme,X系列,Realme x50,,Realme x50,废板-整机,170.0,元/台,,image,realme.jpg,数码网报价单-0825更新/手机相关/realme.jpg,1,0.99,visual_legacy_crosscheck
20260825-8bab258882d468c1aaf5-01,2026-08-25,手机,device,Realme,X系列,Realme x2Pro,,Realme x2Pro,开机屏好,135.0,元/台,,image,realme.jpg,数码网报价单-0825更新/手机相关/realme.jpg,1,0.99,visual_legacy_crosscheck
20260825-5fb51a9362d7c093a3d9-01,2026-08-25,手机,device,Realme,X系列,Realme x2Pro,,Realme x2Pro,开机屏坏,135.0,元/台,,image,realme.jpg,数码网报价单-0825更新/手机相关/realme.jpg,1,0.99,visual_legacy_crosscheck
20260825-1e1485c0e4d7defdbee1-01,2026-08-25,手机,device,Realme,X系列,Realme x2Pro,,Realme x2Pro,不开机,135.0,元/台,,image,realme.jpg,数码网报价单-0825更新/手机相关/realme.jpg,1,0.99,visual_legacy_crosscheck
20260825-f3ebe701987e884a8d88-01,2026-08-25,手机,device,Realme,X系列,Realme x2Pro,,Realme x2Pro,废板-整机,135.0,元/台,,image,realme.jpg,数码网报价单-0825更新/手机相关/realme.jpg,1,0.99,visual_legacy_crosscheck
20260825-9bcba14e9b51273570ec-01,2026-08-25,手机,device,Realme,X系列,Realme x2,,Realme x2,开机屏好,135.0,元/台,,image,realme.jpg,数码网报价单-0825更新/手机相关/realme.jpg,1,0.99,visual_legacy_crosscheck
20260825-ada875bde5067f649b57-01,2026-08-25,手机,device,Realme,X系列,Realme x2,,Realme x2,开机屏坏,135.0,元/台,,image,realme.jpg,数码网报价单-0825更新/手机相关/realme.jpg,1,0.99,visual_legacy_crosscheck
20260825-dcc7eae9bfd0b13d859c-01,2026-08-25,手机,device,Realme,X系列,Realme x2,,Realme x2,不开机,135.0,元/台,,image,realme.jpg,数码网报价单-0825更新/手机相关/realme.jpg,1,0.99,visual_legacy_crosscheck
20260825-a39f3bebf8534bff6352-01,2026-08-25,手机,device,Realme,X系列,Realme x2,,Realme x2,废板-整机,135.0,元/台,,image,realme.jpg,数码网报价单-0825更新/手机相关/realme.jpg,1,0.99,visual_legacy_crosscheck
20260825-7b8c901037407385fdcf-01,2026-08-25,手机,device,Realme,X系列,Realme XT,,Realme XT,开机屏好,125.0,元/台,,image,realme.jpg,数码网报价单-0825更新/手机相关/realme.jpg,1,0.99,visual_legacy_crosscheck
20260825-f0983fbe34dd8bac5565-01,2026-08-25,手机,device,Realme,X系列,Realme XT,,Realme XT,开机屏坏,125.0,元/台,,image,realme.jpg,数码网报价单-0825更新/手机相关/realme.jpg,1,0.99,visual_legacy_crosscheck
20260825-a0a02e17d1c597c75fe1-01,2026-08-25,手机,device,Realme,X系列,Realme XT,,Realme XT,不开机,125.0,元/台,,image,realme.jpg,数码网报价单-0825更新/手机相关/realme.jpg,1,0.99,visual_legacy_crosscheck
20260825-48ba377c750b7e854bcd-01,2026-08-25,手机,device,Realme,X系列,Realme XT,,Realme XT,废板-整机,125.0,元/台,,image,realme.jpg,数码网报价单-0825更新/手机相关/realme.jpg,1,0.99,visual_legacy_crosscheck
20260825-d6c37801925c777e4759-01,2026-08-25,手机,device,Realme,X系列,Realme X,,Realme X,开机屏好,125.0,元/台,,image,realme.jpg,数码网报价单-0825更新/手机相关/realme.jpg,1,0.99,visual_legacy_crosscheck
20260825-71a9b270e2dfaf2888b5-01,2026-08-25,手机,device,Realme,X系列,Realme X,,Realme X,开机屏坏,125.0,元/台,,image,realme.jpg,数码网报价单-0825更新/手机相关/realme.jpg,1,0.99,visual_legacy_crosscheck
20260825-fa6866532bfeaf52c98b-01,2026-08-25,手机,device,Realme,X系列,Realme X,,Realme X,不开机,125.0,元/台,,image,realme.jpg,数码网报价单-0825更新/手机相关/realme.jpg,1,0.99,visual_legacy_crosscheck
20260825-607a180458be33a386c1-01,2026-08-25,手机,device,Realme,X系列,Realme X,,Realme X,废板-整机,125.0,元/台,,image,realme.jpg,数码网报价单-0825更新/手机相关/realme.jpg,1,0.99,visual_legacy_crosscheck
20260825-5f162fea43ce6ccb2fd9-01,2026-08-25,手机,device,Realme,X系列,Realme X青春,,Realme X青春,开机屏好,125.0,元/台,,image,realme.jpg,数码网报价单-0825更新/手机相关/realme.jpg,1,0.99,visual_legacy_crosscheck
20260825-8a42166882873cce65de-01,2026-08-25,手机,device,Realme,X系列,Realme X青春,,Realme X青春,开机屏坏,125.0,元/台,,image,realme.jpg,数码网报价单-0825更新/手机相关/realme.jpg,1,0.99,visual_legacy_crosscheck
20260825-2589a2813f9a94161154-01,2026-08-25,手机,device,Realme,X系列,Realme X青春,,Realme X青春,不开机,125.0,元/台,,image,realme.jpg,数码网报价单-0825更新/手机相关/realme.jpg,1,0.99,visual_legacy_crosscheck
20260825-405b222a5a152a949b23-01,2026-08-25,手机,device,Realme,X系列,Realme X青春,,Realme X青春,废板-整机,125.0,元/台,,image,realme.jpg,数码网报价单-0825更新/手机相关/realme.jpg,1,0.99,visual_legacy_crosscheck
20260825-0e619545b65f6d824487-01,2026-08-25,手机,device,Realme,Neo系列,Realme Neo7 Turbo,,Realme Neo7 Turbo,开机屏好,190.0,元/台,,image,realme.jpg,数码网报价单-0825更新/手机相关/realme.jpg,1,0.99,visual_legacy_crosscheck
20260825-ad63fd3c66eb6a0f4657-01,2026-08-25,手机,device,Realme,Neo系列,Realme Neo7 Turbo,,Realme Neo7 Turbo,开机屏坏,190.0,元/台,,image,realme.jpg,数码网报价单-0825更新/手机相关/realme.jpg,1,0.99,visual_legacy_crosscheck
20260825-298c57e310aee4e8d577-01,2026-08-25,手机,device,Realme,Neo系列,Realme Neo7 Turbo,,Realme Neo7 Turbo,不开机,180.0,元/台,,image,realme.jpg,数码网报价单-0825更新/手机相关/realme.jpg,1,0.99,visual_legacy_crosscheck
20260825-5e0a1456d3e7b5e8db03-01,2026-08-25,手机,device,Realme,Neo系列,Realme Neo7 Turbo,,Realme Neo7 Turbo,废板-整机,180.0,元/台,,image,realme.jpg,数码网报价单-0825更新/手机相关/realme.jpg,1,0.99,visual_legacy_crosscheck
20260825-41f2ad383e215c4bc75b-01,2026-08-25,手机,device,Realme,Neo系列,Realme GT neo7 X,,Realme GT neo7 X,开机屏好,190.0,元/台,,image,realme.jpg,数码网报价单-0825更新/手机相关/realme.jpg,1,0.99,visual_legacy_crosscheck
20260825-98d8d3b537b79dbac2a3-01,2026-08-25,手机,device,Realme,Neo系列,Realme GT neo7 X,,Realme GT neo7 X,开机屏坏,190.0,元/台,,image,realme.jpg,数码网报价单-0825更新/手机相关/realme.jpg,1,0.99,visual_legacy_crosscheck
20260825-c36bd38a31a0c5571444-01,2026-08-25,手机,device,Realme,Neo系列,Realme GT neo7 X,,Realme GT neo7 X,不开机,180.0,元/台,,image,realme.jpg,数码网报价单-0825更新/手机相关/realme.jpg,1,0.99,visual_legacy_crosscheck
20260825-8ceb0a41e9ea131c2836-01,2026-08-25,手机,device,Realme,Neo系列,Realme GT neo7 X,,Realme GT neo7 X,废板-整机,180.0,元/台,,image,realme.jpg,数码网报价单-0825更新/手机相关/realme.jpg,1,0.99,visual_legacy_crosscheck
20260825-693d1f61f8130c882411-01,2026-08-25,手机,device,Realme,Neo系列,Realme GT neo7 se,,Realme GT neo7 se,开机屏好,190.0,元/台,,image,realme.jpg,数码网报价单-0825更新/手机相关/realme.jpg,1,0.99,visual_legacy_crosscheck
20260825-3fab53372e27d2e49c25-01,2026-08-25,手机,device,Realme,Neo系列,Realme GT neo7 se,,Realme GT neo7 se,开机屏坏,190.0,元/台,,image,realme.jpg,数码网报价单-0825更新/手机相关/realme.jpg,1,0.99,visual_legacy_crosscheck
20260825-9c558ff1db06414d7b8b-01,2026-08-25,手机,device,Realme,Neo系列,Realme GT neo7 se,,Realme GT neo7 se,不开机,180.0,元/台,,image,realme.jpg,数码网报价单-0825更新/手机相关/realme.jpg,1,0.99,visual_legacy_crosscheck
20260825-649069fa32c0e7c0fced-01,2026-08-25,手机,device,Realme,Neo系列,Realme GT neo7 se,,Realme GT neo7 se,废板-整机,180.0,元/台,,image,realme.jpg,数码网报价单-0825更新/手机相关/realme.jpg,1,0.99,visual_legacy_crosscheck
20260825-1459f3cac1e15446f60e-01,2026-08-25,手机,device,Realme,Neo系列,Realme GT neo7,,Realme GT neo7,开机屏好,190.0,元/台,,image,realme.jpg,数码网报价单-0825更新/手机相关/realme.jpg,1,0.99,visual_legacy_crosscheck
20260825-487dd1f2a19d5d0e6a1f-01,2026-08-25,手机,device,Realme,Neo系列,Realme GT neo7,,Realme GT neo7,开机屏坏,190.0,元/台,,image,realme.jpg,数码网报价单-0825更新/手机相关/realme.jpg,1,0.99,visual_legacy_crosscheck
20260825-138da677aadeec4d81df-01,2026-08-25,手机,device,Realme,Neo系列,Realme GT neo7,,Realme GT neo7,不开机,180.0,元/台,,image,realme.jpg,数码网报价单-0825更新/手机相关/realme.jpg,1,0.99,visual_legacy_crosscheck
20260825-638adc299ca0ce37f7b6-01,2026-08-25,手机,device,Realme,Neo系列,Realme GT neo7,,Realme GT neo7,废板-整机,180.0,元/台,,image,realme.jpg,数码网报价单-0825更新/手机相关/realme.jpg,1,0.99,visual_legacy_crosscheck
20260825-23007fbb5660b6090930-01,2026-08-25,手机,device,Realme,Neo系列,Realme GT neo6,,Realme GT neo6,开机屏好,190.0,元/台,,image,realme.jpg,数码网报价单-0825更新/手机相关/realme.jpg,1,0.99,visual_legacy_crosscheck
20260825-51a7b1ee1228953c6d52-01,2026-08-25,手机,device,Realme,Neo系列,Realme GT neo6,,Realme GT neo6,开机屏坏,190.0,元/台,,image,realme.jpg,数码网报价单-0825更新/手机相关/realme.jpg,1,0.99,visual_legacy_crosscheck
20260825-8fd74ff20d1c42f255de-01,2026-08-25,手机,device,Realme,Neo系列,Realme GT neo6,,Realme GT neo6,不开机,190.0,元/台,,image,realme.jpg,数码网报价单-0825更新/手机相关/realme.jpg,1,0.99,visual_legacy_crosscheck
20260825-3008f9da0d7d11f3c1b1-01,2026-08-25,手机,device,Realme,Neo系列,Realme GT neo6,,Realme GT neo6,废板-整机,190.0,元/台,,image,realme.jpg,数码网报价单-0825更新/手机相关/realme.jpg,1,0.99,visual_legacy_crosscheck
20260825-e2ca93fba793aef82ba6-01,2026-08-25,手机,device,Realme,Neo系列,Realme GT neo6 se,,Realme GT neo6 se,开机屏好,190.0,元/台,,image,realme.jpg,数码网报价单-0825更新/手机相关/realme.jpg,1,0.99,visual_legacy_crosscheck
20260825-ca48b25e2c700ade8d96-01,2026-08-25,手机,device,Realme,Neo系列,Realme GT neo6 se,,Realme GT neo6 se,开机屏坏,190.0,元/台,,image,realme.jpg,数码网报价单-0825更新/手机相关/realme.jpg,1,0.99,visual_legacy_crosscheck
20260825-8f45f4c853ca6461eb37-01,2026-08-25,手机,device,Realme,Neo系列,Realme GT neo6 se,,Realme GT neo6 se,不开机,190.0,元/台,,image,realme.jpg,数码网报价单-0825更新/手机相关/realme.jpg,1,0.99,visual_legacy_crosscheck
20260825-3bfb21cb608048fd7f78-01,2026-08-25,手机,device,Realme,Neo系列,Realme GT neo6 se,,Realme GT neo6 se,废板-整机,190.0,元/台,,image,realme.jpg,数码网报价单-0825更新/手机相关/realme.jpg,1,0.99,visual_legacy_crosscheck
20260825-ad98e3fcbfff5b1d12cb-01,2026-08-25,手机,device,Realme,Neo系列,Realme GT neo5 se,,Realme GT neo5 se,开机屏好,190.0,元/台,,image,realme.jpg,数码网报价单-0825更新/手机相关/realme.jpg,1,0.99,visual_legacy_crosscheck
20260825-0c03c850c88b113d5222-01,2026-08-25,手机,device,Realme,Neo系列,Realme GT neo5 se,,Realme GT neo5 se,开机屏坏,190.0,元/台,,image,realme.jpg,数码网报价单-0825更新/手机相关/realme.jpg,1,0.99,visual_legacy_crosscheck
20260825-625ce3caa9eda17716b9-01,2026-08-25,手机,device,Realme,Neo系列,Realme GT neo5 se,,Realme GT neo5 se,不开机,190.0,元/台,,image,realme.jpg,数码网报价单-0825更新/手机相关/realme.jpg,1,0.99,visual_legacy_crosscheck
20260825-942180ec3a126cefb9b4-01,2026-08-25,手机,device,Realme,Neo系列,Realme GT neo5 se,,Realme GT neo5 se,废板-整机,190.0,元/台,,image,realme.jpg,数码网报价单-0825更新/手机相关/realme.jpg,1,0.99,visual_legacy_crosscheck
20260825-5242dd60c4835036a5c8-01,2026-08-25,手机,device,Realme,Neo系列,Realme GT neo5,,Realme GT neo5,开机屏好,190.0,元/台,,image,realme.jpg,数码网报价单-0825更新/手机相关/realme.jpg,1,0.99,visual_legacy_crosscheck
20260825-1ef32e59c19dc3b50310-01,2026-08-25,手机,device,Realme,Neo系列,Realme GT neo5,,Realme GT neo5,开机屏坏,190.0,元/台,,image,realme.jpg,数码网报价单-0825更新/手机相关/realme.jpg,1,0.99,visual_legacy_crosscheck
20260825-f891c5a908b8f33792f8-01,2026-08-25,手机,device,Realme,Neo系列,Realme GT neo5,,Realme GT neo5,不开机,190.0,元/台,,image,realme.jpg,数码网报价单-0825更新/手机相关/realme.jpg,1,0.99,visual_legacy_crosscheck
20260825-4465d7608835515bb6cb-01,2026-08-25,手机,device,Realme,Neo系列,Realme GT neo5,,Realme GT neo5,废板-整机,190.0,元/台,,image,realme.jpg,数码网报价单-0825更新/手机相关/realme.jpg,1,0.99,visual_legacy_crosscheck
20260825-4f8c3bf72fbf4758267c-01,2026-08-25,手机,device,Realme,Neo系列,Realme GT neo3,,Realme GT neo3,开机屏好,160.0,元/台,,image,realme.jpg,数码网报价单-0825更新/手机相关/realme.jpg,1,0.99,visual_legacy_crosscheck
20260825-824a98af68aa93123533-01,2026-08-25,手机,device,Realme,Neo系列,Realme GT neo3,,Realme GT neo3,开机屏坏,160.0,元/台,,image,realme.jpg,数码网报价单-0825更新/手机相关/realme.jpg,1,0.99,visual_legacy_crosscheck
20260825-49cc2ef45d8a362254eb-01,2026-08-25,手机,device,Realme,Neo系列,Realme GT neo3,,Realme GT neo3,不开机,160.0,元/台,,image,realme.jpg,数码网报价单-0825更新/手机相关/realme.jpg,1,0.99,visual_legacy_crosscheck
20260825-8ec7ba1399aab98f0a26-01,2026-08-25,手机,device,Realme,Neo系列,Realme GT neo3,,Realme GT neo3,废板-整机,160.0,元/台,,image,realme.jpg,数码网报价单-0825更新/手机相关/realme.jpg,1,0.99,visual_legacy_crosscheck
20260825-af02be2da0e30f334655-01,2026-08-25,手机,device,Realme,Neo系列,Realme GT Neo 2T,,Realme GT Neo 2T,开机屏好,160.0,元/台,,image,realme.jpg,数码网报价单-0825更新/手机相关/realme.jpg,1,0.99,visual_legacy_crosscheck
20260825-0dca940d2c75d98e451f-01,2026-08-25,手机,device,Realme,Neo系列,Realme GT Neo 2T,,Realme GT Neo 2T,开机屏坏,160.0,元/台,,image,realme.jpg,数码网报价单-0825更新/手机相关/realme.jpg,1,0.99,visual_legacy_crosscheck
20260825-a5bb0f55a95bf25bcc25-01,2026-08-25,手机,device,Realme,Neo系列,Realme GT Neo 2T,,Realme GT Neo 2T,不开机,160.0,元/台,,image,realme.jpg,数码网报价单-0825更新/手机相关/realme.jpg,1,0.99,visual_legacy_crosscheck
20260825-ff78b9774934d03dee5e-01,2026-08-25,手机,device,Realme,Neo系列,Realme GT Neo 2T,,Realme GT Neo 2T,废板-整机,160.0,元/台,,image,realme.jpg,数码网报价单-0825更新/手机相关/realme.jpg,1,0.99,visual_legacy_crosscheck
20260825-cfd76be41f113bcd3187-01,2026-08-25,手机,device,Realme,Neo系列,Realme GT Neo2,,Realme GT Neo2,开机屏好,160.0,元/台,,image,realme.jpg,数码网报价单-0825更新/手机相关/realme.jpg,1,0.99,visual_legacy_crosscheck
20260825-eed8c7ea5b3463c5357a-01,2026-08-25,手机,device,Realme,Neo系列,Realme GT Neo2,,Realme GT Neo2,开机屏坏,160.0,元/台,,image,realme.jpg,数码网报价单-0825更新/手机相关/realme.jpg,1,0.99,visual_legacy_crosscheck
20260825-7fe7b5a6e3da91e1026b-01,2026-08-25,手机,device,Realme,Neo系列,Realme GT Neo2,,Realme GT Neo2,不开机,160.0,元/台,,image,realme.jpg,数码网报价单-0825更新/手机相关/realme.jpg,1,0.99,visual_legacy_crosscheck
20260825-36da99d53d4d6f8bc1d8-01,2026-08-25,手机,device,Realme,Neo系列,Realme GT Neo2,,Realme GT Neo2,废板-整机,160.0,元/台,,image,realme.jpg,数码网报价单-0825更新/手机相关/realme.jpg,1,0.99,visual_legacy_crosscheck
20260825-22836c4b56ce6f05fb30-01,2026-08-25,手机,device,Realme,Neo系列,Realme GT Neo闪速版,,Realme GT Neo闪速版,开机屏好,140.0,元/台,,image,realme.jpg,数码网报价单-0825更新/手机相关/realme.jpg,1,0.99,visual_legacy_crosscheck
20260825-8ef5e6df882fa0a674cd-01,2026-08-25,手机,device,Realme,Neo系列,Realme GT Neo闪速版,,Realme GT Neo闪速版,开机屏坏,140.0,元/台,,image,realme.jpg,数码网报价单-0825更新/手机相关/realme.jpg,1,0.99,visual_legacy_crosscheck
20260825-9ce19d798e32d59dc70c-01,2026-08-25,手机,device,Realme,Neo系列,Realme GT Neo闪速版,,Realme GT Neo闪速版,不开机,140.0,元/台,,image,realme.jpg,数码网报价单-0825更新/手机相关/realme.jpg,1,0.99,visual_legacy_crosscheck
20260825-4cd8f2eef15a7d557061-01,2026-08-25,手机,device,Realme,Neo系列,Realme GT Neo闪速版,,Realme GT Neo闪速版,废板-整机,140.0,元/台,,image,realme.jpg,数码网报价单-0825更新/手机相关/realme.jpg,1,0.99,visual_legacy_crosscheck
20260825-dcba7f21ede37c3e3a1b-01,2026-08-25,手机,device,Realme,Neo系列,Realme GT Neo,,Realme GT Neo,开机屏好,140.0,元/台,,image,realme.jpg,数码网报价单-0825更新/手机相关/realme.jpg,1,0.99,visual_legacy_crosscheck
20260825-fcddad6b9cc8d10ebfbe-01,2026-08-25,手机,device,Realme,Neo系列,Realme GT Neo,,Realme GT Neo,开机屏坏,140.0,元/台,,image,realme.jpg,数码网报价单-0825更新/手机相关/realme.jpg,1,0.99,visual_legacy_crosscheck
20260825-643de3b8e830d0f4f645-01,2026-08-25,手机,device,Realme,Neo系列,Realme GT Neo,,Realme GT Neo,不开机,140.0,元/台,,image,realme.jpg,数码网报价单-0825更新/手机相关/realme.jpg,1,0.99,visual_legacy_crosscheck
20260825-fe9192baa6ecb09c9385-01,2026-08-25,手机,device,Realme,Neo系列,Realme GT Neo,,Realme GT Neo,废板-整机,140.0,元/台,,image,realme.jpg,数码网报价单-0825更新/手机相关/realme.jpg,1,0.99,visual_legacy_crosscheck
20260825-343bd201af6774b1f764-01,2026-08-25,手机,device,Realme,V系列,Realme V70s,,Realme V70s,开机屏好,150.0,元/台,,image,realme.jpg,数码网报价单-0825更新/手机相关/realme.jpg,1,0.99,visual_legacy_crosscheck
20260825-a27fc32eb625e98b8cc1-01,2026-08-25,手机,device,Realme,V系列,Realme V70s,,Realme V70s,开机屏坏,150.0,元/台,,image,realme.jpg,数码网报价单-0825更新/手机相关/realme.jpg,1,0.99,visual_legacy_crosscheck
20260825-4605f33d83222437218e-01,2026-08-25,手机,device,Realme,V系列,Realme V70s,,Realme V70s,不开机,150.0,元/台,,image,realme.jpg,数码网报价单-0825更新/手机相关/realme.jpg,1,0.99,visual_legacy_crosscheck
20260825-2ddc84e014ca5efd501f-01,2026-08-25,手机,device,Realme,V系列,Realme V70s,,Realme V70s,废板-整机,150.0,元/台,,image,realme.jpg,数码网报价单-0825更新/手机相关/realme.jpg,1,0.99,visual_legacy_crosscheck
20260825-620413fa3d471814209f-01,2026-08-25,手机,device,Realme,V系列,Realme V70,,Realme V70,开机屏好,150.0,元/台,,image,realme.jpg,数码网报价单-0825更新/手机相关/realme.jpg,1,0.99,visual_legacy_crosscheck
20260825-35d883a6deb78df6cc87-01,2026-08-25,手机,device,Realme,V系列,Realme V70,,Realme V70,开机屏坏,150.0,元/台,,image,realme.jpg,数码网报价单-0825更新/手机相关/realme.jpg,1,0.99,visual_legacy_crosscheck
20260825-f7bb7458c6822ee02e16-01,2026-08-25,手机,device,Realme,V系列,Realme V70,,Realme V70,不开机,150.0,元/台,,image,realme.jpg,数码网报价单-0825更新/手机相关/realme.jpg,1,0.99,visual_legacy_crosscheck
20260825-bc5c8657328007e7eedf-01,2026-08-25,手机,device,Realme,V系列,Realme V70,,Realme V70,废板-整机,150.0,元/台,,image,realme.jpg,数码网报价单-0825更新/手机相关/realme.jpg,1,0.99,visual_legacy_crosscheck
20260825-07cfb6d2e03b2e052fac-01,2026-08-25,手机,device,Realme,V系列,Realme V60pro,,Realme V60pro,开机屏好,150.0,元/台,,image,realme.jpg,数码网报价单-0825更新/手机相关/realme.jpg,1,0.99,visual_legacy_crosscheck
20260825-f6cee6e7cdcde3a18ae6-01,2026-08-25,手机,device,Realme,V系列,Realme V60pro,,Realme V60pro,开机屏坏,150.0,元/台,,image,realme.jpg,数码网报价单-0825更新/手机相关/realme.jpg,1,0.99,visual_legacy_crosscheck
20260825-dafe1085784d802ba7a6-01,2026-08-25,手机,device,Realme,V系列,Realme V60pro,,Realme V60pro,不开机,150.0,元/台,,image,realme.jpg,数码网报价单-0825更新/手机相关/realme.jpg,1,0.99,visual_legacy_crosscheck
20260825-d98f2eff70b5e8abfa87-01,2026-08-25,手机,device,Realme,V系列,Realme V60pro,,Realme V60pro,废板-整机,150.0,元/台,,image,realme.jpg,数码网报价单-0825更新/手机相关/realme.jpg,1,0.99,visual_legacy_crosscheck
20260825-6ec488aa6ccddae5eda0-01,2026-08-25,手机,device,Realme,V系列,Realme V60s,,Realme V60s,开机屏好,150.0,元/台,,image,realme.jpg,数码网报价单-0825更新/手机相关/realme.jpg,1,0.99,visual_legacy_crosscheck
20260825-af760688d1e9746ce5dd-01,2026-08-25,手机,device,Realme,V系列,Realme V60s,,Realme V60s,开机屏坏,150.0,元/台,,image,realme.jpg,数码网报价单-0825更新/手机相关/realme.jpg,1,0.99,visual_legacy_crosscheck
20260825-73ded54673065a4be0bf-01,2026-08-25,手机,device,Realme,V系列,Realme V60s,,Realme V60s,不开机,150.0,元/台,,image,realme.jpg,数码网报价单-0825更新/手机相关/realme.jpg,1,0.99,visual_legacy_crosscheck
20260825-c2a9a17690264e8a98a4-01,2026-08-25,手机,device,Realme,V系列,Realme V60s,,Realme V60s,废板-整机,150.0,元/台,,image,realme.jpg,数码网报价单-0825更新/手机相关/realme.jpg,1,0.99,visual_legacy_crosscheck
20260825-0695b3e2024cf8cb8028-01,2026-08-25,手机,device,Realme,V系列,Realme V60,,Realme V60,开机屏好,150.0,元/台,,image,realme.jpg,数码网报价单-0825更新/手机相关/realme.jpg,1,0.99,visual_legacy_crosscheck
20260825-ca95d0020578257633d5-01,2026-08-25,手机,device,Realme,V系列,Realme V60,,Realme V60,开机屏坏,150.0,元/台,,image,realme.jpg,数码网报价单-0825更新/手机相关/realme.jpg,1,0.99,visual_legacy_crosscheck
20260825-a3e7867bfe64fb5e98b1-01,2026-08-25,手机,device,Realme,V系列,Realme V60,,Realme V60,不开机,150.0,元/台,,image,realme.jpg,数码网报价单-0825更新/手机相关/realme.jpg,1,0.99,visual_legacy_crosscheck
20260825-36a4bb297392c176e453-01,2026-08-25,手机,device,Realme,V系列,Realme V60,,Realme V60,废板-整机,150.0,元/台,,image,realme.jpg,数码网报价单-0825更新/手机相关/realme.jpg,1,0.99,visual_legacy_crosscheck
20260825-90eb432d57b0d6aba7c1-01,2026-08-25,手机,device,Realme,V系列,Realme v50s,,Realme v50s,开机屏好,150.0,元/台,,image,realme.jpg,数码网报价单-0825更新/手机相关/realme.jpg,1,0.99,visual_legacy_crosscheck
20260825-87ae940439471be07688-01,2026-08-25,手机,device,Realme,V系列,Realme v50s,,Realme v50s,开机屏坏,150.0,元/台,,image,realme.jpg,数码网报价单-0825更新/手机相关/realme.jpg,1,0.99,visual_legacy_crosscheck
20260825-f7b2f82a0a3ca9e9e017-01,2026-08-25,手机,device,Realme,V系列,Realme v50s,,Realme v50s,不开机,150.0,元/台,,image,realme.jpg,数码网报价单-0825更新/手机相关/realme.jpg,1,0.99,visual_legacy_crosscheck
20260825-0dc8e9e678c5fbafbb76-01,2026-08-25,手机,device,Realme,V系列,Realme v50s,,Realme v50s,废板-整机,150.0,元/台,,image,realme.jpg,数码网报价单-0825更新/手机相关/realme.jpg,1,0.99,visual_legacy_crosscheck
20260825-ca85db07a31ce8de7e49-01,2026-08-25,手机,device,Realme,V系列,Realme v50,,Realme v50,开机屏好,150.0,元/台,,image,realme.jpg,数码网报价单-0825更新/手机相关/realme.jpg,1,0.99,visual_legacy_crosscheck
20260825-711d36199a3990e12317-01,2026-08-25,手机,device,Realme,V系列,Realme v50,,Realme v50,开机屏坏,150.0,元/台,,image,realme.jpg,数码网报价单-0825更新/手机相关/realme.jpg,1,0.99,visual_legacy_crosscheck
20260825-aeb661eb66714f03799b-01,2026-08-25,手机,device,Realme,V系列,Realme v50,,Realme v50,不开机,150.0,元/台,,image,realme.jpg,数码网报价单-0825更新/手机相关/realme.jpg,1,0.99,visual_legacy_crosscheck
20260825-ebbedaeb859a754b2a2f-01,2026-08-25,手机,device,Realme,V系列,Realme v50,,Realme v50,废板-整机,150.0,元/台,,image,realme.jpg,数码网报价单-0825更新/手机相关/realme.jpg,1,0.99,visual_legacy_crosscheck
20260825-d753446e44843d259b78-01,2026-08-25,手机,device,Realme,V系列,Realme v25,,Realme v25,开机屏好,200.0,元/台,,image,realme.jpg,数码网报价单-0825更新/手机相关/realme.jpg,1,0.99,visual_legacy_crosscheck
20260825-46eeb9bbeea09f392b4a-01,2026-08-25,手机,device,Realme,V系列,Realme v25,,Realme v25,开机屏坏,200.0,元/台,,image,realme.jpg,数码网报价单-0825更新/手机相关/realme.jpg,1,0.99,visual_legacy_crosscheck
20260825-59c2287127dc093bd470-01,2026-08-25,手机,device,Realme,V系列,Realme v25,,Realme v25,不开机,200.0,元/台,,image,realme.jpg,数码网报价单-0825更新/手机相关/realme.jpg,1,0.99,visual_legacy_crosscheck
20260825-bc47aa32dfa041da83d3-01,2026-08-25,手机,device,Realme,V系列,Realme v25,,Realme v25,废板-整机,200.0,元/台,,image,realme.jpg,数码网报价单-0825更新/手机相关/realme.jpg,1,0.99,visual_legacy_crosscheck
20260825-d741b73886cde8ac0d03-01,2026-08-25,手机,device,Realme,V系列,Realme v30,,Realme v30,开机屏好,175.0,元/台,,image,realme.jpg,数码网报价单-0825更新/手机相关/realme.jpg,1,0.99,visual_legacy_crosscheck
20260825-6fd7911666009c660c23-01,2026-08-25,手机,device,Realme,V系列,Realme v30,,Realme v30,开机屏坏,175.0,元/台,,image,realme.jpg,数码网报价单-0825更新/手机相关/realme.jpg,1,0.99,visual_legacy_crosscheck
20260825-7f456533180751d1e4f8-01,2026-08-25,手机,device,Realme,V系列,Realme v30,,Realme v30,不开机,175.0,元/台,,image,realme.jpg,数码网报价单-0825更新/手机相关/realme.jpg,1,0.99,visual_legacy_crosscheck
20260825-d9dc963cae71a1a0361c-01,2026-08-25,手机,device,Realme,V系列,Realme v30,,Realme v30,废板-整机,175.0,元/台,,image,realme.jpg,数码网报价单-0825更新/手机相关/realme.jpg,1,0.99,visual_legacy_crosscheck
20260825-55e06204ca0a93993f9b-01,2026-08-25,手机,device,Realme,V系列,Realme v23i,,Realme v23i,开机屏好,160.0,元/台,,image,realme.jpg,数码网报价单-0825更新/手机相关/realme.jpg,1,0.99,visual_legacy_crosscheck
20260825-d8d99a5ddfa233203805-01,2026-08-25,手机,device,Realme,V系列,Realme v23i,,Realme v23i,开机屏坏,160.0,元/台,,image,realme.jpg,数码网报价单-0825更新/手机相关/realme.jpg,1,0.99,visual_legacy_crosscheck
20260825-33116b62d41d387d4b97-01,2026-08-25,手机,device,Realme,V系列,Realme v23i,,Realme v23i,不开机,160.0,元/台,,image,realme.jpg,数码网报价单-0825更新/手机相关/realme.jpg,1,0.99,visual_legacy_crosscheck
20260825-3534ed9573faf7c9ff22-01,2026-08-25,手机,device,Realme,V系列,Realme v23i,,Realme v23i,废板-整机,160.0,元/台,,image,realme.jpg,数码网报价单-0825更新/手机相关/realme.jpg,1,0.99,visual_legacy_crosscheck
20260825-02ae18ee973eb1f50494-01,2026-08-25,手机,device,Realme,V系列,Realme v23,,Realme v23,开机屏好,160.0,元/台,,image,realme.jpg,数码网报价单-0825更新/手机相关/realme.jpg,1,0.99,visual_legacy_crosscheck
20260825-fe2dbeb2ee815b9b1c5c-01,2026-08-25,手机,device,Realme,V系列,Realme v23,,Realme v23,开机屏坏,160.0,元/台,,image,realme.jpg,数码网报价单-0825更新/手机相关/realme.jpg,1,0.99,visual_legacy_crosscheck
20260825-18a85326b73cf4dcb293-01,2026-08-25,手机,device,Realme,V系列,Realme v23,,Realme v23,不开机,160.0,元/台,,image,realme.jpg,数码网报价单-0825更新/手机相关/realme.jpg,1,0.99,visual_legacy_crosscheck
20260825-2cc1adbd9a7ab5757af7-01,2026-08-25,手机,device,Realme,V系列,Realme v23,,Realme v23,废板-整机,160.0,元/台,,image,realme.jpg,数码网报价单-0825更新/手机相关/realme.jpg,1,0.99,visual_legacy_crosscheck
20260825-78663955e9c6cbeb50d4-01,2026-08-25,手机,device,Realme,V系列,Realme v20,,Realme v20,开机屏好,175.0,元/台,,image,realme.jpg,数码网报价单-0825更新/手机相关/realme.jpg,1,0.99,visual_legacy_crosscheck
20260825-7520172396aa6a8932c2-01,2026-08-25,手机,device,Realme,V系列,Realme v20,,Realme v20,开机屏坏,175.0,元/台,,image,realme.jpg,数码网报价单-0825更新/手机相关/realme.jpg,1,0.99,visual_legacy_crosscheck
20260825-c96874d06ea41aaf813d-01,2026-08-25,手机,device,Realme,V系列,Realme v20,,Realme v20,不开机,175.0,元/台,,image,realme.jpg,数码网报价单-0825更新/手机相关/realme.jpg,1,0.99,visual_legacy_crosscheck
20260825-0b1441a7f5c1f9fa0f71-01,2026-08-25,手机,device,Realme,V系列,Realme v20,,Realme v20,废板-整机,175.0,元/台,,image,realme.jpg,数码网报价单-0825更新/手机相关/realme.jpg,1,0.99,visual_legacy_crosscheck
20260825-68994aae2c54182db96a-01,2026-08-25,手机,device,Realme,V系列,Realme V15,,Realme V15,开机屏好,175.0,元/台,,image,realme.jpg,数码网报价单-0825更新/手机相关/realme.jpg,1,0.99,visual_legacy_crosscheck
20260825-056901a47551a7574d20-01,2026-08-25,手机,device,Realme,V系列,Realme V15,,Realme V15,开机屏坏,175.0,元/台,,image,realme.jpg,数码网报价单-0825更新/手机相关/realme.jpg,1,0.99,visual_legacy_crosscheck
20260825-1dacadbbf73a382c4ef3-01,2026-08-25,手机,device,Realme,V系列,Realme V15,,Realme V15,不开机,175.0,元/台,,image,realme.jpg,数码网报价单-0825更新/手机相关/realme.jpg,1,0.99,visual_legacy_crosscheck
20260825-fcde04a636fae4b8def9-01,2026-08-25,手机,device,Realme,V系列,Realme V15,,Realme V15,废板-整机,175.0,元/台,,image,realme.jpg,数码网报价单-0825更新/手机相关/realme.jpg,1,0.99,visual_legacy_crosscheck
20260825-6338db04cc1e1d17dc1f-01,2026-08-25,手机,device,Realme,V系列,Realme V13,,Realme V13,开机屏好,170.0,元/台,正常带货，没挑过,image,realme.jpg,数码网报价单-0825更新/手机相关/realme.jpg,1,0.99,visual_legacy_crosscheck
20260825-bf07a1844b26a3b182e2-01,2026-08-25,手机,device,Realme,V系列,Realme V13,,Realme V13,开机屏坏,170.0,元/台,正常带货，没挑过,image,realme.jpg,数码网报价单-0825更新/手机相关/realme.jpg,1,0.99,visual_legacy_crosscheck
20260825-cd25c0c0a6f428ee77d4-01,2026-08-25,手机,device,Realme,V系列,Realme V13,,Realme V13,不开机,170.0,元/台,正常带货，没挑过,image,realme.jpg,数码网报价单-0825更新/手机相关/realme.jpg,1,0.99,visual_legacy_crosscheck
20260825-3dc853fd5d96782ede05-01,2026-08-25,手机,device,Realme,V系列,Realme V13,,Realme V13,废板-整机,170.0,元/台,正常带货，没挑过,image,realme.jpg,数码网报价单-0825更新/手机相关/realme.jpg,1,0.99,visual_legacy_crosscheck
20260825-1ee0381867b3aea456f6-01,2026-08-25,手机,device,Realme,V系列,Realme V11s,,Realme V11s,开机屏好,165.0,元/台,,image,realme.jpg,数码网报价单-0825更新/手机相关/realme.jpg,1,0.99,visual_legacy_crosscheck
20260825-e38152adb83364fa400a-01,2026-08-25,手机,device,Realme,V系列,Realme V11s,,Realme V11s,开机屏坏,165.0,元/台,,image,realme.jpg,数码网报价单-0825更新/手机相关/realme.jpg,1,0.99,visual_legacy_crosscheck
20260825-c8fd3ac29975328ddf5b-01,2026-08-25,手机,device,Realme,V系列,Realme V11s,,Realme V11s,不开机,165.0,元/台,,image,realme.jpg,数码网报价单-0825更新/手机相关/realme.jpg,1,0.99,visual_legacy_crosscheck
20260825-7b5793793402f2d180c1-01,2026-08-25,手机,device,Realme,V系列,Realme V11s,,Realme V11s,废板-整机,165.0,元/台,,image,realme.jpg,数码网报价单-0825更新/手机相关/realme.jpg,1,0.99,visual_legacy_crosscheck
20260825-15fe6086a9580dd339de-01,2026-08-25,手机,device,Realme,V系列,Realme V11,,Realme V11,开机屏好,165.0,元/台,,image,realme.jpg,数码网报价单-0825更新/手机相关/realme.jpg,1,0.99,visual_legacy_crosscheck
20260825-85ea61fb150ee28a4ce9-01,2026-08-25,手机,device,Realme,V系列,Realme V11,,Realme V11,开机屏坏,165.0,元/台,,image,realme.jpg,数码网报价单-0825更新/手机相关/realme.jpg,1,0.99,visual_legacy_crosscheck
20260825-8a8b58899aa87f82053d-01,2026-08-25,手机,device,Realme,V系列,Realme V11,,Realme V11,不开机,165.0,元/台,,image,realme.jpg,数码网报价单-0825更新/手机相关/realme.jpg,1,0.99,visual_legacy_crosscheck
20260825-18f11505ec7177c79ba0-01,2026-08-25,手机,device,Realme,V系列,Realme V11,,Realme V11,废板-整机,165.0,元/台,,image,realme.jpg,数码网报价单-0825更新/手机相关/realme.jpg,1,0.99,visual_legacy_crosscheck
20260825-8b7df2fa3fed16b66af6-01,2026-08-25,手机,device,Realme,V系列,Realme V5,,Realme V5,开机屏好,160.0,元/台,,image,realme.jpg,数码网报价单-0825更新/手机相关/realme.jpg,1,0.99,visual_legacy_crosscheck
20260825-57320deaf6fbece99e40-01,2026-08-25,手机,device,Realme,V系列,Realme V5,,Realme V5,开机屏坏,160.0,元/台,,image,realme.jpg,数码网报价单-0825更新/手机相关/realme.jpg,1,0.99,visual_legacy_crosscheck
20260825-66c32a89a3d65b212e42-01,2026-08-25,手机,device,Realme,V系列,Realme V5,,Realme V5,不开机,160.0,元/台,,image,realme.jpg,数码网报价单-0825更新/手机相关/realme.jpg,1,0.99,visual_legacy_crosscheck
20260825-4a07598baf3be604a41b-01,2026-08-25,手机,device,Realme,V系列,Realme V5,,Realme V5,废板-整机,160.0,元/台,,image,realme.jpg,数码网报价单-0825更新/手机相关/realme.jpg,1,0.99,visual_legacy_crosscheck
20260825-4b9c4132635b01d698f7-01,2026-08-25,手机,device,Realme,V系列,Realme V3,,Realme V3,开机屏好,165.0,元/台,,image,realme.jpg,数码网报价单-0825更新/手机相关/realme.jpg,1,0.99,visual_legacy_crosscheck
20260825-18032bd9d33292e04521-01,2026-08-25,手机,device,Realme,V系列,Realme V3,,Realme V3,开机屏坏,165.0,元/台,,image,realme.jpg,数码网报价单-0825更新/手机相关/realme.jpg,1,0.99,visual_legacy_crosscheck
20260825-d73619bba74633aafc1a-01,2026-08-25,手机,device,Realme,V系列,Realme V3,,Realme V3,不开机,165.0,元/台,,image,realme.jpg,数码网报价单-0825更新/手机相关/realme.jpg,1,0.99,visual_legacy_crosscheck
20260825-c0c9051d61569116b4c4-01,2026-08-25,手机,device,Realme,V系列,Realme V3,,Realme V3,废板-整机,165.0,元/台,,image,realme.jpg,数码网报价单-0825更新/手机相关/realme.jpg,1,0.99,visual_legacy_crosscheck
20260825-ade54f48024f301a3736-01,2026-08-25,手机,device,Realme,Q系列,Realme Q5Pro,,Realme Q5Pro,开机屏好,160.0,元/台,,image,realme.jpg,数码网报价单-0825更新/手机相关/realme.jpg,1,0.99,visual_legacy_crosscheck
20260825-2b2ce529d7cf9369031f-01,2026-08-25,手机,device,Realme,Q系列,Realme Q5Pro,,Realme Q5Pro,开机屏坏,160.0,元/台,,image,realme.jpg,数码网报价单-0825更新/手机相关/realme.jpg,1,0.99,visual_legacy_crosscheck
20260825-cd28802b57b198d6dea6-01,2026-08-25,手机,device,Realme,Q系列,Realme Q5Pro,,Realme Q5Pro,不开机,160.0,元/台,,image,realme.jpg,数码网报价单-0825更新/手机相关/realme.jpg,1,0.99,visual_legacy_crosscheck
20260825-89b757f5b51e94fe72c9-01,2026-08-25,手机,device,Realme,Q系列,Realme Q5Pro,,Realme Q5Pro,废板-整机,160.0,元/台,,image,realme.jpg,数码网报价单-0825更新/手机相关/realme.jpg,1,0.99,visual_legacy_crosscheck
20260825-cf168fbe0e2828d25b76-01,2026-08-25,手机,device,Realme,Q系列,Realme Q5i,,Realme Q5i,开机屏好,160.0,元/台,,image,realme.jpg,数码网报价单-0825更新/手机相关/realme.jpg,1,0.99,visual_legacy_crosscheck
20260825-b4b005d50597baaefb61-01,2026-08-25,手机,device,Realme,Q系列,Realme Q5i,,Realme Q5i,开机屏坏,160.0,元/台,,image,realme.jpg,数码网报价单-0825更新/手机相关/realme.jpg,1,0.99,visual_legacy_crosscheck
20260825-e06aceb9c157417fee06-01,2026-08-25,手机,device,Realme,Q系列,Realme Q5i,,Realme Q5i,不开机,160.0,元/台,,image,realme.jpg,数码网报价单-0825更新/手机相关/realme.jpg,1,0.99,visual_legacy_crosscheck
20260825-574c3ba2efe1c6e64f35-01,2026-08-25,手机,device,Realme,Q系列,Realme Q5i,,Realme Q5i,废板-整机,160.0,元/台,,image,realme.jpg,数码网报价单-0825更新/手机相关/realme.jpg,1,0.99,visual_legacy_crosscheck
20260825-fe964db37bcde31a0a3f-01,2026-08-25,手机,device,Realme,Q系列,Realme Q5,,Realme Q5,开机屏好,160.0,元/台,,image,realme.jpg,数码网报价单-0825更新/手机相关/realme.jpg,1,0.99,visual_legacy_crosscheck
20260825-29f7fbbc5a2b713f18b6-01,2026-08-25,手机,device,Realme,Q系列,Realme Q5,,Realme Q5,开机屏坏,160.0,元/台,,image,realme.jpg,数码网报价单-0825更新/手机相关/realme.jpg,1,0.99,visual_legacy_crosscheck
20260825-21598bda80489f3371b9-01,2026-08-25,手机,device,Realme,Q系列,Realme Q5,,Realme Q5,不开机,160.0,元/台,,image,realme.jpg,数码网报价单-0825更新/手机相关/realme.jpg,1,0.99,visual_legacy_crosscheck
20260825-656471262a7012fb20a4-01,2026-08-25,手机,device,Realme,Q系列,Realme Q5,,Realme Q5,废板-整机,160.0,元/台,,image,realme.jpg,数码网报价单-0825更新/手机相关/realme.jpg,1,0.99,visual_legacy_crosscheck
20260825-37ce07ec73ae8ed6096e-01,2026-08-25,手机,device,Realme,Q系列,Realme Q3Pro狂欢版,,Realme Q3Pro狂欢版,开机屏好,160.0,元/台,,image,realme.jpg,数码网报价单-0825更新/手机相关/realme.jpg,1,0.99,visual_legacy_crosscheck
20260825-9193f88da6fdde531527-01,2026-08-25,手机,device,Realme,Q系列,Realme Q3Pro狂欢版,,Realme Q3Pro狂欢版,开机屏坏,160.0,元/台,,image,realme.jpg,数码网报价单-0825更新/手机相关/realme.jpg,1,0.99,visual_legacy_crosscheck
20260825-f9dd3ff66dabf9107091-01,2026-08-25,手机,device,Realme,Q系列,Realme Q3Pro狂欢版,,Realme Q3Pro狂欢版,不开机,160.0,元/台,,image,realme.jpg,数码网报价单-0825更新/手机相关/realme.jpg,1,0.99,visual_legacy_crosscheck
20260825-8d3d296fca0f9c6a6a3b-01,2026-08-25,手机,device,Realme,Q系列,Realme Q3Pro狂欢版,,Realme Q3Pro狂欢版,废板-整机,160.0,元/台,,image,realme.jpg,数码网报价单-0825更新/手机相关/realme.jpg,1,0.99,visual_legacy_crosscheck
20260825-08c3b9d0a79e8ce60d0f-01,2026-08-25,手机,device,Realme,Q系列,Realme Q3 Pro,,Realme Q3 Pro,开机屏好,160.0,元/台,,image,realme.jpg,数码网报价单-0825更新/手机相关/realme.jpg,1,0.99,visual_legacy_crosscheck
20260825-777bdd47ccbb1c5498d2-01,2026-08-25,手机,device,Realme,Q系列,Realme Q3 Pro,,Realme Q3 Pro,开机屏坏,160.0,元/台,,image,realme.jpg,数码网报价单-0825更新/手机相关/realme.jpg,1,0.99,visual_legacy_crosscheck
20260825-fdc34e665233f2f0b80d-01,2026-08-25,手机,device,Realme,Q系列,Realme Q3 Pro,,Realme Q3 Pro,不开机,160.0,元/台,,image,realme.jpg,数码网报价单-0825更新/手机相关/realme.jpg,1,0.99,visual_legacy_crosscheck
20260825-6078db55ddaab9214105-01,2026-08-25,手机,device,Realme,Q系列,Realme Q3 Pro,,Realme Q3 Pro,废板-整机,160.0,元/台,,image,realme.jpg,数码网报价单-0825更新/手机相关/realme.jpg,1,0.99,visual_legacy_crosscheck
20260825-5087a245daabef35dda2-01,2026-08-25,手机,device,Realme,Q系列,Realme Q3S,,Realme Q3S,开机屏好,160.0,元/台,,image,realme.jpg,数码网报价单-0825更新/手机相关/realme.jpg,1,0.99,visual_legacy_crosscheck
20260825-b8a682557c9bc18281cc-01,2026-08-25,手机,device,Realme,Q系列,Realme Q3S,,Realme Q3S,开机屏坏,160.0,元/台,,image,realme.jpg,数码网报价单-0825更新/手机相关/realme.jpg,1,0.99,visual_legacy_crosscheck
20260825-8aa7834d2b44c24e5167-01,2026-08-25,手机,device,Realme,Q系列,Realme Q3S,,Realme Q3S,不开机,160.0,元/台,,image,realme.jpg,数码网报价单-0825更新/手机相关/realme.jpg,1,0.99,visual_legacy_crosscheck
20260825-a2483d90cc4fae95e2bf-01,2026-08-25,手机,device,Realme,Q系列,Realme Q3S,,Realme Q3S,废板-整机,160.0,元/台,,image,realme.jpg,数码网报价单-0825更新/手机相关/realme.jpg,1,0.99,visual_legacy_crosscheck
20260825-359454cc26e0c5466db5-01,2026-08-25,手机,device,Realme,Q系列,Realme Q3T,,Realme Q3T,开机屏好,160.0,元/台,,image,realme.jpg,数码网报价单-0825更新/手机相关/realme.jpg,1,0.99,visual_legacy_crosscheck
20260825-4b9e010bec7720bcbf68-01,2026-08-25,手机,device,Realme,Q系列,Realme Q3T,,Realme Q3T,开机屏坏,160.0,元/台,,image,realme.jpg,数码网报价单-0825更新/手机相关/realme.jpg,1,0.99,visual_legacy_crosscheck
20260825-f3a02e61e0d6192082c2-01,2026-08-25,手机,device,Realme,Q系列,Realme Q3T,,Realme Q3T,不开机,160.0,元/台,,image,realme.jpg,数码网报价单-0825更新/手机相关/realme.jpg,1,0.99,visual_legacy_crosscheck
20260825-a8b89e42fc69101c3189-01,2026-08-25,手机,device,Realme,Q系列,Realme Q3T,,Realme Q3T,废板-整机,160.0,元/台,,image,realme.jpg,数码网报价单-0825更新/手机相关/realme.jpg,1,0.99,visual_legacy_crosscheck
20260825-567ae401079dbe175b2a-01,2026-08-25,手机,device,Realme,Q系列,Realme Q3i,,Realme Q3i,开机屏好,160.0,元/台,,image,realme.jpg,数码网报价单-0825更新/手机相关/realme.jpg,1,0.99,visual_legacy_crosscheck
20260825-dcbae49f535e38fea7a8-01,2026-08-25,手机,device,Realme,Q系列,Realme Q3i,,Realme Q3i,开机屏坏,160.0,元/台,,image,realme.jpg,数码网报价单-0825更新/手机相关/realme.jpg,1,0.99,visual_legacy_crosscheck
20260825-d1151b103a3efcf90123-01,2026-08-25,手机,device,Realme,Q系列,Realme Q3i,,Realme Q3i,不开机,160.0,元/台,,image,realme.jpg,数码网报价单-0825更新/手机相关/realme.jpg,1,0.99,visual_legacy_crosscheck
20260825-20df8fe91dca6e1b0999-01,2026-08-25,手机,device,Realme,Q系列,Realme Q3i,,Realme Q3i,废板-整机,160.0,元/台,,image,realme.jpg,数码网报价单-0825更新/手机相关/realme.jpg,1,0.99,visual_legacy_crosscheck
20260825-4621798e4b1181320afe-01,2026-08-25,手机,device,Realme,Q系列,Realme Q3,,Realme Q3,开机屏好,160.0,元/台,,image,realme.jpg,数码网报价单-0825更新/手机相关/realme.jpg,1,0.99,visual_legacy_crosscheck
20260825-843719684006849cfc26-01,2026-08-25,手机,device,Realme,Q系列,Realme Q3,,Realme Q3,开机屏坏,160.0,元/台,,image,realme.jpg,数码网报价单-0825更新/手机相关/realme.jpg,1,0.99,visual_legacy_crosscheck
20260825-7bdb68fd5791a01f4203-01,2026-08-25,手机,device,Realme,Q系列,Realme Q3,,Realme Q3,不开机,160.0,元/台,,image,realme.jpg,数码网报价单-0825更新/手机相关/realme.jpg,1,0.99,visual_legacy_crosscheck
20260825-50984f0515704f307103-01,2026-08-25,手机,device,Realme,Q系列,Realme Q3,,Realme Q3,废板-整机,160.0,元/台,,image,realme.jpg,数码网报价单-0825更新/手机相关/realme.jpg,1,0.99,visual_legacy_crosscheck
20260825-566245f7442949576e25-01,2026-08-25,手机,device,Realme,Q系列,Realme Q2Pro,,Realme Q2Pro,开机屏好,160.0,元/台,,image,realme.jpg,数码网报价单-0825更新/手机相关/realme.jpg,1,0.99,visual_legacy_crosscheck
20260825-3000fa69ec1158480a8d-01,2026-08-25,手机,device,Realme,Q系列,Realme Q2Pro,,Realme Q2Pro,开机屏坏,160.0,元/台,,image,realme.jpg,数码网报价单-0825更新/手机相关/realme.jpg,1,0.99,visual_legacy_crosscheck
20260825-bf4f46d8cb51e65e6a6b-01,2026-08-25,手机,device,Realme,Q系列,Realme Q2Pro,,Realme Q2Pro,不开机,160.0,元/台,,image,realme.jpg,数码网报价单-0825更新/手机相关/realme.jpg,1,0.99,visual_legacy_crosscheck
20260825-3e5a98b1d48051a01ab8-01,2026-08-25,手机,device,Realme,Q系列,Realme Q2Pro,,Realme Q2Pro,废板-整机,160.0,元/台,,image,realme.jpg,数码网报价单-0825更新/手机相关/realme.jpg,1,0.99,visual_legacy_crosscheck
20260825-3b0b428901af3d5fe9a8-01,2026-08-25,手机,device,Realme,Q系列,Realme Q2i,,Realme Q2i,开机屏好,160.0,元/台,,image,realme.jpg,数码网报价单-0825更新/手机相关/realme.jpg,1,0.99,visual_legacy_crosscheck
20260825-27da0e95460f0a810dc9-01,2026-08-25,手机,device,Realme,Q系列,Realme Q2i,,Realme Q2i,开机屏坏,160.0,元/台,,image,realme.jpg,数码网报价单-0825更新/手机相关/realme.jpg,1,0.99,visual_legacy_crosscheck
20260825-1fc7a07bcfcb776788aa-01,2026-08-25,手机,device,Realme,Q系列,Realme Q2i,,Realme Q2i,不开机,160.0,元/台,,image,realme.jpg,数码网报价单-0825更新/手机相关/realme.jpg,1,0.99,visual_legacy_crosscheck
20260825-baf720468dbd1ff7b756-01,2026-08-25,手机,device,Realme,Q系列,Realme Q2i,,Realme Q2i,废板-整机,160.0,元/台,,image,realme.jpg,数码网报价单-0825更新/手机相关/realme.jpg,1,0.99,visual_legacy_crosscheck
20260825-b7aa3f5599e5c3eecb8b-01,2026-08-25,手机,device,Realme,Q系列,Realme Q2,,Realme Q2,开机屏好,160.0,元/台,,image,realme.jpg,数码网报价单-0825更新/手机相关/realme.jpg,1,0.99,visual_legacy_crosscheck
20260825-889b442ae51c36e9c0d7-01,2026-08-25,手机,device,Realme,Q系列,Realme Q2,,Realme Q2,开机屏坏,160.0,元/台,,image,realme.jpg,数码网报价单-0825更新/手机相关/realme.jpg,1,0.99,visual_legacy_crosscheck
20260825-1acda4e19204515203e7-01,2026-08-25,手机,device,Realme,Q系列,Realme Q2,,Realme Q2,不开机,160.0,元/台,,image,realme.jpg,数码网报价单-0825更新/手机相关/realme.jpg,1,0.99,visual_legacy_crosscheck
20260825-696c0f14630efda8ed2b-01,2026-08-25,手机,device,Realme,Q系列,Realme Q2,,Realme Q2,废板-整机,160.0,元/台,,image,realme.jpg,数码网报价单-0825更新/手机相关/realme.jpg,1,0.99,visual_legacy_crosscheck
20260825-60604ca18bcce87b7a66-01,2026-08-25,手机,device,Realme,Q系列,Realme Q,,Realme Q,开机屏好,120.0,元/台,,image,realme.jpg,数码网报价单-0825更新/手机相关/realme.jpg,1,0.99,visual_legacy_crosscheck
20260825-3a1552a072418b798a1a-01,2026-08-25,手机,device,Realme,Q系列,Realme Q,,Realme Q,开机屏坏,120.0,元/台,,image,realme.jpg,数码网报价单-0825更新/手机相关/realme.jpg,1,0.99,visual_legacy_crosscheck
20260825-40a35f6aaed4e9c8de2a-01,2026-08-25,手机,device,Realme,Q系列,Realme Q,,Realme Q,不开机,120.0,元/台,,image,realme.jpg,数码网报价单-0825更新/手机相关/realme.jpg,1,0.99,visual_legacy_crosscheck
20260825-aa796528eba44b502363-01,2026-08-25,手机,device,Realme,Q系列,Realme Q,,Realme Q,废板-整机,120.0,元/台,,image,realme.jpg,数码网报价单-0825更新/手机相关/realme.jpg,1,0.99,visual_legacy_crosscheck
20260825-674b8817bc9fbabbdb20-01,2026-08-25,手机,device,Realme,C系列,Realme C31,,Realme C31,开机屏好,30.0,元/台,,image,realme.jpg,数码网报价单-0825更新/手机相关/realme.jpg,1,0.99,visual_legacy_crosscheck
20260825-b3a305709910983a1f7a-01,2026-08-25,手机,device,Realme,C系列,Realme C31,,Realme C31,开机屏坏,30.0,元/台,,image,realme.jpg,数码网报价单-0825更新/手机相关/realme.jpg,1,0.99,visual_legacy_crosscheck
20260825-03a77fbe90b16a418810-01,2026-08-25,手机,device,Realme,C系列,Realme C31,,Realme C31,不开机,30.0,元/台,,image,realme.jpg,数码网报价单-0825更新/手机相关/realme.jpg,1,0.99,visual_legacy_crosscheck
20260825-90be9ca0d196a4a50ac0-01,2026-08-25,手机,device,Realme,C系列,Realme C31,,Realme C31,废板-整机,30.0,元/台,,image,realme.jpg,数码网报价单-0825更新/手机相关/realme.jpg,1,0.99,visual_legacy_crosscheck
20260825-10b4ba19216cf720ac72-01,2026-08-25,手机,device,Realme,C系列,Realme C11,,Realme C11,开机屏好,80.0,元/台,,image,realme.jpg,数码网报价单-0825更新/手机相关/realme.jpg,1,0.99,visual_legacy_crosscheck
20260825-6c25af02f1e566f35b33-01,2026-08-25,手机,device,Realme,C系列,Realme C11,,Realme C11,开机屏坏,80.0,元/台,,image,realme.jpg,数码网报价单-0825更新/手机相关/realme.jpg,1,0.99,visual_legacy_crosscheck
20260825-6a0a9a31f5be71087374-01,2026-08-25,手机,device,Realme,C系列,Realme C11,,Realme C11,不开机,80.0,元/台,,image,realme.jpg,数码网报价单-0825更新/手机相关/realme.jpg,1,0.99,visual_legacy_crosscheck
20260825-8e622b5d7fe3bbdb5e6d-01,2026-08-25,手机,device,Realme,C系列,Realme C11,,Realme C11,废板-整机,80.0,元/台,,image,realme.jpg,数码网报价单-0825更新/手机相关/realme.jpg,1,0.99,visual_legacy_crosscheck
20260825-1131135fb47398f638eb-01,2026-08-25,手机,device,Realme,C系列,Realme C3,,Realme C3,开机屏好,60.0,元/台,,image,realme.jpg,数码网报价单-0825更新/手机相关/realme.jpg,1,0.99,visual_legacy_crosscheck
20260825-4d8e87014c3c38a1c6c4-01,2026-08-25,手机,device,Realme,C系列,Realme C3,,Realme C3,开机屏坏,60.0,元/台,,image,realme.jpg,数码网报价单-0825更新/手机相关/realme.jpg,1,0.99,visual_legacy_crosscheck
20260825-cc03681b5dd32bb16c14-01,2026-08-25,手机,device,Realme,C系列,Realme C3,,Realme C3,不开机,60.0,元/台,,image,realme.jpg,数码网报价单-0825更新/手机相关/realme.jpg,1,0.99,visual_legacy_crosscheck
20260825-62275d43dfe05f95584d-01,2026-08-25,手机,device,Realme,C系列,Realme C3,,Realme C3,废板-整机,60.0,元/台,,image,realme.jpg,数码网报价单-0825更新/手机相关/realme.jpg,1,0.99,visual_legacy_crosscheck
20260825-6a03f5ef5a4de74763b2-01,2026-08-25,手机,device,Realme,C系列,Realme C2,,Realme C2,开机屏好,60.0,元/台,,image,realme.jpg,数码网报价单-0825更新/手机相关/realme.jpg,1,0.99,visual_legacy_crosscheck
20260825-ac00d2c9655bf5add942-01,2026-08-25,手机,device,Realme,C系列,Realme C2,,Realme C2,开机屏坏,60.0,元/台,,image,realme.jpg,数码网报价单-0825更新/手机相关/realme.jpg,1,0.99,visual_legacy_crosscheck
20260825-bbab3d38be1e026318e4-01,2026-08-25,手机,device,Realme,C系列,Realme C2,,Realme C2,不开机,60.0,元/台,,image,realme.jpg,数码网报价单-0825更新/手机相关/realme.jpg,1,0.99,visual_legacy_crosscheck
20260825-c289fdb14068b4a317cc-01,2026-08-25,手机,device,Realme,C系列,Realme C2,,Realme C2,废板-整机,60.0,元/台,,image,realme.jpg,数码网报价单-0825更新/手机相关/realme.jpg,1,0.99,visual_legacy_crosscheck
20260825-84b3f19e1ec270cfb7bf-01,2026-08-25,手机,device,Realme,GT系列,Realme GT8,,Realme GT8,开机屏好,280.0,元/台,,image,realme.jpg,数码网报价单-0825更新/手机相关/realme.jpg,1,0.99,visual_legacy_crosscheck
20260825-3d6c104b688ab838610f-01,2026-08-25,手机,device,Realme,GT系列,Realme GT8,,Realme GT8,开机屏坏,280.0,元/台,,image,realme.jpg,数码网报价单-0825更新/手机相关/realme.jpg,1,0.99,visual_legacy_crosscheck
20260825-fc2fe94070565a664b1e-01,2026-08-25,手机,device,Realme,GT系列,Realme GT8,,Realme GT8,不开机,280.0,元/台,,image,realme.jpg,数码网报价单-0825更新/手机相关/realme.jpg,1,0.99,visual_legacy_crosscheck
20260825-db573c1e89447879d31f-01,2026-08-25,手机,device,Realme,GT系列,Realme GT8,,Realme GT8,废板-整机,170.0,元/台,,image,realme.jpg,数码网报价单-0825更新/手机相关/realme.jpg,1,0.99,visual_legacy_crosscheck
20260825-75f495040524423ebbfa-01,2026-08-25,手机,device,Realme,GT系列,Realme GT8 Pro,,Realme GT8 Pro,开机屏好,280.0,元/台,,image,realme.jpg,数码网报价单-0825更新/手机相关/realme.jpg,1,0.99,visual_legacy_crosscheck
20260825-e741f397a0af05f1cc52-01,2026-08-25,手机,device,Realme,GT系列,Realme GT8 Pro,,Realme GT8 Pro,开机屏坏,280.0,元/台,,image,realme.jpg,数码网报价单-0825更新/手机相关/realme.jpg,1,0.99,visual_legacy_crosscheck
20260825-d2807e06597fd1ee86dd-01,2026-08-25,手机,device,Realme,GT系列,Realme GT8 Pro,,Realme GT8 Pro,不开机,280.0,元/台,,image,realme.jpg,数码网报价单-0825更新/手机相关/realme.jpg,1,0.99,visual_legacy_crosscheck
20260825-e715f0249924c18aaa45-01,2026-08-25,手机,device,Realme,GT系列,Realme GT8 Pro,,Realme GT8 Pro,废板-整机,170.0,元/台,,image,realme.jpg,数码网报价单-0825更新/手机相关/realme.jpg,1,0.99,visual_legacy_crosscheck
20260825-e4093c15986158d1f9c3-01,2026-08-25,手机,device,Realme,GT系列,Realme GTNEO8,,Realme GTNEO8,开机屏好,300.0,元/台,,image,realme.jpg,数码网报价单-0825更新/手机相关/realme.jpg,1,0.99,visual_legacy_crosscheck
20260825-6cade9ca43c4edc3d253-01,2026-08-25,手机,device,Realme,GT系列,Realme GTNEO8,,Realme GTNEO8,开机屏坏,300.0,元/台,,image,realme.jpg,数码网报价单-0825更新/手机相关/realme.jpg,1,0.99,visual_legacy_crosscheck
20260825-c160c82cce2e1cbfab26-01,2026-08-25,手机,device,Realme,GT系列,Realme GTNEO8,,Realme GTNEO8,不开机,300.0,元/台,,image,realme.jpg,数码网报价单-0825更新/手机相关/realme.jpg,1,0.99,visual_legacy_crosscheck
20260825-7c8dafc64167aa03672a-01,2026-08-25,手机,device,Realme,GT系列,Realme GTNEO8,,Realme GTNEO8,废板-整机,200.0,元/台,,image,realme.jpg,数码网报价单-0825更新/手机相关/realme.jpg,1,0.99,visual_legacy_crosscheck
20260825-bbfedaef41c0d9868d00-01,2026-08-25,手机,device,Realme,GT系列,Realme GT7pro竞速版,,Realme GT7pro竞速版,开机屏好,190.0,元/台,,image,realme.jpg,数码网报价单-0825更新/手机相关/realme.jpg,1,0.99,visual_legacy_crosscheck
20260825-0a2be64c18e39e1eab74-01,2026-08-25,手机,device,Realme,GT系列,Realme GT7pro竞速版,,Realme GT7pro竞速版,开机屏坏,190.0,元/台,,image,realme.jpg,数码网报价单-0825更新/手机相关/realme.jpg,1,0.99,visual_legacy_crosscheck
20260825-7b3fa6fa86f8a8cd773f-01,2026-08-25,手机,device,Realme,GT系列,Realme GT7pro竞速版,,Realme GT7pro竞速版,不开机,190.0,元/台,,image,realme.jpg,数码网报价单-0825更新/手机相关/realme.jpg,1,0.99,visual_legacy_crosscheck
20260825-da4824e3b7d0eb7f2679-01,2026-08-25,手机,device,Realme,GT系列,Realme GT7pro竞速版,,Realme GT7pro竞速版,废板-整机,190.0,元/台,,image,realme.jpg,数码网报价单-0825更新/手机相关/realme.jpg,1,0.99,visual_legacy_crosscheck
20260825-343499584db8143ecce7-01,2026-08-25,手机,device,Realme,GT系列,Realme GT7pro,,Realme GT7pro,开机屏好,190.0,元/台,,image,realme.jpg,数码网报价单-0825更新/手机相关/realme.jpg,1,0.99,visual_legacy_crosscheck
20260825-e79d446b5b49e787ff62-01,2026-08-25,手机,device,Realme,GT系列,Realme GT7pro,,Realme GT7pro,开机屏坏,190.0,元/台,,image,realme.jpg,数码网报价单-0825更新/手机相关/realme.jpg,1,0.99,visual_legacy_crosscheck
20260825-cac731bf03de4e9a7950-01,2026-08-25,手机,device,Realme,GT系列,Realme GT7pro,,Realme GT7pro,不开机,190.0,元/台,,image,realme.jpg,数码网报价单-0825更新/手机相关/realme.jpg,1,0.99,visual_legacy_crosscheck
20260825-652e2883be4203857ab2-01,2026-08-25,手机,device,Realme,GT系列,Realme GT7pro,,Realme GT7pro,废板-整机,190.0,元/台,,image,realme.jpg,数码网报价单-0825更新/手机相关/realme.jpg,1,0.99,visual_legacy_crosscheck
20260825-024f46eadc4306a0c5e1-01,2026-08-25,手机,device,Realme,GT系列,Realme GT7,,Realme GT7,开机屏好,190.0,元/台,,image,realme.jpg,数码网报价单-0825更新/手机相关/realme.jpg,1,0.99,visual_legacy_crosscheck
20260825-1ac927539055f4f96164-01,2026-08-25,手机,device,Realme,GT系列,Realme GT7,,Realme GT7,开机屏坏,190.0,元/台,,image,realme.jpg,数码网报价单-0825更新/手机相关/realme.jpg,1,0.99,visual_legacy_crosscheck
20260825-f5b4554b8274cb784ca4-01,2026-08-25,手机,device,Realme,GT系列,Realme GT7,,Realme GT7,不开机,190.0,元/台,,image,realme.jpg,数码网报价单-0825更新/手机相关/realme.jpg,1,0.99,visual_legacy_crosscheck
20260825-04334e767ae46bc743c4-01,2026-08-25,手机,device,Realme,GT系列,Realme GT7,,Realme GT7,废板-整机,190.0,元/台,,image,realme.jpg,数码网报价单-0825更新/手机相关/realme.jpg,1,0.99,visual_legacy_crosscheck
20260825-77831c42522f4de3581a-01,2026-08-25,手机,device,Realme,GT系列,Realme GT6,,Realme GT6,开机屏好,190.0,元/台,,image,realme.jpg,数码网报价单-0825更新/手机相关/realme.jpg,1,0.99,visual_legacy_crosscheck
20260825-da6a45b25310e4c89597-01,2026-08-25,手机,device,Realme,GT系列,Realme GT6,,Realme GT6,开机屏坏,190.0,元/台,,image,realme.jpg,数码网报价单-0825更新/手机相关/realme.jpg,1,0.99,visual_legacy_crosscheck
20260825-b6a84723d346cb9b37b1-01,2026-08-25,手机,device,Realme,GT系列,Realme GT6,,Realme GT6,不开机,190.0,元/台,,image,realme.jpg,数码网报价单-0825更新/手机相关/realme.jpg,1,0.99,visual_legacy_crosscheck
20260825-e7adb90a97243a6accf2-01,2026-08-25,手机,device,Realme,GT系列,Realme GT6,,Realme GT6,废板-整机,190.0,元/台,,image,realme.jpg,数码网报价单-0825更新/手机相关/realme.jpg,1,0.99,visual_legacy_crosscheck
20260825-c82f9660fc6a31519c84-01,2026-08-25,手机,device,Realme,GT系列,Realme GT 5pro,,Realme GT 5pro,开机屏好,190.0,元/台,,image,realme.jpg,数码网报价单-0825更新/手机相关/realme.jpg,1,0.99,visual_legacy_crosscheck
20260825-c455212f7ac2815c5d13-01,2026-08-25,手机,device,Realme,GT系列,Realme GT 5pro,,Realme GT 5pro,开机屏坏,190.0,元/台,,image,realme.jpg,数码网报价单-0825更新/手机相关/realme.jpg,1,0.99,visual_legacy_crosscheck
20260825-0e51b2bfcbba36feeb13-01,2026-08-25,手机,device,Realme,GT系列,Realme GT 5pro,,Realme GT 5pro,不开机,190.0,元/台,,image,realme.jpg,数码网报价单-0825更新/手机相关/realme.jpg,1,0.99,visual_legacy_crosscheck
20260825-bf0757dad791b4a42795-01,2026-08-25,手机,device,Realme,GT系列,Realme GT 5pro,,Realme GT 5pro,废板-整机,190.0,元/台,,image,realme.jpg,数码网报价单-0825更新/手机相关/realme.jpg,1,0.99,visual_legacy_crosscheck
20260825-d664c88e095bb1f82c57-01,2026-08-25,手机,device,Realme,GT系列,Realme GT 5,,Realme GT 5,开机屏好,190.0,元/台,,image,realme.jpg,数码网报价单-0825更新/手机相关/realme.jpg,1,0.99,visual_legacy_crosscheck
20260825-41b7b1d1210a8ecbabcd-01,2026-08-25,手机,device,Realme,GT系列,Realme GT 5,,Realme GT 5,开机屏坏,190.0,元/台,,image,realme.jpg,数码网报价单-0825更新/手机相关/realme.jpg,1,0.99,visual_legacy_crosscheck
20260825-cde0d8f6d5ff851d488c-01,2026-08-25,手机,device,Realme,GT系列,Realme GT 5,,Realme GT 5,不开机,190.0,元/台,,image,realme.jpg,数码网报价单-0825更新/手机相关/realme.jpg,1,0.99,visual_legacy_crosscheck
20260825-4485c64a2207fc5c8171-01,2026-08-25,手机,device,Realme,GT系列,Realme GT 5,,Realme GT 5,废板-整机,190.0,元/台,,image,realme.jpg,数码网报价单-0825更新/手机相关/realme.jpg,1,0.99,visual_legacy_crosscheck
20260825-ffade5575d0a45269012-01,2026-08-25,手机,device,Realme,GT系列,Realme GT2 PRO,,Realme GT2 PRO,开机屏好,160.0,元/台,,image,realme.jpg,数码网报价单-0825更新/手机相关/realme.jpg,1,0.99,visual_legacy_crosscheck
20260825-787f83273b58f89f8f11-01,2026-08-25,手机,device,Realme,GT系列,Realme GT2 PRO,,Realme GT2 PRO,开机屏坏,160.0,元/台,,image,realme.jpg,数码网报价单-0825更新/手机相关/realme.jpg,1,0.99,visual_legacy_crosscheck
20260825-331606502997b1fccd27-01,2026-08-25,手机,device,Realme,GT系列,Realme GT2 PRO,,Realme GT2 PRO,不开机,160.0,元/台,,image,realme.jpg,数码网报价单-0825更新/手机相关/realme.jpg,1,0.99,visual_legacy_crosscheck
20260825-851d931a0441552fc8bb-01,2026-08-25,手机,device,Realme,GT系列,Realme GT2 PRO,,Realme GT2 PRO,废板-整机,160.0,元/台,,image,realme.jpg,数码网报价单-0825更新/手机相关/realme.jpg,1,0.99,visual_legacy_crosscheck
20260825-66ba9c0978314a19ab3d-01,2026-08-25,手机,device,Realme,GT系列,Realme GT2t,,Realme GT2t,开机屏好,160.0,元/台,,image,realme.jpg,数码网报价单-0825更新/手机相关/realme.jpg,1,0.99,visual_legacy_crosscheck
20260825-96ac6d4122b22842d9d8-01,2026-08-25,手机,device,Realme,GT系列,Realme GT2t,,Realme GT2t,开机屏坏,160.0,元/台,,image,realme.jpg,数码网报价单-0825更新/手机相关/realme.jpg,1,0.99,visual_legacy_crosscheck
20260825-afafde8455c5a63e9160-01,2026-08-25,手机,device,Realme,GT系列,Realme GT2t,,Realme GT2t,不开机,160.0,元/台,,image,realme.jpg,数码网报价单-0825更新/手机相关/realme.jpg,1,0.99,visual_legacy_crosscheck
20260825-246b3fda2fa3fbec8da5-01,2026-08-25,手机,device,Realme,GT系列,Realme GT2t,,Realme GT2t,废板-整机,160.0,元/台,,image,realme.jpg,数码网报价单-0825更新/手机相关/realme.jpg,1,0.99,visual_legacy_crosscheck
20260825-e018448d164061cb1432-01,2026-08-25,手机,device,Realme,GT系列,Realme gt2大师探索版,,Realme gt2大师探索版,开机屏好,160.0,元/台,,image,realme.jpg,数码网报价单-0825更新/手机相关/realme.jpg,1,0.99,visual_legacy_crosscheck
20260825-2860d22fe6a0033f9811-01,2026-08-25,手机,device,Realme,GT系列,Realme gt2大师探索版,,Realme gt2大师探索版,开机屏坏,160.0,元/台,,image,realme.jpg,数码网报价单-0825更新/手机相关/realme.jpg,1,0.99,visual_legacy_crosscheck
20260825-d3edc220f359cd147910-01,2026-08-25,手机,device,Realme,GT系列,Realme gt2大师探索版,,Realme gt2大师探索版,不开机,160.0,元/台,,image,realme.jpg,数码网报价单-0825更新/手机相关/realme.jpg,1,0.99,visual_legacy_crosscheck
20260825-14e840aa90fab10dd2b0-01,2026-08-25,手机,device,Realme,GT系列,Realme gt2大师探索版,,Realme gt2大师探索版,废板-整机,160.0,元/台,,image,realme.jpg,数码网报价单-0825更新/手机相关/realme.jpg,1,0.99,visual_legacy_crosscheck
20260825-7019220949f7c667410d-01,2026-08-25,手机,device,Realme,GT系列,Realme GT2,,Realme GT2,开机屏好,160.0,元/台,,image,realme.jpg,数码网报价单-0825更新/手机相关/realme.jpg,1,0.99,visual_legacy_crosscheck
20260825-0918b74158f29bb2e6e4-01,2026-08-25,手机,device,Realme,GT系列,Realme GT2,,Realme GT2,开机屏坏,160.0,元/台,,image,realme.jpg,数码网报价单-0825更新/手机相关/realme.jpg,1,0.99,visual_legacy_crosscheck
20260825-a150e6f6d8130d0daa09-01,2026-08-25,手机,device,Realme,GT系列,Realme GT2,,Realme GT2,不开机,160.0,元/台,,image,realme.jpg,数码网报价单-0825更新/手机相关/realme.jpg,1,0.99,visual_legacy_crosscheck
20260825-0677b65da24dd52d524c-01,2026-08-25,手机,device,Realme,GT系列,Realme GT2,,Realme GT2,废板-整机,160.0,元/台,,image,realme.jpg,数码网报价单-0825更新/手机相关/realme.jpg,1,0.99,visual_legacy_crosscheck
20260825-a3b59cac0f1cdc5fa9a9-01,2026-08-25,手机,device,Realme,GT系列,Realme GT大师探索版,,Realme GT大师探索版,开机屏好,160.0,元/台,,image,realme.jpg,数码网报价单-0825更新/手机相关/realme.jpg,1,0.99,visual_legacy_crosscheck
20260825-35d00892d6c1b04e1dde-01,2026-08-25,手机,device,Realme,GT系列,Realme GT大师探索版,,Realme GT大师探索版,开机屏坏,160.0,元/台,,image,realme.jpg,数码网报价单-0825更新/手机相关/realme.jpg,1,0.99,visual_legacy_crosscheck
20260825-65c8fb47464a27ceebf9-01,2026-08-25,手机,device,Realme,GT系列,Realme GT大师探索版,,Realme GT大师探索版,不开机,160.0,元/台,,image,realme.jpg,数码网报价单-0825更新/手机相关/realme.jpg,1,0.99,visual_legacy_crosscheck
20260825-a2f0f61ee1dd16fdec1c-01,2026-08-25,手机,device,Realme,GT系列,Realme GT大师探索版,,Realme GT大师探索版,废板-整机,160.0,元/台,,image,realme.jpg,数码网报价单-0825更新/手机相关/realme.jpg,1,0.99,visual_legacy_crosscheck
20260825-075f43f46f258b644f7b-01,2026-08-25,手机,device,Realme,GT系列,Realme GT大师版,,Realme GT大师版,开机屏好,160.0,元/台,,image,realme.jpg,数码网报价单-0825更新/手机相关/realme.jpg,1,0.99,visual_legacy_crosscheck
20260825-f1ebab1e9e63f70fba9a-01,2026-08-25,手机,device,Realme,GT系列,Realme GT大师版,,Realme GT大师版,开机屏坏,160.0,元/台,,image,realme.jpg,数码网报价单-0825更新/手机相关/realme.jpg,1,0.99,visual_legacy_crosscheck
20260825-a044d915be610c7da0fe-01,2026-08-25,手机,device,Realme,GT系列,Realme GT大师版,,Realme GT大师版,不开机,160.0,元/台,,image,realme.jpg,数码网报价单-0825更新/手机相关/realme.jpg,1,0.99,visual_legacy_crosscheck
20260825-541a04f191aba5d51f33-01,2026-08-25,手机,device,Realme,GT系列,Realme GT大师版,,Realme GT大师版,废板-整机,160.0,元/台,,image,realme.jpg,数码网报价单-0825更新/手机相关/realme.jpg,1,0.99,visual_legacy_crosscheck
20260825-4327ffc51c1c9ed2199e-01,2026-08-25,手机,device,Realme,GT系列,Realme GT,,Realme GT,开机屏好,160.0,元/台,,image,realme.jpg,数码网报价单-0825更新/手机相关/realme.jpg,1,0.99,visual_legacy_crosscheck
20260825-36d4070a6dfff767b40b-01,2026-08-25,手机,device,Realme,GT系列,Realme GT,,Realme GT,开机屏坏,160.0,元/台,,image,realme.jpg,数码网报价单-0825更新/手机相关/realme.jpg,1,0.99,visual_legacy_crosscheck
20260825-0b300f85057e46af1767-01,2026-08-25,手机,device,Realme,GT系列,Realme GT,,Realme GT,不开机,160.0,元/台,,image,realme.jpg,数码网报价单-0825更新/手机相关/realme.jpg,1,0.99,visual_legacy_crosscheck
20260825-f53f0a81f112a7e38efd-01,2026-08-25,手机,device,Realme,GT系列,Realme GT,,Realme GT,废板-整机,160.0,元/台,,image,realme.jpg,数码网报价单-0825更新/手机相关/realme.jpg,1,0.99,visual_legacy_crosscheck
20260825-dfeca68b7697578ca233-01,2026-08-25,手机,device,Realme,数字系列,realme15T,,realme15T,开机屏好,280.0,元/台,,image,realme.jpg,数码网报价单-0825更新/手机相关/realme.jpg,1,0.99,visual_legacy_crosscheck
20260825-dd42d6b8643883c16b6e-01,2026-08-25,手机,device,Realme,数字系列,realme15T,,realme15T,开机屏坏,280.0,元/台,,image,realme.jpg,数码网报价单-0825更新/手机相关/realme.jpg,1,0.99,visual_legacy_crosscheck
20260825-161aec3fea2b10fc2e26-01,2026-08-25,手机,device,Realme,数字系列,realme15T,,realme15T,不开机,280.0,元/台,,image,realme.jpg,数码网报价单-0825更新/手机相关/realme.jpg,1,0.99,visual_legacy_crosscheck
20260825-3c9b25c6f1a3aa2bd322-01,2026-08-25,手机,device,Realme,数字系列,realme15T,,realme15T,废板-整机,170.0,元/台,,image,realme.jpg,数码网报价单-0825更新/手机相关/realme.jpg,1,0.99,visual_legacy_crosscheck
20260825-5c7381508029fed4a3bf-01,2026-08-25,手机,device,Realme,数字系列,realme15,,realme15,开机屏好,280.0,元/台,,image,realme.jpg,数码网报价单-0825更新/手机相关/realme.jpg,1,0.99,visual_legacy_crosscheck
20260825-4ba9749ff0779a9a321e-01,2026-08-25,手机,device,Realme,数字系列,realme15,,realme15,开机屏坏,280.0,元/台,,image,realme.jpg,数码网报价单-0825更新/手机相关/realme.jpg,1,0.99,visual_legacy_crosscheck
20260825-7b5705016eb1160c8e20-01,2026-08-25,手机,device,Realme,数字系列,realme15,,realme15,不开机,280.0,元/台,,image,realme.jpg,数码网报价单-0825更新/手机相关/realme.jpg,1,0.99,visual_legacy_crosscheck
20260825-aeed89f06de340c97297-01,2026-08-25,手机,device,Realme,数字系列,realme15,,realme15,废板-整机,170.0,元/台,,image,realme.jpg,数码网报价单-0825更新/手机相关/realme.jpg,1,0.99,visual_legacy_crosscheck
20260825-4e77cf0abba06640a739-01,2026-08-25,手机,device,Realme,数字系列,realme15 Pro,,realme15 Pro,开机屏好,280.0,元/台,,image,realme.jpg,数码网报价单-0825更新/手机相关/realme.jpg,1,0.99,visual_legacy_crosscheck
20260825-9e25cd8ba86d49979e38-01,2026-08-25,手机,device,Realme,数字系列,realme15 Pro,,realme15 Pro,开机屏坏,280.0,元/台,,image,realme.jpg,数码网报价单-0825更新/手机相关/realme.jpg,1,0.99,visual_legacy_crosscheck
20260825-16b6dece05633baa8820-01,2026-08-25,手机,device,Realme,数字系列,realme15 Pro,,realme15 Pro,不开机,280.0,元/台,,image,realme.jpg,数码网报价单-0825更新/手机相关/realme.jpg,1,0.99,visual_legacy_crosscheck
20260825-4126f0f96360771ff5aa-01,2026-08-25,手机,device,Realme,数字系列,realme15 Pro,,realme15 Pro,废板-整机,170.0,元/台,,image,realme.jpg,数码网报价单-0825更新/手机相关/realme.jpg,1,0.99,visual_legacy_crosscheck
20260825-5bdab5fa45255a5d2f28-01,2026-08-25,手机,device,Realme,数字系列,realme14pro+,,realme14pro+,开机屏好,190.0,元/台,,image,realme.jpg,数码网报价单-0825更新/手机相关/realme.jpg,1,0.99,visual_legacy_crosscheck
20260825-7d3aec0c1577fb1d5f2a-01,2026-08-25,手机,device,Realme,数字系列,realme14pro+,,realme14pro+,开机屏坏,190.0,元/台,,image,realme.jpg,数码网报价单-0825更新/手机相关/realme.jpg,1,0.99,visual_legacy_crosscheck
20260825-540c830fa600d41b3366-01,2026-08-25,手机,device,Realme,数字系列,realme14pro+,,realme14pro+,不开机,190.0,元/台,,image,realme.jpg,数码网报价单-0825更新/手机相关/realme.jpg,1,0.99,visual_legacy_crosscheck
20260825-abcf53cf41e573164c97-01,2026-08-25,手机,device,Realme,数字系列,realme14pro+,,realme14pro+,废板-整机,190.0,元/台,,image,realme.jpg,数码网报价单-0825更新/手机相关/realme.jpg,1,0.99,visual_legacy_crosscheck
20260825-7536d578a8be10a58e36-01,2026-08-25,手机,device,Realme,数字系列,realme14pro,,realme14pro,开机屏好,190.0,元/台,,image,realme.jpg,数码网报价单-0825更新/手机相关/realme.jpg,1,0.99,visual_legacy_crosscheck
20260825-71c2afef22c807d7dc8f-01,2026-08-25,手机,device,Realme,数字系列,realme14pro,,realme14pro,开机屏坏,190.0,元/台,,image,realme.jpg,数码网报价单-0825更新/手机相关/realme.jpg,1,0.99,visual_legacy_crosscheck
20260825-55fa269ff7e45e9287a1-01,2026-08-25,手机,device,Realme,数字系列,realme14pro,,realme14pro,不开机,190.0,元/台,,image,realme.jpg,数码网报价单-0825更新/手机相关/realme.jpg,1,0.99,visual_legacy_crosscheck
20260825-7317878aad66af7a6e06-01,2026-08-25,手机,device,Realme,数字系列,realme14pro,,realme14pro,废板-整机,190.0,元/台,,image,realme.jpg,数码网报价单-0825更新/手机相关/realme.jpg,1,0.99,visual_legacy_crosscheck
20260825-0319b931f2f7ef1c6fef-01,2026-08-25,手机,device,Realme,数字系列,realme14,,realme14,开机屏好,190.0,元/台,,image,realme.jpg,数码网报价单-0825更新/手机相关/realme.jpg,1,0.99,visual_legacy_crosscheck
20260825-7fb8a9c05d3fd6885198-01,2026-08-25,手机,device,Realme,数字系列,realme14,,realme14,开机屏坏,190.0,元/台,,image,realme.jpg,数码网报价单-0825更新/手机相关/realme.jpg,1,0.99,visual_legacy_crosscheck
20260825-b2c54abfaa0e7fe9e75e-01,2026-08-25,手机,device,Realme,数字系列,realme14,,realme14,不开机,190.0,元/台,,image,realme.jpg,数码网报价单-0825更新/手机相关/realme.jpg,1,0.99,visual_legacy_crosscheck
20260825-f115ca8d579d809cb30e-01,2026-08-25,手机,device,Realme,数字系列,realme14,,realme14,废板-整机,190.0,元/台,,image,realme.jpg,数码网报价单-0825更新/手机相关/realme.jpg,1,0.99,visual_legacy_crosscheck
20260825-b07d2a15015a69bb29d2-01,2026-08-25,手机,device,Realme,数字系列,realme13pro至尊,,realme13pro至尊,开机屏好,190.0,元/台,,image,realme.jpg,数码网报价单-0825更新/手机相关/realme.jpg,1,0.99,visual_legacy_crosscheck
20260825-e562df66446b5123ae0c-01,2026-08-25,手机,device,Realme,数字系列,realme13pro至尊,,realme13pro至尊,开机屏坏,190.0,元/台,,image,realme.jpg,数码网报价单-0825更新/手机相关/realme.jpg,1,0.99,visual_legacy_crosscheck
20260825-5bc2d796d4105018205c-01,2026-08-25,手机,device,Realme,数字系列,realme13pro至尊,,realme13pro至尊,不开机,190.0,元/台,,image,realme.jpg,数码网报价单-0825更新/手机相关/realme.jpg,1,0.99,visual_legacy_crosscheck
20260825-4bebd7b56855002edaee-01,2026-08-25,手机,device,Realme,数字系列,realme13pro至尊,,realme13pro至尊,废板-整机,190.0,元/台,,image,realme.jpg,数码网报价单-0825更新/手机相关/realme.jpg,1,0.99,visual_legacy_crosscheck
20260825-3009a2f6d539a9a9272c-01,2026-08-25,手机,device,Realme,数字系列,realme13pro+,,realme13pro+,开机屏好,190.0,元/台,,image,realme.jpg,数码网报价单-0825更新/手机相关/realme.jpg,1,0.99,visual_legacy_crosscheck
20260825-4b97da65b5a8282ee445-01,2026-08-25,手机,device,Realme,数字系列,realme13pro+,,realme13pro+,开机屏坏,190.0,元/台,,image,realme.jpg,数码网报价单-0825更新/手机相关/realme.jpg,1,0.99,visual_legacy_crosscheck
20260825-87aabd97bce10a9d7628-01,2026-08-25,手机,device,Realme,数字系列,realme13pro+,,realme13pro+,不开机,190.0,元/台,,image,realme.jpg,数码网报价单-0825更新/手机相关/realme.jpg,1,0.99,visual_legacy_crosscheck
20260825-3e41c17b0165805a623d-01,2026-08-25,手机,device,Realme,数字系列,realme13pro+,,realme13pro+,废板-整机,190.0,元/台,,image,realme.jpg,数码网报价单-0825更新/手机相关/realme.jpg,1,0.99,visual_legacy_crosscheck
20260825-1977b93e8ea44e7e50c1-01,2026-08-25,手机,device,Realme,数字系列,realme13pro,,realme13pro,开机屏好,190.0,元/台,,image,realme.jpg,数码网报价单-0825更新/手机相关/realme.jpg,1,0.99,visual_legacy_crosscheck
20260825-b75c06b04b7d48a6d3fa-01,2026-08-25,手机,device,Realme,数字系列,realme13pro,,realme13pro,开机屏坏,190.0,元/台,,image,realme.jpg,数码网报价单-0825更新/手机相关/realme.jpg,1,0.99,visual_legacy_crosscheck
20260825-6536b4db285694d03a9a-01,2026-08-25,手机,device,Realme,数字系列,realme13pro,,realme13pro,不开机,190.0,元/台,,image,realme.jpg,数码网报价单-0825更新/手机相关/realme.jpg,1,0.99,visual_legacy_crosscheck
20260825-48556a5d241726438c81-01,2026-08-25,手机,device,Realme,数字系列,realme13pro,,realme13pro,废板-整机,190.0,元/台,,image,realme.jpg,数码网报价单-0825更新/手机相关/realme.jpg,1,0.99,visual_legacy_crosscheck
20260825-54d9cbe9a74839263e49-01,2026-08-25,手机,device,Realme,数字系列,realme13,,realme13,开机屏好,190.0,元/台,,image,realme.jpg,数码网报价单-0825更新/手机相关/realme.jpg,1,0.99,visual_legacy_crosscheck
20260825-de1c359b44aec87a584d-01,2026-08-25,手机,device,Realme,数字系列,realme13,,realme13,开机屏坏,190.0,元/台,,image,realme.jpg,数码网报价单-0825更新/手机相关/realme.jpg,1,0.99,visual_legacy_crosscheck
20260825-48915353543e27b99757-01,2026-08-25,手机,device,Realme,数字系列,realme13,,realme13,不开机,190.0,元/台,,image,realme.jpg,数码网报价单-0825更新/手机相关/realme.jpg,1,0.99,visual_legacy_crosscheck
20260825-c73fa878bb13ac8024b3-01,2026-08-25,手机,device,Realme,数字系列,realme13,,realme13,废板-整机,190.0,元/台,,image,realme.jpg,数码网报价单-0825更新/手机相关/realme.jpg,1,0.99,visual_legacy_crosscheck
20260825-c5857c0961eb6701f6ef-01,2026-08-25,手机,device,Realme,数字系列,realme12pro+,,realme12pro+,开机屏好,170.0,元/台,,image,realme.jpg,数码网报价单-0825更新/手机相关/realme.jpg,1,0.99,visual_legacy_crosscheck
20260825-3b311111d7767b103edd-01,2026-08-25,手机,device,Realme,数字系列,realme12pro+,,realme12pro+,开机屏坏,170.0,元/台,,image,realme.jpg,数码网报价单-0825更新/手机相关/realme.jpg,1,0.99,visual_legacy_crosscheck
20260825-761235d05d2360b51a63-01,2026-08-25,手机,device,Realme,数字系列,realme12pro+,,realme12pro+,不开机,170.0,元/台,,image,realme.jpg,数码网报价单-0825更新/手机相关/realme.jpg,1,0.99,visual_legacy_crosscheck
20260825-dc3415f3cb2842a4fece-01,2026-08-25,手机,device,Realme,数字系列,realme12pro+,,realme12pro+,废板-整机,170.0,元/台,,image,realme.jpg,数码网报价单-0825更新/手机相关/realme.jpg,1,0.99,visual_legacy_crosscheck
20260825-7787f2bf9005d0ab4daa-01,2026-08-25,手机,device,Realme,数字系列,realme12pro至尊,,realme12pro至尊,开机屏好,170.0,元/台,,image,realme.jpg,数码网报价单-0825更新/手机相关/realme.jpg,1,0.99,visual_legacy_crosscheck
20260825-0eb8953c1701303cf039-01,2026-08-25,手机,device,Realme,数字系列,realme12pro至尊,,realme12pro至尊,开机屏坏,170.0,元/台,,image,realme.jpg,数码网报价单-0825更新/手机相关/realme.jpg,1,0.99,visual_legacy_crosscheck
20260825-001f97b1a10ca34e43ae-01,2026-08-25,手机,device,Realme,数字系列,realme12pro至尊,,realme12pro至尊,不开机,170.0,元/台,,image,realme.jpg,数码网报价单-0825更新/手机相关/realme.jpg,1,0.99,visual_legacy_crosscheck
20260825-35eda85d264d3dfcf33e-01,2026-08-25,手机,device,Realme,数字系列,realme12pro至尊,,realme12pro至尊,废板-整机,170.0,元/台,,image,realme.jpg,数码网报价单-0825更新/手机相关/realme.jpg,1,0.99,visual_legacy_crosscheck
20260825-b05cc618b782b1a682c8-01,2026-08-25,手机,device,Realme,数字系列,realme12pro,,realme12pro,开机屏好,170.0,元/台,,image,realme.jpg,数码网报价单-0825更新/手机相关/realme.jpg,1,0.99,visual_legacy_crosscheck
20260825-813b49627adf3085a4ca-01,2026-08-25,手机,device,Realme,数字系列,realme12pro,,realme12pro,开机屏坏,170.0,元/台,,image,realme.jpg,数码网报价单-0825更新/手机相关/realme.jpg,1,0.99,visual_legacy_crosscheck
20260825-3ff11c274fb8d30ce502-01,2026-08-25,手机,device,Realme,数字系列,realme12pro,,realme12pro,不开机,170.0,元/台,,image,realme.jpg,数码网报价单-0825更新/手机相关/realme.jpg,1,0.99,visual_legacy_crosscheck
20260825-15f9b271b41583d5f946-01,2026-08-25,手机,device,Realme,数字系列,realme12pro,,realme12pro,废板-整机,170.0,元/台,,image,realme.jpg,数码网报价单-0825更新/手机相关/realme.jpg,1,0.99,visual_legacy_crosscheck
20260825-3fd4016ac0b4204ff7fe-01,2026-08-25,手机,device,Realme,数字系列,realme12x,,realme12x,开机屏好,170.0,元/台,,image,realme.jpg,数码网报价单-0825更新/手机相关/realme.jpg,1,0.99,visual_legacy_crosscheck
20260825-254d1bd0505d19ae098f-01,2026-08-25,手机,device,Realme,数字系列,realme12x,,realme12x,开机屏坏,170.0,元/台,,image,realme.jpg,数码网报价单-0825更新/手机相关/realme.jpg,1,0.99,visual_legacy_crosscheck
20260825-a3290b52eab81bb6dea0-01,2026-08-25,手机,device,Realme,数字系列,realme12x,,realme12x,不开机,170.0,元/台,,image,realme.jpg,数码网报价单-0825更新/手机相关/realme.jpg,1,0.99,visual_legacy_crosscheck
20260825-d8828a336ff5dfe85b4a-01,2026-08-25,手机,device,Realme,数字系列,realme12x,,realme12x,废板-整机,170.0,元/台,,image,realme.jpg,数码网报价单-0825更新/手机相关/realme.jpg,1,0.99,visual_legacy_crosscheck
20260825-c28a2b8665cf8706b099-01,2026-08-25,手机,device,Realme,数字系列,realme11 Pro+,,realme11 Pro+,开机屏好,170.0,元/台,,image,realme.jpg,数码网报价单-0825更新/手机相关/realme.jpg,1,0.99,visual_legacy_crosscheck
20260825-f467d2bc77a4b2e77250-01,2026-08-25,手机,device,Realme,数字系列,realme11 Pro+,,realme11 Pro+,开机屏坏,170.0,元/台,,image,realme.jpg,数码网报价单-0825更新/手机相关/realme.jpg,1,0.99,visual_legacy_crosscheck
20260825-d5e2bc5b0c4f86ca3154-01,2026-08-25,手机,device,Realme,数字系列,realme11 Pro+,,realme11 Pro+,不开机,170.0,元/台,,image,realme.jpg,数码网报价单-0825更新/手机相关/realme.jpg,1,0.99,visual_legacy_crosscheck
20260825-00df3ff1bd1fbbb1f11d-01,2026-08-25,手机,device,Realme,数字系列,realme11 Pro+,,realme11 Pro+,废板-整机,170.0,元/台,,image,realme.jpg,数码网报价单-0825更新/手机相关/realme.jpg,1,0.99,visual_legacy_crosscheck
20260825-49026a3765d94dc05200-01,2026-08-25,手机,device,Realme,数字系列,realme11 Pro,,realme11 Pro,开机屏好,170.0,元/台,,image,realme.jpg,数码网报价单-0825更新/手机相关/realme.jpg,1,0.99,visual_legacy_crosscheck
20260825-24eb21f2be019d59daf6-01,2026-08-25,手机,device,Realme,数字系列,realme11 Pro,,realme11 Pro,开机屏坏,170.0,元/台,,image,realme.jpg,数码网报价单-0825更新/手机相关/realme.jpg,1,0.99,visual_legacy_crosscheck
20260825-e27c22625ffcb4f26c88-01,2026-08-25,手机,device,Realme,数字系列,realme11 Pro,,realme11 Pro,不开机,170.0,元/台,,image,realme.jpg,数码网报价单-0825更新/手机相关/realme.jpg,1,0.99,visual_legacy_crosscheck
20260825-b70791bd320f4306d55b-01,2026-08-25,手机,device,Realme,数字系列,realme11 Pro,,realme11 Pro,废板-整机,170.0,元/台,,image,realme.jpg,数码网报价单-0825更新/手机相关/realme.jpg,1,0.99,visual_legacy_crosscheck
20260825-506b5299f15dfe67dad6-01,2026-08-25,手机,device,Realme,数字系列,Realme 11,,Realme 11,开机屏好,170.0,元/台,,image,realme.jpg,数码网报价单-0825更新/手机相关/realme.jpg,1,0.99,visual_legacy_crosscheck
20260825-643ea7c131d6ba75c61f-01,2026-08-25,手机,device,Realme,数字系列,Realme 11,,Realme 11,开机屏坏,170.0,元/台,,image,realme.jpg,数码网报价单-0825更新/手机相关/realme.jpg,1,0.99,visual_legacy_crosscheck
20260825-afbcd70e3ea30ecce4ef-01,2026-08-25,手机,device,Realme,数字系列,Realme 11,,Realme 11,不开机,170.0,元/台,,image,realme.jpg,数码网报价单-0825更新/手机相关/realme.jpg,1,0.99,visual_legacy_crosscheck
20260825-8c5a6cfb70e9c0fa8b12-01,2026-08-25,手机,device,Realme,数字系列,Realme 11,,Realme 11,废板-整机,170.0,元/台,,image,realme.jpg,数码网报价单-0825更新/手机相关/realme.jpg,1,0.99,visual_legacy_crosscheck
20260825-8ec92485cf4b1de68590-01,2026-08-25,手机,device,Realme,数字系列,Realme 10Pro+,,Realme 10Pro+,开机屏好,170.0,元/台,,image,realme.jpg,数码网报价单-0825更新/手机相关/realme.jpg,1,0.99,visual_legacy_crosscheck
20260825-32b298985725d601ff5b-01,2026-08-25,手机,device,Realme,数字系列,Realme 10Pro+,,Realme 10Pro+,开机屏坏,170.0,元/台,,image,realme.jpg,数码网报价单-0825更新/手机相关/realme.jpg,1,0.99,visual_legacy_crosscheck
20260825-1414c7a47d37e277e4d0-01,2026-08-25,手机,device,Realme,数字系列,Realme 10Pro+,,Realme 10Pro+,不开机,170.0,元/台,,image,realme.jpg,数码网报价单-0825更新/手机相关/realme.jpg,1,0.99,visual_legacy_crosscheck
20260825-1a44635f5074917ecc8c-01,2026-08-25,手机,device,Realme,数字系列,Realme 10Pro+,,Realme 10Pro+,废板-整机,170.0,元/台,,image,realme.jpg,数码网报价单-0825更新/手机相关/realme.jpg,1,0.99,visual_legacy_crosscheck
20260825-a80840ee134b6cab59f1-01,2026-08-25,手机,device,Realme,数字系列,Realme 10Pro,,Realme 10Pro,开机屏好,170.0,元/台,,image,realme.jpg,数码网报价单-0825更新/手机相关/realme.jpg,1,0.99,visual_legacy_crosscheck
20260825-e050526a091e80dff323-01,2026-08-25,手机,device,Realme,数字系列,Realme 10Pro,,Realme 10Pro,开机屏坏,170.0,元/台,,image,realme.jpg,数码网报价单-0825更新/手机相关/realme.jpg,1,0.99,visual_legacy_crosscheck
20260825-08850d11e012a2ccfa74-01,2026-08-25,手机,device,Realme,数字系列,Realme 10Pro,,Realme 10Pro,不开机,170.0,元/台,,image,realme.jpg,数码网报价单-0825更新/手机相关/realme.jpg,1,0.99,visual_legacy_crosscheck
20260825-de9ade88eda1f36eece0-01,2026-08-25,手机,device,Realme,数字系列,Realme 10Pro,,Realme 10Pro,废板-整机,170.0,元/台,,image,realme.jpg,数码网报价单-0825更新/手机相关/realme.jpg,1,0.99,visual_legacy_crosscheck
20260825-176774bf6c4f82894cdb-01,2026-08-25,手机,device,Realme,数字系列,Realme 10,,Realme 10,开机屏好,140.0,元/台,,image,realme.jpg,数码网报价单-0825更新/手机相关/realme.jpg,1,0.99,visual_legacy_crosscheck
20260825-dc7b23409354f71f4c51-01,2026-08-25,手机,device,Realme,数字系列,Realme 10,,Realme 10,开机屏坏,140.0,元/台,,image,realme.jpg,数码网报价单-0825更新/手机相关/realme.jpg,1,0.99,visual_legacy_crosscheck
20260825-c04d6e320b99bb8cb556-01,2026-08-25,手机,device,Realme,数字系列,Realme 10,,Realme 10,不开机,140.0,元/台,,image,realme.jpg,数码网报价单-0825更新/手机相关/realme.jpg,1,0.99,visual_legacy_crosscheck
20260825-e7507de6bb0becc51201-01,2026-08-25,手机,device,Realme,数字系列,Realme 10,,Realme 10,废板-整机,140.0,元/台,,image,realme.jpg,数码网报价单-0825更新/手机相关/realme.jpg,1,0.99,visual_legacy_crosscheck
20260825-af4f41acead31be32097-01,2026-08-25,手机,device,Realme,数字系列,Realme 10s,,Realme 10s,开机屏好,140.0,元/台,,image,realme.jpg,数码网报价单-0825更新/手机相关/realme.jpg,1,0.99,visual_legacy_crosscheck
20260825-38e270a7d3f14b9df739-01,2026-08-25,手机,device,Realme,数字系列,Realme 10s,,Realme 10s,开机屏坏,140.0,元/台,,image,realme.jpg,数码网报价单-0825更新/手机相关/realme.jpg,1,0.99,visual_legacy_crosscheck
20260825-41fd969717d9ba8ce9de-01,2026-08-25,手机,device,Realme,数字系列,Realme 10s,,Realme 10s,不开机,140.0,元/台,,image,realme.jpg,数码网报价单-0825更新/手机相关/realme.jpg,1,0.99,visual_legacy_crosscheck
20260825-76b085c387ec8e4cc503-01,2026-08-25,手机,device,Realme,数字系列,Realme 10s,,Realme 10s,废板-整机,140.0,元/台,,image,realme.jpg,数码网报价单-0825更新/手机相关/realme.jpg,1,0.99,visual_legacy_crosscheck
20260825-dfef611789baa280a681-01,2026-08-25,手机,device,Realme,数字系列,Realme 7i,,Realme 7i,开机屏好,110.0,元/台,,image,realme.jpg,数码网报价单-0825更新/手机相关/realme.jpg,1,0.99,visual_legacy_crosscheck
20260825-098dcaf60efaf2b83a67-01,2026-08-25,手机,device,Realme,数字系列,Realme 7i,,Realme 7i,开机屏坏,110.0,元/台,,image,realme.jpg,数码网报价单-0825更新/手机相关/realme.jpg,1,0.99,visual_legacy_crosscheck
20260825-f12f6624fa232316206b-01,2026-08-25,手机,device,Realme,数字系列,Realme 7i,,Realme 7i,不开机,110.0,元/台,,image,realme.jpg,数码网报价单-0825更新/手机相关/realme.jpg,1,0.99,visual_legacy_crosscheck
20260825-b7954a05f9df66743306-01,2026-08-25,手机,device,Realme,数字系列,Realme 7i,,Realme 7i,废板-整机,110.0,元/台,,image,realme.jpg,数码网报价单-0825更新/手机相关/realme.jpg,1,0.99,visual_legacy_crosscheck
20260825-0d228cd07633e641e17c-01,2026-08-25,手机,device,Realme,数字系列,Realme 5i,,Realme 5i,开机屏好,40.0,元/台,,image,realme.jpg,数码网报价单-0825更新/手机相关/realme.jpg,1,0.99,visual_legacy_crosscheck
20260825-f7e09208c70e8d27ab83-01,2026-08-25,手机,device,Realme,数字系列,Realme 5i,,Realme 5i,开机屏坏,40.0,元/台,,image,realme.jpg,数码网报价单-0825更新/手机相关/realme.jpg,1,0.99,visual_legacy_crosscheck
20260825-049d84c16ace3601b3b1-01,2026-08-25,手机,device,Realme,数字系列,Realme 5i,,Realme 5i,不开机,40.0,元/台,,image,realme.jpg,数码网报价单-0825更新/手机相关/realme.jpg,1,0.99,visual_legacy_crosscheck
20260825-e33a6c76c9814b563259-01,2026-08-25,手机,device,Realme,数字系列,Realme 5i,,Realme 5i,废板-整机,40.0,元/台,,image,realme.jpg,数码网报价单-0825更新/手机相关/realme.jpg,1,0.99,visual_legacy_crosscheck
20260825-07a576d94b9b42a171ac-01,2026-08-25,手机,device,Realme,数字系列,Realme 5,,Realme 5,开机屏好,40.0,元/台,,image,realme.jpg,数码网报价单-0825更新/手机相关/realme.jpg,1,0.99,visual_legacy_crosscheck
20260825-ae4b2ee8225997418361-01,2026-08-25,手机,device,Realme,数字系列,Realme 5,,Realme 5,开机屏坏,40.0,元/台,,image,realme.jpg,数码网报价单-0825更新/手机相关/realme.jpg,1,0.99,visual_legacy_crosscheck
20260825-61fa40ec24e012d0f341-01,2026-08-25,手机,device,Realme,数字系列,Realme 5,,Realme 5,不开机,40.0,元/台,,image,realme.jpg,数码网报价单-0825更新/手机相关/realme.jpg,1,0.99,visual_legacy_crosscheck
20260825-ba92d88dbee65000ef22-01,2026-08-25,手机,device,Realme,数字系列,Realme 5,,Realme 5,废板-整机,40.0,元/台,,image,realme.jpg,数码网报价单-0825更新/手机相关/realme.jpg,1,0.99,visual_legacy_crosscheck
20260825-4c4f76349fc35c19bdc7-01,2026-08-25,手机,device,Realme,数字系列,Realme 3,,Realme 3,开机屏好,40.0,元/台,,image,realme.jpg,数码网报价单-0825更新/手机相关/realme.jpg,1,0.99,visual_legacy_crosscheck
20260825-0757a620ba5e862168f2-01,2026-08-25,手机,device,Realme,数字系列,Realme 3,,Realme 3,开机屏坏,40.0,元/台,,image,realme.jpg,数码网报价单-0825更新/手机相关/realme.jpg,1,0.99,visual_legacy_crosscheck
20260825-6c097ed7119ee55f0695-01,2026-08-25,手机,device,Realme,数字系列,Realme 3,,Realme 3,不开机,40.0,元/台,,image,realme.jpg,数码网报价单-0825更新/手机相关/realme.jpg,1,0.99,visual_legacy_crosscheck
20260825-fdc7108848ba55886ada-01,2026-08-25,手机,device,Realme,数字系列,Realme 3,,Realme 3,废板-整机,40.0,元/台,,image,realme.jpg,数码网报价单-0825更新/手机相关/realme.jpg,1,0.99,visual_legacy_crosscheck
20260825-34f717b1be46a3462b3a-01,2026-08-25,手机,device,vivo,X Fold系列,x fold5,,x fold5,开机靓好,1100.0,元/台,要求外小屏好，折痕大扣1500，前盖好,image,vivo.jpg,数码网报价单-0825更新/手机相关/vivo.jpg,1,0.99,visual_legacy_crosscheck
20260825-b6034e1145b3ec62e80e-01,2026-08-25,手机,device,vivo,X Fold系列,x fold5,,x fold5,开机屏好碎壳,900.0,元/台,要求外小屏好，折痕大扣1500，前盖好,image,vivo.jpg,数码网报价单-0825更新/手机相关/vivo.jpg,1,0.99,visual_legacy_crosscheck
20260825-04094f92bb6d8848fe91-01,2026-08-25,手机,device,vivo,X Fold系列,x fold5,,x fold5,开机屏坏/外碎,500.0,元/台,要求外小屏好，折痕大扣1500，前盖好,image,vivo.jpg,数码网报价单-0825更新/手机相关/vivo.jpg,1,0.99,visual_legacy_crosscheck
20260825-988e89fe5893cc776cef-01,2026-08-25,手机,device,vivo,X Fold系列,x fold5,,x fold5,开机屏坏,350.0,元/台,要求外小屏好，折痕大扣1500，前盖好,image,vivo.jpg,数码网报价单-0825更新/手机相关/vivo.jpg,1,0.99,visual_legacy_crosscheck
20260825-4bd663f89e6294033993-01,2026-08-25,手机,device,vivo,X Fold系列,x fold5,,x fold5,不开机,150.0,元/台,要求外小屏好，折痕大扣1500，前盖好,image,vivo.jpg,数码网报价单-0825更新/手机相关/vivo.jpg,1,0.99,visual_legacy_crosscheck
20260825-39d74b3f1e05efdcd7c6-01,2026-08-25,手机,device,vivo,X Fold系列,x fold5,,x fold5,深板-整机,150.0,元/台,要求外小屏好，折痕大扣1500，前盖好,image,vivo.jpg,数码网报价单-0825更新/手机相关/vivo.jpg,1,0.99,visual_legacy_crosscheck
20260825-f9219daf614a496a1464-01,2026-08-25,手机,device,vivo,X Fold系列,x fold3pro,,x fold3pro,开机靓好,400.0,元/台,要求小屏好，前盖好,image,vivo.jpg,数码网报价单-0825更新/手机相关/vivo.jpg,1,0.99,visual_legacy_crosscheck
20260825-6d6d5e3fc70437df0caa-01,2026-08-25,手机,device,vivo,X Fold系列,x fold3pro,,x fold3pro,开机屏好碎壳,150.0,元/台,要求小屏好，前盖好,image,vivo.jpg,数码网报价单-0825更新/手机相关/vivo.jpg,1,0.99,visual_legacy_crosscheck
20260825-d8fa1610fef0024198c5-01,2026-08-25,手机,device,vivo,X Fold系列,x fold3pro,,x fold3pro,开机屏坏/外碎,150.0,元/台,要求小屏好，前盖好,image,vivo.jpg,数码网报价单-0825更新/手机相关/vivo.jpg,1,0.99,visual_legacy_crosscheck
20260825-215c97d8af42583a3e60-01,2026-08-25,手机,device,vivo,X Fold系列,x fold3pro,,x fold3pro,开机屏坏,150.0,元/台,要求小屏好，前盖好,image,vivo.jpg,数码网报价单-0825更新/手机相关/vivo.jpg,1,0.99,visual_legacy_crosscheck
20260825-12673a5303a307a4c58e-01,2026-08-25,手机,device,vivo,X Fold系列,x fold3pro,,x fold3pro,不开机,150.0,元/台,要求小屏好，前盖好,image,vivo.jpg,数码网报价单-0825更新/手机相关/vivo.jpg,1,0.99,visual_legacy_crosscheck
20260825-e18d42506db9c3a3ad69-01,2026-08-25,手机,device,vivo,X Fold系列,x fold3pro,,x fold3pro,深板-整机,150.0,元/台,要求小屏好，前盖好,image,vivo.jpg,数码网报价单-0825更新/手机相关/vivo.jpg,1,0.99,visual_legacy_crosscheck
20260825-612dba24db747bc32e4a-01,2026-08-25,手机,device,vivo,X Fold系列,x fold3,,x fold3,开机靓好,400.0,元/台,要求小屏好，前盖好,image,vivo.jpg,数码网报价单-0825更新/手机相关/vivo.jpg,1,0.99,visual_legacy_crosscheck
20260825-724e0867e05a95084f01-01,2026-08-25,手机,device,vivo,X Fold系列,x fold3,,x fold3,开机屏好碎壳,150.0,元/台,要求小屏好，前盖好,image,vivo.jpg,数码网报价单-0825更新/手机相关/vivo.jpg,1,0.99,visual_legacy_crosscheck
20260825-5a44cfd39491a3a48f72-01,2026-08-25,手机,device,vivo,X Fold系列,x fold3,,x fold3,开机屏坏/外碎,150.0,元/台,要求小屏好，前盖好,image,vivo.jpg,数码网报价单-0825更新/手机相关/vivo.jpg,1,0.99,visual_legacy_crosscheck
20260825-4e41301edf5fbfd8acce-01,2026-08-25,手机,device,vivo,X Fold系列,x fold3,,x fold3,开机屏坏,150.0,元/台,要求小屏好，前盖好,image,vivo.jpg,数码网报价单-0825更新/手机相关/vivo.jpg,1,0.99,visual_legacy_crosscheck
20260825-1c0d2d7a3211abdfd89c-01,2026-08-25,手机,device,vivo,X Fold系列,x fold3,,x fold3,不开机,150.0,元/台,要求小屏好，前盖好,image,vivo.jpg,数码网报价单-0825更新/手机相关/vivo.jpg,1,0.99,visual_legacy_crosscheck
20260825-a4d489cf7014c7be925f-01,2026-08-25,手机,device,vivo,X Fold系列,x fold3,,x fold3,深板-整机,150.0,元/台,要求小屏好，前盖好,image,vivo.jpg,数码网报价单-0825更新/手机相关/vivo.jpg,1,0.99,visual_legacy_crosscheck
20260825-d93fad41ed15bb1f1924-01,2026-08-25,手机,device,vivo,X Fold系列,X Fold2,,X Fold2,开机靓好,260.0,元/台,要求小屏好，靓好,image,vivo.jpg,数码网报价单-0825更新/手机相关/vivo.jpg,1,0.99,visual_legacy_crosscheck
20260825-c36a2cd90d338c7d7a10-01,2026-08-25,手机,device,vivo,X Fold系列,X Fold2,,X Fold2,开机屏好碎壳,150.0,元/台,要求小屏好，靓好,image,vivo.jpg,数码网报价单-0825更新/手机相关/vivo.jpg,1,0.99,visual_legacy_crosscheck
20260825-8e8c1eb1ef6d7afb0978-01,2026-08-25,手机,device,vivo,X Fold系列,X Fold2,,X Fold2,开机屏坏/外碎,150.0,元/台,要求小屏好，靓好,image,vivo.jpg,数码网报价单-0825更新/手机相关/vivo.jpg,1,0.99,visual_legacy_crosscheck
20260825-8644fe43d169290fa2ec-01,2026-08-25,手机,device,vivo,X Fold系列,X Fold2,,X Fold2,开机屏坏,150.0,元/台,要求小屏好，靓好,image,vivo.jpg,数码网报价单-0825更新/手机相关/vivo.jpg,1,0.99,visual_legacy_crosscheck
20260825-81e0013a2708e7663e3c-01,2026-08-25,手机,device,vivo,X Fold系列,X Fold2,,X Fold2,不开机,150.0,元/台,要求小屏好，靓好,image,vivo.jpg,数码网报价单-0825更新/手机相关/vivo.jpg,1,0.99,visual_legacy_crosscheck
20260825-41d6a4b89e2a391ee742-01,2026-08-25,手机,device,vivo,X Fold系列,X Fold2,,X Fold2,深板-整机,150.0,元/台,要求小屏好，靓好,image,vivo.jpg,数码网报价单-0825更新/手机相关/vivo.jpg,1,0.99,visual_legacy_crosscheck
20260825-6aeb750e4dc3977b99ff-01,2026-08-25,手机,device,vivo,X Fold系列,X Fold+,,X Fold+,开机靓好,200.0,元/台,,image,vivo.jpg,数码网报价单-0825更新/手机相关/vivo.jpg,1,0.99,visual_legacy_crosscheck
20260825-cff229ae13b3647990d8-01,2026-08-25,手机,device,vivo,X Fold系列,X Fold+,,X Fold+,开机屏好碎壳,150.0,元/台,,image,vivo.jpg,数码网报价单-0825更新/手机相关/vivo.jpg,1,0.99,visual_legacy_crosscheck
20260825-5fcfef9281b577312e6c-01,2026-08-25,手机,device,vivo,X Fold系列,X Fold+,,X Fold+,开机屏坏/外碎,150.0,元/台,,image,vivo.jpg,数码网报价单-0825更新/手机相关/vivo.jpg,1,0.99,visual_legacy_crosscheck
20260825-c498da11abdd12834fb0-01,2026-08-25,手机,device,vivo,X Fold系列,X Fold+,,X Fold+,开机屏坏,150.0,元/台,,image,vivo.jpg,数码网报价单-0825更新/手机相关/vivo.jpg,1,0.99,visual_legacy_crosscheck
20260825-89d515e6b81cbafd89fb-01,2026-08-25,手机,device,vivo,X Fold系列,X Fold+,,X Fold+,不开机,150.0,元/台,,image,vivo.jpg,数码网报价单-0825更新/手机相关/vivo.jpg,1,0.99,visual_legacy_crosscheck
20260825-df5a09412fa9203cad40-01,2026-08-25,手机,device,vivo,X Fold系列,X Fold+,,X Fold+,深板-整机,150.0,元/台,,image,vivo.jpg,数码网报价单-0825更新/手机相关/vivo.jpg,1,0.99,visual_legacy_crosscheck
20260825-6131b5675c2562b1e37a-01,2026-08-25,手机,device,vivo,X Fold系列,X Fold,,X Fold,开机靓好,180.0,元/台,,image,vivo.jpg,数码网报价单-0825更新/手机相关/vivo.jpg,1,0.99,visual_legacy_crosscheck
20260825-df7a7dbb446c6de9bc64-01,2026-08-25,手机,device,vivo,X Fold系列,X Fold,,X Fold,开机屏好碎壳,150.0,元/台,,image,vivo.jpg,数码网报价单-0825更新/手机相关/vivo.jpg,1,0.99,visual_legacy_crosscheck
20260825-485ca46fe37c6d7950cd-01,2026-08-25,手机,device,vivo,X Fold系列,X Fold,,X Fold,开机屏坏/外碎,150.0,元/台,,image,vivo.jpg,数码网报价单-0825更新/手机相关/vivo.jpg,1,0.99,visual_legacy_crosscheck
20260825-378ab56df6e4b7a7e584-01,2026-08-25,手机,device,vivo,X Fold系列,X Fold,,X Fold,开机屏坏,150.0,元/台,,image,vivo.jpg,数码网报价单-0825更新/手机相关/vivo.jpg,1,0.99,visual_legacy_crosscheck
20260825-9e126b0697870694cdc0-01,2026-08-25,手机,device,vivo,X Fold系列,X Fold,,X Fold,不开机,150.0,元/台,,image,vivo.jpg,数码网报价单-0825更新/手机相关/vivo.jpg,1,0.99,visual_legacy_crosscheck
20260825-3fe6261ff16b5cd43ff8-01,2026-08-25,手机,device,vivo,X Fold系列,X Fold,,X Fold,深板-整机,150.0,元/台,,image,vivo.jpg,数码网报价单-0825更新/手机相关/vivo.jpg,1,0.99,visual_legacy_crosscheck
20260825-e59540797faed7ef2bb8-01,2026-08-25,手机,device,vivo,X/Note系列,X Note,,X Note,开机靓好,150.0,元/台,,image,vivo.jpg,数码网报价单-0825更新/手机相关/vivo.jpg,1,0.99,visual_legacy_crosscheck
20260825-1f7060c0ed1a7ea6b497-01,2026-08-25,手机,device,vivo,X/Note系列,X Note,,X Note,开机屏好碎壳,150.0,元/台,,image,vivo.jpg,数码网报价单-0825更新/手机相关/vivo.jpg,1,0.99,visual_legacy_crosscheck
20260825-b3ce93666f0a355bd6f0-01,2026-08-25,手机,device,vivo,X/Note系列,X Note,,X Note,开机屏坏/外碎,150.0,元/台,,image,vivo.jpg,数码网报价单-0825更新/手机相关/vivo.jpg,1,0.99,visual_legacy_crosscheck
20260825-3c2545caa48cda2782ba-01,2026-08-25,手机,device,vivo,X/Note系列,X Note,,X Note,开机屏坏,150.0,元/台,,image,vivo.jpg,数码网报价单-0825更新/手机相关/vivo.jpg,1,0.99,visual_legacy_crosscheck
20260825-276e12a6cd0e7c652946-01,2026-08-25,手机,device,vivo,X/Note系列,X Note,,X Note,不开机,150.0,元/台,,image,vivo.jpg,数码网报价单-0825更新/手机相关/vivo.jpg,1,0.99,visual_legacy_crosscheck
20260825-d7a42d75a863c960d617-01,2026-08-25,手机,device,vivo,X/Note系列,X Note,,X Note,深板-整机,150.0,元/台,,image,vivo.jpg,数码网报价单-0825更新/手机相关/vivo.jpg,1,0.99,visual_legacy_crosscheck
20260825-a43781228df8fbc0ab57-01,2026-08-25,手机,device,vivo,X/Flip系列,X flip,,X flip,开机靓好,200.0,元/台,要求小屏好，靓好,image,vivo.jpg,数码网报价单-0825更新/手机相关/vivo.jpg,1,0.99,visual_legacy_crosscheck
20260825-2ffd00693dac8064702d-01,2026-08-25,手机,device,vivo,X/Flip系列,X flip,,X flip,开机屏好碎壳,150.0,元/台,要求小屏好，靓好,image,vivo.jpg,数码网报价单-0825更新/手机相关/vivo.jpg,1,0.99,visual_legacy_crosscheck
20260825-b2122162c46383fb7332-01,2026-08-25,手机,device,vivo,X/Flip系列,X flip,,X flip,开机屏坏/外碎,150.0,元/台,要求小屏好，靓好,image,vivo.jpg,数码网报价单-0825更新/手机相关/vivo.jpg,1,0.99,visual_legacy_crosscheck
20260825-6c9b8dc6079e3d647c52-01,2026-08-25,手机,device,vivo,X/Flip系列,X flip,,X flip,开机屏坏,150.0,元/台,要求小屏好，靓好,image,vivo.jpg,数码网报价单-0825更新/手机相关/vivo.jpg,1,0.99,visual_legacy_crosscheck
20260825-19fc2ac81db36904e27b-01,2026-08-25,手机,device,vivo,X/Flip系列,X flip,,X flip,不开机,150.0,元/台,要求小屏好，靓好,image,vivo.jpg,数码网报价单-0825更新/手机相关/vivo.jpg,1,0.99,visual_legacy_crosscheck
20260825-ecdfd68a31f6d0d76e4b-01,2026-08-25,手机,device,vivo,X/Flip系列,X flip,,X flip,深板-整机,150.0,元/台,要求小屏好，靓好,image,vivo.jpg,数码网报价单-0825更新/手机相关/vivo.jpg,1,0.99,visual_legacy_crosscheck
20260825-c21f5d1b32c7d0a81533-01,2026-08-25,手机,device,vivo,X旗舰系列,x300s,,x300s,开机靓好,1600.0,元/台,,image,vivo.jpg,数码网报价单-0825更新/手机相关/vivo.jpg,1,0.99,visual_legacy_crosscheck
20260825-40e27cb745968964a8c9-01,2026-08-25,手机,device,vivo,X旗舰系列,x300s,,x300s,开机屏好碎壳,1200.0,元/台,,image,vivo.jpg,数码网报价单-0825更新/手机相关/vivo.jpg,1,0.99,visual_legacy_crosscheck
20260825-a0835e54e167a1669b0d-01,2026-08-25,手机,device,vivo,X旗舰系列,x300s,,x300s,开机屏坏/外碎,1200.0,元/台,,image,vivo.jpg,数码网报价单-0825更新/手机相关/vivo.jpg,1,0.99,visual_legacy_crosscheck
20260825-8b58d9822131700467f5-01,2026-08-25,手机,device,vivo,X旗舰系列,x300s,,x300s,开机屏坏,1000.0,元/台,,image,vivo.jpg,数码网报价单-0825更新/手机相关/vivo.jpg,1,0.99,visual_legacy_crosscheck
20260825-6d16ef727537263f63b5-01,2026-08-25,手机,device,vivo,X旗舰系列,x300s,,x300s,不开机,300.0,元/台,,image,vivo.jpg,数码网报价单-0825更新/手机相关/vivo.jpg,1,0.99,visual_legacy_crosscheck
20260825-c24adc417ea3d7395906-01,2026-08-25,手机,device,vivo,X旗舰系列,x300s,,x300s,深板-整机,300.0,元/台,,image,vivo.jpg,数码网报价单-0825更新/手机相关/vivo.jpg,1,0.99,visual_legacy_crosscheck
20260825-5199cbabc1564396e9f1-01,2026-08-25,手机,device,vivo,X旗舰系列,x300 Pro,,x300 Pro,开机靓好,2000.0,元/台,,image,vivo.jpg,数码网报价单-0825更新/手机相关/vivo.jpg,1,0.99,visual_legacy_crosscheck
20260825-ca38b83e4c71b85ca8e8-01,2026-08-25,手机,device,vivo,X旗舰系列,x300 Pro,,x300 Pro,开机屏好碎壳,1300.0,元/台,,image,vivo.jpg,数码网报价单-0825更新/手机相关/vivo.jpg,1,0.99,visual_legacy_crosscheck
20260825-45440b1d88605db93fb7-01,2026-08-25,手机,device,vivo,X旗舰系列,x300 Pro,,x300 Pro,开机屏坏/外碎,1300.0,元/台,,image,vivo.jpg,数码网报价单-0825更新/手机相关/vivo.jpg,1,0.99,visual_legacy_crosscheck
20260825-2431c3b8938070f52872-01,2026-08-25,手机,device,vivo,X旗舰系列,x300 Pro,,x300 Pro,开机屏坏,1200.0,元/台,,image,vivo.jpg,数码网报价单-0825更新/手机相关/vivo.jpg,1,0.99,visual_legacy_crosscheck
20260825-a91bcb82c97064ec2aad-01,2026-08-25,手机,device,vivo,X旗舰系列,x300 Pro,,x300 Pro,不开机,300.0,元/台,,image,vivo.jpg,数码网报价单-0825更新/手机相关/vivo.jpg,1,0.99,visual_legacy_crosscheck
20260825-837671cac5c81232a9c1-01,2026-08-25,手机,device,vivo,X旗舰系列,x300 Pro,,x300 Pro,深板-整机,300.0,元/台,,image,vivo.jpg,数码网报价单-0825更新/手机相关/vivo.jpg,1,0.99,visual_legacy_crosscheck
20260825-8dcb1fbcbc12b281a411-01,2026-08-25,手机,device,vivo,X旗舰系列,x300,,x300,开机靓好,1600.0,元/台,,image,vivo.jpg,数码网报价单-0825更新/手机相关/vivo.jpg,1,0.99,visual_legacy_crosscheck
20260825-bf6d05eadf4ce1e64b71-01,2026-08-25,手机,device,vivo,X旗舰系列,x300,,x300,开机屏好碎壳,1200.0,元/台,,image,vivo.jpg,数码网报价单-0825更新/手机相关/vivo.jpg,1,0.99,visual_legacy_crosscheck
20260825-3df4afa1fe995c3f7df1-01,2026-08-25,手机,device,vivo,X旗舰系列,x300,,x300,开机屏坏/外碎,1200.0,元/台,,image,vivo.jpg,数码网报价单-0825更新/手机相关/vivo.jpg,1,0.99,visual_legacy_crosscheck
20260825-e4ccd8e24a92d3ade15a-01,2026-08-25,手机,device,vivo,X旗舰系列,x300,,x300,开机屏坏,1000.0,元/台,,image,vivo.jpg,数码网报价单-0825更新/手机相关/vivo.jpg,1,0.99,visual_legacy_crosscheck
20260825-5c536940101f638a98c7-01,2026-08-25,手机,device,vivo,X旗舰系列,x300,,x300,不开机,300.0,元/台,,image,vivo.jpg,数码网报价单-0825更新/手机相关/vivo.jpg,1,0.99,visual_legacy_crosscheck
20260825-0aa030ff3560bb1d6260-01,2026-08-25,手机,device,vivo,X旗舰系列,x300,,x300,深板-整机,300.0,元/台,,image,vivo.jpg,数码网报价单-0825更新/手机相关/vivo.jpg,1,0.99,visual_legacy_crosscheck
20260825-5033cafd79c00a13dd1f-01,2026-08-25,手机,device,vivo,X旗舰系列,x200ultra,,x200ultra,开机靓好,1200.0,元/台,,image,vivo.jpg,数码网报价单-0825更新/手机相关/vivo.jpg,1,0.99,visual_legacy_crosscheck
20260825-9fb20c977595f90843b0-01,2026-08-25,手机,device,vivo,X旗舰系列,x200ultra,,x200ultra,开机屏好碎壳,1100.0,元/台,,image,vivo.jpg,数码网报价单-0825更新/手机相关/vivo.jpg,1,0.99,visual_legacy_crosscheck
20260825-cd5c920885d35952cf4d-01,2026-08-25,手机,device,vivo,X旗舰系列,x200ultra,,x200ultra,开机屏坏/外碎,1000.0,元/台,,image,vivo.jpg,数码网报价单-0825更新/手机相关/vivo.jpg,1,0.99,visual_legacy_crosscheck
20260825-70c42778afbd0d688947-01,2026-08-25,手机,device,vivo,X旗舰系列,x200ultra,,x200ultra,开机屏坏,900.0,元/台,,image,vivo.jpg,数码网报价单-0825更新/手机相关/vivo.jpg,1,0.99,visual_legacy_crosscheck
20260825-ab9f77cb030dda7e1513-01,2026-08-25,手机,device,vivo,X旗舰系列,x200ultra,,x200ultra,不开机,150.0,元/台,,image,vivo.jpg,数码网报价单-0825更新/手机相关/vivo.jpg,1,0.99,visual_legacy_crosscheck
20260825-9a4041d0d56a863a3468-01,2026-08-25,手机,device,vivo,X旗舰系列,x200ultra,,x200ultra,深板-整机,150.0,元/台,,image,vivo.jpg,数码网报价单-0825更新/手机相关/vivo.jpg,1,0.99,visual_legacy_crosscheck
20260825-1cef8d00601ab77350f3-01,2026-08-25,手机,device,vivo,X旗舰系列,x200pro,,x200pro,开机靓好,1100.0,元/台,镜头环扣300,image,vivo.jpg,数码网报价单-0825更新/手机相关/vivo.jpg,1,0.99,visual_legacy_crosscheck
20260825-a76e5ca4e01b51f67aea-01,2026-08-25,手机,device,vivo,X旗舰系列,x200pro,,x200pro,开机屏好碎壳,1000.0,元/台,镜头环扣300,image,vivo.jpg,数码网报价单-0825更新/手机相关/vivo.jpg,1,0.99,visual_legacy_crosscheck
20260825-aa0cbc1463f81135c28a-01,2026-08-25,手机,device,vivo,X旗舰系列,x200pro,,x200pro,开机屏坏/外碎,800.0,元/台,镜头环扣300,image,vivo.jpg,数码网报价单-0825更新/手机相关/vivo.jpg,1,0.99,visual_legacy_crosscheck
20260825-2d44983f8ef5165f9167-01,2026-08-25,手机,device,vivo,X旗舰系列,x200pro,,x200pro,开机屏坏,600.0,元/台,镜头环扣300,image,vivo.jpg,数码网报价单-0825更新/手机相关/vivo.jpg,1,0.99,visual_legacy_crosscheck
20260825-28dbe07b5439f971464f-01,2026-08-25,手机,device,vivo,X旗舰系列,x200pro,,x200pro,不开机,150.0,元/台,镜头环扣300,image,vivo.jpg,数码网报价单-0825更新/手机相关/vivo.jpg,1,0.99,visual_legacy_crosscheck
20260825-c8f3746413145c1721cb-01,2026-08-25,手机,device,vivo,X旗舰系列,x200pro,,x200pro,深板-整机,150.0,元/台,镜头环扣300,image,vivo.jpg,数码网报价单-0825更新/手机相关/vivo.jpg,1,0.99,visual_legacy_crosscheck
20260825-b9e90924d96757b06142-01,2026-08-25,手机,device,vivo,X旗舰系列,x200pro mini(耳屏),,x200pro mini(耳屏),开机靓好,1200.0,元/台,镜头环扣300,image,vivo.jpg,数码网报价单-0825更新/手机相关/vivo.jpg,1,0.99,visual_legacy_crosscheck
20260825-1bc801a41d55de2998c3-01,2026-08-25,手机,device,vivo,X旗舰系列,x200pro mini(耳屏),,x200pro mini(耳屏),开机屏好碎壳,1100.0,元/台,镜头环扣300,image,vivo.jpg,数码网报价单-0825更新/手机相关/vivo.jpg,1,0.99,visual_legacy_crosscheck
20260825-7d463bca7b0a2928183e-01,2026-08-25,手机,device,vivo,X旗舰系列,x200pro mini(耳屏),,x200pro mini(耳屏),开机屏坏/外碎,1000.0,元/台,镜头环扣300,image,vivo.jpg,数码网报价单-0825更新/手机相关/vivo.jpg,1,0.99,visual_legacy_crosscheck
20260825-1d025843e7f06dc304f6-01,2026-08-25,手机,device,vivo,X旗舰系列,x200pro mini(耳屏),,x200pro mini(耳屏),开机屏坏,800.0,元/台,镜头环扣300,image,vivo.jpg,数码网报价单-0825更新/手机相关/vivo.jpg,1,0.99,visual_legacy_crosscheck
20260825-4a00d9e13e42a610a7c6-01,2026-08-25,手机,device,vivo,X旗舰系列,x200pro mini(耳屏),,x200pro mini(耳屏),不开机,150.0,元/台,镜头环扣300,image,vivo.jpg,数码网报价单-0825更新/手机相关/vivo.jpg,1,0.99,visual_legacy_crosscheck
20260825-a6b8f99ecb3a80ece03e-01,2026-08-25,手机,device,vivo,X旗舰系列,x200pro mini(耳屏),,x200pro mini(耳屏),深板-整机,150.0,元/台,镜头环扣300,image,vivo.jpg,数码网报价单-0825更新/手机相关/vivo.jpg,1,0.99,visual_legacy_crosscheck
20260825-c7b8ff81cbcc1388aac6-01,2026-08-25,手机,device,vivo,X旗舰系列,x200,,x200,开机靓好,1100.0,元/台,镜头环扣300,image,vivo.jpg,数码网报价单-0825更新/手机相关/vivo.jpg,1,0.99,visual_legacy_crosscheck
20260825-178db1f44f4d30eff2ec-01,2026-08-25,手机,device,vivo,X旗舰系列,x200,,x200,开机屏好碎壳,900.0,元/台,镜头环扣300,image,vivo.jpg,数码网报价单-0825更新/手机相关/vivo.jpg,1,0.99,visual_legacy_crosscheck
20260825-092f5b1565b78b8a5d24-01,2026-08-25,手机,device,vivo,X旗舰系列,x200,,x200,开机屏坏/外碎,900.0,元/台,镜头环扣300,image,vivo.jpg,数码网报价单-0825更新/手机相关/vivo.jpg,1,0.99,visual_legacy_crosscheck
20260825-9aae0612941cdfb04352-01,2026-08-25,手机,device,vivo,X旗舰系列,x200,,x200,开机屏坏,600.0,元/台,镜头环扣300,image,vivo.jpg,数码网报价单-0825更新/手机相关/vivo.jpg,1,0.99,visual_legacy_crosscheck
20260825-42b7371103f2327d504b-01,2026-08-25,手机,device,vivo,X旗舰系列,x200,,x200,不开机,150.0,元/台,镜头环扣300,image,vivo.jpg,数码网报价单-0825更新/手机相关/vivo.jpg,1,0.99,visual_legacy_crosscheck
20260825-6f2f30fbd07b77c887fb-01,2026-08-25,手机,device,vivo,X旗舰系列,x200,,x200,深板-整机,150.0,元/台,镜头环扣300,image,vivo.jpg,数码网报价单-0825更新/手机相关/vivo.jpg,1,0.99,visual_legacy_crosscheck
20260825-de799d14a189ec10fb8e-01,2026-08-25,手机,device,vivo,X旗舰系列,X200s,,X200s,开机靓好,1200.0,元/台,,image,vivo.jpg,数码网报价单-0825更新/手机相关/vivo.jpg,1,0.99,visual_legacy_crosscheck
20260825-61fe05a79e3e1789fb19-01,2026-08-25,手机,device,vivo,X旗舰系列,X200s,,X200s,开机屏好碎壳,1000.0,元/台,,image,vivo.jpg,数码网报价单-0825更新/手机相关/vivo.jpg,1,0.99,visual_legacy_crosscheck
20260825-aadcbe4b29797108ff2d-01,2026-08-25,手机,device,vivo,X旗舰系列,X200s,,X200s,开机屏坏/外碎,1000.0,元/台,,image,vivo.jpg,数码网报价单-0825更新/手机相关/vivo.jpg,1,0.99,visual_legacy_crosscheck
20260825-fe26fcbe043226fa6a32-01,2026-08-25,手机,device,vivo,X旗舰系列,X200s,,X200s,开机屏坏,800.0,元/台,,image,vivo.jpg,数码网报价单-0825更新/手机相关/vivo.jpg,1,0.99,visual_legacy_crosscheck
20260825-26d2159351c6adf0b2fc-01,2026-08-25,手机,device,vivo,X旗舰系列,X200s,,X200s,不开机,150.0,元/台,,image,vivo.jpg,数码网报价单-0825更新/手机相关/vivo.jpg,1,0.99,visual_legacy_crosscheck
20260825-a8af100e363846134064-01,2026-08-25,手机,device,vivo,X旗舰系列,X200s,,X200s,深板-整机,150.0,元/台,,image,vivo.jpg,数码网报价单-0825更新/手机相关/vivo.jpg,1,0.99,visual_legacy_crosscheck
20260825-9871c57769302ded5ab7-01,2026-08-25,手机,device,vivo,X旗舰系列,x100Ultra,,x100Ultra,开机靓好,1100.0,元/台,,image,vivo.jpg,数码网报价单-0825更新/手机相关/vivo.jpg,1,0.99,visual_legacy_crosscheck
20260825-c74ea279593564f3fffb-01,2026-08-25,手机,device,vivo,X旗舰系列,x100Ultra,,x100Ultra,开机屏好碎壳,1000.0,元/台,,image,vivo.jpg,数码网报价单-0825更新/手机相关/vivo.jpg,1,0.99,visual_legacy_crosscheck
20260825-a43b4ac7d4996af630b3-01,2026-08-25,手机,device,vivo,X旗舰系列,x100Ultra,,x100Ultra,开机屏坏/外碎,900.0,元/台,,image,vivo.jpg,数码网报价单-0825更新/手机相关/vivo.jpg,1,0.99,visual_legacy_crosscheck
20260825-60f4ed5b3ca1a34b4e65-01,2026-08-25,手机,device,vivo,X旗舰系列,x100Ultra,,x100Ultra,开机屏坏,750.0,元/台,,image,vivo.jpg,数码网报价单-0825更新/手机相关/vivo.jpg,1,0.99,visual_legacy_crosscheck
20260825-e6f26501d1057dbc1231-01,2026-08-25,手机,device,vivo,X旗舰系列,x100Ultra,,x100Ultra,不开机,150.0,元/台,,image,vivo.jpg,数码网报价单-0825更新/手机相关/vivo.jpg,1,0.99,visual_legacy_crosscheck
20260825-e408244b130ba973efed-01,2026-08-25,手机,device,vivo,X旗舰系列,x100Ultra,,x100Ultra,深板-整机,150.0,元/台,,image,vivo.jpg,数码网报价单-0825更新/手机相关/vivo.jpg,1,0.99,visual_legacy_crosscheck
20260825-c1d9ae90c2a59b4edefb-01,2026-08-25,手机,device,vivo,X旗舰系列,x100s,,x100s,开机靓好,1000.0,元/台,,image,vivo.jpg,数码网报价单-0825更新/手机相关/vivo.jpg,1,0.99,visual_legacy_crosscheck
20260825-c4765571b54399ba0b21-01,2026-08-25,手机,device,vivo,X旗舰系列,x100s,,x100s,开机屏好碎壳,800.0,元/台,,image,vivo.jpg,数码网报价单-0825更新/手机相关/vivo.jpg,1,0.99,visual_legacy_crosscheck
20260825-80fae7a74758a48d1c9c-01,2026-08-25,手机,device,vivo,X旗舰系列,x100s,,x100s,开机屏坏/外碎,550.0,元/台,,image,vivo.jpg,数码网报价单-0825更新/手机相关/vivo.jpg,1,0.99,visual_legacy_crosscheck
20260825-590e2e97a4a8a5e2c8b6-01,2026-08-25,手机,device,vivo,X旗舰系列,x100s,,x100s,开机屏坏,550.0,元/台,,image,vivo.jpg,数码网报价单-0825更新/手机相关/vivo.jpg,1,0.99,visual_legacy_crosscheck
20260825-dce92bfd3541b07e688a-01,2026-08-25,手机,device,vivo,X旗舰系列,x100s,,x100s,不开机,150.0,元/台,,image,vivo.jpg,数码网报价单-0825更新/手机相关/vivo.jpg,1,0.99,visual_legacy_crosscheck
20260825-c72152d3a96e489156d8-01,2026-08-25,手机,device,vivo,X旗舰系列,x100s,,x100s,深板-整机,150.0,元/台,,image,vivo.jpg,数码网报价单-0825更新/手机相关/vivo.jpg,1,0.99,visual_legacy_crosscheck
20260825-36d073247d9851426c3e-01,2026-08-25,手机,device,vivo,X旗舰系列,X100pro,,X100pro,开机靓好,1000.0,元/台,,image,vivo.jpg,数码网报价单-0825更新/手机相关/vivo.jpg,1,0.99,visual_legacy_crosscheck
20260825-dba6ee9adffbe37b231d-01,2026-08-25,手机,device,vivo,X旗舰系列,X100pro,,X100pro,开机屏好碎壳,900.0,元/台,,image,vivo.jpg,数码网报价单-0825更新/手机相关/vivo.jpg,1,0.99,visual_legacy_crosscheck
20260825-609764622fc2433b0299-01,2026-08-25,手机,device,vivo,X旗舰系列,X100pro,,X100pro,开机屏坏/外碎,700.0,元/台,,image,vivo.jpg,数码网报价单-0825更新/手机相关/vivo.jpg,1,0.99,visual_legacy_crosscheck
20260825-09f599e074b71a591778-01,2026-08-25,手机,device,vivo,X旗舰系列,X100pro,,X100pro,开机屏坏,700.0,元/台,,image,vivo.jpg,数码网报价单-0825更新/手机相关/vivo.jpg,1,0.99,visual_legacy_crosscheck
20260825-aaf9d21978f69bc1bf86-01,2026-08-25,手机,device,vivo,X旗舰系列,X100pro,,X100pro,不开机,150.0,元/台,,image,vivo.jpg,数码网报价单-0825更新/手机相关/vivo.jpg,1,0.99,visual_legacy_crosscheck
20260825-72b9ffe86ab9dce80922-01,2026-08-25,手机,device,vivo,X旗舰系列,X100pro,,X100pro,深板-整机,150.0,元/台,,image,vivo.jpg,数码网报价单-0825更新/手机相关/vivo.jpg,1,0.99,visual_legacy_crosscheck
20260825-1d14cbacda12683b7a4a-01,2026-08-25,手机,device,vivo,X旗舰系列,x100,,x100,开机靓好,800.0,元/台,慢生坏，机芯无进水无磕碰【备注一】无进水不开机要求电好，碰死，碎压扣300,image,vivo.jpg,数码网报价单-0825更新/手机相关/vivo.jpg,1,0.99,visual_legacy_crosscheck
20260825-6ed33033bffd023586b5-01,2026-08-25,手机,device,vivo,X旗舰系列,x100,,x100,开机屏好碎壳,650.0,元/台,慢生坏，机芯无进水无磕碰【备注一】无进水不开机要求电好，碰死，碎压扣300,image,vivo.jpg,数码网报价单-0825更新/手机相关/vivo.jpg,1,0.99,visual_legacy_crosscheck
20260825-45ec7305962d0a2de5b3-01,2026-08-25,手机,device,vivo,X旗舰系列,x100,,x100,开机屏坏/外碎,500.0,元/台,慢生坏，机芯无进水无磕碰【备注一】无进水不开机要求电好，碰死，碎压扣300,image,vivo.jpg,数码网报价单-0825更新/手机相关/vivo.jpg,1,0.99,visual_legacy_crosscheck
20260825-0522cc8177778450696e-01,2026-08-25,手机,device,vivo,X旗舰系列,x100,,x100,开机屏坏,500.0,元/台,慢生坏，机芯无进水无磕碰【备注一】无进水不开机要求电好，碰死，碎压扣300,image,vivo.jpg,数码网报价单-0825更新/手机相关/vivo.jpg,1,0.99,visual_legacy_crosscheck
20260825-3a607a111c73d9766819-01,2026-08-25,手机,device,vivo,X旗舰系列,x100,,x100,不开机,150.0,元/台,慢生坏，机芯无进水无磕碰【备注一】无进水不开机要求电好，碰死，碎压扣300,image,vivo.jpg,数码网报价单-0825更新/手机相关/vivo.jpg,1,0.99,visual_legacy_crosscheck
20260825-49082b12ec47ddcd8298-01,2026-08-25,手机,device,vivo,X旗舰系列,x100,,x100,深板-整机,150.0,元/台,慢生坏，机芯无进水无磕碰【备注一】无进水不开机要求电好，碰死，碎压扣300,image,vivo.jpg,数码网报价单-0825更新/手机相关/vivo.jpg,1,0.99,visual_legacy_crosscheck
20260825-03e16f2ae4d83bad7f84-01,2026-08-25,手机,device,vivo,X旗舰系列,x90 pro,,x90 pro,开机靓好,200.0,元/台,,image,vivo.jpg,数码网报价单-0825更新/手机相关/vivo.jpg,1,0.99,visual_legacy_crosscheck
20260825-5f5b0f13c8705167e053-01,2026-08-25,手机,device,vivo,X旗舰系列,x90 pro,,x90 pro,开机屏好碎壳,200.0,元/台,,image,vivo.jpg,数码网报价单-0825更新/手机相关/vivo.jpg,1,0.99,visual_legacy_crosscheck
20260825-2622dd697703da2ba0f1-01,2026-08-25,手机,device,vivo,X旗舰系列,x90 pro,,x90 pro,开机屏坏/外碎,200.0,元/台,,image,vivo.jpg,数码网报价单-0825更新/手机相关/vivo.jpg,1,0.99,visual_legacy_crosscheck
20260825-2ff3c507bcefdfca6d6a-01,2026-08-25,手机,device,vivo,X旗舰系列,x90 pro,,x90 pro,开机屏坏,200.0,元/台,,image,vivo.jpg,数码网报价单-0825更新/手机相关/vivo.jpg,1,0.99,visual_legacy_crosscheck
20260825-60e380ea1305331af727-01,2026-08-25,手机,device,vivo,X旗舰系列,x90 pro,,x90 pro,不开机,200.0,元/台,,image,vivo.jpg,数码网报价单-0825更新/手机相关/vivo.jpg,1,0.99,visual_legacy_crosscheck
20260825-b53f0701b730c07aefe5-01,2026-08-25,手机,device,vivo,X旗舰系列,x90 pro,,x90 pro,深板-整机,200.0,元/台,,image,vivo.jpg,数码网报价单-0825更新/手机相关/vivo.jpg,1,0.99,visual_legacy_crosscheck
20260825-31313cca37940a1936f1-01,2026-08-25,手机,device,vivo,X旗舰系列,X90S,,X90S,开机靓好,200.0,元/台,,image,vivo.jpg,数码网报价单-0825更新/手机相关/vivo.jpg,1,0.99,visual_legacy_crosscheck
20260825-12cc9fb04475c2624952-01,2026-08-25,手机,device,vivo,X旗舰系列,X90S,,X90S,开机屏好碎壳,200.0,元/台,,image,vivo.jpg,数码网报价单-0825更新/手机相关/vivo.jpg,1,0.99,visual_legacy_crosscheck
20260825-8105f7a1c138a83b6d64-01,2026-08-25,手机,device,vivo,X旗舰系列,X90S,,X90S,开机屏坏/外碎,200.0,元/台,,image,vivo.jpg,数码网报价单-0825更新/手机相关/vivo.jpg,1,0.99,visual_legacy_crosscheck
20260825-4e1abfc43ef8c2d09a24-01,2026-08-25,手机,device,vivo,X旗舰系列,X90S,,X90S,开机屏坏,200.0,元/台,,image,vivo.jpg,数码网报价单-0825更新/手机相关/vivo.jpg,1,0.99,visual_legacy_crosscheck
20260825-072daf0c8b68e4a5ab1a-01,2026-08-25,手机,device,vivo,X旗舰系列,X90S,,X90S,不开机,200.0,元/台,,image,vivo.jpg,数码网报价单-0825更新/手机相关/vivo.jpg,1,0.99,visual_legacy_crosscheck
20260825-ddbab6dbc39b5bb5e553-01,2026-08-25,手机,device,vivo,X旗舰系列,X90S,,X90S,深板-整机,200.0,元/台,,image,vivo.jpg,数码网报价单-0825更新/手机相关/vivo.jpg,1,0.99,visual_legacy_crosscheck
20260825-a26f5b9b0cd540976b42-01,2026-08-25,手机,device,vivo,X旗舰系列,X90,,X90,开机靓好,200.0,元/台,,image,vivo.jpg,数码网报价单-0825更新/手机相关/vivo.jpg,1,0.99,visual_legacy_crosscheck
20260825-4af131e14098ae5620cd-01,2026-08-25,手机,device,vivo,X旗舰系列,X90,,X90,开机屏好碎壳,200.0,元/台,,image,vivo.jpg,数码网报价单-0825更新/手机相关/vivo.jpg,1,0.99,visual_legacy_crosscheck
20260825-642cb3e164ed1de58645-01,2026-08-25,手机,device,vivo,X旗舰系列,X90,,X90,开机屏坏/外碎,200.0,元/台,,image,vivo.jpg,数码网报价单-0825更新/手机相关/vivo.jpg,1,0.99,visual_legacy_crosscheck
20260825-726fb4cc219058fa13cd-01,2026-08-25,手机,device,vivo,X旗舰系列,X90,,X90,开机屏坏,200.0,元/台,,image,vivo.jpg,数码网报价单-0825更新/手机相关/vivo.jpg,1,0.99,visual_legacy_crosscheck
20260825-5962081e459eb649c319-01,2026-08-25,手机,device,vivo,X旗舰系列,X90,,X90,不开机,200.0,元/台,,image,vivo.jpg,数码网报价单-0825更新/手机相关/vivo.jpg,1,0.99,visual_legacy_crosscheck
20260825-3956060bdbecdca2c9cc-01,2026-08-25,手机,device,vivo,X旗舰系列,X90,,X90,深板-整机,200.0,元/台,,image,vivo.jpg,数码网报价单-0825更新/手机相关/vivo.jpg,1,0.99,visual_legacy_crosscheck
20260825-2dfe8e9688a25991f35b-01,2026-08-25,手机,device,vivo,X旗舰系列,X80 Pro,,X80 Pro,开机靓好,200.0,元/台,,image,vivo.jpg,数码网报价单-0825更新/手机相关/vivo.jpg,1,0.99,visual_legacy_crosscheck
20260825-1aa9d32e313df08f11df-01,2026-08-25,手机,device,vivo,X旗舰系列,X80 Pro,,X80 Pro,开机屏好碎壳,200.0,元/台,,image,vivo.jpg,数码网报价单-0825更新/手机相关/vivo.jpg,1,0.99,visual_legacy_crosscheck
20260825-00e9cebcfc389e085fb9-01,2026-08-25,手机,device,vivo,X旗舰系列,X80 Pro,,X80 Pro,开机屏坏/外碎,200.0,元/台,,image,vivo.jpg,数码网报价单-0825更新/手机相关/vivo.jpg,1,0.99,visual_legacy_crosscheck
20260825-0dcdd5cb603c8cd80694-01,2026-08-25,手机,device,vivo,X旗舰系列,X80 Pro,,X80 Pro,开机屏坏,200.0,元/台,,image,vivo.jpg,数码网报价单-0825更新/手机相关/vivo.jpg,1,0.99,visual_legacy_crosscheck
20260825-19e4a3536fad66485885-01,2026-08-25,手机,device,vivo,X旗舰系列,X80 Pro,,X80 Pro,不开机,200.0,元/台,,image,vivo.jpg,数码网报价单-0825更新/手机相关/vivo.jpg,1,0.99,visual_legacy_crosscheck
20260825-97036dd6f09eeb4d2b1f-01,2026-08-25,手机,device,vivo,X旗舰系列,X80 Pro,,X80 Pro,深板-整机,200.0,元/台,,image,vivo.jpg,数码网报价单-0825更新/手机相关/vivo.jpg,1,0.99,visual_legacy_crosscheck
20260825-ae323b776a55aa433c61-01,2026-08-25,手机,device,vivo,X旗舰系列,X80,,X80,开机靓好,200.0,元/台,,image,vivo.jpg,数码网报价单-0825更新/手机相关/vivo.jpg,1,0.99,visual_legacy_crosscheck
20260825-01323808960668fe0a93-01,2026-08-25,手机,device,vivo,X旗舰系列,X80,,X80,开机屏好碎壳,200.0,元/台,,image,vivo.jpg,数码网报价单-0825更新/手机相关/vivo.jpg,1,0.99,visual_legacy_crosscheck
20260825-6c3bdda2fc7bfd9bb109-01,2026-08-25,手机,device,vivo,X旗舰系列,X80,,X80,开机屏坏/外碎,200.0,元/台,,image,vivo.jpg,数码网报价单-0825更新/手机相关/vivo.jpg,1,0.99,visual_legacy_crosscheck
20260825-ea4d795b508333abc018-01,2026-08-25,手机,device,vivo,X旗舰系列,X80,,X80,开机屏坏,200.0,元/台,,image,vivo.jpg,数码网报价单-0825更新/手机相关/vivo.jpg,1,0.99,visual_legacy_crosscheck
20260825-5e129aa83784f9682c6a-01,2026-08-25,手机,device,vivo,X旗舰系列,X80,,X80,不开机,200.0,元/台,,image,vivo.jpg,数码网报价单-0825更新/手机相关/vivo.jpg,1,0.99,visual_legacy_crosscheck
20260825-ea34bc4b1d6ca64445d0-01,2026-08-25,手机,device,vivo,X旗舰系列,X80,,X80,深板-整机,200.0,元/台,,image,vivo.jpg,数码网报价单-0825更新/手机相关/vivo.jpg,1,0.99,visual_legacy_crosscheck
20260825-b73d59450befdaa5cd22-01,2026-08-25,手机,device,vivo,X旗舰系列,x70pro+,,x70pro+,开机靓好,210.0,元/台,【备注一】未拆标靓板无水泡/无进水折痕微水泡扣50，反常发黑水泡扣50。连体坏、进水、拆标当损坏,image,vivo.jpg,数码网报价单-0825更新/手机相关/vivo.jpg,1,0.99,visual_legacy_crosscheck
20260825-225a99e2f07467655895-01,2026-08-25,手机,device,vivo,X旗舰系列,x70pro+,,x70pro+,开机屏好碎壳,210.0,元/台,【备注一】未拆标靓板无水泡/无进水折痕微水泡扣50，反常发黑水泡扣50。连体坏、进水、拆标当损坏,image,vivo.jpg,数码网报价单-0825更新/手机相关/vivo.jpg,1,0.99,visual_legacy_crosscheck
20260825-bf8b7d395fe206be3945-01,2026-08-25,手机,device,vivo,X旗舰系列,x70pro+,,x70pro+,开机屏坏/外碎,210.0,元/台,【备注一】未拆标靓板无水泡/无进水折痕微水泡扣50，反常发黑水泡扣50。连体坏、进水、拆标当损坏,image,vivo.jpg,数码网报价单-0825更新/手机相关/vivo.jpg,1,0.99,visual_legacy_crosscheck
20260825-22987212a5ea2de36119-01,2026-08-25,手机,device,vivo,X旗舰系列,x70pro+,,x70pro+,开机屏坏,210.0,元/台,【备注一】未拆标靓板无水泡/无进水折痕微水泡扣50，反常发黑水泡扣50。连体坏、进水、拆标当损坏,image,vivo.jpg,数码网报价单-0825更新/手机相关/vivo.jpg,1,0.99,visual_legacy_crosscheck
20260825-0b5aa0677ac9a82acc05-01,2026-08-25,手机,device,vivo,X旗舰系列,x70pro+,,x70pro+,不开机,210.0,元/台,【备注一】未拆标靓板无水泡/无进水折痕微水泡扣50，反常发黑水泡扣50。连体坏、进水、拆标当损坏,image,vivo.jpg,数码网报价单-0825更新/手机相关/vivo.jpg,1,0.99,visual_legacy_crosscheck
20260825-92798631d6d3d1017932-01,2026-08-25,手机,device,vivo,X旗舰系列,x70pro+,,x70pro+,深板-整机,210.0,元/台,【备注一】未拆标靓板无水泡/无进水折痕微水泡扣50，反常发黑水泡扣50。连体坏、进水、拆标当损坏,image,vivo.jpg,数码网报价单-0825更新/手机相关/vivo.jpg,1,0.99,visual_legacy_crosscheck
20260825-b55d87701e70670727b3-01,2026-08-25,手机,device,vivo,X旗舰系列,x70pro,,x70pro,开机靓好,210.0,元/台,详见备注一,image,vivo.jpg,数码网报价单-0825更新/手机相关/vivo.jpg,1,0.99,visual_legacy_crosscheck
20260825-e73ab87f48aebfd49bba-01,2026-08-25,手机,device,vivo,X旗舰系列,x70pro,,x70pro,开机屏好碎壳,210.0,元/台,详见备注一,image,vivo.jpg,数码网报价单-0825更新/手机相关/vivo.jpg,1,0.99,visual_legacy_crosscheck
20260825-56c5768bef7f4f0ce960-01,2026-08-25,手机,device,vivo,X旗舰系列,x70pro,,x70pro,开机屏坏/外碎,210.0,元/台,详见备注一,image,vivo.jpg,数码网报价单-0825更新/手机相关/vivo.jpg,1,0.99,visual_legacy_crosscheck
20260825-7de48ef86edeee5d7fba-01,2026-08-25,手机,device,vivo,X旗舰系列,x70pro,,x70pro,开机屏坏,210.0,元/台,详见备注一,image,vivo.jpg,数码网报价单-0825更新/手机相关/vivo.jpg,1,0.99,visual_legacy_crosscheck
20260825-52cb90e81c53d7b6738c-01,2026-08-25,手机,device,vivo,X旗舰系列,x70pro,,x70pro,不开机,210.0,元/台,详见备注一,image,vivo.jpg,数码网报价单-0825更新/手机相关/vivo.jpg,1,0.99,visual_legacy_crosscheck
20260825-0bfbd7dc5888763f53f7-01,2026-08-25,手机,device,vivo,X旗舰系列,x70pro,,x70pro,深板-整机,210.0,元/台,详见备注一,image,vivo.jpg,数码网报价单-0825更新/手机相关/vivo.jpg,1,0.99,visual_legacy_crosscheck
20260825-6ca318a2e8ce8d027777-01,2026-08-25,手机,device,vivo,X旗舰系列,x70t,,x70t,开机靓好,175.0,元/台,详见备注一,image,vivo.jpg,数码网报价单-0825更新/手机相关/vivo.jpg,1,0.99,visual_legacy_crosscheck
20260825-483f89e3e541e6558129-01,2026-08-25,手机,device,vivo,X旗舰系列,x70t,,x70t,开机屏好碎壳,175.0,元/台,详见备注一,image,vivo.jpg,数码网报价单-0825更新/手机相关/vivo.jpg,1,0.99,visual_legacy_crosscheck
20260825-287649cf1df12bce4df6-01,2026-08-25,手机,device,vivo,X旗舰系列,x70t,,x70t,开机屏坏/外碎,175.0,元/台,详见备注一,image,vivo.jpg,数码网报价单-0825更新/手机相关/vivo.jpg,1,0.99,visual_legacy_crosscheck
20260825-c6a0e41773b05917d2fa-01,2026-08-25,手机,device,vivo,X旗舰系列,x70t,,x70t,开机屏坏,175.0,元/台,详见备注一,image,vivo.jpg,数码网报价单-0825更新/手机相关/vivo.jpg,1,0.99,visual_legacy_crosscheck
20260825-5b8de057e55c50cef9b7-01,2026-08-25,手机,device,vivo,X旗舰系列,x70t,,x70t,不开机,175.0,元/台,详见备注一,image,vivo.jpg,数码网报价单-0825更新/手机相关/vivo.jpg,1,0.99,visual_legacy_crosscheck
20260825-5e056e17760895145f64-01,2026-08-25,手机,device,vivo,X旗舰系列,x70t,,x70t,深板-整机,175.0,元/台,详见备注一,image,vivo.jpg,数码网报价单-0825更新/手机相关/vivo.jpg,1,0.99,visual_legacy_crosscheck
20260825-b93944aa48d9020596c3-01,2026-08-25,手机,device,vivo,X旗舰系列,x70,,x70,开机靓好,175.0,元/台,详见备注一,image,vivo.jpg,数码网报价单-0825更新/手机相关/vivo.jpg,1,0.99,visual_legacy_crosscheck
20260825-7d304792bde219c60b3f-01,2026-08-25,手机,device,vivo,X旗舰系列,x70,,x70,开机屏好碎壳,175.0,元/台,详见备注一,image,vivo.jpg,数码网报价单-0825更新/手机相关/vivo.jpg,1,0.99,visual_legacy_crosscheck
20260825-18033b8a42b5d3083853-01,2026-08-25,手机,device,vivo,X旗舰系列,x70,,x70,开机屏坏/外碎,175.0,元/台,详见备注一,image,vivo.jpg,数码网报价单-0825更新/手机相关/vivo.jpg,1,0.99,visual_legacy_crosscheck
20260825-124d48b30018a5252c56-01,2026-08-25,手机,device,vivo,X旗舰系列,x70,,x70,开机屏坏,175.0,元/台,详见备注一,image,vivo.jpg,数码网报价单-0825更新/手机相关/vivo.jpg,1,0.99,visual_legacy_crosscheck
20260825-d9759d42e954b89348e9-01,2026-08-25,手机,device,vivo,X旗舰系列,x70,,x70,不开机,175.0,元/台,详见备注一,image,vivo.jpg,数码网报价单-0825更新/手机相关/vivo.jpg,1,0.99,visual_legacy_crosscheck
20260825-19b1034d5f23fbe2e873-01,2026-08-25,手机,device,vivo,X旗舰系列,x70,,x70,深板-整机,175.0,元/台,详见备注一,image,vivo.jpg,数码网报价单-0825更新/手机相关/vivo.jpg,1,0.99,visual_legacy_crosscheck
20260825-d0cd819bf386d45e9338-01,2026-08-25,手机,device,vivo,X旗舰系列,x60曲屏,,x60曲屏,开机靓好,150.0,元/台,,image,vivo.jpg,数码网报价单-0825更新/手机相关/vivo.jpg,1,0.99,visual_legacy_crosscheck
20260825-228b10e9dfbdcedfdab9-01,2026-08-25,手机,device,vivo,X旗舰系列,x60曲屏,,x60曲屏,开机屏好碎壳,150.0,元/台,,image,vivo.jpg,数码网报价单-0825更新/手机相关/vivo.jpg,1,0.99,visual_legacy_crosscheck
20260825-6eeaf7ac2a284dd6c1ff-01,2026-08-25,手机,device,vivo,X旗舰系列,x60曲屏,,x60曲屏,开机屏坏/外碎,150.0,元/台,,image,vivo.jpg,数码网报价单-0825更新/手机相关/vivo.jpg,1,0.99,visual_legacy_crosscheck
20260825-fd92b23804c859951bba-01,2026-08-25,手机,device,vivo,X旗舰系列,x60曲屏,,x60曲屏,开机屏坏,150.0,元/台,,image,vivo.jpg,数码网报价单-0825更新/手机相关/vivo.jpg,1,0.99,visual_legacy_crosscheck
20260825-acd8bc44fd57b0bca12b-01,2026-08-25,手机,device,vivo,X旗舰系列,x60曲屏,,x60曲屏,不开机,150.0,元/台,,image,vivo.jpg,数码网报价单-0825更新/手机相关/vivo.jpg,1,0.99,visual_legacy_crosscheck
20260825-e871fe2a034da4fff591-01,2026-08-25,手机,device,vivo,X旗舰系列,x60曲屏,,x60曲屏,深板-整机,150.0,元/台,,image,vivo.jpg,数码网报价单-0825更新/手机相关/vivo.jpg,1,0.99,visual_legacy_crosscheck
20260825-640ca7bc9c04d5185273-01,2026-08-25,手机,device,vivo,X旗舰系列,x60pro+,,x60pro+,开机靓好,150.0,元/台,详见备注一,image,vivo.jpg,数码网报价单-0825更新/手机相关/vivo.jpg,1,0.99,visual_legacy_crosscheck
20260825-33000028f8cddbf10516-01,2026-08-25,手机,device,vivo,X旗舰系列,x60pro+,,x60pro+,开机屏好碎壳,150.0,元/台,详见备注一,image,vivo.jpg,数码网报价单-0825更新/手机相关/vivo.jpg,1,0.99,visual_legacy_crosscheck
20260825-8990fac6e239016bfb23-01,2026-08-25,手机,device,vivo,X旗舰系列,x60pro+,,x60pro+,开机屏坏/外碎,150.0,元/台,详见备注一,image,vivo.jpg,数码网报价单-0825更新/手机相关/vivo.jpg,1,0.99,visual_legacy_crosscheck
20260825-f6fad22cb9c2582766a7-01,2026-08-25,手机,device,vivo,X旗舰系列,x60pro+,,x60pro+,开机屏坏,150.0,元/台,详见备注一,image,vivo.jpg,数码网报价单-0825更新/手机相关/vivo.jpg,1,0.99,visual_legacy_crosscheck
20260825-db2dddc39217cb94fdda-01,2026-08-25,手机,device,vivo,X旗舰系列,x60pro+,,x60pro+,不开机,150.0,元/台,详见备注一,image,vivo.jpg,数码网报价单-0825更新/手机相关/vivo.jpg,1,0.99,visual_legacy_crosscheck
20260825-8e03abdd1ccbd564b6b8-01,2026-08-25,手机,device,vivo,X旗舰系列,x60pro+,,x60pro+,深板-整机,150.0,元/台,详见备注一,image,vivo.jpg,数码网报价单-0825更新/手机相关/vivo.jpg,1,0.99,visual_legacy_crosscheck
20260825-d7e42bb50583d3723f5e-01,2026-08-25,手机,device,vivo,X旗舰系列,x60pro,,x60pro,开机靓好,150.0,元/台,,image,vivo.jpg,数码网报价单-0825更新/手机相关/vivo.jpg,1,0.99,visual_legacy_crosscheck
20260825-797b470f4d08850ee58c-01,2026-08-25,手机,device,vivo,X旗舰系列,x60pro,,x60pro,开机屏好碎壳,150.0,元/台,,image,vivo.jpg,数码网报价单-0825更新/手机相关/vivo.jpg,1,0.99,visual_legacy_crosscheck
20260825-e09194dccfd8e815dafc-01,2026-08-25,手机,device,vivo,X旗舰系列,x60pro,,x60pro,开机屏坏/外碎,150.0,元/台,,image,vivo.jpg,数码网报价单-0825更新/手机相关/vivo.jpg,1,0.99,visual_legacy_crosscheck
20260825-33f7c4e1756d556747f0-01,2026-08-25,手机,device,vivo,X旗舰系列,x60pro,,x60pro,开机屏坏,150.0,元/台,,image,vivo.jpg,数码网报价单-0825更新/手机相关/vivo.jpg,1,0.99,visual_legacy_crosscheck
20260825-939152f1fd221414facb-01,2026-08-25,手机,device,vivo,X旗舰系列,x60pro,,x60pro,不开机,150.0,元/台,,image,vivo.jpg,数码网报价单-0825更新/手机相关/vivo.jpg,1,0.99,visual_legacy_crosscheck
20260825-ed4da2328619cc9e803e-01,2026-08-25,手机,device,vivo,X旗舰系列,x60pro,,x60pro,深板-整机,150.0,元/台,,image,vivo.jpg,数码网报价单-0825更新/手机相关/vivo.jpg,1,0.99,visual_legacy_crosscheck
20260825-af53540d94e758595764-01,2026-08-25,手机,device,vivo,X旗舰系列,x60t pro,,x60t pro,开机靓好,150.0,元/台,详见备注一,image,vivo.jpg,数码网报价单-0825更新/手机相关/vivo.jpg,1,0.99,visual_legacy_crosscheck
20260825-43c282232c4a1b8cd4c7-01,2026-08-25,手机,device,vivo,X旗舰系列,x60t pro,,x60t pro,开机屏好碎壳,150.0,元/台,详见备注一,image,vivo.jpg,数码网报价单-0825更新/手机相关/vivo.jpg,1,0.99,visual_legacy_crosscheck
20260825-e7c69cce18da939e721c-01,2026-08-25,手机,device,vivo,X旗舰系列,x60t pro,,x60t pro,开机屏坏/外碎,150.0,元/台,详见备注一,image,vivo.jpg,数码网报价单-0825更新/手机相关/vivo.jpg,1,0.99,visual_legacy_crosscheck
20260825-b9b3a812842db45a9c5c-01,2026-08-25,手机,device,vivo,X旗舰系列,x60t pro,,x60t pro,开机屏坏,150.0,元/台,详见备注一,image,vivo.jpg,数码网报价单-0825更新/手机相关/vivo.jpg,1,0.99,visual_legacy_crosscheck
20260825-056918de09b075f16981-01,2026-08-25,手机,device,vivo,X旗舰系列,x60t pro,,x60t pro,不开机,150.0,元/台,详见备注一,image,vivo.jpg,数码网报价单-0825更新/手机相关/vivo.jpg,1,0.99,visual_legacy_crosscheck
20260825-2bcee67c126db5788f14-01,2026-08-25,手机,device,vivo,X旗舰系列,x60t pro,,x60t pro,深板-整机,150.0,元/台,详见备注一,image,vivo.jpg,数码网报价单-0825更新/手机相关/vivo.jpg,1,0.99,visual_legacy_crosscheck
20260825-90ef5f3c0bec30a353c9-01,2026-08-25,手机,device,vivo,X旗舰系列,x60t,,x60t,开机靓好,150.0,元/台,详见备注一,image,vivo.jpg,数码网报价单-0825更新/手机相关/vivo.jpg,1,0.99,visual_legacy_crosscheck
20260825-f6b3536481c3c24b9969-01,2026-08-25,手机,device,vivo,X旗舰系列,x60t,,x60t,开机屏好碎壳,150.0,元/台,详见备注一,image,vivo.jpg,数码网报价单-0825更新/手机相关/vivo.jpg,1,0.99,visual_legacy_crosscheck
20260825-e0f40a6a0e276a6e5a37-01,2026-08-25,手机,device,vivo,X旗舰系列,x60t,,x60t,开机屏坏/外碎,150.0,元/台,详见备注一,image,vivo.jpg,数码网报价单-0825更新/手机相关/vivo.jpg,1,0.99,visual_legacy_crosscheck
20260825-8ffef6a8630d50e62f8a-01,2026-08-25,手机,device,vivo,X旗舰系列,x60t,,x60t,开机屏坏,150.0,元/台,详见备注一,image,vivo.jpg,数码网报价单-0825更新/手机相关/vivo.jpg,1,0.99,visual_legacy_crosscheck
20260825-a9dbb0307a2cafb0273b-01,2026-08-25,手机,device,vivo,X旗舰系列,x60t,,x60t,不开机,150.0,元/台,详见备注一,image,vivo.jpg,数码网报价单-0825更新/手机相关/vivo.jpg,1,0.99,visual_legacy_crosscheck
20260825-177678591d372f098298-01,2026-08-25,手机,device,vivo,X旗舰系列,x60t,,x60t,深板-整机,150.0,元/台,详见备注一,image,vivo.jpg,数码网报价单-0825更新/手机相关/vivo.jpg,1,0.99,visual_legacy_crosscheck
20260825-080821935e538de8449a-01,2026-08-25,手机,device,vivo,X旗舰系列,x60,,x60,开机靓好,150.0,元/台,,image,vivo.jpg,数码网报价单-0825更新/手机相关/vivo.jpg,1,0.99,visual_legacy_crosscheck
20260825-78a81cddc6ff7df32942-01,2026-08-25,手机,device,vivo,X旗舰系列,x60,,x60,开机屏好碎壳,150.0,元/台,,image,vivo.jpg,数码网报价单-0825更新/手机相关/vivo.jpg,1,0.99,visual_legacy_crosscheck
