record_id,data_date,category,subtype,brand,series,model,model_code,alias,condition,price,unit,note,origin,source_image,source_path,verified,confidence,verification
20260825-94bad610d5f68ecc531a-01,2026-08-25,手机,device,华为,华为P系列,P40 (8+128),ANA-AN00/AL00,P40 (8+128),开机好碎,210,CNY/台,主板芯片比例正常,image,华为2.jpg,数码网报价单-0825更新/手机相关/华为2.jpg,1,1.0,visual_0825_source_crosschecked
20260825-d8a9f3f14acbba25c25f-01,2026-08-25,手机,device,华为,华为P系列,P40 (8+128),ANA-AN00/AL00,P40 (8+128),开机碎屏,120,CNY/台,主板芯片比例正常,image,华为2.jpg,数码网报价单-0825更新/手机相关/华为2.jpg,1,1.0,visual_0825_source_crosschecked
20260825-06fdd8149eefa94fdbbd-01,2026-08-25,手机,device,华为,华为P系列,P40 (8+128),ANA-AN00/AL00,P40 (8+128),开机坏配件,120,CNY/台,主板芯片比例正常,image,华为2.jpg,数码网报价单-0825更新/手机相关/华为2.jpg,1,1.0,visual_0825_source_crosschecked
20260825-3d7c11f8d972ad088277-01,2026-08-25,手机,device,华为,华为P系列,P40 (8+128),ANA-AN00/AL00,P40 (8+128),不开机,120,CNY/台,主板芯片比例正常,image,华为2.jpg,数码网报价单-0825更新/手机相关/华为2.jpg,1,1.0,visual_0825_source_crosschecked
20260825-5fef70b455054d1c60ad-01,2026-08-25,手机,device,华为,华为P系列,P40 (8+128),ANA-AN00/AL00,P40 (8+128),废板·整机,120,CNY/台,主板芯片比例正常,image,华为2.jpg,数码网报价单-0825更新/手机相关/华为2.jpg,1,1.0,visual_0825_source_crosschecked
20260825-3575bb5e6b022eb2fc39-01,2026-08-25,手机,device,华为,华为P系列,P40 (8+128),ANA-AN00/AL00,P40 (8+128),统货,/,CNY/台,主板芯片比例正常,image,华为2.jpg,数码网报价单-0825更新/手机相关/华为2.jpg,1,1.0,visual_0825_source_crosschecked
20260825-06338fb5b0acfe103605-01,2026-08-25,手机,device,华为,华为P系列,P40 (6+128),ANA-AL00,P40 (6+128),开机靓好,140,CNY/台,主板芯片比例正常,image,华为2.jpg,数码网报价单-0825更新/手机相关/华为2.jpg,1,1.0,visual_0825_source_crosschecked
20260825-f6f8805fb7a111fca683-01,2026-08-25,手机,device,华为,华为P系列,P40 (6+128),ANA-AL00,P40 (6+128),开机好碎,140,CNY/台,主板芯片比例正常,image,华为2.jpg,数码网报价单-0825更新/手机相关/华为2.jpg,1,1.0,visual_0825_source_crosschecked
20260825-7c7e3577fc039a639081-01,2026-08-25,手机,device,华为,华为P系列,P40 (6+128),ANA-AL00,P40 (6+128),开机碎屏,90,CNY/台,主板芯片比例正常,image,华为2.jpg,数码网报价单-0825更新/手机相关/华为2.jpg,1,1.0,visual_0825_source_crosschecked
20260825-b116fc791ec1d44be82a-01,2026-08-25,手机,device,华为,华为P系列,P40 (6+128),ANA-AL00,P40 (6+128),开机坏配件,90,CNY/台,主板芯片比例正常,image,华为2.jpg,数码网报价单-0825更新/手机相关/华为2.jpg,1,1.0,visual_0825_source_crosschecked
20260825-c114da8a68c8a8558d4f-01,2026-08-25,手机,device,华为,华为P系列,P40 (6+128),ANA-AL00,P40 (6+128),不开机,90,CNY/台,主板芯片比例正常,image,华为2.jpg,数码网报价单-0825更新/手机相关/华为2.jpg,1,1.0,visual_0825_source_crosschecked
20260825-efa2f99871c08491f6a8-01,2026-08-25,手机,device,华为,华为P系列,P40 (6+128),ANA-AL00,P40 (6+128),废板·整机,90,CNY/台,主板芯片比例正常,image,华为2.jpg,数码网报价单-0825更新/手机相关/华为2.jpg,1,1.0,visual_0825_source_crosschecked
20260825-fd7b8fe4838e5b79ee17-01,2026-08-25,手机,device,华为,华为P系列,P40 (6+128),ANA-AL00,P40 (6+128),统货,/,CNY/台,主板芯片比例正常,image,华为2.jpg,数码网报价单-0825更新/手机相关/华为2.jpg,1,1.0,visual_0825_source_crosschecked
20260825-0a81bd5fe73bdec710c4-01,2026-08-25,手机,device,华为,华为P系列,P30(8+256),ELE-AL00,P30(8+256),开机靓好,130,CNY/台,主板小板短板CB,image,华为2.jpg,数码网报价单-0825更新/手机相关/华为2.jpg,1,1.0,visual_0825_source_crosschecked
20260825-fe09e455f68f5f5ec419-01,2026-08-25,手机,device,华为,华为P系列,P30(8+256),ELE-AL00,P30(8+256),开机好碎,130,CNY/台,主板小板短板CB,image,华为2.jpg,数码网报价单-0825更新/手机相关/华为2.jpg,1,1.0,visual_0825_source_crosschecked
20260825-0e3ea7f3314fb50fd5a8-01,2026-08-25,手机,device,华为,华为P系列,P30(8+256),ELE-AL00,P30(8+256),开机碎屏,130,CNY/台,主板小板短板CB,image,华为2.jpg,数码网报价单-0825更新/手机相关/华为2.jpg,1,1.0,visual_0825_source_crosschecked
20260825-1e2952e2cd3ebaf690d2-01,2026-08-25,手机,device,华为,华为P系列,P30(8+256),ELE-AL00,P30(8+256),开机坏配件,130,CNY/台,主板小板短板CB,image,华为2.jpg,数码网报价单-0825更新/手机相关/华为2.jpg,1,1.0,visual_0825_source_crosschecked
20260825-2e9c23478b9c1ae0b0f7-01,2026-08-25,手机,device,华为,华为P系列,P30(8+256),ELE-AL00,P30(8+256),不开机,130,CNY/台,主板小板短板CB,image,华为2.jpg,数码网报价单-0825更新/手机相关/华为2.jpg,1,1.0,visual_0825_source_crosschecked
20260825-27225dc140c280fd1e61-01,2026-08-25,手机,device,华为,华为P系列,P30(8+256),ELE-AL00,P30(8+256),废板·整机,130,CNY/台,主板小板短板CB,image,华为2.jpg,数码网报价单-0825更新/手机相关/华为2.jpg,1,1.0,visual_0825_source_crosschecked
20260825-6f46e80c4edcbe6e3207-01,2026-08-25,手机,device,华为,华为P系列,P30(8+256),ELE-AL00,P30(8+256),统货,/,CNY/台,主板小板短板CB,image,华为2.jpg,数码网报价单-0825更新/手机相关/华为2.jpg,1,1.0,visual_0825_source_crosschecked
20260825-b3556a0559c6e13efa50-01,2026-08-25,手机,device,华为,华为P系列,P30(8+128),ELE-AL00,P30(8+128),开机靓好,110,CNY/台,开机测试主板亮屏幕有显示算开机,image,华为2.jpg,数码网报价单-0825更新/手机相关/华为2.jpg,1,1.0,visual_0825_source_crosschecked
20260825-7968c1b68cdcd0b100de-01,2026-08-25,手机,device,华为,华为P系列,P30(8+128),ELE-AL00,P30(8+128),开机好碎,110,CNY/台,开机测试主板亮屏幕有显示算开机,image,华为2.jpg,数码网报价单-0825更新/手机相关/华为2.jpg,1,1.0,visual_0825_source_crosschecked
20260825-989a182e2ed5e4f057d5-01,2026-08-25,手机,device,华为,华为P系列,P30(8+128),ELE-AL00,P30(8+128),开机碎屏,100,CNY/台,开机测试主板亮屏幕有显示算开机,image,华为2.jpg,数码网报价单-0825更新/手机相关/华为2.jpg,1,1.0,visual_0825_source_crosschecked
20260825-ab9bed7da987b3099a88-01,2026-08-25,手机,device,华为,华为P系列,P30(8+128),ELE-AL00,P30(8+128),开机坏配件,100,CNY/台,开机测试主板亮屏幕有显示算开机,image,华为2.jpg,数码网报价单-0825更新/手机相关/华为2.jpg,1,1.0,visual_0825_source_crosschecked
20260825-2bc37d79732d7c597b00-01,2026-08-25,手机,device,华为,华为P系列,P30(8+128),ELE-AL00,P30(8+128),不开机,100,CNY/台,开机测试主板亮屏幕有显示算开机,image,华为2.jpg,数码网报价单-0825更新/手机相关/华为2.jpg,1,1.0,visual_0825_source_crosschecked
20260825-fa8d329298df7ba6e2ba-01,2026-08-25,手机,device,华为,华为P系列,P30(8+128),ELE-AL00,P30(8+128),废板·整机,100,CNY/台,开机测试主板亮屏幕有显示算开机,image,华为2.jpg,数码网报价单-0825更新/手机相关/华为2.jpg,1,1.0,visual_0825_source_crosschecked
20260825-14c332e591f495663474-01,2026-08-25,手机,device,华为,华为P系列,P30(8+128),ELE-AL00,P30(8+128),统货,/,CNY/台,开机测试主板亮屏幕有显示算开机,image,华为2.jpg,数码网报价单-0825更新/手机相关/华为2.jpg,1,1.0,visual_0825_source_crosschecked
20260825-7bd6021185dac2e387ec-01,2026-08-25,手机,device,华为,华为P系列,P30(6+128),ELE-AL00,P30(6+128),开机靓好,90,CNY/台,开机测试主板亮屏幕有显示算开机,image,华为2.jpg,数码网报价单-0825更新/手机相关/华为2.jpg,1,1.0,visual_0825_source_crosschecked
20260825-b375ec16bb31e06aefa3-01,2026-08-25,手机,device,华为,华为P系列,P30(6+128),ELE-AL00,P30(6+128),开机好碎,90,CNY/台,开机测试主板亮屏幕有显示算开机,image,华为2.jpg,数码网报价单-0825更新/手机相关/华为2.jpg,1,1.0,visual_0825_source_crosschecked
20260825-0e4bf07bf5660a40e95e-01,2026-08-25,手机,device,华为,华为P系列,P30(6+128),ELE-AL00,P30(6+128),开机碎屏,75,CNY/台,开机测试主板亮屏幕有显示算开机,image,华为2.jpg,数码网报价单-0825更新/手机相关/华为2.jpg,1,1.0,visual_0825_source_crosschecked
20260825-5af580954d431b144eab-01,2026-08-25,手机,device,华为,华为P系列,P30(6+128),ELE-AL00,P30(6+128),开机坏配件,75,CNY/台,开机测试主板亮屏幕有显示算开机,image,华为2.jpg,数码网报价单-0825更新/手机相关/华为2.jpg,1,1.0,visual_0825_source_crosschecked
20260825-1aee4852401781835992-01,2026-08-25,手机,device,华为,华为P系列,P30(6+128),ELE-AL00,P30(6+128),不开机,75,CNY/台,开机测试主板亮屏幕有显示算开机,image,华为2.jpg,数码网报价单-0825更新/手机相关/华为2.jpg,1,1.0,visual_0825_source_crosschecked
20260825-b083fe162bfab9f50c28-01,2026-08-25,手机,device,华为,华为P系列,P30(6+128),ELE-AL00,P30(6+128),废板·整机,75,CNY/台,开机测试主板亮屏幕有显示算开机,image,华为2.jpg,数码网报价单-0825更新/手机相关/华为2.jpg,1,1.0,visual_0825_source_crosschecked
20260825-e87ff9102069a3a90f30-01,2026-08-25,手机,device,华为,华为P系列,P30(6+128),ELE-AL00,P30(6+128),统货,/,CNY/台,开机测试主板亮屏幕有显示算开机,image,华为2.jpg,数码网报价单-0825更新/手机相关/华为2.jpg,1,1.0,visual_0825_source_crosschecked
20260825-7ce3b67ca13b44d0f017-01,2026-08-25,手机,device,华为,华为P系列,P30Pro,VOG-AL00/TL00/AL10,P30Pro,开机靓好,125,CNY/台,开机测试主板亮屏幕有显示算开机,image,华为2.jpg,数码网报价单-0825更新/手机相关/华为2.jpg,1,1.0,visual_0825_source_crosschecked
20260825-ae018de3cf4b94f712c5-01,2026-08-25,手机,device,华为,华为P系列,P30Pro,VOG-AL00/TL00/AL10,P30Pro,开机好碎,125,CNY/台,开机测试主板亮屏幕有显示算开机,image,华为2.jpg,数码网报价单-0825更新/手机相关/华为2.jpg,1,1.0,visual_0825_source_crosschecked
20260825-e6057a3216087428cb37-01,2026-08-25,手机,device,华为,华为P系列,P30Pro,VOG-AL00/TL00/AL10,P30Pro,开机碎屏,125,CNY/台,开机测试主板亮屏幕有显示算开机,image,华为2.jpg,数码网报价单-0825更新/手机相关/华为2.jpg,1,1.0,visual_0825_source_crosschecked
20260825-bfa8d86ed96d33e3a14d-01,2026-08-25,手机,device,华为,华为P系列,P30Pro,VOG-AL00/TL00/AL10,P30Pro,开机坏配件,125,CNY/台,开机测试主板亮屏幕有显示算开机,image,华为2.jpg,数码网报价单-0825更新/手机相关/华为2.jpg,1,1.0,visual_0825_source_crosschecked
20260825-9d4f965acdb7b8d3c21a-01,2026-08-25,手机,device,华为,华为P系列,P30Pro,VOG-AL00/TL00/AL10,P30Pro,不开机,125,CNY/台,开机测试主板亮屏幕有显示算开机,image,华为2.jpg,数码网报价单-0825更新/手机相关/华为2.jpg,1,1.0,visual_0825_source_crosschecked
20260825-6479a621a28682e62d48-01,2026-08-25,手机,device,华为,华为P系列,P30Pro,VOG-AL00/TL00/AL10,P30Pro,废板·整机,125,CNY/台,开机测试主板亮屏幕有显示算开机,image,华为2.jpg,数码网报价单-0825更新/手机相关/华为2.jpg,1,1.0,visual_0825_source_crosschecked
20260825-ff4b387579f4d8d0cf25-01,2026-08-25,手机,device,华为,华为P系列,P30Pro,VOG-AL00/TL00/AL10,P30Pro,统货,/,CNY/台,开机测试主板亮屏幕有显示算开机,image,华为2.jpg,数码网报价单-0825更新/手机相关/华为2.jpg,1,1.0,visual_0825_source_crosschecked
20260825-94b416e550001b803a2f-01,2026-08-25,手机,device,华为,华为P系列,P20Pro,CLT-AL00/TL00,P20Pro,开机靓好,72,CNY/台,/,image,华为2.jpg,数码网报价单-0825更新/手机相关/华为2.jpg,1,1.0,visual_0825_source_crosschecked
20260825-21dcb09bfb0fbb907ae6-01,2026-08-25,手机,device,华为,华为P系列,P20Pro,CLT-AL00/TL00,P20Pro,开机好碎,72,CNY/台,/,image,华为2.jpg,数码网报价单-0825更新/手机相关/华为2.jpg,1,1.0,visual_0825_source_crosschecked
20260825-6f865cbcfac99b602c6a-01,2026-08-25,手机,device,华为,华为P系列,P20Pro,CLT-AL00/TL00,P20Pro,开机碎屏,72,CNY/台,/,image,华为2.jpg,数码网报价单-0825更新/手机相关/华为2.jpg,1,1.0,visual_0825_source_crosschecked
20260825-fa1e6df2152a8fe72644-01,2026-08-25,手机,device,华为,华为P系列,P20Pro,CLT-AL00/TL00,P20Pro,开机坏配件,72,CNY/台,/,image,华为2.jpg,数码网报价单-0825更新/手机相关/华为2.jpg,1,1.0,visual_0825_source_crosschecked
20260825-a799d6ad2af1d3702509-01,2026-08-25,手机,device,华为,华为P系列,P20Pro,CLT-AL00/TL00,P20Pro,不开机,72,CNY/台,/,image,华为2.jpg,数码网报价单-0825更新/手机相关/华为2.jpg,1,1.0,visual_0825_source_crosschecked
20260825-4774d4d5453602658ab3-01,2026-08-25,手机,device,华为,华为P系列,P20Pro,CLT-AL00/TL00,P20Pro,废板·整机,72,CNY/台,/,image,华为2.jpg,数码网报价单-0825更新/手机相关/华为2.jpg,1,1.0,visual_0825_source_crosschecked
20260825-ac0157a682004255aed4-01,2026-08-25,手机,device,华为,华为P系列,P20Pro,CLT-AL00/TL00,P20Pro,统货,/,CNY/台,/,image,华为2.jpg,数码网报价单-0825更新/手机相关/华为2.jpg,1,1.0,visual_0825_source_crosschecked
20260825-3cfe468132c30c9b4000-01,2026-08-25,手机,device,华为,华为P系列,P10plus,VKY-AL00,P10plus,开机靓好,72,CNY/台,开机测试主板亮屏幕有显示算开机,image,华为2.jpg,数码网报价单-0825更新/手机相关/华为2.jpg,1,1.0,visual_0825_source_crosschecked
20260825-1699d7e99315ccb70d24-01,2026-08-25,手机,device,华为,华为P系列,P10plus,VKY-AL00,P10plus,开机好碎,72,CNY/台,开机测试主板亮屏幕有显示算开机,image,华为2.jpg,数码网报价单-0825更新/手机相关/华为2.jpg,1,1.0,visual_0825_source_crosschecked
20260825-5102f3d0211fa2b4e3d3-01,2026-08-25,手机,device,华为,华为P系列,P10plus,VKY-AL00,P10plus,开机碎屏,72,CNY/台,开机测试主板亮屏幕有显示算开机,image,华为2.jpg,数码网报价单-0825更新/手机相关/华为2.jpg,1,1.0,visual_0825_source_crosschecked
20260825-5143083b34e0381f63fa-01,2026-08-25,手机,device,华为,华为P系列,P10plus,VKY-AL00,P10plus,开机坏配件,72,CNY/台,开机测试主板亮屏幕有显示算开机,image,华为2.jpg,数码网报价单-0825更新/手机相关/华为2.jpg,1,1.0,visual_0825_source_crosschecked
20260825-01a5565078026bd72c76-01,2026-08-25,手机,device,华为,华为P系列,P10plus,VKY-AL00,P10plus,不开机,72,CNY/台,开机测试主板亮屏幕有显示算开机,image,华为2.jpg,数码网报价单-0825更新/手机相关/华为2.jpg,1,1.0,visual_0825_source_crosschecked
20260825-036622f50daf79e6c4aa-01,2026-08-25,手机,device,华为,华为P系列,P10plus,VKY-AL00,P10plus,废板·整机,72,CNY/台,开机测试主板亮屏幕有显示算开机,image,华为2.jpg,数码网报价单-0825更新/手机相关/华为2.jpg,1,1.0,visual_0825_source_crosschecked
20260825-e4bccfbe5a89f55b433a-01,2026-08-25,手机,device,华为,华为P系列,P10plus,VKY-AL00,P10plus,统货,/,CNY/台,开机测试主板亮屏幕有显示算开机,image,华为2.jpg,数码网报价单-0825更新/手机相关/华为2.jpg,1,1.0,visual_0825_source_crosschecked
20260825-1019bd0700bba570e2fe-01,2026-08-25,手机,device,华为,华为P系列,P10,VTR-AL00,P10,开机靓好,60,CNY/台,开机测试主板亮屏幕有显示算开机,image,华为2.jpg,数码网报价单-0825更新/手机相关/华为2.jpg,1,1.0,visual_0825_source_crosschecked
20260825-4c379c489012953cf1e7-01,2026-08-25,手机,device,华为,华为P系列,P10,VTR-AL00,P10,开机好碎,60,CNY/台,开机测试主板亮屏幕有显示算开机,image,华为2.jpg,数码网报价单-0825更新/手机相关/华为2.jpg,1,1.0,visual_0825_source_crosschecked
20260825-6f5df418d243dbfc64d2-01,2026-08-25,手机,device,华为,华为P系列,P10,VTR-AL00,P10,开机碎屏,60,CNY/台,开机测试主板亮屏幕有显示算开机,image,华为2.jpg,数码网报价单-0825更新/手机相关/华为2.jpg,1,1.0,visual_0825_source_crosschecked
20260825-b3160a0c88dd81c1f1e3-01,2026-08-25,手机,device,华为,华为P系列,P10,VTR-AL00,P10,开机坏配件,60,CNY/台,开机测试主板亮屏幕有显示算开机,image,华为2.jpg,数码网报价单-0825更新/手机相关/华为2.jpg,1,1.0,visual_0825_source_crosschecked
20260825-d413de30c623f6d3edaa-01,2026-08-25,手机,device,华为,华为P系列,P10,VTR-AL00,P10,不开机,60,CNY/台,开机测试主板亮屏幕有显示算开机,image,华为2.jpg,数码网报价单-0825更新/手机相关/华为2.jpg,1,1.0,visual_0825_source_crosschecked
20260825-87cae0a1b0f3ebd1cc5b-01,2026-08-25,手机,device,华为,华为P系列,P10,VTR-AL00,P10,废板·整机,60,CNY/台,开机测试主板亮屏幕有显示算开机,image,华为2.jpg,数码网报价单-0825更新/手机相关/华为2.jpg,1,1.0,visual_0825_source_crosschecked
20260825-c6b462a5a562bd28a88e-01,2026-08-25,手机,device,华为,华为P系列,P10,VTR-AL00,P10,统货,/,CNY/台,开机测试主板亮屏幕有显示算开机,image,华为2.jpg,数码网报价单-0825更新/手机相关/华为2.jpg,1,1.0,visual_0825_source_crosschecked
20260825-e813bea704a0d72cb8cb-01,2026-08-25,手机,device,华为,华为P系列,P9,EVA-AL00/AL10,P9,开机靓好,40,CNY/台,开机测试主板亮屏幕有显示算开机,image,华为2.jpg,数码网报价单-0825更新/手机相关/华为2.jpg,1,1.0,visual_0825_source_crosschecked
20260825-0292b4e127b876461af2-01,2026-08-25,手机,device,华为,华为P系列,P9,EVA-AL00/AL10,P9,开机好碎,40,CNY/台,开机测试主板亮屏幕有显示算开机,image,华为2.jpg,数码网报价单-0825更新/手机相关/华为2.jpg,1,1.0,visual_0825_source_crosschecked
20260825-21562fb188f32e881677-01,2026-08-25,手机,device,华为,华为P系列,P9,EVA-AL00/AL10,P9,开机碎屏,40,CNY/台,开机测试主板亮屏幕有显示算开机,image,华为2.jpg,数码网报价单-0825更新/手机相关/华为2.jpg,1,1.0,visual_0825_source_crosschecked
20260825-5164db96043629149602-01,2026-08-25,手机,device,华为,华为P系列,P9,EVA-AL00/AL10,P9,开机坏配件,40,CNY/台,开机测试主板亮屏幕有显示算开机,image,华为2.jpg,数码网报价单-0825更新/手机相关/华为2.jpg,1,1.0,visual_0825_source_crosschecked
20260825-efb08d4fe502209816d1-01,2026-08-25,手机,device,华为,华为P系列,P9,EVA-AL00/AL10,P9,不开机,40,CNY/台,开机测试主板亮屏幕有显示算开机,image,华为2.jpg,数码网报价单-0825更新/手机相关/华为2.jpg,1,1.0,visual_0825_source_crosschecked
20260825-c8e02c4a84c3dca10a01-01,2026-08-25,手机,device,华为,华为P系列,P9,EVA-AL00/AL10,P9,废板·整机,40,CNY/台,开机测试主板亮屏幕有显示算开机,image,华为2.jpg,数码网报价单-0825更新/手机相关/华为2.jpg,1,1.0,visual_0825_source_crosschecked
20260825-15c60d5407af1d64c728-01,2026-08-25,手机,device,华为,华为P系列,P9,EVA-AL00/AL10,P9,统货,/,CNY/台,开机测试主板亮屏幕有显示算开机,image,华为2.jpg,数码网报价单-0825更新/手机相关/华为2.jpg,1,1.0,visual_0825_source_crosschecked
20260825-8da9ce581cb264815fbf-01,2026-08-25,手机,device,华为,华为P系列,P8,GRA-UL00/AL00,P8,开机靓好,55,CNY/台,开机测试主板亮屏幕有显示算开机,image,华为2.jpg,数码网报价单-0825更新/手机相关/华为2.jpg,1,1.0,visual_0825_source_crosschecked
20260825-24f5c3fccd3c8ba9ad2f-01,2026-08-25,手机,device,华为,华为P系列,P8,GRA-UL00/AL00,P8,开机好碎,55,CNY/台,开机测试主板亮屏幕有显示算开机,image,华为2.jpg,数码网报价单-0825更新/手机相关/华为2.jpg,1,1.0,visual_0825_source_crosschecked
20260825-2866b6c35848d4d30516-01,2026-08-25,手机,device,华为,华为P系列,P8,GRA-UL00/AL00,P8,开机碎屏,55,CNY/台,开机测试主板亮屏幕有显示算开机,image,华为2.jpg,数码网报价单-0825更新/手机相关/华为2.jpg,1,1.0,visual_0825_source_crosschecked
20260825-d2fb8bb8457940b1085c-01,2026-08-25,手机,device,华为,华为P系列,P8,GRA-UL00/AL00,P8,开机坏配件,55,CNY/台,开机测试主板亮屏幕有显示算开机,image,华为2.jpg,数码网报价单-0825更新/手机相关/华为2.jpg,1,1.0,visual_0825_source_crosschecked
20260825-e4aa2e9d7bba9fd92c50-01,2026-08-25,手机,device,华为,华为P系列,P8,GRA-UL00/AL00,P8,不开机,55,CNY/台,开机测试主板亮屏幕有显示算开机,image,华为2.jpg,数码网报价单-0825更新/手机相关/华为2.jpg,1,1.0,visual_0825_source_crosschecked
20260825-2eb67e0409a1116c23b0-01,2026-08-25,手机,device,华为,华为P系列,P8,GRA-UL00/AL00,P8,废板·整机,55,CNY/台,开机测试主板亮屏幕有显示算开机,image,华为2.jpg,数码网报价单-0825更新/手机相关/华为2.jpg,1,1.0,visual_0825_source_crosschecked
20260825-350ed29ddccfc34c6dc5-01,2026-08-25,手机,device,华为,华为P系列,P8,GRA-UL00/AL00,P8,统货,/,CNY/台,开机测试主板亮屏幕有显示算开机,image,华为2.jpg,数码网报价单-0825更新/手机相关/华为2.jpg,1,1.0,visual_0825_source_crosschecked
20260825-c0a4f0ffbcb33a5735bd-01,2026-08-25,手机,device,华为,华为P系列,P9plus,VIE-AL10,P9plus,开机靓好,58,CNY/台,/,image,华为2.jpg,数码网报价单-0825更新/手机相关/华为2.jpg,1,1.0,visual_0825_source_crosschecked
20260825-222bb76a9aa9b1e274e5-01,2026-08-25,手机,device,华为,华为P系列,P9plus,VIE-AL10,P9plus,开机好碎,58,CNY/台,/,image,华为2.jpg,数码网报价单-0825更新/手机相关/华为2.jpg,1,1.0,visual_0825_source_crosschecked
20260825-12ab8aca065df22a911e-01,2026-08-25,手机,device,华为,华为P系列,P9plus,VIE-AL10,P9plus,开机碎屏,58,CNY/台,/,image,华为2.jpg,数码网报价单-0825更新/手机相关/华为2.jpg,1,1.0,visual_0825_source_crosschecked
20260825-239dae899edce3703df8-01,2026-08-25,手机,device,华为,华为P系列,P9plus,VIE-AL10,P9plus,开机坏配件,58,CNY/台,/,image,华为2.jpg,数码网报价单-0825更新/手机相关/华为2.jpg,1,1.0,visual_0825_source_crosschecked
20260825-a8137124f0cdd8a9b65f-01,2026-08-25,手机,device,华为,华为P系列,P9plus,VIE-AL10,P9plus,不开机,58,CNY/台,/,image,华为2.jpg,数码网报价单-0825更新/手机相关/华为2.jpg,1,1.0,visual_0825_source_crosschecked
20260825-bff0d17b82bdb7da3693-01,2026-08-25,手机,device,华为,华为P系列,P9plus,VIE-AL10,P9plus,废板·整机,58,CNY/台,/,image,华为2.jpg,数码网报价单-0825更新/手机相关/华为2.jpg,1,1.0,visual_0825_source_crosschecked
20260825-93a324767b90eb3387fb-01,2026-08-25,手机,device,华为,华为P系列,P9plus,VIE-AL10,P9plus,统货,/,CNY/台,/,image,华为2.jpg,数码网报价单-0825更新/手机相关/华为2.jpg,1,1.0,visual_0825_source_crosschecked
20260825-d493d70d93760059a275-01,2026-08-25,手机,device,华为,Hi系列/畅享,Hi 畅享60pro,SNP-AN00,Hi 畅享60pro,开机靓好,1,CNY/台,/,image,华为2.jpg,数码网报价单-0825更新/手机相关/华为2.jpg,1,1.0,visual_0825_source_crosschecked
20260825-9c7c412ad9b7e035e15a-01,2026-08-25,手机,device,华为,Hi系列/畅享,Hi 畅享60pro,SNP-AN00,Hi 畅享60pro,开机好碎,1,CNY/台,/,image,华为2.jpg,数码网报价单-0825更新/手机相关/华为2.jpg,1,1.0,visual_0825_source_crosschecked
20260825-f81eaba56fe5c59ccf2b-01,2026-08-25,手机,device,华为,Hi系列/畅享,Hi 畅享60pro,SNP-AN00,Hi 畅享60pro,开机碎屏,1,CNY/台,/,image,华为2.jpg,数码网报价单-0825更新/手机相关/华为2.jpg,1,1.0,visual_0825_source_crosschecked
20260825-064a1b2f249e7a8206d6-01,2026-08-25,手机,device,华为,Hi系列/畅享,Hi 畅享60pro,SNP-AN00,Hi 畅享60pro,开机坏配件,1,CNY/台,/,image,华为2.jpg,数码网报价单-0825更新/手机相关/华为2.jpg,1,1.0,visual_0825_source_crosschecked
20260825-189540415a240361107d-01,2026-08-25,手机,device,华为,Hi系列/畅享,Hi 畅享60pro,SNP-AN00,Hi 畅享60pro,不开机,1,CNY/台,/,image,华为2.jpg,数码网报价单-0825更新/手机相关/华为2.jpg,1,1.0,visual_0825_source_crosschecked
20260825-f6b1e701a527afde6b24-01,2026-08-25,手机,device,华为,Hi系列/畅享,Hi 畅享60pro,SNP-AN00,Hi 畅享60pro,废板·整机,1,CNY/台,/,image,华为2.jpg,数码网报价单-0825更新/手机相关/华为2.jpg,1,1.0,visual_0825_source_crosschecked
20260825-ef57d7712edec5a917f9-01,2026-08-25,手机,device,华为,Hi系列/畅享,Hi 畅享60pro,SNP-AN00,Hi 畅享60pro,统货,/,CNY/台,/,image,华为2.jpg,数码网报价单-0825更新/手机相关/华为2.jpg,1,1.0,visual_0825_source_crosschecked
20260825-9b6631ba217299514b9e-01,2026-08-25,手机,device,华为,Hi系列/畅享,Hi 畅享60,SHR-AN00,Hi 畅享60,开机靓好,150,CNY/台,/,image,华为2.jpg,数码网报价单-0825更新/手机相关/华为2.jpg,1,1.0,visual_0825_source_crosschecked
20260825-5c2a262f975bf8eb3ed4-01,2026-08-25,手机,device,华为,Hi系列/畅享,Hi 畅享60,SHR-AN00,Hi 畅享60,开机好碎,150,CNY/台,/,image,华为2.jpg,数码网报价单-0825更新/手机相关/华为2.jpg,1,1.0,visual_0825_source_crosschecked
20260825-1fd5bd982cd0e67b7a0f-01,2026-08-25,手机,device,华为,Hi系列/畅享,Hi 畅享60,SHR-AN00,Hi 畅享60,开机碎屏,150,CNY/台,/,image,华为2.jpg,数码网报价单-0825更新/手机相关/华为2.jpg,1,1.0,visual_0825_source_crosschecked
20260825-38aeb2b958857d8f920b-01,2026-08-25,手机,device,华为,Hi系列/畅享,Hi 畅享60,SHR-AN00,Hi 畅享60,开机坏配件,150,CNY/台,/,image,华为2.jpg,数码网报价单-0825更新/手机相关/华为2.jpg,1,1.0,visual_0825_source_crosschecked
20260825-531419231b865398a074-01,2026-08-25,手机,device,华为,Hi系列/畅享,Hi 畅享60,SHR-AN00,Hi 畅享60,不开机,140,CNY/台,/,image,华为2.jpg,数码网报价单-0825更新/手机相关/华为2.jpg,1,1.0,visual_0825_source_crosschecked
20260825-7ac19106c584c0f27cb5-01,2026-08-25,手机,device,华为,Hi系列/畅享,Hi 畅享60,SHR-AN00,Hi 畅享60,废板·整机,140,CNY/台,/,image,华为2.jpg,数码网报价单-0825更新/手机相关/华为2.jpg,1,1.0,visual_0825_source_crosschecked
20260825-ad8bfd11811af5045a56-01,2026-08-25,手机,device,华为,Hi系列/畅享,Hi 畅享60,SHR-AN00,Hi 畅享60,统货,/,CNY/台,/,image,华为2.jpg,数码网报价单-0825更新/手机相关/华为2.jpg,1,1.0,visual_0825_source_crosschecked
20260825-18636d30b87dd277861b-01,2026-08-25,手机,device,华为,Hi系列/畅享,Hi 畅享60s,JLG-AN00,Hi 畅享60s,开机靓好,145,CNY/台,/,image,华为2.jpg,数码网报价单-0825更新/手机相关/华为2.jpg,1,1.0,visual_0825_source_crosschecked
20260825-29492556f7e205c46657-01,2026-08-25,手机,device,华为,Hi系列/畅享,Hi 畅享60s,JLG-AN00,Hi 畅享60s,开机好碎,145,CNY/台,/,image,华为2.jpg,数码网报价单-0825更新/手机相关/华为2.jpg,1,1.0,visual_0825_source_crosschecked
20260825-7e04e9d6718157006108-01,2026-08-25,手机,device,华为,Hi系列/畅享,Hi 畅享60s,JLG-AN00,Hi 畅享60s,开机碎屏,145,CNY/台,/,image,华为2.jpg,数码网报价单-0825更新/手机相关/华为2.jpg,1,1.0,visual_0825_source_crosschecked
20260825-5eec245fefd06655ec8a-01,2026-08-25,手机,device,华为,Hi系列/畅享,Hi 畅享60s,JLG-AN00,Hi 畅享60s,开机坏配件,145,CNY/台,/,image,华为2.jpg,数码网报价单-0825更新/手机相关/华为2.jpg,1,1.0,visual_0825_source_crosschecked
20260825-cd8f5b33e7954949b1c5-01,2026-08-25,手机,device,华为,Hi系列/畅享,Hi 畅享60s,JLG-AN00,Hi 畅享60s,不开机,140,CNY/台,/,image,华为2.jpg,数码网报价单-0825更新/手机相关/华为2.jpg,1,1.0,visual_0825_source_crosschecked
20260825-509a8688188d268993dd-01,2026-08-25,手机,device,华为,Hi系列/畅享,Hi 畅享60s,JLG-AN00,Hi 畅享60s,废板·整机,140,CNY/台,/,image,华为2.jpg,数码网报价单-0825更新/手机相关/华为2.jpg,1,1.0,visual_0825_source_crosschecked
20260825-1bdb6b47c43a4c68b941-01,2026-08-25,手机,device,华为,Hi系列/畅享,Hi 畅享60s,JLG-AN00,Hi 畅享60s,统货,/,CNY/台,/,image,华为2.jpg,数码网报价单-0825更新/手机相关/华为2.jpg,1,1.0,visual_0825_source_crosschecked
20260825-ce3e753e399a5fcb1df6-01,2026-08-25,手机,device,华为,Hi系列/畅享,Hi 畅享70pro,JLN-AN00,Hi 畅享70pro,开机靓好,190,CNY/台,/,image,华为2.jpg,数码网报价单-0825更新/手机相关/华为2.jpg,1,1.0,visual_0825_source_crosschecked
20260825-e1d985ed371a6a8eb8a2-01,2026-08-25,手机,device,华为,Hi系列/畅享,Hi 畅享70pro,JLN-AN00,Hi 畅享70pro,开机好碎,190,CNY/台,/,image,华为2.jpg,数码网报价单-0825更新/手机相关/华为2.jpg,1,1.0,visual_0825_source_crosschecked
20260825-3a88b07f6db6bb50a460-01,2026-08-25,手机,device,华为,Hi系列/畅享,Hi 畅享70pro,JLN-AN00,Hi 畅享70pro,开机碎屏,160,CNY/台,/,image,华为2.jpg,数码网报价单-0825更新/手机相关/华为2.jpg,1,1.0,visual_0825_source_crosschecked
20260825-adde42e61791a6d004ed-01,2026-08-25,手机,device,华为,Hi系列/畅享,Hi 畅享70pro,JLN-AN00,Hi 畅享70pro,开机坏配件,160,CNY/台,/,image,华为2.jpg,数码网报价单-0825更新/手机相关/华为2.jpg,1,1.0,visual_0825_source_crosschecked
20260825-7d57bd7a2afbe7df478d-01,2026-08-25,手机,device,华为,Hi系列/畅享,Hi 畅享70pro,JLN-AN00,Hi 畅享70pro,不开机,160,CNY/台,/,image,华为2.jpg,数码网报价单-0825更新/手机相关/华为2.jpg,1,1.0,visual_0825_source_crosschecked
20260825-11da47684093ad761ab9-01,2026-08-25,手机,device,华为,Hi系列/畅享,Hi 畅享70pro,JLN-AN00,Hi 畅享70pro,废板·整机,160,CNY/台,/,image,华为2.jpg,数码网报价单-0825更新/手机相关/华为2.jpg,1,1.0,visual_0825_source_crosschecked
20260825-ee3c3c123452287f5082-01,2026-08-25,手机,device,华为,Hi系列/畅享,Hi 畅享70pro,JLN-AN00,Hi 畅享70pro,统货,/,CNY/台,/,image,华为2.jpg,数码网报价单-0825更新/手机相关/华为2.jpg,1,1.0,visual_0825_source_crosschecked
20260825-188f5d6254b791507db8-01,2026-08-25,手机,device,华为,Hi系列/畅享,Hi 畅享70,MKY-AN00,Hi 畅享70,开机靓好,220,CNY/台,/,image,华为2.jpg,数码网报价单-0825更新/手机相关/华为2.jpg,1,1.0,visual_0825_source_crosschecked
20260825-cdcc3ac719fed92f08c7-01,2026-08-25,手机,device,华为,Hi系列/畅享,Hi 畅享70,MKY-AN00,Hi 畅享70,开机好碎,220,CNY/台,/,image,华为2.jpg,数码网报价单-0825更新/手机相关/华为2.jpg,1,1.0,visual_0825_source_crosschecked
20260825-9467c3536a00a9fca5d4-01,2026-08-25,手机,device,华为,Hi系列/畅享,Hi 畅享70,MKY-AN00,Hi 畅享70,开机碎屏,220,CNY/台,/,image,华为2.jpg,数码网报价单-0825更新/手机相关/华为2.jpg,1,1.0,visual_0825_source_crosschecked
20260825-5a618ef6bca7a1a2c450-01,2026-08-25,手机,device,华为,Hi系列/畅享,Hi 畅享70,MKY-AN00,Hi 畅享70,开机坏配件,220,CNY/台,/,image,华为2.jpg,数码网报价单-0825更新/手机相关/华为2.jpg,1,1.0,visual_0825_source_crosschecked
20260825-8d03af930af2c5dbcb64-01,2026-08-25,手机,device,华为,Hi系列/畅享,Hi 畅享70,MKY-AN00,Hi 畅享70,不开机,220,CNY/台,/,image,华为2.jpg,数码网报价单-0825更新/手机相关/华为2.jpg,1,1.0,visual_0825_source_crosschecked
20260825-c7b84d26b0efd8528a4f-01,2026-08-25,手机,device,华为,Hi系列/畅享,Hi 畅享70,MKY-AN00,Hi 畅享70,废板·整机,220,CNY/台,/,image,华为2.jpg,数码网报价单-0825更新/手机相关/华为2.jpg,1,1.0,visual_0825_source_crosschecked
20260825-78c77a0f1d9616c968da-01,2026-08-25,手机,device,华为,Hi系列/畅享,Hi 畅享70,MKY-AN00,Hi 畅享70,统货,/,CNY/台,/,image,华为2.jpg,数码网报价单-0825更新/手机相关/华为2.jpg,1,1.0,visual_0825_source_crosschecked
20260825-d7a2212fe1f2fed34ee5-01,2026-08-25,手机,device,华为,Hi系列/畅享,Hi Nova 12 SE,GAR-AL00,Hi Nova 12 SE,开机靓好,140,CNY/台,/,image,华为2.jpg,数码网报价单-0825更新/手机相关/华为2.jpg,1,1.0,visual_0825_source_crosschecked
20260825-925162ec50806fb567f9-01,2026-08-25,手机,device,华为,Hi系列/畅享,Hi Nova 12 SE,GAR-AL00,Hi Nova 12 SE,开机好碎,140,CNY/台,/,image,华为2.jpg,数码网报价单-0825更新/手机相关/华为2.jpg,1,1.0,visual_0825_source_crosschecked
20260825-fae06090b5da18e35b56-01,2026-08-25,手机,device,华为,Hi系列/畅享,Hi Nova 12 SE,GAR-AL00,Hi Nova 12 SE,开机碎屏,140,CNY/台,/,image,华为2.jpg,数码网报价单-0825更新/手机相关/华为2.jpg,1,1.0,visual_0825_source_crosschecked
20260825-db319b6f374ba2713b10-01,2026-08-25,手机,device,华为,Hi系列/畅享,Hi Nova 12 SE,GAR-AL00,Hi Nova 12 SE,开机坏配件,140,CNY/台,/,image,华为2.jpg,数码网报价单-0825更新/手机相关/华为2.jpg,1,1.0,visual_0825_source_crosschecked
20260825-7f0f08f678a09c6b963d-01,2026-08-25,手机,device,华为,Hi系列/畅享,Hi Nova 12 SE,GAR-AL00,Hi Nova 12 SE,不开机,140,CNY/台,/,image,华为2.jpg,数码网报价单-0825更新/手机相关/华为2.jpg,1,1.0,visual_0825_source_crosschecked
20260825-ef2eae445cd8c69218d4-01,2026-08-25,手机,device,华为,Hi系列/畅享,Hi Nova 12 SE,GAR-AL00,Hi Nova 12 SE,废板·整机,140,CNY/台,/,image,华为2.jpg,数码网报价单-0825更新/手机相关/华为2.jpg,1,1.0,visual_0825_source_crosschecked
20260825-d347fceb8aedce81d52d-01,2026-08-25,手机,device,华为,Hi系列/畅享,Hi Nova 12 SE,GAR-AL00,Hi Nova 12 SE,统货,/,CNY/台,/,image,华为2.jpg,数码网报价单-0825更新/手机相关/华为2.jpg,1,1.0,visual_0825_source_crosschecked
20260825-e88a42bde74be620b0f4-01,2026-08-25,手机,device,华为,Hi系列/畅享,Hi Nova 11,MAO-AN00,Hi Nova 11,开机靓好,165,CNY/台,/,image,华为2.jpg,数码网报价单-0825更新/手机相关/华为2.jpg,1,1.0,visual_0825_source_crosschecked
20260825-74d336a31b27cf46bdae-01,2026-08-25,手机,device,华为,Hi系列/畅享,Hi Nova 11,MAO-AN00,Hi Nova 11,开机好碎,165,CNY/台,/,image,华为2.jpg,数码网报价单-0825更新/手机相关/华为2.jpg,1,1.0,visual_0825_source_crosschecked
20260825-beb9fbad0ca8a4529d41-01,2026-08-25,手机,device,华为,Hi系列/畅享,Hi Nova 11,MAO-AN00,Hi Nova 11,开机碎屏,165,CNY/台,/,image,华为2.jpg,数码网报价单-0825更新/手机相关/华为2.jpg,1,1.0,visual_0825_source_crosschecked
20260825-67a446a631af2aa263c6-01,2026-08-25,手机,device,华为,Hi系列/畅享,Hi Nova 11,MAO-AN00,Hi Nova 11,开机坏配件,165,CNY/台,/,image,华为2.jpg,数码网报价单-0825更新/手机相关/华为2.jpg,1,1.0,visual_0825_source_crosschecked
20260825-24c7c379b6f4d6f5795a-01,2026-08-25,手机,device,华为,Hi系列/畅享,Hi Nova 11,MAO-AN00,Hi Nova 11,不开机,165,CNY/台,/,image,华为2.jpg,数码网报价单-0825更新/手机相关/华为2.jpg,1,1.0,visual_0825_source_crosschecked
20260825-6ca61593206f7103a752-01,2026-08-25,手机,device,华为,Hi系列/畅享,Hi Nova 11,MAO-AN00,Hi Nova 11,废板·整机,165,CNY/台,/,image,华为2.jpg,数码网报价单-0825更新/手机相关/华为2.jpg,1,1.0,visual_0825_source_crosschecked
20260825-e4f3e61956f834126076-01,2026-08-25,手机,device,华为,Hi系列/畅享,Hi Nova 11,MAO-AN00,Hi Nova 11,统货,/,CNY/台,/,image,华为2.jpg,数码网报价单-0825更新/手机相关/华为2.jpg,1,1.0,visual_0825_source_crosschecked
20260825-198132e2ce8580f80095-01,2026-08-25,手机,device,华为,Hi系列/畅享,Hi Nova 10 se,GAR-AL00,Hi Nova 10 se,开机靓好,110,CNY/台,/,image,华为2.jpg,数码网报价单-0825更新/手机相关/华为2.jpg,1,1.0,visual_0825_source_crosschecked
20260825-4d2b4625ee36c9d7b98d-01,2026-08-25,手机,device,华为,Hi系列/畅享,Hi Nova 10 se,GAR-AL00,Hi Nova 10 se,开机好碎,110,CNY/台,/,image,华为2.jpg,数码网报价单-0825更新/手机相关/华为2.jpg,1,1.0,visual_0825_source_crosschecked
20260825-89782e11adaaa34cb979-01,2026-08-25,手机,device,华为,Hi系列/畅享,Hi Nova 10 se,GAR-AL00,Hi Nova 10 se,开机碎屏,110,CNY/台,/,image,华为2.jpg,数码网报价单-0825更新/手机相关/华为2.jpg,1,1.0,visual_0825_source_crosschecked
20260825-21ee2658b1d3e60a2db8-01,2026-08-25,手机,device,华为,Hi系列/畅享,Hi Nova 10 se,GAR-AL00,Hi Nova 10 se,开机坏配件,110,CNY/台,/,image,华为2.jpg,数码网报价单-0825更新/手机相关/华为2.jpg,1,1.0,visual_0825_source_crosschecked
20260825-2a3400019195699ae658-01,2026-08-25,手机,device,华为,Hi系列/畅享,Hi Nova 10 se,GAR-AL00,Hi Nova 10 se,不开机,110,CNY/台,/,image,华为2.jpg,数码网报价单-0825更新/手机相关/华为2.jpg,1,1.0,visual_0825_source_crosschecked
20260825-07caab5d35b83bc2cb05-01,2026-08-25,手机,device,华为,Hi系列/畅享,Hi Nova 10 se,GAR-AL00,Hi Nova 10 se,废板·整机,110,CNY/台,/,image,华为2.jpg,数码网报价单-0825更新/手机相关/华为2.jpg,1,1.0,visual_0825_source_crosschecked
20260825-dc70b091ce7710142ef8-01,2026-08-25,手机,device,华为,Hi系列/畅享,Hi Nova 10 se,GAR-AL00,Hi Nova 10 se,统货,/,CNY/台,/,image,华为2.jpg,数码网报价单-0825更新/手机相关/华为2.jpg,1,1.0,visual_0825_source_crosschecked
20260825-617c6d2e086ce60f7076-01,2026-08-25,手机,device,华为,Hi系列/畅享,Hi Nova 12 SE,SUP-AN00,Hi Nova 12 SE,开机靓好,220,CNY/台,/,image,华为2.jpg,数码网报价单-0825更新/手机相关/华为2.jpg,1,1.0,visual_0825_source_crosschecked
20260825-b30d65085d25f470cfed-01,2026-08-25,手机,device,华为,Hi系列/畅享,Hi Nova 12 SE,SUP-AN00,Hi Nova 12 SE,开机好碎,220,CNY/台,/,image,华为2.jpg,数码网报价单-0825更新/手机相关/华为2.jpg,1,1.0,visual_0825_source_crosschecked
20260825-27ffafa8815bc5efbd94-01,2026-08-25,手机,device,华为,Hi系列/畅享,Hi Nova 12 SE,SUP-AN00,Hi Nova 12 SE,开机碎屏,220,CNY/台,/,image,华为2.jpg,数码网报价单-0825更新/手机相关/华为2.jpg,1,1.0,visual_0825_source_crosschecked
20260825-aef3bfa47209da180ba9-01,2026-08-25,手机,device,华为,Hi系列/畅享,Hi Nova 12 SE,SUP-AN00,Hi Nova 12 SE,开机坏配件,220,CNY/台,/,image,华为2.jpg,数码网报价单-0825更新/手机相关/华为2.jpg,1,1.0,visual_0825_source_crosschecked
20260825-d1625167157c8ded2c52-01,2026-08-25,手机,device,华为,Hi系列/畅享,Hi Nova 12 SE,SUP-AN00,Hi Nova 12 SE,不开机,220,CNY/台,/,image,华为2.jpg,数码网报价单-0825更新/手机相关/华为2.jpg,1,1.0,visual_0825_source_crosschecked
20260825-c1b89c5467cc416bc4d2-01,2026-08-25,手机,device,华为,Hi系列/畅享,Hi Nova 12 SE,SUP-AN00,Hi Nova 12 SE,废板·整机,220,CNY/台,/,image,华为2.jpg,数码网报价单-0825更新/手机相关/华为2.jpg,1,1.0,visual_0825_source_crosschecked
20260825-fd4398740ca3f3f485d3-01,2026-08-25,手机,device,华为,Hi系列/畅享,Hi Nova 12 SE,SUP-AN00,Hi Nova 12 SE,统货,/,CNY/台,/,image,华为2.jpg,数码网报价单-0825更新/手机相关/华为2.jpg,1,1.0,visual_0825_source_crosschecked
20260825-feb1bba304e1562169c4-01,2026-08-25,手机,device,华为,Hi系列/畅享,Hi Nova 11 5G,MSZ-BD00,Hi Nova 11 5G,开机靓好,220,CNY/台,/,image,华为2.jpg,数码网报价单-0825更新/手机相关/华为2.jpg,1,1.0,visual_0825_source_crosschecked
20260825-586a82587d7de5af1b30-01,2026-08-25,手机,device,华为,Hi系列/畅享,Hi Nova 11 5G,MSZ-BD00,Hi Nova 11 5G,开机好碎,220,CNY/台,/,image,华为2.jpg,数码网报价单-0825更新/手机相关/华为2.jpg,1,1.0,visual_0825_source_crosschecked
20260825-45602fbc48ab51b922b4-01,2026-08-25,手机,device,华为,Hi系列/畅享,Hi Nova 11 5G,MSZ-BD00,Hi Nova 11 5G,开机碎屏,220,CNY/台,/,image,华为2.jpg,数码网报价单-0825更新/手机相关/华为2.jpg,1,1.0,visual_0825_source_crosschecked
20260825-98a69b64d1f9763a4f11-01,2026-08-25,手机,device,华为,Hi系列/畅享,Hi Nova 11 5G,MSZ-BD00,Hi Nova 11 5G,开机坏配件,220,CNY/台,/,image,华为2.jpg,数码网报价单-0825更新/手机相关/华为2.jpg,1,1.0,visual_0825_source_crosschecked
20260825-9fd0c93b777ef10bee01-01,2026-08-25,手机,device,华为,Hi系列/畅享,Hi Nova 11 5G,MSZ-BD00,Hi Nova 11 5G,不开机,220,CNY/台,/,image,华为2.jpg,数码网报价单-0825更新/手机相关/华为2.jpg,1,1.0,visual_0825_source_crosschecked
20260825-ec82a47c0f68df94a208-01,2026-08-25,手机,device,华为,Hi系列/畅享,Hi Nova 11 5G,MSZ-BD00,Hi Nova 11 5G,废板·整机,220,CNY/台,/,image,华为2.jpg,数码网报价单-0825更新/手机相关/华为2.jpg,1,1.0,visual_0825_source_crosschecked
20260825-d8f82ff7e8e5ae77794b-01,2026-08-25,手机,device,华为,Hi系列/畅享,Hi Nova 11 5G,MSZ-BD00,Hi Nova 11 5G,统货,/,CNY/台,/,image,华为2.jpg,数码网报价单-0825更新/手机相关/华为2.jpg,1,1.0,visual_0825_source_crosschecked
20260825-b38f54b4320ec5a56b4c-01,2026-08-25,手机,device,华为,Hi系列/畅享,Hi nova 10PRO,BON-AL00,Hi nova 10PRO,开机靓好,170,CNY/台,/,image,华为2.jpg,数码网报价单-0825更新/手机相关/华为2.jpg,1,1.0,visual_0825_source_crosschecked
20260825-e080b3ace8f7d7d10359-01,2026-08-25,手机,device,华为,Hi系列/畅享,Hi nova 10PRO,BON-AL00,Hi nova 10PRO,开机好碎,170,CNY/台,/,image,华为2.jpg,数码网报价单-0825更新/手机相关/华为2.jpg,1,1.0,visual_0825_source_crosschecked
20260825-7e1e940d62c3334931de-01,2026-08-25,手机,device,华为,Hi系列/畅享,Hi nova 10PRO,BON-AL00,Hi nova 10PRO,开机碎屏,170,CNY/台,/,image,华为2.jpg,数码网报价单-0825更新/手机相关/华为2.jpg,1,1.0,visual_0825_source_crosschecked
20260825-21ee97acab0f5c173dc7-01,2026-08-25,手机,device,华为,Hi系列/畅享,Hi nova 10PRO,BON-AL00,Hi nova 10PRO,开机坏配件,170,CNY/台,/,image,华为2.jpg,数码网报价单-0825更新/手机相关/华为2.jpg,1,1.0,visual_0825_source_crosschecked
20260825-f5ba2bf3ff78d210675a-01,2026-08-25,手机,device,华为,Hi系列/畅享,Hi nova 10PRO,BON-AL00,Hi nova 10PRO,不开机,170,CNY/台,/,image,华为2.jpg,数码网报价单-0825更新/手机相关/华为2.jpg,1,1.0,visual_0825_source_crosschecked
20260825-1773d9ef28fc5a3ae9ba-01,2026-08-25,手机,device,华为,Hi系列/畅享,Hi nova 10PRO,BON-AL00,Hi nova 10PRO,废板·整机,170,CNY/台,/,image,华为2.jpg,数码网报价单-0825更新/手机相关/华为2.jpg,1,1.0,visual_0825_source_crosschecked
20260825-57e72c3ff3ce39955099-01,2026-08-25,手机,device,华为,Hi系列/畅享,Hi nova 10PRO,BON-AL00,Hi nova 10PRO,统货,/,CNY/台,/,image,华为2.jpg,数码网报价单-0825更新/手机相关/华为2.jpg,1,1.0,visual_0825_source_crosschecked
20260825-de298e677d3e985f33d1-01,2026-08-25,手机,device,华为,Hi系列/畅享,Hi nova 10se,BNE-AL00,Hi nova 10se,开机靓好,170,CNY/台,/,image,华为2.jpg,数码网报价单-0825更新/手机相关/华为2.jpg,1,1.0,visual_0825_source_crosschecked
20260825-58943ccfb92d72570102-01,2026-08-25,手机,device,华为,Hi系列/畅享,Hi nova 10se,BNE-AL00,Hi nova 10se,开机好碎,170,CNY/台,/,image,华为2.jpg,数码网报价单-0825更新/手机相关/华为2.jpg,1,1.0,visual_0825_source_crosschecked
20260825-9f7b0c752a363c7f2252-01,2026-08-25,手机,device,华为,Hi系列/畅享,Hi nova 10se,BNE-AL00,Hi nova 10se,开机碎屏,170,CNY/台,/,image,华为2.jpg,数码网报价单-0825更新/手机相关/华为2.jpg,1,1.0,visual_0825_source_crosschecked
20260825-406b2b2e46b0eb1ec355-01,2026-08-25,手机,device,华为,Hi系列/畅享,Hi nova 10se,BNE-AL00,Hi nova 10se,开机坏配件,170,CNY/台,/,image,华为2.jpg,数码网报价单-0825更新/手机相关/华为2.jpg,1,1.0,visual_0825_source_crosschecked
20260825-ff10102236ba1329e889-01,2026-08-25,手机,device,华为,Hi系列/畅享,Hi nova 10se,BNE-AL00,Hi nova 10se,不开机,170,CNY/台,/,image,华为2.jpg,数码网报价单-0825更新/手机相关/华为2.jpg,1,1.0,visual_0825_source_crosschecked
20260825-afd01fb704fd8f737d6a-01,2026-08-25,手机,device,华为,Hi系列/畅享,Hi nova 10se,BNE-AL00,Hi nova 10se,废板·整机,170,CNY/台,/,image,华为2.jpg,数码网报价单-0825更新/手机相关/华为2.jpg,1,1.0,visual_0825_source_crosschecked
20260825-e187ab93a33c0d020155-01,2026-08-25,手机,device,华为,Hi系列/畅享,Hi nova 10se,BNE-AL00,Hi nova 10se,统货,/,CNY/台,/,image,华为2.jpg,数码网报价单-0825更新/手机相关/华为2.jpg,1,1.0,visual_0825_source_crosschecked
20260825-f15089266f4ce7ad9cfa-01,2026-08-25,手机,device,华为,Hi系列/畅享,Hi Nova9 (8+128),NAM-AL00,Hi Nova9 (8+128),开机靓好,170,CNY/台,/,image,华为2.jpg,数码网报价单-0825更新/手机相关/华为2.jpg,1,1.0,visual_0825_source_crosschecked
20260825-b0afcd665fcffe25e660-01,2026-08-25,手机,device,华为,Hi系列/畅享,Hi Nova9 (8+128),NAM-AL00,Hi Nova9 (8+128),开机好碎,170,CNY/台,/,image,华为2.jpg,数码网报价单-0825更新/手机相关/华为2.jpg,1,1.0,visual_0825_source_crosschecked
20260825-ff14052b1fc4acfe5baf-01,2026-08-25,手机,device,华为,Hi系列/畅享,Hi Nova9 (8+128),NAM-AL00,Hi Nova9 (8+128),开机碎屏,170,CNY/台,/,image,华为2.jpg,数码网报价单-0825更新/手机相关/华为2.jpg,1,1.0,visual_0825_source_crosschecked
20260825-171a41776a7c24a1929b-01,2026-08-25,手机,device,华为,Hi系列/畅享,Hi Nova9 (8+128),NAM-AL00,Hi Nova9 (8+128),开机坏配件,170,CNY/台,/,image,华为2.jpg,数码网报价单-0825更新/手机相关/华为2.jpg,1,1.0,visual_0825_source_crosschecked
20260825-f6734ee0356ee1c074d3-01,2026-08-25,手机,device,华为,Hi系列/畅享,Hi Nova9 (8+128),NAM-AL00,Hi Nova9 (8+128),不开机,170,CNY/台,/,image,华为2.jpg,数码网报价单-0825更新/手机相关/华为2.jpg,1,1.0,visual_0825_source_crosschecked
20260825-077015b7e09f2335e1d3-01,2026-08-25,手机,device,华为,Hi系列/畅享,Hi Nova9 (8+128),NAM-AL00,Hi Nova9 (8+128),废板·整机,170,CNY/台,/,image,华为2.jpg,数码网报价单-0825更新/手机相关/华为2.jpg,1,1.0,visual_0825_source_crosschecked
20260825-1ce7806b811b1b59ffde-01,2026-08-25,手机,device,华为,Hi系列/畅享,Hi Nova9 (8+128),NAM-AL00,Hi Nova9 (8+128),统货,/,CNY/台,/,image,华为2.jpg,数码网报价单-0825更新/手机相关/华为2.jpg,1,1.0,visual_0825_source_crosschecked
20260825-18274feb4c5543b794a2-01,2026-08-25,手机,device,华为,Hi系列/畅享,Hi Nova9 (8+256),RTE-AL00,Hi Nova9 (8+256),开机靓好,170,CNY/台,/,image,华为2.jpg,数码网报价单-0825更新/手机相关/华为2.jpg,1,1.0,visual_0825_source_crosschecked
20260825-95de1d0e3c0fb639f22f-01,2026-08-25,手机,device,华为,Hi系列/畅享,Hi Nova9 (8+256),RTE-AL00,Hi Nova9 (8+256),开机好碎,170,CNY/台,/,image,华为2.jpg,数码网报价单-0825更新/手机相关/华为2.jpg,1,1.0,visual_0825_source_crosschecked
20260825-656c931652d2c0951d3e-01,2026-08-25,手机,device,华为,Hi系列/畅享,Hi Nova9 (8+256),RTE-AL00,Hi Nova9 (8+256),开机碎屏,170,CNY/台,/,image,华为2.jpg,数码网报价单-0825更新/手机相关/华为2.jpg,1,1.0,visual_0825_source_crosschecked
20260825-6e0017c278d3ad243c5c-01,2026-08-25,手机,device,华为,Hi系列/畅享,Hi Nova9 (8+256),RTE-AL00,Hi Nova9 (8+256),开机坏配件,170,CNY/台,/,image,华为2.jpg,数码网报价单-0825更新/手机相关/华为2.jpg,1,1.0,visual_0825_source_crosschecked
20260825-ad771bb8d204439b1de3-01,2026-08-25,手机,device,华为,Hi系列/畅享,Hi Nova9 (8+256),RTE-AL00,Hi Nova9 (8+256),不开机,170,CNY/台,/,image,华为2.jpg,数码网报价单-0825更新/手机相关/华为2.jpg,1,1.0,visual_0825_source_crosschecked
20260825-a989e63aa26daab5aebd-01,2026-08-25,手机,device,华为,Hi系列/畅享,Hi Nova9 (8+256),RTE-AL00,Hi Nova9 (8+256),废板·整机,170,CNY/台,/,image,华为2.jpg,数码网报价单-0825更新/手机相关/华为2.jpg,1,1.0,visual_0825_source_crosschecked
20260825-a7feb4ec93b77c7a8a81-01,2026-08-25,手机,device,华为,Hi系列/畅享,Hi Nova9 (8+256),RTE-AL00,Hi Nova9 (8+256),统货,/,CNY/台,/,image,华为2.jpg,数码网报价单-0825更新/手机相关/华为2.jpg,1,1.0,visual_0825_source_crosschecked
20260825-89198d21d8aba606117b-01,2026-08-25,手机,device,华为,Hi系列/畅享,Hi Nova9 Pro (8+256),Here-BD00,Hi Nova9 Pro (8+256),开机靓好,220,CNY/台,/,image,华为2.jpg,数码网报价单-0825更新/手机相关/华为2.jpg,1,1.0,visual_0825_source_crosschecked
20260825-55acdc235403d8dc7690-01,2026-08-25,手机,device,华为,Hi系列/畅享,Hi Nova9 Pro (8+256),Here-BD00,Hi Nova9 Pro (8+256),开机好碎,220,CNY/台,/,image,华为2.jpg,数码网报价单-0825更新/手机相关/华为2.jpg,1,1.0,visual_0825_source_crosschecked
20260825-0347adb50fc909ce5395-01,2026-08-25,手机,device,华为,Hi系列/畅享,Hi Nova9 Pro (8+256),Here-BD00,Hi Nova9 Pro (8+256),开机碎屏,220,CNY/台,/,image,华为2.jpg,数码网报价单-0825更新/手机相关/华为2.jpg,1,1.0,visual_0825_source_crosschecked
20260825-211bf9576c7d524587e1-01,2026-08-25,手机,device,华为,Hi系列/畅享,Hi Nova9 Pro (8+256),Here-BD00,Hi Nova9 Pro (8+256),开机坏配件,220,CNY/台,/,image,华为2.jpg,数码网报价单-0825更新/手机相关/华为2.jpg,1,1.0,visual_0825_source_crosschecked
20260825-1cee2fd936de38a3fd55-01,2026-08-25,手机,device,华为,Hi系列/畅享,Hi Nova9 Pro (8+256),Here-BD00,Hi Nova9 Pro (8+256),不开机,220,CNY/台,/,image,华为2.jpg,数码网报价单-0825更新/手机相关/华为2.jpg,1,1.0,visual_0825_source_crosschecked
20260825-5ea68c29dc2ea3d48400-01,2026-08-25,手机,device,华为,Hi系列/畅享,Hi Nova9 Pro (8+256),Here-BD00,Hi Nova9 Pro (8+256),废板·整机,220,CNY/台,/,image,华为2.jpg,数码网报价单-0825更新/手机相关/华为2.jpg,1,1.0,visual_0825_source_crosschecked
20260825-0ebce0d9dd2d7a58ca51-01,2026-08-25,手机,device,华为,Hi系列/畅享,Hi Nova9 Pro (8+256),Here-BD00,Hi Nova9 Pro (8+256),统货,/,CNY/台,/,image,华为2.jpg,数码网报价单-0825更新/手机相关/华为2.jpg,1,1.0,visual_0825_source_crosschecked
20260825-2c080a1ab55eeae20106-01,2026-08-25,手机,device,华为,Hi系列/畅享,Hi Nova9 SE,Here-BD00,Hi Nova9 SE,开机靓好,170,CNY/台,/,image,华为2.jpg,数码网报价单-0825更新/手机相关/华为2.jpg,1,1.0,visual_0825_source_crosschecked
20260825-60932950ac3b84781a95-01,2026-08-25,手机,device,华为,Hi系列/畅享,Hi Nova9 SE,Here-BD00,Hi Nova9 SE,开机好碎,170,CNY/台,/,image,华为2.jpg,数码网报价单-0825更新/手机相关/华为2.jpg,1,1.0,visual_0825_source_crosschecked
20260825-e9030e957506edbee0c7-01,2026-08-25,手机,device,华为,Hi系列/畅享,Hi Nova9 SE,Here-BD00,Hi Nova9 SE,开机碎屏,170,CNY/台,/,image,华为2.jpg,数码网报价单-0825更新/手机相关/华为2.jpg,1,1.0,visual_0825_source_crosschecked
20260825-c2d72050408286892e7e-01,2026-08-25,手机,device,华为,Hi系列/畅享,Hi Nova9 SE,Here-BD00,Hi Nova9 SE,开机坏配件,170,CNY/台,/,image,华为2.jpg,数码网报价单-0825更新/手机相关/华为2.jpg,1,1.0,visual_0825_source_crosschecked
20260825-bcfbc595e99bfbe9b835-01,2026-08-25,手机,device,华为,Hi系列/畅享,Hi Nova9 SE,Here-BD00,Hi Nova9 SE,不开机,170,CNY/台,/,image,华为2.jpg,数码网报价单-0825更新/手机相关/华为2.jpg,1,1.0,visual_0825_source_crosschecked
20260825-95317895212c5594418a-01,2026-08-25,手机,device,华为,Hi系列/畅享,Hi Nova9 SE,Here-BD00,Hi Nova9 SE,废板·整机,170,CNY/台,/,image,华为2.jpg,数码网报价单-0825更新/手机相关/华为2.jpg,1,1.0,visual_0825_source_crosschecked
20260825-8f464fcc09c0340d0e27-01,2026-08-25,手机,device,华为,Hi系列/畅享,Hi Nova9 SE,Here-BD00,Hi Nova9 SE,统货,/,CNY/台,/,image,华为2.jpg,数码网报价单-0825更新/手机相关/华为2.jpg,1,1.0,visual_0825_source_crosschecked
20260825-ab0b0e5b90a2ee25cc10-01,2026-08-25,手机,device,华为,Hi系列/畅享,Hi Nova9 Z,FND-BD00/TL00,Hi Nova9 Z,开机靓好,170,CNY/台,/,image,华为2.jpg,数码网报价单-0825更新/手机相关/华为2.jpg,1,1.0,visual_0825_source_crosschecked
20260825-7d01e974d83718d39b05-01,2026-08-25,手机,device,华为,Hi系列/畅享,Hi Nova9 Z,FND-BD00/TL00,Hi Nova9 Z,开机好碎,170,CNY/台,/,image,华为2.jpg,数码网报价单-0825更新/手机相关/华为2.jpg,1,1.0,visual_0825_source_crosschecked
20260825-31b8e93179c06957b868-01,2026-08-25,手机,device,华为,Hi系列/畅享,Hi Nova9 Z,FND-BD00/TL00,Hi Nova9 Z,开机碎屏,170,CNY/台,/,image,华为2.jpg,数码网报价单-0825更新/手机相关/华为2.jpg,1,1.0,visual_0825_source_crosschecked
20260825-229fd271aa6a754e0847-01,2026-08-25,手机,device,华为,Hi系列/畅享,Hi Nova9 Z,FND-BD00/TL00,Hi Nova9 Z,开机坏配件,170,CNY/台,/,image,华为2.jpg,数码网报价单-0825更新/手机相关/华为2.jpg,1,1.0,visual_0825_source_crosschecked
20260825-21482c9eb119f23c5dfc-01,2026-08-25,手机,device,华为,Hi系列/畅享,Hi Nova9 Z,FND-BD00/TL00,Hi Nova9 Z,不开机,170,CNY/台,/,image,华为2.jpg,数码网报价单-0825更新/手机相关/华为2.jpg,1,1.0,visual_0825_source_crosschecked
20260825-da4856337ffe290232ba-01,2026-08-25,手机,device,华为,Hi系列/畅享,Hi Nova9 Z,FND-BD00/TL00,Hi Nova9 Z,废板·整机,170,CNY/台,/,image,华为2.jpg,数码网报价单-0825更新/手机相关/华为2.jpg,1,1.0,visual_0825_source_crosschecked
20260825-f39ab7fda7bdbb8da2fb-01,2026-08-25,手机,device,华为,Hi系列/畅享,Hi Nova9 Z,FND-BD00/TL00,Hi Nova9 Z,统货,/,CNY/台,/,image,华为2.jpg,数码网报价单-0825更新/手机相关/华为2.jpg,1,1.0,visual_0825_source_crosschecked
20260825-8be132bf2ee68e90c596-01,2026-08-25,手机,device,华为,华为Nova系列,Nova 16,/,Nova 16,开机靓好,1,CNY/台,/,image,华为2.jpg,数码网报价单-0825更新/手机相关/华为2.jpg,1,1.0,visual_0825_source_crosschecked
20260825-514160ad6c4bde700f1c-01,2026-08-25,手机,device,华为,华为Nova系列,Nova 16,/,Nova 16,开机好碎,1,CNY/台,/,image,华为2.jpg,数码网报价单-0825更新/手机相关/华为2.jpg,1,1.0,visual_0825_source_crosschecked
20260825-4801c6af0d10ab461068-01,2026-08-25,手机,device,华为,华为Nova系列,Nova 16,/,Nova 16,开机碎屏,1,CNY/台,/,image,华为2.jpg,数码网报价单-0825更新/手机相关/华为2.jpg,1,1.0,visual_0825_source_crosschecked
20260825-476b428992f185fd76dc-01,2026-08-25,手机,device,华为,华为Nova系列,Nova 16,/,Nova 16,开机坏配件,1,CNY/台,/,image,华为2.jpg,数码网报价单-0825更新/手机相关/华为2.jpg,1,1.0,visual_0825_source_crosschecked
20260825-ff69bfa737ac8a20887f-01,2026-08-25,手机,device,华为,华为Nova系列,Nova 16,/,Nova 16,不开机,90,CNY/台,/,image,华为2.jpg,数码网报价单-0825更新/手机相关/华为2.jpg,1,1.0,visual_0825_source_crosschecked
20260825-8c207270369f16109f47-01,2026-08-25,手机,device,华为,华为Nova系列,Nova 16,/,Nova 16,废板·整机,90,CNY/台,/,image,华为2.jpg,数码网报价单-0825更新/手机相关/华为2.jpg,1,1.0,visual_0825_source_crosschecked
20260825-7b7652e301d16fca42d0-01,2026-08-25,手机,device,华为,华为Nova系列,Nova 16,/,Nova 16,统货,/,CNY/台,/,image,华为2.jpg,数码网报价单-0825更新/手机相关/华为2.jpg,1,1.0,visual_0825_source_crosschecked
20260825-49c81760b576109c3ac7-01,2026-08-25,手机,device,华为,华为Nova系列,Nova 16 Ultra,/,Nova 16 Ultra,开机靓好,1,CNY/台,/,image,华为2.jpg,数码网报价单-0825更新/手机相关/华为2.jpg,1,1.0,visual_0825_source_crosschecked
20260825-71b6e5a107b23690b2bf-01,2026-08-25,手机,device,华为,华为Nova系列,Nova 16 Ultra,/,Nova 16 Ultra,开机好碎,1,CNY/台,/,image,华为2.jpg,数码网报价单-0825更新/手机相关/华为2.jpg,1,1.0,visual_0825_source_crosschecked
20260825-0386962450a6a2ee3de4-01,2026-08-25,手机,device,华为,华为Nova系列,Nova 16 Ultra,/,Nova 16 Ultra,开机碎屏,1,CNY/台,/,image,华为2.jpg,数码网报价单-0825更新/手机相关/华为2.jpg,1,1.0,visual_0825_source_crosschecked
20260825-12a1e35fe3cbb2159d17-01,2026-08-25,手机,device,华为,华为Nova系列,Nova 16 Ultra,/,Nova 16 Ultra,开机坏配件,1,CNY/台,/,image,华为2.jpg,数码网报价单-0825更新/手机相关/华为2.jpg,1,1.0,visual_0825_source_crosschecked
20260825-6b876e0f5998086f6a1d-01,2026-08-25,手机,device,华为,华为Nova系列,Nova 16 Ultra,/,Nova 16 Ultra,不开机,90,CNY/台,/,image,华为2.jpg,数码网报价单-0825更新/手机相关/华为2.jpg,1,1.0,visual_0825_source_crosschecked
20260825-cbced155eb470684dcb6-01,2026-08-25,手机,device,华为,华为Nova系列,Nova 16 Ultra,/,Nova 16 Ultra,废板·整机,90,CNY/台,/,image,华为2.jpg,数码网报价单-0825更新/手机相关/华为2.jpg,1,1.0,visual_0825_source_crosschecked
20260825-e33e266ae1dd257f469f-01,2026-08-25,手机,device,华为,华为Nova系列,Nova 16 Ultra,/,Nova 16 Ultra,统货,/,CNY/台,/,image,华为2.jpg,数码网报价单-0825更新/手机相关/华为2.jpg,1,1.0,visual_0825_source_crosschecked
20260825-42a68cbfefe30c1425fc-01,2026-08-25,手机,device,华为,华为Nova系列,Nova 16 Pro,/,Nova 16 Pro,开机靓好,1,CNY/台,/,image,华为2.jpg,数码网报价单-0825更新/手机相关/华为2.jpg,1,1.0,visual_0825_source_crosschecked
20260825-8f7a155b26e93fb941f3-01,2026-08-25,手机,device,华为,华为Nova系列,Nova 16 Pro,/,Nova 16 Pro,开机好碎,1,CNY/台,/,image,华为2.jpg,数码网报价单-0825更新/手机相关/华为2.jpg,1,1.0,visual_0825_source_crosschecked
20260825-b0dd7e5305635c0bdea6-01,2026-08-25,手机,device,华为,华为Nova系列,Nova 16 Pro,/,Nova 16 Pro,开机碎屏,1,CNY/台,/,image,华为2.jpg,数码网报价单-0825更新/手机相关/华为2.jpg,1,1.0,visual_0825_source_crosschecked
20260825-bf1ff157b30cfbbcc661-01,2026-08-25,手机,device,华为,华为Nova系列,Nova 16 Pro,/,Nova 16 Pro,开机坏配件,1,CNY/台,/,image,华为2.jpg,数码网报价单-0825更新/手机相关/华为2.jpg,1,1.0,visual_0825_source_crosschecked
20260825-f7c42ec710f131b1edaf-01,2026-08-25,手机,device,华为,华为Nova系列,Nova 16 Pro,/,Nova 16 Pro,不开机,90,CNY/台,/,image,华为2.jpg,数码网报价单-0825更新/手机相关/华为2.jpg,1,1.0,visual_0825_source_crosschecked
20260825-f2fca427bf62183d22f4-01,2026-08-25,手机,device,华为,华为Nova系列,Nova 16 Pro,/,Nova 16 Pro,废板·整机,90,CNY/台,/,image,华为2.jpg,数码网报价单-0825更新/手机相关/华为2.jpg,1,1.0,visual_0825_source_crosschecked
20260825-bd635630d0ae75d45dcc-01,2026-08-25,手机,device,华为,华为Nova系列,Nova 16 Pro,/,Nova 16 Pro,统货,/,CNY/台,/,image,华为2.jpg,数码网报价单-0825更新/手机相关/华为2.jpg,1,1.0,visual_0825_source_crosschecked
20260825-e525ee7ade3778062c2b-01,2026-08-25,手机,device,华为,华为Nova系列,nova 16,/,nova 16,开机靓好,1,CNY/台,/,image,华为2.jpg,数码网报价单-0825更新/手机相关/华为2.jpg,1,1.0,visual_0825_source_crosschecked
20260825-9c8cb536ad73265186aa-01,2026-08-25,手机,device,华为,华为Nova系列,nova 16,/,nova 16,开机好碎,1,CNY/台,/,image,华为2.jpg,数码网报价单-0825更新/手机相关/华为2.jpg,1,1.0,visual_0825_source_crosschecked
20260825-95f72dae83b1b0cd6b0f-01,2026-08-25,手机,device,华为,华为Nova系列,nova 16,/,nova 16,开机碎屏,1,CNY/台,/,image,华为2.jpg,数码网报价单-0825更新/手机相关/华为2.jpg,1,1.0,visual_0825_source_crosschecked
20260825-6ed28143ee86331c5408-01,2026-08-25,手机,device,华为,华为Nova系列,nova 16,/,nova 16,开机坏配件,1,CNY/台,/,image,华为2.jpg,数码网报价单-0825更新/手机相关/华为2.jpg,1,1.0,visual_0825_source_crosschecked
20260825-fb58ade3cc49852d404e-01,2026-08-25,手机,device,华为,华为Nova系列,nova 16,/,nova 16,不开机,90,CNY/台,/,image,华为2.jpg,数码网报价单-0825更新/手机相关/华为2.jpg,1,1.0,visual_0825_source_crosschecked
20260825-148b8a8bec29efc60052-01,2026-08-25,手机,device,华为,华为Nova系列,nova 16,/,nova 16,废板·整机,90,CNY/台,/,image,华为2.jpg,数码网报价单-0825更新/手机相关/华为2.jpg,1,1.0,visual_0825_source_crosschecked
20260825-55a6df6815381b87ee0a-01,2026-08-25,手机,device,华为,华为Nova系列,nova 16,/,nova 16,统货,/,CNY/台,/,image,华为2.jpg,数码网报价单-0825更新/手机相关/华为2.jpg,1,1.0,visual_0825_source_crosschecked
20260825-a7ff20ab10bb6463bfa1-01,2026-08-25,手机,device,华为,华为Nova系列,nova 16Z,/,nova 16Z,开机靓好,1,CNY/台,/,image,华为2.jpg,数码网报价单-0825更新/手机相关/华为2.jpg,1,1.0,visual_0825_source_crosschecked
20260825-5dd04bf4519537da110a-01,2026-08-25,手机,device,华为,华为Nova系列,nova 16Z,/,nova 16Z,开机好碎,1,CNY/台,/,image,华为2.jpg,数码网报价单-0825更新/手机相关/华为2.jpg,1,1.0,visual_0825_source_crosschecked
20260825-3136a42b93cf8d359511-01,2026-08-25,手机,device,华为,华为Nova系列,nova 16Z,/,nova 16Z,开机碎屏,1,CNY/台,/,image,华为2.jpg,数码网报价单-0825更新/手机相关/华为2.jpg,1,1.0,visual_0825_source_crosschecked
20260825-552b5d155d812d87fb9c-01,2026-08-25,手机,device,华为,华为Nova系列,nova 16Z,/,nova 16Z,开机坏配件,1,CNY/台,/,image,华为2.jpg,数码网报价单-0825更新/手机相关/华为2.jpg,1,1.0,visual_0825_source_crosschecked
20260825-efd97b65c48a86dcbfe0-01,2026-08-25,手机,device,华为,华为Nova系列,nova 16Z,/,nova 16Z,不开机,90,CNY/台,/,image,华为2.jpg,数码网报价单-0825更新/手机相关/华为2.jpg,1,1.0,visual_0825_source_crosschecked
20260825-4f914f9e46e7e33554ee-01,2026-08-25,手机,device,华为,华为Nova系列,nova 16Z,/,nova 16Z,废板·整机,90,CNY/台,/,image,华为2.jpg,数码网报价单-0825更新/手机相关/华为2.jpg,1,1.0,visual_0825_source_crosschecked
20260825-a7cbeafa6d5a92a24e05-01,2026-08-25,手机,device,华为,华为Nova系列,nova 16Z,/,nova 16Z,统货,/,CNY/台,/,image,华为2.jpg,数码网报价单-0825更新/手机相关/华为2.jpg,1,1.0,visual_0825_source_crosschecked
20260825-bce1d434887268e4d144-01,2026-08-25,手机,device,华为,华为Nova系列,nova 16SE,/,nova 16SE,开机靓好,1,CNY/台,/,image,华为2.jpg,数码网报价单-0825更新/手机相关/华为2.jpg,1,1.0,visual_0825_source_crosschecked
20260825-5e1532b4a8f34501f987-01,2026-08-25,手机,device,华为,华为Nova系列,nova 16SE,/,nova 16SE,开机好碎,1,CNY/台,/,image,华为2.jpg,数码网报价单-0825更新/手机相关/华为2.jpg,1,1.0,visual_0825_source_crosschecked
20260825-9a77d7aa6c8e4c35d955-01,2026-08-25,手机,device,华为,华为Nova系列,nova 16SE,/,nova 16SE,开机碎屏,1,CNY/台,/,image,华为2.jpg,数码网报价单-0825更新/手机相关/华为2.jpg,1,1.0,visual_0825_source_crosschecked
20260825-15ae0b45e570360b87e0-01,2026-08-25,手机,device,华为,华为Nova系列,nova 16SE,/,nova 16SE,开机坏配件,1,CNY/台,/,image,华为2.jpg,数码网报价单-0825更新/手机相关/华为2.jpg,1,1.0,visual_0825_source_crosschecked
20260825-1083484432a253cec890-01,2026-08-25,手机,device,华为,华为Nova系列,nova 16SE,/,nova 16SE,不开机,1,CNY/台,/,image,华为2.jpg,数码网报价单-0825更新/手机相关/华为2.jpg,1,1.0,visual_0825_source_crosschecked
20260825-e8eb89e434d2ad270c40-01,2026-08-25,手机,device,华为,华为Nova系列,nova 16SE,/,nova 16SE,废板·整机,1,CNY/台,/,image,华为2.jpg,数码网报价单-0825更新/手机相关/华为2.jpg,1,1.0,visual_0825_source_crosschecked
20260825-84b573f29a9daec29112-01,2026-08-25,手机,device,华为,华为Nova系列,nova 16SE,/,nova 16SE,统货,/,CNY/台,/,image,华为2.jpg,数码网报价单-0825更新/手机相关/华为2.jpg,1,1.0,visual_0825_source_crosschecked
20260825-b1ee5191fda6db5f53f2-01,2026-08-25,手机,device,华为,华为Nova系列,nova 15,/,nova 15,开机靓好,1,CNY/台,/,image,华为2.jpg,数码网报价单-0825更新/手机相关/华为2.jpg,1,1.0,visual_0825_source_crosschecked
20260825-78f51f64ea954764437a-01,2026-08-25,手机,device,华为,华为Nova系列,nova 15,/,nova 15,开机好碎,1,CNY/台,/,image,华为2.jpg,数码网报价单-0825更新/手机相关/华为2.jpg,1,1.0,visual_0825_source_crosschecked
20260825-849ebbaa7decd56fbdbd-01,2026-08-25,手机,device,华为,华为Nova系列,nova 15,/,nova 15,开机碎屏,1,CNY/台,/,image,华为2.jpg,数码网报价单-0825更新/手机相关/华为2.jpg,1,1.0,visual_0825_source_crosschecked
20260825-7a4a894f21b66561bb3f-01,2026-08-25,手机,device,华为,华为Nova系列,nova 15,/,nova 15,开机坏配件,1,CNY/台,/,image,华为2.jpg,数码网报价单-0825更新/手机相关/华为2.jpg,1,1.0,visual_0825_source_crosschecked
20260825-6cd3505a891caf15a95a-01,2026-08-25,手机,device,华为,华为Nova系列,nova 15,/,nova 15,不开机,1,CNY/台,/,image,华为2.jpg,数码网报价单-0825更新/手机相关/华为2.jpg,1,1.0,visual_0825_source_crosschecked
20260825-19d5511fa57fad4cf531-01,2026-08-25,手机,device,华为,华为Nova系列,nova 15,/,nova 15,废板·整机,1,CNY/台,/,image,华为2.jpg,数码网报价单-0825更新/手机相关/华为2.jpg,1,1.0,visual_0825_source_crosschecked
20260825-95947f720087c2ec51a2-01,2026-08-25,手机,device,华为,华为Nova系列,nova 15,/,nova 15,统货,/,CNY/台,/,image,华为2.jpg,数码网报价单-0825更新/手机相关/华为2.jpg,1,1.0,visual_0825_source_crosschecked
20260825-e84fae0c33080a83961a-01,2026-08-25,手机,device,华为,华为Nova系列,nova 14ultra,ADA-AL00,nova 14ultra,开机靓好,500,CNY/台,主板开机有背光,image,华为2.jpg,数码网报价单-0825更新/手机相关/华为2.jpg,1,1.0,visual_0825_source_crosschecked
20260825-5159e07ab57a3be3022f-01,2026-08-25,手机,device,华为,华为Nova系列,nova 14ultra,ADA-AL00,nova 14ultra,开机好碎,450,CNY/台,主板开机有背光,image,华为2.jpg,数码网报价单-0825更新/手机相关/华为2.jpg,1,1.0,visual_0825_source_crosschecked
20260825-59214c59c22a06e603e9-01,2026-08-25,手机,device,华为,华为Nova系列,nova 14ultra,ADA-AL00,nova 14ultra,开机碎屏,350,CNY/台,主板开机有背光,image,华为2.jpg,数码网报价单-0825更新/手机相关/华为2.jpg,1,1.0,visual_0825_source_crosschecked
20260825-543de33a47584b25bc8f-01,2026-08-25,手机,device,华为,华为Nova系列,nova 14ultra,ADA-AL00,nova 14ultra,开机坏配件,90,CNY/台,主板开机有背光,image,华为2.jpg,数码网报价单-0825更新/手机相关/华为2.jpg,1,1.0,visual_0825_source_crosschecked
20260825-a8d540813983de18150b-01,2026-08-25,手机,device,华为,华为Nova系列,nova 14ultra,ADA-AL00,nova 14ultra,不开机,90,CNY/台,主板开机有背光,image,华为2.jpg,数码网报价单-0825更新/手机相关/华为2.jpg,1,1.0,visual_0825_source_crosschecked
20260825-1cbd7b49a64d43e6fd78-01,2026-08-25,手机,device,华为,华为Nova系列,nova 14ultra,ADA-AL00,nova 14ultra,废板·整机,90,CNY/台,主板开机有背光,image,华为2.jpg,数码网报价单-0825更新/手机相关/华为2.jpg,1,1.0,visual_0825_source_crosschecked
20260825-126915da84e038a7f490-01,2026-08-25,手机,device,华为,华为Nova系列,nova 14ultra,ADA-AL00,nova 14ultra,统货,/,CNY/台,主板开机有背光,image,华为2.jpg,数码网报价单-0825更新/手机相关/华为2.jpg,1,1.0,visual_0825_source_crosschecked
20260825-a02bf29a973f074f5710-01,2026-08-25,手机,device,华为,华为Nova系列,nova 14pro,NES-AL00,nova 14pro,开机靓好,400,CNY/台,/,image,华为2.jpg,数码网报价单-0825更新/手机相关/华为2.jpg,1,1.0,visual_0825_source_crosschecked
20260825-2cf7d10b07bc26ea563b-01,2026-08-25,手机,device,华为,华为Nova系列,nova 14pro,NES-AL00,nova 14pro,开机好碎,350,CNY/台,/,image,华为2.jpg,数码网报价单-0825更新/手机相关/华为2.jpg,1,1.0,visual_0825_source_crosschecked
20260825-2b43584590a2e856de2f-01,2026-08-25,手机,device,华为,华为Nova系列,nova 14pro,NES-AL00,nova 14pro,开机碎屏,230,CNY/台,/,image,华为2.jpg,数码网报价单-0825更新/手机相关/华为2.jpg,1,1.0,visual_0825_source_crosschecked
20260825-3d4915e936d556788050-01,2026-08-25,手机,device,华为,华为Nova系列,nova 14pro,NES-AL00,nova 14pro,开机坏配件,90,CNY/台,/,image,华为2.jpg,数码网报价单-0825更新/手机相关/华为2.jpg,1,1.0,visual_0825_source_crosschecked
20260825-52265c42d9ab8a30b359-01,2026-08-25,手机,device,华为,华为Nova系列,nova 14pro,NES-AL00,nova 14pro,不开机,90,CNY/台,/,image,华为2.jpg,数码网报价单-0825更新/手机相关/华为2.jpg,1,1.0,visual_0825_source_crosschecked
20260825-798f3e7d80670050ef8c-01,2026-08-25,手机,device,华为,华为Nova系列,nova 14pro,NES-AL00,nova 14pro,废板·整机,90,CNY/台,/,image,华为2.jpg,数码网报价单-0825更新/手机相关/华为2.jpg,1,1.0,visual_0825_source_crosschecked
20260825-16bc7742599d340ea8e9-01,2026-08-25,手机,device,华为,华为Nova系列,nova 14pro,NES-AL00,nova 14pro,统货,/,CNY/台,/,image,华为2.jpg,数码网报价单-0825更新/手机相关/华为2.jpg,1,1.0,visual_0825_source_crosschecked
20260825-4521d9481107d326e916-01,2026-08-25,手机,device,华为,华为Nova系列,nova 14,BRQ-AL00,nova 14,开机靓好,280,CNY/台,/,image,华为2.jpg,数码网报价单-0825更新/手机相关/华为2.jpg,1,1.0,visual_0825_source_crosschecked
20260825-67882cab3d8186824b8b-01,2026-08-25,手机,device,华为,华为Nova系列,nova 14,BRQ-AL00,nova 14,开机好碎,230,CNY/台,/,image,华为2.jpg,数码网报价单-0825更新/手机相关/华为2.jpg,1,1.0,visual_0825_source_crosschecked
20260825-47ffa5ab623c5d2b3b2c-01,2026-08-25,手机,device,华为,华为Nova系列,nova 14,BRQ-AL00,nova 14,开机碎屏,180,CNY/台,/,image,华为2.jpg,数码网报价单-0825更新/手机相关/华为2.jpg,1,1.0,visual_0825_source_crosschecked
20260825-653234b43994c9f74eda-01,2026-08-25,手机,device,华为,华为Nova系列,nova 14,BRQ-AL00,nova 14,开机坏配件,90,CNY/台,/,image,华为2.jpg,数码网报价单-0825更新/手机相关/华为2.jpg,1,1.0,visual_0825_source_crosschecked
20260825-b1b40d995c3b43df3ada-01,2026-08-25,手机,device,华为,华为Nova系列,nova 14,BRQ-AL00,nova 14,不开机,90,CNY/台,/,image,华为2.jpg,数码网报价单-0825更新/手机相关/华为2.jpg,1,1.0,visual_0825_source_crosschecked
20260825-7b29ed037b34e3f80d42-01,2026-08-25,手机,device,华为,华为Nova系列,nova 14,BRQ-AL00,nova 14,废板·整机,90,CNY/台,/,image,华为2.jpg,数码网报价单-0825更新/手机相关/华为2.jpg,1,1.0,visual_0825_source_crosschecked
20260825-df4eee7a8609fbded90c-01,2026-08-25,手机,device,华为,华为Nova系列,nova 14,BRQ-AL00,nova 14,统货,/,CNY/台,/,image,华为2.jpg,数码网报价单-0825更新/手机相关/华为2.jpg,1,1.0,visual_0825_source_crosschecked
20260825-8e6fbe69d2ab002fef1c-01,2026-08-25,手机,device,华为,华为Nova系列,nova13,MES-AL00,nova13,开机靓好,200,CNY/台,异折算统货90,image,华为2.jpg,数码网报价单-0825更新/手机相关/华为2.jpg,1,1.0,visual_0825_source_crosschecked
20260825-089f7a1173bcc0411d12-01,2026-08-25,手机,device,华为,华为Nova系列,nova13,MES-AL00,nova13,开机好碎,200,CNY/台,异折算统货90,image,华为2.jpg,数码网报价单-0825更新/手机相关/华为2.jpg,1,1.0,visual_0825_source_crosschecked
20260825-9894ac86dcb94f568905-01,2026-08-25,手机,device,华为,华为Nova系列,nova13,MES-AL00,nova13,开机碎屏,90,CNY/台,异折算统货90,image,华为2.jpg,数码网报价单-0825更新/手机相关/华为2.jpg,1,1.0,visual_0825_source_crosschecked
20260825-43786fd4b965c4050594-01,2026-08-25,手机,device,华为,华为Nova系列,nova13,MES-AL00,nova13,开机坏配件,90,CNY/台,异折算统货90,image,华为2.jpg,数码网报价单-0825更新/手机相关/华为2.jpg,1,1.0,visual_0825_source_crosschecked
20260825-ad78f5b671188be64538-01,2026-08-25,手机,device,华为,华为Nova系列,nova13,MES-AL00,nova13,不开机,90,CNY/台,异折算统货90,image,华为2.jpg,数码网报价单-0825更新/手机相关/华为2.jpg,1,1.0,visual_0825_source_crosschecked
20260825-cb77724252498b2f4a7d-01,2026-08-25,手机,device,华为,华为Nova系列,nova13,MES-AL00,nova13,废板·整机,90,CNY/台,异折算统货90,image,华为2.jpg,数码网报价单-0825更新/手机相关/华为2.jpg,1,1.0,visual_0825_source_crosschecked
20260825-8305fffa316e0f2cce3e-01,2026-08-25,手机,device,华为,华为Nova系列,nova13,MES-AL00,nova13,统货,/,CNY/台,异折算统货90,image,华为2.jpg,数码网报价单-0825更新/手机相关/华为2.jpg,1,1.0,visual_0825_source_crosschecked
20260825-b507a3066226008f3b0a-01,2026-08-25,手机,device,华为,华为Nova系列,nova13 pro,TLS-AL00,nova13 pro,开机靓好,350,CNY/台,/,image,华为2.jpg,数码网报价单-0825更新/手机相关/华为2.jpg,1,1.0,visual_0825_source_crosschecked
20260825-113ce1466e3c73b15645-01,2026-08-25,手机,device,华为,华为Nova系列,nova13 pro,TLS-AL00,nova13 pro,开机好碎,300,CNY/台,/,image,华为2.jpg,数码网报价单-0825更新/手机相关/华为2.jpg,1,1.0,visual_0825_source_crosschecked
20260825-2743a5ebffd2b5019d49-01,2026-08-25,手机,device,华为,华为Nova系列,nova13 pro,TLS-AL00,nova13 pro,开机碎屏,90,CNY/台,/,image,华为2.jpg,数码网报价单-0825更新/手机相关/华为2.jpg,1,1.0,visual_0825_source_crosschecked
20260825-16035086adc26d219cc0-01,2026-08-25,手机,device,华为,华为Nova系列,nova13 pro,TLS-AL00,nova13 pro,开机坏配件,90,CNY/台,/,image,华为2.jpg,数码网报价单-0825更新/手机相关/华为2.jpg,1,1.0,visual_0825_source_crosschecked
20260825-931a4050930907cdbcc9-01,2026-08-25,手机,device,华为,华为Nova系列,nova13 pro,TLS-AL00,nova13 pro,不开机,90,CNY/台,/,image,华为2.jpg,数码网报价单-0825更新/手机相关/华为2.jpg,1,1.0,visual_0825_source_crosschecked
20260825-c5369b93416af5d65940-01,2026-08-25,手机,device,华为,华为Nova系列,nova13 pro,TLS-AL00,nova13 pro,废板·整机,90,CNY/台,/,image,华为2.jpg,数码网报价单-0825更新/手机相关/华为2.jpg,1,1.0,visual_0825_source_crosschecked
20260825-f898a894077c87c817c2-01,2026-08-25,手机,device,华为,华为Nova系列,nova13 pro,TLS-AL00,nova13 pro,统货,/,CNY/台,/,image,华为2.jpg,数码网报价单-0825更新/手机相关/华为2.jpg,1,1.0,visual_0825_source_crosschecked
20260825-9e6fc97517e99826842d-01,2026-08-25,手机,device,华为,华为Nova系列,nova13ultra,TLS-AL00,nova13ultra,开机靓好,400,CNY/台,开机芯片无破损 烧坏打字不计,image,华为2.jpg,数码网报价单-0825更新/手机相关/华为2.jpg,1,1.0,visual_0825_source_crosschecked
20260825-9ac00bf88f7e3aea3db6-01,2026-08-25,手机,device,华为,华为Nova系列,nova13ultra,TLS-AL00,nova13ultra,开机好碎,350,CNY/台,开机芯片无破损 烧坏打字不计,image,华为2.jpg,数码网报价单-0825更新/手机相关/华为2.jpg,1,1.0,visual_0825_source_crosschecked
20260825-886c18d4ea5607ebbc11-01,2026-08-25,手机,device,华为,华为Nova系列,nova13ultra,TLS-AL00,nova13ultra,开机碎屏,90,CNY/台,开机芯片无破损 烧坏打字不计,image,华为2.jpg,数码网报价单-0825更新/手机相关/华为2.jpg,1,1.0,visual_0825_source_crosschecked
20260825-0496176d130ad4eba7be-01,2026-08-25,手机,device,华为,华为Nova系列,nova13ultra,TLS-AL00,nova13ultra,开机坏配件,90,CNY/台,开机芯片无破损 烧坏打字不计,image,华为2.jpg,数码网报价单-0825更新/手机相关/华为2.jpg,1,1.0,visual_0825_source_crosschecked
20260825-9aec7ee2729168e76ddf-01,2026-08-25,手机,device,华为,华为Nova系列,nova13ultra,TLS-AL00,nova13ultra,不开机,90,CNY/台,开机芯片无破损 烧坏打字不计,image,华为2.jpg,数码网报价单-0825更新/手机相关/华为2.jpg,1,1.0,visual_0825_source_crosschecked
20260825-76d49380246c1372f414-01,2026-08-25,手机,device,华为,华为Nova系列,nova13ultra,TLS-AL00,nova13ultra,废板·整机,90,CNY/台,开机芯片无破损 烧坏打字不计,image,华为2.jpg,数码网报价单-0825更新/手机相关/华为2.jpg,1,1.0,visual_0825_source_crosschecked
20260825-9b25d9eb0e2876851120-01,2026-08-25,手机,device,华为,华为Nova系列,nova13ultra,TLS-AL00,nova13ultra,统货,/,CNY/台,开机芯片无破损 烧坏打字不计,image,华为2.jpg,数码网报价单-0825更新/手机相关/华为2.jpg,1,1.0,visual_0825_source_crosschecked
20260825-6b174cfab28d0858c8e0-01,2026-08-25,手机,device,华为,华为Nova系列,nova13 lite,/,nova13 lite,开机靓好,1,CNY/台,/,image,华为2.jpg,数码网报价单-0825更新/手机相关/华为2.jpg,1,1.0,visual_0825_source_crosschecked
20260825-daf7f59184008e7a9380-01,2026-08-25,手机,device,华为,华为Nova系列,nova13 lite,/,nova13 lite,开机好碎,1,CNY/台,/,image,华为2.jpg,数码网报价单-0825更新/手机相关/华为2.jpg,1,1.0,visual_0825_source_crosschecked
20260825-c7cf6c1f222282128d98-01,2026-08-25,手机,device,华为,华为Nova系列,nova13 lite,/,nova13 lite,开机碎屏,1,CNY/台,/,image,华为2.jpg,数码网报价单-0825更新/手机相关/华为2.jpg,1,1.0,visual_0825_source_crosschecked
20260825-8d75ca93d42a537aa437-01,2026-08-25,手机,device,华为,华为Nova系列,nova13 lite,/,nova13 lite,开机坏配件,1,CNY/台,/,image,华为2.jpg,数码网报价单-0825更新/手机相关/华为2.jpg,1,1.0,visual_0825_source_crosschecked
20260825-d46b167ac8e25b867873-01,2026-08-25,手机,device,华为,华为Nova系列,nova13 lite,/,nova13 lite,不开机,90,CNY/台,/,image,华为2.jpg,数码网报价单-0825更新/手机相关/华为2.jpg,1,1.0,visual_0825_source_crosschecked
20260825-85ee8aad00c04b959dd5-01,2026-08-25,手机,device,华为,华为Nova系列,nova13 lite,/,nova13 lite,废板·整机,90,CNY/台,/,image,华为2.jpg,数码网报价单-0825更新/手机相关/华为2.jpg,1,1.0,visual_0825_source_crosschecked
20260825-d773f00ecbb187ab87e9-01,2026-08-25,手机,device,华为,华为Nova系列,nova13 lite,/,nova13 lite,统货,/,CNY/台,/,image,华为2.jpg,数码网报价单-0825更新/手机相关/华为2.jpg,1,1.0,visual_0825_source_crosschecked
20260825-8a33ff9bc6ebed0e5694-01,2026-08-25,手机,device,华为,华为Nova系列,nova12ultra,ADA-AL00,nova12ultra,开机靓好,350,CNY/台,开机芯片无破损 烧坏打字不计,image,华为2.jpg,数码网报价单-0825更新/手机相关/华为2.jpg,1,1.0,visual_0825_source_crosschecked
20260825-beb18e5e56d85624cc11-01,2026-08-25,手机,device,华为,华为Nova系列,nova12ultra,ADA-AL00,nova12ultra,开机好碎,250,CNY/台,开机芯片无破损 烧坏打字不计,image,华为2.jpg,数码网报价单-0825更新/手机相关/华为2.jpg,1,1.0,visual_0825_source_crosschecked
20260825-f11b2a2afed092727700-01,2026-08-25,手机,device,华为,华为Nova系列,nova12ultra,ADA-AL00,nova12ultra,开机碎屏,160,CNY/台,开机芯片无破损 烧坏打字不计,image,华为2.jpg,数码网报价单-0825更新/手机相关/华为2.jpg,1,1.0,visual_0825_source_crosschecked
20260825-564e92e0eb68885e6a24-01,2026-08-25,手机,device,华为,华为Nova系列,nova12ultra,ADA-AL00,nova12ultra,开机坏配件,160,CNY/台,开机芯片无破损 烧坏打字不计,image,华为2.jpg,数码网报价单-0825更新/手机相关/华为2.jpg,1,1.0,visual_0825_source_crosschecked
20260825-e35fbbb85e271b4ef7ca-01,2026-08-25,手机,device,华为,华为Nova系列,nova12ultra,ADA-AL00,nova12ultra,不开机,160,CNY/台,开机芯片无破损 烧坏打字不计,image,华为2.jpg,数码网报价单-0825更新/手机相关/华为2.jpg,1,1.0,visual_0825_source_crosschecked
20260825-02937065212e47467f4f-01,2026-08-25,手机,device,华为,华为Nova系列,nova12ultra,ADA-AL00,nova12ultra,废板·整机,160,CNY/台,开机芯片无破损 烧坏打字不计,image,华为2.jpg,数码网报价单-0825更新/手机相关/华为2.jpg,1,1.0,visual_0825_source_crosschecked
20260825-04bf464a76785074471e-01,2026-08-25,手机,device,华为,华为Nova系列,nova12ultra,ADA-AL00,nova12ultra,统货,/,CNY/台,开机芯片无破损 烧坏打字不计,image,华为2.jpg,数码网报价单-0825更新/手机相关/华为2.jpg,1,1.0,visual_0825_source_crosschecked
20260825-172f3f6d3532103dda32-01,2026-08-25,手机,device,华为,华为Nova系列,nova12pro(12+256),ADA-AL00,nova12pro(12+256),开机靓好,450,CNY/台,主板开机排线好C,image,华为2.jpg,数码网报价单-0825更新/手机相关/华为2.jpg,1,1.0,visual_0825_source_crosschecked
20260825-4aeca194b3786e28ee7a-01,2026-08-25,手机,device,华为,华为Nova系列,nova12pro(12+256),ADA-AL00,nova12pro(12+256),开机好碎,400,CNY/台,主板开机排线好C,image,华为2.jpg,数码网报价单-0825更新/手机相关/华为2.jpg,1,1.0,visual_0825_source_crosschecked
20260825-4180da9114f621193e11-01,2026-08-25,手机,device,华为,华为Nova系列,nova12pro(12+256),ADA-AL00,nova12pro(12+256),开机碎屏,160,CNY/台,主板开机排线好C,image,华为2.jpg,数码网报价单-0825更新/手机相关/华为2.jpg,1,1.0,visual_0825_source_crosschecked
20260825-b894968421f176fdd58f-01,2026-08-25,手机,device,华为,华为Nova系列,nova12pro(12+256),ADA-AL00,nova12pro(12+256),开机坏配件,160,CNY/台,主板开机排线好C,image,华为2.jpg,数码网报价单-0825更新/手机相关/华为2.jpg,1,1.0,visual_0825_source_crosschecked
20260825-821f46ebffdd14ffa3f9-01,2026-08-25,手机,device,华为,华为Nova系列,nova12pro(12+256),ADA-AL00,nova12pro(12+256),不开机,160,CNY/台,主板开机排线好C,image,华为2.jpg,数码网报价单-0825更新/手机相关/华为2.jpg,1,1.0,visual_0825_source_crosschecked
20260825-25bfc360e039514440e6-01,2026-08-25,手机,device,华为,华为Nova系列,nova12pro(12+256),ADA-AL00,nova12pro(12+256),废板·整机,160,CNY/台,主板开机排线好C,image,华为2.jpg,数码网报价单-0825更新/手机相关/华为2.jpg,1,1.0,visual_0825_source_crosschecked
20260825-3915d65016754bc98278-01,2026-08-25,手机,device,华为,华为Nova系列,nova12pro(12+256),ADA-AL00,nova12pro(12+256),统货,/,CNY/台,主板开机排线好C,image,华为2.jpg,数码网报价单-0825更新/手机相关/华为2.jpg,1,1.0,visual_0825_source_crosschecked
20260825-2b7550b494a1f43d0de2-01,2026-08-25,手机,device,华为,华为Nova系列,nova12(12+256),FIN-AL60,nova12(12+256),开机靓好,400,CNY/台,开机芯片无破损,image,华为2.jpg,数码网报价单-0825更新/手机相关/华为2.jpg,1,1.0,visual_0825_source_crosschecked
20260825-22c5e196ce08299f8ef8-01,2026-08-25,手机,device,华为,华为Nova系列,nova12(12+256),FIN-AL60,nova12(12+256),开机好碎,400,CNY/台,开机芯片无破损,image,华为2.jpg,数码网报价单-0825更新/手机相关/华为2.jpg,1,1.0,visual_0825_source_crosschecked
20260825-63aea58a8f65011eb7ef-01,2026-08-25,手机,device,华为,华为Nova系列,nova12(12+256),FIN-AL60,nova12(12+256),开机碎屏,220,CNY/台,开机芯片无破损,image,华为2.jpg,数码网报价单-0825更新/手机相关/华为2.jpg,1,1.0,visual_0825_source_crosschecked
20260825-dae9963be21101979d81-01,2026-08-25,手机,device,华为,华为Nova系列,nova12(12+256),FIN-AL60,nova12(12+256),开机坏配件,220,CNY/台,开机芯片无破损,image,华为2.jpg,数码网报价单-0825更新/手机相关/华为2.jpg,1,1.0,visual_0825_source_crosschecked
20260825-d452876e8c8903a74d8e-01,2026-08-25,手机,device,华为,华为Nova系列,nova12(12+256),FIN-AL60,nova12(12+256),不开机,220,CNY/台,开机芯片无破损,image,华为2.jpg,数码网报价单-0825更新/手机相关/华为2.jpg,1,1.0,visual_0825_source_crosschecked
20260825-577b00a872348eb8295f-01,2026-08-25,手机,device,华为,华为Nova系列,nova12(12+256),FIN-AL60,nova12(12+256),废板·整机,220,CNY/台,开机芯片无破损,image,华为2.jpg,数码网报价单-0825更新/手机相关/华为2.jpg,1,1.0,visual_0825_source_crosschecked
20260825-6d0d3f5131833e3eb8d1-01,2026-08-25,手机,device,华为,华为Nova系列,nova12(12+256),FIN-AL60,nova12(12+256),统货,/,CNY/台,开机芯片无破损,image,华为2.jpg,数码网报价单-0825更新/手机相关/华为2.jpg,1,1.0,visual_0825_source_crosschecked
20260825-840a362ad3623ec18834-01,2026-08-25,手机,device,华为,华为Nova系列,nova12活力版,FIN-AL60,nova12活力版,开机靓好,220,CNY/台,开机芯片无破损 烧坏打字不计,image,华为2.jpg,数码网报价单-0825更新/手机相关/华为2.jpg,1,1.0,visual_0825_source_crosschecked
20260825-93fa907eee17da72a8fc-01,2026-08-25,手机,device,华为,华为Nova系列,nova12活力版,FIN-AL60,nova12活力版,开机好碎,220,CNY/台,开机芯片无破损 烧坏打字不计,image,华为2.jpg,数码网报价单-0825更新/手机相关/华为2.jpg,1,1.0,visual_0825_source_crosschecked
20260825-1c835920b9eca6c98784-01,2026-08-25,手机,device,华为,华为Nova系列,nova12活力版,FIN-AL60,nova12活力版,开机碎屏,220,CNY/台,开机芯片无破损 烧坏打字不计,image,华为2.jpg,数码网报价单-0825更新/手机相关/华为2.jpg,1,1.0,visual_0825_source_crosschecked
20260825-1d8ea46d21063c5524d1-01,2026-08-25,手机,device,华为,华为Nova系列,nova12活力版,FIN-AL60,nova12活力版,开机坏配件,220,CNY/台,开机芯片无破损 烧坏打字不计,image,华为2.jpg,数码网报价单-0825更新/手机相关/华为2.jpg,1,1.0,visual_0825_source_crosschecked
20260825-31220dafb9cd975c6db1-01,2026-08-25,手机,device,华为,华为Nova系列,nova12活力版,FIN-AL60,nova12活力版,不开机,220,CNY/台,开机芯片无破损 烧坏打字不计,image,华为2.jpg,数码网报价单-0825更新/手机相关/华为2.jpg,1,1.0,visual_0825_source_crosschecked
20260825-918adc8c0846ab7346c0-01,2026-08-25,手机,device,华为,华为Nova系列,nova12活力版,FIN-AL60,nova12活力版,废板·整机,220,CNY/台,开机芯片无破损 烧坏打字不计,image,华为2.jpg,数码网报价单-0825更新/手机相关/华为2.jpg,1,1.0,visual_0825_source_crosschecked
20260825-41b4e3fa422e36bfc59f-01,2026-08-25,手机,device,华为,华为Nova系列,nova12活力版,FIN-AL60,nova12活力版,统货,/,CNY/台,开机芯片无破损 烧坏打字不计,image,华为2.jpg,数码网报价单-0825更新/手机相关/华为2.jpg,1,1.0,visual_0825_source_crosschecked
20260825-33a049ceb700ad117016-01,2026-08-25,手机,device,华为,华为Nova系列,nova12 se(512),BND-AL00,nova12 se(512),开机靓好,175,CNY/台,主板小板短板DOC,image,华为2.jpg,数码网报价单-0825更新/手机相关/华为2.jpg,1,1.0,visual_0825_source_crosschecked
20260825-7a826d522a754e422277-01,2026-08-25,手机,device,华为,华为Nova系列,nova12 se(512),BND-AL00,nova12 se(512),开机好碎,175,CNY/台,主板小板短板DOC,image,华为2.jpg,数码网报价单-0825更新/手机相关/华为2.jpg,1,1.0,visual_0825_source_crosschecked
20260825-ad0001333c86c61f85d5-01,2026-08-25,手机,device,华为,华为Nova系列,nova12 se(512),BND-AL00,nova12 se(512),开机碎屏,175,CNY/台,主板小板短板DOC,image,华为2.jpg,数码网报价单-0825更新/手机相关/华为2.jpg,1,1.0,visual_0825_source_crosschecked
20260825-3b4a0411a6909b590a70-01,2026-08-25,手机,device,华为,华为Nova系列,nova12 se(512),BND-AL00,nova12 se(512),开机坏配件,175,CNY/台,主板小板短板DOC,image,华为2.jpg,数码网报价单-0825更新/手机相关/华为2.jpg,1,1.0,visual_0825_source_crosschecked
20260825-d93e4ce14fdd2efd1f90-01,2026-08-25,手机,device,华为,华为Nova系列,nova12 se(512),BND-AL00,nova12 se(512),不开机,175,CNY/台,主板小板短板DOC,image,华为2.jpg,数码网报价单-0825更新/手机相关/华为2.jpg,1,1.0,visual_0825_source_crosschecked
20260825-2805c6bf07e840998f10-01,2026-08-25,手机,device,华为,华为Nova系列,nova12 se(512),BND-AL00,nova12 se(512),废板·整机,175,CNY/台,主板小板短板DOC,image,华为2.jpg,数码网报价单-0825更新/手机相关/华为2.jpg,1,1.0,visual_0825_source_crosschecked
20260825-114584ee16b98fa3408e-01,2026-08-25,手机,device,华为,华为Nova系列,nova12 se(512),BND-AL00,nova12 se(512),统货,/,CNY/台,主板小板短板DOC,image,华为2.jpg,数码网报价单-0825更新/手机相关/华为2.jpg,1,1.0,visual_0825_source_crosschecked
20260825-26ef377b5a6698e900ff-01,2026-08-25,手机,device,华为,华为Nova系列,nova12 se(256),BND-AL00,nova12 se(256),开机靓好,175,CNY/台,主板小板短板DOC,image,华为2.jpg,数码网报价单-0825更新/手机相关/华为2.jpg,1,1.0,visual_0825_source_crosschecked
20260825-450670d60d32872f9668-01,2026-08-25,手机,device,华为,华为Nova系列,nova12 se(256),BND-AL00,nova12 se(256),开机好碎,175,CNY/台,主板小板短板DOC,image,华为2.jpg,数码网报价单-0825更新/手机相关/华为2.jpg,1,1.0,visual_0825_source_crosschecked
20260825-367508e94e73e624631e-01,2026-08-25,手机,device,华为,华为Nova系列,nova12 se(256),BND-AL00,nova12 se(256),开机碎屏,175,CNY/台,主板小板短板DOC,image,华为2.jpg,数码网报价单-0825更新/手机相关/华为2.jpg,1,1.0,visual_0825_source_crosschecked
20260825-a1fb29cf60bd997c7ee8-01,2026-08-25,手机,device,华为,华为Nova系列,nova12 se(256),BND-AL00,nova12 se(256),开机坏配件,175,CNY/台,主板小板短板DOC,image,华为2.jpg,数码网报价单-0825更新/手机相关/华为2.jpg,1,1.0,visual_0825_source_crosschecked
20260825-0235f196658df7e939a8-01,2026-08-25,手机,device,华为,华为Nova系列,nova12 se(256),BND-AL00,nova12 se(256),不开机,175,CNY/台,主板小板短板DOC,image,华为2.jpg,数码网报价单-0825更新/手机相关/华为2.jpg,1,1.0,visual_0825_source_crosschecked
20260825-8b92e793735391176ab7-01,2026-08-25,手机,device,华为,华为Nova系列,nova12 se(256),BND-AL00,nova12 se(256),废板·整机,175,CNY/台,主板小板短板DOC,image,华为2.jpg,数码网报价单-0825更新/手机相关/华为2.jpg,1,1.0,visual_0825_source_crosschecked
20260825-8f784e223ad9ff753d2e-01,2026-08-25,手机,device,华为,华为Nova系列,nova12 se(256),BND-AL00,nova12 se(256),统货,/,CNY/台,主板小板短板DOC,image,华为2.jpg,数码网报价单-0825更新/手机相关/华为2.jpg,1,1.0,visual_0825_source_crosschecked
20260825-88ae6e6b352bd54f2ca3-01,2026-08-25,手机,device,华为,华为Nova系列,Nova 11 Ultra,GOA-AL80,Nova 11 Ultra,开机靓好,170,CNY/台,/,image,华为2.jpg,数码网报价单-0825更新/手机相关/华为2.jpg,1,1.0,visual_0825_source_crosschecked
20260825-a0ef58734335ecc32297-01,2026-08-25,手机,device,华为,华为Nova系列,Nova 11 Ultra,GOA-AL80,Nova 11 Ultra,开机好碎,170,CNY/台,/,image,华为2.jpg,数码网报价单-0825更新/手机相关/华为2.jpg,1,1.0,visual_0825_source_crosschecked
20260825-1d048046c67e43dca3d2-01,2026-08-25,手机,device,华为,华为Nova系列,Nova 11 Ultra,GOA-AL80,Nova 11 Ultra,开机碎屏,170,CNY/台,/,image,华为2.jpg,数码网报价单-0825更新/手机相关/华为2.jpg,1,1.0,visual_0825_source_crosschecked
20260825-a07863938a95bb003fcc-01,2026-08-25,手机,device,华为,华为Nova系列,Nova 11 Ultra,GOA-AL80,Nova 11 Ultra,开机坏配件,170,CNY/台,/,image,华为2.jpg,数码网报价单-0825更新/手机相关/华为2.jpg,1,1.0,visual_0825_source_crosschecked
20260825-9cbc53a4176149c46f90-01,2026-08-25,手机,device,华为,华为Nova系列,Nova 11 Ultra,GOA-AL80,Nova 11 Ultra,不开机,170,CNY/台,/,image,华为2.jpg,数码网报价单-0825更新/手机相关/华为2.jpg,1,1.0,visual_0825_source_crosschecked
20260825-706e7866b0f3f4c8687c-01,2026-08-25,手机,device,华为,华为Nova系列,Nova 11 Ultra,GOA-AL80,Nova 11 Ultra,废板·整机,170,CNY/台,/,image,华为2.jpg,数码网报价单-0825更新/手机相关/华为2.jpg,1,1.0,visual_0825_source_crosschecked
20260825-c96a3e5f86c687c6eadb-01,2026-08-25,手机,device,华为,华为Nova系列,Nova 11 Ultra,GOA-AL80,Nova 11 Ultra,统货,/,CNY/台,/,image,华为2.jpg,数码网报价单-0825更新/手机相关/华为2.jpg,1,1.0,visual_0825_source_crosschecked
20260825-15919c9b138e990b1694-01,2026-08-25,手机,device,华为,华为Nova系列,Nova 11 Pro 4G,GOA-AL80,Nova 11 Pro 4G,开机靓好,170,CNY/台,主板小板短板DOC,image,华为2.jpg,数码网报价单-0825更新/手机相关/华为2.jpg,1,1.0,visual_0825_source_crosschecked
20260825-149fba3ace3eabbbe8c1-01,2026-08-25,手机,device,华为,华为Nova系列,Nova 11 Pro 4G,GOA-AL80,Nova 11 Pro 4G,开机好碎,170,CNY/台,主板小板短板DOC,image,华为2.jpg,数码网报价单-0825更新/手机相关/华为2.jpg,1,1.0,visual_0825_source_crosschecked
20260825-495f6f938bfcf284e202-01,2026-08-25,手机,device,华为,华为Nova系列,Nova 11 Pro 4G,GOA-AL80,Nova 11 Pro 4G,开机碎屏,170,CNY/台,主板小板短板DOC,image,华为2.jpg,数码网报价单-0825更新/手机相关/华为2.jpg,1,1.0,visual_0825_source_crosschecked
20260825-a08bbca20db26db3526c-01,2026-08-25,手机,device,华为,华为Nova系列,Nova 11 Pro 4G,GOA-AL80,Nova 11 Pro 4G,开机坏配件,170,CNY/台,主板小板短板DOC,image,华为2.jpg,数码网报价单-0825更新/手机相关/华为2.jpg,1,1.0,visual_0825_source_crosschecked
20260825-d22121b4bffa9febebf9-01,2026-08-25,手机,device,华为,华为Nova系列,Nova 11 Pro 4G,GOA-AL80,Nova 11 Pro 4G,不开机,170,CNY/台,主板小板短板DOC,image,华为2.jpg,数码网报价单-0825更新/手机相关/华为2.jpg,1,1.0,visual_0825_source_crosschecked
20260825-a9b07f079c96ceb76cfd-01,2026-08-25,手机,device,华为,华为Nova系列,Nova 11 Pro 4G,GOA-AL80,Nova 11 Pro 4G,废板·整机,170,CNY/台,主板小板短板DOC,image,华为2.jpg,数码网报价单-0825更新/手机相关/华为2.jpg,1,1.0,visual_0825_source_crosschecked
20260825-8a7371fbd536624dbeab-01,2026-08-25,手机,device,华为,华为Nova系列,Nova 11 Pro 4G,GOA-AL80,Nova 11 Pro 4G,统货,/,CNY/台,主板小板短板DOC,image,华为2.jpg,数码网报价单-0825更新/手机相关/华为2.jpg,1,1.0,visual_0825_source_crosschecked
20260825-f37d9b3be195c03f5673-01,2026-08-25,手机,device,华为,华为Nova系列,nova11(8+256),FOA-AL00,nova11(8+256),开机靓好,170,CNY/台,主板小板短板DOC,image,华为2.jpg,数码网报价单-0825更新/手机相关/华为2.jpg,1,1.0,visual_0825_source_crosschecked
20260825-1e1c80aaf4ac907d033d-01,2026-08-25,手机,device,华为,华为Nova系列,nova11(8+256),FOA-AL00,nova11(8+256),开机好碎,170,CNY/台,主板小板短板DOC,image,华为2.jpg,数码网报价单-0825更新/手机相关/华为2.jpg,1,1.0,visual_0825_source_crosschecked
20260825-bcd8abd630b593d3eea7-01,2026-08-25,手机,device,华为,华为Nova系列,nova11(8+256),FOA-AL00,nova11(8+256),开机碎屏,170,CNY/台,主板小板短板DOC,image,华为2.jpg,数码网报价单-0825更新/手机相关/华为2.jpg,1,1.0,visual_0825_source_crosschecked
20260825-c539d87dcac5f9385c90-01,2026-08-25,手机,device,华为,华为Nova系列,nova11(8+256),FOA-AL00,nova11(8+256),开机坏配件,170,CNY/台,主板小板短板DOC,image,华为2.jpg,数码网报价单-0825更新/手机相关/华为2.jpg,1,1.0,visual_0825_source_crosschecked
20260825-0776c08d32cece1c0216-01,2026-08-25,手机,device,华为,华为Nova系列,nova11(8+256),FOA-AL00,nova11(8+256),不开机,170,CNY/台,主板小板短板DOC,image,华为2.jpg,数码网报价单-0825更新/手机相关/华为2.jpg,1,1.0,visual_0825_source_crosschecked
20260825-7145ecb5f55e3813ecef-01,2026-08-25,手机,device,华为,华为Nova系列,nova11(8+256),FOA-AL00,nova11(8+256),废板·整机,170,CNY/台,主板小板短板DOC,image,华为2.jpg,数码网报价单-0825更新/手机相关/华为2.jpg,1,1.0,visual_0825_source_crosschecked
20260825-e93d39dfe4d698706356-01,2026-08-25,手机,device,华为,华为Nova系列,nova11(8+256),FOA-AL00,nova11(8+256),统货,/,CNY/台,主板小板短板DOC,image,华为2.jpg,数码网报价单-0825更新/手机相关/华为2.jpg,1,1.0,visual_0825_source_crosschecked
20260825-0d46373d75bf3ae6d365-01,2026-08-25,手机,device,华为,华为Nova系列,Nova11活力版,FOA-AL00,Nova11活力版,开机靓好,220,CNY/台,主板小板短板DOC,image,华为2.jpg,数码网报价单-0825更新/手机相关/华为2.jpg,1,1.0,visual_0825_source_crosschecked
20260825-ccc4febf199dc74aee43-01,2026-08-25,手机,device,华为,华为Nova系列,Nova11活力版,FOA-AL00,Nova11活力版,开机好碎,220,CNY/台,主板小板短板DOC,image,华为2.jpg,数码网报价单-0825更新/手机相关/华为2.jpg,1,1.0,visual_0825_source_crosschecked
20260825-217493500a4f21199f18-01,2026-08-25,手机,device,华为,华为Nova系列,Nova11活力版,FOA-AL00,Nova11活力版,开机碎屏,220,CNY/台,主板小板短板DOC,image,华为2.jpg,数码网报价单-0825更新/手机相关/华为2.jpg,1,1.0,visual_0825_source_crosschecked
20260825-9cd654b6cd3f809ca8b2-01,2026-08-25,手机,device,华为,华为Nova系列,Nova11活力版,FOA-AL00,Nova11活力版,开机坏配件,220,CNY/台,主板小板短板DOC,image,华为2.jpg,数码网报价单-0825更新/手机相关/华为2.jpg,1,1.0,visual_0825_source_crosschecked
20260825-b65dab3197c11caacab9-01,2026-08-25,手机,device,华为,华为Nova系列,Nova11活力版,FOA-AL00,Nova11活力版,不开机,220,CNY/台,主板小板短板DOC,image,华为2.jpg,数码网报价单-0825更新/手机相关/华为2.jpg,1,1.0,visual_0825_source_crosschecked
20260825-1b6045cc15a4bb03e842-01,2026-08-25,手机,device,华为,华为Nova系列,Nova11活力版,FOA-AL00,Nova11活力版,废板·整机,220,CNY/台,主板小板短板DOC,image,华为2.jpg,数码网报价单-0825更新/手机相关/华为2.jpg,1,1.0,visual_0825_source_crosschecked
20260825-7455ba7487143138752e-01,2026-08-25,手机,device,华为,华为Nova系列,Nova11活力版,FOA-AL00,Nova11活力版,统货,/,CNY/台,主板小板短板DOC,image,华为2.jpg,数码网报价单-0825更新/手机相关/华为2.jpg,1,1.0,visual_0825_source_crosschecked
20260825-a5a8a50d34ed4bab5048-01,2026-08-25,手机,device,华为,华为Nova系列,nova11 se(256),BON-AL00,nova11 se(256),开机靓好,220,CNY/台,/,image,华为2.jpg,数码网报价单-0825更新/手机相关/华为2.jpg,1,1.0,visual_0825_source_crosschecked
20260825-13b56900a786859748ec-01,2026-08-25,手机,device,华为,华为Nova系列,nova11 se(256),BON-AL00,nova11 se(256),开机好碎,220,CNY/台,/,image,华为2.jpg,数码网报价单-0825更新/手机相关/华为2.jpg,1,1.0,visual_0825_source_crosschecked
20260825-b9f826bf48dfb1fd3b9f-01,2026-08-25,手机,device,华为,华为Nova系列,nova11 se(256),BON-AL00,nova11 se(256),开机碎屏,220,CNY/台,/,image,华为2.jpg,数码网报价单-0825更新/手机相关/华为2.jpg,1,1.0,visual_0825_source_crosschecked
20260825-ecf2639c00c204f82a59-01,2026-08-25,手机,device,华为,华为Nova系列,nova11 se(256),BON-AL00,nova11 se(256),开机坏配件,220,CNY/台,/,image,华为2.jpg,数码网报价单-0825更新/手机相关/华为2.jpg,1,1.0,visual_0825_source_crosschecked
20260825-84fb6f6bdb9be64307ad-01,2026-08-25,手机,device,华为,华为Nova系列,nova11 se(256),BON-AL00,nova11 se(256),不开机,220,CNY/台,/,image,华为2.jpg,数码网报价单-0825更新/手机相关/华为2.jpg,1,1.0,visual_0825_source_crosschecked
20260825-b652e66c6a73e015253b-01,2026-08-25,手机,device,华为,华为Nova系列,nova11 se(256),BON-AL00,nova11 se(256),废板·整机,220,CNY/台,/,image,华为2.jpg,数码网报价单-0825更新/手机相关/华为2.jpg,1,1.0,visual_0825_source_crosschecked
20260825-03abee8b77a7cde58a7b-01,2026-08-25,手机,device,华为,华为Nova系列,nova11 se(256),BON-AL00,nova11 se(256),统货,/,CNY/台,/,image,华为2.jpg,数码网报价单-0825更新/手机相关/华为2.jpg,1,1.0,visual_0825_source_crosschecked
20260825-a8bf2cfa65a725d5f5f4-01,2026-08-25,手机,device,华为,华为Nova系列,nova11 se(128),BON-AL00,nova11 se(128),开机靓好,170,CNY/台,主板小板短板DOC,image,华为2.jpg,数码网报价单-0825更新/手机相关/华为2.jpg,1,1.0,visual_0825_source_crosschecked
20260825-d2818667d331bc15c12f-01,2026-08-25,手机,device,华为,华为Nova系列,nova11 se(128),BON-AL00,nova11 se(128),开机好碎,170,CNY/台,主板小板短板DOC,image,华为2.jpg,数码网报价单-0825更新/手机相关/华为2.jpg,1,1.0,visual_0825_source_crosschecked
20260825-c701f970e3d3a0090554-01,2026-08-25,手机,device,华为,华为Nova系列,nova11 se(128),BON-AL00,nova11 se(128),开机碎屏,170,CNY/台,主板小板短板DOC,image,华为2.jpg,数码网报价单-0825更新/手机相关/华为2.jpg,1,1.0,visual_0825_source_crosschecked
20260825-386b8cc773bb5ec8fda9-01,2026-08-25,手机,device,华为,华为Nova系列,nova11 se(128),BON-AL00,nova11 se(128),开机坏配件,170,CNY/台,主板小板短板DOC,image,华为2.jpg,数码网报价单-0825更新/手机相关/华为2.jpg,1,1.0,visual_0825_source_crosschecked
20260825-7c7654a07e2dcaa65edc-01,2026-08-25,手机,device,华为,华为Nova系列,nova11 se(128),BON-AL00,nova11 se(128),不开机,170,CNY/台,主板小板短板DOC,image,华为2.jpg,数码网报价单-0825更新/手机相关/华为2.jpg,1,1.0,visual_0825_source_crosschecked
20260825-28e0e75865592cea2f41-01,2026-08-25,手机,device,华为,华为Nova系列,nova11 se(128),BON-AL00,nova11 se(128),废板·整机,170,CNY/台,主板小板短板DOC,image,华为2.jpg,数码网报价单-0825更新/手机相关/华为2.jpg,1,1.0,visual_0825_source_crosschecked
20260825-3a3692384fc87dc4dcb0-01,2026-08-25,手机,device,华为,华为Nova系列,nova11 se(128),BON-AL00,nova11 se(128),统货,/,CNY/台,主板小板短板DOC,image,华为2.jpg,数码网报价单-0825更新/手机相关/华为2.jpg,1,1.0,visual_0825_source_crosschecked
20260825-1a6679131f3ecceb9989-01,2026-08-25,手机,device,华为,华为Nova系列,Nova10pro(8+256),GLA-AL00,Nova10pro(8+256),开机靓好,220,CNY/台,主板小板短板DOC,image,华为2.jpg,数码网报价单-0825更新/手机相关/华为2.jpg,1,1.0,visual_0825_source_crosschecked
20260825-06508034e476279aa3c9-01,2026-08-25,手机,device,华为,华为Nova系列,Nova10pro(8+256),GLA-AL00,Nova10pro(8+256),开机好碎,220,CNY/台,主板小板短板DOC,image,华为2.jpg,数码网报价单-0825更新/手机相关/华为2.jpg,1,1.0,visual_0825_source_crosschecked
20260825-05d987c0a090bf3dbfd8-01,2026-08-25,手机,device,华为,华为Nova系列,Nova10pro(8+256),GLA-AL00,Nova10pro(8+256),开机碎屏,220,CNY/台,主板小板短板DOC,image,华为2.jpg,数码网报价单-0825更新/手机相关/华为2.jpg,1,1.0,visual_0825_source_crosschecked
20260825-a91a9ed6b5a3df8c5cec-01,2026-08-25,手机,device,华为,华为Nova系列,Nova10pro(8+256),GLA-AL00,Nova10pro(8+256),开机坏配件,220,CNY/台,主板小板短板DOC,image,华为2.jpg,数码网报价单-0825更新/手机相关/华为2.jpg,1,1.0,visual_0825_source_crosschecked
20260825-be15307a7e6703c3a203-01,2026-08-25,手机,device,华为,华为Nova系列,Nova10pro(8+256),GLA-AL00,Nova10pro(8+256),不开机,220,CNY/台,主板小板短板DOC,image,华为2.jpg,数码网报价单-0825更新/手机相关/华为2.jpg,1,1.0,visual_0825_source_crosschecked
20260825-42521ce1ad2cc1aff9a8-01,2026-08-25,手机,device,华为,华为Nova系列,Nova10pro(8+256),GLA-AL00,Nova10pro(8+256),废板·整机,220,CNY/台,主板小板短板DOC,image,华为2.jpg,数码网报价单-0825更新/手机相关/华为2.jpg,1,1.0,visual_0825_source_crosschecked
20260825-1ef97b11dd1637319aef-01,2026-08-25,手机,device,华为,华为Nova系列,Nova10pro(8+256),GLA-AL00,Nova10pro(8+256),统货,/,CNY/台,主板小板短板DOC,image,华为2.jpg,数码网报价单-0825更新/手机相关/华为2.jpg,1,1.0,visual_0825_source_crosschecked
20260825-800089037caf1fccbbdd-01,2026-08-25,手机,device,华为,华为Nova系列,Nova10(8+256),NCO-AL00,Nova10(8+256),开机靓好,170,CNY/台,/,image,华为2.jpg,数码网报价单-0825更新/手机相关/华为2.jpg,1,1.0,visual_0825_source_crosschecked
20260825-93d009709238ea5029a7-01,2026-08-25,手机,device,华为,华为Nova系列,Nova10(8+256),NCO-AL00,Nova10(8+256),开机好碎,170,CNY/台,/,image,华为2.jpg,数码网报价单-0825更新/手机相关/华为2.jpg,1,1.0,visual_0825_source_crosschecked
20260825-86ad2ba2af152de4da7b-01,2026-08-25,手机,device,华为,华为Nova系列,Nova10(8+256),NCO-AL00,Nova10(8+256),开机碎屏,170,CNY/台,/,image,华为2.jpg,数码网报价单-0825更新/手机相关/华为2.jpg,1,1.0,visual_0825_source_crosschecked
20260825-fd91de135f8a1182fbe8-01,2026-08-25,手机,device,华为,华为Nova系列,Nova10(8+256),NCO-AL00,Nova10(8+256),开机坏配件,170,CNY/台,/,image,华为2.jpg,数码网报价单-0825更新/手机相关/华为2.jpg,1,1.0,visual_0825_source_crosschecked
20260825-8d2b7e44a2f84eeb56a8-01,2026-08-25,手机,device,华为,华为Nova系列,Nova10(8+256),NCO-AL00,Nova10(8+256),不开机,170,CNY/台,/,image,华为2.jpg,数码网报价单-0825更新/手机相关/华为2.jpg,1,1.0,visual_0825_source_crosschecked
20260825-0143aeb8f0c0406f0ad5-01,2026-08-25,手机,device,华为,华为Nova系列,Nova10(8+256),NCO-AL00,Nova10(8+256),废板·整机,170,CNY/台,/,image,华为2.jpg,数码网报价单-0825更新/手机相关/华为2.jpg,1,1.0,visual_0825_source_crosschecked
20260825-4db66d7139ce8e5f1719-01,2026-08-25,手机,device,华为,华为Nova系列,Nova10(8+256),NCO-AL00,Nova10(8+256),统货,/,CNY/台,/,image,华为2.jpg,数码网报价单-0825更新/手机相关/华为2.jpg,1,1.0,visual_0825_source_crosschecked
20260825-8c1788b1fdfc32b87e07-01,2026-08-25,手机,device,华为,华为Nova系列,Nova10(8+128),NCO-AL00,Nova10(8+128),开机靓好,170,CNY/台,/,image,华为2.jpg,数码网报价单-0825更新/手机相关/华为2.jpg,1,1.0,visual_0825_source_crosschecked
20260825-498011bacaa3f379d9f0-01,2026-08-25,手机,device,华为,华为Nova系列,Nova10(8+128),NCO-AL00,Nova10(8+128),开机好碎,170,CNY/台,/,image,华为2.jpg,数码网报价单-0825更新/手机相关/华为2.jpg,1,1.0,visual_0825_source_crosschecked
20260825-6255f46c30b6ae5444d6-01,2026-08-25,手机,device,华为,华为Nova系列,Nova10(8+128),NCO-AL00,Nova10(8+128),开机碎屏,170,CNY/台,/,image,华为2.jpg,数码网报价单-0825更新/手机相关/华为2.jpg,1,1.0,visual_0825_source_crosschecked
20260825-d5d219c0658c8490cb43-01,2026-08-25,手机,device,华为,华为Nova系列,Nova10(8+128),NCO-AL00,Nova10(8+128),开机坏配件,170,CNY/台,/,image,华为2.jpg,数码网报价单-0825更新/手机相关/华为2.jpg,1,1.0,visual_0825_source_crosschecked
20260825-a648f24e685c639b2f3b-01,2026-08-25,手机,device,华为,华为Nova系列,Nova10(8+128),NCO-AL00,Nova10(8+128),不开机,170,CNY/台,/,image,华为2.jpg,数码网报价单-0825更新/手机相关/华为2.jpg,1,1.0,visual_0825_source_crosschecked
20260825-6636590d358e5ee33bba-01,2026-08-25,手机,device,华为,华为Nova系列,Nova10(8+128),NCO-AL00,Nova10(8+128),废板·整机,170,CNY/台,/,image,华为2.jpg,数码网报价单-0825更新/手机相关/华为2.jpg,1,1.0,visual_0825_source_crosschecked
20260825-3bf86ad3b5bb88279f4d-01,2026-08-25,手机,device,华为,华为Nova系列,Nova10(8+128),NCO-AL00,Nova10(8+128),统货,/,CNY/台,/,image,华为2.jpg,数码网报价单-0825更新/手机相关/华为2.jpg,1,1.0,visual_0825_source_crosschecked
20260825-ce7b013ebbe354fa034c-01,2026-08-25,手机,device,华为,华为Nova系列,Nova10z,BNE-AL00,Nova10z,开机靓好,170,CNY/台,开机芯片无破损,image,华为2.jpg,数码网报价单-0825更新/手机相关/华为2.jpg,1,1.0,visual_0825_source_crosschecked
20260825-7fbbd4d41d892c3c7d94-01,2026-08-25,手机,device,华为,华为Nova系列,Nova10z,BNE-AL00,Nova10z,开机好碎,170,CNY/台,开机芯片无破损,image,华为2.jpg,数码网报价单-0825更新/手机相关/华为2.jpg,1,1.0,visual_0825_source_crosschecked
20260825-fdf7dd938dbe07f50b1f-01,2026-08-25,手机,device,华为,华为Nova系列,Nova10z,BNE-AL00,Nova10z,开机碎屏,170,CNY/台,开机芯片无破损,image,华为2.jpg,数码网报价单-0825更新/手机相关/华为2.jpg,1,1.0,visual_0825_source_crosschecked
20260825-a533d3700f732c99f50a-01,2026-08-25,手机,device,华为,华为Nova系列,Nova10z,BNE-AL00,Nova10z,开机坏配件,170,CNY/台,开机芯片无破损,image,华为2.jpg,数码网报价单-0825更新/手机相关/华为2.jpg,1,1.0,visual_0825_source_crosschecked
20260825-61787d16824e2dafcb3e-01,2026-08-25,手机,device,华为,华为Nova系列,Nova10z,BNE-AL00,Nova10z,不开机,170,CNY/台,开机芯片无破损,image,华为2.jpg,数码网报价单-0825更新/手机相关/华为2.jpg,1,1.0,visual_0825_source_crosschecked
20260825-5b800d983a1386e54ce5-01,2026-08-25,手机,device,华为,华为Nova系列,Nova10z,BNE-AL00,Nova10z,废板·整机,170,CNY/台,开机芯片无破损,image,华为2.jpg,数码网报价单-0825更新/手机相关/华为2.jpg,1,1.0,visual_0825_source_crosschecked
20260825-f30db8df9db846c90d21-01,2026-08-25,手机,device,华为,华为Nova系列,Nova10z,BNE-AL00,Nova10z,统货,/,CNY/台,开机芯片无破损,image,华为2.jpg,数码网报价单-0825更新/手机相关/华为2.jpg,1,1.0,visual_0825_source_crosschecked
20260825-0462cae71d32cf5df83d-01,2026-08-25,手机,device,华为,华为Nova系列,Nova10SE,BNE-AL00,Nova10SE,开机靓好,170,CNY/台,主板小板短板DOC,image,华为2.jpg,数码网报价单-0825更新/手机相关/华为2.jpg,1,1.0,visual_0825_source_crosschecked
20260825-66d7397495dd48e744c2-01,2026-08-25,手机,device,华为,华为Nova系列,Nova10SE,BNE-AL00,Nova10SE,开机好碎,170,CNY/台,主板小板短板DOC,image,华为2.jpg,数码网报价单-0825更新/手机相关/华为2.jpg,1,1.0,visual_0825_source_crosschecked
20260825-829ee721ad82b6b42e1d-01,2026-08-25,手机,device,华为,华为Nova系列,Nova10SE,BNE-AL00,Nova10SE,开机碎屏,170,CNY/台,主板小板短板DOC,image,华为2.jpg,数码网报价单-0825更新/手机相关/华为2.jpg,1,1.0,visual_0825_source_crosschecked
20260825-87affa543f812526e72c-01,2026-08-25,手机,device,华为,华为Nova系列,Nova10SE,BNE-AL00,Nova10SE,开机坏配件,170,CNY/台,主板小板短板DOC,image,华为2.jpg,数码网报价单-0825更新/手机相关/华为2.jpg,1,1.0,visual_0825_source_crosschecked
20260825-48e3aa00f738c453687f-01,2026-08-25,手机,device,华为,华为Nova系列,Nova10SE,BNE-AL00,Nova10SE,不开机,170,CNY/台,主板小板短板DOC,image,华为2.jpg,数码网报价单-0825更新/手机相关/华为2.jpg,1,1.0,visual_0825_source_crosschecked
20260825-6ae22b570ce743769c31-01,2026-08-25,手机,device,华为,华为Nova系列,Nova10SE,BNE-AL00,Nova10SE,废板·整机,170,CNY/台,主板小板短板DOC,image,华为2.jpg,数码网报价单-0825更新/手机相关/华为2.jpg,1,1.0,visual_0825_source_crosschecked
20260825-d178986c8652fec90753-01,2026-08-25,手机,device,华为,华为Nova系列,Nova10SE,BNE-AL00,Nova10SE,统货,/,CNY/台,主板小板短板DOC,image,华为2.jpg,数码网报价单-0825更新/手机相关/华为2.jpg,1,1.0,visual_0825_source_crosschecked
20260825-8b2443a365e4486d01cd-01,2026-08-25,手机,device,华为,华为Nova系列,nova10青春版,BNE-AL00,nova10青春版,开机靓好,170,CNY/台,/,image,华为2.jpg,数码网报价单-0825更新/手机相关/华为2.jpg,1,1.0,visual_0825_source_crosschecked
20260825-1c3d336389926e4d974b-01,2026-08-25,手机,device,华为,华为Nova系列,nova10青春版,BNE-AL00,nova10青春版,开机好碎,170,CNY/台,/,image,华为2.jpg,数码网报价单-0825更新/手机相关/华为2.jpg,1,1.0,visual_0825_source_crosschecked
20260825-e3c60af40262e39140fb-01,2026-08-25,手机,device,华为,华为Nova系列,nova10青春版,BNE-AL00,nova10青春版,开机碎屏,170,CNY/台,/,image,华为2.jpg,数码网报价单-0825更新/手机相关/华为2.jpg,1,1.0,visual_0825_source_crosschecked
20260825-6cac4a3f094a684bc5d3-01,2026-08-25,手机,device,华为,华为Nova系列,nova10青春版,BNE-AL00,nova10青春版,开机坏配件,170,CNY/台,/,image,华为2.jpg,数码网报价单-0825更新/手机相关/华为2.jpg,1,1.0,visual_0825_source_crosschecked
20260825-1410279495752555ec2e-01,2026-08-25,手机,device,华为,华为Nova系列,nova10青春版,BNE-AL00,nova10青春版,不开机,170,CNY/台,/,image,华为2.jpg,数码网报价单-0825更新/手机相关/华为2.jpg,1,1.0,visual_0825_source_crosschecked
20260825-eed748cc7e8e0fd106be-01,2026-08-25,手机,device,华为,华为Nova系列,nova10青春版,BNE-AL00,nova10青春版,废板·整机,170,CNY/台,/,image,华为2.jpg,数码网报价单-0825更新/手机相关/华为2.jpg,1,1.0,visual_0825_source_crosschecked
20260825-4c7165153ffccfd558bd-01,2026-08-25,手机,device,华为,华为Nova系列,nova10青春版,BNE-AL00,nova10青春版,统货,/,CNY/台,/,image,华为2.jpg,数码网报价单-0825更新/手机相关/华为2.jpg,1,1.0,visual_0825_source_crosschecked
20260825-2affc9dd2486639dc9b8-01,2026-08-25,手机,device,华为,华为Nova系列,nova10 pro,NCO-AL00,nova10 pro,开机靓好,220,CNY/台,主板小板短板DOC,image,华为2.jpg,数码网报价单-0825更新/手机相关/华为2.jpg,1,1.0,visual_0825_source_crosschecked
20260825-90e30184d69352a96738-01,2026-08-25,手机,device,华为,华为Nova系列,nova10 pro,NCO-AL00,nova10 pro,开机好碎,220,CNY/台,主板小板短板DOC,image,华为2.jpg,数码网报价单-0825更新/手机相关/华为2.jpg,1,1.0,visual_0825_source_crosschecked
20260825-8b005c8bc80f91dc2851-01,2026-08-25,手机,device,华为,华为Nova系列,nova10 pro,NCO-AL00,nova10 pro,开机碎屏,220,CNY/台,主板小板短板DOC,image,华为2.jpg,数码网报价单-0825更新/手机相关/华为2.jpg,1,1.0,visual_0825_source_crosschecked
20260825-600d6dc0b2a45fba3c30-01,2026-08-25,手机,device,华为,华为Nova系列,nova10 pro,NCO-AL00,nova10 pro,开机坏配件,220,CNY/台,主板小板短板DOC,image,华为2.jpg,数码网报价单-0825更新/手机相关/华为2.jpg,1,1.0,visual_0825_source_crosschecked
20260825-f0d1ea096617b1399f0c-01,2026-08-25,手机,device,华为,华为Nova系列,nova10 pro,NCO-AL00,nova10 pro,不开机,220,CNY/台,主板小板短板DOC,image,华为2.jpg,数码网报价单-0825更新/手机相关/华为2.jpg,1,1.0,visual_0825_source_crosschecked
20260825-ac3f53e9215886a858b1-01,2026-08-25,手机,device,华为,华为Nova系列,nova10 pro,NCO-AL00,nova10 pro,废板·整机,220,CNY/台,主板小板短板DOC,image,华为2.jpg,数码网报价单-0825更新/手机相关/华为2.jpg,1,1.0,visual_0825_source_crosschecked
20260825-e85d681bf5e59b65ce68-01,2026-08-25,手机,device,华为,华为Nova系列,nova10 pro,NCO-AL00,nova10 pro,统货,/,CNY/台,主板小板短板DOC,image,华为2.jpg,数码网报价单-0825更新/手机相关/华为2.jpg,1,1.0,visual_0825_source_crosschecked
20260825-e7a71e7c0483e7a824cd-01,2026-08-25,手机,device,华为,华为Nova系列,nova10,NCO-AL00,nova10,开机靓好,220,CNY/台,主板小板短板TIA,image,华为2.jpg,数码网报价单-0825更新/手机相关/华为2.jpg,1,1.0,visual_0825_source_crosschecked
20260825-a9f8054f342ad26e4d53-01,2026-08-25,手机,device,华为,华为Nova系列,nova10,NCO-AL00,nova10,开机好碎,220,CNY/台,主板小板短板TIA,image,华为2.jpg,数码网报价单-0825更新/手机相关/华为2.jpg,1,1.0,visual_0825_source_crosschecked
20260825-c76dbe38c447cc04a471-01,2026-08-25,手机,device,华为,华为Nova系列,nova10,NCO-AL00,nova10,开机碎屏,220,CNY/台,主板小板短板TIA,image,华为2.jpg,数码网报价单-0825更新/手机相关/华为2.jpg,1,1.0,visual_0825_source_crosschecked
20260825-bec61d936af71aa1cb89-01,2026-08-25,手机,device,华为,华为Nova系列,nova10,NCO-AL00,nova10,开机坏配件,220,CNY/台,主板小板短板TIA,image,华为2.jpg,数码网报价单-0825更新/手机相关/华为2.jpg,1,1.0,visual_0825_source_crosschecked
20260825-c6def5b9ee1c207c7a46-01,2026-08-25,手机,device,华为,华为Nova系列,nova10,NCO-AL00,nova10,不开机,220,CNY/台,主板小板短板TIA,image,华为2.jpg,数码网报价单-0825更新/手机相关/华为2.jpg,1,1.0,visual_0825_source_crosschecked
20260825-002f8646a4c1158e7497-01,2026-08-25,手机,device,华为,华为Nova系列,nova10,NCO-AL00,nova10,废板·整机,220,CNY/台,主板小板短板TIA,image,华为2.jpg,数码网报价单-0825更新/手机相关/华为2.jpg,1,1.0,visual_0825_source_crosschecked
20260825-ab1046b0da2ae0cec269-01,2026-08-25,手机,device,华为,华为Nova系列,nova10,NCO-AL00,nova10,统货,/,CNY/台,主板小板短板TIA,image,华为2.jpg,数码网报价单-0825更新/手机相关/华为2.jpg,1,1.0,visual_0825_source_crosschecked
20260825-b710e6e9aaa8f8af4985-01,2026-08-25,手机,device,华为,华为Nova系列,nova9 Pro (8+128),RTE-AL00,nova9 Pro (8+128),开机靓好,170,CNY/台,要求开机主板靓,image,华为2.jpg,数码网报价单-0825更新/手机相关/华为2.jpg,1,1.0,visual_0825_source_crosschecked
20260825-718cfa6d09108f894232-01,2026-08-25,手机,device,华为,华为Nova系列,nova9 Pro (8+128),RTE-AL00,nova9 Pro (8+128),开机好碎,170,CNY/台,要求开机主板靓,image,华为2.jpg,数码网报价单-0825更新/手机相关/华为2.jpg,1,1.0,visual_0825_source_crosschecked
20260825-8353187f982311e889cd-01,2026-08-25,手机,device,华为,华为Nova系列,nova9 Pro (8+128),RTE-AL00,nova9 Pro (8+128),开机碎屏,170,CNY/台,要求开机主板靓,image,华为2.jpg,数码网报价单-0825更新/手机相关/华为2.jpg,1,1.0,visual_0825_source_crosschecked
20260825-f2705f5ce3fe4c672244-01,2026-08-25,手机,device,华为,华为Nova系列,nova9 Pro (8+128),RTE-AL00,nova9 Pro (8+128),开机坏配件,170,CNY/台,要求开机主板靓,image,华为2.jpg,数码网报价单-0825更新/手机相关/华为2.jpg,1,1.0,visual_0825_source_crosschecked
20260825-fecc8e4ff171772317d8-01,2026-08-25,手机,device,华为,华为Nova系列,nova9 Pro (8+128),RTE-AL00,nova9 Pro (8+128),不开机,170,CNY/台,要求开机主板靓,image,华为2.jpg,数码网报价单-0825更新/手机相关/华为2.jpg,1,1.0,visual_0825_source_crosschecked
20260825-50b60f19eb6b97ae1e7a-01,2026-08-25,手机,device,华为,华为Nova系列,nova9 Pro (8+128),RTE-AL00,nova9 Pro (8+128),废板·整机,170,CNY/台,要求开机主板靓,image,华为2.jpg,数码网报价单-0825更新/手机相关/华为2.jpg,1,1.0,visual_0825_source_crosschecked
20260825-705d65e69d196e880478-01,2026-08-25,手机,device,华为,华为Nova系列,nova9 Pro (8+128),RTE-AL00,nova9 Pro (8+128),统货,/,CNY/台,要求开机主板靓,image,华为2.jpg,数码网报价单-0825更新/手机相关/华为2.jpg,1,1.0,visual_0825_source_crosschecked
20260825-edc8ae5ef7a34f1adb78-01,2026-08-25,手机,device,华为,华为Nova系列,Nova9se,JLN-AL00,Nova9se,开机靓好,170,CNY/台,/,image,华为2.jpg,数码网报价单-0825更新/手机相关/华为2.jpg,1,1.0,visual_0825_source_crosschecked
20260825-b2975db4326c5cc05b48-01,2026-08-25,手机,device,华为,华为Nova系列,Nova9se,JLN-AL00,Nova9se,开机好碎,170,CNY/台,/,image,华为2.jpg,数码网报价单-0825更新/手机相关/华为2.jpg,1,1.0,visual_0825_source_crosschecked
20260825-fb23b26d450018e7d39a-01,2026-08-25,手机,device,华为,华为Nova系列,Nova9se,JLN-AL00,Nova9se,开机碎屏,170,CNY/台,/,image,华为2.jpg,数码网报价单-0825更新/手机相关/华为2.jpg,1,1.0,visual_0825_source_crosschecked
20260825-be2772bc3c8a1c5339c5-01,2026-08-25,手机,device,华为,华为Nova系列,Nova9se,JLN-AL00,Nova9se,开机坏配件,170,CNY/台,/,image,华为2.jpg,数码网报价单-0825更新/手机相关/华为2.jpg,1,1.0,visual_0825_source_crosschecked
20260825-7b49678c51d63bf1f4f9-01,2026-08-25,手机,device,华为,华为Nova系列,Nova9se,JLN-AL00,Nova9se,不开机,170,CNY/台,/,image,华为2.jpg,数码网报价单-0825更新/手机相关/华为2.jpg,1,1.0,visual_0825_source_crosschecked
20260825-b876dd6b6ad221b0e4f9-01,2026-08-25,手机,device,华为,华为Nova系列,Nova9se,JLN-AL00,Nova9se,废板·整机,170,CNY/台,/,image,华为2.jpg,数码网报价单-0825更新/手机相关/华为2.jpg,1,1.0,visual_0825_source_crosschecked
20260825-0a290424de773a81ba73-01,2026-08-25,手机,device,华为,华为Nova系列,Nova9se,JLN-AL00,Nova9se,统货,/,CNY/台,/,image,华为2.jpg,数码网报价单-0825更新/手机相关/华为2.jpg,1,1.0,visual_0825_source_crosschecked
20260825-642ad3094808dc1be797-01,2026-08-25,手机,device,华为,华为Nova系列,Nova9(8+256),RTL-AL00,Nova9(8+256),开机靓好,220,CNY/台,/,image,华为2.jpg,数码网报价单-0825更新/手机相关/华为2.jpg,1,1.0,visual_0825_source_crosschecked
20260825-3db31bb5a9f2b99d34e7-01,2026-08-25,手机,device,华为,华为Nova系列,Nova9(8+256),RTL-AL00,Nova9(8+256),开机好碎,220,CNY/台,/,image,华为2.jpg,数码网报价单-0825更新/手机相关/华为2.jpg,1,1.0,visual_0825_source_crosschecked
20260825-8c16c6ce625dfe8f2980-01,2026-08-25,手机,device,华为,华为Nova系列,Nova9(8+256),RTL-AL00,Nova9(8+256),开机碎屏,220,CNY/台,/,image,华为2.jpg,数码网报价单-0825更新/手机相关/华为2.jpg,1,1.0,visual_0825_source_crosschecked
20260825-02bbbb2d5fd42c5f2b64-01,2026-08-25,手机,device,华为,华为Nova系列,Nova9(8+256),RTL-AL00,Nova9(8+256),开机坏配件,220,CNY/台,/,image,华为2.jpg,数码网报价单-0825更新/手机相关/华为2.jpg,1,1.0,visual_0825_source_crosschecked
20260825-56c0ed514e81fb61dc5f-01,2026-08-25,手机,device,华为,华为Nova系列,Nova9(8+256),RTL-AL00,Nova9(8+256),不开机,220,CNY/台,/,image,华为2.jpg,数码网报价单-0825更新/手机相关/华为2.jpg,1,1.0,visual_0825_source_crosschecked
20260825-4db6575c10ec3b883c34-01,2026-08-25,手机,device,华为,华为Nova系列,Nova9(8+256),RTL-AL00,Nova9(8+256),废板·整机,220,CNY/台,/,image,华为2.jpg,数码网报价单-0825更新/手机相关/华为2.jpg,1,1.0,visual_0825_source_crosschecked
20260825-bb98e3384a52accb16f4-01,2026-08-25,手机,device,华为,华为Nova系列,Nova9(8+256),RTL-AL00,Nova9(8+256),统货,/,CNY/台,/,image,华为2.jpg,数码网报价单-0825更新/手机相关/华为2.jpg,1,1.0,visual_0825_source_crosschecked
20260825-42116fac0858bbee602d-01,2026-08-25,手机,device,华为,华为Nova系列,Nova9(8+128),NAM-AL00,Nova9(8+128),开机靓好,170,CNY/台,/,image,华为2.jpg,数码网报价单-0825更新/手机相关/华为2.jpg,1,1.0,visual_0825_source_crosschecked
20260825-68b50493a82b384cb59c-01,2026-08-25,手机,device,华为,华为Nova系列,Nova9(8+128),NAM-AL00,Nova9(8+128),开机好碎,170,CNY/台,/,image,华为2.jpg,数码网报价单-0825更新/手机相关/华为2.jpg,1,1.0,visual_0825_source_crosschecked
20260825-f71fde6ac45b6a5b19c2-01,2026-08-25,手机,device,华为,华为Nova系列,Nova9(8+128),NAM-AL00,Nova9(8+128),开机碎屏,170,CNY/台,/,image,华为2.jpg,数码网报价单-0825更新/手机相关/华为2.jpg,1,1.0,visual_0825_source_crosschecked
20260825-0f681854576600aa6d86-01,2026-08-25,手机,device,华为,华为Nova系列,Nova9(8+128),NAM-AL00,Nova9(8+128),开机坏配件,170,CNY/台,/,image,华为2.jpg,数码网报价单-0825更新/手机相关/华为2.jpg,1,1.0,visual_0825_source_crosschecked
20260825-8753e40ce367efda28a8-01,2026-08-25,手机,device,华为,华为Nova系列,Nova9(8+128),NAM-AL00,Nova9(8+128),不开机,170,CNY/台,/,image,华为2.jpg,数码网报价单-0825更新/手机相关/华为2.jpg,1,1.0,visual_0825_source_crosschecked
20260825-6ead6166f76befaaa90f-01,2026-08-25,手机,device,华为,华为Nova系列,Nova9(8+128),NAM-AL00,Nova9(8+128),废板·整机,170,CNY/台,/,image,华为2.jpg,数码网报价单-0825更新/手机相关/华为2.jpg,1,1.0,visual_0825_source_crosschecked
20260825-fc1de4b04e19b248a176-01,2026-08-25,手机,device,华为,华为Nova系列,Nova9(8+128),NAM-AL00,Nova9(8+128),统货,/,CNY/台,/,image,华为2.jpg,数码网报价单-0825更新/手机相关/华为2.jpg,1,1.0,visual_0825_source_crosschecked
20260825-08804de9858fb7f2c735-01,2026-08-25,手机,device,华为,华为Nova系列,Nova8 Pro 5G,BRQ-AN00,Nova8 Pro 5G,开机靓好,170,CNY/台,/,image,华为2.jpg,数码网报价单-0825更新/手机相关/华为2.jpg,1,1.0,visual_0825_source_crosschecked
20260825-6284ab68980e10d420c2-01,2026-08-25,手机,device,华为,华为Nova系列,Nova8 Pro 5G,BRQ-AN00,Nova8 Pro 5G,开机好碎,170,CNY/台,/,image,华为2.jpg,数码网报价单-0825更新/手机相关/华为2.jpg,1,1.0,visual_0825_source_crosschecked
20260825-c119d13d712b41a921ec-01,2026-08-25,手机,device,华为,华为Nova系列,Nova8 Pro 5G,BRQ-AN00,Nova8 Pro 5G,开机碎屏,170,CNY/台,/,image,华为2.jpg,数码网报价单-0825更新/手机相关/华为2.jpg,1,1.0,visual_0825_source_crosschecked
20260825-714ac28002d523217e4e-01,2026-08-25,手机,device,华为,华为Nova系列,Nova8 Pro 5G,BRQ-AN00,Nova8 Pro 5G,开机坏配件,170,CNY/台,/,image,华为2.jpg,数码网报价单-0825更新/手机相关/华为2.jpg,1,1.0,visual_0825_source_crosschecked
20260825-8233ffb7c9922a33ea01-01,2026-08-25,手机,device,华为,华为Nova系列,Nova8 Pro 5G,BRQ-AN00,Nova8 Pro 5G,不开机,170,CNY/台,/,image,华为2.jpg,数码网报价单-0825更新/手机相关/华为2.jpg,1,1.0,visual_0825_source_crosschecked
20260825-8038e04af42af05f2e4d-01,2026-08-25,手机,device,华为,华为Nova系列,Nova8 Pro 5G,BRQ-AN00,Nova8 Pro 5G,废板·整机,170,CNY/台,/,image,华为2.jpg,数码网报价单-0825更新/手机相关/华为2.jpg,1,1.0,visual_0825_source_crosschecked
20260825-f587c0565bb1653e1a35-01,2026-08-25,手机,device,华为,华为Nova系列,Nova8 Pro 5G,BRQ-AN00,Nova8 Pro 5G,统货,/,CNY/台,/,image,华为2.jpg,数码网报价单-0825更新/手机相关/华为2.jpg,1,1.0,visual_0825_source_crosschecked
20260825-43fbf4c2de9cc80440cf-01,2026-08-25,手机,device,华为,华为Nova系列,Nova8 Pro 4G,BRQ-AL00,Nova8 Pro 4G,开机靓好,170,CNY/台,/,image,华为2.jpg,数码网报价单-0825更新/手机相关/华为2.jpg,1,1.0,visual_0825_source_crosschecked
20260825-aa6d5f6390e25178a215-01,2026-08-25,手机,device,华为,华为Nova系列,Nova8 Pro 4G,BRQ-AL00,Nova8 Pro 4G,开机好碎,170,CNY/台,/,image,华为2.jpg,数码网报价单-0825更新/手机相关/华为2.jpg,1,1.0,visual_0825_source_crosschecked
20260825-2d16e2ac440e5609b99c-01,2026-08-25,手机,device,华为,华为Nova系列,Nova8 Pro 4G,BRQ-AL00,Nova8 Pro 4G,开机碎屏,170,CNY/台,/,image,华为2.jpg,数码网报价单-0825更新/手机相关/华为2.jpg,1,1.0,visual_0825_source_crosschecked
20260825-8edab848a055f84afe9b-01,2026-08-25,手机,device,华为,华为Nova系列,Nova8 Pro 4G,BRQ-AL00,Nova8 Pro 4G,开机坏配件,170,CNY/台,/,image,华为2.jpg,数码网报价单-0825更新/手机相关/华为2.jpg,1,1.0,visual_0825_source_crosschecked
20260825-2ba847c124e354cbfca1-01,2026-08-25,手机,device,华为,华为Nova系列,Nova8 Pro 4G,BRQ-AL00,Nova8 Pro 4G,不开机,170,CNY/台,/,image,华为2.jpg,数码网报价单-0825更新/手机相关/华为2.jpg,1,1.0,visual_0825_source_crosschecked
20260825-368409bd495162d271d1-01,2026-08-25,手机,device,华为,华为Nova系列,Nova8 Pro 4G,BRQ-AL00,Nova8 Pro 4G,废板·整机,170,CNY/台,/,image,华为2.jpg,数码网报价单-0825更新/手机相关/华为2.jpg,1,1.0,visual_0825_source_crosschecked
20260825-1551b2bf47389344ae57-01,2026-08-25,手机,device,华为,华为Nova系列,Nova8 Pro 4G,BRQ-AL00,Nova8 Pro 4G,统货,/,CNY/台,/,image,华为2.jpg,数码网报价单-0825更新/手机相关/华为2.jpg,1,1.0,visual_0825_source_crosschecked
20260825-16ce205be874eeef9615-01,2026-08-25,手机,device,华为,华为Nova系列,Nova8 5G,ANG-AN00,Nova8 5G,开机靓好,170,CNY/台,/,image,华为2.jpg,数码网报价单-0825更新/手机相关/华为2.jpg,1,1.0,visual_0825_source_crosschecked
20260825-ef1a2b2859f144da66d4-01,2026-08-25,手机,device,华为,华为Nova系列,Nova8 5G,ANG-AN00,Nova8 5G,开机好碎,170,CNY/台,/,image,华为2.jpg,数码网报价单-0825更新/手机相关/华为2.jpg,1,1.0,visual_0825_source_crosschecked
20260825-f410aca9c51ee9829df2-01,2026-08-25,手机,device,华为,华为Nova系列,Nova8 5G,ANG-AN00,Nova8 5G,开机碎屏,170,CNY/台,/,image,华为2.jpg,数码网报价单-0825更新/手机相关/华为2.jpg,1,1.0,visual_0825_source_crosschecked
20260825-cd23f130a9bb62be5593-01,2026-08-25,手机,device,华为,华为Nova系列,Nova8 5G,ANG-AN00,Nova8 5G,开机坏配件,170,CNY/台,/,image,华为2.jpg,数码网报价单-0825更新/手机相关/华为2.jpg,1,1.0,visual_0825_source_crosschecked
20260825-f6779d5808647a8f5d18-01,2026-08-25,手机,device,华为,华为Nova系列,Nova8 5G,ANG-AN00,Nova8 5G,不开机,170,CNY/台,/,image,华为2.jpg,数码网报价单-0825更新/手机相关/华为2.jpg,1,1.0,visual_0825_source_crosschecked
20260825-8737743d5905887642de-01,2026-08-25,手机,device,华为,华为Nova系列,Nova8 5G,ANG-AN00,Nova8 5G,废板·整机,170,CNY/台,/,image,华为2.jpg,数码网报价单-0825更新/手机相关/华为2.jpg,1,1.0,visual_0825_source_crosschecked
20260825-03bb713e7b778552c0a2-01,2026-08-25,手机,device,华为,华为Nova系列,Nova8 5G,ANG-AN00,Nova8 5G,统货,/,CNY/台,/,image,华为2.jpg,数码网报价单-0825更新/手机相关/华为2.jpg,1,1.0,visual_0825_source_crosschecked
20260825-1f89394f4f72293d2211-01,2026-08-25,手机,device,华为,华为Nova系列,Nova8 4G,ANG-AL00,Nova8 4G,开机靓好,170,CNY/台,/,image,华为2.jpg,数码网报价单-0825更新/手机相关/华为2.jpg,1,1.0,visual_0825_source_crosschecked
20260825-ab4bd6622a84307d779c-01,2026-08-25,手机,device,华为,华为Nova系列,Nova8 4G,ANG-AL00,Nova8 4G,开机好碎,170,CNY/台,/,image,华为2.jpg,数码网报价单-0825更新/手机相关/华为2.jpg,1,1.0,visual_0825_source_crosschecked
20260825-9edab86e8fbf15a9932c-01,2026-08-25,手机,device,华为,华为Nova系列,Nova8 4G,ANG-AL00,Nova8 4G,开机碎屏,170,CNY/台,/,image,华为2.jpg,数码网报价单-0825更新/手机相关/华为2.jpg,1,1.0,visual_0825_source_crosschecked
20260825-540c5d25b8a7c276bdff-01,2026-08-25,手机,device,华为,华为Nova系列,Nova8 4G,ANG-AL00,Nova8 4G,开机坏配件,170,CNY/台,/,image,华为2.jpg,数码网报价单-0825更新/手机相关/华为2.jpg,1,1.0,visual_0825_source_crosschecked
20260825-cba19c329d003b2cece1-01,2026-08-25,手机,device,华为,华为Nova系列,Nova8 4G,ANG-AL00,Nova8 4G,不开机,170,CNY/台,/,image,华为2.jpg,数码网报价单-0825更新/手机相关/华为2.jpg,1,1.0,visual_0825_source_crosschecked
20260825-70b5ef1b8b2065f51787-01,2026-08-25,手机,device,华为,华为Nova系列,Nova8 4G,ANG-AL00,Nova8 4G,废板·整机,170,CNY/台,/,image,华为2.jpg,数码网报价单-0825更新/手机相关/华为2.jpg,1,1.0,visual_0825_source_crosschecked
20260825-6d8f4bd481c4b2447bba-01,2026-08-25,手机,device,华为,华为Nova系列,Nova8 4G,ANG-AL00,Nova8 4G,统货,/,CNY/台,/,image,华为2.jpg,数码网报价单-0825更新/手机相关/华为2.jpg,1,1.0,visual_0825_source_crosschecked
20260825-6f6cde74465a06a6a160-01,2026-08-25,手机,device,华为,华为Nova系列,Nova8 se4G,JSC-AL00,Nova8 se4G,开机靓好,170,CNY/台,/,image,华为2.jpg,数码网报价单-0825更新/手机相关/华为2.jpg,1,1.0,visual_0825_source_crosschecked
20260825-14203cd81ad9b4db6357-01,2026-08-25,手机,device,华为,华为Nova系列,Nova8 se4G,JSC-AL00,Nova8 se4G,开机好碎,170,CNY/台,/,image,华为2.jpg,数码网报价单-0825更新/手机相关/华为2.jpg,1,1.0,visual_0825_source_crosschecked
20260825-345587eb082309b949c7-01,2026-08-25,手机,device,华为,华为Nova系列,Nova8 se4G,JSC-AL00,Nova8 se4G,开机碎屏,170,CNY/台,/,image,华为2.jpg,数码网报价单-0825更新/手机相关/华为2.jpg,1,1.0,visual_0825_source_crosschecked
20260825-6ddb04bac381f33deea5-01,2026-08-25,手机,device,华为,华为Nova系列,Nova8 se4G,JSC-AL00,Nova8 se4G,开机坏配件,170,CNY/台,/,image,华为2.jpg,数码网报价单-0825更新/手机相关/华为2.jpg,1,1.0,visual_0825_source_crosschecked
20260825-cbafdf32c0cf781b2296-01,2026-08-25,手机,device,华为,华为Nova系列,Nova8 se4G,JSC-AL00,Nova8 se4G,不开机,170,CNY/台,/,image,华为2.jpg,数码网报价单-0825更新/手机相关/华为2.jpg,1,1.0,visual_0825_source_crosschecked
20260825-6b8832161f4dd9bfad64-01,2026-08-25,手机,device,华为,华为Nova系列,Nova8 se4G,JSC-AL00,Nova8 se4G,废板·整机,170,CNY/台,/,image,华为2.jpg,数码网报价单-0825更新/手机相关/华为2.jpg,1,1.0,visual_0825_source_crosschecked
20260825-91bc0e9d396af538bf46-01,2026-08-25,手机,device,华为,华为Nova系列,Nova8 se4G,JSC-AL00,Nova8 se4G,统货,/,CNY/台,/,image,华为2.jpg,数码网报价单-0825更新/手机相关/华为2.jpg,1,1.0,visual_0825_source_crosschecked
20260825-aca92e64fe1336e83e94-01,2026-08-25,手机,device,华为,华为Nova系列,Nova8se活力版,CHL-AL00,Nova8se活力版,开机靓好,170,CNY/台,/,image,华为2.jpg,数码网报价单-0825更新/手机相关/华为2.jpg,1,1.0,visual_0825_source_crosschecked
20260825-e7c176711b3a1d9cebe3-01,2026-08-25,手机,device,华为,华为Nova系列,Nova8se活力版,CHL-AL00,Nova8se活力版,开机好碎,170,CNY/台,/,image,华为2.jpg,数码网报价单-0825更新/手机相关/华为2.jpg,1,1.0,visual_0825_source_crosschecked
20260825-d49b242489ca8d6d1f2b-01,2026-08-25,手机,device,华为,华为Nova系列,Nova8se活力版,CHL-AL00,Nova8se活力版,开机碎屏,170,CNY/台,/,image,华为2.jpg,数码网报价单-0825更新/手机相关/华为2.jpg,1,1.0,visual_0825_source_crosschecked
20260825-beb31af0c7ccc8f82812-01,2026-08-25,手机,device,华为,华为Nova系列,Nova8se活力版,CHL-AL00,Nova8se活力版,开机坏配件,170,CNY/台,/,image,华为2.jpg,数码网报价单-0825更新/手机相关/华为2.jpg,1,1.0,visual_0825_source_crosschecked
20260825-84f940e23dc3f06a6e07-01,2026-08-25,手机,device,华为,华为Nova系列,Nova8se活力版,CHL-AL00,Nova8se活力版,不开机,170,CNY/台,/,image,华为2.jpg,数码网报价单-0825更新/手机相关/华为2.jpg,1,1.0,visual_0825_source_crosschecked
20260825-abeef4123d38fb62287f-01,2026-08-25,手机,device,华为,华为Nova系列,Nova8se活力版,CHL-AL00,Nova8se活力版,废板·整机,170,CNY/台,/,image,华为2.jpg,数码网报价单-0825更新/手机相关/华为2.jpg,1,1.0,visual_0825_source_crosschecked
20260825-da52d52063c875615ef1-01,2026-08-25,手机,device,华为,华为Nova系列,Nova8se活力版,CHL-AL00,Nova8se活力版,统货,/,CNY/台,/,image,华为2.jpg,数码网报价单-0825更新/手机相关/华为2.jpg,1,1.0,visual_0825_source_crosschecked
20260825-28a404db95162ffc969f-01,2026-08-25,手机,device,华为,华为Nova系列,Nova8 (8+128),ANG-AL00,Nova8 (8+128),开机靓好,170,CNY/台,要求芯片无破损,image,华为2.jpg,数码网报价单-0825更新/手机相关/华为2.jpg,1,1.0,visual_0825_source_crosschecked
20260825-4117cee7dbb7343c25c7-01,2026-08-25,手机,device,华为,华为Nova系列,Nova8 (8+128),ANG-AL00,Nova8 (8+128),开机好碎,170,CNY/台,要求芯片无破损,image,华为2.jpg,数码网报价单-0825更新/手机相关/华为2.jpg,1,1.0,visual_0825_source_crosschecked
20260825-d1e7aa7c76ddda41b0ab-01,2026-08-25,手机,device,华为,华为Nova系列,Nova8 (8+128),ANG-AL00,Nova8 (8+128),开机碎屏,170,CNY/台,要求芯片无破损,image,华为2.jpg,数码网报价单-0825更新/手机相关/华为2.jpg,1,1.0,visual_0825_source_crosschecked
20260825-66193a569d4856b2c2ac-01,2026-08-25,手机,device,华为,华为Nova系列,Nova8 (8+128),ANG-AL00,Nova8 (8+128),开机坏配件,170,CNY/台,要求芯片无破损,image,华为2.jpg,数码网报价单-0825更新/手机相关/华为2.jpg,1,1.0,visual_0825_source_crosschecked
20260825-e1b87d58b250ec5f16ac-01,2026-08-25,手机,device,华为,华为Nova系列,Nova8 (8+128),ANG-AL00,Nova8 (8+128),不开机,170,CNY/台,要求芯片无破损,image,华为2.jpg,数码网报价单-0825更新/手机相关/华为2.jpg,1,1.0,visual_0825_source_crosschecked
20260825-f3320dbdff03f47538fd-01,2026-08-25,手机,device,华为,华为Nova系列,Nova8 (8+128),ANG-AL00,Nova8 (8+128),废板·整机,170,CNY/台,要求芯片无破损,image,华为2.jpg,数码网报价单-0825更新/手机相关/华为2.jpg,1,1.0,visual_0825_source_crosschecked
20260825-1867c9ed0fa91a7fcdef-01,2026-08-25,手机,device,华为,华为Nova系列,Nova8 (8+128),ANG-AL00,Nova8 (8+128),统货,/,CNY/台,要求芯片无破损,image,华为2.jpg,数码网报价单-0825更新/手机相关/华为2.jpg,1,1.0,visual_0825_source_crosschecked
20260825-9f8164bfcacd49f3c4c4-01,2026-08-25,手机,device,华为,华为Nova系列,Nova7 5G,JEF-AN00,Nova7 5G,开机靓好,170,CNY/台,/,image,华为2.jpg,数码网报价单-0825更新/手机相关/华为2.jpg,1,1.0,visual_0825_source_crosschecked
20260825-20db406ab2ad4ca8e047-01,2026-08-25,手机,device,华为,华为Nova系列,Nova7 5G,JEF-AN00,Nova7 5G,开机好碎,170,CNY/台,/,image,华为2.jpg,数码网报价单-0825更新/手机相关/华为2.jpg,1,1.0,visual_0825_source_crosschecked
20260825-48cdad8be55dd7534550-01,2026-08-25,手机,device,华为,华为Nova系列,Nova7 5G,JEF-AN00,Nova7 5G,开机碎屏,170,CNY/台,/,image,华为2.jpg,数码网报价单-0825更新/手机相关/华为2.jpg,1,1.0,visual_0825_source_crosschecked
20260825-17253d8989525e126787-01,2026-08-25,手机,device,华为,华为Nova系列,Nova7 5G,JEF-AN00,Nova7 5G,开机坏配件,170,CNY/台,/,image,华为2.jpg,数码网报价单-0825更新/手机相关/华为2.jpg,1,1.0,visual_0825_source_crosschecked
20260825-5bccb804f8115e10d15f-01,2026-08-25,手机,device,华为,华为Nova系列,Nova7 5G,JEF-AN00,Nova7 5G,不开机,170,CNY/台,/,image,华为2.jpg,数码网报价单-0825更新/手机相关/华为2.jpg,1,1.0,visual_0825_source_crosschecked
20260825-7a0df6b96a4b76f70d47-01,2026-08-25,手机,device,华为,华为Nova系列,Nova7 5G,JEF-AN00,Nova7 5G,废板·整机,170,CNY/台,/,image,华为2.jpg,数码网报价单-0825更新/手机相关/华为2.jpg,1,1.0,visual_0825_source_crosschecked
20260825-18cf1d9e26e03f237e01-01,2026-08-25,手机,device,华为,华为Nova系列,Nova7 5G,JEF-AN00,Nova7 5G,统货,/,CNY/台,/,image,华为2.jpg,数码网报价单-0825更新/手机相关/华为2.jpg,1,1.0,visual_0825_source_crosschecked
20260825-5593293faf8824a0e056-01,2026-08-25,手机,device,华为,华为Nova系列,Nova7 Pro,JER-AN10,Nova7 Pro,开机靓好,165,CNY/台,开机芯片无破损,image,华为2.jpg,数码网报价单-0825更新/手机相关/华为2.jpg,1,1.0,visual_0825_source_crosschecked
20260825-68dfcfc677c3b454410f-01,2026-08-25,手机,device,华为,华为Nova系列,Nova7 Pro,JER-AN10,Nova7 Pro,开机好碎,165,CNY/台,开机芯片无破损,image,华为2.jpg,数码网报价单-0825更新/手机相关/华为2.jpg,1,1.0,visual_0825_source_crosschecked
20260825-b3345a9301a9b570b6b2-01,2026-08-25,手机,device,华为,华为Nova系列,Nova7 Pro,JER-AN10,Nova7 Pro,开机碎屏,165,CNY/台,开机芯片无破损,image,华为2.jpg,数码网报价单-0825更新/手机相关/华为2.jpg,1,1.0,visual_0825_source_crosschecked
20260825-b0488bc627070801d045-01,2026-08-25,手机,device,华为,华为Nova系列,Nova7 Pro,JER-AN10,Nova7 Pro,开机坏配件,165,CNY/台,开机芯片无破损,image,华为2.jpg,数码网报价单-0825更新/手机相关/华为2.jpg,1,1.0,visual_0825_source_crosschecked
20260825-4baea54b039f4b2f94b8-01,2026-08-25,手机,device,华为,华为Nova系列,Nova7 Pro,JER-AN10,Nova7 Pro,不开机,165,CNY/台,开机芯片无破损,image,华为2.jpg,数码网报价单-0825更新/手机相关/华为2.jpg,1,1.0,visual_0825_source_crosschecked
20260825-4d3e0222020c469a85be-01,2026-08-25,手机,device,华为,华为Nova系列,Nova7 Pro,JER-AN10,Nova7 Pro,废板·整机,165,CNY/台,开机芯片无破损,image,华为2.jpg,数码网报价单-0825更新/手机相关/华为2.jpg,1,1.0,visual_0825_source_crosschecked
20260825-7dfadefc4738954c9c09-01,2026-08-25,手机,device,华为,华为Nova系列,Nova7 Pro,JER-AN10,Nova7 Pro,统货,/,CNY/台,开机芯片无破损,image,华为2.jpg,数码网报价单-0825更新/手机相关/华为2.jpg,1,1.0,visual_0825_source_crosschecked
20260825-8947fcf1d65902cac747-01,2026-08-25,手机,device,华为,华为Nova系列,Nova7se,CDY-AN00,Nova7se,开机靓好,165,CNY/台,/,image,华为2.jpg,数码网报价单-0825更新/手机相关/华为2.jpg,1,1.0,visual_0825_source_crosschecked
20260825-4176595dd39d38e8a79f-01,2026-08-25,手机,device,华为,华为Nova系列,Nova7se,CDY-AN00,Nova7se,开机好碎,165,CNY/台,/,image,华为2.jpg,数码网报价单-0825更新/手机相关/华为2.jpg,1,1.0,visual_0825_source_crosschecked
20260825-532be6ef5bf94de4bada-01,2026-08-25,手机,device,华为,华为Nova系列,Nova7se,CDY-AN00,Nova7se,开机碎屏,165,CNY/台,/,image,华为2.jpg,数码网报价单-0825更新/手机相关/华为2.jpg,1,1.0,visual_0825_source_crosschecked
20260825-882a3d0c7f52bce28077-01,2026-08-25,手机,device,华为,华为Nova系列,Nova7se,CDY-AN00,Nova7se,开机坏配件,165,CNY/台,/,image,华为2.jpg,数码网报价单-0825更新/手机相关/华为2.jpg,1,1.0,visual_0825_source_crosschecked
20260825-149263da2843f42b55d8-01,2026-08-25,手机,device,华为,华为Nova系列,Nova7se,CDY-AN00,Nova7se,不开机,165,CNY/台,/,image,华为2.jpg,数码网报价单-0825更新/手机相关/华为2.jpg,1,1.0,visual_0825_source_crosschecked
20260825-a702c51f39c157751b22-01,2026-08-25,手机,device,华为,华为Nova系列,Nova7se,CDY-AN00,Nova7se,废板·整机,165,CNY/台,/,image,华为2.jpg,数码网报价单-0825更新/手机相关/华为2.jpg,1,1.0,visual_0825_source_crosschecked
20260825-48456c3fba8d457ee312-01,2026-08-25,手机,device,华为,华为Nova系列,Nova7se,CDY-AN00,Nova7se,统货,/,CNY/台,/,image,华为2.jpg,数码网报价单-0825更新/手机相关/华为2.jpg,1,1.0,visual_0825_source_crosschecked
20260825-491ef86dc28a734eadd5-01,2026-08-25,手机,device,华为,华为Nova系列,Nova7se 5G,CDY-AN20,Nova7se 5G,开机靓好,165,CNY/台,未解激活扣扣钱,image,华为2.jpg,数码网报价单-0825更新/手机相关/华为2.jpg,1,1.0,visual_0825_source_crosschecked
20260825-5c7fa838c8165b34a2a9-01,2026-08-25,手机,device,华为,华为Nova系列,Nova7se 5G,CDY-AN20,Nova7se 5G,开机好碎,165,CNY/台,未解激活扣扣钱,image,华为2.jpg,数码网报价单-0825更新/手机相关/华为2.jpg,1,1.0,visual_0825_source_crosschecked
20260825-e972c6ddc5d3cd92ed8f-01,2026-08-25,手机,device,华为,华为Nova系列,Nova7se 5G,CDY-AN20,Nova7se 5G,开机碎屏,165,CNY/台,未解激活扣扣钱,image,华为2.jpg,数码网报价单-0825更新/手机相关/华为2.jpg,1,1.0,visual_0825_source_crosschecked
20260825-43f670ef644253baf960-01,2026-08-25,手机,device,华为,华为Nova系列,Nova7se 5G,CDY-AN20,Nova7se 5G,开机坏配件,165,CNY/台,未解激活扣扣钱,image,华为2.jpg,数码网报价单-0825更新/手机相关/华为2.jpg,1,1.0,visual_0825_source_crosschecked
20260825-ef2fcbc48c5784579e81-01,2026-08-25,手机,device,华为,华为Nova系列,Nova7se 5G,CDY-AN20,Nova7se 5G,不开机,165,CNY/台,未解激活扣扣钱,image,华为2.jpg,数码网报价单-0825更新/手机相关/华为2.jpg,1,1.0,visual_0825_source_crosschecked
20260825-7d1e17e0caf4f9dba1e0-01,2026-08-25,手机,device,华为,华为Nova系列,Nova7se 5G,CDY-AN20,Nova7se 5G,废板·整机,165,CNY/台,未解激活扣扣钱,image,华为2.jpg,数码网报价单-0825更新/手机相关/华为2.jpg,1,1.0,visual_0825_source_crosschecked
20260825-fce7b2cfc11f5c7645dd-01,2026-08-25,手机,device,华为,华为Nova系列,Nova7se 5G,CDY-AN20,Nova7se 5G,统货,/,CNY/台,未解激活扣扣钱,image,华为2.jpg,数码网报价单-0825更新/手机相关/华为2.jpg,1,1.0,visual_0825_source_crosschecked
20260825-4ac934d438365dcfb9ce-01,2026-08-25,手机,device,华为,华为Nova系列,Nova7se乐活,CDY-AN90,Nova7se乐活,开机靓好,165,CNY/台,未解扣扣钱AN90,image,华为2.jpg,数码网报价单-0825更新/手机相关/华为2.jpg,1,1.0,visual_0825_source_crosschecked
20260825-46b06913fd73ae02a9b2-01,2026-08-25,手机,device,华为,华为Nova系列,Nova7se乐活,CDY-AN90,Nova7se乐活,开机好碎,165,CNY/台,未解扣扣钱AN90,image,华为2.jpg,数码网报价单-0825更新/手机相关/华为2.jpg,1,1.0,visual_0825_source_crosschecked
20260825-1e151422da2dcb0d27e0-01,2026-08-25,手机,device,华为,华为Nova系列,Nova7se乐活,CDY-AN90,Nova7se乐活,开机碎屏,165,CNY/台,未解扣扣钱AN90,image,华为2.jpg,数码网报价单-0825更新/手机相关/华为2.jpg,1,1.0,visual_0825_source_crosschecked
20260825-8e7bcd19dfe480cd44d0-01,2026-08-25,手机,device,华为,华为Nova系列,Nova7se乐活,CDY-AN90,Nova7se乐活,开机坏配件,165,CNY/台,未解扣扣钱AN90,image,华为2.jpg,数码网报价单-0825更新/手机相关/华为2.jpg,1,1.0,visual_0825_source_crosschecked
20260825-741933ab78a93f2d48e4-01,2026-08-25,手机,device,华为,华为Nova系列,Nova7se乐活,CDY-AN90,Nova7se乐活,不开机,165,CNY/台,未解扣扣钱AN90,image,华为2.jpg,数码网报价单-0825更新/手机相关/华为2.jpg,1,1.0,visual_0825_source_crosschecked
20260825-df96c404ff8f41a976d1-01,2026-08-25,手机,device,华为,华为Nova系列,Nova7se乐活,CDY-AN90,Nova7se乐活,废板·整机,165,CNY/台,未解扣扣钱AN90,image,华为2.jpg,数码网报价单-0825更新/手机相关/华为2.jpg,1,1.0,visual_0825_source_crosschecked
20260825-cb084beab6cf7afb9795-01,2026-08-25,手机,device,华为,华为Nova系列,Nova7se乐活,CDY-AN90,Nova7se乐活,统货,/,CNY/台,未解扣扣钱AN90,image,华为2.jpg,数码网报价单-0825更新/手机相关/华为2.jpg,1,1.0,visual_0825_source_crosschecked
20260825-994b2771039ad25ba605-01,2026-08-25,手机,device,华为,华为Nova系列,Nova6(8+128),WLZ-AL10,Nova6(8+128),开机靓好,165,CNY/台,未解扣扣钱 统货要求芯片无破损,image,华为2.jpg,数码网报价单-0825更新/手机相关/华为2.jpg,1,1.0,visual_0825_source_crosschecked
20260825-872cf52db896e96144e8-01,2026-08-25,手机,device,华为,华为Nova系列,Nova6(8+128),WLZ-AL10,Nova6(8+128),开机好碎,165,CNY/台,未解扣扣钱 统货要求芯片无破损,image,华为2.jpg,数码网报价单-0825更新/手机相关/华为2.jpg,1,1.0,visual_0825_source_crosschecked
20260825-cf8e871a5f102ab2e1a7-01,2026-08-25,手机,device,华为,华为Nova系列,Nova6(8+128),WLZ-AL10,Nova6(8+128),开机碎屏,165,CNY/台,未解扣扣钱 统货要求芯片无破损,image,华为2.jpg,数码网报价单-0825更新/手机相关/华为2.jpg,1,1.0,visual_0825_source_crosschecked
20260825-25bff072bc4e8dd3c72e-01,2026-08-25,手机,device,华为,华为Nova系列,Nova6(8+128),WLZ-AL10,Nova6(8+128),开机坏配件,165,CNY/台,未解扣扣钱 统货要求芯片无破损,image,华为2.jpg,数码网报价单-0825更新/手机相关/华为2.jpg,1,1.0,visual_0825_source_crosschecked
20260825-a4574f9839e4e846f8e7-01,2026-08-25,手机,device,华为,华为Nova系列,Nova6(8+128),WLZ-AL10,Nova6(8+128),不开机,165,CNY/台,未解扣扣钱 统货要求芯片无破损,image,华为2.jpg,数码网报价单-0825更新/手机相关/华为2.jpg,1,1.0,visual_0825_source_crosschecked
20260825-e01de162b8ae620efc93-01,2026-08-25,手机,device,华为,华为Nova系列,Nova6(8+128),WLZ-AL10,Nova6(8+128),废板·整机,165,CNY/台,未解扣扣钱 统货要求芯片无破损,image,华为2.jpg,数码网报价单-0825更新/手机相关/华为2.jpg,1,1.0,visual_0825_source_crosschecked
20260825-435b268d4c775a0efbfc-01,2026-08-25,手机,device,华为,华为Nova系列,Nova6(8+128),WLZ-AL10,Nova6(8+128),统货,/,CNY/台,未解扣扣钱 统货要求芯片无破损,image,华为2.jpg,数码网报价单-0825更新/手机相关/华为2.jpg,1,1.0,visual_0825_source_crosschecked
20260825-8b1339766d7dd4147ba2-01,2026-08-25,手机,device,华为,华为Nova系列,Nova6 5G,WLZ-AN00,Nova6 5G,开机靓好,127,CNY/台,主板开机有背光没有点显示算不开机,image,华为2.jpg,数码网报价单-0825更新/手机相关/华为2.jpg,1,1.0,visual_0825_source_crosschecked
20260825-c59c028475fec0900b3b-01,2026-08-25,手机,device,华为,华为Nova系列,Nova6 5G,WLZ-AN00,Nova6 5G,开机好碎,127,CNY/台,主板开机有背光没有点显示算不开机,image,华为2.jpg,数码网报价单-0825更新/手机相关/华为2.jpg,1,1.0,visual_0825_source_crosschecked
20260825-546451fa81f5b74f3823-01,2026-08-25,手机,device,华为,华为Nova系列,Nova6 5G,WLZ-AN00,Nova6 5G,开机碎屏,127,CNY/台,主板开机有背光没有点显示算不开机,image,华为2.jpg,数码网报价单-0825更新/手机相关/华为2.jpg,1,1.0,visual_0825_source_crosschecked
20260825-dfed489ba2d039ff8a9d-01,2026-08-25,手机,device,华为,华为Nova系列,Nova6 5G,WLZ-AN00,Nova6 5G,开机坏配件,127,CNY/台,主板开机有背光没有点显示算不开机,image,华为2.jpg,数码网报价单-0825更新/手机相关/华为2.jpg,1,1.0,visual_0825_source_crosschecked
20260825-b89c454373506d65e5d8-01,2026-08-25,手机,device,华为,华为Nova系列,Nova6 5G,WLZ-AN00,Nova6 5G,不开机,90,CNY/台,主板开机有背光没有点显示算不开机,image,华为2.jpg,数码网报价单-0825更新/手机相关/华为2.jpg,1,1.0,visual_0825_source_crosschecked
20260825-f8e211549d386126bd43-01,2026-08-25,手机,device,华为,华为Nova系列,Nova6 5G,WLZ-AN00,Nova6 5G,废板·整机,90,CNY/台,主板开机有背光没有点显示算不开机,image,华为2.jpg,数码网报价单-0825更新/手机相关/华为2.jpg,1,1.0,visual_0825_source_crosschecked
20260825-44b8cc6d6a9aa5d182d3-01,2026-08-25,手机,device,华为,华为Nova系列,Nova6 5G,WLZ-AN00,Nova6 5G,统货,/,CNY/台,主板开机有背光没有点显示算不开机,image,华为2.jpg,数码网报价单-0825更新/手机相关/华为2.jpg,1,1.0,visual_0825_source_crosschecked
20260825-f2b888bee2126bb9d421-01,2026-08-25,手机,device,华为,华为Nova系列,Nova6 4G,WLZ-AL10,Nova6 4G,开机靓好,127,CNY/台,/,image,华为2.jpg,数码网报价单-0825更新/手机相关/华为2.jpg,1,1.0,visual_0825_source_crosschecked
20260825-651e9af2f13ee2dcca51-01,2026-08-25,手机,device,华为,华为Nova系列,Nova6 4G,WLZ-AL10,Nova6 4G,开机好碎,127,CNY/台,/,image,华为2.jpg,数码网报价单-0825更新/手机相关/华为2.jpg,1,1.0,visual_0825_source_crosschecked
20260825-9b9b75d516ead0ae3798-01,2026-08-25,手机,device,华为,华为Nova系列,Nova6 4G,WLZ-AL10,Nova6 4G,开机碎屏,127,CNY/台,/,image,华为2.jpg,数码网报价单-0825更新/手机相关/华为2.jpg,1,1.0,visual_0825_source_crosschecked
20260825-d983889497000e78631c-01,2026-08-25,手机,device,华为,华为Nova系列,Nova6 4G,WLZ-AL10,Nova6 4G,开机坏配件,127,CNY/台,/,image,华为2.jpg,数码网报价单-0825更新/手机相关/华为2.jpg,1,1.0,visual_0825_source_crosschecked
20260825-ef2908b36d64a4e573ce-01,2026-08-25,手机,device,华为,华为Nova系列,Nova6 4G,WLZ-AL10,Nova6 4G,不开机,90,CNY/台,/,image,华为2.jpg,数码网报价单-0825更新/手机相关/华为2.jpg,1,1.0,visual_0825_source_crosschecked
20260825-f177c7b8d385f11585ea-01,2026-08-25,手机,device,华为,华为Nova系列,Nova6 4G,WLZ-AL10,Nova6 4G,废板·整机,90,CNY/台,/,image,华为2.jpg,数码网报价单-0825更新/手机相关/华为2.jpg,1,1.0,visual_0825_source_crosschecked
20260825-17f3e337e705105407df-01,2026-08-25,手机,device,华为,华为Nova系列,Nova6 4G,WLZ-AL10,Nova6 4G,统货,/,CNY/台,/,image,华为2.jpg,数码网报价单-0825更新/手机相关/华为2.jpg,1,1.0,visual_0825_source_crosschecked
20260825-e2e6bc44a6d0e68192ce-01,2026-08-25,手机,device,华为,华为Nova系列,Nova6 SE,JNY-AL10,Nova6 SE,开机靓好,120,CNY/台,开机主板功能正常 电池好付付20,image,华为2.jpg,数码网报价单-0825更新/手机相关/华为2.jpg,1,1.0,visual_0825_source_crosschecked
20260825-942cee574023f1d15e2b-01,2026-08-25,手机,device,华为,华为Nova系列,Nova6 SE,JNY-AL10,Nova6 SE,开机好碎,120,CNY/台,开机主板功能正常 电池好付付20,image,华为2.jpg,数码网报价单-0825更新/手机相关/华为2.jpg,1,1.0,visual_0825_source_crosschecked
20260825-7277892a0f0360e13d3b-01,2026-08-25,手机,device,华为,华为Nova系列,Nova6 SE,JNY-AL10,Nova6 SE,开机碎屏,110,CNY/台,开机主板功能正常 电池好付付20,image,华为2.jpg,数码网报价单-0825更新/手机相关/华为2.jpg,1,1.0,visual_0825_source_crosschecked
20260825-4e5f68b2186a91f11ff6-01,2026-08-25,手机,device,华为,华为Nova系列,Nova6 SE,JNY-AL10,Nova6 SE,开机坏配件,110,CNY/台,开机主板功能正常 电池好付付20,image,华为2.jpg,数码网报价单-0825更新/手机相关/华为2.jpg,1,1.0,visual_0825_source_crosschecked
20260825-1ea6bb4e43dfa206fd89-01,2026-08-25,手机,device,华为,华为Nova系列,Nova6 SE,JNY-AL10,Nova6 SE,不开机,110,CNY/台,开机主板功能正常 电池好付付20,image,华为2.jpg,数码网报价单-0825更新/手机相关/华为2.jpg,1,1.0,visual_0825_source_crosschecked
20260825-3aa4d2f2c98b1634d4e8-01,2026-08-25,手机,device,华为,华为Nova系列,Nova6 SE,JNY-AL10,Nova6 SE,废板·整机,110,CNY/台,开机主板功能正常 电池好付付20,image,华为2.jpg,数码网报价单-0825更新/手机相关/华为2.jpg,1,1.0,visual_0825_source_crosschecked
20260825-e3c7e1057200f7f6a67a-01,2026-08-25,手机,device,华为,华为Nova系列,Nova6 SE,JNY-AL10,Nova6 SE,统货,/,CNY/台,开机主板功能正常 电池好付付20,image,华为2.jpg,数码网报价单-0825更新/手机相关/华为2.jpg,1,1.0,visual_0825_source_crosschecked
20260825-b276571659b7c472c700-01,2026-08-25,手机,device,华为,华为Nova系列,Nova5pro,SEA-AL10B,Nova5pro,开机靓好,155,CNY/台,/,image,华为2.jpg,数码网报价单-0825更新/手机相关/华为2.jpg,1,1.0,visual_0825_source_crosschecked
20260825-5516941985e36b9b4e1b-01,2026-08-25,手机,device,华为,华为Nova系列,Nova5pro,SEA-AL10B,Nova5pro,开机好碎,155,CNY/台,/,image,华为2.jpg,数码网报价单-0825更新/手机相关/华为2.jpg,1,1.0,visual_0825_source_crosschecked
20260825-a59c0c013aea2fa47d4d-01,2026-08-25,手机,device,华为,华为Nova系列,Nova5pro,SEA-AL10B,Nova5pro,开机碎屏,155,CNY/台,/,image,华为2.jpg,数码网报价单-0825更新/手机相关/华为2.jpg,1,1.0,visual_0825_source_crosschecked
20260825-fcbbb8a1aa479de45e24-01,2026-08-25,手机,device,华为,华为Nova系列,Nova5pro,SEA-AL10B,Nova5pro,开机坏配件,155,CNY/台,/,image,华为2.jpg,数码网报价单-0825更新/手机相关/华为2.jpg,1,1.0,visual_0825_source_crosschecked
20260825-cac659fc6fc37d3e2d32-01,2026-08-25,手机,device,华为,华为Nova系列,Nova5pro,SEA-AL10B,Nova5pro,不开机,155,CNY/台,/,image,华为2.jpg,数码网报价单-0825更新/手机相关/华为2.jpg,1,1.0,visual_0825_source_crosschecked
20260825-c93d1c249a35eaab2931-01,2026-08-25,手机,device,华为,华为Nova系列,Nova5pro,SEA-AL10B,Nova5pro,废板·整机,155,CNY/台,/,image,华为2.jpg,数码网报价单-0825更新/手机相关/华为2.jpg,1,1.0,visual_0825_source_crosschecked
20260825-53d716ab48f59a27e290-01,2026-08-25,手机,device,华为,华为Nova系列,Nova5pro,SEA-AL10B,Nova5pro,统货,/,CNY/台,/,image,华为2.jpg,数码网报价单-0825更新/手机相关/华为2.jpg,1,1.0,visual_0825_source_crosschecked
20260825-65c7aaaebf6b62619a11-01,2026-08-25,手机,device,华为,华为Nova系列,Nova5i (6+128),GLK-AL00A,Nova5i (6+128),开机靓好,125,CNY/台,/,image,华为2.jpg,数码网报价单-0825更新/手机相关/华为2.jpg,1,1.0,visual_0825_source_crosschecked
20260825-fd659ed70b8d340a65dc-01,2026-08-25,手机,device,华为,华为Nova系列,Nova5i (6+128),GLK-AL00A,Nova5i (6+128),开机好碎,125,CNY/台,/,image,华为2.jpg,数码网报价单-0825更新/手机相关/华为2.jpg,1,1.0,visual_0825_source_crosschecked
20260825-efc51658b9b6c3a6db01-01,2026-08-25,手机,device,华为,华为Nova系列,Nova5i (6+128),GLK-AL00A,Nova5i (6+128),开机碎屏,125,CNY/台,/,image,华为2.jpg,数码网报价单-0825更新/手机相关/华为2.jpg,1,1.0,visual_0825_source_crosschecked
20260825-e84486703bb2d1cba887-01,2026-08-25,手机,device,华为,华为Nova系列,Nova5i (6+128),GLK-AL00A,Nova5i (6+128),开机坏配件,125,CNY/台,/,image,华为2.jpg,数码网报价单-0825更新/手机相关/华为2.jpg,1,1.0,visual_0825_source_crosschecked
20260825-4383205d01ae131bedfa-01,2026-08-25,手机,device,华为,华为Nova系列,Nova5i (6+128),GLK-AL00A,Nova5i (6+128),不开机,125,CNY/台,/,image,华为2.jpg,数码网报价单-0825更新/手机相关/华为2.jpg,1,1.0,visual_0825_source_crosschecked
20260825-34b7058d166f03671b29-01,2026-08-25,手机,device,华为,华为Nova系列,Nova5i (6+128),GLK-AL00A,Nova5i (6+128),废板·整机,125,CNY/台,/,image,华为2.jpg,数码网报价单-0825更新/手机相关/华为2.jpg,1,1.0,visual_0825_source_crosschecked
20260825-a79c2c0c28648586d11d-01,2026-08-25,手机,device,华为,华为Nova系列,Nova5i (6+128),GLK-AL00A,Nova5i (6+128),统货,/,CNY/台,/,image,华为2.jpg,数码网报价单-0825更新/手机相关/华为2.jpg,1,1.0,visual_0825_source_crosschecked
20260825-0113f2a75ca7cf72e818-01,2026-08-25,手机,device,华为,华为Nova系列,Nova5i Pro,GLK-AL00,Nova5i Pro,开机靓好,155,CNY/台,未解激活扣扣钱,image,华为2.jpg,数码网报价单-0825更新/手机相关/华为2.jpg,1,1.0,visual_0825_source_crosschecked
20260825-841b138f94075ff7210a-01,2026-08-25,手机,device,华为,华为Nova系列,Nova5i Pro,GLK-AL00,Nova5i Pro,开机好碎,155,CNY/台,未解激活扣扣钱,image,华为2.jpg,数码网报价单-0825更新/手机相关/华为2.jpg,1,1.0,visual_0825_source_crosschecked
20260825-d038333d1c81eb90efa0-01,2026-08-25,手机,device,华为,华为Nova系列,Nova5i Pro,GLK-AL00,Nova5i Pro,开机碎屏,155,CNY/台,未解激活扣扣钱,image,华为2.jpg,数码网报价单-0825更新/手机相关/华为2.jpg,1,1.0,visual_0825_source_crosschecked
20260825-dbb5f25b5a9683107e44-01,2026-08-25,手机,device,华为,华为Nova系列,Nova5i Pro,GLK-AL00,Nova5i Pro,开机坏配件,155,CNY/台,未解激活扣扣钱,image,华为2.jpg,数码网报价单-0825更新/手机相关/华为2.jpg,1,1.0,visual_0825_source_crosschecked
20260825-afc5db7c45b2270febda-01,2026-08-25,手机,device,华为,华为Nova系列,Nova5i Pro,GLK-AL00,Nova5i Pro,不开机,155,CNY/台,未解激活扣扣钱,image,华为2.jpg,数码网报价单-0825更新/手机相关/华为2.jpg,1,1.0,visual_0825_source_crosschecked
20260825-2b04b2044f75787d5ad0-01,2026-08-25,手机,device,华为,华为Nova系列,Nova5i Pro,GLK-AL00,Nova5i Pro,废板·整机,155,CNY/台,未解激活扣扣钱,image,华为2.jpg,数码网报价单-0825更新/手机相关/华为2.jpg,1,1.0,visual_0825_source_crosschecked
20260825-84a4c68670c8be40bb91-01,2026-08-25,手机,device,华为,华为Nova系列,Nova5i Pro,GLK-AL00,Nova5i Pro,统货,/,CNY/台,未解激活扣扣钱,image,华为2.jpg,数码网报价单-0825更新/手机相关/华为2.jpg,1,1.0,visual_0825_source_crosschecked
20260825-3c784dcec9caa63d3bb5-01,2026-08-25,手机,device,华为,华为Nova系列,Nova5pro (8+128),SPN-AL00,Nova5pro (8+128),开机靓好,155,CNY/台,主板小板短板TIA,image,华为2.jpg,数码网报价单-0825更新/手机相关/华为2.jpg,1,1.0,visual_0825_source_crosschecked
20260825-cdce496a5d1371f7aced-01,2026-08-25,手机,device,华为,华为Nova系列,Nova5pro (8+128),SPN-AL00,Nova5pro (8+128),开机好碎,155,CNY/台,主板小板短板TIA,image,华为2.jpg,数码网报价单-0825更新/手机相关/华为2.jpg,1,1.0,visual_0825_source_crosschecked
20260825-1c0e6e0294b7e40a12bd-01,2026-08-25,手机,device,华为,华为Nova系列,Nova5pro (8+128),SPN-AL00,Nova5pro (8+128),开机碎屏,155,CNY/台,主板小板短板TIA,image,华为2.jpg,数码网报价单-0825更新/手机相关/华为2.jpg,1,1.0,visual_0825_source_crosschecked
20260825-d49d5095b8226ea1e85d-01,2026-08-25,手机,device,华为,华为Nova系列,Nova5pro (8+128),SPN-AL00,Nova5pro (8+128),开机坏配件,155,CNY/台,主板小板短板TIA,image,华为2.jpg,数码网报价单-0825更新/手机相关/华为2.jpg,1,1.0,visual_0825_source_crosschecked
20260825-0781a379c4f310a130b6-01,2026-08-25,手机,device,华为,华为Nova系列,Nova5pro (8+128),SPN-AL00,Nova5pro (8+128),不开机,155,CNY/台,主板小板短板TIA,image,华为2.jpg,数码网报价单-0825更新/手机相关/华为2.jpg,1,1.0,visual_0825_source_crosschecked
20260825-c01f3bea74f577b40d80-01,2026-08-25,手机,device,华为,华为Nova系列,Nova5pro (8+128),SPN-AL00,Nova5pro (8+128),废板·整机,155,CNY/台,主板小板短板TIA,image,华为2.jpg,数码网报价单-0825更新/手机相关/华为2.jpg,1,1.0,visual_0825_source_crosschecked
20260825-e75b6dfd060e062067be-01,2026-08-25,手机,device,华为,华为Nova系列,Nova5pro (8+128),SPN-AL00,Nova5pro (8+128),统货,/,CNY/台,主板小板短板TIA,image,华为2.jpg,数码网报价单-0825更新/手机相关/华为2.jpg,1,1.0,visual_0825_source_crosschecked
20260825-d91621b5c3e4cc32accc-01,2026-08-25,手机,device,华为,华为Nova系列,Nova5z,SPN-AL00C,Nova5z,开机靓好,125,CNY/台,主板小板短板TIA,image,华为2.jpg,数码网报价单-0825更新/手机相关/华为2.jpg,1,1.0,visual_0825_source_crosschecked
20260825-ae8d66ae8d23958d99e8-01,2026-08-25,手机,device,华为,华为Nova系列,Nova5z,SPN-AL00C,Nova5z,开机好碎,125,CNY/台,主板小板短板TIA,image,华为2.jpg,数码网报价单-0825更新/手机相关/华为2.jpg,1,1.0,visual_0825_source_crosschecked
20260825-e72a0155801ac87646ee-01,2026-08-25,手机,device,华为,华为Nova系列,Nova5z,SPN-AL00C,Nova5z,开机碎屏,125,CNY/台,主板小板短板TIA,image,华为2.jpg,数码网报价单-0825更新/手机相关/华为2.jpg,1,1.0,visual_0825_source_crosschecked
20260825-60f152af3f0f6cd80210-01,2026-08-25,手机,device,华为,华为Nova系列,Nova5z,SPN-AL00C,Nova5z,开机坏配件,125,CNY/台,主板小板短板TIA,image,华为2.jpg,数码网报价单-0825更新/手机相关/华为2.jpg,1,1.0,visual_0825_source_crosschecked
20260825-10c105c55088438a8479-01,2026-08-25,手机,device,华为,华为Nova系列,Nova5z,SPN-AL00C,Nova5z,不开机,125,CNY/台,主板小板短板TIA,image,华为2.jpg,数码网报价单-0825更新/手机相关/华为2.jpg,1,1.0,visual_0825_source_crosschecked
20260825-57d9bf2f73de0172502d-01,2026-08-25,手机,device,华为,华为Nova系列,Nova5z,SPN-AL00C,Nova5z,废板·整机,125,CNY/台,主板小板短板TIA,image,华为2.jpg,数码网报价单-0825更新/手机相关/华为2.jpg,1,1.0,visual_0825_source_crosschecked
20260825-e1ca3e949a647e66e61b-01,2026-08-25,手机,device,华为,华为Nova系列,Nova5z,SPN-AL00C,Nova5z,统货,/,CNY/台,主板小板短板TIA,image,华为2.jpg,数码网报价单-0825更新/手机相关/华为2.jpg,1,1.0,visual_0825_source_crosschecked
20260825-64c434a1f2f9584c5e6c-01,2026-08-25,手机,device,华为,华为Nova系列,Nova5i(8+256),GLK-AL00,Nova5i(8+256),开机靓好,155,CNY/台,主板小板短板TIA,image,华为2.jpg,数码网报价单-0825更新/手机相关/华为2.jpg,1,1.0,visual_0825_source_crosschecked
20260825-737793ead6bc125046d5-01,2026-08-25,手机,device,华为,华为Nova系列,Nova5i(8+256),GLK-AL00,Nova5i(8+256),开机好碎,155,CNY/台,主板小板短板TIA,image,华为2.jpg,数码网报价单-0825更新/手机相关/华为2.jpg,1,1.0,visual_0825_source_crosschecked
20260825-24e6f0f229e7b762e6ee-01,2026-08-25,手机,device,华为,华为Nova系列,Nova5i(8+256),GLK-AL00,Nova5i(8+256),开机碎屏,155,CNY/台,主板小板短板TIA,image,华为2.jpg,数码网报价单-0825更新/手机相关/华为2.jpg,1,1.0,visual_0825_source_crosschecked
20260825-9437bab97f70b63f52d8-01,2026-08-25,手机,device,华为,华为Nova系列,Nova5i(8+256),GLK-AL00,Nova5i(8+256),开机坏配件,155,CNY/台,主板小板短板TIA,image,华为2.jpg,数码网报价单-0825更新/手机相关/华为2.jpg,1,1.0,visual_0825_source_crosschecked
20260825-90c9092897873f429e5f-01,2026-08-25,手机,device,华为,华为Nova系列,Nova5i(8+256),GLK-AL00,Nova5i(8+256),不开机,155,CNY/台,主板小板短板TIA,image,华为2.jpg,数码网报价单-0825更新/手机相关/华为2.jpg,1,1.0,visual_0825_source_crosschecked
20260825-bfc45de7e004891801d7-01,2026-08-25,手机,device,华为,华为Nova系列,Nova5i(8+256),GLK-AL00,Nova5i(8+256),废板·整机,155,CNY/台,主板小板短板TIA,image,华为2.jpg,数码网报价单-0825更新/手机相关/华为2.jpg,1,1.0,visual_0825_source_crosschecked
20260825-93266caad58d8e1f868b-01,2026-08-25,手机,device,华为,华为Nova系列,Nova5i(8+256),GLK-AL00,Nova5i(8+256),统货,/,CNY/台,主板小板短板TIA,image,华为2.jpg,数码网报价单-0825更新/手机相关/华为2.jpg,1,1.0,visual_0825_source_crosschecked
20260825-62ebf9902822c8b9fcf0-01,2026-08-25,手机,device,华为,华为Nova系列,Nova5i (8+128),SMP-AL00C,Nova5i (8+128),开机靓好,125,CNY/台,主板小板短板C,image,华为2.jpg,数码网报价单-0825更新/手机相关/华为2.jpg,1,1.0,visual_0825_source_crosschecked
20260825-404c79223e29425e994b-01,2026-08-25,手机,device,华为,华为Nova系列,Nova5i (8+128),SMP-AL00C,Nova5i (8+128),开机好碎,125,CNY/台,主板小板短板C,image,华为2.jpg,数码网报价单-0825更新/手机相关/华为2.jpg,1,1.0,visual_0825_source_crosschecked
20260825-46e137cc43d9174b2f36-01,2026-08-25,手机,device,华为,华为Nova系列,Nova5i (8+128),SMP-AL00C,Nova5i (8+128),开机碎屏,125,CNY/台,主板小板短板C,image,华为2.jpg,数码网报价单-0825更新/手机相关/华为2.jpg,1,1.0,visual_0825_source_crosschecked
20260825-521b5a330aa649b1979d-01,2026-08-25,手机,device,华为,华为Nova系列,Nova5i (8+128),SMP-AL00C,Nova5i (8+128),开机坏配件,125,CNY/台,主板小板短板C,image,华为2.jpg,数码网报价单-0825更新/手机相关/华为2.jpg,1,1.0,visual_0825_source_crosschecked
20260825-155750c54c893d2b5f3d-01,2026-08-25,手机,device,华为,华为Nova系列,Nova5i (8+128),SMP-AL00C,Nova5i (8+128),不开机,125,CNY/台,主板小板短板C,image,华为2.jpg,数码网报价单-0825更新/手机相关/华为2.jpg,1,1.0,visual_0825_source_crosschecked
20260825-7b16390ec1ede489a18b-01,2026-08-25,手机,device,华为,华为Nova系列,Nova5i (8+128),SMP-AL00C,Nova5i (8+128),废板·整机,125,CNY/台,主板小板短板C,image,华为2.jpg,数码网报价单-0825更新/手机相关/华为2.jpg,1,1.0,visual_0825_source_crosschecked
20260825-7e94a76bb8b553ebb608-01,2026-08-25,手机,device,华为,华为Nova系列,Nova5i (8+128),SMP-AL00C,Nova5i (8+128),统货,/,CNY/台,主板小板短板C,image,华为2.jpg,数码网报价单-0825更新/手机相关/华为2.jpg,1,1.0,visual_0825_source_crosschecked
20260825-4f84e788fba94b0cbdd3-01,2026-08-25,手机,device,华为,华为Nova系列,Nova5 (8+128),VCE-AL00,Nova5 (8+128),开机靓好,165,CNY/台,/,image,华为2.jpg,数码网报价单-0825更新/手机相关/华为2.jpg,1,1.0,visual_0825_source_crosschecked
20260825-e27d1f07000072b93874-01,2026-08-25,手机,device,华为,华为Nova系列,Nova5 (8+128),VCE-AL00,Nova5 (8+128),开机好碎,165,CNY/台,/,image,华为2.jpg,数码网报价单-0825更新/手机相关/华为2.jpg,1,1.0,visual_0825_source_crosschecked
20260825-343fda827dd869278290-01,2026-08-25,手机,device,华为,华为Nova系列,Nova5 (8+128),VCE-AL00,Nova5 (8+128),开机碎屏,165,CNY/台,/,image,华为2.jpg,数码网报价单-0825更新/手机相关/华为2.jpg,1,1.0,visual_0825_source_crosschecked
20260825-ab15277d91513475e13f-01,2026-08-25,手机,device,华为,华为Nova系列,Nova5 (8+128),VCE-AL00,Nova5 (8+128),开机坏配件,165,CNY/台,/,image,华为2.jpg,数码网报价单-0825更新/手机相关/华为2.jpg,1,1.0,visual_0825_source_crosschecked
20260825-3acfa5cce662313a7e6e-01,2026-08-25,手机,device,华为,华为Nova系列,Nova5 (8+128),VCE-AL00,Nova5 (8+128),不开机,165,CNY/台,/,image,华为2.jpg,数码网报价单-0825更新/手机相关/华为2.jpg,1,1.0,visual_0825_source_crosschecked
20260825-bd32e9bf34d3f438eaba-01,2026-08-25,手机,device,华为,华为Nova系列,Nova5 (8+128),VCE-AL00,Nova5 (8+128),废板·整机,165,CNY/台,/,image,华为2.jpg,数码网报价单-0825更新/手机相关/华为2.jpg,1,1.0,visual_0825_source_crosschecked
20260825-398469bfe54954d8ea9c-01,2026-08-25,手机,device,华为,华为Nova系列,Nova5 (8+128),VCE-AL00,Nova5 (8+128),统货,/,CNY/台,/,image,华为2.jpg,数码网报价单-0825更新/手机相关/华为2.jpg,1,1.0,visual_0825_source_crosschecked
20260825-cccc733e66896750b5c6-01,2026-08-25,手机,device,华为,华为Nova系列,Nova4 (8+128),VCE-AL00B,Nova4 (8+128),开机靓好,100,CNY/台,未解芯片统货无破损,image,华为2.jpg,数码网报价单-0825更新/手机相关/华为2.jpg,1,1.0,visual_0825_source_crosschecked
20260825-0dc436e2445877c88803-01,2026-08-25,手机,device,华为,华为Nova系列,Nova4 (8+128),VCE-AL00B,Nova4 (8+128),开机好碎,100,CNY/台,未解芯片统货无破损,image,华为2.jpg,数码网报价单-0825更新/手机相关/华为2.jpg,1,1.0,visual_0825_source_crosschecked
20260825-352a42fececf892e5896-01,2026-08-25,手机,device,华为,华为Nova系列,Nova4 (8+128),VCE-AL00B,Nova4 (8+128),开机碎屏,100,CNY/台,未解芯片统货无破损,image,华为2.jpg,数码网报价单-0825更新/手机相关/华为2.jpg,1,1.0,visual_0825_source_crosschecked
20260825-bacc58e07ab716b2f27d-01,2026-08-25,手机,device,华为,华为Nova系列,Nova4 (8+128),VCE-AL00B,Nova4 (8+128),开机坏配件,100,CNY/台,未解芯片统货无破损,image,华为2.jpg,数码网报价单-0825更新/手机相关/华为2.jpg,1,1.0,visual_0825_source_crosschecked
20260825-2d0d56e153c774fea519-01,2026-08-25,手机,device,华为,华为Nova系列,Nova4 (8+128),VCE-AL00B,Nova4 (8+128),不开机,100,CNY/台,未解芯片统货无破损,image,华为2.jpg,数码网报价单-0825更新/手机相关/华为2.jpg,1,1.0,visual_0825_source_crosschecked
20260825-bdec9473c8c8d17afdbc-01,2026-08-25,手机,device,华为,华为Nova系列,Nova4 (8+128),VCE-AL00B,Nova4 (8+128),废板·整机,100,CNY/台,未解芯片统货无破损,image,华为2.jpg,数码网报价单-0825更新/手机相关/华为2.jpg,1,1.0,visual_0825_source_crosschecked
20260825-cbf8e6fa880b57b4fc51-01,2026-08-25,手机,device,华为,华为Nova系列,Nova4 (8+128),VCE-AL00B,Nova4 (8+128),统货,/,CNY/台,未解芯片统货无破损,image,华为2.jpg,数码网报价单-0825更新/手机相关/华为2.jpg,1,1.0,visual_0825_source_crosschecked
20260825-6c921714883b668e77b0-01,2026-08-25,手机,device,华为,华为Nova系列,Nova4 (6+128),VCE-TL00,Nova4 (6+128),开机靓好,80,CNY/台,主板小板短板TIA,image,华为2.jpg,数码网报价单-0825更新/手机相关/华为2.jpg,1,1.0,visual_0825_source_crosschecked
20260825-a2b6a667eb39c1995a5f-01,2026-08-25,手机,device,华为,华为Nova系列,Nova4 (6+128),VCE-TL00,Nova4 (6+128),开机好碎,80,CNY/台,主板小板短板TIA,image,华为2.jpg,数码网报价单-0825更新/手机相关/华为2.jpg,1,1.0,visual_0825_source_crosschecked
20260825-7e3c149454c1124ecd5a-01,2026-08-25,手机,device,华为,华为Nova系列,Nova4 (6+128),VCE-TL00,Nova4 (6+128),开机碎屏,80,CNY/台,主板小板短板TIA,image,华为2.jpg,数码网报价单-0825更新/手机相关/华为2.jpg,1,1.0,visual_0825_source_crosschecked
20260825-91b9e0b77420aa1e95f5-01,2026-08-25,手机,device,华为,华为Nova系列,Nova4 (6+128),VCE-TL00,Nova4 (6+128),开机坏配件,80,CNY/台,主板小板短板TIA,image,华为2.jpg,数码网报价单-0825更新/手机相关/华为2.jpg,1,1.0,visual_0825_source_crosschecked
20260825-f968beb8d7bc33cd3222-01,2026-08-25,手机,device,华为,华为Nova系列,Nova4 (6+128),VCE-TL00,Nova4 (6+128),不开机,80,CNY/台,主板小板短板TIA,image,华为2.jpg,数码网报价单-0825更新/手机相关/华为2.jpg,1,1.0,visual_0825_source_crosschecked
20260825-ed0111c080b45df68514-01,2026-08-25,手机,device,华为,华为Nova系列,Nova4 (6+128),VCE-TL00,Nova4 (6+128),废板·整机,80,CNY/台,主板小板短板TIA,image,华为2.jpg,数码网报价单-0825更新/手机相关/华为2.jpg,1,1.0,visual_0825_source_crosschecked
20260825-5694a8d6e92a6de34d3c-01,2026-08-25,手机,device,华为,华为Nova系列,Nova4 (6+128),VCE-TL00,Nova4 (6+128),统货,/,CNY/台,主板小板短板TIA,image,华为2.jpg,数码网报价单-0825更新/手机相关/华为2.jpg,1,1.0,visual_0825_source_crosschecked
20260825-0affcd1d780230c8ae1a-01,2026-08-25,手机,device,华为,华为Nova系列,Nova4e (6+128),MAR-AL00,Nova4e (6+128),开机靓好,160,CNY/台,主板小板短板TIA,image,华为2.jpg,数码网报价单-0825更新/手机相关/华为2.jpg,1,1.0,visual_0825_source_crosschecked
20260825-04d9e9eff189b6caf56d-01,2026-08-25,手机,device,华为,华为Nova系列,Nova4e (6+128),MAR-AL00,Nova4e (6+128),开机好碎,160,CNY/台,主板小板短板TIA,image,华为2.jpg,数码网报价单-0825更新/手机相关/华为2.jpg,1,1.0,visual_0825_source_crosschecked
20260825-755d581566afd35da2a3-01,2026-08-25,手机,device,华为,华为Nova系列,Nova4e (6+128),MAR-AL00,Nova4e (6+128),开机碎屏,160,CNY/台,主板小板短板TIA,image,华为2.jpg,数码网报价单-0825更新/手机相关/华为2.jpg,1,1.0,visual_0825_source_crosschecked
20260825-d6581d9027c1cfb993f8-01,2026-08-25,手机,device,华为,华为Nova系列,Nova4e (6+128),MAR-AL00,Nova4e (6+128),开机坏配件,160,CNY/台,主板小板短板TIA,image,华为2.jpg,数码网报价单-0825更新/手机相关/华为2.jpg,1,1.0,visual_0825_source_crosschecked
20260825-9253dd2bff083ee52297-01,2026-08-25,手机,device,华为,华为Nova系列,Nova4e (6+128),MAR-AL00,Nova4e (6+128),不开机,160,CNY/台,主板小板短板TIA,image,华为2.jpg,数码网报价单-0825更新/手机相关/华为2.jpg,1,1.0,visual_0825_source_crosschecked
20260825-6ae5ea6ac0dbc156dcf2-01,2026-08-25,手机,device,华为,华为Nova系列,Nova4e (6+128),MAR-AL00,Nova4e (6+128),废板·整机,160,CNY/台,主板小板短板TIA,image,华为2.jpg,数码网报价单-0825更新/手机相关/华为2.jpg,1,1.0,visual_0825_source_crosschecked
20260825-54681a111d27f0e0f526-01,2026-08-25,手机,device,华为,华为Nova系列,Nova4e (6+128),MAR-AL00,Nova4e (6+128),统货,/,CNY/台,主板小板短板TIA,image,华为2.jpg,数码网报价单-0825更新/手机相关/华为2.jpg,1,1.0,visual_0825_source_crosschecked
20260825-16043accc3b85f4ffebf-01,2026-08-25,手机,device,华为,华为Nova系列,Nova3,PAR-AL00,Nova3,开机靓好,85,CNY/台,/,image,华为2.jpg,数码网报价单-0825更新/手机相关/华为2.jpg,1,1.0,visual_0825_source_crosschecked
20260825-246d60faf6b34c9606e1-01,2026-08-25,手机,device,华为,华为Nova系列,Nova3,PAR-AL00,Nova3,开机好碎,85,CNY/台,/,image,华为2.jpg,数码网报价单-0825更新/手机相关/华为2.jpg,1,1.0,visual_0825_source_crosschecked
20260825-eebd250b7749fdc75735-01,2026-08-25,手机,device,华为,华为Nova系列,Nova3,PAR-AL00,Nova3,开机碎屏,85,CNY/台,/,image,华为2.jpg,数码网报价单-0825更新/手机相关/华为2.jpg,1,1.0,visual_0825_source_crosschecked
20260825-6ba51d6513989b064cfe-01,2026-08-25,手机,device,华为,华为Nova系列,Nova3,PAR-AL00,Nova3,开机坏配件,85,CNY/台,/,image,华为2.jpg,数码网报价单-0825更新/手机相关/华为2.jpg,1,1.0,visual_0825_source_crosschecked
20260825-d39cb57a75d0bd38833e-01,2026-08-25,手机,device,华为,华为Nova系列,Nova3,PAR-AL00,Nova3,不开机,85,CNY/台,/,image,华为2.jpg,数码网报价单-0825更新/手机相关/华为2.jpg,1,1.0,visual_0825_source_crosschecked
20260825-19d3c2d61f63617cb6a4-01,2026-08-25,手机,device,华为,华为Nova系列,Nova3,PAR-AL00,Nova3,废板·整机,85,CNY/台,/,image,华为2.jpg,数码网报价单-0825更新/手机相关/华为2.jpg,1,1.0,visual_0825_source_crosschecked
20260825-d8848a481c0dcf505a69-01,2026-08-25,手机,device,华为,华为Nova系列,Nova3,PAR-AL00,Nova3,统货,/,CNY/台,/,image,华为2.jpg,数码网报价单-0825更新/手机相关/华为2.jpg,1,1.0,visual_0825_source_crosschecked
20260825-f16e97cc4c3c996a8c4c-01,2026-08-25,手机,device,华为,华为Nova系列,Nova3 (4+64),PAR-AL00,Nova3 (4+64),开机靓好,80,CNY/台,/,image,华为2.jpg,数码网报价单-0825更新/手机相关/华为2.jpg,1,1.0,visual_0825_source_crosschecked
20260825-072b94e638f72e707f1b-01,2026-08-25,手机,device,华为,华为Nova系列,Nova3 (4+64),PAR-AL00,Nova3 (4+64),开机好碎,80,CNY/台,/,image,华为2.jpg,数码网报价单-0825更新/手机相关/华为2.jpg,1,1.0,visual_0825_source_crosschecked
20260825-3125ca99cf211a343874-01,2026-08-25,手机,device,华为,华为Nova系列,Nova3 (4+64),PAR-AL00,Nova3 (4+64),开机碎屏,80,CNY/台,/,image,华为2.jpg,数码网报价单-0825更新/手机相关/华为2.jpg,1,1.0,visual_0825_source_crosschecked
20260825-764b9f9003ccd6a9f77c-01,2026-08-25,手机,device,华为,华为Nova系列,Nova3 (4+64),PAR-AL00,Nova3 (4+64),开机坏配件,80,CNY/台,/,image,华为2.jpg,数码网报价单-0825更新/手机相关/华为2.jpg,1,1.0,visual_0825_source_crosschecked
20260825-e2dbe3da372f246bc655-01,2026-08-25,手机,device,华为,华为Nova系列,Nova3 (4+64),PAR-AL00,Nova3 (4+64),不开机,80,CNY/台,/,image,华为2.jpg,数码网报价单-0825更新/手机相关/华为2.jpg,1,1.0,visual_0825_source_crosschecked
20260825-6f3982bf55cb3b7ba058-01,2026-08-25,手机,device,华为,华为Nova系列,Nova3 (4+64),PAR-AL00,Nova3 (4+64),废板·整机,80,CNY/台,/,image,华为2.jpg,数码网报价单-0825更新/手机相关/华为2.jpg,1,1.0,visual_0825_source_crosschecked
20260825-a9cbb5f1609dd79c886d-01,2026-08-25,手机,device,华为,华为Nova系列,Nova3 (4+64),PAR-AL00,Nova3 (4+64),统货,/,CNY/台,/,image,华为2.jpg,数码网报价单-0825更新/手机相关/华为2.jpg,1,1.0,visual_0825_source_crosschecked
20260825-bfc082b37009be413679-01,2026-08-25,手机,device,华为,华为Nova系列,Nova3i,INE-AL00,Nova3i,开机靓好,80,CNY/台,/,image,华为2.jpg,数码网报价单-0825更新/手机相关/华为2.jpg,1,1.0,visual_0825_source_crosschecked
20260825-70581dd9c8f0af16e0a3-01,2026-08-25,手机,device,华为,华为Nova系列,Nova3i,INE-AL00,Nova3i,开机好碎,80,CNY/台,/,image,华为2.jpg,数码网报价单-0825更新/手机相关/华为2.jpg,1,1.0,visual_0825_source_crosschecked
20260825-15c14852278f7d36b891-01,2026-08-25,手机,device,华为,华为Nova系列,Nova3i,INE-AL00,Nova3i,开机碎屏,80,CNY/台,/,image,华为2.jpg,数码网报价单-0825更新/手机相关/华为2.jpg,1,1.0,visual_0825_source_crosschecked
20260825-b3c57540c5affcc3dc3e-01,2026-08-25,手机,device,华为,华为Nova系列,Nova3i,INE-AL00,Nova3i,开机坏配件,80,CNY/台,/,image,华为2.jpg,数码网报价单-0825更新/手机相关/华为2.jpg,1,1.0,visual_0825_source_crosschecked
20260825-6a0284f975c5185f5d96-01,2026-08-25,手机,device,华为,华为Nova系列,Nova3i,INE-AL00,Nova3i,不开机,80,CNY/台,/,image,华为2.jpg,数码网报价单-0825更新/手机相关/华为2.jpg,1,1.0,visual_0825_source_crosschecked
20260825-cb5ebcdc918475b4ccbc-01,2026-08-25,手机,device,华为,华为Nova系列,Nova3i,INE-AL00,Nova3i,废板·整机,80,CNY/台,/,image,华为2.jpg,数码网报价单-0825更新/手机相关/华为2.jpg,1,1.0,visual_0825_source_crosschecked
20260825-147f17511c54aadb07ad-01,2026-08-25,手机,device,华为,华为Nova系列,Nova3i,INE-AL00,Nova3i,统货,/,CNY/台,/,image,华为2.jpg,数码网报价单-0825更新/手机相关/华为2.jpg,1,1.0,visual_0825_source_crosschecked
20260825-f64b18ddc9bab1f1775f-01,2026-08-25,手机,device,华为,华为Nova系列,Nova3e,ANE-AL00,Nova3e,开机靓好,115,CNY/台,/,image,华为2.jpg,数码网报价单-0825更新/手机相关/华为2.jpg,1,1.0,visual_0825_source_crosschecked
20260825-0453e200f416c1a45187-01,2026-08-25,手机,device,华为,华为Nova系列,Nova3e,ANE-AL00,Nova3e,开机好碎,115,CNY/台,/,image,华为2.jpg,数码网报价单-0825更新/手机相关/华为2.jpg,1,1.0,visual_0825_source_crosschecked
20260825-4e08d250983f4e0d7704-01,2026-08-25,手机,device,华为,华为Nova系列,Nova3e,ANE-AL00,Nova3e,开机碎屏,115,CNY/台,/,image,华为2.jpg,数码网报价单-0825更新/手机相关/华为2.jpg,1,1.0,visual_0825_source_crosschecked
20260825-5d129bddc8c901dd6d70-01,2026-08-25,手机,device,华为,华为Nova系列,Nova3e,ANE-AL00,Nova3e,开机坏配件,115,CNY/台,/,image,华为2.jpg,数码网报价单-0825更新/手机相关/华为2.jpg,1,1.0,visual_0825_source_crosschecked
20260825-72037d18fde8ee340ec0-01,2026-08-25,手机,device,华为,华为Nova系列,Nova3e,ANE-AL00,Nova3e,不开机,115,CNY/台,/,image,华为2.jpg,数码网报价单-0825更新/手机相关/华为2.jpg,1,1.0,visual_0825_source_crosschecked
20260825-55fce039baa70c3c3a0d-01,2026-08-25,手机,device,华为,华为Nova系列,Nova3e,ANE-AL00,Nova3e,废板·整机,115,CNY/台,/,image,华为2.jpg,数码网报价单-0825更新/手机相关/华为2.jpg,1,1.0,visual_0825_source_crosschecked
20260825-f0001e52dd9e69ade626-01,2026-08-25,手机,device,华为,华为Nova系列,Nova3e,ANE-AL00,Nova3e,统货,/,CNY/台,/,image,华为2.jpg,数码网报价单-0825更新/手机相关/华为2.jpg,1,1.0,visual_0825_source_crosschecked
20260825-782d44f771c1790585b6-01,2026-08-25,手机,device,华为,华为Nova系列,Nova2s,BAC-AL00,Nova2s,开机靓好,85,CNY/台,/,image,华为2.jpg,数码网报价单-0825更新/手机相关/华为2.jpg,1,1.0,visual_0825_source_crosschecked
20260825-4cb0a399fb9bc7546d84-01,2026-08-25,手机,device,华为,华为Nova系列,Nova2s,BAC-AL00,Nova2s,开机好碎,85,CNY/台,/,image,华为2.jpg,数码网报价单-0825更新/手机相关/华为2.jpg,1,1.0,visual_0825_source_crosschecked
20260825-76b4ad1fb9a2d8886edc-01,2026-08-25,手机,device,华为,华为Nova系列,Nova2s,BAC-AL00,Nova2s,开机碎屏,85,CNY/台,/,image,华为2.jpg,数码网报价单-0825更新/手机相关/华为2.jpg,1,1.0,visual_0825_source_crosschecked
20260825-1f29dffe6126fc48bc87-01,2026-08-25,手机,device,华为,华为Nova系列,Nova2s,BAC-AL00,Nova2s,开机坏配件,85,CNY/台,/,image,华为2.jpg,数码网报价单-0825更新/手机相关/华为2.jpg,1,1.0,visual_0825_source_crosschecked
20260825-546f198eabce3cacea34-01,2026-08-25,手机,device,华为,华为Nova系列,Nova2s,BAC-AL00,Nova2s,不开机,85,CNY/台,/,image,华为2.jpg,数码网报价单-0825更新/手机相关/华为2.jpg,1,1.0,visual_0825_source_crosschecked
20260825-a93dd7b28edb7b8aed62-01,2026-08-25,手机,device,华为,华为Nova系列,Nova2s,BAC-AL00,Nova2s,废板·整机,85,CNY/台,/,image,华为2.jpg,数码网报价单-0825更新/手机相关/华为2.jpg,1,1.0,visual_0825_source_crosschecked
20260825-d2b38e112c6f72b3ef64-01,2026-08-25,手机,device,华为,华为Nova系列,Nova2s,BAC-AL00,Nova2s,统货,/,CNY/台,/,image,华为2.jpg,数码网报价单-0825更新/手机相关/华为2.jpg,1,1.0,visual_0825_source_crosschecked
20260825-ec19ade81ed8929788e2-01,2026-08-25,手机,device,华为,华为Nova系列,Nova2s 高配,HWI-AL00,Nova2s 高配,开机靓好,60,CNY/台,开机测试主板亮屏幕有显示算开机 屏幕发黄发暗扣钱,image,华为2.jpg,数码网报价单-0825更新/手机相关/华为2.jpg,1,1.0,visual_0825_source_crosschecked
20260825-3cd8e425afb5f694e0f0-01,2026-08-25,手机,device,华为,华为Nova系列,Nova2s 高配,HWI-AL00,Nova2s 高配,开机好碎,60,CNY/台,开机测试主板亮屏幕有显示算开机 屏幕发黄发暗扣钱,image,华为2.jpg,数码网报价单-0825更新/手机相关/华为2.jpg,1,1.0,visual_0825_source_crosschecked
20260825-4feab8ad3c642163c175-01,2026-08-25,手机,device,华为,华为Nova系列,Nova2s 高配,HWI-AL00,Nova2s 高配,开机碎屏,60,CNY/台,开机测试主板亮屏幕有显示算开机 屏幕发黄发暗扣钱,image,华为2.jpg,数码网报价单-0825更新/手机相关/华为2.jpg,1,1.0,visual_0825_source_crosschecked
20260825-7b0b7d86de1a99a7b246-01,2026-08-25,手机,device,华为,华为Nova系列,Nova2s 高配,HWI-AL00,Nova2s 高配,开机坏配件,60,CNY/台,开机测试主板亮屏幕有显示算开机 屏幕发黄发暗扣钱,image,华为2.jpg,数码网报价单-0825更新/手机相关/华为2.jpg,1,1.0,visual_0825_source_crosschecked
20260825-ada7d23212dbb9b80934-01,2026-08-25,手机,device,华为,华为Nova系列,Nova2s 高配,HWI-AL00,Nova2s 高配,不开机,60,CNY/台,开机测试主板亮屏幕有显示算开机 屏幕发黄发暗扣钱,image,华为2.jpg,数码网报价单-0825更新/手机相关/华为2.jpg,1,1.0,visual_0825_source_crosschecked
20260825-3a7cc61e3e9aa22553e7-01,2026-08-25,手机,device,华为,华为Nova系列,Nova2s 高配,HWI-AL00,Nova2s 高配,废板·整机,60,CNY/台,开机测试主板亮屏幕有显示算开机 屏幕发黄发暗扣钱,image,华为2.jpg,数码网报价单-0825更新/手机相关/华为2.jpg,1,1.0,visual_0825_source_crosschecked
20260825-6db540241289670c3267-01,2026-08-25,手机,device,华为,华为Nova系列,Nova2s 高配,HWI-AL00,Nova2s 高配,统货,/,CNY/台,开机测试主板亮屏幕有显示算开机 屏幕发黄发暗扣钱,image,华为2.jpg,数码网报价单-0825更新/手机相关/华为2.jpg,1,1.0,visual_0825_source_crosschecked
20260825-3483c058e47ada672971-01,2026-08-25,手机,device,华为,华为Nova系列,Nova2,PIC-AL00,Nova2,开机靓好,75,CNY/台,/,image,华为2.jpg,数码网报价单-0825更新/手机相关/华为2.jpg,1,1.0,visual_0825_source_crosschecked
20260825-84885b0d85d6c290f07f-01,2026-08-25,手机,device,华为,华为Nova系列,Nova2,PIC-AL00,Nova2,开机好碎,75,CNY/台,/,image,华为2.jpg,数码网报价单-0825更新/手机相关/华为2.jpg,1,1.0,visual_0825_source_crosschecked
20260825-cbe0a99d8eb66ba7bac0-01,2026-08-25,手机,device,华为,华为Nova系列,Nova2,PIC-AL00,Nova2,开机碎屏,75,CNY/台,/,image,华为2.jpg,数码网报价单-0825更新/手机相关/华为2.jpg,1,1.0,visual_0825_source_crosschecked
20260825-deeb6706561c552e4f91-01,2026-08-25,手机,device,华为,华为Nova系列,Nova2,PIC-AL00,Nova2,开机坏配件,75,CNY/台,/,image,华为2.jpg,数码网报价单-0825更新/手机相关/华为2.jpg,1,1.0,visual_0825_source_crosschecked
20260825-afe21aa13742357c4661-01,2026-08-25,手机,device,华为,华为Nova系列,Nova2,PIC-AL00,Nova2,不开机,75,CNY/台,/,image,华为2.jpg,数码网报价单-0825更新/手机相关/华为2.jpg,1,1.0,visual_0825_source_crosschecked
20260825-e2f082527cacb5fe957f-01,2026-08-25,手机,device,华为,华为Nova系列,Nova2,PIC-AL00,Nova2,废板·整机,75,CNY/台,/,image,华为2.jpg,数码网报价单-0825更新/手机相关/华为2.jpg,1,1.0,visual_0825_source_crosschecked
20260825-ee0e34292d6a2da28678-01,2026-08-25,手机,device,华为,华为Nova系列,Nova2,PIC-AL00,Nova2,统货,/,CNY/台,/,image,华为2.jpg,数码网报价单-0825更新/手机相关/华为2.jpg,1,1.0,visual_0825_source_crosschecked
20260825-61c7b22ac2a16332cbb7-01,2026-08-25,手机,device,华为,华为Nova系列,Nova (4+64),MAS-AL00,Nova (4+64),开机靓好,75,CNY/台,/,image,华为2.jpg,数码网报价单-0825更新/手机相关/华为2.jpg,1,1.0,visual_0825_source_crosschecked
20260825-3f241c1960ccb0f462bf-01,2026-08-25,手机,device,华为,华为Nova系列,Nova (4+64),MAS-AL00,Nova (4+64),开机好碎,75,CNY/台,/,image,华为2.jpg,数码网报价单-0825更新/手机相关/华为2.jpg,1,1.0,visual_0825_source_crosschecked
20260825-0e5e09695f6ee5470af9-01,2026-08-25,手机,device,华为,华为Nova系列,Nova (4+64),MAS-AL00,Nova (4+64),开机碎屏,75,CNY/台,/,image,华为2.jpg,数码网报价单-0825更新/手机相关/华为2.jpg,1,1.0,visual_0825_source_crosschecked
20260825-c764c05802c45aa8816f-01,2026-08-25,手机,device,华为,华为Nova系列,Nova (4+64),MAS-AL00,Nova (4+64),开机坏配件,75,CNY/台,/,image,华为2.jpg,数码网报价单-0825更新/手机相关/华为2.jpg,1,1.0,visual_0825_source_crosschecked
20260825-1ecab40769c0f508f8ab-01,2026-08-25,手机,device,华为,华为Nova系列,Nova (4+64),MAS-AL00,Nova (4+64),不开机,75,CNY/台,/,image,华为2.jpg,数码网报价单-0825更新/手机相关/华为2.jpg,1,1.0,visual_0825_source_crosschecked
20260825-67355d29d850941f38df-01,2026-08-25,手机,device,华为,华为Nova系列,Nova (4+64),MAS-AL00,Nova (4+64),废板·整机,75,CNY/台,/,image,华为2.jpg,数码网报价单-0825更新/手机相关/华为2.jpg,1,1.0,visual_0825_source_crosschecked
20260825-67ea6c98859299144911-01,2026-08-25,手机,device,华为,华为Nova系列,Nova (4+64),MAS-AL00,Nova (4+64),统货,/,CNY/台,/,image,华为2.jpg,数码网报价单-0825更新/手机相关/华为2.jpg,1,1.0,visual_0825_source_crosschecked
20260825-b6b109793cb090e0cb27-01,2026-08-25,手机,device,华为,华为Nova系列,Nova (4+64),CAZ-AL00,Nova (4+64),开机靓好,135,CNY/台,/,image,华为2.jpg,数码网报价单-0825更新/手机相关/华为2.jpg,1,1.0,visual_0825_source_crosschecked
20260825-ad4b8a26d1a8bcace6db-01,2026-08-25,手机,device,华为,华为Nova系列,Nova (4+64),CAZ-AL00,Nova (4+64),开机好碎,135,CNY/台,/,image,华为2.jpg,数码网报价单-0825更新/手机相关/华为2.jpg,1,1.0,visual_0825_source_crosschecked
20260825-acdecf616d2a63b8d0cb-01,2026-08-25,手机,device,华为,华为Nova系列,Nova (4+64),CAZ-AL00,Nova (4+64),开机碎屏,135,CNY/台,/,image,华为2.jpg,数码网报价单-0825更新/手机相关/华为2.jpg,1,1.0,visual_0825_source_crosschecked
20260825-f5c16e94a81f06c62388-01,2026-08-25,手机,device,华为,华为Nova系列,Nova (4+64),CAZ-AL00,Nova (4+64),开机坏配件,135,CNY/台,/,image,华为2.jpg,数码网报价单-0825更新/手机相关/华为2.jpg,1,1.0,visual_0825_source_crosschecked
20260825-2cb8f2bff932297524f4-01,2026-08-25,手机,device,华为,华为Nova系列,Nova (4+64),CAZ-AL00,Nova (4+64),不开机,135,CNY/台,/,image,华为2.jpg,数码网报价单-0825更新/手机相关/华为2.jpg,1,1.0,visual_0825_source_crosschecked
20260825-4f751e1d6e2f35da529e-01,2026-08-25,手机,device,华为,华为Nova系列,Nova (4+64),CAZ-AL00,Nova (4+64),废板·整机,135,CNY/台,/,image,华为2.jpg,数码网报价单-0825更新/手机相关/华为2.jpg,1,1.0,visual_0825_source_crosschecked
20260825-a361fffb27ca03d94b75-01,2026-08-25,手机,device,华为,华为Nova系列,Nova (4+64),CAZ-AL00,Nova (4+64),统货,/,CNY/台,/,image,华为2.jpg,数码网报价单-0825更新/手机相关/华为2.jpg,1,1.0,visual_0825_source_crosschecked
20260825-d08255ba2d74f7fc6b8f-01,2026-08-25,手机,device,华为,华为Nova系列,Nova (3+32),CAZ-AL00,Nova (3+32),开机靓好,55,CNY/台,/,image,华为2.jpg,数码网报价单-0825更新/手机相关/华为2.jpg,1,1.0,visual_0825_source_crosschecked
20260825-d6a8b7c9d175a92261d9-01,2026-08-25,手机,device,华为,华为Nova系列,Nova (3+32),CAZ-AL00,Nova (3+32),开机好碎,55,CNY/台,/,image,华为2.jpg,数码网报价单-0825更新/手机相关/华为2.jpg,1,1.0,visual_0825_source_crosschecked
20260825-bec2cf60b73e30f0c12c-01,2026-08-25,手机,device,华为,华为Nova系列,Nova (3+32),CAZ-AL00,Nova (3+32),开机碎屏,55,CNY/台,/,image,华为2.jpg,数码网报价单-0825更新/手机相关/华为2.jpg,1,1.0,visual_0825_source_crosschecked
20260825-f3a9b644fdf55703a6a9-01,2026-08-25,手机,device,华为,华为Nova系列,Nova (3+32),CAZ-AL00,Nova (3+32),开机坏配件,55,CNY/台,/,image,华为2.jpg,数码网报价单-0825更新/手机相关/华为2.jpg,1,1.0,visual_0825_source_crosschecked
20260825-1c2550e9091ccb2f5d1e-01,2026-08-25,手机,device,华为,华为Nova系列,Nova (3+32),CAZ-AL00,Nova (3+32),不开机,55,CNY/台,/,image,华为2.jpg,数码网报价单-0825更新/手机相关/华为2.jpg,1,1.0,visual_0825_source_crosschecked
20260825-a4fd8b0e2002e800249d-01,2026-08-25,手机,device,华为,华为Nova系列,Nova (3+32),CAZ-AL00,Nova (3+32),废板·整机,55,CNY/台,/,image,华为2.jpg,数码网报价单-0825更新/手机相关/华为2.jpg,1,1.0,visual_0825_source_crosschecked
20260825-77738bddde502dedfa9e-01,2026-08-25,手机,device,华为,华为Nova系列,Nova (3+32),CAZ-AL00,Nova (3+32),统货,/,CNY/台,/,image,华为2.jpg,数码网报价单-0825更新/手机相关/华为2.jpg,1,1.0,visual_0825_source_crosschecked
20260825-cde3ec400777958372b5-01,2026-08-25,手机,device,华为,华为/生态系列,优畅享50,VP004,优畅享50,开机靓好,170,CNY/台,/,image,华为2.jpg,数码网报价单-0825更新/手机相关/华为2.jpg,1,1.0,visual_0825_source_crosschecked
20260825-227628c081f99cf1af19-01,2026-08-25,手机,device,华为,华为/生态系列,优畅享50,VP004,优畅享50,开机好碎,170,CNY/台,/,image,华为2.jpg,数码网报价单-0825更新/手机相关/华为2.jpg,1,1.0,visual_0825_source_crosschecked
20260825-17a44624f6fcd0f0f3f8-01,2026-08-25,手机,device,华为,华为/生态系列,优畅享50,VP004,优畅享50,开机碎屏,170,CNY/台,/,image,华为2.jpg,数码网报价单-0825更新/手机相关/华为2.jpg,1,1.0,visual_0825_source_crosschecked
20260825-121f9e94e45370d4a319-01,2026-08-25,手机,device,华为,华为/生态系列,优畅享50,VP004,优畅享50,开机坏配件,170,CNY/台,/,image,华为2.jpg,数码网报价单-0825更新/手机相关/华为2.jpg,1,1.0,visual_0825_source_crosschecked
20260825-fc3858921cfba009834c-01,2026-08-25,手机,device,华为,华为/生态系列,优畅享50,VP004,优畅享50,不开机,170,CNY/台,/,image,华为2.jpg,数码网报价单-0825更新/手机相关/华为2.jpg,1,1.0,visual_0825_source_crosschecked
20260825-2911ed07fe9ca5d1f826-01,2026-08-25,手机,device,华为,华为/生态系列,优畅享50,VP004,优畅享50,废板·整机,170,CNY/台,/,image,华为2.jpg,数码网报价单-0825更新/手机相关/华为2.jpg,1,1.0,visual_0825_source_crosschecked
20260825-529bba386f73d1515c78-01,2026-08-25,手机,device,华为,华为/生态系列,优畅享50,VP004,优畅享50,统货,/,CNY/台,/,image,华为2.jpg,数码网报价单-0825更新/手机相关/华为2.jpg,1,1.0,visual_0825_source_crosschecked
20260825-1b756618b080315f7fe5-01,2026-08-25,手机,device,华为,华为/生态系列,优畅享50Pro,VP005,优畅享50Pro,开机靓好,170,CNY/台,/,image,华为2.jpg,数码网报价单-0825更新/手机相关/华为2.jpg,1,1.0,visual_0825_source_crosschecked
20260825-73fc5f5442091644a8cc-01,2026-08-25,手机,device,华为,华为/生态系列,优畅享50Pro,VP005,优畅享50Pro,开机好碎,170,CNY/台,/,image,华为2.jpg,数码网报价单-0825更新/手机相关/华为2.jpg,1,1.0,visual_0825_source_crosschecked
20260825-b177cdf962387fe88a83-01,2026-08-25,手机,device,华为,华为/生态系列,优畅享50Pro,VP005,优畅享50Pro,开机碎屏,170,CNY/台,/,image,华为2.jpg,数码网报价单-0825更新/手机相关/华为2.jpg,1,1.0,visual_0825_source_crosschecked
20260825-98ed227420082bea5d6c-01,2026-08-25,手机,device,华为,华为/生态系列,优畅享50Pro,VP005,优畅享50Pro,开机坏配件,170,CNY/台,/,image,华为2.jpg,数码网报价单-0825更新/手机相关/华为2.jpg,1,1.0,visual_0825_source_crosschecked
20260825-0411cb45f48ba7424bb0-01,2026-08-25,手机,device,华为,华为/生态系列,优畅享50Pro,VP005,优畅享50Pro,不开机,170,CNY/台,/,image,华为2.jpg,数码网报价单-0825更新/手机相关/华为2.jpg,1,1.0,visual_0825_source_crosschecked
20260825-a8aae65d96291060b679-01,2026-08-25,手机,device,华为,华为/生态系列,优畅享50Pro,VP005,优畅享50Pro,废板·整机,170,CNY/台,/,image,华为2.jpg,数码网报价单-0825更新/手机相关/华为2.jpg,1,1.0,visual_0825_source_crosschecked
20260825-5afd15748c50d1b93db4-01,2026-08-25,手机,device,华为,华为/生态系列,优畅享50Pro,VP005,优畅享50Pro,统货,/,CNY/台,/,image,华为2.jpg,数码网报价单-0825更新/手机相关/华为2.jpg,1,1.0,visual_0825_source_crosschecked
20260825-b84323f410104272f697-01,2026-08-25,手机,device,华为,华为/生态系列,优畅享30e,VP001,优畅享30e,开机靓好,170,CNY/台,/,image,华为2.jpg,数码网报价单-0825更新/手机相关/华为2.jpg,1,1.0,visual_0825_source_crosschecked
20260825-f6cc7a53d0ffae700da5-01,2026-08-25,手机,device,华为,华为/生态系列,优畅享30e,VP001,优畅享30e,开机好碎,170,CNY/台,/,image,华为2.jpg,数码网报价单-0825更新/手机相关/华为2.jpg,1,1.0,visual_0825_source_crosschecked
20260825-b7399ede96a68b28aeca-01,2026-08-25,手机,device,华为,华为/生态系列,优畅享30e,VP001,优畅享30e,开机碎屏,170,CNY/台,/,image,华为2.jpg,数码网报价单-0825更新/手机相关/华为2.jpg,1,1.0,visual_0825_source_crosschecked
20260825-5f5a60b4586c2822ae80-01,2026-08-25,手机,device,华为,华为/生态系列,优畅享30e,VP001,优畅享30e,开机坏配件,170,CNY/台,/,image,华为2.jpg,数码网报价单-0825更新/手机相关/华为2.jpg,1,1.0,visual_0825_source_crosschecked
20260825-2059940ed05b898743cb-01,2026-08-25,手机,device,华为,华为/生态系列,优畅享30e,VP001,优畅享30e,不开机,170,CNY/台,/,image,华为2.jpg,数码网报价单-0825更新/手机相关/华为2.jpg,1,1.0,visual_0825_source_crosschecked
20260825-e0f69acf429b034b55e5-01,2026-08-25,手机,device,华为,华为/生态系列,优畅享30e,VP001,优畅享30e,废板·整机,170,CNY/台,/,image,华为2.jpg,数码网报价单-0825更新/手机相关/华为2.jpg,1,1.0,visual_0825_source_crosschecked
20260825-b7a9ce722b8d76034ade-01,2026-08-25,手机,device,华为,华为/生态系列,优畅享30e,VP001,优畅享30e,统货,/,CNY/台,/,image,华为2.jpg,数码网报价单-0825更新/手机相关/华为2.jpg,1,1.0,visual_0825_source_crosschecked
20260825-74d33e3eaa52be0a6c87-01,2026-08-25,手机,device,华为,华为/生态系列,优畅享20,VP002,优畅享20,开机靓好,170,CNY/台,/,image,华为2.jpg,数码网报价单-0825更新/手机相关/华为2.jpg,1,1.0,visual_0825_source_crosschecked
20260825-2c2dd10610203e03b591-01,2026-08-25,手机,device,华为,华为/生态系列,优畅享20,VP002,优畅享20,开机好碎,170,CNY/台,/,image,华为2.jpg,数码网报价单-0825更新/手机相关/华为2.jpg,1,1.0,visual_0825_source_crosschecked
20260825-d0349d5d8b42fe55878d-01,2026-08-25,手机,device,华为,华为/生态系列,优畅享20,VP002,优畅享20,开机碎屏,170,CNY/台,/,image,华为2.jpg,数码网报价单-0825更新/手机相关/华为2.jpg,1,1.0,visual_0825_source_crosschecked
20260825-15399918bba3f67745c0-01,2026-08-25,手机,device,华为,华为/生态系列,优畅享20,VP002,优畅享20,开机坏配件,170,CNY/台,/,image,华为2.jpg,数码网报价单-0825更新/手机相关/华为2.jpg,1,1.0,visual_0825_source_crosschecked
20260825-18c66ef232174267c616-01,2026-08-25,手机,device,华为,华为/生态系列,优畅享20,VP002,优畅享20,不开机,170,CNY/台,/,image,华为2.jpg,数码网报价单-0825更新/手机相关/华为2.jpg,1,1.0,visual_0825_source_crosschecked
20260825-07eabf2974d9d9f0c3d8-01,2026-08-25,手机,device,华为,华为/生态系列,优畅享20,VP002,优畅享20,废板·整机,170,CNY/台,/,image,华为2.jpg,数码网报价单-0825更新/手机相关/华为2.jpg,1,1.0,visual_0825_source_crosschecked
20260825-0f4fb6b8a4522044be81-01,2026-08-25,手机,device,华为,华为/生态系列,优畅享20,VP002,优畅享20,统货,/,CNY/台,/,image,华为2.jpg,数码网报价单-0825更新/手机相关/华为2.jpg,1,1.0,visual_0825_source_crosschecked
20260825-c1bb1ce9046a4d60632d-01,2026-08-25,手机,device,华为,华为/生态系列,优畅享20 Plus,VP003,优畅享20 Plus,开机靓好,170,CNY/台,/,image,华为2.jpg,数码网报价单-0825更新/手机相关/华为2.jpg,1,1.0,visual_0825_source_crosschecked
20260825-d767dbb9c3f4e06cd6aa-01,2026-08-25,手机,device,华为,华为/生态系列,优畅享20 Plus,VP003,优畅享20 Plus,开机好碎,170,CNY/台,/,image,华为2.jpg,数码网报价单-0825更新/手机相关/华为2.jpg,1,1.0,visual_0825_source_crosschecked
20260825-d58906afdfbc79102b06-01,2026-08-25,手机,device,华为,华为/生态系列,优畅享20 Plus,VP003,优畅享20 Plus,开机碎屏,170,CNY/台,/,image,华为2.jpg,数码网报价单-0825更新/手机相关/华为2.jpg,1,1.0,visual_0825_source_crosschecked
20260825-48fa2d779af90268a7c1-01,2026-08-25,手机,device,华为,华为/生态系列,优畅享20 Plus,VP003,优畅享20 Plus,开机坏配件,170,CNY/台,/,image,华为2.jpg,数码网报价单-0825更新/手机相关/华为2.jpg,1,1.0,visual_0825_source_crosschecked
20260825-412b12c6435ef5bbf0d7-01,2026-08-25,手机,device,华为,华为/生态系列,优畅享20 Plus,VP003,优畅享20 Plus,不开机,170,CNY/台,/,image,华为2.jpg,数码网报价单-0825更新/手机相关/华为2.jpg,1,1.0,visual_0825_source_crosschecked
20260825-ef869ca73fc50ee2f77d-01,2026-08-25,手机,device,华为,华为/生态系列,优畅享20 Plus,VP003,优畅享20 Plus,废板·整机,170,CNY/台,/,image,华为2.jpg,数码网报价单-0825更新/手机相关/华为2.jpg,1,1.0,visual_0825_source_crosschecked
20260825-5e2f97cb70214d8937b6-01,2026-08-25,手机,device,华为,华为/生态系列,优畅享20 Plus,VP003,优畅享20 Plus,统货,/,CNY/台,/,image,华为2.jpg,数码网报价单-0825更新/手机相关/华为2.jpg,1,1.0,visual_0825_source_crosschecked
20260825-456382f1b1d602a48dc2-01,2026-08-25,手机,device,华为,华为/生态系列,雷鸟,VP003,雷鸟,开机靓好,170,CNY/台,/,image,华为2.jpg,数码网报价单-0825更新/手机相关/华为2.jpg,1,1.0,visual_0825_source_crosschecked
20260825-db7f7bb4930c545686be-01,2026-08-25,手机,device,华为,华为/生态系列,雷鸟,VP003,雷鸟,开机好碎,170,CNY/台,/,image,华为2.jpg,数码网报价单-0825更新/手机相关/华为2.jpg,1,1.0,visual_0825_source_crosschecked
20260825-7a70329fbaeb0b1c133a-01,2026-08-25,手机,device,华为,华为/生态系列,雷鸟,VP003,雷鸟,开机碎屏,170,CNY/台,/,image,华为2.jpg,数码网报价单-0825更新/手机相关/华为2.jpg,1,1.0,visual_0825_source_crosschecked
20260825-f060531af3e89f8ac5a1-01,2026-08-25,手机,device,华为,华为/生态系列,雷鸟,VP003,雷鸟,开机坏配件,170,CNY/台,/,image,华为2.jpg,数码网报价单-0825更新/手机相关/华为2.jpg,1,1.0,visual_0825_source_crosschecked
20260825-dd162825536507ed1b07-01,2026-08-25,手机,device,华为,华为/生态系列,雷鸟,VP003,雷鸟,不开机,170,CNY/台,/,image,华为2.jpg,数码网报价单-0825更新/手机相关/华为2.jpg,1,1.0,visual_0825_source_crosschecked
20260825-18c4bb35bbcd05a1d725-01,2026-08-25,手机,device,华为,华为/生态系列,雷鸟,VP003,雷鸟,废板·整机,170,CNY/台,/,image,华为2.jpg,数码网报价单-0825更新/手机相关/华为2.jpg,1,1.0,visual_0825_source_crosschecked
20260825-6a7a6f12ce87352677f3-01,2026-08-25,手机,device,华为,华为/生态系列,雷鸟,VP003,雷鸟,统货,/,CNY/台,/,image,华为2.jpg,数码网报价单-0825更新/手机相关/华为2.jpg,1,1.0,visual_0825_source_crosschecked
20260825-9c5076e46d13671fabab-01,2026-08-25,手机,device,华为,华为/生态系列,NZONE 50Pro 5G,SP210,NZONE 50Pro 5G,开机靓好,170,CNY/台,/,image,华为2.jpg,数码网报价单-0825更新/手机相关/华为2.jpg,1,1.0,visual_0825_source_crosschecked
20260825-ff89c034bec1d106dc9d-01,2026-08-25,手机,device,华为,华为/生态系列,NZONE 50Pro 5G,SP210,NZONE 50Pro 5G,开机好碎,170,CNY/台,/,image,华为2.jpg,数码网报价单-0825更新/手机相关/华为2.jpg,1,1.0,visual_0825_source_crosschecked
20260825-af62b685e4c0faa601d8-01,2026-08-25,手机,device,华为,华为/生态系列,NZONE 50Pro 5G,SP210,NZONE 50Pro 5G,开机碎屏,170,CNY/台,/,image,华为2.jpg,数码网报价单-0825更新/手机相关/华为2.jpg,1,1.0,visual_0825_source_crosschecked
20260825-cdc40d9aa02f6a41bc09-01,2026-08-25,手机,device,华为,华为/生态系列,NZONE 50Pro 5G,SP210,NZONE 50Pro 5G,开机坏配件,170,CNY/台,/,image,华为2.jpg,数码网报价单-0825更新/手机相关/华为2.jpg,1,1.0,visual_0825_source_crosschecked
20260825-4db7ac343e9985203305-01,2026-08-25,手机,device,华为,华为/生态系列,NZONE 50Pro 5G,SP210,NZONE 50Pro 5G,不开机,170,CNY/台,/,image,华为2.jpg,数码网报价单-0825更新/手机相关/华为2.jpg,1,1.0,visual_0825_source_crosschecked
20260825-9b63aebc63501e8bf7ba-01,2026-08-25,手机,device,华为,华为/生态系列,NZONE 50Pro 5G,SP210,NZONE 50Pro 5G,废板·整机,170,CNY/台,/,image,华为2.jpg,数码网报价单-0825更新/手机相关/华为2.jpg,1,1.0,visual_0825_source_crosschecked
20260825-5f445c8a9916c1b929b1-01,2026-08-25,手机,device,华为,华为/生态系列,NZONE 50Pro 5G,SP210,NZONE 50Pro 5G,统货,/,CNY/台,/,image,华为2.jpg,数码网报价单-0825更新/手机相关/华为2.jpg,1,1.0,visual_0825_source_crosschecked
20260825-b825fff5ebdc6a1877ef-01,2026-08-25,手机,device,华为,华为/生态系列,生态70pro+,SP2101,生态70pro+,开机靓好,170,CNY/台,/,image,华为2.jpg,数码网报价单-0825更新/手机相关/华为2.jpg,1,1.0,visual_0825_source_crosschecked
20260825-104c7cb2b4e296f796b4-01,2026-08-25,手机,device,华为,华为/生态系列,生态70pro+,SP2101,生态70pro+,开机好碎,170,CNY/台,/,image,华为2.jpg,数码网报价单-0825更新/手机相关/华为2.jpg,1,1.0,visual_0825_source_crosschecked
20260825-b935432223a6c6571e44-01,2026-08-25,手机,device,华为,华为/生态系列,生态70pro+,SP2101,生态70pro+,开机碎屏,170,CNY/台,/,image,华为2.jpg,数码网报价单-0825更新/手机相关/华为2.jpg,1,1.0,visual_0825_source_crosschecked
20260825-011c49ea562bf6d045e5-01,2026-08-25,手机,device,华为,华为/生态系列,生态70pro+,SP2101,生态70pro+,开机坏配件,170,CNY/台,/,image,华为2.jpg,数码网报价单-0825更新/手机相关/华为2.jpg,1,1.0,visual_0825_source_crosschecked
20260825-1689434d19b1a28d9dd7-01,2026-08-25,手机,device,华为,华为/生态系列,生态70pro+,SP2101,生态70pro+,不开机,170,CNY/台,/,image,华为2.jpg,数码网报价单-0825更新/手机相关/华为2.jpg,1,1.0,visual_0825_source_crosschecked
20260825-03e91656680f14c285cf-01,2026-08-25,手机,device,华为,华为/生态系列,生态70pro+,SP2101,生态70pro+,废板·整机,170,CNY/台,/,image,华为2.jpg,数码网报价单-0825更新/手机相关/华为2.jpg,1,1.0,visual_0825_source_crosschecked
20260825-7662b978d9f29c8da6bc-01,2026-08-25,手机,device,华为,华为/生态系列,生态70pro+,SP2101,生态70pro+,统货,/,CNY/台,/,image,华为2.jpg,数码网报价单-0825更新/手机相关/华为2.jpg,1,1.0,visual_0825_source_crosschecked
20260825-d2b17d304a08814c50b7-01,2026-08-25,手机,device,华为,华为/生态系列,生态70,SP300,生态70,开机靓好,170,CNY/台,/,image,华为2.jpg,数码网报价单-0825更新/手机相关/华为2.jpg,1,1.0,visual_0825_source_crosschecked
20260825-ed36294e0f3ecf52837f-01,2026-08-25,手机,device,华为,华为/生态系列,生态70,SP300,生态70,开机好碎,170,CNY/台,/,image,华为2.jpg,数码网报价单-0825更新/手机相关/华为2.jpg,1,1.0,visual_0825_source_crosschecked
20260825-14d89abf47b01fdb56b6-01,2026-08-25,手机,device,华为,华为/生态系列,生态70,SP300,生态70,开机碎屏,170,CNY/台,/,image,华为2.jpg,数码网报价单-0825更新/手机相关/华为2.jpg,1,1.0,visual_0825_source_crosschecked
20260825-046d870e30de547c1fbf-01,2026-08-25,手机,device,华为,华为/生态系列,生态70,SP300,生态70,开机坏配件,170,CNY/台,/,image,华为2.jpg,数码网报价单-0825更新/手机相关/华为2.jpg,1,1.0,visual_0825_source_crosschecked
20260825-9137f8f95264e72bfbaa-01,2026-08-25,手机,device,华为,华为/生态系列,生态70,SP300,生态70,不开机,170,CNY/台,/,image,华为2.jpg,数码网报价单-0825更新/手机相关/华为2.jpg,1,1.0,visual_0825_source_crosschecked
20260825-88ea0eab1019d30fdd8d-01,2026-08-25,手机,device,华为,华为/生态系列,生态70,SP300,生态70,废板·整机,170,CNY/台,/,image,华为2.jpg,数码网报价单-0825更新/手机相关/华为2.jpg,1,1.0,visual_0825_source_crosschecked
20260825-a06de02c7b3f28c496f5-01,2026-08-25,手机,device,华为,华为/生态系列,生态70,SP300,生态70,统货,/,CNY/台,/,image,华为2.jpg,数码网报价单-0825更新/手机相关/华为2.jpg,1,1.0,visual_0825_source_crosschecked
20260825-d059e6c3cd3b37257059-01,2026-08-25,手机,device,华为,华为/生态系列,鼎桥x7,SP100,鼎桥x7,开机靓好,170,CNY/台,/,image,华为2.jpg,数码网报价单-0825更新/手机相关/华为2.jpg,1,1.0,visual_0825_source_crosschecked
20260825-7ca2e4bcd8885c17311f-01,2026-08-25,手机,device,华为,华为/生态系列,鼎桥x7,SP100,鼎桥x7,开机好碎,170,CNY/台,/,image,华为2.jpg,数码网报价单-0825更新/手机相关/华为2.jpg,1,1.0,visual_0825_source_crosschecked
20260825-2388445369ddf48d5d74-01,2026-08-25,手机,device,华为,华为/生态系列,鼎桥x7,SP100,鼎桥x7,开机碎屏,170,CNY/台,/,image,华为2.jpg,数码网报价单-0825更新/手机相关/华为2.jpg,1,1.0,visual_0825_source_crosschecked
20260825-37c62d63dd3b64625b79-01,2026-08-25,手机,device,华为,华为/生态系列,鼎桥x7,SP100,鼎桥x7,开机坏配件,170,CNY/台,/,image,华为2.jpg,数码网报价单-0825更新/手机相关/华为2.jpg,1,1.0,visual_0825_source_crosschecked
20260825-22cbb615c41f416d5dbb-01,2026-08-25,手机,device,华为,华为/生态系列,鼎桥x7,SP100,鼎桥x7,不开机,170,CNY/台,/,image,华为2.jpg,数码网报价单-0825更新/手机相关/华为2.jpg,1,1.0,visual_0825_source_crosschecked
20260825-7cc8b3747d05614e7cdb-01,2026-08-25,手机,device,华为,华为/生态系列,鼎桥x7,SP100,鼎桥x7,废板·整机,170,CNY/台,/,image,华为2.jpg,数码网报价单-0825更新/手机相关/华为2.jpg,1,1.0,visual_0825_source_crosschecked
20260825-ce7b9cd15e28a5cb758e-01,2026-08-25,手机,device,华为,华为/生态系列,鼎桥x7,SP100,鼎桥x7,统货,/,CNY/台,/,image,华为2.jpg,数码网报价单-0825更新/手机相关/华为2.jpg,1,1.0,visual_0825_source_crosschecked
20260825-668ff9ce26001e5e9ca7-01,2026-08-25,手机,device,华为,华为/生态系列,鼎桥 M40,AVA-PA00,鼎桥 M40,开机靓好,130,CNY/台,/,image,华为2.jpg,数码网报价单-0825更新/手机相关/华为2.jpg,1,1.0,visual_0825_source_crosschecked
20260825-4e77f02c5ea93a7b8caf-01,2026-08-25,手机,device,华为,华为/生态系列,鼎桥 M40,AVA-PA00,鼎桥 M40,开机好碎,130,CNY/台,/,image,华为2.jpg,数码网报价单-0825更新/手机相关/华为2.jpg,1,1.0,visual_0825_source_crosschecked
20260825-62e28ea2c67a424cb010-01,2026-08-25,手机,device,华为,华为/生态系列,鼎桥 M40,AVA-PA00,鼎桥 M40,开机碎屏,130,CNY/台,/,image,华为2.jpg,数码网报价单-0825更新/手机相关/华为2.jpg,1,1.0,visual_0825_source_crosschecked
20260825-14c9c137bee1f050bda6-01,2026-08-25,手机,device,华为,华为/生态系列,鼎桥 M40,AVA-PA00,鼎桥 M40,开机坏配件,130,CNY/台,/,image,华为2.jpg,数码网报价单-0825更新/手机相关/华为2.jpg,1,1.0,visual_0825_source_crosschecked
20260825-2df7275a84d9bdab3d37-01,2026-08-25,手机,device,华为,华为/生态系列,鼎桥 M40,AVA-PA00,鼎桥 M40,不开机,130,CNY/台,/,image,华为2.jpg,数码网报价单-0825更新/手机相关/华为2.jpg,1,1.0,visual_0825_source_crosschecked
20260825-ae8209550764a3acb6dc-01,2026-08-25,手机,device,华为,华为/生态系列,鼎桥 M40,AVA-PA00,鼎桥 M40,废板·整机,130,CNY/台,/,image,华为2.jpg,数码网报价单-0825更新/手机相关/华为2.jpg,1,1.0,visual_0825_source_crosschecked
20260825-cf41b9b9333e98b4070a-01,2026-08-25,手机,device,华为,华为/生态系列,鼎桥 M40,AVA-PA00,鼎桥 M40,统货,/,CNY/台,/,image,华为2.jpg,数码网报价单-0825更新/手机相关/华为2.jpg,1,1.0,visual_0825_source_crosschecked
20260825-c516a1a0536f67401247-01,2026-08-25,手机,device,华为,华为/生态系列,鼎桥 M40,TDT-MA00,鼎桥 M40,开机靓好,100,CNY/台,/,image,华为2.jpg,数码网报价单-0825更新/手机相关/华为2.jpg,1,1.0,visual_0825_source_crosschecked
20260825-48e32a7efde009c4670b-01,2026-08-25,手机,device,华为,华为/生态系列,鼎桥 M40,TDT-MA00,鼎桥 M40,开机好碎,100,CNY/台,/,image,华为2.jpg,数码网报价单-0825更新/手机相关/华为2.jpg,1,1.0,visual_0825_source_crosschecked
20260825-1270b2c9bd9b9b253c37-01,2026-08-25,手机,device,华为,华为/生态系列,鼎桥 M40,TDT-MA00,鼎桥 M40,开机碎屏,100,CNY/台,/,image,华为2.jpg,数码网报价单-0825更新/手机相关/华为2.jpg,1,1.0,visual_0825_source_crosschecked
20260825-f1ec343d051ba1fdc588-01,2026-08-25,手机,device,华为,华为/生态系列,鼎桥 M40,TDT-MA00,鼎桥 M40,开机坏配件,100,CNY/台,/,image,华为2.jpg,数码网报价单-0825更新/手机相关/华为2.jpg,1,1.0,visual_0825_source_crosschecked
20260825-af12a8a2fbed8bb178b1-01,2026-08-25,手机,device,华为,华为/生态系列,鼎桥 M40,TDT-MA00,鼎桥 M40,不开机,100,CNY/台,/,image,华为2.jpg,数码网报价单-0825更新/手机相关/华为2.jpg,1,1.0,visual_0825_source_crosschecked
20260825-7b2bd45a543dbf69dc25-01,2026-08-25,手机,device,华为,华为/生态系列,鼎桥 M40,TDT-MA00,鼎桥 M40,废板·整机,100,CNY/台,/,image,华为2.jpg,数码网报价单-0825更新/手机相关/华为2.jpg,1,1.0,visual_0825_source_crosschecked
20260825-88c612992c8356181216-01,2026-08-25,手机,device,华为,华为/生态系列,鼎桥 M40,TDT-MA00,鼎桥 M40,统货,/,CNY/台,/,image,华为2.jpg,数码网报价单-0825更新/手机相关/华为2.jpg,1,1.0,visual_0825_source_crosschecked
20260825-d2aef598e7b6cc7efe41-01,2026-08-25,手机,device,华为,华为/生态系列,NAT-TN00,NAT-TN00,NAT-TN00,开机靓好,170,CNY/台,/,image,华为2.jpg,数码网报价单-0825更新/手机相关/华为2.jpg,1,1.0,visual_0825_source_crosschecked
20260825-2825dd1eb82d351438af-01,2026-08-25,手机,device,华为,华为/生态系列,NAT-TN00,NAT-TN00,NAT-TN00,开机好碎,170,CNY/台,/,image,华为2.jpg,数码网报价单-0825更新/手机相关/华为2.jpg,1,1.0,visual_0825_source_crosschecked
20260825-d7ce059cf9d65b5ff6df-01,2026-08-25,手机,device,华为,华为/生态系列,NAT-TN00,NAT-TN00,NAT-TN00,开机碎屏,170,CNY/台,/,image,华为2.jpg,数码网报价单-0825更新/手机相关/华为2.jpg,1,1.0,visual_0825_source_crosschecked
20260825-d3ba7d06f7489fe488d9-01,2026-08-25,手机,device,华为,华为/生态系列,NAT-TN00,NAT-TN00,NAT-TN00,开机坏配件,170,CNY/台,/,image,华为2.jpg,数码网报价单-0825更新/手机相关/华为2.jpg,1,1.0,visual_0825_source_crosschecked
20260825-15b755bbebb25d519c4f-01,2026-08-25,手机,device,华为,华为/生态系列,NAT-TN00,NAT-TN00,NAT-TN00,不开机,170,CNY/台,/,image,华为2.jpg,数码网报价单-0825更新/手机相关/华为2.jpg,1,1.0,visual_0825_source_crosschecked
20260825-4a5acfcec84e85e6744c-01,2026-08-25,手机,device,华为,华为/生态系列,NAT-TN00,NAT-TN00,NAT-TN00,废板·整机,170,CNY/台,/,image,华为2.jpg,数码网报价单-0825更新/手机相关/华为2.jpg,1,1.0,visual_0825_source_crosschecked
20260825-bc13c3e9a92407cdfde9-01,2026-08-25,手机,device,华为,华为/生态系列,NAT-TN00,NAT-TN00,NAT-TN00,统货,/,CNY/台,/,image,华为2.jpg,数码网报价单-0825更新/手机相关/华为2.jpg,1,1.0,visual_0825_source_crosschecked
20260825-a7af3f5db5ecf69e7ae1-01,2026-08-25,手机,device,华为,华为/生态系列,WIKO 5G,LFT-AN00,WIKO 5G,开机靓好,170,CNY/台,/,image,华为2.jpg,数码网报价单-0825更新/手机相关/华为2.jpg,1,1.0,visual_0825_source_crosschecked
20260825-412c8c1d00138e251b19-01,2026-08-25,手机,device,华为,华为/生态系列,WIKO 5G,LFT-AN00,WIKO 5G,开机好碎,170,CNY/台,/,image,华为2.jpg,数码网报价单-0825更新/手机相关/华为2.jpg,1,1.0,visual_0825_source_crosschecked
20260825-c5891afafbd3b0cbd39e-01,2026-08-25,手机,device,华为,华为/生态系列,WIKO 5G,LFT-AN00,WIKO 5G,开机碎屏,170,CNY/台,/,image,华为2.jpg,数码网报价单-0825更新/手机相关/华为2.jpg,1,1.0,visual_0825_source_crosschecked
20260825-325bb1479d3061b031ee-01,2026-08-25,手机,device,华为,华为/生态系列,WIKO 5G,LFT-AN00,WIKO 5G,开机坏配件,170,CNY/台,/,image,华为2.jpg,数码网报价单-0825更新/手机相关/华为2.jpg,1,1.0,visual_0825_source_crosschecked
20260825-909eccdb75b94e4ba6fd-01,2026-08-25,手机,device,华为,华为/生态系列,WIKO 5G,LFT-AN00,WIKO 5G,不开机,170,CNY/台,/,image,华为2.jpg,数码网报价单-0825更新/手机相关/华为2.jpg,1,1.0,visual_0825_source_crosschecked
20260825-f38ec9288768ef8584ad-01,2026-08-25,手机,device,华为,华为/生态系列,WIKO 5G,LFT-AN00,WIKO 5G,废板·整机,170,CNY/台,/,image,华为2.jpg,数码网报价单-0825更新/手机相关/华为2.jpg,1,1.0,visual_0825_source_crosschecked
20260825-cbf0eca3efb07fd6a97a-01,2026-08-25,手机,device,华为,华为/生态系列,WIKO 5G,LFT-AN00,WIKO 5G,统货,/,CNY/台,/,image,华为2.jpg,数码网报价单-0825更新/手机相关/华为2.jpg,1,1.0,visual_0825_source_crosschecked
20260825-eb786d5f95abfc52dfa7-01,2026-08-25,手机,device,华为,华为/生态系列,NEX US,NEX US,NEX US,开机靓好,27,CNY/台,/,image,华为2.jpg,数码网报价单-0825更新/手机相关/华为2.jpg,1,1.0,visual_0825_source_crosschecked
20260825-9fc616d3ba48975e3ead-01,2026-08-25,手机,device,华为,华为/生态系列,NEX US,NEX US,NEX US,开机好碎,27,CNY/台,/,image,华为2.jpg,数码网报价单-0825更新/手机相关/华为2.jpg,1,1.0,visual_0825_source_crosschecked
20260825-3dfb236838087ccfb459-01,2026-08-25,手机,device,华为,华为/生态系列,NEX US,NEX US,NEX US,开机碎屏,23,CNY/台,/,image,华为2.jpg,数码网报价单-0825更新/手机相关/华为2.jpg,1,1.0,visual_0825_source_crosschecked
20260825-3bef3cf1eb5f16672815-01,2026-08-25,手机,device,华为,华为/生态系列,NEX US,NEX US,NEX US,开机坏配件,23,CNY/台,/,image,华为2.jpg,数码网报价单-0825更新/手机相关/华为2.jpg,1,1.0,visual_0825_source_crosschecked
20260825-cff6466e09513cce08ea-01,2026-08-25,手机,device,华为,华为/生态系列,NEX US,NEX US,NEX US,不开机,23,CNY/台,/,image,华为2.jpg,数码网报价单-0825更新/手机相关/华为2.jpg,1,1.0,visual_0825_source_crosschecked
20260825-0856ebb7ce84a9f9ce00-01,2026-08-25,手机,device,华为,华为/生态系列,NEX US,NEX US,NEX US,废板·整机,23,CNY/台,/,image,华为2.jpg,数码网报价单-0825更新/手机相关/华为2.jpg,1,1.0,visual_0825_source_crosschecked
20260825-6170d174b1624a656ce7-01,2026-08-25,手机,device,华为,华为/生态系列,NEX US,NEX US,NEX US,统货,/,CNY/台,/,image,华为2.jpg,数码网报价单-0825更新/手机相关/华为2.jpg,1,1.0,visual_0825_source_crosschecked
20260825-ddbbffbe1bf501a55d5b-01,2026-08-25,手机,device,华为,华为/生态系列,荣耀xpower2,SFR-AN00,荣耀xpower2,开机靓好,700,CNY/台,/,image,华为2.jpg,数码网报价单-0825更新/手机相关/华为2.jpg,1,1.0,visual_0825_source_crosschecked
20260825-8d9bb02f30448d7827a6-01,2026-08-25,手机,device,华为,华为/生态系列,荣耀xpower2,SFR-AN00,荣耀xpower2,开机好碎,650,CNY/台,/,image,华为2.jpg,数码网报价单-0825更新/手机相关/华为2.jpg,1,1.0,visual_0825_source_crosschecked
20260825-a7bcaa9eeecc8e1da8b8-01,2026-08-25,手机,device,华为,华为/生态系列,荣耀xpower2,SFR-AN00,荣耀xpower2,开机碎屏,600,CNY/台,/,image,华为2.jpg,数码网报价单-0825更新/手机相关/华为2.jpg,1,1.0,visual_0825_source_crosschecked
20260825-3772948a16a0e18704b0-01,2026-08-25,手机,device,华为,华为/生态系列,荣耀xpower2,SFR-AN00,荣耀xpower2,开机坏配件,500,CNY/台,/,image,华为2.jpg,数码网报价单-0825更新/手机相关/华为2.jpg,1,1.0,visual_0825_source_crosschecked
20260825-fc538bf839a314dc6f24-01,2026-08-25,手机,device,华为,华为/生态系列,荣耀xpower2,SFR-AN00,荣耀xpower2,不开机,150,CNY/台,/,image,华为2.jpg,数码网报价单-0825更新/手机相关/华为2.jpg,1,1.0,visual_0825_source_crosschecked
20260825-18831cc63f716ec4afbc-01,2026-08-25,手机,device,华为,华为/生态系列,荣耀xpower2,SFR-AN00,荣耀xpower2,废板·整机,150,CNY/台,/,image,华为2.jpg,数码网报价单-0825更新/手机相关/华为2.jpg,1,1.0,visual_0825_source_crosschecked
20260825-c7655c3cff96b7823f59-01,2026-08-25,手机,device,华为,华为/生态系列,荣耀xpower2,SFR-AN00,荣耀xpower2,统货,/,CNY/台,/,image,华为2.jpg,数码网报价单-0825更新/手机相关/华为2.jpg,1,1.0,visual_0825_source_crosschecked
20260825-fd3675bfc077afad6d18-01,2026-08-25,手机,device,华为,华为/生态系列,荣耀power,DVD-AN00/AN10,荣耀power,开机靓好,580,CNY/台,特统货2200,image,华为2.jpg,数码网报价单-0825更新/手机相关/华为2.jpg,1,1.0,visual_0825_source_crosschecked
20260825-4f609e24a78670618943-01,2026-08-25,手机,device,华为,华为/生态系列,荣耀power,DVD-AN00/AN10,荣耀power,开机好碎,500,CNY/台,特统货2200,image,华为2.jpg,数码网报价单-0825更新/手机相关/华为2.jpg,1,1.0,visual_0825_source_crosschecked
20260825-8076b1e6a2ce34d0df6b-01,2026-08-25,手机,device,华为,华为/生态系列,荣耀power,DVD-AN00/AN10,荣耀power,开机碎屏,380,CNY/台,特统货2200,image,华为2.jpg,数码网报价单-0825更新/手机相关/华为2.jpg,1,1.0,visual_0825_source_crosschecked
20260825-d14544ea4aaf1fcf3fd4-01,2026-08-25,手机,device,华为,华为/生态系列,荣耀power,DVD-AN00/AN10,荣耀power,开机坏配件,300,CNY/台,特统货2200,image,华为2.jpg,数码网报价单-0825更新/手机相关/华为2.jpg,1,1.0,visual_0825_source_crosschecked
20260825-7bcbcd927fa7505273bf-01,2026-08-25,手机,device,华为,华为/生态系列,荣耀power,DVD-AN00/AN10,荣耀power,不开机,160,CNY/台,特统货2200,image,华为2.jpg,数码网报价单-0825更新/手机相关/华为2.jpg,1,1.0,visual_0825_source_crosschecked
20260825-7a4e8de626ba03040bfc-01,2026-08-25,手机,device,华为,华为/生态系列,荣耀power,DVD-AN00/AN10,荣耀power,废板·整机,150,CNY/台,特统货2200,image,华为2.jpg,数码网报价单-0825更新/手机相关/华为2.jpg,1,1.0,visual_0825_source_crosschecked
20260825-62a8b64c7f0e38b19466-01,2026-08-25,手机,device,华为,华为/生态系列,荣耀power,DVD-AN00/AN10,荣耀power,统货,/,CNY/台,特统货2200,image,华为2.jpg,数码网报价单-0825更新/手机相关/华为2.jpg,1,1.0,visual_0825_source_crosschecked
20260825-894e994881322f891a07-01,2026-08-25,手机,device,华为,荣耀Magic系列,荣耀Magic7 Pro,PTP-AN10,荣耀Magic7 Pro,开机靓好,900,CNY/台,/,image,华为2.jpg,数码网报价单-0825更新/手机相关/华为2.jpg,1,1.0,visual_0825_source_crosschecked
20260825-fca57ff4427c237b417b-01,2026-08-25,手机,device,华为,荣耀Magic系列,荣耀Magic7 Pro,PTP-AN10,荣耀Magic7 Pro,开机好碎,900,CNY/台,/,image,华为2.jpg,数码网报价单-0825更新/手机相关/华为2.jpg,1,1.0,visual_0825_source_crosschecked
20260825-96b40d1e502f53dc1375-01,2026-08-25,手机,device,华为,荣耀Magic系列,荣耀Magic7 Pro,PTP-AN10,荣耀Magic7 Pro,开机碎屏,400,CNY/台,/,image,华为2.jpg,数码网报价单-0825更新/手机相关/华为2.jpg,1,1.0,visual_0825_source_crosschecked
20260825-18b9fc04c093dc313722-01,2026-08-25,手机,device,华为,荣耀Magic系列,荣耀Magic7 Pro,PTP-AN10,荣耀Magic7 Pro,开机坏配件,400,CNY/台,/,image,华为2.jpg,数码网报价单-0825更新/手机相关/华为2.jpg,1,1.0,visual_0825_source_crosschecked
20260825-22191c17705dd7db8dc2-01,2026-08-25,手机,device,华为,荣耀Magic系列,荣耀Magic7 Pro,PTP-AN10,荣耀Magic7 Pro,不开机,300,CNY/台,/,image,华为2.jpg,数码网报价单-0825更新/手机相关/华为2.jpg,1,1.0,visual_0825_source_crosschecked
20260825-b7ee54eedb4166f2648c-01,2026-08-25,手机,device,华为,荣耀Magic系列,荣耀Magic7 Pro,PTP-AN10,荣耀Magic7 Pro,废板·整机,300,CNY/台,/,image,华为2.jpg,数码网报价单-0825更新/手机相关/华为2.jpg,1,1.0,visual_0825_source_crosschecked
20260825-51ac3e928737b0cec31f-01,2026-08-25,手机,device,华为,荣耀Magic系列,荣耀Magic7 Pro,PTP-AN10,荣耀Magic7 Pro,统货,/,CNY/台,/,image,华为2.jpg,数码网报价单-0825更新/手机相关/华为2.jpg,1,1.0,visual_0825_source_crosschecked
20260825-75eb37a6c7e7df93fcd6-01,2026-08-25,手机,device,华为,荣耀Magic系列,荣耀Magic7,PTP-AN00,荣耀Magic7,开机靓好,800,CNY/台,/,image,华为2.jpg,数码网报价单-0825更新/手机相关/华为2.jpg,1,1.0,visual_0825_source_crosschecked
20260825-e4dca56a30f0c52a19bb-01,2026-08-25,手机,device,华为,荣耀Magic系列,荣耀Magic7,PTP-AN00,荣耀Magic7,开机好碎,800,CNY/台,/,image,华为2.jpg,数码网报价单-0825更新/手机相关/华为2.jpg,1,1.0,visual_0825_source_crosschecked
20260825-d693a834efb2ed3b1778-01,2026-08-25,手机,device,华为,荣耀Magic系列,荣耀Magic7,PTP-AN00,荣耀Magic7,开机碎屏,400,CNY/台,/,image,华为2.jpg,数码网报价单-0825更新/手机相关/华为2.jpg,1,1.0,visual_0825_source_crosschecked
20260825-f0d6de68dbb7f758d64e-01,2026-08-25,手机,device,华为,荣耀Magic系列,荣耀Magic7,PTP-AN00,荣耀Magic7,开机坏配件,400,CNY/台,/,image,华为2.jpg,数码网报价单-0825更新/手机相关/华为2.jpg,1,1.0,visual_0825_source_crosschecked
20260825-7e1ed57e0c777b6a801e-01,2026-08-25,手机,device,华为,荣耀Magic系列,荣耀Magic7,PTP-AN00,荣耀Magic7,不开机,300,CNY/台,/,image,华为2.jpg,数码网报价单-0825更新/手机相关/华为2.jpg,1,1.0,visual_0825_source_crosschecked
20260825-0bca2016fd1a429fb4c0-01,2026-08-25,手机,device,华为,荣耀Magic系列,荣耀Magic7,PTP-AN00,荣耀Magic7,废板·整机,300,CNY/台,/,image,华为2.jpg,数码网报价单-0825更新/手机相关/华为2.jpg,1,1.0,visual_0825_source_crosschecked
20260825-970c3fc8a9baca63546f-01,2026-08-25,手机,device,华为,荣耀Magic系列,荣耀Magic7,PTP-AN00,荣耀Magic7,统货,/,CNY/台,/,image,华为2.jpg,数码网报价单-0825更新/手机相关/华为2.jpg,1,1.0,visual_0825_source_crosschecked
20260825-e09e0449a93331e28c0e-01,2026-08-25,手机,device,华为,荣耀Magic系列,荣耀Magic6 Pro,BVL-AN10,荣耀Magic6 Pro,开机靓好,800,CNY/台,/,image,华为2.jpg,数码网报价单-0825更新/手机相关/华为2.jpg,1,1.0,visual_0825_source_crosschecked
20260825-3ae9d7583e5699506f59-01,2026-08-25,手机,device,华为,荣耀Magic系列,荣耀Magic6 Pro,BVL-AN10,荣耀Magic6 Pro,开机好碎,600,CNY/台,/,image,华为2.jpg,数码网报价单-0825更新/手机相关/华为2.jpg,1,1.0,visual_0825_source_crosschecked
20260825-96d19d8f7a5ce22c69a0-01,2026-08-25,手机,device,华为,荣耀Magic系列,荣耀Magic6 Pro,BVL-AN10,荣耀Magic6 Pro,开机碎屏,400,CNY/台,/,image,华为2.jpg,数码网报价单-0825更新/手机相关/华为2.jpg,1,1.0,visual_0825_source_crosschecked
20260825-8d29254e5acf2e461697-01,2026-08-25,手机,device,华为,荣耀Magic系列,荣耀Magic6 Pro,BVL-AN10,荣耀Magic6 Pro,开机坏配件,300,CNY/台,/,image,华为2.jpg,数码网报价单-0825更新/手机相关/华为2.jpg,1,1.0,visual_0825_source_crosschecked
20260825-2a5367bc457caef87ee9-01,2026-08-25,手机,device,华为,荣耀Magic系列,荣耀Magic6 Pro,BVL-AN10,荣耀Magic6 Pro,不开机,300,CNY/台,/,image,华为2.jpg,数码网报价单-0825更新/手机相关/华为2.jpg,1,1.0,visual_0825_source_crosschecked
20260825-601b8d9241005512de1e-01,2026-08-25,手机,device,华为,荣耀Magic系列,荣耀Magic6 Pro,BVL-AN10,荣耀Magic6 Pro,废板·整机,300,CNY/台,/,image,华为2.jpg,数码网报价单-0825更新/手机相关/华为2.jpg,1,1.0,visual_0825_source_crosschecked
20260825-004535e11236136edc2c-01,2026-08-25,手机,device,华为,荣耀Magic系列,荣耀Magic6 Pro,BVL-AN10,荣耀Magic6 Pro,统货,/,CNY/台,/,image,华为2.jpg,数码网报价单-0825更新/手机相关/华为2.jpg,1,1.0,visual_0825_source_crosschecked
20260825-ebef97a115f883296bde-01,2026-08-25,手机,device,华为,荣耀Magic系列,荣耀Magic6,BVL-AN00,荣耀Magic6,开机靓好,700,CNY/台,/,image,华为2.jpg,数码网报价单-0825更新/手机相关/华为2.jpg,1,1.0,visual_0825_source_crosschecked
20260825-13d3c9a6cbad057b3232-01,2026-08-25,手机,device,华为,荣耀Magic系列,荣耀Magic6,BVL-AN00,荣耀Magic6,开机好碎,500,CNY/台,/,image,华为2.jpg,数码网报价单-0825更新/手机相关/华为2.jpg,1,1.0,visual_0825_source_crosschecked
20260825-9646573fe7dad3c6b030-01,2026-08-25,手机,device,华为,荣耀Magic系列,荣耀Magic6,BVL-AN00,荣耀Magic6,开机碎屏,320,CNY/台,/,image,华为2.jpg,数码网报价单-0825更新/手机相关/华为2.jpg,1,1.0,visual_0825_source_crosschecked
20260825-25e7fc3a467cd163f9c6-01,2026-08-25,手机,device,华为,荣耀Magic系列,荣耀Magic6,BVL-AN00,荣耀Magic6,开机坏配件,240,CNY/台,/,image,华为2.jpg,数码网报价单-0825更新/手机相关/华为2.jpg,1,1.0,visual_0825_source_crosschecked
20260825-41d4eeded674408a5390-01,2026-08-25,手机,device,华为,荣耀Magic系列,荣耀Magic6,BVL-AN00,荣耀Magic6,不开机,240,CNY/台,/,image,华为2.jpg,数码网报价单-0825更新/手机相关/华为2.jpg,1,1.0,visual_0825_source_crosschecked
20260825-f3bae4dd5033fc8723d9-01,2026-08-25,手机,device,华为,荣耀Magic系列,荣耀Magic6,BVL-AN00,荣耀Magic6,废板·整机,240,CNY/台,/,image,华为2.jpg,数码网报价单-0825更新/手机相关/华为2.jpg,1,1.0,visual_0825_source_crosschecked
20260825-2db64d9f2a0f4c83da62-01,2026-08-25,手机,device,华为,荣耀Magic系列,荣耀Magic6,BVL-AN00,荣耀Magic6,统货,/,CNY/台,/,image,华为2.jpg,数码网报价单-0825更新/手机相关/华为2.jpg,1,1.0,visual_0825_source_crosschecked
20260825-c7609e28c833c324c1c8-01,2026-08-25,手机,device,华为,荣耀Magic系列,荣耀Magic6rs,BVL-AN20,荣耀Magic6rs,开机靓好,850,CNY/台,碎屏靓底板开机400,image,华为2.jpg,数码网报价单-0825更新/手机相关/华为2.jpg,1,1.0,visual_0825_source_crosschecked
20260825-1cf601b18c863ce697b5-01,2026-08-25,手机,device,华为,荣耀Magic系列,荣耀Magic6rs,BVL-AN20,荣耀Magic6rs,开机好碎,600,CNY/台,碎屏靓底板开机400,image,华为2.jpg,数码网报价单-0825更新/手机相关/华为2.jpg,1,1.0,visual_0825_source_crosschecked
20260825-9bd0f363b564eb3a5a6b-01,2026-08-25,手机,device,华为,荣耀Magic系列,荣耀Magic6rs,BVL-AN20,荣耀Magic6rs,开机碎屏,400,CNY/台,碎屏靓底板开机400,image,华为2.jpg,数码网报价单-0825更新/手机相关/华为2.jpg,1,1.0,visual_0825_source_crosschecked
20260825-f2c7281824ba7932e148-01,2026-08-25,手机,device,华为,荣耀Magic系列,荣耀Magic6rs,BVL-AN20,荣耀Magic6rs,开机坏配件,260,CNY/台,碎屏靓底板开机400,image,华为2.jpg,数码网报价单-0825更新/手机相关/华为2.jpg,1,1.0,visual_0825_source_crosschecked
20260825-2799662a8ba644c193d8-01,2026-08-25,手机,device,华为,荣耀Magic系列,荣耀Magic6rs,BVL-AN20,荣耀Magic6rs,不开机,240,CNY/台,碎屏靓底板开机400,image,华为2.jpg,数码网报价单-0825更新/手机相关/华为2.jpg,1,1.0,visual_0825_source_crosschecked
20260825-3ff938026f14ffb16aec-01,2026-08-25,手机,device,华为,荣耀Magic系列,荣耀Magic6rs,BVL-AN20,荣耀Magic6rs,废板·整机,240,CNY/台,碎屏靓底板开机400,image,华为2.jpg,数码网报价单-0825更新/手机相关/华为2.jpg,1,1.0,visual_0825_source_crosschecked
20260825-a2cbc2dcb2b09423ecf7-01,2026-08-25,手机,device,华为,荣耀Magic系列,荣耀Magic6rs,BVL-AN20,荣耀Magic6rs,统货,/,CNY/台,碎屏靓底板开机400,image,华为2.jpg,数码网报价单-0825更新/手机相关/华为2.jpg,1,1.0,visual_0825_source_crosschecked
20260825-a55636f22148b85c1acc-01,2026-08-25,手机,device,华为,荣耀Magic系列,荣耀Magic5 Pro,PGT-AN10,荣耀Magic5 Pro,开机靓好,320,CNY/台,开机测试主板亮屏幕有显示算开机 屏幕碎开机统货300要求主板靓比例正常,image,华为2.jpg,数码网报价单-0825更新/手机相关/华为2.jpg,1,1.0,visual_0825_source_crosschecked
20260825-41a07c0b763bc6598d37-01,2026-08-25,手机,device,华为,荣耀Magic系列,荣耀Magic5 Pro,PGT-AN10,荣耀Magic5 Pro,开机好碎,300,CNY/台,开机测试主板亮屏幕有显示算开机 屏幕碎开机统货300要求主板靓比例正常,image,华为2.jpg,数码网报价单-0825更新/手机相关/华为2.jpg,1,1.0,visual_0825_source_crosschecked
20260825-b8c2d426925469288cec-01,2026-08-25,手机,device,华为,荣耀Magic系列,荣耀Magic5 Pro,PGT-AN10,荣耀Magic5 Pro,开机碎屏,220,CNY/台,开机测试主板亮屏幕有显示算开机 屏幕碎开机统货300要求主板靓比例正常,image,华为2.jpg,数码网报价单-0825更新/手机相关/华为2.jpg,1,1.0,visual_0825_source_crosschecked
20260825-b46fb20fd105dd3ac657-01,2026-08-25,手机,device,华为,荣耀Magic系列,荣耀Magic5 Pro,PGT-AN10,荣耀Magic5 Pro,开机坏配件,220,CNY/台,开机测试主板亮屏幕有显示算开机 屏幕碎开机统货300要求主板靓比例正常,image,华为2.jpg,数码网报价单-0825更新/手机相关/华为2.jpg,1,1.0,visual_0825_source_crosschecked
20260825-a875f2e4fcae76064e4d-01,2026-08-25,手机,device,华为,荣耀Magic系列,荣耀Magic5 Pro,PGT-AN10,荣耀Magic5 Pro,不开机,320,CNY/台,开机测试主板亮屏幕有显示算开机 屏幕碎开机统货300要求主板靓比例正常,image,华为2.jpg,数码网报价单-0825更新/手机相关/华为2.jpg,1,1.0,visual_0825_source_crosschecked
20260825-cd6981269b6f6673cfca-01,2026-08-25,手机,device,华为,荣耀Magic系列,荣耀Magic5 Pro,PGT-AN10,荣耀Magic5 Pro,废板·整机,320,CNY/台,开机测试主板亮屏幕有显示算开机 屏幕碎开机统货300要求主板靓比例正常,image,华为2.jpg,数码网报价单-0825更新/手机相关/华为2.jpg,1,1.0,visual_0825_source_crosschecked
20260825-b003597e4f33e60cdea0-01,2026-08-25,手机,device,华为,荣耀Magic系列,荣耀Magic5 Pro,PGT-AN10,荣耀Magic5 Pro,统货,/,CNY/台,开机测试主板亮屏幕有显示算开机 屏幕碎开机统货300要求主板靓比例正常,image,华为2.jpg,数码网报价单-0825更新/手机相关/华为2.jpg,1,1.0,visual_0825_source_crosschecked
20260825-3fd225ecce0d10893715-01,2026-08-25,手机,device,华为,荣耀Magic系列,荣耀Magic5至臻,PGT-AN20,荣耀Magic5至臻,开机靓好,300,CNY/台,/,image,华为2.jpg,数码网报价单-0825更新/手机相关/华为2.jpg,1,1.0,visual_0825_source_crosschecked
20260825-a524a7881e2dc4ad8028-01,2026-08-25,手机,device,华为,荣耀Magic系列,荣耀Magic5至臻,PGT-AN20,荣耀Magic5至臻,开机好碎,220,CNY/台,/,image,华为2.jpg,数码网报价单-0825更新/手机相关/华为2.jpg,1,1.0,visual_0825_source_crosschecked
20260825-c12f35a51cb05029fbae-01,2026-08-25,手机,device,华为,荣耀Magic系列,荣耀Magic5至臻,PGT-AN20,荣耀Magic5至臻,开机碎屏,220,CNY/台,/,image,华为2.jpg,数码网报价单-0825更新/手机相关/华为2.jpg,1,1.0,visual_0825_source_crosschecked
20260825-127d7a935e650cd63e77-01,2026-08-25,手机,device,华为,荣耀Magic系列,荣耀Magic5至臻,PGT-AN20,荣耀Magic5至臻,开机坏配件,220,CNY/台,/,image,华为2.jpg,数码网报价单-0825更新/手机相关/华为2.jpg,1,1.0,visual_0825_source_crosschecked
20260825-0bf711f24c23a57ebdeb-01,2026-08-25,手机,device,华为,荣耀Magic系列,荣耀Magic5至臻,PGT-AN20,荣耀Magic5至臻,不开机,220,CNY/台,/,image,华为2.jpg,数码网报价单-0825更新/手机相关/华为2.jpg,1,1.0,visual_0825_source_crosschecked
20260825-7e33b1eec2a377eaca20-01,2026-08-25,手机,device,华为,荣耀Magic系列,荣耀Magic5至臻,PGT-AN20,荣耀Magic5至臻,废板·整机,220,CNY/台,/,image,华为2.jpg,数码网报价单-0825更新/手机相关/华为2.jpg,1,1.0,visual_0825_source_crosschecked
20260825-cf4b38a2ae5f503d892d-01,2026-08-25,手机,device,华为,荣耀Magic系列,荣耀Magic5至臻,PGT-AN20,荣耀Magic5至臻,统货,/,CNY/台,/,image,华为2.jpg,数码网报价单-0825更新/手机相关/华为2.jpg,1,1.0,visual_0825_source_crosschecked
20260825-856b50b50243143cfba3-01,2026-08-25,手机,device,华为,荣耀Magic系列,荣耀Magic5,PGT-AN00,荣耀Magic5,开机靓好,200,CNY/台,/,image,华为2.jpg,数码网报价单-0825更新/手机相关/华为2.jpg,1,1.0,visual_0825_source_crosschecked
20260825-9375ffd7a6b2d3072eae-01,2026-08-25,手机,device,华为,荣耀Magic系列,荣耀Magic5,PGT-AN00,荣耀Magic5,开机好碎,200,CNY/台,/,image,华为2.jpg,数码网报价单-0825更新/手机相关/华为2.jpg,1,1.0,visual_0825_source_crosschecked
20260825-ad741e0df523b2690f9c-01,2026-08-25,手机,device,华为,荣耀Magic系列,荣耀Magic5,PGT-AN00,荣耀Magic5,开机碎屏,200,CNY/台,/,image,华为2.jpg,数码网报价单-0825更新/手机相关/华为2.jpg,1,1.0,visual_0825_source_crosschecked
20260825-1f61c4d1977dccb7cadc-01,2026-08-25,手机,device,华为,荣耀Magic系列,荣耀Magic5,PGT-AN00,荣耀Magic5,开机坏配件,200,CNY/台,/,image,华为2.jpg,数码网报价单-0825更新/手机相关/华为2.jpg,1,1.0,visual_0825_source_crosschecked
20260825-6241e7197b64baa97a83-01,2026-08-25,手机,device,华为,荣耀Magic系列,荣耀Magic5,PGT-AN00,荣耀Magic5,不开机,200,CNY/台,/,image,华为2.jpg,数码网报价单-0825更新/手机相关/华为2.jpg,1,1.0,visual_0825_source_crosschecked
20260825-826ffbf284651d29c94f-01,2026-08-25,手机,device,华为,荣耀Magic系列,荣耀Magic5,PGT-AN00,荣耀Magic5,废板·整机,200,CNY/台,/,image,华为2.jpg,数码网报价单-0825更新/手机相关/华为2.jpg,1,1.0,visual_0825_source_crosschecked
20260825-57c4790e8a4a56c50285-01,2026-08-25,手机,device,华为,荣耀Magic系列,荣耀Magic5,PGT-AN00,荣耀Magic5,统货,/,CNY/台,/,image,华为2.jpg,数码网报价单-0825更新/手机相关/华为2.jpg,1,1.0,visual_0825_source_crosschecked
20260825-2cc28600ec2db5518837-01,2026-08-25,手机,device,华为,荣耀Magic系列,荣耀Magic4 Pro,LGE-AN10,荣耀Magic4 Pro,开机靓好,300,CNY/台,/,image,华为2.jpg,数码网报价单-0825更新/手机相关/华为2.jpg,1,1.0,visual_0825_source_crosschecked
20260825-e6fee55d87e6ad6af4e2-01,2026-08-25,手机,device,华为,荣耀Magic系列,荣耀Magic4 Pro,LGE-AN10,荣耀Magic4 Pro,开机好碎,300,CNY/台,/,image,华为2.jpg,数码网报价单-0825更新/手机相关/华为2.jpg,1,1.0,visual_0825_source_crosschecked
20260825-fedc2af63b463f51d19a-01,2026-08-25,手机,device,华为,荣耀Magic系列,荣耀Magic4 Pro,LGE-AN10,荣耀Magic4 Pro,开机碎屏,300,CNY/台,/,image,华为2.jpg,数码网报价单-0825更新/手机相关/华为2.jpg,1,1.0,visual_0825_source_crosschecked
20260825-bbcd41801711cfe257cd-01,2026-08-25,手机,device,华为,荣耀Magic系列,荣耀Magic4 Pro,LGE-AN10,荣耀Magic4 Pro,开机坏配件,300,CNY/台,/,image,华为2.jpg,数码网报价单-0825更新/手机相关/华为2.jpg,1,1.0,visual_0825_source_crosschecked
20260825-4ddb25ce596083e486e4-01,2026-08-25,手机,device,华为,荣耀Magic系列,荣耀Magic4 Pro,LGE-AN10,荣耀Magic4 Pro,不开机,300,CNY/台,/,image,华为2.jpg,数码网报价单-0825更新/手机相关/华为2.jpg,1,1.0,visual_0825_source_crosschecked
20260825-9eaf9b42cbee60e7dc89-01,2026-08-25,手机,device,华为,荣耀Magic系列,荣耀Magic4 Pro,LGE-AN10,荣耀Magic4 Pro,废板·整机,300,CNY/台,/,image,华为2.jpg,数码网报价单-0825更新/手机相关/华为2.jpg,1,1.0,visual_0825_source_crosschecked
20260825-0191d1655fb893defc7b-01,2026-08-25,手机,device,华为,荣耀Magic系列,荣耀Magic4 Pro,LGE-AN10,荣耀Magic4 Pro,统货,/,CNY/台,/,image,华为2.jpg,数码网报价单-0825更新/手机相关/华为2.jpg,1,1.0,visual_0825_source_crosschecked
20260825-bbd9f9e9a9a7e19e0e47-01,2026-08-25,手机,device,华为,荣耀Magic系列,荣耀Magic4,LGE-AN00,荣耀Magic4,开机靓好,200,CNY/台,/,image,华为2.jpg,数码网报价单-0825更新/手机相关/华为2.jpg,1,1.0,visual_0825_source_crosschecked
20260825-6d51ba6458877822350c-01,2026-08-25,手机,device,华为,荣耀Magic系列,荣耀Magic4,LGE-AN00,荣耀Magic4,开机好碎,200,CNY/台,/,image,华为2.jpg,数码网报价单-0825更新/手机相关/华为2.jpg,1,1.0,visual_0825_source_crosschecked
20260825-aecc13c1dcbc1b0a48f7-01,2026-08-25,手机,device,华为,荣耀Magic系列,荣耀Magic4,LGE-AN00,荣耀Magic4,开机碎屏,200,CNY/台,/,image,华为2.jpg,数码网报价单-0825更新/手机相关/华为2.jpg,1,1.0,visual_0825_source_crosschecked
20260825-d2836abe931ae3c8d537-01,2026-08-25,手机,device,华为,荣耀Magic系列,荣耀Magic4,LGE-AN00,荣耀Magic4,开机坏配件,200,CNY/台,/,image,华为2.jpg,数码网报价单-0825更新/手机相关/华为2.jpg,1,1.0,visual_0825_source_crosschecked
20260825-d889365e55d0f7cd1bf0-01,2026-08-25,手机,device,华为,荣耀Magic系列,荣耀Magic4,LGE-AN00,荣耀Magic4,不开机,200,CNY/台,/,image,华为2.jpg,数码网报价单-0825更新/手机相关/华为2.jpg,1,1.0,visual_0825_source_crosschecked
20260825-45a3b25cd97ad972e3a1-01,2026-08-25,手机,device,华为,荣耀Magic系列,荣耀Magic4,LGE-AN00,荣耀Magic4,废板·整机,200,CNY/台,/,image,华为2.jpg,数码网报价单-0825更新/手机相关/华为2.jpg,1,1.0,visual_0825_source_crosschecked
20260825-e16647524dcbc067a71c-01,2026-08-25,手机,device,华为,荣耀Magic系列,荣耀Magic4,LGE-AN00,荣耀Magic4,统货,/,CNY/台,/,image,华为2.jpg,数码网报价单-0825更新/手机相关/华为2.jpg,1,1.0,visual_0825_source_crosschecked
20260825-0274e1867c2016bea4b7-01,2026-08-25,手机,device,华为,荣耀Magic系列,荣耀Magic4至臻,LGE-AN20,荣耀Magic4至臻,开机靓好,300,CNY/台,/,image,华为2.jpg,数码网报价单-0825更新/手机相关/华为2.jpg,1,1.0,visual_0825_source_crosschecked
20260825-5f746f08d79d940ee4be-01,2026-08-25,手机,device,华为,荣耀Magic系列,荣耀Magic4至臻,LGE-AN20,荣耀Magic4至臻,开机好碎,200,CNY/台,/,image,华为2.jpg,数码网报价单-0825更新/手机相关/华为2.jpg,1,1.0,visual_0825_source_crosschecked
20260825-69534bf906c189d1cb8e-01,2026-08-25,手机,device,华为,荣耀Magic系列,荣耀Magic4至臻,LGE-AN20,荣耀Magic4至臻,开机碎屏,200,CNY/台,/,image,华为2.jpg,数码网报价单-0825更新/手机相关/华为2.jpg,1,1.0,visual_0825_source_crosschecked
20260825-d88952485d09467a281d-01,2026-08-25,手机,device,华为,荣耀Magic系列,荣耀Magic4至臻,LGE-AN20,荣耀Magic4至臻,开机坏配件,200,CNY/台,/,image,华为2.jpg,数码网报价单-0825更新/手机相关/华为2.jpg,1,1.0,visual_0825_source_crosschecked
20260825-971446891923780ffb58-01,2026-08-25,手机,device,华为,荣耀Magic系列,荣耀Magic4至臻,LGE-AN20,荣耀Magic4至臻,不开机,200,CNY/台,/,image,华为2.jpg,数码网报价单-0825更新/手机相关/华为2.jpg,1,1.0,visual_0825_source_crosschecked
20260825-2e7dd21b221126dfc216-01,2026-08-25,手机,device,华为,荣耀Magic系列,荣耀Magic4至臻,LGE-AN20,荣耀Magic4至臻,废板·整机,200,CNY/台,/,image,华为2.jpg,数码网报价单-0825更新/手机相关/华为2.jpg,1,1.0,visual_0825_source_crosschecked
20260825-d84ff5c3f9800d9be96c-01,2026-08-25,手机,device,华为,荣耀Magic系列,荣耀Magic4至臻,LGE-AN20,荣耀Magic4至臻,统货,/,CNY/台,/,image,华为2.jpg,数码网报价单-0825更新/手机相关/华为2.jpg,1,1.0,visual_0825_source_crosschecked
20260825-35880195b095b5f008a3-01,2026-08-25,手机,device,华为,荣耀Magic系列,荣耀Magic3 Pro,ELZ-AN10,荣耀Magic3 Pro,开机靓好,200,CNY/台,/,image,华为2.jpg,数码网报价单-0825更新/手机相关/华为2.jpg,1,1.0,visual_0825_source_crosschecked
20260825-eeb43f109a8e1b266a0e-01,2026-08-25,手机,device,华为,荣耀Magic系列,荣耀Magic3 Pro,ELZ-AN10,荣耀Magic3 Pro,开机好碎,200,CNY/台,/,image,华为2.jpg,数码网报价单-0825更新/手机相关/华为2.jpg,1,1.0,visual_0825_source_crosschecked
20260825-1492bb554770ccf2ab21-01,2026-08-25,手机,device,华为,荣耀Magic系列,荣耀Magic3 Pro,ELZ-AN10,荣耀Magic3 Pro,开机碎屏,200,CNY/台,/,image,华为2.jpg,数码网报价单-0825更新/手机相关/华为2.jpg,1,1.0,visual_0825_source_crosschecked
20260825-6e5ace46b65b6043dc64-01,2026-08-25,手机,device,华为,荣耀Magic系列,荣耀Magic3 Pro,ELZ-AN10,荣耀Magic3 Pro,开机坏配件,200,CNY/台,/,image,华为2.jpg,数码网报价单-0825更新/手机相关/华为2.jpg,1,1.0,visual_0825_source_crosschecked
20260825-c2d04483adc351619031-01,2026-08-25,手机,device,华为,荣耀Magic系列,荣耀Magic3 Pro,ELZ-AN10,荣耀Magic3 Pro,不开机,200,CNY/台,/,image,华为2.jpg,数码网报价单-0825更新/手机相关/华为2.jpg,1,1.0,visual_0825_source_crosschecked
20260825-f9c200ef848957d73fbf-01,2026-08-25,手机,device,华为,荣耀Magic系列,荣耀Magic3 Pro,ELZ-AN10,荣耀Magic3 Pro,废板·整机,200,CNY/台,/,image,华为2.jpg,数码网报价单-0825更新/手机相关/华为2.jpg,1,1.0,visual_0825_source_crosschecked
20260825-c51bc378f4cd261f63c4-01,2026-08-25,手机,device,华为,荣耀Magic系列,荣耀Magic3 Pro,ELZ-AN10,荣耀Magic3 Pro,统货,/,CNY/台,/,image,华为2.jpg,数码网报价单-0825更新/手机相关/华为2.jpg,1,1.0,visual_0825_source_crosschecked
20260825-15f81bdaa0174ccbb4b9-01,2026-08-25,手机,device,华为,荣耀Magic系列,荣耀Magic3,ELZ-AN00,荣耀Magic3,开机靓好,450,CNY/台,/,image,华为2.jpg,数码网报价单-0825更新/手机相关/华为2.jpg,1,1.0,visual_0825_source_crosschecked
20260825-47400b59eb3a8564367c-01,2026-08-25,手机,device,华为,荣耀Magic系列,荣耀Magic3,ELZ-AN00,荣耀Magic3,开机好碎,200,CNY/台,/,image,华为2.jpg,数码网报价单-0825更新/手机相关/华为2.jpg,1,1.0,visual_0825_source_crosschecked
20260825-bd98939e0ca59ca06458-01,2026-08-25,手机,device,华为,荣耀Magic系列,荣耀Magic3,ELZ-AN00,荣耀Magic3,开机碎屏,240,CNY/台,/,image,华为2.jpg,数码网报价单-0825更新/手机相关/华为2.jpg,1,1.0,visual_0825_source_crosschecked
20260825-77a73d98209399eb5fab-01,2026-08-25,手机,device,华为,荣耀Magic系列,荣耀Magic3,ELZ-AN00,荣耀Magic3,开机坏配件,240,CNY/台,/,image,华为2.jpg,数码网报价单-0825更新/手机相关/华为2.jpg,1,1.0,visual_0825_source_crosschecked
20260825-e34af8f9ced27c604208-01,2026-08-25,手机,device,华为,荣耀Magic系列,荣耀Magic3,ELZ-AN00,荣耀Magic3,不开机,240,CNY/台,/,image,华为2.jpg,数码网报价单-0825更新/手机相关/华为2.jpg,1,1.0,visual_0825_source_crosschecked
20260825-bb045e28ca66c29761c5-01,2026-08-25,手机,device,华为,荣耀Magic系列,荣耀Magic3,ELZ-AN00,荣耀Magic3,废板·整机,240,CNY/台,/,image,华为2.jpg,数码网报价单-0825更新/手机相关/华为2.jpg,1,1.0,visual_0825_source_crosschecked
20260825-a8f2c54a87378a08f86d-01,2026-08-25,手机,device,华为,荣耀Magic系列,荣耀Magic3,ELZ-AN00,荣耀Magic3,统货,/,CNY/台,/,image,华为2.jpg,数码网报价单-0825更新/手机相关/华为2.jpg,1,1.0,visual_0825_source_crosschecked
20260825-073620a59cfadf95936b-01,2026-08-25,手机,device,华为,荣耀Magic系列,荣耀Magic3至臻,ELZ-AN20,荣耀Magic3至臻,开机靓好,300,CNY/台,/,image,华为2.jpg,数码网报价单-0825更新/手机相关/华为2.jpg,1,1.0,visual_0825_source_crosschecked
20260825-9d2d7043bf4d8920c946-01,2026-08-25,手机,device,华为,荣耀Magic系列,荣耀Magic3至臻,ELZ-AN20,荣耀Magic3至臻,开机好碎,200,CNY/台,/,image,华为2.jpg,数码网报价单-0825更新/手机相关/华为2.jpg,1,1.0,visual_0825_source_crosschecked
20260825-65aa18454c9193e57704-01,2026-08-25,手机,device,华为,荣耀Magic系列,荣耀Magic3至臻,ELZ-AN20,荣耀Magic3至臻,开机碎屏,200,CNY/台,/,image,华为2.jpg,数码网报价单-0825更新/手机相关/华为2.jpg,1,1.0,visual_0825_source_crosschecked
20260825-efe19ad9b44756097a30-01,2026-08-25,手机,device,华为,荣耀Magic系列,荣耀Magic3至臻,ELZ-AN20,荣耀Magic3至臻,开机坏配件,200,CNY/台,/,image,华为2.jpg,数码网报价单-0825更新/手机相关/华为2.jpg,1,1.0,visual_0825_source_crosschecked
20260825-2f64e9e38904f420fa7b-01,2026-08-25,手机,device,华为,荣耀Magic系列,荣耀Magic3至臻,ELZ-AN20,荣耀Magic3至臻,不开机,200,CNY/台,/,image,华为2.jpg,数码网报价单-0825更新/手机相关/华为2.jpg,1,1.0,visual_0825_source_crosschecked
20260825-e499ec0fcf627a3e9c31-01,2026-08-25,手机,device,华为,荣耀Magic系列,荣耀Magic3至臻,ELZ-AN20,荣耀Magic3至臻,废板·整机,200,CNY/台,/,image,华为2.jpg,数码网报价单-0825更新/手机相关/华为2.jpg,1,1.0,visual_0825_source_crosschecked
20260825-61517ee46ab80ac46089-01,2026-08-25,手机,device,华为,荣耀Magic系列,荣耀Magic3至臻,ELZ-AN20,荣耀Magic3至臻,统货,/,CNY/台,/,image,华为2.jpg,数码网报价单-0825更新/手机相关/华为2.jpg,1,1.0,visual_0825_source_crosschecked
20260825-8f06a9900e8ded9fcc81-01,2026-08-25,手机,device,华为,荣耀Magic系列,荣耀Magic2,BLT-AN00,荣耀Magic2,开机靓好,90,CNY/台,开机芯片无破损 屏幕好坏不影响,image,华为2.jpg,数码网报价单-0825更新/手机相关/华为2.jpg,1,1.0,visual_0825_source_crosschecked
20260825-de2663cf1cd5e131c168-01,2026-08-25,手机,device,华为,荣耀Magic系列,荣耀Magic2,BLT-AN00,荣耀Magic2,开机好碎,90,CNY/台,开机芯片无破损 屏幕好坏不影响,image,华为2.jpg,数码网报价单-0825更新/手机相关/华为2.jpg,1,1.0,visual_0825_source_crosschecked
20260825-36ca29bb873b99c9989e-01,2026-08-25,手机,device,华为,荣耀Magic系列,荣耀Magic2,BLT-AN00,荣耀Magic2,开机碎屏,90,CNY/台,开机芯片无破损 屏幕好坏不影响,image,华为2.jpg,数码网报价单-0825更新/手机相关/华为2.jpg,1,1.0,visual_0825_source_crosschecked
20260825-e2f22e00cc1cae3ebafb-01,2026-08-25,手机,device,华为,荣耀Magic系列,荣耀Magic2,BLT-AN00,荣耀Magic2,开机坏配件,90,CNY/台,开机芯片无破损 屏幕好坏不影响,image,华为2.jpg,数码网报价单-0825更新/手机相关/华为2.jpg,1,1.0,visual_0825_source_crosschecked
20260825-834ffe8cbfe4a0aad3c9-01,2026-08-25,手机,device,华为,荣耀Magic系列,荣耀Magic2,BLT-AN00,荣耀Magic2,不开机,90,CNY/台,开机芯片无破损 屏幕好坏不影响,image,华为2.jpg,数码网报价单-0825更新/手机相关/华为2.jpg,1,1.0,visual_0825_source_crosschecked
20260825-d4f81bfcb72700700e6e-01,2026-08-25,手机,device,华为,荣耀Magic系列,荣耀Magic2,BLT-AN00,荣耀Magic2,废板·整机,90,CNY/台,开机芯片无破损 屏幕好坏不影响,image,华为2.jpg,数码网报价单-0825更新/手机相关/华为2.jpg,1,1.0,visual_0825_source_crosschecked
20260825-056bba13918e80a11691-01,2026-08-25,手机,device,华为,荣耀Magic系列,荣耀Magic2,BLT-AN00,荣耀Magic2,统货,/,CNY/台,开机芯片无破损 屏幕好坏不影响,image,华为2.jpg,数码网报价单-0825更新/手机相关/华为2.jpg,1,1.0,visual_0825_source_crosschecked
20260825-1c082d315370e2e58a76-01,2026-08-25,手机,device,华为,荣耀Magic系列,荣耀Magic,NTS-AL00,荣耀Magic,开机靓好,33,CNY/台,/,image,华为2.jpg,数码网报价单-0825更新/手机相关/华为2.jpg,1,1.0,visual_0825_source_crosschecked
20260825-aa3ef22ace1bcbbb672c-01,2026-08-25,手机,device,华为,荣耀Magic系列,荣耀Magic,NTS-AL00,荣耀Magic,开机好碎,33,CNY/台,/,image,华为2.jpg,数码网报价单-0825更新/手机相关/华为2.jpg,1,1.0,visual_0825_source_crosschecked
20260825-3fca6d0319f9301a92bf-01,2026-08-25,手机,device,华为,荣耀Magic系列,荣耀Magic,NTS-AL00,荣耀Magic,开机碎屏,33,CNY/台,/,image,华为2.jpg,数码网报价单-0825更新/手机相关/华为2.jpg,1,1.0,visual_0825_source_crosschecked
20260825-0fc7aeb010e2ca6d4993-01,2026-08-25,手机,device,华为,荣耀Magic系列,荣耀Magic,NTS-AL00,荣耀Magic,开机坏配件,33,CNY/台,/,image,华为2.jpg,数码网报价单-0825更新/手机相关/华为2.jpg,1,1.0,visual_0825_source_crosschecked
20260825-6d55f693ad433531767f-01,2026-08-25,手机,device,华为,荣耀Magic系列,荣耀Magic,NTS-AL00,荣耀Magic,不开机,33,CNY/台,/,image,华为2.jpg,数码网报价单-0825更新/手机相关/华为2.jpg,1,1.0,visual_0825_source_crosschecked
20260825-fc0567cd6814b36e64e1-01,2026-08-25,手机,device,华为,荣耀Magic系列,荣耀Magic,NTS-AL00,荣耀Magic,废板·整机,33,CNY/台,/,image,华为2.jpg,数码网报价单-0825更新/手机相关/华为2.jpg,1,1.0,visual_0825_source_crosschecked
20260825-a2aafde5dcbc216b1f37-01,2026-08-25,手机,device,华为,荣耀Magic系列,荣耀Magic,NTS-AL00,荣耀Magic,统货,/,CNY/台,/,image,华为2.jpg,数码网报价单-0825更新/手机相关/华为2.jpg,1,1.0,visual_0825_source_crosschecked
20260825-febd970f7e649fa5fe4b-01,2026-08-25,手机,device,华为,荣耀数字系列,荣耀200 Pro,AMP-AN10,荣耀200 Pro,开机靓好,450,CNY/台,/,image,华为2.jpg,数码网报价单-0825更新/手机相关/华为2.jpg,1,1.0,visual_0825_source_crosschecked
20260825-b0f85213da062a1dd2cc-01,2026-08-25,手机,device,华为,荣耀数字系列,荣耀200 Pro,AMP-AN10,荣耀200 Pro,开机好碎,450,CNY/台,/,image,华为2.jpg,数码网报价单-0825更新/手机相关/华为2.jpg,1,1.0,visual_0825_source_crosschecked
20260825-b02908634963b2636eea-01,2026-08-25,手机,device,华为,荣耀数字系列,荣耀200 Pro,AMP-AN10,荣耀200 Pro,开机碎屏,350,CNY/台,/,image,华为2.jpg,数码网报价单-0825更新/手机相关/华为2.jpg,1,1.0,visual_0825_source_crosschecked
20260825-2fe6cdaed5d30cb3085c-01,2026-08-25,手机,device,华为,荣耀数字系列,荣耀200 Pro,AMP-AN10,荣耀200 Pro,开机坏配件,350,CNY/台,/,image,华为2.jpg,数码网报价单-0825更新/手机相关/华为2.jpg,1,1.0,visual_0825_source_crosschecked
20260825-1e78edb6317cbda89132-01,2026-08-25,手机,device,华为,荣耀数字系列,荣耀200 Pro,AMP-AN10,荣耀200 Pro,不开机,150,CNY/台,/,image,华为2.jpg,数码网报价单-0825更新/手机相关/华为2.jpg,1,1.0,visual_0825_source_crosschecked
20260825-9224fe8caa6f122d519a-01,2026-08-25,手机,device,华为,荣耀数字系列,荣耀200 Pro,AMP-AN10,荣耀200 Pro,废板·整机,150,CNY/台,/,image,华为2.jpg,数码网报价单-0825更新/手机相关/华为2.jpg,1,1.0,visual_0825_source_crosschecked
20260825-a44e0d8b5f2de5218ec4-01,2026-08-25,手机,device,华为,荣耀数字系列,荣耀200 Pro,AMP-AN10,荣耀200 Pro,统货,/,CNY/台,/,image,华为2.jpg,数码网报价单-0825更新/手机相关/华为2.jpg,1,1.0,visual_0825_source_crosschecked
20260825-35f4b85993dac3a473ec-01,2026-08-25,手机,device,华为,荣耀数字系列,荣耀200,AMP-AN00,荣耀200,开机靓好,400,CNY/台,/,image,华为2.jpg,数码网报价单-0825更新/手机相关/华为2.jpg,1,1.0,visual_0825_source_crosschecked
20260825-0d6ad91869aa506f0f8b-01,2026-08-25,手机,device,华为,荣耀数字系列,荣耀200,AMP-AN00,荣耀200,开机好碎,400,CNY/台,/,image,华为2.jpg,数码网报价单-0825更新/手机相关/华为2.jpg,1,1.0,visual_0825_source_crosschecked
20260825-4484261b832c8480a95a-01,2026-08-25,手机,device,华为,荣耀数字系列,荣耀200,AMP-AN00,荣耀200,开机碎屏,300,CNY/台,/,image,华为2.jpg,数码网报价单-0825更新/手机相关/华为2.jpg,1,1.0,visual_0825_source_crosschecked
20260825-6474238f7f6dfb12e02f-01,2026-08-25,手机,device,华为,荣耀数字系列,荣耀200,AMP-AN00,荣耀200,开机坏配件,150,CNY/台,/,image,华为2.jpg,数码网报价单-0825更新/手机相关/华为2.jpg,1,1.0,visual_0825_source_crosschecked
20260825-37e38fd6175ee295eddb-01,2026-08-25,手机,device,华为,荣耀数字系列,荣耀200,AMP-AN00,荣耀200,不开机,150,CNY/台,/,image,华为2.jpg,数码网报价单-0825更新/手机相关/华为2.jpg,1,1.0,visual_0825_source_crosschecked
20260825-7b26db20244f33affe47-01,2026-08-25,手机,device,华为,荣耀数字系列,荣耀200,AMP-AN00,荣耀200,废板·整机,150,CNY/台,/,image,华为2.jpg,数码网报价单-0825更新/手机相关/华为2.jpg,1,1.0,visual_0825_source_crosschecked
20260825-6f7d30282695bbdff12b-01,2026-08-25,手机,device,华为,荣耀数字系列,荣耀200,AMP-AN00,荣耀200,统货,/,CNY/台,/,image,华为2.jpg,数码网报价单-0825更新/手机相关/华为2.jpg,1,1.0,visual_0825_source_crosschecked
20260825-27873603cdac6196769b-01,2026-08-25,手机,device,华为,荣耀数字系列,荣耀100 Pro,MAA-AN10,荣耀100 Pro,开机靓好,400,CNY/台,/,image,华为2.jpg,数码网报价单-0825更新/手机相关/华为2.jpg,1,1.0,visual_0825_source_crosschecked
20260825-d5394b329b9abfb2c98a-01,2026-08-25,手机,device,华为,荣耀数字系列,荣耀100 Pro,MAA-AN10,荣耀100 Pro,开机好碎,350,CNY/台,/,image,华为2.jpg,数码网报价单-0825更新/手机相关/华为2.jpg,1,1.0,visual_0825_source_crosschecked
20260825-22f6ba063a49a1b9e6e8-01,2026-08-25,手机,device,华为,荣耀数字系列,荣耀100 Pro,MAA-AN10,荣耀100 Pro,开机碎屏,280,CNY/台,/,image,华为2.jpg,数码网报价单-0825更新/手机相关/华为2.jpg,1,1.0,visual_0825_source_crosschecked
20260825-a999808820b951a17ee4-01,2026-08-25,手机,device,华为,荣耀数字系列,荣耀100 Pro,MAA-AN10,荣耀100 Pro,开机坏配件,150,CNY/台,/,image,华为2.jpg,数码网报价单-0825更新/手机相关/华为2.jpg,1,1.0,visual_0825_source_crosschecked
20260825-a509c5a8403a29836b61-01,2026-08-25,手机,device,华为,荣耀数字系列,荣耀100 Pro,MAA-AN10,荣耀100 Pro,不开机,150,CNY/台,/,image,华为2.jpg,数码网报价单-0825更新/手机相关/华为2.jpg,1,1.0,visual_0825_source_crosschecked
20260825-16b1c4e265b461186dfd-01,2026-08-25,手机,device,华为,荣耀数字系列,荣耀100 Pro,MAA-AN10,荣耀100 Pro,废板·整机,150,CNY/台,/,image,华为2.jpg,数码网报价单-0825更新/手机相关/华为2.jpg,1,1.0,visual_0825_source_crosschecked
20260825-cbe638b0a95dc17eb547-01,2026-08-25,手机,device,华为,荣耀数字系列,荣耀100 Pro,MAA-AN10,荣耀100 Pro,统货,/,CNY/台,/,image,华为2.jpg,数码网报价单-0825更新/手机相关/华为2.jpg,1,1.0,visual_0825_source_crosschecked
20260825-1e9aa96fc993727f87b0-01,2026-08-25,手机,device,华为,荣耀数字系列,荣耀100,MAA-AN00,荣耀100,开机靓好,300,CNY/台,/,image,华为2.jpg,数码网报价单-0825更新/手机相关/华为2.jpg,1,1.0,visual_0825_source_crosschecked
20260825-4ab51d9ffb66cafb87cd-01,2026-08-25,手机,device,华为,荣耀数字系列,荣耀100,MAA-AN00,荣耀100,开机好碎,300,CNY/台,/,image,华为2.jpg,数码网报价单-0825更新/手机相关/华为2.jpg,1,1.0,visual_0825_source_crosschecked
20260825-f5faab0d234637eeb6b0-01,2026-08-25,手机,device,华为,荣耀数字系列,荣耀100,MAA-AN00,荣耀100,开机碎屏,260,CNY/台,/,image,华为2.jpg,数码网报价单-0825更新/手机相关/华为2.jpg,1,1.0,visual_0825_source_crosschecked
20260825-fbae70986ce7ff7ed7e2-01,2026-08-25,手机,device,华为,荣耀数字系列,荣耀100,MAA-AN00,荣耀100,开机坏配件,150,CNY/台,/,image,华为2.jpg,数码网报价单-0825更新/手机相关/华为2.jpg,1,1.0,visual_0825_source_crosschecked
20260825-e55588e73631b0d3422c-01,2026-08-25,手机,device,华为,荣耀数字系列,荣耀100,MAA-AN00,荣耀100,不开机,150,CNY/台,/,image,华为2.jpg,数码网报价单-0825更新/手机相关/华为2.jpg,1,1.0,visual_0825_source_crosschecked
20260825-94a9bcf0ad92205f7644-01,2026-08-25,手机,device,华为,荣耀数字系列,荣耀100,MAA-AN00,荣耀100,废板·整机,150,CNY/台,/,image,华为2.jpg,数码网报价单-0825更新/手机相关/华为2.jpg,1,1.0,visual_0825_source_crosschecked
20260825-6372288dd532a32cc311-01,2026-08-25,手机,device,华为,荣耀数字系列,荣耀100,MAA-AN00,荣耀100,统货,/,CNY/台,/,image,华为2.jpg,数码网报价单-0825更新/手机相关/华为2.jpg,1,1.0,visual_0825_source_crosschecked
20260825-93f2d28f6420fdabdc1b-01,2026-08-25,手机,device,华为,荣耀数字系列,荣耀90 Pro,REP-AN00,荣耀90 Pro,开机靓好,350,CNY/台,/,image,华为2.jpg,数码网报价单-0825更新/手机相关/华为2.jpg,1,1.0,visual_0825_source_crosschecked
20260825-1a3196aa5e6f4f51d373-01,2026-08-25,手机,device,华为,荣耀数字系列,荣耀90 Pro,REP-AN00,荣耀90 Pro,开机好碎,300,CNY/台,/,image,华为2.jpg,数码网报价单-0825更新/手机相关/华为2.jpg,1,1.0,visual_0825_source_crosschecked
20260825-339d248cf55f5c311ef0-01,2026-08-25,手机,device,华为,荣耀数字系列,荣耀90 Pro,REP-AN00,荣耀90 Pro,开机碎屏,280,CNY/台,/,image,华为2.jpg,数码网报价单-0825更新/手机相关/华为2.jpg,1,1.0,visual_0825_source_crosschecked
20260825-19229108568ac039198d-01,2026-08-25,手机,device,华为,荣耀数字系列,荣耀90 Pro,REP-AN00,荣耀90 Pro,开机坏配件,150,CNY/台,/,image,华为2.jpg,数码网报价单-0825更新/手机相关/华为2.jpg,1,1.0,visual_0825_source_crosschecked
20260825-dc467e8cbf6d2265e52e-01,2026-08-25,手机,device,华为,荣耀数字系列,荣耀90 Pro,REP-AN00,荣耀90 Pro,不开机,150,CNY/台,/,image,华为2.jpg,数码网报价单-0825更新/手机相关/华为2.jpg,1,1.0,visual_0825_source_crosschecked
20260825-f9e9b99ea28e5f156171-01,2026-08-25,手机,device,华为,荣耀数字系列,荣耀90 Pro,REP-AN00,荣耀90 Pro,废板·整机,150,CNY/台,/,image,华为2.jpg,数码网报价单-0825更新/手机相关/华为2.jpg,1,1.0,visual_0825_source_crosschecked
20260825-159e7f54d423b73317e4-01,2026-08-25,手机,device,华为,荣耀数字系列,荣耀90 Pro,REP-AN00,荣耀90 Pro,统货,/,CNY/台,/,image,华为2.jpg,数码网报价单-0825更新/手机相关/华为2.jpg,1,1.0,visual_0825_source_crosschecked
20260825-141acc0880fdaa336b1b-01,2026-08-25,手机,device,华为,荣耀数字系列,荣耀90,REA-AN00,荣耀90,开机靓好,300,CNY/台,/,image,华为2.jpg,数码网报价单-0825更新/手机相关/华为2.jpg,1,1.0,visual_0825_source_crosschecked
20260825-3ae0a6063b04237cb72a-01,2026-08-25,手机,device,华为,荣耀数字系列,荣耀90,REA-AN00,荣耀90,开机好碎,280,CNY/台,/,image,华为2.jpg,数码网报价单-0825更新/手机相关/华为2.jpg,1,1.0,visual_0825_source_crosschecked
20260825-bfc3c0b6b8eba6ecd6d5-01,2026-08-25,手机,device,华为,荣耀数字系列,荣耀90,REA-AN00,荣耀90,开机碎屏,260,CNY/台,/,image,华为2.jpg,数码网报价单-0825更新/手机相关/华为2.jpg,1,1.0,visual_0825_source_crosschecked
20260825-c01c08015eb0eaf3ef9f-01,2026-08-25,手机,device,华为,荣耀数字系列,荣耀90,REA-AN00,荣耀90,开机坏配件,150,CNY/台,/,image,华为2.jpg,数码网报价单-0825更新/手机相关/华为2.jpg,1,1.0,visual_0825_source_crosschecked
20260825-716566d5bbbca21ac695-01,2026-08-25,手机,device,华为,荣耀数字系列,荣耀90,REA-AN00,荣耀90,不开机,150,CNY/台,/,image,华为2.jpg,数码网报价单-0825更新/手机相关/华为2.jpg,1,1.0,visual_0825_source_crosschecked
20260825-8f6bb85ea40b6bc61830-01,2026-08-25,手机,device,华为,荣耀数字系列,荣耀90,REA-AN00,荣耀90,废板·整机,150,CNY/台,/,image,华为2.jpg,数码网报价单-0825更新/手机相关/华为2.jpg,1,1.0,visual_0825_source_crosschecked
20260825-93ee103c217f08f1b67c-01,2026-08-25,手机,device,华为,荣耀数字系列,荣耀90,REA-AN00,荣耀90,统货,/,CNY/台,/,image,华为2.jpg,数码网报价单-0825更新/手机相关/华为2.jpg,1,1.0,visual_0825_source_crosschecked
20260825-f3237d09ece0114f9500-01,2026-08-25,手机,device,华为,荣耀数字系列,荣耀80 Pro,ANP-AN00,荣耀80 Pro,开机靓好,280,CNY/台,/,image,华为2.jpg,数码网报价单-0825更新/手机相关/华为2.jpg,1,1.0,visual_0825_source_crosschecked
20260825-5f197d0d6d71b45b7423-01,2026-08-25,手机,device,华为,荣耀数字系列,荣耀80 Pro,ANP-AN00,荣耀80 Pro,开机好碎,280,CNY/台,/,image,华为2.jpg,数码网报价单-0825更新/手机相关/华为2.jpg,1,1.0,visual_0825_source_crosschecked
20260825-efdbfb8695771255947d-01,2026-08-25,手机,device,华为,荣耀数字系列,荣耀80 Pro,ANP-AN00,荣耀80 Pro,开机碎屏,280,CNY/台,/,image,华为2.jpg,数码网报价单-0825更新/手机相关/华为2.jpg,1,1.0,visual_0825_source_crosschecked
20260825-2eae013c8ea781af3228-01,2026-08-25,手机,device,华为,荣耀数字系列,荣耀80 Pro,ANP-AN00,荣耀80 Pro,开机坏配件,280,CNY/台,/,image,华为2.jpg,数码网报价单-0825更新/手机相关/华为2.jpg,1,1.0,visual_0825_source_crosschecked
20260825-4e0c0cac50c35a34a3f4-01,2026-08-25,手机,device,华为,荣耀数字系列,荣耀80 Pro,ANP-AN00,荣耀80 Pro,不开机,150,CNY/台,/,image,华为2.jpg,数码网报价单-0825更新/手机相关/华为2.jpg,1,1.0,visual_0825_source_crosschecked
20260825-4992a5032b86700ad729-01,2026-08-25,手机,device,华为,荣耀数字系列,荣耀80 Pro,ANP-AN00,荣耀80 Pro,废板·整机,150,CNY/台,/,image,华为2.jpg,数码网报价单-0825更新/手机相关/华为2.jpg,1,1.0,visual_0825_source_crosschecked
20260825-c3a72536835d8897f570-01,2026-08-25,手机,device,华为,荣耀数字系列,荣耀80 Pro,ANP-AN00,荣耀80 Pro,统货,/,CNY/台,/,image,华为2.jpg,数码网报价单-0825更新/手机相关/华为2.jpg,1,1.0,visual_0825_source_crosschecked
20260825-96af2b9779e186c54cbd-01,2026-08-25,手机,device,华为,荣耀数字系列,荣耀80,ANN-AN00,荣耀80,开机靓好,220,CNY/台,/,image,华为2.jpg,数码网报价单-0825更新/手机相关/华为2.jpg,1,1.0,visual_0825_source_crosschecked
20260825-02930a6445ac9996d085-01,2026-08-25,手机,device,华为,荣耀数字系列,荣耀80,ANN-AN00,荣耀80,开机好碎,220,CNY/台,/,image,华为2.jpg,数码网报价单-0825更新/手机相关/华为2.jpg,1,1.0,visual_0825_source_crosschecked
20260825-5ce82a296f103fb72b5f-01,2026-08-25,手机,device,华为,荣耀数字系列,荣耀80,ANN-AN00,荣耀80,开机碎屏,220,CNY/台,/,image,华为2.jpg,数码网报价单-0825更新/手机相关/华为2.jpg,1,1.0,visual_0825_source_crosschecked
20260825-dc3682f9d956180ded34-01,2026-08-25,手机,device,华为,荣耀数字系列,荣耀80,ANN-AN00,荣耀80,开机坏配件,220,CNY/台,/,image,华为2.jpg,数码网报价单-0825更新/手机相关/华为2.jpg,1,1.0,visual_0825_source_crosschecked
20260825-6f3f428ea202d17be458-01,2026-08-25,手机,device,华为,荣耀数字系列,荣耀80,ANN-AN00,荣耀80,不开机,160,CNY/台,/,image,华为2.jpg,数码网报价单-0825更新/手机相关/华为2.jpg,1,1.0,visual_0825_source_crosschecked
20260825-5a9f3accdd9374b0f26b-01,2026-08-25,手机,device,华为,荣耀数字系列,荣耀80,ANN-AN00,荣耀80,废板·整机,160,CNY/台,/,image,华为2.jpg,数码网报价单-0825更新/手机相关/华为2.jpg,1,1.0,visual_0825_source_crosschecked
20260825-eca94caba567a5f695e2-01,2026-08-25,手机,device,华为,荣耀数字系列,荣耀80,ANN-AN00,荣耀80,统货,/,CNY/台,/,image,华为2.jpg,数码网报价单-0825更新/手机相关/华为2.jpg,1,1.0,visual_0825_source_crosschecked
20260825-8f208fe7f8379179429a-01,2026-08-25,手机,device,华为,荣耀数字系列,荣耀80 GT,AGT-AN00,荣耀80 GT,开机靓好,300,CNY/台,/,image,华为2.jpg,数码网报价单-0825更新/手机相关/华为2.jpg,1,1.0,visual_0825_source_crosschecked
20260825-6aff7d2df73e21ba209e-01,2026-08-25,手机,device,华为,荣耀数字系列,荣耀80 GT,AGT-AN00,荣耀80 GT,开机好碎,280,CNY/台,/,image,华为2.jpg,数码网报价单-0825更新/手机相关/华为2.jpg,1,1.0,visual_0825_source_crosschecked
20260825-51648332dbf22c1a3ef1-01,2026-08-25,手机,device,华为,荣耀数字系列,荣耀80 GT,AGT-AN00,荣耀80 GT,开机碎屏,240,CNY/台,/,image,华为2.jpg,数码网报价单-0825更新/手机相关/华为2.jpg,1,1.0,visual_0825_source_crosschecked
20260825-74af987e499ab0e1894f-01,2026-08-25,手机,device,华为,荣耀数字系列,荣耀80 GT,AGT-AN00,荣耀80 GT,开机坏配件,150,CNY/台,/,image,华为2.jpg,数码网报价单-0825更新/手机相关/华为2.jpg,1,1.0,visual_0825_source_crosschecked
20260825-68f6fc322c8e2b10bbbb-01,2026-08-25,手机,device,华为,荣耀数字系列,荣耀80 GT,AGT-AN00,荣耀80 GT,不开机,150,CNY/台,/,image,华为2.jpg,数码网报价单-0825更新/手机相关/华为2.jpg,1,1.0,visual_0825_source_crosschecked
20260825-c4bbc8e41d4c314fdc26-01,2026-08-25,手机,device,华为,荣耀数字系列,荣耀80 GT,AGT-AN00,荣耀80 GT,废板·整机,150,CNY/台,/,image,华为2.jpg,数码网报价单-0825更新/手机相关/华为2.jpg,1,1.0,visual_0825_source_crosschecked
20260825-01d1131079b0e1cc3116-01,2026-08-25,手机,device,华为,荣耀数字系列,荣耀80 GT,AGT-AN00,荣耀80 GT,统货,/,CNY/台,/,image,华为2.jpg,数码网报价单-0825更新/手机相关/华为2.jpg,1,1.0,visual_0825_source_crosschecked
20260825-d250b231fac40a48d270-01,2026-08-25,手机,device,华为,荣耀数字系列,荣耀70 Pro+,HPB-AN00,荣耀70 Pro+,开机靓好,240,CNY/台,/,image,华为2.jpg,数码网报价单-0825更新/手机相关/华为2.jpg,1,1.0,visual_0825_source_crosschecked
20260825-5e6cdb242053808f7b50-01,2026-08-25,手机,device,华为,荣耀数字系列,荣耀70 Pro+,HPB-AN00,荣耀70 Pro+,开机好碎,240,CNY/台,/,image,华为2.jpg,数码网报价单-0825更新/手机相关/华为2.jpg,1,1.0,visual_0825_source_crosschecked
20260825-1cfbb7e5715c07b26e15-01,2026-08-25,手机,device,华为,荣耀数字系列,荣耀70 Pro+,HPB-AN00,荣耀70 Pro+,开机碎屏,240,CNY/台,/,image,华为2.jpg,数码网报价单-0825更新/手机相关/华为2.jpg,1,1.0,visual_0825_source_crosschecked
20260825-0ca04e5a045b398a2077-01,2026-08-25,手机,device,华为,荣耀数字系列,荣耀70 Pro+,HPB-AN00,荣耀70 Pro+,开机坏配件,240,CNY/台,/,image,华为2.jpg,数码网报价单-0825更新/手机相关/华为2.jpg,1,1.0,visual_0825_source_crosschecked
20260825-e9f496ef39effd57a641-01,2026-08-25,手机,device,华为,荣耀数字系列,荣耀70 Pro+,HPB-AN00,荣耀70 Pro+,不开机,240,CNY/台,/,image,华为2.jpg,数码网报价单-0825更新/手机相关/华为2.jpg,1,1.0,visual_0825_source_crosschecked
20260825-c09c1284686348c29fc7-01,2026-08-25,手机,device,华为,荣耀数字系列,荣耀70 Pro+,HPB-AN00,荣耀70 Pro+,废板·整机,240,CNY/台,/,image,华为2.jpg,数码网报价单-0825更新/手机相关/华为2.jpg,1,1.0,visual_0825_source_crosschecked
20260825-e258f12473cef7c342b2-01,2026-08-25,手机,device,华为,荣耀数字系列,荣耀70 Pro+,HPB-AN00,荣耀70 Pro+,统货,/,CNY/台,/,image,华为2.jpg,数码网报价单-0825更新/手机相关/华为2.jpg,1,1.0,visual_0825_source_crosschecked
20260825-56cf45a0f855d2e28ea7-01,2026-08-25,手机,device,华为,荣耀数字系列,荣耀70 Pro,SDY-AN00,荣耀70 Pro,开机靓好,240,CNY/台,/,image,华为2.jpg,数码网报价单-0825更新/手机相关/华为2.jpg,1,1.0,visual_0825_source_crosschecked
20260825-7b4f48406b8449b267d1-01,2026-08-25,手机,device,华为,荣耀数字系列,荣耀70 Pro,SDY-AN00,荣耀70 Pro,开机好碎,240,CNY/台,/,image,华为2.jpg,数码网报价单-0825更新/手机相关/华为2.jpg,1,1.0,visual_0825_source_crosschecked
20260825-e7b69df97ffe072ead44-01,2026-08-25,手机,device,华为,荣耀数字系列,荣耀70 Pro,SDY-AN00,荣耀70 Pro,开机碎屏,240,CNY/台,/,image,华为2.jpg,数码网报价单-0825更新/手机相关/华为2.jpg,1,1.0,visual_0825_source_crosschecked
20260825-b3cc2cde15d119e72eb2-01,2026-08-25,手机,device,华为,荣耀数字系列,荣耀70 Pro,SDY-AN00,荣耀70 Pro,开机坏配件,240,CNY/台,/,image,华为2.jpg,数码网报价单-0825更新/手机相关/华为2.jpg,1,1.0,visual_0825_source_crosschecked
20260825-b1ec5de82238a2893f2f-01,2026-08-25,手机,device,华为,荣耀数字系列,荣耀70 Pro,SDY-AN00,荣耀70 Pro,不开机,240,CNY/台,/,image,华为2.jpg,数码网报价单-0825更新/手机相关/华为2.jpg,1,1.0,visual_0825_source_crosschecked
20260825-cbf858230cde13706181-01,2026-08-25,手机,device,华为,荣耀数字系列,荣耀70 Pro,SDY-AN00,荣耀70 Pro,废板·整机,240,CNY/台,/,image,华为2.jpg,数码网报价单-0825更新/手机相关/华为2.jpg,1,1.0,visual_0825_source_crosschecked
20260825-39c33960dd159f25f34e-01,2026-08-25,手机,device,华为,荣耀数字系列,荣耀70 Pro,SDY-AN00,荣耀70 Pro,统货,/,CNY/台,/,image,华为2.jpg,数码网报价单-0825更新/手机相关/华为2.jpg,1,1.0,visual_0825_source_crosschecked
20260825-c4a9ed6d29c34bbd3917-01,2026-08-25,手机,device,华为,荣耀数字系列,荣耀70,FNE-AN00,荣耀70,开机靓好,240,CNY/台,主板小板短板统,image,华为2.jpg,数码网报价单-0825更新/手机相关/华为2.jpg,1,1.0,visual_0825_source_crosschecked
20260825-c1e4eabdc8c2c198e3f6-01,2026-08-25,手机,device,华为,荣耀数字系列,荣耀70,FNE-AN00,荣耀70,开机好碎,240,CNY/台,主板小板短板统,image,华为2.jpg,数码网报价单-0825更新/手机相关/华为2.jpg,1,1.0,visual_0825_source_crosschecked
20260825-f70a725c66b762693382-01,2026-08-25,手机,device,华为,荣耀数字系列,荣耀70,FNE-AN00,荣耀70,开机碎屏,240,CNY/台,主板小板短板统,image,华为2.jpg,数码网报价单-0825更新/手机相关/华为2.jpg,1,1.0,visual_0825_source_crosschecked
20260825-424597a39c19791a1a76-01,2026-08-25,手机,device,华为,荣耀数字系列,荣耀70,FNE-AN00,荣耀70,开机坏配件,240,CNY/台,主板小板短板统,image,华为2.jpg,数码网报价单-0825更新/手机相关/华为2.jpg,1,1.0,visual_0825_source_crosschecked
20260825-bf6b95bb2be36afcb151-01,2026-08-25,手机,device,华为,荣耀数字系列,荣耀70,FNE-AN00,荣耀70,不开机,240,CNY/台,主板小板短板统,image,华为2.jpg,数码网报价单-0825更新/手机相关/华为2.jpg,1,1.0,visual_0825_source_crosschecked
20260825-5d8e55f871a442f52697-01,2026-08-25,手机,device,华为,荣耀数字系列,荣耀70,FNE-AN00,荣耀70,废板·整机,240,CNY/台,主板小板短板统,image,华为2.jpg,数码网报价单-0825更新/手机相关/华为2.jpg,1,1.0,visual_0825_source_crosschecked
20260825-b4699e1cc90b60408e72-01,2026-08-25,手机,device,华为,荣耀数字系列,荣耀70,FNE-AN00,荣耀70,统货,/,CNY/台,主板小板短板统,image,华为2.jpg,数码网报价单-0825更新/手机相关/华为2.jpg,1,1.0,visual_0825_source_crosschecked
20260825-a4621fe00dbc84b79682-01,2026-08-25,手机,device,华为,荣耀数字系列,荣耀60 Pro,TNA-AN00,荣耀60 Pro,开机靓好,220,CNY/台,/,image,华为2.jpg,数码网报价单-0825更新/手机相关/华为2.jpg,1,1.0,visual_0825_source_crosschecked
20260825-8fcf5ff1fbef81beed05-01,2026-08-25,手机,device,华为,荣耀数字系列,荣耀60 Pro,TNA-AN00,荣耀60 Pro,开机好碎,220,CNY/台,/,image,华为2.jpg,数码网报价单-0825更新/手机相关/华为2.jpg,1,1.0,visual_0825_source_crosschecked
20260825-1392ffc328266c5c3c08-01,2026-08-25,手机,device,华为,荣耀数字系列,荣耀60 Pro,TNA-AN00,荣耀60 Pro,开机碎屏,220,CNY/台,/,image,华为2.jpg,数码网报价单-0825更新/手机相关/华为2.jpg,1,1.0,visual_0825_source_crosschecked
20260825-aaf4b511806187490613-01,2026-08-25,手机,device,华为,荣耀数字系列,荣耀60 Pro,TNA-AN00,荣耀60 Pro,开机坏配件,220,CNY/台,/,image,华为2.jpg,数码网报价单-0825更新/手机相关/华为2.jpg,1,1.0,visual_0825_source_crosschecked
20260825-8cd3baa57ae2dabf1d99-01,2026-08-25,手机,device,华为,荣耀数字系列,荣耀60 Pro,TNA-AN00,荣耀60 Pro,不开机,220,CNY/台,/,image,华为2.jpg,数码网报价单-0825更新/手机相关/华为2.jpg,1,1.0,visual_0825_source_crosschecked
20260825-edd56ee0148445a975ab-01,2026-08-25,手机,device,华为,荣耀数字系列,荣耀60 Pro,TNA-AN00,荣耀60 Pro,废板·整机,220,CNY/台,/,image,华为2.jpg,数码网报价单-0825更新/手机相关/华为2.jpg,1,1.0,visual_0825_source_crosschecked
20260825-c7f39bba4cdee55b445c-01,2026-08-25,手机,device,华为,荣耀数字系列,荣耀60 Pro,TNA-AN00,荣耀60 Pro,统货,/,CNY/台,/,image,华为2.jpg,数码网报价单-0825更新/手机相关/华为2.jpg,1,1.0,visual_0825_source_crosschecked
20260825-6549c7f6fe4ce7269e27-01,2026-08-25,手机,device,华为,荣耀数字系列,荣耀60,LSA-AN00,荣耀60,开机靓好,180,CNY/台,开机测试主板亮屏幕有显示算开机,image,华为2.jpg,数码网报价单-0825更新/手机相关/华为2.jpg,1,1.0,visual_0825_source_crosschecked
20260825-e0036a338e735aa19112-01,2026-08-25,手机,device,华为,荣耀数字系列,荣耀60,LSA-AN00,荣耀60,开机好碎,180,CNY/台,开机测试主板亮屏幕有显示算开机,image,华为2.jpg,数码网报价单-0825更新/手机相关/华为2.jpg,1,1.0,visual_0825_source_crosschecked
20260825-098430f02a8c042e3825-01,2026-08-25,手机,device,华为,荣耀数字系列,荣耀60,LSA-AN00,荣耀60,开机碎屏,180,CNY/台,开机测试主板亮屏幕有显示算开机,image,华为2.jpg,数码网报价单-0825更新/手机相关/华为2.jpg,1,1.0,visual_0825_source_crosschecked
20260825-d94ec962726c529e5844-01,2026-08-25,手机,device,华为,荣耀数字系列,荣耀60,LSA-AN00,荣耀60,开机坏配件,180,CNY/台,开机测试主板亮屏幕有显示算开机,image,华为2.jpg,数码网报价单-0825更新/手机相关/华为2.jpg,1,1.0,visual_0825_source_crosschecked
20260825-9153778efe6ba2069158-01,2026-08-25,手机,device,华为,荣耀数字系列,荣耀60,LSA-AN00,荣耀60,不开机,180,CNY/台,开机测试主板亮屏幕有显示算开机,image,华为2.jpg,数码网报价单-0825更新/手机相关/华为2.jpg,1,1.0,visual_0825_source_crosschecked
20260825-84e718b52f3f492296e0-01,2026-08-25,手机,device,华为,荣耀数字系列,荣耀60,LSA-AN00,荣耀60,废板·整机,180,CNY/台,开机测试主板亮屏幕有显示算开机,image,华为2.jpg,数码网报价单-0825更新/手机相关/华为2.jpg,1,1.0,visual_0825_source_crosschecked
20260825-e20d3574cb4c83cb8d0f-01,2026-08-25,手机,device,华为,荣耀数字系列,荣耀60,LSA-AN00,荣耀60,统货,/,CNY/台,开机测试主板亮屏幕有显示算开机,image,华为2.jpg,数码网报价单-0825更新/手机相关/华为2.jpg,1,1.0,visual_0825_source_crosschecked
20260825-ef96cef69c04bfc60a0d-01,2026-08-25,手机,device,华为,荣耀数字系列,荣耀50SE (8+128),RNA-AN00,荣耀50SE (8+128),开机靓好,160,CNY/台,/,image,华为2.jpg,数码网报价单-0825更新/手机相关/华为2.jpg,1,1.0,visual_0825_source_crosschecked
20260825-b33670497c0841150fee-01,2026-08-25,手机,device,华为,荣耀数字系列,荣耀50SE (8+128),RNA-AN00,荣耀50SE (8+128),开机好碎,160,CNY/台,/,image,华为2.jpg,数码网报价单-0825更新/手机相关/华为2.jpg,1,1.0,visual_0825_source_crosschecked
20260825-556cd2eb1cb1ce2950ff-01,2026-08-25,手机,device,华为,荣耀数字系列,荣耀50SE (8+128),RNA-AN00,荣耀50SE (8+128),开机碎屏,160,CNY/台,/,image,华为2.jpg,数码网报价单-0825更新/手机相关/华为2.jpg,1,1.0,visual_0825_source_crosschecked
20260825-0272c1fe362ec1f842b6-01,2026-08-25,手机,device,华为,荣耀数字系列,荣耀50SE (8+128),RNA-AN00,荣耀50SE (8+128),开机坏配件,160,CNY/台,/,image,华为2.jpg,数码网报价单-0825更新/手机相关/华为2.jpg,1,1.0,visual_0825_source_crosschecked
20260825-871116e6ee09b5bcab7d-01,2026-08-25,手机,device,华为,荣耀数字系列,荣耀50SE (8+128),RNA-AN00,荣耀50SE (8+128),不开机,160,CNY/台,/,image,华为2.jpg,数码网报价单-0825更新/手机相关/华为2.jpg,1,1.0,visual_0825_source_crosschecked
20260825-f767178f1781817a9e9d-01,2026-08-25,手机,device,华为,荣耀数字系列,荣耀50SE (8+128),RNA-AN00,荣耀50SE (8+128),废板·整机,160,CNY/台,/,image,华为2.jpg,数码网报价单-0825更新/手机相关/华为2.jpg,1,1.0,visual_0825_source_crosschecked
20260825-c4ba5162ad415543f743-01,2026-08-25,手机,device,华为,荣耀数字系列,荣耀50SE (8+128),RNA-AN00,荣耀50SE (8+128),统货,/,CNY/台,/,image,华为2.jpg,数码网报价单-0825更新/手机相关/华为2.jpg,1,1.0,visual_0825_source_crosschecked
20260825-f49f00b5dfd7318edb2f-01,2026-08-25,手机,device,华为,荣耀数字系列,荣耀50SE (8+256),RNA-AN00,荣耀50SE (8+256),开机靓好,160,CNY/台,主板小板短板统,image,华为2.jpg,数码网报价单-0825更新/手机相关/华为2.jpg,1,1.0,visual_0825_source_crosschecked
20260825-1c416f91d16bf50140de-01,2026-08-25,手机,device,华为,荣耀数字系列,荣耀50SE (8+256),RNA-AN00,荣耀50SE (8+256),开机好碎,160,CNY/台,主板小板短板统,image,华为2.jpg,数码网报价单-0825更新/手机相关/华为2.jpg,1,1.0,visual_0825_source_crosschecked
20260825-ff692c85f396cbf59587-01,2026-08-25,手机,device,华为,荣耀数字系列,荣耀50SE (8+256),RNA-AN00,荣耀50SE (8+256),开机碎屏,160,CNY/台,主板小板短板统,image,华为2.jpg,数码网报价单-0825更新/手机相关/华为2.jpg,1,1.0,visual_0825_source_crosschecked
20260825-ba7b4e1123641b085a17-01,2026-08-25,手机,device,华为,荣耀数字系列,荣耀50SE (8+256),RNA-AN00,荣耀50SE (8+256),开机坏配件,160,CNY/台,主板小板短板统,image,华为2.jpg,数码网报价单-0825更新/手机相关/华为2.jpg,1,1.0,visual_0825_source_crosschecked
20260825-29f44520a6420c05622a-01,2026-08-25,手机,device,华为,荣耀数字系列,荣耀50SE (8+256),RNA-AN00,荣耀50SE (8+256),不开机,160,CNY/台,主板小板短板统,image,华为2.jpg,数码网报价单-0825更新/手机相关/华为2.jpg,1,1.0,visual_0825_source_crosschecked
20260825-dfbab44d2c2c488628cf-01,2026-08-25,手机,device,华为,荣耀数字系列,荣耀50SE (8+256),RNA-AN00,荣耀50SE (8+256),废板·整机,160,CNY/台,主板小板短板统,image,华为2.jpg,数码网报价单-0825更新/手机相关/华为2.jpg,1,1.0,visual_0825_source_crosschecked
20260825-af99f44f3d6e84f792c6-01,2026-08-25,手机,device,华为,荣耀数字系列,荣耀50SE (8+256),RNA-AN00,荣耀50SE (8+256),统货,/,CNY/台,主板小板短板统,image,华为2.jpg,数码网报价单-0825更新/手机相关/华为2.jpg,1,1.0,visual_0825_source_crosschecked
20260825-94ca342c81d6bafe506f-01,2026-08-25,手机,device,华为,荣耀数字系列,荣耀50 (8+256),NTH-AN00,荣耀50 (8+256),开机靓好,220,CNY/台,主板小板短板统,image,华为2.jpg,数码网报价单-0825更新/手机相关/华为2.jpg,1,1.0,visual_0825_source_crosschecked
20260825-d2f49ae758596c5a4a01-01,2026-08-25,手机,device,华为,荣耀数字系列,荣耀50 (8+256),NTH-AN00,荣耀50 (8+256),开机好碎,220,CNY/台,主板小板短板统,image,华为2.jpg,数码网报价单-0825更新/手机相关/华为2.jpg,1,1.0,visual_0825_source_crosschecked
20260825-59a34bcafeba618086ec-01,2026-08-25,手机,device,华为,荣耀数字系列,荣耀50 (8+256),NTH-AN00,荣耀50 (8+256),开机碎屏,220,CNY/台,主板小板短板统,image,华为2.jpg,数码网报价单-0825更新/手机相关/华为2.jpg,1,1.0,visual_0825_source_crosschecked
20260825-1997c80ed3539856de30-01,2026-08-25,手机,device,华为,荣耀数字系列,荣耀50 (8+256),NTH-AN00,荣耀50 (8+256),开机坏配件,220,CNY/台,主板小板短板统,image,华为2.jpg,数码网报价单-0825更新/手机相关/华为2.jpg,1,1.0,visual_0825_source_crosschecked
20260825-c9c2e7fe4cba64a9c2b5-01,2026-08-25,手机,device,华为,荣耀数字系列,荣耀50 (8+256),NTH-AN00,荣耀50 (8+256),不开机,220,CNY/台,主板小板短板统,image,华为2.jpg,数码网报价单-0825更新/手机相关/华为2.jpg,1,1.0,visual_0825_source_crosschecked
20260825-123806483d93567a2dea-01,2026-08-25,手机,device,华为,荣耀数字系列,荣耀50 (8+256),NTH-AN00,荣耀50 (8+256),废板·整机,220,CNY/台,主板小板短板统,image,华为2.jpg,数码网报价单-0825更新/手机相关/华为2.jpg,1,1.0,visual_0825_source_crosschecked
20260825-6695041ccb0c6be0a6f4-01,2026-08-25,手机,device,华为,荣耀数字系列,荣耀50 (8+256),NTH-AN00,荣耀50 (8+256),统货,/,CNY/台,主板小板短板统,image,华为2.jpg,数码网报价单-0825更新/手机相关/华为2.jpg,1,1.0,visual_0825_source_crosschecked
20260825-bbd0f3c0d3f23eddd3b9-01,2026-08-25,手机,device,华为,荣耀数字系列,荣耀50 (8+128),NTH-AN00,荣耀50 (8+128),开机靓好,220,CNY/台,主板小板短板统,image,华为2.jpg,数码网报价单-0825更新/手机相关/华为2.jpg,1,1.0,visual_0825_source_crosschecked
20260825-c049a8c907f6d11fa2a6-01,2026-08-25,手机,device,华为,荣耀数字系列,荣耀50 (8+128),NTH-AN00,荣耀50 (8+128),开机好碎,220,CNY/台,主板小板短板统,image,华为2.jpg,数码网报价单-0825更新/手机相关/华为2.jpg,1,1.0,visual_0825_source_crosschecked
20260825-ca424c5b6ed8901353d5-01,2026-08-25,手机,device,华为,荣耀数字系列,荣耀50 (8+128),NTH-AN00,荣耀50 (8+128),开机碎屏,220,CNY/台,主板小板短板统,image,华为2.jpg,数码网报价单-0825更新/手机相关/华为2.jpg,1,1.0,visual_0825_source_crosschecked
20260825-77e3482006d96184bdc4-01,2026-08-25,手机,device,华为,荣耀数字系列,荣耀50 (8+128),NTH-AN00,荣耀50 (8+128),开机坏配件,220,CNY/台,主板小板短板统,image,华为2.jpg,数码网报价单-0825更新/手机相关/华为2.jpg,1,1.0,visual_0825_source_crosschecked
20260825-21df556381898d98e09c-01,2026-08-25,手机,device,华为,荣耀数字系列,荣耀50 (8+128),NTH-AN00,荣耀50 (8+128),不开机,220,CNY/台,主板小板短板统,image,华为2.jpg,数码网报价单-0825更新/手机相关/华为2.jpg,1,1.0,visual_0825_source_crosschecked
20260825-1f5b21a2f9ebc3270d56-01,2026-08-25,手机,device,华为,荣耀数字系列,荣耀50 (8+128),NTH-AN00,荣耀50 (8+128),废板·整机,220,CNY/台,主板小板短板统,image,华为2.jpg,数码网报价单-0825更新/手机相关/华为2.jpg,1,1.0,visual_0825_source_crosschecked
20260825-be9d9277a89620ddf1fa-01,2026-08-25,手机,device,华为,荣耀数字系列,荣耀50 (8+128),NTH-AN00,荣耀50 (8+128),统货,/,CNY/台,主板小板短板统,image,华为2.jpg,数码网报价单-0825更新/手机相关/华为2.jpg,1,1.0,visual_0825_source_crosschecked
20260825-7feebc3c5c6dc994b73e-01,2026-08-25,手机,device,华为,荣耀数字系列,荣耀30 Pro+,EBG-AN10,荣耀30 Pro+,开机靓好,170,CNY/台,主板小板短板A,image,华为2.jpg,数码网报价单-0825更新/手机相关/华为2.jpg,1,1.0,visual_0825_source_crosschecked
20260825-1547068e4c26f9f528c6-01,2026-08-25,手机,device,华为,荣耀数字系列,荣耀30 Pro+,EBG-AN10,荣耀30 Pro+,开机好碎,170,CNY/台,主板小板短板A,image,华为2.jpg,数码网报价单-0825更新/手机相关/华为2.jpg,1,1.0,visual_0825_source_crosschecked
20260825-abc99f43884f974a62ef-01,2026-08-25,手机,device,华为,荣耀数字系列,荣耀30 Pro+,EBG-AN10,荣耀30 Pro+,开机碎屏,170,CNY/台,主板小板短板A,image,华为2.jpg,数码网报价单-0825更新/手机相关/华为2.jpg,1,1.0,visual_0825_source_crosschecked
20260825-a1a7f11abaf12df12674-01,2026-08-25,手机,device,华为,荣耀数字系列,荣耀30 Pro+,EBG-AN10,荣耀30 Pro+,开机坏配件,170,CNY/台,主板小板短板A,image,华为2.jpg,数码网报价单-0825更新/手机相关/华为2.jpg,1,1.0,visual_0825_source_crosschecked
20260825-6674c429efc810040df3-01,2026-08-25,手机,device,华为,荣耀数字系列,荣耀30 Pro+,EBG-AN10,荣耀30 Pro+,不开机,170,CNY/台,主板小板短板A,image,华为2.jpg,数码网报价单-0825更新/手机相关/华为2.jpg,1,1.0,visual_0825_source_crosschecked
20260825-388472df70139c4e8947-01,2026-08-25,手机,device,华为,荣耀数字系列,荣耀30 Pro+,EBG-AN10,荣耀30 Pro+,废板·整机,170,CNY/台,主板小板短板A,image,华为2.jpg,数码网报价单-0825更新/手机相关/华为2.jpg,1,1.0,visual_0825_source_crosschecked
20260825-426e114ee52552cecbaa-01,2026-08-25,手机,device,华为,荣耀数字系列,荣耀30 Pro+,EBG-AN10,荣耀30 Pro+,统货,/,CNY/台,主板小板短板A,image,华为2.jpg,数码网报价单-0825更新/手机相关/华为2.jpg,1,1.0,visual_0825_source_crosschecked
20260825-9551d0576b4f2fa72ec2-01,2026-08-25,手机,device,华为,荣耀数字系列,荣耀30 Pro,EBG-AN00,荣耀30 Pro,开机靓好,90,CNY/台,/,image,华为2.jpg,数码网报价单-0825更新/手机相关/华为2.jpg,1,1.0,visual_0825_source_crosschecked
20260825-97a21dec9ba2d3fdad7e-01,2026-08-25,手机,device,华为,荣耀数字系列,荣耀30 Pro,EBG-AN00,荣耀30 Pro,开机好碎,90,CNY/台,/,image,华为2.jpg,数码网报价单-0825更新/手机相关/华为2.jpg,1,1.0,visual_0825_source_crosschecked
20260825-142b0cc48be350193395-01,2026-08-25,手机,device,华为,荣耀数字系列,荣耀30 Pro,EBG-AN00,荣耀30 Pro,开机碎屏,90,CNY/台,/,image,华为2.jpg,数码网报价单-0825更新/手机相关/华为2.jpg,1,1.0,visual_0825_source_crosschecked
20260825-67db5ac2281d7b86bdd3-01,2026-08-25,手机,device,华为,荣耀数字系列,荣耀30 Pro,EBG-AN00,荣耀30 Pro,开机坏配件,90,CNY/台,/,image,华为2.jpg,数码网报价单-0825更新/手机相关/华为2.jpg,1,1.0,visual_0825_source_crosschecked
20260825-78ad7ab50bd326b25cb9-01,2026-08-25,手机,device,华为,荣耀数字系列,荣耀30 Pro,EBG-AN00,荣耀30 Pro,不开机,90,CNY/台,/,image,华为2.jpg,数码网报价单-0825更新/手机相关/华为2.jpg,1,1.0,visual_0825_source_crosschecked
20260825-31c5da7433fdc21baca6-01,2026-08-25,手机,device,华为,荣耀数字系列,荣耀30 Pro,EBG-AN00,荣耀30 Pro,废板·整机,90,CNY/台,/,image,华为2.jpg,数码网报价单-0825更新/手机相关/华为2.jpg,1,1.0,visual_0825_source_crosschecked
20260825-63569af4a74b639d2ec3-01,2026-08-25,手机,device,华为,荣耀数字系列,荣耀30 Pro,EBG-AN00,荣耀30 Pro,统货,/,CNY/台,/,image,华为2.jpg,数码网报价单-0825更新/手机相关/华为2.jpg,1,1.0,visual_0825_source_crosschecked
20260825-325434a99e2eb42319df-01,2026-08-25,手机,device,华为,荣耀数字系列,荣耀30 (8+256),BMH-AN10,荣耀30 (8+256),开机靓好,165,CNY/台,主板小板短板A,image,华为2.jpg,数码网报价单-0825更新/手机相关/华为2.jpg,1,1.0,visual_0825_source_crosschecked
20260825-bd90c448950a43df3c7c-01,2026-08-25,手机,device,华为,荣耀数字系列,荣耀30 (8+256),BMH-AN10,荣耀30 (8+256),开机好碎,165,CNY/台,主板小板短板A,image,华为2.jpg,数码网报价单-0825更新/手机相关/华为2.jpg,1,1.0,visual_0825_source_crosschecked
20260825-92935e80a67db34e207a-01,2026-08-25,手机,device,华为,荣耀数字系列,荣耀30 (8+256),BMH-AN10,荣耀30 (8+256),开机碎屏,165,CNY/台,主板小板短板A,image,华为2.jpg,数码网报价单-0825更新/手机相关/华为2.jpg,1,1.0,visual_0825_source_crosschecked
20260825-2d599e3a1b216f4ef02f-01,2026-08-25,手机,device,华为,荣耀数字系列,荣耀30 (8+256),BMH-AN10,荣耀30 (8+256),开机坏配件,165,CNY/台,主板小板短板A,image,华为2.jpg,数码网报价单-0825更新/手机相关/华为2.jpg,1,1.0,visual_0825_source_crosschecked
20260825-1b959842e55f2e8ad4b6-01,2026-08-25,手机,device,华为,荣耀数字系列,荣耀30 (8+256),BMH-AN10,荣耀30 (8+256),不开机,165,CNY/台,主板小板短板A,image,华为2.jpg,数码网报价单-0825更新/手机相关/华为2.jpg,1,1.0,visual_0825_source_crosschecked
20260825-9fe570e6d83496a79fe8-01,2026-08-25,手机,device,华为,荣耀数字系列,荣耀30 (8+256),BMH-AN10,荣耀30 (8+256),废板·整机,165,CNY/台,主板小板短板A,image,华为2.jpg,数码网报价单-0825更新/手机相关/华为2.jpg,1,1.0,visual_0825_source_crosschecked
20260825-540b7f6658e840071b08-01,2026-08-25,手机,device,华为,荣耀数字系列,荣耀30 (8+256),BMH-AN10,荣耀30 (8+256),统货,/,CNY/台,主板小板短板A,image,华为2.jpg,数码网报价单-0825更新/手机相关/华为2.jpg,1,1.0,visual_0825_source_crosschecked
20260825-5a06b073897821bfad70-01,2026-08-25,手机,device,华为,荣耀数字系列,荣耀30 (8+128),BMH-AN10,荣耀30 (8+128),开机靓好,130,CNY/台,主板小板短板C,image,华为2.jpg,数码网报价单-0825更新/手机相关/华为2.jpg,1,1.0,visual_0825_source_crosschecked
20260825-327f4e9c1fcd33c55870-01,2026-08-25,手机,device,华为,荣耀数字系列,荣耀30 (8+128),BMH-AN10,荣耀30 (8+128),开机好碎,130,CNY/台,主板小板短板C,image,华为2.jpg,数码网报价单-0825更新/手机相关/华为2.jpg,1,1.0,visual_0825_source_crosschecked
20260825-13085770ad7f05664f0a-01,2026-08-25,手机,device,华为,荣耀数字系列,荣耀30 (8+128),BMH-AN10,荣耀30 (8+128),开机碎屏,130,CNY/台,主板小板短板C,image,华为2.jpg,数码网报价单-0825更新/手机相关/华为2.jpg,1,1.0,visual_0825_source_crosschecked
20260825-742688bb8c2e5502be23-01,2026-08-25,手机,device,华为,荣耀数字系列,荣耀30 (8+128),BMH-AN10,荣耀30 (8+128),开机坏配件,130,CNY/台,主板小板短板C,image,华为2.jpg,数码网报价单-0825更新/手机相关/华为2.jpg,1,1.0,visual_0825_source_crosschecked
20260825-62dc43e682487e5187a6-01,2026-08-25,手机,device,华为,荣耀数字系列,荣耀30 (8+128),BMH-AN10,荣耀30 (8+128),不开机,130,CNY/台,主板小板短板C,image,华为2.jpg,数码网报价单-0825更新/手机相关/华为2.jpg,1,1.0,visual_0825_source_crosschecked
20260825-b49d6a544d69af5837c6-01,2026-08-25,手机,device,华为,荣耀数字系列,荣耀30 (8+128),BMH-AN10,荣耀30 (8+128),废板·整机,130,CNY/台,主板小板短板C,image,华为2.jpg,数码网报价单-0825更新/手机相关/华为2.jpg,1,1.0,visual_0825_source_crosschecked
20260825-71e58356313a162ea4c6-01,2026-08-25,手机,device,华为,荣耀数字系列,荣耀30 (8+128),BMH-AN10,荣耀30 (8+128),统货,/,CNY/台,主板小板短板C,image,华为2.jpg,数码网报价单-0825更新/手机相关/华为2.jpg,1,1.0,visual_0825_source_crosschecked
20260825-144f65672a563dd6088b-01,2026-08-25,手机,device,华为,荣耀数字系列,荣耀30 青春版 (8+128),MXW-AN00,荣耀30 青春版 (8+128),开机靓好,170,CNY/台,/,image,华为2.jpg,数码网报价单-0825更新/手机相关/华为2.jpg,1,1.0,visual_0825_source_crosschecked
20260825-1c2e8f2772ca90ac8f10-01,2026-08-25,手机,device,华为,荣耀数字系列,荣耀30 青春版 (8+128),MXW-AN00,荣耀30 青春版 (8+128),开机好碎,170,CNY/台,/,image,华为2.jpg,数码网报价单-0825更新/手机相关/华为2.jpg,1,1.0,visual_0825_source_crosschecked
20260825-85ddca4dfc8b0f9a50ae-01,2026-08-25,手机,device,华为,荣耀数字系列,荣耀30 青春版 (8+128),MXW-AN00,荣耀30 青春版 (8+128),开机碎屏,170,CNY/台,/,image,华为2.jpg,数码网报价单-0825更新/手机相关/华为2.jpg,1,1.0,visual_0825_source_crosschecked
20260825-9facb5f43b83d1a3578a-01,2026-08-25,手机,device,华为,荣耀数字系列,荣耀30 青春版 (8+128),MXW-AN00,荣耀30 青春版 (8+128),开机坏配件,170,CNY/台,/,image,华为2.jpg,数码网报价单-0825更新/手机相关/华为2.jpg,1,1.0,visual_0825_source_crosschecked
20260825-e5083d2c370111c469ad-01,2026-08-25,手机,device,华为,荣耀数字系列,荣耀30 青春版 (8+128),MXW-AN00,荣耀30 青春版 (8+128),不开机,170,CNY/台,/,image,华为2.jpg,数码网报价单-0825更新/手机相关/华为2.jpg,1,1.0,visual_0825_source_crosschecked
20260825-765ff937e8580f396307-01,2026-08-25,手机,device,华为,荣耀数字系列,荣耀30 青春版 (8+128),MXW-AN00,荣耀30 青春版 (8+128),废板·整机,170,CNY/台,/,image,华为2.jpg,数码网报价单-0825更新/手机相关/华为2.jpg,1,1.0,visual_0825_source_crosschecked
20260825-31cfc03526c8d5c461e5-01,2026-08-25,手机,device,华为,荣耀数字系列,荣耀30 青春版 (8+128),MXW-AN00,荣耀30 青春版 (8+128),统货,/,CNY/台,/,image,华为2.jpg,数码网报价单-0825更新/手机相关/华为2.jpg,1,1.0,visual_0825_source_crosschecked
20260825-5bf10f023708e2c7da78-01,2026-08-25,手机,device,华为,荣耀数字系列,荣耀30S,CDY-AN90,荣耀30S,开机靓好,165,CNY/台,/,image,华为2.jpg,数码网报价单-0825更新/手机相关/华为2.jpg,1,1.0,visual_0825_source_crosschecked
20260825-0ac5af276c21e9b8bf1c-01,2026-08-25,手机,device,华为,荣耀数字系列,荣耀30S,CDY-AN90,荣耀30S,开机好碎,165,CNY/台,/,image,华为2.jpg,数码网报价单-0825更新/手机相关/华为2.jpg,1,1.0,visual_0825_source_crosschecked
20260825-bc5ca9b1a889f3ccbde0-01,2026-08-25,手机,device,华为,荣耀数字系列,荣耀30S,CDY-AN90,荣耀30S,开机碎屏,165,CNY/台,/,image,华为2.jpg,数码网报价单-0825更新/手机相关/华为2.jpg,1,1.0,visual_0825_source_crosschecked
20260825-84030a75df8f09278186-01,2026-08-25,手机,device,华为,荣耀数字系列,荣耀30S,CDY-AN90,荣耀30S,开机坏配件,165,CNY/台,/,image,华为2.jpg,数码网报价单-0825更新/手机相关/华为2.jpg,1,1.0,visual_0825_source_crosschecked
20260825-1f0ee4180b161bb652dd-01,2026-08-25,手机,device,华为,荣耀数字系列,荣耀30S,CDY-AN90,荣耀30S,不开机,165,CNY/台,/,image,华为2.jpg,数码网报价单-0825更新/手机相关/华为2.jpg,1,1.0,visual_0825_source_crosschecked
20260825-815726a593e33803bd71-01,2026-08-25,手机,device,华为,荣耀数字系列,荣耀30S,CDY-AN90,荣耀30S,废板·整机,165,CNY/台,/,image,华为2.jpg,数码网报价单-0825更新/手机相关/华为2.jpg,1,1.0,visual_0825_source_crosschecked
20260825-9338d6cd0ebe10003f64-01,2026-08-25,手机,device,华为,荣耀数字系列,荣耀30S,CDY-AN90,荣耀30S,统货,/,CNY/台,/,image,华为2.jpg,数码网报价单-0825更新/手机相关/华为2.jpg,1,1.0,visual_0825_source_crosschecked
20260825-b38f2b012b58e32a6bd3-01,2026-08-25,手机,device,华为,荣耀数字系列,荣耀20 Pro (8+128),YAL-AL10,荣耀20 Pro (8+128),开机靓好,110,CNY/台,拆不好背光异屏统货不扣钱,image,华为2.jpg,数码网报价单-0825更新/手机相关/华为2.jpg,1,1.0,visual_0825_source_crosschecked
20260825-df0e09882423b4b4067a-01,2026-08-25,手机,device,华为,荣耀数字系列,荣耀20 Pro (8+128),YAL-AL10,荣耀20 Pro (8+128),开机好碎,110,CNY/台,拆不好背光异屏统货不扣钱,image,华为2.jpg,数码网报价单-0825更新/手机相关/华为2.jpg,1,1.0,visual_0825_source_crosschecked
20260825-b9ec2ca4d25ed6d9cd92-01,2026-08-25,手机,device,华为,荣耀数字系列,荣耀20 Pro (8+128),YAL-AL10,荣耀20 Pro (8+128),开机碎屏,110,CNY/台,拆不好背光异屏统货不扣钱,image,华为2.jpg,数码网报价单-0825更新/手机相关/华为2.jpg,1,1.0,visual_0825_source_crosschecked
20260825-879b1df6049c4f0f4385-01,2026-08-25,手机,device,华为,荣耀数字系列,荣耀20 Pro (8+128),YAL-AL10,荣耀20 Pro (8+128),开机坏配件,110,CNY/台,拆不好背光异屏统货不扣钱,image,华为2.jpg,数码网报价单-0825更新/手机相关/华为2.jpg,1,1.0,visual_0825_source_crosschecked
20260825-95c82819da3d70ee4c1a-01,2026-08-25,手机,device,华为,荣耀数字系列,荣耀20 Pro (8+128),YAL-AL10,荣耀20 Pro (8+128),不开机,110,CNY/台,拆不好背光异屏统货不扣钱,image,华为2.jpg,数码网报价单-0825更新/手机相关/华为2.jpg,1,1.0,visual_0825_source_crosschecked
20260825-0ada74b59cf9e9c91cde-01,2026-08-25,手机,device,华为,荣耀数字系列,荣耀20 Pro (8+128),YAL-AL10,荣耀20 Pro (8+128),废板·整机,110,CNY/台,拆不好背光异屏统货不扣钱,image,华为2.jpg,数码网报价单-0825更新/手机相关/华为2.jpg,1,1.0,visual_0825_source_crosschecked
20260825-5b99076e783af2b3aeca-01,2026-08-25,手机,device,华为,荣耀数字系列,荣耀20 Pro (8+128),YAL-AL10,荣耀20 Pro (8+128),统货,/,CNY/台,拆不好背光异屏统货不扣钱,image,华为2.jpg,数码网报价单-0825更新/手机相关/华为2.jpg,1,1.0,visual_0825_source_crosschecked
20260825-217ccd0fa099375bc8ba-01,2026-08-25,手机,device,华为,荣耀数字系列,荣耀20 (8+128),YAL-AL00,荣耀20 (8+128),开机靓好,100,CNY/台,开机测试主板亮屏幕有显示算开机,image,华为2.jpg,数码网报价单-0825更新/手机相关/华为2.jpg,1,1.0,visual_0825_source_crosschecked
20260825-69b890f8fe94465dcd6e-01,2026-08-25,手机,device,华为,荣耀数字系列,荣耀20 (8+128),YAL-AL00,荣耀20 (8+128),开机好碎,100,CNY/台,开机测试主板亮屏幕有显示算开机,image,华为2.jpg,数码网报价单-0825更新/手机相关/华为2.jpg,1,1.0,visual_0825_source_crosschecked
20260825-936d08004baf317f9749-01,2026-08-25,手机,device,华为,荣耀数字系列,荣耀20 (8+128),YAL-AL00,荣耀20 (8+128),开机碎屏,100,CNY/台,开机测试主板亮屏幕有显示算开机,image,华为2.jpg,数码网报价单-0825更新/手机相关/华为2.jpg,1,1.0,visual_0825_source_crosschecked
20260825-0cf4f777fe9e4dc6846b-01,2026-08-25,手机,device,华为,荣耀数字系列,荣耀20 (8+128),YAL-AL00,荣耀20 (8+128),开机坏配件,100,CNY/台,开机测试主板亮屏幕有显示算开机,image,华为2.jpg,数码网报价单-0825更新/手机相关/华为2.jpg,1,1.0,visual_0825_source_crosschecked
20260825-08735451631bacea0704-01,2026-08-25,手机,device,华为,荣耀数字系列,荣耀20 (8+128),YAL-AL00,荣耀20 (8+128),不开机,100,CNY/台,开机测试主板亮屏幕有显示算开机,image,华为2.jpg,数码网报价单-0825更新/手机相关/华为2.jpg,1,1.0,visual_0825_source_crosschecked
20260825-2fe8ceb0a4b01b15ee12-01,2026-08-25,手机,device,华为,荣耀数字系列,荣耀20 (8+128),YAL-AL00,荣耀20 (8+128),废板·整机,100,CNY/台,开机测试主板亮屏幕有显示算开机,image,华为2.jpg,数码网报价单-0825更新/手机相关/华为2.jpg,1,1.0,visual_0825_source_crosschecked
20260825-d38109e729c126dc4807-01,2026-08-25,手机,device,华为,荣耀数字系列,荣耀20 (8+128),YAL-AL00,荣耀20 (8+128),统货,/,CNY/台,开机测试主板亮屏幕有显示算开机,image,华为2.jpg,数码网报价单-0825更新/手机相关/华为2.jpg,1,1.0,visual_0825_source_crosschecked
20260825-a369fa47b40877b59eff-01,2026-08-25,手机,device,华为,荣耀数字系列,荣耀20i (8+128),HRY-AL00Ta,荣耀20i (8+128),开机靓好,145,CNY/台,定屏幕点算不开机,image,华为2.jpg,数码网报价单-0825更新/手机相关/华为2.jpg,1,1.0,visual_0825_source_crosschecked
20260825-fc7157fa49d0ee2e13fd-01,2026-08-25,手机,device,华为,荣耀数字系列,荣耀20i (8+128),HRY-AL00Ta,荣耀20i (8+128),开机好碎,145,CNY/台,定屏幕点算不开机,image,华为2.jpg,数码网报价单-0825更新/手机相关/华为2.jpg,1,1.0,visual_0825_source_crosschecked
20260825-1727004ae3a4e00317a3-01,2026-08-25,手机,device,华为,荣耀数字系列,荣耀20i (8+128),HRY-AL00Ta,荣耀20i (8+128),开机碎屏,145,CNY/台,定屏幕点算不开机,image,华为2.jpg,数码网报价单-0825更新/手机相关/华为2.jpg,1,1.0,visual_0825_source_crosschecked
20260825-94a71ca87b497cd7eb7f-01,2026-08-25,手机,device,华为,荣耀数字系列,荣耀20i (8+128),HRY-AL00Ta,荣耀20i (8+128),开机坏配件,145,CNY/台,定屏幕点算不开机,image,华为2.jpg,数码网报价单-0825更新/手机相关/华为2.jpg,1,1.0,visual_0825_source_crosschecked
20260825-dd3da2c50fe90c35d70e-01,2026-08-25,手机,device,华为,荣耀数字系列,荣耀20i (8+128),HRY-AL00Ta,荣耀20i (8+128),不开机,145,CNY/台,定屏幕点算不开机,image,华为2.jpg,数码网报价单-0825更新/手机相关/华为2.jpg,1,1.0,visual_0825_source_crosschecked
20260825-3a7d84357e0dfcbfa737-01,2026-08-25,手机,device,华为,荣耀数字系列,荣耀20i (8+128),HRY-AL00Ta,荣耀20i (8+128),废板·整机,145,CNY/台,定屏幕点算不开机,image,华为2.jpg,数码网报价单-0825更新/手机相关/华为2.jpg,1,1.0,visual_0825_source_crosschecked
20260825-40620a8192477ea64dd9-01,2026-08-25,手机,device,华为,荣耀数字系列,荣耀20i (8+128),HRY-AL00Ta,荣耀20i (8+128),统货,/,CNY/台,定屏幕点算不开机,image,华为2.jpg,数码网报价单-0825更新/手机相关/华为2.jpg,1,1.0,visual_0825_source_crosschecked
20260825-fc84b9ab0174c882c9ff-01,2026-08-25,手机,device,华为,荣耀数字系列,荣耀20S,YAL-AL50,荣耀20S,开机靓好,125,CNY/台,/,image,华为2.jpg,数码网报价单-0825更新/手机相关/华为2.jpg,1,1.0,visual_0825_source_crosschecked
20260825-9244ab77208b25e47e08-01,2026-08-25,手机,device,华为,荣耀数字系列,荣耀20S,YAL-AL50,荣耀20S,开机好碎,125,CNY/台,/,image,华为2.jpg,数码网报价单-0825更新/手机相关/华为2.jpg,1,1.0,visual_0825_source_crosschecked
20260825-250d86326ba647e1dff5-01,2026-08-25,手机,device,华为,荣耀数字系列,荣耀20S,YAL-AL50,荣耀20S,开机碎屏,125,CNY/台,/,image,华为2.jpg,数码网报价单-0825更新/手机相关/华为2.jpg,1,1.0,visual_0825_source_crosschecked
20260825-ca9255fee002576c8423-01,2026-08-25,手机,device,华为,荣耀数字系列,荣耀20S,YAL-AL50,荣耀20S,开机坏配件,125,CNY/台,/,image,华为2.jpg,数码网报价单-0825更新/手机相关/华为2.jpg,1,1.0,visual_0825_source_crosschecked
20260825-545f7e1971fa91fb87a3-01,2026-08-25,手机,device,华为,荣耀数字系列,荣耀20S,YAL-AL50,荣耀20S,不开机,125,CNY/台,/,image,华为2.jpg,数码网报价单-0825更新/手机相关/华为2.jpg,1,1.0,visual_0825_source_crosschecked
20260825-4b0370b4bf7e4f282aa7-01,2026-08-25,手机,device,华为,荣耀数字系列,荣耀20S,YAL-AL50,荣耀20S,废板·整机,125,CNY/台,/,image,华为2.jpg,数码网报价单-0825更新/手机相关/华为2.jpg,1,1.0,visual_0825_source_crosschecked
20260825-0567b62c1b2193162bb5-01,2026-08-25,手机,device,华为,荣耀数字系列,荣耀20S,YAL-AL50,荣耀20S,统货,/,CNY/台,/,image,华为2.jpg,数码网报价单-0825更新/手机相关/华为2.jpg,1,1.0,visual_0825_source_crosschecked
20260825-28af42fffe9082c5e8fd-01,2026-08-25,手机,device,华为,荣耀数字系列,荣耀20青春版,LRA-AL00,荣耀20青春版,开机靓好,125,CNY/台,主板小板短板D,image,华为2.jpg,数码网报价单-0825更新/手机相关/华为2.jpg,1,1.0,visual_0825_source_crosschecked
20260825-01f856b72e1ce7f99be9-01,2026-08-25,手机,device,华为,荣耀数字系列,荣耀20青春版,LRA-AL00,荣耀20青春版,开机好碎,125,CNY/台,主板小板短板D,image,华为2.jpg,数码网报价单-0825更新/手机相关/华为2.jpg,1,1.0,visual_0825_source_crosschecked
20260825-92014a248ab91b15ec68-01,2026-08-25,手机,device,华为,荣耀数字系列,荣耀20青春版,LRA-AL00,荣耀20青春版,开机碎屏,125,CNY/台,主板小板短板D,image,华为2.jpg,数码网报价单-0825更新/手机相关/华为2.jpg,1,1.0,visual_0825_source_crosschecked
20260825-1e413255711b640028c1-01,2026-08-25,手机,device,华为,荣耀数字系列,荣耀20青春版,LRA-AL00,荣耀20青春版,开机坏配件,125,CNY/台,主板小板短板D,image,华为2.jpg,数码网报价单-0825更新/手机相关/华为2.jpg,1,1.0,visual_0825_source_crosschecked
20260825-7c7ae6965e3b933813ca-01,2026-08-25,手机,device,华为,荣耀数字系列,荣耀20青春版,LRA-AL00,荣耀20青春版,不开机,125,CNY/台,主板小板短板D,image,华为2.jpg,数码网报价单-0825更新/手机相关/华为2.jpg,1,1.0,visual_0825_source_crosschecked
20260825-2118ebeb2bf9b996216c-01,2026-08-25,手机,device,华为,荣耀数字系列,荣耀20青春版,LRA-AL00,荣耀20青春版,废板·整机,125,CNY/台,主板小板短板D,image,华为2.jpg,数码网报价单-0825更新/手机相关/华为2.jpg,1,1.0,visual_0825_source_crosschecked
20260825-863830297e8c2a062277-01,2026-08-25,手机,device,华为,荣耀数字系列,荣耀20青春版,LRA-AL00,荣耀20青春版,统货,/,CNY/台,主板小板短板D,image,华为2.jpg,数码网报价单-0825更新/手机相关/华为2.jpg,1,1.0,visual_0825_source_crosschecked
20260825-cbf31cfab6245054064c-01,2026-08-25,手机,device,华为,荣耀数字系列,荣耀10,COL-AL10,荣耀10,开机靓好,70,CNY/台,/,image,华为2.jpg,数码网报价单-0825更新/手机相关/华为2.jpg,1,1.0,visual_0825_source_crosschecked
20260825-13a6c5d312adf4798dbe-01,2026-08-25,手机,device,华为,荣耀数字系列,荣耀10,COL-AL10,荣耀10,开机好碎,70,CNY/台,/,image,华为2.jpg,数码网报价单-0825更新/手机相关/华为2.jpg,1,1.0,visual_0825_source_crosschecked
20260825-e3aa7114f6e87ef104fe-01,2026-08-25,手机,device,华为,荣耀数字系列,荣耀10,COL-AL10,荣耀10,开机碎屏,70,CNY/台,/,image,华为2.jpg,数码网报价单-0825更新/手机相关/华为2.jpg,1,1.0,visual_0825_source_crosschecked
20260825-18d8ea435cbd07a07394-01,2026-08-25,手机,device,华为,荣耀数字系列,荣耀10,COL-AL10,荣耀10,开机坏配件,70,CNY/台,/,image,华为2.jpg,数码网报价单-0825更新/手机相关/华为2.jpg,1,1.0,visual_0825_source_crosschecked
20260825-f73f7a9786276c41b832-01,2026-08-25,手机,device,华为,荣耀数字系列,荣耀10,COL-AL10,荣耀10,不开机,70,CNY/台,/,image,华为2.jpg,数码网报价单-0825更新/手机相关/华为2.jpg,1,1.0,visual_0825_source_crosschecked
20260825-035776d8771005d82c9d-01,2026-08-25,手机,device,华为,荣耀数字系列,荣耀10,COL-AL10,荣耀10,废板·整机,70,CNY/台,/,image,华为2.jpg,数码网报价单-0825更新/手机相关/华为2.jpg,1,1.0,visual_0825_source_crosschecked
20260825-d3f2e26f833e4d6af3c8-01,2026-08-25,手机,device,华为,荣耀数字系列,荣耀10,COL-AL10,荣耀10,统货,/,CNY/台,/,image,华为2.jpg,数码网报价单-0825更新/手机相关/华为2.jpg,1,1.0,visual_0825_source_crosschecked
20260825-c119165395023378df8d-01,2026-08-25,手机,device,华为,荣耀数字系列,荣耀9,STF-AL10,荣耀9,开机靓好,60,CNY/台,/,image,华为2.jpg,数码网报价单-0825更新/手机相关/华为2.jpg,1,1.0,visual_0825_source_crosschecked
20260825-079e0a57e3de8d868c0e-01,2026-08-25,手机,device,华为,荣耀数字系列,荣耀9,STF-AL10,荣耀9,开机好碎,60,CNY/台,/,image,华为2.jpg,数码网报价单-0825更新/手机相关/华为2.jpg,1,1.0,visual_0825_source_crosschecked
20260825-806d2963d31754076512-01,2026-08-25,手机,device,华为,荣耀数字系列,荣耀9,STF-AL10,荣耀9,开机碎屏,60,CNY/台,/,image,华为2.jpg,数码网报价单-0825更新/手机相关/华为2.jpg,1,1.0,visual_0825_source_crosschecked
20260825-5778ad6dde95fb819e50-01,2026-08-25,手机,device,华为,荣耀数字系列,荣耀9,STF-AL10,荣耀9,开机坏配件,60,CNY/台,/,image,华为2.jpg,数码网报价单-0825更新/手机相关/华为2.jpg,1,1.0,visual_0825_source_crosschecked
20260825-1c08b05f49400bfc3234-01,2026-08-25,手机,device,华为,荣耀数字系列,荣耀9,STF-AL10,荣耀9,不开机,60,CNY/台,/,image,华为2.jpg,数码网报价单-0825更新/手机相关/华为2.jpg,1,1.0,visual_0825_source_crosschecked
20260825-3dd407cf5703e08312dd-01,2026-08-25,手机,device,华为,荣耀数字系列,荣耀9,STF-AL10,荣耀9,废板·整机,60,CNY/台,/,image,华为2.jpg,数码网报价单-0825更新/手机相关/华为2.jpg,1,1.0,visual_0825_source_crosschecked
20260825-adee1f09fed66b1ed4f5-01,2026-08-25,手机,device,华为,荣耀数字系列,荣耀9,STF-AL10,荣耀9,统货,/,CNY/台,/,image,华为2.jpg,数码网报价单-0825更新/手机相关/华为2.jpg,1,1.0,visual_0825_source_crosschecked
20260825-095ff0bdfa657115e3c4-01,2026-08-25,手机,device,华为,荣耀数字系列,荣耀8,FRD-AL00,荣耀8,开机靓好,50,CNY/台,开机测试主板亮屏幕有显示算开机,image,华为2.jpg,数码网报价单-0825更新/手机相关/华为2.jpg,1,1.0,visual_0825_source_crosschecked
20260825-59693a03fc469a1e131b-01,2026-08-25,手机,device,华为,荣耀数字系列,荣耀8,FRD-AL00,荣耀8,开机好碎,50,CNY/台,开机测试主板亮屏幕有显示算开机,image,华为2.jpg,数码网报价单-0825更新/手机相关/华为2.jpg,1,1.0,visual_0825_source_crosschecked
20260825-abf3323262872a433733-01,2026-08-25,手机,device,华为,荣耀数字系列,荣耀8,FRD-AL00,荣耀8,开机碎屏,50,CNY/台,开机测试主板亮屏幕有显示算开机,image,华为2.jpg,数码网报价单-0825更新/手机相关/华为2.jpg,1,1.0,visual_0825_source_crosschecked
20260825-ee8b30be8b6589e9e08a-01,2026-08-25,手机,device,华为,荣耀数字系列,荣耀8,FRD-AL00,荣耀8,开机坏配件,50,CNY/台,开机测试主板亮屏幕有显示算开机,image,华为2.jpg,数码网报价单-0825更新/手机相关/华为2.jpg,1,1.0,visual_0825_source_crosschecked
20260825-ba1f0df66aaf924eaffd-01,2026-08-25,手机,device,华为,荣耀数字系列,荣耀8,FRD-AL00,荣耀8,不开机,50,CNY/台,开机测试主板亮屏幕有显示算开机,image,华为2.jpg,数码网报价单-0825更新/手机相关/华为2.jpg,1,1.0,visual_0825_source_crosschecked
20260825-57695730896460db15cf-01,2026-08-25,手机,device,华为,荣耀数字系列,荣耀8,FRD-AL00,荣耀8,废板·整机,50,CNY/台,开机测试主板亮屏幕有显示算开机,image,华为2.jpg,数码网报价单-0825更新/手机相关/华为2.jpg,1,1.0,visual_0825_source_crosschecked
20260825-0330b435c2213266012c-01,2026-08-25,手机,device,华为,荣耀数字系列,荣耀8,FRD-AL00,荣耀8,统货,/,CNY/台,开机测试主板亮屏幕有显示算开机,image,华为2.jpg,数码网报价单-0825更新/手机相关/华为2.jpg,1,1.0,visual_0825_source_crosschecked
20260825-50bf6584c36627d54e9e-01,2026-08-25,手机,device,华为,荣耀数字系列,荣耀7,PLK-AL10,荣耀7,开机靓好,43,CNY/台,/,image,华为2.jpg,数码网报价单-0825更新/手机相关/华为2.jpg,1,1.0,visual_0825_source_crosschecked
20260825-5bdd95a0bf59de2af1b4-01,2026-08-25,手机,device,华为,荣耀数字系列,荣耀7,PLK-AL10,荣耀7,开机好碎,43,CNY/台,/,image,华为2.jpg,数码网报价单-0825更新/手机相关/华为2.jpg,1,1.0,visual_0825_source_crosschecked
20260825-8323ebe8ec00a1dd9e59-01,2026-08-25,手机,device,华为,荣耀数字系列,荣耀7,PLK-AL10,荣耀7,开机碎屏,43,CNY/台,/,image,华为2.jpg,数码网报价单-0825更新/手机相关/华为2.jpg,1,1.0,visual_0825_source_crosschecked
20260825-04542598690240c800f8-01,2026-08-25,手机,device,华为,荣耀数字系列,荣耀7,PLK-AL10,荣耀7,开机坏配件,43,CNY/台,/,image,华为2.jpg,数码网报价单-0825更新/手机相关/华为2.jpg,1,1.0,visual_0825_source_crosschecked
20260825-bd7f9f4d685fd9ba6416-01,2026-08-25,手机,device,华为,荣耀数字系列,荣耀7,PLK-AL10,荣耀7,不开机,43,CNY/台,/,image,华为2.jpg,数码网报价单-0825更新/手机相关/华为2.jpg,1,1.0,visual_0825_source_crosschecked
20260825-106f2070b72b38bb2e35-01,2026-08-25,手机,device,华为,荣耀数字系列,荣耀7,PLK-AL10,荣耀7,废板·整机,43,CNY/台,/,image,华为2.jpg,数码网报价单-0825更新/手机相关/华为2.jpg,1,1.0,visual_0825_source_crosschecked
20260825-fefe2c2803edc40ec070-01,2026-08-25,手机,device,华为,荣耀数字系列,荣耀7,PLK-AL10,荣耀7,统货,/,CNY/台,/,image,华为2.jpg,数码网报价单-0825更新/手机相关/华为2.jpg,1,1.0,visual_0825_source_crosschecked
20260825-cfa312c6357c092a050e-01,2026-08-25,手机,device,华为,荣耀数字系列,荣耀6,H60-L01,荣耀6,开机靓好,55,CNY/台,/,image,华为2.jpg,数码网报价单-0825更新/手机相关/华为2.jpg,1,1.0,visual_0825_source_crosschecked
20260825-b6c3a5fa3611a595c615-01,2026-08-25,手机,device,华为,荣耀数字系列,荣耀6,H60-L01,荣耀6,开机好碎,55,CNY/台,/,image,华为2.jpg,数码网报价单-0825更新/手机相关/华为2.jpg,1,1.0,visual_0825_source_crosschecked
20260825-3f1d8b0678fc89cbdde1-01,2026-08-25,手机,device,华为,荣耀数字系列,荣耀6,H60-L01,荣耀6,开机碎屏,55,CNY/台,/,image,华为2.jpg,数码网报价单-0825更新/手机相关/华为2.jpg,1,1.0,visual_0825_source_crosschecked
20260825-2afb6f45d7dbcd4f1c7c-01,2026-08-25,手机,device,华为,荣耀数字系列,荣耀6,H60-L01,荣耀6,开机坏配件,55,CNY/台,/,image,华为2.jpg,数码网报价单-0825更新/手机相关/华为2.jpg,1,1.0,visual_0825_source_crosschecked
20260825-e9196c82e7ed17505f60-01,2026-08-25,手机,device,华为,荣耀数字系列,荣耀6,H60-L01,荣耀6,不开机,55,CNY/台,/,image,华为2.jpg,数码网报价单-0825更新/手机相关/华为2.jpg,1,1.0,visual_0825_source_crosschecked
20260825-15355487955cab62742a-01,2026-08-25,手机,device,华为,荣耀数字系列,荣耀6,H60-L01,荣耀6,废板·整机,55,CNY/台,/,image,华为2.jpg,数码网报价单-0825更新/手机相关/华为2.jpg,1,1.0,visual_0825_source_crosschecked
20260825-b7cfb8fee03504b38544-01,2026-08-25,手机,device,华为,荣耀数字系列,荣耀6,H60-L01,荣耀6,统货,/,CNY/台,/,image,华为2.jpg,数码网报价单-0825更新/手机相关/华为2.jpg,1,1.0,visual_0825_source_crosschecked
20260825-bae1faa555a881f3f7a8-01,2026-08-25,手机,device,华为,荣耀X系列,荣耀X60 Pro,BRP-AN00,荣耀X60 Pro,开机靓好,440,CNY/台,,image,华为2.jpg,数码网报价单-0825更新/手机相关/华为2.jpg,1,1.0,visual_0825_source_crosschecked
20260825-3d26bdf7cb930808657e-01,2026-08-25,手机,device,华为,荣耀X系列,荣耀X60 Pro,BRP-AN00,荣耀X60 Pro,开机好碎,380,CNY/台,,image,华为2.jpg,数码网报价单-0825更新/手机相关/华为2.jpg,1,1.0,visual_0825_source_crosschecked
20260825-ebc71f182ecd287b7e32-01,2026-08-25,手机,device,华为,荣耀X系列,荣耀X60 Pro,BRP-AN00,荣耀X60 Pro,开机碎屏,340,CNY/台,,image,华为2.jpg,数码网报价单-0825更新/手机相关/华为2.jpg,1,1.0,visual_0825_source_crosschecked
20260825-bbdb32d2cee730db56f0-01,2026-08-25,手机,device,华为,荣耀X系列,荣耀X60 Pro,BRP-AN00,荣耀X60 Pro,开机坏配件,/,CNY/台,,image,华为2.jpg,数码网报价单-0825更新/手机相关/华为2.jpg,1,1.0,visual_0825_source_crosschecked
20260825-a7bd67b30e0d3fb344ac-01,2026-08-25,手机,device,华为,荣耀X系列,荣耀X60 Pro,BRP-AN00,荣耀X60 Pro,不开机,165,CNY/台,,image,华为2.jpg,数码网报价单-0825更新/手机相关/华为2.jpg,1,1.0,visual_0825_source_crosschecked
20260825-24a85621b273c9f01119-01,2026-08-25,手机,device,华为,荣耀X系列,荣耀X60 Pro,BRP-AN00,荣耀X60 Pro,废板·整机,165,CNY/台,,image,华为2.jpg,数码网报价单-0825更新/手机相关/华为2.jpg,1,1.0,visual_0825_source_crosschecked
20260825-34f85ab1459976ac964a-01,2026-08-25,手机,device,华为,荣耀X系列,荣耀X60 Pro,BRP-AN00,荣耀X60 Pro,统货,开机主板靓镜头靓 屏花倒充,CNY/台,,image,华为2.jpg,数码网报价单-0825更新/手机相关/华为2.jpg,1,1.0,visual_0825_source_crosschecked
20260825-ea6f0c1eb600ebd1951a-01,2026-08-25,手机,device,华为,荣耀X系列,荣耀X60,ALI-AN00,荣耀X60,开机靓好,340,CNY/台,,image,华为2.jpg,数码网报价单-0825更新/手机相关/华为2.jpg,1,1.0,visual_0825_source_crosschecked
20260825-d723862ae345c1924787-01,2026-08-25,手机,device,华为,荣耀X系列,荣耀X60,ALI-AN00,荣耀X60,开机好碎,340,CNY/台,,image,华为2.jpg,数码网报价单-0825更新/手机相关/华为2.jpg,1,1.0,visual_0825_source_crosschecked
20260825-0d0558b3886fc4479c2e-01,2026-08-25,手机,device,华为,荣耀X系列,荣耀X60,ALI-AN00,荣耀X60,开机碎屏,300,CNY/台,,image,华为2.jpg,数码网报价单-0825更新/手机相关/华为2.jpg,1,1.0,visual_0825_source_crosschecked
20260825-b49d3ac4bab4fed2f440-01,2026-08-25,手机,device,华为,荣耀X系列,荣耀X60,ALI-AN00,荣耀X60,开机坏配件,/,CNY/台,,image,华为2.jpg,数码网报价单-0825更新/手机相关/华为2.jpg,1,1.0,visual_0825_source_crosschecked
20260825-2d37b2626c553e231d17-01,2026-08-25,手机,device,华为,荣耀X系列,荣耀X60,ALI-AN00,荣耀X60,不开机,165,CNY/台,,image,华为2.jpg,数码网报价单-0825更新/手机相关/华为2.jpg,1,1.0,visual_0825_source_crosschecked
20260825-7ac4cb8fa60ef88692bf-01,2026-08-25,手机,device,华为,荣耀X系列,荣耀X60,ALI-AN00,荣耀X60,废板·整机,165,CNY/台,,image,华为2.jpg,数码网报价单-0825更新/手机相关/华为2.jpg,1,1.0,visual_0825_source_crosschecked
20260825-631b62f371f1654c47c5-01,2026-08-25,手机,device,华为,荣耀X系列,荣耀X60,ALI-AN00,荣耀X60,统货,/,CNY/台,,image,华为2.jpg,数码网报价单-0825更新/手机相关/华为2.jpg,1,1.0,visual_0825_source_crosschecked
20260825-143a1b95c660921aa35e-01,2026-08-25,手机,device,华为,荣耀X系列,荣耀X50 Pro,ALI-AN00,荣耀X50 Pro,开机靓好,390,CNY/台,,image,华为2.jpg,数码网报价单-0825更新/手机相关/华为2.jpg,1,1.0,visual_0825_source_crosschecked
20260825-74f4cf62ebcaebc72a14-01,2026-08-25,手机,device,华为,荣耀X系列,荣耀X50 Pro,ALI-AN00,荣耀X50 Pro,开机好碎,390,CNY/台,,image,华为2.jpg,数码网报价单-0825更新/手机相关/华为2.jpg,1,1.0,visual_0825_source_crosschecked
20260825-e2aa275393f6ff064943-01,2026-08-25,手机,device,华为,荣耀X系列,荣耀X50 Pro,ALI-AN00,荣耀X50 Pro,开机碎屏,340,CNY/台,,image,华为2.jpg,数码网报价单-0825更新/手机相关/华为2.jpg,1,1.0,visual_0825_source_crosschecked
20260825-b8fa1bff5c09aa9162a6-01,2026-08-25,手机,device,华为,荣耀X系列,荣耀X50 Pro,ALI-AN00,荣耀X50 Pro,开机坏配件,/,CNY/台,,image,华为2.jpg,数码网报价单-0825更新/手机相关/华为2.jpg,1,1.0,visual_0825_source_crosschecked
20260825-9185bcefb1bfdaf22731-01,2026-08-25,手机,device,华为,荣耀X系列,荣耀X50 Pro,ALI-AN00,荣耀X50 Pro,不开机,150,CNY/台,,image,华为2.jpg,数码网报价单-0825更新/手机相关/华为2.jpg,1,1.0,visual_0825_source_crosschecked
20260825-12f94ec364e54eb0df2f-01,2026-08-25,手机,device,华为,荣耀X系列,荣耀X50 Pro,ALI-AN00,荣耀X50 Pro,废板·整机,150,CNY/台,,image,华为2.jpg,数码网报价单-0825更新/手机相关/华为2.jpg,1,1.0,visual_0825_source_crosschecked
20260825-13b3cf4946885323ef9f-01,2026-08-25,手机,device,华为,荣耀X系列,荣耀X50 Pro,ALI-AN00,荣耀X50 Pro,统货,/,CNY/台,,image,华为2.jpg,数码网报价单-0825更新/手机相关/华为2.jpg,1,1.0,visual_0825_source_crosschecked
20260825-fe0e69ff4dc156c5c349-01,2026-08-25,手机,device,华为,荣耀X系列,荣耀X50 GT,ALI-AN00,荣耀X50 GT,开机靓好,440,CNY/台,,image,华为2.jpg,数码网报价单-0825更新/手机相关/华为2.jpg,1,1.0,visual_0825_source_crosschecked
20260825-5a5414bb4ca5218ebd50-01,2026-08-25,手机,device,华为,荣耀X系列,荣耀X50 GT,ALI-AN00,荣耀X50 GT,开机好碎,440,CNY/台,,image,华为2.jpg,数码网报价单-0825更新/手机相关/华为2.jpg,1,1.0,visual_0825_source_crosschecked
20260825-7cce027d638890377b6e-01,2026-08-25,手机,device,华为,荣耀X系列,荣耀X50 GT,ALI-AN00,荣耀X50 GT,开机碎屏,380,CNY/台,,image,华为2.jpg,数码网报价单-0825更新/手机相关/华为2.jpg,1,1.0,visual_0825_source_crosschecked
20260825-f452bfd13cd4a6b19009-01,2026-08-25,手机,device,华为,荣耀X系列,荣耀X50 GT,ALI-AN00,荣耀X50 GT,开机坏配件,/,CNY/台,,image,华为2.jpg,数码网报价单-0825更新/手机相关/华为2.jpg,1,1.0,visual_0825_source_crosschecked
20260825-1a70575057a208be0004-01,2026-08-25,手机,device,华为,荣耀X系列,荣耀X50 GT,ALI-AN00,荣耀X50 GT,不开机,150,CNY/台,,image,华为2.jpg,数码网报价单-0825更新/手机相关/华为2.jpg,1,1.0,visual_0825_source_crosschecked
20260825-f287b26a99333df6f7b3-01,2026-08-25,手机,device,华为,荣耀X系列,荣耀X50 GT,ALI-AN00,荣耀X50 GT,废板·整机,150,CNY/台,,image,华为2.jpg,数码网报价单-0825更新/手机相关/华为2.jpg,1,1.0,visual_0825_source_crosschecked
20260825-a4dddf3e13b2ee317241-01,2026-08-25,手机,device,华为,荣耀X系列,荣耀X50 GT,ALI-AN00,荣耀X50 GT,统货,/,CNY/台,,image,华为2.jpg,数码网报价单-0825更新/手机相关/华为2.jpg,1,1.0,visual_0825_source_crosschecked
20260825-916a5c0656c9a9b79371-01,2026-08-25,手机,device,华为,荣耀X系列,荣耀X50 (8+128),ALI-AN00,荣耀X50 (8+128),开机靓好,290,CNY/台,,image,华为2.jpg,数码网报价单-0825更新/手机相关/华为2.jpg,1,1.0,visual_0825_source_crosschecked
20260825-3b5392cde8d71a8a3b77-01,2026-08-25,手机,device,华为,荣耀X系列,荣耀X50 (8+128),ALI-AN00,荣耀X50 (8+128),开机好碎,290,CNY/台,,image,华为2.jpg,数码网报价单-0825更新/手机相关/华为2.jpg,1,1.0,visual_0825_source_crosschecked
20260825-19e2773bdafb2ee8df34-01,2026-08-25,手机,device,华为,荣耀X系列,荣耀X50 (8+128),ALI-AN00,荣耀X50 (8+128),开机碎屏,250,CNY/台,,image,华为2.jpg,数码网报价单-0825更新/手机相关/华为2.jpg,1,1.0,visual_0825_source_crosschecked
20260825-4fcd70d301b9ae2a57c0-01,2026-08-25,手机,device,华为,荣耀X系列,荣耀X50 (8+128),ALI-AN00,荣耀X50 (8+128),开机坏配件,/,CNY/台,,image,华为2.jpg,数码网报价单-0825更新/手机相关/华为2.jpg,1,1.0,visual_0825_source_crosschecked
20260825-9832d5b1b7115b2485cd-01,2026-08-25,手机,device,华为,荣耀X系列,荣耀X50 (8+128),ALI-AN00,荣耀X50 (8+128),不开机,160,CNY/台,,image,华为2.jpg,数码网报价单-0825更新/手机相关/华为2.jpg,1,1.0,visual_0825_source_crosschecked
20260825-17014b5c16eddb7a5acd-01,2026-08-25,手机,device,华为,荣耀X系列,荣耀X50 (8+128),ALI-AN00,荣耀X50 (8+128),废板·整机,160,CNY/台,,image,华为2.jpg,数码网报价单-0825更新/手机相关/华为2.jpg,1,1.0,visual_0825_source_crosschecked
20260825-5c694c4257a5c0b85507-01,2026-08-25,手机,device,华为,荣耀X系列,荣耀X50 (8+128),ALI-AN00,荣耀X50 (8+128),统货,/,CNY/台,,image,华为2.jpg,数码网报价单-0825更新/手机相关/华为2.jpg,1,1.0,visual_0825_source_crosschecked
20260825-f53179bf9e9c427f81fe-01,2026-08-25,手机,device,华为,荣耀X系列,荣耀X50 (8+256),ALI-AN00,荣耀X50 (8+256),开机靓好,340,CNY/台,,image,华为2.jpg,数码网报价单-0825更新/手机相关/华为2.jpg,1,1.0,visual_0825_source_crosschecked
20260825-5b70048614842face2a9-01,2026-08-25,手机,device,华为,荣耀X系列,荣耀X50 (8+256),ALI-AN00,荣耀X50 (8+256),开机好碎,340,CNY/台,,image,华为2.jpg,数码网报价单-0825更新/手机相关/华为2.jpg,1,1.0,visual_0825_source_crosschecked
20260825-07a67d3f090dc15b59b8-01,2026-08-25,手机,device,华为,荣耀X系列,荣耀X50 (8+256),ALI-AN00,荣耀X50 (8+256),开机碎屏,300,CNY/台,,image,华为2.jpg,数码网报价单-0825更新/手机相关/华为2.jpg,1,1.0,visual_0825_source_crosschecked
20260825-1900fd96ff1f05fb2aef-01,2026-08-25,手机,device,华为,荣耀X系列,荣耀X50 (8+256),ALI-AN00,荣耀X50 (8+256),开机坏配件,/,CNY/台,,image,华为2.jpg,数码网报价单-0825更新/手机相关/华为2.jpg,1,1.0,visual_0825_source_crosschecked
20260825-b4027ab22ba41b489cd0-01,2026-08-25,手机,device,华为,荣耀X系列,荣耀X50 (8+256),ALI-AN00,荣耀X50 (8+256),不开机,160,CNY/台,,image,华为2.jpg,数码网报价单-0825更新/手机相关/华为2.jpg,1,1.0,visual_0825_source_crosschecked
20260825-ecbca26e2578a8fef043-01,2026-08-25,手机,device,华为,荣耀X系列,荣耀X50 (8+256),ALI-AN00,荣耀X50 (8+256),废板·整机,160,CNY/台,,image,华为2.jpg,数码网报价单-0825更新/手机相关/华为2.jpg,1,1.0,visual_0825_source_crosschecked
20260825-29f53f92bf111d93dcf4-01,2026-08-25,手机,device,华为,荣耀X系列,荣耀X50 (8+256),ALI-AN00,荣耀X50 (8+256),统货,/,CNY/台,,image,华为2.jpg,数码网报价单-0825更新/手机相关/华为2.jpg,1,1.0,visual_0825_source_crosschecked
20260825-74bfeede92cf6086b402-01,2026-08-25,手机,device,华为,荣耀X系列,荣耀X40 GT,APT-AN00,荣耀X40 GT,开机靓好,205,CNY/台,,image,华为2.jpg,数码网报价单-0825更新/手机相关/华为2.jpg,1,1.0,visual_0825_source_crosschecked
20260825-d5d49cfc07789803606a-01,2026-08-25,手机,device,华为,荣耀X系列,荣耀X40 GT,APT-AN00,荣耀X40 GT,开机好碎,205,CNY/台,,image,华为2.jpg,数码网报价单-0825更新/手机相关/华为2.jpg,1,1.0,visual_0825_source_crosschecked
20260825-df2ebd5b3cb131cb7e11-01,2026-08-25,手机,device,华为,荣耀X系列,荣耀X40 GT,APT-AN00,荣耀X40 GT,开机碎屏,205,CNY/台,,image,华为2.jpg,数码网报价单-0825更新/手机相关/华为2.jpg,1,1.0,visual_0825_source_crosschecked
20260825-f6bba08197201be43134-01,2026-08-25,手机,device,华为,荣耀X系列,荣耀X40 GT,APT-AN00,荣耀X40 GT,开机坏配件,/,CNY/台,,image,华为2.jpg,数码网报价单-0825更新/手机相关/华为2.jpg,1,1.0,visual_0825_source_crosschecked
20260825-242f89e99c45a8d476e7-01,2026-08-25,手机,device,华为,荣耀X系列,荣耀X40 GT,APT-AN00,荣耀X40 GT,不开机,160,CNY/台,,image,华为2.jpg,数码网报价单-0825更新/手机相关/华为2.jpg,1,1.0,visual_0825_source_crosschecked
20260825-f9fe2197bdc9cad37912-01,2026-08-25,手机,device,华为,荣耀X系列,荣耀X40 GT,APT-AN00,荣耀X40 GT,废板·整机,160,CNY/台,,image,华为2.jpg,数码网报价单-0825更新/手机相关/华为2.jpg,1,1.0,visual_0825_source_crosschecked
20260825-81d9575e03cf1c226b96-01,2026-08-25,手机,device,华为,荣耀X系列,荣耀X40 GT,APT-AN00,荣耀X40 GT,统货,/,CNY/台,,image,华为2.jpg,数码网报价单-0825更新/手机相关/华为2.jpg,1,1.0,visual_0825_source_crosschecked
20260825-935ed5da664360a1aeb5-01,2026-08-25,手机,device,华为,荣耀X系列,荣耀X40,RMO-AN00,荣耀X40,开机靓好,230,CNY/台,,image,华为2.jpg,数码网报价单-0825更新/手机相关/华为2.jpg,1,1.0,visual_0825_source_crosschecked
20260825-85b578dacd2cca39873a-01,2026-08-25,手机,device,华为,荣耀X系列,荣耀X40,RMO-AN00,荣耀X40,开机好碎,230,CNY/台,,image,华为2.jpg,数码网报价单-0825更新/手机相关/华为2.jpg,1,1.0,visual_0825_source_crosschecked
20260825-8c207915593121dbbcf3-01,2026-08-25,手机,device,华为,荣耀X系列,荣耀X40,RMO-AN00,荣耀X40,开机碎屏,230,CNY/台,,image,华为2.jpg,数码网报价单-0825更新/手机相关/华为2.jpg,1,1.0,visual_0825_source_crosschecked
20260825-a693941c7daf4b51aa57-01,2026-08-25,手机,device,华为,荣耀X系列,荣耀X40,RMO-AN00,荣耀X40,开机坏配件,/,CNY/台,,image,华为2.jpg,数码网报价单-0825更新/手机相关/华为2.jpg,1,1.0,visual_0825_source_crosschecked
20260825-aa7b60dbc57466436698-01,2026-08-25,手机,device,华为,荣耀X系列,荣耀X40,RMO-AN00,荣耀X40,不开机,230,CNY/台,,image,华为2.jpg,数码网报价单-0825更新/手机相关/华为2.jpg,1,1.0,visual_0825_source_crosschecked
20260825-4dc78ca51cb34904d3b5-01,2026-08-25,手机,device,华为,荣耀X系列,荣耀X40,RMO-AN00,荣耀X40,废板·整机,230,CNY/台,,image,华为2.jpg,数码网报价单-0825更新/手机相关/华为2.jpg,1,1.0,visual_0825_source_crosschecked
20260825-8f3662695bde13d06b55-01,2026-08-25,手机,device,华为,荣耀X系列,荣耀X40,RMO-AN00,荣耀X40,统货,/,CNY/台,,image,华为2.jpg,数码网报价单-0825更新/手机相关/华为2.jpg,1,1.0,visual_0825_source_crosschecked
20260825-a0911cf8516aff338315-01,2026-08-25,手机,device,华为,荣耀X系列,荣耀X30 Max,KKG-AN70,荣耀X30 Max,开机靓好,170,CNY/台,,image,华为2.jpg,数码网报价单-0825更新/手机相关/华为2.jpg,1,1.0,visual_0825_source_crosschecked
20260825-2e97af632137fa80886b-01,2026-08-25,手机,device,华为,荣耀X系列,荣耀X30 Max,KKG-AN70,荣耀X30 Max,开机好碎,170,CNY/台,,image,华为2.jpg,数码网报价单-0825更新/手机相关/华为2.jpg,1,1.0,visual_0825_source_crosschecked
20260825-3b9af59a0fe5830aae51-01,2026-08-25,手机,device,华为,荣耀X系列,荣耀X30 Max,KKG-AN70,荣耀X30 Max,开机碎屏,170,CNY/台,,image,华为2.jpg,数码网报价单-0825更新/手机相关/华为2.jpg,1,1.0,visual_0825_source_crosschecked
20260825-731c8529977bb7f8ad52-01,2026-08-25,手机,device,华为,荣耀X系列,荣耀X30 Max,KKG-AN70,荣耀X30 Max,开机坏配件,/,CNY/台,,image,华为2.jpg,数码网报价单-0825更新/手机相关/华为2.jpg,1,1.0,visual_0825_source_crosschecked
20260825-2749d0231d3c302be6e0-01,2026-08-25,手机,device,华为,荣耀X系列,荣耀X30 Max,KKG-AN70,荣耀X30 Max,不开机,170,CNY/台,,image,华为2.jpg,数码网报价单-0825更新/手机相关/华为2.jpg,1,1.0,visual_0825_source_crosschecked
20260825-83d99e992428e0fc65f5-01,2026-08-25,手机,device,华为,荣耀X系列,荣耀X30 Max,KKG-AN70,荣耀X30 Max,废板·整机,170,CNY/台,,image,华为2.jpg,数码网报价单-0825更新/手机相关/华为2.jpg,1,1.0,visual_0825_source_crosschecked
20260825-56e7d63a5999b5eb0e98-01,2026-08-25,手机,device,华为,荣耀X系列,荣耀X30 Max,KKG-AN70,荣耀X30 Max,统货,/,CNY/台,,image,华为2.jpg,数码网报价单-0825更新/手机相关/华为2.jpg,1,1.0,visual_0825_source_crosschecked
20260825-06294ec905ea0b3aa374-01,2026-08-25,手机,device,华为,荣耀X系列,荣耀X30 (8+256),ANY-AN00,荣耀X30 (8+256),开机靓好,220,CNY/台,,image,华为2.jpg,数码网报价单-0825更新/手机相关/华为2.jpg,1,1.0,visual_0825_source_crosschecked
20260825-99309da6c2fee2a1f6fe-01,2026-08-25,手机,device,华为,荣耀X系列,荣耀X30 (8+256),ANY-AN00,荣耀X30 (8+256),开机好碎,220,CNY/台,,image,华为2.jpg,数码网报价单-0825更新/手机相关/华为2.jpg,1,1.0,visual_0825_source_crosschecked
20260825-b16252cbc6b38ab67179-01,2026-08-25,手机,device,华为,荣耀X系列,荣耀X30 (8+256),ANY-AN00,荣耀X30 (8+256),开机碎屏,220,CNY/台,,image,华为2.jpg,数码网报价单-0825更新/手机相关/华为2.jpg,1,1.0,visual_0825_source_crosschecked
20260825-458180bac9893d3e850b-01,2026-08-25,手机,device,华为,荣耀X系列,荣耀X30 (8+256),ANY-AN00,荣耀X30 (8+256),开机坏配件,/,CNY/台,,image,华为2.jpg,数码网报价单-0825更新/手机相关/华为2.jpg,1,1.0,visual_0825_source_crosschecked
20260825-f947ce11f741e5d4ce54-01,2026-08-25,手机,device,华为,荣耀X系列,荣耀X30 (8+256),ANY-AN00,荣耀X30 (8+256),不开机,220,CNY/台,,image,华为2.jpg,数码网报价单-0825更新/手机相关/华为2.jpg,1,1.0,visual_0825_source_crosschecked
20260825-f38ac5e5e0aceb52683c-01,2026-08-25,手机,device,华为,荣耀X系列,荣耀X30 (8+256),ANY-AN00,荣耀X30 (8+256),废板·整机,220,CNY/台,,image,华为2.jpg,数码网报价单-0825更新/手机相关/华为2.jpg,1,1.0,visual_0825_source_crosschecked
20260825-7ebbf84114a66978078e-01,2026-08-25,手机,device,华为,荣耀X系列,荣耀X30 (8+256),ANY-AN00,荣耀X30 (8+256),统货,/,CNY/台,,image,华为2.jpg,数码网报价单-0825更新/手机相关/华为2.jpg,1,1.0,visual_0825_source_crosschecked
20260825-4b37ceabf9134701d481-01,2026-08-25,手机,device,华为,荣耀X系列,荣耀X30 (8+128),ANY-AN00,荣耀X30 (8+128),开机靓好,170,CNY/台,,image,华为2.jpg,数码网报价单-0825更新/手机相关/华为2.jpg,1,1.0,visual_0825_source_crosschecked
20260825-152b585426bc4fbea7b9-01,2026-08-25,手机,device,华为,荣耀X系列,荣耀X30 (8+128),ANY-AN00,荣耀X30 (8+128),开机好碎,170,CNY/台,,image,华为2.jpg,数码网报价单-0825更新/手机相关/华为2.jpg,1,1.0,visual_0825_source_crosschecked
20260825-1cf22cd6ea365bc07143-01,2026-08-25,手机,device,华为,荣耀X系列,荣耀X30 (8+128),ANY-AN00,荣耀X30 (8+128),开机碎屏,170,CNY/台,,image,华为2.jpg,数码网报价单-0825更新/手机相关/华为2.jpg,1,1.0,visual_0825_source_crosschecked
20260825-679da50c9bbed2e53dca-01,2026-08-25,手机,device,华为,荣耀X系列,荣耀X30 (8+128),ANY-AN00,荣耀X30 (8+128),开机坏配件,/,CNY/台,,image,华为2.jpg,数码网报价单-0825更新/手机相关/华为2.jpg,1,1.0,visual_0825_source_crosschecked
20260825-6a8da08eb43db1775a20-01,2026-08-25,手机,device,华为,荣耀X系列,荣耀X30 (8+128),ANY-AN00,荣耀X30 (8+128),不开机,170,CNY/台,,image,华为2.jpg,数码网报价单-0825更新/手机相关/华为2.jpg,1,1.0,visual_0825_source_crosschecked
20260825-94fa54ab6d51d6cb1d68-01,2026-08-25,手机,device,华为,荣耀X系列,荣耀X30 (8+128),ANY-AN00,荣耀X30 (8+128),废板·整机,170,CNY/台,,image,华为2.jpg,数码网报价单-0825更新/手机相关/华为2.jpg,1,1.0,visual_0825_source_crosschecked
20260825-2efcc245bcc85cfd3b1a-01,2026-08-25,手机,device,华为,荣耀X系列,荣耀X30 (8+128),ANY-AN00,荣耀X30 (8+128),统货,/,CNY/台,,image,华为2.jpg,数码网报价单-0825更新/手机相关/华为2.jpg,1,1.0,visual_0825_source_crosschecked
20260825-aca023d2fa4d1c95c96f-01,2026-08-25,手机,device,华为,荣耀X系列,荣耀X20,CHL-AN00,荣耀X20,开机靓好,170,CNY/台,,image,华为2.jpg,数码网报价单-0825更新/手机相关/华为2.jpg,1,1.0,visual_0825_source_crosschecked
20260825-74eee0e7f46252c293c2-01,2026-08-25,手机,device,华为,荣耀X系列,荣耀X20,CHL-AN00,荣耀X20,开机好碎,170,CNY/台,,image,华为2.jpg,数码网报价单-0825更新/手机相关/华为2.jpg,1,1.0,visual_0825_source_crosschecked
20260825-7467ce41cf4c8fe9c413-01,2026-08-25,手机,device,华为,荣耀X系列,荣耀X20,CHL-AN00,荣耀X20,开机碎屏,170,CNY/台,,image,华为2.jpg,数码网报价单-0825更新/手机相关/华为2.jpg,1,1.0,visual_0825_source_crosschecked
20260825-55762af5da8f1e263579-01,2026-08-25,手机,device,华为,荣耀X系列,荣耀X20,CHL-AN00,荣耀X20,开机坏配件,/,CNY/台,,image,华为2.jpg,数码网报价单-0825更新/手机相关/华为2.jpg,1,1.0,visual_0825_source_crosschecked
20260825-058dd787a9f5af9b0c95-01,2026-08-25,手机,device,华为,荣耀X系列,荣耀X20,CHL-AN00,荣耀X20,不开机,170,CNY/台,,image,华为2.jpg,数码网报价单-0825更新/手机相关/华为2.jpg,1,1.0,visual_0825_source_crosschecked
20260825-3a6fc3df512fa82a2c47-01,2026-08-25,手机,device,华为,荣耀X系列,荣耀X20,CHL-AN00,荣耀X20,废板·整机,170,CNY/台,,image,华为2.jpg,数码网报价单-0825更新/手机相关/华为2.jpg,1,1.0,visual_0825_source_crosschecked
20260825-d430b7a78d0fe99eba54-01,2026-08-25,手机,device,华为,荣耀X系列,荣耀X20,CHL-AN00,荣耀X20,统货,/,CNY/台,,image,华为2.jpg,数码网报价单-0825更新/手机相关/华为2.jpg,1,1.0,visual_0825_source_crosschecked
20260825-c7880b84385a9f2ae2fa-01,2026-08-25,手机,device,华为,荣耀X系列,荣耀X10 (8+128),TEL-AN00,荣耀X10 (8+128),开机靓好,170,CNY/台,,image,华为2.jpg,数码网报价单-0825更新/手机相关/华为2.jpg,1,1.0,visual_0825_source_crosschecked
20260825-b905071e153fcac5f685-01,2026-08-25,手机,device,华为,荣耀X系列,荣耀X10 (8+128),TEL-AN00,荣耀X10 (8+128),开机好碎,170,CNY/台,,image,华为2.jpg,数码网报价单-0825更新/手机相关/华为2.jpg,1,1.0,visual_0825_source_crosschecked
20260825-62d8ada2d06bf87a9765-01,2026-08-25,手机,device,华为,荣耀X系列,荣耀X10 (8+128),TEL-AN00,荣耀X10 (8+128),开机碎屏,170,CNY/台,,image,华为2.jpg,数码网报价单-0825更新/手机相关/华为2.jpg,1,1.0,visual_0825_source_crosschecked
20260825-b7776faf27670fb217f6-01,2026-08-25,手机,device,华为,荣耀X系列,荣耀X10 (8+128),TEL-AN00,荣耀X10 (8+128),开机坏配件,/,CNY/台,,image,华为2.jpg,数码网报价单-0825更新/手机相关/华为2.jpg,1,1.0,visual_0825_source_crosschecked
20260825-58904dfadfde1d499714-01,2026-08-25,手机,device,华为,荣耀X系列,荣耀X10 (8+128),TEL-AN00,荣耀X10 (8+128),不开机,170,CNY/台,,image,华为2.jpg,数码网报价单-0825更新/手机相关/华为2.jpg,1,1.0,visual_0825_source_crosschecked
20260825-f579584a3b9e533fdcd6-01,2026-08-25,手机,device,华为,荣耀X系列,荣耀X10 (8+128),TEL-AN00,荣耀X10 (8+128),废板·整机,170,CNY/台,,image,华为2.jpg,数码网报价单-0825更新/手机相关/华为2.jpg,1,1.0,visual_0825_source_crosschecked
20260825-18d8bddee238da4ad4f3-01,2026-08-25,手机,device,华为,荣耀X系列,荣耀X10 (8+128),TEL-AN00,荣耀X10 (8+128),统货,/,CNY/台,,image,华为2.jpg,数码网报价单-0825更新/手机相关/华为2.jpg,1,1.0,visual_0825_source_crosschecked
20260825-4dd78ee8cacbebcc077b-01,2026-08-25,手机,device,华为,荣耀X系列,荣耀9X (6+128),HLK-AL00,荣耀9X (6+128),开机靓好,135,CNY/台,,image,华为2.jpg,数码网报价单-0825更新/手机相关/华为2.jpg,1,1.0,visual_0825_source_crosschecked
20260825-f72bf21c33c96c820704-01,2026-08-25,手机,device,华为,荣耀X系列,荣耀9X (6+128),HLK-AL00,荣耀9X (6+128),开机好碎,135,CNY/台,,image,华为2.jpg,数码网报价单-0825更新/手机相关/华为2.jpg,1,1.0,visual_0825_source_crosschecked
20260825-c591839c2b3ff5c27ba5-01,2026-08-25,手机,device,华为,荣耀X系列,荣耀9X (6+128),HLK-AL00,荣耀9X (6+128),开机碎屏,135,CNY/台,,image,华为2.jpg,数码网报价单-0825更新/手机相关/华为2.jpg,1,1.0,visual_0825_source_crosschecked
20260825-99687d0cfa4e6415cf1b-01,2026-08-25,手机,device,华为,荣耀X系列,荣耀9X (6+128),HLK-AL00,荣耀9X (6+128),开机坏配件,135,CNY/台,,image,华为2.jpg,数码网报价单-0825更新/手机相关/华为2.jpg,1,1.0,visual_0825_source_crosschecked
20260825-9428e752bc90ace0047c-01,2026-08-25,手机,device,华为,荣耀X系列,荣耀9X (6+128),HLK-AL00,荣耀9X (6+128),不开机,135,CNY/台,,image,华为2.jpg,数码网报价单-0825更新/手机相关/华为2.jpg,1,1.0,visual_0825_source_crosschecked
20260825-e6e2e7bd1352b06e8b2e-01,2026-08-25,手机,device,华为,荣耀X系列,荣耀9X (6+128),HLK-AL00,荣耀9X (6+128),废板·整机,135,CNY/台,,image,华为2.jpg,数码网报价单-0825更新/手机相关/华为2.jpg,1,1.0,visual_0825_source_crosschecked
20260825-1689941ccfc11b58621e-01,2026-08-25,手机,device,华为,荣耀X系列,荣耀9X (6+128),HLK-AL00,荣耀9X (6+128),统货,主板小板短板统,CNY/台,,image,华为2.jpg,数码网报价单-0825更新/手机相关/华为2.jpg,1,1.0,visual_0825_source_crosschecked
20260825-dd22f7e09f3636cc70d3-01,2026-08-25,手机,device,华为,荣耀X系列,荣耀8X,JSN-AL00,荣耀8X,开机靓好,100,CNY/台,,image,华为2.jpg,数码网报价单-0825更新/手机相关/华为2.jpg,1,1.0,visual_0825_source_crosschecked
20260825-96a73ce07d4a62129c82-01,2026-08-25,手机,device,华为,荣耀X系列,荣耀8X,JSN-AL00,荣耀8X,开机好碎,100,CNY/台,,image,华为2.jpg,数码网报价单-0825更新/手机相关/华为2.jpg,1,1.0,visual_0825_source_crosschecked
20260825-e75d6c2fca3d9b6ac31b-01,2026-08-25,手机,device,华为,荣耀X系列,荣耀8X,JSN-AL00,荣耀8X,开机碎屏,100,CNY/台,,image,华为2.jpg,数码网报价单-0825更新/手机相关/华为2.jpg,1,1.0,visual_0825_source_crosschecked
20260825-e2e6221d3ce7c7da59f9-01,2026-08-25,手机,device,华为,荣耀X系列,荣耀8X,JSN-AL00,荣耀8X,开机坏配件,100,CNY/台,,image,华为2.jpg,数码网报价单-0825更新/手机相关/华为2.jpg,1,1.0,visual_0825_source_crosschecked
20260825-d1a1273cf7da5c131957-01,2026-08-25,手机,device,华为,荣耀X系列,荣耀8X,JSN-AL00,荣耀8X,不开机,100,CNY/台,,image,华为2.jpg,数码网报价单-0825更新/手机相关/华为2.jpg,1,1.0,visual_0825_source_crosschecked
20260825-36559a6d0b7a6ff764e3-01,2026-08-25,手机,device,华为,荣耀X系列,荣耀8X,JSN-AL00,荣耀8X,废板·整机,100,CNY/台,,image,华为2.jpg,数码网报价单-0825更新/手机相关/华为2.jpg,1,1.0,visual_0825_source_crosschecked
20260825-6bca8383d1eb5682e342-01,2026-08-25,手机,device,华为,荣耀X系列,荣耀8X,JSN-AL00,荣耀8X,统货,主板小板短板C,CNY/台,,image,华为2.jpg,数码网报价单-0825更新/手机相关/华为2.jpg,1,1.0,visual_0825_source_crosschecked
20260825-3ca9f73c0b60417187af-01,2026-08-25,手机,device,华为,荣耀X系列,荣耀7X,BND-AL10,荣耀7X,开机靓好,65,CNY/台,,image,华为2.jpg,数码网报价单-0825更新/手机相关/华为2.jpg,1,1.0,visual_0825_source_crosschecked
20260825-c13711c3bbf34a080e9b-01,2026-08-25,手机,device,华为,荣耀X系列,荣耀7X,BND-AL10,荣耀7X,开机好碎,65,CNY/台,,image,华为2.jpg,数码网报价单-0825更新/手机相关/华为2.jpg,1,1.0,visual_0825_source_crosschecked
20260825-a0fa956529c20249e500-01,2026-08-25,手机,device,华为,荣耀X系列,荣耀7X,BND-AL10,荣耀7X,开机碎屏,65,CNY/台,,image,华为2.jpg,数码网报价单-0825更新/手机相关/华为2.jpg,1,1.0,visual_0825_source_crosschecked
20260825-666e53653cf9f87c7fb5-01,2026-08-25,手机,device,华为,荣耀X系列,荣耀7X,BND-AL10,荣耀7X,开机坏配件,65,CNY/台,,image,华为2.jpg,数码网报价单-0825更新/手机相关/华为2.jpg,1,1.0,visual_0825_source_crosschecked
20260825-b9fa87788e6792c038a0-01,2026-08-25,手机,device,华为,荣耀X系列,荣耀7X,BND-AL10,荣耀7X,不开机,65,CNY/台,,image,华为2.jpg,数码网报价单-0825更新/手机相关/华为2.jpg,1,1.0,visual_0825_source_crosschecked
20260825-6317019608eefbcb50cd-01,2026-08-25,手机,device,华为,荣耀X系列,荣耀7X,BND-AL10,荣耀7X,废板·整机,65,CNY/台,,image,华为2.jpg,数码网报价单-0825更新/手机相关/华为2.jpg,1,1.0,visual_0825_source_crosschecked
20260825-dee5c267ac4dc434b728-01,2026-08-25,手机,device,华为,荣耀X系列,荣耀7X,BND-AL10,荣耀7X,统货,/,CNY/台,,image,华为2.jpg,数码网报价单-0825更新/手机相关/华为2.jpg,1,1.0,visual_0825_source_crosschecked
20260825-e3cbe791c3ab7694804d-01,2026-08-25,手机,device,华为,荣耀Play系列,荣耀Play9T,LLY-AN00,荣耀Play9T,开机靓好,230,CNY/台,,image,华为2.jpg,数码网报价单-0825更新/手机相关/华为2.jpg,1,1.0,visual_0825_source_crosschecked
20260825-66ce33ce96862ab03e80-01,2026-08-25,手机,device,华为,荣耀Play系列,荣耀Play9T,LLY-AN00,荣耀Play9T,开机好碎,230,CNY/台,,image,华为2.jpg,数码网报价单-0825更新/手机相关/华为2.jpg,1,1.0,visual_0825_source_crosschecked
20260825-5f762fcbaf21c7ecb9ed-01,2026-08-25,手机,device,华为,荣耀Play系列,荣耀Play9T,LLY-AN00,荣耀Play9T,开机碎屏,230,CNY/台,,image,华为2.jpg,数码网报价单-0825更新/手机相关/华为2.jpg,1,1.0,visual_0825_source_crosschecked
20260825-18ec4e6869d65fd9f559-01,2026-08-25,手机,device,华为,荣耀Play系列,荣耀Play9T,LLY-AN00,荣耀Play9T,开机坏配件,/,CNY/台,,image,华为2.jpg,数码网报价单-0825更新/手机相关/华为2.jpg,1,1.0,visual_0825_source_crosschecked
20260825-2460837d72c10a3a6fe2-01,2026-08-25,手机,device,华为,荣耀Play系列,荣耀Play9T,LLY-AN00,荣耀Play9T,不开机,150,CNY/台,,image,华为2.jpg,数码网报价单-0825更新/手机相关/华为2.jpg,1,1.0,visual_0825_source_crosschecked
20260825-c1b15d05bdc6bbeb72ce-01,2026-08-25,手机,device,华为,荣耀Play系列,荣耀Play9T,LLY-AN00,荣耀Play9T,废板·整机,150,CNY/台,,image,华为2.jpg,数码网报价单-0825更新/手机相关/华为2.jpg,1,1.0,visual_0825_source_crosschecked
20260825-47f044b5d18227d93ccd-01,2026-08-25,手机,device,华为,荣耀Play系列,荣耀Play9T,LLY-AN00,荣耀Play9T,统货,/,CNY/台,,image,华为2.jpg,数码网报价单-0825更新/手机相关/华为2.jpg,1,1.0,visual_0825_source_crosschecked
20260825-622710d210ea59ba8a96-01,2026-08-25,手机,device,华为,荣耀Play系列,荣耀Play8T,CLK-AN00,荣耀Play8T,开机靓好,160,CNY/台,,image,华为2.jpg,数码网报价单-0825更新/手机相关/华为2.jpg,1,1.0,visual_0825_source_crosschecked
20260825-9c207c5a64ca030d755a-01,2026-08-25,手机,device,华为,荣耀Play系列,荣耀Play8T,CLK-AN00,荣耀Play8T,开机好碎,160,CNY/台,,image,华为2.jpg,数码网报价单-0825更新/手机相关/华为2.jpg,1,1.0,visual_0825_source_crosschecked
20260825-7f8212ead8a2dae41fb8-01,2026-08-25,手机,device,华为,荣耀Play系列,荣耀Play8T,CLK-AN00,荣耀Play8T,开机碎屏,160,CNY/台,,image,华为2.jpg,数码网报价单-0825更新/手机相关/华为2.jpg,1,1.0,visual_0825_source_crosschecked
20260825-ab541b828e2da2089481-01,2026-08-25,手机,device,华为,荣耀Play系列,荣耀Play8T,CLK-AN00,荣耀Play8T,开机坏配件,/,CNY/台,,image,华为2.jpg,数码网报价单-0825更新/手机相关/华为2.jpg,1,1.0,visual_0825_source_crosschecked
20260825-2ee007c1a37389c34775-01,2026-08-25,手机,device,华为,荣耀Play系列,荣耀Play8T,CLK-AN00,荣耀Play8T,不开机,160,CNY/台,,image,华为2.jpg,数码网报价单-0825更新/手机相关/华为2.jpg,1,1.0,visual_0825_source_crosschecked
20260825-d638daacccc02b47550c-01,2026-08-25,手机,device,华为,荣耀Play系列,荣耀Play8T,CLK-AN00,荣耀Play8T,废板·整机,160,CNY/台,,image,华为2.jpg,数码网报价单-0825更新/手机相关/华为2.jpg,1,1.0,visual_0825_source_crosschecked
20260825-68ae900aa127ea6b3045-01,2026-08-25,手机,device,华为,荣耀Play系列,荣耀Play8T,CLK-AN00,荣耀Play8T,统货,/,CNY/台,,image,华为2.jpg,数码网报价单-0825更新/手机相关/华为2.jpg,1,1.0,visual_0825_source_crosschecked
20260825-d4b57512f01df4e7332f-01,2026-08-25,手机,device,华为,荣耀Play系列,荣耀Play7T,DID-AN00,荣耀Play7T,开机靓好,160,CNY/台,,image,华为2.jpg,数码网报价单-0825更新/手机相关/华为2.jpg,1,1.0,visual_0825_source_crosschecked
20260825-4e98aa517eeb7afc8a78-01,2026-08-25,手机,device,华为,荣耀Play系列,荣耀Play7T,DID-AN00,荣耀Play7T,开机好碎,160,CNY/台,,image,华为2.jpg,数码网报价单-0825更新/手机相关/华为2.jpg,1,1.0,visual_0825_source_crosschecked
20260825-da7d7000a858eefcc076-01,2026-08-25,手机,device,华为,荣耀Play系列,荣耀Play7T,DID-AN00,荣耀Play7T,开机碎屏,160,CNY/台,,image,华为2.jpg,数码网报价单-0825更新/手机相关/华为2.jpg,1,1.0,visual_0825_source_crosschecked
20260825-b969abea4d39ccf4d091-01,2026-08-25,手机,device,华为,荣耀Play系列,荣耀Play7T,DID-AN00,荣耀Play7T,开机坏配件,/,CNY/台,,image,华为2.jpg,数码网报价单-0825更新/手机相关/华为2.jpg,1,1.0,visual_0825_source_crosschecked
20260825-50d22140e710730392e1-01,2026-08-25,手机,device,华为,荣耀Play系列,荣耀Play7T,DID-AN00,荣耀Play7T,不开机,160,CNY/台,,image,华为2.jpg,数码网报价单-0825更新/手机相关/华为2.jpg,1,1.0,visual_0825_source_crosschecked
20260825-6be65d81f85c9cc5a8e4-01,2026-08-25,手机,device,华为,荣耀Play系列,荣耀Play7T,DID-AN00,荣耀Play7T,废板·整机,160,CNY/台,,image,华为2.jpg,数码网报价单-0825更新/手机相关/华为2.jpg,1,1.0,visual_0825_source_crosschecked
20260825-7f19166d32abc16f87de-01,2026-08-25,手机,device,华为,荣耀Play系列,荣耀Play7T,DID-AN00,荣耀Play7T,统货,/,CNY/台,,image,华为2.jpg,数码网报价单-0825更新/手机相关/华为2.jpg,1,1.0,visual_0825_source_crosschecked
20260825-97a23fdaba20423e59e8-01,2026-08-25,手机,device,华为,荣耀Play系列,荣耀Play6T,TNY-AN00,荣耀Play6T,开机靓好,140,CNY/台,,image,华为2.jpg,数码网报价单-0825更新/手机相关/华为2.jpg,1,1.0,visual_0825_source_crosschecked
20260825-d9c097345b04a9e5b24e-01,2026-08-25,手机,device,华为,荣耀Play系列,荣耀Play6T,TNY-AN00,荣耀Play6T,开机好碎,140,CNY/台,,image,华为2.jpg,数码网报价单-0825更新/手机相关/华为2.jpg,1,1.0,visual_0825_source_crosschecked
20260825-b388b1390be859a44dc3-01,2026-08-25,手机,device,华为,荣耀Play系列,荣耀Play6T,TNY-AN00,荣耀Play6T,开机碎屏,140,CNY/台,,image,华为2.jpg,数码网报价单-0825更新/手机相关/华为2.jpg,1,1.0,visual_0825_source_crosschecked
20260825-d0f5f1af2950dd4789de-01,2026-08-25,手机,device,华为,荣耀Play系列,荣耀Play6T,TNY-AN00,荣耀Play6T,开机坏配件,/,CNY/台,,image,华为2.jpg,数码网报价单-0825更新/手机相关/华为2.jpg,1,1.0,visual_0825_source_crosschecked
20260825-30ac54f77d172d52dadd-01,2026-08-25,手机,device,华为,荣耀Play系列,荣耀Play6T,TNY-AN00,荣耀Play6T,不开机,140,CNY/台,,image,华为2.jpg,数码网报价单-0825更新/手机相关/华为2.jpg,1,1.0,visual_0825_source_crosschecked
20260825-57bfc8ff01573164ee81-01,2026-08-25,手机,device,华为,荣耀Play系列,荣耀Play6T,TNY-AN00,荣耀Play6T,废板·整机,140,CNY/台,,image,华为2.jpg,数码网报价单-0825更新/手机相关/华为2.jpg,1,1.0,visual_0825_source_crosschecked
20260825-7695170e87dd1c4f0ee6-01,2026-08-25,手机,device,华为,荣耀Play系列,荣耀Play6T,TNY-AN00,荣耀Play6T,统货,/,CNY/台,,image,华为2.jpg,数码网报价单-0825更新/手机相关/华为2.jpg,1,1.0,visual_0825_source_crosschecked
20260825-9cd3daaf8f5abd141cb4-01,2026-08-25,手机,device,华为,荣耀Play系列,荣耀Play5,CMA-AL00,荣耀Play5,开机靓好,165,CNY/台,,image,华为2.jpg,数码网报价单-0825更新/手机相关/华为2.jpg,1,1.0,visual_0825_source_crosschecked
20260825-934fb75ebded88f36713-01,2026-08-25,手机,device,华为,荣耀Play系列,荣耀Play5,CMA-AL00,荣耀Play5,开机好碎,165,CNY/台,,image,华为2.jpg,数码网报价单-0825更新/手机相关/华为2.jpg,1,1.0,visual_0825_source_crosschecked
20260825-6b28826d4406f2cbf398-01,2026-08-25,手机,device,华为,荣耀Play系列,荣耀Play5,CMA-AL00,荣耀Play5,开机碎屏,165,CNY/台,,image,华为2.jpg,数码网报价单-0825更新/手机相关/华为2.jpg,1,1.0,visual_0825_source_crosschecked
20260825-4b893b9d8580cc17fd5d-01,2026-08-25,手机,device,华为,荣耀Play系列,荣耀Play5,CMA-AL00,荣耀Play5,开机坏配件,/,CNY/台,,image,华为2.jpg,数码网报价单-0825更新/手机相关/华为2.jpg,1,1.0,visual_0825_source_crosschecked
20260825-55555dd756721c9538bd-01,2026-08-25,手机,device,华为,荣耀Play系列,荣耀Play5,CMA-AL00,荣耀Play5,不开机,165,CNY/台,,image,华为2.jpg,数码网报价单-0825更新/手机相关/华为2.jpg,1,1.0,visual_0825_source_crosschecked
20260825-463101c677389ab8d2cc-01,2026-08-25,手机,device,华为,荣耀Play系列,荣耀Play5,CMA-AL00,荣耀Play5,废板·整机,165,CNY/台,,image,华为2.jpg,数码网报价单-0825更新/手机相关/华为2.jpg,1,1.0,visual_0825_source_crosschecked
20260825-30e3d82c7fc4498943b7-01,2026-08-25,手机,device,华为,荣耀Play系列,荣耀Play5,CMA-AL00,荣耀Play5,统货,/,CNY/台,,image,华为2.jpg,数码网报价单-0825更新/手机相关/华为2.jpg,1,1.0,visual_0825_source_crosschecked
20260825-702e32129cddfa660a10-01,2026-08-25,手机,device,华为,荣耀Play系列,荣耀Play4 Pro,OXF-AN10,荣耀Play4 Pro,开机靓好,135,CNY/台,,image,华为2.jpg,数码网报价单-0825更新/手机相关/华为2.jpg,1,1.0,visual_0825_source_crosschecked
20260825-0af134d36ef0c3f185f7-01,2026-08-25,手机,device,华为,荣耀Play系列,荣耀Play4 Pro,OXF-AN10,荣耀Play4 Pro,开机好碎,135,CNY/台,,image,华为2.jpg,数码网报价单-0825更新/手机相关/华为2.jpg,1,1.0,visual_0825_source_crosschecked
20260825-1de2c741449f219ceda7-01,2026-08-25,手机,device,华为,荣耀Play系列,荣耀Play4 Pro,OXF-AN10,荣耀Play4 Pro,开机碎屏,135,CNY/台,,image,华为2.jpg,数码网报价单-0825更新/手机相关/华为2.jpg,1,1.0,visual_0825_source_crosschecked
20260825-8e6476bd6d1306023ef9-01,2026-08-25,手机,device,华为,荣耀Play系列,荣耀Play4 Pro,OXF-AN10,荣耀Play4 Pro,开机坏配件,135,CNY/台,,image,华为2.jpg,数码网报价单-0825更新/手机相关/华为2.jpg,1,1.0,visual_0825_source_crosschecked
20260825-453f4f075b77c5e912fb-01,2026-08-25,手机,device,华为,荣耀Play系列,荣耀Play4 Pro,OXF-AN10,荣耀Play4 Pro,不开机,135,CNY/台,,image,华为2.jpg,数码网报价单-0825更新/手机相关/华为2.jpg,1,1.0,visual_0825_source_crosschecked
20260825-140ce7ff641bf1b8c6d9-01,2026-08-25,手机,device,华为,荣耀Play系列,荣耀Play4 Pro,OXF-AN10,荣耀Play4 Pro,废板·整机,135,CNY/台,,image,华为2.jpg,数码网报价单-0825更新/手机相关/华为2.jpg,1,1.0,visual_0825_source_crosschecked
20260825-f0bfe83efac69885fcf8-01,2026-08-25,手机,device,华为,荣耀Play系列,荣耀Play4 Pro,OXF-AN10,荣耀Play4 Pro,统货,开机芯片统货无破损,CNY/台,,image,华为2.jpg,数码网报价单-0825更新/手机相关/华为2.jpg,1,1.0,visual_0825_source_crosschecked
20260825-37a68a4a71e339fdd829-01,2026-08-25,手机,device,华为,荣耀Play系列,荣耀Play3,ASK-AL00,荣耀Play3,开机靓好,80,CNY/台,,image,华为2.jpg,数码网报价单-0825更新/手机相关/华为2.jpg,1,1.0,visual_0825_source_crosschecked
20260825-41e2afb3b0c04a818ebd-01,2026-08-25,手机,device,华为,荣耀Play系列,荣耀Play3,ASK-AL00,荣耀Play3,开机好碎,80,CNY/台,,image,华为2.jpg,数码网报价单-0825更新/手机相关/华为2.jpg,1,1.0,visual_0825_source_crosschecked
20260825-726932e68cadcd277c31-01,2026-08-25,手机,device,华为,荣耀Play系列,荣耀Play3,ASK-AL00,荣耀Play3,开机碎屏,80,CNY/台,,image,华为2.jpg,数码网报价单-0825更新/手机相关/华为2.jpg,1,1.0,visual_0825_source_crosschecked
20260825-93658ee6549da75ff44d-01,2026-08-25,手机,device,华为,荣耀Play系列,荣耀Play3,ASK-AL00,荣耀Play3,开机坏配件,80,CNY/台,,image,华为2.jpg,数码网报价单-0825更新/手机相关/华为2.jpg,1,1.0,visual_0825_source_crosschecked
20260825-2ff9823a51f44ac5ddfe-01,2026-08-25,手机,device,华为,荣耀Play系列,荣耀Play3,ASK-AL00,荣耀Play3,不开机,80,CNY/台,,image,华为2.jpg,数码网报价单-0825更新/手机相关/华为2.jpg,1,1.0,visual_0825_source_crosschecked
20260825-3e17f0d613b401401c6f-01,2026-08-25,手机,device,华为,荣耀Play系列,荣耀Play3,ASK-AL00,荣耀Play3,废板·整机,45,CNY/台,,image,华为2.jpg,数码网报价单-0825更新/手机相关/华为2.jpg,1,1.0,visual_0825_source_crosschecked
20260825-bc52eb463669ad02c967-01,2026-08-25,手机,device,华为,荣耀Play系列,荣耀Play3,ASK-AL00,荣耀Play3,统货,/,CNY/台,,image,华为2.jpg,数码网报价单-0825更新/手机相关/华为2.jpg,1,1.0,visual_0825_source_crosschecked
20260825-5ec5efac9376db993c49-01,2026-08-25,手机,device,华为,荣耀畅玩系列,畅玩50 Plus,CLK-AN00,畅玩50 Plus,开机靓好,165,CNY/台,,image,华为2.jpg,数码网报价单-0825更新/手机相关/华为2.jpg,1,1.0,visual_0825_source_crosschecked
20260825-709d5d746a73f5095ceb-01,2026-08-25,手机,device,华为,荣耀畅玩系列,畅玩50 Plus,CLK-AN00,畅玩50 Plus,开机好碎,165,CNY/台,,image,华为2.jpg,数码网报价单-0825更新/手机相关/华为2.jpg,1,1.0,visual_0825_source_crosschecked
20260825-33b044811e61bba418b0-01,2026-08-25,手机,device,华为,荣耀畅玩系列,畅玩50 Plus,CLK-AN00,畅玩50 Plus,开机碎屏,165,CNY/台,,image,华为2.jpg,数码网报价单-0825更新/手机相关/华为2.jpg,1,1.0,visual_0825_source_crosschecked
20260825-7f095971267aeafc8640-01,2026-08-25,手机,device,华为,荣耀畅玩系列,畅玩50 Plus,CLK-AN00,畅玩50 Plus,开机坏配件,/,CNY/台,,image,华为2.jpg,数码网报价单-0825更新/手机相关/华为2.jpg,1,1.0,visual_0825_source_crosschecked
20260825-49ca5635564e795f7a5a-01,2026-08-25,手机,device,华为,荣耀畅玩系列,畅玩50 Plus,CLK-AN00,畅玩50 Plus,不开机,165,CNY/台,,image,华为2.jpg,数码网报价单-0825更新/手机相关/华为2.jpg,1,1.0,visual_0825_source_crosschecked
20260825-40cacad6931f090a93cf-01,2026-08-25,手机,device,华为,荣耀畅玩系列,畅玩50 Plus,CLK-AN00,畅玩50 Plus,废板·整机,165,CNY/台,,image,华为2.jpg,数码网报价单-0825更新/手机相关/华为2.jpg,1,1.0,visual_0825_source_crosschecked
20260825-ab5badb248d20db11a3a-01,2026-08-25,手机,device,华为,荣耀畅玩系列,畅玩50 Plus,CLK-AN00,畅玩50 Plus,统货,/,CNY/台,,image,华为2.jpg,数码网报价单-0825更新/手机相关/华为2.jpg,1,1.0,visual_0825_source_crosschecked
20260825-dd9615a7420a4376a0ea-01,2026-08-25,手机,device,华为,荣耀畅玩系列,畅玩40,WKG-AN00,畅玩40,开机靓好,135,CNY/台,,image,华为2.jpg,数码网报价单-0825更新/手机相关/华为2.jpg,1,1.0,visual_0825_source_crosschecked
20260825-370378daffc16f8b6360-01,2026-08-25,手机,device,华为,荣耀畅玩系列,畅玩40,WKG-AN00,畅玩40,开机好碎,135,CNY/台,,image,华为2.jpg,数码网报价单-0825更新/手机相关/华为2.jpg,1,1.0,visual_0825_source_crosschecked
20260825-253c665db2ef3f2f1e0a-01,2026-08-25,手机,device,华为,荣耀畅玩系列,畅玩40,WKG-AN00,畅玩40,开机碎屏,135,CNY/台,,image,华为2.jpg,数码网报价单-0825更新/手机相关/华为2.jpg,1,1.0,visual_0825_source_crosschecked
20260825-ebef09a6041142c39d31-01,2026-08-25,手机,device,华为,荣耀畅玩系列,畅玩40,WKG-AN00,畅玩40,开机坏配件,/,CNY/台,,image,华为2.jpg,数码网报价单-0825更新/手机相关/华为2.jpg,1,1.0,visual_0825_source_crosschecked
20260825-d06c1f76bf157b862821-01,2026-08-25,手机,device,华为,荣耀畅玩系列,畅玩40,WKG-AN00,畅玩40,不开机,135,CNY/台,,image,华为2.jpg,数码网报价单-0825更新/手机相关/华为2.jpg,1,1.0,visual_0825_source_crosschecked
20260825-96e1d8015f4cda3ff29d-01,2026-08-25,手机,device,华为,荣耀畅玩系列,畅玩40,WKG-AN00,畅玩40,废板·整机,135,CNY/台,,image,华为2.jpg,数码网报价单-0825更新/手机相关/华为2.jpg,1,1.0,visual_0825_source_crosschecked
20260825-35e0efbf80018288ae52-01,2026-08-25,手机,device,华为,荣耀畅玩系列,畅玩40,WKG-AN00,畅玩40,统货,/,CNY/台,,image,华为2.jpg,数码网报价单-0825更新/手机相关/华为2.jpg,1,1.0,visual_0825_source_crosschecked
20260825-a2776a136f4a4088fff5-01,2026-08-25,手机,device,华为,荣耀畅玩系列,畅玩30,VNE-AN00,畅玩30,开机靓好,135,CNY/台,,image,华为2.jpg,数码网报价单-0825更新/手机相关/华为2.jpg,1,1.0,visual_0825_source_crosschecked
20260825-9ae0e8741f7c583049da-01,2026-08-25,手机,device,华为,荣耀畅玩系列,畅玩30,VNE-AN00,畅玩30,开机好碎,135,CNY/台,,image,华为2.jpg,数码网报价单-0825更新/手机相关/华为2.jpg,1,1.0,visual_0825_source_crosschecked
20260825-c3a0853cb27749df1452-01,2026-08-25,手机,device,华为,荣耀畅玩系列,畅玩30,VNE-AN00,畅玩30,开机碎屏,135,CNY/台,,image,华为2.jpg,数码网报价单-0825更新/手机相关/华为2.jpg,1,1.0,visual_0825_source_crosschecked
20260825-e5ac7a2035fe124bd77b-01,2026-08-25,手机,device,华为,荣耀畅玩系列,畅玩30,VNE-AN00,畅玩30,开机坏配件,/,CNY/台,,image,华为2.jpg,数码网报价单-0825更新/手机相关/华为2.jpg,1,1.0,visual_0825_source_crosschecked
20260825-4b9e0edba0ff6ba82f98-01,2026-08-25,手机,device,华为,荣耀畅玩系列,畅玩30,VNE-AN00,畅玩30,不开机,135,CNY/台,,image,华为2.jpg,数码网报价单-0825更新/手机相关/华为2.jpg,1,1.0,visual_0825_source_crosschecked
20260825-95019dbaef160c52ff70-01,2026-08-25,手机,device,华为,荣耀畅玩系列,畅玩30,VNE-AN00,畅玩30,废板·整机,135,CNY/台,,image,华为2.jpg,数码网报价单-0825更新/手机相关/华为2.jpg,1,1.0,visual_0825_source_crosschecked
20260825-cb52915beeb49032752c-01,2026-08-25,手机,device,华为,荣耀畅玩系列,畅玩30,VNE-AN00,畅玩30,统货,/,CNY/台,,image,华为2.jpg,数码网报价单-0825更新/手机相关/华为2.jpg,1,1.0,visual_0825_source_crosschecked
20260825-2abd999e26733526b499-01,2026-08-25,手机,device,华为,荣耀畅玩系列,畅玩20,KOZ-AL00,畅玩20,开机靓好,135,CNY/台,,image,华为2.jpg,数码网报价单-0825更新/手机相关/华为2.jpg,1,1.0,visual_0825_source_crosschecked
20260825-5d87daf050298f8eb3d0-01,2026-08-25,手机,device,华为,荣耀畅玩系列,畅玩20,KOZ-AL00,畅玩20,开机好碎,135,CNY/台,,image,华为2.jpg,数码网报价单-0825更新/手机相关/华为2.jpg,1,1.0,visual_0825_source_crosschecked
20260825-2f204cbc3a5632ada259-01,2026-08-25,手机,device,华为,荣耀畅玩系列,畅玩20,KOZ-AL00,畅玩20,开机碎屏,135,CNY/台,,image,华为2.jpg,数码网报价单-0825更新/手机相关/华为2.jpg,1,1.0,visual_0825_source_crosschecked
20260825-5e6692b3ec472a2df48a-01,2026-08-25,手机,device,华为,荣耀畅玩系列,畅玩20,KOZ-AL00,畅玩20,开机坏配件,/,CNY/台,,image,华为2.jpg,数码网报价单-0825更新/手机相关/华为2.jpg,1,1.0,visual_0825_source_crosschecked
20260825-4792f06da69dfeb1f90f-01,2026-08-25,手机,device,华为,荣耀畅玩系列,畅玩20,KOZ-AL00,畅玩20,不开机,135,CNY/台,,image,华为2.jpg,数码网报价单-0825更新/手机相关/华为2.jpg,1,1.0,visual_0825_source_crosschecked
20260825-7e7e9cc7eb9104665f32-01,2026-08-25,手机,device,华为,荣耀畅玩系列,畅玩20,KOZ-AL00,畅玩20,废板·整机,135,CNY/台,,image,华为2.jpg,数码网报价单-0825更新/手机相关/华为2.jpg,1,1.0,visual_0825_source_crosschecked
20260825-dd3096bf204a6f6170c6-01,2026-08-25,手机,device,华为,荣耀畅玩系列,畅玩20,KOZ-AL00,畅玩20,统货,/,CNY/台,,image,华为2.jpg,数码网报价单-0825更新/手机相关/华为2.jpg,1,1.0,visual_0825_source_crosschecked
20260825-72c0be9938dd0369bec1-01,2026-08-25,手机,device,华为,荣耀畅玩系列,畅玩9A,MOA-AL00,畅玩9A,开机靓好,95,CNY/台,,image,华为2.jpg,数码网报价单-0825更新/手机相关/华为2.jpg,1,1.0,visual_0825_source_crosschecked
20260825-e5c9540b1a461af692ec-01,2026-08-25,手机,device,华为,荣耀畅玩系列,畅玩9A,MOA-AL00,畅玩9A,开机好碎,95,CNY/台,,image,华为2.jpg,数码网报价单-0825更新/手机相关/华为2.jpg,1,1.0,visual_0825_source_crosschecked
20260825-d14061b8d1a78ecde331-01,2026-08-25,手机,device,华为,荣耀畅玩系列,畅玩9A,MOA-AL00,畅玩9A,开机碎屏,95,CNY/台,,image,华为2.jpg,数码网报价单-0825更新/手机相关/华为2.jpg,1,1.0,visual_0825_source_crosschecked
20260825-7a5fca4bfaf1551b34ea-01,2026-08-25,手机,device,华为,荣耀畅玩系列,畅玩9A,MOA-AL00,畅玩9A,开机坏配件,95,CNY/台,,image,华为2.jpg,数码网报价单-0825更新/手机相关/华为2.jpg,1,1.0,visual_0825_source_crosschecked
20260825-d93cacb92f9a3312ba63-01,2026-08-25,手机,device,华为,荣耀畅玩系列,畅玩9A,MOA-AL00,畅玩9A,不开机,95,CNY/台,,image,华为2.jpg,数码网报价单-0825更新/手机相关/华为2.jpg,1,1.0,visual_0825_source_crosschecked
20260825-fa85267d64a4d506e878-01,2026-08-25,手机,device,华为,荣耀畅玩系列,畅玩9A,MOA-AL00,畅玩9A,废板·整机,95,CNY/台,,image,华为2.jpg,数码网报价单-0825更新/手机相关/华为2.jpg,1,1.0,visual_0825_source_crosschecked
20260825-a06f424aebed832f42db-01,2026-08-25,手机,device,华为,荣耀畅玩系列,畅玩9A,MOA-AL00,畅玩9A,统货,/,CNY/台,,image,华为2.jpg,数码网报价单-0825更新/手机相关/华为2.jpg,1,1.0,visual_0825_source_crosschecked
20260825-3a4b0c8eda51569f8d97-01,2026-08-25,手机,device,华为,荣耀畅玩系列,畅玩8A,JAT-AL00,畅玩8A,开机靓好,95,CNY/台,,image,华为2.jpg,数码网报价单-0825更新/手机相关/华为2.jpg,1,1.0,visual_0825_source_crosschecked
20260825-c2c8f30d1f517469e433-01,2026-08-25,手机,device,华为,荣耀畅玩系列,畅玩8A,JAT-AL00,畅玩8A,开机好碎,95,CNY/台,,image,华为2.jpg,数码网报价单-0825更新/手机相关/华为2.jpg,1,1.0,visual_0825_source_crosschecked
20260825-bc9378d315fb9f2ea978-01,2026-08-25,手机,device,华为,荣耀畅玩系列,畅玩8A,JAT-AL00,畅玩8A,开机碎屏,95,CNY/台,,image,华为2.jpg,数码网报价单-0825更新/手机相关/华为2.jpg,1,1.0,visual_0825_source_crosschecked
20260825-c84774185cf2d20cd610-01,2026-08-25,手机,device,华为,荣耀畅玩系列,畅玩8A,JAT-AL00,畅玩8A,开机坏配件,95,CNY/台,,image,华为2.jpg,数码网报价单-0825更新/手机相关/华为2.jpg,1,1.0,visual_0825_source_crosschecked
20260825-0f47b16339b1ae67b396-01,2026-08-25,手机,device,华为,荣耀畅玩系列,畅玩8A,JAT-AL00,畅玩8A,不开机,95,CNY/台,,image,华为2.jpg,数码网报价单-0825更新/手机相关/华为2.jpg,1,1.0,visual_0825_source_crosschecked
20260825-ce7354c30cfe1866c72b-01,2026-08-25,手机,device,华为,荣耀畅玩系列,畅玩8A,JAT-AL00,畅玩8A,废板·整机,95,CNY/台,,image,华为2.jpg,数码网报价单-0825更新/手机相关/华为2.jpg,1,1.0,visual_0825_source_crosschecked
20260825-a8b87e29dd7153582a4f-01,2026-08-25,手机,device,华为,荣耀畅玩系列,畅玩8A,JAT-AL00,畅玩8A,统货,/,CNY/台,,image,华为2.jpg,数码网报价单-0825更新/手机相关/华为2.jpg,1,1.0,visual_0825_source_crosschecked
20260825-77b7b6e8aeea13bfe94b-01,2026-08-25,手机,device,华为,荣耀畅玩系列,畅玩7A,AUM-AL00,畅玩7A,开机靓好,80,CNY/台,,image,华为2.jpg,数码网报价单-0825更新/手机相关/华为2.jpg,1,1.0,visual_0825_source_crosschecked
20260825-77a992df35bf65b2b109-01,2026-08-25,手机,device,华为,荣耀畅玩系列,畅玩7A,AUM-AL00,畅玩7A,开机好碎,80,CNY/台,,image,华为2.jpg,数码网报价单-0825更新/手机相关/华为2.jpg,1,1.0,visual_0825_source_crosschecked
20260825-b23be3c7caef7d3a5178-01,2026-08-25,手机,device,华为,荣耀畅玩系列,畅玩7A,AUM-AL00,畅玩7A,开机碎屏,80,CNY/台,,image,华为2.jpg,数码网报价单-0825更新/手机相关/华为2.jpg,1,1.0,visual_0825_source_crosschecked
20260825-d88a8ca50333eae46ac5-01,2026-08-25,手机,device,华为,荣耀畅玩系列,畅玩7A,AUM-AL00,畅玩7A,开机坏配件,80,CNY/台,,image,华为2.jpg,数码网报价单-0825更新/手机相关/华为2.jpg,1,1.0,visual_0825_source_crosschecked
20260825-bdd5e18e6de519e381fd-01,2026-08-25,手机,device,华为,荣耀畅玩系列,畅玩7A,AUM-AL00,畅玩7A,不开机,80,CNY/台,,image,华为2.jpg,数码网报价单-0825更新/手机相关/华为2.jpg,1,1.0,visual_0825_source_crosschecked
20260825-43e21777bf59b21680f5-01,2026-08-25,手机,device,华为,荣耀畅玩系列,畅玩7A,AUM-AL00,畅玩7A,废板·整机,80,CNY/台,,image,华为2.jpg,数码网报价单-0825更新/手机相关/华为2.jpg,1,1.0,visual_0825_source_crosschecked
20260825-dcf67787fd70ec5e5c9e-01,2026-08-25,手机,device,华为,荣耀畅玩系列,畅玩7A,AUM-AL00,畅玩7A,统货,/,CNY/台,,image,华为2.jpg,数码网报价单-0825更新/手机相关/华为2.jpg,1,1.0,visual_0825_source_crosschecked
20260825-ed965ff49d8c4ef15bd1-01,2026-08-25,手机,device,华为,荣耀畅玩系列,畅玩6A,DLI-AL10,畅玩6A,开机靓好,60,CNY/台,,image,华为2.jpg,数码网报价单-0825更新/手机相关/华为2.jpg,1,1.0,visual_0825_source_crosschecked
20260825-fb79774667d846a0bb61-01,2026-08-25,手机,device,华为,荣耀畅玩系列,畅玩6A,DLI-AL10,畅玩6A,开机好碎,60,CNY/台,,image,华为2.jpg,数码网报价单-0825更新/手机相关/华为2.jpg,1,1.0,visual_0825_source_crosschecked
20260825-f8ee0b78b82dbe363d28-01,2026-08-25,手机,device,华为,荣耀畅玩系列,畅玩6A,DLI-AL10,畅玩6A,开机碎屏,60,CNY/台,,image,华为2.jpg,数码网报价单-0825更新/手机相关/华为2.jpg,1,1.0,visual_0825_source_crosschecked
20260825-04023782a2f563cbf227-01,2026-08-25,手机,device,华为,荣耀畅玩系列,畅玩6A,DLI-AL10,畅玩6A,开机坏配件,60,CNY/台,,image,华为2.jpg,数码网报价单-0825更新/手机相关/华为2.jpg,1,1.0,visual_0825_source_crosschecked
20260825-1fbbbb99c362e479a1aa-01,2026-08-25,手机,device,华为,荣耀畅玩系列,畅玩6A,DLI-AL10,畅玩6A,不开机,60,CNY/台,,image,华为2.jpg,数码网报价单-0825更新/手机相关/华为2.jpg,1,1.0,visual_0825_source_crosschecked
20260825-ff6d166a35dcf678fc28-01,2026-08-25,手机,device,华为,荣耀畅玩系列,畅玩6A,DLI-AL10,畅玩6A,废板·整机,60,CNY/台,,image,华为2.jpg,数码网报价单-0825更新/手机相关/华为2.jpg,1,1.0,visual_0825_source_crosschecked
20260825-d0aeb3aaca20310f1b94-01,2026-08-25,手机,device,华为,荣耀畅玩系列,畅玩6A,DLI-AL10,畅玩6A,统货,/,CNY/台,,image,华为2.jpg,数码网报价单-0825更新/手机相关/华为2.jpg,1,1.0,visual_0825_source_crosschecked
20260825-b949d19ebcdea2fb9c62-01,2026-08-25,手机,device,华为,荣耀畅玩系列,畅玩5A,CAM-AL00,畅玩5A,开机靓好,45,CNY/台,,image,华为2.jpg,数码网报价单-0825更新/手机相关/华为2.jpg,1,1.0,visual_0825_source_crosschecked
20260825-8546dd3b1df15787d065-01,2026-08-25,手机,device,华为,荣耀畅玩系列,畅玩5A,CAM-AL00,畅玩5A,开机好碎,45,CNY/台,,image,华为2.jpg,数码网报价单-0825更新/手机相关/华为2.jpg,1,1.0,visual_0825_source_crosschecked
20260825-3a58ba4808686146eaf9-01,2026-08-25,手机,device,华为,荣耀畅玩系列,畅玩5A,CAM-AL00,畅玩5A,开机碎屏,45,CNY/台,,image,华为2.jpg,数码网报价单-0825更新/手机相关/华为2.jpg,1,1.0,visual_0825_source_crosschecked
20260825-9e009d4f155c52072d5c-01,2026-08-25,手机,device,华为,荣耀畅玩系列,畅玩5A,CAM-AL00,畅玩5A,开机坏配件,45,CNY/台,,image,华为2.jpg,数码网报价单-0825更新/手机相关/华为2.jpg,1,1.0,visual_0825_source_crosschecked
20260825-92d3000a07d3889d6b39-01,2026-08-25,手机,device,华为,荣耀畅玩系列,畅玩5A,CAM-AL00,畅玩5A,不开机,45,CNY/台,,image,华为2.jpg,数码网报价单-0825更新/手机相关/华为2.jpg,1,1.0,visual_0825_source_crosschecked
20260825-7f29793f818fa0708425-01,2026-08-25,手机,device,华为,荣耀畅玩系列,畅玩5A,CAM-AL00,畅玩5A,废板·整机,45,CNY/台,,image,华为2.jpg,数码网报价单-0825更新/手机相关/华为2.jpg,1,1.0,visual_0825_source_crosschecked
20260825-a073284b880ed8954b36-01,2026-08-25,手机,device,华为,荣耀畅玩系列,畅玩5A,CAM-AL00,畅玩5A,统货,/,CNY/台,,image,华为2.jpg,数码网报价单-0825更新/手机相关/华为2.jpg,1,1.0,visual_0825_source_crosschecked
20260825-f414e65d993c37b4542e-01,2026-08-25,手机,device,华为,荣耀V系列,荣耀Vpurse,VCA-AN00,荣耀Vpurse,开机靓好,450,CNY/台,/,image,华为2.jpg,数码网报价单-0825更新/手机相关/华为2.jpg,1,1.0,visual_0825_source_crosschecked
20260825-52cbb3ae12d5a6a5cc6f-01,2026-08-25,手机,device,华为,荣耀V系列,荣耀Vpurse,VCA-AN00,荣耀Vpurse,开机好碎,450,CNY/台,/,image,华为2.jpg,数码网报价单-0825更新/手机相关/华为2.jpg,1,1.0,visual_0825_source_crosschecked
20260825-c13149dd6e15d677c225-01,2026-08-25,手机,device,华为,荣耀V系列,荣耀Vpurse,VCA-AN00,荣耀Vpurse,开机碎屏,450,CNY/台,/,image,华为2.jpg,数码网报价单-0825更新/手机相关/华为2.jpg,1,1.0,visual_0825_source_crosschecked
20260825-8bf0dc0c8807ccf0185f-01,2026-08-25,手机,device,华为,荣耀V系列,荣耀Vpurse,VCA-AN00,荣耀Vpurse,开机坏配件,450,CNY/台,/,image,华为2.jpg,数码网报价单-0825更新/手机相关/华为2.jpg,1,1.0,visual_0825_source_crosschecked
20260825-ff78f1e11ec3a6a6f9c9-01,2026-08-25,手机,device,华为,荣耀V系列,荣耀Vpurse,VCA-AN00,荣耀Vpurse,不开机,/,CNY/台,/,image,华为2.jpg,数码网报价单-0825更新/手机相关/华为2.jpg,1,1.0,visual_0825_source_crosschecked
20260825-7092ce97639933dfa77f-01,2026-08-25,手机,device,华为,荣耀V系列,荣耀Vpurse,VCA-AN00,荣耀Vpurse,废板·整机,150,CNY/台,/,image,华为2.jpg,数码网报价单-0825更新/手机相关/华为2.jpg,1,1.0,visual_0825_source_crosschecked
20260825-4aa227fa0f260d0c79c1-01,2026-08-25,手机,device,华为,荣耀V系列,荣耀Vpurse,VCA-AN00,荣耀Vpurse,统货,150,CNY/台,/,image,华为2.jpg,数码网报价单-0825更新/手机相关/华为2.jpg,1,1.0,visual_0825_source_crosschecked
20260825-e407976961486020804e-01,2026-08-25,手机,device,华为,荣耀V系列,荣耀V40,YOK-AN10,荣耀V40,开机靓好,160,CNY/台,/,image,华为2.jpg,数码网报价单-0825更新/手机相关/华为2.jpg,1,1.0,visual_0825_source_crosschecked
20260825-f150c7d1a33be54687a9-01,2026-08-25,手机,device,华为,荣耀V系列,荣耀V40,YOK-AN10,荣耀V40,开机好碎,160,CNY/台,/,image,华为2.jpg,数码网报价单-0825更新/手机相关/华为2.jpg,1,1.0,visual_0825_source_crosschecked
20260825-2678a2c280c9692f2542-01,2026-08-25,手机,device,华为,荣耀V系列,荣耀V40,YOK-AN10,荣耀V40,开机碎屏,160,CNY/台,/,image,华为2.jpg,数码网报价单-0825更新/手机相关/华为2.jpg,1,1.0,visual_0825_source_crosschecked
20260825-c57220088012751a23cf-01,2026-08-25,手机,device,华为,荣耀V系列,荣耀V40,YOK-AN10,荣耀V40,开机坏配件,160,CNY/台,/,image,华为2.jpg,数码网报价单-0825更新/手机相关/华为2.jpg,1,1.0,visual_0825_source_crosschecked
20260825-fd66d10c0dd256dbfb8b-01,2026-08-25,手机,device,华为,荣耀V系列,荣耀V40,YOK-AN10,荣耀V40,不开机,/,CNY/台,/,image,华为2.jpg,数码网报价单-0825更新/手机相关/华为2.jpg,1,1.0,visual_0825_source_crosschecked
20260825-1a8f9ba669953c480efc-01,2026-08-25,手机,device,华为,荣耀V系列,荣耀V40,YOK-AN10,荣耀V40,废板·整机,160,CNY/台,/,image,华为2.jpg,数码网报价单-0825更新/手机相关/华为2.jpg,1,1.0,visual_0825_source_crosschecked
20260825-3dbdee1164ea4910ff83-01,2026-08-25,手机,device,华为,荣耀V系列,荣耀V40,YOK-AN10,荣耀V40,统货,160,CNY/台,/,image,华为2.jpg,数码网报价单-0825更新/手机相关/华为2.jpg,1,1.0,visual_0825_source_crosschecked
20260825-d6fcb1dfdeeca506411a-01,2026-08-25,手机,device,华为,荣耀V系列,荣耀V40轻奢版,ALA-AN70,荣耀V40轻奢版,开机靓好,120,CNY/台,/,image,华为2.jpg,数码网报价单-0825更新/手机相关/华为2.jpg,1,1.0,visual_0825_source_crosschecked
20260825-87c0ed55fde7d459e67c-01,2026-08-25,手机,device,华为,荣耀V系列,荣耀V40轻奢版,ALA-AN70,荣耀V40轻奢版,开机好碎,120,CNY/台,/,image,华为2.jpg,数码网报价单-0825更新/手机相关/华为2.jpg,1,1.0,visual_0825_source_crosschecked
20260825-a5783f3adb72eff6445f-01,2026-08-25,手机,device,华为,荣耀V系列,荣耀V40轻奢版,ALA-AN70,荣耀V40轻奢版,开机碎屏,120,CNY/台,/,image,华为2.jpg,数码网报价单-0825更新/手机相关/华为2.jpg,1,1.0,visual_0825_source_crosschecked
20260825-ae16239a8ef69e903d5b-01,2026-08-25,手机,device,华为,荣耀V系列,荣耀V40轻奢版,ALA-AN70,荣耀V40轻奢版,开机坏配件,120,CNY/台,/,image,华为2.jpg,数码网报价单-0825更新/手机相关/华为2.jpg,1,1.0,visual_0825_source_crosschecked
20260825-efa7714067a4aedc991e-01,2026-08-25,手机,device,华为,荣耀V系列,荣耀V40轻奢版,ALA-AN70,荣耀V40轻奢版,不开机,/,CNY/台,/,image,华为2.jpg,数码网报价单-0825更新/手机相关/华为2.jpg,1,1.0,visual_0825_source_crosschecked
20260825-37303d14a07f773ce39f-01,2026-08-25,手机,device,华为,荣耀V系列,荣耀V40轻奢版,ALA-AN70,荣耀V40轻奢版,废板·整机,120,CNY/台,/,image,华为2.jpg,数码网报价单-0825更新/手机相关/华为2.jpg,1,1.0,visual_0825_source_crosschecked
20260825-241bfd317adb8b162310-01,2026-08-25,手机,device,华为,荣耀V系列,荣耀V40轻奢版,ALA-AN70,荣耀V40轻奢版,统货,120,CNY/台,/,image,华为2.jpg,数码网报价单-0825更新/手机相关/华为2.jpg,1,1.0,visual_0825_source_crosschecked
20260825-06ca55748075cbecb667-01,2026-08-25,手机,device,华为,荣耀V系列,荣耀V30 Pro,OXF-AN10,荣耀V30 Pro,开机靓好,130,CNY/台,/,image,华为2.jpg,数码网报价单-0825更新/手机相关/华为2.jpg,1,1.0,visual_0825_source_crosschecked
20260825-b669918a279c7b2d537f-01,2026-08-25,手机,device,华为,荣耀V系列,荣耀V30 Pro,OXF-AN10,荣耀V30 Pro,开机好碎,130,CNY/台,/,image,华为2.jpg,数码网报价单-0825更新/手机相关/华为2.jpg,1,1.0,visual_0825_source_crosschecked
20260825-134591201734bc1190de-01,2026-08-25,手机,device,华为,荣耀V系列,荣耀V30 Pro,OXF-AN10,荣耀V30 Pro,开机碎屏,130,CNY/台,/,image,华为2.jpg,数码网报价单-0825更新/手机相关/华为2.jpg,1,1.0,visual_0825_source_crosschecked
20260825-3a50bc75417ca9dff2b3-01,2026-08-25,手机,device,华为,荣耀V系列,荣耀V30 Pro,OXF-AN10,荣耀V30 Pro,开机坏配件,130,CNY/台,/,image,华为2.jpg,数码网报价单-0825更新/手机相关/华为2.jpg,1,1.0,visual_0825_source_crosschecked
20260825-a8c8bd87f10c5168085f-01,2026-08-25,手机,device,华为,荣耀V系列,荣耀V30 Pro,OXF-AN10,荣耀V30 Pro,不开机,/,CNY/台,/,image,华为2.jpg,数码网报价单-0825更新/手机相关/华为2.jpg,1,1.0,visual_0825_source_crosschecked
20260825-56839cafda03e6451048-01,2026-08-25,手机,device,华为,荣耀V系列,荣耀V30 Pro,OXF-AN10,荣耀V30 Pro,废板·整机,99,CNY/台,/,image,华为2.jpg,数码网报价单-0825更新/手机相关/华为2.jpg,1,1.0,visual_0825_source_crosschecked
20260825-0f792046c9d9cfdffd41-01,2026-08-25,手机,device,华为,荣耀V系列,荣耀V30 Pro,OXF-AN10,荣耀V30 Pro,统货,90,CNY/台,/,image,华为2.jpg,数码网报价单-0825更新/手机相关/华为2.jpg,1,1.0,visual_0825_source_crosschecked
20260825-a8ebd832230cf2ca0de3-01,2026-08-25,手机,device,华为,荣耀V系列,荣耀V30,OXF-AN00,荣耀V30,开机靓好,130,CNY/台,/,image,华为2.jpg,数码网报价单-0825更新/手机相关/华为2.jpg,1,1.0,visual_0825_source_crosschecked
20260825-97fcedfb9e2d672a55bd-01,2026-08-25,手机,device,华为,荣耀V系列,荣耀V30,OXF-AN00,荣耀V30,开机好碎,130,CNY/台,/,image,华为2.jpg,数码网报价单-0825更新/手机相关/华为2.jpg,1,1.0,visual_0825_source_crosschecked
20260825-6f8aa1024eec33fed22b-01,2026-08-25,手机,device,华为,荣耀V系列,荣耀V30,OXF-AN00,荣耀V30,开机碎屏,130,CNY/台,/,image,华为2.jpg,数码网报价单-0825更新/手机相关/华为2.jpg,1,1.0,visual_0825_source_crosschecked
20260825-0f9c8003d54ae0999c5f-01,2026-08-25,手机,device,华为,荣耀V系列,荣耀V30,OXF-AN00,荣耀V30,开机坏配件,130,CNY/台,/,image,华为2.jpg,数码网报价单-0825更新/手机相关/华为2.jpg,1,1.0,visual_0825_source_crosschecked
20260825-bffc0793c3b33e360ebf-01,2026-08-25,手机,device,华为,荣耀V系列,荣耀V30,OXF-AN00,荣耀V30,不开机,/,CNY/台,/,image,华为2.jpg,数码网报价单-0825更新/手机相关/华为2.jpg,1,1.0,visual_0825_source_crosschecked
20260825-cb8fb164f4e7b5d279a4-01,2026-08-25,手机,device,华为,荣耀V系列,荣耀V30,OXF-AN00,荣耀V30,废板·整机,99,CNY/台,/,image,华为2.jpg,数码网报价单-0825更新/手机相关/华为2.jpg,1,1.0,visual_0825_source_crosschecked
20260825-11318fc56174fb424689-01,2026-08-25,手机,device,华为,荣耀V系列,荣耀V30,OXF-AN00,荣耀V30,统货,90,CNY/台,/,image,华为2.jpg,数码网报价单-0825更新/手机相关/华为2.jpg,1,1.0,visual_0825_source_crosschecked
20260825-908a45a2b5401385d7cc-01,2026-08-25,手机,device,华为,荣耀V系列,荣耀V20,PCT-AL10,荣耀V20,开机靓好,100,CNY/台,/,image,华为2.jpg,数码网报价单-0825更新/手机相关/华为2.jpg,1,1.0,visual_0825_source_crosschecked
20260825-f43e1701a1a0951d4833-01,2026-08-25,手机,device,华为,荣耀V系列,荣耀V20,PCT-AL10,荣耀V20,开机好碎,100,CNY/台,/,image,华为2.jpg,数码网报价单-0825更新/手机相关/华为2.jpg,1,1.0,visual_0825_source_crosschecked
20260825-da32e6b4f2cd407c4730-01,2026-08-25,手机,device,华为,荣耀V系列,荣耀V20,PCT-AL10,荣耀V20,开机碎屏,100,CNY/台,/,image,华为2.jpg,数码网报价单-0825更新/手机相关/华为2.jpg,1,1.0,visual_0825_source_crosschecked
20260825-d475d809b885011e0b7b-01,2026-08-25,手机,device,华为,荣耀V系列,荣耀V20,PCT-AL10,荣耀V20,开机坏配件,100,CNY/台,/,image,华为2.jpg,数码网报价单-0825更新/手机相关/华为2.jpg,1,1.0,visual_0825_source_crosschecked
20260825-023747e77e16ad2b73da-01,2026-08-25,手机,device,华为,荣耀V系列,荣耀V20,PCT-AL10,荣耀V20,不开机,/,CNY/台,/,image,华为2.jpg,数码网报价单-0825更新/手机相关/华为2.jpg,1,1.0,visual_0825_source_crosschecked
20260825-e34a7e5912709581092e-01,2026-08-25,手机,device,华为,荣耀V系列,荣耀V20,PCT-AL10,荣耀V20,废板·整机,100,CNY/台,/,image,华为2.jpg,数码网报价单-0825更新/手机相关/华为2.jpg,1,1.0,visual_0825_source_crosschecked
20260825-cf20fe76d677e322be54-01,2026-08-25,手机,device,华为,荣耀V系列,荣耀V20,PCT-AL10,荣耀V20,统货,100,CNY/台,/,image,华为2.jpg,数码网报价单-0825更新/手机相关/华为2.jpg,1,1.0,visual_0825_source_crosschecked
20260825-27532b334baaa481700d-01,2026-08-25,手机,device,华为,荣耀V系列,荣耀V10,BKL-AL00/AL20,荣耀V10,开机靓好,80,CNY/台,/,image,华为2.jpg,数码网报价单-0825更新/手机相关/华为2.jpg,1,1.0,visual_0825_source_crosschecked
20260825-e6c9c4249e30ed4b1077-01,2026-08-25,手机,device,华为,荣耀V系列,荣耀V10,BKL-AL00/AL20,荣耀V10,开机好碎,80,CNY/台,/,image,华为2.jpg,数码网报价单-0825更新/手机相关/华为2.jpg,1,1.0,visual_0825_source_crosschecked
20260825-4cf1af18c71c5a3d787b-01,2026-08-25,手机,device,华为,荣耀V系列,荣耀V10,BKL-AL00/AL20,荣耀V10,开机碎屏,80,CNY/台,/,image,华为2.jpg,数码网报价单-0825更新/手机相关/华为2.jpg,1,1.0,visual_0825_source_crosschecked
20260825-8e3c74fc07d8e5ff8e14-01,2026-08-25,手机,device,华为,荣耀V系列,荣耀V10,BKL-AL00/AL20,荣耀V10,开机坏配件,80,CNY/台,/,image,华为2.jpg,数码网报价单-0825更新/手机相关/华为2.jpg,1,1.0,visual_0825_source_crosschecked
20260825-4c1f58a17ad16ee5b25a-01,2026-08-25,手机,device,华为,荣耀V系列,荣耀V10,BKL-AL00/AL20,荣耀V10,不开机,/,CNY/台,/,image,华为2.jpg,数码网报价单-0825更新/手机相关/华为2.jpg,1,1.0,visual_0825_source_crosschecked
20260825-a74e845930466b371c38-01,2026-08-25,手机,device,华为,荣耀V系列,荣耀V10,BKL-AL00/AL20,荣耀V10,废板·整机,80,CNY/台,/,image,华为2.jpg,数码网报价单-0825更新/手机相关/华为2.jpg,1,1.0,visual_0825_source_crosschecked
20260825-1abd653444a6a5f6c8a3-01,2026-08-25,手机,device,华为,荣耀V系列,荣耀V10,BKL-AL00/AL20,荣耀V10,统货,80,CNY/台,/,image,华为2.jpg,数码网报价单-0825更新/手机相关/华为2.jpg,1,1.0,visual_0825_source_crosschecked
20260825-8f745269b186ae295ca3-01,2026-08-25,手机,device,华为,荣耀V系列,荣耀V9,DUK-AL20,荣耀V9,开机靓好,67,CNY/台,/,image,华为2.jpg,数码网报价单-0825更新/手机相关/华为2.jpg,1,1.0,visual_0825_source_crosschecked
20260825-e23d180fdd171970bcc1-01,2026-08-25,手机,device,华为,荣耀V系列,荣耀V9,DUK-AL20,荣耀V9,开机好碎,67,CNY/台,/,image,华为2.jpg,数码网报价单-0825更新/手机相关/华为2.jpg,1,1.0,visual_0825_source_crosschecked
20260825-27ad6a56e82d78fd61b4-01,2026-08-25,手机,device,华为,荣耀V系列,荣耀V9,DUK-AL20,荣耀V9,开机碎屏,67,CNY/台,/,image,华为2.jpg,数码网报价单-0825更新/手机相关/华为2.jpg,1,1.0,visual_0825_source_crosschecked
20260825-bb371bf0c93c3d22ac66-01,2026-08-25,手机,device,华为,荣耀V系列,荣耀V9,DUK-AL20,荣耀V9,开机坏配件,67,CNY/台,/,image,华为2.jpg,数码网报价单-0825更新/手机相关/华为2.jpg,1,1.0,visual_0825_source_crosschecked
20260825-acef7b6c68218bc96880-01,2026-08-25,手机,device,华为,荣耀V系列,荣耀V9,DUK-AL20,荣耀V9,不开机,/,CNY/台,/,image,华为2.jpg,数码网报价单-0825更新/手机相关/华为2.jpg,1,1.0,visual_0825_source_crosschecked
20260825-8f2e6d3a6b92a7bd5a6f-01,2026-08-25,手机,device,华为,荣耀V系列,荣耀V9,DUK-AL20,荣耀V9,废板·整机,67,CNY/台,/,image,华为2.jpg,数码网报价单-0825更新/手机相关/华为2.jpg,1,1.0,visual_0825_source_crosschecked
20260825-7151981d50465b394e25-01,2026-08-25,手机,device,华为,荣耀V系列,荣耀V9,DUK-AL20,荣耀V9,统货,67,CNY/台,/,image,华为2.jpg,数码网报价单-0825更新/手机相关/华为2.jpg,1,1.0,visual_0825_source_crosschecked
20260825-9e2f89e3b43c8b8207ed-01,2026-08-25,手机,device,华为,荣耀V系列,荣耀V8,KNT-AL10/AL20,荣耀V8,开机靓好,60,CNY/台,/,image,华为2.jpg,数码网报价单-0825更新/手机相关/华为2.jpg,1,1.0,visual_0825_source_crosschecked
20260825-74bcdc60d3843de8c3de-01,2026-08-25,手机,device,华为,荣耀V系列,荣耀V8,KNT-AL10/AL20,荣耀V8,开机好碎,60,CNY/台,/,image,华为2.jpg,数码网报价单-0825更新/手机相关/华为2.jpg,1,1.0,visual_0825_source_crosschecked
20260825-0649b928a7c3495b8cb1-01,2026-08-25,手机,device,华为,荣耀V系列,荣耀V8,KNT-AL10/AL20,荣耀V8,开机碎屏,60,CNY/台,/,image,华为2.jpg,数码网报价单-0825更新/手机相关/华为2.jpg,1,1.0,visual_0825_source_crosschecked
20260825-1c6c00a63507098657cf-01,2026-08-25,手机,device,华为,荣耀V系列,荣耀V8,KNT-AL10/AL20,荣耀V8,开机坏配件,60,CNY/台,/,image,华为2.jpg,数码网报价单-0825更新/手机相关/华为2.jpg,1,1.0,visual_0825_source_crosschecked
20260825-cf24fb9ed324f899f53f-01,2026-08-25,手机,device,华为,荣耀V系列,荣耀V8,KNT-AL10/AL20,荣耀V8,不开机,/,CNY/台,/,image,华为2.jpg,数码网报价单-0825更新/手机相关/华为2.jpg,1,1.0,visual_0825_source_crosschecked
20260825-55d2ee00b2444a100005-01,2026-08-25,手机,device,华为,荣耀V系列,荣耀V8,KNT-AL10/AL20,荣耀V8,废板·整机,60,CNY/台,/,image,华为2.jpg,数码网报价单-0825更新/手机相关/华为2.jpg,1,1.0,visual_0825_source_crosschecked
20260825-0b07a2057a2b029b8616-01,2026-08-25,手机,device,华为,荣耀V系列,荣耀V8,KNT-AL10/AL20,荣耀V8,统货,60,CNY/台,/,image,华为2.jpg,数码网报价单-0825更新/手机相关/华为2.jpg,1,1.0,visual_0825_source_crosschecked
20260825-991eea0a67b62a8121f0-01,2026-08-25,手机,device,华为,荣耀数字系列,荣耀9青春版,LLD-AL00/AL10,荣耀9青春版,开机靓好,55,CNY/台,/,image,华为2.jpg,数码网报价单-0825更新/手机相关/华为2.jpg,1,1.0,visual_0825_source_crosschecked
20260825-9ae09d0dc83c26307bb4-01,2026-08-25,手机,device,华为,荣耀数字系列,荣耀9青春版,LLD-AL00/AL10,荣耀9青春版,开机好碎,55,CNY/台,/,image,华为2.jpg,数码网报价单-0825更新/手机相关/华为2.jpg,1,1.0,visual_0825_source_crosschecked
20260825-5961b5c283b50d33efe9-01,2026-08-25,手机,device,华为,荣耀数字系列,荣耀9青春版,LLD-AL00/AL10,荣耀9青春版,开机碎屏,55,CNY/台,/,image,华为2.jpg,数码网报价单-0825更新/手机相关/华为2.jpg,1,1.0,visual_0825_source_crosschecked
20260825-e75846c781a36eb92b0a-01,2026-08-25,手机,device,华为,荣耀数字系列,荣耀9青春版,LLD-AL00/AL10,荣耀9青春版,开机坏配件,55,CNY/台,/,image,华为2.jpg,数码网报价单-0825更新/手机相关/华为2.jpg,1,1.0,visual_0825_source_crosschecked
20260825-e93845dd1e4698b3f756-01,2026-08-25,手机,device,华为,荣耀数字系列,荣耀9青春版,LLD-AL00/AL10,荣耀9青春版,不开机,/,CNY/台,/,image,华为2.jpg,数码网报价单-0825更新/手机相关/华为2.jpg,1,1.0,visual_0825_source_crosschecked
20260825-792742701c19dbe4094f-01,2026-08-25,手机,device,华为,荣耀数字系列,荣耀9青春版,LLD-AL00/AL10,荣耀9青春版,废板·整机,55,CNY/台,/,image,华为2.jpg,数码网报价单-0825更新/手机相关/华为2.jpg,1,1.0,visual_0825_source_crosschecked
20260825-e5cb2791b0b468568c3c-01,2026-08-25,手机,device,华为,荣耀数字系列,荣耀9青春版,LLD-AL00/AL10,荣耀9青春版,统货,55,CNY/台,/,image,华为2.jpg,数码网报价单-0825更新/手机相关/华为2.jpg,1,1.0,visual_0825_source_crosschecked
20260825-9b9135c17b32ba466713-01,2026-08-25,手机,device,华为,荣耀Play系列,荣耀Play 10T,LLY-AN00,荣耀Play 10T,开机靓好,230,CNY/台,/,image,华为2.jpg,数码网报价单-0825更新/手机相关/华为2.jpg,1,1.0,visual_0825_source_crosschecked
20260825-4f390fb6028a1dbbff53-01,2026-08-25,手机,device,华为,荣耀Play系列,荣耀Play 10T,LLY-AN00,荣耀Play 10T,开机好碎,230,CNY/台,/,image,华为2.jpg,数码网报价单-0825更新/手机相关/华为2.jpg,1,1.0,visual_0825_source_crosschecked
20260825-595fa6e4476db8956cb9-01,2026-08-25,手机,device,华为,荣耀Play系列,荣耀Play 10T,LLY-AN00,荣耀Play 10T,开机碎屏,230,CNY/台,/,image,华为2.jpg,数码网报价单-0825更新/手机相关/华为2.jpg,1,1.0,visual_0825_source_crosschecked
20260825-688d7a98dba27850c54b-01,2026-08-25,手机,device,华为,荣耀Play系列,荣耀Play 10T,LLY-AN00,荣耀Play 10T,开机坏配件,230,CNY/台,/,image,华为2.jpg,数码网报价单-0825更新/手机相关/华为2.jpg,1,1.0,visual_0825_source_crosschecked
20260825-38698725e17e3394bdf5-01,2026-08-25,手机,device,华为,荣耀Play系列,荣耀Play 10T,LLY-AN00,荣耀Play 10T,不开机,/,CNY/台,/,image,华为2.jpg,数码网报价单-0825更新/手机相关/华为2.jpg,1,1.0,visual_0825_source_crosschecked
20260825-cb0f00bed1d5fe60bc24-01,2026-08-25,手机,device,华为,荣耀Play系列,荣耀Play 10T,LLY-AN00,荣耀Play 10T,废板·整机,150,CNY/台,/,image,华为2.jpg,数码网报价单-0825更新/手机相关/华为2.jpg,1,1.0,visual_0825_source_crosschecked
20260825-9a51c5523ef4646bb6f1-01,2026-08-25,手机,device,华为,荣耀Play系列,荣耀Play 10T,LLY-AN00,荣耀Play 10T,统货,150,CNY/台,/,image,华为2.jpg,数码网报价单-0825更新/手机相关/华为2.jpg,1,1.0,visual_0825_source_crosschecked
20260825-6920ab611c51c8ed0276-01,2026-08-25,手机,device,华为,荣耀Play系列,荣耀Play 10A,DID-AN00,荣耀Play 10A,开机靓好,180,CNY/台,/,image,华为2.jpg,数码网报价单-0825更新/手机相关/华为2.jpg,1,1.0,visual_0825_source_crosschecked
20260825-0dd02f3580047d847a43-01,2026-08-25,手机,device,华为,荣耀Play系列,荣耀Play 10A,DID-AN00,荣耀Play 10A,开机好碎,180,CNY/台,/,image,华为2.jpg,数码网报价单-0825更新/手机相关/华为2.jpg,1,1.0,visual_0825_source_crosschecked
20260825-dcf62adbfb89734ec081-01,2026-08-25,手机,device,华为,荣耀Play系列,荣耀Play 10A,DID-AN00,荣耀Play 10A,开机碎屏,180,CNY/台,/,image,华为2.jpg,数码网报价单-0825更新/手机相关/华为2.jpg,1,1.0,visual_0825_source_crosschecked
20260825-6a2c1a62a18564036e55-01,2026-08-25,手机,device,华为,荣耀Play系列,荣耀Play 10A,DID-AN00,荣耀Play 10A,开机坏配件,180,CNY/台,/,image,华为2.jpg,数码网报价单-0825更新/手机相关/华为2.jpg,1,1.0,visual_0825_source_crosschecked
20260825-32068b89267f1e381d03-01,2026-08-25,手机,device,华为,荣耀Play系列,荣耀Play 10A,DID-AN00,荣耀Play 10A,不开机,/,CNY/台,/,image,华为2.jpg,数码网报价单-0825更新/手机相关/华为2.jpg,1,1.0,visual_0825_source_crosschecked
20260825-240e291150859bcf061c-01,2026-08-25,手机,device,华为,荣耀Play系列,荣耀Play 10A,DID-AN00,荣耀Play 10A,废板·整机,140,CNY/台,/,image,华为2.jpg,数码网报价单-0825更新/手机相关/华为2.jpg,1,1.0,visual_0825_source_crosschecked
20260825-4de44b8f31ed056ae3cd-01,2026-08-25,手机,device,华为,荣耀Play系列,荣耀Play 10A,DID-AN00,荣耀Play 10A,统货,140,CNY/台,/,image,华为2.jpg,数码网报价单-0825更新/手机相关/华为2.jpg,1,1.0,visual_0825_source_crosschecked
20260825-66a93a8ff13f50a7ed9c-01,2026-08-25,手机,device,华为,荣耀Play系列,荣耀play9T,LLY-AN00,荣耀play9T,开机靓好,180,CNY/台,/,image,华为2.jpg,数码网报价单-0825更新/手机相关/华为2.jpg,1,1.0,visual_0825_source_crosschecked
20260825-a1b62584f9c3085723f4-01,2026-08-25,手机,device,华为,荣耀Play系列,荣耀play9T,LLY-AN00,荣耀play9T,开机好碎,180,CNY/台,/,image,华为2.jpg,数码网报价单-0825更新/手机相关/华为2.jpg,1,1.0,visual_0825_source_crosschecked
20260825-591a5ccf41c2257b6dc3-01,2026-08-25,手机,device,华为,荣耀Play系列,荣耀play9T,LLY-AN00,荣耀play9T,开机碎屏,180,CNY/台,/,image,华为2.jpg,数码网报价单-0825更新/手机相关/华为2.jpg,1,1.0,visual_0825_source_crosschecked
20260825-5ffc5958d0a6601a2864-01,2026-08-25,手机,device,华为,荣耀Play系列,荣耀play9T,LLY-AN00,荣耀play9T,开机坏配件,180,CNY/台,/,image,华为2.jpg,数码网报价单-0825更新/手机相关/华为2.jpg,1,1.0,visual_0825_source_crosschecked
20260825-91ee101a3faf6eec1f1d-01,2026-08-25,手机,device,华为,荣耀Play系列,荣耀play9T,LLY-AN00,荣耀play9T,不开机,/,CNY/台,/,image,华为2.jpg,数码网报价单-0825更新/手机相关/华为2.jpg,1,1.0,visual_0825_source_crosschecked
20260825-233b72a2441f79785f07-01,2026-08-25,手机,device,华为,荣耀Play系列,荣耀play9T,LLY-AN00,荣耀play9T,废板·整机,140,CNY/台,/,image,华为2.jpg,数码网报价单-0825更新/手机相关/华为2.jpg,1,1.0,visual_0825_source_crosschecked
20260825-7b11d2c1b4b89f7531a2-01,2026-08-25,手机,device,华为,荣耀Play系列,荣耀play9T,LLY-AN00,荣耀play9T,统货,140,CNY/台,/,image,华为2.jpg,数码网报价单-0825更新/手机相关/华为2.jpg,1,1.0,visual_0825_source_crosschecked
20260825-0e33412cc3368ce64c24-01,2026-08-25,手机,device,华为,荣耀Play系列,荣耀play8T,CLK-AN00,荣耀play8T,开机靓好,180,CNY/台,/,image,华为2.jpg,数码网报价单-0825更新/手机相关/华为2.jpg,1,1.0,visual_0825_source_crosschecked
20260825-8b550faee9207d08fae2-01,2026-08-25,手机,device,华为,荣耀Play系列,荣耀play8T,CLK-AN00,荣耀play8T,开机好碎,180,CNY/台,/,image,华为2.jpg,数码网报价单-0825更新/手机相关/华为2.jpg,1,1.0,visual_0825_source_crosschecked
20260825-a6dba84354a27eafbabc-01,2026-08-25,手机,device,华为,荣耀Play系列,荣耀play8T,CLK-AN00,荣耀play8T,开机碎屏,180,CNY/台,/,image,华为2.jpg,数码网报价单-0825更新/手机相关/华为2.jpg,1,1.0,visual_0825_source_crosschecked
20260825-56ca981118ef16bec638-01,2026-08-25,手机,device,华为,荣耀Play系列,荣耀play8T,CLK-AN00,荣耀play8T,开机坏配件,180,CNY/台,/,image,华为2.jpg,数码网报价单-0825更新/手机相关/华为2.jpg,1,1.0,visual_0825_source_crosschecked
20260825-a5ecb54f4778b10790ad-01,2026-08-25,手机,device,华为,荣耀Play系列,荣耀play8T,CLK-AN00,荣耀play8T,不开机,/,CNY/台,/,image,华为2.jpg,数码网报价单-0825更新/手机相关/华为2.jpg,1,1.0,visual_0825_source_crosschecked
20260825-aceb5810e45628c91990-01,2026-08-25,手机,device,华为,荣耀Play系列,荣耀play8T,CLK-AN00,荣耀play8T,废板·整机,140,CNY/台,/,image,华为2.jpg,数码网报价单-0825更新/手机相关/华为2.jpg,1,1.0,visual_0825_source_crosschecked
20260825-b95129a8f9916b7ce481-01,2026-08-25,手机,device,华为,荣耀Play系列,荣耀play8T,CLK-AN00,荣耀play8T,统货,140,CNY/台,/,image,华为2.jpg,数码网报价单-0825更新/手机相关/华为2.jpg,1,1.0,visual_0825_source_crosschecked
20260825-540475914fd50254552d-01,2026-08-25,手机,device,华为,荣耀Play系列,荣耀play7T,DID-AN00,荣耀play7T,开机靓好,190,CNY/台,/,image,华为2.jpg,数码网报价单-0825更新/手机相关/华为2.jpg,1,1.0,visual_0825_source_crosschecked
20260825-507a87535a984246a1f3-01,2026-08-25,手机,device,华为,荣耀Play系列,荣耀play7T,DID-AN00,荣耀play7T,开机好碎,190,CNY/台,/,image,华为2.jpg,数码网报价单-0825更新/手机相关/华为2.jpg,1,1.0,visual_0825_source_crosschecked
20260825-cfa0b6154551a0495526-01,2026-08-25,手机,device,华为,荣耀Play系列,荣耀play7T,DID-AN00,荣耀play7T,开机碎屏,190,CNY/台,/,image,华为2.jpg,数码网报价单-0825更新/手机相关/华为2.jpg,1,1.0,visual_0825_source_crosschecked
20260825-145e160c0a1070952c3b-01,2026-08-25,手机,device,华为,荣耀Play系列,荣耀play7T,DID-AN00,荣耀play7T,开机坏配件,190,CNY/台,/,image,华为2.jpg,数码网报价单-0825更新/手机相关/华为2.jpg,1,1.0,visual_0825_source_crosschecked
20260825-430248491b2c3810fbf8-01,2026-08-25,手机,device,华为,荣耀Play系列,荣耀play7T,DID-AN00,荣耀play7T,不开机,/,CNY/台,/,image,华为2.jpg,数码网报价单-0825更新/手机相关/华为2.jpg,1,1.0,visual_0825_source_crosschecked
20260825-0789eae1869c916a5f98-01,2026-08-25,手机,device,华为,荣耀Play系列,荣耀play7T,DID-AN00,荣耀play7T,废板·整机,140,CNY/台,/,image,华为2.jpg,数码网报价单-0825更新/手机相关/华为2.jpg,1,1.0,visual_0825_source_crosschecked
20260825-2b0e26725d95e5e5a24f-01,2026-08-25,手机,device,华为,荣耀Play系列,荣耀play7T,DID-AN00,荣耀play7T,统货,140,CNY/台,/,image,华为2.jpg,数码网报价单-0825更新/手机相关/华为2.jpg,1,1.0,visual_0825_source_crosschecked
20260825-cbe73b35de08fadc9fd4-01,2026-08-25,手机,device,华为,荣耀Play系列,荣耀play6T pro,TNY-AN00,荣耀play6T pro,开机靓好,135,CNY/台,/,image,华为2.jpg,数码网报价单-0825更新/手机相关/华为2.jpg,1,1.0,visual_0825_source_crosschecked
20260825-afdac8b2b3fb4d2b13cb-01,2026-08-25,手机,device,华为,荣耀Play系列,荣耀play6T pro,TNY-AN00,荣耀play6T pro,开机好碎,135,CNY/台,/,image,华为2.jpg,数码网报价单-0825更新/手机相关/华为2.jpg,1,1.0,visual_0825_source_crosschecked
20260825-87e73617589ef62034b2-01,2026-08-25,手机,device,华为,荣耀Play系列,荣耀play6T pro,TNY-AN00,荣耀play6T pro,开机碎屏,135,CNY/台,/,image,华为2.jpg,数码网报价单-0825更新/手机相关/华为2.jpg,1,1.0,visual_0825_source_crosschecked
20260825-696d4242775fa1d8669a-01,2026-08-25,手机,device,华为,荣耀Play系列,荣耀play6T pro,TNY-AN00,荣耀play6T pro,开机坏配件,135,CNY/台,/,image,华为2.jpg,数码网报价单-0825更新/手机相关/华为2.jpg,1,1.0,visual_0825_source_crosschecked
20260825-8b3f424bd6fab49ee538-01,2026-08-25,手机,device,华为,荣耀Play系列,荣耀play6T pro,TNY-AN00,荣耀play6T pro,不开机,/,CNY/台,/,image,华为2.jpg,数码网报价单-0825更新/手机相关/华为2.jpg,1,1.0,visual_0825_source_crosschecked
20260825-ca7ba8fcf4fa02e5463c-01,2026-08-25,手机,device,华为,荣耀Play系列,荣耀play6T pro,TNY-AN00,荣耀play6T pro,废板·整机,135,CNY/台,/,image,华为2.jpg,数码网报价单-0825更新/手机相关/华为2.jpg,1,1.0,visual_0825_source_crosschecked
20260825-2a9be070409e26062203-01,2026-08-25,手机,device,华为,荣耀Play系列,荣耀play6T pro,TNY-AN00,荣耀play6T pro,统货,135,CNY/台,/,image,华为2.jpg,数码网报价单-0825更新/手机相关/华为2.jpg,1,1.0,visual_0825_source_crosschecked
20260825-76da58bd8db63c2cb992-01,2026-08-25,手机,device,华为,荣耀Play系列,荣耀play6T,TF-AN00,荣耀play6T,开机靓好,180,CNY/台,/,image,华为2.jpg,数码网报价单-0825更新/手机相关/华为2.jpg,1,1.0,visual_0825_source_crosschecked
20260825-cdbe80ef9533c9441b91-01,2026-08-25,手机,device,华为,荣耀Play系列,荣耀play6T,TF-AN00,荣耀play6T,开机好碎,180,CNY/台,/,image,华为2.jpg,数码网报价单-0825更新/手机相关/华为2.jpg,1,1.0,visual_0825_source_crosschecked
20260825-ff9a90e1648ec76807ef-01,2026-08-25,手机,device,华为,荣耀Play系列,荣耀play6T,TF-AN00,荣耀play6T,开机碎屏,180,CNY/台,/,image,华为2.jpg,数码网报价单-0825更新/手机相关/华为2.jpg,1,1.0,visual_0825_source_crosschecked
20260825-42f3c2172e7ebf2c9e32-01,2026-08-25,手机,device,华为,荣耀Play系列,荣耀play6T,TF-AN00,荣耀play6T,开机坏配件,180,CNY/台,/,image,华为2.jpg,数码网报价单-0825更新/手机相关/华为2.jpg,1,1.0,visual_0825_source_crosschecked
20260825-0b592231f58a6d532bcf-01,2026-08-25,手机,device,华为,荣耀Play系列,荣耀play6T,TF-AN00,荣耀play6T,不开机,/,CNY/台,/,image,华为2.jpg,数码网报价单-0825更新/手机相关/华为2.jpg,1,1.0,visual_0825_source_crosschecked
20260825-9494fcd94113ffc182ac-01,2026-08-25,手机,device,华为,荣耀Play系列,荣耀play6T,TF-AN00,荣耀play6T,废板·整机,165,CNY/台,/,image,华为2.jpg,数码网报价单-0825更新/手机相关/华为2.jpg,1,1.0,visual_0825_source_crosschecked
20260825-a0d130fb5fd70671bf27-01,2026-08-25,手机,device,华为,荣耀Play系列,荣耀play6T,TF-AN00,荣耀play6T,统货,165,CNY/台,/,image,华为2.jpg,数码网报价单-0825更新/手机相关/华为2.jpg,1,1.0,visual_0825_source_crosschecked
20260825-77da541b83ac09f948c9-01,2026-08-25,手机,device,华为,荣耀Play系列,荣耀Play6c,SM4350/AN00,荣耀Play6c,开机靓好,135,CNY/台,/,image,华为2.jpg,数码网报价单-0825更新/手机相关/华为2.jpg,1,1.0,visual_0825_source_crosschecked
20260825-9a2def9581342e06b94f-01,2026-08-25,手机,device,华为,荣耀Play系列,荣耀Play6c,SM4350/AN00,荣耀Play6c,开机好碎,135,CNY/台,/,image,华为2.jpg,数码网报价单-0825更新/手机相关/华为2.jpg,1,1.0,visual_0825_source_crosschecked
20260825-68d13a0cf2621219d789-01,2026-08-25,手机,device,华为,荣耀Play系列,荣耀Play6c,SM4350/AN00,荣耀Play6c,开机碎屏,135,CNY/台,/,image,华为2.jpg,数码网报价单-0825更新/手机相关/华为2.jpg,1,1.0,visual_0825_source_crosschecked
20260825-c2fe6be9c0efa26e72d0-01,2026-08-25,手机,device,华为,荣耀Play系列,荣耀Play6c,SM4350/AN00,荣耀Play6c,开机坏配件,135,CNY/台,/,image,华为2.jpg,数码网报价单-0825更新/手机相关/华为2.jpg,1,1.0,visual_0825_source_crosschecked
20260825-2ed970c9a72f7af0c0ec-01,2026-08-25,手机,device,华为,荣耀Play系列,荣耀Play6c,SM4350/AN00,荣耀Play6c,不开机,/,CNY/台,/,image,华为2.jpg,数码网报价单-0825更新/手机相关/华为2.jpg,1,1.0,visual_0825_source_crosschecked
20260825-5ae565672c3a86bc6920-01,2026-08-25,手机,device,华为,荣耀Play系列,荣耀Play6c,SM4350/AN00,荣耀Play6c,废板·整机,135,CNY/台,/,image,华为2.jpg,数码网报价单-0825更新/手机相关/华为2.jpg,1,1.0,visual_0825_source_crosschecked
20260825-3b07520bc7e7582c0658-01,2026-08-25,手机,device,华为,荣耀Play系列,荣耀Play6c,SM4350/AN00,荣耀Play6c,统货,135,CNY/台,/,image,华为2.jpg,数码网报价单-0825更新/手机相关/华为2.jpg,1,1.0,visual_0825_source_crosschecked
20260825-3f70b433fda17114986d-01,2026-08-25,手机,device,华为,荣耀Play系列,荣耀Play5活力版,GIA-AN00,荣耀Play5活力版,开机靓好,180,CNY/台,/,image,华为2.jpg,数码网报价单-0825更新/手机相关/华为2.jpg,1,1.0,visual_0825_source_crosschecked
20260825-9d1fe42e6e1fdc7b96a6-01,2026-08-25,手机,device,华为,荣耀Play系列,荣耀Play5活力版,GIA-AN00,荣耀Play5活力版,开机好碎,180,CNY/台,/,image,华为2.jpg,数码网报价单-0825更新/手机相关/华为2.jpg,1,1.0,visual_0825_source_crosschecked
20260825-7a616056fee1b6f38bad-01,2026-08-25,手机,device,华为,荣耀Play系列,荣耀Play5活力版,GIA-AN00,荣耀Play5活力版,开机碎屏,180,CNY/台,/,image,华为2.jpg,数码网报价单-0825更新/手机相关/华为2.jpg,1,1.0,visual_0825_source_crosschecked
20260825-504bf591a01755805656-01,2026-08-25,手机,device,华为,荣耀Play系列,荣耀Play5活力版,GIA-AN00,荣耀Play5活力版,开机坏配件,180,CNY/台,/,image,华为2.jpg,数码网报价单-0825更新/手机相关/华为2.jpg,1,1.0,visual_0825_source_crosschecked
20260825-c644383ff8ead70726f9-01,2026-08-25,手机,device,华为,荣耀Play系列,荣耀Play5活力版,GIA-AN00,荣耀Play5活力版,不开机,/,CNY/台,/,image,华为2.jpg,数码网报价单-0825更新/手机相关/华为2.jpg,1,1.0,visual_0825_source_crosschecked
20260825-27eea19e7e486d6c4979-01,2026-08-25,手机,device,华为,荣耀Play系列,荣耀Play5活力版,GIA-AN00,荣耀Play5活力版,废板·整机,165,CNY/台,/,image,华为2.jpg,数码网报价单-0825更新/手机相关/华为2.jpg,1,1.0,visual_0825_source_crosschecked
20260825-844b76503c276ee61d44-01,2026-08-25,手机,device,华为,荣耀Play系列,荣耀Play5活力版,GIA-AN00,荣耀Play5活力版,统货,165,CNY/台,/,image,华为2.jpg,数码网报价单-0825更新/手机相关/华为2.jpg,1,1.0,visual_0825_source_crosschecked
20260825-070983bf45c575db4d74-01,2026-08-25,手机,device,华为,荣耀Play系列,荣耀play5 5G,HJC-AN00,荣耀play5 5G,开机靓好,165,CNY/台,/,image,华为2.jpg,数码网报价单-0825更新/手机相关/华为2.jpg,1,1.0,visual_0825_source_crosschecked
20260825-bb4801e9c33265a82a5c-01,2026-08-25,手机,device,华为,荣耀Play系列,荣耀play5 5G,HJC-AN00,荣耀play5 5G,开机好碎,165,CNY/台,/,image,华为2.jpg,数码网报价单-0825更新/手机相关/华为2.jpg,1,1.0,visual_0825_source_crosschecked
20260825-96abc15fc2a70e5ab155-01,2026-08-25,手机,device,华为,荣耀Play系列,荣耀play5 5G,HJC-AN00,荣耀play5 5G,开机碎屏,165,CNY/台,/,image,华为2.jpg,数码网报价单-0825更新/手机相关/华为2.jpg,1,1.0,visual_0825_source_crosschecked
20260825-d7b735194aef001f9864-01,2026-08-25,手机,device,华为,荣耀Play系列,荣耀play5 5G,HJC-AN00,荣耀play5 5G,开机坏配件,165,CNY/台,/,image,华为2.jpg,数码网报价单-0825更新/手机相关/华为2.jpg,1,1.0,visual_0825_source_crosschecked
20260825-711385be9779f7bfbaec-01,2026-08-25,手机,device,华为,荣耀Play系列,荣耀play5 5G,HJC-AN00,荣耀play5 5G,不开机,/,CNY/台,/,image,华为2.jpg,数码网报价单-0825更新/手机相关/华为2.jpg,1,1.0,visual_0825_source_crosschecked
20260825-44173e1ce1d26dbf3c74-01,2026-08-25,手机,device,华为,荣耀Play系列,荣耀play5 5G,HJC-AN00,荣耀play5 5G,废板·整机,165,CNY/台,/,image,华为2.jpg,数码网报价单-0825更新/手机相关/华为2.jpg,1,1.0,visual_0825_source_crosschecked
20260825-5460832d0fac69f1dbd4-01,2026-08-25,手机,device,华为,荣耀Play系列,荣耀play5 5G,HJC-AN00,荣耀play5 5G,统货,165,CNY/台,/,image,华为2.jpg,数码网报价单-0825更新/手机相关/华为2.jpg,1,1.0,visual_0825_source_crosschecked
20260825-8f93d3017d61f3096da1-01,2026-08-25,手机,device,华为,荣耀Play系列,荣耀play5T活力版,KOZ-AL00,荣耀play5T活力版,开机靓好,135,CNY/台,/,image,华为2.jpg,数码网报价单-0825更新/手机相关/华为2.jpg,1,1.0,visual_0825_source_crosschecked
20260825-4f0a3289444ac807650a-01,2026-08-25,手机,device,华为,荣耀Play系列,荣耀play5T活力版,KOZ-AL00,荣耀play5T活力版,开机好碎,135,CNY/台,/,image,华为2.jpg,数码网报价单-0825更新/手机相关/华为2.jpg,1,1.0,visual_0825_source_crosschecked
20260825-8bc5c5b7407b34c937e6-01,2026-08-25,手机,device,华为,荣耀Play系列,荣耀play5T活力版,KOZ-AL00,荣耀play5T活力版,开机碎屏,135,CNY/台,/,image,华为2.jpg,数码网报价单-0825更新/手机相关/华为2.jpg,1,1.0,visual_0825_source_crosschecked
20260825-fc8a088553f1cbeab738-01,2026-08-25,手机,device,华为,荣耀Play系列,荣耀play5T活力版,KOZ-AL00,荣耀play5T活力版,开机坏配件,135,CNY/台,/,image,华为2.jpg,数码网报价单-0825更新/手机相关/华为2.jpg,1,1.0,visual_0825_source_crosschecked
20260825-8534a69cec9fae243674-01,2026-08-25,手机,device,华为,荣耀Play系列,荣耀play5T活力版,KOZ-AL00,荣耀play5T活力版,不开机,/,CNY/台,/,image,华为2.jpg,数码网报价单-0825更新/手机相关/华为2.jpg,1,1.0,visual_0825_source_crosschecked
20260825-87512fe67d592f13133b-01,2026-08-25,手机,device,华为,荣耀Play系列,荣耀play5T活力版,KOZ-AL00,荣耀play5T活力版,废板·整机,135,CNY/台,/,image,华为2.jpg,数码网报价单-0825更新/手机相关/华为2.jpg,1,1.0,visual_0825_source_crosschecked
20260825-e02cf314d07742a64ca8-01,2026-08-25,手机,device,华为,荣耀Play系列,荣耀play5T活力版,KOZ-AL00,荣耀play5T活力版,统货,135,CNY/台,/,image,华为2.jpg,数码网报价单-0825更新/手机相关/华为2.jpg,1,1.0,visual_0825_source_crosschecked
20260825-4361f02c4accdaea2916-01,2026-08-25,手机,device,华为,荣耀Play系列,荣耀play5T,NZA-AL00,荣耀play5T,开机靓好,165,CNY/台,/,image,华为2.jpg,数码网报价单-0825更新/手机相关/华为2.jpg,1,1.0,visual_0825_source_crosschecked
20260825-ce0bfb923e26cfcca1d5-01,2026-08-25,手机,device,华为,荣耀Play系列,荣耀play5T,NZA-AL00,荣耀play5T,开机好碎,165,CNY/台,/,image,华为2.jpg,数码网报价单-0825更新/手机相关/华为2.jpg,1,1.0,visual_0825_source_crosschecked
20260825-2ce60521121709c11e9c-01,2026-08-25,手机,device,华为,荣耀Play系列,荣耀play5T,NZA-AL00,荣耀play5T,开机碎屏,165,CNY/台,/,image,华为2.jpg,数码网报价单-0825更新/手机相关/华为2.jpg,1,1.0,visual_0825_source_crosschecked
20260825-75527e75df2839b8dd9e-01,2026-08-25,手机,device,华为,荣耀Play系列,荣耀play5T,NZA-AL00,荣耀play5T,开机坏配件,165,CNY/台,/,image,华为2.jpg,数码网报价单-0825更新/手机相关/华为2.jpg,1,1.0,visual_0825_source_crosschecked
20260825-71effb1c7351bfb8f7bd-01,2026-08-25,手机,device,华为,荣耀Play系列,荣耀play5T,NZA-AL00,荣耀play5T,不开机,/,CNY/台,/,image,华为2.jpg,数码网报价单-0825更新/手机相关/华为2.jpg,1,1.0,visual_0825_source_crosschecked
20260825-82bba4b97312866b0e81-01,2026-08-25,手机,device,华为,荣耀Play系列,荣耀play5T,NZA-AL00,荣耀play5T,废板·整机,165,CNY/台,/,image,华为2.jpg,数码网报价单-0825更新/手机相关/华为2.jpg,1,1.0,visual_0825_source_crosschecked
20260825-23e43328a74282c5fd9b-01,2026-08-25,手机,device,华为,荣耀Play系列,荣耀play5T,NZA-AL00,荣耀play5T,统货,165,CNY/台,/,image,华为2.jpg,数码网报价单-0825更新/手机相关/华为2.jpg,1,1.0,visual_0825_source_crosschecked
20260825-ae75073141380ed0c5a6-01,2026-08-25,手机,device,华为,荣耀Play系列,荣耀play4T Pro,AQM-AL10,荣耀play4T Pro,开机靓好,220,CNY/台,开机屏幕发黄发暗扣钱 烧坏打字不计,image,华为2.jpg,数码网报价单-0825更新/手机相关/华为2.jpg,1,1.0,visual_0825_source_crosschecked
20260825-82ae25dbf35ee1953b08-01,2026-08-25,手机,device,华为,荣耀Play系列,荣耀play4T Pro,AQM-AL10,荣耀play4T Pro,开机好碎,220,CNY/台,开机屏幕发黄发暗扣钱 烧坏打字不计,image,华为2.jpg,数码网报价单-0825更新/手机相关/华为2.jpg,1,1.0,visual_0825_source_crosschecked
20260825-03fbe6d246fd486a9721-01,2026-08-25,手机,device,华为,荣耀Play系列,荣耀play4T Pro,AQM-AL10,荣耀play4T Pro,开机碎屏,220,CNY/台,开机屏幕发黄发暗扣钱 烧坏打字不计,image,华为2.jpg,数码网报价单-0825更新/手机相关/华为2.jpg,1,1.0,visual_0825_source_crosschecked
20260825-a5ebe391a276873567b4-01,2026-08-25,手机,device,华为,荣耀Play系列,荣耀play4T Pro,AQM-AL10,荣耀play4T Pro,开机坏配件,220,CNY/台,开机屏幕发黄发暗扣钱 烧坏打字不计,image,华为2.jpg,数码网报价单-0825更新/手机相关/华为2.jpg,1,1.0,visual_0825_source_crosschecked
20260825-0672f18e40bc28f7c58c-01,2026-08-25,手机,device,华为,荣耀Play系列,荣耀play4T Pro,AQM-AL10,荣耀play4T Pro,不开机,/,CNY/台,开机屏幕发黄发暗扣钱 烧坏打字不计,image,华为2.jpg,数码网报价单-0825更新/手机相关/华为2.jpg,1,1.0,visual_0825_source_crosschecked
20260825-a6bab88f42256c33f1e8-01,2026-08-25,手机,device,华为,荣耀Play系列,荣耀play4T Pro,AQM-AL10,荣耀play4T Pro,废板·整机,220,CNY/台,开机屏幕发黄发暗扣钱 烧坏打字不计,image,华为2.jpg,数码网报价单-0825更新/手机相关/华为2.jpg,1,1.0,visual_0825_source_crosschecked
20260825-3d4ab41e3e4035855ea1-01,2026-08-25,手机,device,华为,荣耀Play系列,荣耀play4T Pro,AQM-AL10,荣耀play4T Pro,统货,220,CNY/台,开机屏幕发黄发暗扣钱 烧坏打字不计,image,华为2.jpg,数码网报价单-0825更新/手机相关/华为2.jpg,1,1.0,visual_0825_source_crosschecked
20260825-6217dc6c073fc74324e5-01,2026-08-25,手机,device,华为,荣耀Play系列,荣耀Play4T,AKA-AL10,荣耀Play4T,开机靓好,170,CNY/台,/,image,华为2.jpg,数码网报价单-0825更新/手机相关/华为2.jpg,1,1.0,visual_0825_source_crosschecked
20260825-4c3af45abb8bcf1d19fe-01,2026-08-25,手机,device,华为,荣耀Play系列,荣耀Play4T,AKA-AL10,荣耀Play4T,开机好碎,170,CNY/台,/,image,华为2.jpg,数码网报价单-0825更新/手机相关/华为2.jpg,1,1.0,visual_0825_source_crosschecked
20260825-4b70396b04f832df471d-01,2026-08-25,手机,device,华为,荣耀Play系列,荣耀Play4T,AKA-AL10,荣耀Play4T,开机碎屏,170,CNY/台,/,image,华为2.jpg,数码网报价单-0825更新/手机相关/华为2.jpg,1,1.0,visual_0825_source_crosschecked
20260825-cb00596d163f763fc3a7-01,2026-08-25,手机,device,华为,荣耀Play系列,荣耀Play4T,AKA-AL10,荣耀Play4T,开机坏配件,170,CNY/台,/,image,华为2.jpg,数码网报价单-0825更新/手机相关/华为2.jpg,1,1.0,visual_0825_source_crosschecked
20260825-260b39cb5ceffc9f8324-01,2026-08-25,手机,device,华为,荣耀Play系列,荣耀Play4T,AKA-AL10,荣耀Play4T,不开机,/,CNY/台,/,image,华为2.jpg,数码网报价单-0825更新/手机相关/华为2.jpg,1,1.0,visual_0825_source_crosschecked
20260825-355d85250ec1b292ab34-01,2026-08-25,手机,device,华为,荣耀Play系列,荣耀Play4T,AKA-AL10,荣耀Play4T,废板·整机,170,CNY/台,/,image,华为2.jpg,数码网报价单-0825更新/手机相关/华为2.jpg,1,1.0,visual_0825_source_crosschecked
20260825-14afe4d369fa17cdc31d-01,2026-08-25,手机,device,华为,荣耀Play系列,荣耀Play4T,AKA-AL10,荣耀Play4T,统货,170,CNY/台,/,image,华为2.jpg,数码网报价单-0825更新/手机相关/华为2.jpg,1,1.0,visual_0825_source_crosschecked
20260825-9a7c70df7d6498e414eb-01,2026-08-25,手机,device,华为,荣耀Play系列,荣耀Play4,HJC-AN00,荣耀Play4,开机靓好,170,CNY/台,/,image,华为2.jpg,数码网报价单-0825更新/手机相关/华为2.jpg,1,1.0,visual_0825_source_crosschecked
20260825-4f040ef8281e814fe368-01,2026-08-25,手机,device,华为,荣耀Play系列,荣耀Play4,HJC-AN00,荣耀Play4,开机好碎,170,CNY/台,/,image,华为2.jpg,数码网报价单-0825更新/手机相关/华为2.jpg,1,1.0,visual_0825_source_crosschecked
20260825-e922d59bcf8f1dac7a80-01,2026-08-25,手机,device,华为,荣耀Play系列,荣耀Play4,HJC-AN00,荣耀Play4,开机碎屏,170,CNY/台,/,image,华为2.jpg,数码网报价单-0825更新/手机相关/华为2.jpg,1,1.0,visual_0825_source_crosschecked
20260825-35e68cef1dafdcf0d0d1-01,2026-08-25,手机,device,华为,荣耀Play系列,荣耀Play4,HJC-AN00,荣耀Play4,开机坏配件,170,CNY/台,/,image,华为2.jpg,数码网报价单-0825更新/手机相关/华为2.jpg,1,1.0,visual_0825_source_crosschecked
20260825-659ebc7ff53fcf3b9041-01,2026-08-25,手机,device,华为,荣耀Play系列,荣耀Play4,HJC-AN00,荣耀Play4,不开机,/,CNY/台,/,image,华为2.jpg,数码网报价单-0825更新/手机相关/华为2.jpg,1,1.0,visual_0825_source_crosschecked
20260825-39cb3545a2b546d1be0c-01,2026-08-25,手机,device,华为,荣耀Play系列,荣耀Play4,HJC-AN00,荣耀Play4,废板·整机,170,CNY/台,/,image,华为2.jpg,数码网报价单-0825更新/手机相关/华为2.jpg,1,1.0,visual_0825_source_crosschecked
20260825-6772236a49c42805bd75-01,2026-08-25,手机,device,华为,荣耀Play系列,荣耀Play4,HJC-AN00,荣耀Play4,统货,170,CNY/台,/,image,华为2.jpg,数码网报价单-0825更新/手机相关/华为2.jpg,1,1.0,visual_0825_source_crosschecked
20260825-c032c46efa93417998c3-01,2026-08-25,手机,device,华为,荣耀Play系列,荣耀Play4 Pro,OXF-AN10,荣耀Play4 Pro,开机靓好,135,CNY/台,开机芯片统货无破损,image,华为2.jpg,数码网报价单-0825更新/手机相关/华为2.jpg,1,1.0,visual_0825_source_crosschecked
20260825-fd8a35b2559ae7378edc-01,2026-08-25,手机,device,华为,荣耀Play系列,荣耀Play4 Pro,OXF-AN10,荣耀Play4 Pro,开机好碎,135,CNY/台,开机芯片统货无破损,image,华为2.jpg,数码网报价单-0825更新/手机相关/华为2.jpg,1,1.0,visual_0825_source_crosschecked
20260825-60489da091ae5a1982d9-01,2026-08-25,手机,device,华为,荣耀Play系列,荣耀Play4 Pro,OXF-AN10,荣耀Play4 Pro,开机碎屏,135,CNY/台,开机芯片统货无破损,image,华为2.jpg,数码网报价单-0825更新/手机相关/华为2.jpg,1,1.0,visual_0825_source_crosschecked
20260825-2a19b2714b496f02aaad-01,2026-08-25,手机,device,华为,荣耀Play系列,荣耀Play4 Pro,OXF-AN10,荣耀Play4 Pro,开机坏配件,135,CNY/台,开机芯片统货无破损,image,华为2.jpg,数码网报价单-0825更新/手机相关/华为2.jpg,1,1.0,visual_0825_source_crosschecked
20260825-7fd6ea6cb8e750a9d488-01,2026-08-25,手机,device,华为,荣耀Play系列,荣耀Play4 Pro,OXF-AN10,荣耀Play4 Pro,不开机,135,CNY/台,开机芯片统货无破损,image,华为2.jpg,数码网报价单-0825更新/手机相关/华为2.jpg,1,1.0,visual_0825_source_crosschecked
20260825-abe75681e6f0f3f0a118-01,2026-08-25,手机,device,华为,荣耀Play系列,荣耀Play4 Pro,OXF-AN10,荣耀Play4 Pro,废板·整机,135,CNY/台,开机芯片统货无破损,image,华为2.jpg,数码网报价单-0825更新/手机相关/华为2.jpg,1,1.0,visual_0825_source_crosschecked
20260825-081bc4478010af2af894-01,2026-08-25,手机,device,华为,荣耀Play系列,荣耀Play4 Pro,OXF-AN10,荣耀Play4 Pro,统货,/,CNY/台,开机芯片统货无破损,image,华为2.jpg,数码网报价单-0825更新/手机相关/华为2.jpg,1,1.0,visual_0825_source_crosschecked
20260825-8b3a09b1a95070eba0b4-01,2026-08-25,手机,device,华为,荣耀Play系列,荣耀Play3,ASK-AL00,荣耀Play3,开机靓好,100,CNY/台,开机芯片统货无破损,image,华为2.jpg,数码网报价单-0825更新/手机相关/华为2.jpg,1,1.0,visual_0825_source_crosschecked
20260825-96a6c197c218a88cea06-01,2026-08-25,手机,device,华为,荣耀Play系列,荣耀Play3,ASK-AL00,荣耀Play3,开机好碎,100,CNY/台,开机芯片统货无破损,image,华为2.jpg,数码网报价单-0825更新/手机相关/华为2.jpg,1,1.0,visual_0825_source_crosschecked
20260825-849b868d6178ec606bd8-01,2026-08-25,手机,device,华为,荣耀Play系列,荣耀Play3,ASK-AL00,荣耀Play3,开机碎屏,100,CNY/台,开机芯片统货无破损,image,华为2.jpg,数码网报价单-0825更新/手机相关/华为2.jpg,1,1.0,visual_0825_source_crosschecked
20260825-021057707bf79a4fb1e2-01,2026-08-25,手机,device,华为,荣耀Play系列,荣耀Play3,ASK-AL00,荣耀Play3,开机坏配件,100,CNY/台,开机芯片统货无破损,image,华为2.jpg,数码网报价单-0825更新/手机相关/华为2.jpg,1,1.0,visual_0825_source_crosschecked
20260825-cf3b503e1a16de368ec6-01,2026-08-25,手机,device,华为,荣耀Play系列,荣耀Play3,ASK-AL00,荣耀Play3,不开机,100,CNY/台,开机芯片统货无破损,image,华为2.jpg,数码网报价单-0825更新/手机相关/华为2.jpg,1,1.0,visual_0825_source_crosschecked
20260825-a88f109997845e3d0b85-01,2026-08-25,手机,device,华为,荣耀Play系列,荣耀Play3,ASK-AL00,荣耀Play3,废板·整机,100,CNY/台,开机芯片统货无破损,image,华为2.jpg,数码网报价单-0825更新/手机相关/华为2.jpg,1,1.0,visual_0825_source_crosschecked
20260825-9a1ae54ac522bd21aa4a-01,2026-08-25,手机,device,华为,荣耀Play系列,荣耀Play3,ASK-AL00,荣耀Play3,统货,/,CNY/台,开机芯片统货无破损,image,华为2.jpg,数码网报价单-0825更新/手机相关/华为2.jpg,1,1.0,visual_0825_source_crosschecked
20260825-e57cab76b712947e31d1-01,2026-08-25,手机,device,华为,荣耀Play系列,荣耀Play3e,KNT-AL20,荣耀Play3e,开机靓好,80,CNY/台,/,image,华为2.jpg,数码网报价单-0825更新/手机相关/华为2.jpg,1,1.0,visual_0825_source_crosschecked
20260825-0c9541615b336760ed0d-01,2026-08-25,手机,device,华为,荣耀Play系列,荣耀Play3e,KNT-AL20,荣耀Play3e,开机好碎,80,CNY/台,/,image,华为2.jpg,数码网报价单-0825更新/手机相关/华为2.jpg,1,1.0,visual_0825_source_crosschecked
20260825-4be17ab79c6cda506dbb-01,2026-08-25,手机,device,华为,荣耀Play系列,荣耀Play3e,KNT-AL20,荣耀Play3e,开机碎屏,80,CNY/台,/,image,华为2.jpg,数码网报价单-0825更新/手机相关/华为2.jpg,1,1.0,visual_0825_source_crosschecked
20260825-38502c2b7d4b3a2478e2-01,2026-08-25,手机,device,华为,荣耀Play系列,荣耀Play3e,KNT-AL20,荣耀Play3e,开机坏配件,80,CNY/台,/,image,华为2.jpg,数码网报价单-0825更新/手机相关/华为2.jpg,1,1.0,visual_0825_source_crosschecked
20260825-1ed730d2d3fac6d09c89-01,2026-08-25,手机,device,华为,荣耀Play系列,荣耀Play3e,KNT-AL20,荣耀Play3e,不开机,80,CNY/台,/,image,华为2.jpg,数码网报价单-0825更新/手机相关/华为2.jpg,1,1.0,visual_0825_source_crosschecked
20260825-9e00f69bf5a0d925b25c-01,2026-08-25,手机,device,华为,荣耀Play系列,荣耀Play3e,KNT-AL20,荣耀Play3e,废板·整机,45,CNY/台,/,image,华为2.jpg,数码网报价单-0825更新/手机相关/华为2.jpg,1,1.0,visual_0825_source_crosschecked
20260825-47a1b947701bf60d22f6-01,2026-08-25,手机,device,华为,荣耀Play系列,荣耀Play3e,KNT-AL20,荣耀Play3e,统货,/,CNY/台,/,image,华为2.jpg,数码网报价单-0825更新/手机相关/华为2.jpg,1,1.0,visual_0825_source_crosschecked
20260825-893e6920178188f4d6ed-01,2026-08-25,手机,device,华为,荣耀Play系列,荣耀Play (4+64/128),COR-AL00,荣耀Play (4+64/128),开机靓好,65,CNY/台,开机芯片统货无破损 屏幕好坏不影响打字不计,image,华为2.jpg,数码网报价单-0825更新/手机相关/华为2.jpg,1,1.0,visual_0825_source_crosschecked
20260825-d6ad0aab7596b865ed3c-01,2026-08-25,手机,device,华为,荣耀Play系列,荣耀Play (4+64/128),COR-AL00,荣耀Play (4+64/128),开机好碎,65,CNY/台,开机芯片统货无破损 屏幕好坏不影响打字不计,image,华为2.jpg,数码网报价单-0825更新/手机相关/华为2.jpg,1,1.0,visual_0825_source_crosschecked
20260825-a018537850eaddbba02b-01,2026-08-25,手机,device,华为,荣耀Play系列,荣耀Play (4+64/128),COR-AL00,荣耀Play (4+64/128),开机碎屏,65,CNY/台,开机芯片统货无破损 屏幕好坏不影响打字不计,image,华为2.jpg,数码网报价单-0825更新/手机相关/华为2.jpg,1,1.0,visual_0825_source_crosschecked
20260825-bf7ccfefe76fe9653e9b-01,2026-08-25,手机,device,华为,荣耀Play系列,荣耀Play (4+64/128),COR-AL00,荣耀Play (4+64/128),开机坏配件,65,CNY/台,开机芯片统货无破损 屏幕好坏不影响打字不计,image,华为2.jpg,数码网报价单-0825更新/手机相关/华为2.jpg,1,1.0,visual_0825_source_crosschecked
20260825-4b1f8aeacd5c61180b3b-01,2026-08-25,手机,device,华为,荣耀Play系列,荣耀Play (4+64/128),COR-AL00,荣耀Play (4+64/128),不开机,65,CNY/台,开机芯片统货无破损 屏幕好坏不影响打字不计,image,华为2.jpg,数码网报价单-0825更新/手机相关/华为2.jpg,1,1.0,visual_0825_source_crosschecked
20260825-1e06e81d8ca2b4de29de-01,2026-08-25,手机,device,华为,荣耀Play系列,荣耀Play (4+64/128),COR-AL00,荣耀Play (4+64/128),废板·整机,65,CNY/台,开机芯片统货无破损 屏幕好坏不影响打字不计,image,华为2.jpg,数码网报价单-0825更新/手机相关/华为2.jpg,1,1.0,visual_0825_source_crosschecked
20260825-d48162a41cebf7832ba4-01,2026-08-25,手机,device,华为,荣耀Play系列,荣耀Play (4+64/128),COR-AL00,荣耀Play (4+64/128),统货,/,CNY/台,开机芯片统货无破损 屏幕好坏不影响打字不计,image,华为2.jpg,数码网报价单-0825更新/手机相关/华为2.jpg,1,1.0,visual_0825_source_crosschecked
20260825-b4024a555de64aca8acc-01,2026-08-25,手机,device,华为,荣耀Play系列,荣耀Play (6+64/128),COR-AL00,荣耀Play (6+64/128),开机靓好,65,CNY/台,开机芯片统货无破损 屏幕好坏不影响打字不计,image,华为2.jpg,数码网报价单-0825更新/手机相关/华为2.jpg,1,1.0,visual_0825_source_crosschecked
20260825-bc440cdc135693310388-01,2026-08-25,手机,device,华为,荣耀Play系列,荣耀Play (6+64/128),COR-AL00,荣耀Play (6+64/128),开机好碎,65,CNY/台,开机芯片统货无破损 屏幕好坏不影响打字不计,image,华为2.jpg,数码网报价单-0825更新/手机相关/华为2.jpg,1,1.0,visual_0825_source_crosschecked
20260825-7aefc7cffc8687bf6cc5-01,2026-08-25,手机,device,华为,荣耀Play系列,荣耀Play (6+64/128),COR-AL00,荣耀Play (6+64/128),开机碎屏,65,CNY/台,开机芯片统货无破损 屏幕好坏不影响打字不计,image,华为2.jpg,数码网报价单-0825更新/手机相关/华为2.jpg,1,1.0,visual_0825_source_crosschecked
20260825-057536cf89cf6b1c2da6-01,2026-08-25,手机,device,华为,荣耀Play系列,荣耀Play (6+64/128),COR-AL00,荣耀Play (6+64/128),开机坏配件,65,CNY/台,开机芯片统货无破损 屏幕好坏不影响打字不计,image,华为2.jpg,数码网报价单-0825更新/手机相关/华为2.jpg,1,1.0,visual_0825_source_crosschecked
20260825-f9ab1f6038f7b2911294-01,2026-08-25,手机,device,华为,荣耀Play系列,荣耀Play (6+64/128),COR-AL00,荣耀Play (6+64/128),不开机,65,CNY/台,开机芯片统货无破损 屏幕好坏不影响打字不计,image,华为2.jpg,数码网报价单-0825更新/手机相关/华为2.jpg,1,1.0,visual_0825_source_crosschecked
20260825-696b0b57312cecd233e4-01,2026-08-25,手机,device,华为,荣耀Play系列,荣耀Play (6+64/128),COR-AL00,荣耀Play (6+64/128),废板·整机,65,CNY/台,开机芯片统货无破损 屏幕好坏不影响打字不计,image,华为2.jpg,数码网报价单-0825更新/手机相关/华为2.jpg,1,1.0,visual_0825_source_crosschecked
20260825-6ac29238e3352c123c6e-01,2026-08-25,手机,device,华为,荣耀Play系列,荣耀Play (6+64/128),COR-AL00,荣耀Play (6+64/128),统货,/,CNY/台,开机芯片统货无破损 屏幕好坏不影响打字不计,image,华为2.jpg,数码网报价单-0825更新/手机相关/华为2.jpg,1,1.0,visual_0825_source_crosschecked
20260825-3d88c51f42b63406ae4c-01,2026-08-25,手机,device,华为,华为畅享系列,畅享60X,STG-AL00,畅享60X,开机靓好,200,CNY/台,/,image,华为2.jpg,数码网报价单-0825更新/手机相关/华为2.jpg,1,1.0,visual_0825_source_crosschecked
20260825-5397d84ff6e619e898b2-01,2026-08-25,手机,device,华为,华为畅享系列,畅享60X,STG-AL00,畅享60X,开机好碎,200,CNY/台,/,image,华为2.jpg,数码网报价单-0825更新/手机相关/华为2.jpg,1,1.0,visual_0825_source_crosschecked
20260825-bb3700d699ce41e70561-01,2026-08-25,手机,device,华为,华为畅享系列,畅享60X,STG-AL00,畅享60X,开机碎屏,200,CNY/台,/,image,华为2.jpg,数码网报价单-0825更新/手机相关/华为2.jpg,1,1.0,visual_0825_source_crosschecked
20260825-9f99662aef1e8fe24259-01,2026-08-25,手机,device,华为,华为畅享系列,畅享60X,STG-AL00,畅享60X,开机坏配件,200,CNY/台,/,image,华为2.jpg,数码网报价单-0825更新/手机相关/华为2.jpg,1,1.0,visual_0825_source_crosschecked
20260825-ada00cbdc13c157a7fda-01,2026-08-25,手机,device,华为,华为畅享系列,畅享60X,STG-AL00,畅享60X,不开机,/,CNY/台,/,image,华为2.jpg,数码网报价单-0825更新/手机相关/华为2.jpg,1,1.0,visual_0825_source_crosschecked
20260825-a2f029431b8319ac76c2-01,2026-08-25,手机,device,华为,华为畅享系列,畅享60X,STG-AL00,畅享60X,废板·整机,130,CNY/台,/,image,华为2.jpg,数码网报价单-0825更新/手机相关/华为2.jpg,1,1.0,visual_0825_source_crosschecked
20260825-6aaf5934e9f16245a476-01,2026-08-25,手机,device,华为,华为畅享系列,畅享60X,STG-AL00,畅享60X,统货,130,CNY/台,/,image,华为2.jpg,数码网报价单-0825更新/手机相关/华为2.jpg,1,1.0,visual_0825_source_crosschecked
20260825-9e8769b9ae28653c028e-01,2026-08-25,手机,device,华为,华为畅享系列,畅享60e,NIC-AN00,畅享60e,开机靓好,190,CNY/台,/,image,华为2.jpg,数码网报价单-0825更新/手机相关/华为2.jpg,1,1.0,visual_0825_source_crosschecked
20260825-5dfbdd11f8e3b899680c-01,2026-08-25,手机,device,华为,华为畅享系列,畅享60e,NIC-AN00,畅享60e,开机好碎,190,CNY/台,/,image,华为2.jpg,数码网报价单-0825更新/手机相关/华为2.jpg,1,1.0,visual_0825_source_crosschecked
20260825-19de4dfa2c7e076f8666-01,2026-08-25,手机,device,华为,华为畅享系列,畅享60e,NIC-AN00,畅享60e,开机碎屏,190,CNY/台,/,image,华为2.jpg,数码网报价单-0825更新/手机相关/华为2.jpg,1,1.0,visual_0825_source_crosschecked
20260825-be3da57274142d34aedc-01,2026-08-25,手机,device,华为,华为畅享系列,畅享60e,NIC-AN00,畅享60e,开机坏配件,190,CNY/台,/,image,华为2.jpg,数码网报价单-0825更新/手机相关/华为2.jpg,1,1.0,visual_0825_source_crosschecked
20260825-d9ab29ce397138541117-01,2026-08-25,手机,device,华为,华为畅享系列,畅享60e,NIC-AN00,畅享60e,不开机,/,CNY/台,/,image,华为2.jpg,数码网报价单-0825更新/手机相关/华为2.jpg,1,1.0,visual_0825_source_crosschecked
20260825-1e2dab276a061fb95fcb-01,2026-08-25,手机,device,华为,华为畅享系列,畅享60e,NIC-AN00,畅享60e,废板·整机,150,CNY/台,/,image,华为2.jpg,数码网报价单-0825更新/手机相关/华为2.jpg,1,1.0,visual_0825_source_crosschecked
20260825-32369a1464f593ed2a96-01,2026-08-25,手机,device,华为,华为畅享系列,畅享60e,NIC-AN00,畅享60e,统货,150,CNY/台,/,image,华为2.jpg,数码网报价单-0825更新/手机相关/华为2.jpg,1,1.0,visual_0825_source_crosschecked
20260825-1be1ac860e6843b086c3-01,2026-08-25,手机,device,华为,华为畅享系列,畅享60z,ALT-AN00,畅享60z,开机靓好,290,CNY/台,/,image,华为2.jpg,数码网报价单-0825更新/手机相关/华为2.jpg,1,1.0,visual_0825_source_crosschecked
20260825-b71a914f9a6118c19219-01,2026-08-25,手机,device,华为,华为畅享系列,畅享60z,ALT-AN00,畅享60z,开机好碎,290,CNY/台,/,image,华为2.jpg,数码网报价单-0825更新/手机相关/华为2.jpg,1,1.0,visual_0825_source_crosschecked
20260825-63149296c4bc0fd31a33-01,2026-08-25,手机,device,华为,华为畅享系列,畅享60z,ALT-AN00,畅享60z,开机碎屏,290,CNY/台,/,image,华为2.jpg,数码网报价单-0825更新/手机相关/华为2.jpg,1,1.0,visual_0825_source_crosschecked
20260825-d7fc3c98e4a10476f285-01,2026-08-25,手机,device,华为,华为畅享系列,畅享60z,ALT-AN00,畅享60z,开机坏配件,290,CNY/台,/,image,华为2.jpg,数码网报价单-0825更新/手机相关/华为2.jpg,1,1.0,visual_0825_source_crosschecked
20260825-c5e47d0565913e9cf6a4-01,2026-08-25,手机,device,华为,华为畅享系列,畅享60z,ALT-AN00,畅享60z,不开机,/,CNY/台,/,image,华为2.jpg,数码网报价单-0825更新/手机相关/华为2.jpg,1,1.0,visual_0825_source_crosschecked
20260825-4b6121905717a08f86a4-01,2026-08-25,手机,device,华为,华为畅享系列,畅享60z,ALT-AN00,畅享60z,废板·整机,140,CNY/台,/,image,华为2.jpg,数码网报价单-0825更新/手机相关/华为2.jpg,1,1.0,visual_0825_source_crosschecked
20260825-4429b9e5595c1805be92-01,2026-08-25,手机,device,华为,华为畅享系列,畅享60z,ALT-AN00,畅享60z,统货,140,CNY/台,/,image,华为2.jpg,数码网报价单-0825更新/手机相关/华为2.jpg,1,1.0,visual_0825_source_crosschecked
20260825-8f1e5ea83159a685c4c1-01,2026-08-25,手机,device,华为,华为畅享系列,畅享50z,/,畅享50z,开机靓好,140,CNY/台,/,image,华为2.jpg,数码网报价单-0825更新/手机相关/华为2.jpg,1,1.0,visual_0825_source_crosschecked
20260825-e0170ed4c6dca0a4bc21-01,2026-08-25,手机,device,华为,华为畅享系列,畅享50z,/,畅享50z,开机好碎,140,CNY/台,/,image,华为2.jpg,数码网报价单-0825更新/手机相关/华为2.jpg,1,1.0,visual_0825_source_crosschecked
20260825-c8e3e55cdd18042852aa-01,2026-08-25,手机,device,华为,华为畅享系列,畅享50z,/,畅享50z,开机碎屏,140,CNY/台,/,image,华为2.jpg,数码网报价单-0825更新/手机相关/华为2.jpg,1,1.0,visual_0825_source_crosschecked
20260825-69971de3cf532aa27910-01,2026-08-25,手机,device,华为,华为畅享系列,畅享50z,/,畅享50z,开机坏配件,140,CNY/台,/,image,华为2.jpg,数码网报价单-0825更新/手机相关/华为2.jpg,1,1.0,visual_0825_source_crosschecked
20260825-6ad97cb69db5a2fedc59-01,2026-08-25,手机,device,华为,华为畅享系列,畅享50z,/,畅享50z,不开机,/,CNY/台,/,image,华为2.jpg,数码网报价单-0825更新/手机相关/华为2.jpg,1,1.0,visual_0825_source_crosschecked
20260825-52402c923a7d1c81e131-01,2026-08-25,手机,device,华为,华为畅享系列,畅享50z,/,畅享50z,废板·整机,140,CNY/台,/,image,华为2.jpg,数码网报价单-0825更新/手机相关/华为2.jpg,1,1.0,visual_0825_source_crosschecked
20260825-e31e6179428005d8da05-01,2026-08-25,手机,device,华为,华为畅享系列,畅享50z,/,畅享50z,统货,140,CNY/台,/,image,华为2.jpg,数码网报价单-0825更新/手机相关/华为2.jpg,1,1.0,visual_0825_source_crosschecked
20260825-5314c2272ba09e906293-01,2026-08-25,手机,device,华为,华为畅享系列,畅享50Pro,CLK-AL00,畅享50Pro,开机靓好,270,CNY/台,/,image,华为2.jpg,数码网报价单-0825更新/手机相关/华为2.jpg,1,1.0,visual_0825_source_crosschecked
20260825-c3ec4abe946d2693f956-01,2026-08-25,手机,device,华为,华为畅享系列,畅享50Pro,CLK-AL00,畅享50Pro,开机好碎,270,CNY/台,/,image,华为2.jpg,数码网报价单-0825更新/手机相关/华为2.jpg,1,1.0,visual_0825_source_crosschecked
20260825-e40842070ecbe8dc5534-01,2026-08-25,手机,device,华为,华为畅享系列,畅享50Pro,CLK-AL00,畅享50Pro,开机碎屏,270,CNY/台,/,image,华为2.jpg,数码网报价单-0825更新/手机相关/华为2.jpg,1,1.0,visual_0825_source_crosschecked
20260825-5d40f4547950dc46e854-01,2026-08-25,手机,device,华为,华为畅享系列,畅享50Pro,CLK-AL00,畅享50Pro,开机坏配件,270,CNY/台,/,image,华为2.jpg,数码网报价单-0825更新/手机相关/华为2.jpg,1,1.0,visual_0825_source_crosschecked
20260825-198f5acbb3223b178eb4-01,2026-08-25,手机,device,华为,华为畅享系列,畅享50Pro,CLK-AL00,畅享50Pro,不开机,/,CNY/台,/,image,华为2.jpg,数码网报价单-0825更新/手机相关/华为2.jpg,1,1.0,visual_0825_source_crosschecked
20260825-7da21d021d566797a7ee-01,2026-08-25,手机,device,华为,华为畅享系列,畅享50Pro,CLK-AL00,畅享50Pro,废板·整机,150,CNY/台,/,image,华为2.jpg,数码网报价单-0825更新/手机相关/华为2.jpg,1,1.0,visual_0825_source_crosschecked
20260825-ad09dac5b0ee06cc815e-01,2026-08-25,手机,device,华为,华为畅享系列,畅享50Pro,CLK-AL00,畅享50Pro,统货,150,CNY/台,/,image,华为2.jpg,数码网报价单-0825更新/手机相关/华为2.jpg,1,1.0,visual_0825_source_crosschecked
20260825-6aa17f6dd93170e461a7-01,2026-08-25,手机,device,华为,华为畅享系列,畅享50e,/,畅享50e,开机靓好,135,CNY/台,/,image,华为2.jpg,数码网报价单-0825更新/手机相关/华为2.jpg,1,1.0,visual_0825_source_crosschecked
20260825-2b0f2934f65ff6ed1bdf-01,2026-08-25,手机,device,华为,华为畅享系列,畅享50e,/,畅享50e,开机好碎,135,CNY/台,/,image,华为2.jpg,数码网报价单-0825更新/手机相关/华为2.jpg,1,1.0,visual_0825_source_crosschecked
20260825-d5db1f32b744217f564c-01,2026-08-25,手机,device,华为,华为畅享系列,畅享50e,/,畅享50e,开机碎屏,135,CNY/台,/,image,华为2.jpg,数码网报价单-0825更新/手机相关/华为2.jpg,1,1.0,visual_0825_source_crosschecked
20260825-5b145487cce6e37392aa-01,2026-08-25,手机,device,华为,华为畅享系列,畅享50e,/,畅享50e,开机坏配件,135,CNY/台,/,image,华为2.jpg,数码网报价单-0825更新/手机相关/华为2.jpg,1,1.0,visual_0825_source_crosschecked
20260825-6444a630a42e103bef7a-01,2026-08-25,手机,device,华为,华为畅享系列,畅享50e,/,畅享50e,不开机,/,CNY/台,/,image,华为2.jpg,数码网报价单-0825更新/手机相关/华为2.jpg,1,1.0,visual_0825_source_crosschecked
20260825-1273f8c440c318428418-01,2026-08-25,手机,device,华为,华为畅享系列,畅享50e,/,畅享50e,废板·整机,135,CNY/台,/,image,华为2.jpg,数码网报价单-0825更新/手机相关/华为2.jpg,1,1.0,visual_0825_source_crosschecked
20260825-882fb9018e63c426bd13-01,2026-08-25,手机,device,华为,华为畅享系列,畅享50e,/,畅享50e,统货,135,CNY/台,/,image,华为2.jpg,数码网报价单-0825更新/手机相关/华为2.jpg,1,1.0,visual_0825_source_crosschecked
20260825-eb6654407f0fb4a21001-01,2026-08-25,手机,device,华为,华为畅享系列,畅享40Plus,CLK-AN00,畅享40Plus,开机靓好,165,CNY/台,/,image,华为2.jpg,数码网报价单-0825更新/手机相关/华为2.jpg,1,1.0,visual_0825_source_crosschecked
20260825-04b17a055b27c14b42b4-01,2026-08-25,手机,device,华为,华为畅享系列,畅享40Plus,CLK-AN00,畅享40Plus,开机好碎,165,CNY/台,/,image,华为2.jpg,数码网报价单-0825更新/手机相关/华为2.jpg,1,1.0,visual_0825_source_crosschecked
20260825-c5800e38349f7a5843c2-01,2026-08-25,手机,device,华为,华为畅享系列,畅享40Plus,CLK-AN00,畅享40Plus,开机碎屏,165,CNY/台,/,image,华为2.jpg,数码网报价单-0825更新/手机相关/华为2.jpg,1,1.0,visual_0825_source_crosschecked
20260825-a8a561ce1be16596d36a-01,2026-08-25,手机,device,华为,华为畅享系列,畅享40Plus,CLK-AN00,畅享40Plus,开机坏配件,165,CNY/台,/,image,华为2.jpg,数码网报价单-0825更新/手机相关/华为2.jpg,1,1.0,visual_0825_source_crosschecked
20260825-8cf450bbb57bef804fc8-01,2026-08-25,手机,device,华为,华为畅享系列,畅享40Plus,CLK-AN00,畅享40Plus,不开机,/,CNY/台,/,image,华为2.jpg,数码网报价单-0825更新/手机相关/华为2.jpg,1,1.0,visual_0825_source_crosschecked
20260825-ddd9d35d455a041a9247-01,2026-08-25,手机,device,华为,华为畅享系列,畅享40Plus,CLK-AN00,畅享40Plus,废板·整机,165,CNY/台,/,image,华为2.jpg,数码网报价单-0825更新/手机相关/华为2.jpg,1,1.0,visual_0825_source_crosschecked
20260825-8d1b6c566de9c7a9958b-01,2026-08-25,手机,device,华为,华为畅享系列,畅享40Plus,CLK-AN00,畅享40Plus,统货,165,CNY/台,/,image,华为2.jpg,数码网报价单-0825更新/手机相关/华为2.jpg,1,1.0,visual_0825_source_crosschecked
20260825-d9e522923f902687a737-01,2026-08-25,手机,device,华为,华为畅享系列,畅享40S,CDY-AN00,畅享40S,开机靓好,165,CNY/台,/,image,华为2.jpg,数码网报价单-0825更新/手机相关/华为2.jpg,1,1.0,visual_0825_source_crosschecked
20260825-542a81633c483d9d853b-01,2026-08-25,手机,device,华为,华为畅享系列,畅享40S,CDY-AN00,畅享40S,开机好碎,165,CNY/台,/,image,华为2.jpg,数码网报价单-0825更新/手机相关/华为2.jpg,1,1.0,visual_0825_source_crosschecked
20260825-0f9a29656a13a6399588-01,2026-08-25,手机,device,华为,华为畅享系列,畅享40S,CDY-AN00,畅享40S,开机碎屏,165,CNY/台,/,image,华为2.jpg,数码网报价单-0825更新/手机相关/华为2.jpg,1,1.0,visual_0825_source_crosschecked
20260825-2d549a6fa9f41c29a5a7-01,2026-08-25,手机,device,华为,华为畅享系列,畅享40S,CDY-AN00,畅享40S,开机坏配件,165,CNY/台,/,image,华为2.jpg,数码网报价单-0825更新/手机相关/华为2.jpg,1,1.0,visual_0825_source_crosschecked
20260825-9665ed4b3e2db2bafad9-01,2026-08-25,手机,device,华为,华为畅享系列,畅享40S,CDY-AN00,畅享40S,不开机,/,CNY/台,/,image,华为2.jpg,数码网报价单-0825更新/手机相关/华为2.jpg,1,1.0,visual_0825_source_crosschecked
20260825-2b5dc9778703b7080363-01,2026-08-25,手机,device,华为,华为畅享系列,畅享40S,CDY-AN00,畅享40S,废板·整机,165,CNY/台,/,image,华为2.jpg,数码网报价单-0825更新/手机相关/华为2.jpg,1,1.0,visual_0825_source_crosschecked
20260825-873cdb19063894052713-01,2026-08-25,手机,device,华为,华为畅享系列,畅享40S,CDY-AN00,畅享40S,统货,165,CNY/台,/,image,华为2.jpg,数码网报价单-0825更新/手机相关/华为2.jpg,1,1.0,visual_0825_source_crosschecked
20260825-b0ecb6bfabe8ab3d5245-01,2026-08-25,手机,device,华为,华为畅享系列,畅享40,/,畅享40,开机靓好,135,CNY/台,/,image,华为2.jpg,数码网报价单-0825更新/手机相关/华为2.jpg,1,1.0,visual_0825_source_crosschecked
20260825-7a02a84263e35b7ecc29-01,2026-08-25,手机,device,华为,华为畅享系列,畅享40,/,畅享40,开机好碎,135,CNY/台,/,image,华为2.jpg,数码网报价单-0825更新/手机相关/华为2.jpg,1,1.0,visual_0825_source_crosschecked
20260825-98e7a8886bcf11d60c11-01,2026-08-25,手机,device,华为,华为畅享系列,畅享40,/,畅享40,开机碎屏,135,CNY/台,/,image,华为2.jpg,数码网报价单-0825更新/手机相关/华为2.jpg,1,1.0,visual_0825_source_crosschecked
20260825-c52b3a95b32715216ae8-01,2026-08-25,手机,device,华为,华为畅享系列,畅享40,/,畅享40,开机坏配件,135,CNY/台,/,image,华为2.jpg,数码网报价单-0825更新/手机相关/华为2.jpg,1,1.0,visual_0825_source_crosschecked
20260825-d8eab4e22c05a1d21001-01,2026-08-25,手机,device,华为,华为畅享系列,畅享40,/,畅享40,不开机,/,CNY/台,/,image,华为2.jpg,数码网报价单-0825更新/手机相关/华为2.jpg,1,1.0,visual_0825_source_crosschecked
20260825-6c45bd15380146190b07-01,2026-08-25,手机,device,华为,华为畅享系列,畅享40,/,畅享40,废板·整机,135,CNY/台,/,image,华为2.jpg,数码网报价单-0825更新/手机相关/华为2.jpg,1,1.0,visual_0825_source_crosschecked
20260825-a5a98412c8a8260d9dcd-01,2026-08-25,手机,device,华为,华为畅享系列,畅享40,/,畅享40,统货,135,CNY/台,/,image,华为2.jpg,数码网报价单-0825更新/手机相关/华为2.jpg,1,1.0,visual_0825_source_crosschecked
20260825-684de88d32858cb4f675-01,2026-08-25,手机,device,华为,华为畅享系列,畅享30e,NBD-AN00,畅享30e,开机靓好,165,CNY/台,/,image,华为2.jpg,数码网报价单-0825更新/手机相关/华为2.jpg,1,1.0,visual_0825_source_crosschecked
20260825-8961689b16fc87d7f535-01,2026-08-25,手机,device,华为,华为畅享系列,畅享30e,NBD-AN00,畅享30e,开机好碎,165,CNY/台,/,image,华为2.jpg,数码网报价单-0825更新/手机相关/华为2.jpg,1,1.0,visual_0825_source_crosschecked
20260825-4d8986234d68c249b7ce-01,2026-08-25,手机,device,华为,华为畅享系列,畅享30e,NBD-AN00,畅享30e,开机碎屏,165,CNY/台,/,image,华为2.jpg,数码网报价单-0825更新/手机相关/华为2.jpg,1,1.0,visual_0825_source_crosschecked
20260825-aca29ced1850c7c3694b-01,2026-08-25,手机,device,华为,华为畅享系列,畅享30e,NBD-AN00,畅享30e,开机坏配件,165,CNY/台,/,image,华为2.jpg,数码网报价单-0825更新/手机相关/华为2.jpg,1,1.0,visual_0825_source_crosschecked
20260825-9a923168a2c0c08606f9-01,2026-08-25,手机,device,华为,华为畅享系列,畅享30e,NBD-AN00,畅享30e,不开机,/,CNY/台,/,image,华为2.jpg,数码网报价单-0825更新/手机相关/华为2.jpg,1,1.0,visual_0825_source_crosschecked
20260825-e8474324c7c7771b3f46-01,2026-08-25,手机,device,华为,华为畅享系列,畅享30e,NBD-AN00,畅享30e,废板·整机,165,CNY/台,/,image,华为2.jpg,数码网报价单-0825更新/手机相关/华为2.jpg,1,1.0,visual_0825_source_crosschecked
20260825-e5bb1d6f2a6b1b31100b-01,2026-08-25,手机,device,华为,华为畅享系列,畅享30e,NBD-AN00,畅享30e,统货,165,CNY/台,/,image,华为2.jpg,数码网报价单-0825更新/手机相关/华为2.jpg,1,1.0,visual_0825_source_crosschecked
20260825-23c46712f9337f372f3a-01,2026-08-25,手机,device,华为,华为畅享系列,畅享30M,NBD-AN00,畅享30M,开机靓好,135,CNY/台,/,image,华为2.jpg,数码网报价单-0825更新/手机相关/华为2.jpg,1,1.0,visual_0825_source_crosschecked
20260825-8c60ffc614143cb8eaa9-01,2026-08-25,手机,device,华为,华为畅享系列,畅享30M,NBD-AN00,畅享30M,开机好碎,135,CNY/台,/,image,华为2.jpg,数码网报价单-0825更新/手机相关/华为2.jpg,1,1.0,visual_0825_source_crosschecked
20260825-160a610e7ac09f29ea55-01,2026-08-25,手机,device,华为,华为畅享系列,畅享30M,NBD-AN00,畅享30M,开机碎屏,135,CNY/台,/,image,华为2.jpg,数码网报价单-0825更新/手机相关/华为2.jpg,1,1.0,visual_0825_source_crosschecked
20260825-571f1a3d66bd734b8264-01,2026-08-25,手机,device,华为,华为畅享系列,畅享30M,NBD-AN00,畅享30M,开机坏配件,135,CNY/台,/,image,华为2.jpg,数码网报价单-0825更新/手机相关/华为2.jpg,1,1.0,visual_0825_source_crosschecked
20260825-0d59eb97cc403f7c6d79-01,2026-08-25,手机,device,华为,华为畅享系列,畅享30M,NBD-AN00,畅享30M,不开机,/,CNY/台,/,image,华为2.jpg,数码网报价单-0825更新/手机相关/华为2.jpg,1,1.0,visual_0825_source_crosschecked
20260825-813a6b74cf706c30f95d-01,2026-08-25,手机,device,华为,华为畅享系列,畅享30M,NBD-AN00,畅享30M,废板·整机,135,CNY/台,/,image,华为2.jpg,数码网报价单-0825更新/手机相关/华为2.jpg,1,1.0,visual_0825_source_crosschecked
20260825-ed372eeb49e330e872c0-01,2026-08-25,手机,device,华为,华为畅享系列,畅享30M,NBD-AN00,畅享30M,统货,135,CNY/台,/,image,华为2.jpg,数码网报价单-0825更新/手机相关/华为2.jpg,1,1.0,visual_0825_source_crosschecked
20260825-c0362f88c95c1e47bf34-01,2026-08-25,手机,device,华为,华为畅享系列,畅享30,NBD-AN00,畅享30,开机靓好,135,CNY/台,/,image,华为2.jpg,数码网报价单-0825更新/手机相关/华为2.jpg,1,1.0,visual_0825_source_crosschecked
20260825-0cca62a01270d72b96f0-01,2026-08-25,手机,device,华为,华为畅享系列,畅享30,NBD-AN00,畅享30,开机好碎,135,CNY/台,/,image,华为2.jpg,数码网报价单-0825更新/手机相关/华为2.jpg,1,1.0,visual_0825_source_crosschecked
20260825-777beca415479fc8792b-01,2026-08-25,手机,device,华为,华为畅享系列,畅享30,NBD-AN00,畅享30,开机碎屏,135,CNY/台,/,image,华为2.jpg,数码网报价单-0825更新/手机相关/华为2.jpg,1,1.0,visual_0825_source_crosschecked
20260825-7e002eb2c87f5246390a-01,2026-08-25,手机,device,华为,华为畅享系列,畅享30,NBD-AN00,畅享30,开机坏配件,135,CNY/台,/,image,华为2.jpg,数码网报价单-0825更新/手机相关/华为2.jpg,1,1.0,visual_0825_source_crosschecked
20260825-53caa06d6aea7416a94b-01,2026-08-25,手机,device,华为,华为畅享系列,畅享30,NBD-AN00,畅享30,不开机,/,CNY/台,/,image,华为2.jpg,数码网报价单-0825更新/手机相关/华为2.jpg,1,1.0,visual_0825_source_crosschecked
20260825-f665848fbbc346b51ee3-01,2026-08-25,手机,device,华为,华为畅享系列,畅享30,NBD-AN00,畅享30,废板·整机,135,CNY/台,/,image,华为2.jpg,数码网报价单-0825更新/手机相关/华为2.jpg,1,1.0,visual_0825_source_crosschecked
20260825-e72847546f42b02b86fe-01,2026-08-25,手机,device,华为,华为畅享系列,畅享30,NBD-AN00,畅享30,统货,135,CNY/台,/,image,华为2.jpg,数码网报价单-0825更新/手机相关/华为2.jpg,1,1.0,visual_0825_source_crosschecked
20260825-c96512f11587dabdc16f-01,2026-08-25,手机,device,华为,荣耀畅玩系列,畅玩20 Pro,KOZ-AL00,畅玩20 Pro,开机靓好,165,CNY/台,/,image,华为2.jpg,数码网报价单-0825更新/手机相关/华为2.jpg,1,1.0,visual_0825_source_crosschecked
20260825-d6240740c6d2e529c142-01,2026-08-25,手机,device,华为,荣耀畅玩系列,畅玩20 Pro,KOZ-AL00,畅玩20 Pro,开机好碎,165,CNY/台,/,image,华为2.jpg,数码网报价单-0825更新/手机相关/华为2.jpg,1,1.0,visual_0825_source_crosschecked
20260825-22df8404fc85b609023d-01,2026-08-25,手机,device,华为,荣耀畅玩系列,畅玩20 Pro,KOZ-AL00,畅玩20 Pro,开机碎屏,165,CNY/台,/,image,华为2.jpg,数码网报价单-0825更新/手机相关/华为2.jpg,1,1.0,visual_0825_source_crosschecked
20260825-0f3ffb3989f88c701320-01,2026-08-25,手机,device,华为,荣耀畅玩系列,畅玩20 Pro,KOZ-AL00,畅玩20 Pro,开机坏配件,165,CNY/台,/,image,华为2.jpg,数码网报价单-0825更新/手机相关/华为2.jpg,1,1.0,visual_0825_source_crosschecked
20260825-0b9b814b8e591712d3d7-01,2026-08-25,手机,device,华为,荣耀畅玩系列,畅玩20 Pro,KOZ-AL00,畅玩20 Pro,不开机,135,CNY/台,/,image,华为2.jpg,数码网报价单-0825更新/手机相关/华为2.jpg,1,1.0,visual_0825_source_crosschecked
20260825-e6476d3a536be482966f-01,2026-08-25,手机,device,华为,荣耀畅玩系列,畅玩20 Pro,KOZ-AL00,畅玩20 Pro,废板·整机,135,CNY/台,/,image,华为2.jpg,数码网报价单-0825更新/手机相关/华为2.jpg,1,1.0,visual_0825_source_crosschecked
20260825-24ad0fcf194bc1ddab5e-01,2026-08-25,手机,device,华为,荣耀畅玩系列,畅玩20 Pro,KOZ-AL00,畅玩20 Pro,统货,/,CNY/台,/,image,华为2.jpg,数码网报价单-0825更新/手机相关/华为2.jpg,1,1.0,visual_0825_source_crosschecked
20260825-545be0020136f5f5d91c-01,2026-08-25,手机,device,华为,荣耀畅玩系列,畅玩20,KOZ-AL00,畅玩20,开机靓好,165,CNY/台,/,image,华为2.jpg,数码网报价单-0825更新/手机相关/华为2.jpg,1,1.0,visual_0825_source_crosschecked
20260825-2ec18f00b7c42fa65cb3-01,2026-08-25,手机,device,华为,荣耀畅玩系列,畅玩20,KOZ-AL00,畅玩20,开机好碎,165,CNY/台,/,image,华为2.jpg,数码网报价单-0825更新/手机相关/华为2.jpg,1,1.0,visual_0825_source_crosschecked
20260825-244510a4faf9970190b2-01,2026-08-25,手机,device,华为,荣耀畅玩系列,畅玩20,KOZ-AL00,畅玩20,开机碎屏,165,CNY/台,/,image,华为2.jpg,数码网报价单-0825更新/手机相关/华为2.jpg,1,1.0,visual_0825_source_crosschecked
20260825-73e5c195028231583bf3-01,2026-08-25,手机,device,华为,荣耀畅玩系列,畅玩20,KOZ-AL00,畅玩20,开机坏配件,165,CNY/台,/,image,华为2.jpg,数码网报价单-0825更新/手机相关/华为2.jpg,1,1.0,visual_0825_source_crosschecked
20260825-9493e3ad8835832d17a5-01,2026-08-25,手机,device,华为,荣耀畅玩系列,畅玩20,KOZ-AL00,畅玩20,不开机,135,CNY/台,/,image,华为2.jpg,数码网报价单-0825更新/手机相关/华为2.jpg,1,1.0,visual_0825_source_crosschecked
20260825-e7f247572aa2e26c21ec-01,2026-08-25,手机,device,华为,荣耀畅玩系列,畅玩20,KOZ-AL00,畅玩20,废板·整机,135,CNY/台,/,image,华为2.jpg,数码网报价单-0825更新/手机相关/华为2.jpg,1,1.0,visual_0825_source_crosschecked
20260825-d539114fc17c5a515c2e-01,2026-08-25,手机,device,华为,荣耀畅玩系列,畅玩20,KOZ-AL00,畅玩20,统货,/,CNY/台,/,image,华为2.jpg,数码网报价单-0825更新/手机相关/华为2.jpg,1,1.0,visual_0825_source_crosschecked
20260825-029b12d728fa1ae4e5f8-01,2026-08-25,手机,device,华为,荣耀畅玩系列,畅玩20,HJC-LX9,畅玩20,开机靓好,135,CNY/台,/,image,华为2.jpg,数码网报价单-0825更新/手机相关/华为2.jpg,1,1.0,visual_0825_source_crosschecked
20260825-24411d5be0bd7e59901c-01,2026-08-25,手机,device,华为,荣耀畅玩系列,畅玩20,HJC-LX9,畅玩20,开机好碎,135,CNY/台,/,image,华为2.jpg,数码网报价单-0825更新/手机相关/华为2.jpg,1,1.0,visual_0825_source_crosschecked
20260825-b3f08e6bca5f931adabb-01,2026-08-25,手机,device,华为,荣耀畅玩系列,畅玩20,HJC-LX9,畅玩20,开机碎屏,135,CNY/台,/,image,华为2.jpg,数码网报价单-0825更新/手机相关/华为2.jpg,1,1.0,visual_0825_source_crosschecked
20260825-1659023f5240365bc7a7-01,2026-08-25,手机,device,华为,荣耀畅玩系列,畅玩20,HJC-LX9,畅玩20,开机坏配件,135,CNY/台,/,image,华为2.jpg,数码网报价单-0825更新/手机相关/华为2.jpg,1,1.0,visual_0825_source_crosschecked
20260825-381298d5b032db133f1c-01,2026-08-25,手机,device,华为,荣耀畅玩系列,畅玩20,HJC-LX9,畅玩20,不开机,135,CNY/台,/,image,华为2.jpg,数码网报价单-0825更新/手机相关/华为2.jpg,1,1.0,visual_0825_source_crosschecked
20260825-36f213a74c7865c9ee77-01,2026-08-25,手机,device,华为,荣耀畅玩系列,畅玩20,HJC-LX9,畅玩20,废板·整机,135,CNY/台,/,image,华为2.jpg,数码网报价单-0825更新/手机相关/华为2.jpg,1,1.0,visual_0825_source_crosschecked
20260825-785b7dae5b7c85964da6-01,2026-08-25,手机,device,华为,荣耀畅玩系列,畅玩20,HJC-LX9,畅玩20,统货,/,CNY/台,/,image,华为2.jpg,数码网报价单-0825更新/手机相关/华为2.jpg,1,1.0,visual_0825_source_crosschecked
20260825-2f5b0ee3b9f8ebd24935-01,2026-08-25,手机,device,华为,荣耀畅玩系列,畅玩9a,MOA-AL00,畅玩9a,开机靓好,125,CNY/台,/,image,华为2.jpg,数码网报价单-0825更新/手机相关/华为2.jpg,1,1.0,visual_0825_source_crosschecked
20260825-5391f5fa1664027237ff-01,2026-08-25,手机,device,华为,荣耀畅玩系列,畅玩9a,MOA-AL00,畅玩9a,开机好碎,125,CNY/台,/,image,华为2.jpg,数码网报价单-0825更新/手机相关/华为2.jpg,1,1.0,visual_0825_source_crosschecked
20260825-864295b47bdae3df8d0f-01,2026-08-25,手机,device,华为,荣耀畅玩系列,畅玩9a,MOA-AL00,畅玩9a,开机碎屏,125,CNY/台,/,image,华为2.jpg,数码网报价单-0825更新/手机相关/华为2.jpg,1,1.0,visual_0825_source_crosschecked
20260825-8205b99cd0c880886737-01,2026-08-25,手机,device,华为,荣耀畅玩系列,畅玩9a,MOA-AL00,畅玩9a,开机坏配件,125,CNY/台,/,image,华为2.jpg,数码网报价单-0825更新/手机相关/华为2.jpg,1,1.0,visual_0825_source_crosschecked
20260825-6649efa5732b246cbc99-01,2026-08-25,手机,device,华为,荣耀畅玩系列,畅玩9a,MOA-AL00,畅玩9a,不开机,125,CNY/台,/,image,华为2.jpg,数码网报价单-0825更新/手机相关/华为2.jpg,1,1.0,visual_0825_source_crosschecked
20260825-8cbc919b49b4deb9a21d-01,2026-08-25,手机,device,华为,荣耀畅玩系列,畅玩9a,MOA-AL00,畅玩9a,废板·整机,125,CNY/台,/,image,华为2.jpg,数码网报价单-0825更新/手机相关/华为2.jpg,1,1.0,visual_0825_source_crosschecked
20260825-bed1e9aa74d08f7c6d17-01,2026-08-25,手机,device,华为,荣耀畅玩系列,畅玩9a,MOA-AL00,畅玩9a,统货,/,CNY/台,/,image,华为2.jpg,数码网报价单-0825更新/手机相关/华为2.jpg,1,1.0,visual_0825_source_crosschecked
20260825-99d4f831c68ed4842e58-01,2026-08-25,手机,device,华为,荣耀畅玩系列,畅玩8a (3+32),JAT-AL00,畅玩8a (3+32),开机靓好,95,CNY/台,/,image,华为2.jpg,数码网报价单-0825更新/手机相关/华为2.jpg,1,1.0,visual_0825_source_crosschecked
20260825-b88256aac6eec62deb34-01,2026-08-25,手机,device,华为,荣耀畅玩系列,畅玩8a (3+32),JAT-AL00,畅玩8a (3+32),开机好碎,95,CNY/台,/,image,华为2.jpg,数码网报价单-0825更新/手机相关/华为2.jpg,1,1.0,visual_0825_source_crosschecked
20260825-00a085c9153d882f83f8-01,2026-08-25,手机,device,华为,荣耀畅玩系列,畅玩8a (3+32),JAT-AL00,畅玩8a (3+32),开机碎屏,95,CNY/台,/,image,华为2.jpg,数码网报价单-0825更新/手机相关/华为2.jpg,1,1.0,visual_0825_source_crosschecked
20260825-b03e5bec43f7c4e4c1a5-01,2026-08-25,手机,device,华为,荣耀畅玩系列,畅玩8a (3+32),JAT-AL00,畅玩8a (3+32),开机坏配件,95,CNY/台,/,image,华为2.jpg,数码网报价单-0825更新/手机相关/华为2.jpg,1,1.0,visual_0825_source_crosschecked
20260825-7878d79b5b4d6a002805-01,2026-08-25,手机,device,华为,荣耀畅玩系列,畅玩8a (3+32),JAT-AL00,畅玩8a (3+32),不开机,95,CNY/台,/,image,华为2.jpg,数码网报价单-0825更新/手机相关/华为2.jpg,1,1.0,visual_0825_source_crosschecked
20260825-e019396af3aa18d9c16c-01,2026-08-25,手机,device,华为,荣耀畅玩系列,畅玩8a (3+32),JAT-AL00,畅玩8a (3+32),废板·整机,95,CNY/台,/,image,华为2.jpg,数码网报价单-0825更新/手机相关/华为2.jpg,1,1.0,visual_0825_source_crosschecked
20260825-bbcc95cdb7816fde1645-01,2026-08-25,手机,device,华为,荣耀畅玩系列,畅玩8a (3+32),JAT-AL00,畅玩8a (3+32),统货,/,CNY/台,/,image,华为2.jpg,数码网报价单-0825更新/手机相关/华为2.jpg,1,1.0,visual_0825_source_crosschecked
20260825-f32bc613862835b5b059-01,2026-08-25,手机,device,华为,荣耀畅玩系列,畅玩7,DUA-AL00,畅玩7,开机靓好,70,CNY/台,/,image,华为2.jpg,数码网报价单-0825更新/手机相关/华为2.jpg,1,1.0,visual_0825_source_crosschecked
20260825-fd78fae007a7fd568667-01,2026-08-25,手机,device,华为,荣耀畅玩系列,畅玩7,DUA-AL00,畅玩7,开机好碎,70,CNY/台,/,image,华为2.jpg,数码网报价单-0825更新/手机相关/华为2.jpg,1,1.0,visual_0825_source_crosschecked
20260825-09650b6a3d9064ce93d9-01,2026-08-25,手机,device,华为,荣耀畅玩系列,畅玩7,DUA-AL00,畅玩7,开机碎屏,70,CNY/台,/,image,华为2.jpg,数码网报价单-0825更新/手机相关/华为2.jpg,1,1.0,visual_0825_source_crosschecked
20260825-554db13ae4bb5791f26c-01,2026-08-25,手机,device,华为,荣耀畅玩系列,畅玩7,DUA-AL00,畅玩7,开机坏配件,70,CNY/台,/,image,华为2.jpg,数码网报价单-0825更新/手机相关/华为2.jpg,1,1.0,visual_0825_source_crosschecked
20260825-f4e1bae8e118de2218a8-01,2026-08-25,手机,device,华为,荣耀畅玩系列,畅玩7,DUA-AL00,畅玩7,不开机,70,CNY/台,/,image,华为2.jpg,数码网报价单-0825更新/手机相关/华为2.jpg,1,1.0,visual_0825_source_crosschecked
20260825-815b6b15321a9d059d4c-01,2026-08-25,手机,device,华为,荣耀畅玩系列,畅玩7,DUA-AL00,畅玩7,废板·整机,70,CNY/台,/,image,华为2.jpg,数码网报价单-0825更新/手机相关/华为2.jpg,1,1.0,visual_0825_source_crosschecked
20260825-ccb2648d4977308d0a60-01,2026-08-25,手机,device,华为,荣耀畅玩系列,畅玩7,DUA-AL00,畅玩7,统货,/,CNY/台,/,image,华为2.jpg,数码网报价单-0825更新/手机相关/华为2.jpg,1,1.0,visual_0825_source_crosschecked
20260825-330da514d0b8810b5787-01,2026-08-25,手机,device,华为,荣耀畅玩系列,畅玩8a (3+64),JAT-AL00,畅玩8a (3+64),开机靓好,95,CNY/台,开机芯片无破损 屏幕好坏不影响 打字不计,image,华为2.jpg,数码网报价单-0825更新/手机相关/华为2.jpg,1,1.0,visual_0825_source_crosschecked
20260825-f75bff1152d6a26052cb-01,2026-08-25,手机,device,华为,荣耀畅玩系列,畅玩8a (3+64),JAT-AL00,畅玩8a (3+64),开机好碎,95,CNY/台,开机芯片无破损 屏幕好坏不影响 打字不计,image,华为2.jpg,数码网报价单-0825更新/手机相关/华为2.jpg,1,1.0,visual_0825_source_crosschecked
20260825-7faad7701674cb8a450a-01,2026-08-25,手机,device,华为,荣耀畅玩系列,畅玩8a (3+64),JAT-AL00,畅玩8a (3+64),开机碎屏,95,CNY/台,开机芯片无破损 屏幕好坏不影响 打字不计,image,华为2.jpg,数码网报价单-0825更新/手机相关/华为2.jpg,1,1.0,visual_0825_source_crosschecked
20260825-11f33a78deb7975929d8-01,2026-08-25,手机,device,华为,荣耀畅玩系列,畅玩8a (3+64),JAT-AL00,畅玩8a (3+64),开机坏配件,95,CNY/台,开机芯片无破损 屏幕好坏不影响 打字不计,image,华为2.jpg,数码网报价单-0825更新/手机相关/华为2.jpg,1,1.0,visual_0825_source_crosschecked
20260825-625cdef00a4c48df8220-01,2026-08-25,手机,device,华为,荣耀畅玩系列,畅玩8a (3+64),JAT-AL00,畅玩8a (3+64),不开机,95,CNY/台,开机芯片无破损 屏幕好坏不影响 打字不计,image,华为2.jpg,数码网报价单-0825更新/手机相关/华为2.jpg,1,1.0,visual_0825_source_crosschecked
20260825-c2e8c3f63013d7dfa6a5-01,2026-08-25,手机,device,华为,荣耀畅玩系列,畅玩8a (3+64),JAT-AL00,畅玩8a (3+64),废板·整机,95,CNY/台,开机芯片无破损 屏幕好坏不影响 打字不计,image,华为2.jpg,数码网报价单-0825更新/手机相关/华为2.jpg,1,1.0,visual_0825_source_crosschecked
20260825-49f229ce96c0d620b34f-01,2026-08-25,手机,device,华为,荣耀畅玩系列,畅玩8a (3+64),JAT-AL00,畅玩8a (3+64),统货,/,CNY/台,开机芯片无破损 屏幕好坏不影响 打字不计,image,华为2.jpg,数码网报价单-0825更新/手机相关/华为2.jpg,1,1.0,visual_0825_source_crosschecked
20260825-c3ebef5f7d823fdcd675-01,2026-08-25,手机,device,华为,荣耀畅玩系列,畅玩8,JAT-TL00,畅玩8,开机靓好,100,CNY/台,/,image,华为2.jpg,数码网报价单-0825更新/手机相关/华为2.jpg,1,1.0,visual_0825_source_crosschecked
20260825-50a0c3a77a098b0ebc7d-01,2026-08-25,手机,device,华为,荣耀畅玩系列,畅玩8,JAT-TL00,畅玩8,开机好碎,100,CNY/台,/,image,华为2.jpg,数码网报价单-0825更新/手机相关/华为2.jpg,1,1.0,visual_0825_source_crosschecked
20260825-396b2fb9180f4bb61939-01,2026-08-25,手机,device,华为,荣耀畅玩系列,畅玩8,JAT-TL00,畅玩8,开机碎屏,100,CNY/台,/,image,华为2.jpg,数码网报价单-0825更新/手机相关/华为2.jpg,1,1.0,visual_0825_source_crosschecked
20260825-6051e70bcd6269342ea7-01,2026-08-25,手机,device,华为,荣耀畅玩系列,畅玩8,JAT-TL00,畅玩8,开机坏配件,100,CNY/台,/,image,华为2.jpg,数码网报价单-0825更新/手机相关/华为2.jpg,1,1.0,visual_0825_source_crosschecked
20260825-8fd4154cfefc6b0feaed-01,2026-08-25,手机,device,华为,荣耀畅玩系列,畅玩8,JAT-TL00,畅玩8,不开机,100,CNY/台,/,image,华为2.jpg,数码网报价单-0825更新/手机相关/华为2.jpg,1,1.0,visual_0825_source_crosschecked
20260825-d0f8068e598ddf98a76a-01,2026-08-25,手机,device,华为,荣耀畅玩系列,畅玩8,JAT-TL00,畅玩8,废板·整机,100,CNY/台,/,image,华为2.jpg,数码网报价单-0825更新/手机相关/华为2.jpg,1,1.0,visual_0825_source_crosschecked
20260825-3db33c629798d505318b-01,2026-08-25,手机,device,华为,荣耀畅玩系列,畅玩8,JAT-TL00,畅玩8,统货,/,CNY/台,/,image,华为2.jpg,数码网报价单-0825更新/手机相关/华为2.jpg,1,1.0,visual_0825_source_crosschecked
20260825-1fbdbecb181348473ebd-01,2026-08-25,手机,device,华为,荣耀畅玩系列,畅玩7a (3+32),AUM-AL00,畅玩7a (3+32),开机靓好,80,CNY/台,开机芯片无破损 屏幕好坏不影响,image,华为2.jpg,数码网报价单-0825更新/手机相关/华为2.jpg,1,1.0,visual_0825_source_crosschecked
20260825-94ac94fb3c6f15e49679-01,2026-08-25,手机,device,华为,荣耀畅玩系列,畅玩7a (3+32),AUM-AL00,畅玩7a (3+32),开机好碎,80,CNY/台,开机芯片无破损 屏幕好坏不影响,image,华为2.jpg,数码网报价单-0825更新/手机相关/华为2.jpg,1,1.0,visual_0825_source_crosschecked
20260825-90b4e2ff4a99687fa9a9-01,2026-08-25,手机,device,华为,荣耀畅玩系列,畅玩7a (3+32),AUM-AL00,畅玩7a (3+32),开机碎屏,80,CNY/台,开机芯片无破损 屏幕好坏不影响,image,华为2.jpg,数码网报价单-0825更新/手机相关/华为2.jpg,1,1.0,visual_0825_source_crosschecked
20260825-01b025ca027ac3757b0d-01,2026-08-25,手机,device,华为,荣耀畅玩系列,畅玩7a (3+32),AUM-AL00,畅玩7a (3+32),开机坏配件,80,CNY/台,开机芯片无破损 屏幕好坏不影响,image,华为2.jpg,数码网报价单-0825更新/手机相关/华为2.jpg,1,1.0,visual_0825_source_crosschecked
20260825-0a57a9218bc1ac0feae0-01,2026-08-25,手机,device,华为,荣耀畅玩系列,畅玩7a (3+32),AUM-AL00,畅玩7a (3+32),不开机,80,CNY/台,开机芯片无破损 屏幕好坏不影响,image,华为2.jpg,数码网报价单-0825更新/手机相关/华为2.jpg,1,1.0,visual_0825_source_crosschecked
20260825-5d7424292f928f628cca-01,2026-08-25,手机,device,华为,荣耀畅玩系列,畅玩7a (3+32),AUM-AL00,畅玩7a (3+32),废板·整机,80,CNY/台,开机芯片无破损 屏幕好坏不影响,image,华为2.jpg,数码网报价单-0825更新/手机相关/华为2.jpg,1,1.0,visual_0825_source_crosschecked
20260825-b57fdd22c44124bc5ce7-01,2026-08-25,手机,device,华为,荣耀畅玩系列,畅玩7a (3+32),AUM-AL00,畅玩7a (3+32),统货,/,CNY/台,开机芯片无破损 屏幕好坏不影响,image,华为2.jpg,数码网报价单-0825更新/手机相关/华为2.jpg,1,1.0,visual_0825_source_crosschecked
20260825-fcc8979a9623cdc09288-01,2026-08-25,手机,device,华为,荣耀畅玩系列,畅玩7x (3+32),BND-AL00,畅玩7x (3+32),开机靓好,45,CNY/台,/,image,华为2.jpg,数码网报价单-0825更新/手机相关/华为2.jpg,1,1.0,visual_0825_source_crosschecked
20260825-09554af094bbddc20a41-01,2026-08-25,手机,device,华为,荣耀畅玩系列,畅玩7x (3+32),BND-AL00,畅玩7x (3+32),开机好碎,45,CNY/台,/,image,华为2.jpg,数码网报价单-0825更新/手机相关/华为2.jpg,1,1.0,visual_0825_source_crosschecked
20260825-a7bdd473e80504c1eb98-01,2026-08-25,手机,device,华为,荣耀畅玩系列,畅玩7x (3+32),BND-AL00,畅玩7x (3+32),开机碎屏,45,CNY/台,/,image,华为2.jpg,数码网报价单-0825更新/手机相关/华为2.jpg,1,1.0,visual_0825_source_crosschecked
20260825-efac84e5c8c0cf92a41a-01,2026-08-25,手机,device,华为,荣耀畅玩系列,畅玩7x (3+32),BND-AL00,畅玩7x (3+32),开机坏配件,45,CNY/台,/,image,华为2.jpg,数码网报价单-0825更新/手机相关/华为2.jpg,1,1.0,visual_0825_source_crosschecked
20260825-56f24d6df891d668f1fc-01,2026-08-25,手机,device,华为,荣耀畅玩系列,畅玩7x (3+32),BND-AL00,畅玩7x (3+32),不开机,45,CNY/台,/,image,华为2.jpg,数码网报价单-0825更新/手机相关/华为2.jpg,1,1.0,visual_0825_source_crosschecked
20260825-6065ecb9974e1d27c94f-01,2026-08-25,手机,device,华为,荣耀畅玩系列,畅玩7x (3+32),BND-AL00,畅玩7x (3+32),废板·整机,45,CNY/台,/,image,华为2.jpg,数码网报价单-0825更新/手机相关/华为2.jpg,1,1.0,visual_0825_source_crosschecked
20260825-974f26d7cddb3bb881b2-01,2026-08-25,手机,device,华为,荣耀畅玩系列,畅玩7x (3+32),BND-AL00,畅玩7x (3+32),统货,/,CNY/台,/,image,华为2.jpg,数码网报价单-0825更新/手机相关/华为2.jpg,1,1.0,visual_0825_source_crosschecked
20260825-4cab3f1035ee373de30a-01,2026-08-25,手机,device,华为,荣耀畅玩系列,畅玩7a (2+32),AUM-AL00,畅玩7a (2+32),开机靓好,30,CNY/台,开机芯片无破损 屏幕好坏不影响,image,华为2.jpg,数码网报价单-0825更新/手机相关/华为2.jpg,1,1.0,visual_0825_source_crosschecked
20260825-87f953c61f6924ab0d4d-01,2026-08-25,手机,device,华为,荣耀畅玩系列,畅玩7a (2+32),AUM-AL00,畅玩7a (2+32),开机好碎,30,CNY/台,开机芯片无破损 屏幕好坏不影响,image,华为2.jpg,数码网报价单-0825更新/手机相关/华为2.jpg,1,1.0,visual_0825_source_crosschecked
20260825-1651ac25645ed25157e2-01,2026-08-25,手机,device,华为,荣耀畅玩系列,畅玩7a (2+32),AUM-AL00,畅玩7a (2+32),开机碎屏,30,CNY/台,开机芯片无破损 屏幕好坏不影响,image,华为2.jpg,数码网报价单-0825更新/手机相关/华为2.jpg,1,1.0,visual_0825_source_crosschecked
20260825-cc09f14179f9c6598679-01,2026-08-25,手机,device,华为,荣耀畅玩系列,畅玩7a (2+32),AUM-AL00,畅玩7a (2+32),开机坏配件,30,CNY/台,开机芯片无破损 屏幕好坏不影响,image,华为2.jpg,数码网报价单-0825更新/手机相关/华为2.jpg,1,1.0,visual_0825_source_crosschecked
20260825-374fe0274b950924e9c2-01,2026-08-25,手机,device,华为,荣耀畅玩系列,畅玩7a (2+32),AUM-AL00,畅玩7a (2+32),不开机,30,CNY/台,开机芯片无破损 屏幕好坏不影响,image,华为2.jpg,数码网报价单-0825更新/手机相关/华为2.jpg,1,1.0,visual_0825_source_crosschecked
20260825-58dbb6272b8c0cd56ddf-01,2026-08-25,手机,device,华为,荣耀畅玩系列,畅玩7a (2+32),AUM-AL00,畅玩7a (2+32),废板·整机,30,CNY/台,开机芯片无破损 屏幕好坏不影响,image,华为2.jpg,数码网报价单-0825更新/手机相关/华为2.jpg,1,1.0,visual_0825_source_crosschecked
20260825-ddcddae1781beebee83c-01,2026-08-25,手机,device,华为,荣耀畅玩系列,畅玩7a (2+32),AUM-AL00,畅玩7a (2+32),统货,/,CNY/台,开机芯片无破损 屏幕好坏不影响,image,华为2.jpg,数码网报价单-0825更新/手机相关/华为2.jpg,1,1.0,visual_0825_source_crosschecked
20260825-a70989bcadf6f3c5688a-01,2026-08-25,手机,device,华为,荣耀畅玩系列,畅玩7c,LND-AL00,畅玩7c,开机靓好,80,CNY/台,/,image,华为2.jpg,数码网报价单-0825更新/手机相关/华为2.jpg,1,1.0,visual_0825_source_crosschecked
20260825-416725d8ecfcfac0ccb7-01,2026-08-25,手机,device,华为,荣耀畅玩系列,畅玩7c,LND-AL00,畅玩7c,开机好碎,80,CNY/台,/,image,华为2.jpg,数码网报价单-0825更新/手机相关/华为2.jpg,1,1.0,visual_0825_source_crosschecked
20260825-f61fc5f2a5e2d39f9726-01,2026-08-25,手机,device,华为,荣耀畅玩系列,畅玩7c,LND-AL00,畅玩7c,开机碎屏,80,CNY/台,/,image,华为2.jpg,数码网报价单-0825更新/手机相关/华为2.jpg,1,1.0,visual_0825_source_crosschecked
20260825-8a11ff1940cfb96bff20-01,2026-08-25,手机,device,华为,荣耀畅玩系列,畅玩7c,LND-AL00,畅玩7c,开机坏配件,80,CNY/台,/,image,华为2.jpg,数码网报价单-0825更新/手机相关/华为2.jpg,1,1.0,visual_0825_source_crosschecked
20260825-2efc49e8c48b1627b2e1-01,2026-08-25,手机,device,华为,荣耀畅玩系列,畅玩7c,LND-AL00,畅玩7c,不开机,80,CNY/台,/,image,华为2.jpg,数码网报价单-0825更新/手机相关/华为2.jpg,1,1.0,visual_0825_source_crosschecked
20260825-f504a68e9216610bbc4d-01,2026-08-25,手机,device,华为,荣耀畅玩系列,畅玩7c,LND-AL00,畅玩7c,废板·整机,80,CNY/台,/,image,华为2.jpg,数码网报价单-0825更新/手机相关/华为2.jpg,1,1.0,visual_0825_source_crosschecked
20260825-de5e0dda87621f93fd7a-01,2026-08-25,手机,device,华为,荣耀畅玩系列,畅玩7c,LND-AL00,畅玩7c,统货,/,CNY/台,/,image,华为2.jpg,数码网报价单-0825更新/手机相关/华为2.jpg,1,1.0,visual_0825_source_crosschecked
20260825-61dd753cfe7dcf2f6fa5-01,2026-08-25,手机,device,华为,荣耀畅玩系列,畅玩6,MYA-AL10,畅玩6,开机靓好,80,CNY/台,开机芯片无破损,image,华为2.jpg,数码网报价单-0825更新/手机相关/华为2.jpg,1,1.0,visual_0825_source_crosschecked
20260825-eef3102f2ab5b5a9bedc-01,2026-08-25,手机,device,华为,荣耀畅玩系列,畅玩6,MYA-AL10,畅玩6,开机好碎,80,CNY/台,开机芯片无破损,image,华为2.jpg,数码网报价单-0825更新/手机相关/华为2.jpg,1,1.0,visual_0825_source_crosschecked
20260825-d3d86433853c4524269e-01,2026-08-25,手机,device,华为,荣耀畅玩系列,畅玩6,MYA-AL10,畅玩6,开机碎屏,80,CNY/台,开机芯片无破损,image,华为2.jpg,数码网报价单-0825更新/手机相关/华为2.jpg,1,1.0,visual_0825_source_crosschecked
20260825-9ea7fe3358505b3d75ec-01,2026-08-25,手机,device,华为,荣耀畅玩系列,畅玩6,MYA-AL10,畅玩6,开机坏配件,80,CNY/台,开机芯片无破损,image,华为2.jpg,数码网报价单-0825更新/手机相关/华为2.jpg,1,1.0,visual_0825_source_crosschecked
20260825-cad5b12f72a13eddb514-01,2026-08-25,手机,device,华为,荣耀畅玩系列,畅玩6,MYA-AL10,畅玩6,不开机,80,CNY/台,开机芯片无破损,image,华为2.jpg,数码网报价单-0825更新/手机相关/华为2.jpg,1,1.0,visual_0825_source_crosschecked
20260825-372aa1b4dc4670669fe5-01,2026-08-25,手机,device,华为,荣耀畅玩系列,畅玩6,MYA-AL10,畅玩6,废板·整机,80,CNY/台,开机芯片无破损,image,华为2.jpg,数码网报价单-0825更新/手机相关/华为2.jpg,1,1.0,visual_0825_source_crosschecked
20260825-4237a2b332c0954c07b0-01,2026-08-25,手机,device,华为,荣耀畅玩系列,畅玩6,MYA-AL10,畅玩6,统货,/,CNY/台,开机芯片无破损,image,华为2.jpg,数码网报价单-0825更新/手机相关/华为2.jpg,1,1.0,visual_0825_source_crosschecked
20260825-51a572852b212ba01294-01,2026-08-25,手机,device,华为,荣耀畅玩系列,畅玩7C,LND-AL30,畅玩7C,开机靓好,75,CNY/台,/,image,华为2.jpg,数码网报价单-0825更新/手机相关/华为2.jpg,1,1.0,visual_0825_source_crosschecked
20260825-ea644c9b6dfacaad0ff6-01,2026-08-25,手机,device,华为,荣耀畅玩系列,畅玩7C,LND-AL30,畅玩7C,开机好碎,75,CNY/台,/,image,华为2.jpg,数码网报价单-0825更新/手机相关/华为2.jpg,1,1.0,visual_0825_source_crosschecked
20260825-8a4783673b87a4f450c0-01,2026-08-25,手机,device,华为,荣耀畅玩系列,畅玩7C,LND-AL30,畅玩7C,开机碎屏,75,CNY/台,/,image,华为2.jpg,数码网报价单-0825更新/手机相关/华为2.jpg,1,1.0,visual_0825_source_crosschecked
20260825-26fe05c023ec6845e9bd-01,2026-08-25,手机,device,华为,荣耀畅玩系列,畅玩7C,LND-AL30,畅玩7C,开机坏配件,75,CNY/台,/,image,华为2.jpg,数码网报价单-0825更新/手机相关/华为2.jpg,1,1.0,visual_0825_source_crosschecked
20260825-7e24429f789ca43585a9-01,2026-08-25,手机,device,华为,荣耀畅玩系列,畅玩7C,LND-AL30,畅玩7C,不开机,75,CNY/台,/,image,华为2.jpg,数码网报价单-0825更新/手机相关/华为2.jpg,1,1.0,visual_0825_source_crosschecked
20260825-49b184ecc00ea195d540-01,2026-08-25,手机,device,华为,荣耀畅玩系列,畅玩7C,LND-AL30,畅玩7C,废板·整机,75,CNY/台,/,image,华为2.jpg,数码网报价单-0825更新/手机相关/华为2.jpg,1,1.0,visual_0825_source_crosschecked
20260825-f49b80e0bb37a8fb4c7a-01,2026-08-25,手机,device,华为,荣耀畅玩系列,畅玩7C,LND-AL30,畅玩7C,统货,/,CNY/台,/,image,华为2.jpg,数码网报价单-0825更新/手机相关/华为2.jpg,1,1.0,visual_0825_source_crosschecked
20260825-4583469542a314b08b82-01,2026-08-25,手机,device,华为,荣耀畅玩系列,畅玩6A,DLI-AL10,畅玩6A,开机靓好,60,CNY/台,/,image,华为2.jpg,数码网报价单-0825更新/手机相关/华为2.jpg,1,1.0,visual_0825_source_crosschecked
20260825-b10dc0067b806e43aece-01,2026-08-25,手机,device,华为,荣耀畅玩系列,畅玩6A,DLI-AL10,畅玩6A,开机好碎,60,CNY/台,/,image,华为2.jpg,数码网报价单-0825更新/手机相关/华为2.jpg,1,1.0,visual_0825_source_crosschecked
20260825-b1b87cc0a1cbcc8cad2a-01,2026-08-25,手机,device,华为,荣耀畅玩系列,畅玩6A,DLI-AL10,畅玩6A,开机碎屏,60,CNY/台,/,image,华为2.jpg,数码网报价单-0825更新/手机相关/华为2.jpg,1,1.0,visual_0825_source_crosschecked
20260825-0563d3c02b4ae4dedc79-01,2026-08-25,手机,device,华为,荣耀畅玩系列,畅玩6A,DLI-AL10,畅玩6A,开机坏配件,60,CNY/台,/,image,华为2.jpg,数码网报价单-0825更新/手机相关/华为2.jpg,1,1.0,visual_0825_source_crosschecked
20260825-72735a5913815f8a1b93-01,2026-08-25,手机,device,华为,荣耀畅玩系列,畅玩6A,DLI-AL10,畅玩6A,不开机,60,CNY/台,/,image,华为2.jpg,数码网报价单-0825更新/手机相关/华为2.jpg,1,1.0,visual_0825_source_crosschecked
20260825-515575bc663b5bbbd2f2-01,2026-08-25,手机,device,华为,荣耀畅玩系列,畅玩6A,DLI-AL10,畅玩6A,废板·整机,60,CNY/台,/,image,华为2.jpg,数码网报价单-0825更新/手机相关/华为2.jpg,1,1.0,visual_0825_source_crosschecked
20260825-5d55af1e12fdc16cd7bb-01,2026-08-25,手机,device,华为,荣耀畅玩系列,畅玩6A,DLI-AL10,畅玩6A,统货,/,CNY/台,/,image,华为2.jpg,数码网报价单-0825更新/手机相关/华为2.jpg,1,1.0,visual_0825_source_crosschecked
20260825-b121d0803276ba77a704-01,2026-08-25,手机,device,华为,荣耀畅玩系列,畅玩6X,BLN-AL10/AL40,畅玩6X,开机靓好,60,CNY/台,/,image,华为2.jpg,数码网报价单-0825更新/手机相关/华为2.jpg,1,1.0,visual_0825_source_crosschecked
20260825-9f8c14f19967e14d098d-01,2026-08-25,手机,device,华为,荣耀畅玩系列,畅玩6X,BLN-AL10/AL40,畅玩6X,开机好碎,60,CNY/台,/,image,华为2.jpg,数码网报价单-0825更新/手机相关/华为2.jpg,1,1.0,visual_0825_source_crosschecked
20260825-32d8375b01ede6d98163-01,2026-08-25,手机,device,华为,荣耀畅玩系列,畅玩6X,BLN-AL10/AL40,畅玩6X,开机碎屏,60,CNY/台,/,image,华为2.jpg,数码网报价单-0825更新/手机相关/华为2.jpg,1,1.0,visual_0825_source_crosschecked
20260825-4d8a3711226bf1cc9a75-01,2026-08-25,手机,device,华为,荣耀畅玩系列,畅玩6X,BLN-AL10/AL40,畅玩6X,开机坏配件,60,CNY/台,/,image,华为2.jpg,数码网报价单-0825更新/手机相关/华为2.jpg,1,1.0,visual_0825_source_crosschecked
20260825-ab32a470bc22183aded4-01,2026-08-25,手机,device,华为,荣耀畅玩系列,畅玩6X,BLN-AL10/AL40,畅玩6X,不开机,60,CNY/台,/,image,华为2.jpg,数码网报价单-0825更新/手机相关/华为2.jpg,1,1.0,visual_0825_source_crosschecked
20260825-b82a52d842a17a60012b-01,2026-08-25,手机,device,华为,荣耀畅玩系列,畅玩6X,BLN-AL10/AL40,畅玩6X,废板·整机,60,CNY/台,/,image,华为2.jpg,数码网报价单-0825更新/手机相关/华为2.jpg,1,1.0,visual_0825_source_crosschecked
20260825-b2d64d47fab796b30693-01,2026-08-25,手机,device,华为,荣耀畅玩系列,畅玩6X,BLN-AL10/AL40,畅玩6X,统货,/,CNY/台,/,image,华为2.jpg,数码网报价单-0825更新/手机相关/华为2.jpg,1,1.0,visual_0825_source_crosschecked
20260825-f6fda91ffaca806d10c8-01,2026-08-25,手机,device,华为,荣耀畅玩系列,畅玩5C,NEM-AL10,畅玩5C,开机靓好,45,CNY/台,/,image,华为2.jpg,数码网报价单-0825更新/手机相关/华为2.jpg,1,1.0,visual_0825_source_crosschecked
20260825-bdcd030916d34b2aab70-01,2026-08-25,手机,device,华为,荣耀畅玩系列,畅玩5C,NEM-AL10,畅玩5C,开机好碎,45,CNY/台,/,image,华为2.jpg,数码网报价单-0825更新/手机相关/华为2.jpg,1,1.0,visual_0825_source_crosschecked
20260825-d81a397523d8c4468ee6-01,2026-08-25,手机,device,华为,荣耀畅玩系列,畅玩5C,NEM-AL10,畅玩5C,开机碎屏,45,CNY/台,/,image,华为2.jpg,数码网报价单-0825更新/手机相关/华为2.jpg,1,1.0,visual_0825_source_crosschecked
20260825-5665a0c7d7545c6ec313-01,2026-08-25,手机,device,华为,荣耀畅玩系列,畅玩5C,NEM-AL10,畅玩5C,开机坏配件,45,CNY/台,/,image,华为2.jpg,数码网报价单-0825更新/手机相关/华为2.jpg,1,1.0,visual_0825_source_crosschecked
20260825-0d62eb2b7800c41f4e1e-01,2026-08-25,手机,device,华为,荣耀畅玩系列,畅玩5C,NEM-AL10,畅玩5C,不开机,45,CNY/台,/,image,华为2.jpg,数码网报价单-0825更新/手机相关/华为2.jpg,1,1.0,visual_0825_source_crosschecked
20260825-66064b84ccf3ea31c00d-01,2026-08-25,手机,device,华为,荣耀畅玩系列,畅玩5C,NEM-AL10,畅玩5C,废板·整机,45,CNY/台,/,image,华为2.jpg,数码网报价单-0825更新/手机相关/华为2.jpg,1,1.0,visual_0825_source_crosschecked
20260825-5a0a081766b0438c8272-01,2026-08-25,手机,device,华为,荣耀畅玩系列,畅玩5C,NEM-AL10,畅玩5C,统货,/,CNY/台,/,image,华为2.jpg,数码网报价单-0825更新/手机相关/华为2.jpg,1,1.0,visual_0825_source_crosschecked
20260825-3a2dadbfd1a665cbdaaf-01,2026-08-25,手机,device,华为,荣耀畅玩系列,荣耀70Pro Max,CHZ-AL00,荣耀70Pro Max,开机靓好,340,CNY/台,开机芯片无破损,image,华为2.jpg,数码网报价单-0825更新/手机相关/华为2.jpg,1,1.0,visual_0825_source_crosschecked
20260825-503ccdbbf7d7ee05a998-01,2026-08-25,手机,device,华为,荣耀畅玩系列,荣耀70Pro Max,CHZ-AL00,荣耀70Pro Max,开机好碎,340,CNY/台,开机芯片无破损,image,华为2.jpg,数码网报价单-0825更新/手机相关/华为2.jpg,1,1.0,visual_0825_source_crosschecked
20260825-934892f07e8c740f98b8-01,2026-08-25,手机,device,华为,荣耀畅玩系列,荣耀70Pro Max,CHZ-AL00,荣耀70Pro Max,开机碎屏,340,CNY/台,开机芯片无破损,image,华为2.jpg,数码网报价单-0825更新/手机相关/华为2.jpg,1,1.0,visual_0825_source_crosschecked
20260825-210b43a587e9165496c1-01,2026-08-25,手机,device,华为,荣耀畅玩系列,荣耀70Pro Max,CHZ-AL00,荣耀70Pro Max,开机坏配件,160,CNY/台,开机芯片无破损,image,华为2.jpg,数码网报价单-0825更新/手机相关/华为2.jpg,1,1.0,visual_0825_source_crosschecked
20260825-2269626347f575db0fdd-01,2026-08-25,手机,device,华为,荣耀畅玩系列,荣耀70Pro Max,CHZ-AL00,荣耀70Pro Max,不开机,160,CNY/台,开机芯片无破损,image,华为2.jpg,数码网报价单-0825更新/手机相关/华为2.jpg,1,1.0,visual_0825_source_crosschecked
20260825-74beea216ff8461ebe35-01,2026-08-25,手机,device,华为,荣耀畅玩系列,荣耀70Pro Max,CHZ-AL00,荣耀70Pro Max,废板·整机,160,CNY/台,开机芯片无破损,image,华为2.jpg,数码网报价单-0825更新/手机相关/华为2.jpg,1,1.0,visual_0825_source_crosschecked
20260825-e1ca21403b454d36531e-01,2026-08-25,手机,device,华为,荣耀畅玩系列,荣耀70Pro Max,CHZ-AL00,荣耀70Pro Max,统货,/,CNY/台,开机芯片无破损,image,华为2.jpg,数码网报价单-0825更新/手机相关/华为2.jpg,1,1.0,visual_0825_source_crosschecked
20260825-d3e9aaab2c2ac883992b-01,2026-08-25,手机,device,华为,华为畅享系列,畅享70 Pro Max,CHZ-AL00,畅享70 Pro Max,开机靓好,240,CNY/台,/,image,华为2.jpg,数码网报价单-0825更新/手机相关/华为2.jpg,1,1.0,visual_0825_source_crosschecked
20260825-79d2a9c87af15b118298-01,2026-08-25,手机,device,华为,华为畅享系列,畅享70 Pro Max,CHZ-AL00,畅享70 Pro Max,开机好碎,240,CNY/台,/,image,华为2.jpg,数码网报价单-0825更新/手机相关/华为2.jpg,1,1.0,visual_0825_source_crosschecked
20260825-e3020791b551a8c4fef5-01,2026-08-25,手机,device,华为,华为畅享系列,畅享70 Pro Max,CHZ-AL00,畅享70 Pro Max,开机碎屏,240,CNY/台,/,image,华为2.jpg,数码网报价单-0825更新/手机相关/华为2.jpg,1,1.0,visual_0825_source_crosschecked
20260825-3fb325d52e33b056f817-01,2026-08-25,手机,device,华为,华为畅享系列,畅享70 Pro Max,CHZ-AL00,畅享70 Pro Max,开机坏配件,140,CNY/台,/,image,华为2.jpg,数码网报价单-0825更新/手机相关/华为2.jpg,1,1.0,visual_0825_source_crosschecked
20260825-394cc38f4fd8bd1360d6-01,2026-08-25,手机,device,华为,华为畅享系列,畅享70 Pro Max,CHZ-AL00,畅享70 Pro Max,不开机,140,CNY/台,/,image,华为2.jpg,数码网报价单-0825更新/手机相关/华为2.jpg,1,1.0,visual_0825_source_crosschecked
20260825-77e2ac1460698a29253f-01,2026-08-25,手机,device,华为,华为畅享系列,畅享70 Pro Max,CHZ-AL00,畅享70 Pro Max,废板·整机,140,CNY/台,/,image,华为2.jpg,数码网报价单-0825更新/手机相关/华为2.jpg,1,1.0,visual_0825_source_crosschecked
20260825-76767557f021bf3f65ba-01,2026-08-25,手机,device,华为,华为畅享系列,畅享70 Pro Max,CHZ-AL00,畅享70 Pro Max,统货,/,CNY/台,/,image,华为2.jpg,数码网报价单-0825更新/手机相关/华为2.jpg,1,1.0,visual_0825_source_crosschecked
20260825-d5f3ded2c9d7d2deaab2-01,2026-08-25,手机,device,华为,华为畅享系列,畅享90Plus,/,畅享90Plus,开机靓好,240,CNY/台,/,image,华为2.jpg,数码网报价单-0825更新/手机相关/华为2.jpg,1,1.0,visual_0825_source_crosschecked
20260825-04cc9669695e8b3293e8-01,2026-08-25,手机,device,华为,华为畅享系列,畅享90Plus,/,畅享90Plus,开机好碎,240,CNY/台,/,image,华为2.jpg,数码网报价单-0825更新/手机相关/华为2.jpg,1,1.0,visual_0825_source_crosschecked
20260825-fe43c61d7ca20bcefb9b-01,2026-08-25,手机,device,华为,华为畅享系列,畅享90Plus,/,畅享90Plus,开机碎屏,240,CNY/台,/,image,华为2.jpg,数码网报价单-0825更新/手机相关/华为2.jpg,1,1.0,visual_0825_source_crosschecked
20260825-947c9cf4d0a5db9d1b5c-01,2026-08-25,手机,device,华为,华为畅享系列,畅享90Plus,/,畅享90Plus,开机坏配件,90,CNY/台,/,image,华为2.jpg,数码网报价单-0825更新/手机相关/华为2.jpg,1,1.0,visual_0825_source_crosschecked
20260825-c24425121f986048da0f-01,2026-08-25,手机,device,华为,华为畅享系列,畅享90Plus,/,畅享90Plus,不开机,90,CNY/台,/,image,华为2.jpg,数码网报价单-0825更新/手机相关/华为2.jpg,1,1.0,visual_0825_source_crosschecked
20260825-f16f5d19e4fbd6e92050-01,2026-08-25,手机,device,华为,华为畅享系列,畅享90Plus,/,畅享90Plus,废板·整机,90,CNY/台,/,image,华为2.jpg,数码网报价单-0825更新/手机相关/华为2.jpg,1,1.0,visual_0825_source_crosschecked
20260825-48bdfa56f28ab2ac5bbb-01,2026-08-25,手机,device,华为,华为畅享系列,畅享90Plus,/,畅享90Plus,统货,/,CNY/台,/,image,华为2.jpg,数码网报价单-0825更新/手机相关/华为2.jpg,1,1.0,visual_0825_source_crosschecked
20260825-9cc4b7ea0d0a6f3dca05-01,2026-08-25,手机,device,华为,华为畅享系列,畅享80Max,LSA-AN00,畅享80Max,开机靓好,200,CNY/台,/,image,华为2.jpg,数码网报价单-0825更新/手机相关/华为2.jpg,1,1.0,visual_0825_source_crosschecked
20260825-0a4c656b7df6236364e3-01,2026-08-25,手机,device,华为,华为畅享系列,畅享80Max,LSA-AN00,畅享80Max,开机好碎,200,CNY/台,/,image,华为2.jpg,数码网报价单-0825更新/手机相关/华为2.jpg,1,1.0,visual_0825_source_crosschecked
20260825-227e82b6b5a7417bd442-01,2026-08-25,手机,device,华为,华为畅享系列,畅享80Max,LSA-AN00,畅享80Max,开机碎屏,200,CNY/台,/,image,华为2.jpg,数码网报价单-0825更新/手机相关/华为2.jpg,1,1.0,visual_0825_source_crosschecked
20260825-6a8d96363af313d4e14e-01,2026-08-25,手机,device,华为,华为畅享系列,畅享80Max,LSA-AN00,畅享80Max,开机坏配件,90,CNY/台,/,image,华为2.jpg,数码网报价单-0825更新/手机相关/华为2.jpg,1,1.0,visual_0825_source_crosschecked
20260825-8a8a7f294507ead77bdd-01,2026-08-25,手机,device,华为,华为畅享系列,畅享80Max,LSA-AN00,畅享80Max,不开机,90,CNY/台,/,image,华为2.jpg,数码网报价单-0825更新/手机相关/华为2.jpg,1,1.0,visual_0825_source_crosschecked
20260825-6dd429441ef03c76e7b7-01,2026-08-25,手机,device,华为,华为畅享系列,畅享80Max,LSA-AN00,畅享80Max,废板·整机,90,CNY/台,/,image,华为2.jpg,数码网报价单-0825更新/手机相关/华为2.jpg,1,1.0,visual_0825_source_crosschecked
20260825-37cbc6f5ef51b34cbc66-01,2026-08-25,手机,device,华为,华为畅享系列,畅享80Max,LSA-AN00,畅享80Max,统货,/,CNY/台,/,image,华为2.jpg,数码网报价单-0825更新/手机相关/华为2.jpg,1,1.0,visual_0825_source_crosschecked
20260825-a4acd70830a578c0b5d8-01,2026-08-25,手机,device,华为,华为畅享系列,畅享70z,/,畅享70z,开机靓好,90,CNY/台,/,image,华为2.jpg,数码网报价单-0825更新/手机相关/华为2.jpg,1,1.0,visual_0825_source_crosschecked
20260825-9de6d6459fd9bcb3799e-01,2026-08-25,手机,device,华为,华为畅享系列,畅享70z,/,畅享70z,开机好碎,90,CNY/台,/,image,华为2.jpg,数码网报价单-0825更新/手机相关/华为2.jpg,1,1.0,visual_0825_source_crosschecked
20260825-6903e2522e7e3d5e3992-01,2026-08-25,手机,device,华为,华为畅享系列,畅享70z,/,畅享70z,开机碎屏,90,CNY/台,/,image,华为2.jpg,数码网报价单-0825更新/手机相关/华为2.jpg,1,1.0,visual_0825_source_crosschecked
20260825-96bfea7acf9dc61b6f44-01,2026-08-25,手机,device,华为,华为畅享系列,畅享70z,/,畅享70z,开机坏配件,90,CNY/台,/,image,华为2.jpg,数码网报价单-0825更新/手机相关/华为2.jpg,1,1.0,visual_0825_source_crosschecked
20260825-89aa5d52c25706edcc53-01,2026-08-25,手机,device,华为,华为畅享系列,畅享70z,/,畅享70z,不开机,90,CNY/台,/,image,华为2.jpg,数码网报价单-0825更新/手机相关/华为2.jpg,1,1.0,visual_0825_source_crosschecked
20260825-c6de9d3947f8e176c8be-01,2026-08-25,手机,device,华为,华为畅享系列,畅享70z,/,畅享70z,废板·整机,90,CNY/台,/,image,华为2.jpg,数码网报价单-0825更新/手机相关/华为2.jpg,1,1.0,visual_0825_source_crosschecked
20260825-a99a92da07819fab5a69-01,2026-08-25,手机,device,华为,华为畅享系列,畅享70z,/,畅享70z,统货,/,CNY/台,/,image,华为2.jpg,数码网报价单-0825更新/手机相关/华为2.jpg,1,1.0,visual_0825_source_crosschecked
20260825-27878b270e23779ca34b-01,2026-08-25,手机,device,华为,华为畅享系列,畅享70e,/,畅享70e,开机靓好,250,CNY/台,/,image,华为2.jpg,数码网报价单-0825更新/手机相关/华为2.jpg,1,1.0,visual_0825_source_crosschecked
20260825-843eea5c50581877d17a-01,2026-08-25,手机,device,华为,华为畅享系列,畅享70e,/,畅享70e,开机好碎,250,CNY/台,/,image,华为2.jpg,数码网报价单-0825更新/手机相关/华为2.jpg,1,1.0,visual_0825_source_crosschecked
20260825-773cf89cac557d426c18-01,2026-08-25,手机,device,华为,华为畅享系列,畅享70e,/,畅享70e,开机碎屏,250,CNY/台,/,image,华为2.jpg,数码网报价单-0825更新/手机相关/华为2.jpg,1,1.0,visual_0825_source_crosschecked
20260825-9c61f1963be2e146b9f2-01,2026-08-25,手机,device,华为,华为畅享系列,畅享70e,/,畅享70e,开机坏配件,90,CNY/台,/,image,华为2.jpg,数码网报价单-0825更新/手机相关/华为2.jpg,1,1.0,visual_0825_source_crosschecked
20260825-9b001dbe0e916092341f-01,2026-08-25,手机,device,华为,华为畅享系列,畅享70e,/,畅享70e,不开机,90,CNY/台,/,image,华为2.jpg,数码网报价单-0825更新/手机相关/华为2.jpg,1,1.0,visual_0825_source_crosschecked
20260825-4bb9232bf9c246d2783b-01,2026-08-25,手机,device,华为,华为畅享系列,畅享70e,/,畅享70e,废板·整机,90,CNY/台,/,image,华为2.jpg,数码网报价单-0825更新/手机相关/华为2.jpg,1,1.0,visual_0825_source_crosschecked
20260825-ecac6a1879472ec8a533-01,2026-08-25,手机,device,华为,华为畅享系列,畅享70e,/,畅享70e,统货,/,CNY/台,/,image,华为2.jpg,数码网报价单-0825更新/手机相关/华为2.jpg,1,1.0,visual_0825_source_crosschecked
20260825-b78baf65019346097e93-01,2026-08-25,手机,device,华为,华为畅享系列,畅享70X,L40,畅享70X,开机靓好,110,CNY/台,/,image,华为2.jpg,数码网报价单-0825更新/手机相关/华为2.jpg,1,1.0,visual_0825_source_crosschecked
20260825-9714ad854682a217cec4-01,2026-08-25,手机,device,华为,华为畅享系列,畅享70X,L40,畅享70X,开机好碎,110,CNY/台,/,image,华为2.jpg,数码网报价单-0825更新/手机相关/华为2.jpg,1,1.0,visual_0825_source_crosschecked
20260825-ff7137aaba729189e11f-01,2026-08-25,手机,device,华为,华为畅享系列,畅享70X,L40,畅享70X,开机碎屏,90,CNY/台,/,image,华为2.jpg,数码网报价单-0825更新/手机相关/华为2.jpg,1,1.0,visual_0825_source_crosschecked
20260825-b3d2b68a35eca60b2de7-01,2026-08-25,手机,device,华为,华为畅享系列,畅享70X,L40,畅享70X,开机坏配件,90,CNY/台,/,image,华为2.jpg,数码网报价单-0825更新/手机相关/华为2.jpg,1,1.0,visual_0825_source_crosschecked
20260825-1bccac53b1b2f29c756a-01,2026-08-25,手机,device,华为,华为畅享系列,畅享70X,L40,畅享70X,不开机,90,CNY/台,/,image,华为2.jpg,数码网报价单-0825更新/手机相关/华为2.jpg,1,1.0,visual_0825_source_crosschecked
20260825-9165e64c47b1772f9e24-01,2026-08-25,手机,device,华为,华为畅享系列,畅享70X,L40,畅享70X,废板·整机,90,CNY/台,/,image,华为2.jpg,数码网报价单-0825更新/手机相关/华为2.jpg,1,1.0,visual_0825_source_crosschecked
20260825-1317941a79ff5891a710-01,2026-08-25,手机,device,华为,华为畅享系列,畅享70X,L40,畅享70X,统货,/,CNY/台,/,image,华为2.jpg,数码网报价单-0825更新/手机相关/华为2.jpg,1,1.0,visual_0825_source_crosschecked
20260825-d273da3ace0cb6d6bb42-01,2026-08-25,手机,device,华为,华为畅享系列,畅享70,STG-AL00,畅享70,开机靓好,280,CNY/台,/,image,华为2.jpg,数码网报价单-0825更新/手机相关/华为2.jpg,1,1.0,visual_0825_source_crosschecked
20260825-262efc40700c40ad380d-01,2026-08-25,手机,device,华为,华为畅享系列,畅享70,STG-AL00,畅享70,开机好碎,280,CNY/台,/,image,华为2.jpg,数码网报价单-0825更新/手机相关/华为2.jpg,1,1.0,visual_0825_source_crosschecked
20260825-e2a69469ec7e8c678ce5-01,2026-08-25,手机,device,华为,华为畅享系列,畅享70,STG-AL00,畅享70,开机碎屏,280,CNY/台,/,image,华为2.jpg,数码网报价单-0825更新/手机相关/华为2.jpg,1,1.0,visual_0825_source_crosschecked
20260825-d33a480e9f6211bd72ed-01,2026-08-25,手机,device,华为,华为畅享系列,畅享70,STG-AL00,畅享70,开机坏配件,165,CNY/台,/,image,华为2.jpg,数码网报价单-0825更新/手机相关/华为2.jpg,1,1.0,visual_0825_source_crosschecked
20260825-ff83b0c44c2bcdc96604-01,2026-08-25,手机,device,华为,华为畅享系列,畅享70,STG-AL00,畅享70,不开机,165,CNY/台,/,image,华为2.jpg,数码网报价单-0825更新/手机相关/华为2.jpg,1,1.0,visual_0825_source_crosschecked
20260825-0f2765442fe4423e4134-01,2026-08-25,手机,device,华为,华为畅享系列,畅享70,STG-AL00,畅享70,废板·整机,165,CNY/台,/,image,华为2.jpg,数码网报价单-0825更新/手机相关/华为2.jpg,1,1.0,visual_0825_source_crosschecked
20260825-e80f9286154e1ec18b77-01,2026-08-25,手机,device,华为,华为畅享系列,畅享70,STG-AL00,畅享70,统货,/,CNY/台,/,image,华为2.jpg,数码网报价单-0825更新/手机相关/华为2.jpg,1,1.0,visual_0825_source_crosschecked
20260825-6a8fbb8fafcba5f24ad7-01,2026-08-25,手机,device,华为,华为畅享系列,畅享70e,FGY-AL00,畅享70e,开机靓好,195,CNY/台,/,image,华为2.jpg,数码网报价单-0825更新/手机相关/华为2.jpg,1,1.0,visual_0825_source_crosschecked
20260825-121335d090523326c840-01,2026-08-25,手机,device,华为,华为畅享系列,畅享70e,FGY-AL00,畅享70e,开机好碎,195,CNY/台,/,image,华为2.jpg,数码网报价单-0825更新/手机相关/华为2.jpg,1,1.0,visual_0825_source_crosschecked
20260825-be0487e78c353317d43d-01,2026-08-25,手机,device,华为,华为畅享系列,畅享70e,FGY-AL00,畅享70e,开机碎屏,195,CNY/台,/,image,华为2.jpg,数码网报价单-0825更新/手机相关/华为2.jpg,1,1.0,visual_0825_source_crosschecked
20260825-ecda402d7f9f6a54b8c0-01,2026-08-25,手机,device,华为,华为畅享系列,畅享70e,FGY-AL00,畅享70e,开机坏配件,165,CNY/台,/,image,华为2.jpg,数码网报价单-0825更新/手机相关/华为2.jpg,1,1.0,visual_0825_source_crosschecked
20260825-609dd85326ecf880dbbe-01,2026-08-25,手机,device,华为,华为畅享系列,畅享70e,FGY-AL00,畅享70e,不开机,165,CNY/台,/,image,华为2.jpg,数码网报价单-0825更新/手机相关/华为2.jpg,1,1.0,visual_0825_source_crosschecked
20260825-d518e050c94e2366dd67-01,2026-08-25,手机,device,华为,华为畅享系列,畅享70e,FGY-AL00,畅享70e,废板·整机,165,CNY/台,/,image,华为2.jpg,数码网报价单-0825更新/手机相关/华为2.jpg,1,1.0,visual_0825_source_crosschecked
20260825-d1b96d9af9364bf17ed6-01,2026-08-25,手机,device,华为,华为畅享系列,畅享70e,FGY-AL00,畅享70e,统货,/,CNY/台,/,image,华为2.jpg,数码网报价单-0825更新/手机相关/华为2.jpg,1,1.0,visual_0825_source_crosschecked
20260825-95b443a1bdbd30744aa5-01,2026-08-25,手机,device,华为,华为畅享系列,畅享60活力版,MGA-AL00,畅享60活力版,开机靓好,195,CNY/台,/,image,华为2.jpg,数码网报价单-0825更新/手机相关/华为2.jpg,1,1.0,visual_0825_source_crosschecked
20260825-0475dd621f07d0145c23-01,2026-08-25,手机,device,华为,华为畅享系列,畅享60活力版,MGA-AL00,畅享60活力版,开机好碎,195,CNY/台,/,image,华为2.jpg,数码网报价单-0825更新/手机相关/华为2.jpg,1,1.0,visual_0825_source_crosschecked
20260825-980cb0562b929f5ee028-01,2026-08-25,手机,device,华为,华为畅享系列,畅享60活力版,MGA-AL00,畅享60活力版,开机碎屏,195,CNY/台,/,image,华为2.jpg,数码网报价单-0825更新/手机相关/华为2.jpg,1,1.0,visual_0825_source_crosschecked
20260825-28e82c34cd3c6ab16b36-01,2026-08-25,手机,device,华为,华为畅享系列,畅享60活力版,MGA-AL00,畅享60活力版,开机坏配件,165,CNY/台,/,image,华为2.jpg,数码网报价单-0825更新/手机相关/华为2.jpg,1,1.0,visual_0825_source_crosschecked
20260825-193f48165e3aa5b0347e-01,2026-08-25,手机,device,华为,华为畅享系列,畅享60活力版,MGA-AL00,畅享60活力版,不开机,165,CNY/台,/,image,华为2.jpg,数码网报价单-0825更新/手机相关/华为2.jpg,1,1.0,visual_0825_source_crosschecked
20260825-52395b7c5a15ce5a5318-01,2026-08-25,手机,device,华为,华为畅享系列,畅享60活力版,MGA-AL00,畅享60活力版,废板·整机,165,CNY/台,/,image,华为2.jpg,数码网报价单-0825更新/手机相关/华为2.jpg,1,1.0,visual_0825_source_crosschecked
20260825-98d2fbbe48fe37a564a6-01,2026-08-25,手机,device,华为,华为畅享系列,畅享60活力版,MGA-AL00,畅享60活力版,统货,/,CNY/台,/,image,华为2.jpg,数码网报价单-0825更新/手机相关/华为2.jpg,1,1.0,visual_0825_source_crosschecked
20260825-3ab852882e61497098c6-01,2026-08-25,手机,device,华为,华为畅享系列,畅享60 Pro,STE-AL00,畅享60 Pro,开机靓好,170,CNY/台,/,image,华为2.jpg,数码网报价单-0825更新/手机相关/华为2.jpg,1,1.0,visual_0825_source_crosschecked
20260825-602b8fecab0cdd2c1e2c-01,2026-08-25,手机,device,华为,华为畅享系列,畅享60 Pro,STE-AL00,畅享60 Pro,开机好碎,170,CNY/台,/,image,华为2.jpg,数码网报价单-0825更新/手机相关/华为2.jpg,1,1.0,visual_0825_source_crosschecked
20260825-4b70312807f98bc1b701-01,2026-08-25,手机,device,华为,华为畅享系列,畅享60 Pro,STE-AL00,畅享60 Pro,开机碎屏,170,CNY/台,/,image,华为2.jpg,数码网报价单-0825更新/手机相关/华为2.jpg,1,1.0,visual_0825_source_crosschecked
20260825-06e0e98df119c098a1f8-01,2026-08-25,手机,device,华为,华为畅享系列,畅享60 Pro,STE-AL00,畅享60 Pro,开机坏配件,140,CNY/台,/,image,华为2.jpg,数码网报价单-0825更新/手机相关/华为2.jpg,1,1.0,visual_0825_source_crosschecked
20260825-07ac5a00aacf8b9e97fc-01,2026-08-25,手机,device,华为,华为畅享系列,畅享60 Pro,STE-AL00,畅享60 Pro,不开机,140,CNY/台,/,image,华为2.jpg,数码网报价单-0825更新/手机相关/华为2.jpg,1,1.0,visual_0825_source_crosschecked
20260825-b7e1f80b21780dc4a23c-01,2026-08-25,手机,device,华为,华为畅享系列,畅享60 Pro,STE-AL00,畅享60 Pro,废板·整机,140,CNY/台,/,image,华为2.jpg,数码网报价单-0825更新/手机相关/华为2.jpg,1,1.0,visual_0825_source_crosschecked
20260825-f054c66c26d17e0f403d-01,2026-08-25,手机,device,华为,华为畅享系列,畅享60 Pro,STE-AL00,畅享60 Pro,统货,/,CNY/台,/,image,华为2.jpg,数码网报价单-0825更新/手机相关/华为2.jpg,1,1.0,visual_0825_source_crosschecked
20260825-0830654b4dc22eaecd24-01,2026-08-25,手机,device,华为,华为畅享系列,畅享60 4G,MGA-AL00,畅享60 4G,开机靓好,110,CNY/台,/,image,华为2.jpg,数码网报价单-0825更新/手机相关/华为2.jpg,1,1.0,visual_0825_source_crosschecked
20260825-b2340a882a9b775fe19a-01,2026-08-25,手机,device,华为,华为畅享系列,畅享60 4G,MGA-AL00,畅享60 4G,开机好碎,110,CNY/台,/,image,华为2.jpg,数码网报价单-0825更新/手机相关/华为2.jpg,1,1.0,visual_0825_source_crosschecked
20260825-d894a177858da3832e49-01,2026-08-25,手机,device,华为,华为畅享系列,畅享60 4G,MGA-AL00,畅享60 4G,开机碎屏,110,CNY/台,/,image,华为2.jpg,数码网报价单-0825更新/手机相关/华为2.jpg,1,1.0,visual_0825_source_crosschecked
20260825-76b760265d354760f1fa-01,2026-08-25,手机,device,华为,华为畅享系列,畅享60 4G,MGA-AL00,畅享60 4G,开机坏配件,90,CNY/台,/,image,华为2.jpg,数码网报价单-0825更新/手机相关/华为2.jpg,1,1.0,visual_0825_source_crosschecked
20260825-bce72bcbe39cec2da9d6-01,2026-08-25,手机,device,华为,华为畅享系列,畅享60 4G,MGA-AL00,畅享60 4G,不开机,90,CNY/台,/,image,华为2.jpg,数码网报价单-0825更新/手机相关/华为2.jpg,1,1.0,visual_0825_source_crosschecked
20260825-839ad0c570a12864bf89-01,2026-08-25,手机,device,华为,华为畅享系列,畅享60 4G,MGA-AL00,畅享60 4G,废板·整机,90,CNY/台,/,image,华为2.jpg,数码网报价单-0825更新/手机相关/华为2.jpg,1,1.0,visual_0825_source_crosschecked
20260825-f4cb855e594418b5c290-01,2026-08-25,手机,device,华为,华为畅享系列,畅享60 4G,MGA-AL00,畅享60 4G,统货,/,CNY/台,/,image,华为2.jpg,数码网报价单-0825更新/手机相关/华为2.jpg,1,1.0,visual_0825_source_crosschecked
20260825-e41109cac6446af6f481-01,2026-08-25,手机,device,华为,华为畅享系列,畅享60,MGA-AL00,畅享60,开机靓好,170,CNY/台,/,image,华为2.jpg,数码网报价单-0825更新/手机相关/华为2.jpg,1,1.0,visual_0825_source_crosschecked
20260825-0a4e1292a20aa06519d0-01,2026-08-25,手机,device,华为,华为畅享系列,畅享60,MGA-AL00,畅享60,开机好碎,170,CNY/台,/,image,华为2.jpg,数码网报价单-0825更新/手机相关/华为2.jpg,1,1.0,visual_0825_source_crosschecked
20260825-ba9e9b3ad75685b8bd10-01,2026-08-25,手机,device,华为,华为畅享系列,畅享60,MGA-AL00,畅享60,开机碎屏,170,CNY/台,/,image,华为2.jpg,数码网报价单-0825更新/手机相关/华为2.jpg,1,1.0,visual_0825_source_crosschecked
20260825-68f1277b8092034e7e6d-01,2026-08-25,手机,device,华为,华为畅享系列,畅享60,MGA-AL00,畅享60,开机坏配件,170,CNY/台,/,image,华为2.jpg,数码网报价单-0825更新/手机相关/华为2.jpg,1,1.0,visual_0825_source_crosschecked
20260825-fe33ad9bba292ce59d08-01,2026-08-25,手机,device,华为,华为畅享系列,畅享60,MGA-AL00,畅享60,不开机,170,CNY/台,/,image,华为2.jpg,数码网报价单-0825更新/手机相关/华为2.jpg,1,1.0,visual_0825_source_crosschecked
20260825-4ab53828d6b406b5e8a4-01,2026-08-25,手机,device,华为,华为畅享系列,畅享60,MGA-AL00,畅享60,废板·整机,170,CNY/台,/,image,华为2.jpg,数码网报价单-0825更新/手机相关/华为2.jpg,1,1.0,visual_0825_source_crosschecked
20260825-0eb0161e3eeef0e7c77e-01,2026-08-25,手机,device,华为,华为畅享系列,畅享60,MGA-AL00,畅享60,统货,/,CNY/台,/,image,华为2.jpg,数码网报价单-0825更新/手机相关/华为2.jpg,1,1.0,visual_0825_source_crosschecked
20260825-4ffbc123cd3462de5f1a-01,2026-08-25,手机,device,华为,华为畅享系列,畅享60s,GAR-AL00,畅享60s,开机靓好,110,CNY/台,/,image,华为2.jpg,数码网报价单-0825更新/手机相关/华为2.jpg,1,1.0,visual_0825_source_crosschecked
20260825-d8c427e5ca32a1e03c00-01,2026-08-25,手机,device,华为,华为畅享系列,畅享60s,GAR-AL00,畅享60s,开机好碎,110,CNY/台,/,image,华为2.jpg,数码网报价单-0825更新/手机相关/华为2.jpg,1,1.0,visual_0825_source_crosschecked
20260825-b036af87d896cb147c58-01,2026-08-25,手机,device,华为,华为畅享系列,畅享60s,GAR-AL00,畅享60s,开机碎屏,110,CNY/台,/,image,华为2.jpg,数码网报价单-0825更新/手机相关/华为2.jpg,1,1.0,visual_0825_source_crosschecked
20260825-72c59408846d0d0624af-01,2026-08-25,手机,device,华为,华为畅享系列,畅享60s,GAR-AL00,畅享60s,开机坏配件,90,CNY/台,/,image,华为2.jpg,数码网报价单-0825更新/手机相关/华为2.jpg,1,1.0,visual_0825_source_crosschecked
20260825-15e4f7c64b4451eb173f-01,2026-08-25,手机,device,华为,华为畅享系列,畅享60s,GAR-AL00,畅享60s,不开机,90,CNY/台,/,image,华为2.jpg,数码网报价单-0825更新/手机相关/华为2.jpg,1,1.0,visual_0825_source_crosschecked
20260825-5eff05fc5a1999d4dd97-01,2026-08-25,手机,device,华为,华为畅享系列,畅享60s,GAR-AL00,畅享60s,废板·整机,90,CNY/台,/,image,华为2.jpg,数码网报价单-0825更新/手机相关/华为2.jpg,1,1.0,visual_0825_source_crosschecked
20260825-daddd744ee468286ae0c-01,2026-08-25,手机,device,华为,华为畅享系列,畅享60s,GAR-AL00,畅享60s,统货,/,CNY/台,/,image,华为2.jpg,数码网报价单-0825更新/手机相关/华为2.jpg,1,1.0,visual_0825_source_crosschecked
20260825-88a16a940ed173fe7f12-01,2026-08-25,手机,device,华为,华为畅享系列,畅享50Pro,CTR-AL00,畅享50Pro,开机靓好,170,CNY/台,/,image,华为2.jpg,数码网报价单-0825更新/手机相关/华为2.jpg,1,1.0,visual_0825_source_crosschecked
20260825-0993636ba04eacb55fa6-01,2026-08-25,手机,device,华为,华为畅享系列,畅享50Pro,CTR-AL00,畅享50Pro,开机好碎,170,CNY/台,/,image,华为2.jpg,数码网报价单-0825更新/手机相关/华为2.jpg,1,1.0,visual_0825_source_crosschecked
20260825-ab18175c639c50f28ba1-01,2026-08-25,手机,device,华为,华为畅享系列,畅享50Pro,CTR-AL00,畅享50Pro,开机碎屏,170,CNY/台,/,image,华为2.jpg,数码网报价单-0825更新/手机相关/华为2.jpg,1,1.0,visual_0825_source_crosschecked
20260825-d7495e262bb14ee87521-01,2026-08-25,手机,device,华为,华为畅享系列,畅享50Pro,CTR-AL00,畅享50Pro,开机坏配件,170,CNY/台,/,image,华为2.jpg,数码网报价单-0825更新/手机相关/华为2.jpg,1,1.0,visual_0825_source_crosschecked
20260825-79fc307d43a0cebacc5f-01,2026-08-25,手机,device,华为,华为畅享系列,畅享50Pro,CTR-AL00,畅享50Pro,不开机,170,CNY/台,/,image,华为2.jpg,数码网报价单-0825更新/手机相关/华为2.jpg,1,1.0,visual_0825_source_crosschecked
20260825-4bb31f215b76c11797b7-01,2026-08-25,手机,device,华为,华为畅享系列,畅享50Pro,CTR-AL00,畅享50Pro,废板·整机,170,CNY/台,/,image,华为2.jpg,数码网报价单-0825更新/手机相关/华为2.jpg,1,1.0,visual_0825_source_crosschecked
20260825-9eb56681f9c39f3dac42-01,2026-08-25,手机,device,华为,华为畅享系列,畅享50Pro,CTR-AL00,畅享50Pro,统货,/,CNY/台,/,image,华为2.jpg,数码网报价单-0825更新/手机相关/华为2.jpg,1,1.0,visual_0825_source_crosschecked
20260825-66388cb6f617757e084b-01,2026-08-25,手机,device,华为,华为畅享系列,畅享50z,EVE-AL00,畅享50z,开机靓好,105,CNY/台,/,image,华为2.jpg,数码网报价单-0825更新/手机相关/华为2.jpg,1,1.0,visual_0825_source_crosschecked
20260825-9e250a1b30eb3fc6aa5e-01,2026-08-25,手机,device,华为,华为畅享系列,畅享50z,EVE-AL00,畅享50z,开机好碎,105,CNY/台,/,image,华为2.jpg,数码网报价单-0825更新/手机相关/华为2.jpg,1,1.0,visual_0825_source_crosschecked
20260825-2cf1fbb410453c7dee80-01,2026-08-25,手机,device,华为,华为畅享系列,畅享50z,EVE-AL00,畅享50z,开机碎屏,105,CNY/台,/,image,华为2.jpg,数码网报价单-0825更新/手机相关/华为2.jpg,1,1.0,visual_0825_source_crosschecked
20260825-d62a2a71b03bc125491c-01,2026-08-25,手机,device,华为,华为畅享系列,畅享50z,EVE-AL00,畅享50z,开机坏配件,105,CNY/台,/,image,华为2.jpg,数码网报价单-0825更新/手机相关/华为2.jpg,1,1.0,visual_0825_source_crosschecked
20260825-301b6d1a90c0adad2c59-01,2026-08-25,手机,device,华为,华为畅享系列,畅享50z,EVE-AL00,畅享50z,不开机,80,CNY/台,/,image,华为2.jpg,数码网报价单-0825更新/手机相关/华为2.jpg,1,1.0,visual_0825_source_crosschecked
20260825-b52ce51ae55d87fee637-01,2026-08-25,手机,device,华为,华为畅享系列,畅享50z,EVE-AL00,畅享50z,废板·整机,80,CNY/台,/,image,华为2.jpg,数码网报价单-0825更新/手机相关/华为2.jpg,1,1.0,visual_0825_source_crosschecked
20260825-8bf1d1f553d073684bc1-01,2026-08-25,手机,device,华为,华为畅享系列,畅享50z,EVE-AL00,畅享50z,统货,/,CNY/台,/,image,华为2.jpg,数码网报价单-0825更新/手机相关/华为2.jpg,1,1.0,visual_0825_source_crosschecked
20260825-fc13c83d450b27ebf09a-01,2026-08-25,手机,device,华为,华为畅享系列,畅享50 (6+128),MGA-AL00,畅享50 (6+128),开机靓好,105,CNY/台,/,image,华为2.jpg,数码网报价单-0825更新/手机相关/华为2.jpg,1,1.0,visual_0825_source_crosschecked
20260825-f8754abbf79f62c7088b-01,2026-08-25,手机,device,华为,华为畅享系列,畅享50 (6+128),MGA-AL00,畅享50 (6+128),开机好碎,105,CNY/台,/,image,华为2.jpg,数码网报价单-0825更新/手机相关/华为2.jpg,1,1.0,visual_0825_source_crosschecked
20260825-61568a788c78491ca9d1-01,2026-08-25,手机,device,华为,华为畅享系列,畅享50 (6+128),MGA-AL00,畅享50 (6+128),开机碎屏,105,CNY/台,/,image,华为2.jpg,数码网报价单-0825更新/手机相关/华为2.jpg,1,1.0,visual_0825_source_crosschecked
20260825-4af6c15451bd34c596ed-01,2026-08-25,手机,device,华为,华为畅享系列,畅享50 (6+128),MGA-AL00,畅享50 (6+128),开机坏配件,105,CNY/台,/,image,华为2.jpg,数码网报价单-0825更新/手机相关/华为2.jpg,1,1.0,visual_0825_source_crosschecked
20260825-330a320a11f3f08f3586-01,2026-08-25,手机,device,华为,华为畅享系列,畅享50 (6+128),MGA-AL00,畅享50 (6+128),不开机,80,CNY/台,/,image,华为2.jpg,数码网报价单-0825更新/手机相关/华为2.jpg,1,1.0,visual_0825_source_crosschecked
20260825-a5307a27b4543e51f832-01,2026-08-25,手机,device,华为,华为畅享系列,畅享50 (6+128),MGA-AL00,畅享50 (6+128),废板·整机,80,CNY/台,/,image,华为2.jpg,数码网报价单-0825更新/手机相关/华为2.jpg,1,1.0,visual_0825_source_crosschecked
20260825-90de6c9aeca995c06ed5-01,2026-08-25,手机,device,华为,华为畅享系列,畅享50 (6+128),MGA-AL00,畅享50 (6+128),统货,/,CNY/台,/,image,华为2.jpg,数码网报价单-0825更新/手机相关/华为2.jpg,1,1.0,visual_0825_source_crosschecked
20260825-bc1c297df09630b9dcad-01,2026-08-25,手机,device,华为,华为畅享系列,畅享50 (8+128/256),MGA-AL00,畅享50 (8+128/256),开机靓好,115,CNY/台,/,image,华为2.jpg,数码网报价单-0825更新/手机相关/华为2.jpg,1,1.0,visual_0825_source_crosschecked
20260825-4b99c79ec40262ee5216-01,2026-08-25,手机,device,华为,华为畅享系列,畅享50 (8+128/256),MGA-AL00,畅享50 (8+128/256),开机好碎,115,CNY/台,/,image,华为2.jpg,数码网报价单-0825更新/手机相关/华为2.jpg,1,1.0,visual_0825_source_crosschecked
20260825-dfc49c4276e0b4decef0-01,2026-08-25,手机,device,华为,华为畅享系列,畅享50 (8+128/256),MGA-AL00,畅享50 (8+128/256),开机碎屏,115,CNY/台,/,image,华为2.jpg,数码网报价单-0825更新/手机相关/华为2.jpg,1,1.0,visual_0825_source_crosschecked
20260825-5a8c076c0591a7420b1e-01,2026-08-25,手机,device,华为,华为畅享系列,畅享50 (8+128/256),MGA-AL00,畅享50 (8+128/256),开机坏配件,115,CNY/台,/,image,华为2.jpg,数码网报价单-0825更新/手机相关/华为2.jpg,1,1.0,visual_0825_source_crosschecked
20260825-2837ccf2f3bebb05d899-01,2026-08-25,手机,device,华为,华为畅享系列,畅享50 (8+128/256),MGA-AL00,畅享50 (8+128/256),不开机,80,CNY/台,/,image,华为2.jpg,数码网报价单-0825更新/手机相关/华为2.jpg,1,1.0,visual_0825_source_crosschecked
20260825-35d6a3f6711c449d4068-01,2026-08-25,手机,device,华为,华为畅享系列,畅享50 (8+128/256),MGA-AL00,畅享50 (8+128/256),废板·整机,80,CNY/台,/,image,华为2.jpg,数码网报价单-0825更新/手机相关/华为2.jpg,1,1.0,visual_0825_source_crosschecked
20260825-8e8b345c315482cd074c-01,2026-08-25,手机,device,华为,华为畅享系列,畅享50 (8+128/256),MGA-AL00,畅享50 (8+128/256),统货,/,CNY/台,/,image,华为2.jpg,数码网报价单-0825更新/手机相关/华为2.jpg,1,1.0,visual_0825_source_crosschecked
20260825-bd1b6690d2da827bd959-01,2026-08-25,手机,device,华为,华为畅享系列,畅享20Pro (6+128),DVC-AN00,畅享20Pro (6+128),开机靓好,170,CNY/台,/,image,华为2.jpg,数码网报价单-0825更新/手机相关/华为2.jpg,1,1.0,visual_0825_source_crosschecked
20260825-d4317915e04a9cf77e5e-01,2026-08-25,手机,device,华为,华为畅享系列,畅享20Pro (6+128),DVC-AN00,畅享20Pro (6+128),开机好碎,170,CNY/台,/,image,华为2.jpg,数码网报价单-0825更新/手机相关/华为2.jpg,1,1.0,visual_0825_source_crosschecked
20260825-d50daacef75417d0eee5-01,2026-08-25,手机,device,华为,华为畅享系列,畅享20Pro (6+128),DVC-AN00,畅享20Pro (6+128),开机碎屏,170,CNY/台,/,image,华为2.jpg,数码网报价单-0825更新/手机相关/华为2.jpg,1,1.0,visual_0825_source_crosschecked
20260825-454b6ed9cd80671886a4-01,2026-08-25,手机,device,华为,华为畅享系列,畅享20Pro (6+128),DVC-AN00,畅享20Pro (6+128),开机坏配件,170,CNY/台,/,image,华为2.jpg,数码网报价单-0825更新/手机相关/华为2.jpg,1,1.0,visual_0825_source_crosschecked
20260825-bda6ddc5120b1b4efdba-01,2026-08-25,手机,device,华为,华为畅享系列,畅享20Pro (6+128),DVC-AN00,畅享20Pro (6+128),不开机,170,CNY/台,/,image,华为2.jpg,数码网报价单-0825更新/手机相关/华为2.jpg,1,1.0,visual_0825_source_crosschecked
20260825-176755e19065dcc1b9af-01,2026-08-25,手机,device,华为,华为畅享系列,畅享20Pro (6+128),DVC-AN00,畅享20Pro (6+128),废板·整机,170,CNY/台,/,image,华为2.jpg,数码网报价单-0825更新/手机相关/华为2.jpg,1,1.0,visual_0825_source_crosschecked
20260825-d7682a093a836f067209-01,2026-08-25,手机,device,华为,华为畅享系列,畅享20Pro (6+128),DVC-AN00,畅享20Pro (6+128),统货,/,CNY/台,/,image,华为2.jpg,数码网报价单-0825更新/手机相关/华为2.jpg,1,1.0,visual_0825_source_crosschecked
20260825-8ecf31cc90aae81f3be5-01,2026-08-25,手机,device,华为,华为畅享系列,畅享20Pro (8+128),DVC-AN20,畅享20Pro (8+128),开机靓好,170,CNY/台,/,image,华为2.jpg,数码网报价单-0825更新/手机相关/华为2.jpg,1,1.0,visual_0825_source_crosschecked
20260825-df25a8d7894dfb4e3f11-01,2026-08-25,手机,device,华为,华为畅享系列,畅享20Pro (8+128),DVC-AN20,畅享20Pro (8+128),开机好碎,170,CNY/台,/,image,华为2.jpg,数码网报价单-0825更新/手机相关/华为2.jpg,1,1.0,visual_0825_source_crosschecked
20260825-d92c1b0f4497b190ce90-01,2026-08-25,手机,device,华为,华为畅享系列,畅享20Pro (8+128),DVC-AN20,畅享20Pro (8+128),开机碎屏,170,CNY/台,/,image,华为2.jpg,数码网报价单-0825更新/手机相关/华为2.jpg,1,1.0,visual_0825_source_crosschecked
20260825-b7ce1151ad5679c119c0-01,2026-08-25,手机,device,华为,华为畅享系列,畅享20Pro (8+128),DVC-AN20,畅享20Pro (8+128),开机坏配件,170,CNY/台,/,image,华为2.jpg,数码网报价单-0825更新/手机相关/华为2.jpg,1,1.0,visual_0825_source_crosschecked
20260825-e2597cbf48b1bce178ab-01,2026-08-25,手机,device,华为,华为畅享系列,畅享20Pro (8+128),DVC-AN20,畅享20Pro (8+128),不开机,170,CNY/台,/,image,华为2.jpg,数码网报价单-0825更新/手机相关/华为2.jpg,1,1.0,visual_0825_source_crosschecked
20260825-bc8a8d1e927205d8988b-01,2026-08-25,手机,device,华为,华为畅享系列,畅享20Pro (8+128),DVC-AN20,畅享20Pro (8+128),废板·整机,170,CNY/台,/,image,华为2.jpg,数码网报价单-0825更新/手机相关/华为2.jpg,1,1.0,visual_0825_source_crosschecked
20260825-912da69f50e5b6196585-01,2026-08-25,手机,device,华为,华为畅享系列,畅享20Pro (8+128),DVC-AN20,畅享20Pro (8+128),统货,/,CNY/台,/,image,华为2.jpg,数码网报价单-0825更新/手机相关/华为2.jpg,1,1.0,visual_0825_source_crosschecked
20260825-a4ca3bb3c19e399d103d-01,2026-08-25,手机,device,华为,华为畅享系列,畅享20Plus,FRL-AN00a,畅享20Plus,开机靓好,170,CNY/台,/,image,华为2.jpg,数码网报价单-0825更新/手机相关/华为2.jpg,1,1.0,visual_0825_source_crosschecked
20260825-11e081c3034ff99ffb36-01,2026-08-25,手机,device,华为,华为畅享系列,畅享20Plus,FRL-AN00a,畅享20Plus,开机好碎,170,CNY/台,/,image,华为2.jpg,数码网报价单-0825更新/手机相关/华为2.jpg,1,1.0,visual_0825_source_crosschecked
20260825-0f38616cab56ed0a969f-01,2026-08-25,手机,device,华为,华为畅享系列,畅享20Plus,FRL-AN00a,畅享20Plus,开机碎屏,170,CNY/台,/,image,华为2.jpg,数码网报价单-0825更新/手机相关/华为2.jpg,1,1.0,visual_0825_source_crosschecked
20260825-ee0285675efc8888df7c-01,2026-08-25,手机,device,华为,华为畅享系列,畅享20Plus,FRL-AN00a,畅享20Plus,开机坏配件,170,CNY/台,/,image,华为2.jpg,数码网报价单-0825更新/手机相关/华为2.jpg,1,1.0,visual_0825_source_crosschecked
20260825-0e818d601d86cf9fc349-01,2026-08-25,手机,device,华为,华为畅享系列,畅享20Plus,FRL-AN00a,畅享20Plus,不开机,170,CNY/台,/,image,华为2.jpg,数码网报价单-0825更新/手机相关/华为2.jpg,1,1.0,visual_0825_source_crosschecked
20260825-94396fd65c2fcc82c537-01,2026-08-25,手机,device,华为,华为畅享系列,畅享20Plus,FRL-AN00a,畅享20Plus,废板·整机,170,CNY/台,/,image,华为2.jpg,数码网报价单-0825更新/手机相关/华为2.jpg,1,1.0,visual_0825_source_crosschecked
20260825-1dff6c9f9a20bb427f8b-01,2026-08-25,手机,device,华为,华为畅享系列,畅享20Plus,FRL-AN00a,畅享20Plus,统货,/,CNY/台,/,image,华为2.jpg,数码网报价单-0825更新/手机相关/华为2.jpg,1,1.0,visual_0825_source_crosschecked
20260825-19a7eb1899912f61bf45-01,2026-08-25,手机,device,华为,华为畅享系列,畅享20SE,PPA-AL20,畅享20SE,开机靓好,170,CNY/台,/,image,华为2.jpg,数码网报价单-0825更新/手机相关/华为2.jpg,1,1.0,visual_0825_source_crosschecked
20260825-2bfaaffb28944b745056-01,2026-08-25,手机,device,华为,华为畅享系列,畅享20SE,PPA-AL20,畅享20SE,开机好碎,170,CNY/台,/,image,华为2.jpg,数码网报价单-0825更新/手机相关/华为2.jpg,1,1.0,visual_0825_source_crosschecked
20260825-328c9982cdd42cccda00-01,2026-08-25,手机,device,华为,华为畅享系列,畅享20SE,PPA-AL20,畅享20SE,开机碎屏,170,CNY/台,/,image,华为2.jpg,数码网报价单-0825更新/手机相关/华为2.jpg,1,1.0,visual_0825_source_crosschecked
20260825-01dcabc03401b8e22ed1-01,2026-08-25,手机,device,华为,华为畅享系列,畅享20SE,PPA-AL20,畅享20SE,开机坏配件,170,CNY/台,/,image,华为2.jpg,数码网报价单-0825更新/手机相关/华为2.jpg,1,1.0,visual_0825_source_crosschecked
20260825-ae39066567a5fedb0be3-01,2026-08-25,手机,device,华为,华为畅享系列,畅享20SE,PPA-AL20,畅享20SE,不开机,170,CNY/台,/,image,华为2.jpg,数码网报价单-0825更新/手机相关/华为2.jpg,1,1.0,visual_0825_source_crosschecked
20260825-24467511871c0835d3b5-01,2026-08-25,手机,device,华为,华为畅享系列,畅享20SE,PPA-AL20,畅享20SE,废板·整机,170,CNY/台,/,image,华为2.jpg,数码网报价单-0825更新/手机相关/华为2.jpg,1,1.0,visual_0825_source_crosschecked
20260825-5cf56da32056f5389534-01,2026-08-25,手机,device,华为,华为畅享系列,畅享20SE,PPA-AL20,畅享20SE,统货,/,CNY/台,/,image,华为2.jpg,数码网报价单-0825更新/手机相关/华为2.jpg,1,1.0,visual_0825_source_crosschecked
20260825-58d61b7026c08677c90e-01,2026-08-25,手机,device,华为,华为畅享系列,畅享20e,MLD-AL00,畅享20e,开机靓好,135,CNY/台,/,image,华为2.jpg,数码网报价单-0825更新/手机相关/华为2.jpg,1,1.0,visual_0825_source_crosschecked
20260825-81b81ccbfac18deb5326-01,2026-08-25,手机,device,华为,华为畅享系列,畅享20e,MLD-AL00,畅享20e,开机好碎,135,CNY/台,/,image,华为2.jpg,数码网报价单-0825更新/手机相关/华为2.jpg,1,1.0,visual_0825_source_crosschecked
20260825-d05d8e17830bcc1d569c-01,2026-08-25,手机,device,华为,华为畅享系列,畅享20e,MLD-AL00,畅享20e,开机碎屏,135,CNY/台,/,image,华为2.jpg,数码网报价单-0825更新/手机相关/华为2.jpg,1,1.0,visual_0825_source_crosschecked
20260825-5637359fba046494c65a-01,2026-08-25,手机,device,华为,华为畅享系列,畅享20e,MLD-AL00,畅享20e,开机坏配件,135,CNY/台,/,image,华为2.jpg,数码网报价单-0825更新/手机相关/华为2.jpg,1,1.0,visual_0825_source_crosschecked
20260825-0c2445aa1d6839a5ef4d-01,2026-08-25,手机,device,华为,华为畅享系列,畅享20e,MLD-AL00,畅享20e,不开机,135,CNY/台,/,image,华为2.jpg,数码网报价单-0825更新/手机相关/华为2.jpg,1,1.0,visual_0825_source_crosschecked
20260825-6a2491705d82ad24b114-01,2026-08-25,手机,device,华为,华为畅享系列,畅享20e,MLD-AL00,畅享20e,废板·整机,135,CNY/台,/,image,华为2.jpg,数码网报价单-0825更新/手机相关/华为2.jpg,1,1.0,visual_0825_source_crosschecked
20260825-e76f83d8e91f6b2ee7b5-01,2026-08-25,手机,device,华为,华为畅享系列,畅享20e,MLD-AL00,畅享20e,统货,/,CNY/台,/,image,华为2.jpg,数码网报价单-0825更新/手机相关/华为2.jpg,1,1.0,visual_0825_source_crosschecked
20260825-7588177a0cbb682edf80-01,2026-08-25,手机,device,华为,华为畅享系列,畅享20 (4+64/128),WKG-AN00,畅享20 (4+64/128),开机靓好,170,CNY/台,/,image,华为2.jpg,数码网报价单-0825更新/手机相关/华为2.jpg,1,1.0,visual_0825_source_crosschecked
20260825-e6a56e3736c9cf8586e5-01,2026-08-25,手机,device,华为,华为畅享系列,畅享20 (4+64/128),WKG-AN00,畅享20 (4+64/128),开机好碎,170,CNY/台,/,image,华为2.jpg,数码网报价单-0825更新/手机相关/华为2.jpg,1,1.0,visual_0825_source_crosschecked
20260825-6cc9c0d8ddb4fab4600d-01,2026-08-25,手机,device,华为,华为畅享系列,畅享20 (4+64/128),WKG-AN00,畅享20 (4+64/128),开机碎屏,170,CNY/台,/,image,华为2.jpg,数码网报价单-0825更新/手机相关/华为2.jpg,1,1.0,visual_0825_source_crosschecked
20260825-c710c51647ab4d338533-01,2026-08-25,手机,device,华为,华为畅享系列,畅享20 (4+64/128),WKG-AN00,畅享20 (4+64/128),开机坏配件,170,CNY/台,/,image,华为2.jpg,数码网报价单-0825更新/手机相关/华为2.jpg,1,1.0,visual_0825_source_crosschecked
20260825-6bda479669c7cbdebc40-01,2026-08-25,手机,device,华为,华为畅享系列,畅享20 (4+64/128),WKG-AN00,畅享20 (4+64/128),不开机,170,CNY/台,/,image,华为2.jpg,数码网报价单-0825更新/手机相关/华为2.jpg,1,1.0,visual_0825_source_crosschecked
20260825-8c31de378a6367e18664-01,2026-08-25,手机,device,华为,华为畅享系列,畅享20 (4+64/128),WKG-AN00,畅享20 (4+64/128),废板·整机,170,CNY/台,/,image,华为2.jpg,数码网报价单-0825更新/手机相关/华为2.jpg,1,1.0,visual_0825_source_crosschecked
20260825-8e3ca03075a156fdcd4f-01,2026-08-25,手机,device,华为,华为畅享系列,畅享20 (4+64/128),WKG-AN00,畅享20 (4+64/128),统货,/,CNY/台,/,image,华为2.jpg,数码网报价单-0825更新/手机相关/华为2.jpg,1,1.0,visual_0825_source_crosschecked
20260825-672cadda69707a4e0b33-01,2026-08-25,手机,device,华为,华为畅享系列,畅享10plus (6+128/8+128),STK-AL00,畅享10plus (6+128/8+128),开机靓好,135,CNY/台,/,image,华为2.jpg,数码网报价单-0825更新/手机相关/华为2.jpg,1,1.0,visual_0825_source_crosschecked
20260825-53b7d441885e7836356f-01,2026-08-25,手机,device,华为,华为畅享系列,畅享10plus (6+128/8+128),STK-AL00,畅享10plus (6+128/8+128),开机好碎,135,CNY/台,/,image,华为2.jpg,数码网报价单-0825更新/手机相关/华为2.jpg,1,1.0,visual_0825_source_crosschecked
20260825-d62ddeb347d675a59bdd-01,2026-08-25,手机,device,华为,华为畅享系列,畅享10plus (6+128/8+128),STK-AL00,畅享10plus (6+128/8+128),开机碎屏,135,CNY/台,/,image,华为2.jpg,数码网报价单-0825更新/手机相关/华为2.jpg,1,1.0,visual_0825_source_crosschecked
20260825-a3cec2dc9f40971b51ff-01,2026-08-25,手机,device,华为,华为畅享系列,畅享10plus (6+128/8+128),STK-AL00,畅享10plus (6+128/8+128),开机坏配件,135,CNY/台,/,image,华为2.jpg,数码网报价单-0825更新/手机相关/华为2.jpg,1,1.0,visual_0825_source_crosschecked
20260825-bd38fc539336057cde25-01,2026-08-25,手机,device,华为,华为畅享系列,畅享10plus (6+128/8+128),STK-AL00,畅享10plus (6+128/8+128),不开机,135,CNY/台,/,image,华为2.jpg,数码网报价单-0825更新/手机相关/华为2.jpg,1,1.0,visual_0825_source_crosschecked
20260825-ff1e2e2b4c961c63aa5e-01,2026-08-25,手机,device,华为,华为畅享系列,畅享10plus (6+128/8+128),STK-AL00,畅享10plus (6+128/8+128),废板·整机,135,CNY/台,/,image,华为2.jpg,数码网报价单-0825更新/手机相关/华为2.jpg,1,1.0,visual_0825_source_crosschecked
20260825-dfba1d03e11012d06a18-01,2026-08-25,手机,device,华为,华为畅享系列,畅享10plus (6+128/8+128),STK-AL00,畅享10plus (6+128/8+128),统货,/,CNY/台,/,image,华为2.jpg,数码网报价单-0825更新/手机相关/华为2.jpg,1,1.0,visual_0825_source_crosschecked
20260825-a6f94109599824e899ad-01,2026-08-25,手机,device,华为,华为畅享系列,畅享10plus (4+128),STK-AL00,畅享10plus (4+128),开机靓好,135,CNY/台,/,image,华为2.jpg,数码网报价单-0825更新/手机相关/华为2.jpg,1,1.0,visual_0825_source_crosschecked
20260825-8b817e814c09bacb7ecb-01,2026-08-25,手机,device,华为,华为畅享系列,畅享10plus (4+128),STK-AL00,畅享10plus (4+128),开机好碎,135,CNY/台,/,image,华为2.jpg,数码网报价单-0825更新/手机相关/华为2.jpg,1,1.0,visual_0825_source_crosschecked
20260825-d419fe677c984124ce13-01,2026-08-25,手机,device,华为,华为畅享系列,畅享10plus (4+128),STK-AL00,畅享10plus (4+128),开机碎屏,135,CNY/台,/,image,华为2.jpg,数码网报价单-0825更新/手机相关/华为2.jpg,1,1.0,visual_0825_source_crosschecked
20260825-9918f08b3017ecd81a71-01,2026-08-25,手机,device,华为,华为畅享系列,畅享10plus (4+128),STK-AL00,畅享10plus (4+128),开机坏配件,135,CNY/台,/,image,华为2.jpg,数码网报价单-0825更新/手机相关/华为2.jpg,1,1.0,visual_0825_source_crosschecked
20260825-6d815be51ecf02ac8eb5-01,2026-08-25,手机,device,华为,华为畅享系列,畅享10plus (4+128),STK-AL00,畅享10plus (4+128),不开机,135,CNY/台,/,image,华为2.jpg,数码网报价单-0825更新/手机相关/华为2.jpg,1,1.0,visual_0825_source_crosschecked
20260825-376085b25ccfa14559f7-01,2026-08-25,手机,device,华为,华为畅享系列,畅享10plus (4+128),STK-AL00,畅享10plus (4+128),废板·整机,135,CNY/台,/,image,华为2.jpg,数码网报价单-0825更新/手机相关/华为2.jpg,1,1.0,visual_0825_source_crosschecked
20260825-035347f46f1e50685fc2-01,2026-08-25,手机,device,华为,华为畅享系列,畅享10plus (4+128),STK-AL00,畅享10plus (4+128),统货,/,CNY/台,/,image,华为2.jpg,数码网报价单-0825更新/手机相关/华为2.jpg,1,1.0,visual_0825_source_crosschecked
20260825-23c45c5f676208be0028-01,2026-08-25,手机,device,华为,华为畅享系列,畅享10s,AQM-AL00/TL00,畅享10s,开机靓好,135,CNY/台,/,image,华为2.jpg,数码网报价单-0825更新/手机相关/华为2.jpg,1,1.0,visual_0825_source_crosschecked
20260825-9a191138357b216f0f74-01,2026-08-25,手机,device,华为,华为畅享系列,畅享10s,AQM-AL00/TL00,畅享10s,开机好碎,135,CNY/台,/,image,华为2.jpg,数码网报价单-0825更新/手机相关/华为2.jpg,1,1.0,visual_0825_source_crosschecked
20260825-25bf08e6c67a84188085-01,2026-08-25,手机,device,华为,华为畅享系列,畅享10s,AQM-AL00/TL00,畅享10s,开机碎屏,135,CNY/台,/,image,华为2.jpg,数码网报价单-0825更新/手机相关/华为2.jpg,1,1.0,visual_0825_source_crosschecked
20260825-a9ec16196b66b0601c88-01,2026-08-25,手机,device,华为,华为畅享系列,畅享10s,AQM-AL00/TL00,畅享10s,开机坏配件,135,CNY/台,/,image,华为2.jpg,数码网报价单-0825更新/手机相关/华为2.jpg,1,1.0,visual_0825_source_crosschecked
20260825-21f96aadaa8ef70c1d28-01,2026-08-25,手机,device,华为,华为畅享系列,畅享10s,AQM-AL00/TL00,畅享10s,不开机,135,CNY/台,/,image,华为2.jpg,数码网报价单-0825更新/手机相关/华为2.jpg,1,1.0,visual_0825_source_crosschecked
20260825-9bd7d50ae81653e8e374-01,2026-08-25,手机,device,华为,华为畅享系列,畅享10s,AQM-AL00/TL00,畅享10s,废板·整机,135,CNY/台,/,image,华为2.jpg,数码网报价单-0825更新/手机相关/华为2.jpg,1,1.0,visual_0825_source_crosschecked
20260825-8d7881199273a5ee5409-01,2026-08-25,手机,device,华为,华为畅享系列,畅享10s,AQM-AL00/TL00,畅享10s,统货,/,CNY/台,/,image,华为2.jpg,数码网报价单-0825更新/手机相关/华为2.jpg,1,1.0,visual_0825_source_crosschecked
20260825-556ad3338228715fbaee-01,2026-08-25,手机,device,华为,华为畅享系列,畅享10,ART-AL00x,畅享10,开机靓好,140,CNY/台,/,image,华为2.jpg,数码网报价单-0825更新/手机相关/华为2.jpg,1,1.0,visual_0825_source_crosschecked
20260825-48f1da61d1952c18f50f-01,2026-08-25,手机,device,华为,华为畅享系列,畅享10,ART-AL00x,畅享10,开机好碎,140,CNY/台,/,image,华为2.jpg,数码网报价单-0825更新/手机相关/华为2.jpg,1,1.0,visual_0825_source_crosschecked
20260825-05aed41f7408e3a90315-01,2026-08-25,手机,device,华为,华为畅享系列,畅享10,ART-AL00x,畅享10,开机碎屏,140,CNY/台,/,image,华为2.jpg,数码网报价单-0825更新/手机相关/华为2.jpg,1,1.0,visual_0825_source_crosschecked
20260825-65a3ff04a910dce7b2a1-01,2026-08-25,手机,device,华为,华为畅享系列,畅享10,ART-AL00x,畅享10,开机坏配件,140,CNY/台,/,image,华为2.jpg,数码网报价单-0825更新/手机相关/华为2.jpg,1,1.0,visual_0825_source_crosschecked
20260825-e9f760abe192621b3457-01,2026-08-25,手机,device,华为,华为畅享系列,畅享10,ART-AL00x,畅享10,不开机,140,CNY/台,/,image,华为2.jpg,数码网报价单-0825更新/手机相关/华为2.jpg,1,1.0,visual_0825_source_crosschecked
20260825-15fe15c1553eb70da92a-01,2026-08-25,手机,device,华为,华为畅享系列,畅享10,ART-AL00x,畅享10,废板·整机,140,CNY/台,/,image,华为2.jpg,数码网报价单-0825更新/手机相关/华为2.jpg,1,1.0,visual_0825_source_crosschecked
20260825-a67f252f039f9a3ac74c-01,2026-08-25,手机,device,华为,华为畅享系列,畅享10,ART-AL00x,畅享10,统货,/,CNY/台,/,image,华为2.jpg,数码网报价单-0825更新/手机相关/华为2.jpg,1,1.0,visual_0825_source_crosschecked
20260825-0b42a9d6eb51a333b691-01,2026-08-25,手机,device,华为,华为畅享系列,畅享10e,MED-AL00,畅享10e,开机靓好,135,CNY/台,/,image,华为2.jpg,数码网报价单-0825更新/手机相关/华为2.jpg,1,1.0,visual_0825_source_crosschecked
20260825-f64039ee56587b4c2405-01,2026-08-25,手机,device,华为,华为畅享系列,畅享10e,MED-AL00,畅享10e,开机好碎,135,CNY/台,/,image,华为2.jpg,数码网报价单-0825更新/手机相关/华为2.jpg,1,1.0,visual_0825_source_crosschecked
20260825-4934e04d6d8c84bf0cbc-01,2026-08-25,手机,device,华为,华为畅享系列,畅享10e,MED-AL00,畅享10e,开机碎屏,135,CNY/台,/,image,华为2.jpg,数码网报价单-0825更新/手机相关/华为2.jpg,1,1.0,visual_0825_source_crosschecked
20260825-0b7f5ecbd9ee5c6994c5-01,2026-08-25,手机,device,华为,华为畅享系列,畅享10e,MED-AL00,畅享10e,开机坏配件,135,CNY/台,/,image,华为2.jpg,数码网报价单-0825更新/手机相关/华为2.jpg,1,1.0,visual_0825_source_crosschecked
20260825-fcdb378bfd0ef412afde-01,2026-08-25,手机,device,华为,华为畅享系列,畅享10e,MED-AL00,畅享10e,不开机,135,CNY/台,/,image,华为2.jpg,数码网报价单-0825更新/手机相关/华为2.jpg,1,1.0,visual_0825_source_crosschecked
20260825-0668f140d456c818064f-01,2026-08-25,手机,device,华为,华为畅享系列,畅享10e,MED-AL00,畅享10e,废板·整机,135,CNY/台,/,image,华为2.jpg,数码网报价单-0825更新/手机相关/华为2.jpg,1,1.0,visual_0825_source_crosschecked
20260825-ca849c3da834aca917a0-01,2026-08-25,手机,device,华为,华为畅享系列,畅享10e,MED-AL00,畅享10e,统货,/,CNY/台,/,image,华为2.jpg,数码网报价单-0825更新/手机相关/华为2.jpg,1,1.0,visual_0825_source_crosschecked
20260825-11b2df5cbad43f4efd78-01,2026-08-25,手机,device,华为,华为畅享系列,畅享9 plus,JKM-AL00b/TL00,畅享9 plus,开机靓好,135,CNY/台,/,image,华为2.jpg,数码网报价单-0825更新/手机相关/华为2.jpg,1,1.0,visual_0825_source_crosschecked
20260825-e5b36c920fea54271a29-01,2026-08-25,手机,device,华为,华为畅享系列,畅享9 plus,JKM-AL00b/TL00,畅享9 plus,开机好碎,135,CNY/台,/,image,华为2.jpg,数码网报价单-0825更新/手机相关/华为2.jpg,1,1.0,visual_0825_source_crosschecked
20260825-f845e9b28fc1f4b26062-01,2026-08-25,手机,device,华为,华为畅享系列,畅享9 plus,JKM-AL00b/TL00,畅享9 plus,开机碎屏,135,CNY/台,/,image,华为2.jpg,数码网报价单-0825更新/手机相关/华为2.jpg,1,1.0,visual_0825_source_crosschecked
20260825-a67ec15f8fd0d6cc4a0b-01,2026-08-25,手机,device,华为,华为畅享系列,畅享9 plus,JKM-AL00b/TL00,畅享9 plus,开机坏配件,135,CNY/台,/,image,华为2.jpg,数码网报价单-0825更新/手机相关/华为2.jpg,1,1.0,visual_0825_source_crosschecked
20260825-b3e256c3305fe8b0fde7-01,2026-08-25,手机,device,华为,华为畅享系列,畅享9 plus,JKM-AL00b/TL00,畅享9 plus,不开机,135,CNY/台,/,image,华为2.jpg,数码网报价单-0825更新/手机相关/华为2.jpg,1,1.0,visual_0825_source_crosschecked
20260825-abbbc6bfa2a53c025283-01,2026-08-25,手机,device,华为,华为畅享系列,畅享9 plus,JKM-AL00b/TL00,畅享9 plus,废板·整机,135,CNY/台,/,image,华为2.jpg,数码网报价单-0825更新/手机相关/华为2.jpg,1,1.0,visual_0825_source_crosschecked
20260825-b6a3474a79f0e1db6e37-01,2026-08-25,手机,device,华为,华为畅享系列,畅享9 plus,JKM-AL00b/TL00,畅享9 plus,统货,/,CNY/台,/,image,华为2.jpg,数码网报价单-0825更新/手机相关/华为2.jpg,1,1.0,visual_0825_source_crosschecked
20260825-b5efdc83878d020c7c55-01,2026-08-25,手机,device,华为,华为畅享系列,畅享9 (4+64/128),MRD-AL00,畅享9 (4+64/128),开机靓好,70,CNY/台,/,image,华为2.jpg,数码网报价单-0825更新/手机相关/华为2.jpg,1,1.0,visual_0825_source_crosschecked
20260825-1757d560693d4375d253-01,2026-08-25,手机,device,华为,华为畅享系列,畅享9 (4+64/128),MRD-AL00,畅享9 (4+64/128),开机好碎,70,CNY/台,/,image,华为2.jpg,数码网报价单-0825更新/手机相关/华为2.jpg,1,1.0,visual_0825_source_crosschecked
20260825-0ca46256159ec04551f9-01,2026-08-25,手机,device,华为,华为畅享系列,畅享9 (4+64/128),MRD-AL00,畅享9 (4+64/128),开机碎屏,70,CNY/台,/,image,华为2.jpg,数码网报价单-0825更新/手机相关/华为2.jpg,1,1.0,visual_0825_source_crosschecked
20260825-3b034624885c0fa752b3-01,2026-08-25,手机,device,华为,华为畅享系列,畅享9 (4+64/128),MRD-AL00,畅享9 (4+64/128),开机坏配件,70,CNY/台,/,image,华为2.jpg,数码网报价单-0825更新/手机相关/华为2.jpg,1,1.0,visual_0825_source_crosschecked
20260825-065ee2b25df21128346d-01,2026-08-25,手机,device,华为,华为畅享系列,畅享9 (4+64/128),MRD-AL00,畅享9 (4+64/128),不开机,70,CNY/台,/,image,华为2.jpg,数码网报价单-0825更新/手机相关/华为2.jpg,1,1.0,visual_0825_source_crosschecked
20260825-424535ab0b460fa44e13-01,2026-08-25,手机,device,华为,华为畅享系列,畅享9 (4+64/128),MRD-AL00,畅享9 (4+64/128),废板·整机,70,CNY/台,/,image,华为2.jpg,数码网报价单-0825更新/手机相关/华为2.jpg,1,1.0,visual_0825_source_crosschecked
20260825-907d30a3e4494fa32ae8-01,2026-08-25,手机,device,华为,华为畅享系列,畅享9 (4+64/128),MRD-AL00,畅享9 (4+64/128),统货,/,CNY/台,/,image,华为2.jpg,数码网报价单-0825更新/手机相关/华为2.jpg,1,1.0,visual_0825_source_crosschecked
20260825-b0e4324e079750ec1e06-01,2026-08-25,手机,device,华为,华为畅享系列,畅享9e (3+32),MRD-AL00,畅享9e (3+32),开机靓好,70,CNY/台,/,image,华为2.jpg,数码网报价单-0825更新/手机相关/华为2.jpg,1,1.0,visual_0825_source_crosschecked
20260825-f404f0e22d6af414b71f-01,2026-08-25,手机,device,华为,华为畅享系列,畅享9e (3+32),MRD-AL00,畅享9e (3+32),开机好碎,70,CNY/台,/,image,华为2.jpg,数码网报价单-0825更新/手机相关/华为2.jpg,1,1.0,visual_0825_source_crosschecked
20260825-6aedc679e64bc8666ebf-01,2026-08-25,手机,device,华为,华为畅享系列,畅享9e (3+32),MRD-AL00,畅享9e (3+32),开机碎屏,70,CNY/台,/,image,华为2.jpg,数码网报价单-0825更新/手机相关/华为2.jpg,1,1.0,visual_0825_source_crosschecked
20260825-55acd2781ce2e5ca3dc4-01,2026-08-25,手机,device,华为,华为畅享系列,畅享9e (3+32),MRD-AL00,畅享9e (3+32),开机坏配件,70,CNY/台,/,image,华为2.jpg,数码网报价单-0825更新/手机相关/华为2.jpg,1,1.0,visual_0825_source_crosschecked
20260825-4344eb4c2c76dbd9bb83-01,2026-08-25,手机,device,华为,华为畅享系列,畅享9e (3+32),MRD-AL00,畅享9e (3+32),不开机,70,CNY/台,/,image,华为2.jpg,数码网报价单-0825更新/手机相关/华为2.jpg,1,1.0,visual_0825_source_crosschecked
20260825-012a1203a23417509608-01,2026-08-25,手机,device,华为,华为畅享系列,畅享9e (3+32),MRD-AL00,畅享9e (3+32),废板·整机,70,CNY/台,/,image,华为2.jpg,数码网报价单-0825更新/手机相关/华为2.jpg,1,1.0,visual_0825_source_crosschecked
20260825-1ab853b6467a4037a57d-01,2026-08-25,手机,device,华为,华为畅享系列,畅享9e (3+32),MRD-AL00,畅享9e (3+32),统货,/,CNY/台,/,image,华为2.jpg,数码网报价单-0825更新/手机相关/华为2.jpg,1,1.0,visual_0825_source_crosschecked
20260825-ab83c48ed549242005dc-01,2026-08-25,手机,device,华为,华为畅享系列,畅享9 (3+32),MRD-AL00,畅享9 (3+32),开机靓好,95,CNY/台,/,image,华为2.jpg,数码网报价单-0825更新/手机相关/华为2.jpg,1,1.0,visual_0825_source_crosschecked
20260825-281822056257efee4dd6-01,2026-08-25,手机,device,华为,华为畅享系列,畅享9 (3+32),MRD-AL00,畅享9 (3+32),开机好碎,95,CNY/台,/,image,华为2.jpg,数码网报价单-0825更新/手机相关/华为2.jpg,1,1.0,visual_0825_source_crosschecked
20260825-7a6f9d9c23c2d6d2d35e-01,2026-08-25,手机,device,华为,华为畅享系列,畅享9 (3+32),MRD-AL00,畅享9 (3+32),开机碎屏,95,CNY/台,/,image,华为2.jpg,数码网报价单-0825更新/手机相关/华为2.jpg,1,1.0,visual_0825_source_crosschecked
20260825-3c001a8f018439dae49c-01,2026-08-25,手机,device,华为,华为畅享系列,畅享9 (3+32),MRD-AL00,畅享9 (3+32),开机坏配件,95,CNY/台,/,image,华为2.jpg,数码网报价单-0825更新/手机相关/华为2.jpg,1,1.0,visual_0825_source_crosschecked
20260825-fbe6c1511eb50198d2a0-01,2026-08-25,手机,device,华为,华为畅享系列,畅享9 (3+32),MRD-AL00,畅享9 (3+32),不开机,95,CNY/台,/,image,华为2.jpg,数码网报价单-0825更新/手机相关/华为2.jpg,1,1.0,visual_0825_source_crosschecked
20260825-202ac7523b3b99834e02-01,2026-08-25,手机,device,华为,华为畅享系列,畅享9 (3+32),MRD-AL00,畅享9 (3+32),废板·整机,95,CNY/台,/,image,华为2.jpg,数码网报价单-0825更新/手机相关/华为2.jpg,1,1.0,visual_0825_source_crosschecked
20260825-5a5183616c812daabb9a-01,2026-08-25,手机,device,华为,华为畅享系列,畅享9 (3+32),MRD-AL00,畅享9 (3+32),统货,/,CNY/台,/,image,华为2.jpg,数码网报价单-0825更新/手机相关/华为2.jpg,1,1.0,visual_0825_source_crosschecked
20260825-aa4e050a8bd08a8b90ad-01,2026-08-25,手机,device,华为,华为畅享系列,畅享9S,POT-AL00,畅享9S,开机靓好,145,CNY/台,/,image,华为2.jpg,数码网报价单-0825更新/手机相关/华为2.jpg,1,1.0,visual_0825_source_crosschecked
20260825-4bc82d8f58ce3fd8140d-01,2026-08-25,手机,device,华为,华为畅享系列,畅享9S,POT-AL00,畅享9S,开机好碎,145,CNY/台,/,image,华为2.jpg,数码网报价单-0825更新/手机相关/华为2.jpg,1,1.0,visual_0825_source_crosschecked
20260825-b310f67c33aa9a3d308f-01,2026-08-25,手机,device,华为,华为畅享系列,畅享9S,POT-AL00,畅享9S,开机碎屏,145,CNY/台,/,image,华为2.jpg,数码网报价单-0825更新/手机相关/华为2.jpg,1,1.0,visual_0825_source_crosschecked
20260825-b7fbcede9c1045c17625-01,2026-08-25,手机,device,华为,华为畅享系列,畅享9S,POT-AL00,畅享9S,开机坏配件,145,CNY/台,/,image,华为2.jpg,数码网报价单-0825更新/手机相关/华为2.jpg,1,1.0,visual_0825_source_crosschecked
20260825-460610bcf34d2b4a9c77-01,2026-08-25,手机,device,华为,华为畅享系列,畅享9S,POT-AL00,畅享9S,不开机,145,CNY/台,/,image,华为2.jpg,数码网报价单-0825更新/手机相关/华为2.jpg,1,1.0,visual_0825_source_crosschecked
20260825-c04e18e589542a7dbef9-01,2026-08-25,手机,device,华为,华为畅享系列,畅享9S,POT-AL00,畅享9S,废板·整机,145,CNY/台,/,image,华为2.jpg,数码网报价单-0825更新/手机相关/华为2.jpg,1,1.0,visual_0825_source_crosschecked
20260825-e0d69a6ed229bf126189-01,2026-08-25,手机,device,华为,华为畅享系列,畅享9S,POT-AL00,畅享9S,统货,/,CNY/台,/,image,华为2.jpg,数码网报价单-0825更新/手机相关/华为2.jpg,1,1.0,visual_0825_source_crosschecked
20260825-70c31c5d73ab9275cfac-01,2026-08-25,手机,device,华为,华为畅享系列,畅享8 Plus,DUB-AL00,畅享8 Plus,开机靓好,115,CNY/台,/,image,华为2.jpg,数码网报价单-0825更新/手机相关/华为2.jpg,1,1.0,visual_0825_source_crosschecked
20260825-2e90f91bf3fe3284f2e1-01,2026-08-25,手机,device,华为,华为畅享系列,畅享8 Plus,DUB-AL00,畅享8 Plus,开机好碎,115,CNY/台,/,image,华为2.jpg,数码网报价单-0825更新/手机相关/华为2.jpg,1,1.0,visual_0825_source_crosschecked
20260825-f092dad9137e85f067ff-01,2026-08-25,手机,device,华为,华为畅享系列,畅享8 Plus,DUB-AL00,畅享8 Plus,开机碎屏,115,CNY/台,/,image,华为2.jpg,数码网报价单-0825更新/手机相关/华为2.jpg,1,1.0,visual_0825_source_crosschecked
20260825-f8b8b4fd8774a80860c3-01,2026-08-25,手机,device,华为,华为畅享系列,畅享8 Plus,DUB-AL00,畅享8 Plus,开机坏配件,115,CNY/台,/,image,华为2.jpg,数码网报价单-0825更新/手机相关/华为2.jpg,1,1.0,visual_0825_source_crosschecked
20260825-f62146c8047eb4433ba6-01,2026-08-25,手机,device,华为,华为畅享系列,畅享8 Plus,DUB-AL00,畅享8 Plus,不开机,115,CNY/台,/,image,华为2.jpg,数码网报价单-0825更新/手机相关/华为2.jpg,1,1.0,visual_0825_source_crosschecked
20260825-f16bfc240707bbc8bbf7-01,2026-08-25,手机,device,华为,华为畅享系列,畅享8 Plus,DUB-AL00,畅享8 Plus,废板·整机,115,CNY/台,/,image,华为2.jpg,数码网报价单-0825更新/手机相关/华为2.jpg,1,1.0,visual_0825_source_crosschecked
20260825-606611e5a1ecfa109397-01,2026-08-25,手机,device,华为,华为畅享系列,畅享8 Plus,DUB-AL00,畅享8 Plus,统货,/,CNY/台,/,image,华为2.jpg,数码网报价单-0825更新/手机相关/华为2.jpg,1,1.0,visual_0825_source_crosschecked
20260825-10e3b428382166a0f60b-01,2026-08-25,手机,device,华为,华为畅享系列,畅享8 (3+32),FLA-AL10/AL20,畅享8 (3+32),开机靓好,45,CNY/台,/,image,华为2.jpg,数码网报价单-0825更新/手机相关/华为2.jpg,1,1.0,visual_0825_source_crosschecked
20260825-086e13f9f8b2d988f56c-01,2026-08-25,手机,device,华为,华为畅享系列,畅享8 (3+32),FLA-AL10/AL20,畅享8 (3+32),开机好碎,45,CNY/台,/,image,华为2.jpg,数码网报价单-0825更新/手机相关/华为2.jpg,1,1.0,visual_0825_source_crosschecked
20260825-5518e5b822a582e324e7-01,2026-08-25,手机,device,华为,华为畅享系列,畅享8 (3+32),FLA-AL10/AL20,畅享8 (3+32),开机碎屏,45,CNY/台,/,image,华为2.jpg,数码网报价单-0825更新/手机相关/华为2.jpg,1,1.0,visual_0825_source_crosschecked
20260825-4aeea7b3303fa1fd3c83-01,2026-08-25,手机,device,华为,华为畅享系列,畅享8 (3+32),FLA-AL10/AL20,畅享8 (3+32),开机坏配件,45,CNY/台,/,image,华为2.jpg,数码网报价单-0825更新/手机相关/华为2.jpg,1,1.0,visual_0825_source_crosschecked
20260825-85bb47fc7778eeb25fb6-01,2026-08-25,手机,device,华为,华为畅享系列,畅享8 (3+32),FLA-AL10/AL20,畅享8 (3+32),不开机,45,CNY/台,/,image,华为2.jpg,数码网报价单-0825更新/手机相关/华为2.jpg,1,1.0,visual_0825_source_crosschecked
20260825-704e61a4f10cfa0c0f29-01,2026-08-25,手机,device,华为,华为畅享系列,畅享8 (3+32),FLA-AL10/AL20,畅享8 (3+32),废板·整机,45,CNY/台,/,image,华为2.jpg,数码网报价单-0825更新/手机相关/华为2.jpg,1,1.0,visual_0825_source_crosschecked
20260825-bbde938c2a4c9e117273-01,2026-08-25,手机,device,华为,华为畅享系列,畅享8 (3+32),FLA-AL10/AL20,畅享8 (3+32),统货,/,CNY/台,/,image,华为2.jpg,数码网报价单-0825更新/手机相关/华为2.jpg,1,1.0,visual_0825_source_crosschecked
20260825-a2e17cb3b4467fea9d7c-01,2026-08-25,手机,device,华为,华为畅享系列,畅享8 (4+64),FLA-AL10/AL20,畅享8 (4+64),开机靓好,45,CNY/台,/,image,华为2.jpg,数码网报价单-0825更新/手机相关/华为2.jpg,1,1.0,visual_0825_source_crosschecked
20260825-61878fde942c3e409a87-01,2026-08-25,手机,device,华为,华为畅享系列,畅享8 (4+64),FLA-AL10/AL20,畅享8 (4+64),开机好碎,45,CNY/台,/,image,华为2.jpg,数码网报价单-0825更新/手机相关/华为2.jpg,1,1.0,visual_0825_source_crosschecked
20260825-596dda08c1edeb2e01c6-01,2026-08-25,手机,device,华为,华为畅享系列,畅享8 (4+64),FLA-AL10/AL20,畅享8 (4+64),开机碎屏,45,CNY/台,/,image,华为2.jpg,数码网报价单-0825更新/手机相关/华为2.jpg,1,1.0,visual_0825_source_crosschecked
20260825-6787c05f93ebcec404b8-01,2026-08-25,手机,device,华为,华为畅享系列,畅享8 (4+64),FLA-AL10/AL20,畅享8 (4+64),开机坏配件,45,CNY/台,/,image,华为2.jpg,数码网报价单-0825更新/手机相关/华为2.jpg,1,1.0,visual_0825_source_crosschecked
20260825-de6c01722ca745d51643-01,2026-08-25,手机,device,华为,华为畅享系列,畅享8 (4+64),FLA-AL10/AL20,畅享8 (4+64),不开机,45,CNY/台,/,image,华为2.jpg,数码网报价单-0825更新/手机相关/华为2.jpg,1,1.0,visual_0825_source_crosschecked
20260825-4d24d8f395ba7f920f6b-01,2026-08-25,手机,device,华为,华为畅享系列,畅享8 (4+64),FLA-AL10/AL20,畅享8 (4+64),废板·整机,45,CNY/台,/,image,华为2.jpg,数码网报价单-0825更新/手机相关/华为2.jpg,1,1.0,visual_0825_source_crosschecked
20260825-e58f36cc6f1c1612a622-01,2026-08-25,手机,device,华为,华为畅享系列,畅享8 (4+64),FLA-AL10/AL20,畅享8 (4+64),统货,/,CNY/台,/,image,华为2.jpg,数码网报价单-0825更新/手机相关/华为2.jpg,1,1.0,visual_0825_source_crosschecked
20260825-d7b98fa3a018d469b281-01,2026-08-25,手机,device,华为,华为畅享系列,畅享8e (2+16),ATU-AL10,畅享8e (2+16),开机靓好,20,CNY/台,/,image,华为2.jpg,数码网报价单-0825更新/手机相关/华为2.jpg,1,1.0,visual_0825_source_crosschecked
20260825-196026e897fdbcb8972c-01,2026-08-25,手机,device,华为,华为畅享系列,畅享8e (2+16),ATU-AL10,畅享8e (2+16),开机好碎,20,CNY/台,/,image,华为2.jpg,数码网报价单-0825更新/手机相关/华为2.jpg,1,1.0,visual_0825_source_crosschecked
20260825-8f9627b6afdf02bf7a1c-01,2026-08-25,手机,device,华为,华为畅享系列,畅享8e (2+16),ATU-AL10,畅享8e (2+16),开机碎屏,20,CNY/台,/,image,华为2.jpg,数码网报价单-0825更新/手机相关/华为2.jpg,1,1.0,visual_0825_source_crosschecked
20260825-f2540ac1f97b1abeea27-01,2026-08-25,手机,device,华为,华为畅享系列,畅享8e (2+16),ATU-AL10,畅享8e (2+16),开机坏配件,20,CNY/台,/,image,华为2.jpg,数码网报价单-0825更新/手机相关/华为2.jpg,1,1.0,visual_0825_source_crosschecked
20260825-ea3a48ffeb9192c179e5-01,2026-08-25,手机,device,华为,华为畅享系列,畅享8e (2+16),ATU-AL10,畅享8e (2+16),不开机,20,CNY/台,/,image,华为2.jpg,数码网报价单-0825更新/手机相关/华为2.jpg,1,1.0,visual_0825_source_crosschecked
20260825-e22707fa45b2ceddc0f1-01,2026-08-25,手机,device,华为,华为畅享系列,畅享8e (2+16),ATU-AL10,畅享8e (2+16),废板·整机,20,CNY/台,/,image,华为2.jpg,数码网报价单-0825更新/手机相关/华为2.jpg,1,1.0,visual_0825_source_crosschecked
20260825-26524ab725c04da36512-01,2026-08-25,手机,device,华为,华为畅享系列,畅享8e (2+16),ATU-AL10,畅享8e (2+16),统货,/,CNY/台,/,image,华为2.jpg,数码网报价单-0825更新/手机相关/华为2.jpg,1,1.0,visual_0825_source_crosschecked
20260825-b275492d6f233f23665a-01,2026-08-25,手机,device,华为,华为畅享系列,畅享8e (3+32),ATU-TL10,畅享8e (3+32),开机靓好,30,CNY/台,/,image,华为2.jpg,数码网报价单-0825更新/手机相关/华为2.jpg,1,1.0,visual_0825_source_crosschecked
20260825-66bf1210241e953512ce-01,2026-08-25,手机,device,华为,华为畅享系列,畅享8e (3+32),ATU-TL10,畅享8e (3+32),开机好碎,30,CNY/台,/,image,华为2.jpg,数码网报价单-0825更新/手机相关/华为2.jpg,1,1.0,visual_0825_source_crosschecked
20260825-0ce8f45594ce10cec516-01,2026-08-25,手机,device,华为,华为畅享系列,畅享8e (3+32),ATU-TL10,畅享8e (3+32),开机碎屏,30,CNY/台,/,image,华为2.jpg,数码网报价单-0825更新/手机相关/华为2.jpg,1,1.0,visual_0825_source_crosschecked
20260825-ffc9c29344928197ca4e-01,2026-08-25,手机,device,华为,华为畅享系列,畅享8e (3+32),ATU-TL10,畅享8e (3+32),开机坏配件,30,CNY/台,/,image,华为2.jpg,数码网报价单-0825更新/手机相关/华为2.jpg,1,1.0,visual_0825_source_crosschecked
20260825-d4bdf0278ae5e2178501-01,2026-08-25,手机,device,华为,华为畅享系列,畅享8e (3+32),ATU-TL10,畅享8e (3+32),不开机,30,CNY/台,/,image,华为2.jpg,数码网报价单-0825更新/手机相关/华为2.jpg,1,1.0,visual_0825_source_crosschecked
20260825-137d38e62653d03d8bc8-01,2026-08-25,手机,device,华为,华为畅享系列,畅享8e (3+32),ATU-TL10,畅享8e (3+32),废板·整机,30,CNY/台,/,image,华为2.jpg,数码网报价单-0825更新/手机相关/华为2.jpg,1,1.0,visual_0825_source_crosschecked
20260825-68df9b770a7001ff511b-01,2026-08-25,手机,device,华为,华为畅享系列,畅享8e (3+32),ATU-TL10,畅享8e (3+32),统货,/,CNY/台,/,image,华为2.jpg,数码网报价单-0825更新/手机相关/华为2.jpg,1,1.0,visual_0825_source_crosschecked
20260825-d12517a226783074abd1-01,2026-08-25,手机,device,华为,华为畅享系列,畅享8e 青春版,FLA-AL00,畅享8e 青春版,开机靓好,95,CNY/台,/,image,华为2.jpg,数码网报价单-0825更新/手机相关/华为2.jpg,1,1.0,visual_0825_source_crosschecked
20260825-26de3c79607b0e964c20-01,2026-08-25,手机,device,华为,华为畅享系列,畅享8e 青春版,FLA-AL00,畅享8e 青春版,开机好碎,95,CNY/台,/,image,华为2.jpg,数码网报价单-0825更新/手机相关/华为2.jpg,1,1.0,visual_0825_source_crosschecked
20260825-4d1b91bf06cf87e07771-01,2026-08-25,手机,device,华为,华为畅享系列,畅享8e 青春版,FLA-AL00,畅享8e 青春版,开机碎屏,95,CNY/台,/,image,华为2.jpg,数码网报价单-0825更新/手机相关/华为2.jpg,1,1.0,visual_0825_source_crosschecked
20260825-91832defc6ed678d9578-01,2026-08-25,手机,device,华为,华为畅享系列,畅享8e 青春版,FLA-AL00,畅享8e 青春版,开机坏配件,95,CNY/台,/,image,华为2.jpg,数码网报价单-0825更新/手机相关/华为2.jpg,1,1.0,visual_0825_source_crosschecked
20260825-becae58590753806201b-01,2026-08-25,手机,device,华为,华为畅享系列,畅享8e 青春版,FLA-AL00,畅享8e 青春版,不开机,95,CNY/台,/,image,华为2.jpg,数码网报价单-0825更新/手机相关/华为2.jpg,1,1.0,visual_0825_source_crosschecked
20260825-892e425c17f498897361-01,2026-08-25,手机,device,华为,华为畅享系列,畅享8e 青春版,FLA-AL00,畅享8e 青春版,废板·整机,95,CNY/台,/,image,华为2.jpg,数码网报价单-0825更新/手机相关/华为2.jpg,1,1.0,visual_0825_source_crosschecked
20260825-64a5cdb7a0d15e0f4a24-01,2026-08-25,手机,device,华为,华为畅享系列,畅享8e 青春版,FLA-AL00,畅享8e 青春版,统货,/,CNY/台,/,image,华为2.jpg,数码网报价单-0825更新/手机相关/华为2.jpg,1,1.0,visual_0825_source_crosschecked
20260825-d3006c22e97ce7a7de68-01,2026-08-25,手机,device,华为,华为畅享系列,畅享7 Plus,TRT-AL00,畅享7 Plus,开机靓好,80,CNY/台,/,image,华为2.jpg,数码网报价单-0825更新/手机相关/华为2.jpg,1,1.0,visual_0825_source_crosschecked
20260825-cbd62f103487a3f5363a-01,2026-08-25,手机,device,华为,华为畅享系列,畅享7 Plus,TRT-AL00,畅享7 Plus,开机好碎,80,CNY/台,/,image,华为2.jpg,数码网报价单-0825更新/手机相关/华为2.jpg,1,1.0,visual_0825_source_crosschecked
20260825-f9e8c4dc5668e5697c6c-01,2026-08-25,手机,device,华为,华为畅享系列,畅享7 Plus,TRT-AL00,畅享7 Plus,开机碎屏,80,CNY/台,/,image,华为2.jpg,数码网报价单-0825更新/手机相关/华为2.jpg,1,1.0,visual_0825_source_crosschecked
20260825-c5d94dc3339e259ed9fe-01,2026-08-25,手机,device,华为,华为畅享系列,畅享7 Plus,TRT-AL00,畅享7 Plus,开机坏配件,80,CNY/台,/,image,华为2.jpg,数码网报价单-0825更新/手机相关/华为2.jpg,1,1.0,visual_0825_source_crosschecked
20260825-59ebdedf66ddf53d5909-01,2026-08-25,手机,device,华为,华为畅享系列,畅享7 Plus,TRT-AL00,畅享7 Plus,不开机,80,CNY/台,/,image,华为2.jpg,数码网报价单-0825更新/手机相关/华为2.jpg,1,1.0,visual_0825_source_crosschecked
20260825-8f60cefa26eb4775c0dc-01,2026-08-25,手机,device,华为,华为畅享系列,畅享7 Plus,TRT-AL00,畅享7 Plus,废板·整机,80,CNY/台,/,image,华为2.jpg,数码网报价单-0825更新/手机相关/华为2.jpg,1,1.0,visual_0825_source_crosschecked
20260825-20ea9bdea7d6746386ad-01,2026-08-25,手机,device,华为,华为畅享系列,畅享7 Plus,TRT-AL00,畅享7 Plus,统货,/,CNY/台,/,image,华为2.jpg,数码网报价单-0825更新/手机相关/华为2.jpg,1,1.0,visual_0825_source_crosschecked
20260825-79c50f66db5c19ff6ecd-01,2026-08-25,手机,device,华为,华为畅享系列,畅享7S,FIG-AL10/AL00,畅享7S,开机靓好,70,CNY/台,/,image,华为2.jpg,数码网报价单-0825更新/手机相关/华为2.jpg,1,1.0,visual_0825_source_crosschecked
20260825-51674e288b5fa783e40c-01,2026-08-25,手机,device,华为,华为畅享系列,畅享7S,FIG-AL10/AL00,畅享7S,开机好碎,70,CNY/台,/,image,华为2.jpg,数码网报价单-0825更新/手机相关/华为2.jpg,1,1.0,visual_0825_source_crosschecked
20260825-0c4d54560886b4fcf3ba-01,2026-08-25,手机,device,华为,华为畅享系列,畅享7S,FIG-AL10/AL00,畅享7S,开机碎屏,70,CNY/台,/,image,华为2.jpg,数码网报价单-0825更新/手机相关/华为2.jpg,1,1.0,visual_0825_source_crosschecked
20260825-fb94289e171019a46576-01,2026-08-25,手机,device,华为,华为畅享系列,畅享7S,FIG-AL10/AL00,畅享7S,开机坏配件,70,CNY/台,/,image,华为2.jpg,数码网报价单-0825更新/手机相关/华为2.jpg,1,1.0,visual_0825_source_crosschecked
20260825-4d6e5d3cdb02143c7827-01,2026-08-25,手机,device,华为,华为畅享系列,畅享7S,FIG-AL10/AL00,畅享7S,不开机,70,CNY/台,/,image,华为2.jpg,数码网报价单-0825更新/手机相关/华为2.jpg,1,1.0,visual_0825_source_crosschecked
20260825-2def1f9d51605021e85e-01,2026-08-25,手机,device,华为,华为畅享系列,畅享7S,FIG-AL10/AL00,畅享7S,废板·整机,70,CNY/台,/,image,华为2.jpg,数码网报价单-0825更新/手机相关/华为2.jpg,1,1.0,visual_0825_source_crosschecked
20260825-f95de749aa9183046b1d-01,2026-08-25,手机,device,华为,华为畅享系列,畅享7S,FIG-AL10/AL00,畅享7S,统货,/,CNY/台,/,image,华为2.jpg,数码网报价单-0825更新/手机相关/华为2.jpg,1,1.0,visual_0825_source_crosschecked
20260825-e79b288550c8d7ad602a-01,2026-08-25,手机,device,华为,华为畅享系列,畅享7,SLA-AL00,畅享7,开机靓好,70,CNY/台,/,image,华为2.jpg,数码网报价单-0825更新/手机相关/华为2.jpg,1,1.0,visual_0825_source_crosschecked
20260825-2b91b31fc044e225f778-01,2026-08-25,手机,device,华为,华为畅享系列,畅享7,SLA-AL00,畅享7,开机好碎,70,CNY/台,/,image,华为2.jpg,数码网报价单-0825更新/手机相关/华为2.jpg,1,1.0,visual_0825_source_crosschecked
20260825-07352d68450b564d0932-01,2026-08-25,手机,device,华为,华为畅享系列,畅享7,SLA-AL00,畅享7,开机碎屏,70,CNY/台,/,image,华为2.jpg,数码网报价单-0825更新/手机相关/华为2.jpg,1,1.0,visual_0825_source_crosschecked
20260825-2f20e40a6795b7ce921d-01,2026-08-25,手机,device,华为,华为畅享系列,畅享7,SLA-AL00,畅享7,开机坏配件,70,CNY/台,/,image,华为2.jpg,数码网报价单-0825更新/手机相关/华为2.jpg,1,1.0,visual_0825_source_crosschecked
20260825-ddd347b221bb97d7f7d7-01,2026-08-25,手机,device,华为,华为畅享系列,畅享7,SLA-AL00,畅享7,不开机,70,CNY/台,/,image,华为2.jpg,数码网报价单-0825更新/手机相关/华为2.jpg,1,1.0,visual_0825_source_crosschecked
20260825-b4f22e10662f58c302e4-01,2026-08-25,手机,device,华为,华为畅享系列,畅享7,SLA-AL00,畅享7,废板·整机,70,CNY/台,/,image,华为2.jpg,数码网报价单-0825更新/手机相关/华为2.jpg,1,1.0,visual_0825_source_crosschecked
20260825-ce0cb5c31c88a8f8ca75-01,2026-08-25,手机,device,华为,华为畅享系列,畅享7,SLA-AL00,畅享7,统货,/,CNY/台,/,image,华为2.jpg,数码网报价单-0825更新/手机相关/华为2.jpg,1,1.0,visual_0825_source_crosschecked
20260825-ef8fcab14d406491bb9f-01,2026-08-25,手机,device,华为,华为/麦芒系列,畅享6,NCE-AL00,畅享6,开机靓好,35,CNY/台,/,image,华为2.jpg,数码网报价单-0825更新/手机相关/华为2.jpg,1,1.0,visual_0825_source_crosschecked
20260825-169547da8715d7d964a9-01,2026-08-25,手机,device,华为,华为/麦芒系列,畅享6,NCE-AL00,畅享6,开机好碎,35,CNY/台,/,image,华为2.jpg,数码网报价单-0825更新/手机相关/华为2.jpg,1,1.0,visual_0825_source_crosschecked
20260825-de2f14a5e93f8fe6e908-01,2026-08-25,手机,device,华为,华为/麦芒系列,畅享6,NCE-AL00,畅享6,开机碎屏,35,CNY/台,/,image,华为2.jpg,数码网报价单-0825更新/手机相关/华为2.jpg,1,1.0,visual_0825_source_crosschecked
20260825-c7c29805f93dc52a6a7b-01,2026-08-25,手机,device,华为,华为/麦芒系列,畅享6,NCE-AL00,畅享6,开机坏配件,35,CNY/台,/,image,华为2.jpg,数码网报价单-0825更新/手机相关/华为2.jpg,1,1.0,visual_0825_source_crosschecked
20260825-918d4b64f4bb218c1d98-01,2026-08-25,手机,device,华为,华为/麦芒系列,畅享6,NCE-AL00,畅享6,不开机,35,CNY/台,/,image,华为2.jpg,数码网报价单-0825更新/手机相关/华为2.jpg,1,1.0,visual_0825_source_crosschecked
20260825-9759b21b7e175c9b526c-01,2026-08-25,手机,device,华为,华为/麦芒系列,畅享6,NCE-AL00,畅享6,废板·整机,35,CNY/台,/,image,华为2.jpg,数码网报价单-0825更新/手机相关/华为2.jpg,1,1.0,visual_0825_source_crosschecked
20260825-d5eca3f1e33be475d31f-01,2026-08-25,手机,device,华为,华为/麦芒系列,畅享6,NCE-AL00,畅享6,统货,/,CNY/台,/,image,华为2.jpg,数码网报价单-0825更新/手机相关/华为2.jpg,1,1.0,visual_0825_source_crosschecked
20260825-8812564d2ff791d38869-01,2026-08-25,手机,device,华为,华为/麦芒系列,畅享6s,DIG-AL00,畅享6s,开机靓好,60,CNY/台,/,image,华为2.jpg,数码网报价单-0825更新/手机相关/华为2.jpg,1,1.0,visual_0825_source_crosschecked
20260825-0009f96ac4cd2ddb11c8-01,2026-08-25,手机,device,华为,华为/麦芒系列,畅享6s,DIG-AL00,畅享6s,开机好碎,60,CNY/台,/,image,华为2.jpg,数码网报价单-0825更新/手机相关/华为2.jpg,1,1.0,visual_0825_source_crosschecked
20260825-cc19d882a9f69e7e73ca-01,2026-08-25,手机,device,华为,华为/麦芒系列,畅享6s,DIG-AL00,畅享6s,开机碎屏,60,CNY/台,/,image,华为2.jpg,数码网报价单-0825更新/手机相关/华为2.jpg,1,1.0,visual_0825_source_crosschecked
20260825-fb31ef71ae30802ab689-01,2026-08-25,手机,device,华为,华为/麦芒系列,畅享6s,DIG-AL00,畅享6s,开机坏配件,60,CNY/台,/,image,华为2.jpg,数码网报价单-0825更新/手机相关/华为2.jpg,1,1.0,visual_0825_source_crosschecked
20260825-1d32d7479d8e8af804ee-01,2026-08-25,手机,device,华为,华为/麦芒系列,畅享6s,DIG-AL00,畅享6s,不开机,60,CNY/台,/,image,华为2.jpg,数码网报价单-0825更新/手机相关/华为2.jpg,1,1.0,visual_0825_source_crosschecked
20260825-26d41569831708134316-01,2026-08-25,手机,device,华为,华为/麦芒系列,畅享6s,DIG-AL00,畅享6s,废板·整机,60,CNY/台,/,image,华为2.jpg,数码网报价单-0825更新/手机相关/华为2.jpg,1,1.0,visual_0825_source_crosschecked
20260825-04597e1502d8a10d3d93-01,2026-08-25,手机,device,华为,华为/麦芒系列,畅享6s,DIG-AL00,畅享6s,统货,/,CNY/台,/,image,华为2.jpg,数码网报价单-0825更新/手机相关/华为2.jpg,1,1.0,visual_0825_source_crosschecked
20260825-f667dbb92091761d9da0-01,2026-08-25,手机,device,华为,华为/麦芒系列,畅享5S,TAG-AL00,畅享5S,开机靓好,30,CNY/台,/,image,华为2.jpg,数码网报价单-0825更新/手机相关/华为2.jpg,1,1.0,visual_0825_source_crosschecked
20260825-c72f258a38478f18a43f-01,2026-08-25,手机,device,华为,华为/麦芒系列,畅享5S,TAG-AL00,畅享5S,开机好碎,30,CNY/台,/,image,华为2.jpg,数码网报价单-0825更新/手机相关/华为2.jpg,1,1.0,visual_0825_source_crosschecked
20260825-ddf3fb045f2718a169a1-01,2026-08-25,手机,device,华为,华为/麦芒系列,畅享5S,TAG-AL00,畅享5S,开机碎屏,30,CNY/台,/,image,华为2.jpg,数码网报价单-0825更新/手机相关/华为2.jpg,1,1.0,visual_0825_source_crosschecked
20260825-976815ca79a7d8581e6c-01,2026-08-25,手机,device,华为,华为/麦芒系列,畅享5S,TAG-AL00,畅享5S,开机坏配件,30,CNY/台,/,image,华为2.jpg,数码网报价单-0825更新/手机相关/华为2.jpg,1,1.0,visual_0825_source_crosschecked
20260825-8a36f22486b3d012649d-01,2026-08-25,手机,device,华为,华为/麦芒系列,畅享5S,TAG-AL00,畅享5S,不开机,30,CNY/台,/,image,华为2.jpg,数码网报价单-0825更新/手机相关/华为2.jpg,1,1.0,visual_0825_source_crosschecked
20260825-5b676fc1b7b33cca9b8f-01,2026-08-25,手机,device,华为,华为/麦芒系列,畅享5S,TAG-AL00,畅享5S,废板·整机,30,CNY/台,/,image,华为2.jpg,数码网报价单-0825更新/手机相关/华为2.jpg,1,1.0,visual_0825_source_crosschecked
20260825-93f023bffe449be6c43e-01,2026-08-25,手机,device,华为,华为/麦芒系列,畅享5S,TAG-AL00,畅享5S,统货,/,CNY/台,/,image,华为2.jpg,数码网报价单-0825更新/手机相关/华为2.jpg,1,1.0,visual_0825_source_crosschecked
20260825-e348ed92814df7c2f7df-01,2026-08-25,手机,device,华为,华为/麦芒系列,畅享5,TIT-AL00,畅享5,开机靓好,20,CNY/台,/,image,华为2.jpg,数码网报价单-0825更新/手机相关/华为2.jpg,1,1.0,visual_0825_source_crosschecked
20260825-398b486207845f696a89-01,2026-08-25,手机,device,华为,华为/麦芒系列,畅享5,TIT-AL00,畅享5,开机好碎,20,CNY/台,/,image,华为2.jpg,数码网报价单-0825更新/手机相关/华为2.jpg,1,1.0,visual_0825_source_crosschecked
20260825-eb05346c12b86582a173-01,2026-08-25,手机,device,华为,华为/麦芒系列,畅享5,TIT-AL00,畅享5,开机碎屏,20,CNY/台,/,image,华为2.jpg,数码网报价单-0825更新/手机相关/华为2.jpg,1,1.0,visual_0825_source_crosschecked
20260825-c84225f6e94a262ac61a-01,2026-08-25,手机,device,华为,华为/麦芒系列,畅享5,TIT-AL00,畅享5,开机坏配件,20,CNY/台,/,image,华为2.jpg,数码网报价单-0825更新/手机相关/华为2.jpg,1,1.0,visual_0825_source_crosschecked
20260825-c83b1ce0cbf11f6e9f6b-01,2026-08-25,手机,device,华为,华为/麦芒系列,畅享5,TIT-AL00,畅享5,不开机,20,CNY/台,/,image,华为2.jpg,数码网报价单-0825更新/手机相关/华为2.jpg,1,1.0,visual_0825_source_crosschecked
20260825-4ad828b02d5290dea377-01,2026-08-25,手机,device,华为,华为/麦芒系列,畅享5,TIT-AL00,畅享5,废板·整机,20,CNY/台,/,image,华为2.jpg,数码网报价单-0825更新/手机相关/华为2.jpg,1,1.0,visual_0825_source_crosschecked
20260825-f8a3782f0dc8f952ff23-01,2026-08-25,手机,device,华为,华为/麦芒系列,畅享5,TIT-AL00,畅享5,统货,/,CNY/台,/,image,华为2.jpg,数码网报价单-0825更新/手机相关/华为2.jpg,1,1.0,visual_0825_source_crosschecked
20260825-2ad8be73736080db5590-01,2026-08-25,手机,device,华为,华为/麦芒系列,畅享Z,DVC-AN00,畅享Z,开机靓好,125,CNY/台,/,image,华为2.jpg,数码网报价单-0825更新/手机相关/华为2.jpg,1,1.0,visual_0825_source_crosschecked
20260825-a07cef16780de05257de-01,2026-08-25,手机,device,华为,华为/麦芒系列,畅享Z,DVC-AN00,畅享Z,开机好碎,125,CNY/台,/,image,华为2.jpg,数码网报价单-0825更新/手机相关/华为2.jpg,1,1.0,visual_0825_source_crosschecked
20260825-771604357ba6c2807ff8-01,2026-08-25,手机,device,华为,华为/麦芒系列,畅享Z,DVC-AN00,畅享Z,开机碎屏,125,CNY/台,/,image,华为2.jpg,数码网报价单-0825更新/手机相关/华为2.jpg,1,1.0,visual_0825_source_crosschecked
20260825-9f8d3c99d5f73dcd6697-01,2026-08-25,手机,device,华为,华为/麦芒系列,畅享Z,DVC-AN00,畅享Z,开机坏配件,125,CNY/台,/,image,华为2.jpg,数码网报价单-0825更新/手机相关/华为2.jpg,1,1.0,visual_0825_source_crosschecked
20260825-c674d0cd32c420a47e3f-01,2026-08-25,手机,device,华为,华为/麦芒系列,畅享Z,DVC-AN00,畅享Z,不开机,125,CNY/台,/,image,华为2.jpg,数码网报价单-0825更新/手机相关/华为2.jpg,1,1.0,visual_0825_source_crosschecked
20260825-adaad420896f1434da88-01,2026-08-25,手机,device,华为,华为/麦芒系列,畅享Z,DVC-AN00,畅享Z,废板·整机,125,CNY/台,/,image,华为2.jpg,数码网报价单-0825更新/手机相关/华为2.jpg,1,1.0,visual_0825_source_crosschecked
20260825-bd8002ea19cb9a4a776b-01,2026-08-25,手机,device,华为,华为/麦芒系列,畅享Z,DVC-AN00,畅享Z,统货,/,CNY/台,/,image,华为2.jpg,数码网报价单-0825更新/手机相关/华为2.jpg,1,1.0,visual_0825_source_crosschecked
20260825-6c69e135b356ed8b54e1-01,2026-08-25,手机,device,华为,华为/麦芒系列,畅享MAX,ARS-AL00,畅享MAX,开机靓好,165,CNY/台,/,image,华为2.jpg,数码网报价单-0825更新/手机相关/华为2.jpg,1,1.0,visual_0825_source_crosschecked
20260825-d0e604eae4605e18d5ff-01,2026-08-25,手机,device,华为,华为/麦芒系列,畅享MAX,ARS-AL00,畅享MAX,开机好碎,165,CNY/台,/,image,华为2.jpg,数码网报价单-0825更新/手机相关/华为2.jpg,1,1.0,visual_0825_source_crosschecked
20260825-6e134d2751df30a5461c-01,2026-08-25,手机,device,华为,华为/麦芒系列,畅享MAX,ARS-AL00,畅享MAX,开机碎屏,165,CNY/台,/,image,华为2.jpg,数码网报价单-0825更新/手机相关/华为2.jpg,1,1.0,visual_0825_source_crosschecked
20260825-24d600ad6d3393cfc2ea-01,2026-08-25,手机,device,华为,华为/麦芒系列,畅享MAX,ARS-AL00,畅享MAX,开机坏配件,165,CNY/台,/,image,华为2.jpg,数码网报价单-0825更新/手机相关/华为2.jpg,1,1.0,visual_0825_source_crosschecked
20260825-453864f3e066d38469cf-01,2026-08-25,手机,device,华为,华为/麦芒系列,畅享MAX,ARS-AL00,畅享MAX,不开机,165,CNY/台,/,image,华为2.jpg,数码网报价单-0825更新/手机相关/华为2.jpg,1,1.0,visual_0825_source_crosschecked
20260825-01bdaeacc1f8303ff6eb-01,2026-08-25,手机,device,华为,华为/麦芒系列,畅享MAX,ARS-AL00,畅享MAX,废板·整机,165,CNY/台,/,image,华为2.jpg,数码网报价单-0825更新/手机相关/华为2.jpg,1,1.0,visual_0825_source_crosschecked
20260825-e20010b8681606a38240-01,2026-08-25,手机,device,华为,华为/麦芒系列,畅享MAX,ARS-AL00,畅享MAX,统货,/,CNY/台,/,image,华为2.jpg,数码网报价单-0825更新/手机相关/华为2.jpg,1,1.0,visual_0825_source_crosschecked
20260825-ea8c8a5aa7f2ae7b9032-01,2026-08-25,手机,device,华为,华为/麦芒系列,畅享Z (6+64),DVC-AN00,畅享Z (6+64),开机靓好,125,CNY/台,/,image,华为2.jpg,数码网报价单-0825更新/手机相关/华为2.jpg,1,1.0,visual_0825_source_crosschecked
20260825-108c089423f6eefdb83a-01,2026-08-25,手机,device,华为,华为/麦芒系列,畅享Z (6+64),DVC-AN00,畅享Z (6+64),开机好碎,125,CNY/台,/,image,华为2.jpg,数码网报价单-0825更新/手机相关/华为2.jpg,1,1.0,visual_0825_source_crosschecked
20260825-121a27573c3d8ee7cacf-01,2026-08-25,手机,device,华为,华为/麦芒系列,畅享Z (6+64),DVC-AN00,畅享Z (6+64),开机碎屏,125,CNY/台,/,image,华为2.jpg,数码网报价单-0825更新/手机相关/华为2.jpg,1,1.0,visual_0825_source_crosschecked
20260825-c93994ce442fbf9b5b22-01,2026-08-25,手机,device,华为,华为/麦芒系列,畅享Z (6+64),DVC-AN00,畅享Z (6+64),开机坏配件,125,CNY/台,/,image,华为2.jpg,数码网报价单-0825更新/手机相关/华为2.jpg,1,1.0,visual_0825_source_crosschecked
20260825-883cc788d78a2bdeacfe-01,2026-08-25,手机,device,华为,华为/麦芒系列,畅享Z (6+64),DVC-AN00,畅享Z (6+64),不开机,125,CNY/台,/,image,华为2.jpg,数码网报价单-0825更新/手机相关/华为2.jpg,1,1.0,visual_0825_source_crosschecked
20260825-2db64e60b4a26654f5b0-01,2026-08-25,手机,device,华为,华为/麦芒系列,畅享Z (6+64),DVC-AN00,畅享Z (6+64),废板·整机,125,CNY/台,/,image,华为2.jpg,数码网报价单-0825更新/手机相关/华为2.jpg,1,1.0,visual_0825_source_crosschecked
20260825-7b3505b93f9b03a24a2a-01,2026-08-25,手机,device,华为,华为/麦芒系列,畅享Z (6+64),DVC-AN00,畅享Z (6+64),统货,/,CNY/台,/,image,华为2.jpg,数码网报价单-0825更新/手机相关/华为2.jpg,1,1.0,visual_0825_source_crosschecked
20260825-5e89a2e2fa2901aee415-01,2026-08-25,手机,device,华为,华为/麦芒系列,畅享Z (8+128),DVC-AN00,畅享Z (8+128),开机靓好,120,CNY/台,/,image,华为2.jpg,数码网报价单-0825更新/手机相关/华为2.jpg,1,1.0,visual_0825_source_crosschecked
20260825-f216b5a9f23ae406208a-01,2026-08-25,手机,device,华为,华为/麦芒系列,畅享Z (8+128),DVC-AN00,畅享Z (8+128),开机好碎,120,CNY/台,/,image,华为2.jpg,数码网报价单-0825更新/手机相关/华为2.jpg,1,1.0,visual_0825_source_crosschecked
20260825-facda69dcd3ed895ee01-01,2026-08-25,手机,device,华为,华为/麦芒系列,畅享Z (8+128),DVC-AN00,畅享Z (8+128),开机碎屏,120,CNY/台,/,image,华为2.jpg,数码网报价单-0825更新/手机相关/华为2.jpg,1,1.0,visual_0825_source_crosschecked
20260825-9fefb05b7d5d57ed5815-01,2026-08-25,手机,device,华为,华为/麦芒系列,畅享Z (8+128),DVC-AN00,畅享Z (8+128),开机坏配件,120,CNY/台,/,image,华为2.jpg,数码网报价单-0825更新/手机相关/华为2.jpg,1,1.0,visual_0825_source_crosschecked
20260825-dc3387d08a030ced223a-01,2026-08-25,手机,device,华为,华为/麦芒系列,畅享Z (8+128),DVC-AN00,畅享Z (8+128),不开机,120,CNY/台,/,image,华为2.jpg,数码网报价单-0825更新/手机相关/华为2.jpg,1,1.0,visual_0825_source_crosschecked
20260825-6601b6b7877c13efda78-01,2026-08-25,手机,device,华为,华为/麦芒系列,畅享Z (8+128),DVC-AN00,畅享Z (8+128),废板·整机,120,CNY/台,/,image,华为2.jpg,数码网报价单-0825更新/手机相关/华为2.jpg,1,1.0,visual_0825_source_crosschecked
20260825-dceb0984e2272e6e639b-01,2026-08-25,手机,device,华为,华为/麦芒系列,畅享Z (8+128),DVC-AN00,畅享Z (8+128),统货,/,CNY/台,/,image,华为2.jpg,数码网报价单-0825更新/手机相关/华为2.jpg,1,1.0,visual_0825_source_crosschecked
20260825-96abf7928a8875cc91d9-01,2026-08-25,手机,device,华为,华为/麦芒系列,畅享Z (6+128),DVC-AN00,畅享Z (6+128),开机靓好,120,CNY/台,/,image,华为2.jpg,数码网报价单-0825更新/手机相关/华为2.jpg,1,1.0,visual_0825_source_crosschecked
20260825-293ebe6c664434f29ccf-01,2026-08-25,手机,device,华为,华为/麦芒系列,畅享Z (6+128),DVC-AN00,畅享Z (6+128),开机好碎,120,CNY/台,/,image,华为2.jpg,数码网报价单-0825更新/手机相关/华为2.jpg,1,1.0,visual_0825_source_crosschecked
20260825-41f72055515a503e3847-01,2026-08-25,手机,device,华为,华为/麦芒系列,畅享Z (6+128),DVC-AN00,畅享Z (6+128),开机碎屏,120,CNY/台,/,image,华为2.jpg,数码网报价单-0825更新/手机相关/华为2.jpg,1,1.0,visual_0825_source_crosschecked
20260825-c0b4d609e3518009dce3-01,2026-08-25,手机,device,华为,华为/麦芒系列,畅享Z (6+128),DVC-AN00,畅享Z (6+128),开机坏配件,120,CNY/台,/,image,华为2.jpg,数码网报价单-0825更新/手机相关/华为2.jpg,1,1.0,visual_0825_source_crosschecked
20260825-c7347b604e3673c0428f-01,2026-08-25,手机,device,华为,华为/麦芒系列,畅享Z (6+128),DVC-AN00,畅享Z (6+128),不开机,120,CNY/台,/,image,华为2.jpg,数码网报价单-0825更新/手机相关/华为2.jpg,1,1.0,visual_0825_source_crosschecked
20260825-64d40dad69acddf648bf-01,2026-08-25,手机,device,华为,华为/麦芒系列,畅享Z (6+128),DVC-AN00,畅享Z (6+128),废板·整机,120,CNY/台,/,image,华为2.jpg,数码网报价单-0825更新/手机相关/华为2.jpg,1,1.0,visual_0825_source_crosschecked
20260825-1d9acef4978abb096a37-01,2026-08-25,手机,device,华为,华为/麦芒系列,畅享Z (6+128),DVC-AN00,畅享Z (6+128),统货,/,CNY/台,/,image,华为2.jpg,数码网报价单-0825更新/手机相关/华为2.jpg,1,1.0,visual_0825_source_crosschecked
20260825-0f9a240b950b147228e8-01,2026-08-25,手机,device,华为,序号,机型及规格,网络型号,机型及规格,开机靓好,开机靓好,CNY/台,备注,image,华为2.jpg,数码网报价单-0825更新/手机相关/华为2.jpg,1,1.0,visual_0825_source_crosschecked
20260825-b718b747114fbb673ee8-01,2026-08-25,手机,device,华为,序号,机型及规格,网络型号,机型及规格,开机好碎,开机屏好外屏碎,CNY/台,备注,image,华为2.jpg,数码网报价单-0825更新/手机相关/华为2.jpg,1,1.0,visual_0825_source_crosschecked
20260825-ab6b01bd69ac6ed531ec-01,2026-08-25,手机,device,华为,序号,机型及规格,网络型号,机型及规格,开机碎屏,开机屏坏未标,CNY/台,备注,image,华为2.jpg,数码网报价单-0825更新/手机相关/华为2.jpg,1,1.0,visual_0825_source_crosschecked
20260825-a21fc384ebe7989f3111-01,2026-08-25,手机,device,华为,序号,机型及规格,网络型号,机型及规格,开机坏配件,开机屏坏,CNY/台,备注,image,华为2.jpg,数码网报价单-0825更新/手机相关/华为2.jpg,1,1.0,visual_0825_source_crosschecked
20260825-fdd0731c4a4fdc7e9289-01,2026-08-25,手机,device,华为,序号,机型及规格,网络型号,机型及规格,不开机,不开机,CNY/台,备注,image,华为2.jpg,数码网报价单-0825更新/手机相关/华为2.jpg,1,1.0,visual_0825_source_crosschecked
20260825-499c2fa542bb3b410f6b-01,2026-08-25,手机,device,华为,序号,机型及规格,网络型号,机型及规格,废板·整机,废板·整机,CNY/台,备注,image,华为2.jpg,数码网报价单-0825更新/手机相关/华为2.jpg,1,1.0,visual_0825_source_crosschecked
20260825-9f1897156f58d67dc221-01,2026-08-25,手机,device,华为,序号,机型及规格,网络型号,机型及规格,统货,开机无灯光,CNY/台,备注,image,华为2.jpg,数码网报价单-0825更新/手机相关/华为2.jpg,1,1.0,visual_0825_source_crosschecked
20260825-6fc7458ebb1d48b05dad-01,2026-08-25,手机,device,华为,5,畅享9e (3+32),MRD-AL00,畅享9e (3+32),开机靓好,70,CNY/台,/,image,华为2.jpg,数码网报价单-0825更新/手机相关/华为2.jpg,1,1.0,visual_0825_source_crosschecked
20260825-84624016de44b611e54e-01,2026-08-25,手机,device,华为,5,畅享9e (3+32),MRD-AL00,畅享9e (3+32),开机好碎,70,CNY/台,/,image,华为2.jpg,数码网报价单-0825更新/手机相关/华为2.jpg,1,1.0,visual_0825_source_crosschecked
20260825-bc275917486fd66b2ce3-01,2026-08-25,手机,device,华为,5,畅享9e (3+32),MRD-AL00,畅享9e (3+32),开机碎屏,70,CNY/台,/,image,华为2.jpg,数码网报价单-0825更新/手机相关/华为2.jpg,1,1.0,visual_0825_source_crosschecked
20260825-5b7f3b9de923bcb33a07-01,2026-08-25,手机,device,华为,5,畅享9e (3+32),MRD-AL00,畅享9e (3+32),开机坏配件,70,CNY/台,/,image,华为2.jpg,数码网报价单-0825更新/手机相关/华为2.jpg,1,1.0,visual_0825_source_crosschecked
20260825-5cf29a063d688349a084-01,2026-08-25,手机,device,华为,5,畅享9e (3+32),MRD-AL00,畅享9e (3+32),不开机,70,CNY/台,/,image,华为2.jpg,数码网报价单-0825更新/手机相关/华为2.jpg,1,1.0,visual_0825_source_crosschecked
20260825-b591ee52d81dd71aae59-01,2026-08-25,手机,device,华为,5,畅享9e (3+32),MRD-AL00,畅享9e (3+32),废板·整机,70,CNY/台,/,image,华为2.jpg,数码网报价单-0825更新/手机相关/华为2.jpg,1,1.0,visual_0825_source_crosschecked
20260825-725256eaea4008130ef3-01,2026-08-25,手机,device,华为,5,畅享9e (3+32),MRD-AL00,畅享9e (3+32),统货,/,CNY/台,/,image,华为2.jpg,数码网报价单-0825更新/手机相关/华为2.jpg,1,1.0,visual_0825_source_crosschecked
20260825-e7a6791131a1102e3be1-01,2026-08-25,手机,device,华为,6,畅享9e (3+64),MRD-AL00,畅享9e (3+64),开机靓好,95,CNY/台,开机屏好 开机好外屏碎开机要求主板靓带要求带B A算开机无灯光,image,华为2.jpg,数码网报价单-0825更新/手机相关/华为2.jpg,1,1.0,visual_0825_source_crosschecked
20260825-5cab1b42bb8a62ac5955-01,2026-08-25,手机,device,华为,6,畅享9e (3+64),MRD-AL00,畅享9e (3+64),开机好碎,95,CNY/台,开机屏好 开机好外屏碎开机要求主板靓带要求带B A算开机无灯光,image,华为2.jpg,数码网报价单-0825更新/手机相关/华为2.jpg,1,1.0,visual_0825_source_crosschecked
20260825-8d35bc555482e2a2f964-01,2026-08-25,手机,device,华为,6,畅享9e (3+64),MRD-AL00,畅享9e (3+64),开机碎屏,95,CNY/台,开机屏好 开机好外屏碎开机要求主板靓带要求带B A算开机无灯光,image,华为2.jpg,数码网报价单-0825更新/手机相关/华为2.jpg,1,1.0,visual_0825_source_crosschecked
20260825-bb84bbaeafb823707ad4-01,2026-08-25,手机,device,华为,6,畅享9e (3+64),MRD-AL00,畅享9e (3+64),开机坏配件,95,CNY/台,开机屏好 开机好外屏碎开机要求主板靓带要求带B A算开机无灯光,image,华为2.jpg,数码网报价单-0825更新/手机相关/华为2.jpg,1,1.0,visual_0825_source_crosschecked
20260825-b25c91c1d2ba6c0c2aeb-01,2026-08-25,手机,device,华为,6,畅享9e (3+64),MRD-AL00,畅享9e (3+64),不开机,95,CNY/台,开机屏好 开机好外屏碎开机要求主板靓带要求带B A算开机无灯光,image,华为2.jpg,数码网报价单-0825更新/手机相关/华为2.jpg,1,1.0,visual_0825_source_crosschecked
20260825-18d4c49080caa0626143-01,2026-08-25,手机,device,华为,6,畅享9e (3+64),MRD-AL00,畅享9e (3+64),废板·整机,95,CNY/台,开机屏好 开机好外屏碎开机要求主板靓带要求带B A算开机无灯光,image,华为2.jpg,数码网报价单-0825更新/手机相关/华为2.jpg,1,1.0,visual_0825_source_crosschecked
20260825-9ddddd342692286140a7-01,2026-08-25,手机,device,华为,6,畅享9e (3+64),MRD-AL00,畅享9e (3+64),统货,/,CNY/台,开机屏好 开机好外屏碎开机要求主板靓带要求带B A算开机无灯光,image,华为2.jpg,数码网报价单-0825更新/手机相关/华为2.jpg,1,1.0,visual_0825_source_crosschecked
20260825-4547615ba981e67a0542-01,2026-08-25,手机,device,华为,1,畅享9S,POT-AL00,畅享9S,开机靓好,145,CNY/台,开机屏好主板靓 系统,image,华为2.jpg,数码网报价单-0825更新/手机相关/华为2.jpg,1,1.0,visual_0825_source_crosschecked
20260825-b89e8db85e108af117a8-01,2026-08-25,手机,device,华为,1,畅享9S,POT-AL00,畅享9S,开机好碎,145,CNY/台,开机屏好主板靓 系统,image,华为2.jpg,数码网报价单-0825更新/手机相关/华为2.jpg,1,1.0,visual_0825_source_crosschecked
20260825-c6906313ca0bf73e30f3-01,2026-08-25,手机,device,华为,1,畅享9S,POT-AL00,畅享9S,开机碎屏,145,CNY/台,开机屏好主板靓 系统,image,华为2.jpg,数码网报价单-0825更新/手机相关/华为2.jpg,1,1.0,visual_0825_source_crosschecked
20260825-3cd2734476974caa7a68-01,2026-08-25,手机,device,华为,1,畅享9S,POT-AL00,畅享9S,开机坏配件,145,CNY/台,开机屏好主板靓 系统,image,华为2.jpg,数码网报价单-0825更新/手机相关/华为2.jpg,1,1.0,visual_0825_source_crosschecked
20260825-d838e7ba042ed6c1aa58-01,2026-08-25,手机,device,华为,1,畅享9S,POT-AL00,畅享9S,不开机,145,CNY/台,开机屏好主板靓 系统,image,华为2.jpg,数码网报价单-0825更新/手机相关/华为2.jpg,1,1.0,visual_0825_source_crosschecked
20260825-e4ea6e28c5d1dc225329-01,2026-08-25,手机,device,华为,1,畅享9S,POT-AL00,畅享9S,废板·整机,145,CNY/台,开机屏好主板靓 系统,image,华为2.jpg,数码网报价单-0825更新/手机相关/华为2.jpg,1,1.0,visual_0825_source_crosschecked
20260825-0092fb4648937aa6bdf1-01,2026-08-25,手机,device,华为,1,畅享9S,POT-AL00,畅享9S,统货,/,CNY/台,开机屏好主板靓 系统,image,华为2.jpg,数码网报价单-0825更新/手机相关/华为2.jpg,1,1.0,visual_0825_source_crosschecked
20260825-f8089a64815c7a06b942-01,2026-08-25,手机,device,华为,2,畅享9,DUB-AL00,畅享9,开机靓好,115,CNY/台,开机屏好主板靓 系统,image,华为2.jpg,数码网报价单-0825更新/手机相关/华为2.jpg,1,1.0,visual_0825_source_crosschecked
20260825-16b336a40da05f522df4-01,2026-08-25,手机,device,华为,2,畅享9,DUB-AL00,畅享9,开机好碎,115,CNY/台,开机屏好主板靓 系统,image,华为2.jpg,数码网报价单-0825更新/手机相关/华为2.jpg,1,1.0,visual_0825_source_crosschecked
20260825-07249c87836a464cf97d-01,2026-08-25,手机,device,华为,2,畅享9,DUB-AL00,畅享9,开机碎屏,115,CNY/台,开机屏好主板靓 系统,image,华为2.jpg,数码网报价单-0825更新/手机相关/华为2.jpg,1,1.0,visual_0825_source_crosschecked
20260825-d8251d6c251158c6f3a3-01,2026-08-25,手机,device,华为,2,畅享9,DUB-AL00,畅享9,开机坏配件,115,CNY/台,开机屏好主板靓 系统,image,华为2.jpg,数码网报价单-0825更新/手机相关/华为2.jpg,1,1.0,visual_0825_source_crosschecked
20260825-12638364041e5e763a00-01,2026-08-25,手机,device,华为,2,畅享9,DUB-AL00,畅享9,不开机,115,CNY/台,开机屏好主板靓 系统,image,华为2.jpg,数码网报价单-0825更新/手机相关/华为2.jpg,1,1.0,visual_0825_source_crosschecked
20260825-cdd4f592b9aa7d3fc0ba-01,2026-08-25,手机,device,华为,2,畅享9,DUB-AL00,畅享9,废板·整机,115,CNY/台,开机屏好主板靓 系统,image,华为2.jpg,数码网报价单-0825更新/手机相关/华为2.jpg,1,1.0,visual_0825_source_crosschecked
20260825-fbf636b2ad2fbf3d1631-01,2026-08-25,手机,device,华为,2,畅享9,DUB-AL00,畅享9,统货,/,CNY/台,开机屏好主板靓 系统,image,华为2.jpg,数码网报价单-0825更新/手机相关/华为2.jpg,1,1.0,visual_0825_source_crosschecked
20260825-26c765939e9bfa89f093-01,2026-08-25,手机,device,华为,3,畅享8e (3+32),ATU-AL00,畅享8e (3+32),开机靓好,45,CNY/台,/,image,华为2.jpg,数码网报价单-0825更新/手机相关/华为2.jpg,1,1.0,visual_0825_source_crosschecked
20260825-422a41eae319fdf8f2cf-01,2026-08-25,手机,device,华为,3,畅享8e (3+32),ATU-AL00,畅享8e (3+32),开机好碎,45,CNY/台,/,image,华为2.jpg,数码网报价单-0825更新/手机相关/华为2.jpg,1,1.0,visual_0825_source_crosschecked
20260825-c463bfc6ff72fcbf8255-01,2026-08-25,手机,device,华为,3,畅享8e (3+32),ATU-AL00,畅享8e (3+32),开机碎屏,45,CNY/台,/,image,华为2.jpg,数码网报价单-0825更新/手机相关/华为2.jpg,1,1.0,visual_0825_source_crosschecked
20260825-72e56b0f68232329d200-01,2026-08-25,手机,device,华为,3,畅享8e (3+32),ATU-AL00,畅享8e (3+32),开机坏配件,45,CNY/台,/,image,华为2.jpg,数码网报价单-0825更新/手机相关/华为2.jpg,1,1.0,visual_0825_source_crosschecked
20260825-e6261428b84c1617121d-01,2026-08-25,手机,device,华为,3,畅享8e (3+32),ATU-AL00,畅享8e (3+32),不开机,45,CNY/台,/,image,华为2.jpg,数码网报价单-0825更新/手机相关/华为2.jpg,1,1.0,visual_0825_source_crosschecked
20260825-5e8ae4c7b741ae3c9777-01,2026-08-25,手机,device,华为,3,畅享8e (3+32),ATU-AL00,畅享8e (3+32),废板·整机,45,CNY/台,/,image,华为2.jpg,数码网报价单-0825更新/手机相关/华为2.jpg,1,1.0,visual_0825_source_crosschecked
20260825-1e0138565b2c277f4507-01,2026-08-25,手机,device,华为,3,畅享8e (3+32),ATU-AL00,畅享8e (3+32),统货,/,CNY/台,/,image,华为2.jpg,数码网报价单-0825更新/手机相关/华为2.jpg,1,1.0,visual_0825_source_crosschecked
20260825-8caf766e800b0621e06d-01,2026-08-25,手机,device,华为,4,畅享8e (2+16),ATU-TL00,畅享8e (2+16),开机靓好,30,CNY/台,/,image,华为2.jpg,数码网报价单-0825更新/手机相关/华为2.jpg,1,1.0,visual_0825_source_crosschecked
20260825-2508627fe8069dcb33ba-01,2026-08-25,手机,device,华为,4,畅享8e (2+16),ATU-TL00,畅享8e (2+16),开机好碎,30,CNY/台,/,image,华为2.jpg,数码网报价单-0825更新/手机相关/华为2.jpg,1,1.0,visual_0825_source_crosschecked
20260825-7a5892cca631ba207c45-01,2026-08-25,手机,device,华为,4,畅享8e (2+16),ATU-TL00,畅享8e (2+16),开机碎屏,30,CNY/台,/,image,华为2.jpg,数码网报价单-0825更新/手机相关/华为2.jpg,1,1.0,visual_0825_source_crosschecked
20260825-01de6bf30deb15a08536-01,2026-08-25,手机,device,华为,4,畅享8e (2+16),ATU-TL00,畅享8e (2+16),开机坏配件,30,CNY/台,/,image,华为2.jpg,数码网报价单-0825更新/手机相关/华为2.jpg,1,1.0,visual_0825_source_crosschecked
20260825-d1fd52c5b9712e209bfc-01,2026-08-25,手机,device,华为,4,畅享8e (2+16),ATU-TL00,畅享8e (2+16),不开机,30,CNY/台,/,image,华为2.jpg,数码网报价单-0825更新/手机相关/华为2.jpg,1,1.0,visual_0825_source_crosschecked
20260825-6cffcb7a56944b2d3cf2-01,2026-08-25,手机,device,华为,4,畅享8e (2+16),ATU-TL00,畅享8e (2+16),废板·整机,30,CNY/台,/,image,华为2.jpg,数码网报价单-0825更新/手机相关/华为2.jpg,1,1.0,visual_0825_source_crosschecked
20260825-900ea80bbd3b2e1e552e-01,2026-08-25,手机,device,华为,4,畅享8e (2+16),ATU-TL00,畅享8e (2+16),统货,/,CNY/台,/,image,华为2.jpg,数码网报价单-0825更新/手机相关/华为2.jpg,1,1.0,visual_0825_source_crosschecked
20260825-f47ab2c43c22ee0395f5-01,2026-08-25,手机,device,华为,5,畅享8p,FLA-AL00,畅享8p,开机靓好,95,CNY/台,开机屏好主板靓系统,image,华为2.jpg,数码网报价单-0825更新/手机相关/华为2.jpg,1,1.0,visual_0825_source_crosschecked
20260825-f7a4b31185f2d61af488-01,2026-08-25,手机,device,华为,5,畅享8p,FLA-AL00,畅享8p,开机好碎,95,CNY/台,开机屏好主板靓系统,image,华为2.jpg,数码网报价单-0825更新/手机相关/华为2.jpg,1,1.0,visual_0825_source_crosschecked
20260825-eac5c002718d14bcbdff-01,2026-08-25,手机,device,华为,5,畅享8p,FLA-AL00,畅享8p,开机碎屏,95,CNY/台,开机屏好主板靓系统,image,华为2.jpg,数码网报价单-0825更新/手机相关/华为2.jpg,1,1.0,visual_0825_source_crosschecked
20260825-d69441090e3ccda27ebb-01,2026-08-25,手机,device,华为,5,畅享8p,FLA-AL00,畅享8p,开机坏配件,95,CNY/台,开机屏好主板靓系统,image,华为2.jpg,数码网报价单-0825更新/手机相关/华为2.jpg,1,1.0,visual_0825_source_crosschecked
20260825-b26e4b2571f2708d8ff4-01,2026-08-25,手机,device,华为,5,畅享8p,FLA-AL00,畅享8p,不开机,95,CNY/台,开机屏好主板靓系统,image,华为2.jpg,数码网报价单-0825更新/手机相关/华为2.jpg,1,1.0,visual_0825_source_crosschecked
20260825-13e09426d473426dbd9c-01,2026-08-25,手机,device,华为,5,畅享8p,FLA-AL00,畅享8p,废板·整机,95,CNY/台,开机屏好主板靓系统,image,华为2.jpg,数码网报价单-0825更新/手机相关/华为2.jpg,1,1.0,visual_0825_source_crosschecked
20260825-baff7aa96a120c2a9bc7-01,2026-08-25,手机,device,华为,5,畅享8p,FLA-AL00,畅享8p,统货,/,CNY/台,开机屏好主板靓系统,image,华为2.jpg,数码网报价单-0825更新/手机相关/华为2.jpg,1,1.0,visual_0825_source_crosschecked
20260825-acacc35e88670d784f5a-01,2026-08-25,手机,device,华为,6,畅享8,LDN-AL00,畅享8,开机靓好,80,CNY/台,开机屏好要求主板系统,image,华为2.jpg,数码网报价单-0825更新/手机相关/华为2.jpg,1,1.0,visual_0825_source_crosschecked
20260825-a5b14cde1be9a5b94de7-01,2026-08-25,手机,device,华为,6,畅享8,LDN-AL00,畅享8,开机好碎,80,CNY/台,开机屏好要求主板系统,image,华为2.jpg,数码网报价单-0825更新/手机相关/华为2.jpg,1,1.0,visual_0825_source_crosschecked
20260825-3dc70a459ce345ce4b27-01,2026-08-25,手机,device,华为,6,畅享8,LDN-AL00,畅享8,开机碎屏,85,CNY/台,开机屏好要求主板系统,image,华为2.jpg,数码网报价单-0825更新/手机相关/华为2.jpg,1,1.0,visual_0825_source_crosschecked
20260825-ccdcadb5398a93b1ed11-01,2026-08-25,手机,device,华为,6,畅享8,LDN-AL00,畅享8,开机坏配件,80,CNY/台,开机屏好要求主板系统,image,华为2.jpg,数码网报价单-0825更新/手机相关/华为2.jpg,1,1.0,visual_0825_source_crosschecked
20260825-e422de2dd37cfbc33d74-01,2026-08-25,手机,device,华为,6,畅享8,LDN-AL00,畅享8,不开机,80,CNY/台,开机屏好要求主板系统,image,华为2.jpg,数码网报价单-0825更新/手机相关/华为2.jpg,1,1.0,visual_0825_source_crosschecked
20260825-814b146fda268d711a73-01,2026-08-25,手机,device,华为,6,畅享8,LDN-AL00,畅享8,废板·整机,80,CNY/台,开机屏好要求主板系统,image,华为2.jpg,数码网报价单-0825更新/手机相关/华为2.jpg,1,1.0,visual_0825_source_crosschecked
20260825-337dd8c309f750b4474a-01,2026-08-25,手机,device,华为,6,畅享8,LDN-AL00,畅享8,统货,/,CNY/台,开机屏好要求主板系统,image,华为2.jpg,数码网报价单-0825更新/手机相关/华为2.jpg,1,1.0,visual_0825_source_crosschecked
20260825-8445d5dc988b084b96df-01,2026-08-25,手机,device,华为,1,畅享7S,FIG-AL00,畅享7S,开机靓好,70,CNY/台,开机屏好主板靓系统,image,华为2.jpg,数码网报价单-0825更新/手机相关/华为2.jpg,1,1.0,visual_0825_source_crosschecked
20260825-a93aa61f7c0f10d482f5-01,2026-08-25,手机,device,华为,1,畅享7S,FIG-AL00,畅享7S,开机好碎,70,CNY/台,开机屏好主板靓系统,image,华为2.jpg,数码网报价单-0825更新/手机相关/华为2.jpg,1,1.0,visual_0825_source_crosschecked
20260825-9cbd40e92572d5095b50-01,2026-08-25,手机,device,华为,1,畅享7S,FIG-AL00,畅享7S,开机碎屏,70,CNY/台,开机屏好主板靓系统,image,华为2.jpg,数码网报价单-0825更新/手机相关/华为2.jpg,1,1.0,visual_0825_source_crosschecked
20260825-966fe1d6429f7ec1dab9-01,2026-08-25,手机,device,华为,1,畅享7S,FIG-AL00,畅享7S,开机坏配件,70,CNY/台,开机屏好主板靓系统,image,华为2.jpg,数码网报价单-0825更新/手机相关/华为2.jpg,1,1.0,visual_0825_source_crosschecked
20260825-0c19d7b65bd2f6d09645-01,2026-08-25,手机,device,华为,1,畅享7S,FIG-AL00,畅享7S,不开机,70,CNY/台,开机屏好主板靓系统,image,华为2.jpg,数码网报价单-0825更新/手机相关/华为2.jpg,1,1.0,visual_0825_source_crosschecked
20260825-f353f161d163b5e0adae-01,2026-08-25,手机,device,华为,1,畅享7S,FIG-AL00,畅享7S,废板·整机,70,CNY/台,开机屏好主板靓系统,image,华为2.jpg,数码网报价单-0825更新/手机相关/华为2.jpg,1,1.0,visual_0825_source_crosschecked
20260825-fbf9d4be7a65fe744e26-01,2026-08-25,手机,device,华为,1,畅享7S,FIG-AL00,畅享7S,统货,/,CNY/台,开机屏好主板靓系统,image,华为2.jpg,数码网报价单-0825更新/手机相关/华为2.jpg,1,1.0,visual_0825_source_crosschecked
20260825-d368a26f10fee8666714-01,2026-08-25,手机,device,华为,2,畅享7p高配,TRT-AL00,畅享7p高配,开机靓好,75,CNY/台,后面型号尾缀,image,华为2.jpg,数码网报价单-0825更新/手机相关/华为2.jpg,1,1.0,visual_0825_source_crosschecked
20260825-89e0066186d334447232-01,2026-08-25,手机,device,华为,2,畅享7p高配,TRT-AL00,畅享7p高配,开机好碎,75,CNY/台,后面型号尾缀,image,华为2.jpg,数码网报价单-0825更新/手机相关/华为2.jpg,1,1.0,visual_0825_source_crosschecked
20260825-7e9f8e404c2787e3bd84-01,2026-08-25,手机,device,华为,2,畅享7p高配,TRT-AL00,畅享7p高配,开机碎屏,75,CNY/台,后面型号尾缀,image,华为2.jpg,数码网报价单-0825更新/手机相关/华为2.jpg,1,1.0,visual_0825_source_crosschecked
20260825-a43c0f2c124757f7157a-01,2026-08-25,手机,device,华为,2,畅享7p高配,TRT-AL00,畅享7p高配,开机坏配件,75,CNY/台,后面型号尾缀,image,华为2.jpg,数码网报价单-0825更新/手机相关/华为2.jpg,1,1.0,visual_0825_source_crosschecked
20260825-718a2c79051d9f58df24-01,2026-08-25,手机,device,华为,2,畅享7p高配,TRT-AL00,畅享7p高配,不开机,75,CNY/台,后面型号尾缀,image,华为2.jpg,数码网报价单-0825更新/手机相关/华为2.jpg,1,1.0,visual_0825_source_crosschecked
20260825-30825e3323c1a25bdf77-01,2026-08-25,手机,device,华为,2,畅享7p高配,TRT-AL00,畅享7p高配,废板·整机,75,CNY/台,后面型号尾缀,image,华为2.jpg,数码网报价单-0825更新/手机相关/华为2.jpg,1,1.0,visual_0825_source_crosschecked
20260825-9313da6b413a33dce2dc-01,2026-08-25,手机,device,华为,2,畅享7p高配,TRT-AL00,畅享7p高配,统货,/,CNY/台,后面型号尾缀,image,华为2.jpg,数码网报价单-0825更新/手机相关/华为2.jpg,1,1.0,visual_0825_source_crosschecked
20260825-17f8d73484bd29679289-01,2026-08-25,手机,device,华为,3,畅享7p低配,TRT-AL00,畅享7p低配,开机靓好,60,CNY/台,/,image,华为2.jpg,数码网报价单-0825更新/手机相关/华为2.jpg,1,1.0,visual_0825_source_crosschecked
20260825-33ce9020ba5402e43e76-01,2026-08-25,手机,device,华为,3,畅享7p低配,TRT-AL00,畅享7p低配,开机好碎,60,CNY/台,/,image,华为2.jpg,数码网报价单-0825更新/手机相关/华为2.jpg,1,1.0,visual_0825_source_crosschecked
20260825-05ca59a8d80fe112818b-01,2026-08-25,手机,device,华为,3,畅享7p低配,TRT-AL00,畅享7p低配,开机碎屏,60,CNY/台,/,image,华为2.jpg,数码网报价单-0825更新/手机相关/华为2.jpg,1,1.0,visual_0825_source_crosschecked
20260825-d9aacdf90b09cdd0abb0-01,2026-08-25,手机,device,华为,3,畅享7p低配,TRT-AL00,畅享7p低配,开机坏配件,60,CNY/台,/,image,华为2.jpg,数码网报价单-0825更新/手机相关/华为2.jpg,1,1.0,visual_0825_source_crosschecked
20260825-5a94bfbfef3e802f7970-01,2026-08-25,手机,device,华为,3,畅享7p低配,TRT-AL00,畅享7p低配,不开机,60,CNY/台,/,image,华为2.jpg,数码网报价单-0825更新/手机相关/华为2.jpg,1,1.0,visual_0825_source_crosschecked
20260825-d12f25c10bf070ac6379-01,2026-08-25,手机,device,华为,3,畅享7p低配,TRT-AL00,畅享7p低配,废板·整机,60,CNY/台,/,image,华为2.jpg,数码网报价单-0825更新/手机相关/华为2.jpg,1,1.0,visual_0825_source_crosschecked
20260825-5f1202b3df5d22b3c48e-01,2026-08-25,手机,device,华为,3,畅享7p低配,TRT-AL00,畅享7p低配,统货,/,CNY/台,/,image,华为2.jpg,数码网报价单-0825更新/手机相关/华为2.jpg,1,1.0,visual_0825_source_crosschecked
20260825-4cdb542c299d2cc97b8a-01,2026-08-25,手机,device,华为,4,畅享6,NCE-AL00,畅享6,开机靓好,35,CNY/台,/,image,华为2.jpg,数码网报价单-0825更新/手机相关/华为2.jpg,1,1.0,visual_0825_source_crosschecked
20260825-8ae0f0dd8805e0a1f79c-01,2026-08-25,手机,device,华为,4,畅享6,NCE-AL00,畅享6,开机好碎,/,CNY/台,/,image,华为2.jpg,数码网报价单-0825更新/手机相关/华为2.jpg,1,1.0,visual_0825_source_crosschecked
20260825-5c7992d23f84f9e10818-01,2026-08-25,手机,device,华为,4,畅享6,NCE-AL00,畅享6,开机碎屏,35,CNY/台,/,image,华为2.jpg,数码网报价单-0825更新/手机相关/华为2.jpg,1,1.0,visual_0825_source_crosschecked
20260825-eea7ff16f995cffa8d56-01,2026-08-25,手机,device,华为,4,畅享6,NCE-AL00,畅享6,开机坏配件,35,CNY/台,/,image,华为2.jpg,数码网报价单-0825更新/手机相关/华为2.jpg,1,1.0,visual_0825_source_crosschecked
20260825-a2b3e98cee03572d0896-01,2026-08-25,手机,device,华为,4,畅享6,NCE-AL00,畅享6,不开机,35,CNY/台,/,image,华为2.jpg,数码网报价单-0825更新/手机相关/华为2.jpg,1,1.0,visual_0825_source_crosschecked
20260825-6afc2891592e962e86d1-01,2026-08-25,手机,device,华为,4,畅享6,NCE-AL00,畅享6,废板·整机,35,CNY/台,/,image,华为2.jpg,数码网报价单-0825更新/手机相关/华为2.jpg,1,1.0,visual_0825_source_crosschecked
20260825-4de835a77ecdb0a4122d-01,2026-08-25,手机,device,华为,4,畅享6,NCE-AL00,畅享6,统货,/,CNY/台,/,image,华为2.jpg,数码网报价单-0825更新/手机相关/华为2.jpg,1,1.0,visual_0825_source_crosschecked
20260825-4fc7b63e7e009a2f84e3-01,2026-08-25,手机,device,华为,5,畅享max,ARS-AN00,畅享max,开机靓好,125,CNY/台,开机屏好要求主板系统 外屏不好WEI标芯片无损,image,华为2.jpg,数码网报价单-0825更新/手机相关/华为2.jpg,1,1.0,visual_0825_source_crosschecked
20260825-8781b860507eec1dc08e-01,2026-08-25,手机,device,华为,5,畅享max,ARS-AN00,畅享max,开机好碎,125,CNY/台,开机屏好要求主板系统 外屏不好WEI标芯片无损,image,华为2.jpg,数码网报价单-0825更新/手机相关/华为2.jpg,1,1.0,visual_0825_source_crosschecked
20260825-54874a524bcec5dd600c-01,2026-08-25,手机,device,华为,5,畅享max,ARS-AN00,畅享max,开机碎屏,125,CNY/台,开机屏好要求主板系统 外屏不好WEI标芯片无损,image,华为2.jpg,数码网报价单-0825更新/手机相关/华为2.jpg,1,1.0,visual_0825_source_crosschecked
20260825-0aaf0aeef27e301cd506-01,2026-08-25,手机,device,华为,5,畅享max,ARS-AN00,畅享max,开机坏配件,125,CNY/台,开机屏好要求主板系统 外屏不好WEI标芯片无损,image,华为2.jpg,数码网报价单-0825更新/手机相关/华为2.jpg,1,1.0,visual_0825_source_crosschecked
20260825-7889ff97a205dce36e2b-01,2026-08-25,手机,device,华为,5,畅享max,ARS-AN00,畅享max,不开机,125,CNY/台,开机屏好要求主板系统 外屏不好WEI标芯片无损,image,华为2.jpg,数码网报价单-0825更新/手机相关/华为2.jpg,1,1.0,visual_0825_source_crosschecked
20260825-a0301df68613bab31a9d-01,2026-08-25,手机,device,华为,5,畅享max,ARS-AN00,畅享max,废板·整机,125,CNY/台,开机屏好要求主板系统 外屏不好WEI标芯片无损,image,华为2.jpg,数码网报价单-0825更新/手机相关/华为2.jpg,1,1.0,visual_0825_source_crosschecked
20260825-3ac4805a3da7d3af69d3-01,2026-08-25,手机,device,华为,5,畅享max,ARS-AN00,畅享max,统货,/,CNY/台,开机屏好要求主板系统 外屏不好WEI标芯片无损,image,华为2.jpg,数码网报价单-0825更新/手机相关/华为2.jpg,1,1.0,visual_0825_source_crosschecked
20260825-67f3b377b0205d3acd2a-01,2026-08-25,手机,device,华为,6,畅享Z (6+128/8+128),DVC-AN00,畅享Z (6+128/8+128),开机靓好,165,CNY/台,主板小标尾缀B,image,华为2.jpg,数码网报价单-0825更新/手机相关/华为2.jpg,1,1.0,visual_0825_source_crosschecked
20260825-42d5bf26edc563083fa3-01,2026-08-25,手机,device,华为,6,畅享Z (6+128/8+128),DVC-AN00,畅享Z (6+128/8+128),开机好碎,165,CNY/台,主板小标尾缀B,image,华为2.jpg,数码网报价单-0825更新/手机相关/华为2.jpg,1,1.0,visual_0825_source_crosschecked
20260825-5781b62fe3cb7ff25851-01,2026-08-25,手机,device,华为,6,畅享Z (6+128/8+128),DVC-AN00,畅享Z (6+128/8+128),开机碎屏,165,CNY/台,主板小标尾缀B,image,华为2.jpg,数码网报价单-0825更新/手机相关/华为2.jpg,1,1.0,visual_0825_source_crosschecked
20260825-7a560adee5a100a7c8dc-01,2026-08-25,手机,device,华为,6,畅享Z (6+128/8+128),DVC-AN00,畅享Z (6+128/8+128),开机坏配件,165,CNY/台,主板小标尾缀B,image,华为2.jpg,数码网报价单-0825更新/手机相关/华为2.jpg,1,1.0,visual_0825_source_crosschecked
20260825-b7226a4c66658bbe3348-01,2026-08-25,手机,device,华为,6,畅享Z (6+128/8+128),DVC-AN00,畅享Z (6+128/8+128),不开机,165,CNY/台,主板小标尾缀B,image,华为2.jpg,数码网报价单-0825更新/手机相关/华为2.jpg,1,1.0,visual_0825_source_crosschecked
20260825-92be8affa1b56ec62627-01,2026-08-25,手机,device,华为,6,畅享Z (6+128/8+128),DVC-AN00,畅享Z (6+128/8+128),废板·整机,165,CNY/台,主板小标尾缀B,image,华为2.jpg,数码网报价单-0825更新/手机相关/华为2.jpg,1,1.0,visual_0825_source_crosschecked
20260825-3cc63c3308282406bb14-01,2026-08-25,手机,device,华为,6,畅享Z (6+128/8+128),DVC-AN00,畅享Z (6+128/8+128),统货,165,CNY/台,主板小标尾缀B,image,华为2.jpg,数码网报价单-0825更新/手机相关/华为2.jpg,1,1.0,visual_0825_source_crosschecked
20260825-09d21394ff13c7367f4a-01,2026-08-25,手机,device,华为,7,畅享Z (6+64),DVC-AN00,畅享Z (6+64),开机靓好,120,CNY/台,主板小标尾缀B,image,华为2.jpg,数码网报价单-0825更新/手机相关/华为2.jpg,1,1.0,visual_0825_source_crosschecked
20260825-01cd39355105a237e924-01,2026-08-25,手机,device,华为,7,畅享Z (6+64),DVC-AN00,畅享Z (6+64),开机好碎,120,CNY/台,主板小标尾缀B,image,华为2.jpg,数码网报价单-0825更新/手机相关/华为2.jpg,1,1.0,visual_0825_source_crosschecked
20260825-6d328dcdcc6a145def65-01,2026-08-25,手机,device,华为,7,畅享Z (6+64),DVC-AN00,畅享Z (6+64),开机碎屏,120,CNY/台,主板小标尾缀B,image,华为2.jpg,数码网报价单-0825更新/手机相关/华为2.jpg,1,1.0,visual_0825_source_crosschecked
20260825-9745013352d80b927229-01,2026-08-25,手机,device,华为,7,畅享Z (6+64),DVC-AN00,畅享Z (6+64),开机坏配件,120,CNY/台,主板小标尾缀B,image,华为2.jpg,数码网报价单-0825更新/手机相关/华为2.jpg,1,1.0,visual_0825_source_crosschecked
20260825-081083ff9825c9033b30-01,2026-08-25,手机,device,华为,7,畅享Z (6+64),DVC-AN00,畅享Z (6+64),不开机,120,CNY/台,主板小标尾缀B,image,华为2.jpg,数码网报价单-0825更新/手机相关/华为2.jpg,1,1.0,visual_0825_source_crosschecked
20260825-0310c11bfabce97e04d4-01,2026-08-25,手机,device,华为,7,畅享Z (6+64),DVC-AN00,畅享Z (6+64),废板·整机,120,CNY/台,主板小标尾缀B,image,华为2.jpg,数码网报价单-0825更新/手机相关/华为2.jpg,1,1.0,visual_0825_source_crosschecked
20260825-f6945a99a06ca2d10394-01,2026-08-25,手机,device,华为,7,畅享Z (6+64),DVC-AN00,畅享Z (6+64),统货,120,CNY/台,主板小标尾缀B,image,华为2.jpg,数码网报价单-0825更新/手机相关/华为2.jpg,1,1.0,visual_0825_source_crosschecked
20260825-c6c39fd6dd3429bb9739-01,2026-08-25,手机,device,华为,1,麦芒40,TYH651M-02,麦芒40,开机靓好,260,CNY/台,/,image,华为2.jpg,数码网报价单-0825更新/手机相关/华为2.jpg,1,1.0,visual_0825_source_crosschecked
20260825-f786a1fb1dd7067a0c18-01,2026-08-25,手机,device,华为,1,麦芒40,TYH651M-02,麦芒40,开机好碎,220,CNY/台,/,image,华为2.jpg,数码网报价单-0825更新/手机相关/华为2.jpg,1,1.0,visual_0825_source_crosschecked
20260825-0570322c9731d58423f5-01,2026-08-25,手机,device,华为,1,麦芒40,TYH651M-02,麦芒40,开机碎屏,220,CNY/台,/,image,华为2.jpg,数码网报价单-0825更新/手机相关/华为2.jpg,1,1.0,visual_0825_source_crosschecked
20260825-62f3a1509aa60aa78907-01,2026-08-25,手机,device,华为,1,麦芒40,TYH651M-02,麦芒40,开机坏配件,220,CNY/台,/,image,华为2.jpg,数码网报价单-0825更新/手机相关/华为2.jpg,1,1.0,visual_0825_source_crosschecked
20260825-1d456c0a3f5659320658-01,2026-08-25,手机,device,华为,1,麦芒40,TYH651M-02,麦芒40,不开机,140,CNY/台,/,image,华为2.jpg,数码网报价单-0825更新/手机相关/华为2.jpg,1,1.0,visual_0825_source_crosschecked
20260825-67785b7058b618787773-01,2026-08-25,手机,device,华为,1,麦芒40,TYH651M-02,麦芒40,废板·整机,140,CNY/台,/,image,华为2.jpg,数码网报价单-0825更新/手机相关/华为2.jpg,1,1.0,visual_0825_source_crosschecked
20260825-74e90792761eb9f0ae1f-01,2026-08-25,手机,device,华为,1,麦芒40,TYH651M-02,麦芒40,统货,/,CNY/台,/,image,华为2.jpg,数码网报价单-0825更新/手机相关/华为2.jpg,1,1.0,visual_0825_source_crosschecked
20260825-07bf6c24b0f1adf15c72-01,2026-08-25,手机,device,华为,2,麦芒30,TNN-AN00,麦芒30,开机靓好,220,CNY/台,/,image,华为2.jpg,数码网报价单-0825更新/手机相关/华为2.jpg,1,1.0,visual_0825_source_crosschecked
20260825-a670eadcab9a64b11636-01,2026-08-25,手机,device,华为,2,麦芒30,TNN-AN00,麦芒30,开机好碎,220,CNY/台,/,image,华为2.jpg,数码网报价单-0825更新/手机相关/华为2.jpg,1,1.0,visual_0825_source_crosschecked
20260825-a604d11f5f5ff505fdaf-01,2026-08-25,手机,device,华为,2,麦芒30,TNN-AN00,麦芒30,开机碎屏,220,CNY/台,/,image,华为2.jpg,数码网报价单-0825更新/手机相关/华为2.jpg,1,1.0,visual_0825_source_crosschecked
20260825-7617a05b5808dc030a78-01,2026-08-25,手机,device,华为,2,麦芒30,TNN-AN00,麦芒30,开机坏配件,220,CNY/台,/,image,华为2.jpg,数码网报价单-0825更新/手机相关/华为2.jpg,1,1.0,visual_0825_source_crosschecked
20260825-834eb328f4579be62e06-01,2026-08-25,手机,device,华为,2,麦芒30,TNN-AN00,麦芒30,不开机,220,CNY/台,/,image,华为2.jpg,数码网报价单-0825更新/手机相关/华为2.jpg,1,1.0,visual_0825_source_crosschecked
20260825-6a74931b614dd4ceff44-01,2026-08-25,手机,device,华为,2,麦芒30,TNN-AN00,麦芒30,废板·整机,220,CNY/台,/,image,华为2.jpg,数码网报价单-0825更新/手机相关/华为2.jpg,1,1.0,visual_0825_source_crosschecked
20260825-a3ca47cb829359c3b559-01,2026-08-25,手机,device,华为,2,麦芒30,TNN-AN00,麦芒30,统货,/,CNY/台,/,image,华为2.jpg,数码网报价单-0825更新/手机相关/华为2.jpg,1,1.0,visual_0825_source_crosschecked
20260825-72ba564dda512669d948-01,2026-08-25,手机,device,华为,3,麦芒A20 5G,TYH632M,麦芒A20 5G,开机靓好,170,CNY/台,/,image,华为2.jpg,数码网报价单-0825更新/手机相关/华为2.jpg,1,1.0,visual_0825_source_crosschecked
20260825-eaca56ab66e4ba52781b-01,2026-08-25,手机,device,华为,3,麦芒A20 5G,TYH632M,麦芒A20 5G,开机好碎,170,CNY/台,/,image,华为2.jpg,数码网报价单-0825更新/手机相关/华为2.jpg,1,1.0,visual_0825_source_crosschecked
20260825-65302c607296757f6390-01,2026-08-25,手机,device,华为,3,麦芒A20 5G,TYH632M,麦芒A20 5G,开机碎屏,170,CNY/台,/,image,华为2.jpg,数码网报价单-0825更新/手机相关/华为2.jpg,1,1.0,visual_0825_source_crosschecked
20260825-6da62c7983109f21ac37-01,2026-08-25,手机,device,华为,3,麦芒A20 5G,TYH632M,麦芒A20 5G,开机坏配件,170,CNY/台,/,image,华为2.jpg,数码网报价单-0825更新/手机相关/华为2.jpg,1,1.0,visual_0825_source_crosschecked
20260825-622227c66db36d3e13d9-01,2026-08-25,手机,device,华为,3,麦芒A20 5G,TYH632M,麦芒A20 5G,不开机,170,CNY/台,/,image,华为2.jpg,数码网报价单-0825更新/手机相关/华为2.jpg,1,1.0,visual_0825_source_crosschecked
20260825-0f5faa1c9011e63f28c1-01,2026-08-25,手机,device,华为,3,麦芒A20 5G,TYH632M,麦芒A20 5G,废板·整机,170,CNY/台,/,image,华为2.jpg,数码网报价单-0825更新/手机相关/华为2.jpg,1,1.0,visual_0825_source_crosschecked
20260825-0b08191686fa2025bc12-01,2026-08-25,手机,device,华为,3,麦芒A20 5G,TYH632M,麦芒A20 5G,统货,/,CNY/台,/,image,华为2.jpg,数码网报价单-0825更新/手机相关/华为2.jpg,1,1.0,visual_0825_source_crosschecked
20260825-67b15429ed20c3be3e12-01,2026-08-25,手机,device,华为,4,麦芒20 5G,TYH622M,麦芒20 5G,开机靓好,220,CNY/台,/,image,华为2.jpg,数码网报价单-0825更新/手机相关/华为2.jpg,1,1.0,visual_0825_source_crosschecked
20260825-c1fd471362c5a616dca1-01,2026-08-25,手机,device,华为,4,麦芒20 5G,TYH622M,麦芒20 5G,开机好碎,220,CNY/台,/,image,华为2.jpg,数码网报价单-0825更新/手机相关/华为2.jpg,1,1.0,visual_0825_source_crosschecked
20260825-786832eac38362ec508a-01,2026-08-25,手机,device,华为,4,麦芒20 5G,TYH622M,麦芒20 5G,开机碎屏,220,CNY/台,/,image,华为2.jpg,数码网报价单-0825更新/手机相关/华为2.jpg,1,1.0,visual_0825_source_crosschecked
20260825-d6ad2f412c370b8957fc-01,2026-08-25,手机,device,华为,4,麦芒20 5G,TYH622M,麦芒20 5G,开机坏配件,220,CNY/台,/,image,华为2.jpg,数码网报价单-0825更新/手机相关/华为2.jpg,1,1.0,visual_0825_source_crosschecked
20260825-aac491681f21b7a9b3a8-01,2026-08-25,手机,device,华为,4,麦芒20 5G,TYH622M,麦芒20 5G,不开机,220,CNY/台,/,image,华为2.jpg,数码网报价单-0825更新/手机相关/华为2.jpg,1,1.0,visual_0825_source_crosschecked
20260825-1d92e36e65653ed86eaa-01,2026-08-25,手机,device,华为,4,麦芒20 5G,TYH622M,麦芒20 5G,废板·整机,220,CNY/台,/,image,华为2.jpg,数码网报价单-0825更新/手机相关/华为2.jpg,1,1.0,visual_0825_source_crosschecked
20260825-e5434a54b7de4e27156f-01,2026-08-25,手机,device,华为,4,麦芒20 5G,TYH622M,麦芒20 5G,统货,/,CNY/台,/,image,华为2.jpg,数码网报价单-0825更新/手机相关/华为2.jpg,1,1.0,visual_0825_source_crosschecked
20260825-92d7bf1eeb58213927bd-01,2026-08-25,手机,device,华为,5,麦芒11,TYH622M,麦芒11,开机靓好,115,CNY/台,/,image,华为2.jpg,数码网报价单-0825更新/手机相关/华为2.jpg,1,1.0,visual_0825_source_crosschecked
20260825-286d3621f118a7161891-01,2026-08-25,手机,device,华为,5,麦芒11,TYH622M,麦芒11,开机好碎,115,CNY/台,/,image,华为2.jpg,数码网报价单-0825更新/手机相关/华为2.jpg,1,1.0,visual_0825_source_crosschecked
20260825-9ea8e49a6e68b2f4f667-01,2026-08-25,手机,device,华为,5,麦芒11,TYH622M,麦芒11,开机碎屏,115,CNY/台,/,image,华为2.jpg,数码网报价单-0825更新/手机相关/华为2.jpg,1,1.0,visual_0825_source_crosschecked
20260825-7e5e124e696b4ad24813-01,2026-08-25,手机,device,华为,5,麦芒11,TYH622M,麦芒11,开机坏配件,115,CNY/台,/,image,华为2.jpg,数码网报价单-0825更新/手机相关/华为2.jpg,1,1.0,visual_0825_source_crosschecked
20260825-b46037ea66b7e42a5dfe-01,2026-08-25,手机,device,华为,5,麦芒11,TYH622M,麦芒11,不开机,115,CNY/台,/,image,华为2.jpg,数码网报价单-0825更新/手机相关/华为2.jpg,1,1.0,visual_0825_source_crosschecked
20260825-e2e635a3ecc4d209efb9-01,2026-08-25,手机,device,华为,5,麦芒11,TYH622M,麦芒11,废板·整机,90,CNY/台,/,image,华为2.jpg,数码网报价单-0825更新/手机相关/华为2.jpg,1,1.0,visual_0825_source_crosschecked
20260825-3453d263c99c4dfca639-01,2026-08-25,手机,device,华为,5,麦芒11,TYH622M,麦芒11,统货,/,CNY/台,/,image,华为2.jpg,数码网报价单-0825更新/手机相关/华为2.jpg,1,1.0,visual_0825_source_crosschecked
20260825-c462179612e72ca27459-01,2026-08-25,手机,device,华为,6,麦芒10se,TYH611M,麦芒10se,开机靓好,170,CNY/台,/,image,华为2.jpg,数码网报价单-0825更新/手机相关/华为2.jpg,1,1.0,visual_0825_source_crosschecked
20260825-f758d027062d6bf8bc76-01,2026-08-25,手机,device,华为,6,麦芒10se,TYH611M,麦芒10se,开机好碎,170,CNY/台,/,image,华为2.jpg,数码网报价单-0825更新/手机相关/华为2.jpg,1,1.0,visual_0825_source_crosschecked
20260825-8ab143d60da11c21c5da-01,2026-08-25,手机,device,华为,6,麦芒10se,TYH611M,麦芒10se,开机碎屏,170,CNY/台,/,image,华为2.jpg,数码网报价单-0825更新/手机相关/华为2.jpg,1,1.0,visual_0825_source_crosschecked
20260825-e5a4fab7882369211d0e-01,2026-08-25,手机,device,华为,6,麦芒10se,TYH611M,麦芒10se,开机坏配件,170,CNY/台,/,image,华为2.jpg,数码网报价单-0825更新/手机相关/华为2.jpg,1,1.0,visual_0825_source_crosschecked
20260825-7c1a0f16db3388129a1e-01,2026-08-25,手机,device,华为,6,麦芒10se,TYH611M,麦芒10se,不开机,170,CNY/台,/,image,华为2.jpg,数码网报价单-0825更新/手机相关/华为2.jpg,1,1.0,visual_0825_source_crosschecked
20260825-c65a97e321f8a0f6ae7f-01,2026-08-25,手机,device,华为,6,麦芒10se,TYH611M,麦芒10se,废板·整机,170,CNY/台,/,image,华为2.jpg,数码网报价单-0825更新/手机相关/华为2.jpg,1,1.0,visual_0825_source_crosschecked
20260825-752b8b9a4a56c9bd1e69-01,2026-08-25,手机,device,华为,6,麦芒10se,TYH611M,麦芒10se,统货,/,CNY/台,/,image,华为2.jpg,数码网报价单-0825更新/手机相关/华为2.jpg,1,1.0,visual_0825_source_crosschecked
20260825-8979e997648f10918599-01,2026-08-25,手机,device,华为,1,麦芒10,TYH612M,麦芒10,开机靓好,170,CNY/台,/,image,华为2.jpg,数码网报价单-0825更新/手机相关/华为2.jpg,1,1.0,visual_0825_source_crosschecked
20260825-856f31ec528fde31c2a1-01,2026-08-25,手机,device,华为,1,麦芒10,TYH612M,麦芒10,开机好碎,170,CNY/台,/,image,华为2.jpg,数码网报价单-0825更新/手机相关/华为2.jpg,1,1.0,visual_0825_source_crosschecked
20260825-17ed17048eaaf09ba4d6-01,2026-08-25,手机,device,华为,1,麦芒10,TYH612M,麦芒10,开机碎屏,170,CNY/台,/,image,华为2.jpg,数码网报价单-0825更新/手机相关/华为2.jpg,1,1.0,visual_0825_source_crosschecked
20260825-d8cd95baee4e476f4e4b-01,2026-08-25,手机,device,华为,1,麦芒10,TYH612M,麦芒10,开机坏配件,170,CNY/台,/,image,华为2.jpg,数码网报价单-0825更新/手机相关/华为2.jpg,1,1.0,visual_0825_source_crosschecked
20260825-9f12320ac5df3cf700c0-01,2026-08-25,手机,device,华为,1,麦芒10,TYH612M,麦芒10,不开机,170,CNY/台,/,image,华为2.jpg,数码网报价单-0825更新/手机相关/华为2.jpg,1,1.0,visual_0825_source_crosschecked
20260825-5e98ff4d6e39cc385efd-01,2026-08-25,手机,device,华为,1,麦芒10,TYH612M,麦芒10,废板·整机,170,CNY/台,/,image,华为2.jpg,数码网报价单-0825更新/手机相关/华为2.jpg,1,1.0,visual_0825_source_crosschecked
20260825-5ebe70b5aa03cc516dcc-01,2026-08-25,手机,device,华为,1,麦芒10,TYH612M,麦芒10,统货,/,CNY/台,/,image,华为2.jpg,数码网报价单-0825更新/手机相关/华为2.jpg,1,1.0,visual_0825_source_crosschecked
20260825-48e2e496287876432cef-01,2026-08-25,手机,device,华为,2,麦芒9,TNN-AN00,麦芒9,开机靓好,170,CNY/台,开机显示有灯光显黑屏不开机,image,华为2.jpg,数码网报价单-0825更新/手机相关/华为2.jpg,1,1.0,visual_0825_source_crosschecked
20260825-e0fbd01997c1d9225562-01,2026-08-25,手机,device,华为,2,麦芒9,TNN-AN00,麦芒9,开机好碎,170,CNY/台,开机显示有灯光显黑屏不开机,image,华为2.jpg,数码网报价单-0825更新/手机相关/华为2.jpg,1,1.0,visual_0825_source_crosschecked
20260825-de3e5da12f1c2cb00093-01,2026-08-25,手机,device,华为,2,麦芒9,TNN-AN00,麦芒9,开机碎屏,170,CNY/台,开机显示有灯光显黑屏不开机,image,华为2.jpg,数码网报价单-0825更新/手机相关/华为2.jpg,1,1.0,visual_0825_source_crosschecked
20260825-cbcb3b76bdeb47108dfc-01,2026-08-25,手机,device,华为,2,麦芒9,TNN-AN00,麦芒9,开机坏配件,170,CNY/台,开机显示有灯光显黑屏不开机,image,华为2.jpg,数码网报价单-0825更新/手机相关/华为2.jpg,1,1.0,visual_0825_source_crosschecked
20260825-4869f06d92a348f53aba-01,2026-08-25,手机,device,华为,2,麦芒9,TNN-AN00,麦芒9,不开机,170,CNY/台,开机显示有灯光显黑屏不开机,image,华为2.jpg,数码网报价单-0825更新/手机相关/华为2.jpg,1,1.0,visual_0825_source_crosschecked
20260825-5d8f6ff2a986256a574d-01,2026-08-25,手机,device,华为,2,麦芒9,TNN-AN00,麦芒9,废板·整机,170,CNY/台,开机显示有灯光显黑屏不开机,image,华为2.jpg,数码网报价单-0825更新/手机相关/华为2.jpg,1,1.0,visual_0825_source_crosschecked
20260825-b0f6b7b63a25bcebad0c-01,2026-08-25,手机,device,华为,2,麦芒9,TNN-AN00,麦芒9,统货,/,CNY/台,开机显示有灯光显黑屏不开机,image,华为2.jpg,数码网报价单-0825更新/手机相关/华为2.jpg,1,1.0,visual_0825_source_crosschecked
20260825-3d46d4d78f89138a301f-01,2026-08-25,手机,device,华为,3,麦芒8,POT-AL00,麦芒8,开机靓好,145,CNY/台,开机屏好主板靓系统,image,华为2.jpg,数码网报价单-0825更新/手机相关/华为2.jpg,1,1.0,visual_0825_source_crosschecked
20260825-e485c35e94b38154278a-01,2026-08-25,手机,device,华为,3,麦芒8,POT-AL00,麦芒8,开机好碎,145,CNY/台,开机屏好主板靓系统,image,华为2.jpg,数码网报价单-0825更新/手机相关/华为2.jpg,1,1.0,visual_0825_source_crosschecked
20260825-cfb6d2e6513c041332ef-01,2026-08-25,手机,device,华为,3,麦芒8,POT-AL00,麦芒8,开机碎屏,145,CNY/台,开机屏好主板靓系统,image,华为2.jpg,数码网报价单-0825更新/手机相关/华为2.jpg,1,1.0,visual_0825_source_crosschecked
20260825-9894198906b93985fde8-01,2026-08-25,手机,device,华为,3,麦芒8,POT-AL00,麦芒8,开机坏配件,145,CNY/台,开机屏好主板靓系统,image,华为2.jpg,数码网报价单-0825更新/手机相关/华为2.jpg,1,1.0,visual_0825_source_crosschecked
20260825-c8f8dc0dbff1ab2fcefa-01,2026-08-25,手机,device,华为,3,麦芒8,POT-AL00,麦芒8,不开机,145,CNY/台,开机屏好主板靓系统,image,华为2.jpg,数码网报价单-0825更新/手机相关/华为2.jpg,1,1.0,visual_0825_source_crosschecked
20260825-a8b22afd391aa2ae03eb-01,2026-08-25,手机,device,华为,3,麦芒8,POT-AL00,麦芒8,废板·整机,145,CNY/台,开机屏好主板靓系统,image,华为2.jpg,数码网报价单-0825更新/手机相关/华为2.jpg,1,1.0,visual_0825_source_crosschecked
20260825-4a7680ef1f33e94fa003-01,2026-08-25,手机,device,华为,3,麦芒8,POT-AL00,麦芒8,统货,/,CNY/台,开机屏好主板靓系统,image,华为2.jpg,数码网报价单-0825更新/手机相关/华为2.jpg,1,1.0,visual_0825_source_crosschecked
20260825-b2b55624a05e9ed345a0-01,2026-08-25,手机,device,华为,4,麦芒7,SNE-AL00,麦芒7,开机靓好,82,CNY/台,开机屏好要求主板系统,image,华为2.jpg,数码网报价单-0825更新/手机相关/华为2.jpg,1,1.0,visual_0825_source_crosschecked
20260825-ff1ede28bc6329893e2b-01,2026-08-25,手机,device,华为,4,麦芒7,SNE-AL00,麦芒7,开机好碎,82,CNY/台,开机屏好要求主板系统,image,华为2.jpg,数码网报价单-0825更新/手机相关/华为2.jpg,1,1.0,visual_0825_source_crosschecked
20260825-862f52abca74a8dfe08c-01,2026-08-25,手机,device,华为,4,麦芒7,SNE-AL00,麦芒7,开机碎屏,82,CNY/台,开机屏好要求主板系统,image,华为2.jpg,数码网报价单-0825更新/手机相关/华为2.jpg,1,1.0,visual_0825_source_crosschecked
20260825-6e22233da0c31050ad19-01,2026-08-25,手机,device,华为,4,麦芒7,SNE-AL00,麦芒7,开机坏配件,82,CNY/台,开机屏好要求主板系统,image,华为2.jpg,数码网报价单-0825更新/手机相关/华为2.jpg,1,1.0,visual_0825_source_crosschecked
20260825-c62544706b92ebd3806b-01,2026-08-25,手机,device,华为,4,麦芒7,SNE-AL00,麦芒7,不开机,82,CNY/台,开机屏好要求主板系统,image,华为2.jpg,数码网报价单-0825更新/手机相关/华为2.jpg,1,1.0,visual_0825_source_crosschecked
20260825-7bf38a9567fdb0b00b5f-01,2026-08-25,手机,device,华为,4,麦芒7,SNE-AL00,麦芒7,废板·整机,82,CNY/台,开机屏好要求主板系统,image,华为2.jpg,数码网报价单-0825更新/手机相关/华为2.jpg,1,1.0,visual_0825_source_crosschecked
20260825-9e11131e15589811507d-01,2026-08-25,手机,device,华为,4,麦芒7,SNE-AL00,麦芒7,统货,/,CNY/台,开机屏好要求主板系统,image,华为2.jpg,数码网报价单-0825更新/手机相关/华为2.jpg,1,1.0,visual_0825_source_crosschecked
20260825-3f74a83cc74c2aa157d6-01,2026-08-25,手机,device,华为,5,麦芒6,RNE-AL00,麦芒6,开机靓好,75,CNY/台,开机屏好主板靓系统,image,华为2.jpg,数码网报价单-0825更新/手机相关/华为2.jpg,1,1.0,visual_0825_source_crosschecked
20260825-60d4801670c44e9bd600-01,2026-08-25,手机,device,华为,5,麦芒6,RNE-AL00,麦芒6,开机好碎,75,CNY/台,开机屏好主板靓系统,image,华为2.jpg,数码网报价单-0825更新/手机相关/华为2.jpg,1,1.0,visual_0825_source_crosschecked
20260825-8cf41d55b8a5402fec34-01,2026-08-25,手机,device,华为,5,麦芒6,RNE-AL00,麦芒6,开机碎屏,75,CNY/台,开机屏好主板靓系统,image,华为2.jpg,数码网报价单-0825更新/手机相关/华为2.jpg,1,1.0,visual_0825_source_crosschecked
20260825-f437fff97382a9a6bcb6-01,2026-08-25,手机,device,华为,5,麦芒6,RNE-AL00,麦芒6,开机坏配件,/,CNY/台,开机屏好主板靓系统,image,华为2.jpg,数码网报价单-0825更新/手机相关/华为2.jpg,1,1.0,visual_0825_source_crosschecked
20260825-a4f68ba4fc26ffb68ab0-01,2026-08-25,手机,device,华为,5,麦芒6,RNE-AL00,麦芒6,不开机,75,CNY/台,开机屏好主板靓系统,image,华为2.jpg,数码网报价单-0825更新/手机相关/华为2.jpg,1,1.0,visual_0825_source_crosschecked
20260825-2dc7bf69df1f3e844efb-01,2026-08-25,手机,device,华为,5,麦芒6,RNE-AL00,麦芒6,废板·整机,75,CNY/台,开机屏好主板靓系统,image,华为2.jpg,数码网报价单-0825更新/手机相关/华为2.jpg,1,1.0,visual_0825_source_crosschecked
20260825-dc9c4429fc379346b711-01,2026-08-25,手机,device,华为,5,麦芒6,RNE-AL00,麦芒6,统货,75,CNY/台,开机屏好主板靓系统,image,华为2.jpg,数码网报价单-0825更新/手机相关/华为2.jpg,1,1.0,visual_0825_source_crosschecked
20260825-eeee715c82ecd16c2113-01,2026-08-25,手机,device,华为,6,麦芒5 (4+64),MLA-AL10,麦芒5 (4+64),开机靓好,130,CNY/台,开机屏好主板靓系统,image,华为2.jpg,数码网报价单-0825更新/手机相关/华为2.jpg,1,1.0,visual_0825_source_crosschecked
20260825-954194b613a7f495bff9-01,2026-08-25,手机,device,华为,6,麦芒5 (4+64),MLA-AL10,麦芒5 (4+64),开机好碎,130,CNY/台,开机屏好主板靓系统,image,华为2.jpg,数码网报价单-0825更新/手机相关/华为2.jpg,1,1.0,visual_0825_source_crosschecked
20260825-d41c6ad333f3385bbb04-01,2026-08-25,手机,device,华为,6,麦芒5 (4+64),MLA-AL10,麦芒5 (4+64),开机碎屏,130,CNY/台,开机屏好主板靓系统,image,华为2.jpg,数码网报价单-0825更新/手机相关/华为2.jpg,1,1.0,visual_0825_source_crosschecked
20260825-7f419ad05726035c06a5-01,2026-08-25,手机,device,华为,6,麦芒5 (4+64),MLA-AL10,麦芒5 (4+64),开机坏配件,130,CNY/台,开机屏好主板靓系统,image,华为2.jpg,数码网报价单-0825更新/手机相关/华为2.jpg,1,1.0,visual_0825_source_crosschecked
20260825-d10e09ab97795bba3902-01,2026-08-25,手机,device,华为,6,麦芒5 (4+64),MLA-AL10,麦芒5 (4+64),不开机,130,CNY/台,开机屏好主板靓系统,image,华为2.jpg,数码网报价单-0825更新/手机相关/华为2.jpg,1,1.0,visual_0825_source_crosschecked
20260825-c4c5f9a28e711172f98f-01,2026-08-25,手机,device,华为,6,麦芒5 (4+64),MLA-AL10,麦芒5 (4+64),废板·整机,130,CNY/台,开机屏好主板靓系统,image,华为2.jpg,数码网报价单-0825更新/手机相关/华为2.jpg,1,1.0,visual_0825_source_crosschecked
20260825-97df1068bbef0fc47468-01,2026-08-25,手机,device,华为,6,麦芒5 (4+64),MLA-AL10,麦芒5 (4+64),统货,/,CNY/台,开机屏好主板靓系统,image,华为2.jpg,数码网报价单-0825更新/手机相关/华为2.jpg,1,1.0,visual_0825_source_crosschecked
20260825-900569efa9fcbd91ddee-01,2026-08-25,手机,device,华为,7,麦芒5 (3+32),MLA-AL00,麦芒5 (3+32),开机靓好,55,CNY/台,开机屏好主板靓系统,image,华为2.jpg,数码网报价单-0825更新/手机相关/华为2.jpg,1,1.0,visual_0825_source_crosschecked
20260825-cbfcc3a5bf1d0b60074a-01,2026-08-25,手机,device,华为,7,麦芒5 (3+32),MLA-AL00,麦芒5 (3+32),开机好碎,55,CNY/台,开机屏好主板靓系统,image,华为2.jpg,数码网报价单-0825更新/手机相关/华为2.jpg,1,1.0,visual_0825_source_crosschecked
20260825-5dbfbb759526909d3b15-01,2026-08-25,手机,device,华为,7,麦芒5 (3+32),MLA-AL00,麦芒5 (3+32),开机碎屏,55,CNY/台,开机屏好主板靓系统,image,华为2.jpg,数码网报价单-0825更新/手机相关/华为2.jpg,1,1.0,visual_0825_source_crosschecked
20260825-dc0ef721419174ca7f1d-01,2026-08-25,手机,device,华为,7,麦芒5 (3+32),MLA-AL00,麦芒5 (3+32),开机坏配件,55,CNY/台,开机屏好主板靓系统,image,华为2.jpg,数码网报价单-0825更新/手机相关/华为2.jpg,1,1.0,visual_0825_source_crosschecked
20260825-6cd229f0d796958e3814-01,2026-08-25,手机,device,华为,7,麦芒5 (3+32),MLA-AL00,麦芒5 (3+32),不开机,55,CNY/台,开机屏好主板靓系统,image,华为2.jpg,数码网报价单-0825更新/手机相关/华为2.jpg,1,1.0,visual_0825_source_crosschecked
20260825-7e2e3f603a8e60aba6ea-01,2026-08-25,手机,device,华为,7,麦芒5 (3+32),MLA-AL00,麦芒5 (3+32),废板·整机,55,CNY/台,开机屏好主板靓系统,image,华为2.jpg,数码网报价单-0825更新/手机相关/华为2.jpg,1,1.0,visual_0825_source_crosschecked
20260825-f9a798dfb7e9e832d120-01,2026-08-25,手机,device,华为,7,麦芒5 (3+32),MLA-AL00,麦芒5 (3+32),统货,/,CNY/台,开机屏好主板靓系统,image,华为2.jpg,数码网报价单-0825更新/手机相关/华为2.jpg,1,1.0,visual_0825_source_crosschecked
20260825-6b704866fca21147a5b6-01,2026-08-25,手机,device,华为,1,G9plus,MLA,G9plus,开机靓好,50,CNY/台,/,image,华为2.jpg,数码网报价单-0825更新/手机相关/华为2.jpg,1,1.0,visual_0825_source_crosschecked
20260825-461020efae27453470a7-01,2026-08-25,手机,device,华为,1,G9plus,MLA,G9plus,开机好碎,50,CNY/台,/,image,华为2.jpg,数码网报价单-0825更新/手机相关/华为2.jpg,1,1.0,visual_0825_source_crosschecked
20260825-314d71e609b89d228db8-01,2026-08-25,手机,device,华为,1,G9plus,MLA,G9plus,开机碎屏,50,CNY/台,/,image,华为2.jpg,数码网报价单-0825更新/手机相关/华为2.jpg,1,1.0,visual_0825_source_crosschecked
20260825-95394dbf1521ec19271e-01,2026-08-25,手机,device,华为,1,G9plus,MLA,G9plus,开机坏配件,50,CNY/台,/,image,华为2.jpg,数码网报价单-0825更新/手机相关/华为2.jpg,1,1.0,visual_0825_source_crosschecked
20260825-a7a7142263fbf173e121-01,2026-08-25,手机,device,华为,1,G9plus,MLA,G9plus,不开机,50,CNY/台,/,image,华为2.jpg,数码网报价单-0825更新/手机相关/华为2.jpg,1,1.0,visual_0825_source_crosschecked
20260825-2a8539c87ee64a026fcb-01,2026-08-25,手机,device,华为,1,G9plus,MLA,G9plus,废板·整机,50,CNY/台,/,image,华为2.jpg,数码网报价单-0825更新/手机相关/华为2.jpg,1,1.0,visual_0825_source_crosschecked
20260825-3083f71ada618c0bba20-01,2026-08-25,手机,device,华为,1,G9plus,MLA,G9plus,统货,/,CNY/台,/,image,华为2.jpg,数码网报价单-0825更新/手机相关/华为2.jpg,1,1.0,visual_0825_source_crosschecked
20260825-08d6e843668e0aad9f1b-01,2026-08-25,手机,device,华为,2,G9,VNS,G9,开机靓好,26,CNY/台,开机屏好触摸好机外屏坏 外屏算屏坏,image,华为2.jpg,数码网报价单-0825更新/手机相关/华为2.jpg,1,1.0,visual_0825_source_crosschecked
20260825-46fb25db5460bc174536-01,2026-08-25,手机,device,华为,2,G9,VNS,G9,开机好碎,26,CNY/台,开机屏好触摸好机外屏坏 外屏算屏坏,image,华为2.jpg,数码网报价单-0825更新/手机相关/华为2.jpg,1,1.0,visual_0825_source_crosschecked
20260825-677620350a93b4582149-01,2026-08-25,手机,device,华为,2,G9,VNS,G9,开机碎屏,26,CNY/台,开机屏好触摸好机外屏坏 外屏算屏坏,image,华为2.jpg,数码网报价单-0825更新/手机相关/华为2.jpg,1,1.0,visual_0825_source_crosschecked
20260825-46e19e3946342c97ccc7-01,2026-08-25,手机,device,华为,2,G9,VNS,G9,开机坏配件,26,CNY/台,开机屏好触摸好机外屏坏 外屏算屏坏,image,华为2.jpg,数码网报价单-0825更新/手机相关/华为2.jpg,1,1.0,visual_0825_source_crosschecked
20260825-9ba1c98b0cb0240011ab-01,2026-08-25,手机,device,华为,2,G9,VNS,G9,不开机,26,CNY/台,开机屏好触摸好机外屏坏 外屏算屏坏,image,华为2.jpg,数码网报价单-0825更新/手机相关/华为2.jpg,1,1.0,visual_0825_source_crosschecked
20260825-c8e1e0406abefd6f9610-01,2026-08-25,手机,device,华为,2,G9,VNS,G9,废板·整机,26,CNY/台,开机屏好触摸好机外屏坏 外屏算屏坏,image,华为2.jpg,数码网报价单-0825更新/手机相关/华为2.jpg,1,1.0,visual_0825_source_crosschecked
20260825-1a8d3d6f6e8745795e46-01,2026-08-25,手机,device,华为,2,G9,VNS,G9,统货,/,CNY/台,开机屏好触摸好机外屏坏 外屏算屏坏,image,华为2.jpg,数码网报价单-0825更新/手机相关/华为2.jpg,1,1.0,visual_0825_source_crosschecked
20260825-5a7e7291372e18d31fed-01,2026-08-25,手机,device,华为,3,荣耀V9play,JMM,荣耀V9play,开机靓好,65,CNY/台,/,image,华为2.jpg,数码网报价单-0825更新/手机相关/华为2.jpg,1,1.0,visual_0825_source_crosschecked
20260825-132ed65976872af3f61f-01,2026-08-25,手机,device,华为,3,荣耀V9play,JMM,荣耀V9play,开机好碎,65,CNY/台,/,image,华为2.jpg,数码网报价单-0825更新/手机相关/华为2.jpg,1,1.0,visual_0825_source_crosschecked
20260825-f1ae0f1b6e929ed76516-01,2026-08-25,手机,device,华为,3,荣耀V9play,JMM,荣耀V9play,开机碎屏,65,CNY/台,/,image,华为2.jpg,数码网报价单-0825更新/手机相关/华为2.jpg,1,1.0,visual_0825_source_crosschecked
20260825-9704f32f036e04ef932a-01,2026-08-25,手机,device,华为,3,荣耀V9play,JMM,荣耀V9play,开机坏配件,65,CNY/台,/,image,华为2.jpg,数码网报价单-0825更新/手机相关/华为2.jpg,1,1.0,visual_0825_source_crosschecked
20260825-af1c26198bac25d57b91-01,2026-08-25,手机,device,华为,3,荣耀V9play,JMM,荣耀V9play,不开机,65,CNY/台,/,image,华为2.jpg,数码网报价单-0825更新/手机相关/华为2.jpg,1,1.0,visual_0825_source_crosschecked
20260825-85214831baa5038288d0-01,2026-08-25,手机,device,华为,3,荣耀V9play,JMM,荣耀V9play,废板·整机,65,CNY/台,/,image,华为2.jpg,数码网报价单-0825更新/手机相关/华为2.jpg,1,1.0,visual_0825_source_crosschecked
20260825-5726b4050f71d8fe9533-01,2026-08-25,手机,device,华为,3,荣耀V9play,JMM,荣耀V9play,统货,/,CNY/台,/,image,华为2.jpg,数码网报价单-0825更新/手机相关/华为2.jpg,1,1.0,visual_0825_source_crosschecked
20260825-b91f0d2442c226ea31dc-01,2026-08-25,手机,device,华为,4,P8青春电信,ALE-CL00,P8青春电信,开机靓好,23,CNY/台,/,image,华为2.jpg,数码网报价单-0825更新/手机相关/华为2.jpg,1,1.0,visual_0825_source_crosschecked
20260825-6b75d6146e9d91c56696-01,2026-08-25,手机,device,华为,4,P8青春电信,ALE-CL00,P8青春电信,开机好碎,23,CNY/台,/,image,华为2.jpg,数码网报价单-0825更新/手机相关/华为2.jpg,1,1.0,visual_0825_source_crosschecked
20260825-31c920dc210ff68a0c80-01,2026-08-25,手机,device,华为,4,P8青春电信,ALE-CL00,P8青春电信,开机碎屏,23,CNY/台,/,image,华为2.jpg,数码网报价单-0825更新/手机相关/华为2.jpg,1,1.0,visual_0825_source_crosschecked
20260825-2b705525d9a4ed11ddda-01,2026-08-25,手机,device,华为,4,P8青春电信,ALE-CL00,P8青春电信,开机坏配件,23,CNY/台,/,image,华为2.jpg,数码网报价单-0825更新/手机相关/华为2.jpg,1,1.0,visual_0825_source_crosschecked
20260825-0f1aff4625a3874c5242-01,2026-08-25,手机,device,华为,4,P8青春电信,ALE-CL00,P8青春电信,不开机,23,CNY/台,/,image,华为2.jpg,数码网报价单-0825更新/手机相关/华为2.jpg,1,1.0,visual_0825_source_crosschecked
20260825-0d82c1fa4127f7ea77c1-01,2026-08-25,手机,device,华为,4,P8青春电信,ALE-CL00,P8青春电信,废板·整机,23,CNY/台,/,image,华为2.jpg,数码网报价单-0825更新/手机相关/华为2.jpg,1,1.0,visual_0825_source_crosschecked
20260825-3ef00b2d3301bdae97f5-01,2026-08-25,手机,device,华为,4,P8青春电信,ALE-CL00,P8青春电信,统货,/,CNY/台,/,image,华为2.jpg,数码网报价单-0825更新/手机相关/华为2.jpg,1,1.0,visual_0825_source_crosschecked
20260825-7a6d7d23e7859a8feedc-01,2026-08-25,手机,device,华为,5,P8青春,ALE-TL00,P8青春,开机靓好,23,CNY/台,/,image,华为2.jpg,数码网报价单-0825更新/手机相关/华为2.jpg,1,1.0,visual_0825_source_crosschecked
20260825-1a2c3f1257cb6193a1db-01,2026-08-25,手机,device,华为,5,P8青春,ALE-TL00,P8青春,开机好碎,23,CNY/台,/,image,华为2.jpg,数码网报价单-0825更新/手机相关/华为2.jpg,1,1.0,visual_0825_source_crosschecked
20260825-759423aa0a7b04f6774c-01,2026-08-25,手机,device,华为,5,P8青春,ALE-TL00,P8青春,开机碎屏,23,CNY/台,/,image,华为2.jpg,数码网报价单-0825更新/手机相关/华为2.jpg,1,1.0,visual_0825_source_crosschecked
20260825-fdbbd8ad8beb2c380737-01,2026-08-25,手机,device,华为,5,P8青春,ALE-TL00,P8青春,开机坏配件,23,CNY/台,/,image,华为2.jpg,数码网报价单-0825更新/手机相关/华为2.jpg,1,1.0,visual_0825_source_crosschecked
20260825-903b2032ce24b37a042a-01,2026-08-25,手机,device,华为,5,P8青春,ALE-TL00,P8青春,不开机,23,CNY/台,/,image,华为2.jpg,数码网报价单-0825更新/手机相关/华为2.jpg,1,1.0,visual_0825_source_crosschecked
20260825-c9180e315b7d4b7ff05b-01,2026-08-25,手机,device,华为,5,P8青春,ALE-TL00,P8青春,废板·整机,23,CNY/台,/,image,华为2.jpg,数码网报价单-0825更新/手机相关/华为2.jpg,1,1.0,visual_0825_source_crosschecked
20260825-cee0d4ce5e4ac58b86f9-01,2026-08-25,手机,device,华为,5,P8青春,ALE-TL00,P8青春,统货,23,CNY/台,/,image,华为2.jpg,数码网报价单-0825更新/手机相关/华为2.jpg,1,1.0,visual_0825_source_crosschecked
20260825-736a4f7cfb6e3b7ab6b9-01,2026-08-25,手机,device,华为,6,P8max,703,P8max,开机靓好,30,CNY/台,/,image,华为2.jpg,数码网报价单-0825更新/手机相关/华为2.jpg,1,1.0,visual_0825_source_crosschecked
20260825-6f3559190c27a86cbc0b-01,2026-08-25,手机,device,华为,6,P8max,703,P8max,开机好碎,30,CNY/台,/,image,华为2.jpg,数码网报价单-0825更新/手机相关/华为2.jpg,1,1.0,visual_0825_source_crosschecked
20260825-93c9412c41e83636dfac-01,2026-08-25,手机,device,华为,6,P8max,703,P8max,开机碎屏,30,CNY/台,/,image,华为2.jpg,数码网报价单-0825更新/手机相关/华为2.jpg,1,1.0,visual_0825_source_crosschecked
20260825-153abe1cd67339f9d2ee-01,2026-08-25,手机,device,华为,6,P8max,703,P8max,开机坏配件,30,CNY/台,/,image,华为2.jpg,数码网报价单-0825更新/手机相关/华为2.jpg,1,1.0,visual_0825_source_crosschecked
20260825-089957cd4b86234086a0-01,2026-08-25,手机,device,华为,6,P8max,703,P8max,不开机,30,CNY/台,/,image,华为2.jpg,数码网报价单-0825更新/手机相关/华为2.jpg,1,1.0,visual_0825_source_crosschecked
20260825-ce5b768bde6e9c0bbbff-01,2026-08-25,手机,device,华为,6,P8max,703,P8max,废板·整机,30,CNY/台,/,image,华为2.jpg,数码网报价单-0825更新/手机相关/华为2.jpg,1,1.0,visual_0825_source_crosschecked
20260825-e474a92a6b23579250d1-01,2026-08-25,手机,device,华为,6,P8max,703,P8max,统货,/,CNY/台,/,image,华为2.jpg,数码网报价单-0825更新/手机相关/华为2.jpg,1,1.0,visual_0825_source_crosschecked
20260825-fc0177b552057683fef9-01,2026-08-25,手机,device,华为,1,P8标配,GRA,P8标配,开机靓好,30,CNY/台,/,image,华为2.jpg,数码网报价单-0825更新/手机相关/华为2.jpg,1,1.0,visual_0825_source_crosschecked
20260825-78786c69c1f45a3b7c09-01,2026-08-25,手机,device,华为,1,P8标配,GRA,P8标配,开机好碎,30,CNY/台,/,image,华为2.jpg,数码网报价单-0825更新/手机相关/华为2.jpg,1,1.0,visual_0825_source_crosschecked
20260825-fd461726de66fbdd616e-01,2026-08-25,手机,device,华为,1,P8标配,GRA,P8标配,开机碎屏,30,CNY/台,/,image,华为2.jpg,数码网报价单-0825更新/手机相关/华为2.jpg,1,1.0,visual_0825_source_crosschecked
20260825-c3540a1c1a501b1a690f-01,2026-08-25,手机,device,华为,1,P8标配,GRA,P8标配,开机坏配件,30,CNY/台,/,image,华为2.jpg,数码网报价单-0825更新/手机相关/华为2.jpg,1,1.0,visual_0825_source_crosschecked
20260825-1f7dd2ad1280f3b5d796-01,2026-08-25,手机,device,华为,1,P8标配,GRA,P8标配,不开机,30,CNY/台,/,image,华为2.jpg,数码网报价单-0825更新/手机相关/华为2.jpg,1,1.0,visual_0825_source_crosschecked
20260825-a94e1293ba76d68c6ab0-01,2026-08-25,手机,device,华为,1,P8标配,GRA,P8标配,废板·整机,30,CNY/台,/,image,华为2.jpg,数码网报价单-0825更新/手机相关/华为2.jpg,1,1.0,visual_0825_source_crosschecked
20260825-649c91ea0f0f4b2d1cbd-01,2026-08-25,手机,device,华为,1,P8标配,GRA,P8标配,统货,/,CNY/台,/,image,华为2.jpg,数码网报价单-0825更新/手机相关/华为2.jpg,1,1.0,visual_0825_source_crosschecked
20260825-b09f8b493f6b3e99ad95-01,2026-08-25,手机,device,华为,2,P8电信,GRA-CL00,P8电信,开机靓好,30,CNY/台,/,image,华为2.jpg,数码网报价单-0825更新/手机相关/华为2.jpg,1,1.0,visual_0825_source_crosschecked
20260825-7ab7fad931d292be301d-01,2026-08-25,手机,device,华为,2,P8电信,GRA-CL00,P8电信,开机好碎,30,CNY/台,/,image,华为2.jpg,数码网报价单-0825更新/手机相关/华为2.jpg,1,1.0,visual_0825_source_crosschecked
20260825-2ee03d603da46e9b0c0b-01,2026-08-25,手机,device,华为,2,P8电信,GRA-CL00,P8电信,开机碎屏,30,CNY/台,/,image,华为2.jpg,数码网报价单-0825更新/手机相关/华为2.jpg,1,1.0,visual_0825_source_crosschecked
20260825-0e19edf8b0ae15ba7e92-01,2026-08-25,手机,device,华为,2,P8电信,GRA-CL00,P8电信,开机坏配件,30,CNY/台,/,image,华为2.jpg,数码网报价单-0825更新/手机相关/华为2.jpg,1,1.0,visual_0825_source_crosschecked
20260825-59ebff832a73141b86dd-01,2026-08-25,手机,device,华为,2,P8电信,GRA-CL00,P8电信,不开机,30,CNY/台,/,image,华为2.jpg,数码网报价单-0825更新/手机相关/华为2.jpg,1,1.0,visual_0825_source_crosschecked
20260825-b3f1eef0d82cc40779cc-01,2026-08-25,手机,device,华为,2,P8电信,GRA-CL00,P8电信,废板·整机,30,CNY/台,/,image,华为2.jpg,数码网报价单-0825更新/手机相关/华为2.jpg,1,1.0,visual_0825_source_crosschecked
20260825-9feab9116a7da02d6948-01,2026-08-25,手机,device,华为,2,P8电信,GRA-CL00,P8电信,统货,/,CNY/台,/,image,华为2.jpg,数码网报价单-0825更新/手机相关/华为2.jpg,1,1.0,visual_0825_source_crosschecked
20260825-6da752ffcfff9ce66542-01,2026-08-25,手机,device,华为,3,畅享8e青春,DRA,畅享8e青春,开机靓好,45,CNY/台,开机屏好触摸好机外屏坏,image,华为2.jpg,数码网报价单-0825更新/手机相关/华为2.jpg,1,1.0,visual_0825_source_crosschecked
20260825-0636c89aaa5ee6c271f2-01,2026-08-25,手机,device,华为,3,畅享8e青春,DRA,畅享8e青春,开机好碎,45,CNY/台,开机屏好触摸好机外屏坏,image,华为2.jpg,数码网报价单-0825更新/手机相关/华为2.jpg,1,1.0,visual_0825_source_crosschecked
20260825-7a0fd41314a11cade278-01,2026-08-25,手机,device,华为,3,畅享8e青春,DRA,畅享8e青春,开机碎屏,45,CNY/台,开机屏好触摸好机外屏坏,image,华为2.jpg,数码网报价单-0825更新/手机相关/华为2.jpg,1,1.0,visual_0825_source_crosschecked
20260825-6eac2182884b1d09b360-01,2026-08-25,手机,device,华为,3,畅享8e青春,DRA,畅享8e青春,开机坏配件,45,CNY/台,开机屏好触摸好机外屏坏,image,华为2.jpg,数码网报价单-0825更新/手机相关/华为2.jpg,1,1.0,visual_0825_source_crosschecked
20260825-cf85845c7987db285550-01,2026-08-25,手机,device,华为,3,畅享8e青春,DRA,畅享8e青春,不开机,45,CNY/台,开机屏好触摸好机外屏坏,image,华为2.jpg,数码网报价单-0825更新/手机相关/华为2.jpg,1,1.0,visual_0825_source_crosschecked
20260825-254a370f652437a165e7-01,2026-08-25,手机,device,华为,3,畅享8e青春,DRA,畅享8e青春,废板·整机,45,CNY/台,开机屏好触摸好机外屏坏,image,华为2.jpg,数码网报价单-0825更新/手机相关/华为2.jpg,1,1.0,visual_0825_source_crosschecked
20260825-89ba7493802462db567e-01,2026-08-25,手机,device,华为,3,畅享8e青春,DRA,畅享8e青春,统货,/,CNY/台,开机屏好触摸好机外屏坏,image,华为2.jpg,数码网报价单-0825更新/手机相关/华为2.jpg,1,1.0,visual_0825_source_crosschecked
20260825-d404601b87135dd228e9-01,2026-08-25,手机,device,华为,4,C8818,C8818,C8818,开机靓好,25,CNY/台,/,image,华为2.jpg,数码网报价单-0825更新/手机相关/华为2.jpg,1,1.0,visual_0825_source_crosschecked
20260825-66616a43f7dd5256828a-01,2026-08-25,手机,device,华为,4,C8818,C8818,C8818,开机好碎,25,CNY/台,/,image,华为2.jpg,数码网报价单-0825更新/手机相关/华为2.jpg,1,1.0,visual_0825_source_crosschecked
20260825-58e2b778d01f2f901716-01,2026-08-25,手机,device,华为,4,C8818,C8818,C8818,开机碎屏,25,CNY/台,/,image,华为2.jpg,数码网报价单-0825更新/手机相关/华为2.jpg,1,1.0,visual_0825_source_crosschecked
20260825-94aa12de970ce45a3022-01,2026-08-25,手机,device,华为,4,C8818,C8818,C8818,开机坏配件,25,CNY/台,/,image,华为2.jpg,数码网报价单-0825更新/手机相关/华为2.jpg,1,1.0,visual_0825_source_crosschecked
20260825-f7cdf141cd00b08f1dce-01,2026-08-25,手机,device,华为,4,C8818,C8818,C8818,不开机,25,CNY/台,/,image,华为2.jpg,数码网报价单-0825更新/手机相关/华为2.jpg,1,1.0,visual_0825_source_crosschecked
20260825-2b5522b500350c5a8573-01,2026-08-25,手机,device,华为,4,C8818,C8818,C8818,废板·整机,25,CNY/台,/,image,华为2.jpg,数码网报价单-0825更新/手机相关/华为2.jpg,1,1.0,visual_0825_source_crosschecked
20260825-08bf92ffad9a26a6b22f-01,2026-08-25,手机,device,华为,4,C8818,C8818,C8818,统货,/,CNY/台,/,image,华为2.jpg,数码网报价单-0825更新/手机相关/华为2.jpg,1,1.0,visual_0825_source_crosschecked
20260825-78bf788b5b91a2c9ae67-01,2026-08-25,手机,device,华为,5,C8817L,C8817L,C8817L,开机靓好,10,CNY/台,单卡,image,华为2.jpg,数码网报价单-0825更新/手机相关/华为2.jpg,1,1.0,visual_0825_source_crosschecked
20260825-12beb2de2524ff17b167-01,2026-08-25,手机,device,华为,5,C8817L,C8817L,C8817L,开机好碎,10,CNY/台,单卡,image,华为2.jpg,数码网报价单-0825更新/手机相关/华为2.jpg,1,1.0,visual_0825_source_crosschecked
20260825-5c2b1c3ba706af6d2456-01,2026-08-25,手机,device,华为,5,C8817L,C8817L,C8817L,开机碎屏,10,CNY/台,单卡,image,华为2.jpg,数码网报价单-0825更新/手机相关/华为2.jpg,1,1.0,visual_0825_source_crosschecked
20260825-de838df9dd7932544739-01,2026-08-25,手机,device,华为,5,C8817L,C8817L,C8817L,开机坏配件,10,CNY/台,单卡,image,华为2.jpg,数码网报价单-0825更新/手机相关/华为2.jpg,1,1.0,visual_0825_source_crosschecked
20260825-815d2511a1083d1efbae-01,2026-08-25,手机,device,华为,5,C8817L,C8817L,C8817L,不开机,10,CNY/台,单卡,image,华为2.jpg,数码网报价单-0825更新/手机相关/华为2.jpg,1,1.0,visual_0825_source_crosschecked
20260825-7760cf3c7613d7873e89-01,2026-08-25,手机,device,华为,5,C8817L,C8817L,C8817L,废板·整机,10,CNY/台,单卡,image,华为2.jpg,数码网报价单-0825更新/手机相关/华为2.jpg,1,1.0,visual_0825_source_crosschecked
20260825-14d3695755609f383104-01,2026-08-25,手机,device,华为,5,C8817L,C8817L,C8817L,统货,/,CNY/台,单卡,image,华为2.jpg,数码网报价单-0825更新/手机相关/华为2.jpg,1,1.0,visual_0825_source_crosschecked
20260825-f19e7addd66b0fa67e58-01,2026-08-25,手机,device,华为,6,C8817D,C8817D,C8817D,开机靓好,12,CNY/台,双卡,image,华为2.jpg,数码网报价单-0825更新/手机相关/华为2.jpg,1,1.0,visual_0825_source_crosschecked
20260825-043984d6698fb2047f2b-01,2026-08-25,手机,device,华为,6,C8817D,C8817D,C8817D,开机好碎,12,CNY/台,双卡,image,华为2.jpg,数码网报价单-0825更新/手机相关/华为2.jpg,1,1.0,visual_0825_source_crosschecked
20260825-54aa5c46ac75f7c01631-01,2026-08-25,手机,device,华为,6,C8817D,C8817D,C8817D,开机碎屏,12,CNY/台,双卡,image,华为2.jpg,数码网报价单-0825更新/手机相关/华为2.jpg,1,1.0,visual_0825_source_crosschecked
20260825-1061332d53cfb1df18fd-01,2026-08-25,手机,device,华为,6,C8817D,C8817D,C8817D,开机坏配件,12,CNY/台,双卡,image,华为2.jpg,数码网报价单-0825更新/手机相关/华为2.jpg,1,1.0,visual_0825_source_crosschecked
20260825-e05d37a1fc97a55d734c-01,2026-08-25,手机,device,华为,6,C8817D,C8817D,C8817D,不开机,12,CNY/台,双卡,image,华为2.jpg,数码网报价单-0825更新/手机相关/华为2.jpg,1,1.0,visual_0825_source_crosschecked
20260825-db65cc5c26e73394edc5-01,2026-08-25,手机,device,华为,6,C8817D,C8817D,C8817D,废板·整机,12,CNY/台,双卡,image,华为2.jpg,数码网报价单-0825更新/手机相关/华为2.jpg,1,1.0,visual_0825_source_crosschecked
20260825-d39fe7e42df22f12db87-01,2026-08-25,手机,device,华为,6,C8817D,C8817D,C8817D,统货,/,CNY/台,双卡,image,华为2.jpg,数码网报价单-0825更新/手机相关/华为2.jpg,1,1.0,visual_0825_source_crosschecked
20260825-3b6cefd73cd04c789dea-01,2026-08-25,手机,device,华为,1,C8815、C8816,C8815、C8816,C8815、C8816,开机靓好,9,CNY/台,/,image,华为2.jpg,数码网报价单-0825更新/手机相关/华为2.jpg,1,1.0,visual_0825_source_crosschecked
20260825-5d278baa57caad15ed2d-01,2026-08-25,手机,device,华为,1,C8815、C8816,C8815、C8816,C8815、C8816,开机好碎,9,CNY/台,/,image,华为2.jpg,数码网报价单-0825更新/手机相关/华为2.jpg,1,1.0,visual_0825_source_crosschecked
20260825-a63e681a75c5ced5c06d-01,2026-08-25,手机,device,华为,1,C8815、C8816,C8815、C8816,C8815、C8816,开机碎屏,9,CNY/台,/,image,华为2.jpg,数码网报价单-0825更新/手机相关/华为2.jpg,1,1.0,visual_0825_source_crosschecked
20260825-9902462c347f549db6dc-01,2026-08-25,手机,device,华为,1,C8815、C8816,C8815、C8816,C8815、C8816,开机坏配件,9,CNY/台,/,image,华为2.jpg,数码网报价单-0825更新/手机相关/华为2.jpg,1,1.0,visual_0825_source_crosschecked
20260825-13e1389c226659559ff6-01,2026-08-25,手机,device,华为,1,C8815、C8816,C8815、C8816,C8815、C8816,不开机,9,CNY/台,/,image,华为2.jpg,数码网报价单-0825更新/手机相关/华为2.jpg,1,1.0,visual_0825_source_crosschecked
20260825-02d362943f4f501ba9f7-01,2026-08-25,手机,device,华为,1,C8815、C8816,C8815、C8816,C8815、C8816,废板·整机,9,CNY/台,/,image,华为2.jpg,数码网报价单-0825更新/手机相关/华为2.jpg,1,1.0,visual_0825_source_crosschecked
20260825-f25b1778cae9c5a0b986-01,2026-08-25,手机,device,华为,1,C8815、C8816,C8815、C8816,C8815、C8816,统货,/,CNY/台,/,image,华为2.jpg,数码网报价单-0825更新/手机相关/华为2.jpg,1,1.0,visual_0825_source_crosschecked
20260825-527d2f59ce0b0997c9ee-01,2026-08-25,手机,device,华为,2,G750,G750,G750,开机靓好,10,CNY/台,/,image,华为2.jpg,数码网报价单-0825更新/手机相关/华为2.jpg,1,1.0,visual_0825_source_crosschecked
20260825-5f0ba3e83a11413fa247-01,2026-08-25,手机,device,华为,2,G750,G750,G750,开机好碎,10,CNY/台,/,image,华为2.jpg,数码网报价单-0825更新/手机相关/华为2.jpg,1,1.0,visual_0825_source_crosschecked
20260825-b2ad24ec5853651222e4-01,2026-08-25,手机,device,华为,2,G750,G750,G750,开机碎屏,10,CNY/台,/,image,华为2.jpg,数码网报价单-0825更新/手机相关/华为2.jpg,1,1.0,visual_0825_source_crosschecked
20260825-54958bcd2c393f3fa89c-01,2026-08-25,手机,device,华为,2,G750,G750,G750,开机坏配件,10,CNY/台,/,image,华为2.jpg,数码网报价单-0825更新/手机相关/华为2.jpg,1,1.0,visual_0825_source_crosschecked
20260825-d233c8a8d03d69fe3fcb-01,2026-08-25,手机,device,华为,2,G750,G750,G750,不开机,10,CNY/台,/,image,华为2.jpg,数码网报价单-0825更新/手机相关/华为2.jpg,1,1.0,visual_0825_source_crosschecked
20260825-32fbbef4f4abe65dda65-01,2026-08-25,手机,device,华为,2,G750,G750,G750,废板·整机,10,CNY/台,/,image,华为2.jpg,数码网报价单-0825更新/手机相关/华为2.jpg,1,1.0,visual_0825_source_crosschecked
20260825-51a2abec61dade455473-01,2026-08-25,手机,device,华为,2,G750,G750,G750,统货,/,CNY/台,/,image,华为2.jpg,数码网报价单-0825更新/手机相关/华为2.jpg,1,1.0,visual_0825_source_crosschecked
20260825-d71205581ea26bf245a9-01,2026-08-25,手机,device,华为,3,G730,G730,G730,开机靓好,9,CNY/台,/,image,华为2.jpg,数码网报价单-0825更新/手机相关/华为2.jpg,1,1.0,visual_0825_source_crosschecked
20260825-81d528fc943ff94dbb9b-01,2026-08-25,手机,device,华为,3,G730,G730,G730,开机好碎,9,CNY/台,/,image,华为2.jpg,数码网报价单-0825更新/手机相关/华为2.jpg,1,1.0,visual_0825_source_crosschecked
