record_id,data_date,category,subtype,brand,series,model,model_code,alias,condition,price,unit,note,origin,source_image,source_path,verified,confidence,verification
20260825-666135013b0560bb42cd-01,2026-08-25,手机,device,诺基亚,诺基亚8系列,8910i彩屏,,,废板-整机,25,元/台,外壳明显磕碰变形算不开机,image_first_visual_crosscheck_high_similarity,诺基亚.jpg,/mnt/data/decoded2/需要获取数据与不需要获数据原文件/需要获取的图片正文数据/数码网报价单-0825更新/手机相关/诺基亚.jpg,1,0.995,visual_0825_vs_0831_pixel_crosscheck_and_header_structure
20260825-fa5e465c779d792d17a7-01,2026-08-25,手机,device,诺基亚,诺基亚8系列,8800s,,,开机屏好,200,元/台,屏幕无老化，功能正常,image_first_visual_crosscheck_high_similarity,诺基亚.jpg,/mnt/data/decoded2/需要获取数据与不需要获数据原文件/需要获取的图片正文数据/数码网报价单-0825更新/手机相关/诺基亚.jpg,1,0.995,visual_0825_vs_0831_pixel_crosscheck_and_header_structure
20260825-244be491107c1ade383a-01,2026-08-25,手机,device,诺基亚,诺基亚8系列,8800s,,,开机屏坏,50,元/台,屏幕无老化，功能正常,image_first_visual_crosscheck_high_similarity,诺基亚.jpg,/mnt/data/decoded2/需要获取数据与不需要获数据原文件/需要获取的图片正文数据/数码网报价单-0825更新/手机相关/诺基亚.jpg,1,0.995,visual_0825_vs_0831_pixel_crosscheck_and_header_structure
20260825-e89e623b9f4e37e6ab24-01,2026-08-25,手机,device,诺基亚,诺基亚8系列,8800s,,,不开机,50,元/台,屏幕无老化，功能正常,image_first_visual_crosscheck_high_similarity,诺基亚.jpg,/mnt/data/decoded2/需要获取数据与不需要获数据原文件/需要获取的图片正文数据/数码网报价单-0825更新/手机相关/诺基亚.jpg,1,0.995,visual_0825_vs_0831_pixel_crosscheck_and_header_structure
20260825-883dcf1c39a21dc5ec21-01,2026-08-25,手机,device,诺基亚,诺基亚8系列,8800s,,,不开机屏好,50,元/台,屏幕无老化，功能正常,image_first_visual_crosscheck_high_similarity,诺基亚.jpg,/mnt/data/decoded2/需要获取数据与不需要获数据原文件/需要获取的图片正文数据/数码网报价单-0825更新/手机相关/诺基亚.jpg,1,0.995,visual_0825_vs_0831_pixel_crosscheck_and_header_structure
20260825-12279dde320420247d7a-01,2026-08-25,手机,device,诺基亚,诺基亚8系列,8800s,,,废板-整机,20,元/台,屏幕无老化，功能正常,image_first_visual_crosscheck_high_similarity,诺基亚.jpg,/mnt/data/decoded2/需要获取数据与不需要获数据原文件/需要获取的图片正文数据/数码网报价单-0825更新/手机相关/诺基亚.jpg,1,0.995,visual_0825_vs_0831_pixel_crosscheck_and_header_structure
20260825-c4996729b38040f6a683-01,2026-08-25,手机,device,诺基亚,诺基亚8系列,8800E 4GB白金版,,,开机屏好,700,元/台,没后盖扣200，外观不靓扣300,image_first_visual_crosscheck_high_similarity,诺基亚.jpg,/mnt/data/decoded2/需要获取数据与不需要获数据原文件/需要获取的图片正文数据/数码网报价单-0825更新/手机相关/诺基亚.jpg,1,0.995,visual_0825_vs_0831_pixel_crosscheck_and_header_structure
20260825-af2b99b5563447611d2f-01,2026-08-25,手机,device,诺基亚,诺基亚8系列,8800E 4GB白金版,,,开机屏坏,300,元/台,没后盖扣200，外观不靓扣300,image_first_visual_crosscheck_high_similarity,诺基亚.jpg,/mnt/data/decoded2/需要获取数据与不需要获数据原文件/需要获取的图片正文数据/数码网报价单-0825更新/手机相关/诺基亚.jpg,1,0.995,visual_0825_vs_0831_pixel_crosscheck_and_header_structure
20260825-765c4f04bd7a4ea139a9-01,2026-08-25,手机,device,诺基亚,诺基亚8系列,8800E 4GB白金版,,,不开机,50,元/台,没后盖扣200，外观不靓扣300,image_first_visual_crosscheck_high_similarity,诺基亚.jpg,/mnt/data/decoded2/需要获取数据与不需要获数据原文件/需要获取的图片正文数据/数码网报价单-0825更新/手机相关/诺基亚.jpg,1,0.995,visual_0825_vs_0831_pixel_crosscheck_and_header_structure
20260825-791200e82534cc454f9e-01,2026-08-25,手机,device,诺基亚,诺基亚8系列,8800E 4GB白金版,,,不开机屏好,100,元/台,没后盖扣200，外观不靓扣300,image_first_visual_crosscheck_high_similarity,诺基亚.jpg,/mnt/data/decoded2/需要获取数据与不需要获数据原文件/需要获取的图片正文数据/数码网报价单-0825更新/手机相关/诺基亚.jpg,1,0.995,visual_0825_vs_0831_pixel_crosscheck_and_header_structure
20260825-72e4ee56b0e79140fe77-01,2026-08-25,手机,device,诺基亚,诺基亚8系列,8800E 4GB白金版,,,废板-整机,30,元/台,没后盖扣200，外观不靓扣300,image_first_visual_crosscheck_high_similarity,诺基亚.jpg,/mnt/data/decoded2/需要获取数据与不需要获数据原文件/需要获取的图片正文数据/数码网报价单-0825更新/手机相关/诺基亚.jpg,1,0.995,visual_0825_vs_0831_pixel_crosscheck_and_header_structure
20260825-1c0580e5d2a7bd99fde1-01,2026-08-25,手机,device,诺基亚,诺基亚8系列,8800e 4GB,,,开机屏好,500,元/台,屏幕无老化背光，主板功能正常,image_first_visual_crosscheck_high_similarity,诺基亚.jpg,/mnt/data/decoded2/需要获取数据与不需要获数据原文件/需要获取的图片正文数据/数码网报价单-0825更新/手机相关/诺基亚.jpg,1,0.995,visual_0825_vs_0831_pixel_crosscheck_and_header_structure
20260825-211c4c9f83adeeb0ae9b-01,2026-08-25,手机,device,诺基亚,诺基亚8系列,8800e 4GB,,,开机屏坏,200,元/台,屏幕无老化背光，主板功能正常,image_first_visual_crosscheck_high_similarity,诺基亚.jpg,/mnt/data/decoded2/需要获取数据与不需要获数据原文件/需要获取的图片正文数据/数码网报价单-0825更新/手机相关/诺基亚.jpg,1,0.995,visual_0825_vs_0831_pixel_crosscheck_and_header_structure
20260825-ea1a63457710eca306e6-01,2026-08-25,手机,device,诺基亚,诺基亚8系列,8800e 4GB,,,不开机,80,元/台,屏幕无老化背光，主板功能正常,image_first_visual_crosscheck_high_similarity,诺基亚.jpg,/mnt/data/decoded2/需要获取数据与不需要获数据原文件/需要获取的图片正文数据/数码网报价单-0825更新/手机相关/诺基亚.jpg,1,0.995,visual_0825_vs_0831_pixel_crosscheck_and_header_structure
20260825-a641395b4a37566d4ce1-01,2026-08-25,手机,device,诺基亚,诺基亚8系列,8800e 4GB,,,不开机屏好,200,元/台,屏幕无老化背光，主板功能正常,image_first_visual_crosscheck_high_similarity,诺基亚.jpg,/mnt/data/decoded2/需要获取数据与不需要获数据原文件/需要获取的图片正文数据/数码网报价单-0825更新/手机相关/诺基亚.jpg,1,0.995,visual_0825_vs_0831_pixel_crosscheck_and_header_structure
20260825-0b96da4c5e560c2f3a57-01,2026-08-25,手机,device,诺基亚,诺基亚8系列,8800e 4GB,,,废板-整机,30,元/台,屏幕无老化背光，主板功能正常,image_first_visual_crosscheck_high_similarity,诺基亚.jpg,/mnt/data/decoded2/需要获取数据与不需要获数据原文件/需要获取的图片正文数据/数码网报价单-0825更新/手机相关/诺基亚.jpg,1,0.995,visual_0825_vs_0831_pixel_crosscheck_and_header_structure
20260825-07703f7672613757c939-01,2026-08-25,手机,device,诺基亚,诺基亚8系列,8800e 1GB,,,开机屏好,400,元/台,屏幕无老化背光，功能正常,image_first_visual_crosscheck_high_similarity,诺基亚.jpg,/mnt/data/decoded2/需要获取数据与不需要获数据原文件/需要获取的图片正文数据/数码网报价单-0825更新/手机相关/诺基亚.jpg,1,0.995,visual_0825_vs_0831_pixel_crosscheck_and_header_structure
20260825-dc439e85ead55338983f-01,2026-08-25,手机,device,诺基亚,诺基亚8系列,8800e 1GB,,,开机屏坏,150,元/台,屏幕无老化背光，功能正常,image_first_visual_crosscheck_high_similarity,诺基亚.jpg,/mnt/data/decoded2/需要获取数据与不需要获数据原文件/需要获取的图片正文数据/数码网报价单-0825更新/手机相关/诺基亚.jpg,1,0.995,visual_0825_vs_0831_pixel_crosscheck_and_header_structure
20260825-d713792e75da9d7d0c12-01,2026-08-25,手机,device,诺基亚,诺基亚8系列,8800e 1GB,,,不开机,100,元/台,屏幕无老化背光，功能正常,image_first_visual_crosscheck_high_similarity,诺基亚.jpg,/mnt/data/decoded2/需要获取数据与不需要获数据原文件/需要获取的图片正文数据/数码网报价单-0825更新/手机相关/诺基亚.jpg,1,0.995,visual_0825_vs_0831_pixel_crosscheck_and_header_structure
20260825-4212bc988a553fbea414-01,2026-08-25,手机,device,诺基亚,诺基亚8系列,8800e 1GB,,,不开机屏好,50,元/台,屏幕无老化背光，功能正常,image_first_visual_crosscheck_high_similarity,诺基亚.jpg,/mnt/data/decoded2/需要获取数据与不需要获数据原文件/需要获取的图片正文数据/数码网报价单-0825更新/手机相关/诺基亚.jpg,1,0.995,visual_0825_vs_0831_pixel_crosscheck_and_header_structure
20260825-10484f393eef6d5e0463-01,2026-08-25,手机,device,诺基亚,诺基亚8系列,8800e 1GB,,,废板-整机,30,元/台,屏幕无老化背光，功能正常,image_first_visual_crosscheck_high_similarity,诺基亚.jpg,/mnt/data/decoded2/需要获取数据与不需要获数据原文件/需要获取的图片正文数据/数码网报价单-0825更新/手机相关/诺基亚.jpg,1,0.995,visual_0825_vs_0831_pixel_crosscheck_and_header_structure
20260825-692cefbc63395b9bf1ee-01,2026-08-25,手机,device,诺基亚,诺基亚经典系列,8800d,,,开机屏好,60,元/台,,image_first_visual_crosscheck_high_similarity,诺基亚.jpg,/mnt/data/decoded2/需要获取数据与不需要获数据原文件/需要获取的图片正文数据/数码网报价单-0825更新/手机相关/诺基亚.jpg,1,0.995,visual_0825_vs_0831_pixel_crosscheck_and_header_structure
20260825-1c4e8158304f7224dabe-01,2026-08-25,手机,device,诺基亚,诺基亚经典系列,8800d,,,开机屏坏,30,元/台,,image_first_visual_crosscheck_high_similarity,诺基亚.jpg,/mnt/data/decoded2/需要获取数据与不需要获数据原文件/需要获取的图片正文数据/数码网报价单-0825更新/手机相关/诺基亚.jpg,1,0.995,visual_0825_vs_0831_pixel_crosscheck_and_header_structure
20260825-5d515fc2b683db1a077f-01,2026-08-25,手机,device,诺基亚,诺基亚经典系列,8800d,,,不开机,30,元/台,,image_first_visual_crosscheck_high_similarity,诺基亚.jpg,/mnt/data/decoded2/需要获取数据与不需要获数据原文件/需要获取的图片正文数据/数码网报价单-0825更新/手机相关/诺基亚.jpg,1,0.995,visual_0825_vs_0831_pixel_crosscheck_and_header_structure
20260825-a77d09a3e18686726c37-01,2026-08-25,手机,device,诺基亚,诺基亚经典系列,8800d,,,不开机屏好,30,元/台,,image_first_visual_crosscheck_high_similarity,诺基亚.jpg,/mnt/data/decoded2/需要获取数据与不需要获数据原文件/需要获取的图片正文数据/数码网报价单-0825更新/手机相关/诺基亚.jpg,1,0.995,visual_0825_vs_0831_pixel_crosscheck_and_header_structure
20260825-769850816a1ed2acd413-01,2026-08-25,手机,device,诺基亚,诺基亚经典系列,8800d,,,废板-整机,10,元/台,,image_first_visual_crosscheck_high_similarity,诺基亚.jpg,/mnt/data/decoded2/需要获取数据与不需要获数据原文件/需要获取的图片正文数据/数码网报价单-0825更新/手机相关/诺基亚.jpg,1,0.995,visual_0825_vs_0831_pixel_crosscheck_and_header_structure
20260825-44fad796c8e0741d11ca-01,2026-08-25,手机,device,诺基亚,诺基亚经典系列,8800a黄金版,,,开机屏好,200,元/台,,image_first_visual_crosscheck_high_similarity,诺基亚.jpg,/mnt/data/decoded2/需要获取数据与不需要获数据原文件/需要获取的图片正文数据/数码网报价单-0825更新/手机相关/诺基亚.jpg,1,0.995,visual_0825_vs_0831_pixel_crosscheck_and_header_structure
20260825-1fcaf9a5e98daf42202c-01,2026-08-25,手机,device,诺基亚,诺基亚经典系列,8800a黄金版,,,开机屏坏,100,元/台,,image_first_visual_crosscheck_high_similarity,诺基亚.jpg,/mnt/data/decoded2/需要获取数据与不需要获数据原文件/需要获取的图片正文数据/数码网报价单-0825更新/手机相关/诺基亚.jpg,1,0.995,visual_0825_vs_0831_pixel_crosscheck_and_header_structure
20260825-7fc5af0df54e698d5b12-01,2026-08-25,手机,device,诺基亚,诺基亚经典系列,8800a黄金版,,,不开机,40,元/台,,image_first_visual_crosscheck_high_similarity,诺基亚.jpg,/mnt/data/decoded2/需要获取数据与不需要获数据原文件/需要获取的图片正文数据/数码网报价单-0825更新/手机相关/诺基亚.jpg,1,0.995,visual_0825_vs_0831_pixel_crosscheck_and_header_structure
20260825-939b05f2cfa6383db55c-01,2026-08-25,手机,device,诺基亚,诺基亚经典系列,8800a黄金版,,,不开机屏好,80,元/台,,image_first_visual_crosscheck_high_similarity,诺基亚.jpg,/mnt/data/decoded2/需要获取数据与不需要获数据原文件/需要获取的图片正文数据/数码网报价单-0825更新/手机相关/诺基亚.jpg,1,0.995,visual_0825_vs_0831_pixel_crosscheck_and_header_structure
20260825-50ad4ee64f2a1652d538-01,2026-08-25,手机,device,诺基亚,诺基亚经典系列,8800a黄金版,,,废板-整机,40,元/台,,image_first_visual_crosscheck_high_similarity,诺基亚.jpg,/mnt/data/decoded2/需要获取数据与不需要获数据原文件/需要获取的图片正文数据/数码网报价单-0825更新/手机相关/诺基亚.jpg,1,0.995,visual_0825_vs_0831_pixel_crosscheck_and_header_structure
20260825-fe9d4c98eccc740a2426-01,2026-08-25,手机,device,诺基亚,诺基亚经典系列,8800a,,,开机屏好,200,元/台,,image_first_visual_crosscheck_high_similarity,诺基亚.jpg,/mnt/data/decoded2/需要获取数据与不需要获数据原文件/需要获取的图片正文数据/数码网报价单-0825更新/手机相关/诺基亚.jpg,1,0.995,visual_0825_vs_0831_pixel_crosscheck_and_header_structure
20260825-caaaf453df20ec25a7bb-01,2026-08-25,手机,device,诺基亚,诺基亚经典系列,8800a,,,开机屏坏,100,元/台,,image_first_visual_crosscheck_high_similarity,诺基亚.jpg,/mnt/data/decoded2/需要获取数据与不需要获数据原文件/需要获取的图片正文数据/数码网报价单-0825更新/手机相关/诺基亚.jpg,1,0.995,visual_0825_vs_0831_pixel_crosscheck_and_header_structure
20260825-728e6b02b309b4b7b19c-01,2026-08-25,手机,device,诺基亚,诺基亚经典系列,8800a,,,不开机,40,元/台,,image_first_visual_crosscheck_high_similarity,诺基亚.jpg,/mnt/data/decoded2/需要获取数据与不需要获数据原文件/需要获取的图片正文数据/数码网报价单-0825更新/手机相关/诺基亚.jpg,1,0.995,visual_0825_vs_0831_pixel_crosscheck_and_header_structure
20260825-0760783c43a453a3087b-01,2026-08-25,手机,device,诺基亚,诺基亚经典系列,8800a,,,不开机屏好,100,元/台,,image_first_visual_crosscheck_high_similarity,诺基亚.jpg,/mnt/data/decoded2/需要获取数据与不需要获数据原文件/需要获取的图片正文数据/数码网报价单-0825更新/手机相关/诺基亚.jpg,1,0.995,visual_0825_vs_0831_pixel_crosscheck_and_header_structure
20260825-55a1381be896564311e9-01,2026-08-25,手机,device,诺基亚,诺基亚经典系列,8800a,,,废板-整机,30,元/台,,image_first_visual_crosscheck_high_similarity,诺基亚.jpg,/mnt/data/decoded2/需要获取数据与不需要获数据原文件/需要获取的图片正文数据/数码网报价单-0825更新/手机相关/诺基亚.jpg,1,0.995,visual_0825_vs_0831_pixel_crosscheck_and_header_structure
20260825-81e070b623f862f220fd-01,2026-08-25,手机,device,诺基亚,诺基亚经典系列,8800,,,开机屏好,40,元/台,,image_first_visual_crosscheck_high_similarity,诺基亚.jpg,/mnt/data/decoded2/需要获取数据与不需要获数据原文件/需要获取的图片正文数据/数码网报价单-0825更新/手机相关/诺基亚.jpg,1,0.995,visual_0825_vs_0831_pixel_crosscheck_and_header_structure
20260825-47cd623ceeeb7607c0f0-01,2026-08-25,手机,device,诺基亚,诺基亚经典系列,8800,,,开机屏坏,15,元/台,,image_first_visual_crosscheck_high_similarity,诺基亚.jpg,/mnt/data/decoded2/需要获取数据与不需要获数据原文件/需要获取的图片正文数据/数码网报价单-0825更新/手机相关/诺基亚.jpg,1,0.995,visual_0825_vs_0831_pixel_crosscheck_and_header_structure
20260825-bda083d04e02b9c856e0-01,2026-08-25,手机,device,诺基亚,诺基亚经典系列,8800,,,不开机,15,元/台,,image_first_visual_crosscheck_high_similarity,诺基亚.jpg,/mnt/data/decoded2/需要获取数据与不需要获数据原文件/需要获取的图片正文数据/数码网报价单-0825更新/手机相关/诺基亚.jpg,1,0.995,visual_0825_vs_0831_pixel_crosscheck_and_header_structure
20260825-31d00fd073650bd2813b-01,2026-08-25,手机,device,诺基亚,诺基亚经典系列,8800,,,不开机屏好,15,元/台,,image_first_visual_crosscheck_high_similarity,诺基亚.jpg,/mnt/data/decoded2/需要获取数据与不需要获数据原文件/需要获取的图片正文数据/数码网报价单-0825更新/手机相关/诺基亚.jpg,1,0.995,visual_0825_vs_0831_pixel_crosscheck_and_header_structure
20260825-d04e34d23747d8fbfc36-01,2026-08-25,手机,device,诺基亚,诺基亚经典系列,8800,,,废板-整机,10,元/台,,image_first_visual_crosscheck_high_similarity,诺基亚.jpg,/mnt/data/decoded2/需要获取数据与不需要获数据原文件/需要获取的图片正文数据/数码网报价单-0825更新/手机相关/诺基亚.jpg,1,0.995,visual_0825_vs_0831_pixel_crosscheck_and_header_structure
20260825-45b441993de46cf7c69a-01,2026-08-25,手机,device,诺基亚,诺基亚经典系列,8600,,,开机屏好,30,元/台,,image_first_visual_crosscheck_high_similarity,诺基亚.jpg,/mnt/data/decoded2/需要获取数据与不需要获数据原文件/需要获取的图片正文数据/数码网报价单-0825更新/手机相关/诺基亚.jpg,1,0.995,visual_0825_vs_0831_pixel_crosscheck_and_header_structure
20260825-d83aec41e17da7b7119e-01,2026-08-25,手机,device,诺基亚,诺基亚经典系列,8600,,,开机屏坏,30,元/台,,image_first_visual_crosscheck_high_similarity,诺基亚.jpg,/mnt/data/decoded2/需要获取数据与不需要获数据原文件/需要获取的图片正文数据/数码网报价单-0825更新/手机相关/诺基亚.jpg,1,0.995,visual_0825_vs_0831_pixel_crosscheck_and_header_structure
20260825-18214960b21bff7fd2f9-01,2026-08-25,手机,device,诺基亚,诺基亚经典系列,8600,,,不开机,30,元/台,,image_first_visual_crosscheck_high_similarity,诺基亚.jpg,/mnt/data/decoded2/需要获取数据与不需要获数据原文件/需要获取的图片正文数据/数码网报价单-0825更新/手机相关/诺基亚.jpg,1,0.995,visual_0825_vs_0831_pixel_crosscheck_and_header_structure
20260825-ae4652037f9cce15dd0e-01,2026-08-25,手机,device,诺基亚,诺基亚经典系列,8600,,,不开机屏好,30,元/台,,image_first_visual_crosscheck_high_similarity,诺基亚.jpg,/mnt/data/decoded2/需要获取数据与不需要获数据原文件/需要获取的图片正文数据/数码网报价单-0825更新/手机相关/诺基亚.jpg,1,0.995,visual_0825_vs_0831_pixel_crosscheck_and_header_structure
20260825-dd74f754077bf0a2de78-01,2026-08-25,手机,device,诺基亚,诺基亚经典系列,8600,,,废板-整机,7,元/台,,image_first_visual_crosscheck_high_similarity,诺基亚.jpg,/mnt/data/decoded2/需要获取数据与不需要获数据原文件/需要获取的图片正文数据/数码网报价单-0825更新/手机相关/诺基亚.jpg,1,0.995,visual_0825_vs_0831_pixel_crosscheck_and_header_structure
20260825-cacfbc7844afba3173bc-01,2026-08-25,手机,device,诺基亚,诺基亚经典系列,800（三防手机）,,,开机屏好,130,元/台,,image_first_visual_crosscheck_high_similarity,诺基亚.jpg,/mnt/data/decoded2/需要获取数据与不需要获数据原文件/需要获取的图片正文数据/数码网报价单-0825更新/手机相关/诺基亚.jpg,1,0.995,visual_0825_vs_0831_pixel_crosscheck_and_header_structure
20260825-6e05bdca623315d91f0a-01,2026-08-25,手机,device,诺基亚,诺基亚经典系列,800（三防手机）,,,开机屏坏,30,元/台,,image_first_visual_crosscheck_high_similarity,诺基亚.jpg,/mnt/data/decoded2/需要获取数据与不需要获数据原文件/需要获取的图片正文数据/数码网报价单-0825更新/手机相关/诺基亚.jpg,1,0.995,visual_0825_vs_0831_pixel_crosscheck_and_header_structure
20260825-933921d0370b217f55f2-01,2026-08-25,手机,device,诺基亚,诺基亚经典系列,800（三防手机）,,,不开机,10,元/台,,image_first_visual_crosscheck_high_similarity,诺基亚.jpg,/mnt/data/decoded2/需要获取数据与不需要获数据原文件/需要获取的图片正文数据/数码网报价单-0825更新/手机相关/诺基亚.jpg,1,0.995,visual_0825_vs_0831_pixel_crosscheck_and_header_structure
20260825-aa3160f16089c7583c1b-01,2026-08-25,手机,device,诺基亚,诺基亚经典系列,800（三防手机）,,,不开机屏好,10,元/台,,image_first_visual_crosscheck_high_similarity,诺基亚.jpg,/mnt/data/decoded2/需要获取数据与不需要获数据原文件/需要获取的图片正文数据/数码网报价单-0825更新/手机相关/诺基亚.jpg,1,0.995,visual_0825_vs_0831_pixel_crosscheck_and_header_structure
20260825-b85c6804d9c8fa266114-01,2026-08-25,手机,device,诺基亚,诺基亚经典系列,800（三防手机）,,,废板-整机,10,元/台,,image_first_visual_crosscheck_high_similarity,诺基亚.jpg,/mnt/data/decoded2/需要获取数据与不需要获数据原文件/需要获取的图片正文数据/数码网报价单-0825更新/手机相关/诺基亚.jpg,1,0.995,visual_0825_vs_0831_pixel_crosscheck_and_header_structure
20260825-fc0743ccc942021513c8-01,2026-08-25,手机,device,诺基亚,经典数字/经典机,7900,,,开机屏好,50,元/台,,image_first_visual_crosscheck_high_similarity,诺基亚.jpg,/mnt/data/decoded2/需要获取数据与不需要获数据原文件/需要获取的图片正文数据/数码网报价单-0825更新/手机相关/诺基亚.jpg,1,0.995,visual_0825_vs_0831_pixel_crosscheck_and_header_structure
20260825-89a86f49a98411220ce9-01,2026-08-25,手机,device,诺基亚,经典数字/经典机,7900,,,开机屏坏,7,元/台,,image_first_visual_crosscheck_high_similarity,诺基亚.jpg,/mnt/data/decoded2/需要获取数据与不需要获数据原文件/需要获取的图片正文数据/数码网报价单-0825更新/手机相关/诺基亚.jpg,1,0.995,visual_0825_vs_0831_pixel_crosscheck_and_header_structure
20260825-a8383de5e5a46d97c60a-01,2026-08-25,手机,device,诺基亚,经典数字/经典机,7900,,,不开机,7,元/台,,image_first_visual_crosscheck_high_similarity,诺基亚.jpg,/mnt/data/decoded2/需要获取数据与不需要获数据原文件/需要获取的图片正文数据/数码网报价单-0825更新/手机相关/诺基亚.jpg,1,0.995,visual_0825_vs_0831_pixel_crosscheck_and_header_structure
20260825-b6676ac616fd8234933d-01,2026-08-25,手机,device,诺基亚,经典数字/经典机,7900,,,不开机屏好,7,元/台,,image_first_visual_crosscheck_high_similarity,诺基亚.jpg,/mnt/data/decoded2/需要获取数据与不需要获数据原文件/需要获取的图片正文数据/数码网报价单-0825更新/手机相关/诺基亚.jpg,1,0.995,visual_0825_vs_0831_pixel_crosscheck_and_header_structure
20260825-012816aaeb4f5da4faf2-01,2026-08-25,手机,device,诺基亚,经典数字/经典机,7900,,,废板-整机,7,元/台,,image_first_visual_crosscheck_high_similarity,诺基亚.jpg,/mnt/data/decoded2/需要获取数据与不需要获数据原文件/需要获取的图片正文数据/数码网报价单-0825更新/手机相关/诺基亚.jpg,1,0.995,visual_0825_vs_0831_pixel_crosscheck_and_header_structure
20260825-ceb6e54061cb678fa73f-01,2026-08-25,手机,device,诺基亚,经典数字/经典机,6700c,,,开机屏好,20,元/台,,image_first_visual_crosscheck_high_similarity,诺基亚.jpg,/mnt/data/decoded2/需要获取数据与不需要获数据原文件/需要获取的图片正文数据/数码网报价单-0825更新/手机相关/诺基亚.jpg,1,0.995,visual_0825_vs_0831_pixel_crosscheck_and_header_structure
20260825-52757d05fd56042a6b58-01,2026-08-25,手机,device,诺基亚,经典数字/经典机,6700c,,,开机屏坏,20,元/台,,image_first_visual_crosscheck_high_similarity,诺基亚.jpg,/mnt/data/decoded2/需要获取数据与不需要获数据原文件/需要获取的图片正文数据/数码网报价单-0825更新/手机相关/诺基亚.jpg,1,0.995,visual_0825_vs_0831_pixel_crosscheck_and_header_structure
20260825-eb62d86bd7b66173b93c-01,2026-08-25,手机,device,诺基亚,经典数字/经典机,6700c,,,不开机,20,元/台,,image_first_visual_crosscheck_high_similarity,诺基亚.jpg,/mnt/data/decoded2/需要获取数据与不需要获数据原文件/需要获取的图片正文数据/数码网报价单-0825更新/手机相关/诺基亚.jpg,1,0.995,visual_0825_vs_0831_pixel_crosscheck_and_header_structure
20260825-4cb91e640d8fe2b20656-01,2026-08-25,手机,device,诺基亚,经典数字/经典机,6700c,,,不开机屏好,20,元/台,,image_first_visual_crosscheck_high_similarity,诺基亚.jpg,/mnt/data/decoded2/需要获取数据与不需要获数据原文件/需要获取的图片正文数据/数码网报价单-0825更新/手机相关/诺基亚.jpg,1,0.995,visual_0825_vs_0831_pixel_crosscheck_and_header_structure
20260825-46db19111fb86f875a92-01,2026-08-25,手机,device,诺基亚,经典数字/经典机,6700c,,,废板-整机,10,元/台,,image_first_visual_crosscheck_high_similarity,诺基亚.jpg,/mnt/data/decoded2/需要获取数据与不需要获数据原文件/需要获取的图片正文数据/数码网报价单-0825更新/手机相关/诺基亚.jpg,1,0.995,visual_0825_vs_0831_pixel_crosscheck_and_header_structure
20260825-c0065a52b5ae5ccb353b-01,2026-08-25,手机,device,诺基亚,经典数字/经典机,6第二代,,,开机屏好,30,元/台,,image_first_visual_crosscheck_high_similarity,诺基亚.jpg,/mnt/data/decoded2/需要获取数据与不需要获数据原文件/需要获取的图片正文数据/数码网报价单-0825更新/手机相关/诺基亚.jpg,1,0.995,visual_0825_vs_0831_pixel_crosscheck_and_header_structure
20260825-daf9f4ab259275b30ba4-01,2026-08-25,手机,device,诺基亚,经典数字/经典机,6第二代,,,开机屏坏,30,元/台,,image_first_visual_crosscheck_high_similarity,诺基亚.jpg,/mnt/data/decoded2/需要获取数据与不需要获数据原文件/需要获取的图片正文数据/数码网报价单-0825更新/手机相关/诺基亚.jpg,1,0.995,visual_0825_vs_0831_pixel_crosscheck_and_header_structure
20260825-edef7b95a5c961d939a8-01,2026-08-25,手机,device,诺基亚,经典数字/经典机,6第二代,,,不开机,30,元/台,,image_first_visual_crosscheck_high_similarity,诺基亚.jpg,/mnt/data/decoded2/需要获取数据与不需要获数据原文件/需要获取的图片正文数据/数码网报价单-0825更新/手机相关/诺基亚.jpg,1,0.995,visual_0825_vs_0831_pixel_crosscheck_and_header_structure
20260825-c654e14694cd9857381a-01,2026-08-25,手机,device,诺基亚,经典数字/经典机,6第二代,,,不开机屏好,30,元/台,,image_first_visual_crosscheck_high_similarity,诺基亚.jpg,/mnt/data/decoded2/需要获取数据与不需要获数据原文件/需要获取的图片正文数据/数码网报价单-0825更新/手机相关/诺基亚.jpg,1,0.995,visual_0825_vs_0831_pixel_crosscheck_and_header_structure
20260825-ab8070ace2ace4f130a8-01,2026-08-25,手机,device,诺基亚,经典数字/经典机,6第二代,,,废板-整机,20,元/台,,image_first_visual_crosscheck_high_similarity,诺基亚.jpg,/mnt/data/decoded2/需要获取数据与不需要获数据原文件/需要获取的图片正文数据/数码网报价单-0825更新/手机相关/诺基亚.jpg,1,0.995,visual_0825_vs_0831_pixel_crosscheck_and_header_structure
20260825-e9abc01b7ce516412eb5-01,2026-08-25,手机,device,诺基亚,经典数字/经典机,1148 越南版,,,开机屏好,50,元/台,,image_first_visual_crosscheck_high_similarity,诺基亚.jpg,/mnt/data/decoded2/需要获取数据与不需要获数据原文件/需要获取的图片正文数据/数码网报价单-0825更新/手机相关/诺基亚.jpg,1,0.995,visual_0825_vs_0831_pixel_crosscheck_and_header_structure
20260825-45d59e34e44c03323c46-01,2026-08-25,手机,device,诺基亚,经典数字/经典机,1148 越南版,,,开机屏坏,15,元/台,,image_first_visual_crosscheck_high_similarity,诺基亚.jpg,/mnt/data/decoded2/需要获取数据与不需要获数据原文件/需要获取的图片正文数据/数码网报价单-0825更新/手机相关/诺基亚.jpg,1,0.995,visual_0825_vs_0831_pixel_crosscheck_and_header_structure
20260825-25f504b222250c013d19-01,2026-08-25,手机,device,诺基亚,经典数字/经典机,1148 越南版,,,不开机,7,元/台,,image_first_visual_crosscheck_high_similarity,诺基亚.jpg,/mnt/data/decoded2/需要获取数据与不需要获数据原文件/需要获取的图片正文数据/数码网报价单-0825更新/手机相关/诺基亚.jpg,1,0.995,visual_0825_vs_0831_pixel_crosscheck_and_header_structure
20260825-d8fbab171fbff3f71276-01,2026-08-25,手机,device,诺基亚,经典数字/经典机,1148 越南版,,,不开机屏好,7,元/台,,image_first_visual_crosscheck_high_similarity,诺基亚.jpg,/mnt/data/decoded2/需要获取数据与不需要获数据原文件/需要获取的图片正文数据/数码网报价单-0825更新/手机相关/诺基亚.jpg,1,0.995,visual_0825_vs_0831_pixel_crosscheck_and_header_structure
20260825-13aa149a1dac9589c0c9-01,2026-08-25,手机,device,诺基亚,经典数字/经典机,1148 越南版,,,废板-整机,7,元/台,,image_first_visual_crosscheck_high_similarity,诺基亚.jpg,/mnt/data/decoded2/需要获取数据与不需要获数据原文件/需要获取的图片正文数据/数码网报价单-0825更新/手机相关/诺基亚.jpg,1,0.995,visual_0825_vs_0831_pixel_crosscheck_and_header_structure
20260825-d043e978c05dca3ae812-01,2026-08-25,手机,device,诺基亚,经典数字/经典机,1278,,,开机屏好,50,元/台,,image_first_visual_crosscheck_high_similarity,诺基亚.jpg,/mnt/data/decoded2/需要获取数据与不需要获数据原文件/需要获取的图片正文数据/数码网报价单-0825更新/手机相关/诺基亚.jpg,1,0.995,visual_0825_vs_0831_pixel_crosscheck_and_header_structure
20260825-6447835ecf0d96676bab-01,2026-08-25,手机,device,诺基亚,经典数字/经典机,1278,,,开机屏坏,10,元/台,,image_first_visual_crosscheck_high_similarity,诺基亚.jpg,/mnt/data/decoded2/需要获取数据与不需要获数据原文件/需要获取的图片正文数据/数码网报价单-0825更新/手机相关/诺基亚.jpg,1,0.995,visual_0825_vs_0831_pixel_crosscheck_and_header_structure
20260825-7204fa53b30f4ecf823a-01,2026-08-25,手机,device,诺基亚,经典数字/经典机,1278,,,不开机,6,元/台,,image_first_visual_crosscheck_high_similarity,诺基亚.jpg,/mnt/data/decoded2/需要获取数据与不需要获数据原文件/需要获取的图片正文数据/数码网报价单-0825更新/手机相关/诺基亚.jpg,1,0.995,visual_0825_vs_0831_pixel_crosscheck_and_header_structure
20260825-bb2713a8badc78d2ad50-01,2026-08-25,手机,device,诺基亚,经典数字/经典机,1278,,,不开机屏好,6,元/台,,image_first_visual_crosscheck_high_similarity,诺基亚.jpg,/mnt/data/decoded2/需要获取数据与不需要获数据原文件/需要获取的图片正文数据/数码网报价单-0825更新/手机相关/诺基亚.jpg,1,0.995,visual_0825_vs_0831_pixel_crosscheck_and_header_structure
20260825-c1ea097e03a5674ce6bf-01,2026-08-25,手机,device,诺基亚,经典数字/经典机,1278,,,废板-整机,6,元/台,,image_first_visual_crosscheck_high_similarity,诺基亚.jpg,/mnt/data/decoded2/需要获取数据与不需要获数据原文件/需要获取的图片正文数据/数码网报价单-0825更新/手机相关/诺基亚.jpg,1,0.995,visual_0825_vs_0831_pixel_crosscheck_and_header_structure
20260825-7bd907d11877638664b9-01,2026-08-25,手机,device,诺基亚,经典数字/经典机,1170,,,开机屏好,40,元/台,,image_first_visual_crosscheck_high_similarity,诺基亚.jpg,/mnt/data/decoded2/需要获取数据与不需要获数据原文件/需要获取的图片正文数据/数码网报价单-0825更新/手机相关/诺基亚.jpg,1,0.995,visual_0825_vs_0831_pixel_crosscheck_and_header_structure
20260825-b816471beceae1714c4d-01,2026-08-25,手机,device,诺基亚,经典数字/经典机,1170,,,开机屏坏,10,元/台,,image_first_visual_crosscheck_high_similarity,诺基亚.jpg,/mnt/data/decoded2/需要获取数据与不需要获数据原文件/需要获取的图片正文数据/数码网报价单-0825更新/手机相关/诺基亚.jpg,1,0.995,visual_0825_vs_0831_pixel_crosscheck_and_header_structure
20260825-5dfc71739144238dcd97-01,2026-08-25,手机,device,诺基亚,经典数字/经典机,1170,,,不开机,10,元/台,,image_first_visual_crosscheck_high_similarity,诺基亚.jpg,/mnt/data/decoded2/需要获取数据与不需要获数据原文件/需要获取的图片正文数据/数码网报价单-0825更新/手机相关/诺基亚.jpg,1,0.995,visual_0825_vs_0831_pixel_crosscheck_and_header_structure
20260825-a5e984fe563da4c846e2-01,2026-08-25,手机,device,诺基亚,经典数字/经典机,1170,,,不开机屏好,10,元/台,,image_first_visual_crosscheck_high_similarity,诺基亚.jpg,/mnt/data/decoded2/需要获取数据与不需要获数据原文件/需要获取的图片正文数据/数码网报价单-0825更新/手机相关/诺基亚.jpg,1,0.995,visual_0825_vs_0831_pixel_crosscheck_and_header_structure
20260825-1951b4d82f537a25b2b2-01,2026-08-25,手机,device,诺基亚,经典数字/经典机,1170,,,废板-整机,10,元/台,,image_first_visual_crosscheck_high_similarity,诺基亚.jpg,/mnt/data/decoded2/需要获取数据与不需要获数据原文件/需要获取的图片正文数据/数码网报价单-0825更新/手机相关/诺基亚.jpg,1,0.995,visual_0825_vs_0831_pixel_crosscheck_and_header_structure
20260825-5921aeb34ed0f4639bfa-01,2026-08-25,手机,device,诺基亚,经典数字/经典机,1020,,,开机屏好,20,元/台,,image_first_visual_crosscheck_high_similarity,诺基亚.jpg,/mnt/data/decoded2/需要获取数据与不需要获数据原文件/需要获取的图片正文数据/数码网报价单-0825更新/手机相关/诺基亚.jpg,1,0.995,visual_0825_vs_0831_pixel_crosscheck_and_header_structure
20260825-e07b5e56d60f8d809196-01,2026-08-25,手机,device,诺基亚,经典数字/经典机,1020,,,开机屏坏,10,元/台,,image_first_visual_crosscheck_high_similarity,诺基亚.jpg,/mnt/data/decoded2/需要获取数据与不需要获数据原文件/需要获取的图片正文数据/数码网报价单-0825更新/手机相关/诺基亚.jpg,1,0.995,visual_0825_vs_0831_pixel_crosscheck_and_header_structure
20260825-b494e6d53acf43c1671b-01,2026-08-25,手机,device,诺基亚,经典数字/经典机,1020,,,不开机,10,元/台,,image_first_visual_crosscheck_high_similarity,诺基亚.jpg,/mnt/data/decoded2/需要获取数据与不需要获数据原文件/需要获取的图片正文数据/数码网报价单-0825更新/手机相关/诺基亚.jpg,1,0.995,visual_0825_vs_0831_pixel_crosscheck_and_header_structure
20260825-1aabb77384b20c6f3ce1-01,2026-08-25,手机,device,诺基亚,经典数字/经典机,1020,,,不开机屏好,20,元/台,,image_first_visual_crosscheck_high_similarity,诺基亚.jpg,/mnt/data/decoded2/需要获取数据与不需要获数据原文件/需要获取的图片正文数据/数码网报价单-0825更新/手机相关/诺基亚.jpg,1,0.995,visual_0825_vs_0831_pixel_crosscheck_and_header_structure
20260825-3c29900afa333198b1f2-01,2026-08-25,手机,device,诺基亚,经典数字/经典机,1020,,,废板-整机,10,元/台,,image_first_visual_crosscheck_high_similarity,诺基亚.jpg,/mnt/data/decoded2/需要获取数据与不需要获数据原文件/需要获取的图片正文数据/数码网报价单-0825更新/手机相关/诺基亚.jpg,1,0.995,visual_0825_vs_0831_pixel_crosscheck_and_header_structure
20260825-a5deb5a075e875cd972b-01,2026-08-25,手机,device,诺基亚,经典数字/经典机,952,,,开机屏好,25,元/台,,image_first_visual_crosscheck_high_similarity,诺基亚.jpg,/mnt/data/decoded2/需要获取数据与不需要获数据原文件/需要获取的图片正文数据/数码网报价单-0825更新/手机相关/诺基亚.jpg,1,0.995,visual_0825_vs_0831_pixel_crosscheck_and_header_structure
20260825-6b22bcef930549cb4162-01,2026-08-25,手机,device,诺基亚,经典数字/经典机,952,,,开机屏坏,25,元/台,,image_first_visual_crosscheck_high_similarity,诺基亚.jpg,/mnt/data/decoded2/需要获取数据与不需要获数据原文件/需要获取的图片正文数据/数码网报价单-0825更新/手机相关/诺基亚.jpg,1,0.995,visual_0825_vs_0831_pixel_crosscheck_and_header_structure
20260825-d07bdd81e5729c1c7534-01,2026-08-25,手机,device,诺基亚,经典数字/经典机,952,,,不开机,25,元/台,,image_first_visual_crosscheck_high_similarity,诺基亚.jpg,/mnt/data/decoded2/需要获取数据与不需要获数据原文件/需要获取的图片正文数据/数码网报价单-0825更新/手机相关/诺基亚.jpg,1,0.995,visual_0825_vs_0831_pixel_crosscheck_and_header_structure
20260825-d5d6ce5f6e66ab0b1885-01,2026-08-25,手机,device,诺基亚,经典数字/经典机,952,,,不开机屏好,25,元/台,,image_first_visual_crosscheck_high_similarity,诺基亚.jpg,/mnt/data/decoded2/需要获取数据与不需要获数据原文件/需要获取的图片正文数据/数码网报价单-0825更新/手机相关/诺基亚.jpg,1,0.995,visual_0825_vs_0831_pixel_crosscheck_and_header_structure
20260825-f50c8f0efbf000e84cdc-01,2026-08-25,手机,device,诺基亚,经典数字/经典机,952,,,废板-整机,7,元/台,,image_first_visual_crosscheck_high_similarity,诺基亚.jpg,/mnt/data/decoded2/需要获取数据与不需要获数据原文件/需要获取的图片正文数据/数码网报价单-0825更新/手机相关/诺基亚.jpg,1,0.995,visual_0825_vs_0831_pixel_crosscheck_and_header_structure
20260825-cba940417e86d32fc4d5-01,2026-08-25,手机,device,诺基亚,经典数字/经典机,808,,,开机屏好,20,元/台,,image_first_visual_crosscheck_high_similarity,诺基亚.jpg,/mnt/data/decoded2/需要获取数据与不需要获数据原文件/需要获取的图片正文数据/数码网报价单-0825更新/手机相关/诺基亚.jpg,1,0.995,visual_0825_vs_0831_pixel_crosscheck_and_header_structure
20260825-a65f21b063b43bd5fd7d-01,2026-08-25,手机,device,诺基亚,经典数字/经典机,808,,,开机屏坏,7,元/台,,image_first_visual_crosscheck_high_similarity,诺基亚.jpg,/mnt/data/decoded2/需要获取数据与不需要获数据原文件/需要获取的图片正文数据/数码网报价单-0825更新/手机相关/诺基亚.jpg,1,0.995,visual_0825_vs_0831_pixel_crosscheck_and_header_structure
20260825-35f5c73a32d515921103-01,2026-08-25,手机,device,诺基亚,经典数字/经典机,808,,,不开机,7,元/台,,image_first_visual_crosscheck_high_similarity,诺基亚.jpg,/mnt/data/decoded2/需要获取数据与不需要获数据原文件/需要获取的图片正文数据/数码网报价单-0825更新/手机相关/诺基亚.jpg,1,0.995,visual_0825_vs_0831_pixel_crosscheck_and_header_structure
20260825-2a02bedaafede9d468e6-01,2026-08-25,手机,device,诺基亚,经典数字/经典机,808,,,不开机屏好,7,元/台,,image_first_visual_crosscheck_high_similarity,诺基亚.jpg,/mnt/data/decoded2/需要获取数据与不需要获数据原文件/需要获取的图片正文数据/数码网报价单-0825更新/手机相关/诺基亚.jpg,1,0.995,visual_0825_vs_0831_pixel_crosscheck_and_header_structure
20260825-c59fe1579c38f9d5a505-01,2026-08-25,手机,device,诺基亚,经典数字/经典机,808,,,废板-整机,7,元/台,,image_first_visual_crosscheck_high_similarity,诺基亚.jpg,/mnt/data/decoded2/需要获取数据与不需要获数据原文件/需要获取的图片正文数据/数码网报价单-0825更新/手机相关/诺基亚.jpg,1,0.995,visual_0825_vs_0831_pixel_crosscheck_and_header_structure
20260825-74ee352c4af7d26eaf73-01,2026-08-25,手机,device,诺基亚,诺基亚TA系列,诺基亚TA-1553,,,开机屏好,40,元/台,,image_first_visual_crosscheck_high_similarity,诺基亚.jpg,/mnt/data/decoded2/需要获取数据与不需要获数据原文件/需要获取的图片正文数据/数码网报价单-0825更新/手机相关/诺基亚.jpg,1,0.995,visual_0825_vs_0831_pixel_crosscheck_and_header_structure
20260825-851c411bd47b0fcf1bef-01,2026-08-25,手机,device,诺基亚,诺基亚TA系列,诺基亚TA-1553,,,不开机,8,元/台,,image_first_visual_crosscheck_high_similarity,诺基亚.jpg,/mnt/data/decoded2/需要获取数据与不需要获数据原文件/需要获取的图片正文数据/数码网报价单-0825更新/手机相关/诺基亚.jpg,1,0.995,visual_0825_vs_0831_pixel_crosscheck_and_header_structure
20260825-e74a33b00c3863e34c75-01,2026-08-25,手机,device,诺基亚,诺基亚TA系列,诺基亚TA-1553,,,不带电池,35,元/台,,image_first_visual_crosscheck_high_similarity,诺基亚.jpg,/mnt/data/decoded2/需要获取数据与不需要获数据原文件/需要获取的图片正文数据/数码网报价单-0825更新/手机相关/诺基亚.jpg,1,0.995,visual_0825_vs_0831_pixel_crosscheck_and_header_structure
20260825-7686be2c58f287a5aea9-01,2026-08-25,手机,device,诺基亚,诺基亚TA系列,诺基亚TA-1311,,,开机屏好,130,元/台,,image_first_visual_crosscheck_high_similarity,诺基亚.jpg,/mnt/data/decoded2/需要获取数据与不需要获数据原文件/需要获取的图片正文数据/数码网报价单-0825更新/手机相关/诺基亚.jpg,1,0.995,visual_0825_vs_0831_pixel_crosscheck_and_header_structure
20260825-bc1d61454a18aba3e664-01,2026-08-25,手机,device,诺基亚,诺基亚TA系列,诺基亚TA-1311,,,不开机,8,元/台,,image_first_visual_crosscheck_high_similarity,诺基亚.jpg,/mnt/data/decoded2/需要获取数据与不需要获数据原文件/需要获取的图片正文数据/数码网报价单-0825更新/手机相关/诺基亚.jpg,1,0.995,visual_0825_vs_0831_pixel_crosscheck_and_header_structure
20260825-e3da37f2d43227e649fd-01,2026-08-25,手机,device,诺基亚,诺基亚TA系列,诺基亚TA-1311,,,不带电池,8,元/台,,image_first_visual_crosscheck_high_similarity,诺基亚.jpg,/mnt/data/decoded2/需要获取数据与不需要获数据原文件/需要获取的图片正文数据/数码网报价单-0825更新/手机相关/诺基亚.jpg,1,0.995,visual_0825_vs_0831_pixel_crosscheck_and_header_structure
20260825-223740553453c01d8698-01,2026-08-25,手机,device,诺基亚,诺基亚TA系列,诺基亚TA-1287,,,开机屏好,50,元/台,,image_first_visual_crosscheck_high_similarity,诺基亚.jpg,/mnt/data/decoded2/需要获取数据与不需要获数据原文件/需要获取的图片正文数据/数码网报价单-0825更新/手机相关/诺基亚.jpg,1,0.995,visual_0825_vs_0831_pixel_crosscheck_and_header_structure
20260825-cd4b9b74075d9adaef65-01,2026-08-25,手机,device,诺基亚,诺基亚TA系列,诺基亚TA-1287,,,不开机,8,元/台,,image_first_visual_crosscheck_high_similarity,诺基亚.jpg,/mnt/data/decoded2/需要获取数据与不需要获数据原文件/需要获取的图片正文数据/数码网报价单-0825更新/手机相关/诺基亚.jpg,1,0.995,visual_0825_vs_0831_pixel_crosscheck_and_header_structure
20260825-39d3c41ed83530bdfcf1-01,2026-08-25,手机,device,诺基亚,诺基亚TA系列,诺基亚TA-1287,,,不带电池,8,元/台,,image_first_visual_crosscheck_high_similarity,诺基亚.jpg,/mnt/data/decoded2/需要获取数据与不需要获数据原文件/需要获取的图片正文数据/数码网报价单-0825更新/手机相关/诺基亚.jpg,1,0.995,visual_0825_vs_0831_pixel_crosscheck_and_header_structure
20260825-c07196f3a81317f66ba7-01,2026-08-25,手机,device,诺基亚,Nokia智能系列,Nokia x7,,,开机屏好,30,元/台,,image_first_visual_crosscheck_high_similarity,诺基亚.jpg,/mnt/data/decoded2/需要获取数据与不需要获数据原文件/需要获取的图片正文数据/数码网报价单-0825更新/手机相关/诺基亚.jpg,1,0.995,visual_0825_vs_0831_pixel_crosscheck_and_header_structure
20260825-cda5d3800e755366db27-01,2026-08-25,手机,device,诺基亚,Nokia智能系列,Nokia x7,,,开机屏坏,30,元/台,,image_first_visual_crosscheck_high_similarity,诺基亚.jpg,/mnt/data/decoded2/需要获取数据与不需要获数据原文件/需要获取的图片正文数据/数码网报价单-0825更新/手机相关/诺基亚.jpg,1,0.995,visual_0825_vs_0831_pixel_crosscheck_and_header_structure
20260825-ac94eb42fa221899d1fc-01,2026-08-25,手机,device,诺基亚,Nokia智能系列,Nokia x7,,,不开机,30,元/台,,image_first_visual_crosscheck_high_similarity,诺基亚.jpg,/mnt/data/decoded2/需要获取数据与不需要获数据原文件/需要获取的图片正文数据/数码网报价单-0825更新/手机相关/诺基亚.jpg,1,0.995,visual_0825_vs_0831_pixel_crosscheck_and_header_structure
20260825-4631d0e876968d9f8fed-01,2026-08-25,手机,device,诺基亚,Nokia智能系列,Nokia x7,,,不开机屏好,30,元/台,,image_first_visual_crosscheck_high_similarity,诺基亚.jpg,/mnt/data/decoded2/需要获取数据与不需要获数据原文件/需要获取的图片正文数据/数码网报价单-0825更新/手机相关/诺基亚.jpg,1,0.995,visual_0825_vs_0831_pixel_crosscheck_and_header_structure
20260825-86c4efa28864d4e9c378-01,2026-08-25,手机,device,诺基亚,Nokia智能系列,Nokia x7,,,废板-整机,30,元/台,,image_first_visual_crosscheck_high_similarity,诺基亚.jpg,/mnt/data/decoded2/需要获取数据与不需要获数据原文件/需要获取的图片正文数据/数码网报价单-0825更新/手机相关/诺基亚.jpg,1,0.995,visual_0825_vs_0831_pixel_crosscheck_and_header_structure
20260825-5f176d9899aa6ad4cfcc-01,2026-08-25,手机,device,诺基亚,Nokia智能系列,X6 有指纹版,,,开机屏好,90,元/台,,image_first_visual_crosscheck_high_similarity,诺基亚.jpg,/mnt/data/decoded2/需要获取数据与不需要获数据原文件/需要获取的图片正文数据/数码网报价单-0825更新/手机相关/诺基亚.jpg,1,0.995,visual_0825_vs_0831_pixel_crosscheck_and_header_structure
20260825-cc4c96239f995d19385e-01,2026-08-25,手机,device,诺基亚,Nokia智能系列,X6 有指纹版,,,开机屏坏,90,元/台,,image_first_visual_crosscheck_high_similarity,诺基亚.jpg,/mnt/data/decoded2/需要获取数据与不需要获数据原文件/需要获取的图片正文数据/数码网报价单-0825更新/手机相关/诺基亚.jpg,1,0.995,visual_0825_vs_0831_pixel_crosscheck_and_header_structure
20260825-005849afeef873a1e70c-01,2026-08-25,手机,device,诺基亚,Nokia智能系列,X6 有指纹版,,,不开机,90,元/台,,image_first_visual_crosscheck_high_similarity,诺基亚.jpg,/mnt/data/decoded2/需要获取数据与不需要获数据原文件/需要获取的图片正文数据/数码网报价单-0825更新/手机相关/诺基亚.jpg,1,0.995,visual_0825_vs_0831_pixel_crosscheck_and_header_structure
20260825-ce8a2bb4929e62e8712a-01,2026-08-25,手机,device,诺基亚,Nokia智能系列,X6 有指纹版,,,不开机屏好,90,元/台,,image_first_visual_crosscheck_high_similarity,诺基亚.jpg,/mnt/data/decoded2/需要获取数据与不需要获数据原文件/需要获取的图片正文数据/数码网报价单-0825更新/手机相关/诺基亚.jpg,1,0.995,visual_0825_vs_0831_pixel_crosscheck_and_header_structure
20260825-4734d873aa1ac91b976c-01,2026-08-25,手机,device,诺基亚,Nokia智能系列,X6 有指纹版,,,废板-整机,40,元/台,,image_first_visual_crosscheck_high_similarity,诺基亚.jpg,/mnt/data/decoded2/需要获取数据与不需要获数据原文件/需要获取的图片正文数据/数码网报价单-0825更新/手机相关/诺基亚.jpg,1,0.995,visual_0825_vs_0831_pixel_crosscheck_and_header_structure
20260825-5e90e184cc26251c318f-01,2026-08-25,手机,device,诺基亚,Nokia智能系列,X6 无指纹版,,,开机屏好,30,元/台,,image_first_visual_crosscheck_high_similarity,诺基亚.jpg,/mnt/data/decoded2/需要获取数据与不需要获数据原文件/需要获取的图片正文数据/数码网报价单-0825更新/手机相关/诺基亚.jpg,1,0.995,visual_0825_vs_0831_pixel_crosscheck_and_header_structure
20260825-1719f47e69b3be52fc32-01,2026-08-25,手机,device,诺基亚,Nokia智能系列,X6 无指纹版,,,开机屏坏,30,元/台,,image_first_visual_crosscheck_high_similarity,诺基亚.jpg,/mnt/data/decoded2/需要获取数据与不需要获数据原文件/需要获取的图片正文数据/数码网报价单-0825更新/手机相关/诺基亚.jpg,1,0.995,visual_0825_vs_0831_pixel_crosscheck_and_header_structure
20260825-38624c0c4f00cc908b17-01,2026-08-25,手机,device,诺基亚,Nokia智能系列,X6 无指纹版,,,不开机,30,元/台,,image_first_visual_crosscheck_high_similarity,诺基亚.jpg,/mnt/data/decoded2/需要获取数据与不需要获数据原文件/需要获取的图片正文数据/数码网报价单-0825更新/手机相关/诺基亚.jpg,1,0.995,visual_0825_vs_0831_pixel_crosscheck_and_header_structure
20260825-ec672a101c24f306e46a-01,2026-08-25,手机,device,诺基亚,Nokia智能系列,X6 无指纹版,,,不开机屏好,30,元/台,,image_first_visual_crosscheck_high_similarity,诺基亚.jpg,/mnt/data/decoded2/需要获取数据与不需要获数据原文件/需要获取的图片正文数据/数码网报价单-0825更新/手机相关/诺基亚.jpg,1,0.995,visual_0825_vs_0831_pixel_crosscheck_and_header_structure
20260825-24027896f684c0805813-01,2026-08-25,手机,device,诺基亚,Nokia智能系列,X6 无指纹版,,,废板-整机,30,元/台,,image_first_visual_crosscheck_high_similarity,诺基亚.jpg,/mnt/data/decoded2/需要获取数据与不需要获数据原文件/需要获取的图片正文数据/数码网报价单-0825更新/手机相关/诺基亚.jpg,1,0.995,visual_0825_vs_0831_pixel_crosscheck_and_header_structure
20260825-8fc72e0be352ef6878cf-01,2026-08-25,手机,device,诺基亚,Nokia智能系列,Nokia x5,,,开机屏好,30,元/台,,image_first_visual_crosscheck_high_similarity,诺基亚.jpg,/mnt/data/decoded2/需要获取数据与不需要获数据原文件/需要获取的图片正文数据/数码网报价单-0825更新/手机相关/诺基亚.jpg,1,0.995,visual_0825_vs_0831_pixel_crosscheck_and_header_structure
20260825-dc1fbc4594225a8e2d5f-01,2026-08-25,手机,device,诺基亚,Nokia智能系列,Nokia x5,,,开机屏坏,30,元/台,,image_first_visual_crosscheck_high_similarity,诺基亚.jpg,/mnt/data/decoded2/需要获取数据与不需要获数据原文件/需要获取的图片正文数据/数码网报价单-0825更新/手机相关/诺基亚.jpg,1,0.995,visual_0825_vs_0831_pixel_crosscheck_and_header_structure
20260825-5990cc2fa48bc69e13f9-01,2026-08-25,手机,device,诺基亚,Nokia智能系列,Nokia x5,,,不开机,30,元/台,,image_first_visual_crosscheck_high_similarity,诺基亚.jpg,/mnt/data/decoded2/需要获取数据与不需要获数据原文件/需要获取的图片正文数据/数码网报价单-0825更新/手机相关/诺基亚.jpg,1,0.995,visual_0825_vs_0831_pixel_crosscheck_and_header_structure
20260825-84643f4ae0a3193154ca-01,2026-08-25,手机,device,诺基亚,Nokia智能系列,Nokia x5,,,不开机屏好,30,元/台,,image_first_visual_crosscheck_high_similarity,诺基亚.jpg,/mnt/data/decoded2/需要获取数据与不需要获数据原文件/需要获取的图片正文数据/数码网报价单-0825更新/手机相关/诺基亚.jpg,1,0.995,visual_0825_vs_0831_pixel_crosscheck_and_header_structure
20260825-e2a46a8d8ccbc88c34dc-01,2026-08-25,手机,device,诺基亚,Nokia智能系列,Nokia x5,,,废板-整机,30,元/台,,image_first_visual_crosscheck_high_similarity,诺基亚.jpg,/mnt/data/decoded2/需要获取数据与不需要获数据原文件/需要获取的图片正文数据/数码网报价单-0825更新/手机相关/诺基亚.jpg,1,0.995,visual_0825_vs_0831_pixel_crosscheck_and_header_structure
20260825-99ba8b7f123a4110b6d2-01,2026-08-25,手机,device,诺基亚,Nokia智能系列,Nokia7全网,,,开机屏好,30,元/台,,image_first_visual_crosscheck_high_similarity,诺基亚.jpg,/mnt/data/decoded2/需要获取数据与不需要获数据原文件/需要获取的图片正文数据/数码网报价单-0825更新/手机相关/诺基亚.jpg,1,0.995,visual_0825_vs_0831_pixel_crosscheck_and_header_structure
20260825-9f0800ac1deb0721dd43-01,2026-08-25,手机,device,诺基亚,Nokia智能系列,Nokia7全网,,,开机屏坏,30,元/台,,image_first_visual_crosscheck_high_similarity,诺基亚.jpg,/mnt/data/decoded2/需要获取数据与不需要获数据原文件/需要获取的图片正文数据/数码网报价单-0825更新/手机相关/诺基亚.jpg,1,0.995,visual_0825_vs_0831_pixel_crosscheck_and_header_structure
20260825-60ddc3faee180e75395f-01,2026-08-25,手机,device,诺基亚,Nokia智能系列,Nokia7全网,,,不开机,30,元/台,,image_first_visual_crosscheck_high_similarity,诺基亚.jpg,/mnt/data/decoded2/需要获取数据与不需要获数据原文件/需要获取的图片正文数据/数码网报价单-0825更新/手机相关/诺基亚.jpg,1,0.995,visual_0825_vs_0831_pixel_crosscheck_and_header_structure
20260825-4d6fefbec21376554735-01,2026-08-25,手机,device,诺基亚,Nokia智能系列,Nokia7全网,,,不开机屏好,30,元/台,,image_first_visual_crosscheck_high_similarity,诺基亚.jpg,/mnt/data/decoded2/需要获取数据与不需要获数据原文件/需要获取的图片正文数据/数码网报价单-0825更新/手机相关/诺基亚.jpg,1,0.995,visual_0825_vs_0831_pixel_crosscheck_and_header_structure
20260825-5271a7828f2914b0a6cf-01,2026-08-25,手机,device,诺基亚,Nokia智能系列,Nokia7全网,,,废板-整机,30,元/台,,image_first_visual_crosscheck_high_similarity,诺基亚.jpg,/mnt/data/decoded2/需要获取数据与不需要获数据原文件/需要获取的图片正文数据/数码网报价单-0825更新/手机相关/诺基亚.jpg,1,0.995,visual_0825_vs_0831_pixel_crosscheck_and_header_structure
20260825-0db2c7f18865890fdd80-01,2026-08-25,手机,device,诺基亚,Nokia智能系列,Nokia 7plus,,,开机屏好,30,元/台,,image_first_visual_crosscheck_high_similarity,诺基亚.jpg,/mnt/data/decoded2/需要获取数据与不需要获数据原文件/需要获取的图片正文数据/数码网报价单-0825更新/手机相关/诺基亚.jpg,1,0.995,visual_0825_vs_0831_pixel_crosscheck_and_header_structure
20260825-c12b5bad5787bcdc8b01-01,2026-08-25,手机,device,诺基亚,Nokia智能系列,Nokia 7plus,,,开机屏坏,30,元/台,,image_first_visual_crosscheck_high_similarity,诺基亚.jpg,/mnt/data/decoded2/需要获取数据与不需要获数据原文件/需要获取的图片正文数据/数码网报价单-0825更新/手机相关/诺基亚.jpg,1,0.995,visual_0825_vs_0831_pixel_crosscheck_and_header_structure
20260825-bf96bcac1911705ef1ca-01,2026-08-25,手机,device,诺基亚,Nokia智能系列,Nokia 7plus,,,不开机,30,元/台,,image_first_visual_crosscheck_high_similarity,诺基亚.jpg,/mnt/data/decoded2/需要获取数据与不需要获数据原文件/需要获取的图片正文数据/数码网报价单-0825更新/手机相关/诺基亚.jpg,1,0.995,visual_0825_vs_0831_pixel_crosscheck_and_header_structure
20260825-abd3243fd96ded9150e4-01,2026-08-25,手机,device,诺基亚,Nokia智能系列,Nokia 7plus,,,不开机屏好,30,元/台,,image_first_visual_crosscheck_high_similarity,诺基亚.jpg,/mnt/data/decoded2/需要获取数据与不需要获数据原文件/需要获取的图片正文数据/数码网报价单-0825更新/手机相关/诺基亚.jpg,1,0.995,visual_0825_vs_0831_pixel_crosscheck_and_header_structure
20260825-2c420479fa78343067a0-01,2026-08-25,手机,device,诺基亚,Nokia智能系列,Nokia 7plus,,,废板-整机,30,元/台,,image_first_visual_crosscheck_high_similarity,诺基亚.jpg,/mnt/data/decoded2/需要获取数据与不需要获数据原文件/需要获取的图片正文数据/数码网报价单-0825更新/手机相关/诺基亚.jpg,1,0.995,visual_0825_vs_0831_pixel_crosscheck_and_header_structure
20260825-7988fbc8f47578d1e334-01,2026-08-25,手机,device,诺基亚,Nokia智能系列,Nokia6全网,,,开机屏好,30,元/台,,image_first_visual_crosscheck_high_similarity,诺基亚.jpg,/mnt/data/decoded2/需要获取数据与不需要获数据原文件/需要获取的图片正文数据/数码网报价单-0825更新/手机相关/诺基亚.jpg,1,0.995,visual_0825_vs_0831_pixel_crosscheck_and_header_structure
20260825-3ceae0460896a592ef74-01,2026-08-25,手机,device,诺基亚,Nokia智能系列,Nokia6全网,,,开机屏坏,30,元/台,,image_first_visual_crosscheck_high_similarity,诺基亚.jpg,/mnt/data/decoded2/需要获取数据与不需要获数据原文件/需要获取的图片正文数据/数码网报价单-0825更新/手机相关/诺基亚.jpg,1,0.995,visual_0825_vs_0831_pixel_crosscheck_and_header_structure
20260825-0cb421f1f221e0d299eb-01,2026-08-25,手机,device,诺基亚,Nokia智能系列,Nokia6全网,,,不开机,30,元/台,,image_first_visual_crosscheck_high_similarity,诺基亚.jpg,/mnt/data/decoded2/需要获取数据与不需要获数据原文件/需要获取的图片正文数据/数码网报价单-0825更新/手机相关/诺基亚.jpg,1,0.995,visual_0825_vs_0831_pixel_crosscheck_and_header_structure
20260825-f0161c74471d38f0db18-01,2026-08-25,手机,device,诺基亚,Nokia智能系列,Nokia6全网,,,不开机屏好,30,元/台,,image_first_visual_crosscheck_high_similarity,诺基亚.jpg,/mnt/data/decoded2/需要获取数据与不需要获数据原文件/需要获取的图片正文数据/数码网报价单-0825更新/手机相关/诺基亚.jpg,1,0.995,visual_0825_vs_0831_pixel_crosscheck_and_header_structure
20260825-90daaa9752bbff15ab88-01,2026-08-25,手机,device,诺基亚,Nokia智能系列,Nokia6全网,,,废板-整机,20,元/台,,image_first_visual_crosscheck_high_similarity,诺基亚.jpg,/mnt/data/decoded2/需要获取数据与不需要获数据原文件/需要获取的图片正文数据/数码网报价单-0825更新/手机相关/诺基亚.jpg,1,0.995,visual_0825_vs_0831_pixel_crosscheck_and_header_structure
20260825-2fc91f117d7f58a85315-01,2026-08-25,手机,device,诺基亚,Nokia智能系列,诺基亚 C31,,,开机屏好,90,元/台,,image_first_visual_crosscheck_high_similarity,诺基亚.jpg,/mnt/data/decoded2/需要获取数据与不需要获数据原文件/需要获取的图片正文数据/数码网报价单-0825更新/手机相关/诺基亚.jpg,1,0.995,visual_0825_vs_0831_pixel_crosscheck_and_header_structure
20260825-7656375a4f24ee42f453-01,2026-08-25,手机,device,诺基亚,Nokia智能系列,诺基亚 C31,,,开机屏坏,45,元/台,,image_first_visual_crosscheck_high_similarity,诺基亚.jpg,/mnt/data/decoded2/需要获取数据与不需要获数据原文件/需要获取的图片正文数据/数码网报价单-0825更新/手机相关/诺基亚.jpg,1,0.995,visual_0825_vs_0831_pixel_crosscheck_and_header_structure
20260825-b650666874278a13ade7-01,2026-08-25,手机,device,诺基亚,Nokia智能系列,诺基亚 C31,,,不开机,25,元/台,,image_first_visual_crosscheck_high_similarity,诺基亚.jpg,/mnt/data/decoded2/需要获取数据与不需要获数据原文件/需要获取的图片正文数据/数码网报价单-0825更新/手机相关/诺基亚.jpg,1,0.995,visual_0825_vs_0831_pixel_crosscheck_and_header_structure
20260825-919d179c48da4df03ff6-01,2026-08-25,手机,device,诺基亚,Nokia智能系列,诺基亚 C31,,,不开机屏好,/,元/台,,image_first_visual_crosscheck_high_similarity,诺基亚.jpg,/mnt/data/decoded2/需要获取数据与不需要获数据原文件/需要获取的图片正文数据/数码网报价单-0825更新/手机相关/诺基亚.jpg,1,0.995,visual_0825_vs_0831_pixel_crosscheck_and_header_structure
20260825-e14fba1582707704da35-01,2026-08-25,手机,device,诺基亚,Nokia智能系列,诺基亚 C31,,,废板-整机,25,元/台,,image_first_visual_crosscheck_high_similarity,诺基亚.jpg,/mnt/data/decoded2/需要获取数据与不需要获数据原文件/需要获取的图片正文数据/数码网报价单-0825更新/手机相关/诺基亚.jpg,1,0.995,visual_0825_vs_0831_pixel_crosscheck_and_header_structure
20260825-7e7eff4637013a13eb6a-01,2026-08-25,手机,device,诺基亚,E系列,N8,,,开机屏好,40,元/台,,image_first_visual_crosscheck_high_similarity,诺基亚.jpg,/mnt/data/decoded2/需要获取数据与不需要获数据原文件/需要获取的图片正文数据/数码网报价单-0825更新/手机相关/诺基亚.jpg,1,0.995,visual_0825_vs_0831_pixel_crosscheck_and_header_structure
20260825-785b91f1db49eade6037-01,2026-08-25,手机,device,诺基亚,E系列,N8,,,开机屏好外屏碎,30,元/台,,image_first_visual_crosscheck_high_similarity,诺基亚.jpg,/mnt/data/decoded2/需要获取数据与不需要获数据原文件/需要获取的图片正文数据/数码网报价单-0825更新/手机相关/诺基亚.jpg,1,0.995,visual_0825_vs_0831_pixel_crosscheck_and_header_structure
20260825-46bfbcf1d3766a4924bc-01,2026-08-25,手机,device,诺基亚,E系列,N8,,,开机屏坏,30,元/台,,image_first_visual_crosscheck_high_similarity,诺基亚.jpg,/mnt/data/decoded2/需要获取数据与不需要获数据原文件/需要获取的图片正文数据/数码网报价单-0825更新/手机相关/诺基亚.jpg,1,0.995,visual_0825_vs_0831_pixel_crosscheck_and_header_structure
20260825-aa270434570fe95e7439-01,2026-08-25,手机,device,诺基亚,E系列,N8,,,不开机,/,元/台,,image_first_visual_crosscheck_high_similarity,诺基亚.jpg,/mnt/data/decoded2/需要获取数据与不需要获数据原文件/需要获取的图片正文数据/数码网报价单-0825更新/手机相关/诺基亚.jpg,1,0.995,visual_0825_vs_0831_pixel_crosscheck_and_header_structure
20260825-0dd4d16d38f9b97b995d-01,2026-08-25,手机,device,诺基亚,E系列,E90,,,开机屏好,30,元/台,,image_first_visual_crosscheck_high_similarity,诺基亚.jpg,/mnt/data/decoded2/需要获取数据与不需要获数据原文件/需要获取的图片正文数据/数码网报价单-0825更新/手机相关/诺基亚.jpg,1,0.995,visual_0825_vs_0831_pixel_crosscheck_and_header_structure
20260825-e04760a424789b3fdd2b-01,2026-08-25,手机,device,诺基亚,E系列,E90,,,开机屏好外屏碎,/,元/台,,image_first_visual_crosscheck_high_similarity,诺基亚.jpg,/mnt/data/decoded2/需要获取数据与不需要获数据原文件/需要获取的图片正文数据/数码网报价单-0825更新/手机相关/诺基亚.jpg,1,0.995,visual_0825_vs_0831_pixel_crosscheck_and_header_structure
20260825-d9954c58abec8c3c4e8b-01,2026-08-25,手机,device,诺基亚,E系列,E90,,,开机屏坏,30,元/台,,image_first_visual_crosscheck_high_similarity,诺基亚.jpg,/mnt/data/decoded2/需要获取数据与不需要获数据原文件/需要获取的图片正文数据/数码网报价单-0825更新/手机相关/诺基亚.jpg,1,0.995,visual_0825_vs_0831_pixel_crosscheck_and_header_structure
20260825-7961529627946ff902f3-01,2026-08-25,手机,device,诺基亚,E系列,E90,,,不开机,30,元/台,,image_first_visual_crosscheck_high_similarity,诺基亚.jpg,/mnt/data/decoded2/需要获取数据与不需要获数据原文件/需要获取的图片正文数据/数码网报价单-0825更新/手机相关/诺基亚.jpg,1,0.995,visual_0825_vs_0831_pixel_crosscheck_and_header_structure
20260825-156e01b1d6f22e23acaf-01,2026-08-25,手机,device,诺基亚,E系列,E90,,,不开机屏好,30,元/台,,image_first_visual_crosscheck_high_similarity,诺基亚.jpg,/mnt/data/decoded2/需要获取数据与不需要获数据原文件/需要获取的图片正文数据/数码网报价单-0825更新/手机相关/诺基亚.jpg,1,0.995,visual_0825_vs_0831_pixel_crosscheck_and_header_structure
20260825-f3b97c2d8a04d860e7e2-01,2026-08-25,手机,device,诺基亚,E系列,E72,,,开机屏好,16,元/台,,image_first_visual_crosscheck_high_similarity,诺基亚.jpg,/mnt/data/decoded2/需要获取数据与不需要获数据原文件/需要获取的图片正文数据/数码网报价单-0825更新/手机相关/诺基亚.jpg,1,0.995,visual_0825_vs_0831_pixel_crosscheck_and_header_structure
20260825-025926fd78620e40d72f-01,2026-08-25,手机,device,诺基亚,E系列,E72,,,开机屏好外屏碎,/,元/台,,image_first_visual_crosscheck_high_similarity,诺基亚.jpg,/mnt/data/decoded2/需要获取数据与不需要获数据原文件/需要获取的图片正文数据/数码网报价单-0825更新/手机相关/诺基亚.jpg,1,0.995,visual_0825_vs_0831_pixel_crosscheck_and_header_structure
20260825-878583b676fa4066da17-01,2026-08-25,手机,device,诺基亚,E系列,E72,,,开机屏坏,16,元/台,,image_first_visual_crosscheck_high_similarity,诺基亚.jpg,/mnt/data/decoded2/需要获取数据与不需要获数据原文件/需要获取的图片正文数据/数码网报价单-0825更新/手机相关/诺基亚.jpg,1,0.995,visual_0825_vs_0831_pixel_crosscheck_and_header_structure
20260825-4ab43cbff3dab49865ce-01,2026-08-25,手机,device,诺基亚,E系列,E72,,,不开机,16,元/台,,image_first_visual_crosscheck_high_similarity,诺基亚.jpg,/mnt/data/decoded2/需要获取数据与不需要获数据原文件/需要获取的图片正文数据/数码网报价单-0825更新/手机相关/诺基亚.jpg,1,0.995,visual_0825_vs_0831_pixel_crosscheck_and_header_structure
20260825-9fe0a93273da2395fd50-01,2026-08-25,手机,device,诺基亚,E系列,E72,,,不开机屏好,16,元/台,,image_first_visual_crosscheck_high_similarity,诺基亚.jpg,/mnt/data/decoded2/需要获取数据与不需要获数据原文件/需要获取的图片正文数据/数码网报价单-0825更新/手机相关/诺基亚.jpg,1,0.995,visual_0825_vs_0831_pixel_crosscheck_and_header_structure
20260825-8313ab44da7d4d2390aa-01,2026-08-25,手机,device,诺基亚,E系列,E71,,,开机屏好,16,元/台,,image_first_visual_crosscheck_high_similarity,诺基亚.jpg,/mnt/data/decoded2/需要获取数据与不需要获数据原文件/需要获取的图片正文数据/数码网报价单-0825更新/手机相关/诺基亚.jpg,1,0.995,visual_0825_vs_0831_pixel_crosscheck_and_header_structure
20260825-0e3d54d754f775930d77-01,2026-08-25,手机,device,诺基亚,E系列,E71,,,开机屏好外屏碎,/,元/台,,image_first_visual_crosscheck_high_similarity,诺基亚.jpg,/mnt/data/decoded2/需要获取数据与不需要获数据原文件/需要获取的图片正文数据/数码网报价单-0825更新/手机相关/诺基亚.jpg,1,0.995,visual_0825_vs_0831_pixel_crosscheck_and_header_structure
20260825-9b23ab88787309b9a4a7-01,2026-08-25,手机,device,诺基亚,E系列,E71,,,开机屏坏,16,元/台,,image_first_visual_crosscheck_high_similarity,诺基亚.jpg,/mnt/data/decoded2/需要获取数据与不需要获数据原文件/需要获取的图片正文数据/数码网报价单-0825更新/手机相关/诺基亚.jpg,1,0.995,visual_0825_vs_0831_pixel_crosscheck_and_header_structure
20260825-8b52bbed4b20cd593ba5-01,2026-08-25,手机,device,诺基亚,E系列,E71,,,不开机,16,元/台,,image_first_visual_crosscheck_high_similarity,诺基亚.jpg,/mnt/data/decoded2/需要获取数据与不需要获数据原文件/需要获取的图片正文数据/数码网报价单-0825更新/手机相关/诺基亚.jpg,1,0.995,visual_0825_vs_0831_pixel_crosscheck_and_header_structure
20260825-4b428ae69b3494eb28ff-01,2026-08-25,手机,device,诺基亚,E系列,E71,,,不开机屏好,16,元/台,,image_first_visual_crosscheck_high_similarity,诺基亚.jpg,/mnt/data/decoded2/需要获取数据与不需要获数据原文件/需要获取的图片正文数据/数码网报价单-0825更新/手机相关/诺基亚.jpg,1,0.995,visual_0825_vs_0831_pixel_crosscheck_and_header_structure
20260825-bd6675271371c7e197b9-01,2026-08-25,手机,device,诺基亚,E系列,E63,,,开机屏好,15,元/台,,image_first_visual_crosscheck_high_similarity,诺基亚.jpg,/mnt/data/decoded2/需要获取数据与不需要获数据原文件/需要获取的图片正文数据/数码网报价单-0825更新/手机相关/诺基亚.jpg,1,0.995,visual_0825_vs_0831_pixel_crosscheck_and_header_structure
20260825-c4c8a87fbcc8bad871cc-01,2026-08-25,手机,device,诺基亚,E系列,E63,,,开机屏好外屏碎,/,元/台,,image_first_visual_crosscheck_high_similarity,诺基亚.jpg,/mnt/data/decoded2/需要获取数据与不需要获数据原文件/需要获取的图片正文数据/数码网报价单-0825更新/手机相关/诺基亚.jpg,1,0.995,visual_0825_vs_0831_pixel_crosscheck_and_header_structure
20260825-df1cf163c5212ccab68f-01,2026-08-25,手机,device,诺基亚,E系列,E63,,,开机屏坏,15,元/台,,image_first_visual_crosscheck_high_similarity,诺基亚.jpg,/mnt/data/decoded2/需要获取数据与不需要获数据原文件/需要获取的图片正文数据/数码网报价单-0825更新/手机相关/诺基亚.jpg,1,0.995,visual_0825_vs_0831_pixel_crosscheck_and_header_structure
20260825-8ddb4c57e0c9c9f34fcc-01,2026-08-25,手机,device,诺基亚,E系列,E63,,,不开机,15,元/台,,image_first_visual_crosscheck_high_similarity,诺基亚.jpg,/mnt/data/decoded2/需要获取数据与不需要获数据原文件/需要获取的图片正文数据/数码网报价单-0825更新/手机相关/诺基亚.jpg,1,0.995,visual_0825_vs_0831_pixel_crosscheck_and_header_structure
20260825-b10b1de0dfef767e947e-01,2026-08-25,手机,device,诺基亚,E系列,E63,,,不开机屏好,15,元/台,,image_first_visual_crosscheck_high_similarity,诺基亚.jpg,/mnt/data/decoded2/需要获取数据与不需要获数据原文件/需要获取的图片正文数据/数码网报价单-0825更新/手机相关/诺基亚.jpg,1,0.995,visual_0825_vs_0831_pixel_crosscheck_and_header_structure
20260825-1e69afd5ab047118c950-01,2026-08-25,手机,device,诺基亚,点数系列,诺基亚 1322,,,开机屏好,/,元/台,,image_first_visual_crosscheck_high_similarity,诺基亚.jpg,/mnt/data/decoded2/需要获取数据与不需要获数据原文件/需要获取的图片正文数据/数码网报价单-0825更新/手机相关/诺基亚.jpg,1,0.995,visual_0825_vs_0831_pixel_crosscheck_and_header_structure
20260825-b718fe0781e12abacd9c-01,2026-08-25,手机,device,诺基亚,点数系列,诺基亚 1322,,,开机屏好外屏碎,/,元/台,,image_first_visual_crosscheck_high_similarity,诺基亚.jpg,/mnt/data/decoded2/需要获取数据与不需要获数据原文件/需要获取的图片正文数据/数码网报价单-0825更新/手机相关/诺基亚.jpg,1,0.995,visual_0825_vs_0831_pixel_crosscheck_and_header_structure
20260825-8635aa4d74f464f8e915-01,2026-08-25,手机,device,诺基亚,点数系列,诺基亚 1322,,,开机屏坏,/,元/台,,image_first_visual_crosscheck_high_similarity,诺基亚.jpg,/mnt/data/decoded2/需要获取数据与不需要获数据原文件/需要获取的图片正文数据/数码网报价单-0825更新/手机相关/诺基亚.jpg,1,0.995,visual_0825_vs_0831_pixel_crosscheck_and_header_structure
20260825-aca242fd577b80de4790-01,2026-08-25,手机,device,诺基亚,点数系列,诺基亚 1322,,,不开机,/,元/台,,image_first_visual_crosscheck_high_similarity,诺基亚.jpg,/mnt/data/decoded2/需要获取数据与不需要获数据原文件/需要获取的图片正文数据/数码网报价单-0825更新/手机相关/诺基亚.jpg,1,0.995,visual_0825_vs_0831_pixel_crosscheck_and_header_structure
20260825-f211558f921e6a691aa2-01,2026-08-25,手机,device,诺基亚,点数系列,6300,,,开机屏好,15,元/台,,image_first_visual_crosscheck_high_similarity,诺基亚.jpg,/mnt/data/decoded2/需要获取数据与不需要获数据原文件/需要获取的图片正文数据/数码网报价单-0825更新/手机相关/诺基亚.jpg,1,0.995,visual_0825_vs_0831_pixel_crosscheck_and_header_structure
20260825-994951135830c7174c8a-01,2026-08-25,手机,device,诺基亚,点数系列,6300,,,开机屏坏,15,元/台,,image_first_visual_crosscheck_high_similarity,诺基亚.jpg,/mnt/data/decoded2/需要获取数据与不需要获数据原文件/需要获取的图片正文数据/数码网报价单-0825更新/手机相关/诺基亚.jpg,1,0.995,visual_0825_vs_0831_pixel_crosscheck_and_header_structure
20260825-0e447836b1b51c8e72a3-01,2026-08-25,手机,device,诺基亚,点数系列,6300,,,不开机,15,元/台,,image_first_visual_crosscheck_high_similarity,诺基亚.jpg,/mnt/data/decoded2/需要获取数据与不需要获数据原文件/需要获取的图片正文数据/数码网报价单-0825更新/手机相关/诺基亚.jpg,1,0.995,visual_0825_vs_0831_pixel_crosscheck_and_header_structure
20260825-27287ed392028551339a-01,2026-08-25,手机,device,诺基亚,点数系列,6300,,,不开机屏好,15,元/台,,image_first_visual_crosscheck_high_similarity,诺基亚.jpg,/mnt/data/decoded2/需要获取数据与不需要获数据原文件/需要获取的图片正文数据/数码网报价单-0825更新/手机相关/诺基亚.jpg,1,0.995,visual_0825_vs_0831_pixel_crosscheck_and_header_structure
20260825-31c3e103fb1409dc8a1b-01,2026-08-25,手机,device,诺基亚,点数系列,C20 PLUS,,,开机屏好,15,元/台,,image_first_visual_crosscheck_high_similarity,诺基亚.jpg,/mnt/data/decoded2/需要获取数据与不需要获数据原文件/需要获取的图片正文数据/数码网报价单-0825更新/手机相关/诺基亚.jpg,1,0.995,visual_0825_vs_0831_pixel_crosscheck_and_header_structure
20260825-ae053dbf952a6dd964ac-01,2026-08-25,手机,device,诺基亚,点数系列,C20 PLUS,,,开机屏坏,15,元/台,,image_first_visual_crosscheck_high_similarity,诺基亚.jpg,/mnt/data/decoded2/需要获取数据与不需要获数据原文件/需要获取的图片正文数据/数码网报价单-0825更新/手机相关/诺基亚.jpg,1,0.995,visual_0825_vs_0831_pixel_crosscheck_and_header_structure
20260825-6d86dafac5f56f14e96d-01,2026-08-25,手机,device,诺基亚,点数系列,C20 PLUS,,,不开机,15,元/台,,image_first_visual_crosscheck_high_similarity,诺基亚.jpg,/mnt/data/decoded2/需要获取数据与不需要获数据原文件/需要获取的图片正文数据/数码网报价单-0825更新/手机相关/诺基亚.jpg,1,0.995,visual_0825_vs_0831_pixel_crosscheck_and_header_structure
20260825-4a926ac495159651a27f-01,2026-08-25,手机,device,诺基亚,点数系列,C20 PLUS,,,不开机屏好,15,元/台,,image_first_visual_crosscheck_high_similarity,诺基亚.jpg,/mnt/data/decoded2/需要获取数据与不需要获数据原文件/需要获取的图片正文数据/数码网报价单-0825更新/手机相关/诺基亚.jpg,1,0.995,visual_0825_vs_0831_pixel_crosscheck_and_header_structure
20260825-702a55037a39b6b9567a-01,2026-08-25,手机,device,诺基亚,点数系列,RM-976,,,开机屏好,7,元/台,,image_first_visual_crosscheck_high_similarity,诺基亚.jpg,/mnt/data/decoded2/需要获取数据与不需要获数据原文件/需要获取的图片正文数据/数码网报价单-0825更新/手机相关/诺基亚.jpg,1,0.995,visual_0825_vs_0831_pixel_crosscheck_and_header_structure
20260825-70b30cbe0a51318da528-01,2026-08-25,手机,device,诺基亚,点数系列,RM-976,,,开机屏坏,7,元/台,,image_first_visual_crosscheck_high_similarity,诺基亚.jpg,/mnt/data/decoded2/需要获取数据与不需要获数据原文件/需要获取的图片正文数据/数码网报价单-0825更新/手机相关/诺基亚.jpg,1,0.995,visual_0825_vs_0831_pixel_crosscheck_and_header_structure
20260825-bb4bbd968eaaf852a2b7-01,2026-08-25,手机,device,诺基亚,点数系列,RM-976,,,不开机,7,元/台,,image_first_visual_crosscheck_high_similarity,诺基亚.jpg,/mnt/data/decoded2/需要获取数据与不需要获数据原文件/需要获取的图片正文数据/数码网报价单-0825更新/手机相关/诺基亚.jpg,1,0.995,visual_0825_vs_0831_pixel_crosscheck_and_header_structure
20260825-0b6509f5a48a8f2dd32d-01,2026-08-25,手机,device,诺基亚,点数系列,RM-976,,,不开机屏好,7,元/台,,image_first_visual_crosscheck_high_similarity,诺基亚.jpg,/mnt/data/decoded2/需要获取数据与不需要获数据原文件/需要获取的图片正文数据/数码网报价单-0825更新/手机相关/诺基亚.jpg,1,0.995,visual_0825_vs_0831_pixel_crosscheck_and_header_structure
20260825-7bd327f05c8cbdb88df6-01,2026-08-25,手机,device,诺基亚,点数系列,RM-975,,,开机屏好,7,元/台,,image_first_visual_crosscheck_high_similarity,诺基亚.jpg,/mnt/data/decoded2/需要获取数据与不需要获数据原文件/需要获取的图片正文数据/数码网报价单-0825更新/手机相关/诺基亚.jpg,1,0.995,visual_0825_vs_0831_pixel_crosscheck_and_header_structure
20260825-1182943f82493a9db5ed-01,2026-08-25,手机,device,诺基亚,点数系列,RM-975,,,开机屏坏,7,元/台,,image_first_visual_crosscheck_high_similarity,诺基亚.jpg,/mnt/data/decoded2/需要获取数据与不需要获数据原文件/需要获取的图片正文数据/数码网报价单-0825更新/手机相关/诺基亚.jpg,1,0.995,visual_0825_vs_0831_pixel_crosscheck_and_header_structure
20260825-4e91a06c90ba7e92b8db-01,2026-08-25,手机,device,诺基亚,点数系列,RM-975,,,不开机,7,元/台,,image_first_visual_crosscheck_high_similarity,诺基亚.jpg,/mnt/data/decoded2/需要获取数据与不需要获数据原文件/需要获取的图片正文数据/数码网报价单-0825更新/手机相关/诺基亚.jpg,1,0.995,visual_0825_vs_0831_pixel_crosscheck_and_header_structure
20260825-16526dde3696ff68fcc0-01,2026-08-25,手机,device,诺基亚,点数系列,RM-975,,,不开机屏好,7,元/台,,image_first_visual_crosscheck_high_similarity,诺基亚.jpg,/mnt/data/decoded2/需要获取数据与不需要获数据原文件/需要获取的图片正文数据/数码网报价单-0825更新/手机相关/诺基亚.jpg,1,0.995,visual_0825_vs_0831_pixel_crosscheck_and_header_structure
20260825-ea40d51fe33272db1ccb-01,2026-08-25,手机,device,诺基亚,点数系列,RM-949,,,开机屏好,7,元/台,,image_first_visual_crosscheck_high_similarity,诺基亚.jpg,/mnt/data/decoded2/需要获取数据与不需要获数据原文件/需要获取的图片正文数据/数码网报价单-0825更新/手机相关/诺基亚.jpg,1,0.995,visual_0825_vs_0831_pixel_crosscheck_and_header_structure
20260825-adccae5f569264a19e23-01,2026-08-25,手机,device,诺基亚,点数系列,RM-949,,,开机屏坏,7,元/台,,image_first_visual_crosscheck_high_similarity,诺基亚.jpg,/mnt/data/decoded2/需要获取数据与不需要获数据原文件/需要获取的图片正文数据/数码网报价单-0825更新/手机相关/诺基亚.jpg,1,0.995,visual_0825_vs_0831_pixel_crosscheck_and_header_structure
20260825-4304abb28098ed8d7626-01,2026-08-25,手机,device,诺基亚,点数系列,RM-949,,,不开机,7,元/台,,image_first_visual_crosscheck_high_similarity,诺基亚.jpg,/mnt/data/decoded2/需要获取数据与不需要获数据原文件/需要获取的图片正文数据/数码网报价单-0825更新/手机相关/诺基亚.jpg,1,0.995,visual_0825_vs_0831_pixel_crosscheck_and_header_structure
20260825-8b7791d962d04c9f524d-01,2026-08-25,手机,device,诺基亚,点数系列,RM-949,,,不开机屏好,7,元/台,,image_first_visual_crosscheck_high_similarity,诺基亚.jpg,/mnt/data/decoded2/需要获取数据与不需要获数据原文件/需要获取的图片正文数据/数码网报价单-0825更新/手机相关/诺基亚.jpg,1,0.995,visual_0825_vs_0831_pixel_crosscheck_and_header_structure
20260825-f54341953268c704542a-01,2026-08-25,手机,device,诺基亚,点数系列,RM-925,,,开机屏好,7,元/台,,image_first_visual_crosscheck_high_similarity,诺基亚.jpg,/mnt/data/decoded2/需要获取数据与不需要获数据原文件/需要获取的图片正文数据/数码网报价单-0825更新/手机相关/诺基亚.jpg,1,0.995,visual_0825_vs_0831_pixel_crosscheck_and_header_structure
20260825-5e97c9a9c896b8ee4329-01,2026-08-25,手机,device,诺基亚,点数系列,RM-925,,,开机屏坏,7,元/台,,image_first_visual_crosscheck_high_similarity,诺基亚.jpg,/mnt/data/decoded2/需要获取数据与不需要获数据原文件/需要获取的图片正文数据/数码网报价单-0825更新/手机相关/诺基亚.jpg,1,0.995,visual_0825_vs_0831_pixel_crosscheck_and_header_structure
20260825-3b6ea9ac14facca281d5-01,2026-08-25,手机,device,诺基亚,点数系列,RM-925,,,不开机,7,元/台,,image_first_visual_crosscheck_high_similarity,诺基亚.jpg,/mnt/data/decoded2/需要获取数据与不需要获数据原文件/需要获取的图片正文数据/数码网报价单-0825更新/手机相关/诺基亚.jpg,1,0.995,visual_0825_vs_0831_pixel_crosscheck_and_header_structure
20260825-b744360db2b16f15347d-01,2026-08-25,手机,device,诺基亚,点数系列,RM-925,,,不开机屏好,7,元/台,,image_first_visual_crosscheck_high_similarity,诺基亚.jpg,/mnt/data/decoded2/需要获取数据与不需要获数据原文件/需要获取的图片正文数据/数码网报价单-0825更新/手机相关/诺基亚.jpg,1,0.995,visual_0825_vs_0831_pixel_crosscheck_and_header_structure
20260825-bfaa369c72e535433eb4-01,2026-08-25,手机,device,诺基亚,点数系列,RM-908,,,开机屏好,7,元/台,,image_first_visual_crosscheck_high_similarity,诺基亚.jpg,/mnt/data/decoded2/需要获取数据与不需要获数据原文件/需要获取的图片正文数据/数码网报价单-0825更新/手机相关/诺基亚.jpg,1,0.995,visual_0825_vs_0831_pixel_crosscheck_and_header_structure
20260825-d89ddbb2b39453cf3a98-01,2026-08-25,手机,device,诺基亚,点数系列,RM-908,,,开机屏坏,7,元/台,,image_first_visual_crosscheck_high_similarity,诺基亚.jpg,/mnt/data/decoded2/需要获取数据与不需要获数据原文件/需要获取的图片正文数据/数码网报价单-0825更新/手机相关/诺基亚.jpg,1,0.995,visual_0825_vs_0831_pixel_crosscheck_and_header_structure
20260825-b0e46fdecd5979caa9c7-01,2026-08-25,手机,device,诺基亚,点数系列,RM-908,,,不开机,7,元/台,,image_first_visual_crosscheck_high_similarity,诺基亚.jpg,/mnt/data/decoded2/需要获取数据与不需要获数据原文件/需要获取的图片正文数据/数码网报价单-0825更新/手机相关/诺基亚.jpg,1,0.995,visual_0825_vs_0831_pixel_crosscheck_and_header_structure
20260825-8714f7306bd66d33032e-01,2026-08-25,手机,device,诺基亚,点数系列,RM-908,,,不开机屏好,7,元/台,,image_first_visual_crosscheck_high_similarity,诺基亚.jpg,/mnt/data/decoded2/需要获取数据与不需要获数据原文件/需要获取的图片正文数据/数码网报价单-0825更新/手机相关/诺基亚.jpg,1,0.995,visual_0825_vs_0831_pixel_crosscheck_and_header_structure
20260825-0d1b4e28c4caa1857203-01,2026-08-25,手机,device,诺基亚,点数系列,RM-840,,,开机屏好,7,元/台,,image_first_visual_crosscheck_high_similarity,诺基亚.jpg,/mnt/data/decoded2/需要获取数据与不需要获数据原文件/需要获取的图片正文数据/数码网报价单-0825更新/手机相关/诺基亚.jpg,1,0.995,visual_0825_vs_0831_pixel_crosscheck_and_header_structure
20260825-28b71098c49819ed5be0-01,2026-08-25,手机,device,诺基亚,点数系列,RM-840,,,开机屏坏,7,元/台,,image_first_visual_crosscheck_high_similarity,诺基亚.jpg,/mnt/data/decoded2/需要获取数据与不需要获数据原文件/需要获取的图片正文数据/数码网报价单-0825更新/手机相关/诺基亚.jpg,1,0.995,visual_0825_vs_0831_pixel_crosscheck_and_header_structure
20260825-4a47908fb19092bd9664-01,2026-08-25,手机,device,诺基亚,点数系列,RM-840,,,不开机,7,元/台,,image_first_visual_crosscheck_high_similarity,诺基亚.jpg,/mnt/data/decoded2/需要获取数据与不需要获数据原文件/需要获取的图片正文数据/数码网报价单-0825更新/手机相关/诺基亚.jpg,1,0.995,visual_0825_vs_0831_pixel_crosscheck_and_header_structure
20260825-ab267cf7ba997fffd202-01,2026-08-25,手机,device,诺基亚,点数系列,RM-840,,,不开机屏好,7,元/台,,image_first_visual_crosscheck_high_similarity,诺基亚.jpg,/mnt/data/decoded2/需要获取数据与不需要获数据原文件/需要获取的图片正文数据/数码网报价单-0825更新/手机相关/诺基亚.jpg,1,0.995,visual_0825_vs_0831_pixel_crosscheck_and_header_structure
20260825-4d81e3c870b6505d139b-01,2026-08-25,手机,device,诺基亚,点数系列,RM-1099,,,开机屏好,7,元/台,,image_first_visual_crosscheck_high_similarity,诺基亚.jpg,/mnt/data/decoded2/需要获取数据与不需要获数据原文件/需要获取的图片正文数据/数码网报价单-0825更新/手机相关/诺基亚.jpg,1,0.995,visual_0825_vs_0831_pixel_crosscheck_and_header_structure
20260825-d44837e86441b6fe1dcd-01,2026-08-25,手机,device,诺基亚,点数系列,RM-1099,,,开机屏坏,7,元/台,,image_first_visual_crosscheck_high_similarity,诺基亚.jpg,/mnt/data/decoded2/需要获取数据与不需要获数据原文件/需要获取的图片正文数据/数码网报价单-0825更新/手机相关/诺基亚.jpg,1,0.995,visual_0825_vs_0831_pixel_crosscheck_and_header_structure
20260825-ad3636610e40b91dc65a-01,2026-08-25,手机,device,诺基亚,点数系列,RM-1099,,,不开机,7,元/台,,image_first_visual_crosscheck_high_similarity,诺基亚.jpg,/mnt/data/decoded2/需要获取数据与不需要获数据原文件/需要获取的图片正文数据/数码网报价单-0825更新/手机相关/诺基亚.jpg,1,0.995,visual_0825_vs_0831_pixel_crosscheck_and_header_structure
20260825-4d02b6eb05afbae78c80-01,2026-08-25,手机,device,诺基亚,点数系列,RM-1099,,,不开机屏好,7,元/台,,image_first_visual_crosscheck_high_similarity,诺基亚.jpg,/mnt/data/decoded2/需要获取数据与不需要获数据原文件/需要获取的图片正文数据/数码网报价单-0825更新/手机相关/诺基亚.jpg,1,0.995,visual_0825_vs_0831_pixel_crosscheck_and_header_structure
20260825-39d9b26991c592598db9-01,2026-08-25,手机,device,诺基亚,点数系列,1096,,,开机屏好,7,元/台,,image_first_visual_crosscheck_high_similarity,诺基亚.jpg,/mnt/data/decoded2/需要获取数据与不需要获数据原文件/需要获取的图片正文数据/数码网报价单-0825更新/手机相关/诺基亚.jpg,1,0.995,visual_0825_vs_0831_pixel_crosscheck_and_header_structure
20260825-92b529c1b6451683c47a-01,2026-08-25,手机,device,诺基亚,点数系列,1096,,,开机屏坏,7,元/台,,image_first_visual_crosscheck_high_similarity,诺基亚.jpg,/mnt/data/decoded2/需要获取数据与不需要获数据原文件/需要获取的图片正文数据/数码网报价单-0825更新/手机相关/诺基亚.jpg,1,0.995,visual_0825_vs_0831_pixel_crosscheck_and_header_structure
20260825-4c1a9b1431f10e8987da-01,2026-08-25,手机,device,诺基亚,点数系列,1096,,,不开机,7,元/台,,image_first_visual_crosscheck_high_similarity,诺基亚.jpg,/mnt/data/decoded2/需要获取数据与不需要获数据原文件/需要获取的图片正文数据/数码网报价单-0825更新/手机相关/诺基亚.jpg,1,0.995,visual_0825_vs_0831_pixel_crosscheck_and_header_structure
20260825-2c7a04fcd589e51f0e6e-01,2026-08-25,手机,device,诺基亚,点数系列,1096,,,不开机屏好,7,元/台,,image_first_visual_crosscheck_high_similarity,诺基亚.jpg,/mnt/data/decoded2/需要获取数据与不需要获数据原文件/需要获取的图片正文数据/数码网报价单-0825更新/手机相关/诺基亚.jpg,1,0.995,visual_0825_vs_0831_pixel_crosscheck_and_header_structure
20260825-a171f6b24e311039dc12-01,2026-08-25,手机,device,诺基亚,点数系列,1061,,,开机屏好,7,元/台,,image_first_visual_crosscheck_high_similarity,诺基亚.jpg,/mnt/data/decoded2/需要获取数据与不需要获数据原文件/需要获取的图片正文数据/数码网报价单-0825更新/手机相关/诺基亚.jpg,1,0.995,visual_0825_vs_0831_pixel_crosscheck_and_header_structure
20260825-87e3f23661ae89544349-01,2026-08-25,手机,device,诺基亚,点数系列,1061,,,开机屏坏,7,元/台,,image_first_visual_crosscheck_high_similarity,诺基亚.jpg,/mnt/data/decoded2/需要获取数据与不需要获数据原文件/需要获取的图片正文数据/数码网报价单-0825更新/手机相关/诺基亚.jpg,1,0.995,visual_0825_vs_0831_pixel_crosscheck_and_header_structure
20260825-e0e67a9f99525c096b09-01,2026-08-25,手机,device,诺基亚,点数系列,1061,,,不开机,7,元/台,,image_first_visual_crosscheck_high_similarity,诺基亚.jpg,/mnt/data/decoded2/需要获取数据与不需要获数据原文件/需要获取的图片正文数据/数码网报价单-0825更新/手机相关/诺基亚.jpg,1,0.995,visual_0825_vs_0831_pixel_crosscheck_and_header_structure
20260825-089ef902159f08cc45c2-01,2026-08-25,手机,device,诺基亚,点数系列,1061,,,不开机屏好,7,元/台,,image_first_visual_crosscheck_high_similarity,诺基亚.jpg,/mnt/data/decoded2/需要获取数据与不需要获数据原文件/需要获取的图片正文数据/数码网报价单-0825更新/手机相关/诺基亚.jpg,1,0.995,visual_0825_vs_0831_pixel_crosscheck_and_header_structure
20260825-8f28cace261a9e2f4ca7-01,2026-08-25,手机,device,诺基亚,点数系列,RM-1035,,,开机屏好,7,元/台,,image_first_visual_crosscheck_high_similarity,诺基亚.jpg,/mnt/data/decoded2/需要获取数据与不需要获数据原文件/需要获取的图片正文数据/数码网报价单-0825更新/手机相关/诺基亚.jpg,1,0.995,visual_0825_vs_0831_pixel_crosscheck_and_header_structure
20260825-d92a1436648393cd876d-01,2026-08-25,手机,device,诺基亚,点数系列,RM-1035,,,开机屏坏,7,元/台,,image_first_visual_crosscheck_high_similarity,诺基亚.jpg,/mnt/data/decoded2/需要获取数据与不需要获数据原文件/需要获取的图片正文数据/数码网报价单-0825更新/手机相关/诺基亚.jpg,1,0.995,visual_0825_vs_0831_pixel_crosscheck_and_header_structure
20260825-9639ed71e2bd61c64b53-01,2026-08-25,手机,device,诺基亚,点数系列,RM-1035,,,不开机,7,元/台,,image_first_visual_crosscheck_high_similarity,诺基亚.jpg,/mnt/data/decoded2/需要获取数据与不需要获数据原文件/需要获取的图片正文数据/数码网报价单-0825更新/手机相关/诺基亚.jpg,1,0.995,visual_0825_vs_0831_pixel_crosscheck_and_header_structure
20260825-e667a12e28aba3d117a5-01,2026-08-25,手机,device,诺基亚,点数系列,RM-1035,,,不开机屏好,7,元/台,,image_first_visual_crosscheck_high_similarity,诺基亚.jpg,/mnt/data/decoded2/需要获取数据与不需要获数据原文件/需要获取的图片正文数据/数码网报价单-0825更新/手机相关/诺基亚.jpg,1,0.995,visual_0825_vs_0831_pixel_crosscheck_and_header_structure
20260825-fe1ecfab94a0f04ebcd9-01,2026-08-25,手机,device,诺基亚,点数系列,RM-1020,,,开机屏好,7,元/台,,image_first_visual_crosscheck_high_similarity,诺基亚.jpg,/mnt/data/decoded2/需要获取数据与不需要获数据原文件/需要获取的图片正文数据/数码网报价单-0825更新/手机相关/诺基亚.jpg,1,0.995,visual_0825_vs_0831_pixel_crosscheck_and_header_structure
20260825-1ea3499765d3908f7a1f-01,2026-08-25,手机,device,诺基亚,点数系列,RM-1020,,,开机屏坏,7,元/台,,image_first_visual_crosscheck_high_similarity,诺基亚.jpg,/mnt/data/decoded2/需要获取数据与不需要获数据原文件/需要获取的图片正文数据/数码网报价单-0825更新/手机相关/诺基亚.jpg,1,0.995,visual_0825_vs_0831_pixel_crosscheck_and_header_structure
20260825-e6c9f78b5ac738284387-01,2026-08-25,手机,device,诺基亚,点数系列,RM-1020,,,不开机,7,元/台,,image_first_visual_crosscheck_high_similarity,诺基亚.jpg,/mnt/data/decoded2/需要获取数据与不需要获数据原文件/需要获取的图片正文数据/数码网报价单-0825更新/手机相关/诺基亚.jpg,1,0.995,visual_0825_vs_0831_pixel_crosscheck_and_header_structure
20260825-d09635b866b8c55a92fe-01,2026-08-25,手机,device,诺基亚,点数系列,RM-1020,,,不开机屏好,7,元/台,,image_first_visual_crosscheck_high_similarity,诺基亚.jpg,/mnt/data/decoded2/需要获取数据与不需要获数据原文件/需要获取的图片正文数据/数码网报价单-0825更新/手机相关/诺基亚.jpg,1,0.995,visual_0825_vs_0831_pixel_crosscheck_and_header_structure
20260825-e59806e818b55be13030-01,2026-08-25,手机,device,诺基亚,点数系列,N1,,,开机屏好,7,元/台,,image_first_visual_crosscheck_high_similarity,诺基亚.jpg,/mnt/data/decoded2/需要获取数据与不需要获数据原文件/需要获取的图片正文数据/数码网报价单-0825更新/手机相关/诺基亚.jpg,1,0.995,visual_0825_vs_0831_pixel_crosscheck_and_header_structure
20260825-743d9d2b9c595714ca32-01,2026-08-25,手机,device,诺基亚,点数系列,N1,,,开机屏坏,7,元/台,,image_first_visual_crosscheck_high_similarity,诺基亚.jpg,/mnt/data/decoded2/需要获取数据与不需要获数据原文件/需要获取的图片正文数据/数码网报价单-0825更新/手机相关/诺基亚.jpg,1,0.995,visual_0825_vs_0831_pixel_crosscheck_and_header_structure
20260825-7ebae24ad116246be0f4-01,2026-08-25,手机,device,诺基亚,点数系列,N1,,,不开机,7,元/台,,image_first_visual_crosscheck_high_similarity,诺基亚.jpg,/mnt/data/decoded2/需要获取数据与不需要获数据原文件/需要获取的图片正文数据/数码网报价单-0825更新/手机相关/诺基亚.jpg,1,0.995,visual_0825_vs_0831_pixel_crosscheck_and_header_structure
20260825-c809318c5d3272f630b6-01,2026-08-25,手机,device,诺基亚,点数系列,N1,,,不开机屏好,7,元/台,,image_first_visual_crosscheck_high_similarity,诺基亚.jpg,/mnt/data/decoded2/需要获取数据与不需要获数据原文件/需要获取的图片正文数据/数码网报价单-0825更新/手机相关/诺基亚.jpg,1,0.995,visual_0825_vs_0831_pixel_crosscheck_and_header_structure
20260825-b41cd4dc70cd273d5c02-01,2026-08-25,手机,device,诺基亚,点数系列,lumia 930,,,开机屏好,7,元/台,,image_first_visual_crosscheck_high_similarity,诺基亚.jpg,/mnt/data/decoded2/需要获取数据与不需要获数据原文件/需要获取的图片正文数据/数码网报价单-0825更新/手机相关/诺基亚.jpg,1,0.995,visual_0825_vs_0831_pixel_crosscheck_and_header_structure
20260825-17fe11b90b6e4263e1fa-01,2026-08-25,手机,device,诺基亚,点数系列,lumia 930,,,开机屏坏,7,元/台,,image_first_visual_crosscheck_high_similarity,诺基亚.jpg,/mnt/data/decoded2/需要获取数据与不需要获数据原文件/需要获取的图片正文数据/数码网报价单-0825更新/手机相关/诺基亚.jpg,1,0.995,visual_0825_vs_0831_pixel_crosscheck_and_header_structure
20260825-27af1918a6818ec07416-01,2026-08-25,手机,device,诺基亚,点数系列,lumia 930,,,不开机,7,元/台,,image_first_visual_crosscheck_high_similarity,诺基亚.jpg,/mnt/data/decoded2/需要获取数据与不需要获数据原文件/需要获取的图片正文数据/数码网报价单-0825更新/手机相关/诺基亚.jpg,1,0.995,visual_0825_vs_0831_pixel_crosscheck_and_header_structure
20260825-7d04fa2bd72f5be3c09e-01,2026-08-25,手机,device,诺基亚,点数系列,lumia 930,,,不开机屏好,7,元/台,,image_first_visual_crosscheck_high_similarity,诺基亚.jpg,/mnt/data/decoded2/需要获取数据与不需要获数据原文件/需要获取的图片正文数据/数码网报价单-0825更新/手机相关/诺基亚.jpg,1,0.995,visual_0825_vs_0831_pixel_crosscheck_and_header_structure
20260825-c40e5c8c99cd733b3ef2-01,2026-08-25,手机,device,诺基亚,点数系列,lumia 830,,,开机屏好,7,元/台,,image_first_visual_crosscheck_high_similarity,诺基亚.jpg,/mnt/data/decoded2/需要获取数据与不需要获数据原文件/需要获取的图片正文数据/数码网报价单-0825更新/手机相关/诺基亚.jpg,1,0.995,visual_0825_vs_0831_pixel_crosscheck_and_header_structure
20260825-0a616bcd24cee8c88b5f-01,2026-08-25,手机,device,诺基亚,点数系列,lumia 830,,,开机屏坏,7,元/台,,image_first_visual_crosscheck_high_similarity,诺基亚.jpg,/mnt/data/decoded2/需要获取数据与不需要获数据原文件/需要获取的图片正文数据/数码网报价单-0825更新/手机相关/诺基亚.jpg,1,0.995,visual_0825_vs_0831_pixel_crosscheck_and_header_structure
20260825-ef8d01c4b8cd2a620f3f-01,2026-08-25,手机,device,诺基亚,点数系列,lumia 830,,,不开机,7,元/台,,image_first_visual_crosscheck_high_similarity,诺基亚.jpg,/mnt/data/decoded2/需要获取数据与不需要获数据原文件/需要获取的图片正文数据/数码网报价单-0825更新/手机相关/诺基亚.jpg,1,0.995,visual_0825_vs_0831_pixel_crosscheck_and_header_structure
20260825-02ab76177132e06bd24a-01,2026-08-25,手机,device,诺基亚,点数系列,lumia 830,,,不开机屏好,7,元/台,,image_first_visual_crosscheck_high_similarity,诺基亚.jpg,/mnt/data/decoded2/需要获取数据与不需要获数据原文件/需要获取的图片正文数据/数码网报价单-0825更新/手机相关/诺基亚.jpg,1,0.995,visual_0825_vs_0831_pixel_crosscheck_and_header_structure
20260825-ea18ea4c7c019c4e05f7-01,2026-08-25,手机,device,诺基亚,点数系列,C2-01,,,开机屏好,7,元/台,,image_first_visual_crosscheck_high_similarity,诺基亚.jpg,/mnt/data/decoded2/需要获取数据与不需要获数据原文件/需要获取的图片正文数据/数码网报价单-0825更新/手机相关/诺基亚.jpg,1,0.995,visual_0825_vs_0831_pixel_crosscheck_and_header_structure
20260825-06aad0745c9ccb969a80-01,2026-08-25,手机,device,诺基亚,点数系列,C2-01,,,开机屏坏,7,元/台,,image_first_visual_crosscheck_high_similarity,诺基亚.jpg,/mnt/data/decoded2/需要获取数据与不需要获数据原文件/需要获取的图片正文数据/数码网报价单-0825更新/手机相关/诺基亚.jpg,1,0.995,visual_0825_vs_0831_pixel_crosscheck_and_header_structure
20260825-7bb0fcabeb7034106e9b-01,2026-08-25,手机,device,诺基亚,点数系列,C2-01,,,不开机,7,元/台,,image_first_visual_crosscheck_high_similarity,诺基亚.jpg,/mnt/data/decoded2/需要获取数据与不需要获数据原文件/需要获取的图片正文数据/数码网报价单-0825更新/手机相关/诺基亚.jpg,1,0.995,visual_0825_vs_0831_pixel_crosscheck_and_header_structure
20260825-eb565d9566f226faaeb8-01,2026-08-25,手机,device,诺基亚,点数系列,C2-01,,,不开机屏好,7,元/台,,image_first_visual_crosscheck_high_similarity,诺基亚.jpg,/mnt/data/decoded2/需要获取数据与不需要获数据原文件/需要获取的图片正文数据/数码网报价单-0825更新/手机相关/诺基亚.jpg,1,0.995,visual_0825_vs_0831_pixel_crosscheck_and_header_structure
20260825-3582f58d79ad1bafe1d7-01,2026-08-25,手机,device,诺基亚,点数系列,950xl,,,开机屏好,7,元/台,,image_first_visual_crosscheck_high_similarity,诺基亚.jpg,/mnt/data/decoded2/需要获取数据与不需要获数据原文件/需要获取的图片正文数据/数码网报价单-0825更新/手机相关/诺基亚.jpg,1,0.995,visual_0825_vs_0831_pixel_crosscheck_and_header_structure
20260825-041279e75d75dc3f4889-01,2026-08-25,手机,device,诺基亚,点数系列,950xl,,,开机屏坏,7,元/台,,image_first_visual_crosscheck_high_similarity,诺基亚.jpg,/mnt/data/decoded2/需要获取数据与不需要获数据原文件/需要获取的图片正文数据/数码网报价单-0825更新/手机相关/诺基亚.jpg,1,0.995,visual_0825_vs_0831_pixel_crosscheck_and_header_structure
20260825-a2120b9a989f51b5fd4a-01,2026-08-25,手机,device,诺基亚,点数系列,950xl,,,不开机,7,元/台,,image_first_visual_crosscheck_high_similarity,诺基亚.jpg,/mnt/data/decoded2/需要获取数据与不需要获数据原文件/需要获取的图片正文数据/数码网报价单-0825更新/手机相关/诺基亚.jpg,1,0.995,visual_0825_vs_0831_pixel_crosscheck_and_header_structure
20260825-1e2eb23767ac12ff2765-01,2026-08-25,手机,device,诺基亚,点数系列,950xl,,,不开机屏好,7,元/台,,image_first_visual_crosscheck_high_similarity,诺基亚.jpg,/mnt/data/decoded2/需要获取数据与不需要获数据原文件/需要获取的图片正文数据/数码网报价单-0825更新/手机相关/诺基亚.jpg,1,0.995,visual_0825_vs_0831_pixel_crosscheck_and_header_structure
20260825-9eee5b3f1a080b83fa09-01,2026-08-25,手机,device,诺基亚,点数系列,950ds,,,开机屏好,7,元/台,,image_first_visual_crosscheck_high_similarity,诺基亚.jpg,/mnt/data/decoded2/需要获取数据与不需要获数据原文件/需要获取的图片正文数据/数码网报价单-0825更新/手机相关/诺基亚.jpg,1,0.995,visual_0825_vs_0831_pixel_crosscheck_and_header_structure
20260825-56bcb09381f5eb2f36e3-01,2026-08-25,手机,device,诺基亚,点数系列,950ds,,,开机屏坏,7,元/台,,image_first_visual_crosscheck_high_similarity,诺基亚.jpg,/mnt/data/decoded2/需要获取数据与不需要获数据原文件/需要获取的图片正文数据/数码网报价单-0825更新/手机相关/诺基亚.jpg,1,0.995,visual_0825_vs_0831_pixel_crosscheck_and_header_structure
20260825-5131ae5dff2b7bd9174f-01,2026-08-25,手机,device,诺基亚,点数系列,950ds,,,不开机,7,元/台,,image_first_visual_crosscheck_high_similarity,诺基亚.jpg,/mnt/data/decoded2/需要获取数据与不需要获数据原文件/需要获取的图片正文数据/数码网报价单-0825更新/手机相关/诺基亚.jpg,1,0.995,visual_0825_vs_0831_pixel_crosscheck_and_header_structure
20260825-46ad6904f50fbec610f9-01,2026-08-25,手机,device,诺基亚,点数系列,950ds,,,不开机屏好,7,元/台,,image_first_visual_crosscheck_high_similarity,诺基亚.jpg,/mnt/data/decoded2/需要获取数据与不需要获数据原文件/需要获取的图片正文数据/数码网报价单-0825更新/手机相关/诺基亚.jpg,1,0.995,visual_0825_vs_0831_pixel_crosscheck_and_header_structure
20260825-22600fe9944f8f0af060-01,2026-08-25,手机,device,诺基亚,点数系列,920T,,,开机屏好,7,元/台,,image_first_visual_crosscheck_high_similarity,诺基亚.jpg,/mnt/data/decoded2/需要获取数据与不需要获数据原文件/需要获取的图片正文数据/数码网报价单-0825更新/手机相关/诺基亚.jpg,1,0.995,visual_0825_vs_0831_pixel_crosscheck_and_header_structure
20260825-05f6347bc57416068548-01,2026-08-25,手机,device,诺基亚,点数系列,920T,,,开机屏坏,7,元/台,,image_first_visual_crosscheck_high_similarity,诺基亚.jpg,/mnt/data/decoded2/需要获取数据与不需要获数据原文件/需要获取的图片正文数据/数码网报价单-0825更新/手机相关/诺基亚.jpg,1,0.995,visual_0825_vs_0831_pixel_crosscheck_and_header_structure
20260825-9eb92d172b3f4c5b5a96-01,2026-08-25,手机,device,诺基亚,点数系列,920T,,,不开机,7,元/台,,image_first_visual_crosscheck_high_similarity,诺基亚.jpg,/mnt/data/decoded2/需要获取数据与不需要获数据原文件/需要获取的图片正文数据/数码网报价单-0825更新/手机相关/诺基亚.jpg,1,0.995,visual_0825_vs_0831_pixel_crosscheck_and_header_structure
20260825-2167ccf36bf2acd74e03-01,2026-08-25,手机,device,诺基亚,点数系列,920T,,,不开机屏好,7,元/台,,image_first_visual_crosscheck_high_similarity,诺基亚.jpg,/mnt/data/decoded2/需要获取数据与不需要获数据原文件/需要获取的图片正文数据/数码网报价单-0825更新/手机相关/诺基亚.jpg,1,0.995,visual_0825_vs_0831_pixel_crosscheck_and_header_structure
20260825-d9b666620e85bbc24f9c-01,2026-08-25,手机,device,诺基亚,点数系列,1520,,,开机屏好,7,元/台,,image_first_visual_crosscheck_high_similarity,诺基亚.jpg,/mnt/data/decoded2/需要获取数据与不需要获数据原文件/需要获取的图片正文数据/数码网报价单-0825更新/手机相关/诺基亚.jpg,1,0.995,visual_0825_vs_0831_pixel_crosscheck_and_header_structure
20260825-88334557f1641889c318-01,2026-08-25,手机,device,诺基亚,点数系列,1520,,,开机屏坏,7,元/台,,image_first_visual_crosscheck_high_similarity,诺基亚.jpg,/mnt/data/decoded2/需要获取数据与不需要获数据原文件/需要获取的图片正文数据/数码网报价单-0825更新/手机相关/诺基亚.jpg,1,0.995,visual_0825_vs_0831_pixel_crosscheck_and_header_structure
20260825-6e3f552712c3ef5aa2cd-01,2026-08-25,手机,device,诺基亚,点数系列,1520,,,不开机,7,元/台,,image_first_visual_crosscheck_high_similarity,诺基亚.jpg,/mnt/data/decoded2/需要获取数据与不需要获数据原文件/需要获取的图片正文数据/数码网报价单-0825更新/手机相关/诺基亚.jpg,1,0.995,visual_0825_vs_0831_pixel_crosscheck_and_header_structure
20260825-aaf37653cc40d8baa8ac-01,2026-08-25,手机,device,诺基亚,点数系列,1520,,,不开机屏好,7,元/台,,image_first_visual_crosscheck_high_similarity,诺基亚.jpg,/mnt/data/decoded2/需要获取数据与不需要获数据原文件/需要获取的图片正文数据/数码网报价单-0825更新/手机相关/诺基亚.jpg,1,0.995,visual_0825_vs_0831_pixel_crosscheck_and_header_structure
20260825-ea3da3fa294f071e7452-01,2026-08-25,手机,device,诺基亚,点数系列,1320,,,开机屏好,7,元/台,,image_first_visual_crosscheck_high_similarity,诺基亚.jpg,/mnt/data/decoded2/需要获取数据与不需要获数据原文件/需要获取的图片正文数据/数码网报价单-0825更新/手机相关/诺基亚.jpg,1,0.995,visual_0825_vs_0831_pixel_crosscheck_and_header_structure
20260825-84384f08997174afb060-01,2026-08-25,手机,device,诺基亚,点数系列,1320,,,开机屏坏,7,元/台,,image_first_visual_crosscheck_high_similarity,诺基亚.jpg,/mnt/data/decoded2/需要获取数据与不需要获数据原文件/需要获取的图片正文数据/数码网报价单-0825更新/手机相关/诺基亚.jpg,1,0.995,visual_0825_vs_0831_pixel_crosscheck_and_header_structure
20260825-a8915ee090df7ea5168f-01,2026-08-25,手机,device,诺基亚,点数系列,1320,,,不开机,7,元/台,,image_first_visual_crosscheck_high_similarity,诺基亚.jpg,/mnt/data/decoded2/需要获取数据与不需要获数据原文件/需要获取的图片正文数据/数码网报价单-0825更新/手机相关/诺基亚.jpg,1,0.995,visual_0825_vs_0831_pixel_crosscheck_and_header_structure
20260825-3963cd8e052bc5351876-01,2026-08-25,手机,device,诺基亚,点数系列,1320,,,不开机屏好,7,元/台,,image_first_visual_crosscheck_high_similarity,诺基亚.jpg,/mnt/data/decoded2/需要获取数据与不需要获数据原文件/需要获取的图片正文数据/数码网报价单-0825更新/手机相关/诺基亚.jpg,1,0.995,visual_0825_vs_0831_pixel_crosscheck_and_header_structure
20260825-4f14b204acf1e637cb2c-01,2026-08-25,手机,device,诺基亚,点数系列,1280,,,开机屏好,6,元/台,,image_first_visual_crosscheck_high_similarity,诺基亚.jpg,/mnt/data/decoded2/需要获取数据与不需要获数据原文件/需要获取的图片正文数据/数码网报价单-0825更新/手机相关/诺基亚.jpg,1,0.995,visual_0825_vs_0831_pixel_crosscheck_and_header_structure
20260825-2d804760c6f7688c63bd-01,2026-08-25,手机,device,诺基亚,点数系列,1280,,,开机屏坏,6,元/台,,image_first_visual_crosscheck_high_similarity,诺基亚.jpg,/mnt/data/decoded2/需要获取数据与不需要获数据原文件/需要获取的图片正文数据/数码网报价单-0825更新/手机相关/诺基亚.jpg,1,0.995,visual_0825_vs_0831_pixel_crosscheck_and_header_structure
20260825-7b5fb024a4edf8631d61-01,2026-08-25,手机,device,诺基亚,点数系列,1280,,,不开机,6,元/台,,image_first_visual_crosscheck_high_similarity,诺基亚.jpg,/mnt/data/decoded2/需要获取数据与不需要获数据原文件/需要获取的图片正文数据/数码网报价单-0825更新/手机相关/诺基亚.jpg,1,0.995,visual_0825_vs_0831_pixel_crosscheck_and_header_structure
20260825-0f9a1492c1ee1af4a805-01,2026-08-25,手机,device,诺基亚,点数系列,1280,,,不开机屏好,6,元/台,,image_first_visual_crosscheck_high_similarity,诺基亚.jpg,/mnt/data/decoded2/需要获取数据与不需要获数据原文件/需要获取的图片正文数据/数码网报价单-0825更新/手机相关/诺基亚.jpg,1,0.995,visual_0825_vs_0831_pixel_crosscheck_and_header_structure
20260825-7115acaafde72221a4b9-01,2026-08-25,手机,device,诺基亚,点数系列,1200,,,开机屏好,9,元/台,,image_first_visual_crosscheck_high_similarity,诺基亚.jpg,/mnt/data/decoded2/需要获取数据与不需要获数据原文件/需要获取的图片正文数据/数码网报价单-0825更新/手机相关/诺基亚.jpg,1,0.995,visual_0825_vs_0831_pixel_crosscheck_and_header_structure
20260825-5635c6de49b1b4750dbd-01,2026-08-25,手机,device,诺基亚,点数系列,1200,,,开机屏坏,9,元/台,,image_first_visual_crosscheck_high_similarity,诺基亚.jpg,/mnt/data/decoded2/需要获取数据与不需要获数据原文件/需要获取的图片正文数据/数码网报价单-0825更新/手机相关/诺基亚.jpg,1,0.995,visual_0825_vs_0831_pixel_crosscheck_and_header_structure
20260825-479e0589a36ab49f2c00-01,2026-08-25,手机,device,诺基亚,点数系列,1200,,,不开机,9,元/台,,image_first_visual_crosscheck_high_similarity,诺基亚.jpg,/mnt/data/decoded2/需要获取数据与不需要获数据原文件/需要获取的图片正文数据/数码网报价单-0825更新/手机相关/诺基亚.jpg,1,0.995,visual_0825_vs_0831_pixel_crosscheck_and_header_structure
20260825-f09360148caad4cb4073-01,2026-08-25,手机,device,诺基亚,点数系列,1200,,,不开机屏好,9,元/台,,image_first_visual_crosscheck_high_similarity,诺基亚.jpg,/mnt/data/decoded2/需要获取数据与不需要获数据原文件/需要获取的图片正文数据/数码网报价单-0825更新/手机相关/诺基亚.jpg,1,0.995,visual_0825_vs_0831_pixel_crosscheck_and_header_structure
20260825-ec323aaac5473129b9f7-01,2026-08-25,手机,device,诺基亚,点数系列,1126,,,开机屏好,7,元/台,,image_first_visual_crosscheck_high_similarity,诺基亚.jpg,/mnt/data/decoded2/需要获取数据与不需要获数据原文件/需要获取的图片正文数据/数码网报价单-0825更新/手机相关/诺基亚.jpg,1,0.995,visual_0825_vs_0831_pixel_crosscheck_and_header_structure
20260825-5eaf8481ca9513fad3bb-01,2026-08-25,手机,device,诺基亚,点数系列,1126,,,开机屏坏,7,元/台,,image_first_visual_crosscheck_high_similarity,诺基亚.jpg,/mnt/data/decoded2/需要获取数据与不需要获数据原文件/需要获取的图片正文数据/数码网报价单-0825更新/手机相关/诺基亚.jpg,1,0.995,visual_0825_vs_0831_pixel_crosscheck_and_header_structure
20260825-8d6b97ad2e284d05a772-01,2026-08-25,手机,device,诺基亚,点数系列,1126,,,不开机,7,元/台,,image_first_visual_crosscheck_high_similarity,诺基亚.jpg,/mnt/data/decoded2/需要获取数据与不需要获数据原文件/需要获取的图片正文数据/数码网报价单-0825更新/手机相关/诺基亚.jpg,1,0.995,visual_0825_vs_0831_pixel_crosscheck_and_header_structure
20260825-73820901fb0bf6004301-01,2026-08-25,手机,device,诺基亚,点数系列,1126,,,不开机屏好,7,元/台,,image_first_visual_crosscheck_high_similarity,诺基亚.jpg,/mnt/data/decoded2/需要获取数据与不需要获数据原文件/需要获取的图片正文数据/数码网报价单-0825更新/手机相关/诺基亚.jpg,1,0.995,visual_0825_vs_0831_pixel_crosscheck_and_header_structure
20260825-1873154b08147f9397d7-01,2026-08-25,手机,device,诺基亚,点数系列,1113,,,开机屏好,7,元/台,,image_first_visual_crosscheck_high_similarity,诺基亚.jpg,/mnt/data/decoded2/需要获取数据与不需要获数据原文件/需要获取的图片正文数据/数码网报价单-0825更新/手机相关/诺基亚.jpg,1,0.995,visual_0825_vs_0831_pixel_crosscheck_and_header_structure
20260825-8f3a3e24fd176ce1c7ef-01,2026-08-25,手机,device,诺基亚,点数系列,1113,,,开机屏坏,7,元/台,,image_first_visual_crosscheck_high_similarity,诺基亚.jpg,/mnt/data/decoded2/需要获取数据与不需要获数据原文件/需要获取的图片正文数据/数码网报价单-0825更新/手机相关/诺基亚.jpg,1,0.995,visual_0825_vs_0831_pixel_crosscheck_and_header_structure
20260825-84f3d5e3af28bfba52c9-01,2026-08-25,手机,device,诺基亚,点数系列,1113,,,不开机,7,元/台,,image_first_visual_crosscheck_high_similarity,诺基亚.jpg,/mnt/data/decoded2/需要获取数据与不需要获数据原文件/需要获取的图片正文数据/数码网报价单-0825更新/手机相关/诺基亚.jpg,1,0.995,visual_0825_vs_0831_pixel_crosscheck_and_header_structure
20260825-7983bd16621078b1176a-01,2026-08-25,手机,device,诺基亚,点数系列,1113,,,不开机屏好,7,元/台,,image_first_visual_crosscheck_high_similarity,诺基亚.jpg,/mnt/data/decoded2/需要获取数据与不需要获数据原文件/需要获取的图片正文数据/数码网报价单-0825更新/手机相关/诺基亚.jpg,1,0.995,visual_0825_vs_0831_pixel_crosscheck_and_header_structure
20260825-e694468f9dbf466671b3-01,2026-08-25,手机,device,诺基亚,点数系列,1085,,,开机屏好,7,元/台,,image_first_visual_crosscheck_high_similarity,诺基亚.jpg,/mnt/data/decoded2/需要获取数据与不需要获数据原文件/需要获取的图片正文数据/数码网报价单-0825更新/手机相关/诺基亚.jpg,1,0.995,visual_0825_vs_0831_pixel_crosscheck_and_header_structure
20260825-d55d2546fc07dcee41a3-01,2026-08-25,手机,device,诺基亚,点数系列,1085,,,开机屏坏,7,元/台,,image_first_visual_crosscheck_high_similarity,诺基亚.jpg,/mnt/data/decoded2/需要获取数据与不需要获数据原文件/需要获取的图片正文数据/数码网报价单-0825更新/手机相关/诺基亚.jpg,1,0.995,visual_0825_vs_0831_pixel_crosscheck_and_header_structure
20260825-3f4c4d8bdae282458b19-01,2026-08-25,手机,device,诺基亚,点数系列,1085,,,不开机,7,元/台,,image_first_visual_crosscheck_high_similarity,诺基亚.jpg,/mnt/data/decoded2/需要获取数据与不需要获数据原文件/需要获取的图片正文数据/数码网报价单-0825更新/手机相关/诺基亚.jpg,1,0.995,visual_0825_vs_0831_pixel_crosscheck_and_header_structure
20260825-32e726e3734fd283d774-01,2026-08-25,手机,device,诺基亚,点数系列,1085,,,不开机屏好,7,元/台,,image_first_visual_crosscheck_high_similarity,诺基亚.jpg,/mnt/data/decoded2/需要获取数据与不需要获数据原文件/需要获取的图片正文数据/数码网报价单-0825更新/手机相关/诺基亚.jpg,1,0.995,visual_0825_vs_0831_pixel_crosscheck_and_header_structure
20260825-54a1ecc795f57e67446d-01,2026-08-25,手机,device,诺基亚,点数系列,1030,,,开机屏好,7,元/台,,image_first_visual_crosscheck_high_similarity,诺基亚.jpg,/mnt/data/decoded2/需要获取数据与不需要获数据原文件/需要获取的图片正文数据/数码网报价单-0825更新/手机相关/诺基亚.jpg,1,0.995,visual_0825_vs_0831_pixel_crosscheck_and_header_structure
20260825-94fd12285b0b3e8dcc1f-01,2026-08-25,手机,device,诺基亚,点数系列,1030,,,开机屏坏,7,元/台,,image_first_visual_crosscheck_high_similarity,诺基亚.jpg,/mnt/data/decoded2/需要获取数据与不需要获数据原文件/需要获取的图片正文数据/数码网报价单-0825更新/手机相关/诺基亚.jpg,1,0.995,visual_0825_vs_0831_pixel_crosscheck_and_header_structure
20260825-66234c3aeb06267d258c-01,2026-08-25,手机,device,诺基亚,点数系列,1030,,,不开机,7,元/台,,image_first_visual_crosscheck_high_similarity,诺基亚.jpg,/mnt/data/decoded2/需要获取数据与不需要获数据原文件/需要获取的图片正文数据/数码网报价单-0825更新/手机相关/诺基亚.jpg,1,0.995,visual_0825_vs_0831_pixel_crosscheck_and_header_structure
20260825-68968dd1e35c5abc7274-01,2026-08-25,手机,device,诺基亚,点数系列,1030,,,不开机屏好,7,元/台,,image_first_visual_crosscheck_high_similarity,诺基亚.jpg,/mnt/data/decoded2/需要获取数据与不需要获数据原文件/需要获取的图片正文数据/数码网报价单-0825更新/手机相关/诺基亚.jpg,1,0.995,visual_0825_vs_0831_pixel_crosscheck_and_header_structure
20260825-c0e53928222160dcaf5a-01,2026-08-25,手机,device,诺基亚,点数系列,929,,,开机屏好,7,元/台,,image_first_visual_crosscheck_high_similarity,诺基亚.jpg,/mnt/data/decoded2/需要获取数据与不需要获数据原文件/需要获取的图片正文数据/数码网报价单-0825更新/手机相关/诺基亚.jpg,1,0.995,visual_0825_vs_0831_pixel_crosscheck_and_header_structure
20260825-0b4ed6a6449ae1e0fd72-01,2026-08-25,手机,device,诺基亚,点数系列,929,,,开机屏坏,7,元/台,,image_first_visual_crosscheck_high_similarity,诺基亚.jpg,/mnt/data/decoded2/需要获取数据与不需要获数据原文件/需要获取的图片正文数据/数码网报价单-0825更新/手机相关/诺基亚.jpg,1,0.995,visual_0825_vs_0831_pixel_crosscheck_and_header_structure
20260825-bd86b52bd782958741d0-01,2026-08-25,手机,device,诺基亚,点数系列,929,,,不开机,7,元/台,,image_first_visual_crosscheck_high_similarity,诺基亚.jpg,/mnt/data/decoded2/需要获取数据与不需要获数据原文件/需要获取的图片正文数据/数码网报价单-0825更新/手机相关/诺基亚.jpg,1,0.995,visual_0825_vs_0831_pixel_crosscheck_and_header_structure
20260825-ddd1fbde6b171be241ce-01,2026-08-25,手机,device,诺基亚,点数系列,929,,,不开机屏好,7,元/台,,image_first_visual_crosscheck_high_similarity,诺基亚.jpg,/mnt/data/decoded2/需要获取数据与不需要获数据原文件/需要获取的图片正文数据/数码网报价单-0825更新/手机相关/诺基亚.jpg,1,0.995,visual_0825_vs_0831_pixel_crosscheck_and_header_structure
20260825-d53bc1d845b10f30c3f8-01,2026-08-25,手机,device,诺基亚,点数系列,822,,,开机屏好,7,元/台,,image_first_visual_crosscheck_high_similarity,诺基亚.jpg,/mnt/data/decoded2/需要获取数据与不需要获数据原文件/需要获取的图片正文数据/数码网报价单-0825更新/手机相关/诺基亚.jpg,1,0.995,visual_0825_vs_0831_pixel_crosscheck_and_header_structure
20260825-aa97b22f7ce1b96a9a47-01,2026-08-25,手机,device,诺基亚,点数系列,822,,,开机屏坏,7,元/台,,image_first_visual_crosscheck_high_similarity,诺基亚.jpg,/mnt/data/decoded2/需要获取数据与不需要获数据原文件/需要获取的图片正文数据/数码网报价单-0825更新/手机相关/诺基亚.jpg,1,0.995,visual_0825_vs_0831_pixel_crosscheck_and_header_structure
20260825-67bfe7850ae98c7e8733-01,2026-08-25,手机,device,诺基亚,点数系列,822,,,不开机,7,元/台,,image_first_visual_crosscheck_high_similarity,诺基亚.jpg,/mnt/data/decoded2/需要获取数据与不需要获数据原文件/需要获取的图片正文数据/数码网报价单-0825更新/手机相关/诺基亚.jpg,1,0.995,visual_0825_vs_0831_pixel_crosscheck_and_header_structure
20260825-929d19fd37ec276d4eb4-01,2026-08-25,手机,device,诺基亚,点数系列,822,,,不开机屏好,7,元/台,,image_first_visual_crosscheck_high_similarity,诺基亚.jpg,/mnt/data/decoded2/需要获取数据与不需要获数据原文件/需要获取的图片正文数据/数码网报价单-0825更新/手机相关/诺基亚.jpg,1,0.995,visual_0825_vs_0831_pixel_crosscheck_and_header_structure
20260825-b1d33d846255a0b3d588-01,2026-08-25,手机,device,诺基亚,点数系列,820,,,开机屏好,7,元/台,,image_first_visual_crosscheck_high_similarity,诺基亚.jpg,/mnt/data/decoded2/需要获取数据与不需要获数据原文件/需要获取的图片正文数据/数码网报价单-0825更新/手机相关/诺基亚.jpg,1,0.995,visual_0825_vs_0831_pixel_crosscheck_and_header_structure
20260825-28732e36abd14c825bcd-01,2026-08-25,手机,device,诺基亚,点数系列,820,,,开机屏坏,7,元/台,,image_first_visual_crosscheck_high_similarity,诺基亚.jpg,/mnt/data/decoded2/需要获取数据与不需要获数据原文件/需要获取的图片正文数据/数码网报价单-0825更新/手机相关/诺基亚.jpg,1,0.995,visual_0825_vs_0831_pixel_crosscheck_and_header_structure
20260825-a25b30acedbbcd3bc9f0-01,2026-08-25,手机,device,诺基亚,点数系列,820,,,不开机,7,元/台,,image_first_visual_crosscheck_high_similarity,诺基亚.jpg,/mnt/data/decoded2/需要获取数据与不需要获数据原文件/需要获取的图片正文数据/数码网报价单-0825更新/手机相关/诺基亚.jpg,1,0.995,visual_0825_vs_0831_pixel_crosscheck_and_header_structure
20260825-b1702a0719e0c29dada9-01,2026-08-25,手机,device,诺基亚,点数系列,820,,,不开机屏好,7,元/台,,image_first_visual_crosscheck_high_similarity,诺基亚.jpg,/mnt/data/decoded2/需要获取数据与不需要获数据原文件/需要获取的图片正文数据/数码网报价单-0825更新/手机相关/诺基亚.jpg,1,0.995,visual_0825_vs_0831_pixel_crosscheck_and_header_structure
20260825-d1ed0724298e3f3b60c6-01,2026-08-25,手机,device,诺基亚,点数系列,700,,,开机屏好,7,元/台,,image_first_visual_crosscheck_high_similarity,诺基亚.jpg,/mnt/data/decoded2/需要获取数据与不需要获数据原文件/需要获取的图片正文数据/数码网报价单-0825更新/手机相关/诺基亚.jpg,1,0.995,visual_0825_vs_0831_pixel_crosscheck_and_header_structure
20260825-79c43cd0f0b1e909f647-01,2026-08-25,手机,device,诺基亚,点数系列,700,,,开机屏坏,7,元/台,,image_first_visual_crosscheck_high_similarity,诺基亚.jpg,/mnt/data/decoded2/需要获取数据与不需要获数据原文件/需要获取的图片正文数据/数码网报价单-0825更新/手机相关/诺基亚.jpg,1,0.995,visual_0825_vs_0831_pixel_crosscheck_and_header_structure
20260825-048d28f5da45f4083398-01,2026-08-25,手机,device,诺基亚,点数系列,700,,,不开机,7,元/台,,image_first_visual_crosscheck_high_similarity,诺基亚.jpg,/mnt/data/decoded2/需要获取数据与不需要获数据原文件/需要获取的图片正文数据/数码网报价单-0825更新/手机相关/诺基亚.jpg,1,0.995,visual_0825_vs_0831_pixel_crosscheck_and_header_structure
20260825-5febdf98bd35e173ee7f-01,2026-08-25,手机,device,诺基亚,点数系列,700,,,不开机屏好,7,元/台,,image_first_visual_crosscheck_high_similarity,诺基亚.jpg,/mnt/data/decoded2/需要获取数据与不需要获数据原文件/需要获取的图片正文数据/数码网报价单-0825更新/手机相关/诺基亚.jpg,1,0.995,visual_0825_vs_0831_pixel_crosscheck_and_header_structure
20260825-bde5fadf23055c8ba2ad-01,2026-08-25,手机,device,诺基亚,点数系列,650,,,开机屏好,7,元/台,,image_first_visual_crosscheck_high_similarity,诺基亚.jpg,/mnt/data/decoded2/需要获取数据与不需要获数据原文件/需要获取的图片正文数据/数码网报价单-0825更新/手机相关/诺基亚.jpg,1,0.995,visual_0825_vs_0831_pixel_crosscheck_and_header_structure
20260825-96deb31a852264524271-01,2026-08-25,手机,device,诺基亚,点数系列,650,,,开机屏坏,7,元/台,,image_first_visual_crosscheck_high_similarity,诺基亚.jpg,/mnt/data/decoded2/需要获取数据与不需要获数据原文件/需要获取的图片正文数据/数码网报价单-0825更新/手机相关/诺基亚.jpg,1,0.995,visual_0825_vs_0831_pixel_crosscheck_and_header_structure
20260825-a0663be67ceff3ddbf3b-01,2026-08-25,手机,device,诺基亚,点数系列,650,,,不开机,7,元/台,,image_first_visual_crosscheck_high_similarity,诺基亚.jpg,/mnt/data/decoded2/需要获取数据与不需要获数据原文件/需要获取的图片正文数据/数码网报价单-0825更新/手机相关/诺基亚.jpg,1,0.995,visual_0825_vs_0831_pixel_crosscheck_and_header_structure
20260825-ab0ea65ee08ae1b3db3a-01,2026-08-25,手机,device,诺基亚,点数系列,650,,,不开机屏好,7,元/台,,image_first_visual_crosscheck_high_similarity,诺基亚.jpg,/mnt/data/decoded2/需要获取数据与不需要获数据原文件/需要获取的图片正文数据/数码网报价单-0825更新/手机相关/诺基亚.jpg,1,0.995,visual_0825_vs_0831_pixel_crosscheck_and_header_structure
20260825-2a3f3d4e38e0b0600843-01,2026-08-25,手机,device,诺基亚,点数系列,640,,,开机屏好,7,元/台,,image_first_visual_crosscheck_high_similarity,诺基亚.jpg,/mnt/data/decoded2/需要获取数据与不需要获数据原文件/需要获取的图片正文数据/数码网报价单-0825更新/手机相关/诺基亚.jpg,1,0.995,visual_0825_vs_0831_pixel_crosscheck_and_header_structure
20260825-b8d93cb48ac3ac08dd34-01,2026-08-25,手机,device,诺基亚,点数系列,640,,,开机屏坏,7,元/台,,image_first_visual_crosscheck_high_similarity,诺基亚.jpg,/mnt/data/decoded2/需要获取数据与不需要获数据原文件/需要获取的图片正文数据/数码网报价单-0825更新/手机相关/诺基亚.jpg,1,0.995,visual_0825_vs_0831_pixel_crosscheck_and_header_structure
20260825-44aecf32f97787cc72d3-01,2026-08-25,手机,device,诺基亚,点数系列,640,,,不开机,7,元/台,,image_first_visual_crosscheck_high_similarity,诺基亚.jpg,/mnt/data/decoded2/需要获取数据与不需要获数据原文件/需要获取的图片正文数据/数码网报价单-0825更新/手机相关/诺基亚.jpg,1,0.995,visual_0825_vs_0831_pixel_crosscheck_and_header_structure
20260825-0c7e2dbbddfa2c1de106-01,2026-08-25,手机,device,诺基亚,点数系列,640,,,不开机屏好,7,元/台,,image_first_visual_crosscheck_high_similarity,诺基亚.jpg,/mnt/data/decoded2/需要获取数据与不需要获数据原文件/需要获取的图片正文数据/数码网报价单-0825更新/手机相关/诺基亚.jpg,1,0.995,visual_0825_vs_0831_pixel_crosscheck_and_header_structure
20260825-e67f2398f1c18c63b918-01,2026-08-25,手机,device,诺基亚,点数系列,625,,,开机屏好,6,元/台,,image_first_visual_crosscheck_high_similarity,诺基亚.jpg,/mnt/data/decoded2/需要获取数据与不需要获数据原文件/需要获取的图片正文数据/数码网报价单-0825更新/手机相关/诺基亚.jpg,1,0.995,visual_0825_vs_0831_pixel_crosscheck_and_header_structure
20260825-6e7c5ff7a8e8734a1d8b-01,2026-08-25,手机,device,诺基亚,点数系列,625,,,开机屏坏,6,元/台,,image_first_visual_crosscheck_high_similarity,诺基亚.jpg,/mnt/data/decoded2/需要获取数据与不需要获数据原文件/需要获取的图片正文数据/数码网报价单-0825更新/手机相关/诺基亚.jpg,1,0.995,visual_0825_vs_0831_pixel_crosscheck_and_header_structure
20260825-093c6e171a42e9f67980-01,2026-08-25,手机,device,诺基亚,点数系列,625,,,不开机,6,元/台,,image_first_visual_crosscheck_high_similarity,诺基亚.jpg,/mnt/data/decoded2/需要获取数据与不需要获数据原文件/需要获取的图片正文数据/数码网报价单-0825更新/手机相关/诺基亚.jpg,1,0.995,visual_0825_vs_0831_pixel_crosscheck_and_header_structure
20260825-86f72b32867a74581d5a-01,2026-08-25,手机,device,诺基亚,点数系列,625,,,不开机屏好,6,元/台,,image_first_visual_crosscheck_high_similarity,诺基亚.jpg,/mnt/data/decoded2/需要获取数据与不需要获数据原文件/需要获取的图片正文数据/数码网报价单-0825更新/手机相关/诺基亚.jpg,1,0.995,visual_0825_vs_0831_pixel_crosscheck_and_header_structure
20260825-db3df591f9e78ea8d2c3-01,2026-08-25,手机,device,诺基亚,点数系列,515,,,开机屏好,7,元/台,,image_first_visual_crosscheck_high_similarity,诺基亚.jpg,/mnt/data/decoded2/需要获取数据与不需要获数据原文件/需要获取的图片正文数据/数码网报价单-0825更新/手机相关/诺基亚.jpg,1,0.995,visual_0825_vs_0831_pixel_crosscheck_and_header_structure
20260825-f05749db80c324e629da-01,2026-08-25,手机,device,诺基亚,点数系列,515,,,开机屏坏,7,元/台,,image_first_visual_crosscheck_high_similarity,诺基亚.jpg,/mnt/data/decoded2/需要获取数据与不需要获数据原文件/需要获取的图片正文数据/数码网报价单-0825更新/手机相关/诺基亚.jpg,1,0.995,visual_0825_vs_0831_pixel_crosscheck_and_header_structure
20260825-a8f3f21f19d91f08c6ea-01,2026-08-25,手机,device,诺基亚,点数系列,515,,,不开机,7,元/台,,image_first_visual_crosscheck_high_similarity,诺基亚.jpg,/mnt/data/decoded2/需要获取数据与不需要获数据原文件/需要获取的图片正文数据/数码网报价单-0825更新/手机相关/诺基亚.jpg,1,0.995,visual_0825_vs_0831_pixel_crosscheck_and_header_structure
20260825-95a83469c0fe7a4c3fab-01,2026-08-25,手机,device,诺基亚,点数系列,515,,,不开机屏好,7,元/台,,image_first_visual_crosscheck_high_similarity,诺基亚.jpg,/mnt/data/decoded2/需要获取数据与不需要获数据原文件/需要获取的图片正文数据/数码网报价单-0825更新/手机相关/诺基亚.jpg,1,0.995,visual_0825_vs_0831_pixel_crosscheck_and_header_structure
20260825-90114258d4aa721e8a4b-01,2026-08-25,手机,device,诺基亚,点数系列,435,,,开机屏好,7,元/台,,image_first_visual_crosscheck_high_similarity,诺基亚.jpg,/mnt/data/decoded2/需要获取数据与不需要获数据原文件/需要获取的图片正文数据/数码网报价单-0825更新/手机相关/诺基亚.jpg,1,0.995,visual_0825_vs_0831_pixel_crosscheck_and_header_structure
20260825-1472a10f4f38552d8f81-01,2026-08-25,手机,device,诺基亚,点数系列,435,,,开机屏坏,7,元/台,,image_first_visual_crosscheck_high_similarity,诺基亚.jpg,/mnt/data/decoded2/需要获取数据与不需要获数据原文件/需要获取的图片正文数据/数码网报价单-0825更新/手机相关/诺基亚.jpg,1,0.995,visual_0825_vs_0831_pixel_crosscheck_and_header_structure
20260825-8907de88d6f5848a5ba3-01,2026-08-25,手机,device,诺基亚,点数系列,435,,,不开机,7,元/台,,image_first_visual_crosscheck_high_similarity,诺基亚.jpg,/mnt/data/decoded2/需要获取数据与不需要获数据原文件/需要获取的图片正文数据/数码网报价单-0825更新/手机相关/诺基亚.jpg,1,0.995,visual_0825_vs_0831_pixel_crosscheck_and_header_structure
20260825-1a05cf6a7de610941eb8-01,2026-08-25,手机,device,诺基亚,点数系列,435,,,不开机屏好,7,元/台,,image_first_visual_crosscheck_high_similarity,诺基亚.jpg,/mnt/data/decoded2/需要获取数据与不需要获数据原文件/需要获取的图片正文数据/数码网报价单-0825更新/手机相关/诺基亚.jpg,1,0.995,visual_0825_vs_0831_pixel_crosscheck_and_header_structure
20260825-b1f05e3f718df2a2fd03-01,2026-08-25,手机,device,联想,拯救者系列,Rog6,,,开机屏好,400,元/台,,image_first_visual_crosscheck_high_similarity,联想.jpg,/mnt/data/decoded2/需要获取数据与不需要获数据原文件/需要获取的图片正文数据/数码网报价单-0825更新/手机相关/联想.jpg,1,0.995,visual_0825_vs_0831_pixel_crosscheck_and_header_structure
20260825-52aae56820bce09e8c2a-01,2026-08-25,手机,device,联想,拯救者系列,Rog6,,,开机屏坏,260,元/台,,image_first_visual_crosscheck_high_similarity,联想.jpg,/mnt/data/decoded2/需要获取数据与不需要获数据原文件/需要获取的图片正文数据/数码网报价单-0825更新/手机相关/联想.jpg,1,0.995,visual_0825_vs_0831_pixel_crosscheck_and_header_structure
20260825-35da9287617b86a24e4e-01,2026-08-25,手机,device,联想,拯救者系列,Rog6,,,不开机,200,元/台,,image_first_visual_crosscheck_high_similarity,联想.jpg,/mnt/data/decoded2/需要获取数据与不需要获数据原文件/需要获取的图片正文数据/数码网报价单-0825更新/手机相关/联想.jpg,1,0.995,visual_0825_vs_0831_pixel_crosscheck_and_header_structure
20260825-07e9ee627794379c3dab-01,2026-08-25,手机,device,联想,拯救者系列,Rog6,,,废板-整机,180,元/台,,image_first_visual_crosscheck_high_similarity,联想.jpg,/mnt/data/decoded2/需要获取数据与不需要获数据原文件/需要获取的图片正文数据/数码网报价单-0825更新/手机相关/联想.jpg,1,0.995,visual_0825_vs_0831_pixel_crosscheck_and_header_structure
20260825-3a65d3899ee6c03a7f4f-01,2026-08-25,手机,device,联想,拯救者系列,拯救者y70,,,开机屏好,180,元/台,,image_first_visual_crosscheck_high_similarity,联想.jpg,/mnt/data/decoded2/需要获取数据与不需要获数据原文件/需要获取的图片正文数据/数码网报价单-0825更新/手机相关/联想.jpg,1,0.995,visual_0825_vs_0831_pixel_crosscheck_and_header_structure
20260825-510c5fde499bffa43c1b-01,2026-08-25,手机,device,联想,拯救者系列,拯救者y70,,,开机屏坏,140,元/台,,image_first_visual_crosscheck_high_similarity,联想.jpg,/mnt/data/decoded2/需要获取数据与不需要获数据原文件/需要获取的图片正文数据/数码网报价单-0825更新/手机相关/联想.jpg,1,0.995,visual_0825_vs_0831_pixel_crosscheck_and_header_structure
20260825-eca74a55b291bd32798b-01,2026-08-25,手机,device,联想,拯救者系列,拯救者y70,,,不开机,100,元/台,,image_first_visual_crosscheck_high_similarity,联想.jpg,/mnt/data/decoded2/需要获取数据与不需要获数据原文件/需要获取的图片正文数据/数码网报价单-0825更新/手机相关/联想.jpg,1,0.995,visual_0825_vs_0831_pixel_crosscheck_and_header_structure
20260825-09217a0d9d9eec4cc4ce-01,2026-08-25,手机,device,联想,拯救者系列,拯救者y70,,,废板-整机,100,元/台,,image_first_visual_crosscheck_high_similarity,联想.jpg,/mnt/data/decoded2/需要获取数据与不需要获数据原文件/需要获取的图片正文数据/数码网报价单-0825更新/手机相关/联想.jpg,1,0.995,visual_0825_vs_0831_pixel_crosscheck_and_header_structure
20260825-1de9a56563a4d03b0a43-01,2026-08-25,手机,device,联想,拯救者系列,拯救者y90,,,开机屏好,150,元/台,,image_first_visual_crosscheck_high_similarity,联想.jpg,/mnt/data/decoded2/需要获取数据与不需要获数据原文件/需要获取的图片正文数据/数码网报价单-0825更新/手机相关/联想.jpg,1,0.995,visual_0825_vs_0831_pixel_crosscheck_and_header_structure
20260825-41db8069bdfbee65d49c-01,2026-08-25,手机,device,联想,拯救者系列,拯救者y90,,,开机屏坏,130,元/台,,image_first_visual_crosscheck_high_similarity,联想.jpg,/mnt/data/decoded2/需要获取数据与不需要获数据原文件/需要获取的图片正文数据/数码网报价单-0825更新/手机相关/联想.jpg,1,0.995,visual_0825_vs_0831_pixel_crosscheck_and_header_structure
20260825-da3aa60b8db2e1eccd71-01,2026-08-25,手机,device,联想,拯救者系列,拯救者y90,,,不开机,110,元/台,,image_first_visual_crosscheck_high_similarity,联想.jpg,/mnt/data/decoded2/需要获取数据与不需要获数据原文件/需要获取的图片正文数据/数码网报价单-0825更新/手机相关/联想.jpg,1,0.995,visual_0825_vs_0831_pixel_crosscheck_and_header_structure
20260825-bac1df0f9dde7197abf3-01,2026-08-25,手机,device,联想,拯救者系列,拯救者y90,,,废板-整机,100,元/台,,image_first_visual_crosscheck_high_similarity,联想.jpg,/mnt/data/decoded2/需要获取数据与不需要获数据原文件/需要获取的图片正文数据/数码网报价单-0825更新/手机相关/联想.jpg,1,0.995,visual_0825_vs_0831_pixel_crosscheck_and_header_structure
20260825-9c53ff73d644130860f5-01,2026-08-25,手机,device,联想,拯救者系列,拯救者2Pro,,,开机屏好,150,元/台,,image_first_visual_crosscheck_high_similarity,联想.jpg,/mnt/data/decoded2/需要获取数据与不需要获数据原文件/需要获取的图片正文数据/数码网报价单-0825更新/手机相关/联想.jpg,1,0.995,visual_0825_vs_0831_pixel_crosscheck_and_header_structure
20260825-ff8f66435d523c8ff2d5-01,2026-08-25,手机,device,联想,拯救者系列,拯救者2Pro,,,开机屏坏,130,元/台,,image_first_visual_crosscheck_high_similarity,联想.jpg,/mnt/data/decoded2/需要获取数据与不需要获数据原文件/需要获取的图片正文数据/数码网报价单-0825更新/手机相关/联想.jpg,1,0.995,visual_0825_vs_0831_pixel_crosscheck_and_header_structure
20260825-a60202ebe9eacf29cb7a-01,2026-08-25,手机,device,联想,拯救者系列,拯救者2Pro,,,不开机,110,元/台,,image_first_visual_crosscheck_high_similarity,联想.jpg,/mnt/data/decoded2/需要获取数据与不需要获数据原文件/需要获取的图片正文数据/数码网报价单-0825更新/手机相关/联想.jpg,1,0.995,visual_0825_vs_0831_pixel_crosscheck_and_header_structure
20260825-0017dbd2117f119b19b7-01,2026-08-25,手机,device,联想,拯救者系列,拯救者2Pro,,,废板-整机,100,元/台,,image_first_visual_crosscheck_high_similarity,联想.jpg,/mnt/data/decoded2/需要获取数据与不需要获数据原文件/需要获取的图片正文数据/数码网报价单-0825更新/手机相关/联想.jpg,1,0.995,visual_0825_vs_0831_pixel_crosscheck_and_header_structure
20260825-de935a80b182d16affbb-01,2026-08-25,手机,device,联想,拯救者系列,拯救者Pro,,,开机屏好,110,元/台,,image_first_visual_crosscheck_high_similarity,联想.jpg,/mnt/data/decoded2/需要获取数据与不需要获数据原文件/需要获取的图片正文数据/数码网报价单-0825更新/手机相关/联想.jpg,1,0.995,visual_0825_vs_0831_pixel_crosscheck_and_header_structure
20260825-1eebebdba3da49bc1125-01,2026-08-25,手机,device,联想,拯救者系列,拯救者Pro,,,开机屏坏,80,元/台,,image_first_visual_crosscheck_high_similarity,联想.jpg,/mnt/data/decoded2/需要获取数据与不需要获数据原文件/需要获取的图片正文数据/数码网报价单-0825更新/手机相关/联想.jpg,1,0.995,visual_0825_vs_0831_pixel_crosscheck_and_header_structure
20260825-17af7241c86988e5a4b5-01,2026-08-25,手机,device,联想,拯救者系列,拯救者Pro,,,不开机,80,元/台,,image_first_visual_crosscheck_high_similarity,联想.jpg,/mnt/data/decoded2/需要获取数据与不需要获数据原文件/需要获取的图片正文数据/数码网报价单-0825更新/手机相关/联想.jpg,1,0.995,visual_0825_vs_0831_pixel_crosscheck_and_header_structure
20260825-964864e421946565ce37-01,2026-08-25,手机,device,联想,拯救者系列,拯救者Pro,,,废板-整机,30,元/台,,image_first_visual_crosscheck_high_similarity,联想.jpg,/mnt/data/decoded2/需要获取数据与不需要获数据原文件/需要获取的图片正文数据/数码网报价单-0825更新/手机相关/联想.jpg,1,0.995,visual_0825_vs_0831_pixel_crosscheck_and_header_structure
20260825-cf6faef639fae9660e7d-01,2026-08-25,手机,device,联想,S系列,S5pro,,,开机屏好,120,元/台,,image_first_visual_crosscheck_high_similarity,联想.jpg,/mnt/data/decoded2/需要获取数据与不需要获数据原文件/需要获取的图片正文数据/数码网报价单-0825更新/手机相关/联想.jpg,1,0.995,visual_0825_vs_0831_pixel_crosscheck_and_header_structure
20260825-e634ae86f568a6954d49-01,2026-08-25,手机,device,联想,S系列,S5pro,,,开机屏坏,120,元/台,,image_first_visual_crosscheck_high_similarity,联想.jpg,/mnt/data/decoded2/需要获取数据与不需要获数据原文件/需要获取的图片正文数据/数码网报价单-0825更新/手机相关/联想.jpg,1,0.995,visual_0825_vs_0831_pixel_crosscheck_and_header_structure
20260825-2d7979a9aae57962ca1c-01,2026-08-25,手机,device,联想,S系列,S5pro,,,不开机,120,元/台,,image_first_visual_crosscheck_high_similarity,联想.jpg,/mnt/data/decoded2/需要获取数据与不需要获数据原文件/需要获取的图片正文数据/数码网报价单-0825更新/手机相关/联想.jpg,1,0.995,visual_0825_vs_0831_pixel_crosscheck_and_header_structure
20260825-327cb6e74a7ee0454c20-01,2026-08-25,手机,device,联想,S系列,S5pro,,,废板-整机,120,元/台,,image_first_visual_crosscheck_high_similarity,联想.jpg,/mnt/data/decoded2/需要获取数据与不需要获数据原文件/需要获取的图片正文数据/数码网报价单-0825更新/手机相关/联想.jpg,1,0.995,visual_0825_vs_0831_pixel_crosscheck_and_header_structure
20260825-796b09b5f2988a406a7c-01,2026-08-25,手机,device,联想,S系列,S5,,,开机屏好,60,元/台,,image_first_visual_crosscheck_high_similarity,联想.jpg,/mnt/data/decoded2/需要获取数据与不需要获数据原文件/需要获取的图片正文数据/数码网报价单-0825更新/手机相关/联想.jpg,1,0.995,visual_0825_vs_0831_pixel_crosscheck_and_header_structure
20260825-8e0d88e3cafeb8231b47-01,2026-08-25,手机,device,联想,S系列,S5,,,开机屏坏,60,元/台,,image_first_visual_crosscheck_high_similarity,联想.jpg,/mnt/data/decoded2/需要获取数据与不需要获数据原文件/需要获取的图片正文数据/数码网报价单-0825更新/手机相关/联想.jpg,1,0.995,visual_0825_vs_0831_pixel_crosscheck_and_header_structure
20260825-fac27dc686fe1cd640db-01,2026-08-25,手机,device,联想,S系列,S5,,,不开机,60,元/台,,image_first_visual_crosscheck_high_similarity,联想.jpg,/mnt/data/decoded2/需要获取数据与不需要获数据原文件/需要获取的图片正文数据/数码网报价单-0825更新/手机相关/联想.jpg,1,0.995,visual_0825_vs_0831_pixel_crosscheck_and_header_structure
20260825-00be6c668d4208e152a5-01,2026-08-25,手机,device,联想,S系列,S5,,,废板-整机,60,元/台,,image_first_visual_crosscheck_high_similarity,联想.jpg,/mnt/data/decoded2/需要获取数据与不需要获数据原文件/需要获取的图片正文数据/数码网报价单-0825更新/手机相关/联想.jpg,1,0.995,visual_0825_vs_0831_pixel_crosscheck_and_header_structure
20260825-e009a044e108799acb99-01,2026-08-25,手机,device,联想,S系列,S5pro GT,,,开机屏好,120,元/台,,image_first_visual_crosscheck_high_similarity,联想.jpg,/mnt/data/decoded2/需要获取数据与不需要获数据原文件/需要获取的图片正文数据/数码网报价单-0825更新/手机相关/联想.jpg,1,0.995,visual_0825_vs_0831_pixel_crosscheck_and_header_structure
20260825-e54eb94a109496c74106-01,2026-08-25,手机,device,联想,S系列,S5pro GT,,,开机屏坏,120,元/台,,image_first_visual_crosscheck_high_similarity,联想.jpg,/mnt/data/decoded2/需要获取数据与不需要获数据原文件/需要获取的图片正文数据/数码网报价单-0825更新/手机相关/联想.jpg,1,0.995,visual_0825_vs_0831_pixel_crosscheck_and_header_structure
20260825-12427297aea41d188519-01,2026-08-25,手机,device,联想,S系列,S5pro GT,,,不开机,120,元/台,,image_first_visual_crosscheck_high_similarity,联想.jpg,/mnt/data/decoded2/需要获取数据与不需要获数据原文件/需要获取的图片正文数据/数码网报价单-0825更新/手机相关/联想.jpg,1,0.995,visual_0825_vs_0831_pixel_crosscheck_and_header_structure
20260825-ead647035e6b08b0d388-01,2026-08-25,手机,device,联想,S系列,S5pro GT,,,废板-整机,120,元/台,,image_first_visual_crosscheck_high_similarity,联想.jpg,/mnt/data/decoded2/需要获取数据与不需要获数据原文件/需要获取的图片正文数据/数码网报价单-0825更新/手机相关/联想.jpg,1,0.995,visual_0825_vs_0831_pixel_crosscheck_and_header_structure
20260825-eb582e2421c45169ce9a-01,2026-08-25,手机,device,联想,S系列,S60,,,开机屏好,20,元/台,,image_first_visual_crosscheck_high_similarity,联想.jpg,/mnt/data/decoded2/需要获取数据与不需要获数据原文件/需要获取的图片正文数据/数码网报价单-0825更新/手机相关/联想.jpg,1,0.995,visual_0825_vs_0831_pixel_crosscheck_and_header_structure
20260825-02dc8dd0c239bb0a86e3-01,2026-08-25,手机,device,联想,S系列,S60,,,开机屏坏,20,元/台,,image_first_visual_crosscheck_high_similarity,联想.jpg,/mnt/data/decoded2/需要获取数据与不需要获数据原文件/需要获取的图片正文数据/数码网报价单-0825更新/手机相关/联想.jpg,1,0.995,visual_0825_vs_0831_pixel_crosscheck_and_header_structure
20260825-64566e48538a4d99768d-01,2026-08-25,手机,device,联想,S系列,S60,,,不开机,20,元/台,,image_first_visual_crosscheck_high_similarity,联想.jpg,/mnt/data/decoded2/需要获取数据与不需要获数据原文件/需要获取的图片正文数据/数码网报价单-0825更新/手机相关/联想.jpg,1,0.995,visual_0825_vs_0831_pixel_crosscheck_and_header_structure
20260825-6b16af1150967fd7736f-01,2026-08-25,手机,device,联想,S系列,S60,,,废板-整机,20,元/台,,image_first_visual_crosscheck_high_similarity,联想.jpg,/mnt/data/decoded2/需要获取数据与不需要获数据原文件/需要获取的图片正文数据/数码网报价单-0825更新/手机相关/联想.jpg,1,0.995,visual_0825_vs_0831_pixel_crosscheck_and_header_structure
20260825-44fd5a6f8b99f469e7be-01,2026-08-25,手机,device,联想,S系列,S850,,,开机屏好,20,元/台,,image_first_visual_crosscheck_high_similarity,联想.jpg,/mnt/data/decoded2/需要获取数据与不需要获数据原文件/需要获取的图片正文数据/数码网报价单-0825更新/手机相关/联想.jpg,1,0.995,visual_0825_vs_0831_pixel_crosscheck_and_header_structure
20260825-bfa123dd03d9484bc945-01,2026-08-25,手机,device,联想,S系列,S850,,,开机屏坏,20,元/台,,image_first_visual_crosscheck_high_similarity,联想.jpg,/mnt/data/decoded2/需要获取数据与不需要获数据原文件/需要获取的图片正文数据/数码网报价单-0825更新/手机相关/联想.jpg,1,0.995,visual_0825_vs_0831_pixel_crosscheck_and_header_structure
20260825-8392bad83ec48629db76-01,2026-08-25,手机,device,联想,S系列,S850,,,不开机,20,元/台,,image_first_visual_crosscheck_high_similarity,联想.jpg,/mnt/data/decoded2/需要获取数据与不需要获数据原文件/需要获取的图片正文数据/数码网报价单-0825更新/手机相关/联想.jpg,1,0.995,visual_0825_vs_0831_pixel_crosscheck_and_header_structure
20260825-6cd940bd69bd3666083c-01,2026-08-25,手机,device,联想,S系列,S850,,,废板-整机,20,元/台,,image_first_visual_crosscheck_high_similarity,联想.jpg,/mnt/data/decoded2/需要获取数据与不需要获数据原文件/需要获取的图片正文数据/数码网报价单-0825更新/手机相关/联想.jpg,1,0.995,visual_0825_vs_0831_pixel_crosscheck_and_header_structure
20260825-571d7f2e442e9f80f81e-01,2026-08-25,手机,device,联想,S系列,S90,,,开机屏好,20,元/台,,image_first_visual_crosscheck_high_similarity,联想.jpg,/mnt/data/decoded2/需要获取数据与不需要获数据原文件/需要获取的图片正文数据/数码网报价单-0825更新/手机相关/联想.jpg,1,0.995,visual_0825_vs_0831_pixel_crosscheck_and_header_structure
20260825-3c4c9afe3f3fa1cc0966-01,2026-08-25,手机,device,联想,S系列,S90,,,开机屏坏,20,元/台,,image_first_visual_crosscheck_high_similarity,联想.jpg,/mnt/data/decoded2/需要获取数据与不需要获数据原文件/需要获取的图片正文数据/数码网报价单-0825更新/手机相关/联想.jpg,1,0.995,visual_0825_vs_0831_pixel_crosscheck_and_header_structure
20260825-c62f854cc85ff1ebcdb8-01,2026-08-25,手机,device,联想,S系列,S90,,,不开机,20,元/台,,image_first_visual_crosscheck_high_similarity,联想.jpg,/mnt/data/decoded2/需要获取数据与不需要获数据原文件/需要获取的图片正文数据/数码网报价单-0825更新/手机相关/联想.jpg,1,0.995,visual_0825_vs_0831_pixel_crosscheck_and_header_structure
20260825-679a72bc883fe2e7779d-01,2026-08-25,手机,device,联想,S系列,S90,,,废板-整机,20,元/台,,image_first_visual_crosscheck_high_similarity,联想.jpg,/mnt/data/decoded2/需要获取数据与不需要获数据原文件/需要获取的图片正文数据/数码网报价单-0825更新/手机相关/联想.jpg,1,0.995,visual_0825_vs_0831_pixel_crosscheck_and_header_structure
20260825-043c0d5b28be780f021f-01,2026-08-25,手机,device,联想,S系列,S810t,,,开机屏好,10,元/台,,image_first_visual_crosscheck_high_similarity,联想.jpg,/mnt/data/decoded2/需要获取数据与不需要获数据原文件/需要获取的图片正文数据/数码网报价单-0825更新/手机相关/联想.jpg,1,0.995,visual_0825_vs_0831_pixel_crosscheck_and_header_structure
20260825-380c5b613d7443d5edca-01,2026-08-25,手机,device,联想,S系列,S810t,,,开机屏坏,10,元/台,,image_first_visual_crosscheck_high_similarity,联想.jpg,/mnt/data/decoded2/需要获取数据与不需要获数据原文件/需要获取的图片正文数据/数码网报价单-0825更新/手机相关/联想.jpg,1,0.995,visual_0825_vs_0831_pixel_crosscheck_and_header_structure
20260825-4dbfd7426c6698461d22-01,2026-08-25,手机,device,联想,S系列,S810t,,,不开机,10,元/台,,image_first_visual_crosscheck_high_similarity,联想.jpg,/mnt/data/decoded2/需要获取数据与不需要获数据原文件/需要获取的图片正文数据/数码网报价单-0825更新/手机相关/联想.jpg,1,0.995,visual_0825_vs_0831_pixel_crosscheck_and_header_structure
20260825-844f4b068824d6a27d49-01,2026-08-25,手机,device,联想,S系列,S810t,,,废板-整机,10,元/台,,image_first_visual_crosscheck_high_similarity,联想.jpg,/mnt/data/decoded2/需要获取数据与不需要获数据原文件/需要获取的图片正文数据/数码网报价单-0825更新/手机相关/联想.jpg,1,0.995,visual_0825_vs_0831_pixel_crosscheck_and_header_structure
20260825-6ba889958afa8643c89c-01,2026-08-25,手机,device,联想,S系列,S960,,,开机屏好,23,元/台,,image_first_visual_crosscheck_high_similarity,联想.jpg,/mnt/data/decoded2/需要获取数据与不需要获数据原文件/需要获取的图片正文数据/数码网报价单-0825更新/手机相关/联想.jpg,1,0.995,visual_0825_vs_0831_pixel_crosscheck_and_header_structure
20260825-2854246736929442d266-01,2026-08-25,手机,device,联想,S系列,S960,,,开机屏坏,23,元/台,,image_first_visual_crosscheck_high_similarity,联想.jpg,/mnt/data/decoded2/需要获取数据与不需要获数据原文件/需要获取的图片正文数据/数码网报价单-0825更新/手机相关/联想.jpg,1,0.995,visual_0825_vs_0831_pixel_crosscheck_and_header_structure
20260825-e4cc994e5255dbbe9056-01,2026-08-25,手机,device,联想,S系列,S960,,,不开机,23,元/台,,image_first_visual_crosscheck_high_similarity,联想.jpg,/mnt/data/decoded2/需要获取数据与不需要获数据原文件/需要获取的图片正文数据/数码网报价单-0825更新/手机相关/联想.jpg,1,0.995,visual_0825_vs_0831_pixel_crosscheck_and_header_structure
20260825-920dd601b4786c8883a2-01,2026-08-25,手机,device,联想,S系列,S960,,,废板-整机,23,元/台,,image_first_visual_crosscheck_high_similarity,联想.jpg,/mnt/data/decoded2/需要获取数据与不需要获数据原文件/需要获取的图片正文数据/数码网报价单-0825更新/手机相关/联想.jpg,1,0.995,visual_0825_vs_0831_pixel_crosscheck_and_header_structure
20260825-b8ba146b471e4cc55924-01,2026-08-25,手机,device,联想,S系列,S938t,,,开机屏好,10,元/台,,image_first_visual_crosscheck_high_similarity,联想.jpg,/mnt/data/decoded2/需要获取数据与不需要获数据原文件/需要获取的图片正文数据/数码网报价单-0825更新/手机相关/联想.jpg,1,0.995,visual_0825_vs_0831_pixel_crosscheck_and_header_structure
20260825-00d14247408fb17d6baf-01,2026-08-25,手机,device,联想,S系列,S938t,,,开机屏坏,10,元/台,,image_first_visual_crosscheck_high_similarity,联想.jpg,/mnt/data/decoded2/需要获取数据与不需要获数据原文件/需要获取的图片正文数据/数码网报价单-0825更新/手机相关/联想.jpg,1,0.995,visual_0825_vs_0831_pixel_crosscheck_and_header_structure
20260825-a3e884568c705a9f0026-01,2026-08-25,手机,device,联想,S系列,S938t,,,不开机,10,元/台,,image_first_visual_crosscheck_high_similarity,联想.jpg,/mnt/data/decoded2/需要获取数据与不需要获数据原文件/需要获取的图片正文数据/数码网报价单-0825更新/手机相关/联想.jpg,1,0.995,visual_0825_vs_0831_pixel_crosscheck_and_header_structure
20260825-3823873d989a90545c67-01,2026-08-25,手机,device,联想,S系列,S938t,,,废板-整机,10,元/台,,image_first_visual_crosscheck_high_similarity,联想.jpg,/mnt/data/decoded2/需要获取数据与不需要获数据原文件/需要获取的图片正文数据/数码网报价单-0825更新/手机相关/联想.jpg,1,0.995,visual_0825_vs_0831_pixel_crosscheck_and_header_structure
20260825-2d282d4b74f52ee70ed9-01,2026-08-25,手机,device,联想,S系列,S930,,,开机屏好,10,元/台,,image_first_visual_crosscheck_high_similarity,联想.jpg,/mnt/data/decoded2/需要获取数据与不需要获数据原文件/需要获取的图片正文数据/数码网报价单-0825更新/手机相关/联想.jpg,1,0.995,visual_0825_vs_0831_pixel_crosscheck_and_header_structure
20260825-48761aea260db93a2285-01,2026-08-25,手机,device,联想,S系列,S930,,,开机屏坏,10,元/台,,image_first_visual_crosscheck_high_similarity,联想.jpg,/mnt/data/decoded2/需要获取数据与不需要获数据原文件/需要获取的图片正文数据/数码网报价单-0825更新/手机相关/联想.jpg,1,0.995,visual_0825_vs_0831_pixel_crosscheck_and_header_structure
20260825-3d5f366b6dbf265a1adf-01,2026-08-25,手机,device,联想,S系列,S930,,,不开机,10,元/台,,image_first_visual_crosscheck_high_similarity,联想.jpg,/mnt/data/decoded2/需要获取数据与不需要获数据原文件/需要获取的图片正文数据/数码网报价单-0825更新/手机相关/联想.jpg,1,0.995,visual_0825_vs_0831_pixel_crosscheck_and_header_structure
20260825-17251b3c295d1ca2d80a-01,2026-08-25,手机,device,联想,S系列,S930,,,废板-整机,10,元/台,,image_first_visual_crosscheck_high_similarity,联想.jpg,/mnt/data/decoded2/需要获取数据与不需要获数据原文件/需要获取的图片正文数据/数码网报价单-0825更新/手机相关/联想.jpg,1,0.995,visual_0825_vs_0831_pixel_crosscheck_and_header_structure
20260825-21aa14c4f3bff7ad774f-01,2026-08-25,手机,device,联想,S系列,S920,,,开机屏好,10,元/台,,image_first_visual_crosscheck_high_similarity,联想.jpg,/mnt/data/decoded2/需要获取数据与不需要获数据原文件/需要获取的图片正文数据/数码网报价单-0825更新/手机相关/联想.jpg,1,0.995,visual_0825_vs_0831_pixel_crosscheck_and_header_structure
20260825-37411fa030964e20592d-01,2026-08-25,手机,device,联想,S系列,S920,,,开机屏坏,10,元/台,,image_first_visual_crosscheck_high_similarity,联想.jpg,/mnt/data/decoded2/需要获取数据与不需要获数据原文件/需要获取的图片正文数据/数码网报价单-0825更新/手机相关/联想.jpg,1,0.995,visual_0825_vs_0831_pixel_crosscheck_and_header_structure
20260825-80fe7006b3feeee29dd5-01,2026-08-25,手机,device,联想,S系列,S920,,,不开机,10,元/台,,image_first_visual_crosscheck_high_similarity,联想.jpg,/mnt/data/decoded2/需要获取数据与不需要获数据原文件/需要获取的图片正文数据/数码网报价单-0825更新/手机相关/联想.jpg,1,0.995,visual_0825_vs_0831_pixel_crosscheck_and_header_structure
20260825-b6ce3d531c91e45dc9c4-01,2026-08-25,手机,device,联想,S系列,S920,,,废板-整机,10,元/台,,image_first_visual_crosscheck_high_similarity,联想.jpg,/mnt/data/decoded2/需要获取数据与不需要获数据原文件/需要获取的图片正文数据/数码网报价单-0825更新/手机相关/联想.jpg,1,0.995,visual_0825_vs_0831_pixel_crosscheck_and_header_structure
20260825-fd76eac71c4ab02373f5-01,2026-08-25,手机,device,联想,S系列,S898t,,,开机屏好,10,元/台,,image_first_visual_crosscheck_high_similarity,联想.jpg,/mnt/data/decoded2/需要获取数据与不需要获数据原文件/需要获取的图片正文数据/数码网报价单-0825更新/手机相关/联想.jpg,1,0.995,visual_0825_vs_0831_pixel_crosscheck_and_header_structure
20260825-62f39c1ec9ac8b2cda85-01,2026-08-25,手机,device,联想,S系列,S898t,,,开机屏坏,10,元/台,,image_first_visual_crosscheck_high_similarity,联想.jpg,/mnt/data/decoded2/需要获取数据与不需要获数据原文件/需要获取的图片正文数据/数码网报价单-0825更新/手机相关/联想.jpg,1,0.995,visual_0825_vs_0831_pixel_crosscheck_and_header_structure
20260825-0321f1df267538a5c7e4-01,2026-08-25,手机,device,联想,S系列,S898t,,,不开机,10,元/台,,image_first_visual_crosscheck_high_similarity,联想.jpg,/mnt/data/decoded2/需要获取数据与不需要获数据原文件/需要获取的图片正文数据/数码网报价单-0825更新/手机相关/联想.jpg,1,0.995,visual_0825_vs_0831_pixel_crosscheck_and_header_structure
20260825-e9ec3890b0b43d55eac0-01,2026-08-25,手机,device,联想,S系列,S898t,,,废板-整机,10,元/台,,image_first_visual_crosscheck_high_similarity,联想.jpg,/mnt/data/decoded2/需要获取数据与不需要获数据原文件/需要获取的图片正文数据/数码网报价单-0825更新/手机相关/联想.jpg,1,0.995,visual_0825_vs_0831_pixel_crosscheck_and_header_structure
20260825-fc8621e511f7caf4ed9f-01,2026-08-25,手机,device,联想,S系列,S890,,,开机屏好,10,元/台,,image_first_visual_crosscheck_high_similarity,联想.jpg,/mnt/data/decoded2/需要获取数据与不需要获数据原文件/需要获取的图片正文数据/数码网报价单-0825更新/手机相关/联想.jpg,1,0.995,visual_0825_vs_0831_pixel_crosscheck_and_header_structure
20260825-ce1cad78ecb67e6e41ae-01,2026-08-25,手机,device,联想,S系列,S890,,,开机屏坏,10,元/台,,image_first_visual_crosscheck_high_similarity,联想.jpg,/mnt/data/decoded2/需要获取数据与不需要获数据原文件/需要获取的图片正文数据/数码网报价单-0825更新/手机相关/联想.jpg,1,0.995,visual_0825_vs_0831_pixel_crosscheck_and_header_structure
20260825-c730f6f4ff821b153f1e-01,2026-08-25,手机,device,联想,S系列,S890,,,不开机,10,元/台,,image_first_visual_crosscheck_high_similarity,联想.jpg,/mnt/data/decoded2/需要获取数据与不需要获数据原文件/需要获取的图片正文数据/数码网报价单-0825更新/手机相关/联想.jpg,1,0.995,visual_0825_vs_0831_pixel_crosscheck_and_header_structure
20260825-4e5e0e768d6265a4b03c-01,2026-08-25,手机,device,联想,S系列,S890,,,废板-整机,10,元/台,,image_first_visual_crosscheck_high_similarity,联想.jpg,/mnt/data/decoded2/需要获取数据与不需要获数据原文件/需要获取的图片正文数据/数码网报价单-0825更新/手机相关/联想.jpg,1,0.995,visual_0825_vs_0831_pixel_crosscheck_and_header_structure
20260825-3bb50dcbf39e75acf037-01,2026-08-25,手机,device,联想,S系列,S868,,,开机屏好,10,元/台,,image_first_visual_crosscheck_high_similarity,联想.jpg,/mnt/data/decoded2/需要获取数据与不需要获数据原文件/需要获取的图片正文数据/数码网报价单-0825更新/手机相关/联想.jpg,1,0.995,visual_0825_vs_0831_pixel_crosscheck_and_header_structure
20260825-fda81af9837f37eeb103-01,2026-08-25,手机,device,联想,S系列,S868,,,开机屏坏,10,元/台,,image_first_visual_crosscheck_high_similarity,联想.jpg,/mnt/data/decoded2/需要获取数据与不需要获数据原文件/需要获取的图片正文数据/数码网报价单-0825更新/手机相关/联想.jpg,1,0.995,visual_0825_vs_0831_pixel_crosscheck_and_header_structure
20260825-818efa9d62ea951de8e8-01,2026-08-25,手机,device,联想,S系列,S868,,,不开机,10,元/台,,image_first_visual_crosscheck_high_similarity,联想.jpg,/mnt/data/decoded2/需要获取数据与不需要获数据原文件/需要获取的图片正文数据/数码网报价单-0825更新/手机相关/联想.jpg,1,0.995,visual_0825_vs_0831_pixel_crosscheck_and_header_structure
20260825-9212bffa787de25e7929-01,2026-08-25,手机,device,联想,S系列,S868,,,废板-整机,10,元/台,,image_first_visual_crosscheck_high_similarity,联想.jpg,/mnt/data/decoded2/需要获取数据与不需要获数据原文件/需要获取的图片正文数据/数码网报价单-0825更新/手机相关/联想.jpg,1,0.995,visual_0825_vs_0831_pixel_crosscheck_and_header_structure
20260825-252ef63a6c2c8c72cbe3-01,2026-08-25,手机,device,联想,S系列,S860,,,开机屏好,10,元/台,,image_first_visual_crosscheck_high_similarity,联想.jpg,/mnt/data/decoded2/需要获取数据与不需要获数据原文件/需要获取的图片正文数据/数码网报价单-0825更新/手机相关/联想.jpg,1,0.995,visual_0825_vs_0831_pixel_crosscheck_and_header_structure
20260825-d3e589a3cd068414e45e-01,2026-08-25,手机,device,联想,S系列,S860,,,开机屏坏,10,元/台,,image_first_visual_crosscheck_high_similarity,联想.jpg,/mnt/data/decoded2/需要获取数据与不需要获数据原文件/需要获取的图片正文数据/数码网报价单-0825更新/手机相关/联想.jpg,1,0.995,visual_0825_vs_0831_pixel_crosscheck_and_header_structure
20260825-738acbbddaf8c0e84c01-01,2026-08-25,手机,device,联想,S系列,S860,,,不开机,10,元/台,,image_first_visual_crosscheck_high_similarity,联想.jpg,/mnt/data/decoded2/需要获取数据与不需要获数据原文件/需要获取的图片正文数据/数码网报价单-0825更新/手机相关/联想.jpg,1,0.995,visual_0825_vs_0831_pixel_crosscheck_and_header_structure
20260825-283da5ec0ac1aedd2517-01,2026-08-25,手机,device,联想,S系列,S860,,,废板-整机,10,元/台,,image_first_visual_crosscheck_high_similarity,联想.jpg,/mnt/data/decoded2/需要获取数据与不需要获数据原文件/需要获取的图片正文数据/数码网报价单-0825更新/手机相关/联想.jpg,1,0.995,visual_0825_vs_0831_pixel_crosscheck_and_header_structure
20260825-b7a20a2c84f1676c6595-01,2026-08-25,手机,device,联想,S系列,S658,,,开机屏好,10,元/台,,image_first_visual_crosscheck_high_similarity,联想.jpg,/mnt/data/decoded2/需要获取数据与不需要获数据原文件/需要获取的图片正文数据/数码网报价单-0825更新/手机相关/联想.jpg,1,0.995,visual_0825_vs_0831_pixel_crosscheck_and_header_structure
20260825-8e2eae10291cb1104451-01,2026-08-25,手机,device,联想,S系列,S658,,,开机屏坏,10,元/台,,image_first_visual_crosscheck_high_similarity,联想.jpg,/mnt/data/decoded2/需要获取数据与不需要获数据原文件/需要获取的图片正文数据/数码网报价单-0825更新/手机相关/联想.jpg,1,0.995,visual_0825_vs_0831_pixel_crosscheck_and_header_structure
20260825-abd1089cd4560695e42a-01,2026-08-25,手机,device,联想,S系列,S658,,,不开机,10,元/台,,image_first_visual_crosscheck_high_similarity,联想.jpg,/mnt/data/decoded2/需要获取数据与不需要获数据原文件/需要获取的图片正文数据/数码网报价单-0825更新/手机相关/联想.jpg,1,0.995,visual_0825_vs_0831_pixel_crosscheck_and_header_structure
20260825-afc47dfeb662b8b376fa-01,2026-08-25,手机,device,联想,S系列,S658,,,废板-整机,10,元/台,,image_first_visual_crosscheck_high_similarity,联想.jpg,/mnt/data/decoded2/需要获取数据与不需要获数据原文件/需要获取的图片正文数据/数码网报价单-0825更新/手机相关/联想.jpg,1,0.995,visual_0825_vs_0831_pixel_crosscheck_and_header_structure
20260825-6c712871897bdd693716-01,2026-08-25,手机,device,联想,K系列,K5 Pro,,,开机屏好,120,元/台,,image_first_visual_crosscheck_high_similarity,联想.jpg,/mnt/data/decoded2/需要获取数据与不需要获数据原文件/需要获取的图片正文数据/数码网报价单-0825更新/手机相关/联想.jpg,1,0.995,visual_0825_vs_0831_pixel_crosscheck_and_header_structure
20260825-991404b13175202ead26-01,2026-08-25,手机,device,联想,K系列,K5 Pro,,,开机屏坏,120,元/台,,image_first_visual_crosscheck_high_similarity,联想.jpg,/mnt/data/decoded2/需要获取数据与不需要获数据原文件/需要获取的图片正文数据/数码网报价单-0825更新/手机相关/联想.jpg,1,0.995,visual_0825_vs_0831_pixel_crosscheck_and_header_structure
20260825-f8c986314f6b885365c3-01,2026-08-25,手机,device,联想,K系列,K5 Pro,,,不开机,120,元/台,,image_first_visual_crosscheck_high_similarity,联想.jpg,/mnt/data/decoded2/需要获取数据与不需要获数据原文件/需要获取的图片正文数据/数码网报价单-0825更新/手机相关/联想.jpg,1,0.995,visual_0825_vs_0831_pixel_crosscheck_and_header_structure
20260825-d441ce3e19733d7d7c91-01,2026-08-25,手机,device,联想,K系列,K5 Pro,,,废板-整机,120,元/台,,image_first_visual_crosscheck_high_similarity,联想.jpg,/mnt/data/decoded2/需要获取数据与不需要获数据原文件/需要获取的图片正文数据/数码网报价单-0825更新/手机相关/联想.jpg,1,0.995,visual_0825_vs_0831_pixel_crosscheck_and_header_structure
20260825-9915743e503385d68ddb-01,2026-08-25,手机,device,联想,K系列,K8 note,,,开机屏好,20,元/台,,image_first_visual_crosscheck_high_similarity,联想.jpg,/mnt/data/decoded2/需要获取数据与不需要获数据原文件/需要获取的图片正文数据/数码网报价单-0825更新/手机相关/联想.jpg,1,0.995,visual_0825_vs_0831_pixel_crosscheck_and_header_structure
20260825-b96829f17007522e2b96-01,2026-08-25,手机,device,联想,K系列,K8 note,,,开机屏坏,20,元/台,,image_first_visual_crosscheck_high_similarity,联想.jpg,/mnt/data/decoded2/需要获取数据与不需要获数据原文件/需要获取的图片正文数据/数码网报价单-0825更新/手机相关/联想.jpg,1,0.995,visual_0825_vs_0831_pixel_crosscheck_and_header_structure
20260825-e40f78714b9047b1cc97-01,2026-08-25,手机,device,联想,K系列,K8 note,,,不开机,20,元/台,,image_first_visual_crosscheck_high_similarity,联想.jpg,/mnt/data/decoded2/需要获取数据与不需要获数据原文件/需要获取的图片正文数据/数码网报价单-0825更新/手机相关/联想.jpg,1,0.995,visual_0825_vs_0831_pixel_crosscheck_and_header_structure
20260825-ba231849484f656e1d4c-01,2026-08-25,手机,device,联想,K系列,K8 note,,,废板-整机,20,元/台,,image_first_visual_crosscheck_high_similarity,联想.jpg,/mnt/data/decoded2/需要获取数据与不需要获数据原文件/需要获取的图片正文数据/数码网报价单-0825更新/手机相关/联想.jpg,1,0.995,visual_0825_vs_0831_pixel_crosscheck_and_header_structure
20260825-407b1d6ff390e570df98-01,2026-08-25,手机,device,联想,K系列,K12 pro,,,开机屏好,60,元/台,,image_first_visual_crosscheck_high_similarity,联想.jpg,/mnt/data/decoded2/需要获取数据与不需要获数据原文件/需要获取的图片正文数据/数码网报价单-0825更新/手机相关/联想.jpg,1,0.995,visual_0825_vs_0831_pixel_crosscheck_and_header_structure
20260825-0a46ee00a29d9401f11e-01,2026-08-25,手机,device,联想,K系列,K12 pro,,,开机屏坏,60,元/台,,image_first_visual_crosscheck_high_similarity,联想.jpg,/mnt/data/decoded2/需要获取数据与不需要获数据原文件/需要获取的图片正文数据/数码网报价单-0825更新/手机相关/联想.jpg,1,0.995,visual_0825_vs_0831_pixel_crosscheck_and_header_structure
20260825-36fd08af2e2f56efc377-01,2026-08-25,手机,device,联想,K系列,K12 pro,,,不开机,60,元/台,,image_first_visual_crosscheck_high_similarity,联想.jpg,/mnt/data/decoded2/需要获取数据与不需要获数据原文件/需要获取的图片正文数据/数码网报价单-0825更新/手机相关/联想.jpg,1,0.995,visual_0825_vs_0831_pixel_crosscheck_and_header_structure
20260825-0ec379fe41c9edee028f-01,2026-08-25,手机,device,联想,K系列,K12 pro,,,废板-整机,60,元/台,,image_first_visual_crosscheck_high_similarity,联想.jpg,/mnt/data/decoded2/需要获取数据与不需要获数据原文件/需要获取的图片正文数据/数码网报价单-0825更新/手机相关/联想.jpg,1,0.995,visual_0825_vs_0831_pixel_crosscheck_and_header_structure
20260825-5f6049e43b6db50008ca-01,2026-08-25,手机,device,联想,K系列,K52t38,,,开机屏好,20,元/台,,image_first_visual_crosscheck_high_similarity,联想.jpg,/mnt/data/decoded2/需要获取数据与不需要获数据原文件/需要获取的图片正文数据/数码网报价单-0825更新/手机相关/联想.jpg,1,0.995,visual_0825_vs_0831_pixel_crosscheck_and_header_structure
20260825-9d1415502dd4c5572ed3-01,2026-08-25,手机,device,联想,K系列,K52t38,,,开机屏坏,20,元/台,,image_first_visual_crosscheck_high_similarity,联想.jpg,/mnt/data/decoded2/需要获取数据与不需要获数据原文件/需要获取的图片正文数据/数码网报价单-0825更新/手机相关/联想.jpg,1,0.995,visual_0825_vs_0831_pixel_crosscheck_and_header_structure
20260825-529ac4117d2a639d0d8d-01,2026-08-25,手机,device,联想,K系列,K52t38,,,不开机,20,元/台,,image_first_visual_crosscheck_high_similarity,联想.jpg,/mnt/data/decoded2/需要获取数据与不需要获数据原文件/需要获取的图片正文数据/数码网报价单-0825更新/手机相关/联想.jpg,1,0.995,visual_0825_vs_0831_pixel_crosscheck_and_header_structure
20260825-b08e37ad2cbc504c6dc1-01,2026-08-25,手机,device,联想,K系列,K52t38,,,废板-整机,20,元/台,,image_first_visual_crosscheck_high_similarity,联想.jpg,/mnt/data/decoded2/需要获取数据与不需要获数据原文件/需要获取的图片正文数据/数码网报价单-0825更新/手机相关/联想.jpg,1,0.995,visual_0825_vs_0831_pixel_crosscheck_and_header_structure
20260825-f034b4fe6eeb3b1cfa33-01,2026-08-25,手机,device,联想,K系列,K5 Play,,,开机屏好,60,元/台,,image_first_visual_crosscheck_high_similarity,联想.jpg,/mnt/data/decoded2/需要获取数据与不需要获数据原文件/需要获取的图片正文数据/数码网报价单-0825更新/手机相关/联想.jpg,1,0.995,visual_0825_vs_0831_pixel_crosscheck_and_header_structure
20260825-b51966300cedca2933e5-01,2026-08-25,手机,device,联想,K系列,K5 Play,,,开机屏坏,60,元/台,,image_first_visual_crosscheck_high_similarity,联想.jpg,/mnt/data/decoded2/需要获取数据与不需要获数据原文件/需要获取的图片正文数据/数码网报价单-0825更新/手机相关/联想.jpg,1,0.995,visual_0825_vs_0831_pixel_crosscheck_and_header_structure
20260825-86939d5b02acfebd8069-01,2026-08-25,手机,device,联想,K系列,K5 Play,,,不开机,60,元/台,,image_first_visual_crosscheck_high_similarity,联想.jpg,/mnt/data/decoded2/需要获取数据与不需要获数据原文件/需要获取的图片正文数据/数码网报价单-0825更新/手机相关/联想.jpg,1,0.995,visual_0825_vs_0831_pixel_crosscheck_and_header_structure
20260825-3a6e920137dfdfc8afef-01,2026-08-25,手机,device,联想,K系列,K5 Play,,,废板-整机,60,元/台,,image_first_visual_crosscheck_high_similarity,联想.jpg,/mnt/data/decoded2/需要获取数据与不需要获数据原文件/需要获取的图片正文数据/数码网报价单-0825更新/手机相关/联想.jpg,1,0.995,visual_0825_vs_0831_pixel_crosscheck_and_header_structure
20260825-797bf95b22006c9279bc-01,2026-08-25,手机,device,联想,K系列,K5 Note,,,开机屏好,60,元/台,,image_first_visual_crosscheck_high_similarity,联想.jpg,/mnt/data/decoded2/需要获取数据与不需要获数据原文件/需要获取的图片正文数据/数码网报价单-0825更新/手机相关/联想.jpg,1,0.995,visual_0825_vs_0831_pixel_crosscheck_and_header_structure
20260825-f3aca259c719ab7486a2-01,2026-08-25,手机,device,联想,K系列,K5 Note,,,开机屏坏,60,元/台,,image_first_visual_crosscheck_high_similarity,联想.jpg,/mnt/data/decoded2/需要获取数据与不需要获数据原文件/需要获取的图片正文数据/数码网报价单-0825更新/手机相关/联想.jpg,1,0.995,visual_0825_vs_0831_pixel_crosscheck_and_header_structure
20260825-f705e41abcaf343c0b13-01,2026-08-25,手机,device,联想,K系列,K5 Note,,,不开机,60,元/台,,image_first_visual_crosscheck_high_similarity,联想.jpg,/mnt/data/decoded2/需要获取数据与不需要获数据原文件/需要获取的图片正文数据/数码网报价单-0825更新/手机相关/联想.jpg,1,0.995,visual_0825_vs_0831_pixel_crosscheck_and_header_structure
20260825-7fab2af993276a25e1b2-01,2026-08-25,手机,device,联想,K系列,K5 Note,,,废板-整机,60,元/台,,image_first_visual_crosscheck_high_similarity,联想.jpg,/mnt/data/decoded2/需要获取数据与不需要获数据原文件/需要获取的图片正文数据/数码网报价单-0825更新/手机相关/联想.jpg,1,0.995,visual_0825_vs_0831_pixel_crosscheck_and_header_structure
20260825-05db5104beb68f2fc14d-01,2026-08-25,手机,device,联想,K系列,k350,,,开机屏好,60,元/台,,image_first_visual_crosscheck_high_similarity,联想.jpg,/mnt/data/decoded2/需要获取数据与不需要获数据原文件/需要获取的图片正文数据/数码网报价单-0825更新/手机相关/联想.jpg,1,0.995,visual_0825_vs_0831_pixel_crosscheck_and_header_structure
20260825-93de62b1b359b4dca415-01,2026-08-25,手机,device,联想,K系列,k350,,,开机屏坏,60,元/台,,image_first_visual_crosscheck_high_similarity,联想.jpg,/mnt/data/decoded2/需要获取数据与不需要获数据原文件/需要获取的图片正文数据/数码网报价单-0825更新/手机相关/联想.jpg,1,0.995,visual_0825_vs_0831_pixel_crosscheck_and_header_structure
20260825-6ed943fad5c8669b9b1a-01,2026-08-25,手机,device,联想,K系列,k350,,,不开机,60,元/台,,image_first_visual_crosscheck_high_similarity,联想.jpg,/mnt/data/decoded2/需要获取数据与不需要获数据原文件/需要获取的图片正文数据/数码网报价单-0825更新/手机相关/联想.jpg,1,0.995,visual_0825_vs_0831_pixel_crosscheck_and_header_structure
20260825-2e3904afe694513fbb8e-01,2026-08-25,手机,device,联想,K系列,k350,,,废板-整机,60,元/台,,image_first_visual_crosscheck_high_similarity,联想.jpg,/mnt/data/decoded2/需要获取数据与不需要获数据原文件/需要获取的图片正文数据/数码网报价单-0825更新/手机相关/联想.jpg,1,0.995,visual_0825_vs_0831_pixel_crosscheck_and_header_structure
20260825-9ab9f80700432af0e36d-01,2026-08-25,手机,device,联想,K系列,K320,,,开机屏好,20,元/台,,image_first_visual_crosscheck_high_similarity,联想.jpg,/mnt/data/decoded2/需要获取数据与不需要获数据原文件/需要获取的图片正文数据/数码网报价单-0825更新/手机相关/联想.jpg,1,0.995,visual_0825_vs_0831_pixel_crosscheck_and_header_structure
20260825-a2c3f7e561fe31fc9bf3-01,2026-08-25,手机,device,联想,K系列,K320,,,开机屏坏,20,元/台,,image_first_visual_crosscheck_high_similarity,联想.jpg,/mnt/data/decoded2/需要获取数据与不需要获数据原文件/需要获取的图片正文数据/数码网报价单-0825更新/手机相关/联想.jpg,1,0.995,visual_0825_vs_0831_pixel_crosscheck_and_header_structure
20260825-54e8df770c26dcb0c100-01,2026-08-25,手机,device,联想,K系列,K320,,,不开机,20,元/台,,image_first_visual_crosscheck_high_similarity,联想.jpg,/mnt/data/decoded2/需要获取数据与不需要获数据原文件/需要获取的图片正文数据/数码网报价单-0825更新/手机相关/联想.jpg,1,0.995,visual_0825_vs_0831_pixel_crosscheck_and_header_structure
20260825-8aef3f4515fa087eeade-01,2026-08-25,手机,device,联想,K系列,K320,,,废板-整机,20,元/台,,image_first_visual_crosscheck_high_similarity,联想.jpg,/mnt/data/decoded2/需要获取数据与不需要获数据原文件/需要获取的图片正文数据/数码网报价单-0825更新/手机相关/联想.jpg,1,0.995,visual_0825_vs_0831_pixel_crosscheck_and_header_structure
20260825-654139d68354f2a7dfed-01,2026-08-25,手机,device,联想,K系列,K51c78,,,开机屏好,20,元/台,,image_first_visual_crosscheck_high_similarity,联想.jpg,/mnt/data/decoded2/需要获取数据与不需要获数据原文件/需要获取的图片正文数据/数码网报价单-0825更新/手机相关/联想.jpg,1,0.995,visual_0825_vs_0831_pixel_crosscheck_and_header_structure
20260825-b0df9d27b6d410366091-01,2026-08-25,手机,device,联想,K系列,K51c78,,,开机屏坏,20,元/台,,image_first_visual_crosscheck_high_similarity,联想.jpg,/mnt/data/decoded2/需要获取数据与不需要获数据原文件/需要获取的图片正文数据/数码网报价单-0825更新/手机相关/联想.jpg,1,0.995,visual_0825_vs_0831_pixel_crosscheck_and_header_structure
20260825-7497a65ac7d14048b754-01,2026-08-25,手机,device,联想,K系列,K51c78,,,不开机,20,元/台,,image_first_visual_crosscheck_high_similarity,联想.jpg,/mnt/data/decoded2/需要获取数据与不需要获数据原文件/需要获取的图片正文数据/数码网报价单-0825更新/手机相关/联想.jpg,1,0.995,visual_0825_vs_0831_pixel_crosscheck_and_header_structure
20260825-79871d3570786c724632-01,2026-08-25,手机,device,联想,K系列,K51c78,,,废板-整机,20,元/台,,image_first_visual_crosscheck_high_similarity,联想.jpg,/mnt/data/decoded2/需要获取数据与不需要获数据原文件/需要获取的图片正文数据/数码网报价单-0825更新/手机相关/联想.jpg,1,0.995,visual_0825_vs_0831_pixel_crosscheck_and_header_structure
20260825-94d44d041bf26869d488-01,2026-08-25,手机,device,联想,K系列,K50-t5,,,开机屏好,18,元/台,,image_first_visual_crosscheck_high_similarity,联想.jpg,/mnt/data/decoded2/需要获取数据与不需要获数据原文件/需要获取的图片正文数据/数码网报价单-0825更新/手机相关/联想.jpg,1,0.995,visual_0825_vs_0831_pixel_crosscheck_and_header_structure
20260825-7dadf437abf5441a4c26-01,2026-08-25,手机,device,联想,K系列,K50-t5,,,开机屏坏,18,元/台,,image_first_visual_crosscheck_high_similarity,联想.jpg,/mnt/data/decoded2/需要获取数据与不需要获数据原文件/需要获取的图片正文数据/数码网报价单-0825更新/手机相关/联想.jpg,1,0.995,visual_0825_vs_0831_pixel_crosscheck_and_header_structure
20260825-5ff8e8e053f402529924-01,2026-08-25,手机,device,联想,K系列,K50-t5,,,不开机,18,元/台,,image_first_visual_crosscheck_high_similarity,联想.jpg,/mnt/data/decoded2/需要获取数据与不需要获数据原文件/需要获取的图片正文数据/数码网报价单-0825更新/手机相关/联想.jpg,1,0.995,visual_0825_vs_0831_pixel_crosscheck_and_header_structure
20260825-5e701d0b0634dc167942-01,2026-08-25,手机,device,联想,K系列,K50-t5,,,废板-整机,18,元/台,,image_first_visual_crosscheck_high_similarity,联想.jpg,/mnt/data/decoded2/需要获取数据与不需要获数据原文件/需要获取的图片正文数据/数码网报价单-0825更新/手机相关/联想.jpg,1,0.995,visual_0825_vs_0831_pixel_crosscheck_and_header_structure
20260825-9ec98d0d6d310a664ca2-01,2026-08-25,手机,device,联想,K系列,K31-t3,,,开机屏好,18,元/台,,image_first_visual_crosscheck_high_similarity,联想.jpg,/mnt/data/decoded2/需要获取数据与不需要获数据原文件/需要获取的图片正文数据/数码网报价单-0825更新/手机相关/联想.jpg,1,0.995,visual_0825_vs_0831_pixel_crosscheck_and_header_structure
20260825-06de94106f311d825016-01,2026-08-25,手机,device,联想,K系列,K31-t3,,,开机屏坏,18,元/台,,image_first_visual_crosscheck_high_similarity,联想.jpg,/mnt/data/decoded2/需要获取数据与不需要获数据原文件/需要获取的图片正文数据/数码网报价单-0825更新/手机相关/联想.jpg,1,0.995,visual_0825_vs_0831_pixel_crosscheck_and_header_structure
20260825-28bddaa1cf026a6ad4e6-01,2026-08-25,手机,device,联想,K系列,K31-t3,,,不开机,18,元/台,,image_first_visual_crosscheck_high_similarity,联想.jpg,/mnt/data/decoded2/需要获取数据与不需要获数据原文件/需要获取的图片正文数据/数码网报价单-0825更新/手机相关/联想.jpg,1,0.995,visual_0825_vs_0831_pixel_crosscheck_and_header_structure
20260825-a1d35f9965bd6c432b2e-01,2026-08-25,手机,device,联想,K系列,K31-t3,,,废板-整机,18,元/台,,image_first_visual_crosscheck_high_similarity,联想.jpg,/mnt/data/decoded2/需要获取数据与不需要获数据原文件/需要获取的图片正文数据/数码网报价单-0825更新/手机相关/联想.jpg,1,0.995,visual_0825_vs_0831_pixel_crosscheck_and_header_structure
20260825-94ba7a3507b4ae6c43d3-01,2026-08-25,手机,device,联想,K系列,K80,,,开机屏好,20,元/台,,image_first_visual_crosscheck_high_similarity,联想.jpg,/mnt/data/decoded2/需要获取数据与不需要获数据原文件/需要获取的图片正文数据/数码网报价单-0825更新/手机相关/联想.jpg,1,0.995,visual_0825_vs_0831_pixel_crosscheck_and_header_structure
20260825-8e467dd7cddd3e3aaea7-01,2026-08-25,手机,device,联想,K系列,K80,,,开机屏坏,20,元/台,,image_first_visual_crosscheck_high_similarity,联想.jpg,/mnt/data/decoded2/需要获取数据与不需要获数据原文件/需要获取的图片正文数据/数码网报价单-0825更新/手机相关/联想.jpg,1,0.995,visual_0825_vs_0831_pixel_crosscheck_and_header_structure
20260825-0187a8030a799e64beeb-01,2026-08-25,手机,device,联想,K系列,K80,,,不开机,20,元/台,,image_first_visual_crosscheck_high_similarity,联想.jpg,/mnt/data/decoded2/需要获取数据与不需要获数据原文件/需要获取的图片正文数据/数码网报价单-0825更新/手机相关/联想.jpg,1,0.995,visual_0825_vs_0831_pixel_crosscheck_and_header_structure
20260825-cad14195fa9343c6cfc3-01,2026-08-25,手机,device,联想,K系列,K80,,,废板-整机,20,元/台,,image_first_visual_crosscheck_high_similarity,联想.jpg,/mnt/data/decoded2/需要获取数据与不需要获数据原文件/需要获取的图片正文数据/数码网报价单-0825更新/手机相关/联想.jpg,1,0.995,visual_0825_vs_0831_pixel_crosscheck_and_header_structure
20260825-9d8c34b715790fe48cec-01,2026-08-25,手机,device,联想,K系列,K30-t,,,开机屏好,18,元/台,,image_first_visual_crosscheck_high_similarity,联想.jpg,/mnt/data/decoded2/需要获取数据与不需要获数据原文件/需要获取的图片正文数据/数码网报价单-0825更新/手机相关/联想.jpg,1,0.995,visual_0825_vs_0831_pixel_crosscheck_and_header_structure
20260825-f401c50bef1feedab457-01,2026-08-25,手机,device,联想,K系列,K30-t,,,开机屏坏,18,元/台,,image_first_visual_crosscheck_high_similarity,联想.jpg,/mnt/data/decoded2/需要获取数据与不需要获数据原文件/需要获取的图片正文数据/数码网报价单-0825更新/手机相关/联想.jpg,1,0.995,visual_0825_vs_0831_pixel_crosscheck_and_header_structure
20260825-033276397cdab232c50c-01,2026-08-25,手机,device,联想,K系列,K30-t,,,不开机,18,元/台,,image_first_visual_crosscheck_high_similarity,联想.jpg,/mnt/data/decoded2/需要获取数据与不需要获数据原文件/需要获取的图片正文数据/数码网报价单-0825更新/手机相关/联想.jpg,1,0.995,visual_0825_vs_0831_pixel_crosscheck_and_header_structure
20260825-474646c0c81a85bab214-01,2026-08-25,手机,device,联想,K系列,K30-t,,,废板-整机,18,元/台,,image_first_visual_crosscheck_high_similarity,联想.jpg,/mnt/data/decoded2/需要获取数据与不需要获数据原文件/需要获取的图片正文数据/数码网报价单-0825更新/手机相关/联想.jpg,1,0.995,visual_0825_vs_0831_pixel_crosscheck_and_header_structure
20260825-b8e27e8bbc893df1f604-01,2026-08-25,手机,device,联想,K系列,K920,,,开机屏好,20,元/台,,image_first_visual_crosscheck_high_similarity,联想.jpg,/mnt/data/decoded2/需要获取数据与不需要获数据原文件/需要获取的图片正文数据/数码网报价单-0825更新/手机相关/联想.jpg,1,0.995,visual_0825_vs_0831_pixel_crosscheck_and_header_structure
20260825-664ee92da1f65ab74b8d-01,2026-08-25,手机,device,联想,K系列,K920,,,开机屏坏,20,元/台,,image_first_visual_crosscheck_high_similarity,联想.jpg,/mnt/data/decoded2/需要获取数据与不需要获数据原文件/需要获取的图片正文数据/数码网报价单-0825更新/手机相关/联想.jpg,1,0.995,visual_0825_vs_0831_pixel_crosscheck_and_header_structure
20260825-c3e686d78058c6b96ca2-01,2026-08-25,手机,device,联想,K系列,K920,,,不开机,20,元/台,,image_first_visual_crosscheck_high_similarity,联想.jpg,/mnt/data/decoded2/需要获取数据与不需要获数据原文件/需要获取的图片正文数据/数码网报价单-0825更新/手机相关/联想.jpg,1,0.995,visual_0825_vs_0831_pixel_crosscheck_and_header_structure
20260825-47ec8380cace7ef3f851-01,2026-08-25,手机,device,联想,K系列,K920,,,废板-整机,20,元/台,,image_first_visual_crosscheck_high_similarity,联想.jpg,/mnt/data/decoded2/需要获取数据与不需要获数据原文件/需要获取的图片正文数据/数码网报价单-0825更新/手机相关/联想.jpg,1,0.995,visual_0825_vs_0831_pixel_crosscheck_and_header_structure
20260825-45eee7630e0dbf9d8e6a-01,2026-08-25,手机,device,联想,K系列,K910,,,开机屏好,20,元/台,,image_first_visual_crosscheck_high_similarity,联想.jpg,/mnt/data/decoded2/需要获取数据与不需要获数据原文件/需要获取的图片正文数据/数码网报价单-0825更新/手机相关/联想.jpg,1,0.995,visual_0825_vs_0831_pixel_crosscheck_and_header_structure
20260825-94e6953a9b4fef0ef474-01,2026-08-25,手机,device,联想,K系列,K910,,,开机屏坏,20,元/台,,image_first_visual_crosscheck_high_similarity,联想.jpg,/mnt/data/decoded2/需要获取数据与不需要获数据原文件/需要获取的图片正文数据/数码网报价单-0825更新/手机相关/联想.jpg,1,0.995,visual_0825_vs_0831_pixel_crosscheck_and_header_structure
20260825-68241ec8e2487e40fa60-01,2026-08-25,手机,device,联想,K系列,K910,,,不开机,20,元/台,,image_first_visual_crosscheck_high_similarity,联想.jpg,/mnt/data/decoded2/需要获取数据与不需要获数据原文件/需要获取的图片正文数据/数码网报价单-0825更新/手机相关/联想.jpg,1,0.995,visual_0825_vs_0831_pixel_crosscheck_and_header_structure
20260825-74c8925eb5fdb2c5d648-01,2026-08-25,手机,device,联想,K系列,K910,,,废板-整机,20,元/台,,image_first_visual_crosscheck_high_similarity,联想.jpg,/mnt/data/decoded2/需要获取数据与不需要获数据原文件/需要获取的图片正文数据/数码网报价单-0825更新/手机相关/联想.jpg,1,0.995,visual_0825_vs_0831_pixel_crosscheck_and_header_structure
20260825-a300895d636ad6ce4780-01,2026-08-25,手机,device,联想,K系列,K900,,,开机屏好,20,元/台,,image_first_visual_crosscheck_high_similarity,联想.jpg,/mnt/data/decoded2/需要获取数据与不需要获数据原文件/需要获取的图片正文数据/数码网报价单-0825更新/手机相关/联想.jpg,1,0.995,visual_0825_vs_0831_pixel_crosscheck_and_header_structure
20260825-d19061ce56467bf21a03-01,2026-08-25,手机,device,联想,K系列,K900,,,开机屏坏,20,元/台,,image_first_visual_crosscheck_high_similarity,联想.jpg,/mnt/data/decoded2/需要获取数据与不需要获数据原文件/需要获取的图片正文数据/数码网报价单-0825更新/手机相关/联想.jpg,1,0.995,visual_0825_vs_0831_pixel_crosscheck_and_header_structure
20260825-27cb857d9323e85b2b52-01,2026-08-25,手机,device,联想,K系列,K900,,,不开机,20,元/台,,image_first_visual_crosscheck_high_similarity,联想.jpg,/mnt/data/decoded2/需要获取数据与不需要获数据原文件/需要获取的图片正文数据/数码网报价单-0825更新/手机相关/联想.jpg,1,0.995,visual_0825_vs_0831_pixel_crosscheck_and_header_structure
20260825-fe378c9be33d8a738619-01,2026-08-25,手机,device,联想,K系列,K900,,,废板-整机,20,元/台,,image_first_visual_crosscheck_high_similarity,联想.jpg,/mnt/data/decoded2/需要获取数据与不需要获数据原文件/需要获取的图片正文数据/数码网报价单-0825更新/手机相关/联想.jpg,1,0.995,visual_0825_vs_0831_pixel_crosscheck_and_header_structure
20260825-f8cb1b2299c19f78666d-01,2026-08-25,手机,device,联想,K系列,K32c36,,,开机屏好,18,元/台,,image_first_visual_crosscheck_high_similarity,联想.jpg,/mnt/data/decoded2/需要获取数据与不需要获数据原文件/需要获取的图片正文数据/数码网报价单-0825更新/手机相关/联想.jpg,1,0.995,visual_0825_vs_0831_pixel_crosscheck_and_header_structure
20260825-6a919bb23ce2785e98e1-01,2026-08-25,手机,device,联想,K系列,K32c36,,,开机屏坏,18,元/台,,image_first_visual_crosscheck_high_similarity,联想.jpg,/mnt/data/decoded2/需要获取数据与不需要获数据原文件/需要获取的图片正文数据/数码网报价单-0825更新/手机相关/联想.jpg,1,0.995,visual_0825_vs_0831_pixel_crosscheck_and_header_structure
20260825-770043e0204013df083a-01,2026-08-25,手机,device,联想,K系列,K32c36,,,不开机,18,元/台,,image_first_visual_crosscheck_high_similarity,联想.jpg,/mnt/data/decoded2/需要获取数据与不需要获数据原文件/需要获取的图片正文数据/数码网报价单-0825更新/手机相关/联想.jpg,1,0.995,visual_0825_vs_0831_pixel_crosscheck_and_header_structure
20260825-3b6767dd87cabb5ec95a-01,2026-08-25,手机,device,联想,K系列,K32c36,,,废板-整机,18,元/台,,image_first_visual_crosscheck_high_similarity,联想.jpg,/mnt/data/decoded2/需要获取数据与不需要获数据原文件/需要获取的图片正文数据/数码网报价单-0825更新/手机相关/联想.jpg,1,0.995,visual_0825_vs_0831_pixel_crosscheck_and_header_structure
20260825-dda5ed23a62c2fc0d338-01,2026-08-25,手机,device,联想,K系列,K10e70,,,开机屏好,15,元/台,,image_first_visual_crosscheck_high_similarity,联想.jpg,/mnt/data/decoded2/需要获取数据与不需要获数据原文件/需要获取的图片正文数据/数码网报价单-0825更新/手机相关/联想.jpg,1,0.995,visual_0825_vs_0831_pixel_crosscheck_and_header_structure
20260825-c24cef5f438f7757a45b-01,2026-08-25,手机,device,联想,K系列,K10e70,,,开机屏坏,15,元/台,,image_first_visual_crosscheck_high_similarity,联想.jpg,/mnt/data/decoded2/需要获取数据与不需要获数据原文件/需要获取的图片正文数据/数码网报价单-0825更新/手机相关/联想.jpg,1,0.995,visual_0825_vs_0831_pixel_crosscheck_and_header_structure
20260825-535396ca26bed83326f9-01,2026-08-25,手机,device,联想,K系列,K10e70,,,不开机,15,元/台,,image_first_visual_crosscheck_high_similarity,联想.jpg,/mnt/data/decoded2/需要获取数据与不需要获数据原文件/需要获取的图片正文数据/数码网报价单-0825更新/手机相关/联想.jpg,1,0.995,visual_0825_vs_0831_pixel_crosscheck_and_header_structure
20260825-44195e5f999660e09c42-01,2026-08-25,手机,device,联想,K系列,K10e70,,,废板-整机,15,元/台,,image_first_visual_crosscheck_high_similarity,联想.jpg,/mnt/data/decoded2/需要获取数据与不需要获数据原文件/需要获取的图片正文数据/数码网报价单-0825更新/手机相关/联想.jpg,1,0.995,visual_0825_vs_0831_pixel_crosscheck_and_header_structure
20260825-bcfbe42d75589c02e091-01,2026-08-25,手机,device,联想,K系列,K860,,,开机屏好,10,元/台,,image_first_visual_crosscheck_high_similarity,联想.jpg,/mnt/data/decoded2/需要获取数据与不需要获数据原文件/需要获取的图片正文数据/数码网报价单-0825更新/手机相关/联想.jpg,1,0.995,visual_0825_vs_0831_pixel_crosscheck_and_header_structure
20260825-0eca02a2b30d25ba94f1-01,2026-08-25,手机,device,联想,K系列,K860,,,开机屏坏,10,元/台,,image_first_visual_crosscheck_high_similarity,联想.jpg,/mnt/data/decoded2/需要获取数据与不需要获数据原文件/需要获取的图片正文数据/数码网报价单-0825更新/手机相关/联想.jpg,1,0.995,visual_0825_vs_0831_pixel_crosscheck_and_header_structure
20260825-14f0a5841bd5e82f25dc-01,2026-08-25,手机,device,联想,K系列,K860,,,不开机,10,元/台,,image_first_visual_crosscheck_high_similarity,联想.jpg,/mnt/data/decoded2/需要获取数据与不需要获数据原文件/需要获取的图片正文数据/数码网报价单-0825更新/手机相关/联想.jpg,1,0.995,visual_0825_vs_0831_pixel_crosscheck_and_header_structure
20260825-3b350b08a384b56d6bb4-01,2026-08-25,手机,device,联想,K系列,K860,,,废板-整机,10,元/台,,image_first_visual_crosscheck_high_similarity,联想.jpg,/mnt/data/decoded2/需要获取数据与不需要获数据原文件/需要获取的图片正文数据/数码网报价单-0825更新/手机相关/联想.jpg,1,0.995,visual_0825_vs_0831_pixel_crosscheck_and_header_structure
20260825-d538b513e2cedd1a3f35-01,2026-08-25,手机,device,联想,A系列,A5,,,开机屏好,20,元/台,,image_first_visual_crosscheck_high_similarity,联想.jpg,/mnt/data/decoded2/需要获取数据与不需要获数据原文件/需要获取的图片正文数据/数码网报价单-0825更新/手机相关/联想.jpg,1,0.995,visual_0825_vs_0831_pixel_crosscheck_and_header_structure
20260825-1c9d850cdc045a0f44e3-01,2026-08-25,手机,device,联想,A系列,A5,,,开机屏坏,20,元/台,,image_first_visual_crosscheck_high_similarity,联想.jpg,/mnt/data/decoded2/需要获取数据与不需要获数据原文件/需要获取的图片正文数据/数码网报价单-0825更新/手机相关/联想.jpg,1,0.995,visual_0825_vs_0831_pixel_crosscheck_and_header_structure
20260825-160aac736f187c7a6e41-01,2026-08-25,手机,device,联想,A系列,A5,,,不开机,20,元/台,,image_first_visual_crosscheck_high_similarity,联想.jpg,/mnt/data/decoded2/需要获取数据与不需要获数据原文件/需要获取的图片正文数据/数码网报价单-0825更新/手机相关/联想.jpg,1,0.995,visual_0825_vs_0831_pixel_crosscheck_and_header_structure
20260825-24add9f3aac111e66ccd-01,2026-08-25,手机,device,联想,A系列,A5,,,废板-整机,20,元/台,,image_first_visual_crosscheck_high_similarity,联想.jpg,/mnt/data/decoded2/需要获取数据与不需要获数据原文件/需要获取的图片正文数据/数码网报价单-0825更新/手机相关/联想.jpg,1,0.995,visual_0825_vs_0831_pixel_crosscheck_and_header_structure
20260825-3727456480e5581af1a3-01,2026-08-25,手机,device,联想,A系列,A6800,,,开机屏好,20,元/台,,image_first_visual_crosscheck_high_similarity,联想.jpg,/mnt/data/decoded2/需要获取数据与不需要获数据原文件/需要获取的图片正文数据/数码网报价单-0825更新/手机相关/联想.jpg,1,0.995,visual_0825_vs_0831_pixel_crosscheck_and_header_structure
20260825-0c401f58a46d31d0c9d1-01,2026-08-25,手机,device,联想,A系列,A6800,,,开机屏坏,20,元/台,,image_first_visual_crosscheck_high_similarity,联想.jpg,/mnt/data/decoded2/需要获取数据与不需要获数据原文件/需要获取的图片正文数据/数码网报价单-0825更新/手机相关/联想.jpg,1,0.995,visual_0825_vs_0831_pixel_crosscheck_and_header_structure
20260825-a3d1698cf3be66f501b8-01,2026-08-25,手机,device,联想,A系列,A6800,,,不开机,20,元/台,,image_first_visual_crosscheck_high_similarity,联想.jpg,/mnt/data/decoded2/需要获取数据与不需要获数据原文件/需要获取的图片正文数据/数码网报价单-0825更新/手机相关/联想.jpg,1,0.995,visual_0825_vs_0831_pixel_crosscheck_and_header_structure
20260825-41c174a16ab06f456f84-01,2026-08-25,手机,device,联想,A系列,A6800,,,废板-整机,20,元/台,,image_first_visual_crosscheck_high_similarity,联想.jpg,/mnt/data/decoded2/需要获取数据与不需要获数据原文件/需要获取的图片正文数据/数码网报价单-0825更新/手机相关/联想.jpg,1,0.995,visual_0825_vs_0831_pixel_crosscheck_and_header_structure
20260825-f808c20eb76c2cbe88cd-01,2026-08-25,手机,device,联想,A系列,A938/A936,,,开机屏好,10,元/台,,image_first_visual_crosscheck_high_similarity,联想.jpg,/mnt/data/decoded2/需要获取数据与不需要获数据原文件/需要获取的图片正文数据/数码网报价单-0825更新/手机相关/联想.jpg,1,0.995,visual_0825_vs_0831_pixel_crosscheck_and_header_structure
20260825-de7254b9f9162a5675e7-01,2026-08-25,手机,device,联想,A系列,A938/A936,,,开机屏坏,10,元/台,,image_first_visual_crosscheck_high_similarity,联想.jpg,/mnt/data/decoded2/需要获取数据与不需要获数据原文件/需要获取的图片正文数据/数码网报价单-0825更新/手机相关/联想.jpg,1,0.995,visual_0825_vs_0831_pixel_crosscheck_and_header_structure
20260825-3a9fdb67f8da08b9d924-01,2026-08-25,手机,device,联想,A系列,A938/A936,,,不开机,10,元/台,,image_first_visual_crosscheck_high_similarity,联想.jpg,/mnt/data/decoded2/需要获取数据与不需要获数据原文件/需要获取的图片正文数据/数码网报价单-0825更新/手机相关/联想.jpg,1,0.995,visual_0825_vs_0831_pixel_crosscheck_and_header_structure
20260825-837b7901abb25e2b864d-01,2026-08-25,手机,device,联想,A系列,A938/A936,,,废板-整机,10,元/台,,image_first_visual_crosscheck_high_similarity,联想.jpg,/mnt/data/decoded2/需要获取数据与不需要获数据原文件/需要获取的图片正文数据/数码网报价单-0825更新/手机相关/联想.jpg,1,0.995,visual_0825_vs_0831_pixel_crosscheck_and_header_structure
20260825-f545ecef369471d5ea1a-01,2026-08-25,手机,device,联想,A系列,A808t,,,开机屏好,18,元/台,,image_first_visual_crosscheck_high_similarity,联想.jpg,/mnt/data/decoded2/需要获取数据与不需要获数据原文件/需要获取的图片正文数据/数码网报价单-0825更新/手机相关/联想.jpg,1,0.995,visual_0825_vs_0831_pixel_crosscheck_and_header_structure
20260825-b7e7722f5ffc48fe3aba-01,2026-08-25,手机,device,联想,A系列,A808t,,,开机屏坏,18,元/台,,image_first_visual_crosscheck_high_similarity,联想.jpg,/mnt/data/decoded2/需要获取数据与不需要获数据原文件/需要获取的图片正文数据/数码网报价单-0825更新/手机相关/联想.jpg,1,0.995,visual_0825_vs_0831_pixel_crosscheck_and_header_structure
20260825-b00ebe4a8be6fba5fd8e-01,2026-08-25,手机,device,联想,A系列,A808t,,,不开机,18,元/台,,image_first_visual_crosscheck_high_similarity,联想.jpg,/mnt/data/decoded2/需要获取数据与不需要获数据原文件/需要获取的图片正文数据/数码网报价单-0825更新/手机相关/联想.jpg,1,0.995,visual_0825_vs_0831_pixel_crosscheck_and_header_structure
20260825-f9d3c06047c745bf62e0-01,2026-08-25,手机,device,联想,A系列,A808t,,,废板-整机,18,元/台,,image_first_visual_crosscheck_high_similarity,联想.jpg,/mnt/data/decoded2/需要获取数据与不需要获数据原文件/需要获取的图片正文数据/数码网报价单-0825更新/手机相关/联想.jpg,1,0.995,visual_0825_vs_0831_pixel_crosscheck_and_header_structure
20260825-9b3e13e92477709eb25e-01,2026-08-25,手机,device,联想,A系列,A806t,,,开机屏好,18,元/台,,image_first_visual_crosscheck_high_similarity,联想.jpg,/mnt/data/decoded2/需要获取数据与不需要获数据原文件/需要获取的图片正文数据/数码网报价单-0825更新/手机相关/联想.jpg,1,0.995,visual_0825_vs_0831_pixel_crosscheck_and_header_structure
20260825-1e1bb2542057253d924d-01,2026-08-25,手机,device,联想,A系列,A806t,,,开机屏坏,18,元/台,,image_first_visual_crosscheck_high_similarity,联想.jpg,/mnt/data/decoded2/需要获取数据与不需要获数据原文件/需要获取的图片正文数据/数码网报价单-0825更新/手机相关/联想.jpg,1,0.995,visual_0825_vs_0831_pixel_crosscheck_and_header_structure
20260825-ce97b9cc1bb99d204545-01,2026-08-25,手机,device,联想,A系列,A806t,,,不开机,18,元/台,,image_first_visual_crosscheck_high_similarity,联想.jpg,/mnt/data/decoded2/需要获取数据与不需要获数据原文件/需要获取的图片正文数据/数码网报价单-0825更新/手机相关/联想.jpg,1,0.995,visual_0825_vs_0831_pixel_crosscheck_and_header_structure
20260825-029638741973a68ae2a3-01,2026-08-25,手机,device,联想,A系列,A806t,,,废板-整机,18,元/台,,image_first_visual_crosscheck_high_similarity,联想.jpg,/mnt/data/decoded2/需要获取数据与不需要获数据原文件/需要获取的图片正文数据/数码网报价单-0825更新/手机相关/联想.jpg,1,0.995,visual_0825_vs_0831_pixel_crosscheck_and_header_structure
20260825-32654cc6ee5f47ba7cb6-01,2026-08-25,手机,device,联想,A系列,A805e,,,开机屏好,10,元/台,,image_first_visual_crosscheck_high_similarity,联想.jpg,/mnt/data/decoded2/需要获取数据与不需要获数据原文件/需要获取的图片正文数据/数码网报价单-0825更新/手机相关/联想.jpg,1,0.995,visual_0825_vs_0831_pixel_crosscheck_and_header_structure
20260825-bb18594f212c4c76a50b-01,2026-08-25,手机,device,联想,A系列,A805e,,,开机屏坏,10,元/台,,image_first_visual_crosscheck_high_similarity,联想.jpg,/mnt/data/decoded2/需要获取数据与不需要获数据原文件/需要获取的图片正文数据/数码网报价单-0825更新/手机相关/联想.jpg,1,0.995,visual_0825_vs_0831_pixel_crosscheck_and_header_structure
20260825-1c8f79bf7286f49bf19b-01,2026-08-25,手机,device,联想,A系列,A805e,,,不开机,10,元/台,,image_first_visual_crosscheck_high_similarity,联想.jpg,/mnt/data/decoded2/需要获取数据与不需要获数据原文件/需要获取的图片正文数据/数码网报价单-0825更新/手机相关/联想.jpg,1,0.995,visual_0825_vs_0831_pixel_crosscheck_and_header_structure
20260825-2993aa5f29490ac806e8-01,2026-08-25,手机,device,联想,A系列,A805e,,,废板-整机,10,元/台,,image_first_visual_crosscheck_high_similarity,联想.jpg,/mnt/data/decoded2/需要获取数据与不需要获数据原文件/需要获取的图片正文数据/数码网报价单-0825更新/手机相关/联想.jpg,1,0.995,visual_0825_vs_0831_pixel_crosscheck_and_header_structure
20260825-aa733005e8b9ac852eb4-01,2026-08-25,手机,device,联想,A系列,A7600,,,开机屏好,10,元/台,,image_first_visual_crosscheck_high_similarity,联想.jpg,/mnt/data/decoded2/需要获取数据与不需要获数据原文件/需要获取的图片正文数据/数码网报价单-0825更新/手机相关/联想.jpg,1,0.995,visual_0825_vs_0831_pixel_crosscheck_and_header_structure
20260825-7884ca5253a3abb112a8-01,2026-08-25,手机,device,联想,A系列,A7600,,,开机屏坏,10,元/台,,image_first_visual_crosscheck_high_similarity,联想.jpg,/mnt/data/decoded2/需要获取数据与不需要获数据原文件/需要获取的图片正文数据/数码网报价单-0825更新/手机相关/联想.jpg,1,0.995,visual_0825_vs_0831_pixel_crosscheck_and_header_structure
20260825-83ca362e0db96f49b170-01,2026-08-25,手机,device,联想,A系列,A7600,,,不开机,10,元/台,,image_first_visual_crosscheck_high_similarity,联想.jpg,/mnt/data/decoded2/需要获取数据与不需要获数据原文件/需要获取的图片正文数据/数码网报价单-0825更新/手机相关/联想.jpg,1,0.995,visual_0825_vs_0831_pixel_crosscheck_and_header_structure
20260825-4d0fdb98a129333dfeb4-01,2026-08-25,手机,device,联想,A系列,A7600,,,废板-整机,10,元/台,,image_first_visual_crosscheck_high_similarity,联想.jpg,/mnt/data/decoded2/需要获取数据与不需要获数据原文件/需要获取的图片正文数据/数码网报价单-0825更新/手机相关/联想.jpg,1,0.995,visual_0825_vs_0831_pixel_crosscheck_and_header_structure
20260825-e5e20dd3d08a700e3dc7-01,2026-08-25,手机,device,联想,A系列,A5860,,,开机屏好,15,元/台,,image_first_visual_crosscheck_high_similarity,联想.jpg,/mnt/data/decoded2/需要获取数据与不需要获数据原文件/需要获取的图片正文数据/数码网报价单-0825更新/手机相关/联想.jpg,1,0.995,visual_0825_vs_0831_pixel_crosscheck_and_header_structure
20260825-ce786cfa4fc76858e0eb-01,2026-08-25,手机,device,联想,A系列,A5860,,,开机屏坏,15,元/台,,image_first_visual_crosscheck_high_similarity,联想.jpg,/mnt/data/decoded2/需要获取数据与不需要获数据原文件/需要获取的图片正文数据/数码网报价单-0825更新/手机相关/联想.jpg,1,0.995,visual_0825_vs_0831_pixel_crosscheck_and_header_structure
20260825-967bd8fd485c89528e7e-01,2026-08-25,手机,device,联想,A系列,A5860,,,不开机,15,元/台,,image_first_visual_crosscheck_high_similarity,联想.jpg,/mnt/data/decoded2/需要获取数据与不需要获数据原文件/需要获取的图片正文数据/数码网报价单-0825更新/手机相关/联想.jpg,1,0.995,visual_0825_vs_0831_pixel_crosscheck_and_header_structure
20260825-a4d8662f4fb27ab8db18-01,2026-08-25,手机,device,联想,A系列,A5860,,,废板-整机,15,元/台,,image_first_visual_crosscheck_high_similarity,联想.jpg,/mnt/data/decoded2/需要获取数据与不需要获数据原文件/需要获取的图片正文数据/数码网报价单-0825更新/手机相关/联想.jpg,1,0.995,visual_0825_vs_0831_pixel_crosscheck_and_header_structure
20260825-3c2231e545113f7186ee-01,2026-08-25,手机,device,联想,A系列,A5500,,,开机屏好,15,元/台,,image_first_visual_crosscheck_high_similarity,联想.jpg,/mnt/data/decoded2/需要获取数据与不需要获数据原文件/需要获取的图片正文数据/数码网报价单-0825更新/手机相关/联想.jpg,1,0.995,visual_0825_vs_0831_pixel_crosscheck_and_header_structure
20260825-0f789cb5b7a71f4f2e27-01,2026-08-25,手机,device,联想,A系列,A5500,,,开机屏坏,15,元/台,,image_first_visual_crosscheck_high_similarity,联想.jpg,/mnt/data/decoded2/需要获取数据与不需要获数据原文件/需要获取的图片正文数据/数码网报价单-0825更新/手机相关/联想.jpg,1,0.995,visual_0825_vs_0831_pixel_crosscheck_and_header_structure
20260825-7f82ea829e8b2341aef5-01,2026-08-25,手机,device,联想,A系列,A5500,,,不开机,15,元/台,,image_first_visual_crosscheck_high_similarity,联想.jpg,/mnt/data/decoded2/需要获取数据与不需要获数据原文件/需要获取的图片正文数据/数码网报价单-0825更新/手机相关/联想.jpg,1,0.995,visual_0825_vs_0831_pixel_crosscheck_and_header_structure
20260825-a989ea345262c595cdb6-01,2026-08-25,手机,device,联想,A系列,A5500,,,废板-整机,15,元/台,,image_first_visual_crosscheck_high_similarity,联想.jpg,/mnt/data/decoded2/需要获取数据与不需要获数据原文件/需要获取的图片正文数据/数码网报价单-0825更新/手机相关/联想.jpg,1,0.995,visual_0825_vs_0831_pixel_crosscheck_and_header_structure
20260825-5c10a85efcea8a2fce60-01,2026-08-25,手机,device,联想,A系列,A3910,,,开机屏好,10,元/台,,image_first_visual_crosscheck_high_similarity,联想.jpg,/mnt/data/decoded2/需要获取数据与不需要获数据原文件/需要获取的图片正文数据/数码网报价单-0825更新/手机相关/联想.jpg,1,0.995,visual_0825_vs_0831_pixel_crosscheck_and_header_structure
20260825-1f1c90326c3b22a845ef-01,2026-08-25,手机,device,联想,A系列,A3910,,,开机屏坏,10,元/台,,image_first_visual_crosscheck_high_similarity,联想.jpg,/mnt/data/decoded2/需要获取数据与不需要获数据原文件/需要获取的图片正文数据/数码网报价单-0825更新/手机相关/联想.jpg,1,0.995,visual_0825_vs_0831_pixel_crosscheck_and_header_structure
20260825-88a3fdf69e84fd025a66-01,2026-08-25,手机,device,联想,A系列,A3910,,,不开机,10,元/台,,image_first_visual_crosscheck_high_similarity,联想.jpg,/mnt/data/decoded2/需要获取数据与不需要获数据原文件/需要获取的图片正文数据/数码网报价单-0825更新/手机相关/联想.jpg,1,0.995,visual_0825_vs_0831_pixel_crosscheck_and_header_structure
20260825-3a08c5f67b33a88fe0b3-01,2026-08-25,手机,device,联想,A系列,A3910,,,废板-整机,10,元/台,,image_first_visual_crosscheck_high_similarity,联想.jpg,/mnt/data/decoded2/需要获取数据与不需要获数据原文件/需要获取的图片正文数据/数码网报价单-0825更新/手机相关/联想.jpg,1,0.995,visual_0825_vs_0831_pixel_crosscheck_and_header_structure
20260825-dcafc97b389df9fda327-01,2026-08-25,手机,device,联想,A系列,A3900,,,开机屏好,10,元/台,,image_first_visual_crosscheck_high_similarity,联想.jpg,/mnt/data/decoded2/需要获取数据与不需要获数据原文件/需要获取的图片正文数据/数码网报价单-0825更新/手机相关/联想.jpg,1,0.995,visual_0825_vs_0831_pixel_crosscheck_and_header_structure
20260825-ccbca9c9a43b20f6ae3d-01,2026-08-25,手机,device,联想,A系列,A3900,,,开机屏坏,10,元/台,,image_first_visual_crosscheck_high_similarity,联想.jpg,/mnt/data/decoded2/需要获取数据与不需要获数据原文件/需要获取的图片正文数据/数码网报价单-0825更新/手机相关/联想.jpg,1,0.995,visual_0825_vs_0831_pixel_crosscheck_and_header_structure
20260825-20d8a33273ff162a3929-01,2026-08-25,手机,device,联想,A系列,A3900,,,不开机,10,元/台,,image_first_visual_crosscheck_high_similarity,联想.jpg,/mnt/data/decoded2/需要获取数据与不需要获数据原文件/需要获取的图片正文数据/数码网报价单-0825更新/手机相关/联想.jpg,1,0.995,visual_0825_vs_0831_pixel_crosscheck_and_header_structure
20260825-70cea568b8d30e16a449-01,2026-08-25,手机,device,联想,A系列,A3900,,,废板-整机,10,元/台,,image_first_visual_crosscheck_high_similarity,联想.jpg,/mnt/data/decoded2/需要获取数据与不需要获数据原文件/需要获取的图片正文数据/数码网报价单-0825更新/手机相关/联想.jpg,1,0.995,visual_0825_vs_0831_pixel_crosscheck_and_header_structure
20260825-4e43893d6a6c798a99e0-01,2026-08-25,手机,device,联想,A系列,A916,,,开机屏好,10,元/台,,image_first_visual_crosscheck_high_similarity,联想.jpg,/mnt/data/decoded2/需要获取数据与不需要获数据原文件/需要获取的图片正文数据/数码网报价单-0825更新/手机相关/联想.jpg,1,0.995,visual_0825_vs_0831_pixel_crosscheck_and_header_structure
20260825-fdb065996ed5fcc81afa-01,2026-08-25,手机,device,联想,A系列,A916,,,开机屏坏,10,元/台,,image_first_visual_crosscheck_high_similarity,联想.jpg,/mnt/data/decoded2/需要获取数据与不需要获数据原文件/需要获取的图片正文数据/数码网报价单-0825更新/手机相关/联想.jpg,1,0.995,visual_0825_vs_0831_pixel_crosscheck_and_header_structure
20260825-3e5ac72069aeaf268ab6-01,2026-08-25,手机,device,联想,A系列,A916,,,不开机,10,元/台,,image_first_visual_crosscheck_high_similarity,联想.jpg,/mnt/data/decoded2/需要获取数据与不需要获数据原文件/需要获取的图片正文数据/数码网报价单-0825更新/手机相关/联想.jpg,1,0.995,visual_0825_vs_0831_pixel_crosscheck_and_header_structure
20260825-76943fd07d791272e9ff-01,2026-08-25,手机,device,联想,A系列,A916,,,废板-整机,10,元/台,,image_first_visual_crosscheck_high_similarity,联想.jpg,/mnt/data/decoded2/需要获取数据与不需要获数据原文件/需要获取的图片正文数据/数码网报价单-0825更新/手机相关/联想.jpg,1,0.995,visual_0825_vs_0831_pixel_crosscheck_and_header_structure
20260825-34894df2a7d609028424-01,2026-08-25,手机,device,联想,A系列,A858,,,开机屏好,10,元/台,,image_first_visual_crosscheck_high_similarity,联想.jpg,/mnt/data/decoded2/需要获取数据与不需要获数据原文件/需要获取的图片正文数据/数码网报价单-0825更新/手机相关/联想.jpg,1,0.995,visual_0825_vs_0831_pixel_crosscheck_and_header_structure
20260825-1bbc363b15e58f5eac64-01,2026-08-25,手机,device,联想,A系列,A858,,,开机屏坏,10,元/台,,image_first_visual_crosscheck_high_similarity,联想.jpg,/mnt/data/decoded2/需要获取数据与不需要获数据原文件/需要获取的图片正文数据/数码网报价单-0825更新/手机相关/联想.jpg,1,0.995,visual_0825_vs_0831_pixel_crosscheck_and_header_structure
20260825-6fbac9eed4ad90f61893-01,2026-08-25,手机,device,联想,A系列,A858,,,不开机,10,元/台,,image_first_visual_crosscheck_high_similarity,联想.jpg,/mnt/data/decoded2/需要获取数据与不需要获数据原文件/需要获取的图片正文数据/数码网报价单-0825更新/手机相关/联想.jpg,1,0.995,visual_0825_vs_0831_pixel_crosscheck_and_header_structure
20260825-8dabf0866f779527f247-01,2026-08-25,手机,device,联想,A系列,A858,,,废板-整机,10,元/台,,image_first_visual_crosscheck_high_similarity,联想.jpg,/mnt/data/decoded2/需要获取数据与不需要获数据原文件/需要获取的图片正文数据/数码网报价单-0825更新/手机相关/联想.jpg,1,0.995,visual_0825_vs_0831_pixel_crosscheck_and_header_structure
20260825-c0ead3c22411665b6f93-01,2026-08-25,手机,device,联想,A系列,A850,,,开机屏好,10,元/台,,image_first_visual_crosscheck_high_similarity,联想.jpg,/mnt/data/decoded2/需要获取数据与不需要获数据原文件/需要获取的图片正文数据/数码网报价单-0825更新/手机相关/联想.jpg,1,0.995,visual_0825_vs_0831_pixel_crosscheck_and_header_structure
20260825-26027386e2b0b521139d-01,2026-08-25,手机,device,联想,A系列,A850,,,开机屏坏,10,元/台,,image_first_visual_crosscheck_high_similarity,联想.jpg,/mnt/data/decoded2/需要获取数据与不需要获数据原文件/需要获取的图片正文数据/数码网报价单-0825更新/手机相关/联想.jpg,1,0.995,visual_0825_vs_0831_pixel_crosscheck_and_header_structure
20260825-4189da5134bad9b78333-01,2026-08-25,手机,device,联想,A系列,A850,,,不开机,10,元/台,,image_first_visual_crosscheck_high_similarity,联想.jpg,/mnt/data/decoded2/需要获取数据与不需要获数据原文件/需要获取的图片正文数据/数码网报价单-0825更新/手机相关/联想.jpg,1,0.995,visual_0825_vs_0831_pixel_crosscheck_and_header_structure
20260825-0fdde2220f1500eb9b7f-01,2026-08-25,手机,device,联想,A系列,A850,,,废板-整机,10,元/台,,image_first_visual_crosscheck_high_similarity,联想.jpg,/mnt/data/decoded2/需要获取数据与不需要获数据原文件/需要获取的图片正文数据/数码网报价单-0825更新/手机相关/联想.jpg,1,0.995,visual_0825_vs_0831_pixel_crosscheck_and_header_structure
20260825-2ede1c2549ace2633c5f-01,2026-08-25,手机,device,联想,A系列,A850+,,,开机屏好,10,元/台,,image_first_visual_crosscheck_high_similarity,联想.jpg,/mnt/data/decoded2/需要获取数据与不需要获数据原文件/需要获取的图片正文数据/数码网报价单-0825更新/手机相关/联想.jpg,1,0.995,visual_0825_vs_0831_pixel_crosscheck_and_header_structure
20260825-b6d19e5cd8130e7bce0c-01,2026-08-25,手机,device,联想,A系列,A850+,,,开机屏坏,10,元/台,,image_first_visual_crosscheck_high_similarity,联想.jpg,/mnt/data/decoded2/需要获取数据与不需要获数据原文件/需要获取的图片正文数据/数码网报价单-0825更新/手机相关/联想.jpg,1,0.995,visual_0825_vs_0831_pixel_crosscheck_and_header_structure
20260825-c0bc88cb3150950fe454-01,2026-08-25,手机,device,联想,A系列,A850+,,,不开机,10,元/台,,image_first_visual_crosscheck_high_similarity,联想.jpg,/mnt/data/decoded2/需要获取数据与不需要获数据原文件/需要获取的图片正文数据/数码网报价单-0825更新/手机相关/联想.jpg,1,0.995,visual_0825_vs_0831_pixel_crosscheck_and_header_structure
20260825-866fd5392b73a9895eea-01,2026-08-25,手机,device,联想,A系列,A850+,,,废板-整机,10,元/台,,image_first_visual_crosscheck_high_similarity,联想.jpg,/mnt/data/decoded2/需要获取数据与不需要获数据原文件/需要获取的图片正文数据/数码网报价单-0825更新/手机相关/联想.jpg,1,0.995,visual_0825_vs_0831_pixel_crosscheck_and_header_structure
20260825-e73fbe0b91a92829bba0-01,2026-08-25,手机,device,联想,A系列,A808ti,,,开机屏好,15,元/台,,image_first_visual_crosscheck_high_similarity,联想.jpg,/mnt/data/decoded2/需要获取数据与不需要获数据原文件/需要获取的图片正文数据/数码网报价单-0825更新/手机相关/联想.jpg,1,0.995,visual_0825_vs_0831_pixel_crosscheck_and_header_structure
20260825-c6f5c47e7e6a35e92db0-01,2026-08-25,手机,device,联想,A系列,A808ti,,,开机屏坏,15,元/台,,image_first_visual_crosscheck_high_similarity,联想.jpg,/mnt/data/decoded2/需要获取数据与不需要获数据原文件/需要获取的图片正文数据/数码网报价单-0825更新/手机相关/联想.jpg,1,0.995,visual_0825_vs_0831_pixel_crosscheck_and_header_structure
20260825-70c8cc80a222dca192ff-01,2026-08-25,手机,device,联想,A系列,A808ti,,,不开机,15,元/台,,image_first_visual_crosscheck_high_similarity,联想.jpg,/mnt/data/decoded2/需要获取数据与不需要获数据原文件/需要获取的图片正文数据/数码网报价单-0825更新/手机相关/联想.jpg,1,0.995,visual_0825_vs_0831_pixel_crosscheck_and_header_structure
20260825-8df0902ad80d91791d2a-01,2026-08-25,手机,device,联想,A系列,A808ti,,,废板-整机,15,元/台,,image_first_visual_crosscheck_high_similarity,联想.jpg,/mnt/data/decoded2/需要获取数据与不需要获数据原文件/需要获取的图片正文数据/数码网报价单-0825更新/手机相关/联想.jpg,1,0.995,visual_0825_vs_0831_pixel_crosscheck_and_header_structure
20260825-d0fdd367cdeb9d6fee98-01,2026-08-25,手机,device,联想,A系列,A788t,,,开机屏好,10,元/台,,image_first_visual_crosscheck_high_similarity,联想.jpg,/mnt/data/decoded2/需要获取数据与不需要获数据原文件/需要获取的图片正文数据/数码网报价单-0825更新/手机相关/联想.jpg,1,0.995,visual_0825_vs_0831_pixel_crosscheck_and_header_structure
20260825-3eaba70011678e4447a8-01,2026-08-25,手机,device,联想,A系列,A788t,,,开机屏坏,10,元/台,,image_first_visual_crosscheck_high_similarity,联想.jpg,/mnt/data/decoded2/需要获取数据与不需要获数据原文件/需要获取的图片正文数据/数码网报价单-0825更新/手机相关/联想.jpg,1,0.995,visual_0825_vs_0831_pixel_crosscheck_and_header_structure
20260825-4b10edc6fb8dd0910beb-01,2026-08-25,手机,device,联想,A系列,A788t,,,不开机,10,元/台,,image_first_visual_crosscheck_high_similarity,联想.jpg,/mnt/data/decoded2/需要获取数据与不需要获数据原文件/需要获取的图片正文数据/数码网报价单-0825更新/手机相关/联想.jpg,1,0.995,visual_0825_vs_0831_pixel_crosscheck_and_header_structure
20260825-c21116f46a4f70fa8074-01,2026-08-25,手机,device,联想,A系列,A788t,,,废板-整机,10,元/台,,image_first_visual_crosscheck_high_similarity,联想.jpg,/mnt/data/decoded2/需要获取数据与不需要获数据原文件/需要获取的图片正文数据/数码网报价单-0825更新/手机相关/联想.jpg,1,0.995,visual_0825_vs_0831_pixel_crosscheck_and_header_structure
20260825-134dbe99727afdda82a4-01,2026-08-25,手机,device,联想,A系列,A708t,,,开机屏好,10,元/台,,image_first_visual_crosscheck_high_similarity,联想.jpg,/mnt/data/decoded2/需要获取数据与不需要获数据原文件/需要获取的图片正文数据/数码网报价单-0825更新/手机相关/联想.jpg,1,0.995,visual_0825_vs_0831_pixel_crosscheck_and_header_structure
20260825-d93e4e8560096b9a409a-01,2026-08-25,手机,device,联想,A系列,A708t,,,开机屏坏,10,元/台,,image_first_visual_crosscheck_high_similarity,联想.jpg,/mnt/data/decoded2/需要获取数据与不需要获数据原文件/需要获取的图片正文数据/数码网报价单-0825更新/手机相关/联想.jpg,1,0.995,visual_0825_vs_0831_pixel_crosscheck_and_header_structure
20260825-c5b67666d64b63c9d406-01,2026-08-25,手机,device,联想,A系列,A708t,,,不开机,10,元/台,,image_first_visual_crosscheck_high_similarity,联想.jpg,/mnt/data/decoded2/需要获取数据与不需要获数据原文件/需要获取的图片正文数据/数码网报价单-0825更新/手机相关/联想.jpg,1,0.995,visual_0825_vs_0831_pixel_crosscheck_and_header_structure
20260825-cc5eac60f237c83e78ad-01,2026-08-25,手机,device,联想,A系列,A708t,,,废板-整机,10,元/台,,image_first_visual_crosscheck_high_similarity,联想.jpg,/mnt/data/decoded2/需要获取数据与不需要获数据原文件/需要获取的图片正文数据/数码网报价单-0825更新/手机相关/联想.jpg,1,0.995,visual_0825_vs_0831_pixel_crosscheck_and_header_structure
20260825-17f99fffcccafb846f78-01,2026-08-25,手机,device,联想,A系列,A3860,,,开机屏好,15,元/台,,image_first_visual_crosscheck_high_similarity,联想.jpg,/mnt/data/decoded2/需要获取数据与不需要获数据原文件/需要获取的图片正文数据/数码网报价单-0825更新/手机相关/联想.jpg,1,0.995,visual_0825_vs_0831_pixel_crosscheck_and_header_structure
20260825-2c1f7e53e13d8c7e8c37-01,2026-08-25,手机,device,联想,A系列,A3860,,,开机屏坏,15,元/台,,image_first_visual_crosscheck_high_similarity,联想.jpg,/mnt/data/decoded2/需要获取数据与不需要获数据原文件/需要获取的图片正文数据/数码网报价单-0825更新/手机相关/联想.jpg,1,0.995,visual_0825_vs_0831_pixel_crosscheck_and_header_structure
20260825-9d5ae821a225e7943b84-01,2026-08-25,手机,device,联想,A系列,A3860,,,不开机,15,元/台,,image_first_visual_crosscheck_high_similarity,联想.jpg,/mnt/data/decoded2/需要获取数据与不需要获数据原文件/需要获取的图片正文数据/数码网报价单-0825更新/手机相关/联想.jpg,1,0.995,visual_0825_vs_0831_pixel_crosscheck_and_header_structure
20260825-332860f43fae3d6e48e6-01,2026-08-25,手机,device,联想,A系列,A3860,,,废板-整机,15,元/台,,image_first_visual_crosscheck_high_similarity,联想.jpg,/mnt/data/decoded2/需要获取数据与不需要获数据原文件/需要获取的图片正文数据/数码网报价单-0825更新/手机相关/联想.jpg,1,0.995,visual_0825_vs_0831_pixel_crosscheck_and_header_structure
20260825-bcb8a69bc71c1847b0d8-01,2026-08-25,手机,device,联想,A系列,A2580,,,开机屏好,15,元/台,,image_first_visual_crosscheck_high_similarity,联想.jpg,/mnt/data/decoded2/需要获取数据与不需要获数据原文件/需要获取的图片正文数据/数码网报价单-0825更新/手机相关/联想.jpg,1,0.995,visual_0825_vs_0831_pixel_crosscheck_and_header_structure
20260825-90ba8b9a262c1dc336f9-01,2026-08-25,手机,device,联想,A系列,A2580,,,开机屏坏,15,元/台,,image_first_visual_crosscheck_high_similarity,联想.jpg,/mnt/data/decoded2/需要获取数据与不需要获数据原文件/需要获取的图片正文数据/数码网报价单-0825更新/手机相关/联想.jpg,1,0.995,visual_0825_vs_0831_pixel_crosscheck_and_header_structure
20260825-a9dadc9c8748f32d5efc-01,2026-08-25,手机,device,联想,A系列,A2580,,,不开机,15,元/台,,image_first_visual_crosscheck_high_similarity,联想.jpg,/mnt/data/decoded2/需要获取数据与不需要获数据原文件/需要获取的图片正文数据/数码网报价单-0825更新/手机相关/联想.jpg,1,0.995,visual_0825_vs_0831_pixel_crosscheck_and_header_structure
20260825-5a759d05f6639975e5f1-01,2026-08-25,手机,device,联想,A系列,A2580,,,废板-整机,15,元/台,,image_first_visual_crosscheck_high_similarity,联想.jpg,/mnt/data/decoded2/需要获取数据与不需要获数据原文件/需要获取的图片正文数据/数码网报价单-0825更新/手机相关/联想.jpg,1,0.995,visual_0825_vs_0831_pixel_crosscheck_and_header_structure
20260825-17df961f4b482abaf9a6-01,2026-08-25,手机,device,联想,A系列,A828t,,,开机屏好,10,元/台,,image_first_visual_crosscheck_high_similarity,联想.jpg,/mnt/data/decoded2/需要获取数据与不需要获数据原文件/需要获取的图片正文数据/数码网报价单-0825更新/手机相关/联想.jpg,1,0.995,visual_0825_vs_0831_pixel_crosscheck_and_header_structure
20260825-8ffe1e9e0175961adccb-01,2026-08-25,手机,device,联想,A系列,A828t,,,开机屏坏,10,元/台,,image_first_visual_crosscheck_high_similarity,联想.jpg,/mnt/data/decoded2/需要获取数据与不需要获数据原文件/需要获取的图片正文数据/数码网报价单-0825更新/手机相关/联想.jpg,1,0.995,visual_0825_vs_0831_pixel_crosscheck_and_header_structure
20260825-a2e35bdce4b3e875d7d7-01,2026-08-25,手机,device,联想,A系列,A828t,,,不开机,10,元/台,,image_first_visual_crosscheck_high_similarity,联想.jpg,/mnt/data/decoded2/需要获取数据与不需要获数据原文件/需要获取的图片正文数据/数码网报价单-0825更新/手机相关/联想.jpg,1,0.995,visual_0825_vs_0831_pixel_crosscheck_and_header_structure
20260825-5730459fe14b82e1959d-01,2026-08-25,手机,device,联想,A系列,A828t,,,废板-整机,10,元/台,,image_first_visual_crosscheck_high_similarity,联想.jpg,/mnt/data/decoded2/需要获取数据与不需要获数据原文件/需要获取的图片正文数据/数码网报价单-0825更新/手机相关/联想.jpg,1,0.995,visual_0825_vs_0831_pixel_crosscheck_and_header_structure
20260825-6e376e501c99e89127da-01,2026-08-25,手机,device,联想,A系列,A5800,,,开机屏好,10,元/台,,image_first_visual_crosscheck_high_similarity,联想.jpg,/mnt/data/decoded2/需要获取数据与不需要获数据原文件/需要获取的图片正文数据/数码网报价单-0825更新/手机相关/联想.jpg,1,0.995,visual_0825_vs_0831_pixel_crosscheck_and_header_structure
20260825-f698b03d612e2074c275-01,2026-08-25,手机,device,联想,A系列,A5800,,,开机屏坏,10,元/台,,image_first_visual_crosscheck_high_similarity,联想.jpg,/mnt/data/decoded2/需要获取数据与不需要获数据原文件/需要获取的图片正文数据/数码网报价单-0825更新/手机相关/联想.jpg,1,0.995,visual_0825_vs_0831_pixel_crosscheck_and_header_structure
20260825-a4de1244ea91ea277d7f-01,2026-08-25,手机,device,联想,A系列,A5800,,,不开机,10,元/台,,image_first_visual_crosscheck_high_similarity,联想.jpg,/mnt/data/decoded2/需要获取数据与不需要获数据原文件/需要获取的图片正文数据/数码网报价单-0825更新/手机相关/联想.jpg,1,0.995,visual_0825_vs_0831_pixel_crosscheck_and_header_structure
20260825-a4f4078eaed5ed4e2d2e-01,2026-08-25,手机,device,联想,A系列,A5800,,,废板-整机,10,元/台,,image_first_visual_crosscheck_high_similarity,联想.jpg,/mnt/data/decoded2/需要获取数据与不需要获数据原文件/需要获取的图片正文数据/数码网报价单-0825更新/手机相关/联想.jpg,1,0.995,visual_0825_vs_0831_pixel_crosscheck_and_header_structure
20260825-5a216e8fb59de5692df2-01,2026-08-25,手机,device,联想,A系列,A560,,,开机屏好,10,元/台,,image_first_visual_crosscheck_high_similarity,联想.jpg,/mnt/data/decoded2/需要获取数据与不需要获数据原文件/需要获取的图片正文数据/数码网报价单-0825更新/手机相关/联想.jpg,1,0.995,visual_0825_vs_0831_pixel_crosscheck_and_header_structure
20260825-dc06e573171aa738144c-01,2026-08-25,手机,device,联想,A系列,A560,,,开机屏坏,10,元/台,,image_first_visual_crosscheck_high_similarity,联想.jpg,/mnt/data/decoded2/需要获取数据与不需要获数据原文件/需要获取的图片正文数据/数码网报价单-0825更新/手机相关/联想.jpg,1,0.995,visual_0825_vs_0831_pixel_crosscheck_and_header_structure
20260825-677c0b5f1d58d045b6ed-01,2026-08-25,手机,device,联想,A系列,A560,,,不开机,10,元/台,,image_first_visual_crosscheck_high_similarity,联想.jpg,/mnt/data/decoded2/需要获取数据与不需要获数据原文件/需要获取的图片正文数据/数码网报价单-0825更新/手机相关/联想.jpg,1,0.995,visual_0825_vs_0831_pixel_crosscheck_and_header_structure
20260825-4a8484a15ee156f21ea0-01,2026-08-25,手机,device,联想,A系列,A560,,,废板-整机,10,元/台,,image_first_visual_crosscheck_high_similarity,联想.jpg,/mnt/data/decoded2/需要获取数据与不需要获数据原文件/需要获取的图片正文数据/数码网报价单-0825更新/手机相关/联想.jpg,1,0.995,visual_0825_vs_0831_pixel_crosscheck_and_header_structure
20260825-5d5822090484b9b60dc6-01,2026-08-25,手机,device,联想,A系列,A3800-d,,,开机屏好,10,元/台,,image_first_visual_crosscheck_high_similarity,联想.jpg,/mnt/data/decoded2/需要获取数据与不需要获数据原文件/需要获取的图片正文数据/数码网报价单-0825更新/手机相关/联想.jpg,1,0.995,visual_0825_vs_0831_pixel_crosscheck_and_header_structure
20260825-d147826a257069d6af7e-01,2026-08-25,手机,device,联想,A系列,A3800-d,,,开机屏坏,10,元/台,,image_first_visual_crosscheck_high_similarity,联想.jpg,/mnt/data/decoded2/需要获取数据与不需要获数据原文件/需要获取的图片正文数据/数码网报价单-0825更新/手机相关/联想.jpg,1,0.995,visual_0825_vs_0831_pixel_crosscheck_and_header_structure
20260825-d71d440f67eb9f802311-01,2026-08-25,手机,device,联想,A系列,A3800-d,,,不开机,10,元/台,,image_first_visual_crosscheck_high_similarity,联想.jpg,/mnt/data/decoded2/需要获取数据与不需要获数据原文件/需要获取的图片正文数据/数码网报价单-0825更新/手机相关/联想.jpg,1,0.995,visual_0825_vs_0831_pixel_crosscheck_and_header_structure
20260825-39bed11ce74638e889ff-01,2026-08-25,手机,device,联想,A系列,A3800-d,,,废板-整机,10,元/台,,image_first_visual_crosscheck_high_similarity,联想.jpg,/mnt/data/decoded2/需要获取数据与不需要获数据原文件/需要获取的图片正文数据/数码网报价单-0825更新/手机相关/联想.jpg,1,0.995,visual_0825_vs_0831_pixel_crosscheck_and_header_structure
20260825-9b0f4b5798c7c3fb0210-01,2026-08-25,手机,device,联想,A系列,A358,,,开机屏好,10,元/台,,image_first_visual_crosscheck_high_similarity,联想.jpg,/mnt/data/decoded2/需要获取数据与不需要获数据原文件/需要获取的图片正文数据/数码网报价单-0825更新/手机相关/联想.jpg,1,0.995,visual_0825_vs_0831_pixel_crosscheck_and_header_structure
20260825-1b7d2ec3e6b1bc4a7986-01,2026-08-25,手机,device,联想,A系列,A358,,,开机屏坏,10,元/台,,image_first_visual_crosscheck_high_similarity,联想.jpg,/mnt/data/decoded2/需要获取数据与不需要获数据原文件/需要获取的图片正文数据/数码网报价单-0825更新/手机相关/联想.jpg,1,0.995,visual_0825_vs_0831_pixel_crosscheck_and_header_structure
20260825-3d17c9ba0d80fd69e4db-01,2026-08-25,手机,device,联想,A系列,A358,,,不开机,10,元/台,,image_first_visual_crosscheck_high_similarity,联想.jpg,/mnt/data/decoded2/需要获取数据与不需要获数据原文件/需要获取的图片正文数据/数码网报价单-0825更新/手机相关/联想.jpg,1,0.995,visual_0825_vs_0831_pixel_crosscheck_and_header_structure
20260825-9f96e9a98668d8f73641-01,2026-08-25,手机,device,联想,A系列,A358,,,废板-整机,10,元/台,,image_first_visual_crosscheck_high_similarity,联想.jpg,/mnt/data/decoded2/需要获取数据与不需要获数据原文件/需要获取的图片正文数据/数码网报价单-0825更新/手机相关/联想.jpg,1,0.995,visual_0825_vs_0831_pixel_crosscheck_and_header_structure
20260825-7433c105d93e86db98b5-01,2026-08-25,手机,device,联想,A系列,A330e,,,开机屏好,10,元/台,,image_first_visual_crosscheck_high_similarity,联想.jpg,/mnt/data/decoded2/需要获取数据与不需要获数据原文件/需要获取的图片正文数据/数码网报价单-0825更新/手机相关/联想.jpg,1,0.995,visual_0825_vs_0831_pixel_crosscheck_and_header_structure
20260825-43e49e5daa0ec0056111-01,2026-08-25,手机,device,联想,A系列,A330e,,,开机屏坏,10,元/台,,image_first_visual_crosscheck_high_similarity,联想.jpg,/mnt/data/decoded2/需要获取数据与不需要获数据原文件/需要获取的图片正文数据/数码网报价单-0825更新/手机相关/联想.jpg,1,0.995,visual_0825_vs_0831_pixel_crosscheck_and_header_structure
20260825-8352d63eaa374505fea1-01,2026-08-25,手机,device,联想,A系列,A330e,,,不开机,10,元/台,,image_first_visual_crosscheck_high_similarity,联想.jpg,/mnt/data/decoded2/需要获取数据与不需要获数据原文件/需要获取的图片正文数据/数码网报价单-0825更新/手机相关/联想.jpg,1,0.995,visual_0825_vs_0831_pixel_crosscheck_and_header_structure
20260825-d426aa68eedfbd487d75-01,2026-08-25,手机,device,联想,A系列,A330e,,,废板-整机,10,元/台,,image_first_visual_crosscheck_high_similarity,联想.jpg,/mnt/data/decoded2/需要获取数据与不需要获数据原文件/需要获取的图片正文数据/数码网报价单-0825更新/手机相关/联想.jpg,1,0.995,visual_0825_vs_0831_pixel_crosscheck_and_header_structure
20260825-56cff5ac8944bea5bf6c-01,2026-08-25,手机,device,联想,A系列,A2800,,,开机屏好,10,元/台,,image_first_visual_crosscheck_high_similarity,联想.jpg,/mnt/data/decoded2/需要获取数据与不需要获数据原文件/需要获取的图片正文数据/数码网报价单-0825更新/手机相关/联想.jpg,1,0.995,visual_0825_vs_0831_pixel_crosscheck_and_header_structure
20260825-d7faa18c8b31456b3637-01,2026-08-25,手机,device,联想,A系列,A2800,,,开机屏坏,10,元/台,,image_first_visual_crosscheck_high_similarity,联想.jpg,/mnt/data/decoded2/需要获取数据与不需要获数据原文件/需要获取的图片正文数据/数码网报价单-0825更新/手机相关/联想.jpg,1,0.995,visual_0825_vs_0831_pixel_crosscheck_and_header_structure
20260825-aad0bb9301018d74c8ab-01,2026-08-25,手机,device,联想,A系列,A2800,,,不开机,10,元/台,,image_first_visual_crosscheck_high_similarity,联想.jpg,/mnt/data/decoded2/需要获取数据与不需要获数据原文件/需要获取的图片正文数据/数码网报价单-0825更新/手机相关/联想.jpg,1,0.995,visual_0825_vs_0831_pixel_crosscheck_and_header_structure
20260825-a2275fdb666c7227bae3-01,2026-08-25,手机,device,联想,A系列,A2800,,,废板-整机,10,元/台,,image_first_visual_crosscheck_high_similarity,联想.jpg,/mnt/data/decoded2/需要获取数据与不需要获数据原文件/需要获取的图片正文数据/数码网报价单-0825更新/手机相关/联想.jpg,1,0.995,visual_0825_vs_0831_pixel_crosscheck_and_header_structure
20260825-cbd4ffbf6fdb226ff5a0-01,2026-08-25,手机,device,联想,其他型号,Z6青春,,,开机屏好,120,元/台,,image_first_visual_crosscheck_high_similarity,联想.jpg,/mnt/data/decoded2/需要获取数据与不需要获数据原文件/需要获取的图片正文数据/数码网报价单-0825更新/手机相关/联想.jpg,1,0.995,visual_0825_vs_0831_pixel_crosscheck_and_header_structure
20260825-252de45b7a2eded54763-01,2026-08-25,手机,device,联想,其他型号,Z6青春,,,开机屏坏,120,元/台,,image_first_visual_crosscheck_high_similarity,联想.jpg,/mnt/data/decoded2/需要获取数据与不需要获数据原文件/需要获取的图片正文数据/数码网报价单-0825更新/手机相关/联想.jpg,1,0.995,visual_0825_vs_0831_pixel_crosscheck_and_header_structure
20260825-4aee47dc3e31c84cfa6e-01,2026-08-25,手机,device,联想,其他型号,Z6青春,,,不开机,120,元/台,,image_first_visual_crosscheck_high_similarity,联想.jpg,/mnt/data/decoded2/需要获取数据与不需要获数据原文件/需要获取的图片正文数据/数码网报价单-0825更新/手机相关/联想.jpg,1,0.995,visual_0825_vs_0831_pixel_crosscheck_and_header_structure
20260825-61d3238fcaa2f13962f2-01,2026-08-25,手机,device,联想,其他型号,Z6青春,,,废板-整机,120,元/台,,image_first_visual_crosscheck_high_similarity,联想.jpg,/mnt/data/decoded2/需要获取数据与不需要获数据原文件/需要获取的图片正文数据/数码网报价单-0825更新/手机相关/联想.jpg,1,0.995,visual_0825_vs_0831_pixel_crosscheck_and_header_structure
20260825-443c96c955ee531c6bbf-01,2026-08-25,手机,device,联想,其他型号,Z6 Pro,,,开机屏好,120,元/台,,image_first_visual_crosscheck_high_similarity,联想.jpg,/mnt/data/decoded2/需要获取数据与不需要获数据原文件/需要获取的图片正文数据/数码网报价单-0825更新/手机相关/联想.jpg,1,0.995,visual_0825_vs_0831_pixel_crosscheck_and_header_structure
20260825-31cf33e2014244d9c0f3-01,2026-08-25,手机,device,联想,其他型号,Z6 Pro,,,开机屏坏,120,元/台,,image_first_visual_crosscheck_high_similarity,联想.jpg,/mnt/data/decoded2/需要获取数据与不需要获数据原文件/需要获取的图片正文数据/数码网报价单-0825更新/手机相关/联想.jpg,1,0.995,visual_0825_vs_0831_pixel_crosscheck_and_header_structure
20260825-dc0ded383522c74d20e1-01,2026-08-25,手机,device,联想,其他型号,Z6 Pro,,,不开机,120,元/台,,image_first_visual_crosscheck_high_similarity,联想.jpg,/mnt/data/decoded2/需要获取数据与不需要获数据原文件/需要获取的图片正文数据/数码网报价单-0825更新/手机相关/联想.jpg,1,0.995,visual_0825_vs_0831_pixel_crosscheck_and_header_structure
20260825-9bf90d02e6c60803a8c7-01,2026-08-25,手机,device,联想,其他型号,Z6 Pro,,,废板-整机,120,元/台,,image_first_visual_crosscheck_high_similarity,联想.jpg,/mnt/data/decoded2/需要获取数据与不需要获数据原文件/需要获取的图片正文数据/数码网报价单-0825更新/手机相关/联想.jpg,1,0.995,visual_0825_vs_0831_pixel_crosscheck_and_header_structure
20260825-01e2ade81ea6473fe78a-01,2026-08-25,手机,device,联想,其他型号,Z6,,,开机屏好,120,元/台,,image_first_visual_crosscheck_high_similarity,联想.jpg,/mnt/data/decoded2/需要获取数据与不需要获数据原文件/需要获取的图片正文数据/数码网报价单-0825更新/手机相关/联想.jpg,1,0.995,visual_0825_vs_0831_pixel_crosscheck_and_header_structure
20260825-56d3509640881cf11152-01,2026-08-25,手机,device,联想,其他型号,Z6,,,开机屏坏,120,元/台,,image_first_visual_crosscheck_high_similarity,联想.jpg,/mnt/data/decoded2/需要获取数据与不需要获数据原文件/需要获取的图片正文数据/数码网报价单-0825更新/手机相关/联想.jpg,1,0.995,visual_0825_vs_0831_pixel_crosscheck_and_header_structure
20260825-3b7a20f93c9da02e0f6f-01,2026-08-25,手机,device,联想,其他型号,Z6,,,不开机,120,元/台,,image_first_visual_crosscheck_high_similarity,联想.jpg,/mnt/data/decoded2/需要获取数据与不需要获数据原文件/需要获取的图片正文数据/数码网报价单-0825更新/手机相关/联想.jpg,1,0.995,visual_0825_vs_0831_pixel_crosscheck_and_header_structure
20260825-9457f8cef6b51f395051-01,2026-08-25,手机,device,联想,其他型号,Z6,,,废板-整机,120,元/台,,image_first_visual_crosscheck_high_similarity,联想.jpg,/mnt/data/decoded2/需要获取数据与不需要获数据原文件/需要获取的图片正文数据/数码网报价单-0825更新/手机相关/联想.jpg,1,0.995,visual_0825_vs_0831_pixel_crosscheck_and_header_structure
20260825-699bd7c12a80d540b646-01,2026-08-25,手机,device,联想,其他型号,Z5s,,,开机屏好,120,元/台,,image_first_visual_crosscheck_high_similarity,联想.jpg,/mnt/data/decoded2/需要获取数据与不需要获数据原文件/需要获取的图片正文数据/数码网报价单-0825更新/手机相关/联想.jpg,1,0.995,visual_0825_vs_0831_pixel_crosscheck_and_header_structure
20260825-0d3baef6cde48ee39551-01,2026-08-25,手机,device,联想,其他型号,Z5s,,,开机屏坏,120,元/台,,image_first_visual_crosscheck_high_similarity,联想.jpg,/mnt/data/decoded2/需要获取数据与不需要获数据原文件/需要获取的图片正文数据/数码网报价单-0825更新/手机相关/联想.jpg,1,0.995,visual_0825_vs_0831_pixel_crosscheck_and_header_structure
20260825-5018bfc51f06251b42e0-01,2026-08-25,手机,device,联想,其他型号,Z5s,,,不开机,120,元/台,,image_first_visual_crosscheck_high_similarity,联想.jpg,/mnt/data/decoded2/需要获取数据与不需要获数据原文件/需要获取的图片正文数据/数码网报价单-0825更新/手机相关/联想.jpg,1,0.995,visual_0825_vs_0831_pixel_crosscheck_and_header_structure
20260825-35f088a7d17a702c2bf5-01,2026-08-25,手机,device,联想,其他型号,Z5s,,,废板-整机,120,元/台,,image_first_visual_crosscheck_high_similarity,联想.jpg,/mnt/data/decoded2/需要获取数据与不需要获数据原文件/需要获取的图片正文数据/数码网报价单-0825更新/手机相关/联想.jpg,1,0.995,visual_0825_vs_0831_pixel_crosscheck_and_header_structure
20260825-c473f4eec9add1036648-01,2026-08-25,手机,device,联想,其他型号,Z5,,,开机屏好,135,元/台,,image_first_visual_crosscheck_high_similarity,联想.jpg,/mnt/data/decoded2/需要获取数据与不需要获数据原文件/需要获取的图片正文数据/数码网报价单-0825更新/手机相关/联想.jpg,1,0.995,visual_0825_vs_0831_pixel_crosscheck_and_header_structure
20260825-44634586cd28ba3a3807-01,2026-08-25,手机,device,联想,其他型号,Z5,,,开机屏坏,135,元/台,,image_first_visual_crosscheck_high_similarity,联想.jpg,/mnt/data/decoded2/需要获取数据与不需要获数据原文件/需要获取的图片正文数据/数码网报价单-0825更新/手机相关/联想.jpg,1,0.995,visual_0825_vs_0831_pixel_crosscheck_and_header_structure
20260825-00e1383cc14e72acf28c-01,2026-08-25,手机,device,联想,其他型号,Z5,,,不开机,135,元/台,,image_first_visual_crosscheck_high_similarity,联想.jpg,/mnt/data/decoded2/需要获取数据与不需要获数据原文件/需要获取的图片正文数据/数码网报价单-0825更新/手机相关/联想.jpg,1,0.995,visual_0825_vs_0831_pixel_crosscheck_and_header_structure
20260825-428a762ab1ce0fb0c0c8-01,2026-08-25,手机,device,联想,其他型号,Z5,,,废板-整机,135,元/台,,image_first_visual_crosscheck_high_similarity,联想.jpg,/mnt/data/decoded2/需要获取数据与不需要获数据原文件/需要获取的图片正文数据/数码网报价单-0825更新/手机相关/联想.jpg,1,0.995,visual_0825_vs_0831_pixel_crosscheck_and_header_structure
20260825-390a0a09a3c7daa342bb-01,2026-08-25,手机,device,联想,其他型号,Zuk Z2 Pro,,,开机屏好,50,元/台,,image_first_visual_crosscheck_high_similarity,联想.jpg,/mnt/data/decoded2/需要获取数据与不需要获数据原文件/需要获取的图片正文数据/数码网报价单-0825更新/手机相关/联想.jpg,1,0.995,visual_0825_vs_0831_pixel_crosscheck_and_header_structure
20260825-ab310f4fdd2df12e537d-01,2026-08-25,手机,device,联想,其他型号,Zuk Z2 Pro,,,开机屏坏,50,元/台,,image_first_visual_crosscheck_high_similarity,联想.jpg,/mnt/data/decoded2/需要获取数据与不需要获数据原文件/需要获取的图片正文数据/数码网报价单-0825更新/手机相关/联想.jpg,1,0.995,visual_0825_vs_0831_pixel_crosscheck_and_header_structure
20260825-40be063c8fc66b4d9906-01,2026-08-25,手机,device,联想,其他型号,Zuk Z2 Pro,,,不开机,50,元/台,,image_first_visual_crosscheck_high_similarity,联想.jpg,/mnt/data/decoded2/需要获取数据与不需要获数据原文件/需要获取的图片正文数据/数码网报价单-0825更新/手机相关/联想.jpg,1,0.995,visual_0825_vs_0831_pixel_crosscheck_and_header_structure
20260825-351fc8f3f114a8443488-01,2026-08-25,手机,device,联想,其他型号,Zuk Z2 Pro,,,废板-整机,50,元/台,,image_first_visual_crosscheck_high_similarity,联想.jpg,/mnt/data/decoded2/需要获取数据与不需要获数据原文件/需要获取的图片正文数据/数码网报价单-0825更新/手机相关/联想.jpg,1,0.995,visual_0825_vs_0831_pixel_crosscheck_and_header_structure
20260825-a80d6732cea29b6f4025-01,2026-08-25,手机,device,联想,其他型号,Z5 Pro GT,,,开机屏好,50,元/台,,image_first_visual_crosscheck_high_similarity,联想.jpg,/mnt/data/decoded2/需要获取数据与不需要获数据原文件/需要获取的图片正文数据/数码网报价单-0825更新/手机相关/联想.jpg,1,0.995,visual_0825_vs_0831_pixel_crosscheck_and_header_structure
20260825-1ccee835c7b6583f0e03-01,2026-08-25,手机,device,联想,其他型号,Z5 Pro GT,,,开机屏坏,50,元/台,,image_first_visual_crosscheck_high_similarity,联想.jpg,/mnt/data/decoded2/需要获取数据与不需要获数据原文件/需要获取的图片正文数据/数码网报价单-0825更新/手机相关/联想.jpg,1,0.995,visual_0825_vs_0831_pixel_crosscheck_and_header_structure
20260825-5f704ec23268c7f8e2bf-01,2026-08-25,手机,device,联想,其他型号,Z5 Pro GT,,,不开机,50,元/台,,image_first_visual_crosscheck_high_similarity,联想.jpg,/mnt/data/decoded2/需要获取数据与不需要获数据原文件/需要获取的图片正文数据/数码网报价单-0825更新/手机相关/联想.jpg,1,0.995,visual_0825_vs_0831_pixel_crosscheck_and_header_structure
20260825-8f842f5994a6e313a867-01,2026-08-25,手机,device,联想,其他型号,Z5 Pro GT,,,废板-整机,50,元/台,,image_first_visual_crosscheck_high_similarity,联想.jpg,/mnt/data/decoded2/需要获取数据与不需要获数据原文件/需要获取的图片正文数据/数码网报价单-0825更新/手机相关/联想.jpg,1,0.995,visual_0825_vs_0831_pixel_crosscheck_and_header_structure
20260825-4694f74534c4b26963bb-01,2026-08-25,手机,device,联想,其他型号,Z5 Pro,,,开机屏好,50,元/台,,image_first_visual_crosscheck_high_similarity,联想.jpg,/mnt/data/decoded2/需要获取数据与不需要获数据原文件/需要获取的图片正文数据/数码网报价单-0825更新/手机相关/联想.jpg,1,0.995,visual_0825_vs_0831_pixel_crosscheck_and_header_structure
20260825-b47c5b195b158d22e527-01,2026-08-25,手机,device,联想,其他型号,Z5 Pro,,,开机屏坏,50,元/台,,image_first_visual_crosscheck_high_similarity,联想.jpg,/mnt/data/decoded2/需要获取数据与不需要获数据原文件/需要获取的图片正文数据/数码网报价单-0825更新/手机相关/联想.jpg,1,0.995,visual_0825_vs_0831_pixel_crosscheck_and_header_structure
20260825-181e46d34271b794caf7-01,2026-08-25,手机,device,联想,其他型号,Z5 Pro,,,不开机,50,元/台,,image_first_visual_crosscheck_high_similarity,联想.jpg,/mnt/data/decoded2/需要获取数据与不需要获数据原文件/需要获取的图片正文数据/数码网报价单-0825更新/手机相关/联想.jpg,1,0.995,visual_0825_vs_0831_pixel_crosscheck_and_header_structure
20260825-41e25df8b86e87fc1053-01,2026-08-25,手机,device,联想,其他型号,Z5 Pro,,,废板-整机,50,元/台,,image_first_visual_crosscheck_high_similarity,联想.jpg,/mnt/data/decoded2/需要获取数据与不需要获数据原文件/需要获取的图片正文数据/数码网报价单-0825更新/手机相关/联想.jpg,1,0.995,visual_0825_vs_0831_pixel_crosscheck_and_header_structure
20260825-3f0d32b86b4338f9e07c-01,2026-08-25,手机,device,联想,其他型号,Phab2 Plus,,,开机屏好,50,元/台,,image_first_visual_crosscheck_high_similarity,联想.jpg,/mnt/data/decoded2/需要获取数据与不需要获数据原文件/需要获取的图片正文数据/数码网报价单-0825更新/手机相关/联想.jpg,1,0.995,visual_0825_vs_0831_pixel_crosscheck_and_header_structure
20260825-d8526acdcf6125065ea2-01,2026-08-25,手机,device,联想,其他型号,Phab2 Plus,,,开机屏坏,50,元/台,,image_first_visual_crosscheck_high_similarity,联想.jpg,/mnt/data/decoded2/需要获取数据与不需要获数据原文件/需要获取的图片正文数据/数码网报价单-0825更新/手机相关/联想.jpg,1,0.995,visual_0825_vs_0831_pixel_crosscheck_and_header_structure
20260825-18e0b85c7f7d3c579b0e-01,2026-08-25,手机,device,联想,其他型号,Phab2 Plus,,,不开机,50,元/台,,image_first_visual_crosscheck_high_similarity,联想.jpg,/mnt/data/decoded2/需要获取数据与不需要获数据原文件/需要获取的图片正文数据/数码网报价单-0825更新/手机相关/联想.jpg,1,0.995,visual_0825_vs_0831_pixel_crosscheck_and_header_structure
20260825-d37b8c97f1f97ac5ad77-01,2026-08-25,手机,device,联想,其他型号,Phab2 Plus,,,废板-整机,50,元/台,,image_first_visual_crosscheck_high_similarity,联想.jpg,/mnt/data/decoded2/需要获取数据与不需要获数据原文件/需要获取的图片正文数据/数码网报价单-0825更新/手机相关/联想.jpg,1,0.995,visual_0825_vs_0831_pixel_crosscheck_and_header_structure
20260825-c4c25e218cc58b8fda51-01,2026-08-25,手机,device,联想,其他型号,Zuk z2,,,开机屏好,50,元/台,,image_first_visual_crosscheck_high_similarity,联想.jpg,/mnt/data/decoded2/需要获取数据与不需要获数据原文件/需要获取的图片正文数据/数码网报价单-0825更新/手机相关/联想.jpg,1,0.995,visual_0825_vs_0831_pixel_crosscheck_and_header_structure
20260825-c346975d7e074b519351-01,2026-08-25,手机,device,联想,其他型号,Zuk z2,,,开机屏坏,50,元/台,,image_first_visual_crosscheck_high_similarity,联想.jpg,/mnt/data/decoded2/需要获取数据与不需要获数据原文件/需要获取的图片正文数据/数码网报价单-0825更新/手机相关/联想.jpg,1,0.995,visual_0825_vs_0831_pixel_crosscheck_and_header_structure
20260825-84f6cdc0bd98c52405eb-01,2026-08-25,手机,device,联想,其他型号,Zuk z2,,,不开机,50,元/台,,image_first_visual_crosscheck_high_similarity,联想.jpg,/mnt/data/decoded2/需要获取数据与不需要获数据原文件/需要获取的图片正文数据/数码网报价单-0825更新/手机相关/联想.jpg,1,0.995,visual_0825_vs_0831_pixel_crosscheck_and_header_structure
20260825-fe6a1a3f9e4a0db7799c-01,2026-08-25,手机,device,联想,其他型号,Zuk z2,,,废板-整机,50,元/台,,image_first_visual_crosscheck_high_similarity,联想.jpg,/mnt/data/decoded2/需要获取数据与不需要获数据原文件/需要获取的图片正文数据/数码网报价单-0825更新/手机相关/联想.jpg,1,0.995,visual_0825_vs_0831_pixel_crosscheck_and_header_structure
20260825-3e7247fb59905aa48e5c-01,2026-08-25,手机,device,联想,其他型号,Z90-t,,,开机屏好,25,元/台,,image_first_visual_crosscheck_high_similarity,联想.jpg,/mnt/data/decoded2/需要获取数据与不需要获数据原文件/需要获取的图片正文数据/数码网报价单-0825更新/手机相关/联想.jpg,1,0.995,visual_0825_vs_0831_pixel_crosscheck_and_header_structure
20260825-1e35638c49232600bd83-01,2026-08-25,手机,device,联想,其他型号,Z90-t,,,开机屏坏,25,元/台,,image_first_visual_crosscheck_high_similarity,联想.jpg,/mnt/data/decoded2/需要获取数据与不需要获数据原文件/需要获取的图片正文数据/数码网报价单-0825更新/手机相关/联想.jpg,1,0.995,visual_0825_vs_0831_pixel_crosscheck_and_header_structure
20260825-28572adea6c1b18f5c49-01,2026-08-25,手机,device,联想,其他型号,Z90-t,,,不开机,25,元/台,,image_first_visual_crosscheck_high_similarity,联想.jpg,/mnt/data/decoded2/需要获取数据与不需要获数据原文件/需要获取的图片正文数据/数码网报价单-0825更新/手机相关/联想.jpg,1,0.995,visual_0825_vs_0831_pixel_crosscheck_and_header_structure
20260825-5fc2b2431eb2a1499762-01,2026-08-25,手机,device,联想,其他型号,Z90-t,,,废板-整机,25,元/台,,image_first_visual_crosscheck_high_similarity,联想.jpg,/mnt/data/decoded2/需要获取数据与不需要获数据原文件/需要获取的图片正文数据/数码网报价单-0825更新/手机相关/联想.jpg,1,0.995,visual_0825_vs_0831_pixel_crosscheck_and_header_structure
20260825-e7a08ff24b1c0fea8df8-01,2026-08-25,手机,device,联想,其他型号,Zuk Edge,,,开机屏好,50,元/台,,image_first_visual_crosscheck_high_similarity,联想.jpg,/mnt/data/decoded2/需要获取数据与不需要获数据原文件/需要获取的图片正文数据/数码网报价单-0825更新/手机相关/联想.jpg,1,0.995,visual_0825_vs_0831_pixel_crosscheck_and_header_structure
20260825-89a4a66647c64fb1ec37-01,2026-08-25,手机,device,联想,其他型号,Zuk Edge,,,开机屏坏,50,元/台,,image_first_visual_crosscheck_high_similarity,联想.jpg,/mnt/data/decoded2/需要获取数据与不需要获数据原文件/需要获取的图片正文数据/数码网报价单-0825更新/手机相关/联想.jpg,1,0.995,visual_0825_vs_0831_pixel_crosscheck_and_header_structure
20260825-13e3325df8a91b6daa0b-01,2026-08-25,手机,device,联想,其他型号,Zuk Edge,,,不开机,50,元/台,,image_first_visual_crosscheck_high_similarity,联想.jpg,/mnt/data/decoded2/需要获取数据与不需要获数据原文件/需要获取的图片正文数据/数码网报价单-0825更新/手机相关/联想.jpg,1,0.995,visual_0825_vs_0831_pixel_crosscheck_and_header_structure
20260825-b793293a363688e5d81e-01,2026-08-25,手机,device,联想,其他型号,Zuk Edge,,,废板-整机,50,元/台,,image_first_visual_crosscheck_high_similarity,联想.jpg,/mnt/data/decoded2/需要获取数据与不需要获数据原文件/需要获取的图片正文数据/数码网报价单-0825更新/手机相关/联想.jpg,1,0.995,visual_0825_vs_0831_pixel_crosscheck_and_header_structure
20260825-6fa679213a36ad7dcb97-01,2026-08-25,手机,device,联想,其他型号,乐檬K12,,,开机屏好,60,元/台,,image_first_visual_crosscheck_high_similarity,联想.jpg,/mnt/data/decoded2/需要获取数据与不需要获数据原文件/需要获取的图片正文数据/数码网报价单-0825更新/手机相关/联想.jpg,1,0.995,visual_0825_vs_0831_pixel_crosscheck_and_header_structure
20260825-dce5523ba3c3eecb0057-01,2026-08-25,手机,device,联想,其他型号,乐檬K12,,,开机屏坏,60,元/台,,image_first_visual_crosscheck_high_similarity,联想.jpg,/mnt/data/decoded2/需要获取数据与不需要获数据原文件/需要获取的图片正文数据/数码网报价单-0825更新/手机相关/联想.jpg,1,0.995,visual_0825_vs_0831_pixel_crosscheck_and_header_structure
20260825-b319d759fa06642bf0a9-01,2026-08-25,手机,device,联想,其他型号,乐檬K12,,,不开机,60,元/台,,image_first_visual_crosscheck_high_similarity,联想.jpg,/mnt/data/decoded2/需要获取数据与不需要获数据原文件/需要获取的图片正文数据/数码网报价单-0825更新/手机相关/联想.jpg,1,0.995,visual_0825_vs_0831_pixel_crosscheck_and_header_structure
20260825-32db92a02b0efb0dd858-01,2026-08-25,手机,device,联想,其他型号,乐檬K12,,,废板-整机,60,元/台,,image_first_visual_crosscheck_high_similarity,联想.jpg,/mnt/data/decoded2/需要获取数据与不需要获数据原文件/需要获取的图片正文数据/数码网报价单-0825更新/手机相关/联想.jpg,1,0.995,visual_0825_vs_0831_pixel_crosscheck_and_header_structure
20260825-28481708d4de0e8a6303-01,2026-08-25,手机,device,联想,其他型号,P2,,,开机屏好,60,元/台,,image_first_visual_crosscheck_high_similarity,联想.jpg,/mnt/data/decoded2/需要获取数据与不需要获数据原文件/需要获取的图片正文数据/数码网报价单-0825更新/手机相关/联想.jpg,1,0.995,visual_0825_vs_0831_pixel_crosscheck_and_header_structure
20260825-483fc7d8b803db490455-01,2026-08-25,手机,device,联想,其他型号,P2,,,开机屏坏,60,元/台,,image_first_visual_crosscheck_high_similarity,联想.jpg,/mnt/data/decoded2/需要获取数据与不需要获数据原文件/需要获取的图片正文数据/数码网报价单-0825更新/手机相关/联想.jpg,1,0.995,visual_0825_vs_0831_pixel_crosscheck_and_header_structure
20260825-0470e3a6b1db0cdd0f51-01,2026-08-25,手机,device,联想,其他型号,P2,,,不开机,60,元/台,,image_first_visual_crosscheck_high_similarity,联想.jpg,/mnt/data/decoded2/需要获取数据与不需要获数据原文件/需要获取的图片正文数据/数码网报价单-0825更新/手机相关/联想.jpg,1,0.995,visual_0825_vs_0831_pixel_crosscheck_and_header_structure
20260825-6f7ff64e12eeef0ec180-01,2026-08-25,手机,device,联想,其他型号,P2,,,废板-整机,60,元/台,,image_first_visual_crosscheck_high_similarity,联想.jpg,/mnt/data/decoded2/需要获取数据与不需要获数据原文件/需要获取的图片正文数据/数码网报价单-0825更新/手机相关/联想.jpg,1,0.995,visual_0825_vs_0831_pixel_crosscheck_and_header_structure
20260825-996d47b20c64ce36abd2-01,2026-08-25,手机,device,联想,其他型号,z2,,,开机屏好,25,元/台,,image_first_visual_crosscheck_high_similarity,联想.jpg,/mnt/data/decoded2/需要获取数据与不需要获数据原文件/需要获取的图片正文数据/数码网报价单-0825更新/手机相关/联想.jpg,1,0.995,visual_0825_vs_0831_pixel_crosscheck_and_header_structure
20260825-cbec4049ca0335778899-01,2026-08-25,手机,device,联想,其他型号,z2,,,开机屏坏,25,元/台,,image_first_visual_crosscheck_high_similarity,联想.jpg,/mnt/data/decoded2/需要获取数据与不需要获数据原文件/需要获取的图片正文数据/数码网报价单-0825更新/手机相关/联想.jpg,1,0.995,visual_0825_vs_0831_pixel_crosscheck_and_header_structure
20260825-12acc2256121ba1b7c98-01,2026-08-25,手机,device,联想,其他型号,z2,,,不开机,25,元/台,,image_first_visual_crosscheck_high_similarity,联想.jpg,/mnt/data/decoded2/需要获取数据与不需要获数据原文件/需要获取的图片正文数据/数码网报价单-0825更新/手机相关/联想.jpg,1,0.995,visual_0825_vs_0831_pixel_crosscheck_and_header_structure
20260825-9b8e3686d5005528e449-01,2026-08-25,手机,device,联想,其他型号,z2,,,废板-整机,25,元/台,,image_first_visual_crosscheck_high_similarity,联想.jpg,/mnt/data/decoded2/需要获取数据与不需要获数据原文件/需要获取的图片正文数据/数码网报价单-0825更新/手机相关/联想.jpg,1,0.995,visual_0825_vs_0831_pixel_crosscheck_and_header_structure
20260825-b8d24e2067e1273751ff-01,2026-08-25,手机,device,联想,其他型号,P1c72,,,开机屏好,20,元/台,,image_first_visual_crosscheck_high_similarity,联想.jpg,/mnt/data/decoded2/需要获取数据与不需要获数据原文件/需要获取的图片正文数据/数码网报价单-0825更新/手机相关/联想.jpg,1,0.995,visual_0825_vs_0831_pixel_crosscheck_and_header_structure
20260825-be33458e13353a4a9327-01,2026-08-25,手机,device,联想,其他型号,P1c72,,,开机屏坏,20,元/台,,image_first_visual_crosscheck_high_similarity,联想.jpg,/mnt/data/decoded2/需要获取数据与不需要获数据原文件/需要获取的图片正文数据/数码网报价单-0825更新/手机相关/联想.jpg,1,0.995,visual_0825_vs_0831_pixel_crosscheck_and_header_structure
20260825-9665e492c75f027c9faf-01,2026-08-25,手机,device,联想,其他型号,P1c72,,,不开机,20,元/台,,image_first_visual_crosscheck_high_similarity,联想.jpg,/mnt/data/decoded2/需要获取数据与不需要获数据原文件/需要获取的图片正文数据/数码网报价单-0825更新/手机相关/联想.jpg,1,0.995,visual_0825_vs_0831_pixel_crosscheck_and_header_structure
20260825-0510cc108a2ba0ba6c20-01,2026-08-25,手机,device,联想,其他型号,P1c72,,,废板-整机,20,元/台,,image_first_visual_crosscheck_high_similarity,联想.jpg,/mnt/data/decoded2/需要获取数据与不需要获数据原文件/需要获取的图片正文数据/数码网报价单-0825更新/手机相关/联想.jpg,1,0.995,visual_0825_vs_0831_pixel_crosscheck_and_header_structure
20260825-325c042ef3fbea1c0524-01,2026-08-25,手机,device,联想,其他型号,P1c58,,,开机屏好,20,元/台,,image_first_visual_crosscheck_high_similarity,联想.jpg,/mnt/data/decoded2/需要获取数据与不需要获数据原文件/需要获取的图片正文数据/数码网报价单-0825更新/手机相关/联想.jpg,1,0.995,visual_0825_vs_0831_pixel_crosscheck_and_header_structure
20260825-42650e53e4e5586c7bac-01,2026-08-25,手机,device,联想,其他型号,P1c58,,,开机屏坏,20,元/台,,image_first_visual_crosscheck_high_similarity,联想.jpg,/mnt/data/decoded2/需要获取数据与不需要获数据原文件/需要获取的图片正文数据/数码网报价单-0825更新/手机相关/联想.jpg,1,0.995,visual_0825_vs_0831_pixel_crosscheck_and_header_structure
20260825-27cdb03435779091f917-01,2026-08-25,手机,device,联想,其他型号,P1c58,,,不开机,20,元/台,,image_first_visual_crosscheck_high_similarity,联想.jpg,/mnt/data/decoded2/需要获取数据与不需要获数据原文件/需要获取的图片正文数据/数码网报价单-0825更新/手机相关/联想.jpg,1,0.995,visual_0825_vs_0831_pixel_crosscheck_and_header_structure
20260825-6a5d257edac8f2597cbd-01,2026-08-25,手机,device,联想,其他型号,P1c58,,,废板-整机,20,元/台,,image_first_visual_crosscheck_high_similarity,联想.jpg,/mnt/data/decoded2/需要获取数据与不需要获数据原文件/需要获取的图片正文数据/数码网报价单-0825更新/手机相关/联想.jpg,1,0.995,visual_0825_vs_0831_pixel_crosscheck_and_header_structure
20260825-190e3287edc82bc7d99a-01,2026-08-25,手机,device,联想,其他型号,Zuk z1,,,开机屏好,25,元/台,,image_first_visual_crosscheck_high_similarity,联想.jpg,/mnt/data/decoded2/需要获取数据与不需要获数据原文件/需要获取的图片正文数据/数码网报价单-0825更新/手机相关/联想.jpg,1,0.995,visual_0825_vs_0831_pixel_crosscheck_and_header_structure
20260825-333823ee4dbc8bc44981-01,2026-08-25,手机,device,联想,其他型号,Zuk z1,,,开机屏坏,25,元/台,,image_first_visual_crosscheck_high_similarity,联想.jpg,/mnt/data/decoded2/需要获取数据与不需要获数据原文件/需要获取的图片正文数据/数码网报价单-0825更新/手机相关/联想.jpg,1,0.995,visual_0825_vs_0831_pixel_crosscheck_and_header_structure
20260825-018f10b941a73341f79c-01,2026-08-25,手机,device,联想,其他型号,Zuk z1,,,不开机,25,元/台,,image_first_visual_crosscheck_high_similarity,联想.jpg,/mnt/data/decoded2/需要获取数据与不需要获数据原文件/需要获取的图片正文数据/数码网报价单-0825更新/手机相关/联想.jpg,1,0.995,visual_0825_vs_0831_pixel_crosscheck_and_header_structure
20260825-2d6cc8c76cf4884e7603-01,2026-08-25,手机,device,联想,其他型号,Zuk z1,,,废板-整机,25,元/台,,image_first_visual_crosscheck_high_similarity,联想.jpg,/mnt/data/decoded2/需要获取数据与不需要获数据原文件/需要获取的图片正文数据/数码网报价单-0825更新/手机相关/联想.jpg,1,0.995,visual_0825_vs_0831_pixel_crosscheck_and_header_structure
20260825-e1617aed557e3c3f11aa-01,2026-08-25,手机,device,联想,其他型号,P70-t,,,开机屏好,20,元/台,,image_first_visual_crosscheck_high_similarity,联想.jpg,/mnt/data/decoded2/需要获取数据与不需要获数据原文件/需要获取的图片正文数据/数码网报价单-0825更新/手机相关/联想.jpg,1,0.995,visual_0825_vs_0831_pixel_crosscheck_and_header_structure
20260825-2eab8b6fde33cdb1505b-01,2026-08-25,手机,device,联想,其他型号,P70-t,,,开机屏坏,20,元/台,,image_first_visual_crosscheck_high_similarity,联想.jpg,/mnt/data/decoded2/需要获取数据与不需要获数据原文件/需要获取的图片正文数据/数码网报价单-0825更新/手机相关/联想.jpg,1,0.995,visual_0825_vs_0831_pixel_crosscheck_and_header_structure
20260825-c3caaf63aad3d8249f8b-01,2026-08-25,手机,device,联想,其他型号,P70-t,,,不开机,20,元/台,,image_first_visual_crosscheck_high_similarity,联想.jpg,/mnt/data/decoded2/需要获取数据与不需要获数据原文件/需要获取的图片正文数据/数码网报价单-0825更新/手机相关/联想.jpg,1,0.995,visual_0825_vs_0831_pixel_crosscheck_and_header_structure
20260825-783e8a64152096f1e0af-01,2026-08-25,手机,device,联想,其他型号,P70-t,,,废板-整机,20,元/台,,image_first_visual_crosscheck_high_similarity,联想.jpg,/mnt/data/decoded2/需要获取数据与不需要获数据原文件/需要获取的图片正文数据/数码网报价单-0825更新/手机相关/联想.jpg,1,0.995,visual_0825_vs_0831_pixel_crosscheck_and_header_structure
20260825-00137ab714bb86eea8a2-01,2026-08-25,手机,device,联想,其他型号,X2,,,开机屏好,20,元/台,,image_first_visual_crosscheck_high_similarity,联想.jpg,/mnt/data/decoded2/需要获取数据与不需要获数据原文件/需要获取的图片正文数据/数码网报价单-0825更新/手机相关/联想.jpg,1,0.995,visual_0825_vs_0831_pixel_crosscheck_and_header_structure
20260825-226d14fad25dd2e5975d-01,2026-08-25,手机,device,联想,其他型号,X2,,,开机屏坏,20,元/台,,image_first_visual_crosscheck_high_similarity,联想.jpg,/mnt/data/decoded2/需要获取数据与不需要获数据原文件/需要获取的图片正文数据/数码网报价单-0825更新/手机相关/联想.jpg,1,0.995,visual_0825_vs_0831_pixel_crosscheck_and_header_structure
20260825-a979f2d938c0835031d7-01,2026-08-25,手机,device,联想,其他型号,X2,,,不开机,20,元/台,,image_first_visual_crosscheck_high_similarity,联想.jpg,/mnt/data/decoded2/需要获取数据与不需要获数据原文件/需要获取的图片正文数据/数码网报价单-0825更新/手机相关/联想.jpg,1,0.995,visual_0825_vs_0831_pixel_crosscheck_and_header_structure
20260825-759d3be8c809c619cdea-01,2026-08-25,手机,device,联想,其他型号,X2,,,废板-整机,20,元/台,,image_first_visual_crosscheck_high_similarity,联想.jpg,/mnt/data/decoded2/需要获取数据与不需要获数据原文件/需要获取的图片正文数据/数码网报价单-0825更新/手机相关/联想.jpg,1,0.995,visual_0825_vs_0831_pixel_crosscheck_and_header_structure
20260825-731a6988173d45b55908-01,2026-08-25,手机,device,联想,其他型号,628,,,开机屏好,10,元/台,,image_first_visual_crosscheck_high_similarity,联想.jpg,/mnt/data/decoded2/需要获取数据与不需要获数据原文件/需要获取的图片正文数据/数码网报价单-0825更新/手机相关/联想.jpg,1,0.995,visual_0825_vs_0831_pixel_crosscheck_and_header_structure
20260825-14fb700c4b30e3efa227-01,2026-08-25,手机,device,联想,其他型号,628,,,开机屏坏,10,元/台,,image_first_visual_crosscheck_high_similarity,联想.jpg,/mnt/data/decoded2/需要获取数据与不需要获数据原文件/需要获取的图片正文数据/数码网报价单-0825更新/手机相关/联想.jpg,1,0.995,visual_0825_vs_0831_pixel_crosscheck_and_header_structure
20260825-85c20a5327ecad140e22-01,2026-08-25,手机,device,联想,其他型号,628,,,不开机,10,元/台,,image_first_visual_crosscheck_high_similarity,联想.jpg,/mnt/data/decoded2/需要获取数据与不需要获数据原文件/需要获取的图片正文数据/数码网报价单-0825更新/手机相关/联想.jpg,1,0.995,visual_0825_vs_0831_pixel_crosscheck_and_header_structure
20260825-3fa7f964653d448741df-01,2026-08-25,手机,device,联想,其他型号,628,,,废板-整机,10,元/台,,image_first_visual_crosscheck_high_similarity,联想.jpg,/mnt/data/decoded2/需要获取数据与不需要获数据原文件/需要获取的图片正文数据/数码网报价单-0825更新/手机相关/联想.jpg,1,0.995,visual_0825_vs_0831_pixel_crosscheck_and_header_structure
20260825-13c07b8f9e0d4be90ebb-01,2026-08-25,手机,device,联想,其他型号,A606,,,开机屏好,10,元/台,,image_first_visual_crosscheck_high_similarity,联想.jpg,/mnt/data/decoded2/需要获取数据与不需要获数据原文件/需要获取的图片正文数据/数码网报价单-0825更新/手机相关/联想.jpg,1,0.995,visual_0825_vs_0831_pixel_crosscheck_and_header_structure
20260825-9b5798e33d913e40c8e3-01,2026-08-25,手机,device,联想,其他型号,A606,,,开机屏坏,10,元/台,,image_first_visual_crosscheck_high_similarity,联想.jpg,/mnt/data/decoded2/需要获取数据与不需要获数据原文件/需要获取的图片正文数据/数码网报价单-0825更新/手机相关/联想.jpg,1,0.995,visual_0825_vs_0831_pixel_crosscheck_and_header_structure
20260825-aac7f814d75a12402d6c-01,2026-08-25,手机,device,联想,其他型号,A606,,,不开机,10,元/台,,image_first_visual_crosscheck_high_similarity,联想.jpg,/mnt/data/decoded2/需要获取数据与不需要获数据原文件/需要获取的图片正文数据/数码网报价单-0825更新/手机相关/联想.jpg,1,0.995,visual_0825_vs_0831_pixel_crosscheck_and_header_structure
20260825-139f9221522fc1700598-01,2026-08-25,手机,device,联想,其他型号,A606,,,废板-整机,10,元/台,,image_first_visual_crosscheck_high_similarity,联想.jpg,/mnt/data/decoded2/需要获取数据与不需要获数据原文件/需要获取的图片正文数据/数码网报价单-0825更新/手机相关/联想.jpg,1,0.995,visual_0825_vs_0831_pixel_crosscheck_and_header_structure
20260825-55c81ad05d20da5668e7-01,2026-08-25,手机,device,联想,其他型号,399,,,开机屏好,10,元/台,,image_first_visual_crosscheck_high_similarity,联想.jpg,/mnt/data/decoded2/需要获取数据与不需要获数据原文件/需要获取的图片正文数据/数码网报价单-0825更新/手机相关/联想.jpg,1,0.995,visual_0825_vs_0831_pixel_crosscheck_and_header_structure
20260825-45ddffbcc02ec624df83-01,2026-08-25,手机,device,联想,其他型号,399,,,开机屏坏,10,元/台,,image_first_visual_crosscheck_high_similarity,联想.jpg,/mnt/data/decoded2/需要获取数据与不需要获数据原文件/需要获取的图片正文数据/数码网报价单-0825更新/手机相关/联想.jpg,1,0.995,visual_0825_vs_0831_pixel_crosscheck_and_header_structure
20260825-cc7f9f0ee26ca044f498-01,2026-08-25,手机,device,联想,其他型号,399,,,不开机,10,元/台,,image_first_visual_crosscheck_high_similarity,联想.jpg,/mnt/data/decoded2/需要获取数据与不需要获数据原文件/需要获取的图片正文数据/数码网报价单-0825更新/手机相关/联想.jpg,1,0.995,visual_0825_vs_0831_pixel_crosscheck_and_header_structure
20260825-917f4d966ab51fcbac31-01,2026-08-25,手机,device,联想,其他型号,399,,,废板-整机,10,元/台,,image_first_visual_crosscheck_high_similarity,联想.jpg,/mnt/data/decoded2/需要获取数据与不需要获数据原文件/需要获取的图片正文数据/数码网报价单-0825更新/手机相关/联想.jpg,1,0.995,visual_0825_vs_0831_pixel_crosscheck_and_header_structure
20260825-1640dc52271868daead6-01,2026-08-25,手机,device,联想,其他型号,388,,,开机屏好,10,元/台,,image_first_visual_crosscheck_high_similarity,联想.jpg,/mnt/data/decoded2/需要获取数据与不需要获数据原文件/需要获取的图片正文数据/数码网报价单-0825更新/手机相关/联想.jpg,1,0.995,visual_0825_vs_0831_pixel_crosscheck_and_header_structure
20260825-26388c981b21ed72d880-01,2026-08-25,手机,device,联想,其他型号,388,,,开机屏坏,10,元/台,,image_first_visual_crosscheck_high_similarity,联想.jpg,/mnt/data/decoded2/需要获取数据与不需要获数据原文件/需要获取的图片正文数据/数码网报价单-0825更新/手机相关/联想.jpg,1,0.995,visual_0825_vs_0831_pixel_crosscheck_and_header_structure
20260825-e48523d99c48c70bd058-01,2026-08-25,手机,device,联想,其他型号,388,,,不开机,10,元/台,,image_first_visual_crosscheck_high_similarity,联想.jpg,/mnt/data/decoded2/需要获取数据与不需要获数据原文件/需要获取的图片正文数据/数码网报价单-0825更新/手机相关/联想.jpg,1,0.995,visual_0825_vs_0831_pixel_crosscheck_and_header_structure
20260825-1e0aafe95ca7a8f00fe1-01,2026-08-25,手机,device,联想,其他型号,388,,,废板-整机,10,元/台,,image_first_visual_crosscheck_high_similarity,联想.jpg,/mnt/data/decoded2/需要获取数据与不需要获数据原文件/需要获取的图片正文数据/数码网报价单-0825更新/手机相关/联想.jpg,1,0.995,visual_0825_vs_0831_pixel_crosscheck_and_header_structure
20260825-a05f7e0875e2ba0882c0-01,2026-08-25,手机,device,联想,其他型号,L3500,,,开机屏好,10,元/台,,image_first_visual_crosscheck_high_similarity,联想.jpg,/mnt/data/decoded2/需要获取数据与不需要获数据原文件/需要获取的图片正文数据/数码网报价单-0825更新/手机相关/联想.jpg,1,0.995,visual_0825_vs_0831_pixel_crosscheck_and_header_structure
20260825-99ffefd79d811a76ac73-01,2026-08-25,手机,device,联想,其他型号,L3500,,,开机屏坏,10,元/台,,image_first_visual_crosscheck_high_similarity,联想.jpg,/mnt/data/decoded2/需要获取数据与不需要获数据原文件/需要获取的图片正文数据/数码网报价单-0825更新/手机相关/联想.jpg,1,0.995,visual_0825_vs_0831_pixel_crosscheck_and_header_structure
20260825-6577da9fcda50bb1958d-01,2026-08-25,手机,device,联想,其他型号,L3500,,,不开机,10,元/台,,image_first_visual_crosscheck_high_similarity,联想.jpg,/mnt/data/decoded2/需要获取数据与不需要获数据原文件/需要获取的图片正文数据/数码网报价单-0825更新/手机相关/联想.jpg,1,0.995,visual_0825_vs_0831_pixel_crosscheck_and_header_structure
20260825-8eb269f45c204730a7ee-01,2026-08-25,手机,device,联想,其他型号,L3500,,,废板-整机,10,元/台,,image_first_visual_crosscheck_high_similarity,联想.jpg,/mnt/data/decoded2/需要获取数据与不需要获数据原文件/需要获取的图片正文数据/数码网报价单-0825更新/手机相关/联想.jpg,1,0.995,visual_0825_vs_0831_pixel_crosscheck_and_header_structure
20260825-18742147affeac3bc0cb-01,2026-08-25,手机,device,联想,其他型号,3500,,,开机屏好,10,元/台,,image_first_visual_crosscheck_high_similarity,联想.jpg,/mnt/data/decoded2/需要获取数据与不需要获数据原文件/需要获取的图片正文数据/数码网报价单-0825更新/手机相关/联想.jpg,1,0.995,visual_0825_vs_0831_pixel_crosscheck_and_header_structure
20260825-04d77754bea094a47c47-01,2026-08-25,手机,device,联想,其他型号,3500,,,开机屏坏,10,元/台,,image_first_visual_crosscheck_high_similarity,联想.jpg,/mnt/data/decoded2/需要获取数据与不需要获数据原文件/需要获取的图片正文数据/数码网报价单-0825更新/手机相关/联想.jpg,1,0.995,visual_0825_vs_0831_pixel_crosscheck_and_header_structure
20260825-cf8c4971920c076a356a-01,2026-08-25,手机,device,联想,其他型号,3500,,,不开机,10,元/台,,image_first_visual_crosscheck_high_similarity,联想.jpg,/mnt/data/decoded2/需要获取数据与不需要获数据原文件/需要获取的图片正文数据/数码网报价单-0825更新/手机相关/联想.jpg,1,0.995,visual_0825_vs_0831_pixel_crosscheck_and_header_structure
20260825-f81ef4f19c06efe2b5bb-01,2026-08-25,手机,device,联想,其他型号,3500,,,废板-整机,10,元/台,,image_first_visual_crosscheck_high_similarity,联想.jpg,/mnt/data/decoded2/需要获取数据与不需要获数据原文件/需要获取的图片正文数据/数码网报价单-0825更新/手机相关/联想.jpg,1,0.995,visual_0825_vs_0831_pixel_crosscheck_and_header_structure
20260825-8c3463a3cb0fa2692574-01,2026-08-25,手机,device,联想,其他型号,k520,,,废板-整机,单列暂无价,元/台,,image_first_visual_crosscheck_high_similarity,联想.jpg,/mnt/data/decoded2/需要获取数据与不需要获数据原文件/需要获取的图片正文数据/数码网报价单-0825更新/手机相关/联想.jpg,1,0.995,visual_0825_vs_0831_pixel_crosscheck_and_header_structure
20260825-46cf11e12489fce25575-01,2026-08-25,手机,device,金立,H系列,H60,,,开机屏好,110,元/台,,image_first_visual_crosscheck_high_similarity,金立.jpg,/mnt/data/decoded2/需要获取数据与不需要获数据原文件/需要获取的图片正文数据/数码网报价单-0825更新/手机相关/金立.jpg,1,0.995,visual_0825_vs_0831_pixel_crosscheck_and_header_structure
20260825-130393cd2f551ce8acc4-01,2026-08-25,手机,device,金立,H系列,H60,,,开机屏坏,110,元/台,,image_first_visual_crosscheck_high_similarity,金立.jpg,/mnt/data/decoded2/需要获取数据与不需要获数据原文件/需要获取的图片正文数据/数码网报价单-0825更新/手机相关/金立.jpg,1,0.995,visual_0825_vs_0831_pixel_crosscheck_and_header_structure
20260825-e5049c179f634441c694-01,2026-08-25,手机,device,金立,H系列,H60,,,不开机,110,元/台,,image_first_visual_crosscheck_high_similarity,金立.jpg,/mnt/data/decoded2/需要获取数据与不需要获数据原文件/需要获取的图片正文数据/数码网报价单-0825更新/手机相关/金立.jpg,1,0.995,visual_0825_vs_0831_pixel_crosscheck_and_header_structure
20260825-6775773029065fed9266-01,2026-08-25,手机,device,金立,H系列,H60,,,废板-整机,110,元/台,,image_first_visual_crosscheck_high_similarity,金立.jpg,/mnt/data/decoded2/需要获取数据与不需要获数据原文件/需要获取的图片正文数据/数码网报价单-0825更新/手机相关/金立.jpg,1,0.995,visual_0825_vs_0831_pixel_crosscheck_and_header_structure
20260825-dcf31da8ef68dacff305-01,2026-08-25,手机,device,金立,H系列,H18,,,开机屏好,110,元/台,,image_first_visual_crosscheck_high_similarity,金立.jpg,/mnt/data/decoded2/需要获取数据与不需要获数据原文件/需要获取的图片正文数据/数码网报价单-0825更新/手机相关/金立.jpg,1,0.995,visual_0825_vs_0831_pixel_crosscheck_and_header_structure
20260825-17f4eafdaac24af6a117-01,2026-08-25,手机,device,金立,H系列,H18,,,开机屏坏,110,元/台,,image_first_visual_crosscheck_high_similarity,金立.jpg,/mnt/data/decoded2/需要获取数据与不需要获数据原文件/需要获取的图片正文数据/数码网报价单-0825更新/手机相关/金立.jpg,1,0.995,visual_0825_vs_0831_pixel_crosscheck_and_header_structure
20260825-e4c361a5a4fd718ef417-01,2026-08-25,手机,device,金立,H系列,H18,,,不开机,110,元/台,,image_first_visual_crosscheck_high_similarity,金立.jpg,/mnt/data/decoded2/需要获取数据与不需要获数据原文件/需要获取的图片正文数据/数码网报价单-0825更新/手机相关/金立.jpg,1,0.995,visual_0825_vs_0831_pixel_crosscheck_and_header_structure
20260825-d76283e681b89e07542c-01,2026-08-25,手机,device,金立,H系列,H18,,,废板-整机,110,元/台,,image_first_visual_crosscheck_high_similarity,金立.jpg,/mnt/data/decoded2/需要获取数据与不需要获数据原文件/需要获取的图片正文数据/数码网报价单-0825更新/手机相关/金立.jpg,1,0.995,visual_0825_vs_0831_pixel_crosscheck_and_header_structure
20260825-97c37c91847551ff4e05-01,2026-08-25,手机,device,金立,H系列,H20,,,开机屏好,110,元/台,,image_first_visual_crosscheck_high_similarity,金立.jpg,/mnt/data/decoded2/需要获取数据与不需要获数据原文件/需要获取的图片正文数据/数码网报价单-0825更新/手机相关/金立.jpg,1,0.995,visual_0825_vs_0831_pixel_crosscheck_and_header_structure
20260825-f5ed1f72dd1ea76ecbe0-01,2026-08-25,手机,device,金立,H系列,H20,,,开机屏坏,110,元/台,,image_first_visual_crosscheck_high_similarity,金立.jpg,/mnt/data/decoded2/需要获取数据与不需要获数据原文件/需要获取的图片正文数据/数码网报价单-0825更新/手机相关/金立.jpg,1,0.995,visual_0825_vs_0831_pixel_crosscheck_and_header_structure
20260825-5034c8db892722616734-01,2026-08-25,手机,device,金立,H系列,H20,,,不开机,110,元/台,,image_first_visual_crosscheck_high_similarity,金立.jpg,/mnt/data/decoded2/需要获取数据与不需要获数据原文件/需要获取的图片正文数据/数码网报价单-0825更新/手机相关/金立.jpg,1,0.995,visual_0825_vs_0831_pixel_crosscheck_and_header_structure
20260825-e7fdf8c4b0c8a5fec2ae-01,2026-08-25,手机,device,金立,H系列,H20,,,废板-整机,110,元/台,,image_first_visual_crosscheck_high_similarity,金立.jpg,/mnt/data/decoded2/需要获取数据与不需要获数据原文件/需要获取的图片正文数据/数码网报价单-0825更新/手机相关/金立.jpg,1,0.995,visual_0825_vs_0831_pixel_crosscheck_and_header_structure
20260825-801f7278802943fb9efc-01,2026-08-25,手机,device,金立,H系列,H10,,,开机屏好,55,元/台,,image_first_visual_crosscheck_high_similarity,金立.jpg,/mnt/data/decoded2/需要获取数据与不需要获数据原文件/需要获取的图片正文数据/数码网报价单-0825更新/手机相关/金立.jpg,1,0.995,visual_0825_vs_0831_pixel_crosscheck_and_header_structure
20260825-17b809d7e85d66eae797-01,2026-08-25,手机,device,金立,H系列,H10,,,开机屏坏,55,元/台,,image_first_visual_crosscheck_high_similarity,金立.jpg,/mnt/data/decoded2/需要获取数据与不需要获数据原文件/需要获取的图片正文数据/数码网报价单-0825更新/手机相关/金立.jpg,1,0.995,visual_0825_vs_0831_pixel_crosscheck_and_header_structure
20260825-18e0b11e19f9621d79ed-01,2026-08-25,手机,device,金立,H系列,H10,,,不开机,55,元/台,,image_first_visual_crosscheck_high_similarity,金立.jpg,/mnt/data/decoded2/需要获取数据与不需要获数据原文件/需要获取的图片正文数据/数码网报价单-0825更新/手机相关/金立.jpg,1,0.995,visual_0825_vs_0831_pixel_crosscheck_and_header_structure
20260825-458a782db04c54d4ef00-01,2026-08-25,手机,device,金立,H系列,H10,,,废板-整机,55,元/台,,image_first_visual_crosscheck_high_similarity,金立.jpg,/mnt/data/decoded2/需要获取数据与不需要获数据原文件/需要获取的图片正文数据/数码网报价单-0825更新/手机相关/金立.jpg,1,0.995,visual_0825_vs_0831_pixel_crosscheck_and_header_structure
20260825-19dbedb7e43f44166d47-01,2026-08-25,手机,device,金立,F系列,F50,,,开机屏好,110,元/台,,image_first_visual_crosscheck_high_similarity,金立.jpg,/mnt/data/decoded2/需要获取数据与不需要获数据原文件/需要获取的图片正文数据/数码网报价单-0825更新/手机相关/金立.jpg,1,0.995,visual_0825_vs_0831_pixel_crosscheck_and_header_structure
20260825-8e08d3020cab2f2f67dc-01,2026-08-25,手机,device,金立,F系列,F50,,,开机屏坏,110,元/台,,image_first_visual_crosscheck_high_similarity,金立.jpg,/mnt/data/decoded2/需要获取数据与不需要获数据原文件/需要获取的图片正文数据/数码网报价单-0825更新/手机相关/金立.jpg,1,0.995,visual_0825_vs_0831_pixel_crosscheck_and_header_structure
20260825-16589f001a7dc31b23f3-01,2026-08-25,手机,device,金立,F系列,F50,,,不开机,110,元/台,,image_first_visual_crosscheck_high_similarity,金立.jpg,/mnt/data/decoded2/需要获取数据与不需要获数据原文件/需要获取的图片正文数据/数码网报价单-0825更新/手机相关/金立.jpg,1,0.995,visual_0825_vs_0831_pixel_crosscheck_and_header_structure
20260825-e11ae9b0db1863a2f17f-01,2026-08-25,手机,device,金立,F系列,F50,,,废板-整机,110,元/台,,image_first_visual_crosscheck_high_similarity,金立.jpg,/mnt/data/decoded2/需要获取数据与不需要获数据原文件/需要获取的图片正文数据/数码网报价单-0825更新/手机相关/金立.jpg,1,0.995,visual_0825_vs_0831_pixel_crosscheck_and_header_structure
20260825-35a953f4c46a235e732a-01,2026-08-25,手机,device,金立,F系列,F50+,,,开机屏好,110,元/台,,image_first_visual_crosscheck_high_similarity,金立.jpg,/mnt/data/decoded2/需要获取数据与不需要获数据原文件/需要获取的图片正文数据/数码网报价单-0825更新/手机相关/金立.jpg,1,0.995,visual_0825_vs_0831_pixel_crosscheck_and_header_structure
20260825-49f5e8381c45bc8da49a-01,2026-08-25,手机,device,金立,F系列,F50+,,,开机屏坏,110,元/台,,image_first_visual_crosscheck_high_similarity,金立.jpg,/mnt/data/decoded2/需要获取数据与不需要获数据原文件/需要获取的图片正文数据/数码网报价单-0825更新/手机相关/金立.jpg,1,0.995,visual_0825_vs_0831_pixel_crosscheck_and_header_structure
20260825-7e0496556cabf1975a68-01,2026-08-25,手机,device,金立,F系列,F50+,,,不开机,110,元/台,,image_first_visual_crosscheck_high_similarity,金立.jpg,/mnt/data/decoded2/需要获取数据与不需要获数据原文件/需要获取的图片正文数据/数码网报价单-0825更新/手机相关/金立.jpg,1,0.995,visual_0825_vs_0831_pixel_crosscheck_and_header_structure
20260825-fc4630c3c9dbf821f87a-01,2026-08-25,手机,device,金立,F系列,F50+,,,废板-整机,110,元/台,,image_first_visual_crosscheck_high_similarity,金立.jpg,/mnt/data/decoded2/需要获取数据与不需要获数据原文件/需要获取的图片正文数据/数码网报价单-0825更新/手机相关/金立.jpg,1,0.995,visual_0825_vs_0831_pixel_crosscheck_and_header_structure
20260825-9d7993caa503f5846b8a-01,2026-08-25,手机,device,金立,F系列,F40,,,开机屏好,110,元/台,,image_first_visual_crosscheck_high_similarity,金立.jpg,/mnt/data/decoded2/需要获取数据与不需要获数据原文件/需要获取的图片正文数据/数码网报价单-0825更新/手机相关/金立.jpg,1,0.995,visual_0825_vs_0831_pixel_crosscheck_and_header_structure
20260825-a24a1c23c9cd57243585-01,2026-08-25,手机,device,金立,F系列,F40,,,开机屏坏,110,元/台,,image_first_visual_crosscheck_high_similarity,金立.jpg,/mnt/data/decoded2/需要获取数据与不需要获数据原文件/需要获取的图片正文数据/数码网报价单-0825更新/手机相关/金立.jpg,1,0.995,visual_0825_vs_0831_pixel_crosscheck_and_header_structure
20260825-e42a8b6605b5e2a0ca32-01,2026-08-25,手机,device,金立,F系列,F40,,,不开机,110,元/台,,image_first_visual_crosscheck_high_similarity,金立.jpg,/mnt/data/decoded2/需要获取数据与不需要获数据原文件/需要获取的图片正文数据/数码网报价单-0825更新/手机相关/金立.jpg,1,0.995,visual_0825_vs_0831_pixel_crosscheck_and_header_structure
20260825-88049ee75c591e5eff86-01,2026-08-25,手机,device,金立,F系列,F40,,,废板-整机,110,元/台,,image_first_visual_crosscheck_high_similarity,金立.jpg,/mnt/data/decoded2/需要获取数据与不需要获数据原文件/需要获取的图片正文数据/数码网报价单-0825更新/手机相关/金立.jpg,1,0.995,visual_0825_vs_0831_pixel_crosscheck_and_header_structure
20260825-624767bc3afeaed66aa7-01,2026-08-25,手机,device,金立,F系列,F26,,,开机屏好,55,元/台,,image_first_visual_crosscheck_high_similarity,金立.jpg,/mnt/data/decoded2/需要获取数据与不需要获数据原文件/需要获取的图片正文数据/数码网报价单-0825更新/手机相关/金立.jpg,1,0.995,visual_0825_vs_0831_pixel_crosscheck_and_header_structure
20260825-f182e02c845f98473dee-01,2026-08-25,手机,device,金立,F系列,F26,,,开机屏坏,55,元/台,,image_first_visual_crosscheck_high_similarity,金立.jpg,/mnt/data/decoded2/需要获取数据与不需要获数据原文件/需要获取的图片正文数据/数码网报价单-0825更新/手机相关/金立.jpg,1,0.995,visual_0825_vs_0831_pixel_crosscheck_and_header_structure
20260825-096b1575d27caf1926e0-01,2026-08-25,手机,device,金立,F系列,F26,,,不开机,55,元/台,,image_first_visual_crosscheck_high_similarity,金立.jpg,/mnt/data/decoded2/需要获取数据与不需要获数据原文件/需要获取的图片正文数据/数码网报价单-0825更新/手机相关/金立.jpg,1,0.995,visual_0825_vs_0831_pixel_crosscheck_and_header_structure
20260825-7601efa758b3f92ff395-01,2026-08-25,手机,device,金立,F系列,F26,,,废板-整机,55,元/台,,image_first_visual_crosscheck_high_similarity,金立.jpg,/mnt/data/decoded2/需要获取数据与不需要获数据原文件/需要获取的图片正文数据/数码网报价单-0825更新/手机相关/金立.jpg,1,0.995,visual_0825_vs_0831_pixel_crosscheck_and_header_structure
20260825-f6988041e54bd6371bbe-01,2026-08-25,手机,device,金立,F系列,F23,,,开机屏好,20,元/台,,image_first_visual_crosscheck_high_similarity,金立.jpg,/mnt/data/decoded2/需要获取数据与不需要获数据原文件/需要获取的图片正文数据/数码网报价单-0825更新/手机相关/金立.jpg,1,0.995,visual_0825_vs_0831_pixel_crosscheck_and_header_structure
20260825-4b1653d5285c16a0a6e7-01,2026-08-25,手机,device,金立,F系列,F23,,,开机屏坏,20,元/台,,image_first_visual_crosscheck_high_similarity,金立.jpg,/mnt/data/decoded2/需要获取数据与不需要获数据原文件/需要获取的图片正文数据/数码网报价单-0825更新/手机相关/金立.jpg,1,0.995,visual_0825_vs_0831_pixel_crosscheck_and_header_structure
20260825-c14fa40005c93188ae10-01,2026-08-25,手机,device,金立,F系列,F23,,,不开机,20,元/台,,image_first_visual_crosscheck_high_similarity,金立.jpg,/mnt/data/decoded2/需要获取数据与不需要获数据原文件/需要获取的图片正文数据/数码网报价单-0825更新/手机相关/金立.jpg,1,0.995,visual_0825_vs_0831_pixel_crosscheck_and_header_structure
20260825-5be24c4712b75f780059-01,2026-08-25,手机,device,金立,F系列,F23,,,废板-整机,20,元/台,,image_first_visual_crosscheck_high_similarity,金立.jpg,/mnt/data/decoded2/需要获取数据与不需要获数据原文件/需要获取的图片正文数据/数码网报价单-0825更新/手机相关/金立.jpg,1,0.995,visual_0825_vs_0831_pixel_crosscheck_and_header_structure
20260825-461c1b5fb88b40f85f3f-01,2026-08-25,手机,device,金立,F系列,F31,,,开机屏好,20,元/台,,image_first_visual_crosscheck_high_similarity,金立.jpg,/mnt/data/decoded2/需要获取数据与不需要获数据原文件/需要获取的图片正文数据/数码网报价单-0825更新/手机相关/金立.jpg,1,0.995,visual_0825_vs_0831_pixel_crosscheck_and_header_structure
20260825-5a809c7608ae63c73b30-01,2026-08-25,手机,device,金立,F系列,F31,,,开机屏坏,20,元/台,,image_first_visual_crosscheck_high_similarity,金立.jpg,/mnt/data/decoded2/需要获取数据与不需要获数据原文件/需要获取的图片正文数据/数码网报价单-0825更新/手机相关/金立.jpg,1,0.995,visual_0825_vs_0831_pixel_crosscheck_and_header_structure
20260825-4699c0c115543797da76-01,2026-08-25,手机,device,金立,F系列,F31,,,不开机,20,元/台,,image_first_visual_crosscheck_high_similarity,金立.jpg,/mnt/data/decoded2/需要获取数据与不需要获数据原文件/需要获取的图片正文数据/数码网报价单-0825更新/手机相关/金立.jpg,1,0.995,visual_0825_vs_0831_pixel_crosscheck_and_header_structure
20260825-1dd2e5d48d3eeeaa5999-01,2026-08-25,手机,device,金立,F系列,F31,,,废板-整机,20,元/台,,image_first_visual_crosscheck_high_similarity,金立.jpg,/mnt/data/decoded2/需要获取数据与不需要获数据原文件/需要获取的图片正文数据/数码网报价单-0825更新/手机相关/金立.jpg,1,0.995,visual_0825_vs_0831_pixel_crosscheck_and_header_structure
20260825-c1ea3438f819da77cd97-01,2026-08-25,手机,device,金立,F系列,F30,,,开机屏好,20,元/台,,image_first_visual_crosscheck_high_similarity,金立.jpg,/mnt/data/decoded2/需要获取数据与不需要获数据原文件/需要获取的图片正文数据/数码网报价单-0825更新/手机相关/金立.jpg,1,0.995,visual_0825_vs_0831_pixel_crosscheck_and_header_structure
20260825-5c8ee27ba8da4aa10be1-01,2026-08-25,手机,device,金立,F系列,F30,,,开机屏坏,20,元/台,,image_first_visual_crosscheck_high_similarity,金立.jpg,/mnt/data/decoded2/需要获取数据与不需要获数据原文件/需要获取的图片正文数据/数码网报价单-0825更新/手机相关/金立.jpg,1,0.995,visual_0825_vs_0831_pixel_crosscheck_and_header_structure
20260825-6ed74efdfaa0ed000a63-01,2026-08-25,手机,device,金立,F系列,F30,,,不开机,20,元/台,,image_first_visual_crosscheck_high_similarity,金立.jpg,/mnt/data/decoded2/需要获取数据与不需要获数据原文件/需要获取的图片正文数据/数码网报价单-0825更新/手机相关/金立.jpg,1,0.995,visual_0825_vs_0831_pixel_crosscheck_and_header_structure
20260825-015be7d9a4268a2270e4-01,2026-08-25,手机,device,金立,F系列,F30,,,废板-整机,20,元/台,,image_first_visual_crosscheck_high_similarity,金立.jpg,/mnt/data/decoded2/需要获取数据与不需要获数据原文件/需要获取的图片正文数据/数码网报价单-0825更新/手机相关/金立.jpg,1,0.995,visual_0825_vs_0831_pixel_crosscheck_and_header_structure
20260825-7284c6a34f067828027a-01,2026-08-25,手机,device,金立,F系列,F22,,,开机屏好,20,元/台,,image_first_visual_crosscheck_high_similarity,金立.jpg,/mnt/data/decoded2/需要获取数据与不需要获数据原文件/需要获取的图片正文数据/数码网报价单-0825更新/手机相关/金立.jpg,1,0.995,visual_0825_vs_0831_pixel_crosscheck_and_header_structure
20260825-fa0cb74364de9dc18f6e-01,2026-08-25,手机,device,金立,F系列,F22,,,开机屏坏,20,元/台,,image_first_visual_crosscheck_high_similarity,金立.jpg,/mnt/data/decoded2/需要获取数据与不需要获数据原文件/需要获取的图片正文数据/数码网报价单-0825更新/手机相关/金立.jpg,1,0.995,visual_0825_vs_0831_pixel_crosscheck_and_header_structure
20260825-b8eddbcb769e1d8246dd-01,2026-08-25,手机,device,金立,F系列,F22,,,不开机,20,元/台,,image_first_visual_crosscheck_high_similarity,金立.jpg,/mnt/data/decoded2/需要获取数据与不需要获数据原文件/需要获取的图片正文数据/数码网报价单-0825更新/手机相关/金立.jpg,1,0.995,visual_0825_vs_0831_pixel_crosscheck_and_header_structure
20260825-131e2ea5640c92ce47c5-01,2026-08-25,手机,device,金立,F系列,F22,,,废板-整机,20,元/台,,image_first_visual_crosscheck_high_similarity,金立.jpg,/mnt/data/decoded2/需要获取数据与不需要获数据原文件/需要获取的图片正文数据/数码网报价单-0825更新/手机相关/金立.jpg,1,0.995,visual_0825_vs_0831_pixel_crosscheck_and_header_structure
20260825-82a2453e73097558db6e-01,2026-08-25,手机,device,金立,E系列,E18Pro,,,开机屏好,110,元/台,,image_first_visual_crosscheck_high_similarity,金立.jpg,/mnt/data/decoded2/需要获取数据与不需要获数据原文件/需要获取的图片正文数据/数码网报价单-0825更新/手机相关/金立.jpg,1,0.995,visual_0825_vs_0831_pixel_crosscheck_and_header_structure
20260825-1dc7dfe140a51f7d2a12-01,2026-08-25,手机,device,金立,E系列,E18Pro,,,开机屏坏,110,元/台,,image_first_visual_crosscheck_high_similarity,金立.jpg,/mnt/data/decoded2/需要获取数据与不需要获数据原文件/需要获取的图片正文数据/数码网报价单-0825更新/手机相关/金立.jpg,1,0.995,visual_0825_vs_0831_pixel_crosscheck_and_header_structure
20260825-9b50c363cdc423e010cb-01,2026-08-25,手机,device,金立,E系列,E18Pro,,,不开机,110,元/台,,image_first_visual_crosscheck_high_similarity,金立.jpg,/mnt/data/decoded2/需要获取数据与不需要获数据原文件/需要获取的图片正文数据/数码网报价单-0825更新/手机相关/金立.jpg,1,0.995,visual_0825_vs_0831_pixel_crosscheck_and_header_structure
20260825-80678c62c2ec77195899-01,2026-08-25,手机,device,金立,E系列,E18Pro,,,废板-整机,110,元/台,,image_first_visual_crosscheck_high_similarity,金立.jpg,/mnt/data/decoded2/需要获取数据与不需要获数据原文件/需要获取的图片正文数据/数码网报价单-0825更新/手机相关/金立.jpg,1,0.995,visual_0825_vs_0831_pixel_crosscheck_and_header_structure
20260825-0e44358867ba42992499-01,2026-08-25,手机,device,金立,E系列,E311,,,开机屏好,110,元/台,,image_first_visual_crosscheck_high_similarity,金立.jpg,/mnt/data/decoded2/需要获取数据与不需要获数据原文件/需要获取的图片正文数据/数码网报价单-0825更新/手机相关/金立.jpg,1,0.995,visual_0825_vs_0831_pixel_crosscheck_and_header_structure
20260825-0352bdd85af1a03a7cfc-01,2026-08-25,手机,device,金立,E系列,E311,,,开机屏坏,110,元/台,,image_first_visual_crosscheck_high_similarity,金立.jpg,/mnt/data/decoded2/需要获取数据与不需要获数据原文件/需要获取的图片正文数据/数码网报价单-0825更新/手机相关/金立.jpg,1,0.995,visual_0825_vs_0831_pixel_crosscheck_and_header_structure
20260825-e0b763486d899eaa0d57-01,2026-08-25,手机,device,金立,E系列,E311,,,不开机,110,元/台,,image_first_visual_crosscheck_high_similarity,金立.jpg,/mnt/data/decoded2/需要获取数据与不需要获数据原文件/需要获取的图片正文数据/数码网报价单-0825更新/手机相关/金立.jpg,1,0.995,visual_0825_vs_0831_pixel_crosscheck_and_header_structure
20260825-0a944b97766e4d301fdb-01,2026-08-25,手机,device,金立,E系列,E311,,,废板-整机,110,元/台,,image_first_visual_crosscheck_high_similarity,金立.jpg,/mnt/data/decoded2/需要获取数据与不需要获数据原文件/需要获取的图片正文数据/数码网报价单-0825更新/手机相关/金立.jpg,1,0.995,visual_0825_vs_0831_pixel_crosscheck_and_header_structure
20260825-0ab40e2dc8115c53169a-01,2026-08-25,手机,device,金立,E系列,E217高配,,,开机屏好,110,元/台,,image_first_visual_crosscheck_high_similarity,金立.jpg,/mnt/data/decoded2/需要获取数据与不需要获数据原文件/需要获取的图片正文数据/数码网报价单-0825更新/手机相关/金立.jpg,1,0.995,visual_0825_vs_0831_pixel_crosscheck_and_header_structure
20260825-5f12df3c4333404adc9d-01,2026-08-25,手机,device,金立,E系列,E217高配,,,开机屏坏,110,元/台,,image_first_visual_crosscheck_high_similarity,金立.jpg,/mnt/data/decoded2/需要获取数据与不需要获数据原文件/需要获取的图片正文数据/数码网报价单-0825更新/手机相关/金立.jpg,1,0.995,visual_0825_vs_0831_pixel_crosscheck_and_header_structure
20260825-fb281aec1a2adbff24e7-01,2026-08-25,手机,device,金立,E系列,E217高配,,,不开机,110,元/台,,image_first_visual_crosscheck_high_similarity,金立.jpg,/mnt/data/decoded2/需要获取数据与不需要获数据原文件/需要获取的图片正文数据/数码网报价单-0825更新/手机相关/金立.jpg,1,0.995,visual_0825_vs_0831_pixel_crosscheck_and_header_structure
20260825-f63d5314dc1fb0ef917a-01,2026-08-25,手机,device,金立,E系列,E217高配,,,废板-整机,110,元/台,,image_first_visual_crosscheck_high_similarity,金立.jpg,/mnt/data/decoded2/需要获取数据与不需要获数据原文件/需要获取的图片正文数据/数码网报价单-0825更新/手机相关/金立.jpg,1,0.995,visual_0825_vs_0831_pixel_crosscheck_and_header_structure
20260825-6ea8ff48ffe117d1eb52-01,2026-08-25,手机,device,金立,E系列,E500,,,开机屏好,110,元/台,,image_first_visual_crosscheck_high_similarity,金立.jpg,/mnt/data/decoded2/需要获取数据与不需要获数据原文件/需要获取的图片正文数据/数码网报价单-0825更新/手机相关/金立.jpg,1,0.995,visual_0825_vs_0831_pixel_crosscheck_and_header_structure
20260825-b3e015fd6408a14890b5-01,2026-08-25,手机,device,金立,E系列,E500,,,开机屏坏,110,元/台,,image_first_visual_crosscheck_high_similarity,金立.jpg,/mnt/data/decoded2/需要获取数据与不需要获数据原文件/需要获取的图片正文数据/数码网报价单-0825更新/手机相关/金立.jpg,1,0.995,visual_0825_vs_0831_pixel_crosscheck_and_header_structure
20260825-f43a52a4602fb0db102a-01,2026-08-25,手机,device,金立,E系列,E500,,,不开机,110,元/台,,image_first_visual_crosscheck_high_similarity,金立.jpg,/mnt/data/decoded2/需要获取数据与不需要获数据原文件/需要获取的图片正文数据/数码网报价单-0825更新/手机相关/金立.jpg,1,0.995,visual_0825_vs_0831_pixel_crosscheck_and_header_structure
20260825-ad10debcdbc7021aa29e-01,2026-08-25,手机,device,金立,E系列,E500,,,废板-整机,110,元/台,,image_first_visual_crosscheck_high_similarity,金立.jpg,/mnt/data/decoded2/需要获取数据与不需要获数据原文件/需要获取的图片正文数据/数码网报价单-0825更新/手机相关/金立.jpg,1,0.995,visual_0825_vs_0831_pixel_crosscheck_and_header_structure
20260825-edd34c3435a4e5577c4d-01,2026-08-25,手机,device,金立,E系列,E216,,,开机屏好,110,元/台,,image_first_visual_crosscheck_high_similarity,金立.jpg,/mnt/data/decoded2/需要获取数据与不需要获数据原文件/需要获取的图片正文数据/数码网报价单-0825更新/手机相关/金立.jpg,1,0.995,visual_0825_vs_0831_pixel_crosscheck_and_header_structure
20260825-b4c2f667c6fd30f2c041-01,2026-08-25,手机,device,金立,E系列,E216,,,开机屏坏,110,元/台,,image_first_visual_crosscheck_high_similarity,金立.jpg,/mnt/data/decoded2/需要获取数据与不需要获数据原文件/需要获取的图片正文数据/数码网报价单-0825更新/手机相关/金立.jpg,1,0.995,visual_0825_vs_0831_pixel_crosscheck_and_header_structure
20260825-bc1b851f857011b64ffe-01,2026-08-25,手机,device,金立,E系列,E216,,,不开机,110,元/台,,image_first_visual_crosscheck_high_similarity,金立.jpg,/mnt/data/decoded2/需要获取数据与不需要获数据原文件/需要获取的图片正文数据/数码网报价单-0825更新/手机相关/金立.jpg,1,0.995,visual_0825_vs_0831_pixel_crosscheck_and_header_structure
20260825-e0769b0c8164f52c4cdb-01,2026-08-25,手机,device,金立,E系列,E216,,,废板-整机,110,元/台,,image_first_visual_crosscheck_high_similarity,金立.jpg,/mnt/data/decoded2/需要获取数据与不需要获数据原文件/需要获取的图片正文数据/数码网报价单-0825更新/手机相关/金立.jpg,1,0.995,visual_0825_vs_0831_pixel_crosscheck_and_header_structure
20260825-e156f61235cc2690cdb0-01,2026-08-25,手机,device,金立,E系列,E300,,,开机屏好,55,元/台,,image_first_visual_crosscheck_high_similarity,金立.jpg,/mnt/data/decoded2/需要获取数据与不需要获数据原文件/需要获取的图片正文数据/数码网报价单-0825更新/手机相关/金立.jpg,1,0.995,visual_0825_vs_0831_pixel_crosscheck_and_header_structure
20260825-dd772c8089b92bb5fe27-01,2026-08-25,手机,device,金立,E系列,E300,,,开机屏坏,55,元/台,,image_first_visual_crosscheck_high_similarity,金立.jpg,/mnt/data/decoded2/需要获取数据与不需要获数据原文件/需要获取的图片正文数据/数码网报价单-0825更新/手机相关/金立.jpg,1,0.995,visual_0825_vs_0831_pixel_crosscheck_and_header_structure
20260825-b6795bd3a99afc589c70-01,2026-08-25,手机,device,金立,E系列,E300,,,不开机,55,元/台,,image_first_visual_crosscheck_high_similarity,金立.jpg,/mnt/data/decoded2/需要获取数据与不需要获数据原文件/需要获取的图片正文数据/数码网报价单-0825更新/手机相关/金立.jpg,1,0.995,visual_0825_vs_0831_pixel_crosscheck_and_header_structure
20260825-520483968331ded2b8f0-01,2026-08-25,手机,device,金立,E系列,E300,,,废板-整机,55,元/台,,image_first_visual_crosscheck_high_similarity,金立.jpg,/mnt/data/decoded2/需要获取数据与不需要获数据原文件/需要获取的图片正文数据/数码网报价单-0825更新/手机相关/金立.jpg,1,0.995,visual_0825_vs_0831_pixel_crosscheck_and_header_structure
20260825-69e775135a10b64ffea1-01,2026-08-25,手机,device,金立,E系列,E217低配,,,开机屏好,55,元/台,,image_first_visual_crosscheck_high_similarity,金立.jpg,/mnt/data/decoded2/需要获取数据与不需要获数据原文件/需要获取的图片正文数据/数码网报价单-0825更新/手机相关/金立.jpg,1,0.995,visual_0825_vs_0831_pixel_crosscheck_and_header_structure
20260825-6fc486cc46d8c7eb5d49-01,2026-08-25,手机,device,金立,E系列,E217低配,,,开机屏坏,55,元/台,,image_first_visual_crosscheck_high_similarity,金立.jpg,/mnt/data/decoded2/需要获取数据与不需要获数据原文件/需要获取的图片正文数据/数码网报价单-0825更新/手机相关/金立.jpg,1,0.995,visual_0825_vs_0831_pixel_crosscheck_and_header_structure
20260825-f7698d150a8baf0d6271-01,2026-08-25,手机,device,金立,E系列,E217低配,,,不开机,55,元/台,,image_first_visual_crosscheck_high_similarity,金立.jpg,/mnt/data/decoded2/需要获取数据与不需要获数据原文件/需要获取的图片正文数据/数码网报价单-0825更新/手机相关/金立.jpg,1,0.995,visual_0825_vs_0831_pixel_crosscheck_and_header_structure
20260825-83af4a469800a4a9a705-01,2026-08-25,手机,device,金立,E系列,E217低配,,,废板-整机,55,元/台,,image_first_visual_crosscheck_high_similarity,金立.jpg,/mnt/data/decoded2/需要获取数据与不需要获数据原文件/需要获取的图片正文数据/数码网报价单-0825更新/手机相关/金立.jpg,1,0.995,visual_0825_vs_0831_pixel_crosscheck_and_header_structure
20260825-87fe382be73b407baee8-01,2026-08-25,手机,device,金立,E系列,E202,,,开机屏好,55,元/台,,image_first_visual_crosscheck_high_similarity,金立.jpg,/mnt/data/decoded2/需要获取数据与不需要获数据原文件/需要获取的图片正文数据/数码网报价单-0825更新/手机相关/金立.jpg,1,0.995,visual_0825_vs_0831_pixel_crosscheck_and_header_structure
20260825-95dddef64a14fab9a27c-01,2026-08-25,手机,device,金立,E系列,E202,,,开机屏坏,55,元/台,,image_first_visual_crosscheck_high_similarity,金立.jpg,/mnt/data/decoded2/需要获取数据与不需要获数据原文件/需要获取的图片正文数据/数码网报价单-0825更新/手机相关/金立.jpg,1,0.995,visual_0825_vs_0831_pixel_crosscheck_and_header_structure
20260825-f3ab5a7557a4fbb67c2e-01,2026-08-25,手机,device,金立,E系列,E202,,,不开机,55,元/台,,image_first_visual_crosscheck_high_similarity,金立.jpg,/mnt/data/decoded2/需要获取数据与不需要获数据原文件/需要获取的图片正文数据/数码网报价单-0825更新/手机相关/金立.jpg,1,0.995,visual_0825_vs_0831_pixel_crosscheck_and_header_structure
20260825-bc7e6824987ed398bce1-01,2026-08-25,手机,device,金立,E系列,E202,,,废板-整机,55,元/台,,image_first_visual_crosscheck_high_similarity,金立.jpg,/mnt/data/decoded2/需要获取数据与不需要获数据原文件/需要获取的图片正文数据/数码网报价单-0825更新/手机相关/金立.jpg,1,0.995,visual_0825_vs_0831_pixel_crosscheck_and_header_structure
20260825-32c31d80885cb8165fc0-01,2026-08-25,手机,device,金立,E系列,E200,,,开机屏好,55,元/台,,image_first_visual_crosscheck_high_similarity,金立.jpg,/mnt/data/decoded2/需要获取数据与不需要获数据原文件/需要获取的图片正文数据/数码网报价单-0825更新/手机相关/金立.jpg,1,0.995,visual_0825_vs_0831_pixel_crosscheck_and_header_structure
20260825-a10d17262ae857b36054-01,2026-08-25,手机,device,金立,E系列,E200,,,开机屏坏,55,元/台,,image_first_visual_crosscheck_high_similarity,金立.jpg,/mnt/data/decoded2/需要获取数据与不需要获数据原文件/需要获取的图片正文数据/数码网报价单-0825更新/手机相关/金立.jpg,1,0.995,visual_0825_vs_0831_pixel_crosscheck_and_header_structure
20260825-de20c538f77f20a15eb6-01,2026-08-25,手机,device,金立,E系列,E200,,,不开机,55,元/台,,image_first_visual_crosscheck_high_similarity,金立.jpg,/mnt/data/decoded2/需要获取数据与不需要获数据原文件/需要获取的图片正文数据/数码网报价单-0825更新/手机相关/金立.jpg,1,0.995,visual_0825_vs_0831_pixel_crosscheck_and_header_structure
20260825-536fb36a5abc7df07c24-01,2026-08-25,手机,device,金立,E系列,E200,,,废板-整机,55,元/台,,image_first_visual_crosscheck_high_similarity,金立.jpg,/mnt/data/decoded2/需要获取数据与不需要获数据原文件/需要获取的图片正文数据/数码网报价单-0825更新/手机相关/金立.jpg,1,0.995,visual_0825_vs_0831_pixel_crosscheck_and_header_structure
20260825-58ed975a2a77a7ec6201-01,2026-08-25,手机,device,金立,其它/双屏,M30,,,开机屏好,11,元/台,,image_first_visual_crosscheck_high_similarity,金立.jpg,/mnt/data/decoded2/需要获取数据与不需要获数据原文件/需要获取的图片正文数据/数码网报价单-0825更新/手机相关/金立.jpg,1,0.995,visual_0825_vs_0831_pixel_crosscheck_and_header_structure
20260825-888ce9b973b26f9d1d2f-01,2026-08-25,手机,device,金立,其它/双屏,M30,,,开机屏坏,11,元/台,,image_first_visual_crosscheck_high_similarity,金立.jpg,/mnt/data/decoded2/需要获取数据与不需要获数据原文件/需要获取的图片正文数据/数码网报价单-0825更新/手机相关/金立.jpg,1,0.995,visual_0825_vs_0831_pixel_crosscheck_and_header_structure
20260825-bdd0e7c18cab85d1d30d-01,2026-08-25,手机,device,金立,其它/双屏,M30,,,不开机,11,元/台,,image_first_visual_crosscheck_high_similarity,金立.jpg,/mnt/data/decoded2/需要获取数据与不需要获数据原文件/需要获取的图片正文数据/数码网报价单-0825更新/手机相关/金立.jpg,1,0.995,visual_0825_vs_0831_pixel_crosscheck_and_header_structure
20260825-02471071073fb6c3ad19-01,2026-08-25,手机,device,金立,其它/双屏,M30,,,废板-整机,11,元/台,,image_first_visual_crosscheck_high_similarity,金立.jpg,/mnt/data/decoded2/需要获取数据与不需要获数据原文件/需要获取的图片正文数据/数码网报价单-0825更新/手机相关/金立.jpg,1,0.995,visual_0825_vs_0831_pixel_crosscheck_and_header_structure
20260825-92fa05345fd8ea9538f5-01,2026-08-25,手机,device,金立,其它/双屏,A6L双屏,,,开机屏好,60,元/台,,image_first_visual_crosscheck_high_similarity,金立.jpg,/mnt/data/decoded2/需要获取数据与不需要获数据原文件/需要获取的图片正文数据/数码网报价单-0825更新/手机相关/金立.jpg,1,0.995,visual_0825_vs_0831_pixel_crosscheck_and_header_structure
20260825-6465d59417647c293d39-01,2026-08-25,手机,device,金立,其它/双屏,A6L双屏,,,开机屏坏,45,元/台,,image_first_visual_crosscheck_high_similarity,金立.jpg,/mnt/data/decoded2/需要获取数据与不需要获数据原文件/需要获取的图片正文数据/数码网报价单-0825更新/手机相关/金立.jpg,1,0.995,visual_0825_vs_0831_pixel_crosscheck_and_header_structure
20260825-1d7c0ff0e12a945d3cd1-01,2026-08-25,手机,device,金立,其它/双屏,A6L双屏,,,不开机,45,元/台,,image_first_visual_crosscheck_high_similarity,金立.jpg,/mnt/data/decoded2/需要获取数据与不需要获数据原文件/需要获取的图片正文数据/数码网报价单-0825更新/手机相关/金立.jpg,1,0.995,visual_0825_vs_0831_pixel_crosscheck_and_header_structure
20260825-a46ee57fe2d969583ca3-01,2026-08-25,手机,device,金立,其它/双屏,A6L双屏,,,废板-整机,25,元/台,,image_first_visual_crosscheck_high_similarity,金立.jpg,/mnt/data/decoded2/需要获取数据与不需要获数据原文件/需要获取的图片正文数据/数码网报价单-0825更新/手机相关/金立.jpg,1,0.995,visual_0825_vs_0831_pixel_crosscheck_and_header_structure
20260825-573ed8e20c973e5826c4-01,2026-08-25,手机,device,金立,墨水屏系列,A9,,,开机屏好,400,元/台,,image_first_visual_crosscheck_high_similarity,金立.jpg,/mnt/data/decoded2/需要获取数据与不需要获数据原文件/需要获取的图片正文数据/数码网报价单-0825更新/手机相关/金立.jpg,1,0.995,visual_0825_vs_0831_pixel_crosscheck_and_header_structure
20260825-768aabe0480b859c535f-01,2026-08-25,手机,device,金立,墨水屏系列,A9,,,开机屏坏,85,元/台,,image_first_visual_crosscheck_high_similarity,金立.jpg,/mnt/data/decoded2/需要获取数据与不需要获数据原文件/需要获取的图片正文数据/数码网报价单-0825更新/手机相关/金立.jpg,1,0.995,visual_0825_vs_0831_pixel_crosscheck_and_header_structure
20260825-b260893df577be101408-01,2026-08-25,手机,device,金立,墨水屏系列,A9,,,不开机,85,元/台,,image_first_visual_crosscheck_high_similarity,金立.jpg,/mnt/data/decoded2/需要获取数据与不需要获数据原文件/需要获取的图片正文数据/数码网报价单-0825更新/手机相关/金立.jpg,1,0.995,visual_0825_vs_0831_pixel_crosscheck_and_header_structure
20260825-9ec1ecb87c347b3d3d42-01,2026-08-25,手机,device,金立,墨水屏系列,A9,,,废板-整机,85,元/台,,image_first_visual_crosscheck_high_similarity,金立.jpg,/mnt/data/decoded2/需要获取数据与不需要获数据原文件/需要获取的图片正文数据/数码网报价单-0825更新/手机相关/金立.jpg,1,0.995,visual_0825_vs_0831_pixel_crosscheck_and_header_structure
20260825-03163f5ee9dab7ba8326-01,2026-08-25,手机,device,金立,墨水屏系列,A7,,,开机屏好,400,元/台,,image_first_visual_crosscheck_high_similarity,金立.jpg,/mnt/data/decoded2/需要获取数据与不需要获数据原文件/需要获取的图片正文数据/数码网报价单-0825更新/手机相关/金立.jpg,1,0.995,visual_0825_vs_0831_pixel_crosscheck_and_header_structure
20260825-4184764e428864a06f7a-01,2026-08-25,手机,device,金立,墨水屏系列,A7,,,开机屏坏,85,元/台,,image_first_visual_crosscheck_high_similarity,金立.jpg,/mnt/data/decoded2/需要获取数据与不需要获数据原文件/需要获取的图片正文数据/数码网报价单-0825更新/手机相关/金立.jpg,1,0.995,visual_0825_vs_0831_pixel_crosscheck_and_header_structure
20260825-8a09bac9e04b326cefda-01,2026-08-25,手机,device,金立,墨水屏系列,A7,,,不开机,85,元/台,,image_first_visual_crosscheck_high_similarity,金立.jpg,/mnt/data/decoded2/需要获取数据与不需要获数据原文件/需要获取的图片正文数据/数码网报价单-0825更新/手机相关/金立.jpg,1,0.995,visual_0825_vs_0831_pixel_crosscheck_and_header_structure
20260825-d7e42dca6a6d187b49f6-01,2026-08-25,手机,device,金立,墨水屏系列,A7,,,废板-整机,85,元/台,,image_first_visual_crosscheck_high_similarity,金立.jpg,/mnt/data/decoded2/需要获取数据与不需要获数据原文件/需要获取的图片正文数据/数码网报价单-0825更新/手机相关/金立.jpg,1,0.995,visual_0825_vs_0831_pixel_crosscheck_and_header_structure
20260825-ddebc08050da2dc7a845-01,2026-08-25,手机,device,金立,墨水屏系列,A7cc版,,,开机屏好,400,元/台,,image_first_visual_crosscheck_high_similarity,金立.jpg,/mnt/data/decoded2/需要获取数据与不需要获数据原文件/需要获取的图片正文数据/数码网报价单-0825更新/手机相关/金立.jpg,1,0.995,visual_0825_vs_0831_pixel_crosscheck_and_header_structure
20260825-d20a5b2847eb09f9cb87-01,2026-08-25,手机,device,金立,墨水屏系列,A7cc版,,,开机屏坏,85,元/台,,image_first_visual_crosscheck_high_similarity,金立.jpg,/mnt/data/decoded2/需要获取数据与不需要获数据原文件/需要获取的图片正文数据/数码网报价单-0825更新/手机相关/金立.jpg,1,0.995,visual_0825_vs_0831_pixel_crosscheck_and_header_structure
20260825-80d46c5f53e5077f2e13-01,2026-08-25,手机,device,金立,墨水屏系列,A7cc版,,,不开机,85,元/台,,image_first_visual_crosscheck_high_similarity,金立.jpg,/mnt/data/decoded2/需要获取数据与不需要获数据原文件/需要获取的图片正文数据/数码网报价单-0825更新/手机相关/金立.jpg,1,0.995,visual_0825_vs_0831_pixel_crosscheck_and_header_structure
20260825-7bb2fad70dbc0ff01417-01,2026-08-25,手机,device,金立,墨水屏系列,A7cc版,,,废板-整机,85,元/台,,image_first_visual_crosscheck_high_similarity,金立.jpg,/mnt/data/decoded2/需要获取数据与不需要获数据原文件/需要获取的图片正文数据/数码网报价单-0825更新/手机相关/金立.jpg,1,0.995,visual_0825_vs_0831_pixel_crosscheck_and_header_structure
20260825-4ebe0496be08fc5951be-01,2026-08-25,手机,device,金立,墨水屏系列,TOUCH LITE,,,开机屏好,320,元/台,,image_first_visual_crosscheck_high_similarity,金立.jpg,/mnt/data/decoded2/需要获取数据与不需要获数据原文件/需要获取的图片正文数据/数码网报价单-0825更新/手机相关/金立.jpg,1,0.995,visual_0825_vs_0831_pixel_crosscheck_and_header_structure
20260825-b5b11d283bbb677c24c5-01,2026-08-25,手机,device,金立,墨水屏系列,TOUCH LITE,,,开机屏坏,85,元/台,,image_first_visual_crosscheck_high_similarity,金立.jpg,/mnt/data/decoded2/需要获取数据与不需要获数据原文件/需要获取的图片正文数据/数码网报价单-0825更新/手机相关/金立.jpg,1,0.995,visual_0825_vs_0831_pixel_crosscheck_and_header_structure
20260825-f021a3a05ea27d9cb608-01,2026-08-25,手机,device,金立,墨水屏系列,TOUCH LITE,,,不开机,85,元/台,,image_first_visual_crosscheck_high_similarity,金立.jpg,/mnt/data/decoded2/需要获取数据与不需要获数据原文件/需要获取的图片正文数据/数码网报价单-0825更新/手机相关/金立.jpg,1,0.995,visual_0825_vs_0831_pixel_crosscheck_and_header_structure
20260825-6a9a4a990a14754cf1f3-01,2026-08-25,手机,device,金立,墨水屏系列,TOUCH LITE,,,废板-整机,85,元/台,,image_first_visual_crosscheck_high_similarity,金立.jpg,/mnt/data/decoded2/需要获取数据与不需要获数据原文件/需要获取的图片正文数据/数码网报价单-0825更新/手机相关/金立.jpg,1,0.995,visual_0825_vs_0831_pixel_crosscheck_and_header_structure
20260825-51940d1165e9371e2497-01,2026-08-25,手机,device,金立,墨水屏系列,A5pro,,,开机屏好,210,元/台,,image_first_visual_crosscheck_high_similarity,金立.jpg,/mnt/data/decoded2/需要获取数据与不需要获数据原文件/需要获取的图片正文数据/数码网报价单-0825更新/手机相关/金立.jpg,1,0.995,visual_0825_vs_0831_pixel_crosscheck_and_header_structure
20260825-7fc98ea0522be8bf38c8-01,2026-08-25,手机,device,金立,墨水屏系列,A5pro,,,开机屏坏,85,元/台,,image_first_visual_crosscheck_high_similarity,金立.jpg,/mnt/data/decoded2/需要获取数据与不需要获数据原文件/需要获取的图片正文数据/数码网报价单-0825更新/手机相关/金立.jpg,1,0.995,visual_0825_vs_0831_pixel_crosscheck_and_header_structure
20260825-a563063c44eb5c7b838d-01,2026-08-25,手机,device,金立,墨水屏系列,A5pro,,,不开机,85,元/台,,image_first_visual_crosscheck_high_similarity,金立.jpg,/mnt/data/decoded2/需要获取数据与不需要获数据原文件/需要获取的图片正文数据/数码网报价单-0825更新/手机相关/金立.jpg,1,0.995,visual_0825_vs_0831_pixel_crosscheck_and_header_structure
20260825-a819601c0d15c582bf59-01,2026-08-25,手机,device,金立,墨水屏系列,A5pro,,,废板-整机,85,元/台,,image_first_visual_crosscheck_high_similarity,金立.jpg,/mnt/data/decoded2/需要获取数据与不需要获数据原文件/需要获取的图片正文数据/数码网报价单-0825更新/手机相关/金立.jpg,1,0.995,visual_0825_vs_0831_pixel_crosscheck_and_header_structure
20260825-fd02322abcc4e5182db1-01,2026-08-25,平板,device,华为,平板,AGS6,,,开机屏好,300,元/台,,image_first_visual_crosscheck_high_similarity,华为平板.jpg,/mnt/data/decoded2/需要获取数据与不需要获数据原文件/需要获取的图片正文数据/数码网报价单-0825更新/手机相关/华为平板.jpg,1,0.995,visual_0825_vs_0831_pixel_crosscheck_and_header_structure
20260825-d59a0ef15fe162ae100d-01,2026-08-25,平板,device,华为,平板,AGS6,,,开机屏坏,300,元/台,,image_first_visual_crosscheck_high_similarity,华为平板.jpg,/mnt/data/decoded2/需要获取数据与不需要获数据原文件/需要获取的图片正文数据/数码网报价单-0825更新/手机相关/华为平板.jpg,1,0.995,visual_0825_vs_0831_pixel_crosscheck_and_header_structure
20260825-39b2377b23b34a021f5e-01,2026-08-25,平板,device,华为,平板,AGS6,,,不开机,100,元/台,,image_first_visual_crosscheck_high_similarity,华为平板.jpg,/mnt/data/decoded2/需要获取数据与不需要获数据原文件/需要获取的图片正文数据/数码网报价单-0825更新/手机相关/华为平板.jpg,1,0.995,visual_0825_vs_0831_pixel_crosscheck_and_header_structure
20260825-10c29a6eac75d9080bc4-01,2026-08-25,平板,device,华为,平板,AGS6,,,废板-整机,100,元/台,,image_first_visual_crosscheck_high_similarity,华为平板.jpg,/mnt/data/decoded2/需要获取数据与不需要获数据原文件/需要获取的图片正文数据/数码网报价单-0825更新/手机相关/华为平板.jpg,1,0.995,visual_0825_vs_0831_pixel_crosscheck_and_header_structure
20260825-8568949ed2a51f09622c-01,2026-08-25,平板,device,华为,平板,AGS5,,,开机屏好,200,元/台,,image_first_visual_crosscheck_high_similarity,华为平板.jpg,/mnt/data/decoded2/需要获取数据与不需要获数据原文件/需要获取的图片正文数据/数码网报价单-0825更新/手机相关/华为平板.jpg,1,0.995,visual_0825_vs_0831_pixel_crosscheck_and_header_structure
20260825-d2c43fbe5dd5feab90dc-01,2026-08-25,平板,device,华为,平板,AGS5,,,开机屏坏,200,元/台,,image_first_visual_crosscheck_high_similarity,华为平板.jpg,/mnt/data/decoded2/需要获取数据与不需要获数据原文件/需要获取的图片正文数据/数码网报价单-0825更新/手机相关/华为平板.jpg,1,0.995,visual_0825_vs_0831_pixel_crosscheck_and_header_structure
20260825-64150614da86decd9e5b-01,2026-08-25,平板,device,华为,平板,AGS5,,,不开机,100,元/台,,image_first_visual_crosscheck_high_similarity,华为平板.jpg,/mnt/data/decoded2/需要获取数据与不需要获数据原文件/需要获取的图片正文数据/数码网报价单-0825更新/手机相关/华为平板.jpg,1,0.995,visual_0825_vs_0831_pixel_crosscheck_and_header_structure
20260825-2abf9ed29d901f87936f-01,2026-08-25,平板,device,华为,平板,AGS5,,,废板-整机,100,元/台,,image_first_visual_crosscheck_high_similarity,华为平板.jpg,/mnt/data/decoded2/需要获取数据与不需要获数据原文件/需要获取的图片正文数据/数码网报价单-0825更新/手机相关/华为平板.jpg,1,0.995,visual_0825_vs_0831_pixel_crosscheck_and_header_structure
20260825-e324920e537ca452fd01-01,2026-08-25,平板,device,华为,平板,Mate pad 24 11.5寸,,,开机屏好,400,元/台,,image_first_visual_crosscheck_high_similarity,华为平板.jpg,/mnt/data/decoded2/需要获取数据与不需要获数据原文件/需要获取的图片正文数据/数码网报价单-0825更新/手机相关/华为平板.jpg,1,0.995,visual_0825_vs_0831_pixel_crosscheck_and_header_structure
20260825-de7a745f065e538471d2-01,2026-08-25,平板,device,华为,平板,Mate pad 24 11.5寸,,,开机屏坏,350,元/台,,image_first_visual_crosscheck_high_similarity,华为平板.jpg,/mnt/data/decoded2/需要获取数据与不需要获数据原文件/需要获取的图片正文数据/数码网报价单-0825更新/手机相关/华为平板.jpg,1,0.995,visual_0825_vs_0831_pixel_crosscheck_and_header_structure
20260825-3838e2a3ddfac295988a-01,2026-08-25,平板,device,华为,平板,Mate pad 24 11.5寸,,,不开机,120,元/台,,image_first_visual_crosscheck_high_similarity,华为平板.jpg,/mnt/data/decoded2/需要获取数据与不需要获数据原文件/需要获取的图片正文数据/数码网报价单-0825更新/手机相关/华为平板.jpg,1,0.995,visual_0825_vs_0831_pixel_crosscheck_and_header_structure
20260825-b546ea4bab19a964f009-01,2026-08-25,平板,device,华为,平板,Mate pad 24 11.5寸,,,废板-整机,120,元/台,,image_first_visual_crosscheck_high_similarity,华为平板.jpg,/mnt/data/decoded2/需要获取数据与不需要获数据原文件/需要获取的图片正文数据/数码网报价单-0825更新/手机相关/华为平板.jpg,1,0.995,visual_0825_vs_0831_pixel_crosscheck_and_header_structure
20260825-02f459269fd290f16ad5-01,2026-08-25,平板,device,华为,平板,Mate pad Air 23年1.5寸,,,开机屏好,600,元/台,,image_first_visual_crosscheck_high_similarity,华为平板.jpg,/mnt/data/decoded2/需要获取数据与不需要获数据原文件/需要获取的图片正文数据/数码网报价单-0825更新/手机相关/华为平板.jpg,1,0.995,visual_0825_vs_0831_pixel_crosscheck_and_header_structure
20260825-7931971141e131f98367-01,2026-08-25,平板,device,华为,平板,Mate pad Air 23年1.5寸,,,开机屏坏,380,元/台,,image_first_visual_crosscheck_high_similarity,华为平板.jpg,/mnt/data/decoded2/需要获取数据与不需要获数据原文件/需要获取的图片正文数据/数码网报价单-0825更新/手机相关/华为平板.jpg,1,0.995,visual_0825_vs_0831_pixel_crosscheck_and_header_structure
20260825-7838db5f1f41ec17ec40-01,2026-08-25,平板,device,华为,平板,Mate pad Air 23年1.5寸,,,不开机,120,元/台,,image_first_visual_crosscheck_high_similarity,华为平板.jpg,/mnt/data/decoded2/需要获取数据与不需要获数据原文件/需要获取的图片正文数据/数码网报价单-0825更新/手机相关/华为平板.jpg,1,0.995,visual_0825_vs_0831_pixel_crosscheck_and_header_structure
20260825-51edb9df90e84a183b10-01,2026-08-25,平板,device,华为,平板,Mate pad Air 23年1.5寸,,,废板-整机,120,元/台,,image_first_visual_crosscheck_high_similarity,华为平板.jpg,/mnt/data/decoded2/需要获取数据与不需要获数据原文件/需要获取的图片正文数据/数码网报价单-0825更新/手机相关/华为平板.jpg,1,0.995,visual_0825_vs_0831_pixel_crosscheck_and_header_structure
20260825-ac6d4b597da4b6e3eb74-01,2026-08-25,平板,device,华为,平板,Mate pad Pro 19款0.8寸 WIFI+4G,,,开机屏好,180,元/台,,image_first_visual_crosscheck_high_similarity,华为平板.jpg,/mnt/data/decoded2/需要获取数据与不需要获数据原文件/需要获取的图片正文数据/数码网报价单-0825更新/手机相关/华为平板.jpg,1,0.995,visual_0825_vs_0831_pixel_crosscheck_and_header_structure
20260825-2ebc0d27bd8fb4481bb2-01,2026-08-25,平板,device,华为,平板,Mate pad Pro 19款0.8寸 WIFI+4G,,,开机屏坏,150,元/台,,image_first_visual_crosscheck_high_similarity,华为平板.jpg,/mnt/data/decoded2/需要获取数据与不需要获数据原文件/需要获取的图片正文数据/数码网报价单-0825更新/手机相关/华为平板.jpg,1,0.995,visual_0825_vs_0831_pixel_crosscheck_and_header_structure
20260825-b847030af9f0769d34f7-01,2026-08-25,平板,device,华为,平板,Mate pad Pro 19款0.8寸 WIFI+4G,,,不开机,120,元/台,,image_first_visual_crosscheck_high_similarity,华为平板.jpg,/mnt/data/decoded2/需要获取数据与不需要获数据原文件/需要获取的图片正文数据/数码网报价单-0825更新/手机相关/华为平板.jpg,1,0.995,visual_0825_vs_0831_pixel_crosscheck_and_header_structure
20260825-2e0a8f4b76bf32e443f8-01,2026-08-25,平板,device,华为,平板,Mate pad Pro 19款0.8寸 WIFI+4G,,,废板-整机,120,元/台,,image_first_visual_crosscheck_high_similarity,华为平板.jpg,/mnt/data/decoded2/需要获取数据与不需要获数据原文件/需要获取的图片正文数据/数码网报价单-0825更新/手机相关/华为平板.jpg,1,0.995,visual_0825_vs_0831_pixel_crosscheck_and_header_structure
20260825-7934407668d4aad5e624-01,2026-08-25,平板,device,华为,平板,Mate pad 23款11寸,,,开机屏好,300,元/台,,image_first_visual_crosscheck_high_similarity,华为平板.jpg,/mnt/data/decoded2/需要获取数据与不需要获数据原文件/需要获取的图片正文数据/数码网报价单-0825更新/手机相关/华为平板.jpg,1,0.995,visual_0825_vs_0831_pixel_crosscheck_and_header_structure
20260825-c3b1aa85d88f14f6b506-01,2026-08-25,平板,device,华为,平板,Mate pad 23款11寸,,,开机屏坏,300,元/台,,image_first_visual_crosscheck_high_similarity,华为平板.jpg,/mnt/data/decoded2/需要获取数据与不需要获数据原文件/需要获取的图片正文数据/数码网报价单-0825更新/手机相关/华为平板.jpg,1,0.995,visual_0825_vs_0831_pixel_crosscheck_and_header_structure
20260825-3b44b3c45ee82b79022d-01,2026-08-25,平板,device,华为,平板,Mate pad 23款11寸,,,不开机,120,元/台,,image_first_visual_crosscheck_high_similarity,华为平板.jpg,/mnt/data/decoded2/需要获取数据与不需要获数据原文件/需要获取的图片正文数据/数码网报价单-0825更新/手机相关/华为平板.jpg,1,0.995,visual_0825_vs_0831_pixel_crosscheck_and_header_structure
20260825-2222b3f8ec439c85d1c2-01,2026-08-25,平板,device,华为,平板,Mate pad 23款11寸,,,废板-整机,120,元/台,,image_first_visual_crosscheck_high_similarity,华为平板.jpg,/mnt/data/decoded2/需要获取数据与不需要获数据原文件/需要获取的图片正文数据/数码网报价单-0825更新/手机相关/华为平板.jpg,1,0.995,visual_0825_vs_0831_pixel_crosscheck_and_header_structure
20260825-684eef084fb2c67ad1fe-01,2026-08-25,平板,device,华为,平板,Mate pad 10.8寸 WIFI版,,,开机屏好,140,元/台,,image_first_visual_crosscheck_high_similarity,华为平板.jpg,/mnt/data/decoded2/需要获取数据与不需要获数据原文件/需要获取的图片正文数据/数码网报价单-0825更新/手机相关/华为平板.jpg,1,0.995,visual_0825_vs_0831_pixel_crosscheck_and_header_structure
20260825-9045ab2edbb430b53ea8-01,2026-08-25,平板,device,华为,平板,Mate pad 10.8寸 WIFI版,,,开机屏坏,140,元/台,,image_first_visual_crosscheck_high_similarity,华为平板.jpg,/mnt/data/decoded2/需要获取数据与不需要获数据原文件/需要获取的图片正文数据/数码网报价单-0825更新/手机相关/华为平板.jpg,1,0.995,visual_0825_vs_0831_pixel_crosscheck_and_header_structure
20260825-2001aebed20a6842a512-01,2026-08-25,平板,device,华为,平板,Mate pad 10.8寸 WIFI版,,,不开机,50,元/台,,image_first_visual_crosscheck_high_similarity,华为平板.jpg,/mnt/data/decoded2/需要获取数据与不需要获数据原文件/需要获取的图片正文数据/数码网报价单-0825更新/手机相关/华为平板.jpg,1,0.995,visual_0825_vs_0831_pixel_crosscheck_and_header_structure
20260825-7bccad700ecca5e7ea16-01,2026-08-25,平板,device,华为,平板,Mate pad 10.8寸 WIFI版,,,废板-整机,50,元/台,,image_first_visual_crosscheck_high_similarity,华为平板.jpg,/mnt/data/decoded2/需要获取数据与不需要获数据原文件/需要获取的图片正文数据/数码网报价单-0825更新/手机相关/华为平板.jpg,1,0.995,visual_0825_vs_0831_pixel_crosscheck_and_header_structure
20260825-fb12e9aa3a7f5e65bbdd-01,2026-08-25,平板,device,华为,平板,Mate pad 10.8寸 WIFI+4G版,,,开机屏好,140,元/台,,image_first_visual_crosscheck_high_similarity,华为平板.jpg,/mnt/data/decoded2/需要获取数据与不需要获数据原文件/需要获取的图片正文数据/数码网报价单-0825更新/手机相关/华为平板.jpg,1,0.995,visual_0825_vs_0831_pixel_crosscheck_and_header_structure
20260825-4d165ae74b1c83dd9d67-01,2026-08-25,平板,device,华为,平板,Mate pad 10.8寸 WIFI+4G版,,,开机屏坏,140,元/台,,image_first_visual_crosscheck_high_similarity,华为平板.jpg,/mnt/data/decoded2/需要获取数据与不需要获数据原文件/需要获取的图片正文数据/数码网报价单-0825更新/手机相关/华为平板.jpg,1,0.995,visual_0825_vs_0831_pixel_crosscheck_and_header_structure
20260825-8b749679ed3af0724ea5-01,2026-08-25,平板,device,华为,平板,Mate pad 10.8寸 WIFI+4G版,,,不开机,50,元/台,,image_first_visual_crosscheck_high_similarity,华为平板.jpg,/mnt/data/decoded2/需要获取数据与不需要获数据原文件/需要获取的图片正文数据/数码网报价单-0825更新/手机相关/华为平板.jpg,1,0.995,visual_0825_vs_0831_pixel_crosscheck_and_header_structure
20260825-1016120cf890789fd90c-01,2026-08-25,平板,device,华为,平板,Mate pad 10.8寸 WIFI+4G版,,,废板-整机,50,元/台,,image_first_visual_crosscheck_high_similarity,华为平板.jpg,/mnt/data/decoded2/需要获取数据与不需要获数据原文件/需要获取的图片正文数据/数码网报价单-0825更新/手机相关/华为平板.jpg,1,0.995,visual_0825_vs_0831_pixel_crosscheck_and_header_structure
20260825-3548921017555aaa9684-01,2026-08-25,平板,device,华为,平板,MatePad 10.4寸 WiFi版,,,开机屏好,140,元/台,,image_first_visual_crosscheck_high_similarity,华为平板.jpg,/mnt/data/decoded2/需要获取数据与不需要获数据原文件/需要获取的图片正文数据/数码网报价单-0825更新/手机相关/华为平板.jpg,1,0.995,visual_0825_vs_0831_pixel_crosscheck_and_header_structure
20260825-9710315fe8da45078e9a-01,2026-08-25,平板,device,华为,平板,MatePad 10.4寸 WiFi版,,,开机屏坏,140,元/台,,image_first_visual_crosscheck_high_similarity,华为平板.jpg,/mnt/data/decoded2/需要获取数据与不需要获数据原文件/需要获取的图片正文数据/数码网报价单-0825更新/手机相关/华为平板.jpg,1,0.995,visual_0825_vs_0831_pixel_crosscheck_and_header_structure
20260825-28f0c2dd59cbdd28a9ee-01,2026-08-25,平板,device,华为,平板,MatePad 10.4寸 WiFi版,,,不开机,140,元/台,,image_first_visual_crosscheck_high_similarity,华为平板.jpg,/mnt/data/decoded2/需要获取数据与不需要获数据原文件/需要获取的图片正文数据/数码网报价单-0825更新/手机相关/华为平板.jpg,1,0.995,visual_0825_vs_0831_pixel_crosscheck_and_header_structure
20260825-86f65228d1805d8620f1-01,2026-08-25,平板,device,华为,平板,MatePad 10.4寸 WiFi版,,,废板-整机,140,元/台,,image_first_visual_crosscheck_high_similarity,华为平板.jpg,/mnt/data/decoded2/需要获取数据与不需要获数据原文件/需要获取的图片正文数据/数码网报价单-0825更新/手机相关/华为平板.jpg,1,0.995,visual_0825_vs_0831_pixel_crosscheck_and_header_structure
20260825-f03ad644d9df84a5afe1-01,2026-08-25,平板,device,华为,平板,mate pad 11 10.95寸 WIFI版,,,开机屏好,260,元/台,,image_first_visual_crosscheck_high_similarity,华为平板.jpg,/mnt/data/decoded2/需要获取数据与不需要获数据原文件/需要获取的图片正文数据/数码网报价单-0825更新/手机相关/华为平板.jpg,1,0.995,visual_0825_vs_0831_pixel_crosscheck_and_header_structure
20260825-86568a50210d3c6f58ac-01,2026-08-25,平板,device,华为,平板,mate pad 11 10.95寸 WIFI版,,,开机屏坏,260,元/台,,image_first_visual_crosscheck_high_similarity,华为平板.jpg,/mnt/data/decoded2/需要获取数据与不需要获数据原文件/需要获取的图片正文数据/数码网报价单-0825更新/手机相关/华为平板.jpg,1,0.995,visual_0825_vs_0831_pixel_crosscheck_and_header_structure
20260825-4348cdaa06f2cb137fd2-01,2026-08-25,平板,device,华为,平板,mate pad 11 10.95寸 WIFI版,,,不开机,70,元/台,,image_first_visual_crosscheck_high_similarity,华为平板.jpg,/mnt/data/decoded2/需要获取数据与不需要获数据原文件/需要获取的图片正文数据/数码网报价单-0825更新/手机相关/华为平板.jpg,1,0.995,visual_0825_vs_0831_pixel_crosscheck_and_header_structure
20260825-c2bf5eb9586005711813-01,2026-08-25,平板,device,华为,平板,mate pad 11 10.95寸 WIFI版,,,废板-整机,50,元/台,,image_first_visual_crosscheck_high_similarity,华为平板.jpg,/mnt/data/decoded2/需要获取数据与不需要获数据原文件/需要获取的图片正文数据/数码网报价单-0825更新/手机相关/华为平板.jpg,1,0.995,visual_0825_vs_0831_pixel_crosscheck_and_header_structure
20260825-11871a2c33d9dc055f63-01,2026-08-25,平板,device,华为,平板,M6平板10.8寸 WiFi版,,,开机屏好,110,元/台,,image_first_visual_crosscheck_high_similarity,华为平板.jpg,/mnt/data/decoded2/需要获取数据与不需要获数据原文件/需要获取的图片正文数据/数码网报价单-0825更新/手机相关/华为平板.jpg,1,0.995,visual_0825_vs_0831_pixel_crosscheck_and_header_structure
20260825-d52aa5bcf264aaca125e-01,2026-08-25,平板,device,华为,平板,M6平板10.8寸 WiFi版,,,开机屏坏,110,元/台,,image_first_visual_crosscheck_high_similarity,华为平板.jpg,/mnt/data/decoded2/需要获取数据与不需要获数据原文件/需要获取的图片正文数据/数码网报价单-0825更新/手机相关/华为平板.jpg,1,0.995,visual_0825_vs_0831_pixel_crosscheck_and_header_structure
20260825-7952d6490ef1853cc411-01,2026-08-25,平板,device,华为,平板,M6平板10.8寸 WiFi版,,,不开机,70,元/台,,image_first_visual_crosscheck_high_similarity,华为平板.jpg,/mnt/data/decoded2/需要获取数据与不需要获数据原文件/需要获取的图片正文数据/数码网报价单-0825更新/手机相关/华为平板.jpg,1,0.995,visual_0825_vs_0831_pixel_crosscheck_and_header_structure
20260825-da14791abd73a6f0bdab-01,2026-08-25,平板,device,华为,平板,M6平板10.8寸 WiFi版,,,废板-整机,70,元/台,,image_first_visual_crosscheck_high_similarity,华为平板.jpg,/mnt/data/decoded2/需要获取数据与不需要获数据原文件/需要获取的图片正文数据/数码网报价单-0825更新/手机相关/华为平板.jpg,1,0.995,visual_0825_vs_0831_pixel_crosscheck_and_header_structure
20260825-cbe791f1cfbc548a6cc5-01,2026-08-25,平板,device,华为,平板,M6平板10.8寸 WiFi+4G,,,开机屏好,110,元/台,,image_first_visual_crosscheck_high_similarity,华为平板.jpg,/mnt/data/decoded2/需要获取数据与不需要获数据原文件/需要获取的图片正文数据/数码网报价单-0825更新/手机相关/华为平板.jpg,1,0.995,visual_0825_vs_0831_pixel_crosscheck_and_header_structure
20260825-730aa3582b2b17a11715-01,2026-08-25,平板,device,华为,平板,M6平板10.8寸 WiFi+4G,,,开机屏坏,110,元/台,,image_first_visual_crosscheck_high_similarity,华为平板.jpg,/mnt/data/decoded2/需要获取数据与不需要获数据原文件/需要获取的图片正文数据/数码网报价单-0825更新/手机相关/华为平板.jpg,1,0.995,visual_0825_vs_0831_pixel_crosscheck_and_header_structure
20260825-1d05fef6082b528aa575-01,2026-08-25,平板,device,华为,平板,M6平板10.8寸 WiFi+4G,,,不开机,70,元/台,,image_first_visual_crosscheck_high_similarity,华为平板.jpg,/mnt/data/decoded2/需要获取数据与不需要获数据原文件/需要获取的图片正文数据/数码网报价单-0825更新/手机相关/华为平板.jpg,1,0.995,visual_0825_vs_0831_pixel_crosscheck_and_header_structure
20260825-9f2feb6c7719cd9ec87b-01,2026-08-25,平板,device,华为,平板,M6平板10.8寸 WiFi+4G,,,废板-整机,70,元/台,,image_first_visual_crosscheck_high_similarity,华为平板.jpg,/mnt/data/decoded2/需要获取数据与不需要获数据原文件/需要获取的图片正文数据/数码网报价单-0825更新/手机相关/华为平板.jpg,1,0.995,visual_0825_vs_0831_pixel_crosscheck_and_header_structure
20260825-9058621bd9ce46435564-01,2026-08-25,平板,device,华为,平板,M6平板10.8寸WiFi版,,,开机屏好,110,元/台,,image_first_visual_crosscheck_high_similarity,华为平板.jpg,/mnt/data/decoded2/需要获取数据与不需要获数据原文件/需要获取的图片正文数据/数码网报价单-0825更新/手机相关/华为平板.jpg,1,0.995,visual_0825_vs_0831_pixel_crosscheck_and_header_structure
20260825-f5dd732d56fdf5334876-01,2026-08-25,平板,device,华为,平板,M6平板10.8寸WiFi版,,,开机屏坏,110,元/台,,image_first_visual_crosscheck_high_similarity,华为平板.jpg,/mnt/data/decoded2/需要获取数据与不需要获数据原文件/需要获取的图片正文数据/数码网报价单-0825更新/手机相关/华为平板.jpg,1,0.995,visual_0825_vs_0831_pixel_crosscheck_and_header_structure
20260825-5712e28e512cbb689191-01,2026-08-25,平板,device,华为,平板,M6平板10.8寸WiFi版,,,不开机,70,元/台,,image_first_visual_crosscheck_high_similarity,华为平板.jpg,/mnt/data/decoded2/需要获取数据与不需要获数据原文件/需要获取的图片正文数据/数码网报价单-0825更新/手机相关/华为平板.jpg,1,0.995,visual_0825_vs_0831_pixel_crosscheck_and_header_structure
20260825-d78566494c0698591dfd-01,2026-08-25,平板,device,华为,平板,M6平板10.8寸WiFi版,,,废板-整机,70,元/台,,image_first_visual_crosscheck_high_similarity,华为平板.jpg,/mnt/data/decoded2/需要获取数据与不需要获数据原文件/需要获取的图片正文数据/数码网报价单-0825更新/手机相关/华为平板.jpg,1,0.995,visual_0825_vs_0831_pixel_crosscheck_and_header_structure
20260825-6b89a5c08454da3b34c4-01,2026-08-25,平板,device,华为,平板,M6平板10.8寸插卡版,,,开机屏好,110,元/台,,image_first_visual_crosscheck_high_similarity,华为平板.jpg,/mnt/data/decoded2/需要获取数据与不需要获数据原文件/需要获取的图片正文数据/数码网报价单-0825更新/手机相关/华为平板.jpg,1,0.995,visual_0825_vs_0831_pixel_crosscheck_and_header_structure
20260825-48377bb002804f8f5f89-01,2026-08-25,平板,device,华为,平板,M6平板10.8寸插卡版,,,开机屏坏,110,元/台,,image_first_visual_crosscheck_high_similarity,华为平板.jpg,/mnt/data/decoded2/需要获取数据与不需要获数据原文件/需要获取的图片正文数据/数码网报价单-0825更新/手机相关/华为平板.jpg,1,0.995,visual_0825_vs_0831_pixel_crosscheck_and_header_structure
20260825-e63c3810d243ec61878a-01,2026-08-25,平板,device,华为,平板,M6平板10.8寸插卡版,,,不开机,70,元/台,,image_first_visual_crosscheck_high_similarity,华为平板.jpg,/mnt/data/decoded2/需要获取数据与不需要获数据原文件/需要获取的图片正文数据/数码网报价单-0825更新/手机相关/华为平板.jpg,1,0.995,visual_0825_vs_0831_pixel_crosscheck_and_header_structure
20260825-822a32e9397bc21d47f8-01,2026-08-25,平板,device,华为,平板,M6平板10.8寸插卡版,,,废板-整机,70,元/台,,image_first_visual_crosscheck_high_similarity,华为平板.jpg,/mnt/data/decoded2/需要获取数据与不需要获数据原文件/需要获取的图片正文数据/数码网报价单-0825更新/手机相关/华为平板.jpg,1,0.995,visual_0825_vs_0831_pixel_crosscheck_and_header_structure
20260825-03dcdad9d4ed07ae86ff-01,2026-08-25,平板,device,华为,平板,M6平板8.4寸WiFi版,,,开机屏好,80,元/台,,image_first_visual_crosscheck_high_similarity,华为平板.jpg,/mnt/data/decoded2/需要获取数据与不需要获数据原文件/需要获取的图片正文数据/数码网报价单-0825更新/手机相关/华为平板.jpg,1,0.995,visual_0825_vs_0831_pixel_crosscheck_and_header_structure
20260825-f7cd356a6c2a72137596-01,2026-08-25,平板,device,华为,平板,M6平板8.4寸WiFi版,,,开机屏坏,80,元/台,,image_first_visual_crosscheck_high_similarity,华为平板.jpg,/mnt/data/decoded2/需要获取数据与不需要获数据原文件/需要获取的图片正文数据/数码网报价单-0825更新/手机相关/华为平板.jpg,1,0.995,visual_0825_vs_0831_pixel_crosscheck_and_header_structure
20260825-37b03188dc4037e65592-01,2026-08-25,平板,device,华为,平板,M6平板8.4寸WiFi版,,,不开机,70,元/台,,image_first_visual_crosscheck_high_similarity,华为平板.jpg,/mnt/data/decoded2/需要获取数据与不需要获数据原文件/需要获取的图片正文数据/数码网报价单-0825更新/手机相关/华为平板.jpg,1,0.995,visual_0825_vs_0831_pixel_crosscheck_and_header_structure
20260825-5f9a3ba8806ec9d1c0f7-01,2026-08-25,平板,device,华为,平板,M6平板8.4寸WiFi版,,,废板-整机,70,元/台,,image_first_visual_crosscheck_high_similarity,华为平板.jpg,/mnt/data/decoded2/需要获取数据与不需要获数据原文件/需要获取的图片正文数据/数码网报价单-0825更新/手机相关/华为平板.jpg,1,0.995,visual_0825_vs_0831_pixel_crosscheck_and_header_structure
20260825-a10e14390dea49dd3990-01,2026-08-25,平板,device,华为,平板,M6平板8.4寸插卡版,,,开机屏好,80,元/台,,image_first_visual_crosscheck_high_similarity,华为平板.jpg,/mnt/data/decoded2/需要获取数据与不需要获数据原文件/需要获取的图片正文数据/数码网报价单-0825更新/手机相关/华为平板.jpg,1,0.995,visual_0825_vs_0831_pixel_crosscheck_and_header_structure
20260825-a2a5f131018de0551153-01,2026-08-25,平板,device,华为,平板,M6平板8.4寸插卡版,,,开机屏坏,80,元/台,,image_first_visual_crosscheck_high_similarity,华为平板.jpg,/mnt/data/decoded2/需要获取数据与不需要获数据原文件/需要获取的图片正文数据/数码网报价单-0825更新/手机相关/华为平板.jpg,1,0.995,visual_0825_vs_0831_pixel_crosscheck_and_header_structure
20260825-276bd6eb6a9bb6a397d7-01,2026-08-25,平板,device,华为,平板,M6平板8.4寸插卡版,,,不开机,70,元/台,,image_first_visual_crosscheck_high_similarity,华为平板.jpg,/mnt/data/decoded2/需要获取数据与不需要获数据原文件/需要获取的图片正文数据/数码网报价单-0825更新/手机相关/华为平板.jpg,1,0.995,visual_0825_vs_0831_pixel_crosscheck_and_header_structure
20260825-0f24eade5bbb4792e793-01,2026-08-25,平板,device,华为,平板,M6平板8.4寸插卡版,,,废板-整机,70,元/台,,image_first_visual_crosscheck_high_similarity,华为平板.jpg,/mnt/data/decoded2/需要获取数据与不需要获数据原文件/需要获取的图片正文数据/数码网报价单-0825更新/手机相关/华为平板.jpg,1,0.995,visual_0825_vs_0831_pixel_crosscheck_and_header_structure
20260825-f3dd77c388a3aede4732-01,2026-08-25,平板,device,华为,平板,M5 Pro平板10.8寸WiFi,,,开机屏好,70,元/台,,image_first_visual_crosscheck_high_similarity,华为平板.jpg,/mnt/data/decoded2/需要获取数据与不需要获数据原文件/需要获取的图片正文数据/数码网报价单-0825更新/手机相关/华为平板.jpg,1,0.995,visual_0825_vs_0831_pixel_crosscheck_and_header_structure
20260825-fd4b6c2263ecd637431f-01,2026-08-25,平板,device,华为,平板,M5 Pro平板10.8寸WiFi,,,开机屏坏,70,元/台,,image_first_visual_crosscheck_high_similarity,华为平板.jpg,/mnt/data/decoded2/需要获取数据与不需要获数据原文件/需要获取的图片正文数据/数码网报价单-0825更新/手机相关/华为平板.jpg,1,0.995,visual_0825_vs_0831_pixel_crosscheck_and_header_structure
20260825-d8c69cbc03c61226d193-01,2026-08-25,平板,device,华为,平板,M5 Pro平板10.8寸WiFi,,,不开机,70,元/台,,image_first_visual_crosscheck_high_similarity,华为平板.jpg,/mnt/data/decoded2/需要获取数据与不需要获数据原文件/需要获取的图片正文数据/数码网报价单-0825更新/手机相关/华为平板.jpg,1,0.995,visual_0825_vs_0831_pixel_crosscheck_and_header_structure
20260825-121547918bfe520f40f3-01,2026-08-25,平板,device,华为,平板,M5 Pro平板10.8寸WiFi,,,废板-整机,70,元/台,,image_first_visual_crosscheck_high_similarity,华为平板.jpg,/mnt/data/decoded2/需要获取数据与不需要获数据原文件/需要获取的图片正文数据/数码网报价单-0825更新/手机相关/华为平板.jpg,1,0.995,visual_0825_vs_0831_pixel_crosscheck_and_header_structure
20260825-187d13b7a4908477de02-01,2026-08-25,平板,device,华为,平板,M5 Pro平板10.8寸WiFi+4G,,,开机屏好,70,元/台,,image_first_visual_crosscheck_high_similarity,华为平板.jpg,/mnt/data/decoded2/需要获取数据与不需要获数据原文件/需要获取的图片正文数据/数码网报价单-0825更新/手机相关/华为平板.jpg,1,0.995,visual_0825_vs_0831_pixel_crosscheck_and_header_structure
20260825-698348f5471af4d30ab5-01,2026-08-25,平板,device,华为,平板,M5 Pro平板10.8寸WiFi+4G,,,开机屏坏,70,元/台,,image_first_visual_crosscheck_high_similarity,华为平板.jpg,/mnt/data/decoded2/需要获取数据与不需要获数据原文件/需要获取的图片正文数据/数码网报价单-0825更新/手机相关/华为平板.jpg,1,0.995,visual_0825_vs_0831_pixel_crosscheck_and_header_structure
20260825-465f0ab78af0653c3f6f-01,2026-08-25,平板,device,华为,平板,M5 Pro平板10.8寸WiFi+4G,,,不开机,70,元/台,,image_first_visual_crosscheck_high_similarity,华为平板.jpg,/mnt/data/decoded2/需要获取数据与不需要获数据原文件/需要获取的图片正文数据/数码网报价单-0825更新/手机相关/华为平板.jpg,1,0.995,visual_0825_vs_0831_pixel_crosscheck_and_header_structure
20260825-79ada681d88556dc5d04-01,2026-08-25,平板,device,华为,平板,M5 Pro平板10.8寸WiFi+4G,,,废板-整机,70,元/台,,image_first_visual_crosscheck_high_similarity,华为平板.jpg,/mnt/data/decoded2/需要获取数据与不需要获数据原文件/需要获取的图片正文数据/数码网报价单-0825更新/手机相关/华为平板.jpg,1,0.995,visual_0825_vs_0831_pixel_crosscheck_and_header_structure
20260825-33380cbb1004d42d8983-01,2026-08-25,平板,device,华为,平板,M5平板10.8寸WiFi+4G,,,开机屏好,70,元/台,,image_first_visual_crosscheck_high_similarity,华为平板.jpg,/mnt/data/decoded2/需要获取数据与不需要获数据原文件/需要获取的图片正文数据/数码网报价单-0825更新/手机相关/华为平板.jpg,1,0.995,visual_0825_vs_0831_pixel_crosscheck_and_header_structure
20260825-f16ab1e5dec474326c2b-01,2026-08-25,平板,device,华为,平板,M5平板10.8寸WiFi+4G,,,开机屏坏,70,元/台,,image_first_visual_crosscheck_high_similarity,华为平板.jpg,/mnt/data/decoded2/需要获取数据与不需要获数据原文件/需要获取的图片正文数据/数码网报价单-0825更新/手机相关/华为平板.jpg,1,0.995,visual_0825_vs_0831_pixel_crosscheck_and_header_structure
20260825-3ae2ac067ed546f60780-01,2026-08-25,平板,device,华为,平板,M5平板10.8寸WiFi+4G,,,不开机,70,元/台,,image_first_visual_crosscheck_high_similarity,华为平板.jpg,/mnt/data/decoded2/需要获取数据与不需要获数据原文件/需要获取的图片正文数据/数码网报价单-0825更新/手机相关/华为平板.jpg,1,0.995,visual_0825_vs_0831_pixel_crosscheck_and_header_structure
20260825-6b3b54a2b21e1beea243-01,2026-08-25,平板,device,华为,平板,M5平板10.8寸WiFi+4G,,,废板-整机,70,元/台,,image_first_visual_crosscheck_high_similarity,华为平板.jpg,/mnt/data/decoded2/需要获取数据与不需要获数据原文件/需要获取的图片正文数据/数码网报价单-0825更新/手机相关/华为平板.jpg,1,0.995,visual_0825_vs_0831_pixel_crosscheck_and_header_structure
20260825-613687b14821e8bf4efe-01,2026-08-25,平板,device,华为,平板,M5平板8.4寸WiFi+4G,,,开机屏好,50,元/台,,image_first_visual_crosscheck_high_similarity,华为平板.jpg,/mnt/data/decoded2/需要获取数据与不需要获数据原文件/需要获取的图片正文数据/数码网报价单-0825更新/手机相关/华为平板.jpg,1,0.995,visual_0825_vs_0831_pixel_crosscheck_and_header_structure
20260825-afaf9439c12609d16072-01,2026-08-25,平板,device,华为,平板,M5平板8.4寸WiFi+4G,,,开机屏坏,50,元/台,,image_first_visual_crosscheck_high_similarity,华为平板.jpg,/mnt/data/decoded2/需要获取数据与不需要获数据原文件/需要获取的图片正文数据/数码网报价单-0825更新/手机相关/华为平板.jpg,1,0.995,visual_0825_vs_0831_pixel_crosscheck_and_header_structure
20260825-a02afcd743fd8ca124ec-01,2026-08-25,平板,device,华为,平板,M5平板8.4寸WiFi+4G,,,不开机,50,元/台,,image_first_visual_crosscheck_high_similarity,华为平板.jpg,/mnt/data/decoded2/需要获取数据与不需要获数据原文件/需要获取的图片正文数据/数码网报价单-0825更新/手机相关/华为平板.jpg,1,0.995,visual_0825_vs_0831_pixel_crosscheck_and_header_structure
20260825-2eb02f92911deda4d7b0-01,2026-08-25,平板,device,华为,平板,M5平板8.4寸WiFi+4G,,,废板-整机,50,元/台,,image_first_visual_crosscheck_high_similarity,华为平板.jpg,/mnt/data/decoded2/需要获取数据与不需要获数据原文件/需要获取的图片正文数据/数码网报价单-0825更新/手机相关/华为平板.jpg,1,0.995,visual_0825_vs_0831_pixel_crosscheck_and_header_structure
20260825-d403e662ec4ac975ad07-01,2026-08-25,平板,device,华为,平板,M5青春版10.1寸WiFi,,,开机屏好,70,元/台,,image_first_visual_crosscheck_high_similarity,华为平板.jpg,/mnt/data/decoded2/需要获取数据与不需要获数据原文件/需要获取的图片正文数据/数码网报价单-0825更新/手机相关/华为平板.jpg,1,0.995,visual_0825_vs_0831_pixel_crosscheck_and_header_structure
20260825-9c3e69351c5af5687055-01,2026-08-25,平板,device,华为,平板,M5青春版10.1寸WiFi,,,开机屏坏,70,元/台,,image_first_visual_crosscheck_high_similarity,华为平板.jpg,/mnt/data/decoded2/需要获取数据与不需要获数据原文件/需要获取的图片正文数据/数码网报价单-0825更新/手机相关/华为平板.jpg,1,0.995,visual_0825_vs_0831_pixel_crosscheck_and_header_structure
20260825-daac7b343fde55620453-01,2026-08-25,平板,device,华为,平板,M5青春版10.1寸WiFi,,,不开机,70,元/台,,image_first_visual_crosscheck_high_similarity,华为平板.jpg,/mnt/data/decoded2/需要获取数据与不需要获数据原文件/需要获取的图片正文数据/数码网报价单-0825更新/手机相关/华为平板.jpg,1,0.995,visual_0825_vs_0831_pixel_crosscheck_and_header_structure
20260825-34af57eb65f12c83a5f7-01,2026-08-25,平板,device,华为,平板,M5青春版10.1寸WiFi,,,废板-整机,70,元/台,,image_first_visual_crosscheck_high_similarity,华为平板.jpg,/mnt/data/decoded2/需要获取数据与不需要获数据原文件/需要获取的图片正文数据/数码网报价单-0825更新/手机相关/华为平板.jpg,1,0.995,visual_0825_vs_0831_pixel_crosscheck_and_header_structure
20260825-eb90d564cc95d2cd2696-01,2026-08-25,平板,device,华为,平板,M5青春版10.1寸WiFi+4G,,,开机屏好,70,元/台,,image_first_visual_crosscheck_high_similarity,华为平板.jpg,/mnt/data/decoded2/需要获取数据与不需要获数据原文件/需要获取的图片正文数据/数码网报价单-0825更新/手机相关/华为平板.jpg,1,0.995,visual_0825_vs_0831_pixel_crosscheck_and_header_structure
20260825-af099540e68196c67daa-01,2026-08-25,平板,device,华为,平板,M5青春版10.1寸WiFi+4G,,,开机屏坏,70,元/台,,image_first_visual_crosscheck_high_similarity,华为平板.jpg,/mnt/data/decoded2/需要获取数据与不需要获数据原文件/需要获取的图片正文数据/数码网报价单-0825更新/手机相关/华为平板.jpg,1,0.995,visual_0825_vs_0831_pixel_crosscheck_and_header_structure
20260825-95536d5e927faaf9e063-01,2026-08-25,平板,device,华为,平板,M5青春版10.1寸WiFi+4G,,,不开机,70,元/台,,image_first_visual_crosscheck_high_similarity,华为平板.jpg,/mnt/data/decoded2/需要获取数据与不需要获数据原文件/需要获取的图片正文数据/数码网报价单-0825更新/手机相关/华为平板.jpg,1,0.995,visual_0825_vs_0831_pixel_crosscheck_and_header_structure
20260825-83807d3c4499b150b614-01,2026-08-25,平板,device,华为,平板,M5青春版10.1寸WiFi+4G,,,废板-整机,70,元/台,,image_first_visual_crosscheck_high_similarity,华为平板.jpg,/mnt/data/decoded2/需要获取数据与不需要获数据原文件/需要获取的图片正文数据/数码网报价单-0825更新/手机相关/华为平板.jpg,1,0.995,visual_0825_vs_0831_pixel_crosscheck_and_header_structure
20260825-bbd7c64dadef1230c1fa-01,2026-08-25,平板,device,华为,平板,M5青春版8寸WiFi,,,开机屏好,110,元/台,,image_first_visual_crosscheck_high_similarity,华为平板.jpg,/mnt/data/decoded2/需要获取数据与不需要获数据原文件/需要获取的图片正文数据/数码网报价单-0825更新/手机相关/华为平板.jpg,1,0.995,visual_0825_vs_0831_pixel_crosscheck_and_header_structure
20260825-5e6bfb7b41c02ae97ca6-01,2026-08-25,平板,device,华为,平板,M5青春版8寸WiFi,,,开机屏坏,110,元/台,,image_first_visual_crosscheck_high_similarity,华为平板.jpg,/mnt/data/decoded2/需要获取数据与不需要获数据原文件/需要获取的图片正文数据/数码网报价单-0825更新/手机相关/华为平板.jpg,1,0.995,visual_0825_vs_0831_pixel_crosscheck_and_header_structure
20260825-5d28016a06216e5cfbd9-01,2026-08-25,平板,device,华为,平板,M5青春版8寸WiFi,,,不开机,110,元/台,,image_first_visual_crosscheck_high_similarity,华为平板.jpg,/mnt/data/decoded2/需要获取数据与不需要获数据原文件/需要获取的图片正文数据/数码网报价单-0825更新/手机相关/华为平板.jpg,1,0.995,visual_0825_vs_0831_pixel_crosscheck_and_header_structure
20260825-6061ef217c62932edaf4-01,2026-08-25,平板,device,华为,平板,M5青春版8寸WiFi,,,废板-整机,110,元/台,,image_first_visual_crosscheck_high_similarity,华为平板.jpg,/mnt/data/decoded2/需要获取数据与不需要获数据原文件/需要获取的图片正文数据/数码网报价单-0825更新/手机相关/华为平板.jpg,1,0.995,visual_0825_vs_0831_pixel_crosscheck_and_header_structure
20260825-c8c98dc9f652ef6b56cf-01,2026-08-25,平板,device,华为,平板,M5青春版8寸WiFi+4G,,,开机屏好,110,元/台,,image_first_visual_crosscheck_high_similarity,华为平板.jpg,/mnt/data/decoded2/需要获取数据与不需要获数据原文件/需要获取的图片正文数据/数码网报价单-0825更新/手机相关/华为平板.jpg,1,0.995,visual_0825_vs_0831_pixel_crosscheck_and_header_structure
20260825-8464c27e2cd7d92ac00e-01,2026-08-25,平板,device,华为,平板,M5青春版8寸WiFi+4G,,,开机屏坏,110,元/台,,image_first_visual_crosscheck_high_similarity,华为平板.jpg,/mnt/data/decoded2/需要获取数据与不需要获数据原文件/需要获取的图片正文数据/数码网报价单-0825更新/手机相关/华为平板.jpg,1,0.995,visual_0825_vs_0831_pixel_crosscheck_and_header_structure
20260825-835416919751f44314ca-01,2026-08-25,平板,device,华为,平板,M5青春版8寸WiFi+4G,,,不开机,110,元/台,,image_first_visual_crosscheck_high_similarity,华为平板.jpg,/mnt/data/decoded2/需要获取数据与不需要获数据原文件/需要获取的图片正文数据/数码网报价单-0825更新/手机相关/华为平板.jpg,1,0.995,visual_0825_vs_0831_pixel_crosscheck_and_header_structure
20260825-2c627f89fc41f45b84a9-01,2026-08-25,平板,device,华为,平板,M5青春版8寸WiFi+4G,,,废板-整机,110,元/台,,image_first_visual_crosscheck_high_similarity,华为平板.jpg,/mnt/data/decoded2/需要获取数据与不需要获数据原文件/需要获取的图片正文数据/数码网报价单-0825更新/手机相关/华为平板.jpg,1,0.995,visual_0825_vs_0831_pixel_crosscheck_and_header_structure
20260825-8f0e7bcce95cae1aad71-01,2026-08-25,平板,device,华为,平板,M3平板8.4寸WiFi+4G,,,开机屏好,45,元/台,,image_first_visual_crosscheck_high_similarity,华为平板.jpg,/mnt/data/decoded2/需要获取数据与不需要获数据原文件/需要获取的图片正文数据/数码网报价单-0825更新/手机相关/华为平板.jpg,1,0.995,visual_0825_vs_0831_pixel_crosscheck_and_header_structure
20260825-928db53794d22d358372-01,2026-08-25,平板,device,华为,平板,M3平板8.4寸WiFi+4G,,,开机屏坏,45,元/台,,image_first_visual_crosscheck_high_similarity,华为平板.jpg,/mnt/data/decoded2/需要获取数据与不需要获数据原文件/需要获取的图片正文数据/数码网报价单-0825更新/手机相关/华为平板.jpg,1,0.995,visual_0825_vs_0831_pixel_crosscheck_and_header_structure
20260825-eb0d787e7bee71a478d8-01,2026-08-25,平板,device,华为,平板,M3平板8.4寸WiFi+4G,,,不开机,45,元/台,,image_first_visual_crosscheck_high_similarity,华为平板.jpg,/mnt/data/decoded2/需要获取数据与不需要获数据原文件/需要获取的图片正文数据/数码网报价单-0825更新/手机相关/华为平板.jpg,1,0.995,visual_0825_vs_0831_pixel_crosscheck_and_header_structure
20260825-f109755b2f3a58dd98db-01,2026-08-25,平板,device,华为,平板,M3平板8.4寸WiFi+4G,,,废板-整机,45,元/台,,image_first_visual_crosscheck_high_similarity,华为平板.jpg,/mnt/data/decoded2/需要获取数据与不需要获数据原文件/需要获取的图片正文数据/数码网报价单-0825更新/手机相关/华为平板.jpg,1,0.995,visual_0825_vs_0831_pixel_crosscheck_and_header_structure
20260825-c5296531f8a954472173-01,2026-08-25,平板,device,华为,平板,M3青春10.1寸,,,开机屏好,40,元/台,,image_first_visual_crosscheck_high_similarity,华为平板.jpg,/mnt/data/decoded2/需要获取数据与不需要获数据原文件/需要获取的图片正文数据/数码网报价单-0825更新/手机相关/华为平板.jpg,1,0.995,visual_0825_vs_0831_pixel_crosscheck_and_header_structure
20260825-be11c0ea54e6d0544a78-01,2026-08-25,平板,device,华为,平板,M3青春10.1寸,,,开机屏坏,40,元/台,,image_first_visual_crosscheck_high_similarity,华为平板.jpg,/mnt/data/decoded2/需要获取数据与不需要获数据原文件/需要获取的图片正文数据/数码网报价单-0825更新/手机相关/华为平板.jpg,1,0.995,visual_0825_vs_0831_pixel_crosscheck_and_header_structure
20260825-0ad254e332af77bf2dbc-01,2026-08-25,平板,device,华为,平板,M3青春10.1寸,,,不开机,40,元/台,,image_first_visual_crosscheck_high_similarity,华为平板.jpg,/mnt/data/decoded2/需要获取数据与不需要获数据原文件/需要获取的图片正文数据/数码网报价单-0825更新/手机相关/华为平板.jpg,1,0.995,visual_0825_vs_0831_pixel_crosscheck_and_header_structure
20260825-7a34071a80dfe223bd2b-01,2026-08-25,平板,device,华为,平板,M3青春10.1寸,,,废板-整机,40,元/台,,image_first_visual_crosscheck_high_similarity,华为平板.jpg,/mnt/data/decoded2/需要获取数据与不需要获数据原文件/需要获取的图片正文数据/数码网报价单-0825更新/手机相关/华为平板.jpg,1,0.995,visual_0825_vs_0831_pixel_crosscheck_and_header_structure
20260825-697b2aa82a1476fd7d37-01,2026-08-25,平板,device,华为,平板,M3青春WiFi+4G,,,开机屏好,40,元/台,,image_first_visual_crosscheck_high_similarity,华为平板.jpg,/mnt/data/decoded2/需要获取数据与不需要获数据原文件/需要获取的图片正文数据/数码网报价单-0825更新/手机相关/华为平板.jpg,1,0.995,visual_0825_vs_0831_pixel_crosscheck_and_header_structure
20260825-6667a8baff8f2cbe54ff-01,2026-08-25,平板,device,华为,平板,M3青春WiFi+4G,,,开机屏坏,40,元/台,,image_first_visual_crosscheck_high_similarity,华为平板.jpg,/mnt/data/decoded2/需要获取数据与不需要获数据原文件/需要获取的图片正文数据/数码网报价单-0825更新/手机相关/华为平板.jpg,1,0.995,visual_0825_vs_0831_pixel_crosscheck_and_header_structure
20260825-95a55cc9a491e1e85259-01,2026-08-25,平板,device,华为,平板,M3青春WiFi+4G,,,不开机,40,元/台,,image_first_visual_crosscheck_high_similarity,华为平板.jpg,/mnt/data/decoded2/需要获取数据与不需要获数据原文件/需要获取的图片正文数据/数码网报价单-0825更新/手机相关/华为平板.jpg,1,0.995,visual_0825_vs_0831_pixel_crosscheck_and_header_structure
20260825-8a4d3fb583f1f3f141a9-01,2026-08-25,平板,device,华为,平板,M3青春WiFi+4G,,,废板-整机,40,元/台,,image_first_visual_crosscheck_high_similarity,华为平板.jpg,/mnt/data/decoded2/需要获取数据与不需要获数据原文件/需要获取的图片正文数据/数码网报价单-0825更新/手机相关/华为平板.jpg,1,0.995,visual_0825_vs_0831_pixel_crosscheck_and_header_structure
20260825-b7e0518d9f2085d2946d-01,2026-08-25,平板,device,华为,平板,M3青春8寸WiFi版,,,开机屏好,35,元/台,,image_first_visual_crosscheck_high_similarity,华为平板.jpg,/mnt/data/decoded2/需要获取数据与不需要获数据原文件/需要获取的图片正文数据/数码网报价单-0825更新/手机相关/华为平板.jpg,1,0.995,visual_0825_vs_0831_pixel_crosscheck_and_header_structure
20260825-db8b1e8482a6fdd7a924-01,2026-08-25,平板,device,华为,平板,M3青春8寸WiFi版,,,开机屏坏,35,元/台,,image_first_visual_crosscheck_high_similarity,华为平板.jpg,/mnt/data/decoded2/需要获取数据与不需要获数据原文件/需要获取的图片正文数据/数码网报价单-0825更新/手机相关/华为平板.jpg,1,0.995,visual_0825_vs_0831_pixel_crosscheck_and_header_structure
20260825-fdfdcbe6d407a01f26a0-01,2026-08-25,平板,device,华为,平板,M3青春8寸WiFi版,,,不开机,35,元/台,,image_first_visual_crosscheck_high_similarity,华为平板.jpg,/mnt/data/decoded2/需要获取数据与不需要获数据原文件/需要获取的图片正文数据/数码网报价单-0825更新/手机相关/华为平板.jpg,1,0.995,visual_0825_vs_0831_pixel_crosscheck_and_header_structure
20260825-efa359570de4dbb7c0a6-01,2026-08-25,平板,device,华为,平板,M3青春8寸WiFi版,,,废板-整机,35,元/台,,image_first_visual_crosscheck_high_similarity,华为平板.jpg,/mnt/data/decoded2/需要获取数据与不需要获数据原文件/需要获取的图片正文数据/数码网报价单-0825更新/手机相关/华为平板.jpg,1,0.995,visual_0825_vs_0831_pixel_crosscheck_and_header_structure
20260825-7e110c20dfd357593643-01,2026-08-25,平板,device,华为,平板,M3青春8寸WiFi+4G,,,开机屏好,35,元/台,,image_first_visual_crosscheck_high_similarity,华为平板.jpg,/mnt/data/decoded2/需要获取数据与不需要获数据原文件/需要获取的图片正文数据/数码网报价单-0825更新/手机相关/华为平板.jpg,1,0.995,visual_0825_vs_0831_pixel_crosscheck_and_header_structure
20260825-4abc04ee52c500ff3db1-01,2026-08-25,平板,device,华为,平板,M3青春8寸WiFi+4G,,,开机屏坏,35,元/台,,image_first_visual_crosscheck_high_similarity,华为平板.jpg,/mnt/data/decoded2/需要获取数据与不需要获数据原文件/需要获取的图片正文数据/数码网报价单-0825更新/手机相关/华为平板.jpg,1,0.995,visual_0825_vs_0831_pixel_crosscheck_and_header_structure
20260825-0563eadc68df69377ea3-01,2026-08-25,平板,device,华为,平板,M3青春8寸WiFi+4G,,,不开机,35,元/台,,image_first_visual_crosscheck_high_similarity,华为平板.jpg,/mnt/data/decoded2/需要获取数据与不需要获数据原文件/需要获取的图片正文数据/数码网报价单-0825更新/手机相关/华为平板.jpg,1,0.995,visual_0825_vs_0831_pixel_crosscheck_and_header_structure
20260825-0597dc565a7111993e1b-01,2026-08-25,平板,device,华为,平板,M3青春8寸WiFi+4G,,,废板-整机,35,元/台,,image_first_visual_crosscheck_high_similarity,华为平板.jpg,/mnt/data/decoded2/需要获取数据与不需要获数据原文件/需要获取的图片正文数据/数码网报价单-0825更新/手机相关/华为平板.jpg,1,0.995,visual_0825_vs_0831_pixel_crosscheck_and_header_structure
20260825-2ee86ffffbd925b8f9c8-01,2026-08-25,平板,device,华为,平板,华为平板M2 10.1寸,,,开机屏好,30,元/台,,image_first_visual_crosscheck_high_similarity,华为平板.jpg,/mnt/data/decoded2/需要获取数据与不需要获数据原文件/需要获取的图片正文数据/数码网报价单-0825更新/手机相关/华为平板.jpg,1,0.995,visual_0825_vs_0831_pixel_crosscheck_and_header_structure
20260825-4280f91142daa1cc107a-01,2026-08-25,平板,device,华为,平板,华为平板M2 10.1寸,,,开机屏坏,30,元/台,,image_first_visual_crosscheck_high_similarity,华为平板.jpg,/mnt/data/decoded2/需要获取数据与不需要获数据原文件/需要获取的图片正文数据/数码网报价单-0825更新/手机相关/华为平板.jpg,1,0.995,visual_0825_vs_0831_pixel_crosscheck_and_header_structure
20260825-cb233642458007f5f006-01,2026-08-25,平板,device,华为,平板,华为平板M2 10.1寸,,,不开机,30,元/台,,image_first_visual_crosscheck_high_similarity,华为平板.jpg,/mnt/data/decoded2/需要获取数据与不需要获数据原文件/需要获取的图片正文数据/数码网报价单-0825更新/手机相关/华为平板.jpg,1,0.995,visual_0825_vs_0831_pixel_crosscheck_and_header_structure
20260825-fdbece47aaacf52f6eca-01,2026-08-25,平板,device,华为,平板,华为平板M2 10.1寸,,,废板-整机,30,元/台,,image_first_visual_crosscheck_high_similarity,华为平板.jpg,/mnt/data/decoded2/需要获取数据与不需要获数据原文件/需要获取的图片正文数据/数码网报价单-0825更新/手机相关/华为平板.jpg,1,0.995,visual_0825_vs_0831_pixel_crosscheck_and_header_structure
20260825-b2892b998994294a2259-01,2026-08-25,平板,device,华为,平板,华为平板M2 8寸,,,开机屏好,30,元/台,,image_first_visual_crosscheck_high_similarity,华为平板.jpg,/mnt/data/decoded2/需要获取数据与不需要获数据原文件/需要获取的图片正文数据/数码网报价单-0825更新/手机相关/华为平板.jpg,1,0.995,visual_0825_vs_0831_pixel_crosscheck_and_header_structure
20260825-dbd504241debf5702c5c-01,2026-08-25,平板,device,华为,平板,华为平板M2 8寸,,,开机屏坏,30,元/台,,image_first_visual_crosscheck_high_similarity,华为平板.jpg,/mnt/data/decoded2/需要获取数据与不需要获数据原文件/需要获取的图片正文数据/数码网报价单-0825更新/手机相关/华为平板.jpg,1,0.995,visual_0825_vs_0831_pixel_crosscheck_and_header_structure
20260825-4cab9f1caa093202464b-01,2026-08-25,平板,device,华为,平板,华为平板M2 8寸,,,不开机,30,元/台,,image_first_visual_crosscheck_high_similarity,华为平板.jpg,/mnt/data/decoded2/需要获取数据与不需要获数据原文件/需要获取的图片正文数据/数码网报价单-0825更新/手机相关/华为平板.jpg,1,0.995,visual_0825_vs_0831_pixel_crosscheck_and_header_structure
20260825-e4ea8d05e836e49a155d-01,2026-08-25,平板,device,华为,平板,华为平板M2 8寸,,,废板-整机,30,元/台,,image_first_visual_crosscheck_high_similarity,华为平板.jpg,/mnt/data/decoded2/需要获取数据与不需要获数据原文件/需要获取的图片正文数据/数码网报价单-0825更新/手机相关/华为平板.jpg,1,0.995,visual_0825_vs_0831_pixel_crosscheck_and_header_structure
20260825-e1176b204b6244921906-01,2026-08-25,平板,device,华为,平板,华为平板M2青春版10.1寸WiFi,,,开机屏好,30,元/台,,image_first_visual_crosscheck_high_similarity,华为平板.jpg,/mnt/data/decoded2/需要获取数据与不需要获数据原文件/需要获取的图片正文数据/数码网报价单-0825更新/手机相关/华为平板.jpg,1,0.995,visual_0825_vs_0831_pixel_crosscheck_and_header_structure
20260825-c2ad7db0633b376c61cc-01,2026-08-25,平板,device,华为,平板,华为平板M2青春版10.1寸WiFi,,,开机屏坏,30,元/台,,image_first_visual_crosscheck_high_similarity,华为平板.jpg,/mnt/data/decoded2/需要获取数据与不需要获数据原文件/需要获取的图片正文数据/数码网报价单-0825更新/手机相关/华为平板.jpg,1,0.995,visual_0825_vs_0831_pixel_crosscheck_and_header_structure
20260825-bfdb0079cd9047ff4d5f-01,2026-08-25,平板,device,华为,平板,华为平板M2青春版10.1寸WiFi,,,不开机,30,元/台,,image_first_visual_crosscheck_high_similarity,华为平板.jpg,/mnt/data/decoded2/需要获取数据与不需要获数据原文件/需要获取的图片正文数据/数码网报价单-0825更新/手机相关/华为平板.jpg,1,0.995,visual_0825_vs_0831_pixel_crosscheck_and_header_structure
20260825-d4c32c22befe275542a3-01,2026-08-25,平板,device,华为,平板,华为平板M2青春版10.1寸WiFi,,,废板-整机,30,元/台,,image_first_visual_crosscheck_high_similarity,华为平板.jpg,/mnt/data/decoded2/需要获取数据与不需要获数据原文件/需要获取的图片正文数据/数码网报价单-0825更新/手机相关/华为平板.jpg,1,0.995,visual_0825_vs_0831_pixel_crosscheck_and_header_structure
20260825-344eb11a606dce9afd86-01,2026-08-25,平板,device,华为,平板,华为平板M2青春10.1寸WiFi+4G,,,开机屏好,30,元/台,,image_first_visual_crosscheck_high_similarity,华为平板.jpg,/mnt/data/decoded2/需要获取数据与不需要获数据原文件/需要获取的图片正文数据/数码网报价单-0825更新/手机相关/华为平板.jpg,1,0.995,visual_0825_vs_0831_pixel_crosscheck_and_header_structure
20260825-82ed187c19fb90b15e40-01,2026-08-25,平板,device,华为,平板,华为平板M2青春10.1寸WiFi+4G,,,开机屏坏,30,元/台,,image_first_visual_crosscheck_high_similarity,华为平板.jpg,/mnt/data/decoded2/需要获取数据与不需要获数据原文件/需要获取的图片正文数据/数码网报价单-0825更新/手机相关/华为平板.jpg,1,0.995,visual_0825_vs_0831_pixel_crosscheck_and_header_structure
20260825-dea0c9b41c6192b36aaa-01,2026-08-25,平板,device,华为,平板,华为平板M2青春10.1寸WiFi+4G,,,不开机,30,元/台,,image_first_visual_crosscheck_high_similarity,华为平板.jpg,/mnt/data/decoded2/需要获取数据与不需要获数据原文件/需要获取的图片正文数据/数码网报价单-0825更新/手机相关/华为平板.jpg,1,0.995,visual_0825_vs_0831_pixel_crosscheck_and_header_structure
20260825-77e0305cda4fa96c2a71-01,2026-08-25,平板,device,华为,平板,华为平板M2青春10.1寸WiFi+4G,,,废板-整机,30,元/台,,image_first_visual_crosscheck_high_similarity,华为平板.jpg,/mnt/data/decoded2/需要获取数据与不需要获数据原文件/需要获取的图片正文数据/数码网报价单-0825更新/手机相关/华为平板.jpg,1,0.995,visual_0825_vs_0831_pixel_crosscheck_and_header_structure
20260825-8616375578b689e2e5d8-01,2026-08-25,平板,device,华为,平板,华为平板m1 8寸WIFI+4G,,,开机屏好,25,元/台,,image_first_visual_crosscheck_high_similarity,华为平板.jpg,/mnt/data/decoded2/需要获取数据与不需要获数据原文件/需要获取的图片正文数据/数码网报价单-0825更新/手机相关/华为平板.jpg,1,0.995,visual_0825_vs_0831_pixel_crosscheck_and_header_structure
20260825-9936c44fde79e5516ae3-01,2026-08-25,平板,device,华为,平板,华为平板m1 8寸WIFI+4G,,,开机屏坏,25,元/台,,image_first_visual_crosscheck_high_similarity,华为平板.jpg,/mnt/data/decoded2/需要获取数据与不需要获数据原文件/需要获取的图片正文数据/数码网报价单-0825更新/手机相关/华为平板.jpg,1,0.995,visual_0825_vs_0831_pixel_crosscheck_and_header_structure
20260825-97bfa24abd4922008050-01,2026-08-25,平板,device,华为,平板,华为平板m1 8寸WIFI+4G,,,不开机,25,元/台,,image_first_visual_crosscheck_high_similarity,华为平板.jpg,/mnt/data/decoded2/需要获取数据与不需要获数据原文件/需要获取的图片正文数据/数码网报价单-0825更新/手机相关/华为平板.jpg,1,0.995,visual_0825_vs_0831_pixel_crosscheck_and_header_structure
20260825-36a1b9f048dac7499417-01,2026-08-25,平板,device,华为,平板,华为平板m1 8寸WIFI+4G,,,废板-整机,25,元/台,,image_first_visual_crosscheck_high_similarity,华为平板.jpg,/mnt/data/decoded2/需要获取数据与不需要获数据原文件/需要获取的图片正文数据/数码网报价单-0825更新/手机相关/华为平板.jpg,1,0.995,visual_0825_vs_0831_pixel_crosscheck_and_header_structure
20260825-4522332821b67f9e0b58-01,2026-08-25,平板,device,华为,平板,C5平板22年10.4寸WIFI,,,开机屏好,130,元/台,,image_first_visual_crosscheck_high_similarity,华为平板.jpg,/mnt/data/decoded2/需要获取数据与不需要获数据原文件/需要获取的图片正文数据/数码网报价单-0825更新/手机相关/华为平板.jpg,1,0.995,visual_0825_vs_0831_pixel_crosscheck_and_header_structure
20260825-5a8de18e5d3537bdf1a5-01,2026-08-25,平板,device,华为,平板,C5平板22年10.4寸WIFI,,,开机屏坏,130,元/台,,image_first_visual_crosscheck_high_similarity,华为平板.jpg,/mnt/data/decoded2/需要获取数据与不需要获数据原文件/需要获取的图片正文数据/数码网报价单-0825更新/手机相关/华为平板.jpg,1,0.995,visual_0825_vs_0831_pixel_crosscheck_and_header_structure
20260825-f4e7abd296c31e728fe9-01,2026-08-25,平板,device,华为,平板,C5平板22年10.4寸WIFI,,,不开机,130,元/台,,image_first_visual_crosscheck_high_similarity,华为平板.jpg,/mnt/data/decoded2/需要获取数据与不需要获数据原文件/需要获取的图片正文数据/数码网报价单-0825更新/手机相关/华为平板.jpg,1,0.995,visual_0825_vs_0831_pixel_crosscheck_and_header_structure
20260825-6a2d1c56bbb7b2549d53-01,2026-08-25,平板,device,华为,平板,C5平板22年10.4寸WIFI,,,废板-整机,60,元/台,,image_first_visual_crosscheck_high_similarity,华为平板.jpg,/mnt/data/decoded2/需要获取数据与不需要获数据原文件/需要获取的图片正文数据/数码网报价单-0825更新/手机相关/华为平板.jpg,1,0.995,visual_0825_vs_0831_pixel_crosscheck_and_header_structure
20260825-e053d90b6c7f87f90a9a-01,2026-08-25,平板,device,华为,平板,C5平板22年10.4寸WiFi+4G,,,开机屏好,130,元/台,,image_first_visual_crosscheck_high_similarity,华为平板.jpg,/mnt/data/decoded2/需要获取数据与不需要获数据原文件/需要获取的图片正文数据/数码网报价单-0825更新/手机相关/华为平板.jpg,1,0.995,visual_0825_vs_0831_pixel_crosscheck_and_header_structure
20260825-483e7fa7bd7e6e427c04-01,2026-08-25,平板,device,华为,平板,C5平板22年10.4寸WiFi+4G,,,开机屏坏,130,元/台,,image_first_visual_crosscheck_high_similarity,华为平板.jpg,/mnt/data/decoded2/需要获取数据与不需要获数据原文件/需要获取的图片正文数据/数码网报价单-0825更新/手机相关/华为平板.jpg,1,0.995,visual_0825_vs_0831_pixel_crosscheck_and_header_structure
20260825-79b7de38f14b39e4bd53-01,2026-08-25,平板,device,华为,平板,C5平板22年10.4寸WiFi+4G,,,不开机,130,元/台,,image_first_visual_crosscheck_high_similarity,华为平板.jpg,/mnt/data/decoded2/需要获取数据与不需要获数据原文件/需要获取的图片正文数据/数码网报价单-0825更新/手机相关/华为平板.jpg,1,0.995,visual_0825_vs_0831_pixel_crosscheck_and_header_structure
20260825-f279b722a5fdb1ab4eae-01,2026-08-25,平板,device,华为,平板,C5平板22年10.4寸WiFi+4G,,,废板-整机,70,元/台,,image_first_visual_crosscheck_high_similarity,华为平板.jpg,/mnt/data/decoded2/需要获取数据与不需要获数据原文件/需要获取的图片正文数据/数码网报价单-0825更新/手机相关/华为平板.jpg,1,0.995,visual_0825_vs_0831_pixel_crosscheck_and_header_structure
20260825-e0b3e3ed4f0b4a8b7bcd-01,2026-08-25,平板,device,华为,平板,C5平板20年10.4寸WiFi,,,开机屏好,120,元/台,,image_first_visual_crosscheck_high_similarity,华为平板.jpg,/mnt/data/decoded2/需要获取数据与不需要获数据原文件/需要获取的图片正文数据/数码网报价单-0825更新/手机相关/华为平板.jpg,1,0.995,visual_0825_vs_0831_pixel_crosscheck_and_header_structure
20260825-9959b57472e8d6ca35d6-01,2026-08-25,平板,device,华为,平板,C5平板20年10.4寸WiFi,,,开机屏坏,120,元/台,,image_first_visual_crosscheck_high_similarity,华为平板.jpg,/mnt/data/decoded2/需要获取数据与不需要获数据原文件/需要获取的图片正文数据/数码网报价单-0825更新/手机相关/华为平板.jpg,1,0.995,visual_0825_vs_0831_pixel_crosscheck_and_header_structure
20260825-b6eebe6aa70cb23f19f9-01,2026-08-25,平板,device,华为,平板,C5平板20年10.4寸WiFi,,,不开机,70,元/台,,image_first_visual_crosscheck_high_similarity,华为平板.jpg,/mnt/data/decoded2/需要获取数据与不需要获数据原文件/需要获取的图片正文数据/数码网报价单-0825更新/手机相关/华为平板.jpg,1,0.995,visual_0825_vs_0831_pixel_crosscheck_and_header_structure
20260825-aed272d02c16dd2dbab8-01,2026-08-25,平板,device,华为,平板,C5平板20年10.4寸WiFi,,,废板-整机,70,元/台,,image_first_visual_crosscheck_high_similarity,华为平板.jpg,/mnt/data/decoded2/需要获取数据与不需要获数据原文件/需要获取的图片正文数据/数码网报价单-0825更新/手机相关/华为平板.jpg,1,0.995,visual_0825_vs_0831_pixel_crosscheck_and_header_structure
20260825-07937b0bc174dd7b5438-01,2026-08-25,平板,device,华为,平板,C5平板20年10.4寸WiFi+4G,,,开机屏好,120,元/台,,image_first_visual_crosscheck_high_similarity,华为平板.jpg,/mnt/data/decoded2/需要获取数据与不需要获数据原文件/需要获取的图片正文数据/数码网报价单-0825更新/手机相关/华为平板.jpg,1,0.995,visual_0825_vs_0831_pixel_crosscheck_and_header_structure
20260825-cc93f4dc3c846f3ec9f3-01,2026-08-25,平板,device,华为,平板,C5平板20年10.4寸WiFi+4G,,,开机屏坏,120,元/台,,image_first_visual_crosscheck_high_similarity,华为平板.jpg,/mnt/data/decoded2/需要获取数据与不需要获数据原文件/需要获取的图片正文数据/数码网报价单-0825更新/手机相关/华为平板.jpg,1,0.995,visual_0825_vs_0831_pixel_crosscheck_and_header_structure
20260825-178df3936ac0569d70fd-01,2026-08-25,平板,device,华为,平板,C5平板20年10.4寸WiFi+4G,,,不开机,70,元/台,,image_first_visual_crosscheck_high_similarity,华为平板.jpg,/mnt/data/decoded2/需要获取数据与不需要获数据原文件/需要获取的图片正文数据/数码网报价单-0825更新/手机相关/华为平板.jpg,1,0.995,visual_0825_vs_0831_pixel_crosscheck_and_header_structure
20260825-e241e13ec724730f0723-01,2026-08-25,平板,device,华为,平板,C5平板20年10.4寸WiFi+4G,,,废板-整机,70,元/台,,image_first_visual_crosscheck_high_similarity,华为平板.jpg,/mnt/data/decoded2/需要获取数据与不需要获数据原文件/需要获取的图片正文数据/数码网报价单-0825更新/手机相关/华为平板.jpg,1,0.995,visual_0825_vs_0831_pixel_crosscheck_and_header_structure
20260825-fb9a3e1a203152980319-01,2026-08-25,平板,device,华为,平板,C5平板18年10.1寸WiFi,,,开机屏好,35,元/台,,image_first_visual_crosscheck_high_similarity,华为平板.jpg,/mnt/data/decoded2/需要获取数据与不需要获数据原文件/需要获取的图片正文数据/数码网报价单-0825更新/手机相关/华为平板.jpg,1,0.995,visual_0825_vs_0831_pixel_crosscheck_and_header_structure
20260825-aae205baf88a18016ad6-01,2026-08-25,平板,device,华为,平板,C5平板18年10.1寸WiFi,,,开机屏坏,35,元/台,,image_first_visual_crosscheck_high_similarity,华为平板.jpg,/mnt/data/decoded2/需要获取数据与不需要获数据原文件/需要获取的图片正文数据/数码网报价单-0825更新/手机相关/华为平板.jpg,1,0.995,visual_0825_vs_0831_pixel_crosscheck_and_header_structure
20260825-efd4bd05899f59614269-01,2026-08-25,平板,device,华为,平板,C5平板18年10.1寸WiFi,,,不开机,35,元/台,,image_first_visual_crosscheck_high_similarity,华为平板.jpg,/mnt/data/decoded2/需要获取数据与不需要获数据原文件/需要获取的图片正文数据/数码网报价单-0825更新/手机相关/华为平板.jpg,1,0.995,visual_0825_vs_0831_pixel_crosscheck_and_header_structure
20260825-9bdaba08d7021c2db9b9-01,2026-08-25,平板,device,华为,平板,C5平板18年10.1寸WiFi,,,废板-整机,35,元/台,,image_first_visual_crosscheck_high_similarity,华为平板.jpg,/mnt/data/decoded2/需要获取数据与不需要获数据原文件/需要获取的图片正文数据/数码网报价单-0825更新/手机相关/华为平板.jpg,1,0.995,visual_0825_vs_0831_pixel_crosscheck_and_header_structure
20260825-e5cfe469ee30d80cb995-01,2026-08-25,平板,device,华为,平板,C5平板18年10.1寸WiFi+4G,,,开机屏好,35,元/台,,image_first_visual_crosscheck_high_similarity,华为平板.jpg,/mnt/data/decoded2/需要获取数据与不需要获数据原文件/需要获取的图片正文数据/数码网报价单-0825更新/手机相关/华为平板.jpg,1,0.995,visual_0825_vs_0831_pixel_crosscheck_and_header_structure
20260825-ab1350d9de6a8b9bac5b-01,2026-08-25,平板,device,华为,平板,C5平板18年10.1寸WiFi+4G,,,开机屏坏,35,元/台,,image_first_visual_crosscheck_high_similarity,华为平板.jpg,/mnt/data/decoded2/需要获取数据与不需要获数据原文件/需要获取的图片正文数据/数码网报价单-0825更新/手机相关/华为平板.jpg,1,0.995,visual_0825_vs_0831_pixel_crosscheck_and_header_structure
20260825-8c9e80dceb12df7ab6af-01,2026-08-25,平板,device,华为,平板,C5平板18年10.1寸WiFi+4G,,,不开机,35,元/台,,image_first_visual_crosscheck_high_similarity,华为平板.jpg,/mnt/data/decoded2/需要获取数据与不需要获数据原文件/需要获取的图片正文数据/数码网报价单-0825更新/手机相关/华为平板.jpg,1,0.995,visual_0825_vs_0831_pixel_crosscheck_and_header_structure
20260825-4e73feb992b7e4a8c411-01,2026-08-25,平板,device,华为,平板,C5平板18年10.1寸WiFi+4G,,,废板-整机,35,元/台,,image_first_visual_crosscheck_high_similarity,华为平板.jpg,/mnt/data/decoded2/需要获取数据与不需要获数据原文件/需要获取的图片正文数据/数码网报价单-0825更新/手机相关/华为平板.jpg,1,0.995,visual_0825_vs_0831_pixel_crosscheck_and_header_structure
20260825-074391a3ec5a1216b0d0-01,2026-08-25,平板,device,华为,平板,华为平板C5 8寸,,,开机屏好,25,元/台,,image_first_visual_crosscheck_high_similarity,华为平板.jpg,/mnt/data/decoded2/需要获取数据与不需要获数据原文件/需要获取的图片正文数据/数码网报价单-0825更新/手机相关/华为平板.jpg,1,0.995,visual_0825_vs_0831_pixel_crosscheck_and_header_structure
20260825-0e03474c2a8095c715e0-01,2026-08-25,平板,device,华为,平板,华为平板C5 8寸,,,开机屏坏,25,元/台,,image_first_visual_crosscheck_high_similarity,华为平板.jpg,/mnt/data/decoded2/需要获取数据与不需要获数据原文件/需要获取的图片正文数据/数码网报价单-0825更新/手机相关/华为平板.jpg,1,0.995,visual_0825_vs_0831_pixel_crosscheck_and_header_structure
20260825-f8607f96abac338ecaaa-01,2026-08-25,平板,device,华为,平板,华为平板C5 8寸,,,不开机,25,元/台,,image_first_visual_crosscheck_high_similarity,华为平板.jpg,/mnt/data/decoded2/需要获取数据与不需要获数据原文件/需要获取的图片正文数据/数码网报价单-0825更新/手机相关/华为平板.jpg,1,0.995,visual_0825_vs_0831_pixel_crosscheck_and_header_structure
20260825-11c71e88bbc051b5cfef-01,2026-08-25,平板,device,华为,平板,华为平板C5 8寸,,,废板-整机,25,元/台,,image_first_visual_crosscheck_high_similarity,华为平板.jpg,/mnt/data/decoded2/需要获取数据与不需要获数据原文件/需要获取的图片正文数据/数码网报价单-0825更新/手机相关/华为平板.jpg,1,0.995,visual_0825_vs_0831_pixel_crosscheck_and_header_structure
20260825-21a246a1362263bfd414-01,2026-08-25,平板,device,华为,平板,华为平板C3,,,开机屏好,35,元/台,,image_first_visual_crosscheck_high_similarity,华为平板.jpg,/mnt/data/decoded2/需要获取数据与不需要获数据原文件/需要获取的图片正文数据/数码网报价单-0825更新/手机相关/华为平板.jpg,1,0.995,visual_0825_vs_0831_pixel_crosscheck_and_header_structure
20260825-fae1b1456ad524c5906f-01,2026-08-25,平板,device,华为,平板,华为平板C3,,,开机屏坏,35,元/台,,image_first_visual_crosscheck_high_similarity,华为平板.jpg,/mnt/data/decoded2/需要获取数据与不需要获数据原文件/需要获取的图片正文数据/数码网报价单-0825更新/手机相关/华为平板.jpg,1,0.995,visual_0825_vs_0831_pixel_crosscheck_and_header_structure
20260825-f73e33c1ff04e5dcbb2c-01,2026-08-25,平板,device,华为,平板,华为平板C3,,,不开机,35,元/台,,image_first_visual_crosscheck_high_similarity,华为平板.jpg,/mnt/data/decoded2/需要获取数据与不需要获数据原文件/需要获取的图片正文数据/数码网报价单-0825更新/手机相关/华为平板.jpg,1,0.995,visual_0825_vs_0831_pixel_crosscheck_and_header_structure
20260825-48c8565712ff30d35910-01,2026-08-25,平板,device,华为,平板,华为平板C3,,,废板-整机,35,元/台,,image_first_visual_crosscheck_high_similarity,华为平板.jpg,/mnt/data/decoded2/需要获取数据与不需要获数据原文件/需要获取的图片正文数据/数码网报价单-0825更新/手机相关/华为平板.jpg,1,0.995,visual_0825_vs_0831_pixel_crosscheck_and_header_structure
20260825-50afb23bdcb9c358d82c-01,2026-08-25,平板,device,华为,平板,华为畅享平板2,,,开机屏好,130,元/台,,image_first_visual_crosscheck_high_similarity,华为平板.jpg,/mnt/data/decoded2/需要获取数据与不需要获数据原文件/需要获取的图片正文数据/数码网报价单-0825更新/手机相关/华为平板.jpg,1,0.995,visual_0825_vs_0831_pixel_crosscheck_and_header_structure
20260825-dfbd043b05f00bf7e092-01,2026-08-25,平板,device,华为,平板,华为畅享平板2,,,开机屏坏,130,元/台,,image_first_visual_crosscheck_high_similarity,华为平板.jpg,/mnt/data/decoded2/需要获取数据与不需要获数据原文件/需要获取的图片正文数据/数码网报价单-0825更新/手机相关/华为平板.jpg,1,0.995,visual_0825_vs_0831_pixel_crosscheck_and_header_structure
20260825-a1269ed8aa790478b787-01,2026-08-25,平板,device,华为,平板,华为畅享平板2,,,不开机,130,元/台,,image_first_visual_crosscheck_high_similarity,华为平板.jpg,/mnt/data/decoded2/需要获取数据与不需要获数据原文件/需要获取的图片正文数据/数码网报价单-0825更新/手机相关/华为平板.jpg,1,0.995,visual_0825_vs_0831_pixel_crosscheck_and_header_structure
20260825-009cb6f638d2bca18c29-01,2026-08-25,平板,device,华为,平板,华为畅享平板2,,,废板-整机,138,元/台,,image_first_visual_crosscheck_high_similarity,华为平板.jpg,/mnt/data/decoded2/需要获取数据与不需要获数据原文件/需要获取的图片正文数据/数码网报价单-0825更新/手机相关/华为平板.jpg,1,0.995,visual_0825_vs_0831_pixel_crosscheck_and_header_structure
20260825-20f18dbfba7997c81a50-01,2026-08-25,平板,device,华为,平板,华为畅享平板(金色),,,开机屏好,110,元/台,,image_first_visual_crosscheck_high_similarity,华为平板.jpg,/mnt/data/decoded2/需要获取数据与不需要获数据原文件/需要获取的图片正文数据/数码网报价单-0825更新/手机相关/华为平板.jpg,1,0.995,visual_0825_vs_0831_pixel_crosscheck_and_header_structure
20260825-a859ce3fa5742b13e7df-01,2026-08-25,平板,device,华为,平板,华为畅享平板(金色),,,开机屏坏,110,元/台,,image_first_visual_crosscheck_high_similarity,华为平板.jpg,/mnt/data/decoded2/需要获取数据与不需要获数据原文件/需要获取的图片正文数据/数码网报价单-0825更新/手机相关/华为平板.jpg,1,0.995,visual_0825_vs_0831_pixel_crosscheck_and_header_structure
20260825-80c81a5b732441d53a8b-01,2026-08-25,平板,device,华为,平板,华为畅享平板(金色),,,不开机,110,元/台,,image_first_visual_crosscheck_high_similarity,华为平板.jpg,/mnt/data/decoded2/需要获取数据与不需要获数据原文件/需要获取的图片正文数据/数码网报价单-0825更新/手机相关/华为平板.jpg,1,0.995,visual_0825_vs_0831_pixel_crosscheck_and_header_structure
20260825-32195642ce39482342d3-01,2026-08-25,平板,device,华为,平板,华为畅享平板(金色),,,废板-整机,110,元/台,,image_first_visual_crosscheck_high_similarity,华为平板.jpg,/mnt/data/decoded2/需要获取数据与不需要获数据原文件/需要获取的图片正文数据/数码网报价单-0825更新/手机相关/华为平板.jpg,1,0.995,visual_0825_vs_0831_pixel_crosscheck_and_header_structure
20260825-634b69173cdbd05f764a-01,2026-08-25,平板,device,华为,平板,华为畅享平板(黑色),,,开机屏好,45,元/台,,image_first_visual_crosscheck_high_similarity,华为平板.jpg,/mnt/data/decoded2/需要获取数据与不需要获数据原文件/需要获取的图片正文数据/数码网报价单-0825更新/手机相关/华为平板.jpg,1,0.995,visual_0825_vs_0831_pixel_crosscheck_and_header_structure
20260825-af4c884658ee3b5a4292-01,2026-08-25,平板,device,华为,平板,华为畅享平板(黑色),,,开机屏坏,45,元/台,,image_first_visual_crosscheck_high_similarity,华为平板.jpg,/mnt/data/decoded2/需要获取数据与不需要获数据原文件/需要获取的图片正文数据/数码网报价单-0825更新/手机相关/华为平板.jpg,1,0.995,visual_0825_vs_0831_pixel_crosscheck_and_header_structure
20260825-b8b144d97a9ef3e3d706-01,2026-08-25,平板,device,华为,平板,华为畅享平板(黑色),,,不开机,45,元/台,,image_first_visual_crosscheck_high_similarity,华为平板.jpg,/mnt/data/decoded2/需要获取数据与不需要获数据原文件/需要获取的图片正文数据/数码网报价单-0825更新/手机相关/华为平板.jpg,1,0.995,visual_0825_vs_0831_pixel_crosscheck_and_header_structure
20260825-5c6eb7d7da400653c3a1-01,2026-08-25,平板,device,华为,平板,华为畅享平板(黑色),,,废板-整机,45,元/台,,image_first_visual_crosscheck_high_similarity,华为平板.jpg,/mnt/data/decoded2/需要获取数据与不需要获数据原文件/需要获取的图片正文数据/数码网报价单-0825更新/手机相关/华为平板.jpg,1,0.995,visual_0825_vs_0831_pixel_crosscheck_and_header_structure
20260825-34c53bf307c69d4482eb-01,2026-08-25,平板,device,华为,平板,华为畅享平板,,,开机屏好,45,元/台,,image_first_visual_crosscheck_high_similarity,华为平板.jpg,/mnt/data/decoded2/需要获取数据与不需要获数据原文件/需要获取的图片正文数据/数码网报价单-0825更新/手机相关/华为平板.jpg,1,0.995,visual_0825_vs_0831_pixel_crosscheck_and_header_structure
20260825-3ab1eb97892ab5970202-01,2026-08-25,平板,device,华为,平板,华为畅享平板,,,开机屏坏,45,元/台,,image_first_visual_crosscheck_high_similarity,华为平板.jpg,/mnt/data/decoded2/需要获取数据与不需要获数据原文件/需要获取的图片正文数据/数码网报价单-0825更新/手机相关/华为平板.jpg,1,0.995,visual_0825_vs_0831_pixel_crosscheck_and_header_structure
20260825-1db56a89059794a77954-01,2026-08-25,平板,device,华为,平板,华为畅享平板,,,不开机,45,元/台,,image_first_visual_crosscheck_high_similarity,华为平板.jpg,/mnt/data/decoded2/需要获取数据与不需要获数据原文件/需要获取的图片正文数据/数码网报价单-0825更新/手机相关/华为平板.jpg,1,0.995,visual_0825_vs_0831_pixel_crosscheck_and_header_structure
20260825-97def811f01dc3837516-01,2026-08-25,平板,device,华为,平板,华为畅享平板,,,废板-整机,45,元/台,,image_first_visual_crosscheck_high_similarity,华为平板.jpg,/mnt/data/decoded2/需要获取数据与不需要获数据原文件/需要获取的图片正文数据/数码网报价单-0825更新/手机相关/华为平板.jpg,1,0.995,visual_0825_vs_0831_pixel_crosscheck_and_header_structure
20260825-2bbbc608f325ce9bf30b-01,2026-08-25,平板,device,华为,平板,华为MediaPad 7 Youth,,,开机屏好,25,元/台,,image_first_visual_crosscheck_high_similarity,华为平板.jpg,/mnt/data/decoded2/需要获取数据与不需要获数据原文件/需要获取的图片正文数据/数码网报价单-0825更新/手机相关/华为平板.jpg,1,0.995,visual_0825_vs_0831_pixel_crosscheck_and_header_structure
20260825-7bce259f4f75506ae143-01,2026-08-25,平板,device,华为,平板,华为MediaPad 7 Youth,,,开机屏坏,25,元/台,,image_first_visual_crosscheck_high_similarity,华为平板.jpg,/mnt/data/decoded2/需要获取数据与不需要获数据原文件/需要获取的图片正文数据/数码网报价单-0825更新/手机相关/华为平板.jpg,1,0.995,visual_0825_vs_0831_pixel_crosscheck_and_header_structure
20260825-a2cd814dffbd86ffb1e2-01,2026-08-25,平板,device,华为,平板,华为MediaPad 7 Youth,,,不开机,25,元/台,,image_first_visual_crosscheck_high_similarity,华为平板.jpg,/mnt/data/decoded2/需要获取数据与不需要获数据原文件/需要获取的图片正文数据/数码网报价单-0825更新/手机相关/华为平板.jpg,1,0.995,visual_0825_vs_0831_pixel_crosscheck_and_header_structure
20260825-c8b52a2fc1052a0c0f89-01,2026-08-25,平板,device,华为,平板,华为MediaPad 7 Youth,,,废板-整机,25,元/台,,image_first_visual_crosscheck_high_similarity,华为平板.jpg,/mnt/data/decoded2/需要获取数据与不需要获数据原文件/需要获取的图片正文数据/数码网报价单-0825更新/手机相关/华为平板.jpg,1,0.995,visual_0825_vs_0831_pixel_crosscheck_and_header_structure
20260825-1421df2ef5d07ea6b80d-01,2026-08-25,平板,device,华为,平板,华为MediaPad S7-301u,,,开机屏好,25,元/台,,image_first_visual_crosscheck_high_similarity,华为平板.jpg,/mnt/data/decoded2/需要获取数据与不需要获数据原文件/需要获取的图片正文数据/数码网报价单-0825更新/手机相关/华为平板.jpg,1,0.995,visual_0825_vs_0831_pixel_crosscheck_and_header_structure
20260825-2d14ef6acd822b7a2b26-01,2026-08-25,平板,device,华为,平板,华为MediaPad S7-301u,,,开机屏坏,25,元/台,,image_first_visual_crosscheck_high_similarity,华为平板.jpg,/mnt/data/decoded2/需要获取数据与不需要获数据原文件/需要获取的图片正文数据/数码网报价单-0825更新/手机相关/华为平板.jpg,1,0.995,visual_0825_vs_0831_pixel_crosscheck_and_header_structure
20260825-b2aa70f34852bdb23543-01,2026-08-25,平板,device,华为,平板,华为MediaPad S7-301u,,,不开机,25,元/台,,image_first_visual_crosscheck_high_similarity,华为平板.jpg,/mnt/data/decoded2/需要获取数据与不需要获数据原文件/需要获取的图片正文数据/数码网报价单-0825更新/手机相关/华为平板.jpg,1,0.995,visual_0825_vs_0831_pixel_crosscheck_and_header_structure
20260825-6470c0376da512aaf0aa-01,2026-08-25,平板,device,华为,平板,华为MediaPad S7-301u,,,废板-整机,25,元/台,,image_first_visual_crosscheck_high_similarity,华为平板.jpg,/mnt/data/decoded2/需要获取数据与不需要获数据原文件/需要获取的图片正文数据/数码网报价单-0825更新/手机相关/华为平板.jpg,1,0.995,visual_0825_vs_0831_pixel_crosscheck_and_header_structure
20260825-66608eec39a860458917-01,2026-08-25,平板,device,华为,平板,华为MediaPad,,,开机屏好,30,元/台,,image_first_visual_crosscheck_high_similarity,华为平板.jpg,/mnt/data/decoded2/需要获取数据与不需要获数据原文件/需要获取的图片正文数据/数码网报价单-0825更新/手机相关/华为平板.jpg,1,0.995,visual_0825_vs_0831_pixel_crosscheck_and_header_structure
20260825-1e8bae7bd487f691a635-01,2026-08-25,平板,device,华为,平板,华为MediaPad,,,开机屏坏,30,元/台,,image_first_visual_crosscheck_high_similarity,华为平板.jpg,/mnt/data/decoded2/需要获取数据与不需要获数据原文件/需要获取的图片正文数据/数码网报价单-0825更新/手机相关/华为平板.jpg,1,0.995,visual_0825_vs_0831_pixel_crosscheck_and_header_structure
20260825-fb7b2f9bfb540b275d39-01,2026-08-25,平板,device,华为,平板,华为MediaPad,,,不开机,30,元/台,,image_first_visual_crosscheck_high_similarity,华为平板.jpg,/mnt/data/decoded2/需要获取数据与不需要获数据原文件/需要获取的图片正文数据/数码网报价单-0825更新/手机相关/华为平板.jpg,1,0.995,visual_0825_vs_0831_pixel_crosscheck_and_header_structure
20260825-42082ba569ce6790febd-01,2026-08-25,平板,device,华为,平板,华为MediaPad,,,废板-整机,30,元/台,,image_first_visual_crosscheck_high_similarity,华为平板.jpg,/mnt/data/decoded2/需要获取数据与不需要获数据原文件/需要获取的图片正文数据/数码网报价单-0825更新/手机相关/华为平板.jpg,1,0.995,visual_0825_vs_0831_pixel_crosscheck_and_header_structure
20260825-279c80865ac2ef2ff3c5-01,2026-08-25,平板,device,华为,平板,华为MediaPad 10,,,开机屏好,30,元/台,,image_first_visual_crosscheck_high_similarity,华为平板.jpg,/mnt/data/decoded2/需要获取数据与不需要获数据原文件/需要获取的图片正文数据/数码网报价单-0825更新/手机相关/华为平板.jpg,1,0.995,visual_0825_vs_0831_pixel_crosscheck_and_header_structure
20260825-b2af69e13cb3bf8ada4d-01,2026-08-25,平板,device,华为,平板,华为MediaPad 10,,,开机屏坏,30,元/台,,image_first_visual_crosscheck_high_similarity,华为平板.jpg,/mnt/data/decoded2/需要获取数据与不需要获数据原文件/需要获取的图片正文数据/数码网报价单-0825更新/手机相关/华为平板.jpg,1,0.995,visual_0825_vs_0831_pixel_crosscheck_and_header_structure
20260825-9dfe5c2f58ec16e580f0-01,2026-08-25,平板,device,华为,平板,华为MediaPad 10,,,不开机,30,元/台,,image_first_visual_crosscheck_high_similarity,华为平板.jpg,/mnt/data/decoded2/需要获取数据与不需要获数据原文件/需要获取的图片正文数据/数码网报价单-0825更新/手机相关/华为平板.jpg,1,0.995,visual_0825_vs_0831_pixel_crosscheck_and_header_structure
20260825-d9a054f44038dbd04896-01,2026-08-25,平板,device,华为,平板,华为MediaPad 10,,,废板-整机,30,元/台,,image_first_visual_crosscheck_high_similarity,华为平板.jpg,/mnt/data/decoded2/需要获取数据与不需要获数据原文件/需要获取的图片正文数据/数码网报价单-0825更新/手机相关/华为平板.jpg,1,0.995,visual_0825_vs_0831_pixel_crosscheck_and_header_structure
20260825-fbbecc379db0124f6126-01,2026-08-25,平板,device,华为,平板,HOL,,,开机屏好,35,元/台,,image_first_visual_crosscheck_high_similarity,华为平板.jpg,/mnt/data/decoded2/需要获取数据与不需要获数据原文件/需要获取的图片正文数据/数码网报价单-0825更新/手机相关/华为平板.jpg,1,0.995,visual_0825_vs_0831_pixel_crosscheck_and_header_structure
20260825-3afe3b5723e36a12dc92-01,2026-08-25,平板,device,华为,平板,HOL,,,开机屏坏,35,元/台,,image_first_visual_crosscheck_high_similarity,华为平板.jpg,/mnt/data/decoded2/需要获取数据与不需要获数据原文件/需要获取的图片正文数据/数码网报价单-0825更新/手机相关/华为平板.jpg,1,0.995,visual_0825_vs_0831_pixel_crosscheck_and_header_structure
20260825-a9db07390e90a483fa8c-01,2026-08-25,平板,device,华为,平板,HOL,,,不开机,35,元/台,,image_first_visual_crosscheck_high_similarity,华为平板.jpg,/mnt/data/decoded2/需要获取数据与不需要获数据原文件/需要获取的图片正文数据/数码网报价单-0825更新/手机相关/华为平板.jpg,1,0.995,visual_0825_vs_0831_pixel_crosscheck_and_header_structure
20260825-29849ca486565cd12eb2-01,2026-08-25,平板,device,华为,平板,HOL,,,废板-整机,35,元/台,,image_first_visual_crosscheck_high_similarity,华为平板.jpg,/mnt/data/decoded2/需要获取数据与不需要获数据原文件/需要获取的图片正文数据/数码网报价单-0825更新/手机相关/华为平板.jpg,1,0.995,visual_0825_vs_0831_pixel_crosscheck_and_header_structure
20260825-12d6073d76cb276ce80a-01,2026-08-25,平板,device,华为,平板,CAV,,,开机屏好,25,元/台,,image_first_visual_crosscheck_high_similarity,华为平板.jpg,/mnt/data/decoded2/需要获取数据与不需要获数据原文件/需要获取的图片正文数据/数码网报价单-0825更新/手机相关/华为平板.jpg,1,0.995,visual_0825_vs_0831_pixel_crosscheck_and_header_structure
20260825-e40c9135620739c9fdaf-01,2026-08-25,平板,device,华为,平板,CAV,,,开机屏坏,25,元/台,,image_first_visual_crosscheck_high_similarity,华为平板.jpg,/mnt/data/decoded2/需要获取数据与不需要获数据原文件/需要获取的图片正文数据/数码网报价单-0825更新/手机相关/华为平板.jpg,1,0.995,visual_0825_vs_0831_pixel_crosscheck_and_header_structure
20260825-b1f62b1729799fa9b9d1-01,2026-08-25,平板,device,华为,平板,CAV,,,不开机,25,元/台,,image_first_visual_crosscheck_high_similarity,华为平板.jpg,/mnt/data/decoded2/需要获取数据与不需要获数据原文件/需要获取的图片正文数据/数码网报价单-0825更新/手机相关/华为平板.jpg,1,0.995,visual_0825_vs_0831_pixel_crosscheck_and_header_structure
20260825-96ca781c38fb53b1dfcd-01,2026-08-25,平板,device,华为,平板,CAV,,,废板-整机,25,元/台,,image_first_visual_crosscheck_high_similarity,华为平板.jpg,/mnt/data/decoded2/需要获取数据与不需要获数据原文件/需要获取的图片正文数据/数码网报价单-0825更新/手机相关/华为平板.jpg,1,0.995,visual_0825_vs_0831_pixel_crosscheck_and_header_structure
20260825-0aabaa6c95cc6d781553-01,2026-08-25,平板,device,华为,平板,华为T3平板,,,开机屏好,30,元/台,,image_first_visual_crosscheck_high_similarity,华为平板.jpg,/mnt/data/decoded2/需要获取数据与不需要获数据原文件/需要获取的图片正文数据/数码网报价单-0825更新/手机相关/华为平板.jpg,1,0.995,visual_0825_vs_0831_pixel_crosscheck_and_header_structure
20260825-bc34ea58c141f85901c0-01,2026-08-25,平板,device,华为,平板,华为T3平板,,,开机屏坏,30,元/台,,image_first_visual_crosscheck_high_similarity,华为平板.jpg,/mnt/data/decoded2/需要获取数据与不需要获数据原文件/需要获取的图片正文数据/数码网报价单-0825更新/手机相关/华为平板.jpg,1,0.995,visual_0825_vs_0831_pixel_crosscheck_and_header_structure
20260825-4f5eaefb8373713264af-01,2026-08-25,平板,device,华为,平板,华为T3平板,,,不开机,30,元/台,,image_first_visual_crosscheck_high_similarity,华为平板.jpg,/mnt/data/decoded2/需要获取数据与不需要获数据原文件/需要获取的图片正文数据/数码网报价单-0825更新/手机相关/华为平板.jpg,1,0.995,visual_0825_vs_0831_pixel_crosscheck_and_header_structure
20260825-26b01e8f42a56b33da6d-01,2026-08-25,平板,device,华为,平板,华为T3平板,,,废板-整机,30,元/台,,image_first_visual_crosscheck_high_similarity,华为平板.jpg,/mnt/data/decoded2/需要获取数据与不需要获数据原文件/需要获取的图片正文数据/数码网报价单-0825更新/手机相关/华为平板.jpg,1,0.995,visual_0825_vs_0831_pixel_crosscheck_and_header_structure
20260825-1e477b4e0e8e0485c6ef-01,2026-08-25,平板,device,华为,平板,7D-501L,,,开机屏好,30,元/台,,image_first_visual_crosscheck_high_similarity,华为平板.jpg,/mnt/data/decoded2/需要获取数据与不需要获数据原文件/需要获取的图片正文数据/数码网报价单-0825更新/手机相关/华为平板.jpg,1,0.995,visual_0825_vs_0831_pixel_crosscheck_and_header_structure
20260825-fc157aefe5ebb754a0ab-01,2026-08-25,平板,device,华为,平板,7D-501L,,,开机屏坏,30,元/台,,image_first_visual_crosscheck_high_similarity,华为平板.jpg,/mnt/data/decoded2/需要获取数据与不需要获数据原文件/需要获取的图片正文数据/数码网报价单-0825更新/手机相关/华为平板.jpg,1,0.995,visual_0825_vs_0831_pixel_crosscheck_and_header_structure
20260825-a14d6349a991b2bc5ba0-01,2026-08-25,平板,device,华为,平板,7D-501L,,,不开机,30,元/台,,image_first_visual_crosscheck_high_similarity,华为平板.jpg,/mnt/data/decoded2/需要获取数据与不需要获数据原文件/需要获取的图片正文数据/数码网报价单-0825更新/手机相关/华为平板.jpg,1,0.995,visual_0825_vs_0831_pixel_crosscheck_and_header_structure
20260825-1f1aa3507b7797b2624e-01,2026-08-25,平板,device,华为,平板,7D-501L,,,废板-整机,30,元/台,,image_first_visual_crosscheck_high_similarity,华为平板.jpg,/mnt/data/decoded2/需要获取数据与不需要获数据原文件/需要获取的图片正文数据/数码网报价单-0825更新/手机相关/华为平板.jpg,1,0.995,visual_0825_vs_0831_pixel_crosscheck_and_header_structure
20260825-79d3faa146b96930a5fe-01,2026-08-25,平板,device,华为,平板,KOS,,,开机屏好,35,元/台,,image_first_visual_crosscheck_high_similarity,华为平板.jpg,/mnt/data/decoded2/需要获取数据与不需要获数据原文件/需要获取的图片正文数据/数码网报价单-0825更新/手机相关/华为平板.jpg,1,0.995,visual_0825_vs_0831_pixel_crosscheck_and_header_structure
20260825-5ae4f4b9909555971ec4-01,2026-08-25,平板,device,华为,平板,KOS,,,开机屏坏,35,元/台,,image_first_visual_crosscheck_high_similarity,华为平板.jpg,/mnt/data/decoded2/需要获取数据与不需要获数据原文件/需要获取的图片正文数据/数码网报价单-0825更新/手机相关/华为平板.jpg,1,0.995,visual_0825_vs_0831_pixel_crosscheck_and_header_structure
20260825-3b79952b670e0f3b1747-01,2026-08-25,平板,device,华为,平板,KOS,,,不开机,35,元/台,,image_first_visual_crosscheck_high_similarity,华为平板.jpg,/mnt/data/decoded2/需要获取数据与不需要获数据原文件/需要获取的图片正文数据/数码网报价单-0825更新/手机相关/华为平板.jpg,1,0.995,visual_0825_vs_0831_pixel_crosscheck_and_header_structure
20260825-09135ef7983116381d89-01,2026-08-25,平板,device,华为,平板,KOS,,,废板-整机,35,元/台,,image_first_visual_crosscheck_high_similarity,华为平板.jpg,/mnt/data/decoded2/需要获取数据与不需要获数据原文件/需要获取的图片正文数据/数码网报价单-0825更新/手机相关/华为平板.jpg,1,0.995,visual_0825_vs_0831_pixel_crosscheck_and_header_structure
20260825-1cacb0a967e448474961-01,2026-08-25,平板,device,华为,平板,BOX,,,开机屏好,400,元/台,,image_first_visual_crosscheck_high_similarity,华为平板.jpg,/mnt/data/decoded2/需要获取数据与不需要获数据原文件/需要获取的图片正文数据/数码网报价单-0825更新/手机相关/华为平板.jpg,1,0.995,visual_0825_vs_0831_pixel_crosscheck_and_header_structure
20260825-da6831e8507fa9ce3955-01,2026-08-25,平板,device,华为,平板,BOX,,,开机屏坏,400,元/台,,image_first_visual_crosscheck_high_similarity,华为平板.jpg,/mnt/data/decoded2/需要获取数据与不需要获数据原文件/需要获取的图片正文数据/数码网报价单-0825更新/手机相关/华为平板.jpg,1,0.995,visual_0825_vs_0831_pixel_crosscheck_and_header_structure
20260825-71b8abb57bcde6c74c19-01,2026-08-25,平板,device,华为,平板,BOX,,,不开机,50,元/台,,image_first_visual_crosscheck_high_similarity,华为平板.jpg,/mnt/data/decoded2/需要获取数据与不需要获数据原文件/需要获取的图片正文数据/数码网报价单-0825更新/手机相关/华为平板.jpg,1,0.995,visual_0825_vs_0831_pixel_crosscheck_and_header_structure
20260825-6cf8512183f8d4c1f92d-01,2026-08-25,平板,device,华为,平板,BOX,,,废板-整机,50,元/台,,image_first_visual_crosscheck_high_similarity,华为平板.jpg,/mnt/data/decoded2/需要获取数据与不需要获数据原文件/需要获取的图片正文数据/数码网报价单-0825更新/手机相关/华为平板.jpg,1,0.995,visual_0825_vs_0831_pixel_crosscheck_and_header_structure
20260825-bcb0301e6e833450e6a1-01,2026-08-25,手机,device,华为/荣耀,,MATE X7,DEL-AL10,DEL-AL10,开机屏好,9000.0,元/台,,image_first_visual_crosscheck_0825,华为.jpg,/mnt/data/decoded2/需要获取数据与不需要获数据原文件/需要获取的图片正文数据/数码网报价单-0825更新/手机相关/华为.jpg,1,0.985,visual_0825_source_crosschecked
20260825-c803717881511c7a0567-01,2026-08-25,手机,device,华为/荣耀,,MATE X7,DEL-AL10,DEL-AL10,开机屏外屏坏,7000.0,元/台,,image_first_visual_crosscheck_0825,华为.jpg,/mnt/data/decoded2/需要获取数据与不需要获数据原文件/需要获取的图片正文数据/数码网报价单-0825更新/手机相关/华为.jpg,1,0.985,visual_0825_source_crosschecked
20260825-9175095caf63b32ec315-01,2026-08-25,手机,device,华为/荣耀,,MATE X7,DEL-AL10,DEL-AL10,开机屏内屏坏,4000.0,元/台,,image_first_visual_crosscheck_0825,华为.jpg,/mnt/data/decoded2/需要获取数据与不需要获数据原文件/需要获取的图片正文数据/数码网报价单-0825更新/手机相关/华为.jpg,1,0.985,visual_0825_source_crosschecked
20260825-8ea213ac134b77c09542-01,2026-08-25,手机,device,华为/荣耀,,MATE X7,DEL-AL10,DEL-AL10,开机屏坏,3000.0,元/台,,image_first_visual_crosscheck_0825,华为.jpg,/mnt/data/decoded2/需要获取数据与不需要获数据原文件/需要获取的图片正文数据/数码网报价单-0825更新/手机相关/华为.jpg,1,0.985,visual_0825_source_crosschecked
20260825-312e7eee0ac6faaf390a-01,2026-08-25,手机,device,华为/荣耀,,MATE X7,DEL-AL10,DEL-AL10,不开机,260.0,元/台,,image_first_visual_crosscheck_0825,华为.jpg,/mnt/data/decoded2/需要获取数据与不需要获数据原文件/需要获取的图片正文数据/数码网报价单-0825更新/手机相关/华为.jpg,1,0.985,visual_0825_source_crosschecked
20260825-1c53f332b262dd64af27-01,2026-08-25,手机,device,华为/荣耀,,MATE X7,DEL-AL10,DEL-AL10,废板-整机,150.0,元/台,,image_first_visual_crosscheck_0825,华为.jpg,/mnt/data/decoded2/需要获取数据与不需要获数据原文件/需要获取的图片正文数据/数码网报价单-0825更新/手机相关/华为.jpg,1,0.985,visual_0825_source_crosschecked
20260825-b851c44be2bd3eff6d9d-01,2026-08-25,手机,device,华为/荣耀,,MATE X5,ALT-AL10,ALT-AL10,开机屏好,3800.0,元/台,,image_first_visual_crosscheck_0825,华为.jpg,/mnt/data/decoded2/需要获取数据与不需要获数据原文件/需要获取的图片正文数据/数码网报价单-0825更新/手机相关/华为.jpg,1,0.985,visual_0825_source_crosschecked
20260825-14f188be79218bb753e8-01,2026-08-25,手机,device,华为/荣耀,,MATE X5,ALT-AL10,ALT-AL10,开机屏外屏坏,3000.0,元/台,,image_first_visual_crosscheck_0825,华为.jpg,/mnt/data/decoded2/需要获取数据与不需要获数据原文件/需要获取的图片正文数据/数码网报价单-0825更新/手机相关/华为.jpg,1,0.985,visual_0825_source_crosschecked
20260825-d9ccdab7f2b130a096d0-01,2026-08-25,手机,device,华为/荣耀,,MATE X5,ALT-AL10,ALT-AL10,开机屏内屏坏,1400.0,元/台,,image_first_visual_crosscheck_0825,华为.jpg,/mnt/data/decoded2/需要获取数据与不需要获数据原文件/需要获取的图片正文数据/数码网报价单-0825更新/手机相关/华为.jpg,1,0.985,visual_0825_source_crosschecked
20260825-3c95dab42f07bbadbf96-01,2026-08-25,手机,device,华为/荣耀,,MATE X5,ALT-AL10,ALT-AL10,开机屏坏,1200.0,元/台,,image_first_visual_crosscheck_0825,华为.jpg,/mnt/data/decoded2/需要获取数据与不需要获数据原文件/需要获取的图片正文数据/数码网报价单-0825更新/手机相关/华为.jpg,1,0.985,visual_0825_source_crosschecked
20260825-5421e073d5304e8954d5-01,2026-08-25,手机,device,华为/荣耀,,MATE X5,ALT-AL10,ALT-AL10,不开机,200.0,元/台,,image_first_visual_crosscheck_0825,华为.jpg,/mnt/data/decoded2/需要获取数据与不需要获数据原文件/需要获取的图片正文数据/数码网报价单-0825更新/手机相关/华为.jpg,1,0.985,visual_0825_source_crosschecked
20260825-4e0a7abffebf0c5c488c-01,2026-08-25,手机,device,华为/荣耀,,MATE X5,ALT-AL10,ALT-AL10,废板-整机,130.0,元/台,,image_first_visual_crosscheck_0825,华为.jpg,/mnt/data/decoded2/需要获取数据与不需要获数据原文件/需要获取的图片正文数据/数码网报价单-0825更新/手机相关/华为.jpg,1,0.985,visual_0825_source_crosschecked
20260825-1031c3bc48dfec344673-01,2026-08-25,手机,device,华为/荣耀,,MATE X3,ALT-AL00,ALT-AL00,开机屏好,1400.0,元/台,,image_first_visual_crosscheck_0825,华为.jpg,/mnt/data/decoded2/需要获取数据与不需要获数据原文件/需要获取的图片正文数据/数码网报价单-0825更新/手机相关/华为.jpg,1,0.985,visual_0825_source_crosschecked
20260825-0ef960e15e8390389b1c-01,2026-08-25,手机,device,华为/荣耀,,MATE X3,ALT-AL00,ALT-AL00,开机屏外屏坏,1100.0,元/台,,image_first_visual_crosscheck_0825,华为.jpg,/mnt/data/decoded2/需要获取数据与不需要获数据原文件/需要获取的图片正文数据/数码网报价单-0825更新/手机相关/华为.jpg,1,0.985,visual_0825_source_crosschecked
20260825-8116f91159d3910b6b45-01,2026-08-25,手机,device,华为/荣耀,,MATE X3,ALT-AL00,ALT-AL00,开机屏内屏坏,300.0,元/台,,image_first_visual_crosscheck_0825,华为.jpg,/mnt/data/decoded2/需要获取数据与不需要获数据原文件/需要获取的图片正文数据/数码网报价单-0825更新/手机相关/华为.jpg,1,0.985,visual_0825_source_crosschecked
20260825-a8f92086e3bcbe544699-01,2026-08-25,手机,device,华为/荣耀,,MATE X3,ALT-AL00,ALT-AL00,开机屏坏,300.0,元/台,,image_first_visual_crosscheck_0825,华为.jpg,/mnt/data/decoded2/需要获取数据与不需要获数据原文件/需要获取的图片正文数据/数码网报价单-0825更新/手机相关/华为.jpg,1,0.985,visual_0825_source_crosschecked
20260825-b8abb507443beaa4662b-01,2026-08-25,手机,device,华为/荣耀,,MATE X3,ALT-AL00,ALT-AL00,不开机,130.0,元/台,,image_first_visual_crosscheck_0825,华为.jpg,/mnt/data/decoded2/需要获取数据与不需要获数据原文件/需要获取的图片正文数据/数码网报价单-0825更新/手机相关/华为.jpg,1,0.985,visual_0825_source_crosschecked
20260825-afc53d3784a416334444-01,2026-08-25,手机,device,华为/荣耀,,MATE X3,ALT-AL00,ALT-AL00,废板-整机,130.0,元/台,,image_first_visual_crosscheck_0825,华为.jpg,/mnt/data/decoded2/需要获取数据与不需要获数据原文件/需要获取的图片正文数据/数码网报价单-0825更新/手机相关/华为.jpg,1,0.985,visual_0825_source_crosschecked
20260825-2acb12b7eb0cc7f091b2-01,2026-08-25,手机,device,华为/荣耀,,Mate X2 5G典藏版,TET-AN50,TET-AN50,开机屏好,1400.0,元/台,,image_first_visual_crosscheck_0825,华为.jpg,/mnt/data/decoded2/需要获取数据与不需要获数据原文件/需要获取的图片正文数据/数码网报价单-0825更新/手机相关/华为.jpg,1,0.985,visual_0825_source_crosschecked
20260825-73ff9421d16dce531c91-01,2026-08-25,手机,device,华为/荣耀,,Mate X2 5G典藏版,TET-AN50,TET-AN50,开机屏外屏坏,450.0,元/台,,image_first_visual_crosscheck_0825,华为.jpg,/mnt/data/decoded2/需要获取数据与不需要获数据原文件/需要获取的图片正文数据/数码网报价单-0825更新/手机相关/华为.jpg,1,0.985,visual_0825_source_crosschecked
20260825-ff1cb5447e8cbb1ae00f-01,2026-08-25,手机,device,华为/荣耀,,Mate X2 5G典藏版,TET-AN50,TET-AN50,开机屏内屏坏,800.0,元/台,,image_first_visual_crosscheck_0825,华为.jpg,/mnt/data/decoded2/需要获取数据与不需要获数据原文件/需要获取的图片正文数据/数码网报价单-0825更新/手机相关/华为.jpg,1,0.985,visual_0825_source_crosschecked
20260825-ca60e68b8edca6986c4d-01,2026-08-25,手机,device,华为/荣耀,,Mate X2 5G典藏版,TET-AN50,TET-AN50,开机屏坏,150.0,元/台,,image_first_visual_crosscheck_0825,华为.jpg,/mnt/data/decoded2/需要获取数据与不需要获数据原文件/需要获取的图片正文数据/数码网报价单-0825更新/手机相关/华为.jpg,1,0.985,visual_0825_source_crosschecked
20260825-8d2df79922e42959f5cd-01,2026-08-25,手机,device,华为/荣耀,,Mate X2 5G典藏版,TET-AN50,TET-AN50,不开机,150.0,元/台,,image_first_visual_crosscheck_0825,华为.jpg,/mnt/data/decoded2/需要获取数据与不需要获数据原文件/需要获取的图片正文数据/数码网报价单-0825更新/手机相关/华为.jpg,1,0.985,visual_0825_source_crosschecked
20260825-e4fc8bae23107253ddcf-01,2026-08-25,手机,device,华为/荣耀,,Mate X2 5G典藏版,TET-AN50,TET-AN50,废板-整机,150.0,元/台,,image_first_visual_crosscheck_0825,华为.jpg,/mnt/data/decoded2/需要获取数据与不需要获数据原文件/需要获取的图片正文数据/数码网报价单-0825更新/手机相关/华为.jpg,1,0.985,visual_0825_source_crosschecked
20260825-b2bce3ce0632130ff273-01,2026-08-25,手机,device,华为/荣耀,,Mate X2 5G,TET-AN00,TET-AN00,开机屏好,1200.0,元/台,,image_first_visual_crosscheck_0825,华为.jpg,/mnt/data/decoded2/需要获取数据与不需要获数据原文件/需要获取的图片正文数据/数码网报价单-0825更新/手机相关/华为.jpg,1,0.985,visual_0825_source_crosschecked
20260825-66a77fbaf6a8922f60ae-01,2026-08-25,手机,device,华为/荣耀,,Mate X2 5G,TET-AN00,TET-AN00,开机屏外屏坏,400.0,元/台,,image_first_visual_crosscheck_0825,华为.jpg,/mnt/data/decoded2/需要获取数据与不需要获数据原文件/需要获取的图片正文数据/数码网报价单-0825更新/手机相关/华为.jpg,1,0.985,visual_0825_source_crosschecked
20260825-133bee4f8b543e12a649-01,2026-08-25,手机,device,华为/荣耀,,Mate X2 5G,TET-AN00,TET-AN00,开机屏内屏坏,600.0,元/台,,image_first_visual_crosscheck_0825,华为.jpg,/mnt/data/decoded2/需要获取数据与不需要获数据原文件/需要获取的图片正文数据/数码网报价单-0825更新/手机相关/华为.jpg,1,0.985,visual_0825_source_crosschecked
20260825-278709f55b1dd4855467-01,2026-08-25,手机,device,华为/荣耀,,Mate X2 5G,TET-AN00,TET-AN00,开机屏坏,110.0,元/台,,image_first_visual_crosscheck_0825,华为.jpg,/mnt/data/decoded2/需要获取数据与不需要获数据原文件/需要获取的图片正文数据/数码网报价单-0825更新/手机相关/华为.jpg,1,0.985,visual_0825_source_crosschecked
20260825-e021f9fc1080c836083a-01,2026-08-25,手机,device,华为/荣耀,,Mate X2 5G,TET-AN00,TET-AN00,不开机,110.0,元/台,,image_first_visual_crosscheck_0825,华为.jpg,/mnt/data/decoded2/需要获取数据与不需要获数据原文件/需要获取的图片正文数据/数码网报价单-0825更新/手机相关/华为.jpg,1,0.985,visual_0825_source_crosschecked
20260825-18e9793017c5306a263a-01,2026-08-25,手机,device,华为/荣耀,,Mate X2 5G,TET-AN00,TET-AN00,废板-整机,110.0,元/台,,image_first_visual_crosscheck_0825,华为.jpg,/mnt/data/decoded2/需要获取数据与不需要获数据原文件/需要获取的图片正文数据/数码网报价单-0825更新/手机相关/华为.jpg,1,0.985,visual_0825_source_crosschecked
20260825-0ef0932f558956c77f63-01,2026-08-25,手机,device,华为/荣耀,,MATE XS2,PAL-AL00,PAL-AL00,开机屏好,500.0,元/台,,image_first_visual_crosscheck_0825,华为.jpg,/mnt/data/decoded2/需要获取数据与不需要获数据原文件/需要获取的图片正文数据/数码网报价单-0825更新/手机相关/华为.jpg,1,0.985,visual_0825_source_crosschecked
20260825-e208390c0b9b35423ca7-01,2026-08-25,手机,device,华为/荣耀,,MATE XS2,PAL-AL00,PAL-AL00,开机屏外屏坏,500.0,元/台,,image_first_visual_crosscheck_0825,华为.jpg,/mnt/data/decoded2/需要获取数据与不需要获数据原文件/需要获取的图片正文数据/数码网报价单-0825更新/手机相关/华为.jpg,1,0.985,visual_0825_source_crosschecked
20260825-9c9bc2b8f6dac9486b20-01,2026-08-25,手机,device,华为/荣耀,,MATE XS2,PAL-AL00,PAL-AL00,开机屏内屏坏,160.0,元/台,,image_first_visual_crosscheck_0825,华为.jpg,/mnt/data/decoded2/需要获取数据与不需要获数据原文件/需要获取的图片正文数据/数码网报价单-0825更新/手机相关/华为.jpg,1,0.985,visual_0825_source_crosschecked
20260825-ef181e89f7767e8c9235-01,2026-08-25,手机,device,华为/荣耀,,MATE XS2,PAL-AL00,PAL-AL00,开机屏坏,160.0,元/台,,image_first_visual_crosscheck_0825,华为.jpg,/mnt/data/decoded2/需要获取数据与不需要获数据原文件/需要获取的图片正文数据/数码网报价单-0825更新/手机相关/华为.jpg,1,0.985,visual_0825_source_crosschecked
20260825-1a04548764f061ee3c8d-01,2026-08-25,手机,device,华为/荣耀,,MATE XS2,PAL-AL00,PAL-AL00,不开机,160.0,元/台,,image_first_visual_crosscheck_0825,华为.jpg,/mnt/data/decoded2/需要获取数据与不需要获数据原文件/需要获取的图片正文数据/数码网报价单-0825更新/手机相关/华为.jpg,1,0.985,visual_0825_source_crosschecked
20260825-6dd270041a83c3cddbaa-01,2026-08-25,手机,device,华为/荣耀,,MATE XS2,PAL-AL00,PAL-AL00,废板-整机,160.0,元/台,,image_first_visual_crosscheck_0825,华为.jpg,/mnt/data/decoded2/需要获取数据与不需要获数据原文件/需要获取的图片正文数据/数码网报价单-0825更新/手机相关/华为.jpg,1,0.985,visual_0825_source_crosschecked
20260825-c06c31791bcacd71a06b-01,2026-08-25,手机,device,华为/荣耀,,MATE XS 5G,TAH-AN00M,TAH-AN00M,开机屏好,500.0,元/台,,image_first_visual_crosscheck_0825,华为.jpg,/mnt/data/decoded2/需要获取数据与不需要获数据原文件/需要获取的图片正文数据/数码网报价单-0825更新/手机相关/华为.jpg,1,0.985,visual_0825_source_crosschecked
20260825-a3c9b58658f822a1a935-01,2026-08-25,手机,device,华为/荣耀,,MATE XS 5G,TAH-AN00M,TAH-AN00M,开机屏外屏坏,500.0,元/台,,image_first_visual_crosscheck_0825,华为.jpg,/mnt/data/decoded2/需要获取数据与不需要获数据原文件/需要获取的图片正文数据/数码网报价单-0825更新/手机相关/华为.jpg,1,0.985,visual_0825_source_crosschecked
20260825-cd5c07246909d7ed62b9-01,2026-08-25,手机,device,华为/荣耀,,MATE XS 5G,TAH-AN00M,TAH-AN00M,开机屏内屏坏,130.0,元/台,,image_first_visual_crosscheck_0825,华为.jpg,/mnt/data/decoded2/需要获取数据与不需要获数据原文件/需要获取的图片正文数据/数码网报价单-0825更新/手机相关/华为.jpg,1,0.985,visual_0825_source_crosschecked
20260825-33d9b8543ced085ea6fb-01,2026-08-25,手机,device,华为/荣耀,,MATE XS 5G,TAH-AN00M,TAH-AN00M,开机屏坏,130.0,元/台,,image_first_visual_crosscheck_0825,华为.jpg,/mnt/data/decoded2/需要获取数据与不需要获数据原文件/需要获取的图片正文数据/数码网报价单-0825更新/手机相关/华为.jpg,1,0.985,visual_0825_source_crosschecked
20260825-7593c572685064abbad0-01,2026-08-25,手机,device,华为/荣耀,,MATE XS 5G,TAH-AN00M,TAH-AN00M,不开机,130.0,元/台,,image_first_visual_crosscheck_0825,华为.jpg,/mnt/data/decoded2/需要获取数据与不需要获数据原文件/需要获取的图片正文数据/数码网报价单-0825更新/手机相关/华为.jpg,1,0.985,visual_0825_source_crosschecked
20260825-5b29b11f711396d1c75f-01,2026-08-25,手机,device,华为/荣耀,,MATE XS 5G,TAH-AN00M,TAH-AN00M,废板-整机,130.0,元/台,,image_first_visual_crosscheck_0825,华为.jpg,/mnt/data/decoded2/需要获取数据与不需要获数据原文件/需要获取的图片正文数据/数码网报价单-0825更新/手机相关/华为.jpg,1,0.985,visual_0825_source_crosschecked
20260825-86578586df3866ed92b4-01,2026-08-25,手机,device,华为/荣耀,,Mate X 5G,TAH-AN00,TAH-AN00,开机屏好,400.0,元/台,,image_first_visual_crosscheck_0825,华为.jpg,/mnt/data/decoded2/需要获取数据与不需要获数据原文件/需要获取的图片正文数据/数码网报价单-0825更新/手机相关/华为.jpg,1,0.985,visual_0825_source_crosschecked
20260825-31278cf3c60b1be036ea-01,2026-08-25,手机,device,华为/荣耀,,Mate X 5G,TAH-AN00,TAH-AN00,开机屏外屏坏,400.0,元/台,,image_first_visual_crosscheck_0825,华为.jpg,/mnt/data/decoded2/需要获取数据与不需要获数据原文件/需要获取的图片正文数据/数码网报价单-0825更新/手机相关/华为.jpg,1,0.985,visual_0825_source_crosschecked
20260825-d337163250c09b27665d-01,2026-08-25,手机,device,华为/荣耀,,Mate X 5G,TAH-AN00,TAH-AN00,开机屏内屏坏,110.0,元/台,,image_first_visual_crosscheck_0825,华为.jpg,/mnt/data/decoded2/需要获取数据与不需要获数据原文件/需要获取的图片正文数据/数码网报价单-0825更新/手机相关/华为.jpg,1,0.985,visual_0825_source_crosschecked
20260825-d3c2c984d34bfdfc0144-01,2026-08-25,手机,device,华为/荣耀,,Mate X 5G,TAH-AN00,TAH-AN00,开机屏坏,110.0,元/台,,image_first_visual_crosscheck_0825,华为.jpg,/mnt/data/decoded2/需要获取数据与不需要获数据原文件/需要获取的图片正文数据/数码网报价单-0825更新/手机相关/华为.jpg,1,0.985,visual_0825_source_crosschecked
20260825-230d2bc85063931d6388-01,2026-08-25,手机,device,华为/荣耀,,Mate X 5G,TAH-AN00,TAH-AN00,不开机,110.0,元/台,,image_first_visual_crosscheck_0825,华为.jpg,/mnt/data/decoded2/需要获取数据与不需要获数据原文件/需要获取的图片正文数据/数码网报价单-0825更新/手机相关/华为.jpg,1,0.985,visual_0825_source_crosschecked
20260825-3e39fc296be5f4c790dc-01,2026-08-25,手机,device,华为/荣耀,,Mate X 5G,TAH-AN00,TAH-AN00,废板-整机,110.0,元/台,,image_first_visual_crosscheck_0825,华为.jpg,/mnt/data/decoded2/需要获取数据与不需要获数据原文件/需要获取的图片正文数据/数码网报价单-0825更新/手机相关/华为.jpg,1,0.985,visual_0825_source_crosschecked
20260825-cf1772292f84f02a54e0-01,2026-08-25,手机,device,华为/荣耀,,nova flip,PSD-AL00,PSD-AL00,开机屏好,900.0,元/台,,image_first_visual_crosscheck_0825,华为.jpg,/mnt/data/decoded2/需要获取数据与不需要获数据原文件/需要获取的图片正文数据/数码网报价单-0825更新/手机相关/华为.jpg,1,0.985,visual_0825_source_crosschecked
20260825-d9a0fcd1751a3e058ba1-01,2026-08-25,手机,device,华为/荣耀,,nova flip,PSD-AL00,PSD-AL00,开机屏外屏坏,800.0,元/台,,image_first_visual_crosscheck_0825,华为.jpg,/mnt/data/decoded2/需要获取数据与不需要获数据原文件/需要获取的图片正文数据/数码网报价单-0825更新/手机相关/华为.jpg,1,0.985,visual_0825_source_crosschecked
20260825-34a933cc9cb1378039ff-01,2026-08-25,手机,device,华为/荣耀,,nova flip,PSD-AL00,PSD-AL00,开机屏内屏坏,260.0,元/台,,image_first_visual_crosscheck_0825,华为.jpg,/mnt/data/decoded2/需要获取数据与不需要获数据原文件/需要获取的图片正文数据/数码网报价单-0825更新/手机相关/华为.jpg,1,0.985,visual_0825_source_crosschecked
20260825-e1f969dea2055b231d3f-01,2026-08-25,手机,device,华为/荣耀,,nova flip,PSD-AL00,PSD-AL00,开机屏坏,200.0,元/台,,image_first_visual_crosscheck_0825,华为.jpg,/mnt/data/decoded2/需要获取数据与不需要获数据原文件/需要获取的图片正文数据/数码网报价单-0825更新/手机相关/华为.jpg,1,0.985,visual_0825_source_crosschecked
20260825-ad2a223a566aec658c2f-01,2026-08-25,手机,device,华为/荣耀,,nova flip,PSD-AL00,PSD-AL00,不开机,90.0,元/台,,image_first_visual_crosscheck_0825,华为.jpg,/mnt/data/decoded2/需要获取数据与不需要获数据原文件/需要获取的图片正文数据/数码网报价单-0825更新/手机相关/华为.jpg,1,0.985,visual_0825_source_crosschecked
20260825-ac0cae61bf157acdbfa1-01,2026-08-25,手机,device,华为/荣耀,,nova flip,PSD-AL00,PSD-AL00,废板-整机,90.0,元/台,,image_first_visual_crosscheck_0825,华为.jpg,/mnt/data/decoded2/需要获取数据与不需要获数据原文件/需要获取的图片正文数据/数码网报价单-0825更新/手机相关/华为.jpg,1,0.985,visual_0825_source_crosschecked
20260825-38c92584a0f90300de89-01,2026-08-25,手机,device,华为/荣耀,,荣耀Magic V,MGI-AN00,MGI-AN00,开机屏好,180.0,元/台,,image_first_visual_crosscheck_0825,华为.jpg,/mnt/data/decoded2/需要获取数据与不需要获数据原文件/需要获取的图片正文数据/数码网报价单-0825更新/手机相关/华为.jpg,1,0.985,visual_0825_source_crosschecked
20260825-9b834e6877b8bae874c3-01,2026-08-25,手机,device,华为/荣耀,,荣耀Magic V,MGI-AN00,MGI-AN00,开机屏外屏坏,180.0,元/台,,image_first_visual_crosscheck_0825,华为.jpg,/mnt/data/decoded2/需要获取数据与不需要获数据原文件/需要获取的图片正文数据/数码网报价单-0825更新/手机相关/华为.jpg,1,0.985,visual_0825_source_crosschecked
20260825-7679673f4228a3f0a338-01,2026-08-25,手机,device,华为/荣耀,,荣耀Magic V,MGI-AN00,MGI-AN00,开机屏内屏坏,180.0,元/台,,image_first_visual_crosscheck_0825,华为.jpg,/mnt/data/decoded2/需要获取数据与不需要获数据原文件/需要获取的图片正文数据/数码网报价单-0825更新/手机相关/华为.jpg,1,0.985,visual_0825_source_crosschecked
20260825-d371a1954762f3c9b1ce-01,2026-08-25,手机,device,华为/荣耀,,荣耀Magic V,MGI-AN00,MGI-AN00,开机屏坏,180.0,元/台,,image_first_visual_crosscheck_0825,华为.jpg,/mnt/data/decoded2/需要获取数据与不需要获数据原文件/需要获取的图片正文数据/数码网报价单-0825更新/手机相关/华为.jpg,1,0.985,visual_0825_source_crosschecked
20260825-80bafc7fc74e9e189b54-01,2026-08-25,手机,device,华为/荣耀,,荣耀Magic V,MGI-AN00,MGI-AN00,不开机,180.0,元/台,,image_first_visual_crosscheck_0825,华为.jpg,/mnt/data/decoded2/需要获取数据与不需要获数据原文件/需要获取的图片正文数据/数码网报价单-0825更新/手机相关/华为.jpg,1,0.985,visual_0825_source_crosschecked
20260825-7212c865358db16f091d-01,2026-08-25,手机,device,华为/荣耀,,荣耀Magic V,MGI-AN00,MGI-AN00,废板-整机,180.0,元/台,,image_first_visual_crosscheck_0825,华为.jpg,/mnt/data/decoded2/需要获取数据与不需要获数据原文件/需要获取的图片正文数据/数码网报价单-0825更新/手机相关/华为.jpg,1,0.985,visual_0825_source_crosschecked
20260825-3be42d2466f192d16036-01,2026-08-25,手机,device,华为/荣耀,,荣耀Magic vs2,VER-AN00,VER-AN00,开机屏好,1000.0,元/台,,image_first_visual_crosscheck_0825,华为.jpg,/mnt/data/decoded2/需要获取数据与不需要获数据原文件/需要获取的图片正文数据/数码网报价单-0825更新/手机相关/华为.jpg,1,0.985,visual_0825_source_crosschecked
20260825-83ec7dae21bfdb318404-01,2026-08-25,手机,device,华为/荣耀,,荣耀Magic vs2,VER-AN00,VER-AN00,开机屏外屏坏,800.0,元/台,,image_first_visual_crosscheck_0825,华为.jpg,/mnt/data/decoded2/需要获取数据与不需要获数据原文件/需要获取的图片正文数据/数码网报价单-0825更新/手机相关/华为.jpg,1,0.985,visual_0825_source_crosschecked
20260825-84b69341813666901fbc-01,2026-08-25,手机,device,华为/荣耀,,荣耀Magic vs2,VER-AN00,VER-AN00,开机屏内屏坏,300.0,元/台,,image_first_visual_crosscheck_0825,华为.jpg,/mnt/data/decoded2/需要获取数据与不需要获数据原文件/需要获取的图片正文数据/数码网报价单-0825更新/手机相关/华为.jpg,1,0.985,visual_0825_source_crosschecked
20260825-1f4744aba05eb8fcf1e2-01,2026-08-25,手机,device,华为/荣耀,,荣耀Magic vs2,VER-AN00,VER-AN00,开机屏坏,180.0,元/台,,image_first_visual_crosscheck_0825,华为.jpg,/mnt/data/decoded2/需要获取数据与不需要获数据原文件/需要获取的图片正文数据/数码网报价单-0825更新/手机相关/华为.jpg,1,0.985,visual_0825_source_crosschecked
20260825-227e0b9530b992f775a8-01,2026-08-25,手机,device,华为/荣耀,,荣耀Magic vs2,VER-AN00,VER-AN00,不开机,180.0,元/台,,image_first_visual_crosscheck_0825,华为.jpg,/mnt/data/decoded2/需要获取数据与不需要获数据原文件/需要获取的图片正文数据/数码网报价单-0825更新/手机相关/华为.jpg,1,0.985,visual_0825_source_crosschecked
20260825-6cb5c5250def06321fa7-01,2026-08-25,手机,device,华为/荣耀,,荣耀Magic vs2,VER-AN00,VER-AN00,废板-整机,180.0,元/台,,image_first_visual_crosscheck_0825,华为.jpg,/mnt/data/decoded2/需要获取数据与不需要获数据原文件/需要获取的图片正文数据/数码网报价单-0825更新/手机相关/华为.jpg,1,0.985,visual_0825_source_crosschecked
20260825-75ad2eb3acb4c536f60f-01,2026-08-25,手机,device,华为/荣耀,,荣耀Magic Vs,FRI-AN00,FRI-AN00,开机屏好,1000.0,元/台,,image_first_visual_crosscheck_0825,华为.jpg,/mnt/data/decoded2/需要获取数据与不需要获数据原文件/需要获取的图片正文数据/数码网报价单-0825更新/手机相关/华为.jpg,1,0.985,visual_0825_source_crosschecked
20260825-5927b65750ae24ca25ce-01,2026-08-25,手机,device,华为/荣耀,,荣耀Magic Vs,FRI-AN00,FRI-AN00,开机屏外屏坏,800.0,元/台,,image_first_visual_crosscheck_0825,华为.jpg,/mnt/data/decoded2/需要获取数据与不需要获数据原文件/需要获取的图片正文数据/数码网报价单-0825更新/手机相关/华为.jpg,1,0.985,visual_0825_source_crosschecked
20260825-91fd9a4216a248db9cf0-01,2026-08-25,手机,device,华为/荣耀,,荣耀Magic Vs,FRI-AN00,FRI-AN00,开机屏内屏坏,180.0,元/台,,image_first_visual_crosscheck_0825,华为.jpg,/mnt/data/decoded2/需要获取数据与不需要获数据原文件/需要获取的图片正文数据/数码网报价单-0825更新/手机相关/华为.jpg,1,0.985,visual_0825_source_crosschecked
20260825-8ed25c2453ef953d9b3b-01,2026-08-25,手机,device,华为/荣耀,,荣耀Magic Vs,FRI-AN00,FRI-AN00,开机屏坏,180.0,元/台,,image_first_visual_crosscheck_0825,华为.jpg,/mnt/data/decoded2/需要获取数据与不需要获数据原文件/需要获取的图片正文数据/数码网报价单-0825更新/手机相关/华为.jpg,1,0.985,visual_0825_source_crosschecked
20260825-ca3d4d4b0090bca84050-01,2026-08-25,手机,device,华为/荣耀,,荣耀Magic Vs,FRI-AN00,FRI-AN00,不开机,180.0,元/台,,image_first_visual_crosscheck_0825,华为.jpg,/mnt/data/decoded2/需要获取数据与不需要获数据原文件/需要获取的图片正文数据/数码网报价单-0825更新/手机相关/华为.jpg,1,0.985,visual_0825_source_crosschecked
20260825-4fdd43167cdf877759f7-01,2026-08-25,手机,device,华为/荣耀,,荣耀Magic Vs,FRI-AN00,FRI-AN00,废板-整机,180.0,元/台,,image_first_visual_crosscheck_0825,华为.jpg,/mnt/data/decoded2/需要获取数据与不需要获数据原文件/需要获取的图片正文数据/数码网报价单-0825更新/手机相关/华为.jpg,1,0.985,visual_0825_source_crosschecked
20260825-a7a89dd87eb1631f2c54-01,2026-08-25,平板,device,苹果/iPad,iPad,iPad Pro 2020款12.9寸,,,开机屏好,4000.0,元/台,,image_first_visual_crosscheck_0825,ipad.jpg,/mnt/data/decoded2/需要获取数据与不需要获数据原文件/需要获取的图片正文数据/数码网报价单-0825更新/手机相关/ipad.jpg,1,0.985,visual_0825_source_crosschecked
20260825-74856866db20e9773e25-01,2026-08-25,平板,device,苹果/iPad,iPad,iPad Pro 2020款12.9寸,,,开机屏好外屏碎,1100.0,元/台,,image_first_visual_crosscheck_0825,ipad.jpg,/mnt/data/decoded2/需要获取数据与不需要获数据原文件/需要获取的图片正文数据/数码网报价单-0825更新/手机相关/ipad.jpg,1,0.985,visual_0825_source_crosschecked
20260825-ec1566be4db2b624ab74-01,2026-08-25,平板,device,苹果/iPad,iPad,iPad Pro 2020款12.9寸,,,开机屏坏,1100.0,元/台,,image_first_visual_crosscheck_0825,ipad.jpg,/mnt/data/decoded2/需要获取数据与不需要获数据原文件/需要获取的图片正文数据/数码网报价单-0825更新/手机相关/ipad.jpg,1,0.985,visual_0825_source_crosschecked
20260825-020b1cd2d6a967cd51c9-01,2026-08-25,平板,device,苹果/iPad,iPad,iPad Pro 2020款12.9寸,,,开机屏坏配件坏,150.0,元/台,,image_first_visual_crosscheck_0825,ipad.jpg,/mnt/data/decoded2/需要获取数据与不需要获数据原文件/需要获取的图片正文数据/数码网报价单-0825更新/手机相关/ipad.jpg,1,0.985,visual_0825_source_crosschecked
20260825-179fbf59274da1a6d918-01,2026-08-25,平板,device,苹果/iPad,iPad,iPad Pro 2020款12.9寸,,,不开机,800.0,元/台,,image_first_visual_crosscheck_0825,ipad.jpg,/mnt/data/decoded2/需要获取数据与不需要获数据原文件/需要获取的图片正文数据/数码网报价单-0825更新/手机相关/ipad.jpg,1,0.985,visual_0825_source_crosschecked
20260825-99498ff91c4726f0effe-01,2026-08-25,平板,device,苹果/iPad,iPad,iPad Pro 2020款12.9寸,,,废板-整机,60.0,元/台,,image_first_visual_crosscheck_0825,ipad.jpg,/mnt/data/decoded2/需要获取数据与不需要获数据原文件/需要获取的图片正文数据/数码网报价单-0825更新/手机相关/ipad.jpg,1,0.985,visual_0825_source_crosschecked
20260825-2dfad0c6b0e0b9059c70-01,2026-08-25,平板,device,苹果/iPad,iPad,iPad Pro四代2020款11寸,,,开机屏好,1900.0,元/台,,image_first_visual_crosscheck_0825,ipad.jpg,/mnt/data/decoded2/需要获取数据与不需要获数据原文件/需要获取的图片正文数据/数码网报价单-0825更新/手机相关/ipad.jpg,1,0.985,visual_0825_source_crosschecked
20260825-55e2a691861899ff539a-01,2026-08-25,平板,device,苹果/iPad,iPad,iPad Pro四代2020款11寸,,,开机屏好外屏碎,500.0,元/台,,image_first_visual_crosscheck_0825,ipad.jpg,/mnt/data/decoded2/需要获取数据与不需要获数据原文件/需要获取的图片正文数据/数码网报价单-0825更新/手机相关/ipad.jpg,1,0.985,visual_0825_source_crosschecked
20260825-6fc8dddca9c1396d4ab1-01,2026-08-25,平板,device,苹果/iPad,iPad,iPad Pro四代2020款11寸,,,开机屏坏,300.0,元/台,,image_first_visual_crosscheck_0825,ipad.jpg,/mnt/data/decoded2/需要获取数据与不需要获数据原文件/需要获取的图片正文数据/数码网报价单-0825更新/手机相关/ipad.jpg,1,0.985,visual_0825_source_crosschecked
20260825-7c3b2c5af5aab8b4ab06-01,2026-08-25,平板,device,苹果/iPad,iPad,iPad Pro四代2020款11寸,,,开机屏坏配件坏,100.0,元/台,,image_first_visual_crosscheck_0825,ipad.jpg,/mnt/data/decoded2/需要获取数据与不需要获数据原文件/需要获取的图片正文数据/数码网报价单-0825更新/手机相关/ipad.jpg,1,0.985,visual_0825_source_crosschecked
20260825-d4c080a98bfc698d7130-01,2026-08-25,平板,device,苹果/iPad,iPad,iPad Pro四代2020款11寸,,,不开机,100.0,元/台,,image_first_visual_crosscheck_0825,ipad.jpg,/mnt/data/decoded2/需要获取数据与不需要获数据原文件/需要获取的图片正文数据/数码网报价单-0825更新/手机相关/ipad.jpg,1,0.985,visual_0825_source_crosschecked
20260825-6c7fc7081f9b9d4e55bc-01,2026-08-25,平板,device,苹果/iPad,iPad,iPad Pro四代2020款11寸,,,废板-整机,60.0,元/台,,image_first_visual_crosscheck_0825,ipad.jpg,/mnt/data/decoded2/需要获取数据与不需要获数据原文件/需要获取的图片正文数据/数码网报价单-0825更新/手机相关/ipad.jpg,1,0.985,visual_0825_source_crosschecked
20260825-a170d47346162b5aa2c2-01,2026-08-25,平板,device,苹果/iPad,iPad,iPad Pro三代2021款12.9,,,开机屏好,3500.0,元/台,,image_first_visual_crosscheck_0825,ipad.jpg,/mnt/data/decoded2/需要获取数据与不需要获数据原文件/需要获取的图片正文数据/数码网报价单-0825更新/手机相关/ipad.jpg,1,0.985,visual_0825_source_crosschecked
20260825-044146aa1d42b6e9a730-01,2026-08-25,平板,device,苹果/iPad,iPad,iPad Pro三代2021款12.9,,,开机屏好外屏碎,600.0,元/台,,image_first_visual_crosscheck_0825,ipad.jpg,/mnt/data/decoded2/需要获取数据与不需要获数据原文件/需要获取的图片正文数据/数码网报价单-0825更新/手机相关/ipad.jpg,1,0.985,visual_0825_source_crosschecked
20260825-0466786f2ea8fffaeee5-01,2026-08-25,平板,device,苹果/iPad,iPad,iPad Pro三代2021款12.9,,,开机屏坏,450.0,元/台,,image_first_visual_crosscheck_0825,ipad.jpg,/mnt/data/decoded2/需要获取数据与不需要获数据原文件/需要获取的图片正文数据/数码网报价单-0825更新/手机相关/ipad.jpg,1,0.985,visual_0825_source_crosschecked
20260825-1f8e30fe4488d1e695cf-01,2026-08-25,平板,device,苹果/iPad,iPad,iPad Pro三代2021款12.9,,,开机屏坏配件坏,150.0,元/台,,image_first_visual_crosscheck_0825,ipad.jpg,/mnt/data/decoded2/需要获取数据与不需要获数据原文件/需要获取的图片正文数据/数码网报价单-0825更新/手机相关/ipad.jpg,1,0.985,visual_0825_source_crosschecked
20260825-2954a324f19b17890e95-01,2026-08-25,平板,device,苹果/iPad,iPad,iPad Pro三代2021款12.9,,,不开机,150.0,元/台,,image_first_visual_crosscheck_0825,ipad.jpg,/mnt/data/decoded2/需要获取数据与不需要获数据原文件/需要获取的图片正文数据/数码网报价单-0825更新/手机相关/ipad.jpg,1,0.985,visual_0825_source_crosschecked
20260825-36e13d694843f0b03606-01,2026-08-25,平板,device,苹果/iPad,iPad,iPad Pro三代2021款12.9,,,废板-整机,60.0,元/台,,image_first_visual_crosscheck_0825,ipad.jpg,/mnt/data/decoded2/需要获取数据与不需要获数据原文件/需要获取的图片正文数据/数码网报价单-0825更新/手机相关/ipad.jpg,1,0.985,visual_0825_source_crosschecked
20260825-b2b6f18a66ada1222de5-01,2026-08-25,平板,device,苹果/iPad,iPad,iPad Pro三代2021款11,,,开机屏好,1600.0,元/台,,image_first_visual_crosscheck_0825,ipad.jpg,/mnt/data/decoded2/需要获取数据与不需要获数据原文件/需要获取的图片正文数据/数码网报价单-0825更新/手机相关/ipad.jpg,1,0.985,visual_0825_source_crosschecked
20260825-d4d6543c53c7b7e9ac8f-01,2026-08-25,平板,device,苹果/iPad,iPad,iPad Pro三代2021款11,,,开机屏好外屏碎,600.0,元/台,,image_first_visual_crosscheck_0825,ipad.jpg,/mnt/data/decoded2/需要获取数据与不需要获数据原文件/需要获取的图片正文数据/数码网报价单-0825更新/手机相关/ipad.jpg,1,0.985,visual_0825_source_crosschecked
20260825-e8658984abd768178516-01,2026-08-25,平板,device,苹果/iPad,iPad,iPad Pro三代2021款11,,,开机屏坏,600.0,元/台,,image_first_visual_crosscheck_0825,ipad.jpg,/mnt/data/decoded2/需要获取数据与不需要获数据原文件/需要获取的图片正文数据/数码网报价单-0825更新/手机相关/ipad.jpg,1,0.985,visual_0825_source_crosschecked
20260825-d0f967cb33bf0527d012-01,2026-08-25,平板,device,苹果/iPad,iPad,iPad Pro三代2021款11,,,开机屏坏配件坏,150.0,元/台,,image_first_visual_crosscheck_0825,ipad.jpg,/mnt/data/decoded2/需要获取数据与不需要获数据原文件/需要获取的图片正文数据/数码网报价单-0825更新/手机相关/ipad.jpg,1,0.985,visual_0825_source_crosschecked
20260825-cae8c2fb1a2fa7590f9f-01,2026-08-25,平板,device,苹果/iPad,iPad,iPad Pro三代2021款11,,,不开机,300.0,元/台,,image_first_visual_crosscheck_0825,ipad.jpg,/mnt/data/decoded2/需要获取数据与不需要获数据原文件/需要获取的图片正文数据/数码网报价单-0825更新/手机相关/ipad.jpg,1,0.985,visual_0825_source_crosschecked
20260825-9b68653e72afb0eefcd4-01,2026-08-25,平板,device,苹果/iPad,iPad,iPad Pro三代2021款11,,,废板-整机,60.0,元/台,,image_first_visual_crosscheck_0825,ipad.jpg,/mnt/data/decoded2/需要获取数据与不需要获数据原文件/需要获取的图片正文数据/数码网报价单-0825更新/手机相关/ipad.jpg,1,0.985,visual_0825_source_crosschecked
20260825-2f92b26bca00af000cbd-01,2026-08-25,平板,device,苹果/iPad,iPad,iPad Pro四代2020款12.9,,,开机屏好,1600.0,元/台,,image_first_visual_crosscheck_0825,ipad.jpg,/mnt/data/decoded2/需要获取数据与不需要获数据原文件/需要获取的图片正文数据/数码网报价单-0825更新/手机相关/ipad.jpg,1,0.985,visual_0825_source_crosschecked
20260825-fa0279d4d2718c994105-01,2026-08-25,平板,device,苹果/iPad,iPad,iPad Pro四代2020款12.9,,,开机屏好外屏碎,600.0,元/台,,image_first_visual_crosscheck_0825,ipad.jpg,/mnt/data/decoded2/需要获取数据与不需要获数据原文件/需要获取的图片正文数据/数码网报价单-0825更新/手机相关/ipad.jpg,1,0.985,visual_0825_source_crosschecked
20260825-0a624544794249108705-01,2026-08-25,平板,device,苹果/iPad,iPad,iPad Pro四代2020款12.9,,,开机屏坏,400.0,元/台,,image_first_visual_crosscheck_0825,ipad.jpg,/mnt/data/decoded2/需要获取数据与不需要获数据原文件/需要获取的图片正文数据/数码网报价单-0825更新/手机相关/ipad.jpg,1,0.985,visual_0825_source_crosschecked
20260825-075df5f6a44176365044-01,2026-08-25,平板,device,苹果/iPad,iPad,iPad Pro四代2020款12.9,,,开机屏坏配件坏,60.0,元/台,,image_first_visual_crosscheck_0825,ipad.jpg,/mnt/data/decoded2/需要获取数据与不需要获数据原文件/需要获取的图片正文数据/数码网报价单-0825更新/手机相关/ipad.jpg,1,0.985,visual_0825_source_crosschecked
20260825-92879b36e02d4154fd95-01,2026-08-25,平板,device,苹果/iPad,iPad,iPad Pro四代2020款12.9,,,不开机,60.0,元/台,,image_first_visual_crosscheck_0825,ipad.jpg,/mnt/data/decoded2/需要获取数据与不需要获数据原文件/需要获取的图片正文数据/数码网报价单-0825更新/手机相关/ipad.jpg,1,0.985,visual_0825_source_crosschecked
20260825-ecadfe80252c773dce26-01,2026-08-25,平板,device,苹果/iPad,iPad,iPad Pro四代2020款12.9,,,废板-整机,40.0,元/台,,image_first_visual_crosscheck_0825,ipad.jpg,/mnt/data/decoded2/需要获取数据与不需要获数据原文件/需要获取的图片正文数据/数码网报价单-0825更新/手机相关/ipad.jpg,1,0.985,visual_0825_source_crosschecked
20260825-6e959dd44ae06e105341-01,2026-08-25,平板,device,苹果/iPad,iPad,iPad Pro四代2018款12.9,,,开机屏好,1300.0,元/台,,image_first_visual_crosscheck_0825,ipad.jpg,/mnt/data/decoded2/需要获取数据与不需要获数据原文件/需要获取的图片正文数据/数码网报价单-0825更新/手机相关/ipad.jpg,1,0.985,visual_0825_source_crosschecked
20260825-a4ef0697490fd37a2d26-01,2026-08-25,平板,device,苹果/iPad,iPad,iPad Pro四代2018款12.9,,,开机屏好外屏碎,700.0,元/台,,image_first_visual_crosscheck_0825,ipad.jpg,/mnt/data/decoded2/需要获取数据与不需要获数据原文件/需要获取的图片正文数据/数码网报价单-0825更新/手机相关/ipad.jpg,1,0.985,visual_0825_source_crosschecked
20260825-36653e3a0815673472db-01,2026-08-25,平板,device,苹果/iPad,iPad,iPad Pro四代2018款12.9,,,开机屏坏,700.0,元/台,,image_first_visual_crosscheck_0825,ipad.jpg,/mnt/data/decoded2/需要获取数据与不需要获数据原文件/需要获取的图片正文数据/数码网报价单-0825更新/手机相关/ipad.jpg,1,0.985,visual_0825_source_crosschecked
20260825-33a5d16bf76f098ecaca-01,2026-08-25,平板,device,苹果/iPad,iPad,iPad Pro四代2018款12.9,,,开机屏坏配件坏,150.0,元/台,,image_first_visual_crosscheck_0825,ipad.jpg,/mnt/data/decoded2/需要获取数据与不需要获数据原文件/需要获取的图片正文数据/数码网报价单-0825更新/手机相关/ipad.jpg,1,0.985,visual_0825_source_crosschecked
20260825-2f49e9dfe9f12ff12ee7-01,2026-08-25,平板,device,苹果/iPad,iPad,iPad Pro四代2018款12.9,,,不开机,150.0,元/台,,image_first_visual_crosscheck_0825,ipad.jpg,/mnt/data/decoded2/需要获取数据与不需要获数据原文件/需要获取的图片正文数据/数码网报价单-0825更新/手机相关/ipad.jpg,1,0.985,visual_0825_source_crosschecked
20260825-900aefb5bdc1d326b027-01,2026-08-25,平板,device,苹果/iPad,iPad,iPad Pro四代2018款12.9,,,废板-整机,40.0,元/台,,image_first_visual_crosscheck_0825,ipad.jpg,/mnt/data/decoded2/需要获取数据与不需要获数据原文件/需要获取的图片正文数据/数码网报价单-0825更新/手机相关/ipad.jpg,1,0.985,visual_0825_source_crosschecked
20260825-afab1833ec9b05a5f80e-01,2026-08-25,平板,device,苹果/iPad,iPad,iPad Pro二代2020款11,,,开机屏好,1800.0,元/台,,image_first_visual_crosscheck_0825,ipad.jpg,/mnt/data/decoded2/需要获取数据与不需要获数据原文件/需要获取的图片正文数据/数码网报价单-0825更新/手机相关/ipad.jpg,1,0.985,visual_0825_source_crosschecked
20260825-2497b7be6f87a38ba802-01,2026-08-25,平板,device,苹果/iPad,iPad,iPad Pro二代2020款11,,,开机屏好外屏碎,450.0,元/台,,image_first_visual_crosscheck_0825,ipad.jpg,/mnt/data/decoded2/需要获取数据与不需要获数据原文件/需要获取的图片正文数据/数码网报价单-0825更新/手机相关/ipad.jpg,1,0.985,visual_0825_source_crosschecked
20260825-60dbad12b9f976d9e859-01,2026-08-25,平板,device,苹果/iPad,iPad,iPad Pro二代2020款11,,,开机屏坏,400.0,元/台,,image_first_visual_crosscheck_0825,ipad.jpg,/mnt/data/decoded2/需要获取数据与不需要获数据原文件/需要获取的图片正文数据/数码网报价单-0825更新/手机相关/ipad.jpg,1,0.985,visual_0825_source_crosschecked
20260825-56b1344a8da41b8de711-01,2026-08-25,平板,device,苹果/iPad,iPad,iPad Pro二代2020款11,,,开机屏坏配件坏,150.0,元/台,,image_first_visual_crosscheck_0825,ipad.jpg,/mnt/data/decoded2/需要获取数据与不需要获数据原文件/需要获取的图片正文数据/数码网报价单-0825更新/手机相关/ipad.jpg,1,0.985,visual_0825_source_crosschecked
20260825-4faa84017941e8604ecf-01,2026-08-25,平板,device,苹果/iPad,iPad,iPad Pro二代2020款11,,,不开机,150.0,元/台,,image_first_visual_crosscheck_0825,ipad.jpg,/mnt/data/decoded2/需要获取数据与不需要获数据原文件/需要获取的图片正文数据/数码网报价单-0825更新/手机相关/ipad.jpg,1,0.985,visual_0825_source_crosschecked
20260825-d43c9d0ea45568c901eb-01,2026-08-25,平板,device,苹果/iPad,iPad,iPad Pro二代2020款11,,,废板-整机,40.0,元/台,,image_first_visual_crosscheck_0825,ipad.jpg,/mnt/data/decoded2/需要获取数据与不需要获数据原文件/需要获取的图片正文数据/数码网报价单-0825更新/手机相关/ipad.jpg,1,0.985,visual_0825_source_crosschecked
20260825-c0e77811e5d5079d1d8e-01,2026-08-25,平板,device,苹果/iPad,iPad,iPad Pro二代2017款12.9,,,开机屏好,200.0,元/台,,image_first_visual_crosscheck_0825,ipad.jpg,/mnt/data/decoded2/需要获取数据与不需要获数据原文件/需要获取的图片正文数据/数码网报价单-0825更新/手机相关/ipad.jpg,1,0.985,visual_0825_source_crosschecked
20260825-50d18dceb2e8392a95cd-01,2026-08-25,平板,device,苹果/iPad,iPad,iPad Pro二代2017款12.9,,,开机屏好外屏碎,150.0,元/台,,image_first_visual_crosscheck_0825,ipad.jpg,/mnt/data/decoded2/需要获取数据与不需要获数据原文件/需要获取的图片正文数据/数码网报价单-0825更新/手机相关/ipad.jpg,1,0.985,visual_0825_source_crosschecked
20260825-f24e8b19f68070fe6c59-01,2026-08-25,平板,device,苹果/iPad,iPad,iPad Pro二代2017款12.9,,,开机屏坏,35.0,元/台,,image_first_visual_crosscheck_0825,ipad.jpg,/mnt/data/decoded2/需要获取数据与不需要获数据原文件/需要获取的图片正文数据/数码网报价单-0825更新/手机相关/ipad.jpg,1,0.985,visual_0825_source_crosschecked
20260825-7e25b8944fd986fed64d-01,2026-08-25,平板,device,苹果/iPad,iPad,iPad Pro二代2017款12.9,,,开机屏坏配件坏,35.0,元/台,,image_first_visual_crosscheck_0825,ipad.jpg,/mnt/data/decoded2/需要获取数据与不需要获数据原文件/需要获取的图片正文数据/数码网报价单-0825更新/手机相关/ipad.jpg,1,0.985,visual_0825_source_crosschecked
20260825-2a201be77c7a45851066-01,2026-08-25,平板,device,苹果/iPad,iPad,iPad Pro二代2017款12.9,,,不开机,35.0,元/台,,image_first_visual_crosscheck_0825,ipad.jpg,/mnt/data/decoded2/需要获取数据与不需要获数据原文件/需要获取的图片正文数据/数码网报价单-0825更新/手机相关/ipad.jpg,1,0.985,visual_0825_source_crosschecked
20260825-51637aac16d5205c2277-01,2026-08-25,平板,device,苹果/iPad,iPad,iPad Pro二代2017款12.9,,,废板-整机,35.0,元/台,,image_first_visual_crosscheck_0825,ipad.jpg,/mnt/data/decoded2/需要获取数据与不需要获数据原文件/需要获取的图片正文数据/数码网报价单-0825更新/手机相关/ipad.jpg,1,0.985,visual_0825_source_crosschecked
20260825-ef1aa427b063bd03ff87-01,2026-08-25,平板,device,苹果/iPad,iPad,iPad Pro一代2015款12.9,,,开机屏好,180.0,元/台,,image_first_visual_crosscheck_0825,ipad.jpg,/mnt/data/decoded2/需要获取数据与不需要获数据原文件/需要获取的图片正文数据/数码网报价单-0825更新/手机相关/ipad.jpg,1,0.985,visual_0825_source_crosschecked
20260825-ec6996b12d3282b988ef-01,2026-08-25,平板,device,苹果/iPad,iPad,iPad Pro一代2015款12.9,,,开机屏好外屏碎,120.0,元/台,,image_first_visual_crosscheck_0825,ipad.jpg,/mnt/data/decoded2/需要获取数据与不需要获数据原文件/需要获取的图片正文数据/数码网报价单-0825更新/手机相关/ipad.jpg,1,0.985,visual_0825_source_crosschecked
20260825-8d519638c3d855ffe397-01,2026-08-25,平板,device,苹果/iPad,iPad,iPad Pro一代2015款12.9,,,开机屏坏,35.0,元/台,,image_first_visual_crosscheck_0825,ipad.jpg,/mnt/data/decoded2/需要获取数据与不需要获数据原文件/需要获取的图片正文数据/数码网报价单-0825更新/手机相关/ipad.jpg,1,0.985,visual_0825_source_crosschecked
20260825-8864fb056dd62ffbfe40-01,2026-08-25,平板,device,苹果/iPad,iPad,iPad Pro一代2015款12.9,,,开机屏坏配件坏,35.0,元/台,,image_first_visual_crosscheck_0825,ipad.jpg,/mnt/data/decoded2/需要获取数据与不需要获数据原文件/需要获取的图片正文数据/数码网报价单-0825更新/手机相关/ipad.jpg,1,0.985,visual_0825_source_crosschecked
20260825-a6601844bea3749aca91-01,2026-08-25,平板,device,苹果/iPad,iPad,iPad Pro一代2015款12.9,,,不开机,35.0,元/台,,image_first_visual_crosscheck_0825,ipad.jpg,/mnt/data/decoded2/需要获取数据与不需要获数据原文件/需要获取的图片正文数据/数码网报价单-0825更新/手机相关/ipad.jpg,1,0.985,visual_0825_source_crosschecked
20260825-bee169f85feccd0cd041-01,2026-08-25,平板,device,苹果/iPad,iPad,iPad Pro一代2015款12.9,,,废板-整机,15.0,元/台,,image_first_visual_crosscheck_0825,ipad.jpg,/mnt/data/decoded2/需要获取数据与不需要获数据原文件/需要获取的图片正文数据/数码网报价单-0825更新/手机相关/ipad.jpg,1,0.985,visual_0825_source_crosschecked
20260825-48fcf7ef26f552e9f8bd-01,2026-08-25,平板,device,苹果/iPad,iPad,iPad Pro五代2021款12.9,,,开机屏好,2000.0,元/台,,image_first_visual_crosscheck_0825,ipad.jpg,/mnt/data/decoded2/需要获取数据与不需要获数据原文件/需要获取的图片正文数据/数码网报价单-0825更新/手机相关/ipad.jpg,1,0.985,visual_0825_source_crosschecked
20260825-35cce15f98131fe6a731-01,2026-08-25,平板,device,苹果/iPad,iPad,iPad Pro五代2021款12.9,,,开机屏好外屏碎,1000.0,元/台,,image_first_visual_crosscheck_0825,ipad.jpg,/mnt/data/decoded2/需要获取数据与不需要获数据原文件/需要获取的图片正文数据/数码网报价单-0825更新/手机相关/ipad.jpg,1,0.985,visual_0825_source_crosschecked
20260825-35f04616cb63395e8c1d-01,2026-08-25,平板,device,苹果/iPad,iPad,iPad Pro五代2021款12.9,,,开机屏坏,1000.0,元/台,,image_first_visual_crosscheck_0825,ipad.jpg,/mnt/data/decoded2/需要获取数据与不需要获数据原文件/需要获取的图片正文数据/数码网报价单-0825更新/手机相关/ipad.jpg,1,0.985,visual_0825_source_crosschecked
20260825-64380177e43e9bc26ff8-01,2026-08-25,平板,device,苹果/iPad,iPad,iPad Pro五代2021款12.9,,,开机屏坏配件坏,200.0,元/台,,image_first_visual_crosscheck_0825,ipad.jpg,/mnt/data/decoded2/需要获取数据与不需要获数据原文件/需要获取的图片正文数据/数码网报价单-0825更新/手机相关/ipad.jpg,1,0.985,visual_0825_source_crosschecked
20260825-4c4b1d5606084fefe17a-01,2026-08-25,平板,device,苹果/iPad,iPad,iPad Pro五代2021款12.9,,,不开机,200.0,元/台,,image_first_visual_crosscheck_0825,ipad.jpg,/mnt/data/decoded2/需要获取数据与不需要获数据原文件/需要获取的图片正文数据/数码网报价单-0825更新/手机相关/ipad.jpg,1,0.985,visual_0825_source_crosschecked
20260825-dd7aef6c586caf3bb3fd-01,2026-08-25,平板,device,苹果/iPad,iPad,iPad Pro五代2021款12.9,,,废板-整机,40.0,元/台,,image_first_visual_crosscheck_0825,ipad.jpg,/mnt/data/decoded2/需要获取数据与不需要获数据原文件/需要获取的图片正文数据/数码网报价单-0825更新/手机相关/ipad.jpg,1,0.985,visual_0825_source_crosschecked
20260825-8b9b4f1c85e4960d3237-01,2026-08-25,平板,device,苹果/iPad,iPad,iPad Pro 2018款11,,,开机屏好,1300.0,元/台,,image_first_visual_crosscheck_0825,ipad.jpg,/mnt/data/decoded2/需要获取数据与不需要获数据原文件/需要获取的图片正文数据/数码网报价单-0825更新/手机相关/ipad.jpg,1,0.985,visual_0825_source_crosschecked
20260825-dc819cda671f8bf7e0e2-01,2026-08-25,平板,device,苹果/iPad,iPad,iPad Pro 2018款11,,,开机屏好外屏碎,600.0,元/台,,image_first_visual_crosscheck_0825,ipad.jpg,/mnt/data/decoded2/需要获取数据与不需要获数据原文件/需要获取的图片正文数据/数码网报价单-0825更新/手机相关/ipad.jpg,1,0.985,visual_0825_source_crosschecked
20260825-a1c311b612fbc41f31b4-01,2026-08-25,平板,device,苹果/iPad,iPad,iPad Pro 2018款11,,,开机屏坏,300.0,元/台,,image_first_visual_crosscheck_0825,ipad.jpg,/mnt/data/decoded2/需要获取数据与不需要获数据原文件/需要获取的图片正文数据/数码网报价单-0825更新/手机相关/ipad.jpg,1,0.985,visual_0825_source_crosschecked
20260825-77a8ffa6ffd395145a11-01,2026-08-25,平板,device,苹果/iPad,iPad,iPad Pro 2018款11,,,开机屏坏配件坏,90.0,元/台,,image_first_visual_crosscheck_0825,ipad.jpg,/mnt/data/decoded2/需要获取数据与不需要获数据原文件/需要获取的图片正文数据/数码网报价单-0825更新/手机相关/ipad.jpg,1,0.985,visual_0825_source_crosschecked
20260825-f0034a9106ba3e716fd9-01,2026-08-25,平板,device,苹果/iPad,iPad,iPad Pro 2018款11,,,不开机,80.0,元/台,,image_first_visual_crosscheck_0825,ipad.jpg,/mnt/data/decoded2/需要获取数据与不需要获数据原文件/需要获取的图片正文数据/数码网报价单-0825更新/手机相关/ipad.jpg,1,0.985,visual_0825_source_crosschecked
20260825-2f47c356c511cffd49ff-01,2026-08-25,平板,device,苹果/iPad,iPad,iPad Pro 2018款11,,,废板-整机,15.0,元/台,,image_first_visual_crosscheck_0825,ipad.jpg,/mnt/data/decoded2/需要获取数据与不需要获数据原文件/需要获取的图片正文数据/数码网报价单-0825更新/手机相关/ipad.jpg,1,0.985,visual_0825_source_crosschecked
20260825-d3cb68c7b39af1bfdcd6-01,2026-08-25,平板,device,苹果/iPad,iPad,iPad Pro2017款10.5,,,开机屏好,110.0,元/台,,image_first_visual_crosscheck_0825,ipad.jpg,/mnt/data/decoded2/需要获取数据与不需要获数据原文件/需要获取的图片正文数据/数码网报价单-0825更新/手机相关/ipad.jpg,1,0.985,visual_0825_source_crosschecked
20260825-6e690a422440edff1c19-01,2026-08-25,平板,device,苹果/iPad,iPad,iPad Pro2017款10.5,,,开机屏好外屏碎,90.0,元/台,,image_first_visual_crosscheck_0825,ipad.jpg,/mnt/data/decoded2/需要获取数据与不需要获数据原文件/需要获取的图片正文数据/数码网报价单-0825更新/手机相关/ipad.jpg,1,0.985,visual_0825_source_crosschecked
20260825-4415b81dc09381962a4b-01,2026-08-25,平板,device,苹果/iPad,iPad,iPad Pro2017款10.5,,,开机屏坏,50.0,元/台,,image_first_visual_crosscheck_0825,ipad.jpg,/mnt/data/decoded2/需要获取数据与不需要获数据原文件/需要获取的图片正文数据/数码网报价单-0825更新/手机相关/ipad.jpg,1,0.985,visual_0825_source_crosschecked
20260825-f86b05e4315422165df2-01,2026-08-25,平板,device,苹果/iPad,iPad,iPad Pro2017款10.5,,,开机屏坏配件坏,50.0,元/台,,image_first_visual_crosscheck_0825,ipad.jpg,/mnt/data/decoded2/需要获取数据与不需要获数据原文件/需要获取的图片正文数据/数码网报价单-0825更新/手机相关/ipad.jpg,1,0.985,visual_0825_source_crosschecked
20260825-61c9b8d5d26f3e22beff-01,2026-08-25,平板,device,苹果/iPad,iPad,iPad Pro2017款10.5,,,不开机,50.0,元/台,,image_first_visual_crosscheck_0825,ipad.jpg,/mnt/data/decoded2/需要获取数据与不需要获数据原文件/需要获取的图片正文数据/数码网报价单-0825更新/手机相关/ipad.jpg,1,0.985,visual_0825_source_crosschecked
20260825-7ee17093c46b06ce7c1d-01,2026-08-25,平板,device,苹果/iPad,iPad,iPad Pro2017款10.5,,,废板-整机,15.0,元/台,,image_first_visual_crosscheck_0825,ipad.jpg,/mnt/data/decoded2/需要获取数据与不需要获数据原文件/需要获取的图片正文数据/数码网报价单-0825更新/手机相关/ipad.jpg,1,0.985,visual_0825_source_crosschecked
20260825-27ded6e9f3791cf8ef13-01,2026-08-25,平板,device,苹果/iPad,iPad,iPad Pro2016款9.7,,,开机屏好,100.0,元/台,,image_first_visual_crosscheck_0825,ipad.jpg,/mnt/data/decoded2/需要获取数据与不需要获数据原文件/需要获取的图片正文数据/数码网报价单-0825更新/手机相关/ipad.jpg,1,0.985,visual_0825_source_crosschecked
20260825-933f81b786a1dcb1133a-01,2026-08-25,平板,device,苹果/iPad,iPad,iPad Pro2016款9.7,,,开机屏好外屏碎,70.0,元/台,,image_first_visual_crosscheck_0825,ipad.jpg,/mnt/data/decoded2/需要获取数据与不需要获数据原文件/需要获取的图片正文数据/数码网报价单-0825更新/手机相关/ipad.jpg,1,0.985,visual_0825_source_crosschecked
20260825-f878ad1aec604125232f-01,2026-08-25,平板,device,苹果/iPad,iPad,iPad Pro2016款9.7,,,开机屏坏,15.0,元/台,,image_first_visual_crosscheck_0825,ipad.jpg,/mnt/data/decoded2/需要获取数据与不需要获数据原文件/需要获取的图片正文数据/数码网报价单-0825更新/手机相关/ipad.jpg,1,0.985,visual_0825_source_crosschecked
20260825-55a772bc9380ca6dfffc-01,2026-08-25,平板,device,苹果/iPad,iPad,iPad Pro2016款9.7,,,开机屏坏配件坏,15.0,元/台,,image_first_visual_crosscheck_0825,ipad.jpg,/mnt/data/decoded2/需要获取数据与不需要获数据原文件/需要获取的图片正文数据/数码网报价单-0825更新/手机相关/ipad.jpg,1,0.985,visual_0825_source_crosschecked
20260825-faf8e1b3a8127e3c6828-01,2026-08-25,平板,device,苹果/iPad,iPad,iPad Pro2016款9.7,,,不开机,15.0,元/台,,image_first_visual_crosscheck_0825,ipad.jpg,/mnt/data/decoded2/需要获取数据与不需要获数据原文件/需要获取的图片正文数据/数码网报价单-0825更新/手机相关/ipad.jpg,1,0.985,visual_0825_source_crosschecked
20260825-bc7227a191aae24c22e6-01,2026-08-25,平板,device,苹果/iPad,iPad,iPad Pro2016款9.7,,,废板-整机,15.0,元/台,,image_first_visual_crosscheck_0825,ipad.jpg,/mnt/data/decoded2/需要获取数据与不需要获数据原文件/需要获取的图片正文数据/数码网报价单-0825更新/手机相关/ipad.jpg,1,0.985,visual_0825_source_crosschecked
20260825-4c637a784c43d665f1ce-01,2026-08-25,平板,device,苹果/iPad,iPad,iPad air5,,,开机屏好,1100.0,元/台,,image_first_visual_crosscheck_0825,ipad.jpg,/mnt/data/decoded2/需要获取数据与不需要获数据原文件/需要获取的图片正文数据/数码网报价单-0825更新/手机相关/ipad.jpg,1,0.985,visual_0825_source_crosschecked
20260825-b3f7d6ae0617d1c5c69a-01,2026-08-25,平板,device,苹果/iPad,iPad,iPad air5,,,开机屏好外屏碎,550.0,元/台,,image_first_visual_crosscheck_0825,ipad.jpg,/mnt/data/decoded2/需要获取数据与不需要获数据原文件/需要获取的图片正文数据/数码网报价单-0825更新/手机相关/ipad.jpg,1,0.985,visual_0825_source_crosschecked
20260825-1515cdf5e46579cc4cbc-01,2026-08-25,平板,device,苹果/iPad,iPad,iPad air5,,,开机屏坏,550.0,元/台,,image_first_visual_crosscheck_0825,ipad.jpg,/mnt/data/decoded2/需要获取数据与不需要获数据原文件/需要获取的图片正文数据/数码网报价单-0825更新/手机相关/ipad.jpg,1,0.985,visual_0825_source_crosschecked
20260825-fe374f76b3e94deac97e-01,2026-08-25,平板,device,苹果/iPad,iPad,iPad air5,,,开机屏坏配件坏,150.0,元/台,,image_first_visual_crosscheck_0825,ipad.jpg,/mnt/data/decoded2/需要获取数据与不需要获数据原文件/需要获取的图片正文数据/数码网报价单-0825更新/手机相关/ipad.jpg,1,0.985,visual_0825_source_crosschecked
20260825-004716f4769bfd4ec332-01,2026-08-25,平板,device,苹果/iPad,iPad,iPad air5,,,不开机,150.0,元/台,,image_first_visual_crosscheck_0825,ipad.jpg,/mnt/data/decoded2/需要获取数据与不需要获数据原文件/需要获取的图片正文数据/数码网报价单-0825更新/手机相关/ipad.jpg,1,0.985,visual_0825_source_crosschecked
20260825-9cf01f530789e1b35dce-01,2026-08-25,平板,device,苹果/iPad,iPad,iPad air5,,,废板-整机,40.0,元/台,,image_first_visual_crosscheck_0825,ipad.jpg,/mnt/data/decoded2/需要获取数据与不需要获数据原文件/需要获取的图片正文数据/数码网报价单-0825更新/手机相关/ipad.jpg,1,0.985,visual_0825_source_crosschecked
20260825-bf3e91950f3153b2c6e3-01,2026-08-25,平板,device,苹果/iPad,iPad,ipad Air4 2020款10.9,,,开机屏好,700.0,元/台,,image_first_visual_crosscheck_0825,ipad.jpg,/mnt/data/decoded2/需要获取数据与不需要获数据原文件/需要获取的图片正文数据/数码网报价单-0825更新/手机相关/ipad.jpg,1,0.985,visual_0825_source_crosschecked
20260825-cf100cd5a3b76842a8ee-01,2026-08-25,平板,device,苹果/iPad,iPad,ipad Air4 2020款10.9,,,开机屏好外屏碎,500.0,元/台,,image_first_visual_crosscheck_0825,ipad.jpg,/mnt/data/decoded2/需要获取数据与不需要获数据原文件/需要获取的图片正文数据/数码网报价单-0825更新/手机相关/ipad.jpg,1,0.985,visual_0825_source_crosschecked
20260825-f1db5c64e00029b14b91-01,2026-08-25,平板,device,苹果/iPad,iPad,ipad Air4 2020款10.9,,,开机屏坏,300.0,元/台,,image_first_visual_crosscheck_0825,ipad.jpg,/mnt/data/decoded2/需要获取数据与不需要获数据原文件/需要获取的图片正文数据/数码网报价单-0825更新/手机相关/ipad.jpg,1,0.985,visual_0825_source_crosschecked
20260825-14e1068fe83f7f2a1c67-01,2026-08-25,平板,device,苹果/iPad,iPad,ipad Air4 2020款10.9,,,开机屏坏配件坏,100.0,元/台,,image_first_visual_crosscheck_0825,ipad.jpg,/mnt/data/decoded2/需要获取数据与不需要获数据原文件/需要获取的图片正文数据/数码网报价单-0825更新/手机相关/ipad.jpg,1,0.985,visual_0825_source_crosschecked
20260825-79417d883ee568581c26-01,2026-08-25,平板,device,苹果/iPad,iPad,ipad Air4 2020款10.9,,,不开机,100.0,元/台,,image_first_visual_crosscheck_0825,ipad.jpg,/mnt/data/decoded2/需要获取数据与不需要获数据原文件/需要获取的图片正文数据/数码网报价单-0825更新/手机相关/ipad.jpg,1,0.985,visual_0825_source_crosschecked
20260825-f6137c3877b2996f718f-01,2026-08-25,平板,device,苹果/iPad,iPad,ipad Air4 2020款10.9,,,废板-整机,40.0,元/台,,image_first_visual_crosscheck_0825,ipad.jpg,/mnt/data/decoded2/需要获取数据与不需要获数据原文件/需要获取的图片正文数据/数码网报价单-0825更新/手机相关/ipad.jpg,1,0.985,visual_0825_source_crosschecked
20260825-c17de7ee548bcbf34067-01,2026-08-25,平板,device,苹果/iPad,iPad,ipad Air3 2019款10.5,,,开机屏好,200.0,元/台,,image_first_visual_crosscheck_0825,ipad.jpg,/mnt/data/decoded2/需要获取数据与不需要获数据原文件/需要获取的图片正文数据/数码网报价单-0825更新/手机相关/ipad.jpg,1,0.985,visual_0825_source_crosschecked
20260825-7fd4fc8a0591dc52220a-01,2026-08-25,平板,device,苹果/iPad,iPad,ipad Air3 2019款10.5,,,开机屏好外屏碎,200.0,元/台,,image_first_visual_crosscheck_0825,ipad.jpg,/mnt/data/decoded2/需要获取数据与不需要获数据原文件/需要获取的图片正文数据/数码网报价单-0825更新/手机相关/ipad.jpg,1,0.985,visual_0825_source_crosschecked
20260825-0ff9436e6aa9e6da0087-01,2026-08-25,平板,device,苹果/iPad,iPad,ipad Air3 2019款10.5,,,开机屏坏,150.0,元/台,,image_first_visual_crosscheck_0825,ipad.jpg,/mnt/data/decoded2/需要获取数据与不需要获数据原文件/需要获取的图片正文数据/数码网报价单-0825更新/手机相关/ipad.jpg,1,0.985,visual_0825_source_crosschecked
20260825-48a14d8c1915fe8b9827-01,2026-08-25,平板,device,苹果/iPad,iPad,ipad Air3 2019款10.5,,,开机屏坏配件坏,50.0,元/台,,image_first_visual_crosscheck_0825,ipad.jpg,/mnt/data/decoded2/需要获取数据与不需要获数据原文件/需要获取的图片正文数据/数码网报价单-0825更新/手机相关/ipad.jpg,1,0.985,visual_0825_source_crosschecked
20260825-b66cfd4fb1e92788cb45-01,2026-08-25,平板,device,苹果/iPad,iPad,ipad Air3 2019款10.5,,,不开机,50.0,元/台,,image_first_visual_crosscheck_0825,ipad.jpg,/mnt/data/decoded2/需要获取数据与不需要获数据原文件/需要获取的图片正文数据/数码网报价单-0825更新/手机相关/ipad.jpg,1,0.985,visual_0825_source_crosschecked
20260825-88c04f5d3f4ed2cbb46b-01,2026-08-25,平板,device,苹果/iPad,iPad,ipad Air3 2019款10.5,,,废板-整机,40.0,元/台,,image_first_visual_crosscheck_0825,ipad.jpg,/mnt/data/decoded2/需要获取数据与不需要获数据原文件/需要获取的图片正文数据/数码网报价单-0825更新/手机相关/ipad.jpg,1,0.985,visual_0825_source_crosschecked
20260825-ac39a753343c8fd5b934-01,2026-08-25,平板,device,苹果/iPad,iPad,iPad Air2,,,开机屏好,65.0,元/台,,image_first_visual_crosscheck_0825,ipad.jpg,/mnt/data/decoded2/需要获取数据与不需要获数据原文件/需要获取的图片正文数据/数码网报价单-0825更新/手机相关/ipad.jpg,1,0.985,visual_0825_source_crosschecked
20260825-db5faf0a02c013eb78ef-01,2026-08-25,平板,device,苹果/iPad,iPad,iPad Air2,,,开机屏好外屏碎,50.0,元/台,,image_first_visual_crosscheck_0825,ipad.jpg,/mnt/data/decoded2/需要获取数据与不需要获数据原文件/需要获取的图片正文数据/数码网报价单-0825更新/手机相关/ipad.jpg,1,0.985,visual_0825_source_crosschecked
20260825-5943a67cdd27201973d0-01,2026-08-25,平板,device,苹果/iPad,iPad,iPad Air2,,,开机屏坏,15.0,元/台,,image_first_visual_crosscheck_0825,ipad.jpg,/mnt/data/decoded2/需要获取数据与不需要获数据原文件/需要获取的图片正文数据/数码网报价单-0825更新/手机相关/ipad.jpg,1,0.985,visual_0825_source_crosschecked
20260825-6ae580dc7b08303a958b-01,2026-08-25,平板,device,苹果/iPad,iPad,iPad Air2,,,开机屏坏配件坏,15.0,元/台,,image_first_visual_crosscheck_0825,ipad.jpg,/mnt/data/decoded2/需要获取数据与不需要获数据原文件/需要获取的图片正文数据/数码网报价单-0825更新/手机相关/ipad.jpg,1,0.985,visual_0825_source_crosschecked
20260825-efbefae8ff98c902a525-01,2026-08-25,平板,device,苹果/iPad,iPad,iPad Air2,,,不开机,30.0,元/台,,image_first_visual_crosscheck_0825,ipad.jpg,/mnt/data/decoded2/需要获取数据与不需要获数据原文件/需要获取的图片正文数据/数码网报价单-0825更新/手机相关/ipad.jpg,1,0.985,visual_0825_source_crosschecked
20260825-dec5affbb90b8cc7b7e3-01,2026-08-25,平板,device,苹果/iPad,iPad,iPad Air2,,,废板-整机,15.0,元/台,,image_first_visual_crosscheck_0825,ipad.jpg,/mnt/data/decoded2/需要获取数据与不需要获数据原文件/需要获取的图片正文数据/数码网报价单-0825更新/手机相关/ipad.jpg,1,0.985,visual_0825_source_crosschecked
20260825-31d85d2e15b43ba419ab-01,2026-08-25,平板,device,苹果/iPad,iPad,iPad Air,,,开机屏好,65.0,元/台,,image_first_visual_crosscheck_0825,ipad.jpg,/mnt/data/decoded2/需要获取数据与不需要获数据原文件/需要获取的图片正文数据/数码网报价单-0825更新/手机相关/ipad.jpg,1,0.985,visual_0825_source_crosschecked
20260825-2eca0a9532489398c023-01,2026-08-25,平板,device,苹果/iPad,iPad,iPad Air,,,开机屏好外屏碎,60.0,元/台,,image_first_visual_crosscheck_0825,ipad.jpg,/mnt/data/decoded2/需要获取数据与不需要获数据原文件/需要获取的图片正文数据/数码网报价单-0825更新/手机相关/ipad.jpg,1,0.985,visual_0825_source_crosschecked
20260825-0f35ef15c30333b5e460-01,2026-08-25,平板,device,苹果/iPad,iPad,iPad Air,,,开机屏坏,15.0,元/台,,image_first_visual_crosscheck_0825,ipad.jpg,/mnt/data/decoded2/需要获取数据与不需要获数据原文件/需要获取的图片正文数据/数码网报价单-0825更新/手机相关/ipad.jpg,1,0.985,visual_0825_source_crosschecked
20260825-56c3820e753a750e0750-01,2026-08-25,平板,device,苹果/iPad,iPad,iPad Air,,,开机屏坏配件坏,15.0,元/台,,image_first_visual_crosscheck_0825,ipad.jpg,/mnt/data/decoded2/需要获取数据与不需要获数据原文件/需要获取的图片正文数据/数码网报价单-0825更新/手机相关/ipad.jpg,1,0.985,visual_0825_source_crosschecked
20260825-b06791957f28e1f48364-01,2026-08-25,平板,device,苹果/iPad,iPad,iPad Air,,,不开机,30.0,元/台,,image_first_visual_crosscheck_0825,ipad.jpg,/mnt/data/decoded2/需要获取数据与不需要获数据原文件/需要获取的图片正文数据/数码网报价单-0825更新/手机相关/ipad.jpg,1,0.985,visual_0825_source_crosschecked
20260825-13c5a4bfb6a18574b426-01,2026-08-25,平板,device,苹果/iPad,iPad,iPad Air,,,废板-整机,15.0,元/台,,image_first_visual_crosscheck_0825,ipad.jpg,/mnt/data/decoded2/需要获取数据与不需要获数据原文件/需要获取的图片正文数据/数码网报价单-0825更新/手机相关/ipad.jpg,1,0.985,visual_0825_source_crosschecked
20260825-b2643e63936bc070a22f-01,2026-08-25,平板,device,苹果/iPad,iPad,iPad Air 校机,,,开机屏好,65.0,元/台,,image_first_visual_crosscheck_0825,ipad.jpg,/mnt/data/decoded2/需要获取数据与不需要获数据原文件/需要获取的图片正文数据/数码网报价单-0825更新/手机相关/ipad.jpg,1,0.985,visual_0825_source_crosschecked
20260825-8310089c1770ed1f09a0-01,2026-08-25,平板,device,苹果/iPad,iPad,iPad Air 校机,,,开机屏好外屏碎,60.0,元/台,,image_first_visual_crosscheck_0825,ipad.jpg,/mnt/data/decoded2/需要获取数据与不需要获数据原文件/需要获取的图片正文数据/数码网报价单-0825更新/手机相关/ipad.jpg,1,0.985,visual_0825_source_crosschecked
20260825-053f3d6338fde577acb7-01,2026-08-25,平板,device,苹果/iPad,iPad,iPad Air 校机,,,开机屏坏,15.0,元/台,,image_first_visual_crosscheck_0825,ipad.jpg,/mnt/data/decoded2/需要获取数据与不需要获数据原文件/需要获取的图片正文数据/数码网报价单-0825更新/手机相关/ipad.jpg,1,0.985,visual_0825_source_crosschecked
20260825-6db5065515cc9f8adb12-01,2026-08-25,平板,device,苹果/iPad,iPad,iPad Air 校机,,,开机屏坏配件坏,15.0,元/台,,image_first_visual_crosscheck_0825,ipad.jpg,/mnt/data/decoded2/需要获取数据与不需要获数据原文件/需要获取的图片正文数据/数码网报价单-0825更新/手机相关/ipad.jpg,1,0.985,visual_0825_source_crosschecked
20260825-546a3351675b6833c0d4-01,2026-08-25,平板,device,苹果/iPad,iPad,iPad Air 校机,,,不开机,15.0,元/台,,image_first_visual_crosscheck_0825,ipad.jpg,/mnt/data/decoded2/需要获取数据与不需要获数据原文件/需要获取的图片正文数据/数码网报价单-0825更新/手机相关/ipad.jpg,1,0.985,visual_0825_source_crosschecked
20260825-a8578d253e0b63000646-01,2026-08-25,平板,device,苹果/iPad,iPad,iPad Air 校机,,,废板-整机,15.0,元/台,,image_first_visual_crosscheck_0825,ipad.jpg,/mnt/data/decoded2/需要获取数据与不需要获数据原文件/需要获取的图片正文数据/数码网报价单-0825更新/手机相关/ipad.jpg,1,0.985,visual_0825_source_crosschecked
20260825-020b654eca4ae696b45a-01,2026-08-25,平板,device,苹果/iPad,iPad,iPad 10 2022款10.9,,,开机屏好,700.0,元/台,,image_first_visual_crosscheck_0825,ipad.jpg,/mnt/data/decoded2/需要获取数据与不需要获数据原文件/需要获取的图片正文数据/数码网报价单-0825更新/手机相关/ipad.jpg,1,0.985,visual_0825_source_crosschecked
20260825-b003af8c48930fdc64fa-01,2026-08-25,平板,device,苹果/iPad,iPad,iPad 10 2022款10.9,,,开机屏好外屏碎,500.0,元/台,,image_first_visual_crosscheck_0825,ipad.jpg,/mnt/data/decoded2/需要获取数据与不需要获数据原文件/需要获取的图片正文数据/数码网报价单-0825更新/手机相关/ipad.jpg,1,0.985,visual_0825_source_crosschecked
20260825-f402aa70042150011b74-01,2026-08-25,平板,device,苹果/iPad,iPad,iPad 10 2022款10.9,,,开机屏坏,300.0,元/台,,image_first_visual_crosscheck_0825,ipad.jpg,/mnt/data/decoded2/需要获取数据与不需要获数据原文件/需要获取的图片正文数据/数码网报价单-0825更新/手机相关/ipad.jpg,1,0.985,visual_0825_source_crosschecked
20260825-3eec685e43bf93d67dfd-01,2026-08-25,平板,device,苹果/iPad,iPad,iPad 10 2022款10.9,,,开机屏坏配件坏,150.0,元/台,,image_first_visual_crosscheck_0825,ipad.jpg,/mnt/data/decoded2/需要获取数据与不需要获数据原文件/需要获取的图片正文数据/数码网报价单-0825更新/手机相关/ipad.jpg,1,0.985,visual_0825_source_crosschecked
20260825-aecdcbccc00a0ece098c-01,2026-08-25,平板,device,苹果/iPad,iPad,iPad 10 2022款10.9,,,不开机,180.0,元/台,,image_first_visual_crosscheck_0825,ipad.jpg,/mnt/data/decoded2/需要获取数据与不需要获数据原文件/需要获取的图片正文数据/数码网报价单-0825更新/手机相关/ipad.jpg,1,0.985,visual_0825_source_crosschecked
20260825-0903aeb87e18023302ce-01,2026-08-25,平板,device,苹果/iPad,iPad,iPad 10 2022款10.9,,,废板-整机,50.0,元/台,,image_first_visual_crosscheck_0825,ipad.jpg,/mnt/data/decoded2/需要获取数据与不需要获数据原文件/需要获取的图片正文数据/数码网报价单-0825更新/手机相关/ipad.jpg,1,0.985,visual_0825_source_crosschecked
20260825-c0fe3b9d77aaf249b364-01,2026-08-25,平板,device,苹果/iPad,iPad,iPad 9 2021款,,,开机屏好,400.0,元/台,,image_first_visual_crosscheck_0825,ipad.jpg,/mnt/data/decoded2/需要获取数据与不需要获数据原文件/需要获取的图片正文数据/数码网报价单-0825更新/手机相关/ipad.jpg,1,0.985,visual_0825_source_crosschecked
20260825-5f7c9d6824c550315f78-01,2026-08-25,平板,device,苹果/iPad,iPad,iPad 9 2021款,,,开机屏好外屏碎,200.0,元/台,,image_first_visual_crosscheck_0825,ipad.jpg,/mnt/data/decoded2/需要获取数据与不需要获数据原文件/需要获取的图片正文数据/数码网报价单-0825更新/手机相关/ipad.jpg,1,0.985,visual_0825_source_crosschecked
20260825-8b53ef9222e85eac592b-01,2026-08-25,平板,device,苹果/iPad,iPad,iPad 9 2021款,,,开机屏坏,200.0,元/台,,image_first_visual_crosscheck_0825,ipad.jpg,/mnt/data/decoded2/需要获取数据与不需要获数据原文件/需要获取的图片正文数据/数码网报价单-0825更新/手机相关/ipad.jpg,1,0.985,visual_0825_source_crosschecked
20260825-4ff04f4e52c7ac043574-01,2026-08-25,平板,device,苹果/iPad,iPad,iPad 9 2021款,,,开机屏坏配件坏,50.0,元/台,,image_first_visual_crosscheck_0825,ipad.jpg,/mnt/data/decoded2/需要获取数据与不需要获数据原文件/需要获取的图片正文数据/数码网报价单-0825更新/手机相关/ipad.jpg,1,0.985,visual_0825_source_crosschecked
20260825-458ad4470771e4693ebd-01,2026-08-25,平板,device,苹果/iPad,iPad,iPad 9 2021款,,,不开机,70.0,元/台,,image_first_visual_crosscheck_0825,ipad.jpg,/mnt/data/decoded2/需要获取数据与不需要获数据原文件/需要获取的图片正文数据/数码网报价单-0825更新/手机相关/ipad.jpg,1,0.985,visual_0825_source_crosschecked
20260825-f41de374305f7dbd78c6-01,2026-08-25,平板,device,苹果/iPad,iPad,iPad 9 2021款,,,废板-整机,15.0,元/台,,image_first_visual_crosscheck_0825,ipad.jpg,/mnt/data/decoded2/需要获取数据与不需要获数据原文件/需要获取的图片正文数据/数码网报价单-0825更新/手机相关/ipad.jpg,1,0.985,visual_0825_source_crosschecked
20260825-21e00ba6138b0f570c07-01,2026-08-25,平板,device,苹果/iPad,iPad,iPad 8 2020款10.2,,,开机屏好,300.0,元/台,,image_first_visual_crosscheck_0825,ipad.jpg,/mnt/data/decoded2/需要获取数据与不需要获数据原文件/需要获取的图片正文数据/数码网报价单-0825更新/手机相关/ipad.jpg,1,0.985,visual_0825_source_crosschecked
20260825-15803587bc10770b0ac2-01,2026-08-25,平板,device,苹果/iPad,iPad,iPad 8 2020款10.2,,,开机屏好外屏碎,160.0,元/台,,image_first_visual_crosscheck_0825,ipad.jpg,/mnt/data/decoded2/需要获取数据与不需要获数据原文件/需要获取的图片正文数据/数码网报价单-0825更新/手机相关/ipad.jpg,1,0.985,visual_0825_source_crosschecked
20260825-0a980e3116e7870db757-01,2026-08-25,平板,device,苹果/iPad,iPad,iPad 8 2020款10.2,,,开机屏坏,180.0,元/台,,image_first_visual_crosscheck_0825,ipad.jpg,/mnt/data/decoded2/需要获取数据与不需要获数据原文件/需要获取的图片正文数据/数码网报价单-0825更新/手机相关/ipad.jpg,1,0.985,visual_0825_source_crosschecked
20260825-7b2d3b6d1d7665faf543-01,2026-08-25,平板,device,苹果/iPad,iPad,iPad 8 2020款10.2,,,开机屏坏配件坏,15.0,元/台,,image_first_visual_crosscheck_0825,ipad.jpg,/mnt/data/decoded2/需要获取数据与不需要获数据原文件/需要获取的图片正文数据/数码网报价单-0825更新/手机相关/ipad.jpg,1,0.985,visual_0825_source_crosschecked
20260825-fd3e34793730daea38c3-01,2026-08-25,平板,device,苹果/iPad,iPad,iPad 8 2020款10.2,,,不开机,70.0,元/台,,image_first_visual_crosscheck_0825,ipad.jpg,/mnt/data/decoded2/需要获取数据与不需要获数据原文件/需要获取的图片正文数据/数码网报价单-0825更新/手机相关/ipad.jpg,1,0.985,visual_0825_source_crosschecked
20260825-51ea38371537caec1f22-01,2026-08-25,平板,device,苹果/iPad,iPad,iPad 8 2020款10.2,,,废板-整机,15.0,元/台,,image_first_visual_crosscheck_0825,ipad.jpg,/mnt/data/decoded2/需要获取数据与不需要获数据原文件/需要获取的图片正文数据/数码网报价单-0825更新/手机相关/ipad.jpg,1,0.985,visual_0825_source_crosschecked
20260825-8585e0df68186e88d831-01,2026-08-25,平板,device,苹果/iPad,iPad,iPad 7 2019款10.2,,,开机屏好,280.0,元/台,,image_first_visual_crosscheck_0825,ipad.jpg,/mnt/data/decoded2/需要获取数据与不需要获数据原文件/需要获取的图片正文数据/数码网报价单-0825更新/手机相关/ipad.jpg,1,0.985,visual_0825_source_crosschecked
20260825-7d8c69f07100bc7ba800-01,2026-08-25,平板,device,苹果/iPad,iPad,iPad 7 2019款10.2,,,开机屏好外屏碎,260.0,元/台,,image_first_visual_crosscheck_0825,ipad.jpg,/mnt/data/decoded2/需要获取数据与不需要获数据原文件/需要获取的图片正文数据/数码网报价单-0825更新/手机相关/ipad.jpg,1,0.985,visual_0825_source_crosschecked
20260825-e2b7495e47792a6864a2-01,2026-08-25,平板,device,苹果/iPad,iPad,iPad 7 2019款10.2,,,开机屏坏,60.0,元/台,,image_first_visual_crosscheck_0825,ipad.jpg,/mnt/data/decoded2/需要获取数据与不需要获数据原文件/需要获取的图片正文数据/数码网报价单-0825更新/手机相关/ipad.jpg,1,0.985,visual_0825_source_crosschecked
20260825-9f554081e01e488276aa-01,2026-08-25,平板,device,苹果/iPad,iPad,iPad 7 2019款10.2,,,开机屏坏配件坏,15.0,元/台,,image_first_visual_crosscheck_0825,ipad.jpg,/mnt/data/decoded2/需要获取数据与不需要获数据原文件/需要获取的图片正文数据/数码网报价单-0825更新/手机相关/ipad.jpg,1,0.985,visual_0825_source_crosschecked
20260825-ee95aed25d7a9db4957b-01,2026-08-25,平板,device,苹果/iPad,iPad,iPad 7 2019款10.2,,,不开机,60.0,元/台,,image_first_visual_crosscheck_0825,ipad.jpg,/mnt/data/decoded2/需要获取数据与不需要获数据原文件/需要获取的图片正文数据/数码网报价单-0825更新/手机相关/ipad.jpg,1,0.985,visual_0825_source_crosschecked
20260825-1024f3281bc5330819bf-01,2026-08-25,平板,device,苹果/iPad,iPad,iPad 7 2019款10.2,,,废板-整机,15.0,元/台,,image_first_visual_crosscheck_0825,ipad.jpg,/mnt/data/decoded2/需要获取数据与不需要获数据原文件/需要获取的图片正文数据/数码网报价单-0825更新/手机相关/ipad.jpg,1,0.985,visual_0825_source_crosschecked
20260825-97a043ac9bec05fc3f5b-01,2026-08-25,平板,device,苹果/iPad,iPad,iPad 6 2018款9.7,,,开机屏好,100.0,元/台,,image_first_visual_crosscheck_0825,ipad.jpg,/mnt/data/decoded2/需要获取数据与不需要获数据原文件/需要获取的图片正文数据/数码网报价单-0825更新/手机相关/ipad.jpg,1,0.985,visual_0825_source_crosschecked
20260825-599ba2d8a10f233cceef-01,2026-08-25,平板,device,苹果/iPad,iPad,iPad 6 2018款9.7,,,开机屏好外屏碎,80.0,元/台,,image_first_visual_crosscheck_0825,ipad.jpg,/mnt/data/decoded2/需要获取数据与不需要获数据原文件/需要获取的图片正文数据/数码网报价单-0825更新/手机相关/ipad.jpg,1,0.985,visual_0825_source_crosschecked
20260825-37b9a162604d0637a134-01,2026-08-25,平板,device,苹果/iPad,iPad,iPad 6 2018款9.7,,,开机屏坏,40.0,元/台,,image_first_visual_crosscheck_0825,ipad.jpg,/mnt/data/decoded2/需要获取数据与不需要获数据原文件/需要获取的图片正文数据/数码网报价单-0825更新/手机相关/ipad.jpg,1,0.985,visual_0825_source_crosschecked
20260825-069bcc0bcebd34ff5c6e-01,2026-08-25,平板,device,苹果/iPad,iPad,iPad 6 2018款9.7,,,开机屏坏配件坏,15.0,元/台,,image_first_visual_crosscheck_0825,ipad.jpg,/mnt/data/decoded2/需要获取数据与不需要获数据原文件/需要获取的图片正文数据/数码网报价单-0825更新/手机相关/ipad.jpg,1,0.985,visual_0825_source_crosschecked
20260825-4b15e94991803703e59d-01,2026-08-25,平板,device,苹果/iPad,iPad,iPad 6 2018款9.7,,,不开机,30.0,元/台,,image_first_visual_crosscheck_0825,ipad.jpg,/mnt/data/decoded2/需要获取数据与不需要获数据原文件/需要获取的图片正文数据/数码网报价单-0825更新/手机相关/ipad.jpg,1,0.985,visual_0825_source_crosschecked
20260825-2b2c07c2f0759513b1cf-01,2026-08-25,平板,device,苹果/iPad,iPad,iPad 6 2018款9.7,,,废板-整机,15.0,元/台,,image_first_visual_crosscheck_0825,ipad.jpg,/mnt/data/decoded2/需要获取数据与不需要获数据原文件/需要获取的图片正文数据/数码网报价单-0825更新/手机相关/ipad.jpg,1,0.985,visual_0825_source_crosschecked
20260825-148052030cca8fdaf83c-01,2026-08-25,平板,device,苹果/iPad,iPad,iPad5 2017款9.7,,,开机屏好,100.0,元/台,,image_first_visual_crosscheck_0825,ipad.jpg,/mnt/data/decoded2/需要获取数据与不需要获数据原文件/需要获取的图片正文数据/数码网报价单-0825更新/手机相关/ipad.jpg,1,0.985,visual_0825_source_crosschecked
20260825-53bf2319ea32f55f538c-01,2026-08-25,平板,device,苹果/iPad,iPad,iPad5 2017款9.7,,,开机屏好外屏碎,100.0,元/台,,image_first_visual_crosscheck_0825,ipad.jpg,/mnt/data/decoded2/需要获取数据与不需要获数据原文件/需要获取的图片正文数据/数码网报价单-0825更新/手机相关/ipad.jpg,1,0.985,visual_0825_source_crosschecked
20260825-5b7052f6223e45394fc8-01,2026-08-25,平板,device,苹果/iPad,iPad,iPad5 2017款9.7,,,开机屏坏,15.0,元/台,,image_first_visual_crosscheck_0825,ipad.jpg,/mnt/data/decoded2/需要获取数据与不需要获数据原文件/需要获取的图片正文数据/数码网报价单-0825更新/手机相关/ipad.jpg,1,0.985,visual_0825_source_crosschecked
20260825-5e45b0e4d7a393c810a3-01,2026-08-25,平板,device,苹果/iPad,iPad,iPad5 2017款9.7,,,开机屏坏配件坏,15.0,元/台,,image_first_visual_crosscheck_0825,ipad.jpg,/mnt/data/decoded2/需要获取数据与不需要获数据原文件/需要获取的图片正文数据/数码网报价单-0825更新/手机相关/ipad.jpg,1,0.985,visual_0825_source_crosschecked
20260825-854f6d0deff0522cbe18-01,2026-08-25,平板,device,苹果/iPad,iPad,iPad5 2017款9.7,,,不开机,15.0,元/台,,image_first_visual_crosscheck_0825,ipad.jpg,/mnt/data/decoded2/需要获取数据与不需要获数据原文件/需要获取的图片正文数据/数码网报价单-0825更新/手机相关/ipad.jpg,1,0.985,visual_0825_source_crosschecked
20260825-4e206d5c35b7a6a02f23-01,2026-08-25,平板,device,苹果/iPad,iPad,iPad5 2017款9.7,,,废板-整机,15.0,元/台,,image_first_visual_crosscheck_0825,ipad.jpg,/mnt/data/decoded2/需要获取数据与不需要获数据原文件/需要获取的图片正文数据/数码网报价单-0825更新/手机相关/ipad.jpg,1,0.985,visual_0825_source_crosschecked
20260825-dd0e3615dbc2be994f9e-01,2026-08-25,平板,device,苹果/iPad,iPad,iPad4 9.7寸,,,开机屏好,45.0,元/台,,image_first_visual_crosscheck_0825,ipad.jpg,/mnt/data/decoded2/需要获取数据与不需要获数据原文件/需要获取的图片正文数据/数码网报价单-0825更新/手机相关/ipad.jpg,1,0.985,visual_0825_source_crosschecked
20260825-158800cd1d63b3ea57fa-01,2026-08-25,平板,device,苹果/iPad,iPad,iPad4 9.7寸,,,开机屏好外屏碎,40.0,元/台,,image_first_visual_crosscheck_0825,ipad.jpg,/mnt/data/decoded2/需要获取数据与不需要获数据原文件/需要获取的图片正文数据/数码网报价单-0825更新/手机相关/ipad.jpg,1,0.985,visual_0825_source_crosschecked
20260825-bcf6eef1281a4bb1f02a-01,2026-08-25,平板,device,苹果/iPad,iPad,iPad4 9.7寸,,,开机屏坏,15.0,元/台,,image_first_visual_crosscheck_0825,ipad.jpg,/mnt/data/decoded2/需要获取数据与不需要获数据原文件/需要获取的图片正文数据/数码网报价单-0825更新/手机相关/ipad.jpg,1,0.985,visual_0825_source_crosschecked
20260825-ef9cf8a9ef298cea2304-01,2026-08-25,平板,device,苹果/iPad,iPad,iPad4 9.7寸,,,开机屏坏配件坏,15.0,元/台,,image_first_visual_crosscheck_0825,ipad.jpg,/mnt/data/decoded2/需要获取数据与不需要获数据原文件/需要获取的图片正文数据/数码网报价单-0825更新/手机相关/ipad.jpg,1,0.985,visual_0825_source_crosschecked
20260825-485d3a6005076633b5e6-01,2026-08-25,平板,device,苹果/iPad,iPad,iPad4 9.7寸,,,不开机,40.0,元/台,,image_first_visual_crosscheck_0825,ipad.jpg,/mnt/data/decoded2/需要获取数据与不需要获数据原文件/需要获取的图片正文数据/数码网报价单-0825更新/手机相关/ipad.jpg,1,0.985,visual_0825_source_crosschecked
20260825-022faec0b69e73335238-01,2026-08-25,平板,device,苹果/iPad,iPad,iPad4 9.7寸,,,废板-整机,15.0,元/台,,image_first_visual_crosscheck_0825,ipad.jpg,/mnt/data/decoded2/需要获取数据与不需要获数据原文件/需要获取的图片正文数据/数码网报价单-0825更新/手机相关/ipad.jpg,1,0.985,visual_0825_source_crosschecked
20260825-2a8da40638bb5b82702d-01,2026-08-25,平板,device,苹果/iPad,iPad,iPad3,,,开机屏好,45.0,元/台,,image_first_visual_crosscheck_0825,ipad.jpg,/mnt/data/decoded2/需要获取数据与不需要获数据原文件/需要获取的图片正文数据/数码网报价单-0825更新/手机相关/ipad.jpg,1,0.985,visual_0825_source_crosschecked
20260825-362b2db3267bd6749d50-01,2026-08-25,平板,device,苹果/iPad,iPad,iPad3,,,开机屏好外屏碎,40.0,元/台,,image_first_visual_crosscheck_0825,ipad.jpg,/mnt/data/decoded2/需要获取数据与不需要获数据原文件/需要获取的图片正文数据/数码网报价单-0825更新/手机相关/ipad.jpg,1,0.985,visual_0825_source_crosschecked
20260825-889b4bf577274d4f37c9-01,2026-08-25,平板,device,苹果/iPad,iPad,iPad3,,,开机屏坏,15.0,元/台,,image_first_visual_crosscheck_0825,ipad.jpg,/mnt/data/decoded2/需要获取数据与不需要获数据原文件/需要获取的图片正文数据/数码网报价单-0825更新/手机相关/ipad.jpg,1,0.985,visual_0825_source_crosschecked
20260825-ded5abc5232a131c73db-01,2026-08-25,平板,device,苹果/iPad,iPad,iPad3,,,开机屏坏配件坏,15.0,元/台,,image_first_visual_crosscheck_0825,ipad.jpg,/mnt/data/decoded2/需要获取数据与不需要获数据原文件/需要获取的图片正文数据/数码网报价单-0825更新/手机相关/ipad.jpg,1,0.985,visual_0825_source_crosschecked
20260825-7f76ee14096418a60ac4-01,2026-08-25,平板,device,苹果/iPad,iPad,iPad3,,,不开机,40.0,元/台,,image_first_visual_crosscheck_0825,ipad.jpg,/mnt/data/decoded2/需要获取数据与不需要获数据原文件/需要获取的图片正文数据/数码网报价单-0825更新/手机相关/ipad.jpg,1,0.985,visual_0825_source_crosschecked
20260825-8f00600731cdef8d4cd5-01,2026-08-25,平板,device,苹果/iPad,iPad,iPad3,,,废板-整机,15.0,元/台,,image_first_visual_crosscheck_0825,ipad.jpg,/mnt/data/decoded2/需要获取数据与不需要获数据原文件/需要获取的图片正文数据/数码网报价单-0825更新/手机相关/ipad.jpg,1,0.985,visual_0825_source_crosschecked
20260825-4c7ae79a98debdc8f19b-01,2026-08-25,平板,device,苹果/iPad,iPad,iPad2,,,开机屏好,45.0,元/台,,image_first_visual_crosscheck_0825,ipad.jpg,/mnt/data/decoded2/需要获取数据与不需要获数据原文件/需要获取的图片正文数据/数码网报价单-0825更新/手机相关/ipad.jpg,1,0.985,visual_0825_source_crosschecked
20260825-cfd3c43517ae2e07f3ee-01,2026-08-25,平板,device,苹果/iPad,iPad,iPad2,,,开机屏好外屏碎,40.0,元/台,,image_first_visual_crosscheck_0825,ipad.jpg,/mnt/data/decoded2/需要获取数据与不需要获数据原文件/需要获取的图片正文数据/数码网报价单-0825更新/手机相关/ipad.jpg,1,0.985,visual_0825_source_crosschecked
20260825-da92d16e8dea98310cce-01,2026-08-25,平板,device,苹果/iPad,iPad,iPad2,,,开机屏坏,15.0,元/台,,image_first_visual_crosscheck_0825,ipad.jpg,/mnt/data/decoded2/需要获取数据与不需要获数据原文件/需要获取的图片正文数据/数码网报价单-0825更新/手机相关/ipad.jpg,1,0.985,visual_0825_source_crosschecked
20260825-9f7179541b889afcee47-01,2026-08-25,平板,device,苹果/iPad,iPad,iPad2,,,开机屏坏配件坏,15.0,元/台,,image_first_visual_crosscheck_0825,ipad.jpg,/mnt/data/decoded2/需要获取数据与不需要获数据原文件/需要获取的图片正文数据/数码网报价单-0825更新/手机相关/ipad.jpg,1,0.985,visual_0825_source_crosschecked
20260825-59cb04685fa245a68e4c-01,2026-08-25,平板,device,苹果/iPad,iPad,iPad2,,,不开机,40.0,元/台,,image_first_visual_crosscheck_0825,ipad.jpg,/mnt/data/decoded2/需要获取数据与不需要获数据原文件/需要获取的图片正文数据/数码网报价单-0825更新/手机相关/ipad.jpg,1,0.985,visual_0825_source_crosschecked
20260825-f2a8c967263c4d601217-01,2026-08-25,平板,device,苹果/iPad,iPad,iPad2,,,废板-整机,15.0,元/台,,image_first_visual_crosscheck_0825,ipad.jpg,/mnt/data/decoded2/需要获取数据与不需要获数据原文件/需要获取的图片正文数据/数码网报价单-0825更新/手机相关/ipad.jpg,1,0.985,visual_0825_source_crosschecked
20260825-43835a94129b0e778d2c-01,2026-08-25,平板,device,苹果/iPad,iPad,iPad1,,,开机屏好,70.0,元/台,,image_first_visual_crosscheck_0825,ipad.jpg,/mnt/data/decoded2/需要获取数据与不需要获数据原文件/需要获取的图片正文数据/数码网报价单-0825更新/手机相关/ipad.jpg,1,0.985,visual_0825_source_crosschecked
20260825-5aa7dc0185c4b8de376c-01,2026-08-25,平板,device,苹果/iPad,iPad,iPad1,,,开机屏好外屏碎,70.0,元/台,,image_first_visual_crosscheck_0825,ipad.jpg,/mnt/data/decoded2/需要获取数据与不需要获数据原文件/需要获取的图片正文数据/数码网报价单-0825更新/手机相关/ipad.jpg,1,0.985,visual_0825_source_crosschecked
20260825-e9b6e9774b196a345594-01,2026-08-25,平板,device,苹果/iPad,iPad,iPad1,,,开机屏坏,15.0,元/台,,image_first_visual_crosscheck_0825,ipad.jpg,/mnt/data/decoded2/需要获取数据与不需要获数据原文件/需要获取的图片正文数据/数码网报价单-0825更新/手机相关/ipad.jpg,1,0.985,visual_0825_source_crosschecked
20260825-472b0e2bee108209e33b-01,2026-08-25,平板,device,苹果/iPad,iPad,iPad1,,,开机屏坏配件坏,15.0,元/台,,image_first_visual_crosscheck_0825,ipad.jpg,/mnt/data/decoded2/需要获取数据与不需要获数据原文件/需要获取的图片正文数据/数码网报价单-0825更新/手机相关/ipad.jpg,1,0.985,visual_0825_source_crosschecked
20260825-6328d2d47d98339087c9-01,2026-08-25,平板,device,苹果/iPad,iPad,iPad1,,,不开机,70.0,元/台,,image_first_visual_crosscheck_0825,ipad.jpg,/mnt/data/decoded2/需要获取数据与不需要获数据原文件/需要获取的图片正文数据/数码网报价单-0825更新/手机相关/ipad.jpg,1,0.985,visual_0825_source_crosschecked
20260825-3516bcf1244463f9b943-01,2026-08-25,平板,device,苹果/iPad,iPad,iPad1,,,废板-整机,15.0,元/台,,image_first_visual_crosscheck_0825,ipad.jpg,/mnt/data/decoded2/需要获取数据与不需要获数据原文件/需要获取的图片正文数据/数码网报价单-0825更新/手机相关/ipad.jpg,1,0.985,visual_0825_source_crosschecked
20260825-a2a9623ee0ba71577b1e-01,2026-08-25,平板,device,苹果/iPad,iPad,mini6,,,开机屏好,1300.0,元/台,,image_first_visual_crosscheck_0825,ipad.jpg,/mnt/data/decoded2/需要获取数据与不需要获数据原文件/需要获取的图片正文数据/数码网报价单-0825更新/手机相关/ipad.jpg,1,0.985,visual_0825_source_crosschecked
20260825-7b2b6a5d0627cbd0f3fa-01,2026-08-25,平板,device,苹果/iPad,iPad,mini6,,,开机屏好外屏碎,600.0,元/台,,image_first_visual_crosscheck_0825,ipad.jpg,/mnt/data/decoded2/需要获取数据与不需要获数据原文件/需要获取的图片正文数据/数码网报价单-0825更新/手机相关/ipad.jpg,1,0.985,visual_0825_source_crosschecked
20260825-76fbe834be9031baac52-01,2026-08-25,平板,device,苹果/iPad,iPad,mini6,,,开机屏坏,180.0,元/台,,image_first_visual_crosscheck_0825,ipad.jpg,/mnt/data/decoded2/需要获取数据与不需要获数据原文件/需要获取的图片正文数据/数码网报价单-0825更新/手机相关/ipad.jpg,1,0.985,visual_0825_source_crosschecked
20260825-9690314d4f2c8596d78e-01,2026-08-25,平板,device,苹果/iPad,iPad,mini6,,,开机屏坏配件坏,70.0,元/台,,image_first_visual_crosscheck_0825,ipad.jpg,/mnt/data/decoded2/需要获取数据与不需要获数据原文件/需要获取的图片正文数据/数码网报价单-0825更新/手机相关/ipad.jpg,1,0.985,visual_0825_source_crosschecked
20260825-64a2ff785b7c752d6823-01,2026-08-25,平板,device,苹果/iPad,iPad,mini6,,,不开机,180.0,元/台,,image_first_visual_crosscheck_0825,ipad.jpg,/mnt/data/decoded2/需要获取数据与不需要获数据原文件/需要获取的图片正文数据/数码网报价单-0825更新/手机相关/ipad.jpg,1,0.985,visual_0825_source_crosschecked
20260825-4a3da255900ba80013f0-01,2026-08-25,平板,device,苹果/iPad,iPad,mini6,,,废板-整机,15.0,元/台,,image_first_visual_crosscheck_0825,ipad.jpg,/mnt/data/decoded2/需要获取数据与不需要获数据原文件/需要获取的图片正文数据/数码网报价单-0825更新/手机相关/ipad.jpg,1,0.985,visual_0825_source_crosschecked
20260825-92bab96b3483246a3d9f-01,2026-08-25,平板,device,苹果/iPad,iPad,mini5,,,开机屏好,300.0,元/台,,image_first_visual_crosscheck_0825,ipad.jpg,/mnt/data/decoded2/需要获取数据与不需要获数据原文件/需要获取的图片正文数据/数码网报价单-0825更新/手机相关/ipad.jpg,1,0.985,visual_0825_source_crosschecked
20260825-2d7b291fe2ee2816c76f-01,2026-08-25,平板,device,苹果/iPad,iPad,mini5,,,开机屏好外屏碎,90.0,元/台,,image_first_visual_crosscheck_0825,ipad.jpg,/mnt/data/decoded2/需要获取数据与不需要获数据原文件/需要获取的图片正文数据/数码网报价单-0825更新/手机相关/ipad.jpg,1,0.985,visual_0825_source_crosschecked
20260825-0311cc1b6f91b726aab7-01,2026-08-25,平板,device,苹果/iPad,iPad,mini5,,,开机屏坏,15.0,元/台,,image_first_visual_crosscheck_0825,ipad.jpg,/mnt/data/decoded2/需要获取数据与不需要获数据原文件/需要获取的图片正文数据/数码网报价单-0825更新/手机相关/ipad.jpg,1,0.985,visual_0825_source_crosschecked
20260825-90a0c6745d519e2746d0-01,2026-08-25,平板,device,苹果/iPad,iPad,mini5,,,开机屏坏配件坏,15.0,元/台,,image_first_visual_crosscheck_0825,ipad.jpg,/mnt/data/decoded2/需要获取数据与不需要获数据原文件/需要获取的图片正文数据/数码网报价单-0825更新/手机相关/ipad.jpg,1,0.985,visual_0825_source_crosschecked
20260825-a24d38e5c420974489ec-01,2026-08-25,平板,device,苹果/iPad,iPad,mini5,,,不开机,15.0,元/台,,image_first_visual_crosscheck_0825,ipad.jpg,/mnt/data/decoded2/需要获取数据与不需要获数据原文件/需要获取的图片正文数据/数码网报价单-0825更新/手机相关/ipad.jpg,1,0.985,visual_0825_source_crosschecked
20260825-7dc260c9f59f26317c72-01,2026-08-25,平板,device,苹果/iPad,iPad,mini5,,,废板-整机,15.0,元/台,,image_first_visual_crosscheck_0825,ipad.jpg,/mnt/data/decoded2/需要获取数据与不需要获数据原文件/需要获取的图片正文数据/数码网报价单-0825更新/手机相关/ipad.jpg,1,0.985,visual_0825_source_crosschecked
20260825-accbd7089d127ef53937-01,2026-08-25,平板,device,苹果/iPad,iPad,mini4,,,开机屏好,50.0,元/台,,image_first_visual_crosscheck_0825,ipad.jpg,/mnt/data/decoded2/需要获取数据与不需要获数据原文件/需要获取的图片正文数据/数码网报价单-0825更新/手机相关/ipad.jpg,1,0.985,visual_0825_source_crosschecked
20260825-bd20ad0485111f233ea9-01,2026-08-25,平板,device,苹果/iPad,iPad,mini4,,,开机屏好外屏碎,50.0,元/台,,image_first_visual_crosscheck_0825,ipad.jpg,/mnt/data/decoded2/需要获取数据与不需要获数据原文件/需要获取的图片正文数据/数码网报价单-0825更新/手机相关/ipad.jpg,1,0.985,visual_0825_source_crosschecked
20260825-0f240f782f04205773ce-01,2026-08-25,平板,device,苹果/iPad,iPad,mini4,,,开机屏坏,15.0,元/台,,image_first_visual_crosscheck_0825,ipad.jpg,/mnt/data/decoded2/需要获取数据与不需要获数据原文件/需要获取的图片正文数据/数码网报价单-0825更新/手机相关/ipad.jpg,1,0.985,visual_0825_source_crosschecked
20260825-6e632d82febf135aaedb-01,2026-08-25,平板,device,苹果/iPad,iPad,mini4,,,开机屏坏配件坏,15.0,元/台,,image_first_visual_crosscheck_0825,ipad.jpg,/mnt/data/decoded2/需要获取数据与不需要获数据原文件/需要获取的图片正文数据/数码网报价单-0825更新/手机相关/ipad.jpg,1,0.985,visual_0825_source_crosschecked
20260825-2edd2c915de7baa1dbba-01,2026-08-25,平板,device,苹果/iPad,iPad,mini4,,,不开机,15.0,元/台,,image_first_visual_crosscheck_0825,ipad.jpg,/mnt/data/decoded2/需要获取数据与不需要获数据原文件/需要获取的图片正文数据/数码网报价单-0825更新/手机相关/ipad.jpg,1,0.985,visual_0825_source_crosschecked
20260825-9c2fe7414401b71b030f-01,2026-08-25,平板,device,苹果/iPad,iPad,mini4,,,废板-整机,15.0,元/台,,image_first_visual_crosscheck_0825,ipad.jpg,/mnt/data/decoded2/需要获取数据与不需要获数据原文件/需要获取的图片正文数据/数码网报价单-0825更新/手机相关/ipad.jpg,1,0.985,visual_0825_source_crosschecked
20260825-346f118030f6234d0245-01,2026-08-25,平板,device,苹果/iPad,iPad,mini3,,,开机屏好,40.0,元/台,,image_first_visual_crosscheck_0825,ipad.jpg,/mnt/data/decoded2/需要获取数据与不需要获数据原文件/需要获取的图片正文数据/数码网报价单-0825更新/手机相关/ipad.jpg,1,0.985,visual_0825_source_crosschecked
20260825-5d898ffbcdecdfa33d9f-01,2026-08-25,平板,device,苹果/iPad,iPad,mini3,,,开机屏好外屏碎,35.0,元/台,,image_first_visual_crosscheck_0825,ipad.jpg,/mnt/data/decoded2/需要获取数据与不需要获数据原文件/需要获取的图片正文数据/数码网报价单-0825更新/手机相关/ipad.jpg,1,0.985,visual_0825_source_crosschecked
20260825-dea6d325704ffa4a7c5e-01,2026-08-25,平板,device,苹果/iPad,iPad,mini3,,,开机屏坏,15.0,元/台,,image_first_visual_crosscheck_0825,ipad.jpg,/mnt/data/decoded2/需要获取数据与不需要获数据原文件/需要获取的图片正文数据/数码网报价单-0825更新/手机相关/ipad.jpg,1,0.985,visual_0825_source_crosschecked
20260825-fd73d6799ed4d4ffe317-01,2026-08-25,平板,device,苹果/iPad,iPad,mini3,,,开机屏坏配件坏,15.0,元/台,,image_first_visual_crosscheck_0825,ipad.jpg,/mnt/data/decoded2/需要获取数据与不需要获数据原文件/需要获取的图片正文数据/数码网报价单-0825更新/手机相关/ipad.jpg,1,0.985,visual_0825_source_crosschecked
20260825-6bebeeb1165a83f1097e-01,2026-08-25,平板,device,苹果/iPad,iPad,mini3,,,不开机,15.0,元/台,,image_first_visual_crosscheck_0825,ipad.jpg,/mnt/data/decoded2/需要获取数据与不需要获数据原文件/需要获取的图片正文数据/数码网报价单-0825更新/手机相关/ipad.jpg,1,0.985,visual_0825_source_crosschecked
20260825-399c07eea7aa3cb8fa68-01,2026-08-25,平板,device,苹果/iPad,iPad,mini3,,,废板-整机,15.0,元/台,,image_first_visual_crosscheck_0825,ipad.jpg,/mnt/data/decoded2/需要获取数据与不需要获数据原文件/需要获取的图片正文数据/数码网报价单-0825更新/手机相关/ipad.jpg,1,0.985,visual_0825_source_crosschecked
20260825-febbaf2f4470a5f6c8af-01,2026-08-25,平板,device,苹果/iPad,iPad,mini2,,,开机屏好,40.0,元/台,,image_first_visual_crosscheck_0825,ipad.jpg,/mnt/data/decoded2/需要获取数据与不需要获数据原文件/需要获取的图片正文数据/数码网报价单-0825更新/手机相关/ipad.jpg,1,0.985,visual_0825_source_crosschecked
20260825-5bf9de7eca4adeb8f2c7-01,2026-08-25,平板,device,苹果/iPad,iPad,mini2,,,开机屏好外屏碎,35.0,元/台,,image_first_visual_crosscheck_0825,ipad.jpg,/mnt/data/decoded2/需要获取数据与不需要获数据原文件/需要获取的图片正文数据/数码网报价单-0825更新/手机相关/ipad.jpg,1,0.985,visual_0825_source_crosschecked
20260825-d69d0ae4a8e99d1a67f3-01,2026-08-25,平板,device,苹果/iPad,iPad,mini2,,,开机屏坏,15.0,元/台,,image_first_visual_crosscheck_0825,ipad.jpg,/mnt/data/decoded2/需要获取数据与不需要获数据原文件/需要获取的图片正文数据/数码网报价单-0825更新/手机相关/ipad.jpg,1,0.985,visual_0825_source_crosschecked
20260825-a8146a661d79548dfcdd-01,2026-08-25,平板,device,苹果/iPad,iPad,mini2,,,开机屏坏配件坏,15.0,元/台,,image_first_visual_crosscheck_0825,ipad.jpg,/mnt/data/decoded2/需要获取数据与不需要获数据原文件/需要获取的图片正文数据/数码网报价单-0825更新/手机相关/ipad.jpg,1,0.985,visual_0825_source_crosschecked
20260825-cac51e44750cc214194e-01,2026-08-25,平板,device,苹果/iPad,iPad,mini2,,,不开机,15.0,元/台,,image_first_visual_crosscheck_0825,ipad.jpg,/mnt/data/decoded2/需要获取数据与不需要获数据原文件/需要获取的图片正文数据/数码网报价单-0825更新/手机相关/ipad.jpg,1,0.985,visual_0825_source_crosschecked
20260825-2222441bdce476e98b10-01,2026-08-25,平板,device,苹果/iPad,iPad,mini2,,,废板-整机,15.0,元/台,,image_first_visual_crosscheck_0825,ipad.jpg,/mnt/data/decoded2/需要获取数据与不需要获数据原文件/需要获取的图片正文数据/数码网报价单-0825更新/手机相关/ipad.jpg,1,0.985,visual_0825_source_crosschecked
20260825-2987e85920239e3e8037-01,2026-08-25,平板,device,苹果/iPad,iPad,mini1,,,开机屏好,30.0,元/台,,image_first_visual_crosscheck_0825,ipad.jpg,/mnt/data/decoded2/需要获取数据与不需要获数据原文件/需要获取的图片正文数据/数码网报价单-0825更新/手机相关/ipad.jpg,1,0.985,visual_0825_source_crosschecked
20260825-afad552d7c0cf126efcf-01,2026-08-25,平板,device,苹果/iPad,iPad,mini1,,,开机屏好外屏碎,30.0,元/台,,image_first_visual_crosscheck_0825,ipad.jpg,/mnt/data/decoded2/需要获取数据与不需要获数据原文件/需要获取的图片正文数据/数码网报价单-0825更新/手机相关/ipad.jpg,1,0.985,visual_0825_source_crosschecked
20260825-84993f4a14469b552563-01,2026-08-25,平板,device,苹果/iPad,iPad,mini1,,,开机屏坏,15.0,元/台,,image_first_visual_crosscheck_0825,ipad.jpg,/mnt/data/decoded2/需要获取数据与不需要获数据原文件/需要获取的图片正文数据/数码网报价单-0825更新/手机相关/ipad.jpg,1,0.985,visual_0825_source_crosschecked
20260825-7de8893c47e763656e1a-01,2026-08-25,平板,device,苹果/iPad,iPad,mini1,,,开机屏坏配件坏,15.0,元/台,,image_first_visual_crosscheck_0825,ipad.jpg,/mnt/data/decoded2/需要获取数据与不需要获数据原文件/需要获取的图片正文数据/数码网报价单-0825更新/手机相关/ipad.jpg,1,0.985,visual_0825_source_crosschecked
20260825-ec7cf7cd1e67be27525f-01,2026-08-25,平板,device,苹果/iPad,iPad,mini1,,,不开机,15.0,元/台,,image_first_visual_crosscheck_0825,ipad.jpg,/mnt/data/decoded2/需要获取数据与不需要获数据原文件/需要获取的图片正文数据/数码网报价单-0825更新/手机相关/ipad.jpg,1,0.985,visual_0825_source_crosschecked
20260825-ab385e944ed03c04ea98-01,2026-08-25,平板,device,苹果/iPad,iPad,mini1,,,废板-整机,15.0,元/台,,image_first_visual_crosscheck_0825,ipad.jpg,/mnt/data/decoded2/需要获取数据与不需要获数据原文件/需要获取的图片正文数据/数码网报价单-0825更新/手机相关/ipad.jpg,1,0.985,visual_0825_source_crosschecked
20260825-e3f110e857a5fdcf00c9-01,2026-08-25,手机,device,魅族,魅族系列,魅族21Pro,,,开机屏好,650.0,元/台,屏好的要求无账号 屏老化磕碰扣钱 不开机要求板靓,image_first_visual_crosscheck_0825,魅族.jpg,/mnt/data/decoded2/需要获取数据与不需要获数据原文件/需要获取的图片正文数据/数码网报价单-0825更新/手机相关/魅族.jpg,1,0.985,visual_0825_source_crosschecked
20260825-750fa8a0a8ea847cb952-01,2026-08-25,手机,device,魅族,魅族系列,魅族21Pro,,,开机屏坏,250.0,元/台,屏好的要求无账号 屏老化磕碰扣钱 不开机要求板靓,image_first_visual_crosscheck_0825,魅族.jpg,/mnt/data/decoded2/需要获取数据与不需要获数据原文件/需要获取的图片正文数据/数码网报价单-0825更新/手机相关/魅族.jpg,1,0.985,visual_0825_source_crosschecked
20260825-1070c5e314fc9fe20762-01,2026-08-25,手机,device,魅族,魅族系列,魅族21Pro,,,不开机,200.0,元/台,屏好的要求无账号 屏老化磕碰扣钱 不开机要求板靓,image_first_visual_crosscheck_0825,魅族.jpg,/mnt/data/decoded2/需要获取数据与不需要获数据原文件/需要获取的图片正文数据/数码网报价单-0825更新/手机相关/魅族.jpg,1,0.985,visual_0825_source_crosschecked
20260825-4655299165daf6b15373-01,2026-08-25,手机,device,魅族,魅族系列,魅族21Pro,,,废板-整机,200.0,元/台,屏好的要求无账号 屏老化磕碰扣钱 不开机要求板靓,image_first_visual_crosscheck_0825,魅族.jpg,/mnt/data/decoded2/需要获取数据与不需要获数据原文件/需要获取的图片正文数据/数码网报价单-0825更新/手机相关/魅族.jpg,1,0.985,visual_0825_source_crosschecked
20260825-54dd9565e880ae7524e5-01,2026-08-25,手机,device,魅族,魅族系列,魅族Lucky08,,,开机屏好,130.0,元/台,三星屏,image_first_visual_crosscheck_0825,魅族.jpg,/mnt/data/decoded2/需要获取数据与不需要获数据原文件/需要获取的图片正文数据/数码网报价单-0825更新/手机相关/魅族.jpg,1,0.985,visual_0825_source_crosschecked
20260825-c2f41ea89de3d323f4a1-01,2026-08-25,手机,device,魅族,魅族系列,魅族Lucky08,,,开机屏坏,130.0,元/台,三星屏,image_first_visual_crosscheck_0825,魅族.jpg,/mnt/data/decoded2/需要获取数据与不需要获数据原文件/需要获取的图片正文数据/数码网报价单-0825更新/手机相关/魅族.jpg,1,0.985,visual_0825_source_crosschecked
20260825-3472bec2824e4eabc817-01,2026-08-25,手机,device,魅族,魅族系列,魅族Lucky08,,,不开机,130.0,元/台,三星屏,image_first_visual_crosscheck_0825,魅族.jpg,/mnt/data/decoded2/需要获取数据与不需要获数据原文件/需要获取的图片正文数据/数码网报价单-0825更新/手机相关/魅族.jpg,1,0.985,visual_0825_source_crosschecked
20260825-145b49ce9970d5693a91-01,2026-08-25,手机,device,魅族,魅族系列,魅族Lucky08,,,废板-整机,130.0,元/台,三星屏,image_first_visual_crosscheck_0825,魅族.jpg,/mnt/data/decoded2/需要获取数据与不需要获数据原文件/需要获取的图片正文数据/数码网报价单-0825更新/手机相关/魅族.jpg,1,0.985,visual_0825_source_crosschecked
20260825-f9ef83972b28d1d51186-01,2026-08-25,手机,device,魅族,魅族系列,魅族21,,,开机屏好,650.0,元/台,屏好的要求无账号 屏老化磕碰扣钱 不开机要求板靓,image_first_visual_crosscheck_0825,魅族.jpg,/mnt/data/decoded2/需要获取数据与不需要获数据原文件/需要获取的图片正文数据/数码网报价单-0825更新/手机相关/魅族.jpg,1,0.985,visual_0825_source_crosschecked
20260825-dbb00fbc41d6d50c8fbd-01,2026-08-25,手机,device,魅族,魅族系列,魅族21,,,开机屏坏,250.0,元/台,屏好的要求无账号 屏老化磕碰扣钱 不开机要求板靓,image_first_visual_crosscheck_0825,魅族.jpg,/mnt/data/decoded2/需要获取数据与不需要获数据原文件/需要获取的图片正文数据/数码网报价单-0825更新/手机相关/魅族.jpg,1,0.985,visual_0825_source_crosschecked
20260825-0625bd97eebe246773f4-01,2026-08-25,手机,device,魅族,魅族系列,魅族21,,,不开机,200.0,元/台,屏好的要求无账号 屏老化磕碰扣钱 不开机要求板靓,image_first_visual_crosscheck_0825,魅族.jpg,/mnt/data/decoded2/需要获取数据与不需要获数据原文件/需要获取的图片正文数据/数码网报价单-0825更新/手机相关/魅族.jpg,1,0.985,visual_0825_source_crosschecked
20260825-2d2c6991820a7e2dd465-01,2026-08-25,手机,device,魅族,魅族系列,魅族21,,,废板-整机,200.0,元/台,屏好的要求无账号 屏老化磕碰扣钱 不开机要求板靓,image_first_visual_crosscheck_0825,魅族.jpg,/mnt/data/decoded2/需要获取数据与不需要获数据原文件/需要获取的图片正文数据/数码网报价单-0825更新/手机相关/魅族.jpg,1,0.985,visual_0825_source_crosschecked
20260825-c7b22c4d28315ea887a0-01,2026-08-25,手机,device,魅族,魅族系列,魅族20Pro,,,开机屏好,450.0,元/台,屏好的要求无账号 屏老化磕碰扣钱 不开机要求板靓,image_first_visual_crosscheck_0825,魅族.jpg,/mnt/data/decoded2/需要获取数据与不需要获数据原文件/需要获取的图片正文数据/数码网报价单-0825更新/手机相关/魅族.jpg,1,0.985,visual_0825_source_crosschecked
20260825-f389424a4b8a467261eb-01,2026-08-25,手机,device,魅族,魅族系列,魅族20Pro,,,开机屏坏,250.0,元/台,屏好的要求无账号 屏老化磕碰扣钱 不开机要求板靓,image_first_visual_crosscheck_0825,魅族.jpg,/mnt/data/decoded2/需要获取数据与不需要获数据原文件/需要获取的图片正文数据/数码网报价单-0825更新/手机相关/魅族.jpg,1,0.985,visual_0825_source_crosschecked
20260825-107aec10572872ca3342-01,2026-08-25,手机,device,魅族,魅族系列,魅族20Pro,,,不开机,200.0,元/台,屏好的要求无账号 屏老化磕碰扣钱 不开机要求板靓,image_first_visual_crosscheck_0825,魅族.jpg,/mnt/data/decoded2/需要获取数据与不需要获数据原文件/需要获取的图片正文数据/数码网报价单-0825更新/手机相关/魅族.jpg,1,0.985,visual_0825_source_crosschecked
20260825-67c5ab44a239bca2e80e-01,2026-08-25,手机,device,魅族,魅族系列,魅族20Pro,,,废板-整机,200.0,元/台,屏好的要求无账号 屏老化磕碰扣钱 不开机要求板靓,image_first_visual_crosscheck_0825,魅族.jpg,/mnt/data/decoded2/需要获取数据与不需要获数据原文件/需要获取的图片正文数据/数码网报价单-0825更新/手机相关/魅族.jpg,1,0.985,visual_0825_source_crosschecked
20260825-5662845749d317adb24c-01,2026-08-25,手机,device,魅族,魅族系列,魅族20,,,开机屏好,450.0,元/台,屏好的要求无账号 屏老化磕碰扣钱 不开机要求板靓,image_first_visual_crosscheck_0825,魅族.jpg,/mnt/data/decoded2/需要获取数据与不需要获数据原文件/需要获取的图片正文数据/数码网报价单-0825更新/手机相关/魅族.jpg,1,0.985,visual_0825_source_crosschecked
20260825-448d4db3d89823e87622-01,2026-08-25,手机,device,魅族,魅族系列,魅族20,,,开机屏坏,250.0,元/台,屏好的要求无账号 屏老化磕碰扣钱 不开机要求板靓,image_first_visual_crosscheck_0825,魅族.jpg,/mnt/data/decoded2/需要获取数据与不需要获数据原文件/需要获取的图片正文数据/数码网报价单-0825更新/手机相关/魅族.jpg,1,0.985,visual_0825_source_crosschecked
20260825-076b0329f84bc0627932-01,2026-08-25,手机,device,魅族,魅族系列,魅族20,,,不开机,200.0,元/台,屏好的要求无账号 屏老化磕碰扣钱 不开机要求板靓,image_first_visual_crosscheck_0825,魅族.jpg,/mnt/data/decoded2/需要获取数据与不需要获数据原文件/需要获取的图片正文数据/数码网报价单-0825更新/手机相关/魅族.jpg,1,0.985,visual_0825_source_crosschecked
20260825-dea9f6c1af241eaccf3b-01,2026-08-25,手机,device,魅族,魅族系列,魅族20,,,废板-整机,200.0,元/台,屏好的要求无账号 屏老化磕碰扣钱 不开机要求板靓,image_first_visual_crosscheck_0825,魅族.jpg,/mnt/data/decoded2/需要获取数据与不需要获数据原文件/需要获取的图片正文数据/数码网报价单-0825更新/手机相关/魅族.jpg,1,0.985,visual_0825_source_crosschecked
20260825-e917c3b28f2aded02557-01,2026-08-25,手机,device,魅族,魅族系列,18 pro,,,开机屏好,130.0,元/台,屏好要求无账号,image_first_visual_crosscheck_0825,魅族.jpg,/mnt/data/decoded2/需要获取数据与不需要获数据原文件/需要获取的图片正文数据/数码网报价单-0825更新/手机相关/魅族.jpg,1,0.985,visual_0825_source_crosschecked
20260825-3363970a44604017a61f-01,2026-08-25,手机,device,魅族,魅族系列,18 pro,,,开机屏坏,130.0,元/台,屏好要求无账号,image_first_visual_crosscheck_0825,魅族.jpg,/mnt/data/decoded2/需要获取数据与不需要获数据原文件/需要获取的图片正文数据/数码网报价单-0825更新/手机相关/魅族.jpg,1,0.985,visual_0825_source_crosschecked
20260825-6b4a84d7684109b73218-01,2026-08-25,手机,device,魅族,魅族系列,18 pro,,,不开机,130.0,元/台,屏好要求无账号,image_first_visual_crosscheck_0825,魅族.jpg,/mnt/data/decoded2/需要获取数据与不需要获数据原文件/需要获取的图片正文数据/数码网报价单-0825更新/手机相关/魅族.jpg,1,0.985,visual_0825_source_crosschecked
20260825-03192032deb6bb838c36-01,2026-08-25,手机,device,魅族,魅族系列,18 pro,,,废板-整机,130.0,元/台,屏好要求无账号,image_first_visual_crosscheck_0825,魅族.jpg,/mnt/data/decoded2/需要获取数据与不需要获数据原文件/需要获取的图片正文数据/数码网报价单-0825更新/手机相关/魅族.jpg,1,0.985,visual_0825_source_crosschecked
20260825-678e0168363f7d5d0302-01,2026-08-25,手机,device,魅族,魅族系列,18,,,开机屏好,130.0,元/台,,image_first_visual_crosscheck_0825,魅族.jpg,/mnt/data/decoded2/需要获取数据与不需要获数据原文件/需要获取的图片正文数据/数码网报价单-0825更新/手机相关/魅族.jpg,1,0.985,visual_0825_source_crosschecked
20260825-06bd225ae2ad1dab4d32-01,2026-08-25,手机,device,魅族,魅族系列,18,,,开机屏坏,130.0,元/台,,image_first_visual_crosscheck_0825,魅族.jpg,/mnt/data/decoded2/需要获取数据与不需要获数据原文件/需要获取的图片正文数据/数码网报价单-0825更新/手机相关/魅族.jpg,1,0.985,visual_0825_source_crosschecked
20260825-4a0cfef2a55f8e0a48a7-01,2026-08-25,手机,device,魅族,魅族系列,18,,,不开机,130.0,元/台,,image_first_visual_crosscheck_0825,魅族.jpg,/mnt/data/decoded2/需要获取数据与不需要获数据原文件/需要获取的图片正文数据/数码网报价单-0825更新/手机相关/魅族.jpg,1,0.985,visual_0825_source_crosschecked
20260825-51fa27da6f0dc335470b-01,2026-08-25,手机,device,魅族,魅族系列,18,,,废板-整机,130.0,元/台,,image_first_visual_crosscheck_0825,魅族.jpg,/mnt/data/decoded2/需要获取数据与不需要获数据原文件/需要获取的图片正文数据/数码网报价单-0825更新/手机相关/魅族.jpg,1,0.985,visual_0825_source_crosschecked
20260825-d18681a30c030235c739-01,2026-08-25,手机,device,魅族,魅族系列,17pro,,,开机屏好,130.0,元/台,,image_first_visual_crosscheck_0825,魅族.jpg,/mnt/data/decoded2/需要获取数据与不需要获数据原文件/需要获取的图片正文数据/数码网报价单-0825更新/手机相关/魅族.jpg,1,0.985,visual_0825_source_crosschecked
20260825-800485814fbdbb7cacfb-01,2026-08-25,手机,device,魅族,魅族系列,17pro,,,开机屏坏,130.0,元/台,,image_first_visual_crosscheck_0825,魅族.jpg,/mnt/data/decoded2/需要获取数据与不需要获数据原文件/需要获取的图片正文数据/数码网报价单-0825更新/手机相关/魅族.jpg,1,0.985,visual_0825_source_crosschecked
20260825-d6ab753f267dd6265be0-01,2026-08-25,手机,device,魅族,魅族系列,17pro,,,不开机,130.0,元/台,,image_first_visual_crosscheck_0825,魅族.jpg,/mnt/data/decoded2/需要获取数据与不需要获数据原文件/需要获取的图片正文数据/数码网报价单-0825更新/手机相关/魅族.jpg,1,0.985,visual_0825_source_crosschecked
20260825-fe02ba7752491a0dab70-01,2026-08-25,手机,device,魅族,魅族系列,17pro,,,废板-整机,130.0,元/台,,image_first_visual_crosscheck_0825,魅族.jpg,/mnt/data/decoded2/需要获取数据与不需要获数据原文件/需要获取的图片正文数据/数码网报价单-0825更新/手机相关/魅族.jpg,1,0.985,visual_0825_source_crosschecked
20260825-df8d82d52f4e097682f3-01,2026-08-25,手机,device,魅族,魅族系列,17,,,开机屏好,130.0,元/台,,image_first_visual_crosscheck_0825,魅族.jpg,/mnt/data/decoded2/需要获取数据与不需要获数据原文件/需要获取的图片正文数据/数码网报价单-0825更新/手机相关/魅族.jpg,1,0.985,visual_0825_source_crosschecked
20260825-b2e4610ff20fc7c0ff8e-01,2026-08-25,手机,device,魅族,魅族系列,17,,,开机屏坏,130.0,元/台,,image_first_visual_crosscheck_0825,魅族.jpg,/mnt/data/decoded2/需要获取数据与不需要获数据原文件/需要获取的图片正文数据/数码网报价单-0825更新/手机相关/魅族.jpg,1,0.985,visual_0825_source_crosschecked
20260825-1ed36ab64d8af8d45c4c-01,2026-08-25,手机,device,魅族,魅族系列,17,,,不开机,130.0,元/台,,image_first_visual_crosscheck_0825,魅族.jpg,/mnt/data/decoded2/需要获取数据与不需要获数据原文件/需要获取的图片正文数据/数码网报价单-0825更新/手机相关/魅族.jpg,1,0.985,visual_0825_source_crosschecked
20260825-4053abf047de9f9e3adb-01,2026-08-25,手机,device,魅族,魅族系列,17,,,废板-整机,130.0,元/台,,image_first_visual_crosscheck_0825,魅族.jpg,/mnt/data/decoded2/需要获取数据与不需要获数据原文件/需要获取的图片正文数据/数码网报价单-0825更新/手机相关/魅族.jpg,1,0.985,visual_0825_source_crosschecked
20260825-70cdd133ed868b7c79cb-01,2026-08-25,手机,device,魅族,魅族系列,16xs Pro,,,开机屏好,85.0,元/台,,image_first_visual_crosscheck_0825,魅族.jpg,/mnt/data/decoded2/需要获取数据与不需要获数据原文件/需要获取的图片正文数据/数码网报价单-0825更新/手机相关/魅族.jpg,1,0.985,visual_0825_source_crosschecked
20260825-77e44250381423ffaefc-01,2026-08-25,手机,device,魅族,魅族系列,16xs Pro,,,开机屏坏,85.0,元/台,,image_first_visual_crosscheck_0825,魅族.jpg,/mnt/data/decoded2/需要获取数据与不需要获数据原文件/需要获取的图片正文数据/数码网报价单-0825更新/手机相关/魅族.jpg,1,0.985,visual_0825_source_crosschecked
20260825-e566289d380c67991664-01,2026-08-25,手机,device,魅族,魅族系列,16xs Pro,,,不开机,85.0,元/台,,image_first_visual_crosscheck_0825,魅族.jpg,/mnt/data/decoded2/需要获取数据与不需要获数据原文件/需要获取的图片正文数据/数码网报价单-0825更新/手机相关/魅族.jpg,1,0.985,visual_0825_source_crosschecked
20260825-733f14010bc00437e460-01,2026-08-25,手机,device,魅族,魅族系列,16xs Pro,,,废板-整机,85.0,元/台,,image_first_visual_crosscheck_0825,魅族.jpg,/mnt/data/decoded2/需要获取数据与不需要获数据原文件/需要获取的图片正文数据/数码网报价单-0825更新/手机相关/魅族.jpg,1,0.985,visual_0825_source_crosschecked
20260825-32ea90d057b8551811cb-01,2026-08-25,手机,device,魅族,魅族系列,16xs,,,开机屏好,85.0,元/台,,image_first_visual_crosscheck_0825,魅族.jpg,/mnt/data/decoded2/需要获取数据与不需要获数据原文件/需要获取的图片正文数据/数码网报价单-0825更新/手机相关/魅族.jpg,1,0.985,visual_0825_source_crosschecked
20260825-9373aa449bccc35acb06-01,2026-08-25,手机,device,魅族,魅族系列,16xs,,,开机屏坏,85.0,元/台,,image_first_visual_crosscheck_0825,魅族.jpg,/mnt/data/decoded2/需要获取数据与不需要获数据原文件/需要获取的图片正文数据/数码网报价单-0825更新/手机相关/魅族.jpg,1,0.985,visual_0825_source_crosschecked
20260825-b4552881cad409cbf1db-01,2026-08-25,手机,device,魅族,魅族系列,16xs,,,不开机,85.0,元/台,,image_first_visual_crosscheck_0825,魅族.jpg,/mnt/data/decoded2/需要获取数据与不需要获数据原文件/需要获取的图片正文数据/数码网报价单-0825更新/手机相关/魅族.jpg,1,0.985,visual_0825_source_crosschecked
20260825-bd534fa9c32467fe81bc-01,2026-08-25,手机,device,魅族,魅族系列,16xs,,,废板-整机,85.0,元/台,,image_first_visual_crosscheck_0825,魅族.jpg,/mnt/data/decoded2/需要获取数据与不需要获数据原文件/需要获取的图片正文数据/数码网报价单-0825更新/手机相关/魅族.jpg,1,0.985,visual_0825_source_crosschecked
20260825-a871a47167931f5f84b5-01,2026-08-25,手机,device,魅族,魅族系列,16x,,,开机屏好,150.0,元/台,,image_first_visual_crosscheck_0825,魅族.jpg,/mnt/data/decoded2/需要获取数据与不需要获数据原文件/需要获取的图片正文数据/数码网报价单-0825更新/手机相关/魅族.jpg,1,0.985,visual_0825_source_crosschecked
20260825-5d6d6e4d475ff040f5fc-01,2026-08-25,手机,device,魅族,魅族系列,16x,,,开机屏坏,150.0,元/台,,image_first_visual_crosscheck_0825,魅族.jpg,/mnt/data/decoded2/需要获取数据与不需要获数据原文件/需要获取的图片正文数据/数码网报价单-0825更新/手机相关/魅族.jpg,1,0.985,visual_0825_source_crosschecked
20260825-616685c9711b963ee756-01,2026-08-25,手机,device,魅族,魅族系列,16x,,,不开机,150.0,元/台,,image_first_visual_crosscheck_0825,魅族.jpg,/mnt/data/decoded2/需要获取数据与不需要获数据原文件/需要获取的图片正文数据/数码网报价单-0825更新/手机相关/魅族.jpg,1,0.985,visual_0825_source_crosschecked
20260825-09bb0f3bf98651d49669-01,2026-08-25,手机,device,魅族,魅族系列,16x,,,废板-整机,150.0,元/台,,image_first_visual_crosscheck_0825,魅族.jpg,/mnt/data/decoded2/需要获取数据与不需要获数据原文件/需要获取的图片正文数据/数码网报价单-0825更新/手机相关/魅族.jpg,1,0.985,visual_0825_source_crosschecked
20260825-0e45d171cb13b8c8237c-01,2026-08-25,手机,device,魅族,魅族系列,16th plus,,,开机屏好,85.0,元/台,,image_first_visual_crosscheck_0825,魅族.jpg,/mnt/data/decoded2/需要获取数据与不需要获数据原文件/需要获取的图片正文数据/数码网报价单-0825更新/手机相关/魅族.jpg,1,0.985,visual_0825_source_crosschecked
20260825-90c93e3b98f5a8ad0625-01,2026-08-25,手机,device,魅族,魅族系列,16th plus,,,开机屏坏,85.0,元/台,,image_first_visual_crosscheck_0825,魅族.jpg,/mnt/data/decoded2/需要获取数据与不需要获数据原文件/需要获取的图片正文数据/数码网报价单-0825更新/手机相关/魅族.jpg,1,0.985,visual_0825_source_crosschecked
20260825-32c44666d49e33da9671-01,2026-08-25,手机,device,魅族,魅族系列,16th plus,,,不开机,85.0,元/台,,image_first_visual_crosscheck_0825,魅族.jpg,/mnt/data/decoded2/需要获取数据与不需要获数据原文件/需要获取的图片正文数据/数码网报价单-0825更新/手机相关/魅族.jpg,1,0.985,visual_0825_source_crosschecked
20260825-e59cc84e18fb9d23a69b-01,2026-08-25,手机,device,魅族,魅族系列,16th plus,,,废板-整机,85.0,元/台,,image_first_visual_crosscheck_0825,魅族.jpg,/mnt/data/decoded2/需要获取数据与不需要获数据原文件/需要获取的图片正文数据/数码网报价单-0825更新/手机相关/魅族.jpg,1,0.985,visual_0825_source_crosschecked
20260825-b34dabb1c26406df65f3-01,2026-08-25,手机,device,魅族,魅族系列,16th,,,开机屏好,85.0,元/台,,image_first_visual_crosscheck_0825,魅族.jpg,/mnt/data/decoded2/需要获取数据与不需要获数据原文件/需要获取的图片正文数据/数码网报价单-0825更新/手机相关/魅族.jpg,1,0.985,visual_0825_source_crosschecked
20260825-3ad11862c254497f1e53-01,2026-08-25,手机,device,魅族,魅族系列,16th,,,开机屏坏,85.0,元/台,,image_first_visual_crosscheck_0825,魅族.jpg,/mnt/data/decoded2/需要获取数据与不需要获数据原文件/需要获取的图片正文数据/数码网报价单-0825更新/手机相关/魅族.jpg,1,0.985,visual_0825_source_crosschecked
20260825-3a3c2153597706504be5-01,2026-08-25,手机,device,魅族,魅族系列,16th,,,不开机,85.0,元/台,,image_first_visual_crosscheck_0825,魅族.jpg,/mnt/data/decoded2/需要获取数据与不需要获数据原文件/需要获取的图片正文数据/数码网报价单-0825更新/手机相关/魅族.jpg,1,0.985,visual_0825_source_crosschecked
20260825-b4f9ad02545b54c0223e-01,2026-08-25,手机,device,魅族,魅族系列,16th,,,废板-整机,85.0,元/台,,image_first_visual_crosscheck_0825,魅族.jpg,/mnt/data/decoded2/需要获取数据与不需要获数据原文件/需要获取的图片正文数据/数码网报价单-0825更新/手机相关/魅族.jpg,1,0.985,visual_0825_source_crosschecked
20260825-db631624e13cd4bd252b-01,2026-08-25,手机,device,魅族,魅族系列,16t,,,开机屏好,85.0,元/台,,image_first_visual_crosscheck_0825,魅族.jpg,/mnt/data/decoded2/需要获取数据与不需要获数据原文件/需要获取的图片正文数据/数码网报价单-0825更新/手机相关/魅族.jpg,1,0.985,visual_0825_source_crosschecked
20260825-636f7801075a4d1e5717-01,2026-08-25,手机,device,魅族,魅族系列,16t,,,开机屏坏,85.0,元/台,,image_first_visual_crosscheck_0825,魅族.jpg,/mnt/data/decoded2/需要获取数据与不需要获数据原文件/需要获取的图片正文数据/数码网报价单-0825更新/手机相关/魅族.jpg,1,0.985,visual_0825_source_crosschecked
20260825-f62cf6b28d9ceb0045b1-01,2026-08-25,手机,device,魅族,魅族系列,16t,,,不开机,85.0,元/台,,image_first_visual_crosscheck_0825,魅族.jpg,/mnt/data/decoded2/需要获取数据与不需要获数据原文件/需要获取的图片正文数据/数码网报价单-0825更新/手机相关/魅族.jpg,1,0.985,visual_0825_source_crosschecked
20260825-72d1dd6d33eed4d8501e-01,2026-08-25,手机,device,魅族,魅族系列,16t,,,废板-整机,85.0,元/台,,image_first_visual_crosscheck_0825,魅族.jpg,/mnt/data/decoded2/需要获取数据与不需要获数据原文件/需要获取的图片正文数据/数码网报价单-0825更新/手机相关/魅族.jpg,1,0.985,visual_0825_source_crosschecked
20260825-76a6244988601b513eda-01,2026-08-25,手机,device,魅族,魅族系列,16S PRO,,,开机屏好,85.0,元/台,,image_first_visual_crosscheck_0825,魅族.jpg,/mnt/data/decoded2/需要获取数据与不需要获数据原文件/需要获取的图片正文数据/数码网报价单-0825更新/手机相关/魅族.jpg,1,0.985,visual_0825_source_crosschecked
20260825-14502281fb7e063040e4-01,2026-08-25,手机,device,魅族,魅族系列,16S PRO,,,开机屏坏,85.0,元/台,,image_first_visual_crosscheck_0825,魅族.jpg,/mnt/data/decoded2/需要获取数据与不需要获数据原文件/需要获取的图片正文数据/数码网报价单-0825更新/手机相关/魅族.jpg,1,0.985,visual_0825_source_crosschecked
20260825-e2cf1b6013e322261822-01,2026-08-25,手机,device,魅族,魅族系列,16S PRO,,,不开机,85.0,元/台,,image_first_visual_crosscheck_0825,魅族.jpg,/mnt/data/decoded2/需要获取数据与不需要获数据原文件/需要获取的图片正文数据/数码网报价单-0825更新/手机相关/魅族.jpg,1,0.985,visual_0825_source_crosschecked
20260825-baf778396756048bb086-01,2026-08-25,手机,device,魅族,魅族系列,16S PRO,,,废板-整机,85.0,元/台,,image_first_visual_crosscheck_0825,魅族.jpg,/mnt/data/decoded2/需要获取数据与不需要获数据原文件/需要获取的图片正文数据/数码网报价单-0825更新/手机相关/魅族.jpg,1,0.985,visual_0825_source_crosschecked
20260825-aa4cb5db4aec1c595a96-01,2026-08-25,手机,device,魅族,魅族系列,16s,,,开机屏好,85.0,元/台,,image_first_visual_crosscheck_0825,魅族.jpg,/mnt/data/decoded2/需要获取数据与不需要获数据原文件/需要获取的图片正文数据/数码网报价单-0825更新/手机相关/魅族.jpg,1,0.985,visual_0825_source_crosschecked
20260825-3f2dea02127dc5a965ad-01,2026-08-25,手机,device,魅族,魅族系列,16s,,,开机屏坏,85.0,元/台,,image_first_visual_crosscheck_0825,魅族.jpg,/mnt/data/decoded2/需要获取数据与不需要获数据原文件/需要获取的图片正文数据/数码网报价单-0825更新/手机相关/魅族.jpg,1,0.985,visual_0825_source_crosschecked
20260825-635886ef20604a1eb4b2-01,2026-08-25,手机,device,魅族,魅族系列,16s,,,不开机,85.0,元/台,,image_first_visual_crosscheck_0825,魅族.jpg,/mnt/data/decoded2/需要获取数据与不需要获数据原文件/需要获取的图片正文数据/数码网报价单-0825更新/手机相关/魅族.jpg,1,0.985,visual_0825_source_crosschecked
20260825-1b14a6c21c4c7246bacf-01,2026-08-25,手机,device,魅族,魅族系列,16s,,,废板-整机,85.0,元/台,,image_first_visual_crosscheck_0825,魅族.jpg,/mnt/data/decoded2/需要获取数据与不需要获数据原文件/需要获取的图片正文数据/数码网报价单-0825更新/手机相关/魅族.jpg,1,0.985,visual_0825_source_crosschecked
20260825-fc1b8337f5f877992bb9-01,2026-08-25,手机,device,魅族,魅族系列,16,,,开机屏好,85.0,元/台,,image_first_visual_crosscheck_0825,魅族.jpg,/mnt/data/decoded2/需要获取数据与不需要获数据原文件/需要获取的图片正文数据/数码网报价单-0825更新/手机相关/魅族.jpg,1,0.985,visual_0825_source_crosschecked
20260825-fb364665101a8913acc5-01,2026-08-25,手机,device,魅族,魅族系列,16,,,开机屏坏,85.0,元/台,,image_first_visual_crosscheck_0825,魅族.jpg,/mnt/data/decoded2/需要获取数据与不需要获数据原文件/需要获取的图片正文数据/数码网报价单-0825更新/手机相关/魅族.jpg,1,0.985,visual_0825_source_crosschecked
20260825-c8e71742695a94350ccc-01,2026-08-25,手机,device,魅族,魅族系列,16,,,不开机,85.0,元/台,,image_first_visual_crosscheck_0825,魅族.jpg,/mnt/data/decoded2/需要获取数据与不需要获数据原文件/需要获取的图片正文数据/数码网报价单-0825更新/手机相关/魅族.jpg,1,0.985,visual_0825_source_crosschecked
20260825-7b523d97591f70b9989f-01,2026-08-25,手机,device,魅族,魅族系列,16,,,废板-整机,85.0,元/台,,image_first_visual_crosscheck_0825,魅族.jpg,/mnt/data/decoded2/需要获取数据与不需要获数据原文件/需要获取的图片正文数据/数码网报价单-0825更新/手机相关/魅族.jpg,1,0.985,visual_0825_source_crosschecked
20260825-b20c0d97fe85b2a8e75c-01,2026-08-25,手机,device,魅族,魅族系列,15plus,,,开机屏好,33.0,元/台,,image_first_visual_crosscheck_0825,魅族.jpg,/mnt/data/decoded2/需要获取数据与不需要获数据原文件/需要获取的图片正文数据/数码网报价单-0825更新/手机相关/魅族.jpg,1,0.985,visual_0825_source_crosschecked
20260825-1b33b2ebae940847e0be-01,2026-08-25,手机,device,魅族,魅族系列,15plus,,,开机屏坏,33.0,元/台,,image_first_visual_crosscheck_0825,魅族.jpg,/mnt/data/decoded2/需要获取数据与不需要获数据原文件/需要获取的图片正文数据/数码网报价单-0825更新/手机相关/魅族.jpg,1,0.985,visual_0825_source_crosschecked
20260825-3947a0fd7fce9a149eba-01,2026-08-25,手机,device,魅族,魅族系列,15plus,,,不开机,33.0,元/台,,image_first_visual_crosscheck_0825,魅族.jpg,/mnt/data/decoded2/需要获取数据与不需要获数据原文件/需要获取的图片正文数据/数码网报价单-0825更新/手机相关/魅族.jpg,1,0.985,visual_0825_source_crosschecked
20260825-07b48310f14cea348b9c-01,2026-08-25,手机,device,魅族,魅族系列,15plus,,,废板-整机,33.0,元/台,,image_first_visual_crosscheck_0825,魅族.jpg,/mnt/data/decoded2/需要获取数据与不需要获数据原文件/需要获取的图片正文数据/数码网报价单-0825更新/手机相关/魅族.jpg,1,0.985,visual_0825_source_crosschecked
20260825-f81c79d1e5c768c4fc2d-01,2026-08-25,手机,device,魅族,魅族系列,M15,,,开机屏好,120.0,元/台,金属后盖,image_first_visual_crosscheck_0825,魅族.jpg,/mnt/data/decoded2/需要获取数据与不需要获数据原文件/需要获取的图片正文数据/数码网报价单-0825更新/手机相关/魅族.jpg,1,0.985,visual_0825_source_crosschecked
20260825-3d73b6b2b014cf3e80f7-01,2026-08-25,手机,device,魅族,魅族系列,M15,,,开机屏坏,120.0,元/台,金属后盖,image_first_visual_crosscheck_0825,魅族.jpg,/mnt/data/decoded2/需要获取数据与不需要获数据原文件/需要获取的图片正文数据/数码网报价单-0825更新/手机相关/魅族.jpg,1,0.985,visual_0825_source_crosschecked
20260825-f3541b2ac50b6e11b90b-01,2026-08-25,手机,device,魅族,魅族系列,M15,,,不开机,120.0,元/台,金属后盖,image_first_visual_crosscheck_0825,魅族.jpg,/mnt/data/decoded2/需要获取数据与不需要获数据原文件/需要获取的图片正文数据/数码网报价单-0825更新/手机相关/魅族.jpg,1,0.985,visual_0825_source_crosschecked
20260825-4986e77bb75e4e407ab8-01,2026-08-25,手机,device,魅族,魅族系列,M15,,,废板-整机,120.0,元/台,金属后盖,image_first_visual_crosscheck_0825,魅族.jpg,/mnt/data/decoded2/需要获取数据与不需要获数据原文件/需要获取的图片正文数据/数码网报价单-0825更新/手机相关/魅族.jpg,1,0.985,visual_0825_source_crosschecked
20260825-36da517d69a0da36e0ed-01,2026-08-25,手机,device,魅族,魅族系列,15,,,开机屏好,150.0,元/台,金属陶瓷后盖,image_first_visual_crosscheck_0825,魅族.jpg,/mnt/data/decoded2/需要获取数据与不需要获数据原文件/需要获取的图片正文数据/数码网报价单-0825更新/手机相关/魅族.jpg,1,0.985,visual_0825_source_crosschecked
20260825-fbaddc71e8fe538ca389-01,2026-08-25,手机,device,魅族,魅族系列,15,,,开机屏坏,150.0,元/台,金属陶瓷后盖,image_first_visual_crosscheck_0825,魅族.jpg,/mnt/data/decoded2/需要获取数据与不需要获数据原文件/需要获取的图片正文数据/数码网报价单-0825更新/手机相关/魅族.jpg,1,0.985,visual_0825_source_crosschecked
20260825-14af6d2b07dd74a75d82-01,2026-08-25,手机,device,魅族,魅族系列,15,,,不开机,150.0,元/台,金属陶瓷后盖,image_first_visual_crosscheck_0825,魅族.jpg,/mnt/data/decoded2/需要获取数据与不需要获数据原文件/需要获取的图片正文数据/数码网报价单-0825更新/手机相关/魅族.jpg,1,0.985,visual_0825_source_crosschecked
20260825-8765f7f3beb97a7a982c-01,2026-08-25,手机,device,魅族,魅族系列,15,,,废板-整机,150.0,元/台,金属陶瓷后盖,image_first_visual_crosscheck_0825,魅族.jpg,/mnt/data/decoded2/需要获取数据与不需要获数据原文件/需要获取的图片正文数据/数码网报价单-0825更新/手机相关/魅族.jpg,1,0.985,visual_0825_source_crosschecked
20260825-9c1ac66a99a9e9e19ba3-01,2026-08-25,手机,device,魅族,魅族系列,X8,,,开机屏好,120.0,元/台,塑料后盖,image_first_visual_crosscheck_0825,魅族.jpg,/mnt/data/decoded2/需要获取数据与不需要获数据原文件/需要获取的图片正文数据/数码网报价单-0825更新/手机相关/魅族.jpg,1,0.985,visual_0825_source_crosschecked
20260825-4285603165ed3d5ec1fc-01,2026-08-25,手机,device,魅族,魅族系列,X8,,,开机屏坏,120.0,元/台,塑料后盖,image_first_visual_crosscheck_0825,魅族.jpg,/mnt/data/decoded2/需要获取数据与不需要获数据原文件/需要获取的图片正文数据/数码网报价单-0825更新/手机相关/魅族.jpg,1,0.985,visual_0825_source_crosschecked
20260825-978fd41f6671bc600e9a-01,2026-08-25,手机,device,魅族,魅族系列,X8,,,不开机,120.0,元/台,塑料后盖,image_first_visual_crosscheck_0825,魅族.jpg,/mnt/data/decoded2/需要获取数据与不需要获数据原文件/需要获取的图片正文数据/数码网报价单-0825更新/手机相关/魅族.jpg,1,0.985,visual_0825_source_crosschecked
20260825-98d1f7c08bd6edd3de1c-01,2026-08-25,手机,device,魅族,魅族系列,X8,,,废板-整机,120.0,元/台,塑料后盖,image_first_visual_crosscheck_0825,魅族.jpg,/mnt/data/decoded2/需要获取数据与不需要获数据原文件/需要获取的图片正文数据/数码网报价单-0825更新/手机相关/魅族.jpg,1,0.985,visual_0825_source_crosschecked
20260825-9ab6df6cbf6d62fd6acb-01,2026-08-25,手机,device,魅族,魅族系列,V8 (高配),,,开机屏好,120.0,元/台,金属后盖V8高配，尺寸比魅族note8小,image_first_visual_crosscheck_0825,魅族.jpg,/mnt/data/decoded2/需要获取数据与不需要获数据原文件/需要获取的图片正文数据/数码网报价单-0825更新/手机相关/魅族.jpg,1,0.985,visual_0825_source_crosschecked
20260825-96ab09633b62ac3c1689-01,2026-08-25,手机,device,魅族,魅族系列,V8 (高配),,,开机屏坏,120.0,元/台,金属后盖V8高配，尺寸比魅族note8小,image_first_visual_crosscheck_0825,魅族.jpg,/mnt/data/decoded2/需要获取数据与不需要获数据原文件/需要获取的图片正文数据/数码网报价单-0825更新/手机相关/魅族.jpg,1,0.985,visual_0825_source_crosschecked
20260825-6a1c9e93e8dce19769b5-01,2026-08-25,手机,device,魅族,魅族系列,V8 (高配),,,不开机,120.0,元/台,金属后盖V8高配，尺寸比魅族note8小,image_first_visual_crosscheck_0825,魅族.jpg,/mnt/data/decoded2/需要获取数据与不需要获数据原文件/需要获取的图片正文数据/数码网报价单-0825更新/手机相关/魅族.jpg,1,0.985,visual_0825_source_crosschecked
20260825-bb0432dbc8e2784d84d6-01,2026-08-25,手机,device,魅族,魅族系列,V8 (高配),,,废板-整机,120.0,元/台,金属后盖V8高配，尺寸比魅族note8小,image_first_visual_crosscheck_0825,魅族.jpg,/mnt/data/decoded2/需要获取数据与不需要获数据原文件/需要获取的图片正文数据/数码网报价单-0825更新/手机相关/魅族.jpg,1,0.985,visual_0825_source_crosschecked
20260825-31a51f2a1ee3e8969bf5-01,2026-08-25,手机,device,魅族,魅族系列,V8 (低配),,,开机屏好,45.0,元/台,,image_first_visual_crosscheck_0825,魅族.jpg,/mnt/data/decoded2/需要获取数据与不需要获数据原文件/需要获取的图片正文数据/数码网报价单-0825更新/手机相关/魅族.jpg,1,0.985,visual_0825_source_crosschecked
20260825-388897e116d6761fbeec-01,2026-08-25,手机,device,魅族,魅族系列,V8 (低配),,,开机屏坏,45.0,元/台,,image_first_visual_crosscheck_0825,魅族.jpg,/mnt/data/decoded2/需要获取数据与不需要获数据原文件/需要获取的图片正文数据/数码网报价单-0825更新/手机相关/魅族.jpg,1,0.985,visual_0825_source_crosschecked
20260825-5323e5062b38061be883-01,2026-08-25,手机,device,魅族,魅族系列,V8 (低配),,,不开机,45.0,元/台,,image_first_visual_crosscheck_0825,魅族.jpg,/mnt/data/decoded2/需要获取数据与不需要获数据原文件/需要获取的图片正文数据/数码网报价单-0825更新/手机相关/魅族.jpg,1,0.985,visual_0825_source_crosschecked
20260825-fe08efe3f9bdf13fb7c2-01,2026-08-25,手机,device,魅族,魅族系列,V8 (低配),,,废板-整机,45.0,元/台,,image_first_visual_crosscheck_0825,魅族.jpg,/mnt/data/decoded2/需要获取数据与不需要获数据原文件/需要获取的图片正文数据/数码网报价单-0825更新/手机相关/魅族.jpg,1,0.985,visual_0825_source_crosschecked
20260825-643634d25ce0396d3810-01,2026-08-25,手机,device,魅族,魅族系列,Pro7plus,,,开机屏好,33.0,元/台,,image_first_visual_crosscheck_0825,魅族.jpg,/mnt/data/decoded2/需要获取数据与不需要获数据原文件/需要获取的图片正文数据/数码网报价单-0825更新/手机相关/魅族.jpg,1,0.985,visual_0825_source_crosschecked
20260825-aa36928357923b49b97f-01,2026-08-25,手机,device,魅族,魅族系列,Pro7plus,,,开机屏坏,33.0,元/台,,image_first_visual_crosscheck_0825,魅族.jpg,/mnt/data/decoded2/需要获取数据与不需要获数据原文件/需要获取的图片正文数据/数码网报价单-0825更新/手机相关/魅族.jpg,1,0.985,visual_0825_source_crosschecked
20260825-34227eaa371ca9657a48-01,2026-08-25,手机,device,魅族,魅族系列,Pro7plus,,,不开机,33.0,元/台,,image_first_visual_crosscheck_0825,魅族.jpg,/mnt/data/decoded2/需要获取数据与不需要获数据原文件/需要获取的图片正文数据/数码网报价单-0825更新/手机相关/魅族.jpg,1,0.985,visual_0825_source_crosschecked
20260825-d36b4768bf661c657a1d-01,2026-08-25,手机,device,魅族,魅族系列,Pro7plus,,,废板-整机,33.0,元/台,,image_first_visual_crosscheck_0825,魅族.jpg,/mnt/data/decoded2/需要获取数据与不需要获数据原文件/需要获取的图片正文数据/数码网报价单-0825更新/手机相关/魅族.jpg,1,0.985,visual_0825_source_crosschecked
20260825-8fa295e0775ec7e5b248-01,2026-08-25,手机,device,魅族,魅族系列,Pro7,,,开机屏好,120.0,元/台,,image_first_visual_crosscheck_0825,魅族.jpg,/mnt/data/decoded2/需要获取数据与不需要获数据原文件/需要获取的图片正文数据/数码网报价单-0825更新/手机相关/魅族.jpg,1,0.985,visual_0825_source_crosschecked
20260825-d052984e8453ff2df9ed-01,2026-08-25,手机,device,魅族,魅族系列,Pro7,,,开机屏坏,120.0,元/台,,image_first_visual_crosscheck_0825,魅族.jpg,/mnt/data/decoded2/需要获取数据与不需要获数据原文件/需要获取的图片正文数据/数码网报价单-0825更新/手机相关/魅族.jpg,1,0.985,visual_0825_source_crosschecked
20260825-7a25c1404583bf155003-01,2026-08-25,手机,device,魅族,魅族系列,Pro7,,,不开机,120.0,元/台,,image_first_visual_crosscheck_0825,魅族.jpg,/mnt/data/decoded2/需要获取数据与不需要获数据原文件/需要获取的图片正文数据/数码网报价单-0825更新/手机相关/魅族.jpg,1,0.985,visual_0825_source_crosschecked
20260825-1e7cd2c1a40c666da373-01,2026-08-25,手机,device,魅族,魅族系列,Pro7,,,废板-整机,120.0,元/台,,image_first_visual_crosscheck_0825,魅族.jpg,/mnt/data/decoded2/需要获取数据与不需要获数据原文件/需要获取的图片正文数据/数码网报价单-0825更新/手机相关/魅族.jpg,1,0.985,visual_0825_source_crosschecked
20260825-8ce6860a29daf3d1e64e-01,2026-08-25,手机,device,魅族,魅族系列,Pro6plus,,,开机屏好,33.0,元/台,,image_first_visual_crosscheck_0825,魅族.jpg,/mnt/data/decoded2/需要获取数据与不需要获数据原文件/需要获取的图片正文数据/数码网报价单-0825更新/手机相关/魅族.jpg,1,0.985,visual_0825_source_crosschecked
20260825-73af67db1f11a57ac89c-01,2026-08-25,手机,device,魅族,魅族系列,Pro6plus,,,开机屏坏,33.0,元/台,,image_first_visual_crosscheck_0825,魅族.jpg,/mnt/data/decoded2/需要获取数据与不需要获数据原文件/需要获取的图片正文数据/数码网报价单-0825更新/手机相关/魅族.jpg,1,0.985,visual_0825_source_crosschecked
20260825-1c580031491074852c76-01,2026-08-25,手机,device,魅族,魅族系列,Pro6plus,,,不开机,33.0,元/台,,image_first_visual_crosscheck_0825,魅族.jpg,/mnt/data/decoded2/需要获取数据与不需要获数据原文件/需要获取的图片正文数据/数码网报价单-0825更新/手机相关/魅族.jpg,1,0.985,visual_0825_source_crosschecked
20260825-ae24942e89a14abdc088-01,2026-08-25,手机,device,魅族,魅族系列,Pro6plus,,,废板-整机,33.0,元/台,,image_first_visual_crosscheck_0825,魅族.jpg,/mnt/data/decoded2/需要获取数据与不需要获数据原文件/需要获取的图片正文数据/数码网报价单-0825更新/手机相关/魅族.jpg,1,0.985,visual_0825_source_crosschecked
20260825-5719a535fe63df4bd992-01,2026-08-25,手机,device,魅族,魅族系列,Pro6,,,开机屏好,45.0,元/台,,image_first_visual_crosscheck_0825,魅族.jpg,/mnt/data/decoded2/需要获取数据与不需要获数据原文件/需要获取的图片正文数据/数码网报价单-0825更新/手机相关/魅族.jpg,1,0.985,visual_0825_source_crosschecked
20260825-b2872444b5613681b6de-01,2026-08-25,手机,device,魅族,魅族系列,Pro6,,,开机屏坏,45.0,元/台,,image_first_visual_crosscheck_0825,魅族.jpg,/mnt/data/decoded2/需要获取数据与不需要获数据原文件/需要获取的图片正文数据/数码网报价单-0825更新/手机相关/魅族.jpg,1,0.985,visual_0825_source_crosschecked
20260825-0865bae752a776145cea-01,2026-08-25,手机,device,魅族,魅族系列,Pro6,,,不开机,45.0,元/台,,image_first_visual_crosscheck_0825,魅族.jpg,/mnt/data/decoded2/需要获取数据与不需要获数据原文件/需要获取的图片正文数据/数码网报价单-0825更新/手机相关/魅族.jpg,1,0.985,visual_0825_source_crosschecked
20260825-9d4901105e3a3605cbaf-01,2026-08-25,手机,device,魅族,魅族系列,Pro6,,,废板-整机,45.0,元/台,,image_first_visual_crosscheck_0825,魅族.jpg,/mnt/data/decoded2/需要获取数据与不需要获数据原文件/需要获取的图片正文数据/数码网报价单-0825更新/手机相关/魅族.jpg,1,0.985,visual_0825_source_crosschecked
20260825-049428006a93c34ad3a4-01,2026-08-25,手机,device,魅族,魅族系列,Pro6s,,,开机屏好,45.0,元/台,,image_first_visual_crosscheck_0825,魅族.jpg,/mnt/data/decoded2/需要获取数据与不需要获数据原文件/需要获取的图片正文数据/数码网报价单-0825更新/手机相关/魅族.jpg,1,0.985,visual_0825_source_crosschecked
20260825-03311cb39d0aef94612b-01,2026-08-25,手机,device,魅族,魅族系列,Pro6s,,,开机屏坏,45.0,元/台,,image_first_visual_crosscheck_0825,魅族.jpg,/mnt/data/decoded2/需要获取数据与不需要获数据原文件/需要获取的图片正文数据/数码网报价单-0825更新/手机相关/魅族.jpg,1,0.985,visual_0825_source_crosschecked
20260825-64d4cad26f3ab80afeb7-01,2026-08-25,手机,device,魅族,魅族系列,Pro6s,,,不开机,45.0,元/台,,image_first_visual_crosscheck_0825,魅族.jpg,/mnt/data/decoded2/需要获取数据与不需要获数据原文件/需要获取的图片正文数据/数码网报价单-0825更新/手机相关/魅族.jpg,1,0.985,visual_0825_source_crosschecked
20260825-e21eb81e8d2c18cdeb0c-01,2026-08-25,手机,device,魅族,魅族系列,Pro6s,,,废板-整机,45.0,元/台,,image_first_visual_crosscheck_0825,魅族.jpg,/mnt/data/decoded2/需要获取数据与不需要获数据原文件/需要获取的图片正文数据/数码网报价单-0825更新/手机相关/魅族.jpg,1,0.985,visual_0825_source_crosschecked
20260825-85fd3f37a9148a798689-01,2026-08-25,手机,device,魅族,魅族系列,Mx6,,,开机屏好,45.0,元/台,,image_first_visual_crosscheck_0825,魅族.jpg,/mnt/data/decoded2/需要获取数据与不需要获数据原文件/需要获取的图片正文数据/数码网报价单-0825更新/手机相关/魅族.jpg,1,0.985,visual_0825_source_crosschecked
20260825-2d2c792e4ed5f85a49c2-01,2026-08-25,手机,device,魅族,魅族系列,Mx6,,,开机屏坏,45.0,元/台,,image_first_visual_crosscheck_0825,魅族.jpg,/mnt/data/decoded2/需要获取数据与不需要获数据原文件/需要获取的图片正文数据/数码网报价单-0825更新/手机相关/魅族.jpg,1,0.985,visual_0825_source_crosschecked
20260825-3405bee3b43da79fc91b-01,2026-08-25,手机,device,魅族,魅族系列,Mx6,,,不开机,45.0,元/台,,image_first_visual_crosscheck_0825,魅族.jpg,/mnt/data/decoded2/需要获取数据与不需要获数据原文件/需要获取的图片正文数据/数码网报价单-0825更新/手机相关/魅族.jpg,1,0.985,visual_0825_source_crosschecked
20260825-5fb159bf160d145b9e1b-01,2026-08-25,手机,device,魅族,魅族系列,Mx6,,,废板-整机,45.0,元/台,,image_first_visual_crosscheck_0825,魅族.jpg,/mnt/data/decoded2/需要获取数据与不需要获数据原文件/需要获取的图片正文数据/数码网报价单-0825更新/手机相关/魅族.jpg,1,0.985,visual_0825_source_crosschecked
20260825-3b0e8e75a967faf4fd97-01,2026-08-25,手机,device,魅族,魅族系列,Mx5pro,,,开机屏好,20.0,元/台,三星屏,image_first_visual_crosscheck_0825,魅族.jpg,/mnt/data/decoded2/需要获取数据与不需要获数据原文件/需要获取的图片正文数据/数码网报价单-0825更新/手机相关/魅族.jpg,1,0.985,visual_0825_source_crosschecked
20260825-643875854b7e1e1fc01a-01,2026-08-25,手机,device,魅族,魅族系列,Mx5pro,,,开机屏坏,20.0,元/台,三星屏,image_first_visual_crosscheck_0825,魅族.jpg,/mnt/data/decoded2/需要获取数据与不需要获数据原文件/需要获取的图片正文数据/数码网报价单-0825更新/手机相关/魅族.jpg,1,0.985,visual_0825_source_crosschecked
20260825-cbbd36e897a43c4c2c92-01,2026-08-25,手机,device,魅族,魅族系列,Mx5pro,,,不开机,20.0,元/台,三星屏,image_first_visual_crosscheck_0825,魅族.jpg,/mnt/data/decoded2/需要获取数据与不需要获数据原文件/需要获取的图片正文数据/数码网报价单-0825更新/手机相关/魅族.jpg,1,0.985,visual_0825_source_crosschecked
20260825-b9a362eb074247284f9e-01,2026-08-25,手机,device,魅族,魅族系列,Mx5pro,,,废板-整机,20.0,元/台,三星屏,image_first_visual_crosscheck_0825,魅族.jpg,/mnt/data/decoded2/需要获取数据与不需要获数据原文件/需要获取的图片正文数据/数码网报价单-0825更新/手机相关/魅族.jpg,1,0.985,visual_0825_source_crosschecked
20260825-92043f67be94a6384b26-01,2026-08-25,手机,device,魅族,魅族系列,Mx5,,,开机屏好,20.0,元/台,三星屏,image_first_visual_crosscheck_0825,魅族.jpg,/mnt/data/decoded2/需要获取数据与不需要获数据原文件/需要获取的图片正文数据/数码网报价单-0825更新/手机相关/魅族.jpg,1,0.985,visual_0825_source_crosschecked
20260825-225d7dcb53800c424aa6-01,2026-08-25,手机,device,魅族,魅族系列,Mx5,,,开机屏坏,20.0,元/台,三星屏,image_first_visual_crosscheck_0825,魅族.jpg,/mnt/data/decoded2/需要获取数据与不需要获数据原文件/需要获取的图片正文数据/数码网报价单-0825更新/手机相关/魅族.jpg,1,0.985,visual_0825_source_crosschecked
20260825-eadee6b334a70e633475-01,2026-08-25,手机,device,魅族,魅族系列,Mx5,,,不开机,20.0,元/台,三星屏,image_first_visual_crosscheck_0825,魅族.jpg,/mnt/data/decoded2/需要获取数据与不需要获数据原文件/需要获取的图片正文数据/数码网报价单-0825更新/手机相关/魅族.jpg,1,0.985,visual_0825_source_crosschecked
20260825-17a9dda97a521502e748-01,2026-08-25,手机,device,魅族,魅族系列,Mx5,,,废板-整机,20.0,元/台,三星屏,image_first_visual_crosscheck_0825,魅族.jpg,/mnt/data/decoded2/需要获取数据与不需要获数据原文件/需要获取的图片正文数据/数码网报价单-0825更新/手机相关/魅族.jpg,1,0.985,visual_0825_source_crosschecked
20260825-9a2a652886476bb3f7e2-01,2026-08-25,手机,device,魅族,魅族note系列,魅族note16,,,开机屏好,150.0,元/台,,image_first_visual_crosscheck_0825,魅族.jpg,/mnt/data/decoded2/需要获取数据与不需要获数据原文件/需要获取的图片正文数据/数码网报价单-0825更新/手机相关/魅族.jpg,1,0.985,visual_0825_source_crosschecked
20260825-77ef26179415107fd3ca-01,2026-08-25,手机,device,魅族,魅族note系列,魅族note16,,,开机屏坏,150.0,元/台,,image_first_visual_crosscheck_0825,魅族.jpg,/mnt/data/decoded2/需要获取数据与不需要获数据原文件/需要获取的图片正文数据/数码网报价单-0825更新/手机相关/魅族.jpg,1,0.985,visual_0825_source_crosschecked
20260825-35bd08e241aa95cc7fdb-01,2026-08-25,手机,device,魅族,魅族note系列,魅族note16,,,不开机,150.0,元/台,,image_first_visual_crosscheck_0825,魅族.jpg,/mnt/data/decoded2/需要获取数据与不需要获数据原文件/需要获取的图片正文数据/数码网报价单-0825更新/手机相关/魅族.jpg,1,0.985,visual_0825_source_crosschecked
20260825-3b0d6c48943d807d08d1-01,2026-08-25,手机,device,魅族,魅族note系列,魅族note16,,,废板-整机,150.0,元/台,,image_first_visual_crosscheck_0825,魅族.jpg,/mnt/data/decoded2/需要获取数据与不需要获数据原文件/需要获取的图片正文数据/数码网报价单-0825更新/手机相关/魅族.jpg,1,0.985,visual_0825_source_crosschecked
20260825-f4111274ff3292d434a9-01,2026-08-25,手机,device,魅族,魅蓝系列,魅蓝20,,,开机屏好,120.0,元/台,,image_first_visual_crosscheck_0825,魅族.jpg,/mnt/data/decoded2/需要获取数据与不需要获数据原文件/需要获取的图片正文数据/数码网报价单-0825更新/手机相关/魅族.jpg,1,0.985,visual_0825_source_crosschecked
20260825-87a8c85b16a3d8da9a79-01,2026-08-25,手机,device,魅族,魅蓝系列,魅蓝20,,,开机屏坏,120.0,元/台,,image_first_visual_crosscheck_0825,魅族.jpg,/mnt/data/decoded2/需要获取数据与不需要获数据原文件/需要获取的图片正文数据/数码网报价单-0825更新/手机相关/魅族.jpg,1,0.985,visual_0825_source_crosschecked
20260825-b326e4cbe61b4f636f7b-01,2026-08-25,手机,device,魅族,魅蓝系列,魅蓝20,,,不开机,120.0,元/台,,image_first_visual_crosscheck_0825,魅族.jpg,/mnt/data/decoded2/需要获取数据与不需要获数据原文件/需要获取的图片正文数据/数码网报价单-0825更新/手机相关/魅族.jpg,1,0.985,visual_0825_source_crosschecked
20260825-d511d187b2a7212416a3-01,2026-08-25,手机,device,魅族,魅蓝系列,魅蓝20,,,废板-整机,120.0,元/台,,image_first_visual_crosscheck_0825,魅族.jpg,/mnt/data/decoded2/需要获取数据与不需要获数据原文件/需要获取的图片正文数据/数码网报价单-0825更新/手机相关/魅族.jpg,1,0.985,visual_0825_source_crosschecked
20260825-3b2f22ea857edde671da-01,2026-08-25,手机,device,魅族,魅蓝系列,魅蓝S6,,,开机屏好,45.0,元/台,,image_first_visual_crosscheck_0825,魅族.jpg,/mnt/data/decoded2/需要获取数据与不需要获数据原文件/需要获取的图片正文数据/数码网报价单-0825更新/手机相关/魅族.jpg,1,0.985,visual_0825_source_crosschecked
20260825-a88a99f55c6abc65b252-01,2026-08-25,手机,device,魅族,魅蓝系列,魅蓝S6,,,开机屏坏,45.0,元/台,,image_first_visual_crosscheck_0825,魅族.jpg,/mnt/data/decoded2/需要获取数据与不需要获数据原文件/需要获取的图片正文数据/数码网报价单-0825更新/手机相关/魅族.jpg,1,0.985,visual_0825_source_crosschecked
20260825-23d75452c994fa4fa69c-01,2026-08-25,手机,device,魅族,魅蓝系列,魅蓝S6,,,不开机,45.0,元/台,,image_first_visual_crosscheck_0825,魅族.jpg,/mnt/data/decoded2/需要获取数据与不需要获数据原文件/需要获取的图片正文数据/数码网报价单-0825更新/手机相关/魅族.jpg,1,0.985,visual_0825_source_crosschecked
20260825-2598200f04262a4f5cea-01,2026-08-25,手机,device,魅族,魅蓝系列,魅蓝S6,,,废板-整机,45.0,元/台,,image_first_visual_crosscheck_0825,魅族.jpg,/mnt/data/decoded2/需要获取数据与不需要获数据原文件/需要获取的图片正文数据/数码网报价单-0825更新/手机相关/魅族.jpg,1,0.985,visual_0825_source_crosschecked
20260825-246c85f294d942ae8ead-01,2026-08-25,手机,device,魅族,魅蓝系列,魅蓝Note9,,,开机屏好,140.0,元/台,,image_first_visual_crosscheck_0825,魅族.jpg,/mnt/data/decoded2/需要获取数据与不需要获数据原文件/需要获取的图片正文数据/数码网报价单-0825更新/手机相关/魅族.jpg,1,0.985,visual_0825_source_crosschecked
20260825-ca140a21a0a1377ab569-01,2026-08-25,手机,device,魅族,魅蓝系列,魅蓝Note9,,,开机屏坏,140.0,元/台,,image_first_visual_crosscheck_0825,魅族.jpg,/mnt/data/decoded2/需要获取数据与不需要获数据原文件/需要获取的图片正文数据/数码网报价单-0825更新/手机相关/魅族.jpg,1,0.985,visual_0825_source_crosschecked
20260825-afaa0a4d4f5a13c1e8ae-01,2026-08-25,手机,device,魅族,魅蓝系列,魅蓝Note9,,,不开机,140.0,元/台,,image_first_visual_crosscheck_0825,魅族.jpg,/mnt/data/decoded2/需要获取数据与不需要获数据原文件/需要获取的图片正文数据/数码网报价单-0825更新/手机相关/魅族.jpg,1,0.985,visual_0825_source_crosschecked
20260825-60113f0f2c1dc10e9e4a-01,2026-08-25,手机,device,魅族,魅蓝系列,魅蓝Note9,,,废板-整机,140.0,元/台,,image_first_visual_crosscheck_0825,魅族.jpg,/mnt/data/decoded2/需要获取数据与不需要获数据原文件/需要获取的图片正文数据/数码网报价单-0825更新/手机相关/魅族.jpg,1,0.985,visual_0825_source_crosschecked
20260825-fa7b0dc610db7877120d-01,2026-08-25,手机,device,魅族,魅蓝系列,魅蓝Note8,,,开机屏好,85.0,元/台,,image_first_visual_crosscheck_0825,魅族.jpg,/mnt/data/decoded2/需要获取数据与不需要获数据原文件/需要获取的图片正文数据/数码网报价单-0825更新/手机相关/魅族.jpg,1,0.985,visual_0825_source_crosschecked
20260825-e69f74bb40f29578b46b-01,2026-08-25,手机,device,魅族,魅蓝系列,魅蓝Note8,,,开机屏坏,85.0,元/台,,image_first_visual_crosscheck_0825,魅族.jpg,/mnt/data/decoded2/需要获取数据与不需要获数据原文件/需要获取的图片正文数据/数码网报价单-0825更新/手机相关/魅族.jpg,1,0.985,visual_0825_source_crosschecked
20260825-e30e4b9621c31e9f909a-01,2026-08-25,手机,device,魅族,魅蓝系列,魅蓝Note8,,,不开机,85.0,元/台,,image_first_visual_crosscheck_0825,魅族.jpg,/mnt/data/decoded2/需要获取数据与不需要获数据原文件/需要获取的图片正文数据/数码网报价单-0825更新/手机相关/魅族.jpg,1,0.985,visual_0825_source_crosschecked
20260825-5de980015cb6222e5b46-01,2026-08-25,手机,device,魅族,魅蓝系列,魅蓝Note8,,,废板-整机,85.0,元/台,,image_first_visual_crosscheck_0825,魅族.jpg,/mnt/data/decoded2/需要获取数据与不需要获数据原文件/需要获取的图片正文数据/数码网报价单-0825更新/手机相关/魅族.jpg,1,0.985,visual_0825_source_crosschecked
20260825-970b4f15031373fbb28c-01,2026-08-25,手机,device,魅族,魅蓝系列,魅蓝Note6,,,开机屏好,65.0,元/台,,image_first_visual_crosscheck_0825,魅族.jpg,/mnt/data/decoded2/需要获取数据与不需要获数据原文件/需要获取的图片正文数据/数码网报价单-0825更新/手机相关/魅族.jpg,1,0.985,visual_0825_source_crosschecked
20260825-46d17a4f3bfe7553cbb6-01,2026-08-25,手机,device,魅族,魅蓝系列,魅蓝Note6,,,开机屏坏,65.0,元/台,,image_first_visual_crosscheck_0825,魅族.jpg,/mnt/data/decoded2/需要获取数据与不需要获数据原文件/需要获取的图片正文数据/数码网报价单-0825更新/手机相关/魅族.jpg,1,0.985,visual_0825_source_crosschecked
20260825-0dd6bbcd88f24bc8d825-01,2026-08-25,手机,device,魅族,魅蓝系列,魅蓝Note6,,,不开机,65.0,元/台,,image_first_visual_crosscheck_0825,魅族.jpg,/mnt/data/decoded2/需要获取数据与不需要获数据原文件/需要获取的图片正文数据/数码网报价单-0825更新/手机相关/魅族.jpg,1,0.985,visual_0825_source_crosschecked
20260825-c5ea74169a94a37d49c7-01,2026-08-25,手机,device,魅族,魅蓝系列,魅蓝Note6,,,废板-整机,65.0,元/台,,image_first_visual_crosscheck_0825,魅族.jpg,/mnt/data/decoded2/需要获取数据与不需要获数据原文件/需要获取的图片正文数据/数码网报价单-0825更新/手机相关/魅族.jpg,1,0.985,visual_0825_source_crosschecked
20260825-d8fb536abdaf26cbc315-01,2026-08-25,手机,device,魅族,魅蓝系列,魅蓝E3,,,开机屏好,120.0,元/台,,image_first_visual_crosscheck_0825,魅族.jpg,/mnt/data/decoded2/需要获取数据与不需要获数据原文件/需要获取的图片正文数据/数码网报价单-0825更新/手机相关/魅族.jpg,1,0.985,visual_0825_source_crosschecked
20260825-fc02864fff5af4414372-01,2026-08-25,手机,device,魅族,魅蓝系列,魅蓝E3,,,开机屏坏,120.0,元/台,,image_first_visual_crosscheck_0825,魅族.jpg,/mnt/data/decoded2/需要获取数据与不需要获数据原文件/需要获取的图片正文数据/数码网报价单-0825更新/手机相关/魅族.jpg,1,0.985,visual_0825_source_crosschecked
20260825-cbf41f88c4c516ca29f4-01,2026-08-25,手机,device,魅族,魅蓝系列,魅蓝E3,,,不开机,120.0,元/台,,image_first_visual_crosscheck_0825,魅族.jpg,/mnt/data/decoded2/需要获取数据与不需要获数据原文件/需要获取的图片正文数据/数码网报价单-0825更新/手机相关/魅族.jpg,1,0.985,visual_0825_source_crosschecked
20260825-1eb5ea62ef6ebe549875-01,2026-08-25,手机,device,魅族,魅蓝系列,魅蓝E3,,,废板-整机,120.0,元/台,,image_first_visual_crosscheck_0825,魅族.jpg,/mnt/data/decoded2/需要获取数据与不需要获数据原文件/需要获取的图片正文数据/数码网报价单-0825更新/手机相关/魅族.jpg,1,0.985,visual_0825_source_crosschecked
20260825-d1e8a58926645e40ac21-01,2026-08-25,手机,device,魅族,魅蓝系列,魅蓝E2,,,开机屏好,85.0,元/台,,image_first_visual_crosscheck_0825,魅族.jpg,/mnt/data/decoded2/需要获取数据与不需要获数据原文件/需要获取的图片正文数据/数码网报价单-0825更新/手机相关/魅族.jpg,1,0.985,visual_0825_source_crosschecked
20260825-d9f55e90c477a1c9c93f-01,2026-08-25,手机,device,魅族,魅蓝系列,魅蓝E2,,,开机屏坏,85.0,元/台,,image_first_visual_crosscheck_0825,魅族.jpg,/mnt/data/decoded2/需要获取数据与不需要获数据原文件/需要获取的图片正文数据/数码网报价单-0825更新/手机相关/魅族.jpg,1,0.985,visual_0825_source_crosschecked
20260825-717e55de512d9c6c830f-01,2026-08-25,手机,device,魅族,魅蓝系列,魅蓝E2,,,不开机,85.0,元/台,,image_first_visual_crosscheck_0825,魅族.jpg,/mnt/data/decoded2/需要获取数据与不需要获数据原文件/需要获取的图片正文数据/数码网报价单-0825更新/手机相关/魅族.jpg,1,0.985,visual_0825_source_crosschecked
20260825-865dba1a2409c7743ee8-01,2026-08-25,手机,device,魅族,魅蓝系列,魅蓝E2,,,废板-整机,85.0,元/台,,image_first_visual_crosscheck_0825,魅族.jpg,/mnt/data/decoded2/需要获取数据与不需要获数据原文件/需要获取的图片正文数据/数码网报价单-0825更新/手机相关/魅族.jpg,1,0.985,visual_0825_source_crosschecked
20260825-157ab3039b0c3d37c637-01,2026-08-25,手机,device,魅族,魅蓝系列,魅蓝E,,,开机屏好,65.0,元/台,,image_first_visual_crosscheck_0825,魅族.jpg,/mnt/data/decoded2/需要获取数据与不需要获数据原文件/需要获取的图片正文数据/数码网报价单-0825更新/手机相关/魅族.jpg,1,0.985,visual_0825_source_crosschecked
20260825-d07c7449f4922f8d22c9-01,2026-08-25,手机,device,魅族,魅蓝系列,魅蓝E,,,开机屏坏,65.0,元/台,,image_first_visual_crosscheck_0825,魅族.jpg,/mnt/data/decoded2/需要获取数据与不需要获数据原文件/需要获取的图片正文数据/数码网报价单-0825更新/手机相关/魅族.jpg,1,0.985,visual_0825_source_crosschecked
20260825-a1e1ad7928617297297a-01,2026-08-25,手机,device,魅族,魅蓝系列,魅蓝E,,,不开机,65.0,元/台,,image_first_visual_crosscheck_0825,魅族.jpg,/mnt/data/decoded2/需要获取数据与不需要获数据原文件/需要获取的图片正文数据/数码网报价单-0825更新/手机相关/魅族.jpg,1,0.985,visual_0825_source_crosschecked
20260825-42d60fc8106f47ba062b-01,2026-08-25,手机,device,魅族,魅蓝系列,魅蓝E,,,废板-整机,65.0,元/台,,image_first_visual_crosscheck_0825,魅族.jpg,/mnt/data/decoded2/需要获取数据与不需要获数据原文件/需要获取的图片正文数据/数码网报价单-0825更新/手机相关/魅族.jpg,1,0.985,visual_0825_source_crosschecked
20260825-d0351ee2855da8772898-01,2026-08-25,手机,device,魅族,点数系列,魅蓝U20,,,开机屏好,33.0,元/台,,image_first_visual_crosscheck_0825,魅族.jpg,/mnt/data/decoded2/需要获取数据与不需要获数据原文件/需要获取的图片正文数据/数码网报价单-0825更新/手机相关/魅族.jpg,1,0.985,visual_0825_source_crosschecked
20260825-0da7f42caec587c518a6-01,2026-08-25,手机,device,魅族,点数系列,魅蓝U20,,,开机屏坏,33.0,元/台,,image_first_visual_crosscheck_0825,魅族.jpg,/mnt/data/decoded2/需要获取数据与不需要获数据原文件/需要获取的图片正文数据/数码网报价单-0825更新/手机相关/魅族.jpg,1,0.985,visual_0825_source_crosschecked
20260825-6980e5c47113e4120524-01,2026-08-25,手机,device,魅族,点数系列,魅蓝U20,,,不开机,33.0,元/台,,image_first_visual_crosscheck_0825,魅族.jpg,/mnt/data/decoded2/需要获取数据与不需要获数据原文件/需要获取的图片正文数据/数码网报价单-0825更新/手机相关/魅族.jpg,1,0.985,visual_0825_source_crosschecked
20260825-967b488175ee4da37067-01,2026-08-25,手机,device,魅族,点数系列,魅蓝U20,,,废板-整机,33.0,元/台,,image_first_visual_crosscheck_0825,魅族.jpg,/mnt/data/decoded2/需要获取数据与不需要获数据原文件/需要获取的图片正文数据/数码网报价单-0825更新/手机相关/魅族.jpg,1,0.985,visual_0825_source_crosschecked
20260825-5f3a17d0a0355d0816ca-01,2026-08-25,手机,device,魅族,点数系列,魅蓝U10,,,开机屏好,33.0,元/台,,image_first_visual_crosscheck_0825,魅族.jpg,/mnt/data/decoded2/需要获取数据与不需要获数据原文件/需要获取的图片正文数据/数码网报价单-0825更新/手机相关/魅族.jpg,1,0.985,visual_0825_source_crosschecked
20260825-47256f1a652a4aae3be6-01,2026-08-25,手机,device,魅族,点数系列,魅蓝U10,,,开机屏坏,33.0,元/台,,image_first_visual_crosscheck_0825,魅族.jpg,/mnt/data/decoded2/需要获取数据与不需要获数据原文件/需要获取的图片正文数据/数码网报价单-0825更新/手机相关/魅族.jpg,1,0.985,visual_0825_source_crosschecked
20260825-815211369f0e69cc6660-01,2026-08-25,手机,device,魅族,点数系列,魅蓝U10,,,不开机,33.0,元/台,,image_first_visual_crosscheck_0825,魅族.jpg,/mnt/data/decoded2/需要获取数据与不需要获数据原文件/需要获取的图片正文数据/数码网报价单-0825更新/手机相关/魅族.jpg,1,0.985,visual_0825_source_crosschecked
20260825-219c5228b050c8c4e446-01,2026-08-25,手机,device,魅族,点数系列,魅蓝U10,,,废板-整机,33.0,元/台,,image_first_visual_crosscheck_0825,魅族.jpg,/mnt/data/decoded2/需要获取数据与不需要获数据原文件/需要获取的图片正文数据/数码网报价单-0825更新/手机相关/魅族.jpg,1,0.985,visual_0825_source_crosschecked
20260825-66eb4642ae96dbf7234e-01,2026-08-25,手机,device,魅族,点数系列,魅蓝Note5,,,开机屏好,65.0,元/台,,image_first_visual_crosscheck_0825,魅族.jpg,/mnt/data/decoded2/需要获取数据与不需要获数据原文件/需要获取的图片正文数据/数码网报价单-0825更新/手机相关/魅族.jpg,1,0.985,visual_0825_source_crosschecked
20260825-0bb1e445910945d01ef9-01,2026-08-25,手机,device,魅族,点数系列,魅蓝Note5,,,开机屏坏,65.0,元/台,,image_first_visual_crosscheck_0825,魅族.jpg,/mnt/data/decoded2/需要获取数据与不需要获数据原文件/需要获取的图片正文数据/数码网报价单-0825更新/手机相关/魅族.jpg,1,0.985,visual_0825_source_crosschecked
20260825-447b22db2347d9deec91-01,2026-08-25,手机,device,魅族,点数系列,魅蓝Note5,,,不开机,65.0,元/台,,image_first_visual_crosscheck_0825,魅族.jpg,/mnt/data/decoded2/需要获取数据与不需要获数据原文件/需要获取的图片正文数据/数码网报价单-0825更新/手机相关/魅族.jpg,1,0.985,visual_0825_source_crosschecked
20260825-15ef2871e42c59dcbd04-01,2026-08-25,手机,device,魅族,点数系列,魅蓝Note5,,,废板-整机,65.0,元/台,,image_first_visual_crosscheck_0825,魅族.jpg,/mnt/data/decoded2/需要获取数据与不需要获数据原文件/需要获取的图片正文数据/数码网报价单-0825更新/手机相关/魅族.jpg,1,0.985,visual_0825_source_crosschecked
20260825-1e69cc0302eac56c8772-01,2026-08-25,手机,device,魅族,点数系列,魅蓝Note3,,,开机屏好,45.0,元/台,,image_first_visual_crosscheck_0825,魅族.jpg,/mnt/data/decoded2/需要获取数据与不需要获数据原文件/需要获取的图片正文数据/数码网报价单-0825更新/手机相关/魅族.jpg,1,0.985,visual_0825_source_crosschecked
20260825-a136c94c6ef914092e3b-01,2026-08-25,手机,device,魅族,点数系列,魅蓝Note3,,,开机屏坏,45.0,元/台,,image_first_visual_crosscheck_0825,魅族.jpg,/mnt/data/decoded2/需要获取数据与不需要获数据原文件/需要获取的图片正文数据/数码网报价单-0825更新/手机相关/魅族.jpg,1,0.985,visual_0825_source_crosschecked
20260825-623148f99d294986a7ee-01,2026-08-25,手机,device,魅族,点数系列,魅蓝Note3,,,不开机,45.0,元/台,,image_first_visual_crosscheck_0825,魅族.jpg,/mnt/data/decoded2/需要获取数据与不需要获数据原文件/需要获取的图片正文数据/数码网报价单-0825更新/手机相关/魅族.jpg,1,0.985,visual_0825_source_crosschecked
20260825-2b8be63f010fd5ff14db-01,2026-08-25,手机,device,魅族,点数系列,魅蓝Note3,,,废板-整机,45.0,元/台,,image_first_visual_crosscheck_0825,魅族.jpg,/mnt/data/decoded2/需要获取数据与不需要获数据原文件/需要获取的图片正文数据/数码网报价单-0825更新/手机相关/魅族.jpg,1,0.985,visual_0825_source_crosschecked
20260825-deb2f8df01d9a4abe28e-01,2026-08-25,手机,device,魅族,点数系列,魅蓝Note2,,,开机屏好,33.0,元/台,,image_first_visual_crosscheck_0825,魅族.jpg,/mnt/data/decoded2/需要获取数据与不需要获数据原文件/需要获取的图片正文数据/数码网报价单-0825更新/手机相关/魅族.jpg,1,0.985,visual_0825_source_crosschecked
20260825-d36860c284e50de77ab0-01,2026-08-25,手机,device,魅族,点数系列,魅蓝Note2,,,开机屏坏,33.0,元/台,,image_first_visual_crosscheck_0825,魅族.jpg,/mnt/data/decoded2/需要获取数据与不需要获数据原文件/需要获取的图片正文数据/数码网报价单-0825更新/手机相关/魅族.jpg,1,0.985,visual_0825_source_crosschecked
20260825-50e955974e521bda1817-01,2026-08-25,手机,device,魅族,点数系列,魅蓝Note2,,,不开机,33.0,元/台,,image_first_visual_crosscheck_0825,魅族.jpg,/mnt/data/decoded2/需要获取数据与不需要获数据原文件/需要获取的图片正文数据/数码网报价单-0825更新/手机相关/魅族.jpg,1,0.985,visual_0825_source_crosschecked
20260825-98a94fa7b618c6e8600e-01,2026-08-25,手机,device,魅族,点数系列,魅蓝Note2,,,废板-整机,33.0,元/台,,image_first_visual_crosscheck_0825,魅族.jpg,/mnt/data/decoded2/需要获取数据与不需要获数据原文件/需要获取的图片正文数据/数码网报价单-0825更新/手机相关/魅族.jpg,1,0.985,visual_0825_source_crosschecked
20260825-1dbcf41e7f5a5ca22290-01,2026-08-25,手机,device,魅族,点数系列,魅蓝Note2电信,,,开机屏好,33.0,元/台,,image_first_visual_crosscheck_0825,魅族.jpg,/mnt/data/decoded2/需要获取数据与不需要获数据原文件/需要获取的图片正文数据/数码网报价单-0825更新/手机相关/魅族.jpg,1,0.985,visual_0825_source_crosschecked
20260825-f5892ebe0a029cbfb1f8-01,2026-08-25,手机,device,魅族,点数系列,魅蓝Note2电信,,,开机屏坏,33.0,元/台,,image_first_visual_crosscheck_0825,魅族.jpg,/mnt/data/decoded2/需要获取数据与不需要获数据原文件/需要获取的图片正文数据/数码网报价单-0825更新/手机相关/魅族.jpg,1,0.985,visual_0825_source_crosschecked
20260825-ec13a62302a40457dddf-01,2026-08-25,手机,device,魅族,点数系列,魅蓝Note2电信,,,不开机,33.0,元/台,,image_first_visual_crosscheck_0825,魅族.jpg,/mnt/data/decoded2/需要获取数据与不需要获数据原文件/需要获取的图片正文数据/数码网报价单-0825更新/手机相关/魅族.jpg,1,0.985,visual_0825_source_crosschecked
20260825-1f5d42c6211879501e05-01,2026-08-25,手机,device,魅族,点数系列,魅蓝Note2电信,,,废板-整机,33.0,元/台,,image_first_visual_crosscheck_0825,魅族.jpg,/mnt/data/decoded2/需要获取数据与不需要获数据原文件/需要获取的图片正文数据/数码网报价单-0825更新/手机相关/魅族.jpg,1,0.985,visual_0825_source_crosschecked
20260825-74b9671dbae559173463-01,2026-08-25,手机,device,魅族,点数系列,魅蓝Note1,,,开机屏好,33.0,元/台,,image_first_visual_crosscheck_0825,魅族.jpg,/mnt/data/decoded2/需要获取数据与不需要获数据原文件/需要获取的图片正文数据/数码网报价单-0825更新/手机相关/魅族.jpg,1,0.985,visual_0825_source_crosschecked
20260825-f5ab747fa581d01b645b-01,2026-08-25,手机,device,魅族,点数系列,魅蓝Note1,,,开机屏坏,33.0,元/台,,image_first_visual_crosscheck_0825,魅族.jpg,/mnt/data/decoded2/需要获取数据与不需要获数据原文件/需要获取的图片正文数据/数码网报价单-0825更新/手机相关/魅族.jpg,1,0.985,visual_0825_source_crosschecked
20260825-df00c3e7362cc309bdd4-01,2026-08-25,手机,device,魅族,点数系列,魅蓝Note1,,,不开机,33.0,元/台,,image_first_visual_crosscheck_0825,魅族.jpg,/mnt/data/decoded2/需要获取数据与不需要获数据原文件/需要获取的图片正文数据/数码网报价单-0825更新/手机相关/魅族.jpg,1,0.985,visual_0825_source_crosschecked
20260825-96ad91767b016c95ec68-01,2026-08-25,手机,device,魅族,点数系列,魅蓝Note1,,,废板-整机,33.0,元/台,,image_first_visual_crosscheck_0825,魅族.jpg,/mnt/data/decoded2/需要获取数据与不需要获数据原文件/需要获取的图片正文数据/数码网报价单-0825更新/手机相关/魅族.jpg,1,0.985,visual_0825_source_crosschecked
20260825-8d1eb27f05a1fbce4408-01,2026-08-25,手机,device,魅族,点数系列,魅蓝Max,,,开机屏好,65.0,元/台,,image_first_visual_crosscheck_0825,魅族.jpg,/mnt/data/decoded2/需要获取数据与不需要获数据原文件/需要获取的图片正文数据/数码网报价单-0825更新/手机相关/魅族.jpg,1,0.985,visual_0825_source_crosschecked
20260825-88bba89ca68d8603cb6a-01,2026-08-25,手机,device,魅族,点数系列,魅蓝Max,,,开机屏坏,65.0,元/台,,image_first_visual_crosscheck_0825,魅族.jpg,/mnt/data/decoded2/需要获取数据与不需要获数据原文件/需要获取的图片正文数据/数码网报价单-0825更新/手机相关/魅族.jpg,1,0.985,visual_0825_source_crosschecked
20260825-c96a88e348b5a785a29e-01,2026-08-25,手机,device,魅族,点数系列,魅蓝Max,,,不开机,65.0,元/台,,image_first_visual_crosscheck_0825,魅族.jpg,/mnt/data/decoded2/需要获取数据与不需要获数据原文件/需要获取的图片正文数据/数码网报价单-0825更新/手机相关/魅族.jpg,1,0.985,visual_0825_source_crosschecked
20260825-83941857f80ae4df61df-01,2026-08-25,手机,device,魅族,点数系列,魅蓝Max,,,废板-整机,65.0,元/台,,image_first_visual_crosscheck_0825,魅族.jpg,/mnt/data/decoded2/需要获取数据与不需要获数据原文件/需要获取的图片正文数据/数码网报价单-0825更新/手机相关/魅族.jpg,1,0.985,visual_0825_source_crosschecked
20260825-ded7b671386c38caac2d-01,2026-08-25,手机,device,魅族,点数系列,魅蓝A5,,,开机屏好,33.0,元/台,,image_first_visual_crosscheck_0825,魅族.jpg,/mnt/data/decoded2/需要获取数据与不需要获数据原文件/需要获取的图片正文数据/数码网报价单-0825更新/手机相关/魅族.jpg,1,0.985,visual_0825_source_crosschecked
20260825-42764939c93e832bd41a-01,2026-08-25,手机,device,魅族,点数系列,魅蓝A5,,,开机屏坏,33.0,元/台,,image_first_visual_crosscheck_0825,魅族.jpg,/mnt/data/decoded2/需要获取数据与不需要获数据原文件/需要获取的图片正文数据/数码网报价单-0825更新/手机相关/魅族.jpg,1,0.985,visual_0825_source_crosschecked
20260825-0bdfb7f40c358ace44c6-01,2026-08-25,手机,device,魅族,点数系列,魅蓝A5,,,不开机,33.0,元/台,,image_first_visual_crosscheck_0825,魅族.jpg,/mnt/data/decoded2/需要获取数据与不需要获数据原文件/需要获取的图片正文数据/数码网报价单-0825更新/手机相关/魅族.jpg,1,0.985,visual_0825_source_crosschecked
20260825-b0894ba2f64ea62dc010-01,2026-08-25,手机,device,魅族,点数系列,魅蓝A5,,,废板-整机,33.0,元/台,,image_first_visual_crosscheck_0825,魅族.jpg,/mnt/data/decoded2/需要获取数据与不需要获数据原文件/需要获取的图片正文数据/数码网报价单-0825更新/手机相关/魅族.jpg,1,0.985,visual_0825_source_crosschecked
20260825-30f9d00b70836e3f9889-01,2026-08-25,手机,device,魅族,点数系列,魅蓝10,,,开机屏好,65.0,元/台,,image_first_visual_crosscheck_0825,魅族.jpg,/mnt/data/decoded2/需要获取数据与不需要获数据原文件/需要获取的图片正文数据/数码网报价单-0825更新/手机相关/魅族.jpg,1,0.985,visual_0825_source_crosschecked
20260825-5a859c4957dfb99f1790-01,2026-08-25,手机,device,魅族,点数系列,魅蓝10,,,开机屏坏,65.0,元/台,,image_first_visual_crosscheck_0825,魅族.jpg,/mnt/data/decoded2/需要获取数据与不需要获数据原文件/需要获取的图片正文数据/数码网报价单-0825更新/手机相关/魅族.jpg,1,0.985,visual_0825_source_crosschecked
20260825-78eadab2b9add1d92b40-01,2026-08-25,手机,device,魅族,点数系列,魅蓝10,,,不开机,65.0,元/台,,image_first_visual_crosscheck_0825,魅族.jpg,/mnt/data/decoded2/需要获取数据与不需要获数据原文件/需要获取的图片正文数据/数码网报价单-0825更新/手机相关/魅族.jpg,1,0.985,visual_0825_source_crosschecked
20260825-28cf7e09a82b920967a5-01,2026-08-25,手机,device,魅族,点数系列,魅蓝10,,,废板-整机,65.0,元/台,,image_first_visual_crosscheck_0825,魅族.jpg,/mnt/data/decoded2/需要获取数据与不需要获数据原文件/需要获取的图片正文数据/数码网报价单-0825更新/手机相关/魅族.jpg,1,0.985,visual_0825_source_crosschecked
20260825-9599cad8bcfc58324ccb-01,2026-08-25,手机,device,魅族,点数系列,魅蓝6,,,开机屏好,45.0,元/台,,image_first_visual_crosscheck_0825,魅族.jpg,/mnt/data/decoded2/需要获取数据与不需要获数据原文件/需要获取的图片正文数据/数码网报价单-0825更新/手机相关/魅族.jpg,1,0.985,visual_0825_source_crosschecked
20260825-656ba9403a1a6ba5ce36-01,2026-08-25,手机,device,魅族,点数系列,魅蓝6,,,开机屏坏,45.0,元/台,,image_first_visual_crosscheck_0825,魅族.jpg,/mnt/data/decoded2/需要获取数据与不需要获数据原文件/需要获取的图片正文数据/数码网报价单-0825更新/手机相关/魅族.jpg,1,0.985,visual_0825_source_crosschecked
20260825-2fd84ef2ce4caa28293f-01,2026-08-25,手机,device,魅族,点数系列,魅蓝6,,,不开机,45.0,元/台,,image_first_visual_crosscheck_0825,魅族.jpg,/mnt/data/decoded2/需要获取数据与不需要获数据原文件/需要获取的图片正文数据/数码网报价单-0825更新/手机相关/魅族.jpg,1,0.985,visual_0825_source_crosschecked
20260825-48c61cca014d4b5ce6b3-01,2026-08-25,手机,device,魅族,点数系列,魅蓝6,,,废板-整机,45.0,元/台,,image_first_visual_crosscheck_0825,魅族.jpg,/mnt/data/decoded2/需要获取数据与不需要获数据原文件/需要获取的图片正文数据/数码网报价单-0825更新/手机相关/魅族.jpg,1,0.985,visual_0825_source_crosschecked
20260825-7edee6f078c8741d2d37-01,2026-08-25,手机,device,魅族,点数系列,魅蓝6T,,,开机屏好,45.0,元/台,,image_first_visual_crosscheck_0825,魅族.jpg,/mnt/data/decoded2/需要获取数据与不需要获数据原文件/需要获取的图片正文数据/数码网报价单-0825更新/手机相关/魅族.jpg,1,0.985,visual_0825_source_crosschecked
20260825-daf1c25edcff33d1d12a-01,2026-08-25,手机,device,魅族,点数系列,魅蓝6T,,,开机屏坏,45.0,元/台,,image_first_visual_crosscheck_0825,魅族.jpg,/mnt/data/decoded2/需要获取数据与不需要获数据原文件/需要获取的图片正文数据/数码网报价单-0825更新/手机相关/魅族.jpg,1,0.985,visual_0825_source_crosschecked
20260825-65749860074cc65465f8-01,2026-08-25,手机,device,魅族,点数系列,魅蓝6T,,,不开机,45.0,元/台,,image_first_visual_crosscheck_0825,魅族.jpg,/mnt/data/decoded2/需要获取数据与不需要获数据原文件/需要获取的图片正文数据/数码网报价单-0825更新/手机相关/魅族.jpg,1,0.985,visual_0825_source_crosschecked
20260825-ffd4327c4bdf90c7b6a0-01,2026-08-25,手机,device,魅族,点数系列,魅蓝6T,,,废板-整机,45.0,元/台,,image_first_visual_crosscheck_0825,魅族.jpg,/mnt/data/decoded2/需要获取数据与不需要获数据原文件/需要获取的图片正文数据/数码网报价单-0825更新/手机相关/魅族.jpg,1,0.985,visual_0825_source_crosschecked
20260825-46169b483d36e2fc98cd-01,2026-08-25,手机,device,魅族,点数系列,魅蓝5电信,,,开机屏好,33.0,元/台,,image_first_visual_crosscheck_0825,魅族.jpg,/mnt/data/decoded2/需要获取数据与不需要获数据原文件/需要获取的图片正文数据/数码网报价单-0825更新/手机相关/魅族.jpg,1,0.985,visual_0825_source_crosschecked
20260825-8db0046b8b5eb2907edf-01,2026-08-25,手机,device,魅族,点数系列,魅蓝5电信,,,开机屏坏,33.0,元/台,,image_first_visual_crosscheck_0825,魅族.jpg,/mnt/data/decoded2/需要获取数据与不需要获数据原文件/需要获取的图片正文数据/数码网报价单-0825更新/手机相关/魅族.jpg,1,0.985,visual_0825_source_crosschecked
20260825-d0d83f3258c8ee71603a-01,2026-08-25,手机,device,魅族,点数系列,魅蓝5电信,,,不开机,33.0,元/台,,image_first_visual_crosscheck_0825,魅族.jpg,/mnt/data/decoded2/需要获取数据与不需要获数据原文件/需要获取的图片正文数据/数码网报价单-0825更新/手机相关/魅族.jpg,1,0.985,visual_0825_source_crosschecked
20260825-9529c21e93b1db62419c-01,2026-08-25,手机,device,魅族,点数系列,魅蓝5电信,,,废板-整机,33.0,元/台,,image_first_visual_crosscheck_0825,魅族.jpg,/mnt/data/decoded2/需要获取数据与不需要获数据原文件/需要获取的图片正文数据/数码网报价单-0825更新/手机相关/魅族.jpg,1,0.985,visual_0825_source_crosschecked
20260825-6be57bd5a58fe83c478b-01,2026-08-25,手机,device,魅族,点数系列,魅蓝5,,,开机屏好,33.0,元/台,,image_first_visual_crosscheck_0825,魅族.jpg,/mnt/data/decoded2/需要获取数据与不需要获数据原文件/需要获取的图片正文数据/数码网报价单-0825更新/手机相关/魅族.jpg,1,0.985,visual_0825_source_crosschecked
20260825-67b9233049f1a8bf88ee-01,2026-08-25,手机,device,魅族,点数系列,魅蓝5,,,开机屏坏,33.0,元/台,,image_first_visual_crosscheck_0825,魅族.jpg,/mnt/data/decoded2/需要获取数据与不需要获数据原文件/需要获取的图片正文数据/数码网报价单-0825更新/手机相关/魅族.jpg,1,0.985,visual_0825_source_crosschecked
20260825-fa90ab7ef2720a72c849-01,2026-08-25,手机,device,魅族,点数系列,魅蓝5,,,不开机,33.0,元/台,,image_first_visual_crosscheck_0825,魅族.jpg,/mnt/data/decoded2/需要获取数据与不需要获数据原文件/需要获取的图片正文数据/数码网报价单-0825更新/手机相关/魅族.jpg,1,0.985,visual_0825_source_crosschecked
20260825-304d0bd4b15594942b0f-01,2026-08-25,手机,device,魅族,点数系列,魅蓝5,,,废板-整机,33.0,元/台,,image_first_visual_crosscheck_0825,魅族.jpg,/mnt/data/decoded2/需要获取数据与不需要获数据原文件/需要获取的图片正文数据/数码网报价单-0825更新/手机相关/魅族.jpg,1,0.985,visual_0825_source_crosschecked
20260825-b6ca825b25b01309e840-01,2026-08-25,手机,device,魅族,点数系列,魅蓝3,,,开机屏好,33.0,元/台,,image_first_visual_crosscheck_0825,魅族.jpg,/mnt/data/decoded2/需要获取数据与不需要获数据原文件/需要获取的图片正文数据/数码网报价单-0825更新/手机相关/魅族.jpg,1,0.985,visual_0825_source_crosschecked
20260825-50dcba4589228d653b42-01,2026-08-25,手机,device,魅族,点数系列,魅蓝3,,,开机屏坏,33.0,元/台,,image_first_visual_crosscheck_0825,魅族.jpg,/mnt/data/decoded2/需要获取数据与不需要获数据原文件/需要获取的图片正文数据/数码网报价单-0825更新/手机相关/魅族.jpg,1,0.985,visual_0825_source_crosschecked
20260825-6b14380aeff5f578a5ab-01,2026-08-25,手机,device,魅族,点数系列,魅蓝3,,,不开机,33.0,元/台,,image_first_visual_crosscheck_0825,魅族.jpg,/mnt/data/decoded2/需要获取数据与不需要获数据原文件/需要获取的图片正文数据/数码网报价单-0825更新/手机相关/魅族.jpg,1,0.985,visual_0825_source_crosschecked
20260825-b87bc15b99b392aea132-01,2026-08-25,手机,device,魅族,点数系列,魅蓝3,,,废板-整机,33.0,元/台,,image_first_visual_crosscheck_0825,魅族.jpg,/mnt/data/decoded2/需要获取数据与不需要获数据原文件/需要获取的图片正文数据/数码网报价单-0825更新/手机相关/魅族.jpg,1,0.985,visual_0825_source_crosschecked
20260825-7e37051d77558a43c4ca-01,2026-08-25,手机,device,魅族,点数系列,魅蓝2,,,开机屏好,33.0,元/台,,image_first_visual_crosscheck_0825,魅族.jpg,/mnt/data/decoded2/需要获取数据与不需要获数据原文件/需要获取的图片正文数据/数码网报价单-0825更新/手机相关/魅族.jpg,1,0.985,visual_0825_source_crosschecked
20260825-576b4a7105dfde4b92a3-01,2026-08-25,手机,device,魅族,点数系列,魅蓝2,,,开机屏坏,33.0,元/台,,image_first_visual_crosscheck_0825,魅族.jpg,/mnt/data/decoded2/需要获取数据与不需要获数据原文件/需要获取的图片正文数据/数码网报价单-0825更新/手机相关/魅族.jpg,1,0.985,visual_0825_source_crosschecked
20260825-4e3d034cf6240698a061-01,2026-08-25,手机,device,魅族,点数系列,魅蓝2,,,不开机,33.0,元/台,,image_first_visual_crosscheck_0825,魅族.jpg,/mnt/data/decoded2/需要获取数据与不需要获数据原文件/需要获取的图片正文数据/数码网报价单-0825更新/手机相关/魅族.jpg,1,0.985,visual_0825_source_crosschecked
20260825-d3fe9bb5bba75b17e325-01,2026-08-25,手机,device,魅族,点数系列,魅蓝2,,,废板-整机,33.0,元/台,,image_first_visual_crosscheck_0825,魅族.jpg,/mnt/data/decoded2/需要获取数据与不需要获数据原文件/需要获取的图片正文数据/数码网报价单-0825更新/手机相关/魅族.jpg,1,0.985,visual_0825_source_crosschecked
20260825-de4da291cc6bb22b4111-01,2026-08-25,手机,device,魅族,点数系列,魅蓝1,,,开机屏好,15.0,元/台,,image_first_visual_crosscheck_0825,魅族.jpg,/mnt/data/decoded2/需要获取数据与不需要获数据原文件/需要获取的图片正文数据/数码网报价单-0825更新/手机相关/魅族.jpg,1,0.985,visual_0825_source_crosschecked
20260825-44549817f1e9f0b3cb59-01,2026-08-25,手机,device,魅族,点数系列,魅蓝1,,,开机屏坏,15.0,元/台,,image_first_visual_crosscheck_0825,魅族.jpg,/mnt/data/decoded2/需要获取数据与不需要获数据原文件/需要获取的图片正文数据/数码网报价单-0825更新/手机相关/魅族.jpg,1,0.985,visual_0825_source_crosschecked
20260825-807dc8020213c397b59d-01,2026-08-25,手机,device,魅族,点数系列,魅蓝1,,,不开机,15.0,元/台,,image_first_visual_crosscheck_0825,魅族.jpg,/mnt/data/decoded2/需要获取数据与不需要获数据原文件/需要获取的图片正文数据/数码网报价单-0825更新/手机相关/魅族.jpg,1,0.985,visual_0825_source_crosschecked
20260825-bb557409e0b0f2ffc5b6-01,2026-08-25,手机,device,魅族,点数系列,魅蓝1,,,废板-整机,15.0,元/台,,image_first_visual_crosscheck_0825,魅族.jpg,/mnt/data/decoded2/需要获取数据与不需要获数据原文件/需要获取的图片正文数据/数码网报价单-0825更新/手机相关/魅族.jpg,1,0.985,visual_0825_source_crosschecked
20260825-3810e2f67e5b78467115-01,2026-08-25,手机,device,魅族,点数系列,Mx4 Pro,,,开机屏好,20.0,元/台,,image_first_visual_crosscheck_0825,魅族.jpg,/mnt/data/decoded2/需要获取数据与不需要获数据原文件/需要获取的图片正文数据/数码网报价单-0825更新/手机相关/魅族.jpg,1,0.985,visual_0825_source_crosschecked
20260825-6788e079418c4e0fb1d3-01,2026-08-25,手机,device,魅族,点数系列,Mx4 Pro,,,开机屏坏,20.0,元/台,,image_first_visual_crosscheck_0825,魅族.jpg,/mnt/data/decoded2/需要获取数据与不需要获数据原文件/需要获取的图片正文数据/数码网报价单-0825更新/手机相关/魅族.jpg,1,0.985,visual_0825_source_crosschecked
20260825-921ca851e83a2d166f3d-01,2026-08-25,手机,device,魅族,点数系列,Mx4 Pro,,,不开机,20.0,元/台,,image_first_visual_crosscheck_0825,魅族.jpg,/mnt/data/decoded2/需要获取数据与不需要获数据原文件/需要获取的图片正文数据/数码网报价单-0825更新/手机相关/魅族.jpg,1,0.985,visual_0825_source_crosschecked
20260825-b36b58a39a30c7abf035-01,2026-08-25,手机,device,魅族,点数系列,Mx4 Pro,,,废板-整机,20.0,元/台,,image_first_visual_crosscheck_0825,魅族.jpg,/mnt/data/decoded2/需要获取数据与不需要获数据原文件/需要获取的图片正文数据/数码网报价单-0825更新/手机相关/魅族.jpg,1,0.985,visual_0825_source_crosschecked
20260825-60f01a803b5064fa3e5d-01,2026-08-25,手机,device,魅族,点数系列,Mx4,,,开机屏好,20.0,元/台,,image_first_visual_crosscheck_0825,魅族.jpg,/mnt/data/decoded2/需要获取数据与不需要获数据原文件/需要获取的图片正文数据/数码网报价单-0825更新/手机相关/魅族.jpg,1,0.985,visual_0825_source_crosschecked
20260825-539a3bc5c25b308c3047-01,2026-08-25,手机,device,魅族,点数系列,Mx4,,,开机屏坏,20.0,元/台,,image_first_visual_crosscheck_0825,魅族.jpg,/mnt/data/decoded2/需要获取数据与不需要获数据原文件/需要获取的图片正文数据/数码网报价单-0825更新/手机相关/魅族.jpg,1,0.985,visual_0825_source_crosschecked
20260825-166ef14d36edb7627a93-01,2026-08-25,手机,device,魅族,点数系列,Mx4,,,不开机,20.0,元/台,,image_first_visual_crosscheck_0825,魅族.jpg,/mnt/data/decoded2/需要获取数据与不需要获数据原文件/需要获取的图片正文数据/数码网报价单-0825更新/手机相关/魅族.jpg,1,0.985,visual_0825_source_crosschecked
20260825-95f44d589bbdd57ed4e1-01,2026-08-25,手机,device,魅族,点数系列,Mx4,,,废板-整机,20.0,元/台,,image_first_visual_crosscheck_0825,魅族.jpg,/mnt/data/decoded2/需要获取数据与不需要获数据原文件/需要获取的图片正文数据/数码网报价单-0825更新/手机相关/魅族.jpg,1,0.985,visual_0825_source_crosschecked
20260825-62bf0b2b37c45443494e-01,2026-08-25,手机,device,魅族,点数系列,Mx3,,,开机屏好,20.0,元/台,,image_first_visual_crosscheck_0825,魅族.jpg,/mnt/data/decoded2/需要获取数据与不需要获数据原文件/需要获取的图片正文数据/数码网报价单-0825更新/手机相关/魅族.jpg,1,0.985,visual_0825_source_crosschecked
20260825-e9adc80898b76486770e-01,2026-08-25,手机,device,魅族,点数系列,Mx3,,,开机屏坏,20.0,元/台,,image_first_visual_crosscheck_0825,魅族.jpg,/mnt/data/decoded2/需要获取数据与不需要获数据原文件/需要获取的图片正文数据/数码网报价单-0825更新/手机相关/魅族.jpg,1,0.985,visual_0825_source_crosschecked
20260825-47d17d4dd08f89636291-01,2026-08-25,手机,device,魅族,点数系列,Mx3,,,不开机,20.0,元/台,,image_first_visual_crosscheck_0825,魅族.jpg,/mnt/data/decoded2/需要获取数据与不需要获数据原文件/需要获取的图片正文数据/数码网报价单-0825更新/手机相关/魅族.jpg,1,0.985,visual_0825_source_crosschecked
20260825-1c6f9dcbe1b8bebb77f7-01,2026-08-25,手机,device,魅族,点数系列,Mx3,,,废板-整机,20.0,元/台,,image_first_visual_crosscheck_0825,魅族.jpg,/mnt/data/decoded2/需要获取数据与不需要获数据原文件/需要获取的图片正文数据/数码网报价单-0825更新/手机相关/魅族.jpg,1,0.985,visual_0825_source_crosschecked
20260825-0a9375ba09a9cb90c47f-01,2026-08-25,手机,device,魅族,点数系列,Mx2,,,开机屏好,15.0,元/台,,image_first_visual_crosscheck_0825,魅族.jpg,/mnt/data/decoded2/需要获取数据与不需要获数据原文件/需要获取的图片正文数据/数码网报价单-0825更新/手机相关/魅族.jpg,1,0.985,visual_0825_source_crosschecked
20260825-2d27fc73490a1b234149-01,2026-08-25,手机,device,魅族,点数系列,Mx2,,,开机屏坏,15.0,元/台,,image_first_visual_crosscheck_0825,魅族.jpg,/mnt/data/decoded2/需要获取数据与不需要获数据原文件/需要获取的图片正文数据/数码网报价单-0825更新/手机相关/魅族.jpg,1,0.985,visual_0825_source_crosschecked
20260825-24c62803a49cec0ad18a-01,2026-08-25,手机,device,魅族,点数系列,Mx2,,,不开机,15.0,元/台,,image_first_visual_crosscheck_0825,魅族.jpg,/mnt/data/decoded2/需要获取数据与不需要获数据原文件/需要获取的图片正文数据/数码网报价单-0825更新/手机相关/魅族.jpg,1,0.985,visual_0825_source_crosschecked
20260825-11ffb0ab61f28dba300b-01,2026-08-25,手机,device,魅族,点数系列,Mx2,,,废板-整机,15.0,元/台,,image_first_visual_crosscheck_0825,魅族.jpg,/mnt/data/decoded2/需要获取数据与不需要获数据原文件/需要获取的图片正文数据/数码网报价单-0825更新/手机相关/魅族.jpg,1,0.985,visual_0825_source_crosschecked
20260825-904b09f31c0040123f60-01,2026-08-25,手机,device,魅族,点数系列,Mx1,,,开机屏好,15.0,元/台,,image_first_visual_crosscheck_0825,魅族.jpg,/mnt/data/decoded2/需要获取数据与不需要获数据原文件/需要获取的图片正文数据/数码网报价单-0825更新/手机相关/魅族.jpg,1,0.985,visual_0825_source_crosschecked
20260825-ec8733472341677f9969-01,2026-08-25,手机,device,魅族,点数系列,Mx1,,,开机屏坏,15.0,元/台,,image_first_visual_crosscheck_0825,魅族.jpg,/mnt/data/decoded2/需要获取数据与不需要获数据原文件/需要获取的图片正文数据/数码网报价单-0825更新/手机相关/魅族.jpg,1,0.985,visual_0825_source_crosschecked
20260825-2fc94264c88859dc90bc-01,2026-08-25,手机,device,魅族,点数系列,Mx1,,,不开机,15.0,元/台,,image_first_visual_crosscheck_0825,魅族.jpg,/mnt/data/decoded2/需要获取数据与不需要获数据原文件/需要获取的图片正文数据/数码网报价单-0825更新/手机相关/魅族.jpg,1,0.985,visual_0825_source_crosschecked
20260825-abfb2bb0a9d1be2599e6-01,2026-08-25,手机,device,魅族,点数系列,Mx1,,,废板-整机,15.0,元/台,,image_first_visual_crosscheck_0825,魅族.jpg,/mnt/data/decoded2/需要获取数据与不需要获数据原文件/需要获取的图片正文数据/数码网报价单-0825更新/手机相关/魅族.jpg,1,0.985,visual_0825_source_crosschecked
20260825-2a3cf8af77bfb8279d04-01,2026-08-25,手机,device,魅族,点数系列,魅蓝5s,,,开机屏好,33.0,元/台,,image_first_visual_crosscheck_0825,魅族.jpg,/mnt/data/decoded2/需要获取数据与不需要获数据原文件/需要获取的图片正文数据/数码网报价单-0825更新/手机相关/魅族.jpg,1,0.985,visual_0825_source_crosschecked
20260825-93d69e56d9e00d769d70-01,2026-08-25,手机,device,魅族,点数系列,魅蓝5s,,,开机屏坏,33.0,元/台,,image_first_visual_crosscheck_0825,魅族.jpg,/mnt/data/decoded2/需要获取数据与不需要获数据原文件/需要获取的图片正文数据/数码网报价单-0825更新/手机相关/魅族.jpg,1,0.985,visual_0825_source_crosschecked
20260825-ad781b4ba61783adbb9f-01,2026-08-25,手机,device,魅族,点数系列,魅蓝5s,,,不开机,33.0,元/台,,image_first_visual_crosscheck_0825,魅族.jpg,/mnt/data/decoded2/需要获取数据与不需要获数据原文件/需要获取的图片正文数据/数码网报价单-0825更新/手机相关/魅族.jpg,1,0.985,visual_0825_source_crosschecked
20260825-bf15237cb3e40f760cc0-01,2026-08-25,手机,device,魅族,点数系列,魅蓝5s,,,废板-整机,33.0,元/台,,image_first_visual_crosscheck_0825,魅族.jpg,/mnt/data/decoded2/需要获取数据与不需要获数据原文件/需要获取的图片正文数据/数码网报价单-0825更新/手机相关/魅族.jpg,1,0.985,visual_0825_source_crosschecked
20260825-bd7490fe1623495469be-01,2026-08-25,手机,device,魅族,点数系列,魅蓝3s,,,开机屏好,33.0,元/台,,image_first_visual_crosscheck_0825,魅族.jpg,/mnt/data/decoded2/需要获取数据与不需要获数据原文件/需要获取的图片正文数据/数码网报价单-0825更新/手机相关/魅族.jpg,1,0.985,visual_0825_source_crosschecked
20260825-989c89f586f683c5357e-01,2026-08-25,手机,device,魅族,点数系列,魅蓝3s,,,开机屏坏,33.0,元/台,,image_first_visual_crosscheck_0825,魅族.jpg,/mnt/data/decoded2/需要获取数据与不需要获数据原文件/需要获取的图片正文数据/数码网报价单-0825更新/手机相关/魅族.jpg,1,0.985,visual_0825_source_crosschecked
20260825-0e2709ae97f55bb17409-01,2026-08-25,手机,device,魅族,点数系列,魅蓝3s,,,不开机,33.0,元/台,,image_first_visual_crosscheck_0825,魅族.jpg,/mnt/data/decoded2/需要获取数据与不需要获数据原文件/需要获取的图片正文数据/数码网报价单-0825更新/手机相关/魅族.jpg,1,0.985,visual_0825_source_crosschecked
20260825-2dce29519704c190fcbf-01,2026-08-25,手机,device,魅族,点数系列,魅蓝3s,,,废板-整机,33.0,元/台,,image_first_visual_crosscheck_0825,魅族.jpg,/mnt/data/decoded2/需要获取数据与不需要获数据原文件/需要获取的图片正文数据/数码网报价单-0825更新/手机相关/魅族.jpg,1,0.985,visual_0825_source_crosschecked
20260825-81fa4f473fbd4d41be0a-01,2026-08-25,手机,device,魅族,点数系列,魅蓝X,,,开机屏好,60.0,元/台,,image_first_visual_crosscheck_0825,魅族.jpg,/mnt/data/decoded2/需要获取数据与不需要获数据原文件/需要获取的图片正文数据/数码网报价单-0825更新/手机相关/魅族.jpg,1,0.985,visual_0825_source_crosschecked
20260825-761f99b8754e078f17c5-01,2026-08-25,手机,device,魅族,点数系列,魅蓝X,,,开机屏坏,60.0,元/台,,image_first_visual_crosscheck_0825,魅族.jpg,/mnt/data/decoded2/需要获取数据与不需要获数据原文件/需要获取的图片正文数据/数码网报价单-0825更新/手机相关/魅族.jpg,1,0.985,visual_0825_source_crosschecked
20260825-c8a70ae8349be15f4006-01,2026-08-25,手机,device,魅族,点数系列,魅蓝X,,,不开机,60.0,元/台,,image_first_visual_crosscheck_0825,魅族.jpg,/mnt/data/decoded2/需要获取数据与不需要获数据原文件/需要获取的图片正文数据/数码网报价单-0825更新/手机相关/魅族.jpg,1,0.985,visual_0825_source_crosschecked
20260825-b2da7612ab98e66c01cc-01,2026-08-25,手机,device,魅族,点数系列,魅蓝X,,,废板-整机,60.0,元/台,,image_first_visual_crosscheck_0825,魅族.jpg,/mnt/data/decoded2/需要获取数据与不需要获数据原文件/需要获取的图片正文数据/数码网报价单-0825更新/手机相关/魅族.jpg,1,0.985,visual_0825_source_crosschecked
20260825-409e7c4a06da22812e37-01,2026-08-25,手机,device,魅族,点数系列,魅蓝Metal/馒头,,,开机屏好,28.0,元/台,,image_first_visual_crosscheck_0825,魅族.jpg,/mnt/data/decoded2/需要获取数据与不需要获数据原文件/需要获取的图片正文数据/数码网报价单-0825更新/手机相关/魅族.jpg,1,0.985,visual_0825_source_crosschecked
20260825-3adc2600669844dfa1d0-01,2026-08-25,手机,device,魅族,点数系列,魅蓝Metal/馒头,,,开机屏坏,28.0,元/台,,image_first_visual_crosscheck_0825,魅族.jpg,/mnt/data/decoded2/需要获取数据与不需要获数据原文件/需要获取的图片正文数据/数码网报价单-0825更新/手机相关/魅族.jpg,1,0.985,visual_0825_source_crosschecked
20260825-2adbda66762d7128a03f-01,2026-08-25,手机,device,魅族,点数系列,魅蓝Metal/馒头,,,不开机,28.0,元/台,,image_first_visual_crosscheck_0825,魅族.jpg,/mnt/data/decoded2/需要获取数据与不需要获数据原文件/需要获取的图片正文数据/数码网报价单-0825更新/手机相关/魅族.jpg,1,0.985,visual_0825_source_crosschecked
20260825-14ce98ca75b747877b1c-01,2026-08-25,手机,device,魅族,点数系列,魅蓝Metal/馒头,,,废板-整机,28.0,元/台,,image_first_visual_crosscheck_0825,魅族.jpg,/mnt/data/decoded2/需要获取数据与不需要获数据原文件/需要获取的图片正文数据/数码网报价单-0825更新/手机相关/魅族.jpg,1,0.985,visual_0825_source_crosschecked
20260825-5423865f1112324015ab-01,2026-08-25,手机,device,魅族,点数系列,魅族电信系列,,,开机屏好,33.0,元/台,,image_first_visual_crosscheck_0825,魅族.jpg,/mnt/data/decoded2/需要获取数据与不需要获数据原文件/需要获取的图片正文数据/数码网报价单-0825更新/手机相关/魅族.jpg,1,0.985,visual_0825_source_crosschecked
20260825-f6f11b864e9908ee4b1f-01,2026-08-25,手机,device,魅族,点数系列,魅族电信系列,,,开机屏坏,33.0,元/台,,image_first_visual_crosscheck_0825,魅族.jpg,/mnt/data/decoded2/需要获取数据与不需要获数据原文件/需要获取的图片正文数据/数码网报价单-0825更新/手机相关/魅族.jpg,1,0.985,visual_0825_source_crosschecked
20260825-b611ebf956734a474446-01,2026-08-25,手机,device,魅族,点数系列,魅族电信系列,,,不开机,33.0,元/台,,image_first_visual_crosscheck_0825,魅族.jpg,/mnt/data/decoded2/需要获取数据与不需要获数据原文件/需要获取的图片正文数据/数码网报价单-0825更新/手机相关/魅族.jpg,1,0.985,visual_0825_source_crosschecked
20260825-b2cd279664da2b194a86-01,2026-08-25,手机,device,魅族,点数系列,魅族电信系列,,,废板-整机,33.0,元/台,,image_first_visual_crosscheck_0825,魅族.jpg,/mnt/data/decoded2/需要获取数据与不需要获数据原文件/需要获取的图片正文数据/数码网报价单-0825更新/手机相关/魅族.jpg,1,0.985,visual_0825_source_crosschecked
20260825-e79905e9e475f83813fd-01,2026-08-25,手机,device,努比亚,数字系列(红魔),红魔9pro+,,,开机屏好,950.0,元/台,,image_first_visual_crosscheck_0825,努比亚.jpg,/mnt/data/decoded2/需要获取数据与不需要获数据原文件/需要获取的图片正文数据/数码网报价单-0825更新/手机相关/努比亚.jpg,1,0.985,visual_0825_source_crosschecked
20260825-47267eef27e6b460ab10-01,2026-08-25,手机,device,努比亚,数字系列(红魔),红魔9pro+,,,开机屏坏,480.0,元/台,,image_first_visual_crosscheck_0825,努比亚.jpg,/mnt/data/decoded2/需要获取数据与不需要获数据原文件/需要获取的图片正文数据/数码网报价单-0825更新/手机相关/努比亚.jpg,1,0.985,visual_0825_source_crosschecked
20260825-aee4959bd97c6f429274-01,2026-08-25,手机,device,努比亚,数字系列(红魔),红魔9pro+,,,不开机,200.0,元/台,,image_first_visual_crosscheck_0825,努比亚.jpg,/mnt/data/decoded2/需要获取数据与不需要获数据原文件/需要获取的图片正文数据/数码网报价单-0825更新/手机相关/努比亚.jpg,1,0.985,visual_0825_source_crosschecked
20260825-317454ac51c43072de65-01,2026-08-25,手机,device,努比亚,数字系列(红魔),红魔9pro+,,,废板-整机,180.0,元/台,,image_first_visual_crosscheck_0825,努比亚.jpg,/mnt/data/decoded2/需要获取数据与不需要获数据原文件/需要获取的图片正文数据/数码网报价单-0825更新/手机相关/努比亚.jpg,1,0.985,visual_0825_source_crosschecked
20260825-8b49be333d4e561ee23f-01,2026-08-25,手机,device,努比亚,数字系列(红魔),红魔9pro,,,开机屏好,900.0,元/台,,image_first_visual_crosscheck_0825,努比亚.jpg,/mnt/data/decoded2/需要获取数据与不需要获数据原文件/需要获取的图片正文数据/数码网报价单-0825更新/手机相关/努比亚.jpg,1,0.985,visual_0825_source_crosschecked
20260825-164ab9ee76627d361e0f-01,2026-08-25,手机,device,努比亚,数字系列(红魔),红魔9pro,,,开机屏坏,480.0,元/台,,image_first_visual_crosscheck_0825,努比亚.jpg,/mnt/data/decoded2/需要获取数据与不需要获数据原文件/需要获取的图片正文数据/数码网报价单-0825更新/手机相关/努比亚.jpg,1,0.985,visual_0825_source_crosschecked
20260825-53c28396b280215a10ba-01,2026-08-25,手机,device,努比亚,数字系列(红魔),红魔9pro,,,不开机,200.0,元/台,,image_first_visual_crosscheck_0825,努比亚.jpg,/mnt/data/decoded2/需要获取数据与不需要获数据原文件/需要获取的图片正文数据/数码网报价单-0825更新/手机相关/努比亚.jpg,1,0.985,visual_0825_source_crosschecked
20260825-386e65bc94beee9a96a8-01,2026-08-25,手机,device,努比亚,数字系列(红魔),红魔9pro,,,废板-整机,180.0,元/台,,image_first_visual_crosscheck_0825,努比亚.jpg,/mnt/data/decoded2/需要获取数据与不需要获数据原文件/需要获取的图片正文数据/数码网报价单-0825更新/手机相关/努比亚.jpg,1,0.985,visual_0825_source_crosschecked
20260825-5a634983b51311019013-01,2026-08-25,手机,device,努比亚,数字系列(红魔),红魔8spro+,,,开机屏好,800.0,元/台,,image_first_visual_crosscheck_0825,努比亚.jpg,/mnt/data/decoded2/需要获取数据与不需要获数据原文件/需要获取的图片正文数据/数码网报价单-0825更新/手机相关/努比亚.jpg,1,0.985,visual_0825_source_crosschecked
20260825-bfee5e35d832c016ead4-01,2026-08-25,手机,device,努比亚,数字系列(红魔),红魔8spro+,,,开机屏坏,700.0,元/台,,image_first_visual_crosscheck_0825,努比亚.jpg,/mnt/data/decoded2/需要获取数据与不需要获数据原文件/需要获取的图片正文数据/数码网报价单-0825更新/手机相关/努比亚.jpg,1,0.985,visual_0825_source_crosschecked
20260825-65a622e0b3c50ad5fd06-01,2026-08-25,手机,device,努比亚,数字系列(红魔),红魔8spro+,,,不开机,200.0,元/台,,image_first_visual_crosscheck_0825,努比亚.jpg,/mnt/data/decoded2/需要获取数据与不需要获数据原文件/需要获取的图片正文数据/数码网报价单-0825更新/手机相关/努比亚.jpg,1,0.985,visual_0825_source_crosschecked
20260825-3b0441b4467f5e667aa4-01,2026-08-25,手机,device,努比亚,数字系列(红魔),红魔8spro+,,,废板-整机,180.0,元/台,,image_first_visual_crosscheck_0825,努比亚.jpg,/mnt/data/decoded2/需要获取数据与不需要获数据原文件/需要获取的图片正文数据/数码网报价单-0825更新/手机相关/努比亚.jpg,1,0.985,visual_0825_source_crosschecked
20260825-9c1cebfeda38c6f28ba9-01,2026-08-25,手机,device,努比亚,数字系列(红魔),红魔8pro+,,,开机屏好,700.0,元/台,,image_first_visual_crosscheck_0825,努比亚.jpg,/mnt/data/decoded2/需要获取数据与不需要获数据原文件/需要获取的图片正文数据/数码网报价单-0825更新/手机相关/努比亚.jpg,1,0.985,visual_0825_source_crosschecked
20260825-676c2ca1b087f09efbfc-01,2026-08-25,手机,device,努比亚,数字系列(红魔),红魔8pro+,,,开机屏坏,450.0,元/台,,image_first_visual_crosscheck_0825,努比亚.jpg,/mnt/data/decoded2/需要获取数据与不需要获数据原文件/需要获取的图片正文数据/数码网报价单-0825更新/手机相关/努比亚.jpg,1,0.985,visual_0825_source_crosschecked
20260825-ff7395fd0b7e8ec7a98f-01,2026-08-25,手机,device,努比亚,数字系列(红魔),红魔8pro+,,,不开机,200.0,元/台,,image_first_visual_crosscheck_0825,努比亚.jpg,/mnt/data/decoded2/需要获取数据与不需要获数据原文件/需要获取的图片正文数据/数码网报价单-0825更新/手机相关/努比亚.jpg,1,0.985,visual_0825_source_crosschecked
20260825-479c7b4c252659c31e5c-01,2026-08-25,手机,device,努比亚,数字系列(红魔),红魔8pro+,,,废板-整机,180.0,元/台,,image_first_visual_crosscheck_0825,努比亚.jpg,/mnt/data/decoded2/需要获取数据与不需要获数据原文件/需要获取的图片正文数据/数码网报价单-0825更新/手机相关/努比亚.jpg,1,0.985,visual_0825_source_crosschecked
20260825-3f805facb3a8e45dc2b3-01,2026-08-25,手机,device,努比亚,数字系列(红魔),红魔8pro,,,开机屏好,600.0,元/台,,image_first_visual_crosscheck_0825,努比亚.jpg,/mnt/data/decoded2/需要获取数据与不需要获数据原文件/需要获取的图片正文数据/数码网报价单-0825更新/手机相关/努比亚.jpg,1,0.985,visual_0825_source_crosschecked
20260825-f6f6c3af71e5563bf304-01,2026-08-25,手机,device,努比亚,数字系列(红魔),红魔8pro,,,开机屏坏,400.0,元/台,,image_first_visual_crosscheck_0825,努比亚.jpg,/mnt/data/decoded2/需要获取数据与不需要获数据原文件/需要获取的图片正文数据/数码网报价单-0825更新/手机相关/努比亚.jpg,1,0.985,visual_0825_source_crosschecked
20260825-beadff246e74f81b761b-01,2026-08-25,手机,device,努比亚,数字系列(红魔),红魔8pro,,,不开机,200.0,元/台,,image_first_visual_crosscheck_0825,努比亚.jpg,/mnt/data/decoded2/需要获取数据与不需要获数据原文件/需要获取的图片正文数据/数码网报价单-0825更新/手机相关/努比亚.jpg,1,0.985,visual_0825_source_crosschecked
20260825-2c9e3c28488595259e51-01,2026-08-25,手机,device,努比亚,数字系列(红魔),红魔8pro,,,废板-整机,180.0,元/台,,image_first_visual_crosscheck_0825,努比亚.jpg,/mnt/data/decoded2/需要获取数据与不需要获数据原文件/需要获取的图片正文数据/数码网报价单-0825更新/手机相关/努比亚.jpg,1,0.985,visual_0825_source_crosschecked
20260825-906b989bbdbf7a2da893-01,2026-08-25,手机,device,努比亚,数字系列(红魔),红魔7spro,,,开机屏好,500.0,元/台,,image_first_visual_crosscheck_0825,努比亚.jpg,/mnt/data/decoded2/需要获取数据与不需要获数据原文件/需要获取的图片正文数据/数码网报价单-0825更新/手机相关/努比亚.jpg,1,0.985,visual_0825_source_crosschecked
20260825-3ae3b86e91d1ef266cfe-01,2026-08-25,手机,device,努比亚,数字系列(红魔),红魔7spro,,,开机屏坏,350.0,元/台,,image_first_visual_crosscheck_0825,努比亚.jpg,/mnt/data/decoded2/需要获取数据与不需要获数据原文件/需要获取的图片正文数据/数码网报价单-0825更新/手机相关/努比亚.jpg,1,0.985,visual_0825_source_crosschecked
20260825-c986e26eb5e9bac7d8be-01,2026-08-25,手机,device,努比亚,数字系列(红魔),红魔7spro,,,不开机,200.0,元/台,,image_first_visual_crosscheck_0825,努比亚.jpg,/mnt/data/decoded2/需要获取数据与不需要获数据原文件/需要获取的图片正文数据/数码网报价单-0825更新/手机相关/努比亚.jpg,1,0.985,visual_0825_source_crosschecked
20260825-0937df0abf42d3db3225-01,2026-08-25,手机,device,努比亚,数字系列(红魔),红魔7spro,,,废板-整机,180.0,元/台,,image_first_visual_crosscheck_0825,努比亚.jpg,/mnt/data/decoded2/需要获取数据与不需要获数据原文件/需要获取的图片正文数据/数码网报价单-0825更新/手机相关/努比亚.jpg,1,0.985,visual_0825_source_crosschecked
20260825-17b629b791da23173c21-01,2026-08-25,手机,device,努比亚,数字系列(红魔),红魔7S,,,开机屏好,400.0,元/台,,image_first_visual_crosscheck_0825,努比亚.jpg,/mnt/data/decoded2/需要获取数据与不需要获数据原文件/需要获取的图片正文数据/数码网报价单-0825更新/手机相关/努比亚.jpg,1,0.985,visual_0825_source_crosschecked
20260825-fcc021de5c05460d5c7f-01,2026-08-25,手机,device,努比亚,数字系列(红魔),红魔7S,,,开机屏坏,280.0,元/台,,image_first_visual_crosscheck_0825,努比亚.jpg,/mnt/data/decoded2/需要获取数据与不需要获数据原文件/需要获取的图片正文数据/数码网报价单-0825更新/手机相关/努比亚.jpg,1,0.985,visual_0825_source_crosschecked
20260825-100c4ed430e820b0a356-01,2026-08-25,手机,device,努比亚,数字系列(红魔),红魔7S,,,不开机,200.0,元/台,,image_first_visual_crosscheck_0825,努比亚.jpg,/mnt/data/decoded2/需要获取数据与不需要获数据原文件/需要获取的图片正文数据/数码网报价单-0825更新/手机相关/努比亚.jpg,1,0.985,visual_0825_source_crosschecked
20260825-de41d03cc431bb214a40-01,2026-08-25,手机,device,努比亚,数字系列(红魔),红魔7S,,,废板-整机,180.0,元/台,,image_first_visual_crosscheck_0825,努比亚.jpg,/mnt/data/decoded2/需要获取数据与不需要获数据原文件/需要获取的图片正文数据/数码网报价单-0825更新/手机相关/努比亚.jpg,1,0.985,visual_0825_source_crosschecked
20260825-1bceec946d5b04d37aef-01,2026-08-25,手机,device,努比亚,数字系列(红魔),红魔7Pro,,,开机屏好,400.0,元/台,,image_first_visual_crosscheck_0825,努比亚.jpg,/mnt/data/decoded2/需要获取数据与不需要获数据原文件/需要获取的图片正文数据/数码网报价单-0825更新/手机相关/努比亚.jpg,1,0.985,visual_0825_source_crosschecked
20260825-584c5e27e7c41f4b2b13-01,2026-08-25,手机,device,努比亚,数字系列(红魔),红魔7Pro,,,开机屏坏,240.0,元/台,,image_first_visual_crosscheck_0825,努比亚.jpg,/mnt/data/decoded2/需要获取数据与不需要获数据原文件/需要获取的图片正文数据/数码网报价单-0825更新/手机相关/努比亚.jpg,1,0.985,visual_0825_source_crosschecked
20260825-ceac9d8e698eb40222a3-01,2026-08-25,手机,device,努比亚,数字系列(红魔),红魔7Pro,,,不开机,180.0,元/台,,image_first_visual_crosscheck_0825,努比亚.jpg,/mnt/data/decoded2/需要获取数据与不需要获数据原文件/需要获取的图片正文数据/数码网报价单-0825更新/手机相关/努比亚.jpg,1,0.985,visual_0825_source_crosschecked
20260825-3cef6af4e0ae8a514032-01,2026-08-25,手机,device,努比亚,数字系列(红魔),红魔7Pro,,,废板-整机,150.0,元/台,,image_first_visual_crosscheck_0825,努比亚.jpg,/mnt/data/decoded2/需要获取数据与不需要获数据原文件/需要获取的图片正文数据/数码网报价单-0825更新/手机相关/努比亚.jpg,1,0.985,visual_0825_source_crosschecked
20260825-03426e933d348ac889b7-01,2026-08-25,手机,device,努比亚,数字系列(红魔),红魔6spro,,,开机屏好,160.0,元/台,,image_first_visual_crosscheck_0825,努比亚.jpg,/mnt/data/decoded2/需要获取数据与不需要获数据原文件/需要获取的图片正文数据/数码网报价单-0825更新/手机相关/努比亚.jpg,1,0.985,visual_0825_source_crosschecked
20260825-4e2ceb0ca6893b41871a-01,2026-08-25,手机,device,努比亚,数字系列(红魔),红魔6spro,,,开机屏坏,150.0,元/台,,image_first_visual_crosscheck_0825,努比亚.jpg,/mnt/data/decoded2/需要获取数据与不需要获数据原文件/需要获取的图片正文数据/数码网报价单-0825更新/手机相关/努比亚.jpg,1,0.985,visual_0825_source_crosschecked
20260825-59cab441e6836d31b7dc-01,2026-08-25,手机,device,努比亚,数字系列(红魔),红魔6spro,,,不开机,150.0,元/台,,image_first_visual_crosscheck_0825,努比亚.jpg,/mnt/data/decoded2/需要获取数据与不需要获数据原文件/需要获取的图片正文数据/数码网报价单-0825更新/手机相关/努比亚.jpg,1,0.985,visual_0825_source_crosschecked
20260825-9ea4b61df23d14da04f3-01,2026-08-25,手机,device,努比亚,数字系列(红魔),红魔6spro,,,废板-整机,150.0,元/台,,image_first_visual_crosscheck_0825,努比亚.jpg,/mnt/data/decoded2/需要获取数据与不需要获数据原文件/需要获取的图片正文数据/数码网报价单-0825更新/手机相关/努比亚.jpg,1,0.985,visual_0825_source_crosschecked
20260825-808fc6e96cba987e9395-01,2026-08-25,手机,device,努比亚,数字系列(红魔),红魔7,,,开机屏好,300.0,元/台,,image_first_visual_crosscheck_0825,努比亚.jpg,/mnt/data/decoded2/需要获取数据与不需要获数据原文件/需要获取的图片正文数据/数码网报价单-0825更新/手机相关/努比亚.jpg,1,0.985,visual_0825_source_crosschecked
20260825-9a814b8eb73bde9855a6-01,2026-08-25,手机,device,努比亚,数字系列(红魔),红魔7,,,开机屏坏,240.0,元/台,,image_first_visual_crosscheck_0825,努比亚.jpg,/mnt/data/decoded2/需要获取数据与不需要获数据原文件/需要获取的图片正文数据/数码网报价单-0825更新/手机相关/努比亚.jpg,1,0.985,visual_0825_source_crosschecked
20260825-332c5e02dbd006a4d57e-01,2026-08-25,手机,device,努比亚,数字系列(红魔),红魔7,,,不开机,180.0,元/台,,image_first_visual_crosscheck_0825,努比亚.jpg,/mnt/data/decoded2/需要获取数据与不需要获数据原文件/需要获取的图片正文数据/数码网报价单-0825更新/手机相关/努比亚.jpg,1,0.985,visual_0825_source_crosschecked
20260825-de4f15d7fd5df0d7c116-01,2026-08-25,手机,device,努比亚,数字系列(红魔),红魔7,,,废板-整机,180.0,元/台,,image_first_visual_crosscheck_0825,努比亚.jpg,/mnt/data/decoded2/需要获取数据与不需要获数据原文件/需要获取的图片正文数据/数码网报价单-0825更新/手机相关/努比亚.jpg,1,0.985,visual_0825_source_crosschecked
20260825-a311d0b8ec17e6530136-01,2026-08-25,手机,device,努比亚,数字系列(红魔),红魔6R,,,开机屏好,120.0,元/台,,image_first_visual_crosscheck_0825,努比亚.jpg,/mnt/data/decoded2/需要获取数据与不需要获数据原文件/需要获取的图片正文数据/数码网报价单-0825更新/手机相关/努比亚.jpg,1,0.985,visual_0825_source_crosschecked
20260825-d4a5b3d0fd0b5a80b35f-01,2026-08-25,手机,device,努比亚,数字系列(红魔),红魔6R,,,开机屏坏,100.0,元/台,,image_first_visual_crosscheck_0825,努比亚.jpg,/mnt/data/decoded2/需要获取数据与不需要获数据原文件/需要获取的图片正文数据/数码网报价单-0825更新/手机相关/努比亚.jpg,1,0.985,visual_0825_source_crosschecked
20260825-7f73f72ab5200e9901de-01,2026-08-25,手机,device,努比亚,数字系列(红魔),红魔6R,,,不开机,100.0,元/台,,image_first_visual_crosscheck_0825,努比亚.jpg,/mnt/data/decoded2/需要获取数据与不需要获数据原文件/需要获取的图片正文数据/数码网报价单-0825更新/手机相关/努比亚.jpg,1,0.985,visual_0825_source_crosschecked
20260825-75357f23a0815b68a465-01,2026-08-25,手机,device,努比亚,数字系列(红魔),红魔6R,,,废板-整机,100.0,元/台,,image_first_visual_crosscheck_0825,努比亚.jpg,/mnt/data/decoded2/需要获取数据与不需要获数据原文件/需要获取的图片正文数据/数码网报价单-0825更新/手机相关/努比亚.jpg,1,0.985,visual_0825_source_crosschecked
20260825-5c0d0631b4ccdd3eb565-01,2026-08-25,手机,device,努比亚,数字系列(红魔),红魔6,,,开机屏好,160.0,元/台,,image_first_visual_crosscheck_0825,努比亚.jpg,/mnt/data/decoded2/需要获取数据与不需要获数据原文件/需要获取的图片正文数据/数码网报价单-0825更新/手机相关/努比亚.jpg,1,0.985,visual_0825_source_crosschecked
20260825-16346ed77bf9d155af4c-01,2026-08-25,手机,device,努比亚,数字系列(红魔),红魔6,,,开机屏坏,150.0,元/台,,image_first_visual_crosscheck_0825,努比亚.jpg,/mnt/data/decoded2/需要获取数据与不需要获数据原文件/需要获取的图片正文数据/数码网报价单-0825更新/手机相关/努比亚.jpg,1,0.985,visual_0825_source_crosschecked
20260825-b39d3af059da6ec763b6-01,2026-08-25,手机,device,努比亚,数字系列(红魔),红魔6,,,不开机,150.0,元/台,,image_first_visual_crosscheck_0825,努比亚.jpg,/mnt/data/decoded2/需要获取数据与不需要获数据原文件/需要获取的图片正文数据/数码网报价单-0825更新/手机相关/努比亚.jpg,1,0.985,visual_0825_source_crosschecked
20260825-3eaece6ded1a1df1b752-01,2026-08-25,手机,device,努比亚,数字系列(红魔),红魔6,,,废板-整机,150.0,元/台,,image_first_visual_crosscheck_0825,努比亚.jpg,/mnt/data/decoded2/需要获取数据与不需要获数据原文件/需要获取的图片正文数据/数码网报价单-0825更新/手机相关/努比亚.jpg,1,0.985,visual_0825_source_crosschecked
20260825-dc431b3b5b9b97b06913-01,2026-08-25,手机,device,努比亚,数字系列(红魔),红魔5s,,,开机屏好,120.0,元/台,,image_first_visual_crosscheck_0825,努比亚.jpg,/mnt/data/decoded2/需要获取数据与不需要获数据原文件/需要获取的图片正文数据/数码网报价单-0825更新/手机相关/努比亚.jpg,1,0.985,visual_0825_source_crosschecked
20260825-e430562b4c145ff0bc98-01,2026-08-25,手机,device,努比亚,数字系列(红魔),红魔5s,,,开机屏坏,110.0,元/台,,image_first_visual_crosscheck_0825,努比亚.jpg,/mnt/data/decoded2/需要获取数据与不需要获数据原文件/需要获取的图片正文数据/数码网报价单-0825更新/手机相关/努比亚.jpg,1,0.985,visual_0825_source_crosschecked
20260825-a555d2ff3c399c9f013a-01,2026-08-25,手机,device,努比亚,数字系列(红魔),红魔5s,,,不开机,110.0,元/台,,image_first_visual_crosscheck_0825,努比亚.jpg,/mnt/data/decoded2/需要获取数据与不需要获数据原文件/需要获取的图片正文数据/数码网报价单-0825更新/手机相关/努比亚.jpg,1,0.985,visual_0825_source_crosschecked
20260825-13e716a1e8e92b687b5a-01,2026-08-25,手机,device,努比亚,数字系列(红魔),红魔5s,,,废板-整机,110.0,元/台,,image_first_visual_crosscheck_0825,努比亚.jpg,/mnt/data/decoded2/需要获取数据与不需要获数据原文件/需要获取的图片正文数据/数码网报价单-0825更新/手机相关/努比亚.jpg,1,0.985,visual_0825_source_crosschecked
20260825-9cade68daeecb173ca21-01,2026-08-25,手机,device,努比亚,数字系列(红魔),红魔3s,,,开机屏好,110.0,元/台,,image_first_visual_crosscheck_0825,努比亚.jpg,/mnt/data/decoded2/需要获取数据与不需要获数据原文件/需要获取的图片正文数据/数码网报价单-0825更新/手机相关/努比亚.jpg,1,0.985,visual_0825_source_crosschecked
20260825-c064b75a108121e8713c-01,2026-08-25,手机,device,努比亚,数字系列(红魔),红魔3s,,,开机屏坏,110.0,元/台,,image_first_visual_crosscheck_0825,努比亚.jpg,/mnt/data/decoded2/需要获取数据与不需要获数据原文件/需要获取的图片正文数据/数码网报价单-0825更新/手机相关/努比亚.jpg,1,0.985,visual_0825_source_crosschecked
20260825-2682c320d8eeb6fea322-01,2026-08-25,手机,device,努比亚,数字系列(红魔),红魔3s,,,不开机,110.0,元/台,,image_first_visual_crosscheck_0825,努比亚.jpg,/mnt/data/decoded2/需要获取数据与不需要获数据原文件/需要获取的图片正文数据/数码网报价单-0825更新/手机相关/努比亚.jpg,1,0.985,visual_0825_source_crosschecked
20260825-45b797222278d23046c5-01,2026-08-25,手机,device,努比亚,数字系列(红魔),红魔3s,,,废板-整机,110.0,元/台,,image_first_visual_crosscheck_0825,努比亚.jpg,/mnt/data/decoded2/需要获取数据与不需要获数据原文件/需要获取的图片正文数据/数码网报价单-0825更新/手机相关/努比亚.jpg,1,0.985,visual_0825_source_crosschecked
20260825-9707454d84c5cf39ab36-01,2026-08-25,手机,device,努比亚,数字系列(红魔),红魔3,,,开机屏好,110.0,元/台,,image_first_visual_crosscheck_0825,努比亚.jpg,/mnt/data/decoded2/需要获取数据与不需要获数据原文件/需要获取的图片正文数据/数码网报价单-0825更新/手机相关/努比亚.jpg,1,0.985,visual_0825_source_crosschecked
20260825-2de059876ee2397db913-01,2026-08-25,手机,device,努比亚,数字系列(红魔),红魔3,,,开机屏坏,110.0,元/台,,image_first_visual_crosscheck_0825,努比亚.jpg,/mnt/data/decoded2/需要获取数据与不需要获数据原文件/需要获取的图片正文数据/数码网报价单-0825更新/手机相关/努比亚.jpg,1,0.985,visual_0825_source_crosschecked
20260825-99a0c1720189de6fb16b-01,2026-08-25,手机,device,努比亚,数字系列(红魔),红魔3,,,不开机,110.0,元/台,,image_first_visual_crosscheck_0825,努比亚.jpg,/mnt/data/decoded2/需要获取数据与不需要获数据原文件/需要获取的图片正文数据/数码网报价单-0825更新/手机相关/努比亚.jpg,1,0.985,visual_0825_source_crosschecked
20260825-71f64cf803479946cc69-01,2026-08-25,手机,device,努比亚,数字系列(红魔),红魔3,,,废板-整机,110.0,元/台,,image_first_visual_crosscheck_0825,努比亚.jpg,/mnt/data/decoded2/需要获取数据与不需要获数据原文件/需要获取的图片正文数据/数码网报价单-0825更新/手机相关/努比亚.jpg,1,0.985,visual_0825_source_crosschecked
20260825-9ec0a4f28fb3a262eda5-01,2026-08-25,手机,device,努比亚,数字系列(红魔),红魔2,,,开机屏好,80.0,元/台,,image_first_visual_crosscheck_0825,努比亚.jpg,/mnt/data/decoded2/需要获取数据与不需要获数据原文件/需要获取的图片正文数据/数码网报价单-0825更新/手机相关/努比亚.jpg,1,0.985,visual_0825_source_crosschecked
20260825-704143289efff3d72897-01,2026-08-25,手机,device,努比亚,数字系列(红魔),红魔2,,,开机屏坏,80.0,元/台,,image_first_visual_crosscheck_0825,努比亚.jpg,/mnt/data/decoded2/需要获取数据与不需要获数据原文件/需要获取的图片正文数据/数码网报价单-0825更新/手机相关/努比亚.jpg,1,0.985,visual_0825_source_crosschecked
20260825-2c36a35c515c125fe310-01,2026-08-25,手机,device,努比亚,数字系列(红魔),红魔2,,,不开机,80.0,元/台,,image_first_visual_crosscheck_0825,努比亚.jpg,/mnt/data/decoded2/需要获取数据与不需要获数据原文件/需要获取的图片正文数据/数码网报价单-0825更新/手机相关/努比亚.jpg,1,0.985,visual_0825_source_crosschecked
20260825-abf30219e30ed6b384f0-01,2026-08-25,手机,device,努比亚,数字系列(红魔),红魔2,,,废板-整机,80.0,元/台,,image_first_visual_crosscheck_0825,努比亚.jpg,/mnt/data/decoded2/需要获取数据与不需要获数据原文件/需要获取的图片正文数据/数码网报价单-0825更新/手机相关/努比亚.jpg,1,0.985,visual_0825_source_crosschecked
20260825-76bd9db8ea3991a5dca2-01,2026-08-25,手机,device,努比亚,数字系列(红魔),红魔1,,,开机屏好,80.0,元/台,,image_first_visual_crosscheck_0825,努比亚.jpg,/mnt/data/decoded2/需要获取数据与不需要获数据原文件/需要获取的图片正文数据/数码网报价单-0825更新/手机相关/努比亚.jpg,1,0.985,visual_0825_source_crosschecked
20260825-9a3c970ff007a218bbe9-01,2026-08-25,手机,device,努比亚,数字系列(红魔),红魔1,,,开机屏坏,80.0,元/台,,image_first_visual_crosscheck_0825,努比亚.jpg,/mnt/data/decoded2/需要获取数据与不需要获数据原文件/需要获取的图片正文数据/数码网报价单-0825更新/手机相关/努比亚.jpg,1,0.985,visual_0825_source_crosschecked
20260825-5c1c2c0fbaa866ae2d48-01,2026-08-25,手机,device,努比亚,数字系列(红魔),红魔1,,,不开机,80.0,元/台,,image_first_visual_crosscheck_0825,努比亚.jpg,/mnt/data/decoded2/需要获取数据与不需要获数据原文件/需要获取的图片正文数据/数码网报价单-0825更新/手机相关/努比亚.jpg,1,0.985,visual_0825_source_crosschecked
20260825-efa6700598ca8ea74471-01,2026-08-25,手机,device,努比亚,数字系列(红魔),红魔1,,,废板-整机,80.0,元/台,,image_first_visual_crosscheck_0825,努比亚.jpg,/mnt/data/decoded2/需要获取数据与不需要获数据原文件/需要获取的图片正文数据/数码网报价单-0825更新/手机相关/努比亚.jpg,1,0.985,visual_0825_source_crosschecked
20260825-033fdd40724009a37855-01,2026-08-25,手机,device,努比亚,数字系列(红魔),红魔 5G,,,开机屏好,120.0,元/台,,image_first_visual_crosscheck_0825,努比亚.jpg,/mnt/data/decoded2/需要获取数据与不需要获数据原文件/需要获取的图片正文数据/数码网报价单-0825更新/手机相关/努比亚.jpg,1,0.985,visual_0825_source_crosschecked
20260825-330a6913d7861ffd1ff6-01,2026-08-25,手机,device,努比亚,数字系列(红魔),红魔 5G,,,开机屏坏,110.0,元/台,,image_first_visual_crosscheck_0825,努比亚.jpg,/mnt/data/decoded2/需要获取数据与不需要获数据原文件/需要获取的图片正文数据/数码网报价单-0825更新/手机相关/努比亚.jpg,1,0.985,visual_0825_source_crosschecked
20260825-2a79858553544b66549c-01,2026-08-25,手机,device,努比亚,数字系列(红魔),红魔 5G,,,不开机,110.0,元/台,,image_first_visual_crosscheck_0825,努比亚.jpg,/mnt/data/decoded2/需要获取数据与不需要获数据原文件/需要获取的图片正文数据/数码网报价单-0825更新/手机相关/努比亚.jpg,1,0.985,visual_0825_source_crosschecked
20260825-daabc19fb1a67469b8ba-01,2026-08-25,手机,device,努比亚,数字系列(红魔),红魔 5G,,,废板-整机,110.0,元/台,,image_first_visual_crosscheck_0825,努比亚.jpg,/mnt/data/decoded2/需要获取数据与不需要获数据原文件/需要获取的图片正文数据/数码网报价单-0825更新/手机相关/努比亚.jpg,1,0.985,visual_0825_source_crosschecked
20260825-bde92ca661b5f8f008ad-01,2026-08-25,手机,device,努比亚,Z系列,Z60 Ultra,,,开机屏好,400.0,元/台,,image_first_visual_crosscheck_0825,努比亚.jpg,/mnt/data/decoded2/需要获取数据与不需要获数据原文件/需要获取的图片正文数据/数码网报价单-0825更新/手机相关/努比亚.jpg,1,0.985,visual_0825_source_crosschecked
20260825-2cb0eb1ec5204e26c4aa-01,2026-08-25,手机,device,努比亚,Z系列,Z60 Ultra,,,开机屏坏,300.0,元/台,,image_first_visual_crosscheck_0825,努比亚.jpg,/mnt/data/decoded2/需要获取数据与不需要获数据原文件/需要获取的图片正文数据/数码网报价单-0825更新/手机相关/努比亚.jpg,1,0.985,visual_0825_source_crosschecked
20260825-f63379a1deaa133ca9d3-01,2026-08-25,手机,device,努比亚,Z系列,Z60 Ultra,,,不开机,200.0,元/台,,image_first_visual_crosscheck_0825,努比亚.jpg,/mnt/data/decoded2/需要获取数据与不需要获数据原文件/需要获取的图片正文数据/数码网报价单-0825更新/手机相关/努比亚.jpg,1,0.985,visual_0825_source_crosschecked
20260825-a9893dfe81694517dc46-01,2026-08-25,手机,device,努比亚,Z系列,Z60 Ultra,,,废板-整机,200.0,元/台,,image_first_visual_crosscheck_0825,努比亚.jpg,/mnt/data/decoded2/需要获取数据与不需要获数据原文件/需要获取的图片正文数据/数码网报价单-0825更新/手机相关/努比亚.jpg,1,0.985,visual_0825_source_crosschecked
20260825-0a9dcd3c63a00ed33557-01,2026-08-25,手机,device,努比亚,Z系列,z50s pro,,,开机屏好,300.0,元/台,,image_first_visual_crosscheck_0825,努比亚.jpg,/mnt/data/decoded2/需要获取数据与不需要获数据原文件/需要获取的图片正文数据/数码网报价单-0825更新/手机相关/努比亚.jpg,1,0.985,visual_0825_source_crosschecked
20260825-0c8b9c7c8642dea02a4b-01,2026-08-25,手机,device,努比亚,Z系列,z50s pro,,,开机屏坏,200.0,元/台,,image_first_visual_crosscheck_0825,努比亚.jpg,/mnt/data/decoded2/需要获取数据与不需要获数据原文件/需要获取的图片正文数据/数码网报价单-0825更新/手机相关/努比亚.jpg,1,0.985,visual_0825_source_crosschecked
20260825-cf996d79bebd1429370a-01,2026-08-25,手机,device,努比亚,Z系列,z50s pro,,,不开机,200.0,元/台,,image_first_visual_crosscheck_0825,努比亚.jpg,/mnt/data/decoded2/需要获取数据与不需要获数据原文件/需要获取的图片正文数据/数码网报价单-0825更新/手机相关/努比亚.jpg,1,0.985,visual_0825_source_crosschecked
20260825-7ec0ac71311b3643319d-01,2026-08-25,手机,device,努比亚,Z系列,z50s pro,,,废板-整机,200.0,元/台,,image_first_visual_crosscheck_0825,努比亚.jpg,/mnt/data/decoded2/需要获取数据与不需要获数据原文件/需要获取的图片正文数据/数码网报价单-0825更新/手机相关/努比亚.jpg,1,0.985,visual_0825_source_crosschecked
20260825-f7b981d9e2eab511501a-01,2026-08-25,手机,device,努比亚,Z系列,Z50 Ultra,,,开机屏好,300.0,元/台,,image_first_visual_crosscheck_0825,努比亚.jpg,/mnt/data/decoded2/需要获取数据与不需要获数据原文件/需要获取的图片正文数据/数码网报价单-0825更新/手机相关/努比亚.jpg,1,0.985,visual_0825_source_crosschecked
20260825-ee049c80b09772f5bd8d-01,2026-08-25,手机,device,努比亚,Z系列,Z50 Ultra,,,开机屏坏,200.0,元/台,,image_first_visual_crosscheck_0825,努比亚.jpg,/mnt/data/decoded2/需要获取数据与不需要获数据原文件/需要获取的图片正文数据/数码网报价单-0825更新/手机相关/努比亚.jpg,1,0.985,visual_0825_source_crosschecked
20260825-d0dc27dc6d28be656aa5-01,2026-08-25,手机,device,努比亚,Z系列,Z50 Ultra,,,不开机,200.0,元/台,,image_first_visual_crosscheck_0825,努比亚.jpg,/mnt/data/decoded2/需要获取数据与不需要获数据原文件/需要获取的图片正文数据/数码网报价单-0825更新/手机相关/努比亚.jpg,1,0.985,visual_0825_source_crosschecked
20260825-ec93a96e6f0b15444b03-01,2026-08-25,手机,device,努比亚,Z系列,Z50 Ultra,,,废板-整机,200.0,元/台,,image_first_visual_crosscheck_0825,努比亚.jpg,/mnt/data/decoded2/需要获取数据与不需要获数据原文件/需要获取的图片正文数据/数码网报价单-0825更新/手机相关/努比亚.jpg,1,0.985,visual_0825_source_crosschecked
20260825-115fe4b2f40b359dc919-01,2026-08-25,手机,device,努比亚,Z系列,Z50,,,开机屏好,180.0,元/台,,image_first_visual_crosscheck_0825,努比亚.jpg,/mnt/data/decoded2/需要获取数据与不需要获数据原文件/需要获取的图片正文数据/数码网报价单-0825更新/手机相关/努比亚.jpg,1,0.985,visual_0825_source_crosschecked
20260825-b00bcb955fb9f6ba8f2c-01,2026-08-25,手机,device,努比亚,Z系列,Z50,,,开机屏坏,130.0,元/台,,image_first_visual_crosscheck_0825,努比亚.jpg,/mnt/data/decoded2/需要获取数据与不需要获数据原文件/需要获取的图片正文数据/数码网报价单-0825更新/手机相关/努比亚.jpg,1,0.985,visual_0825_source_crosschecked
20260825-a88e39e9f7fe851a6c7b-01,2026-08-25,手机,device,努比亚,Z系列,Z50,,,不开机,130.0,元/台,,image_first_visual_crosscheck_0825,努比亚.jpg,/mnt/data/decoded2/需要获取数据与不需要获数据原文件/需要获取的图片正文数据/数码网报价单-0825更新/手机相关/努比亚.jpg,1,0.985,visual_0825_source_crosschecked
20260825-7475ae2a31d563fe63af-01,2026-08-25,手机,device,努比亚,Z系列,Z50,,,废板-整机,130.0,元/台,,image_first_visual_crosscheck_0825,努比亚.jpg,/mnt/data/decoded2/需要获取数据与不需要获数据原文件/需要获取的图片正文数据/数码网报价单-0825更新/手机相关/努比亚.jpg,1,0.985,visual_0825_source_crosschecked
20260825-8c004796e3ff6e839300-01,2026-08-25,手机,device,努比亚,Z系列,Z40s pro,,,开机屏好,260.0,元/台,,image_first_visual_crosscheck_0825,努比亚.jpg,/mnt/data/decoded2/需要获取数据与不需要获数据原文件/需要获取的图片正文数据/数码网报价单-0825更新/手机相关/努比亚.jpg,1,0.985,visual_0825_source_crosschecked
20260825-a72b39bcae47f36e952f-01,2026-08-25,手机,device,努比亚,Z系列,Z40s pro,,,开机屏坏,200.0,元/台,,image_first_visual_crosscheck_0825,努比亚.jpg,/mnt/data/decoded2/需要获取数据与不需要获数据原文件/需要获取的图片正文数据/数码网报价单-0825更新/手机相关/努比亚.jpg,1,0.985,visual_0825_source_crosschecked
20260825-c060d1b6f190a70cea38-01,2026-08-25,手机,device,努比亚,Z系列,Z40s pro,,,不开机,200.0,元/台,,image_first_visual_crosscheck_0825,努比亚.jpg,/mnt/data/decoded2/需要获取数据与不需要获数据原文件/需要获取的图片正文数据/数码网报价单-0825更新/手机相关/努比亚.jpg,1,0.985,visual_0825_source_crosschecked
20260825-7bc51c09362115a66c71-01,2026-08-25,手机,device,努比亚,Z系列,Z40s pro,,,废板-整机,200.0,元/台,,image_first_visual_crosscheck_0825,努比亚.jpg,/mnt/data/decoded2/需要获取数据与不需要获数据原文件/需要获取的图片正文数据/数码网报价单-0825更新/手机相关/努比亚.jpg,1,0.985,visual_0825_source_crosschecked
20260825-47e83551c004ee42e825-01,2026-08-25,手机,device,努比亚,Z系列,努比亚 Z40Pro,,,开机屏好,300.0,元/台,,image_first_visual_crosscheck_0825,努比亚.jpg,/mnt/data/decoded2/需要获取数据与不需要获数据原文件/需要获取的图片正文数据/数码网报价单-0825更新/手机相关/努比亚.jpg,1,0.985,visual_0825_source_crosschecked
20260825-c87771ab3c636d63ebe3-01,2026-08-25,手机,device,努比亚,Z系列,努比亚 Z40Pro,,,开机屏坏,200.0,元/台,,image_first_visual_crosscheck_0825,努比亚.jpg,/mnt/data/decoded2/需要获取数据与不需要获数据原文件/需要获取的图片正文数据/数码网报价单-0825更新/手机相关/努比亚.jpg,1,0.985,visual_0825_source_crosschecked
20260825-c673239cc5a4f0dc6913-01,2026-08-25,手机,device,努比亚,Z系列,努比亚 Z40Pro,,,不开机,150.0,元/台,,image_first_visual_crosscheck_0825,努比亚.jpg,/mnt/data/decoded2/需要获取数据与不需要获数据原文件/需要获取的图片正文数据/数码网报价单-0825更新/手机相关/努比亚.jpg,1,0.985,visual_0825_source_crosschecked
20260825-169df51ead9d009c7d57-01,2026-08-25,手机,device,努比亚,Z系列,努比亚 Z40Pro,,,废板-整机,130.0,元/台,,image_first_visual_crosscheck_0825,努比亚.jpg,/mnt/data/decoded2/需要获取数据与不需要获数据原文件/需要获取的图片正文数据/数码网报价单-0825更新/手机相关/努比亚.jpg,1,0.985,visual_0825_source_crosschecked
20260825-d77428b25afc3fdc6c57-01,2026-08-25,手机,device,努比亚,Z系列,Z30 Pro,,,开机屏好,280.0,元/台,,image_first_visual_crosscheck_0825,努比亚.jpg,/mnt/data/decoded2/需要获取数据与不需要获数据原文件/需要获取的图片正文数据/数码网报价单-0825更新/手机相关/努比亚.jpg,1,0.985,visual_0825_source_crosschecked
20260825-9885eb9d26973bb68254-01,2026-08-25,手机,device,努比亚,Z系列,Z30 Pro,,,开机屏坏,180.0,元/台,,image_first_visual_crosscheck_0825,努比亚.jpg,/mnt/data/decoded2/需要获取数据与不需要获数据原文件/需要获取的图片正文数据/数码网报价单-0825更新/手机相关/努比亚.jpg,1,0.985,visual_0825_source_crosschecked
20260825-8f7b2d0219c66807db62-01,2026-08-25,手机,device,努比亚,Z系列,Z30 Pro,,,不开机,150.0,元/台,,image_first_visual_crosscheck_0825,努比亚.jpg,/mnt/data/decoded2/需要获取数据与不需要获数据原文件/需要获取的图片正文数据/数码网报价单-0825更新/手机相关/努比亚.jpg,1,0.985,visual_0825_source_crosschecked
20260825-ebd1b2d612ebd2ded325-01,2026-08-25,手机,device,努比亚,Z系列,Z30 Pro,,,废板-整机,130.0,元/台,,image_first_visual_crosscheck_0825,努比亚.jpg,/mnt/data/decoded2/需要获取数据与不需要获数据原文件/需要获取的图片正文数据/数码网报价单-0825更新/手机相关/努比亚.jpg,1,0.985,visual_0825_source_crosschecked
20260825-cd983c693bcc58c5dc51-01,2026-08-25,手机,device,努比亚,Z系列,Z20,,,开机屏好,120.0,元/台,,image_first_visual_crosscheck_0825,努比亚.jpg,/mnt/data/decoded2/需要获取数据与不需要获数据原文件/需要获取的图片正文数据/数码网报价单-0825更新/手机相关/努比亚.jpg,1,0.985,visual_0825_source_crosschecked
20260825-79cbe4132ba45856528f-01,2026-08-25,手机,device,努比亚,Z系列,Z20,,,开机屏坏,60.0,元/台,,image_first_visual_crosscheck_0825,努比亚.jpg,/mnt/data/decoded2/需要获取数据与不需要获数据原文件/需要获取的图片正文数据/数码网报价单-0825更新/手机相关/努比亚.jpg,1,0.985,visual_0825_source_crosschecked
20260825-5c7cbceaa3c666b9432a-01,2026-08-25,手机,device,努比亚,Z系列,Z20,,,不开机,60.0,元/台,,image_first_visual_crosscheck_0825,努比亚.jpg,/mnt/data/decoded2/需要获取数据与不需要获数据原文件/需要获取的图片正文数据/数码网报价单-0825更新/手机相关/努比亚.jpg,1,0.985,visual_0825_source_crosschecked
20260825-1bafff6ae4598cf96547-01,2026-08-25,手机,device,努比亚,Z系列,Z20,,,废板-整机,60.0,元/台,,image_first_visual_crosscheck_0825,努比亚.jpg,/mnt/data/decoded2/需要获取数据与不需要获数据原文件/需要获取的图片正文数据/数码网报价单-0825更新/手机相关/努比亚.jpg,1,0.985,visual_0825_source_crosschecked
20260825-faf96261b26ffa9e660e-01,2026-08-25,手机,device,努比亚,Z系列,Z18,,,开机屏好,55.0,元/台,,image_first_visual_crosscheck_0825,努比亚.jpg,/mnt/data/decoded2/需要获取数据与不需要获数据原文件/需要获取的图片正文数据/数码网报价单-0825更新/手机相关/努比亚.jpg,1,0.985,visual_0825_source_crosschecked
20260825-7ce3204392ee008a70ce-01,2026-08-25,手机,device,努比亚,Z系列,Z18,,,开机屏坏,55.0,元/台,,image_first_visual_crosscheck_0825,努比亚.jpg,/mnt/data/decoded2/需要获取数据与不需要获数据原文件/需要获取的图片正文数据/数码网报价单-0825更新/手机相关/努比亚.jpg,1,0.985,visual_0825_source_crosschecked
20260825-ba880d9dc67305c214de-01,2026-08-25,手机,device,努比亚,Z系列,Z18,,,不开机,55.0,元/台,,image_first_visual_crosscheck_0825,努比亚.jpg,/mnt/data/decoded2/需要获取数据与不需要获数据原文件/需要获取的图片正文数据/数码网报价单-0825更新/手机相关/努比亚.jpg,1,0.985,visual_0825_source_crosschecked
20260825-2a46c407dd76e51b7f6a-01,2026-08-25,手机,device,努比亚,Z系列,Z18,,,废板-整机,55.0,元/台,,image_first_visual_crosscheck_0825,努比亚.jpg,/mnt/data/decoded2/需要获取数据与不需要获数据原文件/需要获取的图片正文数据/数码网报价单-0825更新/手机相关/努比亚.jpg,1,0.985,visual_0825_source_crosschecked
20260825-503e010adbc7d1c206f5-01,2026-08-25,手机,device,努比亚,Z系列,Z18 mini,,,开机屏好,55.0,元/台,,image_first_visual_crosscheck_0825,努比亚.jpg,/mnt/data/decoded2/需要获取数据与不需要获数据原文件/需要获取的图片正文数据/数码网报价单-0825更新/手机相关/努比亚.jpg,1,0.985,visual_0825_source_crosschecked
20260825-bdc4f76aa2efd174640a-01,2026-08-25,手机,device,努比亚,Z系列,Z18 mini,,,开机屏坏,55.0,元/台,,image_first_visual_crosscheck_0825,努比亚.jpg,/mnt/data/decoded2/需要获取数据与不需要获数据原文件/需要获取的图片正文数据/数码网报价单-0825更新/手机相关/努比亚.jpg,1,0.985,visual_0825_source_crosschecked
20260825-a34ffca4f110dca1d19e-01,2026-08-25,手机,device,努比亚,Z系列,Z18 mini,,,不开机,55.0,元/台,,image_first_visual_crosscheck_0825,努比亚.jpg,/mnt/data/decoded2/需要获取数据与不需要获数据原文件/需要获取的图片正文数据/数码网报价单-0825更新/手机相关/努比亚.jpg,1,0.985,visual_0825_source_crosschecked
20260825-b9d99851e773f2658b25-01,2026-08-25,手机,device,努比亚,Z系列,Z18 mini,,,废板-整机,55.0,元/台,,image_first_visual_crosscheck_0825,努比亚.jpg,/mnt/data/decoded2/需要获取数据与不需要获数据原文件/需要获取的图片正文数据/数码网报价单-0825更新/手机相关/努比亚.jpg,1,0.985,visual_0825_source_crosschecked
20260825-8b8a871c1694186b98b9-01,2026-08-25,手机,device,努比亚,Z系列,Z17,,,开机屏好,55.0,元/台,,image_first_visual_crosscheck_0825,努比亚.jpg,/mnt/data/decoded2/需要获取数据与不需要获数据原文件/需要获取的图片正文数据/数码网报价单-0825更新/手机相关/努比亚.jpg,1,0.985,visual_0825_source_crosschecked
20260825-606e09d2667939201cd6-01,2026-08-25,手机,device,努比亚,Z系列,Z17,,,开机屏坏,55.0,元/台,,image_first_visual_crosscheck_0825,努比亚.jpg,/mnt/data/decoded2/需要获取数据与不需要获数据原文件/需要获取的图片正文数据/数码网报价单-0825更新/手机相关/努比亚.jpg,1,0.985,visual_0825_source_crosschecked
20260825-02913bb0fcaab2a3cbe1-01,2026-08-25,手机,device,努比亚,Z系列,Z17,,,不开机,55.0,元/台,,image_first_visual_crosscheck_0825,努比亚.jpg,/mnt/data/decoded2/需要获取数据与不需要获数据原文件/需要获取的图片正文数据/数码网报价单-0825更新/手机相关/努比亚.jpg,1,0.985,visual_0825_source_crosschecked
20260825-521b1a123650dea81957-01,2026-08-25,手机,device,努比亚,Z系列,Z17,,,废板-整机,55.0,元/台,,image_first_visual_crosscheck_0825,努比亚.jpg,/mnt/data/decoded2/需要获取数据与不需要获数据原文件/需要获取的图片正文数据/数码网报价单-0825更新/手机相关/努比亚.jpg,1,0.985,visual_0825_source_crosschecked
20260825-18e6b3b7980112a933bb-01,2026-08-25,手机,device,努比亚,Z系列,Z17s,,,开机屏好,55.0,元/台,,image_first_visual_crosscheck_0825,努比亚.jpg,/mnt/data/decoded2/需要获取数据与不需要获数据原文件/需要获取的图片正文数据/数码网报价单-0825更新/手机相关/努比亚.jpg,1,0.985,visual_0825_source_crosschecked
20260825-b1917f15b7ceb18929fc-01,2026-08-25,手机,device,努比亚,Z系列,Z17s,,,开机屏坏,55.0,元/台,,image_first_visual_crosscheck_0825,努比亚.jpg,/mnt/data/decoded2/需要获取数据与不需要获数据原文件/需要获取的图片正文数据/数码网报价单-0825更新/手机相关/努比亚.jpg,1,0.985,visual_0825_source_crosschecked
20260825-376ae725b4125a25845f-01,2026-08-25,手机,device,努比亚,Z系列,Z17s,,,不开机,55.0,元/台,,image_first_visual_crosscheck_0825,努比亚.jpg,/mnt/data/decoded2/需要获取数据与不需要获数据原文件/需要获取的图片正文数据/数码网报价单-0825更新/手机相关/努比亚.jpg,1,0.985,visual_0825_source_crosschecked
20260825-492545f89fa9f0a02d84-01,2026-08-25,手机,device,努比亚,Z系列,Z17s,,,废板-整机,55.0,元/台,,image_first_visual_crosscheck_0825,努比亚.jpg,/mnt/data/decoded2/需要获取数据与不需要获数据原文件/需要获取的图片正文数据/数码网报价单-0825更新/手机相关/努比亚.jpg,1,0.985,visual_0825_source_crosschecked
20260825-22552f254b003f799c11-01,2026-08-25,手机,device,努比亚,Z系列,Z17 minis,,,开机屏好,55.0,元/台,,image_first_visual_crosscheck_0825,努比亚.jpg,/mnt/data/decoded2/需要获取数据与不需要获数据原文件/需要获取的图片正文数据/数码网报价单-0825更新/手机相关/努比亚.jpg,1,0.985,visual_0825_source_crosschecked
20260825-3ba65767b2f358516a7e-01,2026-08-25,手机,device,努比亚,Z系列,Z17 minis,,,开机屏坏,55.0,元/台,,image_first_visual_crosscheck_0825,努比亚.jpg,/mnt/data/decoded2/需要获取数据与不需要获数据原文件/需要获取的图片正文数据/数码网报价单-0825更新/手机相关/努比亚.jpg,1,0.985,visual_0825_source_crosschecked
20260825-11bebef96e0b8a2f6327-01,2026-08-25,手机,device,努比亚,Z系列,Z17 minis,,,不开机,55.0,元/台,,image_first_visual_crosscheck_0825,努比亚.jpg,/mnt/data/decoded2/需要获取数据与不需要获数据原文件/需要获取的图片正文数据/数码网报价单-0825更新/手机相关/努比亚.jpg,1,0.985,visual_0825_source_crosschecked
20260825-35ebb3cff6755ef3468b-01,2026-08-25,手机,device,努比亚,Z系列,Z17 minis,,,废板-整机,55.0,元/台,,image_first_visual_crosscheck_0825,努比亚.jpg,/mnt/data/decoded2/需要获取数据与不需要获数据原文件/需要获取的图片正文数据/数码网报价单-0825更新/手机相关/努比亚.jpg,1,0.985,visual_0825_source_crosschecked
20260825-e69114e368c339f6e0c7-01,2026-08-25,手机,device,努比亚,Z系列,Z17 mini,,,开机屏好,55.0,元/台,,image_first_visual_crosscheck_0825,努比亚.jpg,/mnt/data/decoded2/需要获取数据与不需要获数据原文件/需要获取的图片正文数据/数码网报价单-0825更新/手机相关/努比亚.jpg,1,0.985,visual_0825_source_crosschecked
20260825-d59d81f927e1c862b2cd-01,2026-08-25,手机,device,努比亚,Z系列,Z17 mini,,,开机屏坏,55.0,元/台,,image_first_visual_crosscheck_0825,努比亚.jpg,/mnt/data/decoded2/需要获取数据与不需要获数据原文件/需要获取的图片正文数据/数码网报价单-0825更新/手机相关/努比亚.jpg,1,0.985,visual_0825_source_crosschecked
20260825-28162e6161e50431d4a6-01,2026-08-25,手机,device,努比亚,Z系列,Z17 mini,,,不开机,55.0,元/台,,image_first_visual_crosscheck_0825,努比亚.jpg,/mnt/data/decoded2/需要获取数据与不需要获数据原文件/需要获取的图片正文数据/数码网报价单-0825更新/手机相关/努比亚.jpg,1,0.985,visual_0825_source_crosschecked
20260825-549dae9ae04078a8c273-01,2026-08-25,手机,device,努比亚,Z系列,Z17 mini,,,废板-整机,55.0,元/台,,image_first_visual_crosscheck_0825,努比亚.jpg,/mnt/data/decoded2/需要获取数据与不需要获数据原文件/需要获取的图片正文数据/数码网报价单-0825更新/手机相关/努比亚.jpg,1,0.985,visual_0825_source_crosschecked
20260825-888b385517c6f39baee2-01,2026-08-25,手机,device,努比亚,Z系列,Z11 minis,,,开机屏好,55.0,元/台,,image_first_visual_crosscheck_0825,努比亚.jpg,/mnt/data/decoded2/需要获取数据与不需要获数据原文件/需要获取的图片正文数据/数码网报价单-0825更新/手机相关/努比亚.jpg,1,0.985,visual_0825_source_crosschecked
20260825-4f84947119a5de5d4adf-01,2026-08-25,手机,device,努比亚,Z系列,Z11 minis,,,开机屏坏,55.0,元/台,,image_first_visual_crosscheck_0825,努比亚.jpg,/mnt/data/decoded2/需要获取数据与不需要获数据原文件/需要获取的图片正文数据/数码网报价单-0825更新/手机相关/努比亚.jpg,1,0.985,visual_0825_source_crosschecked
20260825-8db9576cf06ff880fcdf-01,2026-08-25,手机,device,努比亚,Z系列,Z11 minis,,,不开机,55.0,元/台,,image_first_visual_crosscheck_0825,努比亚.jpg,/mnt/data/decoded2/需要获取数据与不需要获数据原文件/需要获取的图片正文数据/数码网报价单-0825更新/手机相关/努比亚.jpg,1,0.985,visual_0825_source_crosschecked
20260825-66ad7c49388f6e0bf21e-01,2026-08-25,手机,device,努比亚,Z系列,Z11 minis,,,废板-整机,55.0,元/台,,image_first_visual_crosscheck_0825,努比亚.jpg,/mnt/data/decoded2/需要获取数据与不需要获数据原文件/需要获取的图片正文数据/数码网报价单-0825更新/手机相关/努比亚.jpg,1,0.985,visual_0825_source_crosschecked
20260825-6a86ea0747d773305794-01,2026-08-25,手机,device,努比亚,Z系列,Z11,,,开机屏好,55.0,元/台,,image_first_visual_crosscheck_0825,努比亚.jpg,/mnt/data/decoded2/需要获取数据与不需要获数据原文件/需要获取的图片正文数据/数码网报价单-0825更新/手机相关/努比亚.jpg,1,0.985,visual_0825_source_crosschecked
20260825-e748569bc5e4a0a8aa5e-01,2026-08-25,手机,device,努比亚,Z系列,Z11,,,开机屏坏,55.0,元/台,,image_first_visual_crosscheck_0825,努比亚.jpg,/mnt/data/decoded2/需要获取数据与不需要获数据原文件/需要获取的图片正文数据/数码网报价单-0825更新/手机相关/努比亚.jpg,1,0.985,visual_0825_source_crosschecked
20260825-354d8efd8fdd7d7439fb-01,2026-08-25,手机,device,努比亚,Z系列,Z11,,,不开机,55.0,元/台,,image_first_visual_crosscheck_0825,努比亚.jpg,/mnt/data/decoded2/需要获取数据与不需要获数据原文件/需要获取的图片正文数据/数码网报价单-0825更新/手机相关/努比亚.jpg,1,0.985,visual_0825_source_crosschecked
20260825-8a8442a38481bda9e66f-01,2026-08-25,手机,device,努比亚,Z系列,Z11,,,废板-整机,55.0,元/台,,image_first_visual_crosscheck_0825,努比亚.jpg,/mnt/data/decoded2/需要获取数据与不需要获数据原文件/需要获取的图片正文数据/数码网报价单-0825更新/手机相关/努比亚.jpg,1,0.985,visual_0825_source_crosschecked
20260825-c418911fcc1012e5964e-01,2026-08-25,手机,device,努比亚,Z系列,Z11 mini,,,开机屏好,55.0,元/台,,image_first_visual_crosscheck_0825,努比亚.jpg,/mnt/data/decoded2/需要获取数据与不需要获数据原文件/需要获取的图片正文数据/数码网报价单-0825更新/手机相关/努比亚.jpg,1,0.985,visual_0825_source_crosschecked
20260825-24b4fea3d3d49f487d67-01,2026-08-25,手机,device,努比亚,Z系列,Z11 mini,,,开机屏坏,55.0,元/台,,image_first_visual_crosscheck_0825,努比亚.jpg,/mnt/data/decoded2/需要获取数据与不需要获数据原文件/需要获取的图片正文数据/数码网报价单-0825更新/手机相关/努比亚.jpg,1,0.985,visual_0825_source_crosschecked
20260825-8da84d6364eee50276ce-01,2026-08-25,手机,device,努比亚,Z系列,Z11 mini,,,不开机,55.0,元/台,,image_first_visual_crosscheck_0825,努比亚.jpg,/mnt/data/decoded2/需要获取数据与不需要获数据原文件/需要获取的图片正文数据/数码网报价单-0825更新/手机相关/努比亚.jpg,1,0.985,visual_0825_source_crosschecked
20260825-2969d4c953a1a40a2f55-01,2026-08-25,手机,device,努比亚,Z系列,Z11 mini,,,废板-整机,55.0,元/台,,image_first_visual_crosscheck_0825,努比亚.jpg,/mnt/data/decoded2/需要获取数据与不需要获数据原文件/需要获取的图片正文数据/数码网报价单-0825更新/手机相关/努比亚.jpg,1,0.985,visual_0825_source_crosschecked
20260825-282e0ed0f9193256e27e-01,2026-08-25,手机,device,努比亚,Z系列,Z11 max,,,开机屏好,55.0,元/台,,image_first_visual_crosscheck_0825,努比亚.jpg,/mnt/data/decoded2/需要获取数据与不需要获数据原文件/需要获取的图片正文数据/数码网报价单-0825更新/手机相关/努比亚.jpg,1,0.985,visual_0825_source_crosschecked
20260825-368064b777c1f8a0ef87-01,2026-08-25,手机,device,努比亚,Z系列,Z11 max,,,开机屏坏,55.0,元/台,,image_first_visual_crosscheck_0825,努比亚.jpg,/mnt/data/decoded2/需要获取数据与不需要获数据原文件/需要获取的图片正文数据/数码网报价单-0825更新/手机相关/努比亚.jpg,1,0.985,visual_0825_source_crosschecked
20260825-45d1164e63aa60707506-01,2026-08-25,手机,device,努比亚,Z系列,Z11 max,,,不开机,55.0,元/台,,image_first_visual_crosscheck_0825,努比亚.jpg,/mnt/data/decoded2/需要获取数据与不需要获数据原文件/需要获取的图片正文数据/数码网报价单-0825更新/手机相关/努比亚.jpg,1,0.985,visual_0825_source_crosschecked
20260825-df83737977daf9f80938-01,2026-08-25,手机,device,努比亚,Z系列,Z11 max,,,废板-整机,55.0,元/台,,image_first_visual_crosscheck_0825,努比亚.jpg,/mnt/data/decoded2/需要获取数据与不需要获数据原文件/需要获取的图片正文数据/数码网报价单-0825更新/手机相关/努比亚.jpg,1,0.985,visual_0825_source_crosschecked
20260825-5e89111e6949098460bc-01,2026-08-25,手机,device,努比亚,Z系列,努比亚z9,,,开机屏好,23.0,元/台,,image_first_visual_crosscheck_0825,努比亚.jpg,/mnt/data/decoded2/需要获取数据与不需要获数据原文件/需要获取的图片正文数据/数码网报价单-0825更新/手机相关/努比亚.jpg,1,0.985,visual_0825_source_crosschecked
20260825-3c2175b6582f98d4ce6e-01,2026-08-25,手机,device,努比亚,Z系列,努比亚z9,,,开机屏坏,23.0,元/台,,image_first_visual_crosscheck_0825,努比亚.jpg,/mnt/data/decoded2/需要获取数据与不需要获数据原文件/需要获取的图片正文数据/数码网报价单-0825更新/手机相关/努比亚.jpg,1,0.985,visual_0825_source_crosschecked
20260825-83b9ae1c526176adb606-01,2026-08-25,手机,device,努比亚,Z系列,努比亚z9,,,不开机,23.0,元/台,,image_first_visual_crosscheck_0825,努比亚.jpg,/mnt/data/decoded2/需要获取数据与不需要获数据原文件/需要获取的图片正文数据/数码网报价单-0825更新/手机相关/努比亚.jpg,1,0.985,visual_0825_source_crosschecked
20260825-b435bfb716923b03e960-01,2026-08-25,手机,device,努比亚,Z系列,努比亚z9,,,废板-整机,23.0,元/台,,image_first_visual_crosscheck_0825,努比亚.jpg,/mnt/data/decoded2/需要获取数据与不需要获数据原文件/需要获取的图片正文数据/数码网报价单-0825更新/手机相关/努比亚.jpg,1,0.985,visual_0825_source_crosschecked
20260825-9d2e0ce8cc998892d5f8-01,2026-08-25,手机,device,努比亚,Z系列,Z9 mini,,,开机屏好,23.0,元/台,,image_first_visual_crosscheck_0825,努比亚.jpg,/mnt/data/decoded2/需要获取数据与不需要获数据原文件/需要获取的图片正文数据/数码网报价单-0825更新/手机相关/努比亚.jpg,1,0.985,visual_0825_source_crosschecked
20260825-f00be2c1bc6db9906e3b-01,2026-08-25,手机,device,努比亚,Z系列,Z9 mini,,,开机屏坏,23.0,元/台,,image_first_visual_crosscheck_0825,努比亚.jpg,/mnt/data/decoded2/需要获取数据与不需要获数据原文件/需要获取的图片正文数据/数码网报价单-0825更新/手机相关/努比亚.jpg,1,0.985,visual_0825_source_crosschecked
20260825-445a3737574445467bc2-01,2026-08-25,手机,device,努比亚,Z系列,Z9 mini,,,不开机,23.0,元/台,,image_first_visual_crosscheck_0825,努比亚.jpg,/mnt/data/decoded2/需要获取数据与不需要获数据原文件/需要获取的图片正文数据/数码网报价单-0825更新/手机相关/努比亚.jpg,1,0.985,visual_0825_source_crosschecked
20260825-38d7f6d50f8e4e156e3e-01,2026-08-25,手机,device,努比亚,Z系列,Z9 mini,,,废板-整机,23.0,元/台,,image_first_visual_crosscheck_0825,努比亚.jpg,/mnt/data/decoded2/需要获取数据与不需要获数据原文件/需要获取的图片正文数据/数码网报价单-0825更新/手机相关/努比亚.jpg,1,0.985,visual_0825_source_crosschecked
20260825-fb3bee6891c54e3cf191-01,2026-08-25,手机,device,努比亚,Z系列,Z9 max,,,开机屏好,23.0,元/台,,image_first_visual_crosscheck_0825,努比亚.jpg,/mnt/data/decoded2/需要获取数据与不需要获数据原文件/需要获取的图片正文数据/数码网报价单-0825更新/手机相关/努比亚.jpg,1,0.985,visual_0825_source_crosschecked
20260825-ccb84fc57ee81348bd87-01,2026-08-25,手机,device,努比亚,Z系列,Z9 max,,,开机屏坏,23.0,元/台,,image_first_visual_crosscheck_0825,努比亚.jpg,/mnt/data/decoded2/需要获取数据与不需要获数据原文件/需要获取的图片正文数据/数码网报价单-0825更新/手机相关/努比亚.jpg,1,0.985,visual_0825_source_crosschecked
20260825-024f26c311653551c253-01,2026-08-25,手机,device,努比亚,Z系列,Z9 max,,,不开机,23.0,元/台,,image_first_visual_crosscheck_0825,努比亚.jpg,/mnt/data/decoded2/需要获取数据与不需要获数据原文件/需要获取的图片正文数据/数码网报价单-0825更新/手机相关/努比亚.jpg,1,0.985,visual_0825_source_crosschecked
20260825-abf301478aececb64ec7-01,2026-08-25,手机,device,努比亚,Z系列,Z9 max,,,废板-整机,23.0,元/台,,image_first_visual_crosscheck_0825,努比亚.jpg,/mnt/data/decoded2/需要获取数据与不需要获数据原文件/需要获取的图片正文数据/数码网报价单-0825更新/手机相关/努比亚.jpg,1,0.985,visual_0825_source_crosschecked
20260825-e037460155d2ca32f906-01,2026-08-25,手机,device,努比亚,Z系列,Z7 mini,,,开机屏好,20.0,元/台,,image_first_visual_crosscheck_0825,努比亚.jpg,/mnt/data/decoded2/需要获取数据与不需要获数据原文件/需要获取的图片正文数据/数码网报价单-0825更新/手机相关/努比亚.jpg,1,0.985,visual_0825_source_crosschecked
20260825-a8d2a7966e8d92117c6d-01,2026-08-25,手机,device,努比亚,Z系列,Z7 mini,,,开机屏坏,20.0,元/台,,image_first_visual_crosscheck_0825,努比亚.jpg,/mnt/data/decoded2/需要获取数据与不需要获数据原文件/需要获取的图片正文数据/数码网报价单-0825更新/手机相关/努比亚.jpg,1,0.985,visual_0825_source_crosschecked
20260825-cb5f51d88ae515633b4c-01,2026-08-25,手机,device,努比亚,Z系列,Z7 mini,,,不开机,20.0,元/台,,image_first_visual_crosscheck_0825,努比亚.jpg,/mnt/data/decoded2/需要获取数据与不需要获数据原文件/需要获取的图片正文数据/数码网报价单-0825更新/手机相关/努比亚.jpg,1,0.985,visual_0825_source_crosschecked
20260825-e283053036b08128d57b-01,2026-08-25,手机,device,努比亚,Z系列,Z7 mini,,,废板-整机,20.0,元/台,,image_first_visual_crosscheck_0825,努比亚.jpg,/mnt/data/decoded2/需要获取数据与不需要获数据原文件/需要获取的图片正文数据/数码网报价单-0825更新/手机相关/努比亚.jpg,1,0.985,visual_0825_source_crosschecked
20260825-27536568a25368c67ad8-01,2026-08-25,手机,device,努比亚,Z系列,Z7 max,,,开机屏好,20.0,元/台,,image_first_visual_crosscheck_0825,努比亚.jpg,/mnt/data/decoded2/需要获取数据与不需要获数据原文件/需要获取的图片正文数据/数码网报价单-0825更新/手机相关/努比亚.jpg,1,0.985,visual_0825_source_crosschecked
20260825-417afb4336926590e854-01,2026-08-25,手机,device,努比亚,Z系列,Z7 max,,,开机屏坏,20.0,元/台,,image_first_visual_crosscheck_0825,努比亚.jpg,/mnt/data/decoded2/需要获取数据与不需要获数据原文件/需要获取的图片正文数据/数码网报价单-0825更新/手机相关/努比亚.jpg,1,0.985,visual_0825_source_crosschecked
20260825-60668ea8a859b9bdaa72-01,2026-08-25,手机,device,努比亚,Z系列,Z7 max,,,不开机,20.0,元/台,,image_first_visual_crosscheck_0825,努比亚.jpg,/mnt/data/decoded2/需要获取数据与不需要获数据原文件/需要获取的图片正文数据/数码网报价单-0825更新/手机相关/努比亚.jpg,1,0.985,visual_0825_source_crosschecked
20260825-31a2b4ebf8d687666654-01,2026-08-25,手机,device,努比亚,Z系列,Z7 max,,,废板-整机,20.0,元/台,,image_first_visual_crosscheck_0825,努比亚.jpg,/mnt/data/decoded2/需要获取数据与不需要获数据原文件/需要获取的图片正文数据/数码网报价单-0825更新/手机相关/努比亚.jpg,1,0.985,visual_0825_source_crosschecked
20260825-d65e676b722d9eb6c8a8-01,2026-08-25,手机,device,努比亚,Z系列,Z5 mini,,,开机屏好,20.0,元/台,,image_first_visual_crosscheck_0825,努比亚.jpg,/mnt/data/decoded2/需要获取数据与不需要获数据原文件/需要获取的图片正文数据/数码网报价单-0825更新/手机相关/努比亚.jpg,1,0.985,visual_0825_source_crosschecked
20260825-348d418b6b52701d18f9-01,2026-08-25,手机,device,努比亚,Z系列,Z5 mini,,,开机屏坏,20.0,元/台,,image_first_visual_crosscheck_0825,努比亚.jpg,/mnt/data/decoded2/需要获取数据与不需要获数据原文件/需要获取的图片正文数据/数码网报价单-0825更新/手机相关/努比亚.jpg,1,0.985,visual_0825_source_crosschecked
20260825-05650eceb1c956b60e88-01,2026-08-25,手机,device,努比亚,Z系列,Z5 mini,,,不开机,20.0,元/台,,image_first_visual_crosscheck_0825,努比亚.jpg,/mnt/data/decoded2/需要获取数据与不需要获数据原文件/需要获取的图片正文数据/数码网报价单-0825更新/手机相关/努比亚.jpg,1,0.985,visual_0825_source_crosschecked
20260825-96537de68cd3ff61b085-01,2026-08-25,手机,device,努比亚,Z系列,Z5 mini,,,废板-整机,20.0,元/台,,image_first_visual_crosscheck_0825,努比亚.jpg,/mnt/data/decoded2/需要获取数据与不需要获数据原文件/需要获取的图片正文数据/数码网报价单-0825更新/手机相关/努比亚.jpg,1,0.985,visual_0825_source_crosschecked
20260825-d2bd794913dd28fa8192-01,2026-08-25,手机,device,努比亚,N系列,N5,,,开机屏好,110.0,元/台,,image_first_visual_crosscheck_0825,努比亚.jpg,/mnt/data/decoded2/需要获取数据与不需要获数据原文件/需要获取的图片正文数据/数码网报价单-0825更新/手机相关/努比亚.jpg,1,0.985,visual_0825_source_crosschecked
20260825-1783eb4d261d617038e6-01,2026-08-25,手机,device,努比亚,N系列,N5,,,开机屏坏,110.0,元/台,,image_first_visual_crosscheck_0825,努比亚.jpg,/mnt/data/decoded2/需要获取数据与不需要获数据原文件/需要获取的图片正文数据/数码网报价单-0825更新/手机相关/努比亚.jpg,1,0.985,visual_0825_source_crosschecked
20260825-8e1ba5bbb86e0089ae60-01,2026-08-25,手机,device,努比亚,N系列,N5,,,不开机,110.0,元/台,,image_first_visual_crosscheck_0825,努比亚.jpg,/mnt/data/decoded2/需要获取数据与不需要获数据原文件/需要获取的图片正文数据/数码网报价单-0825更新/手机相关/努比亚.jpg,1,0.985,visual_0825_source_crosschecked
20260825-39c596d62684af9be4db-01,2026-08-25,手机,device,努比亚,N系列,N5,,,废板-整机,110.0,元/台,,image_first_visual_crosscheck_0825,努比亚.jpg,/mnt/data/decoded2/需要获取数据与不需要获数据原文件/需要获取的图片正文数据/数码网报价单-0825更新/手机相关/努比亚.jpg,1,0.985,visual_0825_source_crosschecked
20260825-926653deb8f43850edf9-01,2026-08-25,手机,device,努比亚,N系列,n3,,,开机屏好,55.0,元/台,,image_first_visual_crosscheck_0825,努比亚.jpg,/mnt/data/decoded2/需要获取数据与不需要获数据原文件/需要获取的图片正文数据/数码网报价单-0825更新/手机相关/努比亚.jpg,1,0.985,visual_0825_source_crosschecked
20260825-0f4162afb36c070b1c4b-01,2026-08-25,手机,device,努比亚,N系列,n3,,,开机屏坏,55.0,元/台,,image_first_visual_crosscheck_0825,努比亚.jpg,/mnt/data/decoded2/需要获取数据与不需要获数据原文件/需要获取的图片正文数据/数码网报价单-0825更新/手机相关/努比亚.jpg,1,0.985,visual_0825_source_crosschecked
20260825-35324a839cbd488b650d-01,2026-08-25,手机,device,努比亚,N系列,n3,,,不开机,55.0,元/台,,image_first_visual_crosscheck_0825,努比亚.jpg,/mnt/data/decoded2/需要获取数据与不需要获数据原文件/需要获取的图片正文数据/数码网报价单-0825更新/手机相关/努比亚.jpg,1,0.985,visual_0825_source_crosschecked
20260825-1a61441d6dca02a4a0e2-01,2026-08-25,手机,device,努比亚,N系列,n3,,,废板-整机,55.0,元/台,,image_first_visual_crosscheck_0825,努比亚.jpg,/mnt/data/decoded2/需要获取数据与不需要获数据原文件/需要获取的图片正文数据/数码网报价单-0825更新/手机相关/努比亚.jpg,1,0.985,visual_0825_source_crosschecked
20260825-7abf52ca79aff5c75ee9-01,2026-08-25,手机,device,努比亚,N系列,努比亚N2,,,开机屏好,55.0,元/台,,image_first_visual_crosscheck_0825,努比亚.jpg,/mnt/data/decoded2/需要获取数据与不需要获数据原文件/需要获取的图片正文数据/数码网报价单-0825更新/手机相关/努比亚.jpg,1,0.985,visual_0825_source_crosschecked
20260825-6666fbd4c1807a0c40a2-01,2026-08-25,手机,device,努比亚,N系列,努比亚N2,,,开机屏坏,55.0,元/台,,image_first_visual_crosscheck_0825,努比亚.jpg,/mnt/data/decoded2/需要获取数据与不需要获数据原文件/需要获取的图片正文数据/数码网报价单-0825更新/手机相关/努比亚.jpg,1,0.985,visual_0825_source_crosschecked
20260825-a51805bcf6ba20f9d879-01,2026-08-25,手机,device,努比亚,N系列,努比亚N2,,,不开机,55.0,元/台,,image_first_visual_crosscheck_0825,努比亚.jpg,/mnt/data/decoded2/需要获取数据与不需要获数据原文件/需要获取的图片正文数据/数码网报价单-0825更新/手机相关/努比亚.jpg,1,0.985,visual_0825_source_crosschecked
20260825-20816eb9d70cfe6f477b-01,2026-08-25,手机,device,努比亚,N系列,努比亚N2,,,废板-整机,55.0,元/台,,image_first_visual_crosscheck_0825,努比亚.jpg,/mnt/data/decoded2/需要获取数据与不需要获数据原文件/需要获取的图片正文数据/数码网报价单-0825更新/手机相关/努比亚.jpg,1,0.985,visual_0825_source_crosschecked
20260825-6f008ccd05e87c84b453-01,2026-08-25,手机,device,努比亚,N系列,N1,,,开机屏好,20.0,元/台,,image_first_visual_crosscheck_0825,努比亚.jpg,/mnt/data/decoded2/需要获取数据与不需要获数据原文件/需要获取的图片正文数据/数码网报价单-0825更新/手机相关/努比亚.jpg,1,0.985,visual_0825_source_crosschecked
20260825-01e481dd4dd19e96394a-01,2026-08-25,手机,device,努比亚,N系列,N1,,,开机屏坏,20.0,元/台,,image_first_visual_crosscheck_0825,努比亚.jpg,/mnt/data/decoded2/需要获取数据与不需要获数据原文件/需要获取的图片正文数据/数码网报价单-0825更新/手机相关/努比亚.jpg,1,0.985,visual_0825_source_crosschecked
20260825-c2380499cfcac1c3da8f-01,2026-08-25,手机,device,努比亚,N系列,N1,,,不开机,20.0,元/台,,image_first_visual_crosscheck_0825,努比亚.jpg,/mnt/data/decoded2/需要获取数据与不需要获数据原文件/需要获取的图片正文数据/数码网报价单-0825更新/手机相关/努比亚.jpg,1,0.985,visual_0825_source_crosschecked
20260825-bcd42a60a49cdd01acb6-01,2026-08-25,手机,device,努比亚,N系列,N1,,,废板-整机,20.0,元/台,,image_first_visual_crosscheck_0825,努比亚.jpg,/mnt/data/decoded2/需要获取数据与不需要获数据原文件/需要获取的图片正文数据/数码网报价单-0825更新/手机相关/努比亚.jpg,1,0.985,visual_0825_source_crosschecked
20260825-c570a85d70402502df67-01,2026-08-25,手机,device,努比亚,其他系列,红魔10pro+,,,开机屏好,900.0,元/台,,image_first_visual_crosscheck_0825,努比亚.jpg,/mnt/data/decoded2/需要获取数据与不需要获数据原文件/需要获取的图片正文数据/数码网报价单-0825更新/手机相关/努比亚.jpg,1,0.985,visual_0825_source_crosschecked
20260825-358129873b32f187a83b-01,2026-08-25,手机,device,努比亚,其他系列,红魔10pro+,,,开机屏坏,600.0,元/台,,image_first_visual_crosscheck_0825,努比亚.jpg,/mnt/data/decoded2/需要获取数据与不需要获数据原文件/需要获取的图片正文数据/数码网报价单-0825更新/手机相关/努比亚.jpg,1,0.985,visual_0825_source_crosschecked
20260825-7e26bfa91227f58f6ed7-01,2026-08-25,手机,device,努比亚,其他系列,红魔10pro+,,,不开机,600.0,元/台,,image_first_visual_crosscheck_0825,努比亚.jpg,/mnt/data/decoded2/需要获取数据与不需要获数据原文件/需要获取的图片正文数据/数码网报价单-0825更新/手机相关/努比亚.jpg,1,0.985,visual_0825_source_crosschecked
20260825-0920b4eb176e0b5f66ed-01,2026-08-25,手机,device,努比亚,其他系列,红魔10pro+,,,废板-整机,200.0,元/台,,image_first_visual_crosscheck_0825,努比亚.jpg,/mnt/data/decoded2/需要获取数据与不需要获数据原文件/需要获取的图片正文数据/数码网报价单-0825更新/手机相关/努比亚.jpg,1,0.985,visual_0825_source_crosschecked
20260825-3850e8865914653ffde4-01,2026-08-25,手机,device,努比亚,其他系列,红魔Mars,,,开机屏好,100.0,元/台,,image_first_visual_crosscheck_0825,努比亚.jpg,/mnt/data/decoded2/需要获取数据与不需要获数据原文件/需要获取的图片正文数据/数码网报价单-0825更新/手机相关/努比亚.jpg,1,0.985,visual_0825_source_crosschecked
20260825-59b98031acfa305712a1-01,2026-08-25,手机,device,努比亚,其他系列,红魔Mars,,,开机屏坏,80.0,元/台,,image_first_visual_crosscheck_0825,努比亚.jpg,/mnt/data/decoded2/需要获取数据与不需要获数据原文件/需要获取的图片正文数据/数码网报价单-0825更新/手机相关/努比亚.jpg,1,0.985,visual_0825_source_crosschecked
20260825-3c674925eff3893c21e8-01,2026-08-25,手机,device,努比亚,其他系列,红魔Mars,,,不开机,70.0,元/台,,image_first_visual_crosscheck_0825,努比亚.jpg,/mnt/data/decoded2/需要获取数据与不需要获数据原文件/需要获取的图片正文数据/数码网报价单-0825更新/手机相关/努比亚.jpg,1,0.985,visual_0825_source_crosschecked
20260825-bf3e54c8bd7d05955626-01,2026-08-25,手机,device,努比亚,其他系列,红魔Mars,,,废板-整机,70.0,元/台,,image_first_visual_crosscheck_0825,努比亚.jpg,/mnt/data/decoded2/需要获取数据与不需要获数据原文件/需要获取的图片正文数据/数码网报价单-0825更新/手机相关/努比亚.jpg,1,0.985,visual_0825_source_crosschecked
20260825-ed193b9b293c581ab41e-01,2026-08-25,手机,device,努比亚,其他系列,努比亚 Flip,,,开机屏好,240.0,元/台,,image_first_visual_crosscheck_0825,努比亚.jpg,/mnt/data/decoded2/需要获取数据与不需要获数据原文件/需要获取的图片正文数据/数码网报价单-0825更新/手机相关/努比亚.jpg,1,0.985,visual_0825_source_crosschecked
20260825-98dfa0c38d6ce79dac08-01,2026-08-25,手机,device,努比亚,其他系列,努比亚 Flip,,,开机屏坏,160.0,元/台,,image_first_visual_crosscheck_0825,努比亚.jpg,/mnt/data/decoded2/需要获取数据与不需要获数据原文件/需要获取的图片正文数据/数码网报价单-0825更新/手机相关/努比亚.jpg,1,0.985,visual_0825_source_crosschecked
20260825-19459c3fe3a36c79eedd-01,2026-08-25,手机,device,努比亚,其他系列,努比亚 Flip,,,不开机,100.0,元/台,,image_first_visual_crosscheck_0825,努比亚.jpg,/mnt/data/decoded2/需要获取数据与不需要获数据原文件/需要获取的图片正文数据/数码网报价单-0825更新/手机相关/努比亚.jpg,1,0.985,visual_0825_source_crosschecked
20260825-20044724ff5206b0827a-01,2026-08-25,手机,device,努比亚,其他系列,努比亚 Flip,,,废板-整机,70.0,元/台,,image_first_visual_crosscheck_0825,努比亚.jpg,/mnt/data/decoded2/需要获取数据与不需要获数据原文件/需要获取的图片正文数据/数码网报价单-0825更新/手机相关/努比亚.jpg,1,0.985,visual_0825_source_crosschecked
20260825-555dc3105c8766a6e27a-01,2026-08-25,手机,device,努比亚,其他系列,努比亚 小牛,,,开机屏好,180.0,元/台,,image_first_visual_crosscheck_0825,努比亚.jpg,/mnt/data/decoded2/需要获取数据与不需要获数据原文件/需要获取的图片正文数据/数码网报价单-0825更新/手机相关/努比亚.jpg,1,0.985,visual_0825_source_crosschecked
20260825-48d08118221400be075d-01,2026-08-25,手机,device,努比亚,其他系列,努比亚 小牛,,,开机屏坏,120.0,元/台,,image_first_visual_crosscheck_0825,努比亚.jpg,/mnt/data/decoded2/需要获取数据与不需要获数据原文件/需要获取的图片正文数据/数码网报价单-0825更新/手机相关/努比亚.jpg,1,0.985,visual_0825_source_crosschecked
20260825-694464b03a9240d993f2-01,2026-08-25,手机,device,努比亚,其他系列,努比亚 小牛,,,不开机,100.0,元/台,,image_first_visual_crosscheck_0825,努比亚.jpg,/mnt/data/decoded2/需要获取数据与不需要获数据原文件/需要获取的图片正文数据/数码网报价单-0825更新/手机相关/努比亚.jpg,1,0.985,visual_0825_source_crosschecked
20260825-5591f732a88ded74fd0e-01,2026-08-25,手机,device,努比亚,其他系列,努比亚 小牛,,,废板-整机,100.0,元/台,,image_first_visual_crosscheck_0825,努比亚.jpg,/mnt/data/decoded2/需要获取数据与不需要获数据原文件/需要获取的图片正文数据/数码网报价单-0825更新/手机相关/努比亚.jpg,1,0.985,visual_0825_source_crosschecked
20260825-51e8b4189076ac566838-01,2026-08-25,手机,device,努比亚,其他系列,努比亚X,,,开机屏好,90.0,元/台,,image_first_visual_crosscheck_0825,努比亚.jpg,/mnt/data/decoded2/需要获取数据与不需要获数据原文件/需要获取的图片正文数据/数码网报价单-0825更新/手机相关/努比亚.jpg,1,0.985,visual_0825_source_crosschecked
20260825-1f654963576ac6b6cf3c-01,2026-08-25,手机,device,努比亚,其他系列,努比亚X,,,开机屏坏,60.0,元/台,,image_first_visual_crosscheck_0825,努比亚.jpg,/mnt/data/decoded2/需要获取数据与不需要获数据原文件/需要获取的图片正文数据/数码网报价单-0825更新/手机相关/努比亚.jpg,1,0.985,visual_0825_source_crosschecked
20260825-a5c1de08e4ed6ec3d71d-01,2026-08-25,手机,device,努比亚,其他系列,努比亚X,,,不开机,60.0,元/台,,image_first_visual_crosscheck_0825,努比亚.jpg,/mnt/data/decoded2/需要获取数据与不需要获数据原文件/需要获取的图片正文数据/数码网报价单-0825更新/手机相关/努比亚.jpg,1,0.985,visual_0825_source_crosschecked
20260825-b72c9fbb2a9d670a4922-01,2026-08-25,手机,device,努比亚,其他系列,努比亚X,,,废板-整机,60.0,元/台,,image_first_visual_crosscheck_0825,努比亚.jpg,/mnt/data/decoded2/需要获取数据与不需要获数据原文件/需要获取的图片正文数据/数码网报价单-0825更新/手机相关/努比亚.jpg,1,0.985,visual_0825_source_crosschecked
20260825-31965d1fd06bb1d9b05c-01,2026-08-25,手机,device,努比亚,其他系列,努比亚 Play 5G,,,开机屏好,160.0,元/台,,image_first_visual_crosscheck_0825,努比亚.jpg,/mnt/data/decoded2/需要获取数据与不需要获数据原文件/需要获取的图片正文数据/数码网报价单-0825更新/手机相关/努比亚.jpg,1,0.985,visual_0825_source_crosschecked
20260825-750362368456663a92d2-01,2026-08-25,手机,device,努比亚,其他系列,努比亚 Play 5G,,,开机屏坏,150.0,元/台,,image_first_visual_crosscheck_0825,努比亚.jpg,/mnt/data/decoded2/需要获取数据与不需要获数据原文件/需要获取的图片正文数据/数码网报价单-0825更新/手机相关/努比亚.jpg,1,0.985,visual_0825_source_crosschecked
20260825-90b7cba0fb9bea518f4b-01,2026-08-25,手机,device,努比亚,其他系列,努比亚 Play 5G,,,不开机,120.0,元/台,,image_first_visual_crosscheck_0825,努比亚.jpg,/mnt/data/decoded2/需要获取数据与不需要获数据原文件/需要获取的图片正文数据/数码网报价单-0825更新/手机相关/努比亚.jpg,1,0.985,visual_0825_source_crosschecked
20260825-627e92950f778849f114-01,2026-08-25,手机,device,努比亚,其他系列,努比亚 Play 5G,,,废板-整机,100.0,元/台,,image_first_visual_crosscheck_0825,努比亚.jpg,/mnt/data/decoded2/需要获取数据与不需要获数据原文件/需要获取的图片正文数据/数码网报价单-0825更新/手机相关/努比亚.jpg,1,0.985,visual_0825_source_crosschecked
20260825-64f8e70d81e7f3b860b4-01,2026-08-25,手机,device,努比亚,点数系列,M2,,,开机屏好,55.0,元/台,,image_first_visual_crosscheck_0825,努比亚.jpg,/mnt/data/decoded2/需要获取数据与不需要获数据原文件/需要获取的图片正文数据/数码网报价单-0825更新/手机相关/努比亚.jpg,1,0.985,visual_0825_source_crosschecked
20260825-fdc53d371f86b23a3536-01,2026-08-25,手机,device,努比亚,点数系列,M2,,,开机屏坏,55.0,元/台,,image_first_visual_crosscheck_0825,努比亚.jpg,/mnt/data/decoded2/需要获取数据与不需要获数据原文件/需要获取的图片正文数据/数码网报价单-0825更新/手机相关/努比亚.jpg,1,0.985,visual_0825_source_crosschecked
20260825-6b3e7dc561c80e36ceea-01,2026-08-25,手机,device,努比亚,点数系列,M2,,,不开机,55.0,元/台,,image_first_visual_crosscheck_0825,努比亚.jpg,/mnt/data/decoded2/需要获取数据与不需要获数据原文件/需要获取的图片正文数据/数码网报价单-0825更新/手机相关/努比亚.jpg,1,0.985,visual_0825_source_crosschecked
20260825-44e4d94606b6db781783-01,2026-08-25,手机,device,努比亚,点数系列,M2,,,废板-整机,55.0,元/台,,image_first_visual_crosscheck_0825,努比亚.jpg,/mnt/data/decoded2/需要获取数据与不需要获数据原文件/需要获取的图片正文数据/数码网报价单-0825更新/手机相关/努比亚.jpg,1,0.985,visual_0825_source_crosschecked
20260825-3d6434ee9522d49d22b8-01,2026-08-25,手机,device,努比亚,点数系列,513j,,,开机屏好,55.0,元/台,三星屏,image_first_visual_crosscheck_0825,努比亚.jpg,/mnt/data/decoded2/需要获取数据与不需要获数据原文件/需要获取的图片正文数据/数码网报价单-0825更新/手机相关/努比亚.jpg,1,0.985,visual_0825_source_crosschecked
20260825-6a4890a2ab4b87270909-01,2026-08-25,手机,device,努比亚,点数系列,513j,,,开机屏坏,55.0,元/台,三星屏,image_first_visual_crosscheck_0825,努比亚.jpg,/mnt/data/decoded2/需要获取数据与不需要获数据原文件/需要获取的图片正文数据/数码网报价单-0825更新/手机相关/努比亚.jpg,1,0.985,visual_0825_source_crosschecked
20260825-371a7a12235487b99054-01,2026-08-25,手机,device,努比亚,点数系列,513j,,,不开机,55.0,元/台,三星屏,image_first_visual_crosscheck_0825,努比亚.jpg,/mnt/data/decoded2/需要获取数据与不需要获数据原文件/需要获取的图片正文数据/数码网报价单-0825更新/手机相关/努比亚.jpg,1,0.985,visual_0825_source_crosschecked
20260825-575e4635891623b7b1a0-01,2026-08-25,手机,device,努比亚,点数系列,513j,,,废板-整机,55.0,元/台,三星屏,image_first_visual_crosscheck_0825,努比亚.jpg,/mnt/data/decoded2/需要获取数据与不需要获数据原文件/需要获取的图片正文数据/数码网报价单-0825更新/手机相关/努比亚.jpg,1,0.985,visual_0825_source_crosschecked
20260825-9e48069772a616721d16-01,2026-08-25,手机,device,努比亚,点数系列,531,,,开机屏好,55.0,元/台,,image_first_visual_crosscheck_0825,努比亚.jpg,/mnt/data/decoded2/需要获取数据与不需要获数据原文件/需要获取的图片正文数据/数码网报价单-0825更新/手机相关/努比亚.jpg,1,0.985,visual_0825_source_crosschecked
20260825-43c7669e2467b0ae0b32-01,2026-08-25,手机,device,努比亚,点数系列,531,,,开机屏坏,55.0,元/台,,image_first_visual_crosscheck_0825,努比亚.jpg,/mnt/data/decoded2/需要获取数据与不需要获数据原文件/需要获取的图片正文数据/数码网报价单-0825更新/手机相关/努比亚.jpg,1,0.985,visual_0825_source_crosschecked
20260825-f6b45c3a70259f4e388b-01,2026-08-25,手机,device,努比亚,点数系列,531,,,不开机,55.0,元/台,,image_first_visual_crosscheck_0825,努比亚.jpg,/mnt/data/decoded2/需要获取数据与不需要获数据原文件/需要获取的图片正文数据/数码网报价单-0825更新/手机相关/努比亚.jpg,1,0.985,visual_0825_source_crosschecked
20260825-56093c772814d29adda3-01,2026-08-25,手机,device,努比亚,点数系列,531,,,废板-整机,55.0,元/台,,image_first_visual_crosscheck_0825,努比亚.jpg,/mnt/data/decoded2/需要获取数据与不需要获数据原文件/需要获取的图片正文数据/数码网报价单-0825更新/手机相关/努比亚.jpg,1,0.985,visual_0825_source_crosschecked
20260825-6456ee834f6c84cf19a9-01,2026-08-25,手机,device,努比亚,点数系列,513银色,,,开机屏好,20.0,元/台,三星屏，玻璃壳,image_first_visual_crosscheck_0825,努比亚.jpg,/mnt/data/decoded2/需要获取数据与不需要获数据原文件/需要获取的图片正文数据/数码网报价单-0825更新/手机相关/努比亚.jpg,1,0.985,visual_0825_source_crosschecked
20260825-ea8a55fe284f3ba97d72-01,2026-08-25,手机,device,努比亚,点数系列,513银色,,,开机屏坏,20.0,元/台,三星屏，玻璃壳,image_first_visual_crosscheck_0825,努比亚.jpg,/mnt/data/decoded2/需要获取数据与不需要获数据原文件/需要获取的图片正文数据/数码网报价单-0825更新/手机相关/努比亚.jpg,1,0.985,visual_0825_source_crosschecked
20260825-8506c269946334f15a06-01,2026-08-25,手机,device,努比亚,点数系列,513银色,,,不开机,20.0,元/台,三星屏，玻璃壳,image_first_visual_crosscheck_0825,努比亚.jpg,/mnt/data/decoded2/需要获取数据与不需要获数据原文件/需要获取的图片正文数据/数码网报价单-0825更新/手机相关/努比亚.jpg,1,0.985,visual_0825_source_crosschecked
20260825-e7aa375141ded5236695-01,2026-08-25,手机,device,努比亚,点数系列,513银色,,,废板-整机,20.0,元/台,三星屏，玻璃壳,image_first_visual_crosscheck_0825,努比亚.jpg,/mnt/data/decoded2/需要获取数据与不需要获数据原文件/需要获取的图片正文数据/数码网报价单-0825更新/手机相关/努比亚.jpg,1,0.985,visual_0825_source_crosschecked
20260825-488b0e4592ed26f91715-01,2026-08-25,手机,device,努比亚,点数系列,508,,,开机屏好,20.0,元/台,,image_first_visual_crosscheck_0825,努比亚.jpg,/mnt/data/decoded2/需要获取数据与不需要获数据原文件/需要获取的图片正文数据/数码网报价单-0825更新/手机相关/努比亚.jpg,1,0.985,visual_0825_source_crosschecked
20260825-077164c09ee6b7ee7fa5-01,2026-08-25,手机,device,努比亚,点数系列,508,,,开机屏坏,20.0,元/台,,image_first_visual_crosscheck_0825,努比亚.jpg,/mnt/data/decoded2/需要获取数据与不需要获数据原文件/需要获取的图片正文数据/数码网报价单-0825更新/手机相关/努比亚.jpg,1,0.985,visual_0825_source_crosschecked
20260825-2d6c4412c6ce3915d6be-01,2026-08-25,手机,device,努比亚,点数系列,508,,,不开机,20.0,元/台,,image_first_visual_crosscheck_0825,努比亚.jpg,/mnt/data/decoded2/需要获取数据与不需要获数据原文件/需要获取的图片正文数据/数码网报价单-0825更新/手机相关/努比亚.jpg,1,0.985,visual_0825_source_crosschecked
20260825-f4cb447cccdf0131ad6e-01,2026-08-25,手机,device,努比亚,点数系列,508,,,废板-整机,20.0,元/台,,image_first_visual_crosscheck_0825,努比亚.jpg,/mnt/data/decoded2/需要获取数据与不需要获数据原文件/需要获取的图片正文数据/数码网报价单-0825更新/手机相关/努比亚.jpg,1,0.985,visual_0825_source_crosschecked
20260825-072123d426102d2ec344-01,2026-08-25,手机,device,努比亚,点数系列,507,,,开机屏好,20.0,元/台,,image_first_visual_crosscheck_0825,努比亚.jpg,/mnt/data/decoded2/需要获取数据与不需要获数据原文件/需要获取的图片正文数据/数码网报价单-0825更新/手机相关/努比亚.jpg,1,0.985,visual_0825_source_crosschecked
20260825-90a4c1f071e4be49b943-01,2026-08-25,手机,device,努比亚,点数系列,507,,,开机屏坏,20.0,元/台,,image_first_visual_crosscheck_0825,努比亚.jpg,/mnt/data/decoded2/需要获取数据与不需要获数据原文件/需要获取的图片正文数据/数码网报价单-0825更新/手机相关/努比亚.jpg,1,0.985,visual_0825_source_crosschecked
20260825-2681ae93f9afda56a31e-01,2026-08-25,手机,device,努比亚,点数系列,507,,,不开机,20.0,元/台,,image_first_visual_crosscheck_0825,努比亚.jpg,/mnt/data/decoded2/需要获取数据与不需要获数据原文件/需要获取的图片正文数据/数码网报价单-0825更新/手机相关/努比亚.jpg,1,0.985,visual_0825_source_crosschecked
20260825-99671b57deb6a0953873-01,2026-08-25,手机,device,努比亚,点数系列,507,,,废板-整机,20.0,元/台,,image_first_visual_crosscheck_0825,努比亚.jpg,/mnt/data/decoded2/需要获取数据与不需要获数据原文件/需要获取的图片正文数据/数码网报价单-0825更新/手机相关/努比亚.jpg,1,0.985,visual_0825_source_crosschecked
20260825-a19d70ab36ab1b5e931f-01,2026-08-25,手机,device,努比亚,点数系列,v18,,,开机屏好,55.0,元/台,,image_first_visual_crosscheck_0825,努比亚.jpg,/mnt/data/decoded2/需要获取数据与不需要获数据原文件/需要获取的图片正文数据/数码网报价单-0825更新/手机相关/努比亚.jpg,1,0.985,visual_0825_source_crosschecked
20260825-1ac497d8005778e63af6-01,2026-08-25,手机,device,努比亚,点数系列,v18,,,开机屏坏,55.0,元/台,,image_first_visual_crosscheck_0825,努比亚.jpg,/mnt/data/decoded2/需要获取数据与不需要获数据原文件/需要获取的图片正文数据/数码网报价单-0825更新/手机相关/努比亚.jpg,1,0.985,visual_0825_source_crosschecked
20260825-dbc0aa8a65b3ad7f318d-01,2026-08-25,手机,device,努比亚,点数系列,v18,,,不开机,55.0,元/台,,image_first_visual_crosscheck_0825,努比亚.jpg,/mnt/data/decoded2/需要获取数据与不需要获数据原文件/需要获取的图片正文数据/数码网报价单-0825更新/手机相关/努比亚.jpg,1,0.985,visual_0825_source_crosschecked
20260825-175358d19d7cc6a9be97-01,2026-08-25,手机,device,努比亚,点数系列,v18,,,废板-整机,55.0,元/台,,image_first_visual_crosscheck_0825,努比亚.jpg,/mnt/data/decoded2/需要获取数据与不需要获数据原文件/需要获取的图片正文数据/数码网报价单-0825更新/手机相关/努比亚.jpg,1,0.985,visual_0825_source_crosschecked
20260825-977bd7f5da3079e93c9a-01,2026-08-25,手机,device,努比亚,点数系列,X6,,,开机屏好,20.0,元/台,,image_first_visual_crosscheck_0825,努比亚.jpg,/mnt/data/decoded2/需要获取数据与不需要获数据原文件/需要获取的图片正文数据/数码网报价单-0825更新/手机相关/努比亚.jpg,1,0.985,visual_0825_source_crosschecked
20260825-01e326e121fbcfb77918-01,2026-08-25,手机,device,努比亚,点数系列,X6,,,开机屏坏,20.0,元/台,,image_first_visual_crosscheck_0825,努比亚.jpg,/mnt/data/decoded2/需要获取数据与不需要获数据原文件/需要获取的图片正文数据/数码网报价单-0825更新/手机相关/努比亚.jpg,1,0.985,visual_0825_source_crosschecked
20260825-e707d3e7cd43a7203971-01,2026-08-25,手机,device,努比亚,点数系列,X6,,,不开机,20.0,元/台,,image_first_visual_crosscheck_0825,努比亚.jpg,/mnt/data/decoded2/需要获取数据与不需要获数据原文件/需要获取的图片正文数据/数码网报价单-0825更新/手机相关/努比亚.jpg,1,0.985,visual_0825_source_crosschecked
20260825-ca8c970764ec4385b055-01,2026-08-25,手机,device,努比亚,点数系列,X6,,,废板-整机,20.0,元/台,,image_first_visual_crosscheck_0825,努比亚.jpg,/mnt/data/decoded2/需要获取数据与不需要获数据原文件/需要获取的图片正文数据/数码网报价单-0825更新/手机相关/努比亚.jpg,1,0.985,visual_0825_source_crosschecked
20260825-6d21661efdfcfd0e71f9-01,2026-08-25,手机,device,努比亚,点数系列,S5s mini,,,开机屏好,55.0,元/台,,image_first_visual_crosscheck_0825,努比亚.jpg,/mnt/data/decoded2/需要获取数据与不需要获数据原文件/需要获取的图片正文数据/数码网报价单-0825更新/手机相关/努比亚.jpg,1,0.985,visual_0825_source_crosschecked
20260825-be66fb180858125ced07-01,2026-08-25,手机,device,努比亚,点数系列,S5s mini,,,开机屏坏,55.0,元/台,,image_first_visual_crosscheck_0825,努比亚.jpg,/mnt/data/decoded2/需要获取数据与不需要获数据原文件/需要获取的图片正文数据/数码网报价单-0825更新/手机相关/努比亚.jpg,1,0.985,visual_0825_source_crosschecked
20260825-2fac6d36cf727ee7ac78-01,2026-08-25,手机,device,努比亚,点数系列,S5s mini,,,不开机,55.0,元/台,,image_first_visual_crosscheck_0825,努比亚.jpg,/mnt/data/decoded2/需要获取数据与不需要获数据原文件/需要获取的图片正文数据/数码网报价单-0825更新/手机相关/努比亚.jpg,1,0.985,visual_0825_source_crosschecked
20260825-90456ed4df6f166f65ae-01,2026-08-25,手机,device,努比亚,点数系列,S5s mini,,,废板-整机,55.0,元/台,,image_first_visual_crosscheck_0825,努比亚.jpg,/mnt/data/decoded2/需要获取数据与不需要获数据原文件/需要获取的图片正文数据/数码网报价单-0825更新/手机相关/努比亚.jpg,1,0.985,visual_0825_source_crosschecked
20260825-8897be5d81eb7cc97672-01,2026-08-25,手机,device,努比亚,点数系列,512,,,开机屏好,20.0,元/台,,image_first_visual_crosscheck_0825,努比亚.jpg,/mnt/data/decoded2/需要获取数据与不需要获数据原文件/需要获取的图片正文数据/数码网报价单-0825更新/手机相关/努比亚.jpg,1,0.985,visual_0825_source_crosschecked
20260825-fd27018de6ba9852dc6c-01,2026-08-25,手机,device,努比亚,点数系列,512,,,开机屏坏,20.0,元/台,,image_first_visual_crosscheck_0825,努比亚.jpg,/mnt/data/decoded2/需要获取数据与不需要获数据原文件/需要获取的图片正文数据/数码网报价单-0825更新/手机相关/努比亚.jpg,1,0.985,visual_0825_source_crosschecked
20260825-abfbd6078e5e788a58cf-01,2026-08-25,手机,device,努比亚,点数系列,512,,,不开机,20.0,元/台,,image_first_visual_crosscheck_0825,努比亚.jpg,/mnt/data/decoded2/需要获取数据与不需要获数据原文件/需要获取的图片正文数据/数码网报价单-0825更新/手机相关/努比亚.jpg,1,0.985,visual_0825_source_crosschecked
20260825-faa03804f97c1fd6c884-01,2026-08-25,手机,device,努比亚,点数系列,512,,,废板-整机,20.0,元/台,,image_first_visual_crosscheck_0825,努比亚.jpg,/mnt/data/decoded2/需要获取数据与不需要获数据原文件/需要获取的图片正文数据/数码网报价单-0825更新/手机相关/努比亚.jpg,1,0.985,visual_0825_source_crosschecked
20260825-6224bca7ae704f405b42-01,2026-08-25,手机,device,努比亚,点数系列,511,,,开机屏好,20.0,元/台,,image_first_visual_crosscheck_0825,努比亚.jpg,/mnt/data/decoded2/需要获取数据与不需要获数据原文件/需要获取的图片正文数据/数码网报价单-0825更新/手机相关/努比亚.jpg,1,0.985,visual_0825_source_crosschecked
20260825-f3cedb4a7010e0481ca1-01,2026-08-25,手机,device,努比亚,点数系列,511,,,开机屏坏,20.0,元/台,,image_first_visual_crosscheck_0825,努比亚.jpg,/mnt/data/decoded2/需要获取数据与不需要获数据原文件/需要获取的图片正文数据/数码网报价单-0825更新/手机相关/努比亚.jpg,1,0.985,visual_0825_source_crosschecked
20260825-3f9ef4f6239d5352049c-01,2026-08-25,手机,device,努比亚,点数系列,511,,,不开机,20.0,元/台,,image_first_visual_crosscheck_0825,努比亚.jpg,/mnt/data/decoded2/需要获取数据与不需要获数据原文件/需要获取的图片正文数据/数码网报价单-0825更新/手机相关/努比亚.jpg,1,0.985,visual_0825_source_crosschecked
20260825-e20c24999bd12f1b3406-01,2026-08-25,手机,device,努比亚,点数系列,511,,,废板-整机,20.0,元/台,,image_first_visual_crosscheck_0825,努比亚.jpg,/mnt/data/decoded2/需要获取数据与不需要获数据原文件/需要获取的图片正文数据/数码网报价单-0825更新/手机相关/努比亚.jpg,1,0.985,visual_0825_source_crosschecked
20260825-6d61115fdd238230900f-01,2026-08-25,手机,device,努比亚,点数系列,505,,,开机屏好,20.0,元/台,,image_first_visual_crosscheck_0825,努比亚.jpg,/mnt/data/decoded2/需要获取数据与不需要获数据原文件/需要获取的图片正文数据/数码网报价单-0825更新/手机相关/努比亚.jpg,1,0.985,visual_0825_source_crosschecked
20260825-244e4498090290f25dff-01,2026-08-25,手机,device,努比亚,点数系列,505,,,开机屏坏,20.0,元/台,,image_first_visual_crosscheck_0825,努比亚.jpg,/mnt/data/decoded2/需要获取数据与不需要获数据原文件/需要获取的图片正文数据/数码网报价单-0825更新/手机相关/努比亚.jpg,1,0.985,visual_0825_source_crosschecked
20260825-dd9de66b326ef79ba93e-01,2026-08-25,手机,device,努比亚,点数系列,505,,,不开机,20.0,元/台,,image_first_visual_crosscheck_0825,努比亚.jpg,/mnt/data/decoded2/需要获取数据与不需要获数据原文件/需要获取的图片正文数据/数码网报价单-0825更新/手机相关/努比亚.jpg,1,0.985,visual_0825_source_crosschecked
20260825-f3abaebca6fa624837d9-01,2026-08-25,手机,device,努比亚,点数系列,505,,,废板-整机,20.0,元/台,,image_first_visual_crosscheck_0825,努比亚.jpg,/mnt/data/decoded2/需要获取数据与不需要获数据原文件/需要获取的图片正文数据/数码网报价单-0825更新/手机相关/努比亚.jpg,1,0.985,visual_0825_source_crosschecked
20260825-effa9323408046e4cbdb-01,2026-08-25,手机,device,努比亚,点数系列,503,,,开机屏好,20.0,元/台,,image_first_visual_crosscheck_0825,努比亚.jpg,/mnt/data/decoded2/需要获取数据与不需要获数据原文件/需要获取的图片正文数据/数码网报价单-0825更新/手机相关/努比亚.jpg,1,0.985,visual_0825_source_crosschecked
20260825-639df2be8ec5e7e21910-01,2026-08-25,手机,device,努比亚,点数系列,503,,,开机屏坏,20.0,元/台,,image_first_visual_crosscheck_0825,努比亚.jpg,/mnt/data/decoded2/需要获取数据与不需要获数据原文件/需要获取的图片正文数据/数码网报价单-0825更新/手机相关/努比亚.jpg,1,0.985,visual_0825_source_crosschecked
20260825-04b61dbe2946aa9ede2f-01,2026-08-25,手机,device,努比亚,点数系列,503,,,不开机,20.0,元/台,,image_first_visual_crosscheck_0825,努比亚.jpg,/mnt/data/decoded2/需要获取数据与不需要获数据原文件/需要获取的图片正文数据/数码网报价单-0825更新/手机相关/努比亚.jpg,1,0.985,visual_0825_source_crosschecked
20260825-ee6368081fa7c97b7b7a-01,2026-08-25,手机,device,努比亚,点数系列,503,,,废板-整机,20.0,元/台,,image_first_visual_crosscheck_0825,努比亚.jpg,/mnt/data/decoded2/需要获取数据与不需要获数据原文件/需要获取的图片正文数据/数码网报价单-0825更新/手机相关/努比亚.jpg,1,0.985,visual_0825_source_crosschecked
20260825-c49dfacd7945411b640f-01,2026-08-25,手机,device,努比亚,点数系列,502,,,开机屏好,20.0,元/台,,image_first_visual_crosscheck_0825,努比亚.jpg,/mnt/data/decoded2/需要获取数据与不需要获数据原文件/需要获取的图片正文数据/数码网报价单-0825更新/手机相关/努比亚.jpg,1,0.985,visual_0825_source_crosschecked
20260825-3ad39e64ad2963e2bd89-01,2026-08-25,手机,device,努比亚,点数系列,502,,,开机屏坏,20.0,元/台,,image_first_visual_crosscheck_0825,努比亚.jpg,/mnt/data/decoded2/需要获取数据与不需要获数据原文件/需要获取的图片正文数据/数码网报价单-0825更新/手机相关/努比亚.jpg,1,0.985,visual_0825_source_crosschecked
20260825-24a4776d5f45e338e4d4-01,2026-08-25,手机,device,努比亚,点数系列,502,,,不开机,20.0,元/台,,image_first_visual_crosscheck_0825,努比亚.jpg,/mnt/data/decoded2/需要获取数据与不需要获数据原文件/需要获取的图片正文数据/数码网报价单-0825更新/手机相关/努比亚.jpg,1,0.985,visual_0825_source_crosschecked
20260825-abb501676ed7796f02f5-01,2026-08-25,手机,device,努比亚,点数系列,502,,,废板-整机,20.0,元/台,,image_first_visual_crosscheck_0825,努比亚.jpg,/mnt/data/decoded2/需要获取数据与不需要获数据原文件/需要获取的图片正文数据/数码网报价单-0825更新/手机相关/努比亚.jpg,1,0.985,visual_0825_source_crosschecked
20260825-63d180bf09ca68ed0b1f-01,2026-08-25,手机,device,努比亚,点数系列,403,,,开机屏好,20.0,元/台,,image_first_visual_crosscheck_0825,努比亚.jpg,/mnt/data/decoded2/需要获取数据与不需要获数据原文件/需要获取的图片正文数据/数码网报价单-0825更新/手机相关/努比亚.jpg,1,0.985,visual_0825_source_crosschecked
20260825-adf92ab53f07a0267649-01,2026-08-25,手机,device,努比亚,点数系列,403,,,开机屏坏,20.0,元/台,,image_first_visual_crosscheck_0825,努比亚.jpg,/mnt/data/decoded2/需要获取数据与不需要获数据原文件/需要获取的图片正文数据/数码网报价单-0825更新/手机相关/努比亚.jpg,1,0.985,visual_0825_source_crosschecked
20260825-b446cffa10d521d86e2a-01,2026-08-25,手机,device,努比亚,点数系列,403,,,不开机,20.0,元/台,,image_first_visual_crosscheck_0825,努比亚.jpg,/mnt/data/decoded2/需要获取数据与不需要获数据原文件/需要获取的图片正文数据/数码网报价单-0825更新/手机相关/努比亚.jpg,1,0.985,visual_0825_source_crosschecked
20260825-b89b489b7015fd392eae-01,2026-08-25,手机,device,努比亚,点数系列,403,,,废板-整机,20.0,元/台,,image_first_visual_crosscheck_0825,努比亚.jpg,/mnt/data/decoded2/需要获取数据与不需要获数据原文件/需要获取的图片正文数据/数码网报价单-0825更新/手机相关/努比亚.jpg,1,0.985,visual_0825_source_crosschecked
20260825-89a2ba90eff1c59dd266-01,2026-08-25,手机,device,努比亚,点数系列,402,,,开机屏好,20.0,元/台,,image_first_visual_crosscheck_0825,努比亚.jpg,/mnt/data/decoded2/需要获取数据与不需要获数据原文件/需要获取的图片正文数据/数码网报价单-0825更新/手机相关/努比亚.jpg,1,0.985,visual_0825_source_crosschecked
20260825-e62e6c8ff4639fedc10f-01,2026-08-25,手机,device,努比亚,点数系列,402,,,开机屏坏,20.0,元/台,,image_first_visual_crosscheck_0825,努比亚.jpg,/mnt/data/decoded2/需要获取数据与不需要获数据原文件/需要获取的图片正文数据/数码网报价单-0825更新/手机相关/努比亚.jpg,1,0.985,visual_0825_source_crosschecked
20260825-9314d978df3f14ef9918-01,2026-08-25,手机,device,努比亚,点数系列,402,,,不开机,20.0,元/台,,image_first_visual_crosscheck_0825,努比亚.jpg,/mnt/data/decoded2/需要获取数据与不需要获数据原文件/需要获取的图片正文数据/数码网报价单-0825更新/手机相关/努比亚.jpg,1,0.985,visual_0825_source_crosschecked
20260825-cb91a28aeb417bd33848-01,2026-08-25,手机,device,努比亚,点数系列,402,,,废板-整机,20.0,元/台,,image_first_visual_crosscheck_0825,努比亚.jpg,/mnt/data/decoded2/需要获取数据与不需要获数据原文件/需要获取的图片正文数据/数码网报价单-0825更新/手机相关/努比亚.jpg,1,0.985,visual_0825_source_crosschecked
20260825-4010d5c19b4997ec24cf-01,2026-08-25,手机,device,酷派,,W1,,,开机屏好,35.0,元/台,,image_first_visual_crosscheck_0825,酷派.jpg,/mnt/data/decoded2/需要获取数据与不需要获数据原文件/需要获取的图片正文数据/数码网报价单-0825更新/手机相关/酷派.jpg,1,0.985,visual_0825_source_crosschecked
20260825-28d26ed01a3e4752da69-01,2026-08-25,手机,device,酷派,,W1,,,开机屏坏,35.0,元/台,,image_first_visual_crosscheck_0825,酷派.jpg,/mnt/data/decoded2/需要获取数据与不需要获数据原文件/需要获取的图片正文数据/数码网报价单-0825更新/手机相关/酷派.jpg,1,0.985,visual_0825_source_crosschecked
20260825-fcf966ee3b7d45502e1c-01,2026-08-25,手机,device,酷派,,W1,,,不开机,35.0,元/台,,image_first_visual_crosscheck_0825,酷派.jpg,/mnt/data/decoded2/需要获取数据与不需要获数据原文件/需要获取的图片正文数据/数码网报价单-0825更新/手机相关/酷派.jpg,1,0.985,visual_0825_source_crosschecked
20260825-b73a0b4c426f67eeb5b2-01,2026-08-25,手机,device,酷派,,W1,,,废板-整机,35.0,元/台,,image_first_visual_crosscheck_0825,酷派.jpg,/mnt/data/decoded2/需要获取数据与不需要获数据原文件/需要获取的图片正文数据/数码网报价单-0825更新/手机相关/酷派.jpg,1,0.985,visual_0825_source_crosschecked
20260825-0a0459c19efe4a73a1cb-01,2026-08-25,手机,device,酷派,,先行者X1,,,开机屏好,100.0,元/台,,image_first_visual_crosscheck_0825,酷派.jpg,/mnt/data/decoded2/需要获取数据与不需要获数据原文件/需要获取的图片正文数据/数码网报价单-0825更新/手机相关/酷派.jpg,1,0.985,visual_0825_source_crosschecked
20260825-dbe46dbfd49c8cb878ea-01,2026-08-25,手机,device,酷派,,先行者X1,,,开机屏坏,50.0,元/台,,image_first_visual_crosscheck_0825,酷派.jpg,/mnt/data/decoded2/需要获取数据与不需要获数据原文件/需要获取的图片正文数据/数码网报价单-0825更新/手机相关/酷派.jpg,1,0.985,visual_0825_source_crosschecked
20260825-bf4d8061ae5d3f5b12e7-01,2026-08-25,手机,device,酷派,,先行者X1,,,不开机,50.0,元/台,,image_first_visual_crosscheck_0825,酷派.jpg,/mnt/data/decoded2/需要获取数据与不需要获数据原文件/需要获取的图片正文数据/数码网报价单-0825更新/手机相关/酷派.jpg,1,0.985,visual_0825_source_crosschecked
20260825-1d951fdb8b7a3729ef0d-01,2026-08-25,手机,device,酷派,,先行者X1,,,废板-整机,50.0,元/台,,image_first_visual_crosscheck_0825,酷派.jpg,/mnt/data/decoded2/需要获取数据与不需要获数据原文件/需要获取的图片正文数据/数码网报价单-0825更新/手机相关/酷派.jpg,1,0.985,visual_0825_source_crosschecked
20260825-2f09c9224ee0d038ebb0-01,2026-08-25,手机,device,酷派,,N5pro,,,开机屏好,120.0,元/台,,image_first_visual_crosscheck_0825,酷派.jpg,/mnt/data/decoded2/需要获取数据与不需要获数据原文件/需要获取的图片正文数据/数码网报价单-0825更新/手机相关/酷派.jpg,1,0.985,visual_0825_source_crosschecked
20260825-b7b6f5313e291f6814af-01,2026-08-25,手机,device,酷派,,N5pro,,,开机屏坏,120.0,元/台,,image_first_visual_crosscheck_0825,酷派.jpg,/mnt/data/decoded2/需要获取数据与不需要获数据原文件/需要获取的图片正文数据/数码网报价单-0825更新/手机相关/酷派.jpg,1,0.985,visual_0825_source_crosschecked
20260825-8a77479a7c0e47769cc8-01,2026-08-25,手机,device,酷派,,N5pro,,,不开机,120.0,元/台,,image_first_visual_crosscheck_0825,酷派.jpg,/mnt/data/decoded2/需要获取数据与不需要获数据原文件/需要获取的图片正文数据/数码网报价单-0825更新/手机相关/酷派.jpg,1,0.985,visual_0825_source_crosschecked
20260825-623ee21d88ba9574e2ba-01,2026-08-25,手机,device,酷派,,N5pro,,,废板-整机,120.0,元/台,,image_first_visual_crosscheck_0825,酷派.jpg,/mnt/data/decoded2/需要获取数据与不需要获数据原文件/需要获取的图片正文数据/数码网报价单-0825更新/手机相关/酷派.jpg,1,0.985,visual_0825_source_crosschecked
20260825-a47054dd159d9e04e5cf-01,2026-08-25,手机,device,酷派,,M821,,,开机屏好,20.0,元/台,,image_first_visual_crosscheck_0825,酷派.jpg,/mnt/data/decoded2/需要获取数据与不需要获数据原文件/需要获取的图片正文数据/数码网报价单-0825更新/手机相关/酷派.jpg,1,0.985,visual_0825_source_crosschecked
20260825-9902db7134d82f56e2b9-01,2026-08-25,手机,device,酷派,,M821,,,开机屏坏,20.0,元/台,,image_first_visual_crosscheck_0825,酷派.jpg,/mnt/data/decoded2/需要获取数据与不需要获数据原文件/需要获取的图片正文数据/数码网报价单-0825更新/手机相关/酷派.jpg,1,0.985,visual_0825_source_crosschecked
20260825-0f25107d61c023ddcccc-01,2026-08-25,手机,device,酷派,,M821,,,不开机,20.0,元/台,,image_first_visual_crosscheck_0825,酷派.jpg,/mnt/data/decoded2/需要获取数据与不需要获数据原文件/需要获取的图片正文数据/数码网报价单-0825更新/手机相关/酷派.jpg,1,0.985,visual_0825_source_crosschecked
20260825-1b414bd3c6e08383720d-01,2026-08-25,手机,device,酷派,,M821,,,废板-整机,20.0,元/台,,image_first_visual_crosscheck_0825,酷派.jpg,/mnt/data/decoded2/需要获取数据与不需要获数据原文件/需要获取的图片正文数据/数码网报价单-0825更新/手机相关/酷派.jpg,1,0.985,visual_0825_source_crosschecked
20260825-441a2ee1076937d80ea1-01,2026-08-25,手机,device,酷派,,N5,,,开机屏好,30.0,元/台,,image_first_visual_crosscheck_0825,酷派.jpg,/mnt/data/decoded2/需要获取数据与不需要获数据原文件/需要获取的图片正文数据/数码网报价单-0825更新/手机相关/酷派.jpg,1,0.985,visual_0825_source_crosschecked
20260825-005e2c9f954b6061ace3-01,2026-08-25,手机,device,酷派,,N5,,,开机屏坏,30.0,元/台,,image_first_visual_crosscheck_0825,酷派.jpg,/mnt/data/decoded2/需要获取数据与不需要获数据原文件/需要获取的图片正文数据/数码网报价单-0825更新/手机相关/酷派.jpg,1,0.985,visual_0825_source_crosschecked
20260825-29537816e5ce5fb3e1d3-01,2026-08-25,手机,device,酷派,,N5,,,不开机,30.0,元/台,,image_first_visual_crosscheck_0825,酷派.jpg,/mnt/data/decoded2/需要获取数据与不需要获数据原文件/需要获取的图片正文数据/数码网报价单-0825更新/手机相关/酷派.jpg,1,0.985,visual_0825_source_crosschecked
20260825-514068f69c9270e23b6f-01,2026-08-25,手机,device,酷派,,N5,,,废板-整机,30.0,元/台,,image_first_visual_crosscheck_0825,酷派.jpg,/mnt/data/decoded2/需要获取数据与不需要获数据原文件/需要获取的图片正文数据/数码网报价单-0825更新/手机相关/酷派.jpg,1,0.985,visual_0825_source_crosschecked
20260825-a15e6282f7b7d587ac87-01,2026-08-25,手机,device,酷派,,N3/M850,,,开机屏好,55.0,元/台,,image_first_visual_crosscheck_0825,酷派.jpg,/mnt/data/decoded2/需要获取数据与不需要获数据原文件/需要获取的图片正文数据/数码网报价单-0825更新/手机相关/酷派.jpg,1,0.985,visual_0825_source_crosschecked
20260825-4252ca863bf0d1a2c7db-01,2026-08-25,手机,device,酷派,,N3/M850,,,开机屏坏,55.0,元/台,,image_first_visual_crosscheck_0825,酷派.jpg,/mnt/data/decoded2/需要获取数据与不需要获数据原文件/需要获取的图片正文数据/数码网报价单-0825更新/手机相关/酷派.jpg,1,0.985,visual_0825_source_crosschecked
20260825-f701a85706971ca668f0-01,2026-08-25,手机,device,酷派,,N3/M850,,,不开机,55.0,元/台,,image_first_visual_crosscheck_0825,酷派.jpg,/mnt/data/decoded2/需要获取数据与不需要获数据原文件/需要获取的图片正文数据/数码网报价单-0825更新/手机相关/酷派.jpg,1,0.985,visual_0825_source_crosschecked
20260825-506f518bb871bb13c12e-01,2026-08-25,手机,device,酷派,,N3/M850,,,废板-整机,55.0,元/台,,image_first_visual_crosscheck_0825,酷派.jpg,/mnt/data/decoded2/需要获取数据与不需要获数据原文件/需要获取的图片正文数据/数码网报价单-0825更新/手机相关/酷派.jpg,1,0.985,visual_0825_source_crosschecked
20260825-27e84b23856161cb5233-01,2026-08-25,手机,device,酷派,,761,,,开机屏好,30.0,元/台,,image_first_visual_crosscheck_0825,酷派.jpg,/mnt/data/decoded2/需要获取数据与不需要获数据原文件/需要获取的图片正文数据/数码网报价单-0825更新/手机相关/酷派.jpg,1,0.985,visual_0825_source_crosschecked
20260825-4b2699607958ac37a3bd-01,2026-08-25,手机,device,酷派,,761,,,开机屏坏,30.0,元/台,,image_first_visual_crosscheck_0825,酷派.jpg,/mnt/data/decoded2/需要获取数据与不需要获数据原文件/需要获取的图片正文数据/数码网报价单-0825更新/手机相关/酷派.jpg,1,0.985,visual_0825_source_crosschecked
20260825-956afc04aef89454bc83-01,2026-08-25,手机,device,酷派,,761,,,不开机,30.0,元/台,,image_first_visual_crosscheck_0825,酷派.jpg,/mnt/data/decoded2/需要获取数据与不需要获数据原文件/需要获取的图片正文数据/数码网报价单-0825更新/手机相关/酷派.jpg,1,0.985,visual_0825_source_crosschecked
20260825-2f94c0f03c87d5ccbc1d-01,2026-08-25,手机,device,酷派,,761,,,废板-整机,30.0,元/台,,image_first_visual_crosscheck_0825,酷派.jpg,/mnt/data/decoded2/需要获取数据与不需要获数据原文件/需要获取的图片正文数据/数码网报价单-0825更新/手机相关/酷派.jpg,1,0.985,visual_0825_source_crosschecked
20260825-e4c65b830472619596f3-01,2026-08-25,手机,device,酷派,,N2/M836,,,开机屏好,20.0,元/台,,image_first_visual_crosscheck_0825,酷派.jpg,/mnt/data/decoded2/需要获取数据与不需要获数据原文件/需要获取的图片正文数据/数码网报价单-0825更新/手机相关/酷派.jpg,1,0.985,visual_0825_source_crosschecked
20260825-3c98fc4c1e30b960f8ec-01,2026-08-25,手机,device,酷派,,N2/M836,,,开机屏坏,20.0,元/台,,image_first_visual_crosscheck_0825,酷派.jpg,/mnt/data/decoded2/需要获取数据与不需要获数据原文件/需要获取的图片正文数据/数码网报价单-0825更新/手机相关/酷派.jpg,1,0.985,visual_0825_source_crosschecked
20260825-36faf88674b6fa051d20-01,2026-08-25,手机,device,酷派,,N2/M836,,,不开机,20.0,元/台,,image_first_visual_crosscheck_0825,酷派.jpg,/mnt/data/decoded2/需要获取数据与不需要获数据原文件/需要获取的图片正文数据/数码网报价单-0825更新/手机相关/酷派.jpg,1,0.985,visual_0825_source_crosschecked
20260825-2a33a5958847fd0a9bcb-01,2026-08-25,手机,device,酷派,,N2/M836,,,废板-整机,20.0,元/台,,image_first_visual_crosscheck_0825,酷派.jpg,/mnt/data/decoded2/需要获取数据与不需要获数据原文件/需要获取的图片正文数据/数码网报价单-0825更新/手机相关/酷派.jpg,1,0.985,visual_0825_source_crosschecked
20260825-8bd7a049075204992adf-01,2026-08-25,手机,device,酷派,,M631,,,开机屏好,11.0,元/台,开机全好看外屏不破,image_first_visual_crosscheck_0825,酷派.jpg,/mnt/data/decoded2/需要获取数据与不需要获数据原文件/需要获取的图片正文数据/数码网报价单-0825更新/手机相关/酷派.jpg,1,0.985,visual_0825_source_crosschecked
20260825-45787a7840754d94a2aa-01,2026-08-25,手机,device,酷派,,M631,,,开机屏坏,11.0,元/台,开机全好看外屏不破,image_first_visual_crosscheck_0825,酷派.jpg,/mnt/data/decoded2/需要获取数据与不需要获数据原文件/需要获取的图片正文数据/数码网报价单-0825更新/手机相关/酷派.jpg,1,0.985,visual_0825_source_crosschecked
20260825-d9a440c3c4c9226cb4cd-01,2026-08-25,手机,device,酷派,,M631,,,不开机,11.0,元/台,开机全好看外屏不破,image_first_visual_crosscheck_0825,酷派.jpg,/mnt/data/decoded2/需要获取数据与不需要获数据原文件/需要获取的图片正文数据/数码网报价单-0825更新/手机相关/酷派.jpg,1,0.985,visual_0825_source_crosschecked
20260825-e0ed356a5361567a5442-01,2026-08-25,手机,device,酷派,,M631,,,废板-整机,11.0,元/台,开机全好看外屏不破,image_first_visual_crosscheck_0825,酷派.jpg,/mnt/data/decoded2/需要获取数据与不需要获数据原文件/需要获取的图片正文数据/数码网报价单-0825更新/手机相关/酷派.jpg,1,0.985,visual_0825_source_crosschecked
20260825-ba65ac5484603084ff58-01,2026-08-25,手机,device,酷派,,A4s/M760,,,开机屏好,20.0,元/台,,image_first_visual_crosscheck_0825,酷派.jpg,/mnt/data/decoded2/需要获取数据与不需要获数据原文件/需要获取的图片正文数据/数码网报价单-0825更新/手机相关/酷派.jpg,1,0.985,visual_0825_source_crosschecked
20260825-55e2dc05a42e705a1d16-01,2026-08-25,手机,device,酷派,,A4s/M760,,,开机屏坏,20.0,元/台,,image_first_visual_crosscheck_0825,酷派.jpg,/mnt/data/decoded2/需要获取数据与不需要获数据原文件/需要获取的图片正文数据/数码网报价单-0825更新/手机相关/酷派.jpg,1,0.985,visual_0825_source_crosschecked
20260825-3da70846cfdb240ceb78-01,2026-08-25,手机,device,酷派,,A4s/M760,,,不开机,20.0,元/台,,image_first_visual_crosscheck_0825,酷派.jpg,/mnt/data/decoded2/需要获取数据与不需要获数据原文件/需要获取的图片正文数据/数码网报价单-0825更新/手机相关/酷派.jpg,1,0.985,visual_0825_source_crosschecked
20260825-df37f088959127173778-01,2026-08-25,手机,device,酷派,,A4s/M760,,,废板-整机,20.0,元/台,,image_first_visual_crosscheck_0825,酷派.jpg,/mnt/data/decoded2/需要获取数据与不需要获数据原文件/需要获取的图片正文数据/数码网报价单-0825更新/手机相关/酷派.jpg,1,0.985,visual_0825_source_crosschecked
20260825-c0faa5140bd05df4b6fc-01,2026-08-25,手机,device,酷派,,A3s/M653,,,开机屏好,20.0,元/台,,image_first_visual_crosscheck_0825,酷派.jpg,/mnt/data/decoded2/需要获取数据与不需要获数据原文件/需要获取的图片正文数据/数码网报价单-0825更新/手机相关/酷派.jpg,1,0.985,visual_0825_source_crosschecked
20260825-e2c2ff0a077e4ec8f577-01,2026-08-25,手机,device,酷派,,A3s/M653,,,开机屏坏,20.0,元/台,,image_first_visual_crosscheck_0825,酷派.jpg,/mnt/data/decoded2/需要获取数据与不需要获数据原文件/需要获取的图片正文数据/数码网报价单-0825更新/手机相关/酷派.jpg,1,0.985,visual_0825_source_crosschecked
20260825-9d1bbbd14cf7b153cd03-01,2026-08-25,手机,device,酷派,,A3s/M653,,,不开机,20.0,元/台,,image_first_visual_crosscheck_0825,酷派.jpg,/mnt/data/decoded2/需要获取数据与不需要获数据原文件/需要获取的图片正文数据/数码网报价单-0825更新/手机相关/酷派.jpg,1,0.985,visual_0825_source_crosschecked
20260825-66843c0109613d04531b-01,2026-08-25,手机,device,酷派,,A3s/M653,,,废板-整机,20.0,元/台,,image_first_visual_crosscheck_0825,酷派.jpg,/mnt/data/decoded2/需要获取数据与不需要获数据原文件/需要获取的图片正文数据/数码网报价单-0825更新/手机相关/酷派.jpg,1,0.985,visual_0825_source_crosschecked
20260825-cd90b8b5720a44d820bb-01,2026-08-25,手机,device,酷派,,M636,,,开机屏好,20.0,元/台,,image_first_visual_crosscheck_0825,酷派.jpg,/mnt/data/decoded2/需要获取数据与不需要获数据原文件/需要获取的图片正文数据/数码网报价单-0825更新/手机相关/酷派.jpg,1,0.985,visual_0825_source_crosschecked
20260825-433278446e891fb47995-01,2026-08-25,手机,device,酷派,,M636,,,开机屏坏,20.0,元/台,,image_first_visual_crosscheck_0825,酷派.jpg,/mnt/data/decoded2/需要获取数据与不需要获数据原文件/需要获取的图片正文数据/数码网报价单-0825更新/手机相关/酷派.jpg,1,0.985,visual_0825_source_crosschecked
20260825-762af379e1fe36c076c8-01,2026-08-25,手机,device,酷派,,M636,,,不开机,20.0,元/台,,image_first_visual_crosscheck_0825,酷派.jpg,/mnt/data/decoded2/需要获取数据与不需要获数据原文件/需要获取的图片正文数据/数码网报价单-0825更新/手机相关/酷派.jpg,1,0.985,visual_0825_source_crosschecked
20260825-2c7d5cab700bf66d4b93-01,2026-08-25,手机,device,酷派,,M636,,,废板-整机,20.0,元/台,,image_first_visual_crosscheck_0825,酷派.jpg,/mnt/data/decoded2/需要获取数据与不需要获数据原文件/需要获取的图片正文数据/数码网报价单-0825更新/手机相关/酷派.jpg,1,0.985,visual_0825_source_crosschecked
20260825-a73ddee41d3d0e74f741-01,2026-08-25,手机,device,酷派,,M623,,,开机屏好,20.0,元/台,,image_first_visual_crosscheck_0825,酷派.jpg,/mnt/data/decoded2/需要获取数据与不需要获数据原文件/需要获取的图片正文数据/数码网报价单-0825更新/手机相关/酷派.jpg,1,0.985,visual_0825_source_crosschecked
20260825-dcf77730694c95281a67-01,2026-08-25,手机,device,酷派,,M623,,,开机屏坏,20.0,元/台,,image_first_visual_crosscheck_0825,酷派.jpg,/mnt/data/decoded2/需要获取数据与不需要获数据原文件/需要获取的图片正文数据/数码网报价单-0825更新/手机相关/酷派.jpg,1,0.985,visual_0825_source_crosschecked
20260825-a35fa044079ffb2f7c58-01,2026-08-25,手机,device,酷派,,M623,,,不开机,20.0,元/台,,image_first_visual_crosscheck_0825,酷派.jpg,/mnt/data/decoded2/需要获取数据与不需要获数据原文件/需要获取的图片正文数据/数码网报价单-0825更新/手机相关/酷派.jpg,1,0.985,visual_0825_source_crosschecked
20260825-1be69226b07fb157e78c-01,2026-08-25,手机,device,酷派,,M623,,,废板-整机,20.0,元/台,,image_first_visual_crosscheck_0825,酷派.jpg,/mnt/data/decoded2/需要获取数据与不需要获数据原文件/需要获取的图片正文数据/数码网报价单-0825更新/手机相关/酷派.jpg,1,0.985,visual_0825_source_crosschecked
20260825-da7b674ae7388214be2c-01,2026-08-25,手机,device,酷派,,M823,,,开机屏好,20.0,元/台,,image_first_visual_crosscheck_0825,酷派.jpg,/mnt/data/decoded2/需要获取数据与不需要获数据原文件/需要获取的图片正文数据/数码网报价单-0825更新/手机相关/酷派.jpg,1,0.985,visual_0825_source_crosschecked
20260825-5ce8ab630becb4780f9c-01,2026-08-25,手机,device,酷派,,M823,,,开机屏坏,20.0,元/台,,image_first_visual_crosscheck_0825,酷派.jpg,/mnt/data/decoded2/需要获取数据与不需要获数据原文件/需要获取的图片正文数据/数码网报价单-0825更新/手机相关/酷派.jpg,1,0.985,visual_0825_source_crosschecked
20260825-dcb606eb9119073e47ed-01,2026-08-25,手机,device,酷派,,M823,,,不开机,20.0,元/台,,image_first_visual_crosscheck_0825,酷派.jpg,/mnt/data/decoded2/需要获取数据与不需要获数据原文件/需要获取的图片正文数据/数码网报价单-0825更新/手机相关/酷派.jpg,1,0.985,visual_0825_source_crosschecked
20260825-270a2a43ada06d1e548c-01,2026-08-25,手机,device,酷派,,M823,,,废板-整机,20.0,元/台,,image_first_visual_crosscheck_0825,酷派.jpg,/mnt/data/decoded2/需要获取数据与不需要获数据原文件/需要获取的图片正文数据/数码网报价单-0825更新/手机相关/酷派.jpg,1,0.985,visual_0825_source_crosschecked
20260825-45e40975fc65578101c0-01,2026-08-25,手机,device,酷派,,M812,,,开机屏好,20.0,元/台,,image_first_visual_crosscheck_0825,酷派.jpg,/mnt/data/decoded2/需要获取数据与不需要获数据原文件/需要获取的图片正文数据/数码网报价单-0825更新/手机相关/酷派.jpg,1,0.985,visual_0825_source_crosschecked
20260825-3c47c48a7eb42012d210-01,2026-08-25,手机,device,酷派,,M812,,,开机屏坏,20.0,元/台,,image_first_visual_crosscheck_0825,酷派.jpg,/mnt/data/decoded2/需要获取数据与不需要获数据原文件/需要获取的图片正文数据/数码网报价单-0825更新/手机相关/酷派.jpg,1,0.985,visual_0825_source_crosschecked
20260825-674787b7594a3c156601-01,2026-08-25,手机,device,酷派,,M812,,,不开机,20.0,元/台,,image_first_visual_crosscheck_0825,酷派.jpg,/mnt/data/decoded2/需要获取数据与不需要获数据原文件/需要获取的图片正文数据/数码网报价单-0825更新/手机相关/酷派.jpg,1,0.985,visual_0825_source_crosschecked
20260825-00a8d406d424a7feb4e6-01,2026-08-25,手机,device,酷派,,M812,,,废板-整机,20.0,元/台,,image_first_visual_crosscheck_0825,酷派.jpg,/mnt/data/decoded2/需要获取数据与不需要获数据原文件/需要获取的图片正文数据/数码网报价单-0825更新/手机相关/酷派.jpg,1,0.985,visual_0825_source_crosschecked
20260825-b26e3014a08133b8161a-01,2026-08-25,手机,device,酷派,,M654,,,开机屏好,10.0,元/台,,image_first_visual_crosscheck_0825,酷派.jpg,/mnt/data/decoded2/需要获取数据与不需要获数据原文件/需要获取的图片正文数据/数码网报价单-0825更新/手机相关/酷派.jpg,1,0.985,visual_0825_source_crosschecked
20260825-8a8bc24a8969b0a65af4-01,2026-08-25,手机,device,酷派,,M654,,,开机屏坏,10.0,元/台,,image_first_visual_crosscheck_0825,酷派.jpg,/mnt/data/decoded2/需要获取数据与不需要获数据原文件/需要获取的图片正文数据/数码网报价单-0825更新/手机相关/酷派.jpg,1,0.985,visual_0825_source_crosschecked
20260825-48c53a36639c764462ab-01,2026-08-25,手机,device,酷派,,M654,,,不开机,10.0,元/台,,image_first_visual_crosscheck_0825,酷派.jpg,/mnt/data/decoded2/需要获取数据与不需要获数据原文件/需要获取的图片正文数据/数码网报价单-0825更新/手机相关/酷派.jpg,1,0.985,visual_0825_source_crosschecked
20260825-7a4009217d1233da7fc3-01,2026-08-25,手机,device,酷派,,M654,,,废板-整机,10.0,元/台,,image_first_visual_crosscheck_0825,酷派.jpg,/mnt/data/decoded2/需要获取数据与不需要获数据原文件/需要获取的图片正文数据/数码网报价单-0825更新/手机相关/酷派.jpg,1,0.985,visual_0825_source_crosschecked
20260825-92a0eeb5f92c714de465-01,2026-08-25,手机,device,酷派,,M652,,,开机屏好,10.0,元/台,,image_first_visual_crosscheck_0825,酷派.jpg,/mnt/data/decoded2/需要获取数据与不需要获数据原文件/需要获取的图片正文数据/数码网报价单-0825更新/手机相关/酷派.jpg,1,0.985,visual_0825_source_crosschecked
20260825-e612549ade33c0fb3300-01,2026-08-25,手机,device,酷派,,M652,,,开机屏坏,10.0,元/台,,image_first_visual_crosscheck_0825,酷派.jpg,/mnt/data/decoded2/需要获取数据与不需要获数据原文件/需要获取的图片正文数据/数码网报价单-0825更新/手机相关/酷派.jpg,1,0.985,visual_0825_source_crosschecked
20260825-3355a97e733d80468f2b-01,2026-08-25,手机,device,酷派,,M652,,,不开机,10.0,元/台,,image_first_visual_crosscheck_0825,酷派.jpg,/mnt/data/decoded2/需要获取数据与不需要获数据原文件/需要获取的图片正文数据/数码网报价单-0825更新/手机相关/酷派.jpg,1,0.985,visual_0825_source_crosschecked
20260825-e959da71d710604cd439-01,2026-08-25,手机,device,酷派,,M652,,,废板-整机,10.0,元/台,,image_first_visual_crosscheck_0825,酷派.jpg,/mnt/data/decoded2/需要获取数据与不需要获数据原文件/需要获取的图片正文数据/数码网报价单-0825更新/手机相关/酷派.jpg,1,0.985,visual_0825_source_crosschecked
20260825-6436a0a8c78b101c357d-01,2026-08-25,手机,device,酷派,,M651,,,开机屏好,10.0,元/台,,image_first_visual_crosscheck_0825,酷派.jpg,/mnt/data/decoded2/需要获取数据与不需要获数据原文件/需要获取的图片正文数据/数码网报价单-0825更新/手机相关/酷派.jpg,1,0.985,visual_0825_source_crosschecked
20260825-2ca1e37f2d62eb81de4a-01,2026-08-25,手机,device,酷派,,M651,,,开机屏坏,10.0,元/台,,image_first_visual_crosscheck_0825,酷派.jpg,/mnt/data/decoded2/需要获取数据与不需要获数据原文件/需要获取的图片正文数据/数码网报价单-0825更新/手机相关/酷派.jpg,1,0.985,visual_0825_source_crosschecked
20260825-b9bdd7ac924484884eb0-01,2026-08-25,手机,device,酷派,,M651,,,不开机,10.0,元/台,,image_first_visual_crosscheck_0825,酷派.jpg,/mnt/data/decoded2/需要获取数据与不需要获数据原文件/需要获取的图片正文数据/数码网报价单-0825更新/手机相关/酷派.jpg,1,0.985,visual_0825_source_crosschecked
20260825-ce2f91a77ef56a5297a4-01,2026-08-25,手机,device,酷派,,M651,,,废板-整机,10.0,元/台,,image_first_visual_crosscheck_0825,酷派.jpg,/mnt/data/decoded2/需要获取数据与不需要获数据原文件/需要获取的图片正文数据/数码网报价单-0825更新/手机相关/酷派.jpg,1,0.985,visual_0825_source_crosschecked
20260825-0e4ea4412ba014cb1582-01,2026-08-25,手机,component,通用/电池,废旧电池（正常通货）,软电池（斤）,,软电池（斤）,buy_price,38.0,CNY/kg,原装货没泡水不带充电宝电池（参考示例图1）,image_first_visual_crosscheck_0825,电池.jpg,/mnt/data/decoded2/需要获取数据与不需要获数据原文件/需要获取的图片正文数据/数码网报价单-0825更新/手机相关/电池.jpg,1,0.985,visual_0825_source_crosschecked
20260825-42c4b16ad62de7a6e61b-01,2026-08-25,手机,component,通用/电池,废旧电池（正常通货）,品牌电池（斤）,,品牌电池（斤）,buy_price,28.0,CNY/kg,OV/小米/华为/三星/苹果/金立/联想/诺基亚等,image_first_visual_crosscheck_0825,电池.jpg,/mnt/data/decoded2/需要获取数据与不需要获数据原文件/需要获取的图片正文数据/数码网报价单-0825更新/手机相关/电池.jpg,1,0.985,visual_0825_source_crosschecked
20260825-d5f395c296bd4ad87057-01,2026-08-25,手机,component,通用/电池,废旧电池（正常通货）,杂牌电池（斤）,,杂牌电池（斤）,buy_price,14.0,CNY/kg,包含杂牌4G，杂牌老年机（参考示例图3）,image_first_visual_crosscheck_0825,电池.jpg,/mnt/data/decoded2/需要获取数据与不需要获数据原文件/需要获取的图片正文数据/数码网报价单-0825更新/手机相关/电池.jpg,1,0.985,visual_0825_source_crosschecked
20260825-e4f6a17a75375e40bfc5-01,2026-08-25,手机,component,通用/电池,软电池【挑货】,双电芯（斤）,,双电芯（斤）,buy_price,45.0,CNY/kg,,image_first_visual_crosscheck_0825,电池.jpg,/mnt/data/decoded2/需要获取数据与不需要获数据原文件/需要获取的图片正文数据/数码网报价单-0825更新/手机相关/电池.jpg,1,0.985,visual_0825_source_crosschecked
20260825-ccd7bfafcb8bc3f08a44-01,2026-08-25,手机,component,通用/电池,品牌电池【挑货】,Y31电池（个）,,Y31电池（个）,buy_price,8.0,CNY/个,,image_first_visual_crosscheck_0825,电池.jpg,/mnt/data/decoded2/需要获取数据与不需要获数据原文件/需要获取的图片正文数据/数码网报价单-0825更新/手机相关/电池.jpg,1,0.985,visual_0825_source_crosschecked
20260825-756fb23e422993bd4b61-01,2026-08-25,手机,component,通用/电池,杂牌电池【挑货】,杂牌薄片（斤）,,杂牌薄片（斤）,buy_price,20.0,CNY/kg,,image_first_visual_crosscheck_0825,电池.jpg,/mnt/data/decoded2/需要获取数据与不需要获数据原文件/需要获取的图片正文数据/数码网报价单-0825更新/手机相关/电池.jpg,1,0.985,visual_0825_source_crosschecked
20260825-f15cde4a052b706920be-01,2026-08-25,手机,component,通用/电池,杂牌电池【挑货】,杂牌黄皮（斤）,,杂牌黄皮（斤）,buy_price,9.0,CNY/kg,,image_first_visual_crosscheck_0825,电池.jpg,/mnt/data/decoded2/需要获取数据与不需要获数据原文件/需要获取的图片正文数据/数码网报价单-0825更新/手机相关/电池.jpg,1,0.985,visual_0825_source_crosschecked
20260825-32cc7e6a8899da8244b1-01,2026-08-25,手机,component,通用/电池,苹果电池,14系列,,14系列,buy_price,6.0,CNY/个,,image_first_visual_crosscheck_0825,电池.jpg,/mnt/data/decoded2/需要获取数据与不需要获数据原文件/需要获取的图片正文数据/数码网报价单-0825更新/手机相关/电池.jpg,1,0.985,visual_0825_source_crosschecked
20260825-e8a1bc213e54610de1ee-01,2026-08-25,手机,component,通用/电池,苹果电池,13系列,,13系列,buy_price,4.0,CNY/个,,image_first_visual_crosscheck_0825,电池.jpg,/mnt/data/decoded2/需要获取数据与不需要获数据原文件/需要获取的图片正文数据/数码网报价单-0825更新/手机相关/电池.jpg,1,0.985,visual_0825_source_crosschecked
20260825-dbad5b429dc5a564c2d9-01,2026-08-25,手机,component,通用/电池,苹果电池,11/12系列,,11/12系列,buy_price,2.8,CNY/个,,image_first_visual_crosscheck_0825,电池.jpg,/mnt/data/decoded2/需要获取数据与不需要获数据原文件/需要获取的图片正文数据/数码网报价单-0825更新/手机相关/电池.jpg,1,0.985,visual_0825_source_crosschecked
20260825-8da90417083111a4eba3-01,2026-08-25,手机,component,通用/电池,苹果电池,X系列（x/xs/xsmax）,,X系列（x/xs/xsmax）,buy_price,2.8,CNY/个,,image_first_visual_crosscheck_0825,电池.jpg,/mnt/data/decoded2/需要获取数据与不需要获数据原文件/需要获取的图片正文数据/数码网报价单-0825更新/手机相关/电池.jpg,1,0.985,visual_0825_source_crosschecked
20260825-4eb3775e848c06d8d1f6-01,2026-08-25,手机,component,通用/电池,苹果电池,8/8p系列,,8/8p系列,buy_price,2.1,CNY/个,,image_first_visual_crosscheck_0825,电池.jpg,/mnt/data/decoded2/需要获取数据与不需要获数据原文件/需要获取的图片正文数据/数码网报价单-0825更新/手机相关/电池.jpg,1,0.985,visual_0825_source_crosschecked
20260825-3bd83d5aa7cf6c3dca01-01,2026-08-25,手机,component,通用/电池,苹果电池,7系列,,7系列,buy_price,1.8,CNY/个,,image_first_visual_crosscheck_0825,电池.jpg,/mnt/data/decoded2/需要获取数据与不需要获数据原文件/需要获取的图片正文数据/数码网报价单-0825更新/手机相关/电池.jpg,1,0.985,visual_0825_source_crosschecked
20260825-604401dbd80011d4aa03-01,2026-08-25,手机,component,通用/电池,苹果电池,6系列,,6系列,buy_price,1.8,CNY/个,,image_first_visual_crosscheck_0825,电池.jpg,/mnt/data/decoded2/需要获取数据与不需要获数据原文件/需要获取的图片正文数据/数码网报价单-0825更新/手机相关/电池.jpg,1,0.985,visual_0825_source_crosschecked
20260825-82cc50d23ec0f4cd0459-01,2026-08-25,手机,component,通用/电池,苹果电池,6以上的苹果统货（斤）,,6以上的苹果统货（斤）,buy_price,42.0,CNY/kg,,image_first_visual_crosscheck_0825,电池.jpg,/mnt/data/decoded2/需要获取数据与不需要获数据原文件/需要获取的图片正文数据/数码网报价单-0825更新/手机相关/电池.jpg,1,0.985,visual_0825_source_crosschecked
20260825-8d5c6715f9e773b9f860-01,2026-08-25,手机,component,通用/电池,苹果电池,废苹果电池（斤）,,废苹果电池（斤）,buy_price,40.0,CNY/kg,,image_first_visual_crosscheck_0825,电池.jpg,/mnt/data/decoded2/需要获取数据与不需要获数据原文件/需要获取的图片正文数据/数码网报价单-0825更新/手机相关/电池.jpg,1,0.985,visual_0825_source_crosschecked
20260825-bd22d93f6df6d8d219aa-01,2026-08-25,手机,component,通用/电池,苹果电池,ipad电池（斤）,,ipad电池（斤）,buy_price,13.0,CNY/kg,,image_first_visual_crosscheck_0825,电池.jpg,/mnt/data/decoded2/需要获取数据与不需要获数据原文件/需要获取的图片正文数据/数码网报价单-0825更新/手机相关/电池.jpg,1,0.985,visual_0825_source_crosschecked
20260825-6a48e0e3f691cca7bfe3-01,2026-08-25,手机,component,通用/电池,汽车动力电池,汽车动力电池18650（个）,,汽车动力电池18650（个）,buy_price,1.5,CNY/个,,image_first_visual_crosscheck_0825,电池.jpg,/mnt/data/decoded2/需要获取数据与不需要获数据原文件/需要获取的图片正文数据/数码网报价单-0825更新/手机相关/电池.jpg,1,0.985,visual_0825_source_crosschecked
20260825-8e656b5d242da2836542-01,2026-08-25,手机,component,通用/电池,汽车动力电池,汽车动力电池18650废电池（斤）,,汽车动力电池18650废电池（斤）,buy_price,3.0,CNY/kg,,image_first_visual_crosscheck_0825,电池.jpg,/mnt/data/decoded2/需要获取数据与不需要获数据原文件/需要获取的图片正文数据/数码网报价单-0825更新/手机相关/电池.jpg,1,0.985,visual_0825_source_crosschecked
20260825-ae77f17e973815d605dc-01,2026-08-25,手机,component,通用/电池,锂电池系列,铁锂电池（斤）,,铁锂电池（斤）,buy_price,3.0,CNY/kg,,image_first_visual_crosscheck_0825,电池.jpg,/mnt/data/decoded2/需要获取数据与不需要获数据原文件/需要获取的图片正文数据/数码网报价单-0825更新/手机相关/电池.jpg,1,0.985,visual_0825_source_crosschecked
20260825-ffa6ad644cf715fa2b81-01,2026-08-25,手机,component,通用/电池,锂电池系列,镍氢电池（斤）,,镍氢电池（斤）,buy_price,5.0,CNY/kg,,image_first_visual_crosscheck_0825,电池.jpg,/mnt/data/decoded2/需要获取数据与不需要获数据原文件/需要获取的图片正文数据/数码网报价单-0825更新/手机相关/电池.jpg,1,0.985,visual_0825_source_crosschecked
20260825-587acce33dc215002a29-01,2026-08-25,手机,component,通用/电池,锂电池系列,镍铬电池（斤）,,镍铬电池（斤）,buy_price,2.0,CNY/kg,,image_first_visual_crosscheck_0825,电池.jpg,/mnt/data/decoded2/需要获取数据与不需要获数据原文件/需要获取的图片正文数据/数码网报价单-0825更新/手机相关/电池.jpg,1,0.985,visual_0825_source_crosschecked
20260825-85ae61a7b3f67cf74414-01,2026-08-25,手机,component,通用/电池,,充电宝（斤）,,充电宝（斤）,buy_price,5.0,CNY/kg,,image_first_visual_crosscheck_0825,电池.jpg,/mnt/data/decoded2/需要获取数据与不需要获数据原文件/需要获取的图片正文数据/数码网报价单-0825更新/手机相关/电池.jpg,1,0.985,visual_0825_source_crosschecked
20260825-836272f30dfb8368fb87-01,2026-08-25,手机,component,智能机/电容屏,,杂牌一体机（三个像头）,,杂牌一体机（三个像头）,price,105.0,CNY,白屏不足,image_first_visual_crosscheck_0825,电容屏.jpg,/mnt/data/decoded2/需要获取数据与不需要获数据原文件/需要获取的图片正文数据/数码网报价单-0825更新/手机相关/电容屏.jpg,1,0.985,visual_0825_source_crosschecked
20260825-8c9c7256e591d5fbe9f6-01,2026-08-25,手机,component,智能机/电容屏,,杂牌一体机,,杂牌一体机,price,20.0,CNY,生产日期在2015年以后的智能手机内置电池一体机（电池不可拆卸）,image_first_visual_crosscheck_0825,电容屏.jpg,/mnt/data/decoded2/需要获取数据与不需要获数据原文件/需要获取的图片正文数据/数码网报价单-0825更新/手机相关/电容屏.jpg,1,0.985,visual_0825_source_crosschecked
20260825-e83ae9838c7ef8e06168-01,2026-08-25,手机,component,智能机/电容屏,,电容屏智能机系列（含15年以上、原装货）,,电容屏智能机系列（含15年以上、原装货）,price,15.0,CNY,生产日期在2015年或者2015年以上智能机 非一体机（可拆卸电池）,image_first_visual_crosscheck_0825,电容屏.jpg,/mnt/data/decoded2/需要获取数据与不需要获数据原文件/需要获取的图片正文数据/数码网报价单-0825更新/手机相关/电容屏.jpg,1,0.985,visual_0825_source_crosschecked
20260825-52458a4f116153ac6e04-01,2026-08-25,手机,component,智能机/电容屏,,电容屏智能机系列（14年、原装货）,,电容屏智能机系列（14年、原装货）,price,10.0,CNY,生产日期在2014年智能手机非一体机（可拆卸电池）,image_first_visual_crosscheck_0825,电容屏.jpg,/mnt/data/decoded2/需要获取数据与不需要获数据原文件/需要获取的图片正文数据/数码网报价单-0825更新/手机相关/电容屏.jpg,1,0.985,visual_0825_source_crosschecked
20260825-5d7ae851adf9d7820c03-01,2026-08-25,手机,device,三星,W系列,w25,,w25,开机屏好,4500,CNY/台,,image,三星.jpg,数码网报价单-0825更新/手机相关/三星.jpg,1,1.0,visual_0825_source_crosschecked
20260825-e71ca8149384df8d5030-01,2026-08-25,手机,device,三星,W系列,w25,,w25,开机屏好小老化,2200,CNY/台,,image,三星.jpg,数码网报价单-0825更新/手机相关/三星.jpg,1,1.0,visual_0825_source_crosschecked
20260825-42e780e811566ff1ba8c-01,2026-08-25,手机,device,三星,W系列,w25,,w25,开机屏坏,1800,CNY/台,,image,三星.jpg,数码网报价单-0825更新/手机相关/三星.jpg,1,1.0,visual_0825_source_crosschecked
20260825-fd13de9010132c3c682d-01,2026-08-25,手机,device,三星,W系列,w25,,w25,不开机屏好,1350,CNY/台,,image,三星.jpg,数码网报价单-0825更新/手机相关/三星.jpg,1,1.0,visual_0825_source_crosschecked
20260825-6bff3e023b093aca1600-01,2026-08-25,手机,device,三星,W系列,w25,,w25,不开机,220,CNY/台,,image,三星.jpg,数码网报价单-0825更新/手机相关/三星.jpg,1,1.0,visual_0825_source_crosschecked
20260825-bc6f0fb2d755a30f4aa8-01,2026-08-25,手机,device,三星,W系列,w25,,w25,废板-整机,220,CNY/台,,image,三星.jpg,数码网报价单-0825更新/手机相关/三星.jpg,1,1.0,visual_0825_source_crosschecked
20260825-da2112818bfb81ac95dd-01,2026-08-25,手机,device,三星,W系列,w24,,w24,开机屏好,3200,CNY/台,,image,三星.jpg,数码网报价单-0825更新/手机相关/三星.jpg,1,1.0,visual_0825_source_crosschecked
20260825-78897c22e75da457f59f-01,2026-08-25,手机,device,三星,W系列,w24,,w24,开机屏好小老化,2000,CNY/台,,image,三星.jpg,数码网报价单-0825更新/手机相关/三星.jpg,1,1.0,visual_0825_source_crosschecked
20260825-4e0455ce286b745d5c4f-01,2026-08-25,手机,device,三星,W系列,w24,,w24,开机屏坏,1300,CNY/台,,image,三星.jpg,数码网报价单-0825更新/手机相关/三星.jpg,1,1.0,visual_0825_source_crosschecked
20260825-9d0ebf6cb185c3a52218-01,2026-08-25,手机,device,三星,W系列,w24,,w24,不开机屏好,800,CNY/台,,image,三星.jpg,数码网报价单-0825更新/手机相关/三星.jpg,1,1.0,visual_0825_source_crosschecked
20260825-b325dbbd676299e7e5ce-01,2026-08-25,手机,device,三星,W系列,w24,,w24,不开机,220,CNY/台,,image,三星.jpg,数码网报价单-0825更新/手机相关/三星.jpg,1,1.0,visual_0825_source_crosschecked
20260825-7cb078a721103a297b5c-01,2026-08-25,手机,device,三星,W系列,w24,,w24,废板-整机,220,CNY/台,,image,三星.jpg,数码网报价单-0825更新/手机相关/三星.jpg,1,1.0,visual_0825_source_crosschecked
20260825-9674d226d0482d699b22-01,2026-08-25,手机,device,三星,W系列,W24flip,,W24flip,开机屏好,1300,CNY/台,,image,三星.jpg,数码网报价单-0825更新/手机相关/三星.jpg,1,1.0,visual_0825_source_crosschecked
20260825-e106d8904064c2af28e4-01,2026-08-25,手机,device,三星,W系列,W24flip,,W24flip,开机屏好小老化,1200,CNY/台,,image,三星.jpg,数码网报价单-0825更新/手机相关/三星.jpg,1,1.0,visual_0825_source_crosschecked
20260825-8a39005e9cdbdac41ac0-01,2026-08-25,手机,device,三星,W系列,W24flip,,W24flip,开机屏坏,400,CNY/台,,image,三星.jpg,数码网报价单-0825更新/手机相关/三星.jpg,1,1.0,visual_0825_source_crosschecked
20260825-7498781ad49b8dcaa3aa-01,2026-08-25,手机,device,三星,W系列,W24flip,,W24flip,不开机屏好,300,CNY/台,,image,三星.jpg,数码网报价单-0825更新/手机相关/三星.jpg,1,1.0,visual_0825_source_crosschecked
20260825-4a36f289df03eafad741-01,2026-08-25,手机,device,三星,W系列,W24flip,,W24flip,不开机,180,CNY/台,,image,三星.jpg,数码网报价单-0825更新/手机相关/三星.jpg,1,1.0,visual_0825_source_crosschecked
20260825-445b2468c8ff9a24d199-01,2026-08-25,手机,device,三星,W系列,W24flip,,W24flip,废板-整机,90,CNY/台,,image,三星.jpg,数码网报价单-0825更新/手机相关/三星.jpg,1,1.0,visual_0825_source_crosschecked
20260825-4306fce4eae48c7936c3-01,2026-08-25,手机,device,三星,W系列,W23,,W23,开机屏好,1200,CNY/台,,image,三星.jpg,数码网报价单-0825更新/手机相关/三星.jpg,1,1.0,visual_0825_source_crosschecked
20260825-e18d308975e91bb9316d-01,2026-08-25,手机,device,三星,W系列,W23,,W23,开机屏好小老化,1000,CNY/台,,image,三星.jpg,数码网报价单-0825更新/手机相关/三星.jpg,1,1.0,visual_0825_source_crosschecked
20260825-22a28fa6cabe165792cd-01,2026-08-25,手机,device,三星,W系列,W23,,W23,开机屏坏,300,CNY/台,,image,三星.jpg,数码网报价单-0825更新/手机相关/三星.jpg,1,1.0,visual_0825_source_crosschecked
20260825-01d840e9443b1c2b1e44-01,2026-08-25,手机,device,三星,W系列,W23,,W23,不开机屏好,280,CNY/台,,image,三星.jpg,数码网报价单-0825更新/手机相关/三星.jpg,1,1.0,visual_0825_source_crosschecked
20260825-052ed612a47b8eb0f17f-01,2026-08-25,手机,device,三星,W系列,W23,,W23,不开机,220,CNY/台,,image,三星.jpg,数码网报价单-0825更新/手机相关/三星.jpg,1,1.0,visual_0825_source_crosschecked
20260825-ac7e97489c483011c457-01,2026-08-25,手机,device,三星,W系列,W23,,W23,废板-整机,220,CNY/台,,image,三星.jpg,数码网报价单-0825更新/手机相关/三星.jpg,1,1.0,visual_0825_source_crosschecked
20260825-8f707418dcf31b81f2f8-01,2026-08-25,手机,device,三星,W系列,w23flip,,w23flip,开机屏好,950,CNY/台,,image,三星.jpg,数码网报价单-0825更新/手机相关/三星.jpg,1,1.0,visual_0825_source_crosschecked
20260825-1083265ee607cbb4c00f-01,2026-08-25,手机,device,三星,W系列,w23flip,,w23flip,开机屏好小老化,900,CNY/台,,image,三星.jpg,数码网报价单-0825更新/手机相关/三星.jpg,1,1.0,visual_0825_source_crosschecked
20260825-3a78d7bd0ee92d4c41c4-01,2026-08-25,手机,device,三星,W系列,w23flip,,w23flip,开机屏坏,250,CNY/台,,image,三星.jpg,数码网报价单-0825更新/手机相关/三星.jpg,1,1.0,visual_0825_source_crosschecked
20260825-62fd3ac53b69ed1d1717-01,2026-08-25,手机,device,三星,W系列,w23flip,,w23flip,不开机屏好,220,CNY/台,,image,三星.jpg,数码网报价单-0825更新/手机相关/三星.jpg,1,1.0,visual_0825_source_crosschecked
20260825-6ddda40be09b83353c1d-01,2026-08-25,手机,device,三星,W系列,w23flip,,w23flip,不开机,90,CNY/台,,image,三星.jpg,数码网报价单-0825更新/手机相关/三星.jpg,1,1.0,visual_0825_source_crosschecked
20260825-784fcde2b1b484ec2243-01,2026-08-25,手机,device,三星,W系列,w23flip,,w23flip,废板-整机,90,CNY/台,,image,三星.jpg,数码网报价单-0825更新/手机相关/三星.jpg,1,1.0,visual_0825_source_crosschecked
20260825-9b754b6d5175a5ce03be-01,2026-08-25,手机,device,三星,W系列,W22,,W22,开机屏好,1000,CNY/台,,image,三星.jpg,数码网报价单-0825更新/手机相关/三星.jpg,1,1.0,visual_0825_source_crosschecked
20260825-b07eb95dee0412d41a9a-01,2026-08-25,手机,device,三星,W系列,W22,,W22,开机屏好小老化,800,CNY/台,,image,三星.jpg,数码网报价单-0825更新/手机相关/三星.jpg,1,1.0,visual_0825_source_crosschecked
20260825-bad24637a242b5e9b9d4-01,2026-08-25,手机,device,三星,W系列,W22,,W22,开机屏坏,600,CNY/台,,image,三星.jpg,数码网报价单-0825更新/手机相关/三星.jpg,1,1.0,visual_0825_source_crosschecked
20260825-ecf62e516b5a47fa6a28-01,2026-08-25,手机,device,三星,W系列,W22,,W22,不开机屏好,220,CNY/台,,image,三星.jpg,数码网报价单-0825更新/手机相关/三星.jpg,1,1.0,visual_0825_source_crosschecked
20260825-5d6c92dcb25736e25104-01,2026-08-25,手机,device,三星,W系列,W22,,W22,不开机,220,CNY/台,,image,三星.jpg,数码网报价单-0825更新/手机相关/三星.jpg,1,1.0,visual_0825_source_crosschecked
20260825-ba5afeb5ca81bacd4fb4-01,2026-08-25,手机,device,三星,W系列,W22,,W22,废板-整机,220,CNY/台,,image,三星.jpg,数码网报价单-0825更新/手机相关/三星.jpg,1,1.0,visual_0825_source_crosschecked
20260825-4a6d066a61ae55961c9e-01,2026-08-25,手机,device,三星,W系列,W2021,,W2021,开机屏好,1400,CNY/台,,image,三星.jpg,数码网报价单-0825更新/手机相关/三星.jpg,1,1.0,visual_0825_source_crosschecked
20260825-097c3a96139a3812151f-01,2026-08-25,手机,device,三星,W系列,W2021,,W2021,开机屏好小老化,280,CNY/台,,image,三星.jpg,数码网报价单-0825更新/手机相关/三星.jpg,1,1.0,visual_0825_source_crosschecked
20260825-4a712d3b2675f2b7bdbe-01,2026-08-25,手机,device,三星,W系列,W2021,,W2021,开机屏好大老化,1200,CNY/台,,image,三星.jpg,数码网报价单-0825更新/手机相关/三星.jpg,1,1.0,visual_0825_source_crosschecked
20260825-c10dac6cd49242f81bb7-01,2026-08-25,手机,device,三星,W系列,W2021,,W2021,开机屏坏,200,CNY/台,,image,三星.jpg,数码网报价单-0825更新/手机相关/三星.jpg,1,1.0,visual_0825_source_crosschecked
20260825-4dd7545b7366fbdf5a5d-01,2026-08-25,手机,device,三星,W系列,W2021,,W2021,不开机屏好,200,CNY/台,,image,三星.jpg,数码网报价单-0825更新/手机相关/三星.jpg,1,1.0,visual_0825_source_crosschecked
20260825-1708447588107c253870-01,2026-08-25,手机,device,三星,W系列,W2021,,W2021,不开机,200,CNY/台,,image,三星.jpg,数码网报价单-0825更新/手机相关/三星.jpg,1,1.0,visual_0825_source_crosschecked
20260825-42f691f5f41bdce064bf-01,2026-08-25,手机,device,三星,W系列,W2021,,W2021,废板-整机,200,CNY/台,,image,三星.jpg,数码网报价单-0825更新/手机相关/三星.jpg,1,1.0,visual_0825_source_crosschecked
20260825-2337d2cc7e1162dc3e29-01,2026-08-25,手机,device,三星,W系列,W2020,,W2020,开机屏好,600,CNY/台,,image,三星.jpg,数码网报价单-0825更新/手机相关/三星.jpg,1,1.0,visual_0825_source_crosschecked
20260825-d296f9b789c1d231ee96-01,2026-08-25,手机,device,三星,W系列,W2020,,W2020,开机屏好小老化,150,CNY/台,,image,三星.jpg,数码网报价单-0825更新/手机相关/三星.jpg,1,1.0,visual_0825_source_crosschecked
