record_id,data_date,category,subtype,brand,series,model,model_code,alias,condition,price,unit,note,origin,source_image,source_path,verified,confidence,verification
20260825-2f98e93529bf3ee51c1f-01,2026-08-25,手机,device,OPPO,Reno,Reno7 (8+128),,Reno7 (8+128),不开机,175.0,元/台,,image,oppo.jpg,数码网报价单-0825更新/手机相关/oppo.jpg,1,0.99,visual_verified_against_0825_source
20260825-e3b8ec5f7f9557057c25-01,2026-08-25,手机,device,OPPO,Reno,Reno7 (8+128),,Reno7 (8+128),废板-整机,175.0,元/台,,image,oppo.jpg,数码网报价单-0825更新/手机相关/oppo.jpg,1,0.99,visual_verified_against_0825_source
20260825-4ef379bd2bf4c0e791e8-01,2026-08-25,手机,device,OPPO,Reno,Reno7 (8+256),,Reno7 (8+256),开机屏好,230.0,元/台,,image,oppo.jpg,数码网报价单-0825更新/手机相关/oppo.jpg,1,0.99,visual_verified_against_0825_source
20260825-8ab23b03aefc586ec012-01,2026-08-25,手机,device,OPPO,Reno,Reno7 (8+256),,Reno7 (8+256),开机屏好外屏碎,230.0,元/台,,image,oppo.jpg,数码网报价单-0825更新/手机相关/oppo.jpg,1,0.99,visual_verified_against_0825_source
20260825-88d046cf9426f0aff99c-01,2026-08-25,手机,device,OPPO,Reno,Reno7 (8+256),,Reno7 (8+256),开机屏坏未拆,230.0,元/台,,image,oppo.jpg,数码网报价单-0825更新/手机相关/oppo.jpg,1,0.99,visual_verified_against_0825_source
20260825-8f5805646597f53651a2-01,2026-08-25,手机,device,OPPO,Reno,Reno7 (8+256),,Reno7 (8+256),开机屏坏,230.0,元/台,,image,oppo.jpg,数码网报价单-0825更新/手机相关/oppo.jpg,1,0.99,visual_verified_against_0825_source
20260825-ef03f47756e83b42b86d-01,2026-08-25,手机,device,OPPO,Reno,Reno7 (8+256),,Reno7 (8+256),不开机,230.0,元/台,,image,oppo.jpg,数码网报价单-0825更新/手机相关/oppo.jpg,1,0.99,visual_verified_against_0825_source
20260825-b9923e6bb986b67a929c-01,2026-08-25,手机,device,OPPO,Reno,Reno7 (8+256),,Reno7 (8+256),废板-整机,230.0,元/台,,image,oppo.jpg,数码网报价单-0825更新/手机相关/oppo.jpg,1,0.99,visual_verified_against_0825_source
20260825-d72a516c68673727e9af-01,2026-08-25,手机,device,OPPO,Reno,Reno6 Pro+,,Reno6 Pro+,开机屏好,160.0,元/台,,image,oppo.jpg,数码网报价单-0825更新/手机相关/oppo.jpg,1,0.99,visual_verified_against_0825_source
20260825-c3dbf57a735ca7d6954b-01,2026-08-25,手机,device,OPPO,Reno,Reno6 Pro+,,Reno6 Pro+,开机屏好外屏碎,160.0,元/台,,image,oppo.jpg,数码网报价单-0825更新/手机相关/oppo.jpg,1,0.99,visual_verified_against_0825_source
20260825-fdb8d6c99fe725d89e40-01,2026-08-25,手机,device,OPPO,Reno,Reno6 Pro+,,Reno6 Pro+,开机屏坏未拆,160.0,元/台,,image,oppo.jpg,数码网报价单-0825更新/手机相关/oppo.jpg,1,0.99,visual_verified_against_0825_source
20260825-b58487d436c2e55bf5ae-01,2026-08-25,手机,device,OPPO,Reno,Reno6 Pro+,,Reno6 Pro+,开机屏坏,160.0,元/台,,image,oppo.jpg,数码网报价单-0825更新/手机相关/oppo.jpg,1,0.99,visual_verified_against_0825_source
20260825-f11cc2bff5ac211eaf63-01,2026-08-25,手机,device,OPPO,Reno,Reno6 Pro+,,Reno6 Pro+,不开机,160.0,元/台,,image,oppo.jpg,数码网报价单-0825更新/手机相关/oppo.jpg,1,0.99,visual_verified_against_0825_source
20260825-6e0ffbfcd62711c108c9-01,2026-08-25,手机,device,OPPO,Reno,Reno6 Pro+,,Reno6 Pro+,废板-整机,160.0,元/台,,image,oppo.jpg,数码网报价单-0825更新/手机相关/oppo.jpg,1,0.99,visual_verified_against_0825_source
20260825-9ebc0af631d0578a9793-01,2026-08-25,手机,device,OPPO,Reno,Reno6 Pro,,Reno6 Pro,开机屏好,160.0,元/台,,image,oppo.jpg,数码网报价单-0825更新/手机相关/oppo.jpg,1,0.99,visual_verified_against_0825_source
20260825-648bf14aa7d780d0e530-01,2026-08-25,手机,device,OPPO,Reno,Reno6 Pro,,Reno6 Pro,开机屏好外屏碎,160.0,元/台,,image,oppo.jpg,数码网报价单-0825更新/手机相关/oppo.jpg,1,0.99,visual_verified_against_0825_source
20260825-80d4031034d10be2d535-01,2026-08-25,手机,device,OPPO,Reno,Reno6 Pro,,Reno6 Pro,开机屏坏未拆,160.0,元/台,,image,oppo.jpg,数码网报价单-0825更新/手机相关/oppo.jpg,1,0.99,visual_verified_against_0825_source
20260825-b0fcaaf0525047e02842-01,2026-08-25,手机,device,OPPO,Reno,Reno6 Pro,,Reno6 Pro,开机屏坏,160.0,元/台,,image,oppo.jpg,数码网报价单-0825更新/手机相关/oppo.jpg,1,0.99,visual_verified_against_0825_source
20260825-cc2cc4cbcee3179f20eb-01,2026-08-25,手机,device,OPPO,Reno,Reno6 Pro,,Reno6 Pro,不开机,160.0,元/台,,image,oppo.jpg,数码网报价单-0825更新/手机相关/oppo.jpg,1,0.99,visual_verified_against_0825_source
20260825-d68ce448c8924a7511c3-01,2026-08-25,手机,device,OPPO,Reno,Reno6 Pro,,Reno6 Pro,废板-整机,160.0,元/台,,image,oppo.jpg,数码网报价单-0825更新/手机相关/oppo.jpg,1,0.99,visual_verified_against_0825_source
20260825-4e5d141342c779f27549-01,2026-08-25,手机,device,OPPO,Reno,Reno6 (8+128),,Reno6 (8+128),开机屏好,175.0,元/台,,image,oppo.jpg,数码网报价单-0825更新/手机相关/oppo.jpg,1,0.99,visual_verified_against_0825_source
20260825-505231837f4b0a5fbc28-01,2026-08-25,手机,device,OPPO,Reno,Reno6 (8+128),,Reno6 (8+128),开机屏好外屏碎,175.0,元/台,,image,oppo.jpg,数码网报价单-0825更新/手机相关/oppo.jpg,1,0.99,visual_verified_against_0825_source
20260825-22213de1ae18a5c94163-01,2026-08-25,手机,device,OPPO,Reno,Reno6 (8+128),,Reno6 (8+128),开机屏坏未拆,175.0,元/台,,image,oppo.jpg,数码网报价单-0825更新/手机相关/oppo.jpg,1,0.99,visual_verified_against_0825_source
20260825-443e8349fa973866cc2a-01,2026-08-25,手机,device,OPPO,Reno,Reno6 (8+128),,Reno6 (8+128),开机屏坏,175.0,元/台,,image,oppo.jpg,数码网报价单-0825更新/手机相关/oppo.jpg,1,0.99,visual_verified_against_0825_source
20260825-c126a0876b89b3472583-01,2026-08-25,手机,device,OPPO,Reno,Reno6 (8+128),,Reno6 (8+128),不开机,175.0,元/台,,image,oppo.jpg,数码网报价单-0825更新/手机相关/oppo.jpg,1,0.99,visual_verified_against_0825_source
20260825-b7bc0f49052d37b581af-01,2026-08-25,手机,device,OPPO,Reno,Reno6 (8+128),,Reno6 (8+128),废板-整机,175.0,元/台,,image,oppo.jpg,数码网报价单-0825更新/手机相关/oppo.jpg,1,0.99,visual_verified_against_0825_source
20260825-3c2b898fa2376283fd78-01,2026-08-25,手机,device,OPPO,Reno,Reno5 Pro+,,Reno5 Pro+,开机屏好,140.0,元/台,,image,oppo.jpg,数码网报价单-0825更新/手机相关/oppo.jpg,1,0.99,visual_verified_against_0825_source
20260825-8931b1a96e4815422054-01,2026-08-25,手机,device,OPPO,Reno,Reno5 Pro+,,Reno5 Pro+,开机屏好外屏碎,140.0,元/台,,image,oppo.jpg,数码网报价单-0825更新/手机相关/oppo.jpg,1,0.99,visual_verified_against_0825_source
20260825-a9fed2a3d48bad7a422b-01,2026-08-25,手机,device,OPPO,Reno,Reno5 Pro+,,Reno5 Pro+,开机屏坏未拆,140.0,元/台,,image,oppo.jpg,数码网报价单-0825更新/手机相关/oppo.jpg,1,0.99,visual_verified_against_0825_source
20260825-65be5af78246ef7aa47b-01,2026-08-25,手机,device,OPPO,Reno,Reno5 Pro+,,Reno5 Pro+,开机屏坏,140.0,元/台,,image,oppo.jpg,数码网报价单-0825更新/手机相关/oppo.jpg,1,0.99,visual_verified_against_0825_source
20260825-17c0aa9b4598f875c231-01,2026-08-25,手机,device,OPPO,Reno,Reno5 Pro+,,Reno5 Pro+,不开机,140.0,元/台,,image,oppo.jpg,数码网报价单-0825更新/手机相关/oppo.jpg,1,0.99,visual_verified_against_0825_source
20260825-8f9ca2aa3bb94d2786bf-01,2026-08-25,手机,device,OPPO,Reno,Reno5 Pro+,,Reno5 Pro+,废板-整机,140.0,元/台,,image,oppo.jpg,数码网报价单-0825更新/手机相关/oppo.jpg,1,0.99,visual_verified_against_0825_source
20260825-c8222b17ad8a1e430b91-01,2026-08-25,手机,device,OPPO,Reno,Reno5 Pro,,Reno5 Pro,开机屏好,140.0,元/台,,image,oppo.jpg,数码网报价单-0825更新/手机相关/oppo.jpg,1,0.99,visual_verified_against_0825_source
20260825-e6c3628fcea851718df0-01,2026-08-25,手机,device,OPPO,Reno,Reno5 Pro,,Reno5 Pro,开机屏好外屏碎,140.0,元/台,,image,oppo.jpg,数码网报价单-0825更新/手机相关/oppo.jpg,1,0.99,visual_verified_against_0825_source
20260825-9a48716ed156332ed7b9-01,2026-08-25,手机,device,OPPO,Reno,Reno5 Pro,,Reno5 Pro,开机屏坏未拆,140.0,元/台,,image,oppo.jpg,数码网报价单-0825更新/手机相关/oppo.jpg,1,0.99,visual_verified_against_0825_source
20260825-b055ad68f0b636d7fa59-01,2026-08-25,手机,device,OPPO,Reno,Reno5 Pro,,Reno5 Pro,开机屏坏,140.0,元/台,,image,oppo.jpg,数码网报价单-0825更新/手机相关/oppo.jpg,1,0.99,visual_verified_against_0825_source
20260825-f4bb93f8c57c6298a4cd-01,2026-08-25,手机,device,OPPO,Reno,Reno5 Pro,,Reno5 Pro,不开机,140.0,元/台,,image,oppo.jpg,数码网报价单-0825更新/手机相关/oppo.jpg,1,0.99,visual_verified_against_0825_source
20260825-d3604fc685c02e61a196-01,2026-08-25,手机,device,OPPO,Reno,Reno5 Pro,,Reno5 Pro,废板-整机,140.0,元/台,,image,oppo.jpg,数码网报价单-0825更新/手机相关/oppo.jpg,1,0.99,visual_verified_against_0825_source
20260825-a6be4fc1c72e35104700-01,2026-08-25,手机,device,OPPO,Reno,Reno5k (8+128),,Reno5k (8+128),开机屏好,175.0,元/台,,image,oppo.jpg,数码网报价单-0825更新/手机相关/oppo.jpg,1,0.99,visual_verified_against_0825_source
20260825-ce397e03332a22fe535b-01,2026-08-25,手机,device,OPPO,Reno,Reno5k (8+128),,Reno5k (8+128),开机屏好外屏碎,175.0,元/台,,image,oppo.jpg,数码网报价单-0825更新/手机相关/oppo.jpg,1,0.99,visual_verified_against_0825_source
20260825-9d6ee1ef8081944fe7db-01,2026-08-25,手机,device,OPPO,Reno,Reno5k (8+128),,Reno5k (8+128),开机屏坏未拆,175.0,元/台,,image,oppo.jpg,数码网报价单-0825更新/手机相关/oppo.jpg,1,0.99,visual_verified_against_0825_source
20260825-6dfdf9c0c908425f14fe-01,2026-08-25,手机,device,OPPO,Reno,Reno5k (8+128),,Reno5k (8+128),开机屏坏,175.0,元/台,,image,oppo.jpg,数码网报价单-0825更新/手机相关/oppo.jpg,1,0.99,visual_verified_against_0825_source
20260825-a87759d8bbf91b03e682-01,2026-08-25,手机,device,OPPO,Reno,Reno5k (8+128),,Reno5k (8+128),不开机,175.0,元/台,,image,oppo.jpg,数码网报价单-0825更新/手机相关/oppo.jpg,1,0.99,visual_verified_against_0825_source
20260825-f64001251dd5138f2ac5-01,2026-08-25,手机,device,OPPO,Reno,Reno5k (8+128),,Reno5k (8+128),废板-整机,175.0,元/台,,image,oppo.jpg,数码网报价单-0825更新/手机相关/oppo.jpg,1,0.99,visual_verified_against_0825_source
20260825-048acbef8edfd90b5033-01,2026-08-25,手机,device,OPPO,Reno,Reno5 (12+256),,Reno5 (12+256),开机屏好,230.0,元/台,,image,oppo.jpg,数码网报价单-0825更新/手机相关/oppo.jpg,1,0.99,visual_verified_against_0825_source
20260825-ca91cac6d03b7957357b-01,2026-08-25,手机,device,OPPO,Reno,Reno5 (12+256),,Reno5 (12+256),开机屏好外屏碎,230.0,元/台,,image,oppo.jpg,数码网报价单-0825更新/手机相关/oppo.jpg,1,0.99,visual_verified_against_0825_source
20260825-ed34c228dcd1edbbdec4-01,2026-08-25,手机,device,OPPO,Reno,Reno5 (12+256),,Reno5 (12+256),开机屏坏未拆,230.0,元/台,,image,oppo.jpg,数码网报价单-0825更新/手机相关/oppo.jpg,1,0.99,visual_verified_against_0825_source
20260825-fa24af2558f4e905cfdb-01,2026-08-25,手机,device,OPPO,Reno,Reno5 (12+256),,Reno5 (12+256),开机屏坏,230.0,元/台,,image,oppo.jpg,数码网报价单-0825更新/手机相关/oppo.jpg,1,0.99,visual_verified_against_0825_source
20260825-221f2b55e19036946f1b-01,2026-08-25,手机,device,OPPO,Reno,Reno5 (12+256),,Reno5 (12+256),不开机,230.0,元/台,,image,oppo.jpg,数码网报价单-0825更新/手机相关/oppo.jpg,1,0.99,visual_verified_against_0825_source
20260825-0c715025be4f67449d34-01,2026-08-25,手机,device,OPPO,Reno,Reno5 (12+256),,Reno5 (12+256),废板-整机,230.0,元/台,,image,oppo.jpg,数码网报价单-0825更新/手机相关/oppo.jpg,1,0.99,visual_verified_against_0825_source
20260825-56a0135190ba7b4da771-01,2026-08-25,手机,device,OPPO,Reno,Reno4 Pro (8+128),,Reno4 Pro (8+128),开机屏好,175.0,元/台,,image,oppo.jpg,数码网报价单-0825更新/手机相关/oppo.jpg,1,0.99,visual_verified_against_0825_source
20260825-7cf83a78df01e7a1125c-01,2026-08-25,手机,device,OPPO,Reno,Reno4 Pro (8+128),,Reno4 Pro (8+128),开机屏好外屏碎,175.0,元/台,,image,oppo.jpg,数码网报价单-0825更新/手机相关/oppo.jpg,1,0.99,visual_verified_against_0825_source
20260825-3c85d320aa34d01e945b-01,2026-08-25,手机,device,OPPO,Reno,Reno4 Pro (8+128),,Reno4 Pro (8+128),开机屏坏未拆,175.0,元/台,,image,oppo.jpg,数码网报价单-0825更新/手机相关/oppo.jpg,1,0.99,visual_verified_against_0825_source
20260825-93ae6743c8d084399883-01,2026-08-25,手机,device,OPPO,Reno,Reno4 Pro (8+128),,Reno4 Pro (8+128),开机屏坏,175.0,元/台,,image,oppo.jpg,数码网报价单-0825更新/手机相关/oppo.jpg,1,0.99,visual_verified_against_0825_source
20260825-a398aad41395e0507abd-01,2026-08-25,手机,device,OPPO,Reno,Reno4 Pro (8+128),,Reno4 Pro (8+128),不开机,175.0,元/台,,image,oppo.jpg,数码网报价单-0825更新/手机相关/oppo.jpg,1,0.99,visual_verified_against_0825_source
20260825-752efdccb8ace3ed8f6f-01,2026-08-25,手机,device,OPPO,Reno,Reno4 Pro (8+128),,Reno4 Pro (8+128),废板-整机,175.0,元/台,,image,oppo.jpg,数码网报价单-0825更新/手机相关/oppo.jpg,1,0.99,visual_verified_against_0825_source
20260825-b5213fb79323aa78897c-01,2026-08-25,手机,device,OPPO,Reno,Reno4 (8+128),,Reno4 (8+128),开机屏好,175.0,元/台,,image,oppo.jpg,数码网报价单-0825更新/手机相关/oppo.jpg,1,0.99,visual_verified_against_0825_source
20260825-37dd523fe5f38c7b6cf9-01,2026-08-25,手机,device,OPPO,Reno,Reno4 (8+128),,Reno4 (8+128),开机屏好外屏碎,175.0,元/台,,image,oppo.jpg,数码网报价单-0825更新/手机相关/oppo.jpg,1,0.99,visual_verified_against_0825_source
20260825-0be8e5233c92a4d66436-01,2026-08-25,手机,device,OPPO,Reno,Reno4 (8+128),,Reno4 (8+128),开机屏坏未拆,175.0,元/台,,image,oppo.jpg,数码网报价单-0825更新/手机相关/oppo.jpg,1,0.99,visual_verified_against_0825_source
20260825-ffbe7072d1a4f29c7403-01,2026-08-25,手机,device,OPPO,Reno,Reno4 (8+128),,Reno4 (8+128),开机屏坏,175.0,元/台,,image,oppo.jpg,数码网报价单-0825更新/手机相关/oppo.jpg,1,0.99,visual_verified_against_0825_source
20260825-f6cfddebeefcf0829871-01,2026-08-25,手机,device,OPPO,Reno,Reno4 (8+128),,Reno4 (8+128),不开机,175.0,元/台,,image,oppo.jpg,数码网报价单-0825更新/手机相关/oppo.jpg,1,0.99,visual_verified_against_0825_source
20260825-a925c28b5ff97ca91163-01,2026-08-25,手机,device,OPPO,Reno,Reno4 (8+128),,Reno4 (8+128),废板-整机,175.0,元/台,,image,oppo.jpg,数码网报价单-0825更新/手机相关/oppo.jpg,1,0.99,visual_verified_against_0825_source
20260825-1e54303deb1bd334894d-01,2026-08-25,手机,device,OPPO,Reno,Reno4 (8+256),,Reno4 (8+256),开机屏好,230.0,元/台,,image,oppo.jpg,数码网报价单-0825更新/手机相关/oppo.jpg,1,0.99,visual_verified_against_0825_source
20260825-6d1ba12dc0ae69891fe2-01,2026-08-25,手机,device,OPPO,Reno,Reno4 (8+256),,Reno4 (8+256),开机屏好外屏碎,230.0,元/台,,image,oppo.jpg,数码网报价单-0825更新/手机相关/oppo.jpg,1,0.99,visual_verified_against_0825_source
20260825-1f94759b5538e9ec4cf0-01,2026-08-25,手机,device,OPPO,Reno,Reno4 (8+256),,Reno4 (8+256),开机屏坏未拆,230.0,元/台,,image,oppo.jpg,数码网报价单-0825更新/手机相关/oppo.jpg,1,0.99,visual_verified_against_0825_source
20260825-edad775ca261ce729ee2-01,2026-08-25,手机,device,OPPO,Reno,Reno4 (8+256),,Reno4 (8+256),开机屏坏,230.0,元/台,,image,oppo.jpg,数码网报价单-0825更新/手机相关/oppo.jpg,1,0.99,visual_verified_against_0825_source
20260825-ce6506156d4954e0e19d-01,2026-08-25,手机,device,OPPO,Reno,Reno4 (8+256),,Reno4 (8+256),不开机,230.0,元/台,,image,oppo.jpg,数码网报价单-0825更新/手机相关/oppo.jpg,1,0.99,visual_verified_against_0825_source
20260825-c6d7ef3aac89a447b2c9-01,2026-08-25,手机,device,OPPO,Reno,Reno4 (8+256),,Reno4 (8+256),废板-整机,230.0,元/台,,image,oppo.jpg,数码网报价单-0825更新/手机相关/oppo.jpg,1,0.99,visual_verified_against_0825_source
20260825-6f738e380e37ae4bd702-01,2026-08-25,手机,device,OPPO,Reno,Reno4 SE (8+128),,Reno4 SE (8+128),开机屏好,175.0,元/台,,image,oppo.jpg,数码网报价单-0825更新/手机相关/oppo.jpg,1,0.99,visual_verified_against_0825_source
20260825-e4d600e4fc0f18b3068b-01,2026-08-25,手机,device,OPPO,Reno,Reno4 SE (8+128),,Reno4 SE (8+128),开机屏好外屏碎,175.0,元/台,,image,oppo.jpg,数码网报价单-0825更新/手机相关/oppo.jpg,1,0.99,visual_verified_against_0825_source
20260825-b974eb87254033f3fe97-01,2026-08-25,手机,device,OPPO,Reno,Reno4 SE (8+128),,Reno4 SE (8+128),开机屏坏未拆,175.0,元/台,,image,oppo.jpg,数码网报价单-0825更新/手机相关/oppo.jpg,1,0.99,visual_verified_against_0825_source
20260825-a4996ec7986b2f98c9fc-01,2026-08-25,手机,device,OPPO,Reno,Reno4 SE (8+128),,Reno4 SE (8+128),开机屏坏,175.0,元/台,,image,oppo.jpg,数码网报价单-0825更新/手机相关/oppo.jpg,1,0.99,visual_verified_against_0825_source
20260825-a819f2a54d4fdc7cc1bb-01,2026-08-25,手机,device,OPPO,Reno,Reno4 SE (8+128),,Reno4 SE (8+128),不开机,175.0,元/台,,image,oppo.jpg,数码网报价单-0825更新/手机相关/oppo.jpg,1,0.99,visual_verified_against_0825_source
20260825-722c6bcc6eb7aaddfcb2-01,2026-08-25,手机,device,OPPO,Reno,Reno4 SE (8+128),,Reno4 SE (8+128),废板-整机,175.0,元/台,,image,oppo.jpg,数码网报价单-0825更新/手机相关/oppo.jpg,1,0.99,visual_verified_against_0825_source
20260825-39df223ac07b6490d614-01,2026-08-25,手机,device,OPPO,Reno,Reno4 SE (8+256),,Reno4 SE (8+256),开机屏好,230.0,元/台,,image,oppo.jpg,数码网报价单-0825更新/手机相关/oppo.jpg,1,0.99,visual_verified_against_0825_source
20260825-98a9254dd4e5e057c5c4-01,2026-08-25,手机,device,OPPO,Reno,Reno4 SE (8+256),,Reno4 SE (8+256),开机屏好外屏碎,230.0,元/台,,image,oppo.jpg,数码网报价单-0825更新/手机相关/oppo.jpg,1,0.99,visual_verified_against_0825_source
20260825-32aac373da830d0ff319-01,2026-08-25,手机,device,OPPO,Reno,Reno4 SE (8+256),,Reno4 SE (8+256),开机屏坏未拆,230.0,元/台,,image,oppo.jpg,数码网报价单-0825更新/手机相关/oppo.jpg,1,0.99,visual_verified_against_0825_source
20260825-df7ab288ba8ed29f078e-01,2026-08-25,手机,device,OPPO,Reno,Reno4 SE (8+256),,Reno4 SE (8+256),开机屏坏,230.0,元/台,,image,oppo.jpg,数码网报价单-0825更新/手机相关/oppo.jpg,1,0.99,visual_verified_against_0825_source
20260825-81f48904ee8e3d7fc712-01,2026-08-25,手机,device,OPPO,Reno,Reno4 SE (8+256),,Reno4 SE (8+256),不开机,230.0,元/台,,image,oppo.jpg,数码网报价单-0825更新/手机相关/oppo.jpg,1,0.99,visual_verified_against_0825_source
20260825-6e1439b4b45273a67df9-01,2026-08-25,手机,device,OPPO,Reno,Reno4 SE (8+256),,Reno4 SE (8+256),废板-整机,230.0,元/台,,image,oppo.jpg,数码网报价单-0825更新/手机相关/oppo.jpg,1,0.99,visual_verified_against_0825_source
20260825-f06c85ef3ba0b4a2bf3b-01,2026-08-25,手机,device,OPPO,Reno,Reno3 Pro (12+256),,Reno3 Pro (12+256),开机屏好,230.0,元/台,,image,oppo.jpg,数码网报价单-0825更新/手机相关/oppo.jpg,1,0.99,visual_verified_against_0825_source
20260825-94c8348a1fe1b3da832e-01,2026-08-25,手机,device,OPPO,Reno,Reno3 Pro (12+256),,Reno3 Pro (12+256),开机屏好外屏碎,230.0,元/台,,image,oppo.jpg,数码网报价单-0825更新/手机相关/oppo.jpg,1,0.99,visual_verified_against_0825_source
20260825-03164209540e2497d92f-01,2026-08-25,手机,device,OPPO,Reno,Reno3 Pro (12+256),,Reno3 Pro (12+256),开机屏坏未拆,230.0,元/台,,image,oppo.jpg,数码网报价单-0825更新/手机相关/oppo.jpg,1,0.99,visual_verified_against_0825_source
20260825-f5921d11fed5138ef7d1-01,2026-08-25,手机,device,OPPO,Reno,Reno3 Pro (12+256),,Reno3 Pro (12+256),开机屏坏,230.0,元/台,,image,oppo.jpg,数码网报价单-0825更新/手机相关/oppo.jpg,1,0.99,visual_verified_against_0825_source
20260825-7d4d4c121e4189c1ced7-01,2026-08-25,手机,device,OPPO,Reno,Reno3 Pro (12+256),,Reno3 Pro (12+256),不开机,230.0,元/台,,image,oppo.jpg,数码网报价单-0825更新/手机相关/oppo.jpg,1,0.99,visual_verified_against_0825_source
20260825-38d74fb1f9ead131d0d8-01,2026-08-25,手机,device,OPPO,Reno,Reno3 Pro (12+256),,Reno3 Pro (12+256),废板-整机,230.0,元/台,,image,oppo.jpg,数码网报价单-0825更新/手机相关/oppo.jpg,1,0.99,visual_verified_against_0825_source
20260825-3906ab83572beeadc2cc-01,2026-08-25,手机,device,OPPO,Reno,Reno3 Pro (8+128),,Reno3 Pro (8+128),开机屏好,175.0,元/台,,image,oppo.jpg,数码网报价单-0825更新/手机相关/oppo.jpg,1,0.99,visual_verified_against_0825_source
20260825-4964b8460e2cbdab9912-01,2026-08-25,手机,device,OPPO,Reno,Reno3 Pro (8+128),,Reno3 Pro (8+128),开机屏好外屏碎,175.0,元/台,,image,oppo.jpg,数码网报价单-0825更新/手机相关/oppo.jpg,1,0.99,visual_verified_against_0825_source
20260825-9d8d137dc0c9e6b654e4-01,2026-08-25,手机,device,OPPO,Reno,Reno3 Pro (8+128),,Reno3 Pro (8+128),开机屏坏未拆,175.0,元/台,,image,oppo.jpg,数码网报价单-0825更新/手机相关/oppo.jpg,1,0.99,visual_verified_against_0825_source
20260825-c872d2dde526990841ba-01,2026-08-25,手机,device,OPPO,Reno,Reno3 Pro (8+128),,Reno3 Pro (8+128),开机屏坏,175.0,元/台,,image,oppo.jpg,数码网报价单-0825更新/手机相关/oppo.jpg,1,0.99,visual_verified_against_0825_source
20260825-ad5a1db4672951f1bb19-01,2026-08-25,手机,device,OPPO,Reno,Reno3 Pro (8+128),,Reno3 Pro (8+128),不开机,175.0,元/台,,image,oppo.jpg,数码网报价单-0825更新/手机相关/oppo.jpg,1,0.99,visual_verified_against_0825_source
20260825-3630d6d8880f5e9f3cee-01,2026-08-25,手机,device,OPPO,Reno,Reno3 Pro (8+128),,Reno3 Pro (8+128),废板-整机,175.0,元/台,,image,oppo.jpg,数码网报价单-0825更新/手机相关/oppo.jpg,1,0.99,visual_verified_against_0825_source
20260825-e8142bf0534d43c56a01-01,2026-08-25,手机,device,OPPO,Reno,Reno3,,Reno3,开机屏好,140.0,元/台,,image,oppo.jpg,数码网报价单-0825更新/手机相关/oppo.jpg,1,0.99,visual_verified_against_0825_source
20260825-3a405f90f75b7707da65-01,2026-08-25,手机,device,OPPO,Reno,Reno3,,Reno3,开机屏好外屏碎,140.0,元/台,,image,oppo.jpg,数码网报价单-0825更新/手机相关/oppo.jpg,1,0.99,visual_verified_against_0825_source
20260825-6cbc2873a95c3195f636-01,2026-08-25,手机,device,OPPO,Reno,Reno3,,Reno3,开机屏坏未拆,140.0,元/台,,image,oppo.jpg,数码网报价单-0825更新/手机相关/oppo.jpg,1,0.99,visual_verified_against_0825_source
20260825-af441b7434e8c2912eca-01,2026-08-25,手机,device,OPPO,Reno,Reno3,,Reno3,开机屏坏,140.0,元/台,,image,oppo.jpg,数码网报价单-0825更新/手机相关/oppo.jpg,1,0.99,visual_verified_against_0825_source
20260825-4a85eb55c214e1edf72c-01,2026-08-25,手机,device,OPPO,Reno,Reno3,,Reno3,不开机,140.0,元/台,,image,oppo.jpg,数码网报价单-0825更新/手机相关/oppo.jpg,1,0.99,visual_verified_against_0825_source
20260825-8d6fa30e2892b41ef609-01,2026-08-25,手机,device,OPPO,Reno,Reno3,,Reno3,废板-整机,140.0,元/台,,image,oppo.jpg,数码网报价单-0825更新/手机相关/oppo.jpg,1,0.99,visual_verified_against_0825_source
20260825-0ca76a16b15e9dd0c3ed-01,2026-08-25,手机,device,OPPO,Reno,Reno2,,Reno2,开机屏好,175.0,元/台,,image,oppo.jpg,数码网报价单-0825更新/手机相关/oppo.jpg,1,0.99,visual_verified_against_0825_source
20260825-0f66345885ab0b6af72c-01,2026-08-25,手机,device,OPPO,Reno,Reno2,,Reno2,开机屏好外屏碎,175.0,元/台,,image,oppo.jpg,数码网报价单-0825更新/手机相关/oppo.jpg,1,0.99,visual_verified_against_0825_source
20260825-0cb8bddcd7e6b33a66ec-01,2026-08-25,手机,device,OPPO,Reno,Reno2,,Reno2,开机屏坏未拆,175.0,元/台,,image,oppo.jpg,数码网报价单-0825更新/手机相关/oppo.jpg,1,0.99,visual_verified_against_0825_source
20260825-11e3a4e5167e26a95790-01,2026-08-25,手机,device,OPPO,Reno,Reno2,,Reno2,开机屏坏,175.0,元/台,,image,oppo.jpg,数码网报价单-0825更新/手机相关/oppo.jpg,1,0.99,visual_verified_against_0825_source
20260825-f14aea82f610e3197fdc-01,2026-08-25,手机,device,OPPO,Reno,Reno2,,Reno2,不开机,175.0,元/台,,image,oppo.jpg,数码网报价单-0825更新/手机相关/oppo.jpg,1,0.99,visual_verified_against_0825_source
20260825-9aafcde766281f49b399-01,2026-08-25,手机,device,OPPO,Reno,Reno2,,Reno2,废板-整机,175.0,元/台,,image,oppo.jpg,数码网报价单-0825更新/手机相关/oppo.jpg,1,0.99,visual_verified_against_0825_source
20260825-d532257e0315db44bf7f-01,2026-08-25,手机,device,OPPO,Reno,Reno Ace2,,Reno Ace2,开机屏好,140.0,元/台,,image,oppo.jpg,数码网报价单-0825更新/手机相关/oppo.jpg,1,0.99,visual_verified_against_0825_source
20260825-f2f84bf3cdaa857daf6f-01,2026-08-25,手机,device,OPPO,Reno,Reno Ace2,,Reno Ace2,开机屏好外屏碎,140.0,元/台,,image,oppo.jpg,数码网报价单-0825更新/手机相关/oppo.jpg,1,0.99,visual_verified_against_0825_source
20260825-69e7ecaa7e93250bae2c-01,2026-08-25,手机,device,OPPO,Reno,Reno Ace2,,Reno Ace2,开机屏坏未拆,140.0,元/台,,image,oppo.jpg,数码网报价单-0825更新/手机相关/oppo.jpg,1,0.99,visual_verified_against_0825_source
20260825-5efb8ef95089f2c69d7e-01,2026-08-25,手机,device,OPPO,Reno,Reno Ace2,,Reno Ace2,开机屏坏,140.0,元/台,,image,oppo.jpg,数码网报价单-0825更新/手机相关/oppo.jpg,1,0.99,visual_verified_against_0825_source
20260825-32612f4e77b12bac1cb1-01,2026-08-25,手机,device,OPPO,Reno,Reno Ace2,,Reno Ace2,不开机,140.0,元/台,,image,oppo.jpg,数码网报价单-0825更新/手机相关/oppo.jpg,1,0.99,visual_verified_against_0825_source
20260825-1ed243a43e053aeeac5e-01,2026-08-25,手机,device,OPPO,Reno,Reno Ace2,,Reno Ace2,废板-整机,140.0,元/台,,image,oppo.jpg,数码网报价单-0825更新/手机相关/oppo.jpg,1,0.99,visual_verified_against_0825_source
20260825-71fd6641dc12725f789e-01,2026-08-25,手机,device,OPPO,Reno,Reno Z,,Reno Z,开机屏好,175.0,元/台,,image,oppo.jpg,数码网报价单-0825更新/手机相关/oppo.jpg,1,0.99,visual_verified_against_0825_source
20260825-1a50549cbcc599ad21ec-01,2026-08-25,手机,device,OPPO,Reno,Reno Z,,Reno Z,开机屏好外屏碎,175.0,元/台,,image,oppo.jpg,数码网报价单-0825更新/手机相关/oppo.jpg,1,0.99,visual_verified_against_0825_source
20260825-48ca3dfdfa841c475ef1-01,2026-08-25,手机,device,OPPO,Reno,Reno Z,,Reno Z,开机屏坏未拆,175.0,元/台,,image,oppo.jpg,数码网报价单-0825更新/手机相关/oppo.jpg,1,0.99,visual_verified_against_0825_source
20260825-1e6e8e3d08c6b3df33a8-01,2026-08-25,手机,device,OPPO,Reno,Reno Z,,Reno Z,开机屏坏,175.0,元/台,,image,oppo.jpg,数码网报价单-0825更新/手机相关/oppo.jpg,1,0.99,visual_verified_against_0825_source
20260825-215774fad75d4a4d45d1-01,2026-08-25,手机,device,OPPO,Reno,Reno Z,,Reno Z,不开机,175.0,元/台,,image,oppo.jpg,数码网报价单-0825更新/手机相关/oppo.jpg,1,0.99,visual_verified_against_0825_source
20260825-ba29c9f909cfe1cfe406-01,2026-08-25,手机,device,OPPO,Reno,Reno Z,,Reno Z,废板-整机,175.0,元/台,,image,oppo.jpg,数码网报价单-0825更新/手机相关/oppo.jpg,1,0.99,visual_verified_against_0825_source
20260825-68629c84220a14486865-01,2026-08-25,手机,device,OPPO,Reno,Reno (8+256),,Reno (8+256),开机屏好,230.0,元/台,,image,oppo.jpg,数码网报价单-0825更新/手机相关/oppo.jpg,1,0.99,visual_verified_against_0825_source
20260825-d49ed2ec95348ca60133-01,2026-08-25,手机,device,OPPO,Reno,Reno (8+256),,Reno (8+256),开机屏好外屏碎,230.0,元/台,,image,oppo.jpg,数码网报价单-0825更新/手机相关/oppo.jpg,1,0.99,visual_verified_against_0825_source
20260825-545ddac06aff16cad4a5-01,2026-08-25,手机,device,OPPO,Reno,Reno (8+256),,Reno (8+256),开机屏坏未拆,230.0,元/台,,image,oppo.jpg,数码网报价单-0825更新/手机相关/oppo.jpg,1,0.99,visual_verified_against_0825_source
20260825-4dde54be7600e69c2325-01,2026-08-25,手机,device,OPPO,Reno,Reno (8+256),,Reno (8+256),开机屏坏,230.0,元/台,,image,oppo.jpg,数码网报价单-0825更新/手机相关/oppo.jpg,1,0.99,visual_verified_against_0825_source
20260825-d19dfbe6fa495457fc7c-01,2026-08-25,手机,device,OPPO,Reno,Reno (8+256),,Reno (8+256),不开机,230.0,元/台,,image,oppo.jpg,数码网报价单-0825更新/手机相关/oppo.jpg,1,0.99,visual_verified_against_0825_source
20260825-55ba32a2722975203528-01,2026-08-25,手机,device,OPPO,Reno,Reno (8+256),,Reno (8+256),废板-整机,230.0,元/台,,image,oppo.jpg,数码网报价单-0825更新/手机相关/oppo.jpg,1,0.99,visual_verified_against_0825_source
20260825-5bc1a5edb79a9d723bfd-01,2026-08-25,手机,device,OPPO,Reno,Reno (6+256),,Reno (6+256),开机屏好,175.0,元/台,,image,oppo.jpg,数码网报价单-0825更新/手机相关/oppo.jpg,1,0.99,visual_verified_against_0825_source
20260825-7bce4a50b564a36c6034-01,2026-08-25,手机,device,OPPO,Reno,Reno (6+256),,Reno (6+256),开机屏好外屏碎,175.0,元/台,,image,oppo.jpg,数码网报价单-0825更新/手机相关/oppo.jpg,1,0.99,visual_verified_against_0825_source
20260825-586486ec2b6aa9c4e52c-01,2026-08-25,手机,device,OPPO,Reno,Reno (6+256),,Reno (6+256),开机屏坏未拆,175.0,元/台,,image,oppo.jpg,数码网报价单-0825更新/手机相关/oppo.jpg,1,0.99,visual_verified_against_0825_source
20260825-e7c2b996e09152a346dd-01,2026-08-25,手机,device,OPPO,Reno,Reno (6+256),,Reno (6+256),开机屏坏,175.0,元/台,,image,oppo.jpg,数码网报价单-0825更新/手机相关/oppo.jpg,1,0.99,visual_verified_against_0825_source
20260825-3884a9389ef61ba1de18-01,2026-08-25,手机,device,OPPO,Reno,Reno (6+256),,Reno (6+256),不开机,175.0,元/台,,image,oppo.jpg,数码网报价单-0825更新/手机相关/oppo.jpg,1,0.99,visual_verified_against_0825_source
20260825-6974dfded642b2d06d12-01,2026-08-25,手机,device,OPPO,Reno,Reno (6+256),,Reno (6+256),废板-整机,175.0,元/台,,image,oppo.jpg,数码网报价单-0825更新/手机相关/oppo.jpg,1,0.99,visual_verified_against_0825_source
20260825-1b436c70c0a90ef8b25a-01,2026-08-25,手机,device,OPPO,Reno,Reno (6+128),,Reno (6+128),开机屏好,175.0,元/台,,image,oppo.jpg,数码网报价单-0825更新/手机相关/oppo.jpg,1,0.99,visual_verified_against_0825_source
20260825-83018f66f2adddeaa1ec-01,2026-08-25,手机,device,OPPO,Reno,Reno (6+128),,Reno (6+128),开机屏好外屏碎,175.0,元/台,,image,oppo.jpg,数码网报价单-0825更新/手机相关/oppo.jpg,1,0.99,visual_verified_against_0825_source
20260825-5c6af8171f54458aa452-01,2026-08-25,手机,device,OPPO,Reno,Reno (6+128),,Reno (6+128),开机屏坏未拆,175.0,元/台,,image,oppo.jpg,数码网报价单-0825更新/手机相关/oppo.jpg,1,0.99,visual_verified_against_0825_source
20260825-93801afef7e40ee8854b-01,2026-08-25,手机,device,OPPO,Reno,Reno (6+128),,Reno (6+128),开机屏坏,175.0,元/台,,image,oppo.jpg,数码网报价单-0825更新/手机相关/oppo.jpg,1,0.99,visual_verified_against_0825_source
20260825-cede39ace1d6457318a9-01,2026-08-25,手机,device,OPPO,Reno,Reno (6+128),,Reno (6+128),不开机,175.0,元/台,,image,oppo.jpg,数码网报价单-0825更新/手机相关/oppo.jpg,1,0.99,visual_verified_against_0825_source
20260825-e8f8765dd724183d7ef7-01,2026-08-25,手机,device,OPPO,Reno,Reno (6+128),,Reno (6+128),废板-整机,175.0,元/台,,image,oppo.jpg,数码网报价单-0825更新/手机相关/oppo.jpg,1,0.99,visual_verified_against_0825_source
20260825-6b8be42983ace28cb0cc-01,2026-08-25,手机,device,OPPO,Reno,Reno6 (全用),,Reno6 (全用),开机屏好,175.0,元/台,,image,oppo.jpg,数码网报价单-0825更新/手机相关/oppo.jpg,1,0.99,visual_verified_against_0825_source
20260825-895857c1f83c7f9eb9d3-01,2026-08-25,手机,device,OPPO,Reno,Reno6 (全用),,Reno6 (全用),开机屏好外屏碎,175.0,元/台,,image,oppo.jpg,数码网报价单-0825更新/手机相关/oppo.jpg,1,0.99,visual_verified_against_0825_source
20260825-f65769a91bae3122b23f-01,2026-08-25,手机,device,OPPO,Reno,Reno6 (全用),,Reno6 (全用),开机屏坏未拆,175.0,元/台,,image,oppo.jpg,数码网报价单-0825更新/手机相关/oppo.jpg,1,0.99,visual_verified_against_0825_source
20260825-5b21d5220d175bcce273-01,2026-08-25,手机,device,OPPO,Reno,Reno6 (全用),,Reno6 (全用),开机屏坏,175.0,元/台,,image,oppo.jpg,数码网报价单-0825更新/手机相关/oppo.jpg,1,0.99,visual_verified_against_0825_source
20260825-cdc6752c44fb7eca028b-01,2026-08-25,手机,device,OPPO,Reno,Reno6 (全用),,Reno6 (全用),不开机,175.0,元/台,,image,oppo.jpg,数码网报价单-0825更新/手机相关/oppo.jpg,1,0.99,visual_verified_against_0825_source
20260825-0e48659ae8cfddd7267a-01,2026-08-25,手机,device,OPPO,Reno,Reno6 (全用),,Reno6 (全用),废板-整机,175.0,元/台,,image,oppo.jpg,数码网报价单-0825更新/手机相关/oppo.jpg,1,0.99,visual_verified_against_0825_source
20260825-6eda405535254a131ea4-01,2026-08-25,手机,device,OPPO,R,R7WE,,R7WE,开机屏好,175.0,元/台,,image,oppo.jpg,数码网报价单-0825更新/手机相关/oppo.jpg,1,0.99,visual_verified_against_0825_source
20260825-278d111ca59ee2db3db6-01,2026-08-25,手机,device,OPPO,R,R7WE,,R7WE,开机屏好外屏碎,175.0,元/台,,image,oppo.jpg,数码网报价单-0825更新/手机相关/oppo.jpg,1,0.99,visual_verified_against_0825_source
20260825-0fdfb945d19b9bc1741f-01,2026-08-25,手机,device,OPPO,R,R7WE,,R7WE,开机屏坏未拆,175.0,元/台,,image,oppo.jpg,数码网报价单-0825更新/手机相关/oppo.jpg,1,0.99,visual_verified_against_0825_source
20260825-326c5f61c25b35145972-01,2026-08-25,手机,device,OPPO,R,R7WE,,R7WE,开机屏坏,175.0,元/台,,image,oppo.jpg,数码网报价单-0825更新/手机相关/oppo.jpg,1,0.99,visual_verified_against_0825_source
20260825-bc9460a9ca6126fda428-01,2026-08-25,手机,device,OPPO,R,R7WE,,R7WE,不开机,175.0,元/台,,image,oppo.jpg,数码网报价单-0825更新/手机相关/oppo.jpg,1,0.99,visual_verified_against_0825_source
20260825-72ad84f867b6684466be-01,2026-08-25,手机,device,OPPO,R,R7WE,,R7WE,废板-整机,175.0,元/台,,image,oppo.jpg,数码网报价单-0825更新/手机相关/oppo.jpg,1,0.99,visual_verified_against_0825_source
20260825-4ba5c5190d6cbf6bd5bd-01,2026-08-25,手机,device,OPPO,R,R17 移动低配,,R17 移动低配,开机屏好,175.0,元/台,,image,oppo.jpg,数码网报价单-0825更新/手机相关/oppo.jpg,1,0.99,visual_verified_against_0825_source
20260825-3dd7e780ba6360d2ffe6-01,2026-08-25,手机,device,OPPO,R,R17 移动低配,,R17 移动低配,开机屏好外屏碎,175.0,元/台,,image,oppo.jpg,数码网报价单-0825更新/手机相关/oppo.jpg,1,0.99,visual_verified_against_0825_source
20260825-d3e209b44963a2cae6b0-01,2026-08-25,手机,device,OPPO,R,R17 移动低配,,R17 移动低配,开机屏坏未拆,175.0,元/台,,image,oppo.jpg,数码网报价单-0825更新/手机相关/oppo.jpg,1,0.99,visual_verified_against_0825_source
20260825-6ede9c143a5a6743f258-01,2026-08-25,手机,device,OPPO,R,R17 移动低配,,R17 移动低配,开机屏坏,175.0,元/台,,image,oppo.jpg,数码网报价单-0825更新/手机相关/oppo.jpg,1,0.99,visual_verified_against_0825_source
20260825-184719c444ed96fe540c-01,2026-08-25,手机,device,OPPO,R,R17 移动低配,,R17 移动低配,不开机,175.0,元/台,,image,oppo.jpg,数码网报价单-0825更新/手机相关/oppo.jpg,1,0.99,visual_verified_against_0825_source
20260825-686c76cfae15d9fabe7d-01,2026-08-25,手机,device,OPPO,R,R17 移动低配,,R17 移动低配,废板-整机,175.0,元/台,,image,oppo.jpg,数码网报价单-0825更新/手机相关/oppo.jpg,1,0.99,visual_verified_against_0825_source
20260825-80e0a82fbe84d79b7e9c-01,2026-08-25,手机,device,OPPO,R,R15 移动,,R15 移动,开机屏好,195.0,元/台,,image,oppo.jpg,数码网报价单-0825更新/手机相关/oppo.jpg,1,0.99,visual_verified_against_0825_source
20260825-5253488e0e4cc8248ce6-01,2026-08-25,手机,device,OPPO,R,R15 移动,,R15 移动,开机屏好外屏碎,195.0,元/台,,image,oppo.jpg,数码网报价单-0825更新/手机相关/oppo.jpg,1,0.99,visual_verified_against_0825_source
20260825-835b7a7374f4bcd970d0-01,2026-08-25,手机,device,OPPO,R,R15 移动,,R15 移动,开机屏坏未拆,195.0,元/台,,image,oppo.jpg,数码网报价单-0825更新/手机相关/oppo.jpg,1,0.99,visual_verified_against_0825_source
20260825-06d39d3905ed78cba986-01,2026-08-25,手机,device,OPPO,R,R15 移动,,R15 移动,开机屏坏,195.0,元/台,,image,oppo.jpg,数码网报价单-0825更新/手机相关/oppo.jpg,1,0.99,visual_verified_against_0825_source
20260825-7e445c640aed77c051e6-01,2026-08-25,手机,device,OPPO,R,R15 移动,,R15 移动,不开机,195.0,元/台,,image,oppo.jpg,数码网报价单-0825更新/手机相关/oppo.jpg,1,0.99,visual_verified_against_0825_source
20260825-753f6635337076985692-01,2026-08-25,手机,device,OPPO,R,R15 移动,,R15 移动,废板-整机,195.0,元/台,,image,oppo.jpg,数码网报价单-0825更新/手机相关/oppo.jpg,1,0.99,visual_verified_against_0825_source
20260825-64b797a2bfaa39bdd983-01,2026-08-25,手机,device,OPPO,R,R15,,R15,开机屏好,185.0,元/台,,image,oppo.jpg,数码网报价单-0825更新/手机相关/oppo.jpg,1,0.99,visual_verified_against_0825_source
20260825-fb3c3a614bcc9d3ea626-01,2026-08-25,手机,device,OPPO,R,R15,,R15,开机屏好外屏碎,185.0,元/台,,image,oppo.jpg,数码网报价单-0825更新/手机相关/oppo.jpg,1,0.99,visual_verified_against_0825_source
20260825-78b855c9b567d7eb8e9e-01,2026-08-25,手机,device,OPPO,R,R15,,R15,开机屏坏未拆,185.0,元/台,,image,oppo.jpg,数码网报价单-0825更新/手机相关/oppo.jpg,1,0.99,visual_verified_against_0825_source
20260825-4fa5590a5312b75072d9-01,2026-08-25,手机,device,OPPO,R,R15,,R15,开机屏坏,185.0,元/台,,image,oppo.jpg,数码网报价单-0825更新/手机相关/oppo.jpg,1,0.99,visual_verified_against_0825_source
20260825-fd2a0067c789d614a8c4-01,2026-08-25,手机,device,OPPO,R,R15,,R15,不开机,185.0,元/台,,image,oppo.jpg,数码网报价单-0825更新/手机相关/oppo.jpg,1,0.99,visual_verified_against_0825_source
20260825-b5ad5e8d23873f677119-01,2026-08-25,手机,device,OPPO,R,R15,,R15,废板-整机,185.0,元/台,,image,oppo.jpg,数码网报价单-0825更新/手机相关/oppo.jpg,1,0.99,visual_verified_against_0825_source
20260825-a95fa820c918ffc56594-01,2026-08-25,手机,device,OPPO,R,R15x 移动,,R15x 移动,开机屏好,185.0,元/台,,image,oppo.jpg,数码网报价单-0825更新/手机相关/oppo.jpg,1,0.99,visual_verified_against_0825_source
20260825-31a3b9911ebc26d1771e-01,2026-08-25,手机,device,OPPO,R,R15x 移动,,R15x 移动,开机屏好外屏碎,185.0,元/台,,image,oppo.jpg,数码网报价单-0825更新/手机相关/oppo.jpg,1,0.99,visual_verified_against_0825_source
20260825-fd9247f4b411de6aaf66-01,2026-08-25,手机,device,OPPO,R,R15x 移动,,R15x 移动,开机屏坏未拆,185.0,元/台,,image,oppo.jpg,数码网报价单-0825更新/手机相关/oppo.jpg,1,0.99,visual_verified_against_0825_source
20260825-28d97980ee9add0c5d10-01,2026-08-25,手机,device,OPPO,R,R15x 移动,,R15x 移动,开机屏坏,185.0,元/台,,image,oppo.jpg,数码网报价单-0825更新/手机相关/oppo.jpg,1,0.99,visual_verified_against_0825_source
20260825-5d364fcb30bffd485d5c-01,2026-08-25,手机,device,OPPO,R,R15x 移动,,R15x 移动,不开机,185.0,元/台,,image,oppo.jpg,数码网报价单-0825更新/手机相关/oppo.jpg,1,0.99,visual_verified_against_0825_source
20260825-5d5439895ed4bcee631a-01,2026-08-25,手机,device,OPPO,R,R15x 移动,,R15x 移动,废板-整机,185.0,元/台,,image,oppo.jpg,数码网报价单-0825更新/手机相关/oppo.jpg,1,0.99,visual_verified_against_0825_source
20260825-a27e5c2c9c740a283f48-01,2026-08-25,手机,device,OPPO,R,R15x,,R15x,开机屏好,185.0,元/台,,image,oppo.jpg,数码网报价单-0825更新/手机相关/oppo.jpg,1,0.99,visual_verified_against_0825_source
20260825-bb03d85fdb7bd8d54842-01,2026-08-25,手机,device,OPPO,R,R15x,,R15x,开机屏好外屏碎,185.0,元/台,,image,oppo.jpg,数码网报价单-0825更新/手机相关/oppo.jpg,1,0.99,visual_verified_against_0825_source
20260825-58816962e244e7858ff8-01,2026-08-25,手机,device,OPPO,R,R15x,,R15x,开机屏坏未拆,185.0,元/台,,image,oppo.jpg,数码网报价单-0825更新/手机相关/oppo.jpg,1,0.99,visual_verified_against_0825_source
20260825-de955cff71e25ac2ba59-01,2026-08-25,手机,device,OPPO,R,R15x,,R15x,开机屏坏,185.0,元/台,,image,oppo.jpg,数码网报价单-0825更新/手机相关/oppo.jpg,1,0.99,visual_verified_against_0825_source
20260825-a4e829e0b42efc422224-01,2026-08-25,手机,device,OPPO,R,R15x,,R15x,不开机,185.0,元/台,,image,oppo.jpg,数码网报价单-0825更新/手机相关/oppo.jpg,1,0.99,visual_verified_against_0825_source
20260825-cd93b68521ef48e217ae-01,2026-08-25,手机,device,OPPO,R,R15x,,R15x,废板-整机,185.0,元/台,,image,oppo.jpg,数码网报价单-0825更新/手机相关/oppo.jpg,1,0.99,visual_verified_against_0825_source
20260825-b468ae90691dc353b919-01,2026-08-25,手机,device,OPPO,R,R11s Plus,,R11s Plus,开机屏好,130.0,元/台,,image,oppo.jpg,数码网报价单-0825更新/手机相关/oppo.jpg,1,0.99,visual_verified_against_0825_source
20260825-ec3312e9d5f6bc4dd7e5-01,2026-08-25,手机,device,OPPO,R,R11s Plus,,R11s Plus,开机屏好外屏碎,130.0,元/台,,image,oppo.jpg,数码网报价单-0825更新/手机相关/oppo.jpg,1,0.99,visual_verified_against_0825_source
20260825-eb26cb20d689a704dd01-01,2026-08-25,手机,device,OPPO,R,R11s Plus,,R11s Plus,开机屏坏未拆,130.0,元/台,,image,oppo.jpg,数码网报价单-0825更新/手机相关/oppo.jpg,1,0.99,visual_verified_against_0825_source
20260825-a67c868bf60e7b83a7fd-01,2026-08-25,手机,device,OPPO,R,R11s Plus,,R11s Plus,开机屏坏,130.0,元/台,,image,oppo.jpg,数码网报价单-0825更新/手机相关/oppo.jpg,1,0.99,visual_verified_against_0825_source
20260825-bf6bbbd13d9c5db9b08b-01,2026-08-25,手机,device,OPPO,R,R11s Plus,,R11s Plus,不开机,120.0,元/台,,image,oppo.jpg,数码网报价单-0825更新/手机相关/oppo.jpg,1,0.99,visual_verified_against_0825_source
20260825-de65c2dc6f5ce3d766a8-01,2026-08-25,手机,device,OPPO,R,R11s Plus,,R11s Plus,废板-整机,130.0,元/台,,image,oppo.jpg,数码网报价单-0825更新/手机相关/oppo.jpg,1,0.99,visual_verified_against_0825_source
20260825-b3f6721bd0cff5b31e28-01,2026-08-25,手机,device,OPPO,R,R11s PlusT,,R11s PlusT,开机屏好,130.0,元/台,,image,oppo.jpg,数码网报价单-0825更新/手机相关/oppo.jpg,1,0.99,visual_verified_against_0825_source
20260825-a42a68020fa1e73bf825-01,2026-08-25,手机,device,OPPO,R,R11s PlusT,,R11s PlusT,开机屏好外屏碎,130.0,元/台,,image,oppo.jpg,数码网报价单-0825更新/手机相关/oppo.jpg,1,0.99,visual_verified_against_0825_source
20260825-4c03b2f8e6dad988e843-01,2026-08-25,手机,device,OPPO,R,R11s PlusT,,R11s PlusT,开机屏坏未拆,130.0,元/台,,image,oppo.jpg,数码网报价单-0825更新/手机相关/oppo.jpg,1,0.99,visual_verified_against_0825_source
20260825-86efc82174d70cf632fa-01,2026-08-25,手机,device,OPPO,R,R11s PlusT,,R11s PlusT,开机屏坏,130.0,元/台,,image,oppo.jpg,数码网报价单-0825更新/手机相关/oppo.jpg,1,0.99,visual_verified_against_0825_source
20260825-39ca4810584aa38f705c-01,2026-08-25,手机,device,OPPO,R,R11s PlusT,,R11s PlusT,不开机,120.0,元/台,,image,oppo.jpg,数码网报价单-0825更新/手机相关/oppo.jpg,1,0.99,visual_verified_against_0825_source
20260825-74413a5460dff5a133e5-01,2026-08-25,手机,device,OPPO,R,R11s PlusT,,R11s PlusT,废板-整机,130.0,元/台,,image,oppo.jpg,数码网报价单-0825更新/手机相关/oppo.jpg,1,0.99,visual_verified_against_0825_source
20260825-61ff1a7f7bd1dddd75ec-01,2026-08-25,手机,device,OPPO,R,R11s PlusK,,R11s PlusK,开机屏好,130.0,元/台,,image,oppo.jpg,数码网报价单-0825更新/手机相关/oppo.jpg,1,0.99,visual_verified_against_0825_source
20260825-f88e96c606764e767efd-01,2026-08-25,手机,device,OPPO,R,R11s PlusK,,R11s PlusK,开机屏好外屏碎,120.0,元/台,,image,oppo.jpg,数码网报价单-0825更新/手机相关/oppo.jpg,1,0.99,visual_verified_against_0825_source
20260825-f478965145c0f6530e36-01,2026-08-25,手机,device,OPPO,R,R11s PlusK,,R11s PlusK,开机屏坏未拆,130.0,元/台,,image,oppo.jpg,数码网报价单-0825更新/手机相关/oppo.jpg,1,0.99,visual_verified_against_0825_source
20260825-cba246fba34df216da1f-01,2026-08-25,手机,device,OPPO,R,R11s PlusK,,R11s PlusK,开机屏坏,130.0,元/台,,image,oppo.jpg,数码网报价单-0825更新/手机相关/oppo.jpg,1,0.99,visual_verified_against_0825_source
20260825-33069949e5488604ba62-01,2026-08-25,手机,device,OPPO,R,R11s PlusK,,R11s PlusK,不开机,120.0,元/台,,image,oppo.jpg,数码网报价单-0825更新/手机相关/oppo.jpg,1,0.99,visual_verified_against_0825_source
20260825-ad5362b8f2061d286689-01,2026-08-25,手机,device,OPPO,R,R11s PlusK,,R11s PlusK,废板-整机,130.0,元/台,,image,oppo.jpg,数码网报价单-0825更新/手机相关/oppo.jpg,1,0.99,visual_verified_against_0825_source
20260825-7931c7ea6fcdad7409d2-01,2026-08-25,手机,device,OPPO,R,R11s,,R11s,开机屏好,175.0,元/台,,image,oppo.jpg,数码网报价单-0825更新/手机相关/oppo.jpg,1,0.99,visual_verified_against_0825_source
20260825-25343147b6d75568731b-01,2026-08-25,手机,device,OPPO,R,R11s,,R11s,开机屏好外屏碎,175.0,元/台,,image,oppo.jpg,数码网报价单-0825更新/手机相关/oppo.jpg,1,0.99,visual_verified_against_0825_source
20260825-ded7feb3d3c09ce0354f-01,2026-08-25,手机,device,OPPO,R,R11s,,R11s,开机屏坏未拆,175.0,元/台,,image,oppo.jpg,数码网报价单-0825更新/手机相关/oppo.jpg,1,0.99,visual_verified_against_0825_source
20260825-f9facc998ae641019224-01,2026-08-25,手机,device,OPPO,R,R11s,,R11s,开机屏坏,175.0,元/台,,image,oppo.jpg,数码网报价单-0825更新/手机相关/oppo.jpg,1,0.99,visual_verified_against_0825_source
20260825-c1f8f90a0204233f8f84-01,2026-08-25,手机,device,OPPO,R,R11s,,R11s,不开机,175.0,元/台,,image,oppo.jpg,数码网报价单-0825更新/手机相关/oppo.jpg,1,0.99,visual_verified_against_0825_source
20260825-589bd5316300dbc74154-01,2026-08-25,手机,device,OPPO,R,R11s,,R11s,废板-整机,175.0,元/台,,image,oppo.jpg,数码网报价单-0825更新/手机相关/oppo.jpg,1,0.99,visual_verified_against_0825_source
20260825-f007ceda1d992029eb1e-01,2026-08-25,手机,device,OPPO,R,R11t,,R11t,开机屏好,175.0,元/台,,image,oppo.jpg,数码网报价单-0825更新/手机相关/oppo.jpg,1,0.99,visual_verified_against_0825_source
20260825-c670c86b84171e363f0b-01,2026-08-25,手机,device,OPPO,R,R11t,,R11t,开机屏好外屏碎,175.0,元/台,,image,oppo.jpg,数码网报价单-0825更新/手机相关/oppo.jpg,1,0.99,visual_verified_against_0825_source
20260825-291c439b234802416d26-01,2026-08-25,手机,device,OPPO,R,R11t,,R11t,开机屏坏未拆,175.0,元/台,,image,oppo.jpg,数码网报价单-0825更新/手机相关/oppo.jpg,1,0.99,visual_verified_against_0825_source
20260825-eab04f4d5aedc6ef9222-01,2026-08-25,手机,device,OPPO,R,R11t,,R11t,开机屏坏,175.0,元/台,,image,oppo.jpg,数码网报价单-0825更新/手机相关/oppo.jpg,1,0.99,visual_verified_against_0825_source
20260825-5984259a15240651a335-01,2026-08-25,手机,device,OPPO,R,R11t,,R11t,不开机,175.0,元/台,,image,oppo.jpg,数码网报价单-0825更新/手机相关/oppo.jpg,1,0.99,visual_verified_against_0825_source
20260825-9c49e44ee004ae9a9dc1-01,2026-08-25,手机,device,OPPO,R,R11t,,R11t,废板-整机,175.0,元/台,,image,oppo.jpg,数码网报价单-0825更新/手机相关/oppo.jpg,1,0.99,visual_verified_against_0825_source
20260825-48c4b2ff530b88d94749-01,2026-08-25,手机,device,OPPO,R,R11,,R11,开机屏好,175.0,元/台,,image,oppo.jpg,数码网报价单-0825更新/手机相关/oppo.jpg,1,0.99,visual_verified_against_0825_source
20260825-ac22fb2a31dbc4c7125c-01,2026-08-25,手机,device,OPPO,R,R11,,R11,开机屏好外屏碎,175.0,元/台,,image,oppo.jpg,数码网报价单-0825更新/手机相关/oppo.jpg,1,0.99,visual_verified_against_0825_source
20260825-5f94149e6d163225e921-01,2026-08-25,手机,device,OPPO,R,R11,,R11,开机屏坏未拆,175.0,元/台,,image,oppo.jpg,数码网报价单-0825更新/手机相关/oppo.jpg,1,0.99,visual_verified_against_0825_source
20260825-309670195eeaeb699db1-01,2026-08-25,手机,device,OPPO,R,R11,,R11,开机屏坏,175.0,元/台,,image,oppo.jpg,数码网报价单-0825更新/手机相关/oppo.jpg,1,0.99,visual_verified_against_0825_source
20260825-b65ed12b02fd5247e9e7-01,2026-08-25,手机,device,OPPO,R,R11,,R11,不开机,175.0,元/台,,image,oppo.jpg,数码网报价单-0825更新/手机相关/oppo.jpg,1,0.99,visual_verified_against_0825_source
20260825-03f41ada655653d55fd1-01,2026-08-25,手机,device,OPPO,R,R11,,R11,废板-整机,175.0,元/台,,image,oppo.jpg,数码网报价单-0825更新/手机相关/oppo.jpg,1,0.99,visual_verified_against_0825_source
20260825-531e4ee2b21a55526ee0-01,2026-08-25,手机,device,OPPO,R,R9s Plus,,R9s Plus,开机屏好,70.0,元/台,,image,oppo.jpg,数码网报价单-0825更新/手机相关/oppo.jpg,1,0.99,visual_verified_against_0825_source
20260825-fca5452e413b03cd7932-01,2026-08-25,手机,device,OPPO,R,R9s Plus,,R9s Plus,开机屏好外屏碎,70.0,元/台,,image,oppo.jpg,数码网报价单-0825更新/手机相关/oppo.jpg,1,0.99,visual_verified_against_0825_source
20260825-044f909371e85e6da509-01,2026-08-25,手机,device,OPPO,R,R9s Plus,,R9s Plus,开机屏坏未拆,70.0,元/台,,image,oppo.jpg,数码网报价单-0825更新/手机相关/oppo.jpg,1,0.99,visual_verified_against_0825_source
20260825-0095397ceaf50d015e15-01,2026-08-25,手机,device,OPPO,R,R9s Plus,,R9s Plus,开机屏坏,70.0,元/台,,image,oppo.jpg,数码网报价单-0825更新/手机相关/oppo.jpg,1,0.99,visual_verified_against_0825_source
20260825-6d3c0d72623e55c3f2b9-01,2026-08-25,手机,device,OPPO,R,R9s Plus,,R9s Plus,不开机,70.0,元/台,,image,oppo.jpg,数码网报价单-0825更新/手机相关/oppo.jpg,1,0.99,visual_verified_against_0825_source
20260825-4f4c6a77ccffc8fe059f-01,2026-08-25,手机,device,OPPO,R,R9s Plus,,R9s Plus,废板-整机,70.0,元/台,,image,oppo.jpg,数码网报价单-0825更新/手机相关/oppo.jpg,1,0.99,visual_verified_against_0825_source
20260825-165c3f947f07973b6bfe-01,2026-08-25,手机,device,OPPO,R,R9 PlusA,,R9 PlusA,开机屏好,70.0,元/台,,image,oppo.jpg,数码网报价单-0825更新/手机相关/oppo.jpg,1,0.99,visual_verified_against_0825_source
20260825-db774f325a072b82847e-01,2026-08-25,手机,device,OPPO,R,R9 PlusA,,R9 PlusA,开机屏好外屏碎,70.0,元/台,,image,oppo.jpg,数码网报价单-0825更新/手机相关/oppo.jpg,1,0.99,visual_verified_against_0825_source
20260825-240abe131749e78d755b-01,2026-08-25,手机,device,OPPO,R,R9 PlusA,,R9 PlusA,开机屏坏未拆,70.0,元/台,,image,oppo.jpg,数码网报价单-0825更新/手机相关/oppo.jpg,1,0.99,visual_verified_against_0825_source
20260825-14a73f6c066afed280f0-01,2026-08-25,手机,device,OPPO,R,R9 PlusA,,R9 PlusA,开机屏坏,70.0,元/台,,image,oppo.jpg,数码网报价单-0825更新/手机相关/oppo.jpg,1,0.99,visual_verified_against_0825_source
20260825-1e3638c61bd3f79e52c4-01,2026-08-25,手机,device,OPPO,R,R9 PlusA,,R9 PlusA,不开机,70.0,元/台,,image,oppo.jpg,数码网报价单-0825更新/手机相关/oppo.jpg,1,0.99,visual_verified_against_0825_source
20260825-27b6223b23894c25ecd3-01,2026-08-25,手机,device,OPPO,R,R9 PlusA,,R9 PlusA,废板-整机,70.0,元/台,,image,oppo.jpg,数码网报价单-0825更新/手机相关/oppo.jpg,1,0.99,visual_verified_against_0825_source
20260825-a29af891771f8d38aca6-01,2026-08-25,手机,device,OPPO,R,R9s 移动,,R9s 移动,开机屏好,135.0,元/台,,image,oppo.jpg,数码网报价单-0825更新/手机相关/oppo.jpg,1,0.99,visual_verified_against_0825_source
20260825-699c441c1c9cca98ba0a-01,2026-08-25,手机,device,OPPO,R,R9s 移动,,R9s 移动,开机屏好外屏碎,135.0,元/台,,image,oppo.jpg,数码网报价单-0825更新/手机相关/oppo.jpg,1,0.99,visual_verified_against_0825_source
20260825-c1499fa266629b44bd15-01,2026-08-25,手机,device,OPPO,R,R9s 移动,,R9s 移动,开机屏坏未拆,135.0,元/台,,image,oppo.jpg,数码网报价单-0825更新/手机相关/oppo.jpg,1,0.99,visual_verified_against_0825_source
20260825-82acf4ed870a014c25f1-01,2026-08-25,手机,device,OPPO,R,R9s 移动,,R9s 移动,开机屏坏,135.0,元/台,,image,oppo.jpg,数码网报价单-0825更新/手机相关/oppo.jpg,1,0.99,visual_verified_against_0825_source
20260825-7bbae857a387dd7b209e-01,2026-08-25,手机,device,OPPO,R,R9s 移动,,R9s 移动,不开机,135.0,元/台,,image,oppo.jpg,数码网报价单-0825更新/手机相关/oppo.jpg,1,0.99,visual_verified_against_0825_source
20260825-bbd178f9d44fcac8d5c6-01,2026-08-25,手机,device,OPPO,R,R9s 移动,,R9s 移动,废板-整机,135.0,元/台,,image,oppo.jpg,数码网报价单-0825更新/手机相关/oppo.jpg,1,0.99,visual_verified_against_0825_source
20260825-5c1fc2c03357ef9a746d-01,2026-08-25,手机,device,OPPO,R,R9s,,R9s,开机屏好,135.0,元/台,,image,oppo.jpg,数码网报价单-0825更新/手机相关/oppo.jpg,1,0.99,visual_verified_against_0825_source
20260825-c20c659d835dc96dd50c-01,2026-08-25,手机,device,OPPO,R,R9s,,R9s,开机屏好外屏碎,135.0,元/台,,image,oppo.jpg,数码网报价单-0825更新/手机相关/oppo.jpg,1,0.99,visual_verified_against_0825_source
20260825-4a1ef952f157fe5d901b-01,2026-08-25,手机,device,OPPO,R,R9s,,R9s,开机屏坏未拆,135.0,元/台,,image,oppo.jpg,数码网报价单-0825更新/手机相关/oppo.jpg,1,0.99,visual_verified_against_0825_source
20260825-73f5a7f27080c8f7bf5a-01,2026-08-25,手机,device,OPPO,R,R9s,,R9s,开机屏坏,135.0,元/台,,image,oppo.jpg,数码网报价单-0825更新/手机相关/oppo.jpg,1,0.99,visual_verified_against_0825_source
20260825-9acb8d9406e0ff9d7b3f-01,2026-08-25,手机,device,OPPO,R,R9s,,R9s,不开机,135.0,元/台,,image,oppo.jpg,数码网报价单-0825更新/手机相关/oppo.jpg,1,0.99,visual_verified_against_0825_source
20260825-f89d8fa4047a099a286c-01,2026-08-25,手机,device,OPPO,R,R9s,,R9s,废板-整机,135.0,元/台,,image,oppo.jpg,数码网报价单-0825更新/手机相关/oppo.jpg,1,0.99,visual_verified_against_0825_source
20260825-28f8588251d643dfe2cc-01,2026-08-25,手机,device,OPPO,R,R9,,R9,开机屏好,125.0,元/台,,image,oppo.jpg,数码网报价单-0825更新/手机相关/oppo.jpg,1,0.99,visual_verified_against_0825_source
20260825-ac7c8950fd8af3b0617f-01,2026-08-25,手机,device,OPPO,R,R9,,R9,开机屏好外屏碎,135.0,元/台,,image,oppo.jpg,数码网报价单-0825更新/手机相关/oppo.jpg,1,0.99,visual_verified_against_0825_source
20260825-3b9b2c1fbaf510380be7-01,2026-08-25,手机,device,OPPO,R,R9,,R9,开机屏坏未拆,135.0,元/台,,image,oppo.jpg,数码网报价单-0825更新/手机相关/oppo.jpg,1,0.99,visual_verified_against_0825_source
20260825-7872652107fdc7789a3b-01,2026-08-25,手机,device,OPPO,R,R9,,R9,开机屏坏,135.0,元/台,,image,oppo.jpg,数码网报价单-0825更新/手机相关/oppo.jpg,1,0.99,visual_verified_against_0825_source
20260825-0477b806d2b92e19fc4d-01,2026-08-25,手机,device,OPPO,R,R9,,R9,不开机,135.0,元/台,,image,oppo.jpg,数码网报价单-0825更新/手机相关/oppo.jpg,1,0.99,visual_verified_against_0825_source
20260825-657e473a2a39c66b7964-01,2026-08-25,手机,device,OPPO,R,R9,,R9,废板-整机,135.0,元/台,,image,oppo.jpg,数码网报价单-0825更新/手机相关/oppo.jpg,1,0.99,visual_verified_against_0825_source
20260825-e4f2de19da0229619fb0-01,2026-08-25,手机,device,OPPO,R,R9tm,,R9tm,开机屏好,135.0,元/台,,image,oppo.jpg,数码网报价单-0825更新/手机相关/oppo.jpg,1,0.99,visual_verified_against_0825_source
20260825-1124aff9cc82ebf2cda9-01,2026-08-25,手机,device,OPPO,R,R9tm,,R9tm,开机屏好外屏碎,135.0,元/台,,image,oppo.jpg,数码网报价单-0825更新/手机相关/oppo.jpg,1,0.99,visual_verified_against_0825_source
20260825-629882701fc9dad704fb-01,2026-08-25,手机,device,OPPO,R,R9tm,,R9tm,开机屏坏未拆,135.0,元/台,,image,oppo.jpg,数码网报价单-0825更新/手机相关/oppo.jpg,1,0.99,visual_verified_against_0825_source
20260825-d49473c3412a09d41360-01,2026-08-25,手机,device,OPPO,R,R9tm,,R9tm,开机屏坏,135.0,元/台,,image,oppo.jpg,数码网报价单-0825更新/手机相关/oppo.jpg,1,0.99,visual_verified_against_0825_source
20260825-ce94e4674989515106f7-01,2026-08-25,手机,device,OPPO,R,R9tm,,R9tm,不开机,135.0,元/台,,image,oppo.jpg,数码网报价单-0825更新/手机相关/oppo.jpg,1,0.99,visual_verified_against_0825_source
20260825-bc46b426da67b70026f4-01,2026-08-25,手机,device,OPPO,R,R9tm,,R9tm,废板-整机,135.0,元/台,,image,oppo.jpg,数码网报价单-0825更新/手机相关/oppo.jpg,1,0.99,visual_verified_against_0825_source
20260825-bf5547134ea872d95a98-01,2026-08-25,手机,device,OPPO,R,R9sk,,R9sk,开机屏好,135.0,元/台,,image,oppo.jpg,数码网报价单-0825更新/手机相关/oppo.jpg,1,0.99,visual_verified_against_0825_source
20260825-2878cb48fda4ab3b7879-01,2026-08-25,手机,device,OPPO,R,R9sk,,R9sk,开机屏好外屏碎,135.0,元/台,,image,oppo.jpg,数码网报价单-0825更新/手机相关/oppo.jpg,1,0.99,visual_verified_against_0825_source
20260825-be786be0a246456d1c69-01,2026-08-25,手机,device,OPPO,R,R9sk,,R9sk,开机屏坏未拆,135.0,元/台,,image,oppo.jpg,数码网报价单-0825更新/手机相关/oppo.jpg,1,0.99,visual_verified_against_0825_source
20260825-62f2565a2efaaad35e7e-01,2026-08-25,手机,device,OPPO,R,R9sk,,R9sk,开机屏坏,135.0,元/台,,image,oppo.jpg,数码网报价单-0825更新/手机相关/oppo.jpg,1,0.99,visual_verified_against_0825_source
20260825-b0a45ed8dd94dcfbeae5-01,2026-08-25,手机,device,OPPO,R,R9sk,,R9sk,不开机,125.0,元/台,,image,oppo.jpg,数码网报价单-0825更新/手机相关/oppo.jpg,1,0.99,visual_verified_against_0825_source
20260825-83bf22ced874fe9dca05-01,2026-08-25,手机,device,OPPO,R,R9sk,,R9sk,废板-整机,135.0,元/台,,image,oppo.jpg,数码网报价单-0825更新/手机相关/oppo.jpg,1,0.99,visual_verified_against_0825_source
20260825-5eaaf51c248bdc10dce5-01,2026-08-25,手机,device,OPPO,R,R7s plus,,R7s plus,开机屏好,65.0,元/台,,image,oppo.jpg,数码网报价单-0825更新/手机相关/oppo.jpg,1,0.99,visual_verified_against_0825_source
20260825-c6d7924403e6442b6803-01,2026-08-25,手机,device,OPPO,R,R7s plus,,R7s plus,开机屏好外屏碎,65.0,元/台,,image,oppo.jpg,数码网报价单-0825更新/手机相关/oppo.jpg,1,0.99,visual_verified_against_0825_source
20260825-e38e4b4be5cd2c570d22-01,2026-08-25,手机,device,OPPO,R,R7s plus,,R7s plus,开机屏坏未拆,65.0,元/台,,image,oppo.jpg,数码网报价单-0825更新/手机相关/oppo.jpg,1,0.99,visual_verified_against_0825_source
20260825-c564676d15323171db9b-01,2026-08-25,手机,device,OPPO,R,R7s plus,,R7s plus,开机屏坏,65.0,元/台,,image,oppo.jpg,数码网报价单-0825更新/手机相关/oppo.jpg,1,0.99,visual_verified_against_0825_source
20260825-dbc37829a2281b2791e9-01,2026-08-25,手机,device,OPPO,R,R7s plus,,R7s plus,不开机,65.0,元/台,,image,oppo.jpg,数码网报价单-0825更新/手机相关/oppo.jpg,1,0.99,visual_verified_against_0825_source
20260825-1eac95dc9de9a97cfd25-01,2026-08-25,手机,device,OPPO,R,R7s plus,,R7s plus,废板-整机,65.0,元/台,,image,oppo.jpg,数码网报价单-0825更新/手机相关/oppo.jpg,1,0.99,visual_verified_against_0825_source
20260825-07fcfd67e90463f15449-01,2026-08-25,手机,device,OPPO,R,R7sm,,R7sm,开机屏好,65.0,元/台,,image,oppo.jpg,数码网报价单-0825更新/手机相关/oppo.jpg,1,0.99,visual_verified_against_0825_source
20260825-0187d77aff0dcee0d7c8-01,2026-08-25,手机,device,OPPO,R,R7sm,,R7sm,开机屏好外屏碎,55.0,元/台,,image,oppo.jpg,数码网报价单-0825更新/手机相关/oppo.jpg,1,0.99,visual_verified_against_0825_source
20260825-bf11b875f2f813c7e288-01,2026-08-25,手机,device,OPPO,R,R7sm,,R7sm,开机屏坏未拆,65.0,元/台,,image,oppo.jpg,数码网报价单-0825更新/手机相关/oppo.jpg,1,0.99,visual_verified_against_0825_source
20260825-2128c24c1b13d74205da-01,2026-08-25,手机,device,OPPO,R,R7sm,,R7sm,开机屏坏,65.0,元/台,,image,oppo.jpg,数码网报价单-0825更新/手机相关/oppo.jpg,1,0.99,visual_verified_against_0825_source
20260825-b411c1951ca0a103616d-01,2026-08-25,手机,device,OPPO,R,R7sm,,R7sm,不开机,65.0,元/台,,image,oppo.jpg,数码网报价单-0825更新/手机相关/oppo.jpg,1,0.99,visual_verified_against_0825_source
20260825-81e3589b8ac5998d34e2-01,2026-08-25,手机,device,OPPO,R,R7sm,,R7sm,废板-整机,65.0,元/台,,image,oppo.jpg,数码网报价单-0825更新/手机相关/oppo.jpg,1,0.99,visual_verified_against_0825_source
20260825-437bd3f3fb3f7e65eaa2-01,2026-08-25,手机,device,OPPO,R,R7plusm,,R7plusm,开机屏好,70.0,元/台,,image,oppo.jpg,数码网报价单-0825更新/手机相关/oppo.jpg,1,0.99,visual_verified_against_0825_source
20260825-ea73ec65218a3a1bdee2-01,2026-08-25,手机,device,OPPO,R,R7plusm,,R7plusm,开机屏好外屏碎,70.0,元/台,,image,oppo.jpg,数码网报价单-0825更新/手机相关/oppo.jpg,1,0.99,visual_verified_against_0825_source
20260825-7ec666d08098c838e6f4-01,2026-08-25,手机,device,OPPO,R,R7plusm,,R7plusm,开机屏坏未拆,70.0,元/台,,image,oppo.jpg,数码网报价单-0825更新/手机相关/oppo.jpg,1,0.99,visual_verified_against_0825_source
20260825-7424fef11b8fa1a54a26-01,2026-08-25,手机,device,OPPO,R,R7plusm,,R7plusm,开机屏坏,70.0,元/台,,image,oppo.jpg,数码网报价单-0825更新/手机相关/oppo.jpg,1,0.99,visual_verified_against_0825_source
20260825-ea5d4d71023f7191077d-01,2026-08-25,手机,device,OPPO,R,R7plusm,,R7plusm,不开机,70.0,元/台,,image,oppo.jpg,数码网报价单-0825更新/手机相关/oppo.jpg,1,0.99,visual_verified_against_0825_source
20260825-e3c093f7f85050c385f9-01,2026-08-25,手机,device,OPPO,R,R7plusm,,R7plusm,废板-整机,70.0,元/台,,image,oppo.jpg,数码网报价单-0825更新/手机相关/oppo.jpg,1,0.99,visual_verified_against_0825_source
20260825-b83666f0791c30edec45-01,2026-08-25,手机,device,OPPO,R,R7plus,,R7plus,开机屏好,45.0,元/台,,image,oppo.jpg,数码网报价单-0825更新/手机相关/oppo.jpg,1,0.99,visual_verified_against_0825_source
20260825-2adb1728333a9102a170-01,2026-08-25,手机,device,OPPO,R,R7plus,,R7plus,开机屏好外屏碎,45.0,元/台,,image,oppo.jpg,数码网报价单-0825更新/手机相关/oppo.jpg,1,0.99,visual_verified_against_0825_source
20260825-a96e50651ceed67dfb31-01,2026-08-25,手机,device,OPPO,R,R7plus,,R7plus,开机屏坏未拆,45.0,元/台,,image,oppo.jpg,数码网报价单-0825更新/手机相关/oppo.jpg,1,0.99,visual_verified_against_0825_source
20260825-811be71a000e23fcc757-01,2026-08-25,手机,device,OPPO,R,R7plus,,R7plus,开机屏坏,45.0,元/台,,image,oppo.jpg,数码网报价单-0825更新/手机相关/oppo.jpg,1,0.99,visual_verified_against_0825_source
20260825-8ad6ff874f8702f052ee-01,2026-08-25,手机,device,OPPO,R,R7plus,,R7plus,不开机,45.0,元/台,,image,oppo.jpg,数码网报价单-0825更新/手机相关/oppo.jpg,1,0.99,visual_verified_against_0825_source
20260825-83e0eebfc4a4afb318ba-01,2026-08-25,手机,device,OPPO,R,R7plus,,R7plus,废板-整机,45.0,元/台,,image,oppo.jpg,数码网报价单-0825更新/手机相关/oppo.jpg,1,0.99,visual_verified_against_0825_source
20260825-937b8c119fbeb9654da5-01,2026-08-25,手机,device,OPPO,A,A96,,A96,开机屏好,230.0,元/台,,image,oppo.jpg,数码网报价单-0825更新/手机相关/oppo.jpg,1,0.99,visual_verified_against_0825_source
20260825-33a6c32a2462e658efd3-01,2026-08-25,手机,device,OPPO,A,A96,,A96,开机屏好外屏碎,230.0,元/台,,image,oppo.jpg,数码网报价单-0825更新/手机相关/oppo.jpg,1,0.99,visual_verified_against_0825_source
20260825-8f34578e1aad9dd8bdc1-01,2026-08-25,手机,device,OPPO,A,A96,,A96,开机屏坏未拆,230.0,元/台,,image,oppo.jpg,数码网报价单-0825更新/手机相关/oppo.jpg,1,0.99,visual_verified_against_0825_source
20260825-fc985d48c1f23672ce0e-01,2026-08-25,手机,device,OPPO,A,A96,,A96,开机屏坏,230.0,元/台,,image,oppo.jpg,数码网报价单-0825更新/手机相关/oppo.jpg,1,0.99,visual_verified_against_0825_source
20260825-9fa641045cb0c1481723-01,2026-08-25,手机,device,OPPO,A,A96,,A96,不开机,230.0,元/台,,image,oppo.jpg,数码网报价单-0825更新/手机相关/oppo.jpg,1,0.99,visual_verified_against_0825_source
20260825-2c7b49616e508b34223a-01,2026-08-25,手机,device,OPPO,A,A96,,A96,废板-整机,230.0,元/台,,image,oppo.jpg,数码网报价单-0825更新/手机相关/oppo.jpg,1,0.99,visual_verified_against_0825_source
20260825-0c2d7d753253148a8115-01,2026-08-25,手机,device,OPPO,A,A95,,A95,开机屏好,230.0,元/台,,image,oppo.jpg,数码网报价单-0825更新/手机相关/oppo.jpg,1,0.99,visual_verified_against_0825_source
20260825-268fc7c3aed45c3874f5-01,2026-08-25,手机,device,OPPO,A,A95,,A95,开机屏好外屏碎,230.0,元/台,,image,oppo.jpg,数码网报价单-0825更新/手机相关/oppo.jpg,1,0.99,visual_verified_against_0825_source
20260825-93b35611a49b1e8b226c-01,2026-08-25,手机,device,OPPO,A,A95,,A95,开机屏坏未拆,230.0,元/台,,image,oppo.jpg,数码网报价单-0825更新/手机相关/oppo.jpg,1,0.99,visual_verified_against_0825_source
20260825-8ee4b4a92a663a01490d-01,2026-08-25,手机,device,OPPO,A,A95,,A95,开机屏坏,230.0,元/台,,image,oppo.jpg,数码网报价单-0825更新/手机相关/oppo.jpg,1,0.99,visual_verified_against_0825_source
20260825-4c7a67f3b6e34a420e34-01,2026-08-25,手机,device,OPPO,A,A95,,A95,不开机,230.0,元/台,,image,oppo.jpg,数码网报价单-0825更新/手机相关/oppo.jpg,1,0.99,visual_verified_against_0825_source
20260825-e651010439bea1b8bbdd-01,2026-08-25,手机,device,OPPO,A,A95,,A95,废板-整机,230.0,元/台,,image,oppo.jpg,数码网报价单-0825更新/手机相关/oppo.jpg,1,0.99,visual_verified_against_0825_source
20260825-635ba8f54ca91ac2278d-01,2026-08-25,手机,device,OPPO,A,A93S,,A93S,开机屏好,230.0,元/台,,image,oppo.jpg,数码网报价单-0825更新/手机相关/oppo.jpg,1,0.99,visual_verified_against_0825_source
20260825-faba2b6e59ea79115716-01,2026-08-25,手机,device,OPPO,A,A93S,,A93S,开机屏好外屏碎,230.0,元/台,,image,oppo.jpg,数码网报价单-0825更新/手机相关/oppo.jpg,1,0.99,visual_verified_against_0825_source
20260825-e2a6eeb12a9bedf9b18e-01,2026-08-25,手机,device,OPPO,A,A93S,,A93S,开机屏坏未拆,230.0,元/台,,image,oppo.jpg,数码网报价单-0825更新/手机相关/oppo.jpg,1,0.99,visual_verified_against_0825_source
20260825-090bb3a2d1439315891b-01,2026-08-25,手机,device,OPPO,A,A93S,,A93S,开机屏坏,230.0,元/台,,image,oppo.jpg,数码网报价单-0825更新/手机相关/oppo.jpg,1,0.99,visual_verified_against_0825_source
20260825-7434842fcab786ef75df-01,2026-08-25,手机,device,OPPO,A,A93S,,A93S,不开机,230.0,元/台,,image,oppo.jpg,数码网报价单-0825更新/手机相关/oppo.jpg,1,0.99,visual_verified_against_0825_source
20260825-8f08af9f6d8dffbdc5c4-01,2026-08-25,手机,device,OPPO,A,A93S,,A93S,废板-整机,230.0,元/台,,image,oppo.jpg,数码网报价单-0825更新/手机相关/oppo.jpg,1,0.99,visual_verified_against_0825_source
20260825-467464a2cd66f4fd5461-01,2026-08-25,手机,device,OPPO,A,A91,,A91,开机屏好,175.0,元/台,,image,oppo.jpg,数码网报价单-0825更新/手机相关/oppo.jpg,1,0.99,visual_verified_against_0825_source
20260825-882cf0fab2c2701add2c-01,2026-08-25,手机,device,OPPO,A,A91,,A91,开机屏好外屏碎,175.0,元/台,,image,oppo.jpg,数码网报价单-0825更新/手机相关/oppo.jpg,1,0.99,visual_verified_against_0825_source
20260825-05396008076cf4173eab-01,2026-08-25,手机,device,OPPO,A,A91,,A91,开机屏坏未拆,175.0,元/台,,image,oppo.jpg,数码网报价单-0825更新/手机相关/oppo.jpg,1,0.99,visual_verified_against_0825_source
20260825-208a0d6af29d51706f4e-01,2026-08-25,手机,device,OPPO,A,A91,,A91,开机屏坏,175.0,元/台,,image,oppo.jpg,数码网报价单-0825更新/手机相关/oppo.jpg,1,0.99,visual_verified_against_0825_source
20260825-924341b3b6c6c7971565-01,2026-08-25,手机,device,OPPO,A,A91,,A91,不开机,175.0,元/台,,image,oppo.jpg,数码网报价单-0825更新/手机相关/oppo.jpg,1,0.99,visual_verified_against_0825_source
20260825-649e4ddcfd911e1cfeff-01,2026-08-25,手机,device,OPPO,A,A91,,A91,废板-整机,175.0,元/台,,image,oppo.jpg,数码网报价单-0825更新/手机相关/oppo.jpg,1,0.99,visual_verified_against_0825_source
20260825-67c0e7bafc10d1904def-01,2026-08-25,手机,device,OPPO,A,A83S,,A83S,开机屏好,85.0,元/台,,image,oppo.jpg,数码网报价单-0825更新/手机相关/oppo.jpg,1,0.99,visual_verified_against_0825_source
20260825-f9b01241499a7f10cc35-01,2026-08-25,手机,device,OPPO,A,A83S,,A83S,开机屏好外屏碎,85.0,元/台,,image,oppo.jpg,数码网报价单-0825更新/手机相关/oppo.jpg,1,0.99,visual_verified_against_0825_source
20260825-d3067ed624fd545be975-01,2026-08-25,手机,device,OPPO,A,A83S,,A83S,开机屏坏未拆,85.0,元/台,,image,oppo.jpg,数码网报价单-0825更新/手机相关/oppo.jpg,1,0.99,visual_verified_against_0825_source
20260825-2499ebf2828a94f9910e-01,2026-08-25,手机,device,OPPO,A,A83S,,A83S,开机屏坏,85.0,元/台,,image,oppo.jpg,数码网报价单-0825更新/手机相关/oppo.jpg,1,0.99,visual_verified_against_0825_source
20260825-bfc8b9595fefa53aa230-01,2026-08-25,手机,device,OPPO,A,A83S,,A83S,不开机,85.0,元/台,,image,oppo.jpg,数码网报价单-0825更新/手机相关/oppo.jpg,1,0.99,visual_verified_against_0825_source
20260825-803d8e4604e86678ee73-01,2026-08-25,手机,device,OPPO,A,A83S,,A83S,废板-整机,85.0,元/台,,image,oppo.jpg,数码网报价单-0825更新/手机相关/oppo.jpg,1,0.99,visual_verified_against_0825_source
20260825-e7050aea148efae447b7-01,2026-08-25,手机,device,OPPO,A,A79k 移动,,A79k 移动,开机屏好,140.0,元/台,,image,oppo.jpg,数码网报价单-0825更新/手机相关/oppo.jpg,1,0.99,visual_verified_against_0825_source
20260825-6dad5714dd9dbe6b1743-01,2026-08-25,手机,device,OPPO,A,A79k 移动,,A79k 移动,开机屏好外屏碎,140.0,元/台,,image,oppo.jpg,数码网报价单-0825更新/手机相关/oppo.jpg,1,0.99,visual_verified_against_0825_source
20260825-e727dc5028c3cd788ad2-01,2026-08-25,手机,device,OPPO,A,A79k 移动,,A79k 移动,开机屏坏未拆,140.0,元/台,,image,oppo.jpg,数码网报价单-0825更新/手机相关/oppo.jpg,1,0.99,visual_verified_against_0825_source
20260825-2a9b7061a12ed88dd0a7-01,2026-08-25,手机,device,OPPO,A,A79k 移动,,A79k 移动,开机屏坏,140.0,元/台,,image,oppo.jpg,数码网报价单-0825更新/手机相关/oppo.jpg,1,0.99,visual_verified_against_0825_source
20260825-290e1b29602d04c00926-01,2026-08-25,手机,device,OPPO,A,A79k 移动,,A79k 移动,不开机,140.0,元/台,,image,oppo.jpg,数码网报价单-0825更新/手机相关/oppo.jpg,1,0.99,visual_verified_against_0825_source
20260825-d0df486628c11aecee45-01,2026-08-25,手机,device,OPPO,A,A79k 移动,,A79k 移动,废板-整机,140.0,元/台,,image,oppo.jpg,数码网报价单-0825更新/手机相关/oppo.jpg,1,0.99,visual_verified_against_0825_source
20260825-be0f7c404b3403c58256-01,2026-08-25,手机,device,OPPO,A,A79k,,A79k,开机屏好,140.0,元/台,,image,oppo.jpg,数码网报价单-0825更新/手机相关/oppo.jpg,1,0.99,visual_verified_against_0825_source
20260825-97bdc080edb4d66019bc-01,2026-08-25,手机,device,OPPO,A,A79k,,A79k,开机屏好外屏碎,140.0,元/台,,image,oppo.jpg,数码网报价单-0825更新/手机相关/oppo.jpg,1,0.99,visual_verified_against_0825_source
20260825-be822bd5e3d975823178-01,2026-08-25,手机,device,OPPO,A,A79k,,A79k,开机屏坏未拆,140.0,元/台,,image,oppo.jpg,数码网报价单-0825更新/手机相关/oppo.jpg,1,0.99,visual_verified_against_0825_source
20260825-73ce2d3fa22c6a25a6fb-01,2026-08-25,手机,device,OPPO,A,A79k,,A79k,开机屏坏,140.0,元/台,,image,oppo.jpg,数码网报价单-0825更新/手机相关/oppo.jpg,1,0.99,visual_verified_against_0825_source
20260825-d98e1b303d6f1bb79b0c-01,2026-08-25,手机,device,OPPO,A,A79k,,A79k,不开机,140.0,元/台,,image,oppo.jpg,数码网报价单-0825更新/手机相关/oppo.jpg,1,0.99,visual_verified_against_0825_source
20260825-619ccd196e23ca056511-01,2026-08-25,手机,device,OPPO,A,A79k,,A79k,废板-整机,140.0,元/台,,image,oppo.jpg,数码网报价单-0825更新/手机相关/oppo.jpg,1,0.99,visual_verified_against_0825_source
20260825-1262bf4446886889c3df-01,2026-08-25,手机,device,OPPO,A,A77T,,A77T,开机屏好,140.0,元/台,,image,oppo.jpg,数码网报价单-0825更新/手机相关/oppo.jpg,1,0.99,visual_verified_against_0825_source
20260825-219be0331e279f0c7c42-01,2026-08-25,手机,device,OPPO,A,A77T,,A77T,开机屏好外屏碎,140.0,元/台,,image,oppo.jpg,数码网报价单-0825更新/手机相关/oppo.jpg,1,0.99,visual_verified_against_0825_source
20260825-36ab462807b2dd515c1e-01,2026-08-25,手机,device,OPPO,A,A77T,,A77T,开机屏坏未拆,140.0,元/台,,image,oppo.jpg,数码网报价单-0825更新/手机相关/oppo.jpg,1,0.99,visual_verified_against_0825_source
20260825-a9a14a941ea6fc74cb96-01,2026-08-25,手机,device,OPPO,A,A77T,,A77T,开机屏坏,140.0,元/台,,image,oppo.jpg,数码网报价单-0825更新/手机相关/oppo.jpg,1,0.99,visual_verified_against_0825_source
20260825-a947370c60b9a5544212-01,2026-08-25,手机,device,OPPO,A,A77T,,A77T,不开机,140.0,元/台,,image,oppo.jpg,数码网报价单-0825更新/手机相关/oppo.jpg,1,0.99,visual_verified_against_0825_source
20260825-cfd762c3c8a12046fb62-01,2026-08-25,手机,device,OPPO,A,A77T,,A77T,废板-整机,140.0,元/台,,image,oppo.jpg,数码网报价单-0825更新/手机相关/oppo.jpg,1,0.99,visual_verified_against_0825_source
20260825-52bda693e3bd5cdf14da-01,2026-08-25,手机,device,OPPO,A,A77,,A77,开机屏好,70.0,元/台,,image,oppo.jpg,数码网报价单-0825更新/手机相关/oppo.jpg,1,0.99,visual_verified_against_0825_source
20260825-34a5976ee6707c233388-01,2026-08-25,手机,device,OPPO,A,A77,,A77,开机屏好外屏碎,70.0,元/台,,image,oppo.jpg,数码网报价单-0825更新/手机相关/oppo.jpg,1,0.99,visual_verified_against_0825_source
20260825-1861ea5ee81bdc173734-01,2026-08-25,手机,device,OPPO,A,A77,,A77,开机屏坏未拆,70.0,元/台,,image,oppo.jpg,数码网报价单-0825更新/手机相关/oppo.jpg,1,0.99,visual_verified_against_0825_source
20260825-2f37f1c78597c329847a-01,2026-08-25,手机,device,OPPO,A,A77,,A77,开机屏坏,70.0,元/台,,image,oppo.jpg,数码网报价单-0825更新/手机相关/oppo.jpg,1,0.99,visual_verified_against_0825_source
20260825-915adc939df7cd471bb0-01,2026-08-25,手机,device,OPPO,A,A77,,A77,不开机,70.0,元/台,,image,oppo.jpg,数码网报价单-0825更新/手机相关/oppo.jpg,1,0.99,visual_verified_against_0825_source
20260825-ac9295f234d82f7db74f-01,2026-08-25,手机,device,OPPO,A,A77,,A77,废板-整机,70.0,元/台,,image,oppo.jpg,数码网报价单-0825更新/手机相关/oppo.jpg,1,0.99,visual_verified_against_0825_source
20260825-d883441c4815921d2bcb-01,2026-08-25,手机,device,OPPO,A,A73t,,A73t,开机屏好,100.0,元/台,,image,oppo.jpg,数码网报价单-0825更新/手机相关/oppo.jpg,1,0.99,visual_verified_against_0825_source
20260825-8fc1481fc76548518684-01,2026-08-25,手机,device,OPPO,A,A73t,,A73t,开机屏好外屏碎,100.0,元/台,,image,oppo.jpg,数码网报价单-0825更新/手机相关/oppo.jpg,1,0.99,visual_verified_against_0825_source
20260825-8389c458e9ab95e37f47-01,2026-08-25,手机,device,OPPO,A,A73t,,A73t,开机屏坏未拆,100.0,元/台,,image,oppo.jpg,数码网报价单-0825更新/手机相关/oppo.jpg,1,0.99,visual_verified_against_0825_source
20260825-4f5ce436ba84c0c7a9e6-01,2026-08-25,手机,device,OPPO,A,A73t,,A73t,开机屏坏,100.0,元/台,,image,oppo.jpg,数码网报价单-0825更新/手机相关/oppo.jpg,1,0.99,visual_verified_against_0825_source
20260825-a65aef0082b3b3c4643a-01,2026-08-25,手机,device,OPPO,A,A73t,,A73t,不开机,100.0,元/台,,image,oppo.jpg,数码网报价单-0825更新/手机相关/oppo.jpg,1,0.99,visual_verified_against_0825_source
20260825-a45db2605cb71f969ad8-01,2026-08-25,手机,device,OPPO,A,A73t,,A73t,废板-整机,100.0,元/台,,image,oppo.jpg,数码网报价单-0825更新/手机相关/oppo.jpg,1,0.99,visual_verified_against_0825_source
20260825-8e21cf3043db715d131d-01,2026-08-25,手机,device,OPPO,A,A6,,A6,开机屏好,400.0,元/台,,image,oppo.jpg,数码网报价单-0825更新/手机相关/oppo.jpg,1,0.99,visual_verified_against_0825_source
20260825-4405244542ed10bcc074-01,2026-08-25,手机,device,OPPO,A,A6,,A6,开机屏好外屏碎,350.0,元/台,,image,oppo.jpg,数码网报价单-0825更新/手机相关/oppo.jpg,1,0.99,visual_verified_against_0825_source
20260825-a8c0bf2e79d6de87f0be-01,2026-08-25,手机,device,OPPO,A,A6,,A6,开机屏坏未拆,350.0,元/台,,image,oppo.jpg,数码网报价单-0825更新/手机相关/oppo.jpg,1,0.99,visual_verified_against_0825_source
20260825-ddc456fd1a916a45fc99-01,2026-08-25,手机,device,OPPO,A,A6,,A6,开机屏坏,250.0,元/台,,image,oppo.jpg,数码网报价单-0825更新/手机相关/oppo.jpg,1,0.99,visual_verified_against_0825_source
20260825-a04e1a757fee91fbc353-01,2026-08-25,手机,device,OPPO,A,A6,,A6,不开机,150.0,元/台,,image,oppo.jpg,数码网报价单-0825更新/手机相关/oppo.jpg,1,0.99,visual_verified_against_0825_source
20260825-b5fdab1b2f07dcef5f2f-01,2026-08-25,手机,device,OPPO,A,A6,,A6,废板-整机,150.0,元/台,,image,oppo.jpg,数码网报价单-0825更新/手机相关/oppo.jpg,1,0.99,visual_verified_against_0825_source
20260825-8dfb5d6b021074c18673-01,2026-08-25,手机,device,OPPO,A,A6t,,A6t,开机屏好,450.0,元/台,,image,oppo.jpg,数码网报价单-0825更新/手机相关/oppo.jpg,1,0.99,visual_verified_against_0825_source
20260825-efb72b5c00b492726414-01,2026-08-25,手机,device,OPPO,A,A6t,,A6t,开机屏好外屏碎,420.0,元/台,,image,oppo.jpg,数码网报价单-0825更新/手机相关/oppo.jpg,1,0.99,visual_verified_against_0825_source
20260825-55dd54f38d40da14d39e-01,2026-08-25,手机,device,OPPO,A,A6t,,A6t,开机屏坏未拆,420.0,元/台,,image,oppo.jpg,数码网报价单-0825更新/手机相关/oppo.jpg,1,0.99,visual_verified_against_0825_source
20260825-f9d702652fcf47405b93-01,2026-08-25,手机,device,OPPO,A,A6t,,A6t,开机屏坏,420.0,元/台,,image,oppo.jpg,数码网报价单-0825更新/手机相关/oppo.jpg,1,0.99,visual_verified_against_0825_source
20260825-455535505323c7aecadd-01,2026-08-25,手机,device,OPPO,A,A6t,,A6t,不开机,150.0,元/台,,image,oppo.jpg,数码网报价单-0825更新/手机相关/oppo.jpg,1,0.99,visual_verified_against_0825_source
20260825-9b609846837349029f6e-01,2026-08-25,手机,device,OPPO,A,A6t,,A6t,废板-整机,150.0,元/台,,image,oppo.jpg,数码网报价单-0825更新/手机相关/oppo.jpg,1,0.99,visual_verified_against_0825_source
20260825-97c28161702a303c17e3-01,2026-08-25,手机,device,OPPO,A,A6s Pro,,A6s Pro,开机屏好,600.0,元/台,,image,oppo.jpg,数码网报价单-0825更新/手机相关/oppo.jpg,1,0.99,visual_verified_against_0825_source
20260825-62c353a79df66223a889-01,2026-08-25,手机,device,OPPO,A,A6s Pro,,A6s Pro,开机屏好外屏碎,450.0,元/台,,image,oppo.jpg,数码网报价单-0825更新/手机相关/oppo.jpg,1,0.99,visual_verified_against_0825_source
20260825-d8b96b0f9647bc5d408b-01,2026-08-25,手机,device,OPPO,A,A6s Pro,,A6s Pro,开机屏坏未拆,450.0,元/台,,image,oppo.jpg,数码网报价单-0825更新/手机相关/oppo.jpg,1,0.99,visual_verified_against_0825_source
20260825-9f2ed58d4b436c898bb6-01,2026-08-25,手机,device,OPPO,A,A6s Pro,,A6s Pro,开机屏坏,450.0,元/台,,image,oppo.jpg,数码网报价单-0825更新/手机相关/oppo.jpg,1,0.99,visual_verified_against_0825_source
20260825-befa0678c7ed2912d41e-01,2026-08-25,手机,device,OPPO,A,A6s Pro,,A6s Pro,不开机,150.0,元/台,,image,oppo.jpg,数码网报价单-0825更新/手机相关/oppo.jpg,1,0.99,visual_verified_against_0825_source
20260825-f0d64f54fb4978bab229-01,2026-08-25,手机,device,OPPO,A,A6s Pro,,A6s Pro,废板-整机,150.0,元/台,,image,oppo.jpg,数码网报价单-0825更新/手机相关/oppo.jpg,1,0.99,visual_verified_against_0825_source
20260825-f359ccaeb57dd62ed0e1-01,2026-08-25,手机,device,OPPO,A,A72,,A72,开机屏好,180.0,元/台,,image,oppo.jpg,数码网报价单-0825更新/手机相关/oppo.jpg,1,0.99,visual_verified_against_0825_source
20260825-444b493b78e42c9027c0-01,2026-08-25,手机,device,OPPO,A,A72,,A72,开机屏好外屏碎,180.0,元/台,,image,oppo.jpg,数码网报价单-0825更新/手机相关/oppo.jpg,1,0.99,visual_verified_against_0825_source
20260825-807ce7f12493fc2fbba1-01,2026-08-25,手机,device,OPPO,A,A72,,A72,开机屏坏未拆,180.0,元/台,,image,oppo.jpg,数码网报价单-0825更新/手机相关/oppo.jpg,1,0.99,visual_verified_against_0825_source
20260825-8586d9e79b5cdc69325d-01,2026-08-25,手机,device,OPPO,A,A72,,A72,开机屏坏,180.0,元/台,,image,oppo.jpg,数码网报价单-0825更新/手机相关/oppo.jpg,1,0.99,visual_verified_against_0825_source
20260825-eedaf92365c5c5798cfe-01,2026-08-25,手机,device,OPPO,A,A72,,A72,不开机,180.0,元/台,,image,oppo.jpg,数码网报价单-0825更新/手机相关/oppo.jpg,1,0.99,visual_verified_against_0825_source
20260825-a13fc55bcc0dbad7b85f-01,2026-08-25,手机,device,OPPO,A,A72,,A72,废板-整机,180.0,元/台,,image,oppo.jpg,数码网报价单-0825更新/手机相关/oppo.jpg,1,0.99,visual_verified_against_0825_source
20260825-ef2bf7aeb5244d90a02e-01,2026-08-25,手机,device,OPPO,A,A6 Max,,A6 Max,开机屏好,450.0,元/台,,image,oppo.jpg,数码网报价单-0825更新/手机相关/oppo.jpg,1,0.99,visual_verified_against_0825_source
20260825-b42e74d0a7662b386deb-01,2026-08-25,手机,device,OPPO,A,A6 Max,,A6 Max,开机屏好外屏碎,370.0,元/台,,image,oppo.jpg,数码网报价单-0825更新/手机相关/oppo.jpg,1,0.99,visual_verified_against_0825_source
20260825-684ca1b95b8be70b7340-01,2026-08-25,手机,device,OPPO,A,A6 Max,,A6 Max,开机屏坏未拆,370.0,元/台,,image,oppo.jpg,数码网报价单-0825更新/手机相关/oppo.jpg,1,0.99,visual_verified_against_0825_source
20260825-75aa4a0586cfd946a7b2-01,2026-08-25,手机,device,OPPO,A,A6 Max,,A6 Max,开机屏坏,370.0,元/台,,image,oppo.jpg,数码网报价单-0825更新/手机相关/oppo.jpg,1,0.99,visual_verified_against_0825_source
20260825-3107055947ed51e90637-01,2026-08-25,手机,device,OPPO,A,A6 Max,,A6 Max,不开机,150.0,元/台,,image,oppo.jpg,数码网报价单-0825更新/手机相关/oppo.jpg,1,0.99,visual_verified_against_0825_source
20260825-aef699b8c519ee4d48e5-01,2026-08-25,手机,device,OPPO,A,A6 Max,,A6 Max,废板-整机,150.0,元/台,,image,oppo.jpg,数码网报价单-0825更新/手机相关/oppo.jpg,1,0.99,visual_verified_against_0825_source
20260825-f6f108b6e1d8ce46ff0d-01,2026-08-25,手机,device,OPPO,A,A5X,,A5X,开机屏好,280.0,元/台,,image,oppo.jpg,数码网报价单-0825更新/手机相关/oppo.jpg,1,0.99,visual_verified_against_0825_source
20260825-4689f88cdd266fa06c96-01,2026-08-25,手机,device,OPPO,A,A5X,,A5X,开机屏好外屏碎,240.0,元/台,,image,oppo.jpg,数码网报价单-0825更新/手机相关/oppo.jpg,1,0.99,visual_verified_against_0825_source
20260825-c28426c7d1cb9df29811-01,2026-08-25,手机,device,OPPO,A,A5X,,A5X,开机屏坏未拆,240.0,元/台,,image,oppo.jpg,数码网报价单-0825更新/手机相关/oppo.jpg,1,0.99,visual_verified_against_0825_source
20260825-c0f1769bf2c7a3930709-01,2026-08-25,手机,device,OPPO,A,A5X,,A5X,开机屏坏,100.0,元/台,,image,oppo.jpg,数码网报价单-0825更新/手机相关/oppo.jpg,1,0.99,visual_verified_against_0825_source
20260825-7ecb4b4d9d6fd63df582-01,2026-08-25,手机,device,OPPO,A,A5X,,A5X,不开机,100.0,元/台,,image,oppo.jpg,数码网报价单-0825更新/手机相关/oppo.jpg,1,0.99,visual_verified_against_0825_source
20260825-2d2f9741cec28069fe36-01,2026-08-25,手机,device,OPPO,A,A5X,,A5X,废板-整机,100.0,元/台,,image,oppo.jpg,数码网报价单-0825更新/手机相关/oppo.jpg,1,0.99,visual_verified_against_0825_source
20260825-0528defef7db3bd27bcb-01,2026-08-25,手机,device,OPPO,A,A5 5G,,A5 5G,开机屏好,280.0,元/台,,image,oppo.jpg,数码网报价单-0825更新/手机相关/oppo.jpg,1,0.99,visual_verified_against_0825_source
20260825-bf6c07b6f2e34de3fe10-01,2026-08-25,手机,device,OPPO,A,A5 5G,,A5 5G,开机屏好外屏碎,240.0,元/台,,image,oppo.jpg,数码网报价单-0825更新/手机相关/oppo.jpg,1,0.99,visual_verified_against_0825_source
20260825-300c27ca893143fc648c-01,2026-08-25,手机,device,OPPO,A,A5 5G,,A5 5G,开机屏坏未拆,240.0,元/台,,image,oppo.jpg,数码网报价单-0825更新/手机相关/oppo.jpg,1,0.99,visual_verified_against_0825_source
20260825-75f0b69bea1a1c0408fc-01,2026-08-25,手机,device,OPPO,A,A5 5G,,A5 5G,开机屏坏,170.0,元/台,,image,oppo.jpg,数码网报价单-0825更新/手机相关/oppo.jpg,1,0.99,visual_verified_against_0825_source
20260825-cc7dcf7b76503f3de5ef-01,2026-08-25,手机,device,OPPO,A,A5 5G,,A5 5G,不开机,170.0,元/台,,image,oppo.jpg,数码网报价单-0825更新/手机相关/oppo.jpg,1,0.99,visual_verified_against_0825_source
20260825-a5c24aa52d4bb79ff6df-01,2026-08-25,手机,device,OPPO,A,A5 5G,,A5 5G,废板-整机,170.0,元/台,,image,oppo.jpg,数码网报价单-0825更新/手机相关/oppo.jpg,1,0.99,visual_verified_against_0825_source
20260825-3938cdf0cd4155b0ed8e-01,2026-08-25,手机,device,OPPO,A,A59s,,A59s,开机屏好,70.0,元/台,,image,oppo.jpg,数码网报价单-0825更新/手机相关/oppo.jpg,1,0.99,visual_verified_against_0825_source
20260825-3229d468ab5d3df460b8-01,2026-08-25,手机,device,OPPO,A,A59s,,A59s,开机屏好外屏碎,70.0,元/台,,image,oppo.jpg,数码网报价单-0825更新/手机相关/oppo.jpg,1,0.99,visual_verified_against_0825_source
20260825-7729a2ee2b7287deae2f-01,2026-08-25,手机,device,OPPO,A,A59s,,A59s,开机屏坏未拆,70.0,元/台,,image,oppo.jpg,数码网报价单-0825更新/手机相关/oppo.jpg,1,0.99,visual_verified_against_0825_source
20260825-78be33534dd5b2c99b01-01,2026-08-25,手机,device,OPPO,A,A59s,,A59s,开机屏坏,70.0,元/台,,image,oppo.jpg,数码网报价单-0825更新/手机相关/oppo.jpg,1,0.99,visual_verified_against_0825_source
20260825-1f5896a65c68c2a90e3a-01,2026-08-25,手机,device,OPPO,A,A59s,,A59s,不开机,70.0,元/台,,image,oppo.jpg,数码网报价单-0825更新/手机相关/oppo.jpg,1,0.99,visual_verified_against_0825_source
20260825-994e60bda158dc45e901-01,2026-08-25,手机,device,OPPO,A,A59s,,A59s,废板-整机,70.0,元/台,,image,oppo.jpg,数码网报价单-0825更新/手机相关/oppo.jpg,1,0.99,visual_verified_against_0825_source
20260825-02434f8220ba0d4ce849-01,2026-08-25,手机,device,OPPO,A,A59m,,A59m,开机屏好,70.0,元/台,,image,oppo.jpg,数码网报价单-0825更新/手机相关/oppo.jpg,1,0.99,visual_verified_against_0825_source
20260825-0fbe09a66c0e76a82262-01,2026-08-25,手机,device,OPPO,A,A59m,,A59m,开机屏好外屏碎,70.0,元/台,,image,oppo.jpg,数码网报价单-0825更新/手机相关/oppo.jpg,1,0.99,visual_verified_against_0825_source
20260825-463e8700419a780cb02f-01,2026-08-25,手机,device,OPPO,A,A59m,,A59m,开机屏坏未拆,70.0,元/台,,image,oppo.jpg,数码网报价单-0825更新/手机相关/oppo.jpg,1,0.99,visual_verified_against_0825_source
20260825-4990022ae9b3a87b1b9c-01,2026-08-25,手机,device,OPPO,A,A59m,,A59m,开机屏坏,70.0,元/台,,image,oppo.jpg,数码网报价单-0825更新/手机相关/oppo.jpg,1,0.99,visual_verified_against_0825_source
20260825-2ec940f721ad1d1e2efa-01,2026-08-25,手机,device,OPPO,A,A59m,,A59m,不开机,70.0,元/台,,image,oppo.jpg,数码网报价单-0825更新/手机相关/oppo.jpg,1,0.99,visual_verified_against_0825_source
20260825-7e149b3714f047d20deb-01,2026-08-25,手机,device,OPPO,A,A59m,,A59m,废板-整机,70.0,元/台,,image,oppo.jpg,数码网报价单-0825更新/手机相关/oppo.jpg,1,0.99,visual_verified_against_0825_source
20260825-73dcbc1125d29d3ece9f-01,2026-08-25,手机,device,OPPO,A,A59,,A59,开机屏好,70.0,元/台,,image,oppo.jpg,数码网报价单-0825更新/手机相关/oppo.jpg,1,0.99,visual_verified_against_0825_source
20260825-3a60fed1903721cc7d55-01,2026-08-25,手机,device,OPPO,A,A59,,A59,开机屏好外屏碎,70.0,元/台,,image,oppo.jpg,数码网报价单-0825更新/手机相关/oppo.jpg,1,0.99,visual_verified_against_0825_source
20260825-e450ebbe85de682e2a11-01,2026-08-25,手机,device,OPPO,A,A59,,A59,开机屏坏未拆,70.0,元/台,,image,oppo.jpg,数码网报价单-0825更新/手机相关/oppo.jpg,1,0.99,visual_verified_against_0825_source
20260825-fbd5de08e1223e2cb8c3-01,2026-08-25,手机,device,OPPO,A,A59,,A59,开机屏坏,70.0,元/台,,image,oppo.jpg,数码网报价单-0825更新/手机相关/oppo.jpg,1,0.99,visual_verified_against_0825_source
20260825-2080d2bffe4f182a40e5-01,2026-08-25,手机,device,OPPO,A,A59,,A59,不开机,70.0,元/台,,image,oppo.jpg,数码网报价单-0825更新/手机相关/oppo.jpg,1,0.99,visual_verified_against_0825_source
20260825-f7550f57bbf65b056c85-01,2026-08-25,手机,device,OPPO,A,A59,,A59,废板-整机,70.0,元/台,,image,oppo.jpg,数码网报价单-0825更新/手机相关/oppo.jpg,1,0.99,visual_verified_against_0825_source
20260825-a2a0e250a94ec10c2aec-01,2026-08-25,手机,device,OPPO,A,A58,,A58,开机屏好,180.0,元/台,,image,oppo.jpg,数码网报价单-0825更新/手机相关/oppo.jpg,1,0.99,visual_verified_against_0825_source
20260825-d6f18add5bbfba67922d-01,2026-08-25,手机,device,OPPO,A,A58,,A58,开机屏好外屏碎,180.0,元/台,,image,oppo.jpg,数码网报价单-0825更新/手机相关/oppo.jpg,1,0.99,visual_verified_against_0825_source
20260825-b2a6539cde3f82808ce3-01,2026-08-25,手机,device,OPPO,A,A58,,A58,开机屏坏未拆,180.0,元/台,,image,oppo.jpg,数码网报价单-0825更新/手机相关/oppo.jpg,1,0.99,visual_verified_against_0825_source
20260825-ca004f6281b7f80e56bb-01,2026-08-25,手机,device,OPPO,A,A58,,A58,开机屏坏,180.0,元/台,,image,oppo.jpg,数码网报价单-0825更新/手机相关/oppo.jpg,1,0.99,visual_verified_against_0825_source
20260825-210026d5cb9563d4f162-01,2026-08-25,手机,device,OPPO,A,A58,,A58,不开机,180.0,元/台,,image,oppo.jpg,数码网报价单-0825更新/手机相关/oppo.jpg,1,0.99,visual_verified_against_0825_source
20260825-1dedf731160dd0b7effe-01,2026-08-25,手机,device,OPPO,A,A58,,A58,废板-整机,180.0,元/台,,image,oppo.jpg,数码网报价单-0825更新/手机相关/oppo.jpg,1,0.99,visual_verified_against_0825_source
20260825-538adc71c489f31b54b8-01,2026-08-25,手机,device,OPPO,A,A57F,,A57F,开机屏好,20.0,元/台,,image,oppo.jpg,数码网报价单-0825更新/手机相关/oppo.jpg,1,0.99,visual_verified_against_0825_source
20260825-8f9baf481e889f561a75-01,2026-08-25,手机,device,OPPO,A,A57F,,A57F,开机屏好外屏碎,20.0,元/台,,image,oppo.jpg,数码网报价单-0825更新/手机相关/oppo.jpg,1,0.99,visual_verified_against_0825_source
20260825-ba98a36e227575c7857d-01,2026-08-25,手机,device,OPPO,A,A57F,,A57F,开机屏坏未拆,20.0,元/台,,image,oppo.jpg,数码网报价单-0825更新/手机相关/oppo.jpg,1,0.99,visual_verified_against_0825_source
20260825-adcc8c4c23bc6955ffdc-01,2026-08-25,手机,device,OPPO,A,A57F,,A57F,开机屏坏,20.0,元/台,,image,oppo.jpg,数码网报价单-0825更新/手机相关/oppo.jpg,1,0.99,visual_verified_against_0825_source
20260825-52a6d06c4dd25d94debe-01,2026-08-25,手机,device,OPPO,A,A57F,,A57F,不开机,20.0,元/台,,image,oppo.jpg,数码网报价单-0825更新/手机相关/oppo.jpg,1,0.99,visual_verified_against_0825_source
20260825-5476f5a3de6120587463-01,2026-08-25,手机,device,OPPO,A,A57F,,A57F,废板-整机,20.0,元/台,,image,oppo.jpg,数码网报价单-0825更新/手机相关/oppo.jpg,1,0.99,visual_verified_against_0825_source
20260825-48a695c36ba022e39c87-01,2026-08-25,手机,device,OPPO,A,A55S,,A55S,开机屏好,180.0,元/台,,image,oppo.jpg,数码网报价单-0825更新/手机相关/oppo.jpg,1,0.99,visual_verified_against_0825_source
20260825-20c3c9e815854f9b6540-01,2026-08-25,手机,device,OPPO,A,A55S,,A55S,开机屏好外屏碎,180.0,元/台,,image,oppo.jpg,数码网报价单-0825更新/手机相关/oppo.jpg,1,0.99,visual_verified_against_0825_source
20260825-405abc75bd046ad657bf-01,2026-08-25,手机,device,OPPO,A,A55S,,A55S,开机屏坏未拆,180.0,元/台,,image,oppo.jpg,数码网报价单-0825更新/手机相关/oppo.jpg,1,0.99,visual_verified_against_0825_source
20260825-88b92fe5d687b545add6-01,2026-08-25,手机,device,OPPO,A,A55S,,A55S,开机屏坏,180.0,元/台,,image,oppo.jpg,数码网报价单-0825更新/手机相关/oppo.jpg,1,0.99,visual_verified_against_0825_source
20260825-fe79ef4888970f127d3a-01,2026-08-25,手机,device,OPPO,A,A55S,,A55S,不开机,180.0,元/台,,image,oppo.jpg,数码网报价单-0825更新/手机相关/oppo.jpg,1,0.99,visual_verified_against_0825_source
20260825-e223fb4c70faaf3ab940-01,2026-08-25,手机,device,OPPO,A,A55S,,A55S,废板-整机,180.0,元/台,,image,oppo.jpg,数码网报价单-0825更新/手机相关/oppo.jpg,1,0.99,visual_verified_against_0825_source
20260825-18e285623be8fc81d052-01,2026-08-25,手机,device,OPPO,A,A55,,A55,开机屏好,180.0,元/台,,image,oppo.jpg,数码网报价单-0825更新/手机相关/oppo.jpg,1,0.99,visual_verified_against_0825_source
20260825-0e8c77c6a329d84558ed-01,2026-08-25,手机,device,OPPO,A,A55,,A55,开机屏好外屏碎,180.0,元/台,,image,oppo.jpg,数码网报价单-0825更新/手机相关/oppo.jpg,1,0.99,visual_verified_against_0825_source
20260825-74170b4bebbc27cdab5b-01,2026-08-25,手机,device,OPPO,A,A55,,A55,开机屏坏未拆,180.0,元/台,,image,oppo.jpg,数码网报价单-0825更新/手机相关/oppo.jpg,1,0.99,visual_verified_against_0825_source
20260825-53ef78659aca8c75e61a-01,2026-08-25,手机,device,OPPO,A,A55,,A55,开机屏坏,180.0,元/台,,image,oppo.jpg,数码网报价单-0825更新/手机相关/oppo.jpg,1,0.99,visual_verified_against_0825_source
20260825-d801b5c74b40e9dea10c-01,2026-08-25,手机,device,OPPO,A,A55,,A55,不开机,180.0,元/台,,image,oppo.jpg,数码网报价单-0825更新/手机相关/oppo.jpg,1,0.99,visual_verified_against_0825_source
20260825-33075dd30f197c722dd1-01,2026-08-25,手机,device,OPPO,A,A55,,A55,废板-整机,180.0,元/台,,image,oppo.jpg,数码网报价单-0825更新/手机相关/oppo.jpg,1,0.99,visual_verified_against_0825_source
20260825-1bac68a1fe88d8a47917-01,2026-08-25,手机,device,OPPO,A,A54s 外单,,A54s 外单,开机屏好,75.0,元/台,,image,oppo.jpg,数码网报价单-0825更新/手机相关/oppo.jpg,1,0.99,visual_verified_against_0825_source
20260825-496ea02f8a35bb950a13-01,2026-08-25,手机,device,OPPO,A,A54s 外单,,A54s 外单,开机屏好外屏碎,75.0,元/台,,image,oppo.jpg,数码网报价单-0825更新/手机相关/oppo.jpg,1,0.99,visual_verified_against_0825_source
20260825-b71872cf866f74d5e505-01,2026-08-25,手机,device,OPPO,A,A54s 外单,,A54s 外单,开机屏坏未拆,75.0,元/台,,image,oppo.jpg,数码网报价单-0825更新/手机相关/oppo.jpg,1,0.99,visual_verified_against_0825_source
20260825-95e8f70bb0063d8946c5-01,2026-08-25,手机,device,OPPO,A,A54s 外单,,A54s 外单,开机屏坏,75.0,元/台,,image,oppo.jpg,数码网报价单-0825更新/手机相关/oppo.jpg,1,0.99,visual_verified_against_0825_source
20260825-e1c4782aeedc1a7e9d72-01,2026-08-25,手机,device,OPPO,A,A54s 外单,,A54s 外单,不开机,75.0,元/台,,image,oppo.jpg,数码网报价单-0825更新/手机相关/oppo.jpg,1,0.99,visual_verified_against_0825_source
20260825-c63f78a396d36a075f7f-01,2026-08-25,手机,device,OPPO,A,A54s 外单,,A54s 外单,废板-整机,75.0,元/台,,image,oppo.jpg,数码网报价单-0825更新/手机相关/oppo.jpg,1,0.99,visual_verified_against_0825_source
20260825-f371de8f02aa243d57af-01,2026-08-25,手机,device,OPPO,A,A53,,A53,开机屏好,180.0,元/台,,image,oppo.jpg,数码网报价单-0825更新/手机相关/oppo.jpg,1,0.99,visual_verified_against_0825_source
20260825-ed0763e741b809eaed4c-01,2026-08-25,手机,device,OPPO,A,A53,,A53,开机屏好外屏碎,180.0,元/台,,image,oppo.jpg,数码网报价单-0825更新/手机相关/oppo.jpg,1,0.99,visual_verified_against_0825_source
20260825-89fea1c1535d5924ec23-01,2026-08-25,手机,device,OPPO,A,A53,,A53,开机屏坏未拆,180.0,元/台,,image,oppo.jpg,数码网报价单-0825更新/手机相关/oppo.jpg,1,0.99,visual_verified_against_0825_source
20260825-2b8b66f5f3553327b8bf-01,2026-08-25,手机,device,OPPO,A,A53,,A53,开机屏坏,180.0,元/台,,image,oppo.jpg,数码网报价单-0825更新/手机相关/oppo.jpg,1,0.99,visual_verified_against_0825_source
20260825-4b83a8dd956718feefbb-01,2026-08-25,手机,device,OPPO,A,A53,,A53,不开机,180.0,元/台,,image,oppo.jpg,数码网报价单-0825更新/手机相关/oppo.jpg,1,0.99,visual_verified_against_0825_source
20260825-3df52dd338309c96e668-01,2026-08-25,手机,device,OPPO,A,A53,,A53,废板-整机,180.0,元/台,,image,oppo.jpg,数码网报价单-0825更新/手机相关/oppo.jpg,1,0.99,visual_verified_against_0825_source
20260825-3b8696f1c266dcc111d1-01,2026-08-25,手机,device,OPPO,A,A37m,,A37m,开机屏好,35.0,元/台,,image,oppo.jpg,数码网报价单-0825更新/手机相关/oppo.jpg,1,0.99,visual_verified_against_0825_source
20260825-e33526edfbb1ae936b95-01,2026-08-25,手机,device,OPPO,A,A37m,,A37m,开机屏好外屏碎,35.0,元/台,,image,oppo.jpg,数码网报价单-0825更新/手机相关/oppo.jpg,1,0.99,visual_verified_against_0825_source
20260825-289807d5ecbe728aaf81-01,2026-08-25,手机,device,OPPO,A,A37m,,A37m,开机屏坏未拆,35.0,元/台,,image,oppo.jpg,数码网报价单-0825更新/手机相关/oppo.jpg,1,0.99,visual_verified_against_0825_source
20260825-7a006fa6d990a45a6ac6-01,2026-08-25,手机,device,OPPO,A,A37m,,A37m,开机屏坏,35.0,元/台,,image,oppo.jpg,数码网报价单-0825更新/手机相关/oppo.jpg,1,0.99,visual_verified_against_0825_source
20260825-69934865894ef30f8fac-01,2026-08-25,手机,device,OPPO,A,A37m,,A37m,不开机,35.0,元/台,,image,oppo.jpg,数码网报价单-0825更新/手机相关/oppo.jpg,1,0.99,visual_verified_against_0825_source
20260825-229d5194397fa9614779-01,2026-08-25,手机,device,OPPO,A,A37m,,A37m,废板-整机,35.0,元/台,,image,oppo.jpg,数码网报价单-0825更新/手机相关/oppo.jpg,1,0.99,visual_verified_against_0825_source
20260825-3cba9344ba6cfb77155d-01,2026-08-25,手机,device,OPPO,A,A37,,A37,开机屏好,35.0,元/台,,image,oppo.jpg,数码网报价单-0825更新/手机相关/oppo.jpg,1,0.99,visual_verified_against_0825_source
20260825-a35390ba57744fc458b1-01,2026-08-25,手机,device,OPPO,A,A37,,A37,开机屏好外屏碎,35.0,元/台,,image,oppo.jpg,数码网报价单-0825更新/手机相关/oppo.jpg,1,0.99,visual_verified_against_0825_source
20260825-e88045d19bd0925ea5b2-01,2026-08-25,手机,device,OPPO,A,A37,,A37,开机屏坏未拆,35.0,元/台,,image,oppo.jpg,数码网报价单-0825更新/手机相关/oppo.jpg,1,0.99,visual_verified_against_0825_source
20260825-d5f655727abd868642b4-01,2026-08-25,手机,device,OPPO,A,A37,,A37,开机屏坏,35.0,元/台,,image,oppo.jpg,数码网报价单-0825更新/手机相关/oppo.jpg,1,0.99,visual_verified_against_0825_source
20260825-3745543f10b1222c4dfe-01,2026-08-25,手机,device,OPPO,A,A37,,A37,不开机,35.0,元/台,,image,oppo.jpg,数码网报价单-0825更新/手机相关/oppo.jpg,1,0.99,visual_verified_against_0825_source
20260825-7ac4fb620e795e1ed098-01,2026-08-25,手机,device,OPPO,A,A37,,A37,废板-整机,35.0,元/台,,image,oppo.jpg,数码网报价单-0825更新/手机相关/oppo.jpg,1,0.99,visual_verified_against_0825_source
20260825-3d10aca3d0d41492cd67-01,2026-08-25,手机,device,OPPO,A,A37F,,A37F,开机屏好,15.0,元/台,,image,oppo.jpg,数码网报价单-0825更新/手机相关/oppo.jpg,1,0.99,visual_verified_against_0825_source
20260825-30e1d10544b0133348e5-01,2026-08-25,手机,device,OPPO,A,A37F,,A37F,开机屏好外屏碎,15.0,元/台,,image,oppo.jpg,数码网报价单-0825更新/手机相关/oppo.jpg,1,0.99,visual_verified_against_0825_source
20260825-e7a9cba30983f67ce715-01,2026-08-25,手机,device,OPPO,A,A37F,,A37F,开机屏坏未拆,15.0,元/台,,image,oppo.jpg,数码网报价单-0825更新/手机相关/oppo.jpg,1,0.99,visual_verified_against_0825_source
20260825-840a70a4769014d9f51f-01,2026-08-25,手机,device,OPPO,A,A37F,,A37F,开机屏坏,15.0,元/台,,image,oppo.jpg,数码网报价单-0825更新/手机相关/oppo.jpg,1,0.99,visual_verified_against_0825_source
20260825-d81df8dfa4f1670bb924-01,2026-08-25,手机,device,OPPO,A,A37F,,A37F,不开机,15.0,元/台,,image,oppo.jpg,数码网报价单-0825更新/手机相关/oppo.jpg,1,0.99,visual_verified_against_0825_source
20260825-e683256b82632a9a4218-01,2026-08-25,手机,device,OPPO,A,A37F,,A37F,废板-整机,15.0,元/台,,image,oppo.jpg,数码网报价单-0825更新/手机相关/oppo.jpg,1,0.99,visual_verified_against_0825_source
20260825-05145ce55003061a858a-01,2026-08-25,手机,device,OPPO,A,A30,,A30,开机屏好,10.0,元/台,,image,oppo.jpg,数码网报价单-0825更新/手机相关/oppo.jpg,1,0.99,visual_verified_against_0825_source
20260825-17a4a06006e7af846a14-01,2026-08-25,手机,device,OPPO,A,A30,,A30,开机屏好外屏碎,10.0,元/台,,image,oppo.jpg,数码网报价单-0825更新/手机相关/oppo.jpg,1,0.99,visual_verified_against_0825_source
20260825-a31b0232db243769becb-01,2026-08-25,手机,device,OPPO,A,A30,,A30,开机屏坏未拆,8.0,元/台,,image,oppo.jpg,数码网报价单-0825更新/手机相关/oppo.jpg,1,0.99,visual_verified_against_0825_source
20260825-7a89128d09176fc46307-01,2026-08-25,手机,device,OPPO,A,A30,,A30,开机屏坏,8.0,元/台,,image,oppo.jpg,数码网报价单-0825更新/手机相关/oppo.jpg,1,0.99,visual_verified_against_0825_source
20260825-c42af628431d0bd0b540-01,2026-08-25,手机,device,OPPO,A,A30,,A30,不开机,8.0,元/台,,image,oppo.jpg,数码网报价单-0825更新/手机相关/oppo.jpg,1,0.99,visual_verified_against_0825_source
20260825-8c5dfc2a965cfedf7911-01,2026-08-25,手机,device,OPPO,A,A30,,A30,废板-整机,8.0,元/台,,image,oppo.jpg,数码网报价单-0825更新/手机相关/oppo.jpg,1,0.99,visual_verified_against_0825_source
20260825-615756c21eae499555a8-01,2026-08-25,手机,device,OPPO,A,A17,,A17,开机屏好,110.0,元/台,,image,oppo.jpg,数码网报价单-0825更新/手机相关/oppo.jpg,1,0.99,visual_verified_against_0825_source
20260825-9d2b715416b809363435-01,2026-08-25,手机,device,OPPO,A,A17,,A17,开机屏好外屏碎,110.0,元/台,,image,oppo.jpg,数码网报价单-0825更新/手机相关/oppo.jpg,1,0.99,visual_verified_against_0825_source
20260825-ef8ecc5727e851c4c5bc-01,2026-08-25,手机,device,OPPO,A,A17,,A17,开机屏坏未拆,110.0,元/台,,image,oppo.jpg,数码网报价单-0825更新/手机相关/oppo.jpg,1,0.99,visual_verified_against_0825_source
20260825-30a8cec0234f68bda305-01,2026-08-25,手机,device,OPPO,A,A17,,A17,开机屏坏,110.0,元/台,,image,oppo.jpg,数码网报价单-0825更新/手机相关/oppo.jpg,1,0.99,visual_verified_against_0825_source
20260825-ed1b5f768064a8d11427-01,2026-08-25,手机,device,OPPO,A,A17,,A17,不开机,85.0,元/台,,image,oppo.jpg,数码网报价单-0825更新/手机相关/oppo.jpg,1,0.99,visual_verified_against_0825_source
20260825-2455818e90659c8507ae-01,2026-08-25,手机,device,OPPO,A,A17,,A17,废板-整机,85.0,元/台,,image,oppo.jpg,数码网报价单-0825更新/手机相关/oppo.jpg,1,0.99,visual_verified_against_0825_source
20260825-0bed502083d279289ff5-01,2026-08-25,手机,device,OPPO,A,A11 (4+128/8+128/6+128),,A11 (4+128/8+128/6+128),开机屏好,175.0,元/台,,image,oppo.jpg,数码网报价单-0825更新/手机相关/oppo.jpg,1,0.99,visual_verified_against_0825_source
20260825-796a9f971a44e857659b-01,2026-08-25,手机,device,OPPO,A,A11 (4+128/8+128/6+128),,A11 (4+128/8+128/6+128),开机屏好外屏碎,175.0,元/台,,image,oppo.jpg,数码网报价单-0825更新/手机相关/oppo.jpg,1,0.99,visual_verified_against_0825_source
20260825-0b2764cbd5cb6959dea3-01,2026-08-25,手机,device,OPPO,A,A11 (4+128/8+128/6+128),,A11 (4+128/8+128/6+128),开机屏坏未拆,175.0,元/台,,image,oppo.jpg,数码网报价单-0825更新/手机相关/oppo.jpg,1,0.99,visual_verified_against_0825_source
20260825-c1eb807cee194e1f116e-01,2026-08-25,手机,device,OPPO,A,A11 (4+128/8+128/6+128),,A11 (4+128/8+128/6+128),开机屏坏,175.0,元/台,,image,oppo.jpg,数码网报价单-0825更新/手机相关/oppo.jpg,1,0.99,visual_verified_against_0825_source
20260825-e77d9942021b07970f96-01,2026-08-25,手机,device,OPPO,A,A11 (4+128/8+128/6+128),,A11 (4+128/8+128/6+128),不开机,175.0,元/台,,image,oppo.jpg,数码网报价单-0825更新/手机相关/oppo.jpg,1,0.99,visual_verified_against_0825_source
20260825-81b1c318ca3bc67e7dc4-01,2026-08-25,手机,device,OPPO,A,A11 (4+128/8+128/6+128),,A11 (4+128/8+128/6+128),废板-整机,175.0,元/台,,image,oppo.jpg,数码网报价单-0825更新/手机相关/oppo.jpg,1,0.99,visual_verified_against_0825_source
20260825-22b6d9df45e3d7f1371c-01,2026-08-25,手机,device,OPPO,A,A11 (4+64),,A11 (4+64),开机屏好,80.0,元/台,,image,oppo.jpg,数码网报价单-0825更新/手机相关/oppo.jpg,1,0.99,visual_verified_against_0825_source
20260825-6b9cd5d47dede93add15-01,2026-08-25,手机,device,OPPO,A,A11 (4+64),,A11 (4+64),开机屏好外屏碎,80.0,元/台,,image,oppo.jpg,数码网报价单-0825更新/手机相关/oppo.jpg,1,0.99,visual_verified_against_0825_source
20260825-8f1c5f517af27d9487f5-01,2026-08-25,手机,device,OPPO,A,A11 (4+64),,A11 (4+64),开机屏坏未拆,80.0,元/台,,image,oppo.jpg,数码网报价单-0825更新/手机相关/oppo.jpg,1,0.99,visual_verified_against_0825_source
20260825-1dbb9f6351fdccdaf862-01,2026-08-25,手机,device,OPPO,A,A11 (4+64),,A11 (4+64),开机屏坏,80.0,元/台,,image,oppo.jpg,数码网报价单-0825更新/手机相关/oppo.jpg,1,0.99,visual_verified_against_0825_source
20260825-c4696bddd6416c7e144a-01,2026-08-25,手机,device,OPPO,A,A11 (4+64),,A11 (4+64),不开机,80.0,元/台,,image,oppo.jpg,数码网报价单-0825更新/手机相关/oppo.jpg,1,0.99,visual_verified_against_0825_source
20260825-c7cfeb5bc83eec0d6336-01,2026-08-25,手机,device,OPPO,A,A11 (4+64),,A11 (4+64),废板-整机,80.0,元/台,,image,oppo.jpg,数码网报价单-0825更新/手机相关/oppo.jpg,1,0.99,visual_verified_against_0825_source
20260825-8676a0b9a513e29d9349-01,2026-08-25,手机,device,OPPO,A,A11x,,A11x,开机屏好,175.0,元/台,,image,oppo.jpg,数码网报价单-0825更新/手机相关/oppo.jpg,1,0.99,visual_verified_against_0825_source
20260825-5ca36af82083051cea39-01,2026-08-25,手机,device,OPPO,A,A11x,,A11x,开机屏好外屏碎,175.0,元/台,,image,oppo.jpg,数码网报价单-0825更新/手机相关/oppo.jpg,1,0.99,visual_verified_against_0825_source
20260825-b0cf12cfa31951702369-01,2026-08-25,手机,device,OPPO,A,A11x,,A11x,开机屏坏未拆,175.0,元/台,,image,oppo.jpg,数码网报价单-0825更新/手机相关/oppo.jpg,1,0.99,visual_verified_against_0825_source
20260825-45d744b25d99b51245f6-01,2026-08-25,手机,device,OPPO,A,A11x,,A11x,开机屏坏,175.0,元/台,,image,oppo.jpg,数码网报价单-0825更新/手机相关/oppo.jpg,1,0.99,visual_verified_against_0825_source
20260825-4b3b8b4b843a79670f8d-01,2026-08-25,手机,device,OPPO,A,A11x,,A11x,不开机,175.0,元/台,,image,oppo.jpg,数码网报价单-0825更新/手机相关/oppo.jpg,1,0.99,visual_verified_against_0825_source
20260825-fe47f9f54729e2155e25-01,2026-08-25,手机,device,OPPO,A,A11x,,A11x,废板-整机,175.0,元/台,,image,oppo.jpg,数码网报价单-0825更新/手机相关/oppo.jpg,1,0.99,visual_verified_against_0825_source
20260825-ba538ea21d70859f92a2-01,2026-08-25,手机,device,OPPO,A,A9x,,A9x,开机屏好,195.0,元/台,,image,oppo.jpg,数码网报价单-0825更新/手机相关/oppo.jpg,1,0.99,visual_verified_against_0825_source
20260825-1cd464d86f711243ae87-01,2026-08-25,手机,device,OPPO,A,A9x,,A9x,开机屏好外屏碎,195.0,元/台,,image,oppo.jpg,数码网报价单-0825更新/手机相关/oppo.jpg,1,0.99,visual_verified_against_0825_source
20260825-f2baf8d67c9146b17141-01,2026-08-25,手机,device,OPPO,A,A9x,,A9x,开机屏坏未拆,195.0,元/台,,image,oppo.jpg,数码网报价单-0825更新/手机相关/oppo.jpg,1,0.99,visual_verified_against_0825_source
20260825-02ac7a3054782aad28b1-01,2026-08-25,手机,device,OPPO,A,A9x,,A9x,开机屏坏,195.0,元/台,,image,oppo.jpg,数码网报价单-0825更新/手机相关/oppo.jpg,1,0.99,visual_verified_against_0825_source
20260825-af042152c9f36f670fe3-01,2026-08-25,手机,device,OPPO,A,A9x,,A9x,不开机,195.0,元/台,,image,oppo.jpg,数码网报价单-0825更新/手机相关/oppo.jpg,1,0.99,visual_verified_against_0825_source
20260825-69970ef24aea9dbaf927-01,2026-08-25,手机,device,OPPO,A,A9x,,A9x,废板-整机,195.0,元/台,,image,oppo.jpg,数码网报价单-0825更新/手机相关/oppo.jpg,1,0.99,visual_verified_against_0825_source
20260825-fa1b5df19b2d73711984-01,2026-08-25,手机,device,OPPO,A,A9,,A9,开机屏好,195.0,元/台,,image,oppo.jpg,数码网报价单-0825更新/手机相关/oppo.jpg,1,0.99,visual_verified_against_0825_source
20260825-b5890797d23265aa63e0-01,2026-08-25,手机,device,OPPO,A,A9,,A9,开机屏好外屏碎,195.0,元/台,,image,oppo.jpg,数码网报价单-0825更新/手机相关/oppo.jpg,1,0.99,visual_verified_against_0825_source
20260825-77720a514e8fed9ebb74-01,2026-08-25,手机,device,OPPO,A,A9,,A9,开机屏坏未拆,195.0,元/台,,image,oppo.jpg,数码网报价单-0825更新/手机相关/oppo.jpg,1,0.99,visual_verified_against_0825_source
20260825-1fadcc2c9f2785d99eb6-01,2026-08-25,手机,device,OPPO,A,A9,,A9,开机屏坏,195.0,元/台,,image,oppo.jpg,数码网报价单-0825更新/手机相关/oppo.jpg,1,0.99,visual_verified_against_0825_source
20260825-4eb5b6dc845b0c32e09f-01,2026-08-25,手机,device,OPPO,A,A9,,A9,不开机,195.0,元/台,,image,oppo.jpg,数码网报价单-0825更新/手机相关/oppo.jpg,1,0.99,visual_verified_against_0825_source
20260825-7e15c5ff87f355bafcf7-01,2026-08-25,手机,device,OPPO,A,A9,,A9,废板-整机,195.0,元/台,,image,oppo.jpg,数码网报价单-0825更新/手机相关/oppo.jpg,1,0.99,visual_verified_against_0825_source
20260825-18c66fdeab139c348c78-01,2026-08-25,手机,device,OPPO,A,A9 2020,,A9 2020,开机屏好,70.0,元/台,,image,oppo.jpg,数码网报价单-0825更新/手机相关/oppo.jpg,1,0.99,visual_verified_against_0825_source
20260825-5f2aa2f9951e949f439b-01,2026-08-25,手机,device,OPPO,A,A9 2020,,A9 2020,开机屏好外屏碎,70.0,元/台,,image,oppo.jpg,数码网报价单-0825更新/手机相关/oppo.jpg,1,0.99,visual_verified_against_0825_source
20260825-ff51dd5bb79304c6980d-01,2026-08-25,手机,device,OPPO,A,A9 2020,,A9 2020,开机屏坏未拆,60.0,元/台,,image,oppo.jpg,数码网报价单-0825更新/手机相关/oppo.jpg,1,0.99,visual_verified_against_0825_source
20260825-db67e0bc4a59dcbb9126-01,2026-08-25,手机,device,OPPO,A,A9 2020,,A9 2020,开机屏坏,60.0,元/台,,image,oppo.jpg,数码网报价单-0825更新/手机相关/oppo.jpg,1,0.99,visual_verified_against_0825_source
20260825-9a821bb0d48d0210b1e5-01,2026-08-25,手机,device,OPPO,A,A9 2020,,A9 2020,不开机,60.0,元/台,,image,oppo.jpg,数码网报价单-0825更新/手机相关/oppo.jpg,1,0.99,visual_verified_against_0825_source
20260825-01663eb34d4fa694d600-01,2026-08-25,手机,device,OPPO,A,A9 2020,,A9 2020,废板-整机,60.0,元/台,,image,oppo.jpg,数码网报价单-0825更新/手机相关/oppo.jpg,1,0.99,visual_verified_against_0825_source
20260825-765aa76884e198016ae0-01,2026-08-25,手机,device,OPPO,A,A7x,,A7x,开机屏好,195.0,元/台,,image,oppo.jpg,数码网报价单-0825更新/手机相关/oppo.jpg,1,0.99,visual_verified_against_0825_source
20260825-9e8c6464cc7f7161590e-01,2026-08-25,手机,device,OPPO,A,A7x,,A7x,开机屏好外屏碎,195.0,元/台,,image,oppo.jpg,数码网报价单-0825更新/手机相关/oppo.jpg,1,0.99,visual_verified_against_0825_source
20260825-db34db17a727bf6fa4f9-01,2026-08-25,手机,device,OPPO,A,A7x,,A7x,开机屏坏未拆,195.0,元/台,,image,oppo.jpg,数码网报价单-0825更新/手机相关/oppo.jpg,1,0.99,visual_verified_against_0825_source
20260825-b885362c9ab0ac60610f-01,2026-08-25,手机,device,OPPO,A,A7x,,A7x,开机屏坏,195.0,元/台,,image,oppo.jpg,数码网报价单-0825更新/手机相关/oppo.jpg,1,0.99,visual_verified_against_0825_source
20260825-b2e722711f299f6c566f-01,2026-08-25,手机,device,OPPO,A,A7x,,A7x,不开机,195.0,元/台,,image,oppo.jpg,数码网报价单-0825更新/手机相关/oppo.jpg,1,0.99,visual_verified_against_0825_source
20260825-fb3cb900559daecaa5aa-01,2026-08-25,手机,device,OPPO,A,A7x,,A7x,废板-整机,195.0,元/台,,image,oppo.jpg,数码网报价单-0825更新/手机相关/oppo.jpg,1,0.99,visual_verified_against_0825_source
20260825-242d7c14d7974eb9ed2d-01,2026-08-25,手机,device,OPPO,A,A7x 移动,,A7x 移动,开机屏好,195.0,元/台,,image,oppo.jpg,数码网报价单-0825更新/手机相关/oppo.jpg,1,0.99,visual_verified_against_0825_source
20260825-260503cd28a1af031c6f-01,2026-08-25,手机,device,OPPO,A,A7x 移动,,A7x 移动,开机屏好外屏碎,195.0,元/台,,image,oppo.jpg,数码网报价单-0825更新/手机相关/oppo.jpg,1,0.99,visual_verified_against_0825_source
20260825-fab570ecc56cb46c75f2-01,2026-08-25,手机,device,OPPO,A,A7x 移动,,A7x 移动,开机屏坏未拆,195.0,元/台,,image,oppo.jpg,数码网报价单-0825更新/手机相关/oppo.jpg,1,0.99,visual_verified_against_0825_source
20260825-caaabfc482c666dab899-01,2026-08-25,手机,device,OPPO,A,A7x 移动,,A7x 移动,开机屏坏,195.0,元/台,,image,oppo.jpg,数码网报价单-0825更新/手机相关/oppo.jpg,1,0.99,visual_verified_against_0825_source
20260825-40e8a315be5823d211e2-01,2026-08-25,手机,device,OPPO,A,A7x 移动,,A7x 移动,不开机,195.0,元/台,,image,oppo.jpg,数码网报价单-0825更新/手机相关/oppo.jpg,1,0.99,visual_verified_against_0825_source
20260825-64099c01ad72096bf331-01,2026-08-25,手机,device,OPPO,A,A7x 移动,,A7x 移动,废板-整机,195.0,元/台,,image,oppo.jpg,数码网报价单-0825更新/手机相关/oppo.jpg,1,0.99,visual_verified_against_0825_source
20260825-01a246cebf0801680170-01,2026-08-25,手机,device,OPPO,A,A773T,,A773T,开机屏好,125.0,元/台,,image,oppo.jpg,数码网报价单-0825更新/手机相关/oppo.jpg,1,0.99,visual_verified_against_0825_source
20260825-85b0b94377c0e8eabd83-01,2026-08-25,手机,device,OPPO,A,A773T,,A773T,开机屏好外屏碎,125.0,元/台,,image,oppo.jpg,数码网报价单-0825更新/手机相关/oppo.jpg,1,0.99,visual_verified_against_0825_source
20260825-c284262846dc6601a801-01,2026-08-25,手机,device,OPPO,A,A773T,,A773T,开机屏坏未拆,125.0,元/台,,image,oppo.jpg,数码网报价单-0825更新/手机相关/oppo.jpg,1,0.99,visual_verified_against_0825_source
20260825-6f8a51c867ed7a4254a4-01,2026-08-25,手机,device,OPPO,A,A773T,,A773T,开机屏坏,125.0,元/台,,image,oppo.jpg,数码网报价单-0825更新/手机相关/oppo.jpg,1,0.99,visual_verified_against_0825_source
20260825-bddea3db40419cb2e352-01,2026-08-25,手机,device,OPPO,A,A773T,,A773T,不开机,125.0,元/台,,image,oppo.jpg,数码网报价单-0825更新/手机相关/oppo.jpg,1,0.99,visual_verified_against_0825_source
20260825-36e4e5bafab5e4cb809d-01,2026-08-25,手机,device,OPPO,A,A773T,,A773T,废板-整机,125.0,元/台,,image,oppo.jpg,数码网报价单-0825更新/手机相关/oppo.jpg,1,0.99,visual_verified_against_0825_source
20260825-7ed57d2ffb09e2e3427c-01,2026-08-25,手机,device,OPPO,A,A7,,A7,开机屏好,125.0,元/台,,image,oppo.jpg,数码网报价单-0825更新/手机相关/oppo.jpg,1,0.99,visual_verified_against_0825_source
20260825-c56e142d59418d3810c3-01,2026-08-25,手机,device,OPPO,A,A7,,A7,开机屏好外屏碎,125.0,元/台,,image,oppo.jpg,数码网报价单-0825更新/手机相关/oppo.jpg,1,0.99,visual_verified_against_0825_source
20260825-60b5d2b9c7aabb81aa45-01,2026-08-25,手机,device,OPPO,A,A7,,A7,开机屏坏未拆,125.0,元/台,,image,oppo.jpg,数码网报价单-0825更新/手机相关/oppo.jpg,1,0.99,visual_verified_against_0825_source
20260825-46c2cffa97d63ad4d474-01,2026-08-25,手机,device,OPPO,A,A7,,A7,开机屏坏,125.0,元/台,,image,oppo.jpg,数码网报价单-0825更新/手机相关/oppo.jpg,1,0.99,visual_verified_against_0825_source
20260825-d707f6a6ae4c03ba4583-01,2026-08-25,手机,device,OPPO,A,A7,,A7,不开机,125.0,元/台,,image,oppo.jpg,数码网报价单-0825更新/手机相关/oppo.jpg,1,0.99,visual_verified_against_0825_source
20260825-8f2ee6049cf7c33f225c-01,2026-08-25,手机,device,OPPO,A,A7,,A7,废板-整机,125.0,元/台,,image,oppo.jpg,数码网报价单-0825更新/手机相关/oppo.jpg,1,0.99,visual_verified_against_0825_source
20260825-95b6fb126902ea08c697-01,2026-08-25,手机,device,OPPO,A,A5s,,A5s,开机屏好,45.0,元/台,,image,oppo.jpg,数码网报价单-0825更新/手机相关/oppo.jpg,1,0.99,visual_verified_against_0825_source
20260825-e4ff1bdc40879b225bc8-01,2026-08-25,手机,device,OPPO,A,A5s,,A5s,开机屏好外屏碎,45.0,元/台,,image,oppo.jpg,数码网报价单-0825更新/手机相关/oppo.jpg,1,0.99,visual_verified_against_0825_source
20260825-5bf286b389761c9bad99-01,2026-08-25,手机,device,OPPO,A,A5s,,A5s,开机屏坏未拆,45.0,元/台,,image,oppo.jpg,数码网报价单-0825更新/手机相关/oppo.jpg,1,0.99,visual_verified_against_0825_source
20260825-bc194ff7edc21f177734-01,2026-08-25,手机,device,OPPO,A,A5s,,A5s,开机屏坏,45.0,元/台,,image,oppo.jpg,数码网报价单-0825更新/手机相关/oppo.jpg,1,0.99,visual_verified_against_0825_source
20260825-a1a5d744fbcc3a4fcf20-01,2026-08-25,手机,device,OPPO,A,A5s,,A5s,不开机,45.0,元/台,,image,oppo.jpg,数码网报价单-0825更新/手机相关/oppo.jpg,1,0.99,visual_verified_against_0825_source
20260825-0c66cf00136a9506ca9a-01,2026-08-25,手机,device,OPPO,A,A5s,,A5s,废板-整机,45.0,元/台,,image,oppo.jpg,数码网报价单-0825更新/手机相关/oppo.jpg,1,0.99,visual_verified_against_0825_source
20260825-7a8216aab40dfcc59764-01,2026-08-25,手机,device,OPPO,A,A5 Pro,,A5 Pro,开机屏好,260.0,元/台,,image,oppo.jpg,数码网报价单-0825更新/手机相关/oppo.jpg,1,0.99,visual_verified_against_0825_source
20260825-da9e93522f0e30ca159b-01,2026-08-25,手机,device,OPPO,A,A5 Pro,,A5 Pro,开机屏好外屏碎,260.0,元/台,,image,oppo.jpg,数码网报价单-0825更新/手机相关/oppo.jpg,1,0.99,visual_verified_against_0825_source
20260825-834ff10a73a028cfcb80-01,2026-08-25,手机,device,OPPO,A,A5 Pro,,A5 Pro,开机屏坏未拆,100.0,元/台,,image,oppo.jpg,数码网报价单-0825更新/手机相关/oppo.jpg,1,0.99,visual_verified_against_0825_source
20260825-a56da983286cde6322d5-01,2026-08-25,手机,device,OPPO,A,A5 Pro,,A5 Pro,开机屏坏,100.0,元/台,,image,oppo.jpg,数码网报价单-0825更新/手机相关/oppo.jpg,1,0.99,visual_verified_against_0825_source
20260825-6ab137da2eba1cc4885c-01,2026-08-25,手机,device,OPPO,A,A5 Pro,,A5 Pro,不开机,100.0,元/台,,image,oppo.jpg,数码网报价单-0825更新/手机相关/oppo.jpg,1,0.99,visual_verified_against_0825_source
20260825-98dab3ebd8187f032452-01,2026-08-25,手机,device,OPPO,A,A5 Pro,,A5 Pro,废板-整机,100.0,元/台,,image,oppo.jpg,数码网报价单-0825更新/手机相关/oppo.jpg,1,0.99,visual_verified_against_0825_source
20260825-ff16c85de8bff3c6c097-01,2026-08-25,手机,device,OPPO,A,A5 高配,,A5 高配,开机屏好,120.0,元/台,,image,oppo.jpg,数码网报价单-0825更新/手机相关/oppo.jpg,1,0.99,visual_verified_against_0825_source
20260825-df9302d3209730839ea5-01,2026-08-25,手机,device,OPPO,A,A5 高配,,A5 高配,开机屏好外屏碎,120.0,元/台,,image,oppo.jpg,数码网报价单-0825更新/手机相关/oppo.jpg,1,0.99,visual_verified_against_0825_source
20260825-d53e601dbffaf162a56a-01,2026-08-25,手机,device,OPPO,A,A5 高配,,A5 高配,开机屏坏未拆,120.0,元/台,,image,oppo.jpg,数码网报价单-0825更新/手机相关/oppo.jpg,1,0.99,visual_verified_against_0825_source
20260825-7d215304ec9d033bf2ac-01,2026-08-25,手机,device,OPPO,A,A5 高配,,A5 高配,开机屏坏,120.0,元/台,,image,oppo.jpg,数码网报价单-0825更新/手机相关/oppo.jpg,1,0.99,visual_verified_against_0825_source
20260825-206d2aaf50daf05c4138-01,2026-08-25,手机,device,OPPO,A,A5 高配,,A5 高配,不开机,120.0,元/台,,image,oppo.jpg,数码网报价单-0825更新/手机相关/oppo.jpg,1,0.99,visual_verified_against_0825_source
20260825-410d785a968f0a748ba9-01,2026-08-25,手机,device,OPPO,A,A5 高配,,A5 高配,废板-整机,120.0,元/台,,image,oppo.jpg,数码网报价单-0825更新/手机相关/oppo.jpg,1,0.99,visual_verified_against_0825_source
20260825-8c49bc98a26a884cbb55-01,2026-08-25,手机,device,OPPO,A,A5 低配,,A5 低配,开机屏好,100.0,元/台,,image,oppo.jpg,数码网报价单-0825更新/手机相关/oppo.jpg,1,0.99,visual_verified_against_0825_source
20260825-1bcb37a59610e923d5c4-01,2026-08-25,手机,device,OPPO,A,A5 低配,,A5 低配,开机屏好外屏碎,100.0,元/台,,image,oppo.jpg,数码网报价单-0825更新/手机相关/oppo.jpg,1,0.99,visual_verified_against_0825_source
20260825-dd72471a8febd8ac0ef5-01,2026-08-25,手机,device,OPPO,A,A5 低配,,A5 低配,开机屏坏未拆,100.0,元/台,,image,oppo.jpg,数码网报价单-0825更新/手机相关/oppo.jpg,1,0.99,visual_verified_against_0825_source
20260825-295f9b2a18e11713ec63-01,2026-08-25,手机,device,OPPO,A,A5 低配,,A5 低配,开机屏坏,100.0,元/台,,image,oppo.jpg,数码网报价单-0825更新/手机相关/oppo.jpg,1,0.99,visual_verified_against_0825_source
20260825-6cf39e5aebb65e84afc7-01,2026-08-25,手机,device,OPPO,A,A5 低配,,A5 低配,不开机,100.0,元/台,,image,oppo.jpg,数码网报价单-0825更新/手机相关/oppo.jpg,1,0.99,visual_verified_against_0825_source
20260825-5eab4cc9de9bac42a5d6-01,2026-08-25,手机,device,OPPO,A,A5 低配,,A5 低配,废板-整机,100.0,元/台,,image,oppo.jpg,数码网报价单-0825更新/手机相关/oppo.jpg,1,0.99,visual_verified_against_0825_source
20260825-d47fd97fb5263f2fe6a6-01,2026-08-25,手机,device,OPPO,A,A52020,,A52020,开机屏好,70.0,元/台,,image,oppo.jpg,数码网报价单-0825更新/手机相关/oppo.jpg,1,0.99,visual_verified_against_0825_source
20260825-d896ced7822dd0de3577-01,2026-08-25,手机,device,OPPO,A,A52020,,A52020,开机屏好外屏碎,70.0,元/台,,image,oppo.jpg,数码网报价单-0825更新/手机相关/oppo.jpg,1,0.99,visual_verified_against_0825_source
20260825-f14371b05396f54b87f2-01,2026-08-25,手机,device,OPPO,A,A52020,,A52020,开机屏坏未拆,65.0,元/台,,image,oppo.jpg,数码网报价单-0825更新/手机相关/oppo.jpg,1,0.99,visual_verified_against_0825_source
20260825-7723e852e47f20dabb51-01,2026-08-25,手机,device,OPPO,A,A52020,,A52020,开机屏坏,65.0,元/台,,image,oppo.jpg,数码网报价单-0825更新/手机相关/oppo.jpg,1,0.99,visual_verified_against_0825_source
20260825-e7b5cc2df50e85cc2253-01,2026-08-25,手机,device,OPPO,A,A52020,,A52020,不开机,85.0,元/台,,image,oppo.jpg,数码网报价单-0825更新/手机相关/oppo.jpg,1,0.99,visual_verified_against_0825_source
20260825-33921b56fbedbcfc9fc5-01,2026-08-25,手机,device,OPPO,A,A52020,,A52020,废板-整机,65.0,元/台,,image,oppo.jpg,数码网报价单-0825更新/手机相关/oppo.jpg,1,0.99,visual_verified_against_0825_source
20260825-762a707c9e11118776a3-01,2026-08-25,手机,device,OPPO,A,A3i,,A3i,开机屏好,300.0,元/台,,image,oppo.jpg,数码网报价单-0825更新/手机相关/oppo.jpg,1,0.99,visual_verified_against_0825_source
20260825-9e06a5cd72a83410e850-01,2026-08-25,手机,device,OPPO,A,A3i,,A3i,开机屏好外屏碎,260.0,元/台,,image,oppo.jpg,数码网报价单-0825更新/手机相关/oppo.jpg,1,0.99,visual_verified_against_0825_source
20260825-5b88c7c88f13bd15cd29-01,2026-08-25,手机,device,OPPO,A,A3i,,A3i,开机屏坏未拆,260.0,元/台,,image,oppo.jpg,数码网报价单-0825更新/手机相关/oppo.jpg,1,0.99,visual_verified_against_0825_source
20260825-5efcbd12c1b2a1a670ed-01,2026-08-25,手机,device,OPPO,A,A3i,,A3i,开机屏坏,260.0,元/台,,image,oppo.jpg,数码网报价单-0825更新/手机相关/oppo.jpg,1,0.99,visual_verified_against_0825_source
20260825-d1f860c4d81b14fed7a0-01,2026-08-25,手机,device,OPPO,A,A3i,,A3i,不开机,100.0,元/台,,image,oppo.jpg,数码网报价单-0825更新/手机相关/oppo.jpg,1,0.99,visual_verified_against_0825_source
20260825-14816efed377e3b9710e-01,2026-08-25,手机,device,OPPO,A,A3i,,A3i,废板-整机,100.0,元/台,,image,oppo.jpg,数码网报价单-0825更新/手机相关/oppo.jpg,1,0.99,visual_verified_against_0825_source
20260825-cbf77b03e0daf05c45b2-01,2026-08-25,手机,device,OPPO,A,A3i Plus,,A3i Plus,开机屏好,300.0,元/台,,image,oppo.jpg,数码网报价单-0825更新/手机相关/oppo.jpg,1,0.99,visual_verified_against_0825_source
20260825-06f5da3d578d8ba2292d-01,2026-08-25,手机,device,OPPO,A,A3i Plus,,A3i Plus,开机屏好外屏碎,260.0,元/台,,image,oppo.jpg,数码网报价单-0825更新/手机相关/oppo.jpg,1,0.99,visual_verified_against_0825_source
20260825-de28ed57c15b2d63b37e-01,2026-08-25,手机,device,OPPO,A,A3i Plus,,A3i Plus,开机屏坏未拆,260.0,元/台,,image,oppo.jpg,数码网报价单-0825更新/手机相关/oppo.jpg,1,0.99,visual_verified_against_0825_source
20260825-3f0280572dfd1e4b9647-01,2026-08-25,手机,device,OPPO,A,A3i Plus,,A3i Plus,开机屏坏,260.0,元/台,,image,oppo.jpg,数码网报价单-0825更新/手机相关/oppo.jpg,1,0.99,visual_verified_against_0825_source
20260825-e7598f641476e1077f4d-01,2026-08-25,手机,device,OPPO,A,A3i Plus,,A3i Plus,不开机,180.0,元/台,,image,oppo.jpg,数码网报价单-0825更新/手机相关/oppo.jpg,1,0.99,visual_verified_against_0825_source
20260825-84fe3731a7b60aae5671-01,2026-08-25,手机,device,OPPO,A,A3i Plus,,A3i Plus,废板-整机,100.0,元/台,,image,oppo.jpg,数码网报价单-0825更新/手机相关/oppo.jpg,1,0.99,visual_verified_against_0825_source
20260825-aec51df1968113e1ebc0-01,2026-08-25,手机,device,OPPO,A,A3 Pro,,A3 Pro,开机屏好,370.0,元/台,,image,oppo.jpg,数码网报价单-0825更新/手机相关/oppo.jpg,1,0.99,visual_verified_against_0825_source
20260825-f0ae994f142d603077e0-01,2026-08-25,手机,device,OPPO,A,A3 Pro,,A3 Pro,开机屏好外屏碎,370.0,元/台,,image,oppo.jpg,数码网报价单-0825更新/手机相关/oppo.jpg,1,0.99,visual_verified_against_0825_source
20260825-240a97bbbde884505699-01,2026-08-25,手机,device,OPPO,A,A3 Pro,,A3 Pro,开机屏坏未拆,370.0,元/台,,image,oppo.jpg,数码网报价单-0825更新/手机相关/oppo.jpg,1,0.99,visual_verified_against_0825_source
20260825-419c05954b41645f2561-01,2026-08-25,手机,device,OPPO,A,A3 Pro,,A3 Pro,开机屏坏,370.0,元/台,,image,oppo.jpg,数码网报价单-0825更新/手机相关/oppo.jpg,1,0.99,visual_verified_against_0825_source
20260825-43a9927d9572927e82ba-01,2026-08-25,手机,device,OPPO,A,A3 Pro,,A3 Pro,不开机,100.0,元/台,,image,oppo.jpg,数码网报价单-0825更新/手机相关/oppo.jpg,1,0.99,visual_verified_against_0825_source
20260825-4f1181ca031b95e7d857-01,2026-08-25,手机,device,OPPO,A,A3 Pro,,A3 Pro,废板-整机,100.0,元/台,,image,oppo.jpg,数码网报价单-0825更新/手机相关/oppo.jpg,1,0.99,visual_verified_against_0825_source
20260825-16570543827768b4da55-01,2026-08-25,手机,device,OPPO,A,A3,,A3,开机屏好,240.0,元/台,,image,oppo.jpg,数码网报价单-0825更新/手机相关/oppo.jpg,1,0.99,visual_verified_against_0825_source
20260825-a7ca3480d15cb93116ef-01,2026-08-25,手机,device,OPPO,A,A3,,A3,开机屏好外屏碎,240.0,元/台,,image,oppo.jpg,数码网报价单-0825更新/手机相关/oppo.jpg,1,0.99,visual_verified_against_0825_source
20260825-1e8a5c93138317003eb9-01,2026-08-25,手机,device,OPPO,A,A3,,A3,开机屏坏未拆,240.0,元/台,,image,oppo.jpg,数码网报价单-0825更新/手机相关/oppo.jpg,1,0.99,visual_verified_against_0825_source
20260825-7d33f795b3c658c06591-01,2026-08-25,手机,device,OPPO,A,A3,,A3,开机屏坏,240.0,元/台,,image,oppo.jpg,数码网报价单-0825更新/手机相关/oppo.jpg,1,0.99,visual_verified_against_0825_source
20260825-7474ee2d824e1eb7e583-01,2026-08-25,手机,device,OPPO,A,A3,,A3,不开机,100.0,元/台,,image,oppo.jpg,数码网报价单-0825更新/手机相关/oppo.jpg,1,0.99,visual_verified_against_0825_source
20260825-525fb009dd22120635b9-01,2026-08-25,手机,device,OPPO,A,A3,,A3,废板-整机,100.0,元/台,,image,oppo.jpg,数码网报价单-0825更新/手机相关/oppo.jpg,1,0.99,visual_verified_against_0825_source
20260825-434e9043121d168c9d81-01,2026-08-25,手机,device,OPPO,A,A3X,,A3X,开机屏好,300.0,元/台,,image,oppo.jpg,数码网报价单-0825更新/手机相关/oppo.jpg,1,0.99,visual_verified_against_0825_source
20260825-ebe527f99ccab638667e-01,2026-08-25,手机,device,OPPO,A,A3X,,A3X,开机屏好外屏碎,300.0,元/台,,image,oppo.jpg,数码网报价单-0825更新/手机相关/oppo.jpg,1,0.99,visual_verified_against_0825_source
20260825-896b79c0c31047d2c5be-01,2026-08-25,手机,device,OPPO,A,A3X,,A3X,开机屏坏未拆,300.0,元/台,,image,oppo.jpg,数码网报价单-0825更新/手机相关/oppo.jpg,1,0.99,visual_verified_against_0825_source
20260825-76437b9707c71df3ec26-01,2026-08-25,手机,device,OPPO,A,A3X,,A3X,开机屏坏,300.0,元/台,,image,oppo.jpg,数码网报价单-0825更新/手机相关/oppo.jpg,1,0.99,visual_verified_against_0825_source
20260825-71d197ce5f8f557f49e9-01,2026-08-25,手机,device,OPPO,A,A3X,,A3X,不开机,150.0,元/台,,image,oppo.jpg,数码网报价单-0825更新/手机相关/oppo.jpg,1,0.99,visual_verified_against_0825_source
20260825-384d46493029e4bbe882-01,2026-08-25,手机,device,OPPO,A,A3X,,A3X,废板-整机,150.0,元/台,,image,oppo.jpg,数码网报价单-0825更新/手机相关/oppo.jpg,1,0.99,visual_verified_against_0825_source
20260825-b4d510f1c66f4a3a1339-01,2026-08-25,手机,device,OPPO,A,A2,,A2,开机屏好,195.0,元/台,,image,oppo.jpg,数码网报价单-0825更新/手机相关/oppo.jpg,1,0.99,visual_verified_against_0825_source
20260825-f68a953dbda5f16f6c3d-01,2026-08-25,手机,device,OPPO,A,A2,,A2,开机屏好外屏碎,195.0,元/台,,image,oppo.jpg,数码网报价单-0825更新/手机相关/oppo.jpg,1,0.99,visual_verified_against_0825_source
20260825-c16ce21525e31d697958-01,2026-08-25,手机,device,OPPO,A,A2,,A2,开机屏坏未拆,195.0,元/台,,image,oppo.jpg,数码网报价单-0825更新/手机相关/oppo.jpg,1,0.99,visual_verified_against_0825_source
20260825-30872596f6d01f70ef0f-01,2026-08-25,手机,device,OPPO,A,A2,,A2,开机屏坏,195.0,元/台,,image,oppo.jpg,数码网报价单-0825更新/手机相关/oppo.jpg,1,0.99,visual_verified_against_0825_source
20260825-86531b0eae3bf14f477a-01,2026-08-25,手机,device,OPPO,A,A2,,A2,不开机,195.0,元/台,,image,oppo.jpg,数码网报价单-0825更新/手机相关/oppo.jpg,1,0.99,visual_verified_against_0825_source
20260825-dc14c08597a5079c9def-01,2026-08-25,手机,device,OPPO,A,A2,,A2,废板-整机,195.0,元/台,,image,oppo.jpg,数码网报价单-0825更新/手机相关/oppo.jpg,1,0.99,visual_verified_against_0825_source
20260825-c477c77b7244402df3b3-01,2026-08-25,手机,device,OPPO,A,A2 Pro,,A2 Pro,开机屏好,300.0,元/台,,image,oppo.jpg,数码网报价单-0825更新/手机相关/oppo.jpg,1,0.99,visual_verified_against_0825_source
20260825-8b0eb60a1db18d9c9dd6-01,2026-08-25,手机,device,OPPO,A,A2 Pro,,A2 Pro,开机屏好外屏碎,260.0,元/台,,image,oppo.jpg,数码网报价单-0825更新/手机相关/oppo.jpg,1,0.99,visual_verified_against_0825_source
20260825-c23eff04f57be143e989-01,2026-08-25,手机,device,OPPO,A,A2 Pro,,A2 Pro,开机屏坏未拆,260.0,元/台,,image,oppo.jpg,数码网报价单-0825更新/手机相关/oppo.jpg,1,0.99,visual_verified_against_0825_source
20260825-3bb3a4bec8b65ad4bae1-01,2026-08-25,手机,device,OPPO,A,A2 Pro,,A2 Pro,开机屏坏,100.0,元/台,,image,oppo.jpg,数码网报价单-0825更新/手机相关/oppo.jpg,1,0.99,visual_verified_against_0825_source
20260825-c07dffd3347222f9af6c-01,2026-08-25,手机,device,OPPO,A,A2 Pro,,A2 Pro,不开机,100.0,元/台,,image,oppo.jpg,数码网报价单-0825更新/手机相关/oppo.jpg,1,0.99,visual_verified_against_0825_source
20260825-a2d69c6a50c4765c51d4-01,2026-08-25,手机,device,OPPO,A,A2 Pro,,A2 Pro,废板-整机,100.0,元/台,,image,oppo.jpg,数码网报价单-0825更新/手机相关/oppo.jpg,1,0.99,visual_verified_against_0825_source
20260825-3d6826608c383bd3eee4-01,2026-08-25,手机,device,OPPO,A,A2 ES,,A2 ES,开机屏好,360.0,元/台,,image,oppo.jpg,数码网报价单-0825更新/手机相关/oppo.jpg,1,0.99,visual_verified_against_0825_source
20260825-9cea7f0dc254136b2375-01,2026-08-25,手机,device,OPPO,A,A2 ES,,A2 ES,开机屏好外屏碎,360.0,元/台,,image,oppo.jpg,数码网报价单-0825更新/手机相关/oppo.jpg,1,0.99,visual_verified_against_0825_source
20260825-3d1abe18fc63f85d7093-01,2026-08-25,手机,device,OPPO,A,A2 ES,,A2 ES,开机屏坏未拆,360.0,元/台,,image,oppo.jpg,数码网报价单-0825更新/手机相关/oppo.jpg,1,0.99,visual_verified_against_0825_source
20260825-c07695f0d072a7cbc075-01,2026-08-25,手机,device,OPPO,A,A2 ES,,A2 ES,开机屏坏,360.0,元/台,,image,oppo.jpg,数码网报价单-0825更新/手机相关/oppo.jpg,1,0.99,visual_verified_against_0825_source
20260825-88f9b0d069caa70c864f-01,2026-08-25,手机,device,OPPO,A,A2 ES,,A2 ES,不开机,100.0,元/台,,image,oppo.jpg,数码网报价单-0825更新/手机相关/oppo.jpg,1,0.99,visual_verified_against_0825_source
20260825-b59011cfc40773b3e94d-01,2026-08-25,手机,device,OPPO,A,A2 ES,,A2 ES,废板-整机,100.0,元/台,,image,oppo.jpg,数码网报价单-0825更新/手机相关/oppo.jpg,1,0.99,visual_verified_against_0825_source
20260825-d787cabaed473217c125-01,2026-08-25,手机,device,OPPO,A,A1i,,A1i,开机屏好,220.0,元/台,,image,oppo.jpg,数码网报价单-0825更新/手机相关/oppo.jpg,1,0.99,visual_verified_against_0825_source
20260825-76bf1bccfc92db8737a2-01,2026-08-25,手机,device,OPPO,A,A1i,,A1i,开机屏好外屏碎,120.0,元/台,,image,oppo.jpg,数码网报价单-0825更新/手机相关/oppo.jpg,1,0.99,visual_verified_against_0825_source
20260825-1694d1e79ef2ba3a4e75-01,2026-08-25,手机,device,OPPO,A,A1i,,A1i,开机屏坏未拆,180.0,元/台,,image,oppo.jpg,数码网报价单-0825更新/手机相关/oppo.jpg,1,0.99,visual_verified_against_0825_source
20260825-5c8aafa154cf169341a9-01,2026-08-25,手机,device,OPPO,A,A1i,,A1i,开机屏坏,180.0,元/台,,image,oppo.jpg,数码网报价单-0825更新/手机相关/oppo.jpg,1,0.99,visual_verified_against_0825_source
20260825-64de4fe093c997541b0c-01,2026-08-25,手机,device,OPPO,A,A1i,,A1i,不开机,100.0,元/台,,image,oppo.jpg,数码网报价单-0825更新/手机相关/oppo.jpg,1,0.99,visual_verified_against_0825_source
20260825-6ff747491fe7b9e36b3a-01,2026-08-25,手机,device,OPPO,A,A1i,,A1i,废板-整机,100.0,元/台,,image,oppo.jpg,数码网报价单-0825更新/手机相关/oppo.jpg,1,0.99,visual_verified_against_0825_source
20260825-d808d3af20a920410026-01,2026-08-25,手机,device,OPPO,A,A1 Pro,,A1 Pro,开机屏好,230.0,元/台,,image,oppo.jpg,数码网报价单-0825更新/手机相关/oppo.jpg,1,0.99,visual_verified_against_0825_source
20260825-de54061d7c5e9f46bcfc-01,2026-08-25,手机,device,OPPO,A,A1 Pro,,A1 Pro,开机屏好外屏碎,230.0,元/台,,image,oppo.jpg,数码网报价单-0825更新/手机相关/oppo.jpg,1,0.99,visual_verified_against_0825_source
20260825-c1e3045c1cbfc048a989-01,2026-08-25,手机,device,OPPO,A,A1 Pro,,A1 Pro,开机屏坏未拆,230.0,元/台,,image,oppo.jpg,数码网报价单-0825更新/手机相关/oppo.jpg,1,0.99,visual_verified_against_0825_source
20260825-6762dd724a04950d20c1-01,2026-08-25,手机,device,OPPO,A,A1 Pro,,A1 Pro,开机屏坏,230.0,元/台,,image,oppo.jpg,数码网报价单-0825更新/手机相关/oppo.jpg,1,0.99,visual_verified_against_0825_source
20260825-bea91153a20eeb2cae1b-01,2026-08-25,手机,device,OPPO,A,A1 Pro,,A1 Pro,不开机,230.0,元/台,,image,oppo.jpg,数码网报价单-0825更新/手机相关/oppo.jpg,1,0.99,visual_verified_against_0825_source
20260825-56394e549338a66d4c18-01,2026-08-25,手机,device,OPPO,A,A1 Pro,,A1 Pro,废板-整机,230.0,元/台,,image,oppo.jpg,数码网报价单-0825更新/手机相关/oppo.jpg,1,0.99,visual_verified_against_0825_source
20260825-e9cd192244106601d961-01,2026-08-25,手机,device,OPPO,A,A1 活力版,,A1 活力版,开机屏好,200.0,元/台,,image,oppo.jpg,数码网报价单-0825更新/手机相关/oppo.jpg,1,0.99,visual_verified_against_0825_source
20260825-6664fec63f733e7196e6-01,2026-08-25,手机,device,OPPO,A,A1 活力版,,A1 活力版,开机屏好外屏碎,180.0,元/台,,image,oppo.jpg,数码网报价单-0825更新/手机相关/oppo.jpg,1,0.99,visual_verified_against_0825_source
20260825-86cdf65c64f3399d9c0b-01,2026-08-25,手机,device,OPPO,A,A1 活力版,,A1 活力版,开机屏坏未拆,180.0,元/台,,image,oppo.jpg,数码网报价单-0825更新/手机相关/oppo.jpg,1,0.99,visual_verified_against_0825_source
20260825-218a89b1d20f3c2ef6ba-01,2026-08-25,手机,device,OPPO,A,A1 活力版,,A1 活力版,开机屏坏,180.0,元/台,,image,oppo.jpg,数码网报价单-0825更新/手机相关/oppo.jpg,1,0.99,visual_verified_against_0825_source
20260825-17905af670c56a93d04e-01,2026-08-25,手机,device,OPPO,A,A1 活力版,,A1 活力版,不开机,100.0,元/台,,image,oppo.jpg,数码网报价单-0825更新/手机相关/oppo.jpg,1,0.99,visual_verified_against_0825_source
20260825-2a52ef6d705e545a6e34-01,2026-08-25,手机,device,OPPO,A,A1 活力版,,A1 活力版,废板-整机,100.0,元/台,,image,oppo.jpg,数码网报价单-0825更新/手机相关/oppo.jpg,1,0.99,visual_verified_against_0825_source
20260825-1b93a5f38f079f7ae022-01,2026-08-25,手机,device,OPPO,A,A1 5G,,A1 5G,开机屏好,230.0,元/台,,image,oppo.jpg,数码网报价单-0825更新/手机相关/oppo.jpg,1,0.99,visual_verified_against_0825_source
20260825-422835f1d3bdce312847-01,2026-08-25,手机,device,OPPO,A,A1 5G,,A1 5G,开机屏好外屏碎,230.0,元/台,,image,oppo.jpg,数码网报价单-0825更新/手机相关/oppo.jpg,1,0.99,visual_verified_against_0825_source
20260825-9f74e5fd21e034a06823-01,2026-08-25,手机,device,OPPO,A,A1 5G,,A1 5G,开机屏坏未拆,230.0,元/台,,image,oppo.jpg,数码网报价单-0825更新/手机相关/oppo.jpg,1,0.99,visual_verified_against_0825_source
20260825-5c42c676247de842f63e-01,2026-08-25,手机,device,OPPO,A,A1 5G,,A1 5G,开机屏坏,230.0,元/台,,image,oppo.jpg,数码网报价单-0825更新/手机相关/oppo.jpg,1,0.99,visual_verified_against_0825_source
20260825-7f4ea874c2caca7d101c-01,2026-08-25,手机,device,OPPO,A,A1 5G,,A1 5G,不开机,230.0,元/台,,image,oppo.jpg,数码网报价单-0825更新/手机相关/oppo.jpg,1,0.99,visual_verified_against_0825_source
20260825-94ac0f1f2df22f82af5d-01,2026-08-25,手机,device,OPPO,A,A1 5G,,A1 5G,废板-整机,230.0,元/台,,image,oppo.jpg,数码网报价单-0825更新/手机相关/oppo.jpg,1,0.99,visual_verified_against_0825_source
20260825-6bcdbc3a1957e892b116-01,2026-08-25,手机,device,OPPO,A,A1 移动,,A1 移动,开机屏好,85.0,元/台,,image,oppo.jpg,数码网报价单-0825更新/手机相关/oppo.jpg,1,0.99,visual_verified_against_0825_source
20260825-9ec63cef17d18d1c9be6-01,2026-08-25,手机,device,OPPO,A,A1 移动,,A1 移动,开机屏好外屏碎,85.0,元/台,,image,oppo.jpg,数码网报价单-0825更新/手机相关/oppo.jpg,1,0.99,visual_verified_against_0825_source
20260825-c987f918495384f0d7ff-01,2026-08-25,手机,device,OPPO,A,A1 移动,,A1 移动,开机屏坏未拆,85.0,元/台,,image,oppo.jpg,数码网报价单-0825更新/手机相关/oppo.jpg,1,0.99,visual_verified_against_0825_source
20260825-3011d9286ee285d52800-01,2026-08-25,手机,device,OPPO,A,A1 移动,,A1 移动,开机屏坏,85.0,元/台,,image,oppo.jpg,数码网报价单-0825更新/手机相关/oppo.jpg,1,0.99,visual_verified_against_0825_source
20260825-f0c81198aa48eda7268d-01,2026-08-25,手机,device,OPPO,A,A1 移动,,A1 移动,不开机,85.0,元/台,,image,oppo.jpg,数码网报价单-0825更新/手机相关/oppo.jpg,1,0.99,visual_verified_against_0825_source
20260825-e0671c5c17aca21af4b7-01,2026-08-25,手机,device,OPPO,A,A1 移动,,A1 移动,废板-整机,85.0,元/台,,image,oppo.jpg,数码网报价单-0825更新/手机相关/oppo.jpg,1,0.99,visual_verified_against_0825_source
20260825-9a97b4ffa1b4825019f2-01,2026-08-25,手机,device,OPPO,A,A1,,A1,开机屏好,85.0,元/台,,image,oppo.jpg,数码网报价单-0825更新/手机相关/oppo.jpg,1,0.99,visual_verified_against_0825_source
20260825-be5ee138c3d09f83bc61-01,2026-08-25,手机,device,OPPO,A,A1,,A1,开机屏好外屏碎,85.0,元/台,,image,oppo.jpg,数码网报价单-0825更新/手机相关/oppo.jpg,1,0.99,visual_verified_against_0825_source
20260825-cd02614e5f52a791528f-01,2026-08-25,手机,device,OPPO,A,A1,,A1,开机屏坏未拆,85.0,元/台,,image,oppo.jpg,数码网报价单-0825更新/手机相关/oppo.jpg,1,0.99,visual_verified_against_0825_source
20260825-b626ab39f38e9adc7c56-01,2026-08-25,手机,device,OPPO,A,A1,,A1,开机屏坏,85.0,元/台,,image,oppo.jpg,数码网报价单-0825更新/手机相关/oppo.jpg,1,0.99,visual_verified_against_0825_source
20260825-420b1da3502286550d20-01,2026-08-25,手机,device,OPPO,A,A1,,A1,不开机,85.0,元/台,,image,oppo.jpg,数码网报价单-0825更新/手机相关/oppo.jpg,1,0.99,visual_verified_against_0825_source
20260825-c61f7c1ffd4af7b16374-01,2026-08-25,手机,device,OPPO,A,A1,,A1,废板-整机,85.0,元/台,,image,oppo.jpg,数码网报价单-0825更新/手机相关/oppo.jpg,1,0.99,visual_verified_against_0825_source
20260825-5207f05ef7578a3d928f-01,2026-08-25,手机,device,OPPO,K,K15 Pro+,,K15 Pro+,开机屏好,1800.0,元/台,,image,oppo.jpg,数码网报价单-0825更新/手机相关/oppo.jpg,1,0.99,visual_verified_against_0825_source
20260825-32868b4756925ba2122e-01,2026-08-25,手机,device,OPPO,K,K15 Pro+,,K15 Pro+,开机屏好外屏碎,1300.0,元/台,,image,oppo.jpg,数码网报价单-0825更新/手机相关/oppo.jpg,1,0.99,visual_verified_against_0825_source
20260825-ffd4dbc678468c5c8687-01,2026-08-25,手机,device,OPPO,K,K15 Pro+,,K15 Pro+,开机屏坏未拆,1100.0,元/台,,image,oppo.jpg,数码网报价单-0825更新/手机相关/oppo.jpg,1,0.99,visual_verified_against_0825_source
20260825-9d9a656ae24f152c5f05-01,2026-08-25,手机,device,OPPO,K,K15 Pro+,,K15 Pro+,开机屏坏,900.0,元/台,,image,oppo.jpg,数码网报价单-0825更新/手机相关/oppo.jpg,1,0.99,visual_verified_against_0825_source
20260825-ad9f853e0402321ad612-01,2026-08-25,手机,device,OPPO,K,K15 Pro+,,K15 Pro+,不开机,150.0,元/台,,image,oppo.jpg,数码网报价单-0825更新/手机相关/oppo.jpg,1,0.99,visual_verified_against_0825_source
20260825-44b35e957f9d70507206-01,2026-08-25,手机,device,OPPO,K,K15 Pro+,,K15 Pro+,废板-整机,150.0,元/台,,image,oppo.jpg,数码网报价单-0825更新/手机相关/oppo.jpg,1,0.99,visual_verified_against_0825_source
20260825-ed9aebbff50b21700785-01,2026-08-25,手机,device,OPPO,K,K13 Turbo Pro,,K13 Turbo Pro,开机屏好,300.0,元/台,,image,oppo.jpg,数码网报价单-0825更新/手机相关/oppo.jpg,1,0.99,visual_verified_against_0825_source
20260825-f542bee3d4b98bc513c8-01,2026-08-25,手机,device,OPPO,K,K13 Turbo Pro,,K13 Turbo Pro,开机屏好外屏碎,300.0,元/台,,image,oppo.jpg,数码网报价单-0825更新/手机相关/oppo.jpg,1,0.99,visual_verified_against_0825_source
20260825-b938422d4a9d2ca9fbe3-01,2026-08-25,手机,device,OPPO,K,K13 Turbo Pro,,K13 Turbo Pro,开机屏坏未拆,300.0,元/台,,image,oppo.jpg,数码网报价单-0825更新/手机相关/oppo.jpg,1,0.99,visual_verified_against_0825_source
20260825-006c46b2f52e7f91ff76-01,2026-08-25,手机,device,OPPO,K,K13 Turbo Pro,,K13 Turbo Pro,开机屏坏,300.0,元/台,,image,oppo.jpg,数码网报价单-0825更新/手机相关/oppo.jpg,1,0.99,visual_verified_against_0825_source
20260825-6f0178c6b1534991f383-01,2026-08-25,手机,device,OPPO,K,K13 Turbo Pro,,K13 Turbo Pro,不开机,100.0,元/台,,image,oppo.jpg,数码网报价单-0825更新/手机相关/oppo.jpg,1,0.99,visual_verified_against_0825_source
20260825-041e7799184c56938cf3-01,2026-08-25,手机,device,OPPO,K,K13 Turbo Pro,,K13 Turbo Pro,废板-整机,100.0,元/台,,image,oppo.jpg,数码网报价单-0825更新/手机相关/oppo.jpg,1,0.99,visual_verified_against_0825_source
20260825-4b92e2f841f9d6374c60-01,2026-08-25,手机,device,OPPO,K,K11,,K11,开机屏好,210.0,元/台,,image,oppo.jpg,数码网报价单-0825更新/手机相关/oppo.jpg,1,0.99,visual_verified_against_0825_source
20260825-e31c0f1c2d2e968c700f-01,2026-08-25,手机,device,OPPO,K,K11,,K11,开机屏好外屏碎,210.0,元/台,,image,oppo.jpg,数码网报价单-0825更新/手机相关/oppo.jpg,1,0.99,visual_verified_against_0825_source
20260825-f9325d7e69099a8c00f9-01,2026-08-25,手机,device,OPPO,K,K11,,K11,开机屏坏未拆,210.0,元/台,,image,oppo.jpg,数码网报价单-0825更新/手机相关/oppo.jpg,1,0.99,visual_verified_against_0825_source
20260825-e338d7ec15e6337a9814-01,2026-08-25,手机,device,OPPO,K,K11,,K11,开机屏坏,210.0,元/台,,image,oppo.jpg,数码网报价单-0825更新/手机相关/oppo.jpg,1,0.99,visual_verified_against_0825_source
20260825-72cb21d74ad5fbc9e3df-01,2026-08-25,手机,device,OPPO,K,K11,,K11,不开机,210.0,元/台,,image,oppo.jpg,数码网报价单-0825更新/手机相关/oppo.jpg,1,0.99,visual_verified_against_0825_source
20260825-9d3da9e521b902185074-01,2026-08-25,手机,device,OPPO,K,K11,,K11,废板-整机,150.0,元/台,,image,oppo.jpg,数码网报价单-0825更新/手机相关/oppo.jpg,1,0.99,visual_verified_against_0825_source
20260825-f8fcc9a5be4ea6000147-01,2026-08-25,手机,device,OPPO,K,K10 Pro,,K10 Pro,开机屏好,175.0,元/台,,image,oppo.jpg,数码网报价单-0825更新/手机相关/oppo.jpg,1,0.99,visual_verified_against_0825_source
20260825-c59e72f8264fb2c60bb7-01,2026-08-25,手机,device,OPPO,K,K10 Pro,,K10 Pro,开机屏好外屏碎,175.0,元/台,,image,oppo.jpg,数码网报价单-0825更新/手机相关/oppo.jpg,1,0.99,visual_verified_against_0825_source
20260825-d4790578da74b488ee13-01,2026-08-25,手机,device,OPPO,K,K10 Pro,,K10 Pro,开机屏坏未拆,175.0,元/台,,image,oppo.jpg,数码网报价单-0825更新/手机相关/oppo.jpg,1,0.99,visual_verified_against_0825_source
20260825-ba32e05682b702423db2-01,2026-08-25,手机,device,OPPO,K,K10 Pro,,K10 Pro,开机屏坏,175.0,元/台,,image,oppo.jpg,数码网报价单-0825更新/手机相关/oppo.jpg,1,0.99,visual_verified_against_0825_source
20260825-62eda4a0c2b9bab1c89d-01,2026-08-25,手机,device,OPPO,K,K10 Pro,,K10 Pro,不开机,175.0,元/台,,image,oppo.jpg,数码网报价单-0825更新/手机相关/oppo.jpg,1,0.99,visual_verified_against_0825_source
20260825-f369ee90564dae50f468-01,2026-08-25,手机,device,OPPO,K,K10 Pro,,K10 Pro,废板-整机,175.0,元/台,,image,oppo.jpg,数码网报价单-0825更新/手机相关/oppo.jpg,1,0.99,visual_verified_against_0825_source
20260825-6194d3dc9e09b5ad4126-01,2026-08-25,手机,device,OPPO,K,K10X,,K10X,开机屏好,180.0,元/台,,image,oppo.jpg,数码网报价单-0825更新/手机相关/oppo.jpg,1,0.99,visual_verified_against_0825_source
20260825-946c73ef106db1c1b308-01,2026-08-25,手机,device,OPPO,K,K10X,,K10X,开机屏好外屏碎,180.0,元/台,,image,oppo.jpg,数码网报价单-0825更新/手机相关/oppo.jpg,1,0.99,visual_verified_against_0825_source
20260825-532df76c5d7b83f3a7a7-01,2026-08-25,手机,device,OPPO,K,K10X,,K10X,开机屏坏未拆,180.0,元/台,,image,oppo.jpg,数码网报价单-0825更新/手机相关/oppo.jpg,1,0.99,visual_verified_against_0825_source
20260825-6fb2bd199629b44d4af9-01,2026-08-25,手机,device,OPPO,K,K10X,,K10X,开机屏坏,180.0,元/台,,image,oppo.jpg,数码网报价单-0825更新/手机相关/oppo.jpg,1,0.99,visual_verified_against_0825_source
20260825-c02019f771bbe710f0fa-01,2026-08-25,手机,device,OPPO,K,K10X,,K10X,不开机,180.0,元/台,,image,oppo.jpg,数码网报价单-0825更新/手机相关/oppo.jpg,1,0.99,visual_verified_against_0825_source
20260825-84bebd88a43cfa315c4e-01,2026-08-25,手机,device,OPPO,K,K10X,,K10X,废板-整机,180.0,元/台,,image,oppo.jpg,数码网报价单-0825更新/手机相关/oppo.jpg,1,0.99,visual_verified_against_0825_source
20260825-a9175d111a7c505e26a5-01,2026-08-25,手机,device,OPPO,K,K10,,K10,开机屏好,230.0,元/台,,image,oppo.jpg,数码网报价单-0825更新/手机相关/oppo.jpg,1,0.99,visual_verified_against_0825_source
20260825-ea2a1dd5074de7311990-01,2026-08-25,手机,device,OPPO,K,K10,,K10,开机屏好外屏碎,230.0,元/台,,image,oppo.jpg,数码网报价单-0825更新/手机相关/oppo.jpg,1,0.99,visual_verified_against_0825_source
20260825-e616939ee2dc88574fa9-01,2026-08-25,手机,device,OPPO,K,K10,,K10,开机屏坏未拆,140.0,元/台,,image,oppo.jpg,数码网报价单-0825更新/手机相关/oppo.jpg,1,0.99,visual_verified_against_0825_source
20260825-2f3301fb32727a47c68d-01,2026-08-25,手机,device,OPPO,K,K10,,K10,开机屏坏,140.0,元/台,,image,oppo.jpg,数码网报价单-0825更新/手机相关/oppo.jpg,1,0.99,visual_verified_against_0825_source
20260825-460b83c580237e3102b8-01,2026-08-25,手机,device,OPPO,K,K10,,K10,不开机,140.0,元/台,,image,oppo.jpg,数码网报价单-0825更新/手机相关/oppo.jpg,1,0.99,visual_verified_against_0825_source
20260825-524f9702c814abd141c1-01,2026-08-25,手机,device,OPPO,K,K10,,K10,废板-整机,140.0,元/台,,image,oppo.jpg,数码网报价单-0825更新/手机相关/oppo.jpg,1,0.99,visual_verified_against_0825_source
20260825-ee69d75ebf7ac54ef083-01,2026-08-25,手机,device,OPPO,K,K9 Pro,,K9 Pro,开机屏好,140.0,元/台,,image,oppo.jpg,数码网报价单-0825更新/手机相关/oppo.jpg,1,0.99,visual_verified_against_0825_source
20260825-bdba8be9daac619feab6-01,2026-08-25,手机,device,OPPO,K,K9 Pro,,K9 Pro,开机屏好外屏碎,140.0,元/台,,image,oppo.jpg,数码网报价单-0825更新/手机相关/oppo.jpg,1,0.99,visual_verified_against_0825_source
20260825-a5482338c484096dd054-01,2026-08-25,手机,device,OPPO,K,K9 Pro,,K9 Pro,开机屏坏未拆,140.0,元/台,,image,oppo.jpg,数码网报价单-0825更新/手机相关/oppo.jpg,1,0.99,visual_verified_against_0825_source
20260825-b3f50f3dd4f5fd2a99e2-01,2026-08-25,手机,device,OPPO,K,K9 Pro,,K9 Pro,开机屏坏,140.0,元/台,,image,oppo.jpg,数码网报价单-0825更新/手机相关/oppo.jpg,1,0.99,visual_verified_against_0825_source
20260825-68a7156ad5976b7db7d9-01,2026-08-25,手机,device,OPPO,K,K9 Pro,,K9 Pro,不开机,140.0,元/台,,image,oppo.jpg,数码网报价单-0825更新/手机相关/oppo.jpg,1,0.99,visual_verified_against_0825_source
20260825-e119f8a91f26a2996125-01,2026-08-25,手机,device,OPPO,K,K9 Pro,,K9 Pro,废板-整机,140.0,元/台,,image,oppo.jpg,数码网报价单-0825更新/手机相关/oppo.jpg,1,0.99,visual_verified_against_0825_source
20260825-da4b005874b9792558ef-01,2026-08-25,手机,device,OPPO,K,K9X (6+128),,K9X (6+128),开机屏好,175.0,元/台,,image,oppo.jpg,数码网报价单-0825更新/手机相关/oppo.jpg,1,0.99,visual_verified_against_0825_source
20260825-a06c77eb0935126ca3c7-01,2026-08-25,手机,device,OPPO,K,K9X (6+128),,K9X (6+128),开机屏好外屏碎,175.0,元/台,,image,oppo.jpg,数码网报价单-0825更新/手机相关/oppo.jpg,1,0.99,visual_verified_against_0825_source
20260825-e8261e2b4047f05c7b5f-01,2026-08-25,手机,device,OPPO,K,K9X (6+128),,K9X (6+128),开机屏坏未拆,175.0,元/台,,image,oppo.jpg,数码网报价单-0825更新/手机相关/oppo.jpg,1,0.99,visual_verified_against_0825_source
20260825-c1b7660cc991d5f25dd3-01,2026-08-25,手机,device,OPPO,K,K9X (6+128),,K9X (6+128),开机屏坏,175.0,元/台,,image,oppo.jpg,数码网报价单-0825更新/手机相关/oppo.jpg,1,0.99,visual_verified_against_0825_source
20260825-53e7b272119922e52036-01,2026-08-25,手机,device,OPPO,K,K9X (6+128),,K9X (6+128),不开机,175.0,元/台,,image,oppo.jpg,数码网报价单-0825更新/手机相关/oppo.jpg,1,0.99,visual_verified_against_0825_source
20260825-f8390971576491af1635-01,2026-08-25,手机,device,OPPO,K,K9X (6+128),,K9X (6+128),废板-整机,175.0,元/台,,image,oppo.jpg,数码网报价单-0825更新/手机相关/oppo.jpg,1,0.99,visual_verified_against_0825_source
20260825-a8ce4778067820fdd548-01,2026-08-25,手机,device,OPPO,K,K9X (8+128),,K9X (8+128),开机屏好,175.0,元/台,,image,oppo.jpg,数码网报价单-0825更新/手机相关/oppo.jpg,1,0.99,visual_verified_against_0825_source
20260825-ebe3e6eaa1250110eb90-01,2026-08-25,手机,device,OPPO,K,K9X (8+128),,K9X (8+128),开机屏好外屏碎,175.0,元/台,,image,oppo.jpg,数码网报价单-0825更新/手机相关/oppo.jpg,1,0.99,visual_verified_against_0825_source
20260825-9d1275941908da5145a4-01,2026-08-25,手机,device,OPPO,K,K9X (8+128),,K9X (8+128),开机屏坏未拆,175.0,元/台,,image,oppo.jpg,数码网报价单-0825更新/手机相关/oppo.jpg,1,0.99,visual_verified_against_0825_source
20260825-f37d3699b2a4aa8a8de7-01,2026-08-25,手机,device,OPPO,K,K9X (8+128),,K9X (8+128),开机屏坏,175.0,元/台,,image,oppo.jpg,数码网报价单-0825更新/手机相关/oppo.jpg,1,0.99,visual_verified_against_0825_source
20260825-4f6f327467122544ef88-01,2026-08-25,手机,device,OPPO,K,K9X (8+128),,K9X (8+128),不开机,175.0,元/台,,image,oppo.jpg,数码网报价单-0825更新/手机相关/oppo.jpg,1,0.99,visual_verified_against_0825_source
20260825-045ff6c003b8241ab579-01,2026-08-25,手机,device,OPPO,K,K9X (8+128),,K9X (8+128),废板-整机,175.0,元/台,,image,oppo.jpg,数码网报价单-0825更新/手机相关/oppo.jpg,1,0.99,visual_verified_against_0825_source
20260825-b804c4d9304f28cdde1b-01,2026-08-25,手机,device,OPPO,K,K9X (8+256),,K9X (8+256),开机屏好,230.0,元/台,,image,oppo.jpg,数码网报价单-0825更新/手机相关/oppo.jpg,1,0.99,visual_verified_against_0825_source
20260825-11de700491c2f0887457-01,2026-08-25,手机,device,OPPO,K,K9X (8+256),,K9X (8+256),开机屏好外屏碎,230.0,元/台,,image,oppo.jpg,数码网报价单-0825更新/手机相关/oppo.jpg,1,0.99,visual_verified_against_0825_source
20260825-6ace7f7970d45461359d-01,2026-08-25,手机,device,OPPO,K,K9X (8+256),,K9X (8+256),开机屏坏未拆,230.0,元/台,,image,oppo.jpg,数码网报价单-0825更新/手机相关/oppo.jpg,1,0.99,visual_verified_against_0825_source
20260825-c0d71dcb6bfcbdaae191-01,2026-08-25,手机,device,OPPO,K,K9X (8+256),,K9X (8+256),开机屏坏,230.0,元/台,,image,oppo.jpg,数码网报价单-0825更新/手机相关/oppo.jpg,1,0.99,visual_verified_against_0825_source
20260825-e4f16bf5464e07cf8cca-01,2026-08-25,手机,device,OPPO,K,K9X (8+256),,K9X (8+256),不开机,230.0,元/台,,image,oppo.jpg,数码网报价单-0825更新/手机相关/oppo.jpg,1,0.99,visual_verified_against_0825_source
20260825-7b9c2eb2ed6ee31a49cb-01,2026-08-25,手机,device,OPPO,K,K9X (8+256),,K9X (8+256),废板-整机,230.0,元/台,,image,oppo.jpg,数码网报价单-0825更新/手机相关/oppo.jpg,1,0.99,visual_verified_against_0825_source
20260825-652c5da4b811ad793d90-01,2026-08-25,手机,device,OPPO,K,K9s,,K9s,开机屏好,175.0,元/台,,image,oppo.jpg,数码网报价单-0825更新/手机相关/oppo.jpg,1,0.99,visual_verified_against_0825_source
20260825-2c46a60fa05676ca2a23-01,2026-08-25,手机,device,OPPO,K,K9s,,K9s,开机屏好外屏碎,175.0,元/台,,image,oppo.jpg,数码网报价单-0825更新/手机相关/oppo.jpg,1,0.99,visual_verified_against_0825_source
20260825-f1adfc3a611fc3f0d8a1-01,2026-08-25,手机,device,OPPO,K,K9s,,K9s,开机屏坏未拆,175.0,元/台,,image,oppo.jpg,数码网报价单-0825更新/手机相关/oppo.jpg,1,0.99,visual_verified_against_0825_source
20260825-fce895f1374c848e6e05-01,2026-08-25,手机,device,OPPO,K,K9s,,K9s,开机屏坏,175.0,元/台,,image,oppo.jpg,数码网报价单-0825更新/手机相关/oppo.jpg,1,0.99,visual_verified_against_0825_source
20260825-15832ead89efc1bfcd83-01,2026-08-25,手机,device,OPPO,K,K9s,,K9s,不开机,175.0,元/台,,image,oppo.jpg,数码网报价单-0825更新/手机相关/oppo.jpg,1,0.99,visual_verified_against_0825_source
20260825-75065f8d6d6584f8f858-01,2026-08-25,手机,device,OPPO,K,K9s,,K9s,废板-整机,175.0,元/台,,image,oppo.jpg,数码网报价单-0825更新/手机相关/oppo.jpg,1,0.99,visual_verified_against_0825_source
20260825-15de5bca6a3f18686066-01,2026-08-25,手机,device,OPPO,K,K9 (8+128),,K9 (8+128),开机屏好,175.0,元/台,,image,oppo.jpg,数码网报价单-0825更新/手机相关/oppo.jpg,1,0.99,visual_verified_against_0825_source
20260825-ad23171f790a32213fcc-01,2026-08-25,手机,device,OPPO,K,K9 (8+128),,K9 (8+128),开机屏好外屏碎,175.0,元/台,,image,oppo.jpg,数码网报价单-0825更新/手机相关/oppo.jpg,1,0.99,visual_verified_against_0825_source
20260825-5aabf2ed52b8e31b42bd-01,2026-08-25,手机,device,OPPO,K,K9 (8+128),,K9 (8+128),开机屏坏未拆,175.0,元/台,,image,oppo.jpg,数码网报价单-0825更新/手机相关/oppo.jpg,1,0.99,visual_verified_against_0825_source
20260825-7b492fba66a6a78347ac-01,2026-08-25,手机,device,OPPO,K,K9 (8+128),,K9 (8+128),开机屏坏,175.0,元/台,,image,oppo.jpg,数码网报价单-0825更新/手机相关/oppo.jpg,1,0.99,visual_verified_against_0825_source
20260825-eea3ca26744cfaa0e8fc-01,2026-08-25,手机,device,OPPO,K,K9 (8+128),,K9 (8+128),不开机,175.0,元/台,,image,oppo.jpg,数码网报价单-0825更新/手机相关/oppo.jpg,1,0.99,visual_verified_against_0825_source
20260825-99eb7a99b56a78f1a488-01,2026-08-25,手机,device,OPPO,K,K9 (8+128),,K9 (8+128),废板-整机,175.0,元/台,,image,oppo.jpg,数码网报价单-0825更新/手机相关/oppo.jpg,1,0.99,visual_verified_against_0825_source
20260825-bc652a3cee5c0ff725e1-01,2026-08-25,手机,device,OPPO,K,K1 (8+256),,K1 (8+256),开机屏好,230.0,元/台,,image,oppo.jpg,数码网报价单-0825更新/手机相关/oppo.jpg,1,0.99,visual_verified_against_0825_source
20260825-35016d2bd511604e5836-01,2026-08-25,手机,device,OPPO,K,K1 (8+256),,K1 (8+256),开机屏好外屏碎,230.0,元/台,,image,oppo.jpg,数码网报价单-0825更新/手机相关/oppo.jpg,1,0.99,visual_verified_against_0825_source
20260825-92f8ac2725b9d4dd8f49-01,2026-08-25,手机,device,OPPO,K,K1 (8+256),,K1 (8+256),开机屏坏未拆,230.0,元/台,,image,oppo.jpg,数码网报价单-0825更新/手机相关/oppo.jpg,1,0.99,visual_verified_against_0825_source
20260825-d497e950c769e515934e-01,2026-08-25,手机,device,OPPO,K,K1 (8+256),,K1 (8+256),开机屏坏,230.0,元/台,,image,oppo.jpg,数码网报价单-0825更新/手机相关/oppo.jpg,1,0.99,visual_verified_against_0825_source
20260825-c0f8ea30e1e6243a9a8f-01,2026-08-25,手机,device,OPPO,K,K1 (8+256),,K1 (8+256),不开机,230.0,元/台,,image,oppo.jpg,数码网报价单-0825更新/手机相关/oppo.jpg,1,0.99,visual_verified_against_0825_source
20260825-5fad8ff7a7a4f59ce256-01,2026-08-25,手机,device,OPPO,K,K1 (8+256),,K1 (8+256),废板-整机,230.0,元/台,,image,oppo.jpg,数码网报价单-0825更新/手机相关/oppo.jpg,1,0.99,visual_verified_against_0825_source
20260825-c1db997a7618c6b8a727-01,2026-08-25,手机,device,OPPO,K,K7,,K7,开机屏好,175.0,元/台,,image,oppo.jpg,数码网报价单-0825更新/手机相关/oppo.jpg,1,0.99,visual_verified_against_0825_source
20260825-69945e9432fea89f0a08-01,2026-08-25,手机,device,OPPO,K,K7,,K7,开机屏好外屏碎,175.0,元/台,,image,oppo.jpg,数码网报价单-0825更新/手机相关/oppo.jpg,1,0.99,visual_verified_against_0825_source
20260825-059c5cb73ca558f3acdc-01,2026-08-25,手机,device,OPPO,K,K7,,K7,开机屏坏未拆,175.0,元/台,,image,oppo.jpg,数码网报价单-0825更新/手机相关/oppo.jpg,1,0.99,visual_verified_against_0825_source
20260825-b82877c640902c035438-01,2026-08-25,手机,device,OPPO,K,K7,,K7,开机屏坏,175.0,元/台,,image,oppo.jpg,数码网报价单-0825更新/手机相关/oppo.jpg,1,0.99,visual_verified_against_0825_source
20260825-cb066673a318dbab56d1-01,2026-08-25,手机,device,OPPO,K,K7,,K7,不开机,175.0,元/台,,image,oppo.jpg,数码网报价单-0825更新/手机相关/oppo.jpg,1,0.99,visual_verified_against_0825_source
20260825-5d4edb79590994cb3d3c-01,2026-08-25,手机,device,OPPO,K,K7,,K7,废板-整机,175.0,元/台,,image,oppo.jpg,数码网报价单-0825更新/手机相关/oppo.jpg,1,0.99,visual_verified_against_0825_source
20260825-484f4e96402940e7b2f6-01,2026-08-25,手机,device,OPPO,K,K5 (6+128),,K5 (6+128),开机屏好,175.0,元/台,,image,oppo.jpg,数码网报价单-0825更新/手机相关/oppo.jpg,1,0.99,visual_verified_against_0825_source
20260825-227131c28f1a904fcc4b-01,2026-08-25,手机,device,OPPO,K,K5 (6+128),,K5 (6+128),开机屏好外屏碎,175.0,元/台,,image,oppo.jpg,数码网报价单-0825更新/手机相关/oppo.jpg,1,0.99,visual_verified_against_0825_source
20260825-a4547630a3dfae94dc96-01,2026-08-25,手机,device,OPPO,K,K5 (6+128),,K5 (6+128),开机屏坏未拆,175.0,元/台,,image,oppo.jpg,数码网报价单-0825更新/手机相关/oppo.jpg,1,0.99,visual_verified_against_0825_source
20260825-adf00868cf46ccbd5618-01,2026-08-25,手机,device,OPPO,K,K5 (6+128),,K5 (6+128),开机屏坏,175.0,元/台,,image,oppo.jpg,数码网报价单-0825更新/手机相关/oppo.jpg,1,0.99,visual_verified_against_0825_source
20260825-bee95bd6955dc280180d-01,2026-08-25,手机,device,OPPO,K,K5 (6+128),,K5 (6+128),不开机,175.0,元/台,,image,oppo.jpg,数码网报价单-0825更新/手机相关/oppo.jpg,1,0.99,visual_verified_against_0825_source
20260825-c3cf3821bc5a2dcaf130-01,2026-08-25,手机,device,OPPO,K,K5 (6+128),,K5 (6+128),废板-整机,175.0,元/台,,image,oppo.jpg,数码网报价单-0825更新/手机相关/oppo.jpg,1,0.99,visual_verified_against_0825_source
20260825-78d57af770ef36c140dc-01,2026-08-25,手机,device,OPPO,K,K5 (8+128),,K5 (8+128),开机屏好,175.0,元/台,,image,oppo.jpg,数码网报价单-0825更新/手机相关/oppo.jpg,1,0.99,visual_verified_against_0825_source
20260825-1e97f6e02cda417bc2e2-01,2026-08-25,手机,device,OPPO,K,K5 (8+128),,K5 (8+128),开机屏好外屏碎,175.0,元/台,,image,oppo.jpg,数码网报价单-0825更新/手机相关/oppo.jpg,1,0.99,visual_verified_against_0825_source
20260825-bc458f74f7b0f5dde49f-01,2026-08-25,手机,device,OPPO,K,K5 (8+128),,K5 (8+128),开机屏坏未拆,175.0,元/台,,image,oppo.jpg,数码网报价单-0825更新/手机相关/oppo.jpg,1,0.99,visual_verified_against_0825_source
20260825-a261f4cd63cc30dea016-01,2026-08-25,手机,device,OPPO,K,K5 (8+128),,K5 (8+128),开机屏坏,175.0,元/台,,image,oppo.jpg,数码网报价单-0825更新/手机相关/oppo.jpg,1,0.99,visual_verified_against_0825_source
20260825-146a8d6bfc3cd80033c4-01,2026-08-25,手机,device,OPPO,K,K5 (8+128),,K5 (8+128),不开机,175.0,元/台,,image,oppo.jpg,数码网报价单-0825更新/手机相关/oppo.jpg,1,0.99,visual_verified_against_0825_source
20260825-0c3d568573e6b2dd4f1e-01,2026-08-25,手机,device,OPPO,K,K5 (8+128),,K5 (8+128),废板-整机,175.0,元/台,,image,oppo.jpg,数码网报价单-0825更新/手机相关/oppo.jpg,1,0.99,visual_verified_against_0825_source
20260825-1a08ff15b7c306afd852-01,2026-08-25,手机,device,OPPO,K,K4,,K4,开机屏好,230.0,元/台,,image,oppo.jpg,数码网报价单-0825更新/手机相关/oppo.jpg,1,0.99,visual_verified_against_0825_source
20260825-7055ff9f44736c230ea7-01,2026-08-25,手机,device,OPPO,K,K4,,K4,开机屏好外屏碎,230.0,元/台,,image,oppo.jpg,数码网报价单-0825更新/手机相关/oppo.jpg,1,0.99,visual_verified_against_0825_source
20260825-049d322575ee1ab72d83-01,2026-08-25,手机,device,OPPO,K,K4,,K4,开机屏坏未拆,230.0,元/台,,image,oppo.jpg,数码网报价单-0825更新/手机相关/oppo.jpg,1,0.99,visual_verified_against_0825_source
20260825-4533fb4af80d25be0bf7-01,2026-08-25,手机,device,OPPO,K,K4,,K4,开机屏坏,230.0,元/台,,image,oppo.jpg,数码网报价单-0825更新/手机相关/oppo.jpg,1,0.99,visual_verified_against_0825_source
20260825-dddfb8fe6d0240f1cbd2-01,2026-08-25,手机,device,OPPO,K,K4,,K4,不开机,230.0,元/台,,image,oppo.jpg,数码网报价单-0825更新/手机相关/oppo.jpg,1,0.99,visual_verified_against_0825_source
20260825-0d288628e3b639961acb-01,2026-08-25,手机,device,OPPO,K,K4,,K4,废板-整机,230.0,元/台,,image,oppo.jpg,数码网报价单-0825更新/手机相关/oppo.jpg,1,0.99,visual_verified_against_0825_source
20260825-30bc47c8a540eab279ac-01,2026-08-25,手机,device,OPPO,K,K3 中配,,K3 中配,开机屏好,175.0,元/台,,image,oppo.jpg,数码网报价单-0825更新/手机相关/oppo.jpg,1,0.99,visual_verified_against_0825_source
20260825-606b5a6e4ba4583bdf49-01,2026-08-25,手机,device,OPPO,K,K3 中配,,K3 中配,开机屏好外屏碎,175.0,元/台,,image,oppo.jpg,数码网报价单-0825更新/手机相关/oppo.jpg,1,0.99,visual_verified_against_0825_source
20260825-69df7a2626e3807b288a-01,2026-08-25,手机,device,OPPO,K,K3 中配,,K3 中配,开机屏坏未拆,175.0,元/台,,image,oppo.jpg,数码网报价单-0825更新/手机相关/oppo.jpg,1,0.99,visual_verified_against_0825_source
20260825-1b5e5d53e1cc49c7d05c-01,2026-08-25,手机,device,OPPO,K,K3 中配,,K3 中配,开机屏坏,175.0,元/台,,image,oppo.jpg,数码网报价单-0825更新/手机相关/oppo.jpg,1,0.99,visual_verified_against_0825_source
20260825-1d6dbbd9fd058b3d332d-01,2026-08-25,手机,device,OPPO,K,K3 中配,,K3 中配,不开机,175.0,元/台,,image,oppo.jpg,数码网报价单-0825更新/手机相关/oppo.jpg,1,0.99,visual_verified_against_0825_source
20260825-94d9badada8af0637f0e-01,2026-08-25,手机,device,OPPO,K,K3 中配,,K3 中配,废板-整机,175.0,元/台,,image,oppo.jpg,数码网报价单-0825更新/手机相关/oppo.jpg,1,0.99,visual_verified_against_0825_source
20260825-e01d3441363f4106e9f4-01,2026-08-25,手机,device,OPPO,K,K3,,K3,开机屏好,120.0,元/台,,image,oppo.jpg,数码网报价单-0825更新/手机相关/oppo.jpg,1,0.99,visual_verified_against_0825_source
20260825-688693c77605bbaab1eb-01,2026-08-25,手机,device,OPPO,K,K3,,K3,开机屏好外屏碎,120.0,元/台,,image,oppo.jpg,数码网报价单-0825更新/手机相关/oppo.jpg,1,0.99,visual_verified_against_0825_source
20260825-6d2a3b1ae7a02b46e7a7-01,2026-08-25,手机,device,OPPO,K,K3,,K3,开机屏坏未拆,120.0,元/台,,image,oppo.jpg,数码网报价单-0825更新/手机相关/oppo.jpg,1,0.99,visual_verified_against_0825_source
20260825-86fea98543cd39fe4646-01,2026-08-25,手机,device,OPPO,K,K3,,K3,开机屏坏,120.0,元/台,,image,oppo.jpg,数码网报价单-0825更新/手机相关/oppo.jpg,1,0.99,visual_verified_against_0825_source
20260825-ae72e8907e8989cfbfc7-01,2026-08-25,手机,device,OPPO,K,K3,,K3,不开机,120.0,元/台,,image,oppo.jpg,数码网报价单-0825更新/手机相关/oppo.jpg,1,0.99,visual_verified_against_0825_source
20260825-101a22d38b875d82c01a-01,2026-08-25,手机,device,OPPO,K,K3,,K3,废板-整机,120.0,元/台,,image,oppo.jpg,数码网报价单-0825更新/手机相关/oppo.jpg,1,0.99,visual_verified_against_0825_source
20260825-da21e44e0542250a3155-01,2026-08-25,手机,device,OPPO,K,K1,,K1,开机屏好,130.0,元/台,,image,oppo.jpg,数码网报价单-0825更新/手机相关/oppo.jpg,1,0.99,visual_verified_against_0825_source
20260825-ed8a8bff85e72f81f430-01,2026-08-25,手机,device,OPPO,K,K1,,K1,开机屏好外屏碎,130.0,元/台,,image,oppo.jpg,数码网报价单-0825更新/手机相关/oppo.jpg,1,0.99,visual_verified_against_0825_source
20260825-5088393c454abfb12305-01,2026-08-25,手机,device,OPPO,K,K1,,K1,开机屏坏未拆,130.0,元/台,,image,oppo.jpg,数码网报价单-0825更新/手机相关/oppo.jpg,1,0.99,visual_verified_against_0825_source
20260825-51e18380e202366c09b3-01,2026-08-25,手机,device,OPPO,K,K1,,K1,开机屏坏,130.0,元/台,,image,oppo.jpg,数码网报价单-0825更新/手机相关/oppo.jpg,1,0.99,visual_verified_against_0825_source
20260825-cd25c7e3d3dbce6d5ac1-01,2026-08-25,手机,device,OPPO,K,K1,,K1,不开机,130.0,元/台,,image,oppo.jpg,数码网报价单-0825更新/手机相关/oppo.jpg,1,0.99,visual_verified_against_0825_source
20260825-ef489a7e066eb2b27616-01,2026-08-25,手机,device,OPPO,K,K1,,K1,废板-整机,130.0,元/台,,image,oppo.jpg,数码网报价单-0825更新/手机相关/oppo.jpg,1,0.99,visual_verified_against_0825_source
20260825-6146c894c5cacc88fb52-01,2026-08-25,手机,device,OPPO,X/国产,X907,,X907,开机屏好,10.0,元/台,,image,oppo.jpg,数码网报价单-0825更新/手机相关/oppo.jpg,1,0.99,visual_verified_against_0825_source
20260825-59390992466b2ea9dc03-01,2026-08-25,手机,device,OPPO,X/国产,X907,,X907,开机屏好外屏碎,10.0,元/台,,image,oppo.jpg,数码网报价单-0825更新/手机相关/oppo.jpg,1,0.99,visual_verified_against_0825_source
20260825-5e99da9f4b9bccf7e27d-01,2026-08-25,手机,device,OPPO,X/国产,X907,,X907,开机屏坏未拆,5.0,元/台,,image,oppo.jpg,数码网报价单-0825更新/手机相关/oppo.jpg,1,0.99,visual_verified_against_0825_source
20260825-ae8d619c6daa3b7ef69d-01,2026-08-25,手机,device,OPPO,X/国产,X907,,X907,开机屏坏,5.0,元/台,,image,oppo.jpg,数码网报价单-0825更新/手机相关/oppo.jpg,1,0.99,visual_verified_against_0825_source
20260825-fe986b36205024417296-01,2026-08-25,手机,device,OPPO,X/国产,X907,,X907,不开机,5.0,元/台,,image,oppo.jpg,数码网报价单-0825更新/手机相关/oppo.jpg,1,0.99,visual_verified_against_0825_source
20260825-335f920848b6dc7b7160-01,2026-08-25,手机,device,OPPO,X/国产,X907,,X907,废板-整机,5.0,元/台,,image,oppo.jpg,数码网报价单-0825更新/手机相关/oppo.jpg,1,0.99,visual_verified_against_0825_source
20260825-f5b93baf34a610ed483f-01,2026-08-25,手机,device,OPPO,X/国产,R833,,R833,开机屏好,10.0,元/台,,image,oppo.jpg,数码网报价单-0825更新/手机相关/oppo.jpg,1,0.99,visual_verified_against_0825_source
20260825-7ff1a8e305a48ebdec3e-01,2026-08-25,手机,device,OPPO,X/国产,R833,,R833,开机屏好外屏碎,10.0,元/台,,image,oppo.jpg,数码网报价单-0825更新/手机相关/oppo.jpg,1,0.99,visual_verified_against_0825_source
20260825-93a8b0b08c04441f391d-01,2026-08-25,手机,device,OPPO,X/国产,R833,,R833,开机屏坏未拆,10.0,元/台,,image,oppo.jpg,数码网报价单-0825更新/手机相关/oppo.jpg,1,0.99,visual_verified_against_0825_source
20260825-f12723728619da6edd1d-01,2026-08-25,手机,device,OPPO,X/国产,R833,,R833,开机屏坏,10.0,元/台,,image,oppo.jpg,数码网报价单-0825更新/手机相关/oppo.jpg,1,0.99,visual_verified_against_0825_source
20260825-7abb1d06d99e3d786d7b-01,2026-08-25,手机,device,OPPO,X/国产,R833,,R833,不开机,10.0,元/台,,image,oppo.jpg,数码网报价单-0825更新/手机相关/oppo.jpg,1,0.99,visual_verified_against_0825_source
20260825-ab8f824602d73e3d58b9-01,2026-08-25,手机,device,OPPO,X/国产,R833,,R833,废板-整机,10.0,元/台,,image,oppo.jpg,数码网报价单-0825更新/手机相关/oppo.jpg,1,0.99,visual_verified_against_0825_source
20260825-f968608868e5a4b3207b-01,2026-08-25,手机,device,OPPO,X/国产,R831t,,R831t,开机屏好,10.0,元/台,,image,oppo.jpg,数码网报价单-0825更新/手机相关/oppo.jpg,1,0.99,visual_verified_against_0825_source
20260825-0f316ab47280e119fe0a-01,2026-08-25,手机,device,OPPO,X/国产,R831t,,R831t,开机屏好外屏碎,10.0,元/台,,image,oppo.jpg,数码网报价单-0825更新/手机相关/oppo.jpg,1,0.99,visual_verified_against_0825_source
20260825-d3d65596906c27ac6ce2-01,2026-08-25,手机,device,OPPO,X/国产,R831t,,R831t,开机屏坏未拆,10.0,元/台,,image,oppo.jpg,数码网报价单-0825更新/手机相关/oppo.jpg,1,0.99,visual_verified_against_0825_source
20260825-6107d17f0d947d2b6123-01,2026-08-25,手机,device,OPPO,X/国产,R831t,,R831t,开机屏坏,10.0,元/台,,image,oppo.jpg,数码网报价单-0825更新/手机相关/oppo.jpg,1,0.99,visual_verified_against_0825_source
20260825-e92577424faf9d2c7f3a-01,2026-08-25,手机,device,OPPO,X/国产,R831t,,R831t,不开机,10.0,元/台,,image,oppo.jpg,数码网报价单-0825更新/手机相关/oppo.jpg,1,0.99,visual_verified_against_0825_source
20260825-f06f76a5323cfd3d80f7-01,2026-08-25,手机,device,OPPO,X/国产,R831t,,R831t,废板-整机,10.0,元/台,,image,oppo.jpg,数码网报价单-0825更新/手机相关/oppo.jpg,1,0.99,visual_verified_against_0825_source
20260825-21b3c8d84abe7cdc2250-01,2026-08-25,手机,device,OPPO,X/国产,R831s,,R831s,开机屏好,10.0,元/台,,image,oppo.jpg,数码网报价单-0825更新/手机相关/oppo.jpg,1,0.99,visual_verified_against_0825_source
20260825-56d740d998b5bf02b61a-01,2026-08-25,手机,device,OPPO,X/国产,R831s,,R831s,开机屏好外屏碎,10.0,元/台,,image,oppo.jpg,数码网报价单-0825更新/手机相关/oppo.jpg,1,0.99,visual_verified_against_0825_source
20260825-d00d0bc3ef12e5eea825-01,2026-08-25,手机,device,OPPO,X/国产,R831s,,R831s,开机屏坏未拆,10.0,元/台,,image,oppo.jpg,数码网报价单-0825更新/手机相关/oppo.jpg,1,0.99,visual_verified_against_0825_source
20260825-c3e69bea36faf2dc1811-01,2026-08-25,手机,device,OPPO,X/国产,R831s,,R831s,开机屏坏,10.0,元/台,,image,oppo.jpg,数码网报价单-0825更新/手机相关/oppo.jpg,1,0.99,visual_verified_against_0825_source
20260825-97681092113370ce37db-01,2026-08-25,手机,device,OPPO,X/国产,R831s,,R831s,不开机,10.0,元/台,,image,oppo.jpg,数码网报价单-0825更新/手机相关/oppo.jpg,1,0.99,visual_verified_against_0825_source
20260825-7b2f6d7e1286de277c06-01,2026-08-25,手机,device,OPPO,X/国产,R831s,,R831s,废板-整机,10.0,元/台,,image,oppo.jpg,数码网报价单-0825更新/手机相关/oppo.jpg,1,0.99,visual_verified_against_0825_source
20260825-826966556803d127af00-01,2026-08-25,手机,device,OPPO,X/国产,R830,,R830,开机屏好,10.0,元/台,,image,oppo.jpg,数码网报价单-0825更新/手机相关/oppo.jpg,1,0.99,visual_verified_against_0825_source
20260825-9b4407c3b17e00c6c88a-01,2026-08-25,手机,device,OPPO,X/国产,R830,,R830,开机屏好外屏碎,10.0,元/台,,image,oppo.jpg,数码网报价单-0825更新/手机相关/oppo.jpg,1,0.99,visual_verified_against_0825_source
20260825-f959160414a80cc2e7d3-01,2026-08-25,手机,device,OPPO,X/国产,R830,,R830,开机屏坏未拆,10.0,元/台,,image,oppo.jpg,数码网报价单-0825更新/手机相关/oppo.jpg,1,0.99,visual_verified_against_0825_source
20260825-c8fca5c2fe8dc9609da6-01,2026-08-25,手机,device,OPPO,X/国产,R830,,R830,开机屏坏,10.0,元/台,,image,oppo.jpg,数码网报价单-0825更新/手机相关/oppo.jpg,1,0.99,visual_verified_against_0825_source
20260825-ab19091b7b61d7add22d-01,2026-08-25,手机,device,OPPO,X/国产,R830,,R830,不开机,10.0,元/台,,image,oppo.jpg,数码网报价单-0825更新/手机相关/oppo.jpg,1,0.99,visual_verified_against_0825_source
20260825-bc09649575fe75bb1c86-01,2026-08-25,手机,device,OPPO,X/国产,R830,,R830,废板-整机,10.0,元/台,,image,oppo.jpg,数码网报价单-0825更新/手机相关/oppo.jpg,1,0.99,visual_verified_against_0825_source
20260825-e20a6f0228b3d5f2bcda-01,2026-08-25,手机,device,OPPO,X/国产,R829t,,R829t,开机屏好,18.0,元/台,,image,oppo.jpg,数码网报价单-0825更新/手机相关/oppo.jpg,1,0.99,visual_verified_against_0825_source
20260825-ed97b9e31944725d28a2-01,2026-08-25,手机,device,OPPO,X/国产,R829t,,R829t,开机屏好外屏碎,18.0,元/台,,image,oppo.jpg,数码网报价单-0825更新/手机相关/oppo.jpg,1,0.99,visual_verified_against_0825_source
20260825-f96621b983aadcad46e2-01,2026-08-25,手机,device,OPPO,X/国产,R829t,,R829t,开机屏坏未拆,18.0,元/台,,image,oppo.jpg,数码网报价单-0825更新/手机相关/oppo.jpg,1,0.99,visual_verified_against_0825_source
20260825-b1c15c2d9890c560be61-01,2026-08-25,手机,device,OPPO,X/国产,R829t,,R829t,开机屏坏,18.0,元/台,,image,oppo.jpg,数码网报价单-0825更新/手机相关/oppo.jpg,1,0.99,visual_verified_against_0825_source
20260825-6b826b9bf9e81cd36a77-01,2026-08-25,手机,device,OPPO,X/国产,R829t,,R829t,不开机,18.0,元/台,,image,oppo.jpg,数码网报价单-0825更新/手机相关/oppo.jpg,1,0.99,visual_verified_against_0825_source
20260825-a6c01d90ea22a614a790-01,2026-08-25,手机,device,OPPO,X/国产,R829t,,R829t,废板-整机,18.0,元/台,,image,oppo.jpg,数码网报价单-0825更新/手机相关/oppo.jpg,1,0.99,visual_verified_against_0825_source
20260825-d730ac24a6e3a2bf013e-01,2026-08-25,手机,device,OPPO,X/国产,R827t,,R827t,开机屏好,10.0,元/台,,image,oppo.jpg,数码网报价单-0825更新/手机相关/oppo.jpg,1,0.99,visual_verified_against_0825_source
20260825-7ca50f9e08af8cf8ce51-01,2026-08-25,手机,device,OPPO,X/国产,R827t,,R827t,开机屏好外屏碎,10.0,元/台,,image,oppo.jpg,数码网报价单-0825更新/手机相关/oppo.jpg,1,0.99,visual_verified_against_0825_source
20260825-9042cdb46d1b673b2bf3-01,2026-08-25,手机,device,OPPO,X/国产,R827t,,R827t,开机屏坏未拆,10.0,元/台,,image,oppo.jpg,数码网报价单-0825更新/手机相关/oppo.jpg,1,0.99,visual_verified_against_0825_source
20260825-a6ccb9bf722fa4ebdf7b-01,2026-08-25,手机,device,OPPO,X/国产,R827t,,R827t,开机屏坏,10.0,元/台,,image,oppo.jpg,数码网报价单-0825更新/手机相关/oppo.jpg,1,0.99,visual_verified_against_0825_source
20260825-0be17fa9f2422fff8d1a-01,2026-08-25,手机,device,OPPO,X/国产,R827t,,R827t,不开机,10.0,元/台,,image,oppo.jpg,数码网报价单-0825更新/手机相关/oppo.jpg,1,0.99,visual_verified_against_0825_source
20260825-1d3a9d1eaed819f02539-01,2026-08-25,手机,device,OPPO,X/国产,R827t,,R827t,废板-整机,10.0,元/台,,image,oppo.jpg,数码网报价单-0825更新/手机相关/oppo.jpg,1,0.99,visual_verified_against_0825_source
20260825-65d4dd17c7eadfa3bc86-01,2026-08-25,手机,device,OPPO,R,R17全网高配,,R17全网高配,开机屏好,175.0,元/台,,image,oppo.jpg,数码网报价单-0825更新/手机相关/oppo.jpg,1,0.99,visual_verified_against_0825_source
20260825-53047e492de42482f1ae-01,2026-08-25,手机,device,OPPO,R,R17全网高配,,R17全网高配,开机屏好外屏碎,175.0,元/台,,image,oppo.jpg,数码网报价单-0825更新/手机相关/oppo.jpg,1,0.99,visual_verified_against_0825_source
20260825-36ba91e8646484ecf022-01,2026-08-25,手机,device,OPPO,R,R17全网高配,,R17全网高配,开机屏坏未拆,175.0,元/台,,image,oppo.jpg,数码网报价单-0825更新/手机相关/oppo.jpg,1,0.99,visual_verified_against_0825_source
20260825-a30e408e361b7c2982e8-01,2026-08-25,手机,device,OPPO,R,R17全网高配,,R17全网高配,开机屏坏,175.0,元/台,,image,oppo.jpg,数码网报价单-0825更新/手机相关/oppo.jpg,1,0.99,visual_verified_against_0825_source
20260825-e2eb3b50ed0cbb8d0715-01,2026-08-25,手机,device,OPPO,R,R17全网高配,,R17全网高配,不开机,175.0,元/台,,image,oppo.jpg,数码网报价单-0825更新/手机相关/oppo.jpg,1,0.99,visual_verified_against_0825_source
20260825-199c5097604cb2440048-01,2026-08-25,手机,device,OPPO,R,R17全网高配,,R17全网高配,废板-整机,175.0,元/台,,image,oppo.jpg,数码网报价单-0825更新/手机相关/oppo.jpg,1,0.99,visual_verified_against_0825_source
20260825-715dcc085b867ce7527d-01,2026-08-25,手机,device,OPPO,R,R17移动低配,,R17移动低配,开机屏好,175.0,元/台,,image,oppo.jpg,数码网报价单-0825更新/手机相关/oppo.jpg,1,0.99,visual_verified_against_0825_source
20260825-3b91551216b1e5f94b82-01,2026-08-25,手机,device,OPPO,R,R17移动低配,,R17移动低配,开机屏好外屏碎,175.0,元/台,,image,oppo.jpg,数码网报价单-0825更新/手机相关/oppo.jpg,1,0.99,visual_verified_against_0825_source
20260825-b4264e46da3eaf8c8bdf-01,2026-08-25,手机,device,OPPO,R,R17移动低配,,R17移动低配,开机屏坏未拆,175.0,元/台,,image,oppo.jpg,数码网报价单-0825更新/手机相关/oppo.jpg,1,0.99,visual_verified_against_0825_source
20260825-7051ffb8135c1bfdebca-01,2026-08-25,手机,device,OPPO,R,R17移动低配,,R17移动低配,开机屏坏,175.0,元/台,,image,oppo.jpg,数码网报价单-0825更新/手机相关/oppo.jpg,1,0.99,visual_verified_against_0825_source
20260825-5940001668ea9a88a0b5-01,2026-08-25,手机,device,OPPO,R,R17移动低配,,R17移动低配,不开机,175.0,元/台,,image,oppo.jpg,数码网报价单-0825更新/手机相关/oppo.jpg,1,0.99,visual_verified_against_0825_source
20260825-bde7cca44fecc2b62eea-01,2026-08-25,手机,device,OPPO,R,R17移动低配,,R17移动低配,废板-整机,175.0,元/台,,image,oppo.jpg,数码网报价单-0825更新/手机相关/oppo.jpg,1,0.99,visual_verified_against_0825_source
20260825-ae521ed7425b31490ddd-01,2026-08-25,手机,device,OPPO,R,R17pro移动,,R17pro移动,开机屏好,175.0,元/台,,image,oppo.jpg,数码网报价单-0825更新/手机相关/oppo.jpg,1,0.99,visual_verified_against_0825_source
20260825-bb8e5624571f1870052e-01,2026-08-25,手机,device,OPPO,R,R17pro移动,,R17pro移动,开机屏好外屏碎,175.0,元/台,,image,oppo.jpg,数码网报价单-0825更新/手机相关/oppo.jpg,1,0.99,visual_verified_against_0825_source
20260825-65557253108611391171-01,2026-08-25,手机,device,OPPO,R,R17pro移动,,R17pro移动,开机屏坏未拆,175.0,元/台,,image,oppo.jpg,数码网报价单-0825更新/手机相关/oppo.jpg,1,0.99,visual_verified_against_0825_source
20260825-f7da31bc14103d39cda2-01,2026-08-25,手机,device,OPPO,R,R17pro移动,,R17pro移动,开机屏坏,175.0,元/台,,image,oppo.jpg,数码网报价单-0825更新/手机相关/oppo.jpg,1,0.99,visual_verified_against_0825_source
20260825-40ed51cb44c2ac63da81-01,2026-08-25,手机,device,OPPO,R,R17pro移动,,R17pro移动,不开机,175.0,元/台,,image,oppo.jpg,数码网报价单-0825更新/手机相关/oppo.jpg,1,0.99,visual_verified_against_0825_source
20260825-96634373cfa848d458ea-01,2026-08-25,手机,device,OPPO,R,R17pro移动,,R17pro移动,废板-整机,175.0,元/台,,image,oppo.jpg,数码网报价单-0825更新/手机相关/oppo.jpg,1,0.99,visual_verified_against_0825_source
20260825-55ad7434a59a56ca46cd-01,2026-08-25,手机,device,OPPO,R,R17pro,,R17pro,开机屏好,175.0,元/台,,image,oppo.jpg,数码网报价单-0825更新/手机相关/oppo.jpg,1,0.99,visual_verified_against_0825_source
20260825-0f01b1bedc21ac05f1ef-01,2026-08-25,手机,device,OPPO,R,R17pro,,R17pro,开机屏好外屏碎,175.0,元/台,,image,oppo.jpg,数码网报价单-0825更新/手机相关/oppo.jpg,1,0.99,visual_verified_against_0825_source
20260825-a0a355f90ec5be31119e-01,2026-08-25,手机,device,OPPO,R,R17pro,,R17pro,开机屏坏未拆,175.0,元/台,,image,oppo.jpg,数码网报价单-0825更新/手机相关/oppo.jpg,1,0.99,visual_verified_against_0825_source
20260825-f40d7d9851c6e3175d4f-01,2026-08-25,手机,device,OPPO,R,R17pro,,R17pro,开机屏坏,175.0,元/台,,image,oppo.jpg,数码网报价单-0825更新/手机相关/oppo.jpg,1,0.99,visual_verified_against_0825_source
20260825-b23e7519ace544267c8c-01,2026-08-25,手机,device,OPPO,R,R17pro,,R17pro,不开机,175.0,元/台,,image,oppo.jpg,数码网报价单-0825更新/手机相关/oppo.jpg,1,0.99,visual_verified_against_0825_source
20260825-134f0240601f7ae3d421-01,2026-08-25,手机,device,OPPO,R,R17pro,,R17pro,废板-整机,175.0,元/台,,image,oppo.jpg,数码网报价单-0825更新/手机相关/oppo.jpg,1,0.99,visual_verified_against_0825_source
20260825-265e560965b46e9be9ee-01,2026-08-25,手机,device,OPPO,R,R15移动,,R15移动,开机屏好,195.0,元/台,,image,oppo.jpg,数码网报价单-0825更新/手机相关/oppo.jpg,1,0.99,visual_verified_against_0825_source
20260825-1e4141d211cd00f33430-01,2026-08-25,手机,device,OPPO,R,R15移动,,R15移动,开机屏好外屏碎,195.0,元/台,,image,oppo.jpg,数码网报价单-0825更新/手机相关/oppo.jpg,1,0.99,visual_verified_against_0825_source
20260825-be576aae24b6f8f94707-01,2026-08-25,手机,device,OPPO,R,R15移动,,R15移动,开机屏坏未拆,195.0,元/台,,image,oppo.jpg,数码网报价单-0825更新/手机相关/oppo.jpg,1,0.99,visual_verified_against_0825_source
20260825-a20866a34d7553e9db47-01,2026-08-25,手机,device,OPPO,R,R15移动,,R15移动,开机屏坏,195.0,元/台,,image,oppo.jpg,数码网报价单-0825更新/手机相关/oppo.jpg,1,0.99,visual_verified_against_0825_source
20260825-8f77e955734a2354eeb9-01,2026-08-25,手机,device,OPPO,R,R15移动,,R15移动,不开机,195.0,元/台,,image,oppo.jpg,数码网报价单-0825更新/手机相关/oppo.jpg,1,0.99,visual_verified_against_0825_source
20260825-37f9063268f62fab0963-01,2026-08-25,手机,device,OPPO,R,R15移动,,R15移动,废板-整机,195.0,元/台,,image,oppo.jpg,数码网报价单-0825更新/手机相关/oppo.jpg,1,0.99,visual_verified_against_0825_source
20260825-44f41de75a63e32c73df-01,2026-08-25,手机,device,OPPO,R,R15梦境移动,,R15梦境移动,开机屏好,185.0,元/台,,image,oppo.jpg,数码网报价单-0825更新/手机相关/oppo.jpg,1,0.99,visual_verified_against_0825_source
20260825-072e44ff27da52e0393e-01,2026-08-25,手机,device,OPPO,R,R15梦境移动,,R15梦境移动,开机屏好外屏碎,185.0,元/台,,image,oppo.jpg,数码网报价单-0825更新/手机相关/oppo.jpg,1,0.99,visual_verified_against_0825_source
20260825-e764ec5916ba7ef39bb5-01,2026-08-25,手机,device,OPPO,R,R15梦境移动,,R15梦境移动,开机屏坏未拆,185.0,元/台,,image,oppo.jpg,数码网报价单-0825更新/手机相关/oppo.jpg,1,0.99,visual_verified_against_0825_source
20260825-f52ff4d813bebe2af3bb-01,2026-08-25,手机,device,OPPO,R,R15梦境移动,,R15梦境移动,开机屏坏,185.0,元/台,,image,oppo.jpg,数码网报价单-0825更新/手机相关/oppo.jpg,1,0.99,visual_verified_against_0825_source
20260825-b6deeb0459b832f1e601-01,2026-08-25,手机,device,OPPO,R,R15梦境移动,,R15梦境移动,不开机,185.0,元/台,,image,oppo.jpg,数码网报价单-0825更新/手机相关/oppo.jpg,1,0.99,visual_verified_against_0825_source
20260825-b72780a438363017bbdc-01,2026-08-25,手机,device,OPPO,R,R15梦境移动,,R15梦境移动,废板-整机,185.0,元/台,,image,oppo.jpg,数码网报价单-0825更新/手机相关/oppo.jpg,1,0.99,visual_verified_against_0825_source
20260825-13348c921589b421c31e-01,2026-08-25,手机,device,OPPO,R,R15梦境,,R15梦境,开机屏好,185.0,元/台,,image,oppo.jpg,数码网报价单-0825更新/手机相关/oppo.jpg,1,0.99,visual_verified_against_0825_source
20260825-ed9965fbe4e847559bdc-01,2026-08-25,手机,device,OPPO,R,R15梦境,,R15梦境,开机屏好外屏碎,185.0,元/台,,image,oppo.jpg,数码网报价单-0825更新/手机相关/oppo.jpg,1,0.99,visual_verified_against_0825_source
20260825-db885dce18125766edb9-01,2026-08-25,手机,device,OPPO,R,R15梦境,,R15梦境,开机屏坏未拆,185.0,元/台,,image,oppo.jpg,数码网报价单-0825更新/手机相关/oppo.jpg,1,0.99,visual_verified_against_0825_source
20260825-e5385a3a427af0387128-01,2026-08-25,手机,device,OPPO,R,R15梦境,,R15梦境,开机屏坏,185.0,元/台,,image,oppo.jpg,数码网报价单-0825更新/手机相关/oppo.jpg,1,0.99,visual_verified_against_0825_source
20260825-35a1e333e84bfa02afc2-01,2026-08-25,手机,device,OPPO,R,R15梦境,,R15梦境,不开机,185.0,元/台,,image,oppo.jpg,数码网报价单-0825更新/手机相关/oppo.jpg,1,0.99,visual_verified_against_0825_source
20260825-f751dec6199760d9f9ce-01,2026-08-25,手机,device,OPPO,R,R15梦境,,R15梦境,废板-整机,185.0,元/台,,image,oppo.jpg,数码网报价单-0825更新/手机相关/oppo.jpg,1,0.99,visual_verified_against_0825_source
20260825-ae540d5f0ffbf33c3d28-01,2026-08-25,手机,device,OPPO,R,R15x移动,,R15x移动,开机屏好,185.0,元/台,,image,oppo.jpg,数码网报价单-0825更新/手机相关/oppo.jpg,1,0.99,visual_verified_against_0825_source
20260825-e9c07b9ee74fcc5f5f94-01,2026-08-25,手机,device,OPPO,R,R15x移动,,R15x移动,开机屏好外屏碎,185.0,元/台,,image,oppo.jpg,数码网报价单-0825更新/手机相关/oppo.jpg,1,0.99,visual_verified_against_0825_source
20260825-dd15eec9f926e184c20b-01,2026-08-25,手机,device,OPPO,R,R15x移动,,R15x移动,开机屏坏未拆,185.0,元/台,,image,oppo.jpg,数码网报价单-0825更新/手机相关/oppo.jpg,1,0.99,visual_verified_against_0825_source
20260825-7a66d30cc5b3d38f8bb4-01,2026-08-25,手机,device,OPPO,R,R15x移动,,R15x移动,开机屏坏,185.0,元/台,,image,oppo.jpg,数码网报价单-0825更新/手机相关/oppo.jpg,1,0.99,visual_verified_against_0825_source
20260825-7e78e4faae995b83f623-01,2026-08-25,手机,device,OPPO,R,R15x移动,,R15x移动,不开机,185.0,元/台,,image,oppo.jpg,数码网报价单-0825更新/手机相关/oppo.jpg,1,0.99,visual_verified_against_0825_source
20260825-76c442cd4183c2444f4b-01,2026-08-25,手机,device,OPPO,R,R15x移动,,R15x移动,废板-整机,185.0,元/台,,image,oppo.jpg,数码网报价单-0825更新/手机相关/oppo.jpg,1,0.99,visual_verified_against_0825_source
20260825-201821e22dbbdad1b113-01,2026-08-25,手机,device,OPPO,R,R11splusK,,R11splusK,开机屏好,130.0,元/台,,image,oppo.jpg,数码网报价单-0825更新/手机相关/oppo.jpg,1,0.99,visual_verified_against_0825_source
20260825-ba72f200bdf4c38cec37-01,2026-08-25,手机,device,OPPO,R,R11splusK,,R11splusK,开机屏好外屏碎,130.0,元/台,,image,oppo.jpg,数码网报价单-0825更新/手机相关/oppo.jpg,1,0.99,visual_verified_against_0825_source
20260825-4211e9cefa217eb2be86-01,2026-08-25,手机,device,OPPO,R,R11splusK,,R11splusK,开机屏坏未拆,130.0,元/台,,image,oppo.jpg,数码网报价单-0825更新/手机相关/oppo.jpg,1,0.99,visual_verified_against_0825_source
20260825-f9559b57d305de829ca3-01,2026-08-25,手机,device,OPPO,R,R11splusK,,R11splusK,开机屏坏,130.0,元/台,,image,oppo.jpg,数码网报价单-0825更新/手机相关/oppo.jpg,1,0.99,visual_verified_against_0825_source
20260825-a69d62e0a69a96df7f6c-01,2026-08-25,手机,device,OPPO,R,R11splusK,,R11splusK,不开机,130.0,元/台,,image,oppo.jpg,数码网报价单-0825更新/手机相关/oppo.jpg,1,0.99,visual_verified_against_0825_source
20260825-0217b8bee71fff90d389-01,2026-08-25,手机,device,OPPO,R,R11splusK,,R11splusK,废板-整机,130.0,元/台,,image,oppo.jpg,数码网报价单-0825更新/手机相关/oppo.jpg,1,0.99,visual_verified_against_0825_source
20260825-867ac7584bf83092ff2a-01,2026-08-25,手机,device,OPPO,R,R11splusT,,R11splusT,开机屏好,130.0,元/台,,image,oppo.jpg,数码网报价单-0825更新/手机相关/oppo.jpg,1,0.99,visual_verified_against_0825_source
20260825-b472ba6aaa09375ba854-01,2026-08-25,手机,device,OPPO,R,R11splusT,,R11splusT,开机屏好外屏碎,130.0,元/台,,image,oppo.jpg,数码网报价单-0825更新/手机相关/oppo.jpg,1,0.99,visual_verified_against_0825_source
20260825-36844524ff5c70341383-01,2026-08-25,手机,device,OPPO,R,R11splusT,,R11splusT,开机屏坏未拆,130.0,元/台,,image,oppo.jpg,数码网报价单-0825更新/手机相关/oppo.jpg,1,0.99,visual_verified_against_0825_source
20260825-33d04dc752bea8d8af6d-01,2026-08-25,手机,device,OPPO,R,R11splusT,,R11splusT,开机屏坏,130.0,元/台,,image,oppo.jpg,数码网报价单-0825更新/手机相关/oppo.jpg,1,0.99,visual_verified_against_0825_source
20260825-045ad0eb2d7c05fba093-01,2026-08-25,手机,device,OPPO,R,R11splusT,,R11splusT,不开机,130.0,元/台,,image,oppo.jpg,数码网报价单-0825更新/手机相关/oppo.jpg,1,0.99,visual_verified_against_0825_source
20260825-3365c638eafd24193b38-01,2026-08-25,手机,device,OPPO,R,R11splusT,,R11splusT,废板-整机,130.0,元/台,,image,oppo.jpg,数码网报价单-0825更新/手机相关/oppo.jpg,1,0.99,visual_verified_against_0825_source
20260825-9255b9335877cc961df5-01,2026-08-25,手机,device,OPPO,R,R11splus,,R11splus,开机屏好,130.0,元/台,,image,oppo.jpg,数码网报价单-0825更新/手机相关/oppo.jpg,1,0.99,visual_verified_against_0825_source
20260825-c6f38b3253db70e0b024-01,2026-08-25,手机,device,OPPO,R,R11splus,,R11splus,开机屏好外屏碎,130.0,元/台,,image,oppo.jpg,数码网报价单-0825更新/手机相关/oppo.jpg,1,0.99,visual_verified_against_0825_source
20260825-bae79eaefa7832c98762-01,2026-08-25,手机,device,OPPO,R,R11splus,,R11splus,开机屏坏未拆,130.0,元/台,,image,oppo.jpg,数码网报价单-0825更新/手机相关/oppo.jpg,1,0.99,visual_verified_against_0825_source
20260825-c7b2ff4bf0333f8c9d4d-01,2026-08-25,手机,device,OPPO,R,R11splus,,R11splus,开机屏坏,130.0,元/台,,image,oppo.jpg,数码网报价单-0825更新/手机相关/oppo.jpg,1,0.99,visual_verified_against_0825_source
20260825-e6765412090bb86eb590-01,2026-08-25,手机,device,OPPO,R,R11splus,,R11splus,不开机,130.0,元/台,,image,oppo.jpg,数码网报价单-0825更新/手机相关/oppo.jpg,1,0.99,visual_verified_against_0825_source
20260825-a1c1fce95f9955bdd990-01,2026-08-25,手机,device,OPPO,R,R11splus,,R11splus,废板-整机,130.0,元/台,,image,oppo.jpg,数码网报价单-0825更新/手机相关/oppo.jpg,1,0.99,visual_verified_against_0825_source
20260825-f77c6a6486c93d250b9d-01,2026-08-25,手机,device,OPPO,R,R11plus,,R11plus,开机屏好,130.0,元/台,,image,oppo.jpg,数码网报价单-0825更新/手机相关/oppo.jpg,1,0.99,visual_verified_against_0825_source
20260825-350f847e5ddb5c10d11f-01,2026-08-25,手机,device,OPPO,R,R11plus,,R11plus,开机屏好外屏碎,130.0,元/台,,image,oppo.jpg,数码网报价单-0825更新/手机相关/oppo.jpg,1,0.99,visual_verified_against_0825_source
20260825-b71429bd00c656ca0e45-01,2026-08-25,手机,device,OPPO,R,R11plus,,R11plus,开机屏坏未拆,130.0,元/台,,image,oppo.jpg,数码网报价单-0825更新/手机相关/oppo.jpg,1,0.99,visual_verified_against_0825_source
20260825-bc7498ba3f543a2710bb-01,2026-08-25,手机,device,OPPO,R,R11plus,,R11plus,开机屏坏,130.0,元/台,,image,oppo.jpg,数码网报价单-0825更新/手机相关/oppo.jpg,1,0.99,visual_verified_against_0825_source
20260825-84ac8b7c4277f485d570-01,2026-08-25,手机,device,OPPO,R,R11plus,,R11plus,不开机,130.0,元/台,,image,oppo.jpg,数码网报价单-0825更新/手机相关/oppo.jpg,1,0.99,visual_verified_against_0825_source
20260825-ac0f0453353625aa20c0-01,2026-08-25,手机,device,OPPO,R,R11plus,,R11plus,废板-整机,130.0,元/台,,image,oppo.jpg,数码网报价单-0825更新/手机相关/oppo.jpg,1,0.99,visual_verified_against_0825_source
20260825-8376a260163a4281364d-01,2026-08-25,手机,device,OPPO,R,R11st,,R11st,开机屏好,175.0,元/台,,image,oppo.jpg,数码网报价单-0825更新/手机相关/oppo.jpg,1,0.99,visual_verified_against_0825_source
20260825-7585aa0c0ddae4b0531b-01,2026-08-25,手机,device,OPPO,R,R11st,,R11st,开机屏好外屏碎,175.0,元/台,,image,oppo.jpg,数码网报价单-0825更新/手机相关/oppo.jpg,1,0.99,visual_verified_against_0825_source
20260825-1fb3aa3f06a5f69cc140-01,2026-08-25,手机,device,OPPO,R,R11st,,R11st,开机屏坏未拆,175.0,元/台,,image,oppo.jpg,数码网报价单-0825更新/手机相关/oppo.jpg,1,0.99,visual_verified_against_0825_source
20260825-c9f784ea5b76768dfc16-01,2026-08-25,手机,device,OPPO,R,R11st,,R11st,开机屏坏,175.0,元/台,,image,oppo.jpg,数码网报价单-0825更新/手机相关/oppo.jpg,1,0.99,visual_verified_against_0825_source
20260825-dc11c671dec76478ff8f-01,2026-08-25,手机,device,OPPO,R,R11st,,R11st,不开机,175.0,元/台,,image,oppo.jpg,数码网报价单-0825更新/手机相关/oppo.jpg,1,0.99,visual_verified_against_0825_source
20260825-b85aaa142794d79185ee-01,2026-08-25,手机,device,OPPO,R,R11st,,R11st,废板-整机,175.0,元/台,,image,oppo.jpg,数码网报价单-0825更新/手机相关/oppo.jpg,1,0.99,visual_verified_against_0825_source
20260825-da606e9928c50999b028-01,2026-08-25,手机,device,OPPO,R,R9sk移动,,R9sk移动,开机屏好,135.0,元/台,,image,oppo.jpg,数码网报价单-0825更新/手机相关/oppo.jpg,1,0.99,visual_verified_against_0825_source
20260825-2015c00ae7dc09fda197-01,2026-08-25,手机,device,OPPO,R,R9sk移动,,R9sk移动,开机屏好外屏碎,135.0,元/台,,image,oppo.jpg,数码网报价单-0825更新/手机相关/oppo.jpg,1,0.99,visual_verified_against_0825_source
20260825-4b7152d505dbc969955f-01,2026-08-25,手机,device,OPPO,R,R9sk移动,,R9sk移动,开机屏坏未拆,135.0,元/台,,image,oppo.jpg,数码网报价单-0825更新/手机相关/oppo.jpg,1,0.99,visual_verified_against_0825_source
20260825-2e1b16f0f73118867c98-01,2026-08-25,手机,device,OPPO,R,R9sk移动,,R9sk移动,开机屏坏,135.0,元/台,,image,oppo.jpg,数码网报价单-0825更新/手机相关/oppo.jpg,1,0.99,visual_verified_against_0825_source
20260825-535d19ed137a7c304bd4-01,2026-08-25,手机,device,OPPO,R,R9sk移动,,R9sk移动,不开机,135.0,元/台,,image,oppo.jpg,数码网报价单-0825更新/手机相关/oppo.jpg,1,0.99,visual_verified_against_0825_source
20260825-b24c4cae941c301ef4d7-01,2026-08-25,手机,device,OPPO,R,R9sk移动,,R9sk移动,废板-整机,135.0,元/台,,image,oppo.jpg,数码网报价单-0825更新/手机相关/oppo.jpg,1,0.99,visual_verified_against_0825_source
20260825-513c552d4849d150f4db-01,2026-08-25,手机,device,OPPO,R,R9splus,,R9splus,开机屏好,70.0,元/台,,image,oppo.jpg,数码网报价单-0825更新/手机相关/oppo.jpg,1,0.99,visual_verified_against_0825_source
20260825-9c036ca3a5f6a5e70f20-01,2026-08-25,手机,device,OPPO,R,R9splus,,R9splus,开机屏好外屏碎,70.0,元/台,,image,oppo.jpg,数码网报价单-0825更新/手机相关/oppo.jpg,1,0.99,visual_verified_against_0825_source
20260825-41bbc9ec003f7ca66e7d-01,2026-08-25,手机,device,OPPO,R,R9splus,,R9splus,开机屏坏未拆,70.0,元/台,,image,oppo.jpg,数码网报价单-0825更新/手机相关/oppo.jpg,1,0.99,visual_verified_against_0825_source
20260825-14250b7086f717153720-01,2026-08-25,手机,device,OPPO,R,R9splus,,R9splus,开机屏坏,70.0,元/台,,image,oppo.jpg,数码网报价单-0825更新/手机相关/oppo.jpg,1,0.99,visual_verified_against_0825_source
20260825-36bb29ba23df9c9d926a-01,2026-08-25,手机,device,OPPO,R,R9splus,,R9splus,不开机,70.0,元/台,,image,oppo.jpg,数码网报价单-0825更新/手机相关/oppo.jpg,1,0.99,visual_verified_against_0825_source
20260825-375a9ea32772b3434fc3-01,2026-08-25,手机,device,OPPO,R,R9splus,,R9splus,废板-整机,70.0,元/台,,image,oppo.jpg,数码网报价单-0825更新/手机相关/oppo.jpg,1,0.99,visual_verified_against_0825_source
20260825-a1e7846f478c5407e491-01,2026-08-25,手机,device,OPPO,R,R9plusa,,R9plusa,开机屏好,70.0,元/台,,image,oppo.jpg,数码网报价单-0825更新/手机相关/oppo.jpg,1,0.99,visual_verified_against_0825_source
20260825-0c55419b523b97c406df-01,2026-08-25,手机,device,OPPO,R,R9plusa,,R9plusa,开机屏好外屏碎,70.0,元/台,,image,oppo.jpg,数码网报价单-0825更新/手机相关/oppo.jpg,1,0.99,visual_verified_against_0825_source
20260825-b85eae8032c9283437d3-01,2026-08-25,手机,device,OPPO,R,R9plusa,,R9plusa,开机屏坏未拆,70.0,元/台,,image,oppo.jpg,数码网报价单-0825更新/手机相关/oppo.jpg,1,0.99,visual_verified_against_0825_source
20260825-5cd95dbe3eb2aeabc55e-01,2026-08-25,手机,device,OPPO,R,R9plusa,,R9plusa,开机屏坏,70.0,元/台,,image,oppo.jpg,数码网报价单-0825更新/手机相关/oppo.jpg,1,0.99,visual_verified_against_0825_source
20260825-e407e0866a0e4eb32546-01,2026-08-25,手机,device,OPPO,R,R9plusa,,R9plusa,不开机,70.0,元/台,,image,oppo.jpg,数码网报价单-0825更新/手机相关/oppo.jpg,1,0.99,visual_verified_against_0825_source
20260825-b6be81924ac638f609d6-01,2026-08-25,手机,device,OPPO,R,R9plusa,,R9plusa,废板-整机,70.0,元/台,,image,oppo.jpg,数码网报价单-0825更新/手机相关/oppo.jpg,1,0.99,visual_verified_against_0825_source
20260825-a23141219cdb3bec8661-01,2026-08-25,手机,device,OPPO,R,R9plus,,R9plus,开机屏好,70.0,元/台,,image,oppo.jpg,数码网报价单-0825更新/手机相关/oppo.jpg,1,0.99,visual_verified_against_0825_source
20260825-b70b17c473d110d78502-01,2026-08-25,手机,device,OPPO,R,R9plus,,R9plus,开机屏好外屏碎,70.0,元/台,,image,oppo.jpg,数码网报价单-0825更新/手机相关/oppo.jpg,1,0.99,visual_verified_against_0825_source
20260825-395a20ec8bf270edc849-01,2026-08-25,手机,device,OPPO,R,R9plus,,R9plus,开机屏坏未拆,70.0,元/台,,image,oppo.jpg,数码网报价单-0825更新/手机相关/oppo.jpg,1,0.99,visual_verified_against_0825_source
20260825-1d731535f5034dd2de88-01,2026-08-25,手机,device,OPPO,R,R9plus,,R9plus,开机屏坏,70.0,元/台,,image,oppo.jpg,数码网报价单-0825更新/手机相关/oppo.jpg,1,0.99,visual_verified_against_0825_source
20260825-669e6d0d73dd2923fc6d-01,2026-08-25,手机,device,OPPO,R,R9plus,,R9plus,不开机,70.0,元/台,,image,oppo.jpg,数码网报价单-0825更新/手机相关/oppo.jpg,1,0.99,visual_verified_against_0825_source
20260825-a9f8389c9f8e3944dcf2-01,2026-08-25,手机,device,OPPO,R,R9plus,,R9plus,废板-整机,70.0,元/台,,image,oppo.jpg,数码网报价单-0825更新/手机相关/oppo.jpg,1,0.99,visual_verified_against_0825_source
20260825-780a789f9e9d14cba1e4-01,2026-08-25,手机,device,OPPO,R,R9s移动,,R9s移动,开机屏好,135.0,元/台,,image,oppo.jpg,数码网报价单-0825更新/手机相关/oppo.jpg,1,0.99,visual_verified_against_0825_source
20260825-14d7eb8028e217cfe05a-01,2026-08-25,手机,device,OPPO,R,R9s移动,,R9s移动,开机屏好外屏碎,135.0,元/台,,image,oppo.jpg,数码网报价单-0825更新/手机相关/oppo.jpg,1,0.99,visual_verified_against_0825_source
20260825-fff18bbf649b03438a3b-01,2026-08-25,手机,device,OPPO,R,R9s移动,,R9s移动,开机屏坏未拆,135.0,元/台,,image,oppo.jpg,数码网报价单-0825更新/手机相关/oppo.jpg,1,0.99,visual_verified_against_0825_source
20260825-ecc66b4f4e9921b4a39b-01,2026-08-25,手机,device,OPPO,R,R9s移动,,R9s移动,开机屏坏,135.0,元/台,,image,oppo.jpg,数码网报价单-0825更新/手机相关/oppo.jpg,1,0.99,visual_verified_against_0825_source
20260825-a6a4d0fb1c5cf5b68465-01,2026-08-25,手机,device,OPPO,R,R9s移动,,R9s移动,不开机,135.0,元/台,,image,oppo.jpg,数码网报价单-0825更新/手机相关/oppo.jpg,1,0.99,visual_verified_against_0825_source
20260825-0f1c3f49418b5fad943e-01,2026-08-25,手机,device,OPPO,R,R9s移动,,R9s移动,废板-整机,135.0,元/台,,image,oppo.jpg,数码网报价单-0825更新/手机相关/oppo.jpg,1,0.99,visual_verified_against_0825_source
20260825-be784df07e14391fae2d-01,2026-08-25,手机,device,OPPO,R,R9m,,R9m,开机屏好,135.0,元/台,,image,oppo.jpg,数码网报价单-0825更新/手机相关/oppo.jpg,1,0.99,visual_verified_against_0825_source
20260825-cdc0d7aa9f1060a4a087-01,2026-08-25,手机,device,OPPO,R,R9m,,R9m,开机屏好外屏碎,135.0,元/台,,image,oppo.jpg,数码网报价单-0825更新/手机相关/oppo.jpg,1,0.99,visual_verified_against_0825_source
20260825-e1abd0a1aec04c6e7238-01,2026-08-25,手机,device,OPPO,R,R9m,,R9m,开机屏坏未拆,135.0,元/台,,image,oppo.jpg,数码网报价单-0825更新/手机相关/oppo.jpg,1,0.99,visual_verified_against_0825_source
20260825-dfd7214bbd28734d9340-01,2026-08-25,手机,device,OPPO,R,R9m,,R9m,开机屏坏,135.0,元/台,,image,oppo.jpg,数码网报价单-0825更新/手机相关/oppo.jpg,1,0.99,visual_verified_against_0825_source
20260825-7f788942ba61560f1f7d-01,2026-08-25,手机,device,OPPO,R,R9m,,R9m,不开机,135.0,元/台,,image,oppo.jpg,数码网报价单-0825更新/手机相关/oppo.jpg,1,0.99,visual_verified_against_0825_source
20260825-ed5e6c7001fb8512db36-01,2026-08-25,手机,device,OPPO,R,R9m,,R9m,废板-整机,135.0,元/台,,image,oppo.jpg,数码网报价单-0825更新/手机相关/oppo.jpg,1,0.99,visual_verified_against_0825_source
20260825-5d55ff2245001f7d182f-01,2026-08-25,手机,device,OPPO,R,R9km,,R9km,开机屏好,135.0,元/台,,image,oppo.jpg,数码网报价单-0825更新/手机相关/oppo.jpg,1,0.99,visual_verified_against_0825_source
20260825-cc2671f88b05b3a19065-01,2026-08-25,手机,device,OPPO,R,R9km,,R9km,开机屏好外屏碎,135.0,元/台,,image,oppo.jpg,数码网报价单-0825更新/手机相关/oppo.jpg,1,0.99,visual_verified_against_0825_source
20260825-f1f57ebb7ddab0a75dfb-01,2026-08-25,手机,device,OPPO,R,R9km,,R9km,开机屏坏未拆,135.0,元/台,,image,oppo.jpg,数码网报价单-0825更新/手机相关/oppo.jpg,1,0.99,visual_verified_against_0825_source
20260825-e9a1b0695be187cd8b39-01,2026-08-25,手机,device,OPPO,R,R9km,,R9km,开机屏坏,135.0,元/台,,image,oppo.jpg,数码网报价单-0825更新/手机相关/oppo.jpg,1,0.99,visual_verified_against_0825_source
20260825-be94c051a8b0fcc190f5-01,2026-08-25,手机,device,OPPO,R,R9km,,R9km,不开机,135.0,元/台,,image,oppo.jpg,数码网报价单-0825更新/手机相关/oppo.jpg,1,0.99,visual_verified_against_0825_source
20260825-ef9e866e9aee912d804f-01,2026-08-25,手机,device,OPPO,R,R9km,,R9km,废板-整机,135.0,元/台,,image,oppo.jpg,数码网报价单-0825更新/手机相关/oppo.jpg,1,0.99,visual_verified_against_0825_source
20260825-cd533a4e323b480fd227-01,2026-08-25,手机,device,OPPO,R,R8107,,R8107,开机屏好,25.0,元/台,,image,oppo.jpg,数码网报价单-0825更新/手机相关/oppo.jpg,1,0.99,visual_verified_against_0825_source
20260825-f6379913eb5ac3e362b8-01,2026-08-25,手机,device,OPPO,R,R8107,,R8107,开机屏好外屏碎,25.0,元/台,,image,oppo.jpg,数码网报价单-0825更新/手机相关/oppo.jpg,1,0.99,visual_verified_against_0825_source
20260825-20551b388d8870c24c60-01,2026-08-25,手机,device,OPPO,R,R8107,,R8107,开机屏坏未拆,25.0,元/台,,image,oppo.jpg,数码网报价单-0825更新/手机相关/oppo.jpg,1,0.99,visual_verified_against_0825_source
20260825-62e5dd7574cc4132a861-01,2026-08-25,手机,device,OPPO,R,R8107,,R8107,开机屏坏,25.0,元/台,,image,oppo.jpg,数码网报价单-0825更新/手机相关/oppo.jpg,1,0.99,visual_verified_against_0825_source
20260825-ab8ff11acaea028d1697-01,2026-08-25,手机,device,OPPO,R,R8107,,R8107,不开机,25.0,元/台,,image,oppo.jpg,数码网报价单-0825更新/手机相关/oppo.jpg,1,0.99,visual_verified_against_0825_source
20260825-750f4b78d4a666f570ca-01,2026-08-25,手机,device,OPPO,R,R8107,,R8107,废板-整机,25.0,元/台,,image,oppo.jpg,数码网报价单-0825更新/手机相关/oppo.jpg,1,0.99,visual_verified_against_0825_source
20260825-841063212b20aae85065-01,2026-08-25,手机,device,OPPO,R,R7,,R7,开机屏好,25.0,元/台,,image,oppo.jpg,数码网报价单-0825更新/手机相关/oppo.jpg,1,0.99,visual_verified_against_0825_source
20260825-d8876e7356a28821fa6a-01,2026-08-25,手机,device,OPPO,R,R7,,R7,开机屏好外屏碎,25.0,元/台,,image,oppo.jpg,数码网报价单-0825更新/手机相关/oppo.jpg,1,0.99,visual_verified_against_0825_source
20260825-105ef56e25cf0f914f55-01,2026-08-25,手机,device,OPPO,R,R7,,R7,开机屏坏未拆,25.0,元/台,,image,oppo.jpg,数码网报价单-0825更新/手机相关/oppo.jpg,1,0.99,visual_verified_against_0825_source
20260825-cdb658d0a408a4245568-01,2026-08-25,手机,device,OPPO,R,R7,,R7,开机屏坏,25.0,元/台,,image,oppo.jpg,数码网报价单-0825更新/手机相关/oppo.jpg,1,0.99,visual_verified_against_0825_source
20260825-60f7582e4070572cb717-01,2026-08-25,手机,device,OPPO,R,R7,,R7,不开机,25.0,元/台,,image,oppo.jpg,数码网报价单-0825更新/手机相关/oppo.jpg,1,0.99,visual_verified_against_0825_source
20260825-f32762b9f633facdec51-01,2026-08-25,手机,device,OPPO,R,R7,,R7,废板-整机,25.0,元/台,,image,oppo.jpg,数码网报价单-0825更新/手机相关/oppo.jpg,1,0.99,visual_verified_against_0825_source
20260825-9b8d44fda33e93009b46-01,2026-08-25,手机,device,OPPO,R,R7s,,R7s,开机屏好,65.0,元/台,,image,oppo.jpg,数码网报价单-0825更新/手机相关/oppo.jpg,1,0.99,visual_verified_against_0825_source
20260825-a227396ed9be4b12e46a-01,2026-08-25,手机,device,OPPO,R,R7s,,R7s,开机屏好外屏碎,65.0,元/台,,image,oppo.jpg,数码网报价单-0825更新/手机相关/oppo.jpg,1,0.99,visual_verified_against_0825_source
20260825-c138f6a60d877c8dea96-01,2026-08-25,手机,device,OPPO,R,R7s,,R7s,开机屏坏未拆,65.0,元/台,,image,oppo.jpg,数码网报价单-0825更新/手机相关/oppo.jpg,1,0.99,visual_verified_against_0825_source
20260825-862ad928539e5ddec801-01,2026-08-25,手机,device,OPPO,R,R7s,,R7s,开机屏坏,65.0,元/台,,image,oppo.jpg,数码网报价单-0825更新/手机相关/oppo.jpg,1,0.99,visual_verified_against_0825_source
20260825-6a1b3bc0810ef5fd4381-01,2026-08-25,手机,device,OPPO,R,R7s,,R7s,不开机,65.0,元/台,,image,oppo.jpg,数码网报价单-0825更新/手机相关/oppo.jpg,1,0.99,visual_verified_against_0825_source
20260825-bd4bc5791900a966e215-01,2026-08-25,手机,device,OPPO,R,R7s,,R7s,废板-整机,65.0,元/台,,image,oppo.jpg,数码网报价单-0825更新/手机相关/oppo.jpg,1,0.99,visual_verified_against_0825_source
20260825-58e02541e0ee24a218d1-01,2026-08-25,手机,device,OPPO,A,A97,,A97,开机屏好,230.0,元/台,,image,oppo.jpg,数码网报价单-0825更新/手机相关/oppo.jpg,1,0.99,visual_verified_against_0825_source
20260825-b7b0b3293900cfe71bed-01,2026-08-25,手机,device,OPPO,A,A97,,A97,开机屏好外屏碎,230.0,元/台,,image,oppo.jpg,数码网报价单-0825更新/手机相关/oppo.jpg,1,0.99,visual_verified_against_0825_source
20260825-72af0797b6ba9844e18a-01,2026-08-25,手机,device,OPPO,A,A97,,A97,开机屏坏未拆,230.0,元/台,,image,oppo.jpg,数码网报价单-0825更新/手机相关/oppo.jpg,1,0.99,visual_verified_against_0825_source
20260825-b5ae96b6bb27554b041f-01,2026-08-25,手机,device,OPPO,A,A97,,A97,开机屏坏,230.0,元/台,,image,oppo.jpg,数码网报价单-0825更新/手机相关/oppo.jpg,1,0.99,visual_verified_against_0825_source
20260825-29f083d1c7e729cc3d98-01,2026-08-25,手机,device,OPPO,A,A97,,A97,不开机,230.0,元/台,,image,oppo.jpg,数码网报价单-0825更新/手机相关/oppo.jpg,1,0.99,visual_verified_against_0825_source
20260825-87b3951a836c9aa49b54-01,2026-08-25,手机,device,OPPO,A,A97,,A97,废板-整机,230.0,元/台,,image,oppo.jpg,数码网报价单-0825更新/手机相关/oppo.jpg,1,0.99,visual_verified_against_0825_source
20260825-7f3724aa81ef08938981-01,2026-08-25,手机,device,OPPO,A,A93,,A93,开机屏好,230.0,元/台,,image,oppo.jpg,数码网报价单-0825更新/手机相关/oppo.jpg,1,0.99,visual_verified_against_0825_source
20260825-03da07cc6cd2724d581b-01,2026-08-25,手机,device,OPPO,A,A93,,A93,开机屏好外屏碎,230.0,元/台,,image,oppo.jpg,数码网报价单-0825更新/手机相关/oppo.jpg,1,0.99,visual_verified_against_0825_source
20260825-76df13170f5ad2577f03-01,2026-08-25,手机,device,OPPO,A,A93,,A93,开机屏坏未拆,230.0,元/台,,image,oppo.jpg,数码网报价单-0825更新/手机相关/oppo.jpg,1,0.99,visual_verified_against_0825_source
20260825-904ef059dac91cb1f2ae-01,2026-08-25,手机,device,OPPO,A,A93,,A93,开机屏坏,230.0,元/台,,image,oppo.jpg,数码网报价单-0825更新/手机相关/oppo.jpg,1,0.99,visual_verified_against_0825_source
20260825-4c74fdd66a34d3d2e3a7-01,2026-08-25,手机,device,OPPO,A,A93,,A93,不开机,230.0,元/台,,image,oppo.jpg,数码网报价单-0825更新/手机相关/oppo.jpg,1,0.99,visual_verified_against_0825_source
20260825-20323e567573ee36623c-01,2026-08-25,手机,device,OPPO,A,A93,,A93,废板-整机,230.0,元/台,,image,oppo.jpg,数码网报价单-0825更新/手机相关/oppo.jpg,1,0.99,visual_verified_against_0825_source
20260825-2e5e319d1e20ff51827b-01,2026-08-25,手机,device,OPPO,A,A92s,,A92s,开机屏好,175.0,元/台,,image,oppo.jpg,数码网报价单-0825更新/手机相关/oppo.jpg,1,0.99,visual_verified_against_0825_source
20260825-6b8f22b27ee90db9ba72-01,2026-08-25,手机,device,OPPO,A,A92s,,A92s,开机屏好外屏碎,175.0,元/台,,image,oppo.jpg,数码网报价单-0825更新/手机相关/oppo.jpg,1,0.99,visual_verified_against_0825_source
20260825-55d478ecefb56dc73c71-01,2026-08-25,手机,device,OPPO,A,A92s,,A92s,开机屏坏未拆,175.0,元/台,,image,oppo.jpg,数码网报价单-0825更新/手机相关/oppo.jpg,1,0.99,visual_verified_against_0825_source
20260825-99b36c31f6f9e97e15bd-01,2026-08-25,手机,device,OPPO,A,A92s,,A92s,开机屏坏,175.0,元/台,,image,oppo.jpg,数码网报价单-0825更新/手机相关/oppo.jpg,1,0.99,visual_verified_against_0825_source
20260825-f7a8ee1afa854ca6240c-01,2026-08-25,手机,device,OPPO,A,A92s,,A92s,不开机,175.0,元/台,,image,oppo.jpg,数码网报价单-0825更新/手机相关/oppo.jpg,1,0.99,visual_verified_against_0825_source
20260825-728d29a3d2e7c1ae767a-01,2026-08-25,手机,device,OPPO,A,A92s,,A92s,废板-整机,175.0,元/台,,image,oppo.jpg,数码网报价单-0825更新/手机相关/oppo.jpg,1,0.99,visual_verified_against_0825_source
20260825-9993f92d8c2b709533a4-01,2026-08-25,手机,device,OPPO,A,A83移动,,A83移动,开机屏好,85.0,元/台,,image,oppo.jpg,数码网报价单-0825更新/手机相关/oppo.jpg,1,0.99,visual_verified_against_0825_source
20260825-4c4878b5c2e11070cbf1-01,2026-08-25,手机,device,OPPO,A,A83移动,,A83移动,开机屏好外屏碎,85.0,元/台,,image,oppo.jpg,数码网报价单-0825更新/手机相关/oppo.jpg,1,0.99,visual_verified_against_0825_source
20260825-7f541ed56f4ec7b4068b-01,2026-08-25,手机,device,OPPO,A,A83移动,,A83移动,开机屏坏未拆,85.0,元/台,,image,oppo.jpg,数码网报价单-0825更新/手机相关/oppo.jpg,1,0.99,visual_verified_against_0825_source
20260825-9d19b8cd3849a200dced-01,2026-08-25,手机,device,OPPO,A,A83移动,,A83移动,开机屏坏,85.0,元/台,,image,oppo.jpg,数码网报价单-0825更新/手机相关/oppo.jpg,1,0.99,visual_verified_against_0825_source
20260825-adb8cc968e4d0d7ebfff-01,2026-08-25,手机,device,OPPO,A,A83移动,,A83移动,不开机,85.0,元/台,,image,oppo.jpg,数码网报价单-0825更新/手机相关/oppo.jpg,1,0.99,visual_verified_against_0825_source
20260825-e384c4eeb278a98101f5-01,2026-08-25,手机,device,OPPO,A,A83移动,,A83移动,废板-整机,85.0,元/台,,image,oppo.jpg,数码网报价单-0825更新/手机相关/oppo.jpg,1,0.99,visual_verified_against_0825_source
20260825-b3122f5ab72db01924e2-01,2026-08-25,手机,device,OPPO,A,A83,,A83,开机屏好,85.0,元/台,,image,oppo.jpg,数码网报价单-0825更新/手机相关/oppo.jpg,1,0.99,visual_verified_against_0825_source
20260825-7dd4b28ec31a6f15dc95-01,2026-08-25,手机,device,OPPO,A,A83,,A83,开机屏好外屏碎,85.0,元/台,,image,oppo.jpg,数码网报价单-0825更新/手机相关/oppo.jpg,1,0.99,visual_verified_against_0825_source
20260825-929f766a6f6700dfcb7b-01,2026-08-25,手机,device,OPPO,A,A83,,A83,开机屏坏未拆,85.0,元/台,,image,oppo.jpg,数码网报价单-0825更新/手机相关/oppo.jpg,1,0.99,visual_verified_against_0825_source
20260825-002a43b9d7f6305bb879-01,2026-08-25,手机,device,OPPO,A,A83,,A83,开机屏坏,85.0,元/台,,image,oppo.jpg,数码网报价单-0825更新/手机相关/oppo.jpg,1,0.99,visual_verified_against_0825_source
20260825-47b8c1861654b6206a76-01,2026-08-25,手机,device,OPPO,A,A83,,A83,不开机,85.0,元/台,,image,oppo.jpg,数码网报价单-0825更新/手机相关/oppo.jpg,1,0.99,visual_verified_against_0825_source
20260825-cd14de0c8b04b0d13af7-01,2026-08-25,手机,device,OPPO,A,A83,,A83,废板-整机,85.0,元/台,,image,oppo.jpg,数码网报价单-0825更新/手机相关/oppo.jpg,1,0.99,visual_verified_against_0825_source
20260825-efaa3d4150e0686ae8d4-01,2026-08-25,手机,device,OPPO,A,A79k移动,,A79k移动,开机屏好,140.0,元/台,,image,oppo.jpg,数码网报价单-0825更新/手机相关/oppo.jpg,1,0.99,visual_verified_against_0825_source
20260825-a148dc01447cdfc1aa73-01,2026-08-25,手机,device,OPPO,A,A79k移动,,A79k移动,开机屏好外屏碎,140.0,元/台,,image,oppo.jpg,数码网报价单-0825更新/手机相关/oppo.jpg,1,0.99,visual_verified_against_0825_source
20260825-68e7748d354cbbe69ac7-01,2026-08-25,手机,device,OPPO,A,A79k移动,,A79k移动,开机屏坏未拆,140.0,元/台,,image,oppo.jpg,数码网报价单-0825更新/手机相关/oppo.jpg,1,0.99,visual_verified_against_0825_source
20260825-e563a10ce065e1b654ff-01,2026-08-25,手机,device,OPPO,A,A79k移动,,A79k移动,开机屏坏,140.0,元/台,,image,oppo.jpg,数码网报价单-0825更新/手机相关/oppo.jpg,1,0.99,visual_verified_against_0825_source
20260825-9f260ca3366f7218cf57-01,2026-08-25,手机,device,OPPO,A,A79k移动,,A79k移动,不开机,140.0,元/台,,image,oppo.jpg,数码网报价单-0825更新/手机相关/oppo.jpg,1,0.99,visual_verified_against_0825_source
20260825-a90ab77b1e1f3925ff76-01,2026-08-25,手机,device,OPPO,A,A79k移动,,A79k移动,废板-整机,140.0,元/台,,image,oppo.jpg,数码网报价单-0825更新/手机相关/oppo.jpg,1,0.99,visual_verified_against_0825_source
20260825-0b17b2fc74bd5c8dd1fa-01,2026-08-25,手机,device,OPPO,A,A79移动,,A79移动,开机屏好,140.0,元/台,,image,oppo.jpg,数码网报价单-0825更新/手机相关/oppo.jpg,1,0.99,visual_verified_against_0825_source
20260825-420066dcdaa54dcbf19d-01,2026-08-25,手机,device,OPPO,A,A79移动,,A79移动,开机屏好外屏碎,140.0,元/台,,image,oppo.jpg,数码网报价单-0825更新/手机相关/oppo.jpg,1,0.99,visual_verified_against_0825_source
20260825-e0395ad523bb23a4efda-01,2026-08-25,手机,device,OPPO,A,A79移动,,A79移动,开机屏坏未拆,140.0,元/台,,image,oppo.jpg,数码网报价单-0825更新/手机相关/oppo.jpg,1,0.99,visual_verified_against_0825_source
20260825-890af58c80af310dc040-01,2026-08-25,手机,device,OPPO,A,A79移动,,A79移动,开机屏坏,140.0,元/台,,image,oppo.jpg,数码网报价单-0825更新/手机相关/oppo.jpg,1,0.99,visual_verified_against_0825_source
20260825-e1cfd3c6fc66b5681141-01,2026-08-25,手机,device,OPPO,A,A79移动,,A79移动,不开机,140.0,元/台,,image,oppo.jpg,数码网报价单-0825更新/手机相关/oppo.jpg,1,0.99,visual_verified_against_0825_source
20260825-eb73181a7ee24296ded6-01,2026-08-25,手机,device,OPPO,A,A79移动,,A79移动,废板-整机,140.0,元/台,,image,oppo.jpg,数码网报价单-0825更新/手机相关/oppo.jpg,1,0.99,visual_verified_against_0825_source
20260825-962c2fa43901df49e517-01,2026-08-25,手机,device,OPPO,A,A79,,A79,开机屏好,140.0,元/台,,image,oppo.jpg,数码网报价单-0825更新/手机相关/oppo.jpg,1,0.99,visual_verified_against_0825_source
20260825-42b931325723b76770ca-01,2026-08-25,手机,device,OPPO,A,A79,,A79,开机屏好外屏碎,140.0,元/台,,image,oppo.jpg,数码网报价单-0825更新/手机相关/oppo.jpg,1,0.99,visual_verified_against_0825_source
20260825-cc5569e7663d2f9e72b1-01,2026-08-25,手机,device,OPPO,A,A79,,A79,开机屏坏未拆,140.0,元/台,,image,oppo.jpg,数码网报价单-0825更新/手机相关/oppo.jpg,1,0.99,visual_verified_against_0825_source
20260825-7675deea50bb486e04b1-01,2026-08-25,手机,device,OPPO,A,A79,,A79,开机屏坏,140.0,元/台,,image,oppo.jpg,数码网报价单-0825更新/手机相关/oppo.jpg,1,0.99,visual_verified_against_0825_source
20260825-39a1a6eac4700763bd78-01,2026-08-25,手机,device,OPPO,A,A79,,A79,不开机,140.0,元/台,,image,oppo.jpg,数码网报价单-0825更新/手机相关/oppo.jpg,1,0.99,visual_verified_against_0825_source
20260825-69e3560896886413f0cc-01,2026-08-25,手机,device,OPPO,A,A79,,A79,废板-整机,140.0,元/台,,image,oppo.jpg,数码网报价单-0825更新/手机相关/oppo.jpg,1,0.99,visual_verified_against_0825_source
20260825-32246ea9b0b3d3ab6944-01,2026-08-25,手机,device,OPPO,A,A77移动,,A77移动,开机屏好,70.0,元/台,,image,oppo.jpg,数码网报价单-0825更新/手机相关/oppo.jpg,1,0.99,visual_verified_against_0825_source
20260825-c725c4b0d3fb260c7ec3-01,2026-08-25,手机,device,OPPO,A,A77移动,,A77移动,开机屏好外屏碎,70.0,元/台,,image,oppo.jpg,数码网报价单-0825更新/手机相关/oppo.jpg,1,0.99,visual_verified_against_0825_source
20260825-485b8816c8acbba8daa7-01,2026-08-25,手机,device,OPPO,A,A77移动,,A77移动,开机屏坏未拆,70.0,元/台,,image,oppo.jpg,数码网报价单-0825更新/手机相关/oppo.jpg,1,0.99,visual_verified_against_0825_source
20260825-a2930e5a349a1f79ce83-01,2026-08-25,手机,device,OPPO,A,A77移动,,A77移动,开机屏坏,70.0,元/台,,image,oppo.jpg,数码网报价单-0825更新/手机相关/oppo.jpg,1,0.99,visual_verified_against_0825_source
20260825-0a94368c8c6093fe56d8-01,2026-08-25,手机,device,OPPO,A,A77移动,,A77移动,不开机,70.0,元/台,,image,oppo.jpg,数码网报价单-0825更新/手机相关/oppo.jpg,1,0.99,visual_verified_against_0825_source
20260825-82b3fd595e47b8c226f8-01,2026-08-25,手机,device,OPPO,A,A77移动,,A77移动,废板-整机,70.0,元/台,,image,oppo.jpg,数码网报价单-0825更新/手机相关/oppo.jpg,1,0.99,visual_verified_against_0825_source
20260825-f92040f6cba2d7efe821-01,2026-08-25,手机,device,OPPO,A,A73,,A73,开机屏好,100.0,元/台,,image,oppo.jpg,数码网报价单-0825更新/手机相关/oppo.jpg,1,0.99,visual_verified_against_0825_source
20260825-8a14dd25753f01591097-01,2026-08-25,手机,device,OPPO,A,A73,,A73,开机屏好外屏碎,100.0,元/台,,image,oppo.jpg,数码网报价单-0825更新/手机相关/oppo.jpg,1,0.99,visual_verified_against_0825_source
20260825-5de8557d230ba04aa27d-01,2026-08-25,手机,device,OPPO,A,A73,,A73,开机屏坏未拆,100.0,元/台,,image,oppo.jpg,数码网报价单-0825更新/手机相关/oppo.jpg,1,0.99,visual_verified_against_0825_source
20260825-ba4d1e87383322c440c5-01,2026-08-25,手机,device,OPPO,A,A73,,A73,开机屏坏,100.0,元/台,,image,oppo.jpg,数码网报价单-0825更新/手机相关/oppo.jpg,1,0.99,visual_verified_against_0825_source
20260825-ed95d14a9dfd0b674ac1-01,2026-08-25,手机,device,OPPO,A,A73,,A73,不开机,100.0,元/台,,image,oppo.jpg,数码网报价单-0825更新/手机相关/oppo.jpg,1,0.99,visual_verified_against_0825_source
20260825-43e94d4f4b8c335f2023-01,2026-08-25,手机,device,OPPO,A,A73,,A73,废板-整机,100.0,元/台,,image,oppo.jpg,数码网报价单-0825更新/手机相关/oppo.jpg,1,0.99,visual_verified_against_0825_source
20260825-57ba6b9dc8ecf0067ba8-01,2026-08-25,手机,device,OPPO,A,A6s,,A6s,开机屏好,500.0,元/台,,image,oppo.jpg,数码网报价单-0825更新/手机相关/oppo.jpg,1,0.99,visual_verified_against_0825_source
20260825-4077439b379aa605458c-01,2026-08-25,手机,device,OPPO,A,A6s,,A6s,开机屏好外屏碎,400.0,元/台,,image,oppo.jpg,数码网报价单-0825更新/手机相关/oppo.jpg,1,0.99,visual_verified_against_0825_source
20260825-f261f49e5ead64665592-01,2026-08-25,手机,device,OPPO,A,A6s,,A6s,开机屏坏未拆,400.0,元/台,,image,oppo.jpg,数码网报价单-0825更新/手机相关/oppo.jpg,1,0.99,visual_verified_against_0825_source
20260825-67228c4341b32cbf71e2-01,2026-08-25,手机,device,OPPO,A,A6s,,A6s,开机屏坏,400.0,元/台,,image,oppo.jpg,数码网报价单-0825更新/手机相关/oppo.jpg,1,0.99,visual_verified_against_0825_source
20260825-891d1c6ae980f287a81b-01,2026-08-25,手机,device,OPPO,A,A6s,,A6s,不开机,200.0,元/台,,image,oppo.jpg,数码网报价单-0825更新/手机相关/oppo.jpg,1,0.99,visual_verified_against_0825_source
20260825-90c2fbd093d569e9986a-01,2026-08-25,手机,device,OPPO,A,A6s,,A6s,废板-整机,200.0,元/台,,image,oppo.jpg,数码网报价单-0825更新/手机相关/oppo.jpg,1,0.99,visual_verified_against_0825_source
20260825-3cfac279b692190df032-01,2026-08-25,手机,device,OPPO,A,A6c,,A6c,开机屏好,240.0,元/台,,image,oppo.jpg,数码网报价单-0825更新/手机相关/oppo.jpg,1,0.99,visual_verified_against_0825_source
20260825-9fe788ff0532fce32496-01,2026-08-25,手机,device,OPPO,A,A6c,,A6c,开机屏好外屏碎,200.0,元/台,,image,oppo.jpg,数码网报价单-0825更新/手机相关/oppo.jpg,1,0.99,visual_verified_against_0825_source
20260825-358a93afbd04fd81a9b5-01,2026-08-25,手机,device,OPPO,A,A6c,,A6c,开机屏坏未拆,200.0,元/台,,image,oppo.jpg,数码网报价单-0825更新/手机相关/oppo.jpg,1,0.99,visual_verified_against_0825_source
20260825-84a67a40779a362c5cc2-01,2026-08-25,手机,device,OPPO,A,A6c,,A6c,开机屏坏,200.0,元/台,,image,oppo.jpg,数码网报价单-0825更新/手机相关/oppo.jpg,1,0.99,visual_verified_against_0825_source
20260825-912f4b7182a8b66b55b7-01,2026-08-25,手机,device,OPPO,A,A6c,,A6c,不开机,150.0,元/台,,image,oppo.jpg,数码网报价单-0825更新/手机相关/oppo.jpg,1,0.99,visual_verified_against_0825_source
20260825-a2107dea853717155d39-01,2026-08-25,手机,device,OPPO,A,A6c,,A6c,废板-整机,150.0,元/台,,image,oppo.jpg,数码网报价单-0825更新/手机相关/oppo.jpg,1,0.99,visual_verified_against_0825_source
20260825-a7e0af5b61fb31921b10-01,2026-08-25,手机,device,OPPO,A,A6i+,,A6i+,开机屏好,450.0,元/台,,image,oppo.jpg,数码网报价单-0825更新/手机相关/oppo.jpg,1,0.99,visual_verified_against_0825_source
20260825-cec8f11e7e233e5efdc0-01,2026-08-25,手机,device,OPPO,A,A6i+,,A6i+,开机屏好外屏碎,420.0,元/台,,image,oppo.jpg,数码网报价单-0825更新/手机相关/oppo.jpg,1,0.99,visual_verified_against_0825_source
20260825-1b2f91952ff5b5c306bb-01,2026-08-25,手机,device,OPPO,A,A6i+,,A6i+,开机屏坏未拆,420.0,元/台,,image,oppo.jpg,数码网报价单-0825更新/手机相关/oppo.jpg,1,0.99,visual_verified_against_0825_source
20260825-cf15cf9f01f5a158450b-01,2026-08-25,手机,device,OPPO,A,A6i+,,A6i+,开机屏坏,420.0,元/台,,image,oppo.jpg,数码网报价单-0825更新/手机相关/oppo.jpg,1,0.99,visual_verified_against_0825_source
20260825-4a0436bed8262776b4e5-01,2026-08-25,手机,device,OPPO,A,A6i+,,A6i+,不开机,150.0,元/台,,image,oppo.jpg,数码网报价单-0825更新/手机相关/oppo.jpg,1,0.99,visual_verified_against_0825_source
20260825-14c2715d07654d43852a-01,2026-08-25,手机,device,OPPO,A,A6i+,,A6i+,废板-整机,150.0,元/台,,image,oppo.jpg,数码网报价单-0825更新/手机相关/oppo.jpg,1,0.99,visual_verified_against_0825_source
20260825-4b93a1ffc0a3e200cd52-01,2026-08-25,手机,device,OPPO,A,A6v,,A6v,开机屏好,450.0,元/台,,image,oppo.jpg,数码网报价单-0825更新/手机相关/oppo.jpg,1,0.99,visual_verified_against_0825_source
20260825-cacbed703275c82a5c16-01,2026-08-25,手机,device,OPPO,A,A6v,,A6v,开机屏好外屏碎,370.0,元/台,,image,oppo.jpg,数码网报价单-0825更新/手机相关/oppo.jpg,1,0.99,visual_verified_against_0825_source
20260825-d262ebcf992d37388ddd-01,2026-08-25,手机,device,OPPO,A,A6v,,A6v,开机屏坏未拆,370.0,元/台,,image,oppo.jpg,数码网报价单-0825更新/手机相关/oppo.jpg,1,0.99,visual_verified_against_0825_source
20260825-2ade6e58cf9fe35bce11-01,2026-08-25,手机,device,OPPO,A,A6v,,A6v,开机屏坏,370.0,元/台,,image,oppo.jpg,数码网报价单-0825更新/手机相关/oppo.jpg,1,0.99,visual_verified_against_0825_source
20260825-780078e80191a8fb18f1-01,2026-08-25,手机,device,OPPO,A,A6v,,A6v,不开机,150.0,元/台,,image,oppo.jpg,数码网报价单-0825更新/手机相关/oppo.jpg,1,0.99,visual_verified_against_0825_source
20260825-29000a86ffd0656fe26a-01,2026-08-25,手机,device,OPPO,A,A6v,,A6v,废板-整机,150.0,元/台,,image,oppo.jpg,数码网报价单-0825更新/手机相关/oppo.jpg,1,0.99,visual_verified_against_0825_source
20260825-a406b0e86ed8ff729be1-01,2026-08-25,手机,device,OPPO,A,A6k,,A6k,开机屏好,450.0,元/台,,image,oppo.jpg,数码网报价单-0825更新/手机相关/oppo.jpg,1,0.99,visual_verified_against_0825_source
20260825-fd0cae41e1668e3c8693-01,2026-08-25,手机,device,OPPO,A,A6k,,A6k,开机屏好外屏碎,370.0,元/台,,image,oppo.jpg,数码网报价单-0825更新/手机相关/oppo.jpg,1,0.99,visual_verified_against_0825_source
20260825-b1d0c3d35b020462d0fc-01,2026-08-25,手机,device,OPPO,A,A6k,,A6k,开机屏坏未拆,370.0,元/台,,image,oppo.jpg,数码网报价单-0825更新/手机相关/oppo.jpg,1,0.99,visual_verified_against_0825_source
20260825-72aae7fc91d98410b984-01,2026-08-25,手机,device,OPPO,A,A6k,,A6k,开机屏坏,370.0,元/台,,image,oppo.jpg,数码网报价单-0825更新/手机相关/oppo.jpg,1,0.99,visual_verified_against_0825_source
20260825-202d0d2b119c9bc2bfb0-01,2026-08-25,手机,device,OPPO,A,A6k,,A6k,不开机,150.0,元/台,,image,oppo.jpg,数码网报价单-0825更新/手机相关/oppo.jpg,1,0.99,visual_verified_against_0825_source
20260825-30f1dcb2e49d3f0f02cc-01,2026-08-25,手机,device,OPPO,A,A6k,,A6k,废板-整机,150.0,元/台,,image,oppo.jpg,数码网报价单-0825更新/手机相关/oppo.jpg,1,0.99,visual_verified_against_0825_source
20260825-6f7d94086e206db909ee-01,2026-08-25,手机,device,OPPO,A,A5x,,A5x,开机屏好,280.0,元/台,,image,oppo.jpg,数码网报价单-0825更新/手机相关/oppo.jpg,1,0.99,visual_verified_against_0825_source
20260825-5dacd66a6554bb9a5b6d-01,2026-08-25,手机,device,OPPO,A,A5x,,A5x,开机屏好外屏碎,240.0,元/台,,image,oppo.jpg,数码网报价单-0825更新/手机相关/oppo.jpg,1,0.99,visual_verified_against_0825_source
20260825-63d885aaea75c66c983e-01,2026-08-25,手机,device,OPPO,A,A5x,,A5x,开机屏坏未拆,240.0,元/台,,image,oppo.jpg,数码网报价单-0825更新/手机相关/oppo.jpg,1,0.99,visual_verified_against_0825_source
20260825-c6d4f4875e657e5c80d5-01,2026-08-25,手机,device,OPPO,A,A5x,,A5x,开机屏坏,240.0,元/台,,image,oppo.jpg,数码网报价单-0825更新/手机相关/oppo.jpg,1,0.99,visual_verified_against_0825_source
20260825-facfe0ee5850b5486948-01,2026-08-25,手机,device,OPPO,A,A5x,,A5x,不开机,100.0,元/台,,image,oppo.jpg,数码网报价单-0825更新/手机相关/oppo.jpg,1,0.99,visual_verified_against_0825_source
20260825-ecf3dfae700e518da297-01,2026-08-25,手机,device,OPPO,A,A5x,,A5x,废板-整机,100.0,元/台,,image,oppo.jpg,数码网报价单-0825更新/手机相关/oppo.jpg,1,0.99,visual_verified_against_0825_source
20260825-4277be725a1182145336-01,2026-08-25,手机,device,OPPO,A,A5 5g,,A5 5g,开机屏好,280.0,元/台,,image,oppo.jpg,数码网报价单-0825更新/手机相关/oppo.jpg,1,0.99,visual_verified_against_0825_source
20260825-b825fb33f355091bab7f-01,2026-08-25,手机,device,OPPO,A,A5 5g,,A5 5g,开机屏好外屏碎,240.0,元/台,,image,oppo.jpg,数码网报价单-0825更新/手机相关/oppo.jpg,1,0.99,visual_verified_against_0825_source
20260825-24a05a0043234ef39273-01,2026-08-25,手机,device,OPPO,A,A5 5g,,A5 5g,开机屏坏未拆,240.0,元/台,,image,oppo.jpg,数码网报价单-0825更新/手机相关/oppo.jpg,1,0.99,visual_verified_against_0825_source
20260825-15cca3ce10e74eec6947-01,2026-08-25,手机,device,OPPO,A,A5 5g,,A5 5g,开机屏坏,240.0,元/台,,image,oppo.jpg,数码网报价单-0825更新/手机相关/oppo.jpg,1,0.99,visual_verified_against_0825_source
20260825-f94e5c32f2cc6ac41b26-01,2026-08-25,手机,device,OPPO,A,A5 5g,,A5 5g,不开机,170.0,元/台,,image,oppo.jpg,数码网报价单-0825更新/手机相关/oppo.jpg,1,0.99,visual_verified_against_0825_source
20260825-7e316cdaaa07a4e6d09b-01,2026-08-25,手机,device,OPPO,A,A5 5g,,A5 5g,废板-整机,170.0,元/台,,image,oppo.jpg,数码网报价单-0825更新/手机相关/oppo.jpg,1,0.99,visual_verified_against_0825_source
20260825-468c69602fba3eaa2a5a-01,2026-08-25,手机,device,OPPO,A,A5 活力,,A5 活力,开机屏好,280.0,元/台,,image,oppo.jpg,数码网报价单-0825更新/手机相关/oppo.jpg,1,0.99,visual_verified_against_0825_source
20260825-26b31f72b8f7702fc537-01,2026-08-25,手机,device,OPPO,A,A5 活力,,A5 活力,开机屏好外屏碎,280.0,元/台,,image,oppo.jpg,数码网报价单-0825更新/手机相关/oppo.jpg,1,0.99,visual_verified_against_0825_source
20260825-3798f3e9b7cb54435279-01,2026-08-25,手机,device,OPPO,A,A5 活力,,A5 活力,开机屏坏未拆,280.0,元/台,,image,oppo.jpg,数码网报价单-0825更新/手机相关/oppo.jpg,1,0.99,visual_verified_against_0825_source
20260825-e06e866ba3b2bfd51ee2-01,2026-08-25,手机,device,OPPO,A,A5 活力,,A5 活力,开机屏坏,280.0,元/台,,image,oppo.jpg,数码网报价单-0825更新/手机相关/oppo.jpg,1,0.99,visual_verified_against_0825_source
20260825-793e0aa38fe5dcaa651e-01,2026-08-25,手机,device,OPPO,A,A5 活力,,A5 活力,不开机,150.0,元/台,,image,oppo.jpg,数码网报价单-0825更新/手机相关/oppo.jpg,1,0.99,visual_verified_against_0825_source
20260825-1f053ece41c7fe37f193-01,2026-08-25,手机,device,OPPO,A,A5 活力,,A5 活力,废板-整机,150.0,元/台,,image,oppo.jpg,数码网报价单-0825更新/手机相关/oppo.jpg,1,0.99,visual_verified_against_0825_source
20260825-5242d7636f846d8cf247-01,2026-08-25,手机,device,OPPO,A,A58x,,A58x,开机屏好,180.0,元/台,,image,oppo.jpg,数码网报价单-0825更新/手机相关/oppo.jpg,1,0.99,visual_verified_against_0825_source
20260825-2f512733b3b6de126870-01,2026-08-25,手机,device,OPPO,A,A58x,,A58x,开机屏好外屏碎,180.0,元/台,,image,oppo.jpg,数码网报价单-0825更新/手机相关/oppo.jpg,1,0.99,visual_verified_against_0825_source
20260825-1ba98bcc1dff2865ba84-01,2026-08-25,手机,device,OPPO,A,A58x,,A58x,开机屏坏未拆,180.0,元/台,,image,oppo.jpg,数码网报价单-0825更新/手机相关/oppo.jpg,1,0.99,visual_verified_against_0825_source
20260825-eba45cfc4bf301b221c6-01,2026-08-25,手机,device,OPPO,A,A58x,,A58x,开机屏坏,180.0,元/台,,image,oppo.jpg,数码网报价单-0825更新/手机相关/oppo.jpg,1,0.99,visual_verified_against_0825_source
20260825-d4d1e3b253b693b01330-01,2026-08-25,手机,device,OPPO,A,A58x,,A58x,不开机,180.0,元/台,,image,oppo.jpg,数码网报价单-0825更新/手机相关/oppo.jpg,1,0.99,visual_verified_against_0825_source
20260825-afabe0b8dd00eb9fff38-01,2026-08-25,手机,device,OPPO,A,A58x,,A58x,废板-整机,180.0,元/台,,image,oppo.jpg,数码网报价单-0825更新/手机相关/oppo.jpg,1,0.99,visual_verified_against_0825_source
20260825-ea9df5d39a9691ce8b10-01,2026-08-25,手机,device,OPPO,A,A57新款,,A57新款,开机屏好,190.0,元/台,,image,oppo.jpg,数码网报价单-0825更新/手机相关/oppo.jpg,1,0.99,visual_verified_against_0825_source
20260825-c8d4310d73bef977b0e6-01,2026-08-25,手机,device,OPPO,A,A57新款,,A57新款,开机屏好外屏碎,190.0,元/台,,image,oppo.jpg,数码网报价单-0825更新/手机相关/oppo.jpg,1,0.99,visual_verified_against_0825_source
20260825-450386612c923cf13fa1-01,2026-08-25,手机,device,OPPO,A,A57新款,,A57新款,开机屏坏未拆,190.0,元/台,,image,oppo.jpg,数码网报价单-0825更新/手机相关/oppo.jpg,1,0.99,visual_verified_against_0825_source
20260825-7e88a1c7359dbc7409bf-01,2026-08-25,手机,device,OPPO,A,A57新款,,A57新款,开机屏坏,190.0,元/台,,image,oppo.jpg,数码网报价单-0825更新/手机相关/oppo.jpg,1,0.99,visual_verified_against_0825_source
20260825-0cdbd9b18ea961d0f137-01,2026-08-25,手机,device,OPPO,A,A57新款,,A57新款,不开机,190.0,元/台,,image,oppo.jpg,数码网报价单-0825更新/手机相关/oppo.jpg,1,0.99,visual_verified_against_0825_source
20260825-a7f79a4a4cdeddd98011-01,2026-08-25,手机,device,OPPO,A,A57新款,,A57新款,废板-整机,190.0,元/台,,image,oppo.jpg,数码网报价单-0825更新/手机相关/oppo.jpg,1,0.99,visual_verified_against_0825_source
20260825-bc4641cf69ec500025cc-01,2026-08-25,手机,device,OPPO,A,A57,,A57,开机屏好,60.0,元/台,,image,oppo.jpg,数码网报价单-0825更新/手机相关/oppo.jpg,1,0.99,visual_verified_against_0825_source
20260825-707bac3e528acb2b8270-01,2026-08-25,手机,device,OPPO,A,A57,,A57,开机屏好外屏碎,60.0,元/台,,image,oppo.jpg,数码网报价单-0825更新/手机相关/oppo.jpg,1,0.99,visual_verified_against_0825_source
20260825-d9b67da995c70541a553-01,2026-08-25,手机,device,OPPO,A,A57,,A57,开机屏坏未拆,60.0,元/台,,image,oppo.jpg,数码网报价单-0825更新/手机相关/oppo.jpg,1,0.99,visual_verified_against_0825_source
20260825-a0840b910093fde715e3-01,2026-08-25,手机,device,OPPO,A,A57,,A57,开机屏坏,60.0,元/台,,image,oppo.jpg,数码网报价单-0825更新/手机相关/oppo.jpg,1,0.99,visual_verified_against_0825_source
20260825-a537f938540e8ca68616-01,2026-08-25,手机,device,OPPO,A,A57,,A57,不开机,60.0,元/台,,image,oppo.jpg,数码网报价单-0825更新/手机相关/oppo.jpg,1,0.99,visual_verified_against_0825_source
20260825-fa5ad7bc4217eea7e128-01,2026-08-25,手机,device,OPPO,A,A57,,A57,废板-整机,60.0,元/台,,image,oppo.jpg,数码网报价单-0825更新/手机相关/oppo.jpg,1,0.99,visual_verified_against_0825_source
20260825-0d1b435c55208505ef3f-01,2026-08-25,手机,device,OPPO,A,A56,,A56,开机屏好,180.0,元/台,,image,oppo.jpg,数码网报价单-0825更新/手机相关/oppo.jpg,1,0.99,visual_verified_against_0825_source
20260825-94f8c47b4b52f9bcf211-01,2026-08-25,手机,device,OPPO,A,A56,,A56,开机屏好外屏碎,180.0,元/台,,image,oppo.jpg,数码网报价单-0825更新/手机相关/oppo.jpg,1,0.99,visual_verified_against_0825_source
20260825-08ce812c6d6d36c67469-01,2026-08-25,手机,device,OPPO,A,A56,,A56,开机屏坏未拆,180.0,元/台,,image,oppo.jpg,数码网报价单-0825更新/手机相关/oppo.jpg,1,0.99,visual_verified_against_0825_source
20260825-aa73246f1c88b151a41c-01,2026-08-25,手机,device,OPPO,A,A56,,A56,开机屏坏,180.0,元/台,,image,oppo.jpg,数码网报价单-0825更新/手机相关/oppo.jpg,1,0.99,visual_verified_against_0825_source
20260825-9c585b05719db8479e83-01,2026-08-25,手机,device,OPPO,A,A56,,A56,不开机,180.0,元/台,,image,oppo.jpg,数码网报价单-0825更新/手机相关/oppo.jpg,1,0.99,visual_verified_against_0825_source
20260825-e270592398955fde3c0c-01,2026-08-25,手机,device,OPPO,A,A56,,A56,废板-整机,180.0,元/台,,image,oppo.jpg,数码网报价单-0825更新/手机相关/oppo.jpg,1,0.99,visual_verified_against_0825_source
20260825-3a1b5cd4fcaa65036f6a-01,2026-08-25,手机,device,OPPO,A,A56s,,A56s,开机屏好,180.0,元/台,,image,oppo.jpg,数码网报价单-0825更新/手机相关/oppo.jpg,1,0.99,visual_verified_against_0825_source
20260825-b8d9e8e73ccbb769f9c5-01,2026-08-25,手机,device,OPPO,A,A56s,,A56s,开机屏好外屏碎,180.0,元/台,,image,oppo.jpg,数码网报价单-0825更新/手机相关/oppo.jpg,1,0.99,visual_verified_against_0825_source
20260825-7ab2dae698b21d4d6be0-01,2026-08-25,手机,device,OPPO,A,A56s,,A56s,开机屏坏未拆,180.0,元/台,,image,oppo.jpg,数码网报价单-0825更新/手机相关/oppo.jpg,1,0.99,visual_verified_against_0825_source
20260825-e4d862b50961c386221a-01,2026-08-25,手机,device,OPPO,A,A56s,,A56s,开机屏坏,180.0,元/台,,image,oppo.jpg,数码网报价单-0825更新/手机相关/oppo.jpg,1,0.99,visual_verified_against_0825_source
20260825-2a7b2385cc09d73d1036-01,2026-08-25,手机,device,OPPO,A,A56s,,A56s,不开机,180.0,元/台,,image,oppo.jpg,数码网报价单-0825更新/手机相关/oppo.jpg,1,0.99,visual_verified_against_0825_source
20260825-6a62ef94d60de4db05e1-01,2026-08-25,手机,device,OPPO,A,A56s,,A56s,废板-整机,180.0,元/台,,image,oppo.jpg,数码网报价单-0825更新/手机相关/oppo.jpg,1,0.99,visual_verified_against_0825_source
20260825-85504250c03fd4761b69-01,2026-08-25,手机,device,OPPO,A,A55s,,A55s,开机屏好,180.0,元/台,,image,oppo.jpg,数码网报价单-0825更新/手机相关/oppo.jpg,1,0.99,visual_verified_against_0825_source
20260825-245bf0aa0773b24be83c-01,2026-08-25,手机,device,OPPO,A,A55s,,A55s,开机屏好外屏碎,180.0,元/台,,image,oppo.jpg,数码网报价单-0825更新/手机相关/oppo.jpg,1,0.99,visual_verified_against_0825_source
20260825-7816e67c52bb55d1aaa0-01,2026-08-25,手机,device,OPPO,A,A55s,,A55s,开机屏坏未拆,180.0,元/台,,image,oppo.jpg,数码网报价单-0825更新/手机相关/oppo.jpg,1,0.99,visual_verified_against_0825_source
20260825-c0318df3908ff93bef25-01,2026-08-25,手机,device,OPPO,A,A55s,,A55s,开机屏坏,180.0,元/台,,image,oppo.jpg,数码网报价单-0825更新/手机相关/oppo.jpg,1,0.99,visual_verified_against_0825_source
20260825-4d1891cd95fb96a4ab1d-01,2026-08-25,手机,device,OPPO,A,A55s,,A55s,不开机,180.0,元/台,,image,oppo.jpg,数码网报价单-0825更新/手机相关/oppo.jpg,1,0.99,visual_verified_against_0825_source
20260825-527c80add8763c8c65fa-01,2026-08-25,手机,device,OPPO,A,A55s,,A55s,废板-整机,180.0,元/台,,image,oppo.jpg,数码网报价单-0825更新/手机相关/oppo.jpg,1,0.99,visual_verified_against_0825_source
20260825-cb22bc9bc7dc8ede7be0-01,2026-08-25,手机,device,OPPO,A,A54s(外单),,A54s(外单),开机屏好,75.0,元/台,,image,oppo.jpg,数码网报价单-0825更新/手机相关/oppo.jpg,1,0.99,visual_verified_against_0825_source
20260825-b0d881553bde727b501f-01,2026-08-25,手机,device,OPPO,A,A54s(外单),,A54s(外单),开机屏好外屏碎,75.0,元/台,,image,oppo.jpg,数码网报价单-0825更新/手机相关/oppo.jpg,1,0.99,visual_verified_against_0825_source
20260825-2ef7944eec3c7f52c858-01,2026-08-25,手机,device,OPPO,A,A54s(外单),,A54s(外单),开机屏坏未拆,75.0,元/台,,image,oppo.jpg,数码网报价单-0825更新/手机相关/oppo.jpg,1,0.99,visual_verified_against_0825_source
20260825-4d52fdeccbe98636c6f0-01,2026-08-25,手机,device,OPPO,A,A54s(外单),,A54s(外单),开机屏坏,75.0,元/台,,image,oppo.jpg,数码网报价单-0825更新/手机相关/oppo.jpg,1,0.99,visual_verified_against_0825_source
20260825-32908d22208b2bfa1bf6-01,2026-08-25,手机,device,OPPO,A,A54s(外单),,A54s(外单),不开机,75.0,元/台,,image,oppo.jpg,数码网报价单-0825更新/手机相关/oppo.jpg,1,0.99,visual_verified_against_0825_source
20260825-ea52c1eb717b86101b3a-01,2026-08-25,手机,device,OPPO,A,A54s(外单),,A54s(外单),废板-整机,75.0,元/台,,image,oppo.jpg,数码网报价单-0825更新/手机相关/oppo.jpg,1,0.99,visual_verified_against_0825_source
20260825-a3e4e7a291dfbd8d2a65-01,2026-08-25,手机,device,OPPO,A,A53新款,,A53新款,开机屏好,180.0,元/台,,image,oppo.jpg,数码网报价单-0825更新/手机相关/oppo.jpg,1,0.99,visual_verified_against_0825_source
20260825-21dcb2dd718dbf435300-01,2026-08-25,手机,device,OPPO,A,A53新款,,A53新款,开机屏好外屏碎,180.0,元/台,,image,oppo.jpg,数码网报价单-0825更新/手机相关/oppo.jpg,1,0.99,visual_verified_against_0825_source
20260825-074d323fffff6cbb7254-01,2026-08-25,手机,device,OPPO,A,A53新款,,A53新款,开机屏坏未拆,180.0,元/台,,image,oppo.jpg,数码网报价单-0825更新/手机相关/oppo.jpg,1,0.99,visual_verified_against_0825_source
20260825-6af45555a8ff2fb43b11-01,2026-08-25,手机,device,OPPO,A,A53新款,,A53新款,开机屏坏,180.0,元/台,,image,oppo.jpg,数码网报价单-0825更新/手机相关/oppo.jpg,1,0.99,visual_verified_against_0825_source
20260825-afa35c2e872d110f5fc7-01,2026-08-25,手机,device,OPPO,A,A53新款,,A53新款,不开机,180.0,元/台,,image,oppo.jpg,数码网报价单-0825更新/手机相关/oppo.jpg,1,0.99,visual_verified_against_0825_source
20260825-0ec71567323d3bab88a4-01,2026-08-25,手机,device,OPPO,A,A53新款,,A53新款,废板-整机,180.0,元/台,,image,oppo.jpg,数码网报价单-0825更新/手机相关/oppo.jpg,1,0.99,visual_verified_against_0825_source
20260825-f7cbb335aa277417a40f-01,2026-08-25,手机,device,OPPO,A,A52,,A52,开机屏好,175.0,元/台,,image,oppo.jpg,数码网报价单-0825更新/手机相关/oppo.jpg,1,0.99,visual_verified_against_0825_source
20260825-17b2106fdf308fc060fd-01,2026-08-25,手机,device,OPPO,A,A52,,A52,开机屏好外屏碎,175.0,元/台,,image,oppo.jpg,数码网报价单-0825更新/手机相关/oppo.jpg,1,0.99,visual_verified_against_0825_source
20260825-bcaaeda9bb728a92fb72-01,2026-08-25,手机,device,OPPO,A,A52,,A52,开机屏坏未拆,175.0,元/台,,image,oppo.jpg,数码网报价单-0825更新/手机相关/oppo.jpg,1,0.99,visual_verified_against_0825_source
20260825-45493b9d9503b34e30f9-01,2026-08-25,手机,device,OPPO,A,A52,,A52,开机屏坏,175.0,元/台,,image,oppo.jpg,数码网报价单-0825更新/手机相关/oppo.jpg,1,0.99,visual_verified_against_0825_source
20260825-727186f3f8dc98040868-01,2026-08-25,手机,device,OPPO,A,A52,,A52,不开机,175.0,元/台,,image,oppo.jpg,数码网报价单-0825更新/手机相关/oppo.jpg,1,0.99,visual_verified_against_0825_source
20260825-7744f345b7660d71d96b-01,2026-08-25,手机,device,OPPO,A,A52,,A52,废板-整机,175.0,元/台,,image,oppo.jpg,数码网报价单-0825更新/手机相关/oppo.jpg,1,0.99,visual_verified_against_0825_source
20260825-ddda3574fa44ff1b66d1-01,2026-08-25,手机,device,OPPO,A,A36,,A36,开机屏好,175.0,元/台,,image,oppo.jpg,数码网报价单-0825更新/手机相关/oppo.jpg,1,0.99,visual_verified_against_0825_source
20260825-284d008427b730ad3d92-01,2026-08-25,手机,device,OPPO,A,A36,,A36,开机屏好外屏碎,175.0,元/台,,image,oppo.jpg,数码网报价单-0825更新/手机相关/oppo.jpg,1,0.99,visual_verified_against_0825_source
20260825-7f8ac7a3617eeb5bae85-01,2026-08-25,手机,device,OPPO,A,A36,,A36,开机屏坏未拆,175.0,元/台,,image,oppo.jpg,数码网报价单-0825更新/手机相关/oppo.jpg,1,0.99,visual_verified_against_0825_source
20260825-f2620fc7f246479d19dd-01,2026-08-25,手机,device,OPPO,A,A36,,A36,开机屏坏,175.0,元/台,,image,oppo.jpg,数码网报价单-0825更新/手机相关/oppo.jpg,1,0.99,visual_verified_against_0825_source
20260825-0b882946a5ad6d938c12-01,2026-08-25,手机,device,OPPO,A,A36,,A36,不开机,175.0,元/台,,image,oppo.jpg,数码网报价单-0825更新/手机相关/oppo.jpg,1,0.99,visual_verified_against_0825_source
20260825-6c992178fc9f6944381c-01,2026-08-25,手机,device,OPPO,A,A36,,A36,废板-整机,175.0,元/台,,image,oppo.jpg,数码网报价单-0825更新/手机相关/oppo.jpg,1,0.99,visual_verified_against_0825_source
20260825-2c631f98b112767d7aa5-01,2026-08-25,手机,device,OPPO,A,A35,,A35,开机屏好,175.0,元/台,,image,oppo.jpg,数码网报价单-0825更新/手机相关/oppo.jpg,1,0.99,visual_verified_against_0825_source
20260825-807d895a6a3ff09d84d1-01,2026-08-25,手机,device,OPPO,A,A35,,A35,开机屏好外屏碎,175.0,元/台,,image,oppo.jpg,数码网报价单-0825更新/手机相关/oppo.jpg,1,0.99,visual_verified_against_0825_source
20260825-6abfb72e0f757c607849-01,2026-08-25,手机,device,OPPO,A,A35,,A35,开机屏坏未拆,175.0,元/台,,image,oppo.jpg,数码网报价单-0825更新/手机相关/oppo.jpg,1,0.99,visual_verified_against_0825_source
20260825-94c26df2552229e419e6-01,2026-08-25,手机,device,OPPO,A,A35,,A35,开机屏坏,175.0,元/台,,image,oppo.jpg,数码网报价单-0825更新/手机相关/oppo.jpg,1,0.99,visual_verified_against_0825_source
20260825-adae0f8740320d8a6ac6-01,2026-08-25,手机,device,OPPO,A,A35,,A35,不开机,175.0,元/台,,image,oppo.jpg,数码网报价单-0825更新/手机相关/oppo.jpg,1,0.99,visual_verified_against_0825_source
20260825-c3ce95fb03464073c1bd-01,2026-08-25,手机,device,OPPO,A,A35,,A35,废板-整机,175.0,元/台,,image,oppo.jpg,数码网报价单-0825更新/手机相关/oppo.jpg,1,0.99,visual_verified_against_0825_source
20260825-3c8014d6c3d4c1e3d81b-01,2026-08-25,手机,device,OPPO,A,A33m,,A33m,开机屏好,33.0,元/台,,image,oppo.jpg,数码网报价单-0825更新/手机相关/oppo.jpg,1,0.99,visual_verified_against_0825_source
20260825-f1997d7121c713c69aec-01,2026-08-25,手机,device,OPPO,A,A33m,,A33m,开机屏好外屏碎,30.0,元/台,,image,oppo.jpg,数码网报价单-0825更新/手机相关/oppo.jpg,1,0.99,visual_verified_against_0825_source
20260825-c13bba042cfb762917cc-01,2026-08-25,手机,device,OPPO,A,A33m,,A33m,开机屏坏未拆,30.0,元/台,,image,oppo.jpg,数码网报价单-0825更新/手机相关/oppo.jpg,1,0.99,visual_verified_against_0825_source
20260825-f240be3aa35534a6a1b2-01,2026-08-25,手机,device,OPPO,A,A33m,,A33m,开机屏坏,30.0,元/台,,image,oppo.jpg,数码网报价单-0825更新/手机相关/oppo.jpg,1,0.99,visual_verified_against_0825_source
20260825-e9f0ede503f64b1d2904-01,2026-08-25,手机,device,OPPO,A,A33m,,A33m,不开机,30.0,元/台,,image,oppo.jpg,数码网报价单-0825更新/手机相关/oppo.jpg,1,0.99,visual_verified_against_0825_source
20260825-472e599f172c82413f29-01,2026-08-25,手机,device,OPPO,A,A33m,,A33m,废板-整机,30.0,元/台,,image,oppo.jpg,数码网报价单-0825更新/手机相关/oppo.jpg,1,0.99,visual_verified_against_0825_source
20260825-cbe1ca707a9ff6f0ce4d-01,2026-08-25,手机,device,OPPO,A,A33,,A33,开机屏好,30.0,元/台,,image,oppo.jpg,数码网报价单-0825更新/手机相关/oppo.jpg,1,0.99,visual_verified_against_0825_source
20260825-f3cc0b04a3f98aa02064-01,2026-08-25,手机,device,OPPO,A,A33,,A33,开机屏好外屏碎,30.0,元/台,,image,oppo.jpg,数码网报价单-0825更新/手机相关/oppo.jpg,1,0.99,visual_verified_against_0825_source
20260825-11a466cada995776e327-01,2026-08-25,手机,device,OPPO,A,A33,,A33,开机屏坏未拆,30.0,元/台,,image,oppo.jpg,数码网报价单-0825更新/手机相关/oppo.jpg,1,0.99,visual_verified_against_0825_source
20260825-378cf5089310bdc8e276-01,2026-08-25,手机,device,OPPO,A,A33,,A33,开机屏坏,30.0,元/台,,image,oppo.jpg,数码网报价单-0825更新/手机相关/oppo.jpg,1,0.99,visual_verified_against_0825_source
20260825-451774b92e54162f6eeb-01,2026-08-25,手机,device,OPPO,A,A33,,A33,不开机,30.0,元/台,,image,oppo.jpg,数码网报价单-0825更新/手机相关/oppo.jpg,1,0.99,visual_verified_against_0825_source
20260825-8ec82cf8a9b19a44d182-01,2026-08-25,手机,device,OPPO,A,A33,,A33,废板-整机,30.0,元/台,,image,oppo.jpg,数码网报价单-0825更新/手机相关/oppo.jpg,1,0.99,visual_verified_against_0825_source
20260825-0b6707a1b3b66b711999-01,2026-08-25,手机,device,OPPO,A,A32,,A32,开机屏好,175.0,元/台,,image,oppo.jpg,数码网报价单-0825更新/手机相关/oppo.jpg,1,0.99,visual_verified_against_0825_source
20260825-8a91eb01058d3e1b0c7c-01,2026-08-25,手机,device,OPPO,A,A32,,A32,开机屏好外屏碎,175.0,元/台,,image,oppo.jpg,数码网报价单-0825更新/手机相关/oppo.jpg,1,0.99,visual_verified_against_0825_source
20260825-8dfd3a5ee6511063946c-01,2026-08-25,手机,device,OPPO,A,A32,,A32,开机屏坏未拆,175.0,元/台,,image,oppo.jpg,数码网报价单-0825更新/手机相关/oppo.jpg,1,0.99,visual_verified_against_0825_source
20260825-bdca6e38d416891537a4-01,2026-08-25,手机,device,OPPO,A,A32,,A32,开机屏坏,175.0,元/台,,image,oppo.jpg,数码网报价单-0825更新/手机相关/oppo.jpg,1,0.99,visual_verified_against_0825_source
20260825-5dfb1df810d9d29874d5-01,2026-08-25,手机,device,OPPO,A,A32,,A32,不开机,175.0,元/台,,image,oppo.jpg,数码网报价单-0825更新/手机相关/oppo.jpg,1,0.99,visual_verified_against_0825_source
20260825-e960ee2aba7d5212cde3-01,2026-08-25,手机,device,OPPO,A,A32,,A32,废板-整机,175.0,元/台,,image,oppo.jpg,数码网报价单-0825更新/手机相关/oppo.jpg,1,0.99,visual_verified_against_0825_source
20260825-8fc288118990e9c60877-01,2026-08-25,手机,device,OPPO,A,A11(4+128/8+128/6+128),,A11(4+128/8+128/6+128),开机屏好,175.0,元/台,,image,oppo.jpg,数码网报价单-0825更新/手机相关/oppo.jpg,1,0.99,visual_verified_against_0825_source
20260825-6ce81ae84bf7b9296e6d-01,2026-08-25,手机,device,OPPO,A,A11(4+128/8+128/6+128),,A11(4+128/8+128/6+128),开机屏好外屏碎,175.0,元/台,,image,oppo.jpg,数码网报价单-0825更新/手机相关/oppo.jpg,1,0.99,visual_verified_against_0825_source
20260825-46236e3ee6b678d9fe20-01,2026-08-25,手机,device,OPPO,A,A11(4+128/8+128/6+128),,A11(4+128/8+128/6+128),开机屏坏未拆,175.0,元/台,,image,oppo.jpg,数码网报价单-0825更新/手机相关/oppo.jpg,1,0.99,visual_verified_against_0825_source
20260825-fa39ec53011cb5cbe7f5-01,2026-08-25,手机,device,OPPO,A,A11(4+128/8+128/6+128),,A11(4+128/8+128/6+128),开机屏坏,175.0,元/台,,image,oppo.jpg,数码网报价单-0825更新/手机相关/oppo.jpg,1,0.99,visual_verified_against_0825_source
20260825-1037ce67bb764d222c8a-01,2026-08-25,手机,device,OPPO,A,A11(4+128/8+128/6+128),,A11(4+128/8+128/6+128),不开机,175.0,元/台,,image,oppo.jpg,数码网报价单-0825更新/手机相关/oppo.jpg,1,0.99,visual_verified_against_0825_source
20260825-2555813c4652ae49139b-01,2026-08-25,手机,device,OPPO,A,A11(4+128/8+128/6+128),,A11(4+128/8+128/6+128),废板-整机,175.0,元/台,,image,oppo.jpg,数码网报价单-0825更新/手机相关/oppo.jpg,1,0.99,visual_verified_against_0825_source
20260825-625b7c185132cf4f0c06-01,2026-08-25,手机,device,OPPO,A,A11(6+256),,A11(6+256),开机屏好,175.0,元/台,,image,oppo.jpg,数码网报价单-0825更新/手机相关/oppo.jpg,1,0.99,visual_verified_against_0825_source
20260825-2a33f04e2165274f8784-01,2026-08-25,手机,device,OPPO,A,A11(6+256),,A11(6+256),开机屏好外屏碎,175.0,元/台,,image,oppo.jpg,数码网报价单-0825更新/手机相关/oppo.jpg,1,0.99,visual_verified_against_0825_source
20260825-57911414397ec05460e0-01,2026-08-25,手机,device,OPPO,A,A11(6+256),,A11(6+256),开机屏坏未拆,175.0,元/台,,image,oppo.jpg,数码网报价单-0825更新/手机相关/oppo.jpg,1,0.99,visual_verified_against_0825_source
20260825-0a565ce13c427e39b923-01,2026-08-25,手机,device,OPPO,A,A11(6+256),,A11(6+256),开机屏坏,175.0,元/台,,image,oppo.jpg,数码网报价单-0825更新/手机相关/oppo.jpg,1,0.99,visual_verified_against_0825_source
20260825-30c4b27b19d7699db040-01,2026-08-25,手机,device,OPPO,A,A11(6+256),,A11(6+256),不开机,175.0,元/台,,image,oppo.jpg,数码网报价单-0825更新/手机相关/oppo.jpg,1,0.99,visual_verified_against_0825_source
20260825-022f40881fcee13ea170-01,2026-08-25,手机,device,OPPO,A,A11(6+256),,A11(6+256),废板-整机,175.0,元/台,,image,oppo.jpg,数码网报价单-0825更新/手机相关/oppo.jpg,1,0.99,visual_verified_against_0825_source
20260825-88853ba0a57a5fd06dc2-01,2026-08-25,手机,device,OPPO,A,A11(4+64),,A11(4+64),开机屏好,80.0,元/台,,image,oppo.jpg,数码网报价单-0825更新/手机相关/oppo.jpg,1,0.99,visual_verified_against_0825_source
20260825-5550e0013971ec3c7d9f-01,2026-08-25,手机,device,OPPO,A,A11(4+64),,A11(4+64),开机屏好外屏碎,80.0,元/台,,image,oppo.jpg,数码网报价单-0825更新/手机相关/oppo.jpg,1,0.99,visual_verified_against_0825_source
20260825-0fc1d4bd80d825326a98-01,2026-08-25,手机,device,OPPO,A,A11(4+64),,A11(4+64),开机屏坏未拆,80.0,元/台,,image,oppo.jpg,数码网报价单-0825更新/手机相关/oppo.jpg,1,0.99,visual_verified_against_0825_source
20260825-149df2c0eb6cca54095d-01,2026-08-25,手机,device,OPPO,A,A11(4+64),,A11(4+64),开机屏坏,80.0,元/台,,image,oppo.jpg,数码网报价单-0825更新/手机相关/oppo.jpg,1,0.99,visual_verified_against_0825_source
20260825-1986a3c1ee5f472df502-01,2026-08-25,手机,device,OPPO,A,A11(4+64),,A11(4+64),不开机,80.0,元/台,,image,oppo.jpg,数码网报价单-0825更新/手机相关/oppo.jpg,1,0.99,visual_verified_against_0825_source
20260825-6daa4362528baf854a42-01,2026-08-25,手机,device,OPPO,A,A11(4+64),,A11(4+64),废板-整机,80.0,元/台,,image,oppo.jpg,数码网报价单-0825更新/手机相关/oppo.jpg,1,0.99,visual_verified_against_0825_source
20260825-badcf5f8afecebf758c9-01,2026-08-25,手机,device,OPPO,A,A11s,,A11s,开机屏好,105.0,元/台,,image,oppo.jpg,数码网报价单-0825更新/手机相关/oppo.jpg,1,0.99,visual_verified_against_0825_source
20260825-c5b27028d7502de82069-01,2026-08-25,手机,device,OPPO,A,A11s,,A11s,开机屏好外屏碎,105.0,元/台,,image,oppo.jpg,数码网报价单-0825更新/手机相关/oppo.jpg,1,0.99,visual_verified_against_0825_source
20260825-7864efac2a9c48d093b0-01,2026-08-25,手机,device,OPPO,A,A11s,,A11s,开机屏坏未拆,105.0,元/台,,image,oppo.jpg,数码网报价单-0825更新/手机相关/oppo.jpg,1,0.99,visual_verified_against_0825_source
20260825-db65f0e98913a9930e7d-01,2026-08-25,手机,device,OPPO,A,A11s,,A11s,开机屏坏,105.0,元/台,,image,oppo.jpg,数码网报价单-0825更新/手机相关/oppo.jpg,1,0.99,visual_verified_against_0825_source
20260825-bfb061543af103f756a1-01,2026-08-25,手机,device,OPPO,A,A11s,,A11s,不开机,105.0,元/台,,image,oppo.jpg,数码网报价单-0825更新/手机相关/oppo.jpg,1,0.99,visual_verified_against_0825_source
20260825-1f7b704eefadbe77ed3d-01,2026-08-25,手机,device,OPPO,A,A11s,,A11s,废板-整机,105.0,元/台,,image,oppo.jpg,数码网报价单-0825更新/手机相关/oppo.jpg,1,0.99,visual_verified_against_0825_source
20260825-432cb5ba7021ee8c6b84-01,2026-08-25,手机,device,OPPO,A,A8,,A8,开机屏好,195.0,元/台,,image,oppo.jpg,数码网报价单-0825更新/手机相关/oppo.jpg,1,0.99,visual_verified_against_0825_source
20260825-c6149642397ecca23c82-01,2026-08-25,手机,device,OPPO,A,A8,,A8,开机屏好外屏碎,195.0,元/台,,image,oppo.jpg,数码网报价单-0825更新/手机相关/oppo.jpg,1,0.99,visual_verified_against_0825_source
20260825-5827b21b7a484d271df9-01,2026-08-25,手机,device,OPPO,A,A8,,A8,开机屏坏未拆,195.0,元/台,,image,oppo.jpg,数码网报价单-0825更新/手机相关/oppo.jpg,1,0.99,visual_verified_against_0825_source
20260825-469d958a69a739125eb0-01,2026-08-25,手机,device,OPPO,A,A8,,A8,开机屏坏,195.0,元/台,,image,oppo.jpg,数码网报价单-0825更新/手机相关/oppo.jpg,1,0.99,visual_verified_against_0825_source
20260825-6dadec31cbe262adcc10-01,2026-08-25,手机,device,OPPO,A,A8,,A8,不开机,195.0,元/台,,image,oppo.jpg,数码网报价单-0825更新/手机相关/oppo.jpg,1,0.99,visual_verified_against_0825_source
20260825-b4c39296bdf26e2e0413-01,2026-08-25,手机,device,OPPO,A,A8,,A8,废板-整机,195.0,元/台,,image,oppo.jpg,数码网报价单-0825更新/手机相关/oppo.jpg,1,0.99,visual_verified_against_0825_source
20260825-d535bf11ed9981af0f32-01,2026-08-25,手机,device,OPPO,A,A7x移动,,A7x移动,开机屏好,195.0,元/台,,image,oppo.jpg,数码网报价单-0825更新/手机相关/oppo.jpg,1,0.99,visual_verified_against_0825_source
20260825-c4673a545f1b34009054-01,2026-08-25,手机,device,OPPO,A,A7x移动,,A7x移动,开机屏好外屏碎,195.0,元/台,,image,oppo.jpg,数码网报价单-0825更新/手机相关/oppo.jpg,1,0.99,visual_verified_against_0825_source
20260825-8097e2fcddc7d219c48b-01,2026-08-25,手机,device,OPPO,A,A7x移动,,A7x移动,开机屏坏未拆,195.0,元/台,,image,oppo.jpg,数码网报价单-0825更新/手机相关/oppo.jpg,1,0.99,visual_verified_against_0825_source
20260825-e99a7f81992caccaeeeb-01,2026-08-25,手机,device,OPPO,A,A7x移动,,A7x移动,开机屏坏,195.0,元/台,,image,oppo.jpg,数码网报价单-0825更新/手机相关/oppo.jpg,1,0.99,visual_verified_against_0825_source
20260825-54d22b698fd8daf9dc4d-01,2026-08-25,手机,device,OPPO,A,A7x移动,,A7x移动,不开机,195.0,元/台,,image,oppo.jpg,数码网报价单-0825更新/手机相关/oppo.jpg,1,0.99,visual_verified_against_0825_source
20260825-faf60c1d27ff89018163-01,2026-08-25,手机,device,OPPO,A,A7x移动,,A7x移动,废板-整机,195.0,元/台,,image,oppo.jpg,数码网报价单-0825更新/手机相关/oppo.jpg,1,0.99,visual_verified_against_0825_source
20260825-17319fadabcebd77a528-01,2026-08-25,手机,device,OPPO,A,A7移动,,A7移动,开机屏好,125.0,元/台,,image,oppo.jpg,数码网报价单-0825更新/手机相关/oppo.jpg,1,0.99,visual_verified_against_0825_source
20260825-755bbd756e779cb67138-01,2026-08-25,手机,device,OPPO,A,A7移动,,A7移动,开机屏好外屏碎,125.0,元/台,,image,oppo.jpg,数码网报价单-0825更新/手机相关/oppo.jpg,1,0.99,visual_verified_against_0825_source
20260825-49e7b0a10e40e2c71e7c-01,2026-08-25,手机,device,OPPO,A,A7移动,,A7移动,开机屏坏未拆,125.0,元/台,,image,oppo.jpg,数码网报价单-0825更新/手机相关/oppo.jpg,1,0.99,visual_verified_against_0825_source
20260825-dbe81b74fb5777b20de9-01,2026-08-25,手机,device,OPPO,A,A7移动,,A7移动,开机屏坏,125.0,元/台,,image,oppo.jpg,数码网报价单-0825更新/手机相关/oppo.jpg,1,0.99,visual_verified_against_0825_source
20260825-a710eba0bcbeb63df77c-01,2026-08-25,手机,device,OPPO,A,A7移动,,A7移动,不开机,125.0,元/台,,image,oppo.jpg,数码网报价单-0825更新/手机相关/oppo.jpg,1,0.99,visual_verified_against_0825_source
20260825-c54fcb6be1d9e1d02c76-01,2026-08-25,手机,device,OPPO,A,A7移动,,A7移动,废板-整机,125.0,元/台,,image,oppo.jpg,数码网报价单-0825更新/手机相关/oppo.jpg,1,0.99,visual_verified_against_0825_source
20260825-f1a00c74b07d5d02e879-01,2026-08-25,手机,device,OPPO,A,A5S,,A5S,开机屏好,45.0,元/台,,image,oppo.jpg,数码网报价单-0825更新/手机相关/oppo.jpg,1,0.99,visual_verified_against_0825_source
20260825-65873fd18efed00fe620-01,2026-08-25,手机,device,OPPO,A,A5S,,A5S,开机屏好外屏碎,45.0,元/台,,image,oppo.jpg,数码网报价单-0825更新/手机相关/oppo.jpg,1,0.99,visual_verified_against_0825_source
20260825-b84ed048a898e9b2ae32-01,2026-08-25,手机,device,OPPO,A,A5S,,A5S,开机屏坏未拆,45.0,元/台,,image,oppo.jpg,数码网报价单-0825更新/手机相关/oppo.jpg,1,0.99,visual_verified_against_0825_source
20260825-6bc4e983587d2d170d11-01,2026-08-25,手机,device,OPPO,A,A5S,,A5S,开机屏坏,45.0,元/台,,image,oppo.jpg,数码网报价单-0825更新/手机相关/oppo.jpg,1,0.99,visual_verified_against_0825_source
20260825-c8b3c50cca1c977a0704-01,2026-08-25,手机,device,OPPO,A,A5S,,A5S,不开机,45.0,元/台,,image,oppo.jpg,数码网报价单-0825更新/手机相关/oppo.jpg,1,0.99,visual_verified_against_0825_source
20260825-eb33cf20c0ce502dd6aa-01,2026-08-25,手机,device,OPPO,A,A5S,,A5S,废板-整机,45.0,元/台,,image,oppo.jpg,数码网报价单-0825更新/手机相关/oppo.jpg,1,0.99,visual_verified_against_0825_source
20260825-9f7a3789a263a0dfa71b-01,2026-08-25,手机,device,OPPO,A,A5pro,,A5pro,开机屏好,300.0,元/台,,image,oppo.jpg,数码网报价单-0825更新/手机相关/oppo.jpg,1,0.99,visual_verified_against_0825_source
20260825-2253472446fc60c7dd05-01,2026-08-25,手机,device,OPPO,A,A5pro,,A5pro,开机屏好外屏碎,260.0,元/台,,image,oppo.jpg,数码网报价单-0825更新/手机相关/oppo.jpg,1,0.99,visual_verified_against_0825_source
20260825-50ec8ca4efba41821b04-01,2026-08-25,手机,device,OPPO,A,A5pro,,A5pro,开机屏坏未拆,260.0,元/台,,image,oppo.jpg,数码网报价单-0825更新/手机相关/oppo.jpg,1,0.99,visual_verified_against_0825_source
20260825-5dbb4bd9c57153285742-01,2026-08-25,手机,device,OPPO,A,A5pro,,A5pro,开机屏坏,260.0,元/台,,image,oppo.jpg,数码网报价单-0825更新/手机相关/oppo.jpg,1,0.99,visual_verified_against_0825_source
20260825-d870e7e2cd921326be5d-01,2026-08-25,手机,device,OPPO,A,A5pro,,A5pro,不开机,100.0,元/台,,image,oppo.jpg,数码网报价单-0825更新/手机相关/oppo.jpg,1,0.99,visual_verified_against_0825_source
20260825-aa4ed9d94300e13ee8ae-01,2026-08-25,手机,device,OPPO,A,A5pro,,A5pro,废板-整机,100.0,元/台,,image,oppo.jpg,数码网报价单-0825更新/手机相关/oppo.jpg,1,0.99,visual_verified_against_0825_source
20260825-1a2cdf61be9876172412-01,2026-08-25,手机,device,OPPO,A,A5高配,,A5高配,开机屏好,120.0,元/台,,image,oppo.jpg,数码网报价单-0825更新/手机相关/oppo.jpg,1,0.99,visual_verified_against_0825_source
20260825-223f07dbeabbc1db42cc-01,2026-08-25,手机,device,OPPO,A,A5高配,,A5高配,开机屏好外屏碎,120.0,元/台,,image,oppo.jpg,数码网报价单-0825更新/手机相关/oppo.jpg,1,0.99,visual_verified_against_0825_source
20260825-46f32fb42f865bde407e-01,2026-08-25,手机,device,OPPO,A,A5高配,,A5高配,开机屏坏未拆,120.0,元/台,,image,oppo.jpg,数码网报价单-0825更新/手机相关/oppo.jpg,1,0.99,visual_verified_against_0825_source
20260825-0c51b54fc913722657c8-01,2026-08-25,手机,device,OPPO,A,A5高配,,A5高配,开机屏坏,120.0,元/台,,image,oppo.jpg,数码网报价单-0825更新/手机相关/oppo.jpg,1,0.99,visual_verified_against_0825_source
20260825-df65a04dc35150c379d4-01,2026-08-25,手机,device,OPPO,A,A5高配,,A5高配,不开机,120.0,元/台,,image,oppo.jpg,数码网报价单-0825更新/手机相关/oppo.jpg,1,0.99,visual_verified_against_0825_source
20260825-5666c6d3ff0fdeb7d702-01,2026-08-25,手机,device,OPPO,A,A5高配,,A5高配,废板-整机,120.0,元/台,,image,oppo.jpg,数码网报价单-0825更新/手机相关/oppo.jpg,1,0.99,visual_verified_against_0825_source
20260825-770c9ca7f7992db27d2e-01,2026-08-25,手机,device,OPPO,A,A5低配,,A5低配,开机屏好,100.0,元/台,,image,oppo.jpg,数码网报价单-0825更新/手机相关/oppo.jpg,1,0.99,visual_verified_against_0825_source
20260825-28ee277945d494896527-01,2026-08-25,手机,device,OPPO,A,A5低配,,A5低配,开机屏好外屏碎,100.0,元/台,,image,oppo.jpg,数码网报价单-0825更新/手机相关/oppo.jpg,1,0.99,visual_verified_against_0825_source
20260825-fc149b3e02972a484fed-01,2026-08-25,手机,device,OPPO,A,A5低配,,A5低配,开机屏坏未拆,100.0,元/台,,image,oppo.jpg,数码网报价单-0825更新/手机相关/oppo.jpg,1,0.99,visual_verified_against_0825_source
20260825-1797aa4b0b735bd6fbdc-01,2026-08-25,手机,device,OPPO,A,A5低配,,A5低配,开机屏坏,100.0,元/台,,image,oppo.jpg,数码网报价单-0825更新/手机相关/oppo.jpg,1,0.99,visual_verified_against_0825_source
20260825-5e78b9ecd24c88e35261-01,2026-08-25,手机,device,OPPO,A,A5低配,,A5低配,不开机,100.0,元/台,,image,oppo.jpg,数码网报价单-0825更新/手机相关/oppo.jpg,1,0.99,visual_verified_against_0825_source
20260825-e80deae10ee9819cffe2-01,2026-08-25,手机,device,OPPO,A,A5低配,,A5低配,废板-整机,100.0,元/台,,image,oppo.jpg,数码网报价单-0825更新/手机相关/oppo.jpg,1,0.99,visual_verified_against_0825_source
20260825-6f9f70925b93b003ada7-01,2026-08-25,手机,device,OPPO,A,A5 2020,,A5 2020,开机屏好,70.0,元/台,,image,oppo.jpg,数码网报价单-0825更新/手机相关/oppo.jpg,1,0.99,visual_verified_against_0825_source
20260825-b6cfd1bfc9bd17209ccb-01,2026-08-25,手机,device,OPPO,A,A5 2020,,A5 2020,开机屏好外屏碎,70.0,元/台,,image,oppo.jpg,数码网报价单-0825更新/手机相关/oppo.jpg,1,0.99,visual_verified_against_0825_source
20260825-d1a613cd249fa8e6a84e-01,2026-08-25,手机,device,OPPO,A,A5 2020,,A5 2020,开机屏坏未拆,65.0,元/台,,image,oppo.jpg,数码网报价单-0825更新/手机相关/oppo.jpg,1,0.99,visual_verified_against_0825_source
20260825-7b6d5d7874d6f71e6cfa-01,2026-08-25,手机,device,OPPO,A,A5 2020,,A5 2020,开机屏坏,65.0,元/台,,image,oppo.jpg,数码网报价单-0825更新/手机相关/oppo.jpg,1,0.99,visual_verified_against_0825_source
20260825-28ebc392bcefec9bdba5-01,2026-08-25,手机,device,OPPO,A,A5 2020,,A5 2020,不开机,65.0,元/台,,image,oppo.jpg,数码网报价单-0825更新/手机相关/oppo.jpg,1,0.99,visual_verified_against_0825_source
20260825-ed82ff1c00277a695f04-01,2026-08-25,手机,device,OPPO,A,A5 2020,,A5 2020,废板-整机,65.0,元/台,,image,oppo.jpg,数码网报价单-0825更新/手机相关/oppo.jpg,1,0.99,visual_verified_against_0825_source
20260825-7c64cab7c466513a0556-01,2026-08-25,手机,device,OPPO,A,A3pro,,A3pro,开机屏好,370.0,元/台,,image,oppo.jpg,数码网报价单-0825更新/手机相关/oppo.jpg,1,0.99,visual_verified_against_0825_source
20260825-f0f4662158e3b40ae983-01,2026-08-25,手机,device,OPPO,A,A3pro,,A3pro,开机屏好外屏碎,370.0,元/台,,image,oppo.jpg,数码网报价单-0825更新/手机相关/oppo.jpg,1,0.99,visual_verified_against_0825_source
20260825-0d165c1ef9cbd9add6d6-01,2026-08-25,手机,device,OPPO,A,A3pro,,A3pro,开机屏坏未拆,370.0,元/台,,image,oppo.jpg,数码网报价单-0825更新/手机相关/oppo.jpg,1,0.99,visual_verified_against_0825_source
20260825-d7e0cc3c263257ebd6d3-01,2026-08-25,手机,device,OPPO,A,A3pro,,A3pro,开机屏坏,370.0,元/台,,image,oppo.jpg,数码网报价单-0825更新/手机相关/oppo.jpg,1,0.99,visual_verified_against_0825_source
20260825-c497a50e7a43e70c98db-01,2026-08-25,手机,device,OPPO,A,A3pro,,A3pro,不开机,100.0,元/台,,image,oppo.jpg,数码网报价单-0825更新/手机相关/oppo.jpg,1,0.99,visual_verified_against_0825_source
20260825-242acd1a1823451de1f8-01,2026-08-25,手机,device,OPPO,A,A3pro,,A3pro,废板-整机,100.0,元/台,,image,oppo.jpg,数码网报价单-0825更新/手机相关/oppo.jpg,1,0.99,visual_verified_against_0825_source
20260825-e75e703a50b97ce85c58-01,2026-08-25,手机,device,OPPO,A,A3活力版,,A3活力版,开机屏好,300.0,元/台,,image,oppo.jpg,数码网报价单-0825更新/手机相关/oppo.jpg,1,0.99,visual_verified_against_0825_source
20260825-94d0d35ac4a76be4e43e-01,2026-08-25,手机,device,OPPO,A,A3活力版,,A3活力版,开机屏好外屏碎,260.0,元/台,,image,oppo.jpg,数码网报价单-0825更新/手机相关/oppo.jpg,1,0.99,visual_verified_against_0825_source
20260825-a1c3b4eee97a2874937a-01,2026-08-25,手机,device,OPPO,A,A3活力版,,A3活力版,开机屏坏未拆,260.0,元/台,,image,oppo.jpg,数码网报价单-0825更新/手机相关/oppo.jpg,1,0.99,visual_verified_against_0825_source
20260825-785d545d67dc60a9b9e0-01,2026-08-25,手机,device,OPPO,A,A3活力版,,A3活力版,开机屏坏,260.0,元/台,,image,oppo.jpg,数码网报价单-0825更新/手机相关/oppo.jpg,1,0.99,visual_verified_against_0825_source
20260825-a0974a0234d3ee9e2a77-01,2026-08-25,手机,device,OPPO,A,A3活力版,,A3活力版,不开机,100.0,元/台,,image,oppo.jpg,数码网报价单-0825更新/手机相关/oppo.jpg,1,0.99,visual_verified_against_0825_source
20260825-3ae4bdc85cb991dd9fa2-01,2026-08-25,手机,device,OPPO,A,A3活力版,,A3活力版,废板-整机,100.0,元/台,,image,oppo.jpg,数码网报价单-0825更新/手机相关/oppo.jpg,1,0.99,visual_verified_against_0825_source
20260825-856074e61d9ff1ec7f23-01,2026-08-25,手机,device,OPPO,A,A3新款,,A3新款,开机屏好,240.0,元/台,,image,oppo.jpg,数码网报价单-0825更新/手机相关/oppo.jpg,1,0.99,visual_verified_against_0825_source
20260825-ddd81e11240721040755-01,2026-08-25,手机,device,OPPO,A,A3新款,,A3新款,开机屏好外屏碎,240.0,元/台,,image,oppo.jpg,数码网报价单-0825更新/手机相关/oppo.jpg,1,0.99,visual_verified_against_0825_source
20260825-37b1ff9db824f5ce9f25-01,2026-08-25,手机,device,OPPO,A,A3新款,,A3新款,开机屏坏未拆,240.0,元/台,,image,oppo.jpg,数码网报价单-0825更新/手机相关/oppo.jpg,1,0.99,visual_verified_against_0825_source
20260825-6f94981303449c9e8a77-01,2026-08-25,手机,device,OPPO,A,A3新款,,A3新款,开机屏坏,240.0,元/台,,image,oppo.jpg,数码网报价单-0825更新/手机相关/oppo.jpg,1,0.99,visual_verified_against_0825_source
20260825-1572118c6ac092b6de4c-01,2026-08-25,手机,device,OPPO,A,A3新款,,A3新款,不开机,100.0,元/台,,image,oppo.jpg,数码网报价单-0825更新/手机相关/oppo.jpg,1,0.99,visual_verified_against_0825_source
20260825-b7fc9f12bf4f7752ef73-01,2026-08-25,手机,device,OPPO,A,A3新款,,A3新款,废板-整机,100.0,元/台,,image,oppo.jpg,数码网报价单-0825更新/手机相关/oppo.jpg,1,0.99,visual_verified_against_0825_source
20260825-50076a0d93fe84df922d-01,2026-08-25,手机,device,OPPO,A,A3x,,A3x,开机屏好,300.0,元/台,,image,oppo.jpg,数码网报价单-0825更新/手机相关/oppo.jpg,1,0.99,visual_verified_against_0825_source
20260825-c5ab96d38433ccfd66fb-01,2026-08-25,手机,device,OPPO,A,A3x,,A3x,开机屏好外屏碎,300.0,元/台,,image,oppo.jpg,数码网报价单-0825更新/手机相关/oppo.jpg,1,0.99,visual_verified_against_0825_source
20260825-3cb19344f09c4eb23599-01,2026-08-25,手机,device,OPPO,A,A3x,,A3x,开机屏坏未拆,300.0,元/台,,image,oppo.jpg,数码网报价单-0825更新/手机相关/oppo.jpg,1,0.99,visual_verified_against_0825_source
20260825-7d835f871630e06fcf40-01,2026-08-25,手机,device,OPPO,A,A3x,,A3x,开机屏坏,300.0,元/台,,image,oppo.jpg,数码网报价单-0825更新/手机相关/oppo.jpg,1,0.99,visual_verified_against_0825_source
20260825-e31cdee1b4b118e7cf03-01,2026-08-25,手机,device,OPPO,A,A3x,,A3x,不开机,150.0,元/台,,image,oppo.jpg,数码网报价单-0825更新/手机相关/oppo.jpg,1,0.99,visual_verified_against_0825_source
20260825-6b9309f73f6b32eace92-01,2026-08-25,手机,device,OPPO,A,A3x,,A3x,废板-整机,150.0,元/台,,image,oppo.jpg,数码网报价单-0825更新/手机相关/oppo.jpg,1,0.99,visual_verified_against_0825_source
20260825-810af0fe219b80859567-01,2026-08-25,手机,device,OPPO,A,A3S,,A3S,开机屏好,45.0,元/台,,image,oppo.jpg,数码网报价单-0825更新/手机相关/oppo.jpg,1,0.99,visual_verified_against_0825_source
20260825-bff690069c5e6176708b-01,2026-08-25,手机,device,OPPO,A,A3S,,A3S,开机屏好外屏碎,45.0,元/台,,image,oppo.jpg,数码网报价单-0825更新/手机相关/oppo.jpg,1,0.99,visual_verified_against_0825_source
20260825-cd9c8b57ecfdec7af473-01,2026-08-25,手机,device,OPPO,A,A3S,,A3S,开机屏坏未拆,45.0,元/台,,image,oppo.jpg,数码网报价单-0825更新/手机相关/oppo.jpg,1,0.99,visual_verified_against_0825_source
20260825-4c6303e4609993ed4a26-01,2026-08-25,手机,device,OPPO,A,A3S,,A3S,开机屏坏,45.0,元/台,,image,oppo.jpg,数码网报价单-0825更新/手机相关/oppo.jpg,1,0.99,visual_verified_against_0825_source
20260825-2bb6c4685ca8885d5ae7-01,2026-08-25,手机,device,OPPO,A,A3S,,A3S,不开机,45.0,元/台,,image,oppo.jpg,数码网报价单-0825更新/手机相关/oppo.jpg,1,0.99,visual_verified_against_0825_source
20260825-c195a5426abccf8d8ca2-01,2026-08-25,手机,device,OPPO,A,A3S,,A3S,废板-整机,45.0,元/台,,image,oppo.jpg,数码网报价单-0825更新/手机相关/oppo.jpg,1,0.99,visual_verified_against_0825_source
20260825-a27f8364c9db51bc6b0c-01,2026-08-25,手机,device,OPPO,A,a2pro,,a2pro,开机屏好,300.0,元/台,,image,oppo.jpg,数码网报价单-0825更新/手机相关/oppo.jpg,1,0.99,visual_verified_against_0825_source
20260825-4eb94e852b78f3924d92-01,2026-08-25,手机,device,OPPO,A,a2pro,,a2pro,开机屏好外屏碎,260.0,元/台,,image,oppo.jpg,数码网报价单-0825更新/手机相关/oppo.jpg,1,0.99,visual_verified_against_0825_source
20260825-8a3459a280099d58f2e9-01,2026-08-25,手机,device,OPPO,A,a2pro,,a2pro,开机屏坏未拆,260.0,元/台,,image,oppo.jpg,数码网报价单-0825更新/手机相关/oppo.jpg,1,0.99,visual_verified_against_0825_source
20260825-6a7709f27bbe391c81a3-01,2026-08-25,手机,device,OPPO,A,a2pro,,a2pro,开机屏坏,260.0,元/台,,image,oppo.jpg,数码网报价单-0825更新/手机相关/oppo.jpg,1,0.99,visual_verified_against_0825_source
20260825-037630375384becda15c-01,2026-08-25,手机,device,OPPO,A,a2pro,,a2pro,不开机,100.0,元/台,,image,oppo.jpg,数码网报价单-0825更新/手机相关/oppo.jpg,1,0.99,visual_verified_against_0825_source
20260825-ebe27fee284bf97467bd-01,2026-08-25,手机,device,OPPO,A,a2pro,,a2pro,废板-整机,100.0,元/台,,image,oppo.jpg,数码网报价单-0825更新/手机相关/oppo.jpg,1,0.99,visual_verified_against_0825_source
20260825-4f2329df6bae2cfcc9e8-01,2026-08-25,手机,device,OPPO,A,a2x,,a2x,开机屏好,180.0,元/台,,image,oppo.jpg,数码网报价单-0825更新/手机相关/oppo.jpg,1,0.99,visual_verified_against_0825_source
20260825-202e8a3e82f149bac372-01,2026-08-25,手机,device,OPPO,A,a2x,,a2x,开机屏好外屏碎,180.0,元/台,,image,oppo.jpg,数码网报价单-0825更新/手机相关/oppo.jpg,1,0.99,visual_verified_against_0825_source
20260825-c5cfef41e2224897aa7f-01,2026-08-25,手机,device,OPPO,A,a2x,,a2x,开机屏坏未拆,180.0,元/台,,image,oppo.jpg,数码网报价单-0825更新/手机相关/oppo.jpg,1,0.99,visual_verified_against_0825_source
20260825-ab7d77db64201882f104-01,2026-08-25,手机,device,OPPO,A,a2x,,a2x,开机屏坏,180.0,元/台,,image,oppo.jpg,数码网报价单-0825更新/手机相关/oppo.jpg,1,0.99,visual_verified_against_0825_source
20260825-6cecdd02f991e0c4029c-01,2026-08-25,手机,device,OPPO,A,a2x,,a2x,不开机,180.0,元/台,,image,oppo.jpg,数码网报价单-0825更新/手机相关/oppo.jpg,1,0.99,visual_verified_against_0825_source
20260825-478d19911f0bb12bf611-01,2026-08-25,手机,device,OPPO,A,a2x,,a2x,废板-整机,180.0,元/台,,image,oppo.jpg,数码网报价单-0825更新/手机相关/oppo.jpg,1,0.99,visual_verified_against_0825_source
20260825-04db162c0526fe53486d-01,2026-08-25,手机,device,OPPO,A,a1i,,a1i,开机屏好,220.0,元/台,,image,oppo.jpg,数码网报价单-0825更新/手机相关/oppo.jpg,1,0.99,visual_verified_against_0825_source
20260825-cfecd26d9c7d44619906-01,2026-08-25,手机,device,OPPO,A,a1i,,a1i,开机屏好外屏碎,180.0,元/台,,image,oppo.jpg,数码网报价单-0825更新/手机相关/oppo.jpg,1,0.99,visual_verified_against_0825_source
20260825-420034ee6fdfb8bbe155-01,2026-08-25,手机,device,OPPO,A,a1i,,a1i,开机屏坏未拆,180.0,元/台,,image,oppo.jpg,数码网报价单-0825更新/手机相关/oppo.jpg,1,0.99,visual_verified_against_0825_source
20260825-f67452d0d76e78e5267d-01,2026-08-25,手机,device,OPPO,A,a1i,,a1i,开机屏坏,180.0,元/台,,image,oppo.jpg,数码网报价单-0825更新/手机相关/oppo.jpg,1,0.99,visual_verified_against_0825_source
20260825-7d7c5d9fda89cfea1d1c-01,2026-08-25,手机,device,OPPO,A,a1i,,a1i,不开机,100.0,元/台,,image,oppo.jpg,数码网报价单-0825更新/手机相关/oppo.jpg,1,0.99,visual_verified_against_0825_source
20260825-fe8e2bdaa032bf1bc52e-01,2026-08-25,手机,device,OPPO,A,a1i,,a1i,废板-整机,100.0,元/台,,image,oppo.jpg,数码网报价单-0825更新/手机相关/oppo.jpg,1,0.99,visual_verified_against_0825_source
20260825-22ed50298e661357e25d-01,2026-08-25,手机,device,OPPO,A,A1s,,A1s,开机屏好,200.0,元/台,,image,oppo.jpg,数码网报价单-0825更新/手机相关/oppo.jpg,1,0.99,visual_verified_against_0825_source
20260825-7e660cd5325b96e20da0-01,2026-08-25,手机,device,OPPO,A,A1s,,A1s,开机屏好外屏碎,200.0,元/台,,image,oppo.jpg,数码网报价单-0825更新/手机相关/oppo.jpg,1,0.99,visual_verified_against_0825_source
20260825-085bb1fac135b2da26fe-01,2026-08-25,手机,device,OPPO,A,A1s,,A1s,开机屏坏未拆,200.0,元/台,,image,oppo.jpg,数码网报价单-0825更新/手机相关/oppo.jpg,1,0.99,visual_verified_against_0825_source
20260825-f3b7cb773cc5204517f8-01,2026-08-25,手机,device,OPPO,A,A1s,,A1s,开机屏坏,200.0,元/台,,image,oppo.jpg,数码网报价单-0825更新/手机相关/oppo.jpg,1,0.99,visual_verified_against_0825_source
20260825-2596a7c9a0324c4a73cf-01,2026-08-25,手机,device,OPPO,A,A1s,,A1s,不开机,100.0,元/台,,image,oppo.jpg,数码网报价单-0825更新/手机相关/oppo.jpg,1,0.99,visual_verified_against_0825_source
20260825-c8fc4b6a945959b78c63-01,2026-08-25,手机,device,OPPO,A,A1s,,A1s,废板-整机,100.0,元/台,,image,oppo.jpg,数码网报价单-0825更新/手机相关/oppo.jpg,1,0.99,visual_verified_against_0825_source
20260825-c1e740db9995cf45726f-01,2026-08-25,手机,device,OPPO,A,a2m,,a2m,开机屏好,180.0,元/台,,image,oppo.jpg,数码网报价单-0825更新/手机相关/oppo.jpg,1,0.99,visual_verified_against_0825_source
20260825-d9b76a184661ff232e17-01,2026-08-25,手机,device,OPPO,A,a2m,,a2m,开机屏好外屏碎,180.0,元/台,,image,oppo.jpg,数码网报价单-0825更新/手机相关/oppo.jpg,1,0.99,visual_verified_against_0825_source
20260825-5472c642041ec9259a3b-01,2026-08-25,手机,device,OPPO,A,a2m,,a2m,开机屏坏未拆,180.0,元/台,,image,oppo.jpg,数码网报价单-0825更新/手机相关/oppo.jpg,1,0.99,visual_verified_against_0825_source
20260825-594bcec93aa0b30905eb-01,2026-08-25,手机,device,OPPO,A,a2m,,a2m,开机屏坏,180.0,元/台,,image,oppo.jpg,数码网报价单-0825更新/手机相关/oppo.jpg,1,0.99,visual_verified_against_0825_source
20260825-93ea0b5b31c24df6e2bd-01,2026-08-25,手机,device,OPPO,A,a2m,,a2m,不开机,180.0,元/台,,image,oppo.jpg,数码网报价单-0825更新/手机相关/oppo.jpg,1,0.99,visual_verified_against_0825_source
20260825-dd2bbd7ec53072c8210f-01,2026-08-25,手机,device,OPPO,A,a2m,,a2m,废板-整机,180.0,元/台,,image,oppo.jpg,数码网报价单-0825更新/手机相关/oppo.jpg,1,0.99,visual_verified_against_0825_source
20260825-86bc0c125ba54708ffbc-01,2026-08-25,手机,device,OPPO,A,A1PRO,,A1PRO,开机屏好,230.0,元/台,,image,oppo.jpg,数码网报价单-0825更新/手机相关/oppo.jpg,1,0.99,visual_verified_against_0825_source
20260825-62079029720803b4c53e-01,2026-08-25,手机,device,OPPO,A,A1PRO,,A1PRO,开机屏好外屏碎,230.0,元/台,,image,oppo.jpg,数码网报价单-0825更新/手机相关/oppo.jpg,1,0.99,visual_verified_against_0825_source
20260825-2bab534fe6f1695a1d3a-01,2026-08-25,手机,device,OPPO,A,A1PRO,,A1PRO,开机屏坏未拆,230.0,元/台,,image,oppo.jpg,数码网报价单-0825更新/手机相关/oppo.jpg,1,0.99,visual_verified_against_0825_source
20260825-b24c3c86157f319cc306-01,2026-08-25,手机,device,OPPO,A,A1PRO,,A1PRO,开机屏坏,230.0,元/台,,image,oppo.jpg,数码网报价单-0825更新/手机相关/oppo.jpg,1,0.99,visual_verified_against_0825_source
20260825-b4480bc28ae79b327b74-01,2026-08-25,手机,device,OPPO,A,A1PRO,,A1PRO,不开机,230.0,元/台,,image,oppo.jpg,数码网报价单-0825更新/手机相关/oppo.jpg,1,0.99,visual_verified_against_0825_source
20260825-3ca77cd05d7691b2bfbd-01,2026-08-25,手机,device,OPPO,A,A1PRO,,A1PRO,废板-整机,230.0,元/台,,image,oppo.jpg,数码网报价单-0825更新/手机相关/oppo.jpg,1,0.99,visual_verified_against_0825_source
20260825-7547bf7238ac12da35be-01,2026-08-25,手机,device,OPPO,A,a1活力版,,a1活力版,开机屏好,200.0,元/台,,image,oppo.jpg,数码网报价单-0825更新/手机相关/oppo.jpg,1,0.99,visual_verified_against_0825_source
20260825-fdc05172c12936bbd06c-01,2026-08-25,手机,device,OPPO,A,a1活力版,,a1活力版,开机屏好外屏碎,180.0,元/台,,image,oppo.jpg,数码网报价单-0825更新/手机相关/oppo.jpg,1,0.99,visual_verified_against_0825_source
20260825-f272dd60952b64d6737f-01,2026-08-25,手机,device,OPPO,A,a1活力版,,a1活力版,开机屏坏未拆,180.0,元/台,,image,oppo.jpg,数码网报价单-0825更新/手机相关/oppo.jpg,1,0.99,visual_verified_against_0825_source
20260825-4dfdb0afc22f8328e368-01,2026-08-25,手机,device,OPPO,A,a1活力版,,a1活力版,开机屏坏,180.0,元/台,,image,oppo.jpg,数码网报价单-0825更新/手机相关/oppo.jpg,1,0.99,visual_verified_against_0825_source
20260825-ab09398c42aaa948735c-01,2026-08-25,手机,device,OPPO,A,a1活力版,,a1活力版,不开机,100.0,元/台,,image,oppo.jpg,数码网报价单-0825更新/手机相关/oppo.jpg,1,0.99,visual_verified_against_0825_source
20260825-9faf0a7e316c3cba5c2b-01,2026-08-25,手机,device,OPPO,A,a1活力版,,a1活力版,废板-整机,100.0,元/台,,image,oppo.jpg,数码网报价单-0825更新/手机相关/oppo.jpg,1,0.99,visual_verified_against_0825_source
20260825-58b4870d1aadadeb8d00-01,2026-08-25,手机,device,OPPO,A,a1 5g,,a1 5g,开机屏好,230.0,元/台,,image,oppo.jpg,数码网报价单-0825更新/手机相关/oppo.jpg,1,0.99,visual_verified_against_0825_source
20260825-47544d1d125c2894b3d9-01,2026-08-25,手机,device,OPPO,A,a1 5g,,a1 5g,开机屏好外屏碎,230.0,元/台,,image,oppo.jpg,数码网报价单-0825更新/手机相关/oppo.jpg,1,0.99,visual_verified_against_0825_source
20260825-a3d289d381cdce2880cd-01,2026-08-25,手机,device,OPPO,A,a1 5g,,a1 5g,开机屏坏未拆,230.0,元/台,,image,oppo.jpg,数码网报价单-0825更新/手机相关/oppo.jpg,1,0.99,visual_verified_against_0825_source
20260825-50a58a927f2370e0c607-01,2026-08-25,手机,device,OPPO,A,a1 5g,,a1 5g,开机屏坏,230.0,元/台,,image,oppo.jpg,数码网报价单-0825更新/手机相关/oppo.jpg,1,0.99,visual_verified_against_0825_source
20260825-2a38814f3bab108299da-01,2026-08-25,手机,device,OPPO,A,a1 5g,,a1 5g,不开机,230.0,元/台,,image,oppo.jpg,数码网报价单-0825更新/手机相关/oppo.jpg,1,0.99,visual_verified_against_0825_source
20260825-a10ac67e77e87a490ff1-01,2026-08-25,手机,device,OPPO,A,a1 5g,,a1 5g,废板-整机,230.0,元/台,,image,oppo.jpg,数码网报价单-0825更新/手机相关/oppo.jpg,1,0.99,visual_verified_against_0825_source
20260825-c4f4e92506ad0500f4e8-01,2026-08-25,手机,device,OPPO,A,a1X,,a1X,开机屏好,200.0,元/台,,image,oppo.jpg,数码网报价单-0825更新/手机相关/oppo.jpg,1,0.99,visual_verified_against_0825_source
20260825-fe65485a9473939b089b-01,2026-08-25,手机,device,OPPO,A,a1X,,a1X,开机屏好外屏碎,180.0,元/台,,image,oppo.jpg,数码网报价单-0825更新/手机相关/oppo.jpg,1,0.99,visual_verified_against_0825_source
20260825-4a441a9140de8747ded3-01,2026-08-25,手机,device,OPPO,A,a1X,,a1X,开机屏坏未拆,180.0,元/台,,image,oppo.jpg,数码网报价单-0825更新/手机相关/oppo.jpg,1,0.99,visual_verified_against_0825_source
20260825-74c7156038a56995b84a-01,2026-08-25,手机,device,OPPO,A,a1X,,a1X,开机屏坏,180.0,元/台,,image,oppo.jpg,数码网报价单-0825更新/手机相关/oppo.jpg,1,0.99,visual_verified_against_0825_source
20260825-20944b4169bab9ecb550-01,2026-08-25,手机,device,OPPO,A,a1X,,a1X,不开机,100.0,元/台,,image,oppo.jpg,数码网报价单-0825更新/手机相关/oppo.jpg,1,0.99,visual_verified_against_0825_source
20260825-2190ca10ab27fe9951d8-01,2026-08-25,手机,device,OPPO,A,a1X,,a1X,废板-整机,100.0,元/台,,image,oppo.jpg,数码网报价单-0825更新/手机相关/oppo.jpg,1,0.99,visual_verified_against_0825_source
20260825-cd7c76c2a6eb65987e8a-01,2026-08-25,手机,device,OPPO,A,A1移动,,A1移动,开机屏好,85.0,元/台,,image,oppo.jpg,数码网报价单-0825更新/手机相关/oppo.jpg,1,0.99,visual_verified_against_0825_source
20260825-95a741ec8687f581e01f-01,2026-08-25,手机,device,OPPO,A,A1移动,,A1移动,开机屏好外屏碎,85.0,元/台,,image,oppo.jpg,数码网报价单-0825更新/手机相关/oppo.jpg,1,0.99,visual_verified_against_0825_source
20260825-3b661d355005c446e95c-01,2026-08-25,手机,device,OPPO,A,A1移动,,A1移动,开机屏坏未拆,85.0,元/台,,image,oppo.jpg,数码网报价单-0825更新/手机相关/oppo.jpg,1,0.99,visual_verified_against_0825_source
20260825-abe6a593c3241293ad31-01,2026-08-25,手机,device,OPPO,A,A1移动,,A1移动,开机屏坏,85.0,元/台,,image,oppo.jpg,数码网报价单-0825更新/手机相关/oppo.jpg,1,0.99,visual_verified_against_0825_source
20260825-a506e9d3b6db45d7946c-01,2026-08-25,手机,device,OPPO,A,A1移动,,A1移动,不开机,85.0,元/台,,image,oppo.jpg,数码网报价单-0825更新/手机相关/oppo.jpg,1,0.99,visual_verified_against_0825_source
20260825-668be81d5177cfdd49a5-01,2026-08-25,手机,device,OPPO,A,A1移动,,A1移动,废板-整机,85.0,元/台,,image,oppo.jpg,数码网报价单-0825更新/手机相关/oppo.jpg,1,0.99,visual_verified_against_0825_source
20260825-9566bd6d6850cc1872ab-01,2026-08-25,手机,device,OPPO,K,K15 Pro,,K15 Pro,开机屏好,1300.0,元/台,,image,oppo.jpg,数码网报价单-0825更新/手机相关/oppo.jpg,1,0.99,visual_verified_against_0825_source
20260825-8c659951728159097093-01,2026-08-25,手机,device,OPPO,K,K15 Pro,,K15 Pro,开机屏好外屏碎,1200.0,元/台,,image,oppo.jpg,数码网报价单-0825更新/手机相关/oppo.jpg,1,0.99,visual_verified_against_0825_source
20260825-f1deda083089af653eb7-01,2026-08-25,手机,device,OPPO,K,K15 Pro,,K15 Pro,开机屏坏未拆,900.0,元/台,,image,oppo.jpg,数码网报价单-0825更新/手机相关/oppo.jpg,1,0.99,visual_verified_against_0825_source
20260825-084300934dacac618e53-01,2026-08-25,手机,device,OPPO,K,K15 Pro,,K15 Pro,开机屏坏,800.0,元/台,,image,oppo.jpg,数码网报价单-0825更新/手机相关/oppo.jpg,1,0.99,visual_verified_against_0825_source
20260825-4c6c00c6f9d9998d8f3b-01,2026-08-25,手机,device,OPPO,K,K15 Pro,,K15 Pro,不开机,150.0,元/台,,image,oppo.jpg,数码网报价单-0825更新/手机相关/oppo.jpg,1,0.99,visual_verified_against_0825_source
20260825-14c0d308254c39213037-01,2026-08-25,手机,device,OPPO,K,K15 Pro,,K15 Pro,废板-整机,150.0,元/台,,image,oppo.jpg,数码网报价单-0825更新/手机相关/oppo.jpg,1,0.99,visual_verified_against_0825_source
20260825-f652a3423dcc36ab65f6-01,2026-08-25,手机,device,OPPO,K,k15 pro+,,k15 pro+,开机屏好,1800.0,元/台,,image,oppo.jpg,数码网报价单-0825更新/手机相关/oppo.jpg,1,0.99,visual_verified_against_0825_source
20260825-bc6b26844d173dab38c8-01,2026-08-25,手机,device,OPPO,K,k15 pro+,,k15 pro+,开机屏好外屏碎,1300.0,元/台,,image,oppo.jpg,数码网报价单-0825更新/手机相关/oppo.jpg,1,0.99,visual_verified_against_0825_source
20260825-00a9c18bf8afffc6b88c-01,2026-08-25,手机,device,OPPO,K,k15 pro+,,k15 pro+,开机屏坏未拆,1100.0,元/台,,image,oppo.jpg,数码网报价单-0825更新/手机相关/oppo.jpg,1,0.99,visual_verified_against_0825_source
20260825-01fc9e6658f09b72bbf8-01,2026-08-25,手机,device,OPPO,K,k15 pro+,,k15 pro+,开机屏坏,800.0,元/台,,image,oppo.jpg,数码网报价单-0825更新/手机相关/oppo.jpg,1,0.99,visual_verified_against_0825_source
20260825-85830d175f2301df511f-01,2026-08-25,手机,device,OPPO,K,k15 pro+,,k15 pro+,不开机,150.0,元/台,,image,oppo.jpg,数码网报价单-0825更新/手机相关/oppo.jpg,1,0.99,visual_verified_against_0825_source
20260825-28959d954e7912dc2e4e-01,2026-08-25,手机,device,OPPO,K,k15 pro+,,k15 pro+,废板-整机,150.0,元/台,,image,oppo.jpg,数码网报价单-0825更新/手机相关/oppo.jpg,1,0.99,visual_verified_against_0825_source
20260825-13b451497a09a9db2016-01,2026-08-25,手机,device,OPPO,K,K13 Turbo 5G,,K13 Turbo 5G,开机屏好,300.0,元/台,,image,oppo.jpg,数码网报价单-0825更新/手机相关/oppo.jpg,1,0.99,visual_verified_against_0825_source
20260825-ee169235febb74ead7f1-01,2026-08-25,手机,device,OPPO,K,K13 Turbo 5G,,K13 Turbo 5G,开机屏好外屏碎,300.0,元/台,,image,oppo.jpg,数码网报价单-0825更新/手机相关/oppo.jpg,1,0.99,visual_verified_against_0825_source
20260825-5a7f921f97a4e47d2ac6-01,2026-08-25,手机,device,OPPO,K,K13 Turbo 5G,,K13 Turbo 5G,开机屏坏未拆,300.0,元/台,,image,oppo.jpg,数码网报价单-0825更新/手机相关/oppo.jpg,1,0.99,visual_verified_against_0825_source
20260825-6c8e44a06ab72e63fad4-01,2026-08-25,手机,device,OPPO,K,K13 Turbo 5G,,K13 Turbo 5G,开机屏坏,300.0,元/台,,image,oppo.jpg,数码网报价单-0825更新/手机相关/oppo.jpg,1,0.99,visual_verified_against_0825_source
20260825-8e74eed2b818a20bf0e0-01,2026-08-25,手机,device,OPPO,K,K13 Turbo 5G,,K13 Turbo 5G,不开机,100.0,元/台,,image,oppo.jpg,数码网报价单-0825更新/手机相关/oppo.jpg,1,0.99,visual_verified_against_0825_source
20260825-b85daec029be22432f2d-01,2026-08-25,手机,device,OPPO,K,K13 Turbo 5G,,K13 Turbo 5G,废板-整机,100.0,元/台,,image,oppo.jpg,数码网报价单-0825更新/手机相关/oppo.jpg,1,0.99,visual_verified_against_0825_source
20260825-477f5f2d7ce839f349c8-01,2026-08-25,手机,device,OPPO,K,k13x,,k13x,开机屏好,195.0,元/台,,image,oppo.jpg,数码网报价单-0825更新/手机相关/oppo.jpg,1,0.99,visual_verified_against_0825_source
20260825-0adff0b3b63cad370327-01,2026-08-25,手机,device,OPPO,K,k13x,,k13x,开机屏好外屏碎,195.0,元/台,,image,oppo.jpg,数码网报价单-0825更新/手机相关/oppo.jpg,1,0.99,visual_verified_against_0825_source
20260825-e2281dcac58ed203785b-01,2026-08-25,手机,device,OPPO,K,k13x,,k13x,开机屏坏未拆,195.0,元/台,,image,oppo.jpg,数码网报价单-0825更新/手机相关/oppo.jpg,1,0.99,visual_verified_against_0825_source
20260825-5cd2756a10454f8395f8-01,2026-08-25,手机,device,OPPO,K,k13x,,k13x,开机屏坏,195.0,元/台,,image,oppo.jpg,数码网报价单-0825更新/手机相关/oppo.jpg,1,0.99,visual_verified_against_0825_source
20260825-5e792a517917586da15c-01,2026-08-25,手机,device,OPPO,K,k13x,,k13x,不开机,150.0,元/台,,image,oppo.jpg,数码网报价单-0825更新/手机相关/oppo.jpg,1,0.99,visual_verified_against_0825_source
20260825-10f2b9b10a9fe782ca1d-01,2026-08-25,手机,device,OPPO,K,k13x,,k13x,废板-整机,150.0,元/台,,image,oppo.jpg,数码网报价单-0825更新/手机相关/oppo.jpg,1,0.99,visual_verified_against_0825_source
20260825-0dbc2681d64060f6fa3b-01,2026-08-25,手机,device,OPPO,K,k13s,,k13s,开机屏好,195.0,元/台,,image,oppo.jpg,数码网报价单-0825更新/手机相关/oppo.jpg,1,0.99,visual_verified_against_0825_source
20260825-347235390bc0c3565b07-01,2026-08-25,手机,device,OPPO,K,k13s,,k13s,开机屏好外屏碎,195.0,元/台,,image,oppo.jpg,数码网报价单-0825更新/手机相关/oppo.jpg,1,0.99,visual_verified_against_0825_source
20260825-056479eb69a7fead31a0-01,2026-08-25,手机,device,OPPO,K,k13s,,k13s,开机屏坏未拆,195.0,元/台,,image,oppo.jpg,数码网报价单-0825更新/手机相关/oppo.jpg,1,0.99,visual_verified_against_0825_source
20260825-51dcd86a177286dcbe8d-01,2026-08-25,手机,device,OPPO,K,k13s,,k13s,开机屏坏,195.0,元/台,,image,oppo.jpg,数码网报价单-0825更新/手机相关/oppo.jpg,1,0.99,visual_verified_against_0825_source
20260825-8ba0147adbf1bcbb4465-01,2026-08-25,手机,device,OPPO,K,k13s,,k13s,不开机,170.0,元/台,,image,oppo.jpg,数码网报价单-0825更新/手机相关/oppo.jpg,1,0.99,visual_verified_against_0825_source
20260825-927433733fecdfb63e34-01,2026-08-25,手机,device,OPPO,K,k13s,,k13s,废板-整机,170.0,元/台,,image,oppo.jpg,数码网报价单-0825更新/手机相关/oppo.jpg,1,0.99,visual_verified_against_0825_source
20260825-9c5d9a2714691418715d-01,2026-08-25,手机,device,OPPO,K,K12x,,K12x,开机屏好,195.0,元/台,,image,oppo.jpg,数码网报价单-0825更新/手机相关/oppo.jpg,1,0.99,visual_verified_against_0825_source
20260825-c6e0902b408102370363-01,2026-08-25,手机,device,OPPO,K,K12x,,K12x,开机屏好外屏碎,195.0,元/台,,image,oppo.jpg,数码网报价单-0825更新/手机相关/oppo.jpg,1,0.99,visual_verified_against_0825_source
20260825-76d4cb3623e02bcd49c7-01,2026-08-25,手机,device,OPPO,K,K12x,,K12x,开机屏坏未拆,195.0,元/台,,image,oppo.jpg,数码网报价单-0825更新/手机相关/oppo.jpg,1,0.99,visual_verified_against_0825_source
20260825-136b89c734c1e2ab71af-01,2026-08-25,手机,device,OPPO,K,K12x,,K12x,开机屏坏,195.0,元/台,,image,oppo.jpg,数码网报价单-0825更新/手机相关/oppo.jpg,1,0.99,visual_verified_against_0825_source
20260825-98d09021263a5d7d22a3-01,2026-08-25,手机,device,OPPO,K,K12x,,K12x,不开机,150.0,元/台,,image,oppo.jpg,数码网报价单-0825更新/手机相关/oppo.jpg,1,0.99,visual_verified_against_0825_source
20260825-f03dc9e2e1c89aaf493d-01,2026-08-25,手机,device,OPPO,K,K12x,,K12x,废板-整机,150.0,元/台,,image,oppo.jpg,数码网报价单-0825更新/手机相关/oppo.jpg,1,0.99,visual_verified_against_0825_source
20260825-3babea7e72da0b837ceb-01,2026-08-25,手机,device,OPPO,K,k12plus,,k12plus,开机屏好,195.0,元/台,,image,oppo.jpg,数码网报价单-0825更新/手机相关/oppo.jpg,1,0.99,visual_verified_against_0825_source
20260825-c66aba3fc944b7fe63bf-01,2026-08-25,手机,device,OPPO,K,k12plus,,k12plus,开机屏好外屏碎,195.0,元/台,,image,oppo.jpg,数码网报价单-0825更新/手机相关/oppo.jpg,1,0.99,visual_verified_against_0825_source
20260825-8ecc4b07512bed50a7b5-01,2026-08-25,手机,device,OPPO,K,k12plus,,k12plus,开机屏坏未拆,195.0,元/台,,image,oppo.jpg,数码网报价单-0825更新/手机相关/oppo.jpg,1,0.99,visual_verified_against_0825_source
20260825-c552589d6d4fb71b1b5c-01,2026-08-25,手机,device,OPPO,K,k12plus,,k12plus,开机屏坏,195.0,元/台,,image,oppo.jpg,数码网报价单-0825更新/手机相关/oppo.jpg,1,0.99,visual_verified_against_0825_source
20260825-52d11097ec3a07b76ea2-01,2026-08-25,手机,device,OPPO,K,k12plus,,k12plus,不开机,150.0,元/台,,image,oppo.jpg,数码网报价单-0825更新/手机相关/oppo.jpg,1,0.99,visual_verified_against_0825_source
20260825-004603f28f795c6f46d8-01,2026-08-25,手机,device,OPPO,K,k12plus,,k12plus,废板-整机,150.0,元/台,,image,oppo.jpg,数码网报价单-0825更新/手机相关/oppo.jpg,1,0.99,visual_verified_against_0825_source
20260825-9abada02b44bfa6e3ca7-01,2026-08-25,手机,device,OPPO,K,k12s,,k12s,开机屏好,195.0,元/台,,image,oppo.jpg,数码网报价单-0825更新/手机相关/oppo.jpg,1,0.99,visual_verified_against_0825_source
20260825-2ae248bbcd7529ebaabf-01,2026-08-25,手机,device,OPPO,K,k12s,,k12s,开机屏好外屏碎,195.0,元/台,,image,oppo.jpg,数码网报价单-0825更新/手机相关/oppo.jpg,1,0.99,visual_verified_against_0825_source
20260825-035a8fa7ee43efede3a2-01,2026-08-25,手机,device,OPPO,K,k12s,,k12s,开机屏坏未拆,195.0,元/台,,image,oppo.jpg,数码网报价单-0825更新/手机相关/oppo.jpg,1,0.99,visual_verified_against_0825_source
20260825-106c0eec329572f703ac-01,2026-08-25,手机,device,OPPO,K,k12s,,k12s,开机屏坏,195.0,元/台,,image,oppo.jpg,数码网报价单-0825更新/手机相关/oppo.jpg,1,0.99,visual_verified_against_0825_source
20260825-09372ea41f1f0f1a47a1-01,2026-08-25,手机,device,OPPO,K,k12s,,k12s,不开机,150.0,元/台,,image,oppo.jpg,数码网报价单-0825更新/手机相关/oppo.jpg,1,0.99,visual_verified_against_0825_source
20260825-20bf81a30c51d91008b2-01,2026-08-25,手机,device,OPPO,K,k12s,,k12s,废板-整机,150.0,元/台,,image,oppo.jpg,数码网报价单-0825更新/手机相关/oppo.jpg,1,0.99,visual_verified_against_0825_source
20260825-ff7f5e33f2e59d6cf11e-01,2026-08-25,手机,device,OPPO,K,k12,,k12,开机屏好,195.0,元/台,,image,oppo.jpg,数码网报价单-0825更新/手机相关/oppo.jpg,1,0.99,visual_verified_against_0825_source
20260825-2228aafd4e77d3881604-01,2026-08-25,手机,device,OPPO,K,k12,,k12,开机屏好外屏碎,195.0,元/台,,image,oppo.jpg,数码网报价单-0825更新/手机相关/oppo.jpg,1,0.99,visual_verified_against_0825_source
20260825-19b55d23ac18dc732806-01,2026-08-25,手机,device,OPPO,K,k12,,k12,开机屏坏未拆,195.0,元/台,,image,oppo.jpg,数码网报价单-0825更新/手机相关/oppo.jpg,1,0.99,visual_verified_against_0825_source
20260825-90334cbda60a81e17dcb-01,2026-08-25,手机,device,OPPO,K,k12,,k12,开机屏坏,195.0,元/台,,image,oppo.jpg,数码网报价单-0825更新/手机相关/oppo.jpg,1,0.99,visual_verified_against_0825_source
20260825-52d2b976197d6405b21a-01,2026-08-25,手机,device,OPPO,K,k12,,k12,不开机,150.0,元/台,,image,oppo.jpg,数码网报价单-0825更新/手机相关/oppo.jpg,1,0.99,visual_verified_against_0825_source
20260825-96bee5c7f2c962a68181-01,2026-08-25,手机,device,OPPO,K,k12,,k12,废板-整机,150.0,元/台,,image,oppo.jpg,数码网报价单-0825更新/手机相关/oppo.jpg,1,0.99,visual_verified_against_0825_source
20260825-868f13cb2c1a16ed0e30-01,2026-08-25,手机,device,OPPO,K,K11X,,K11X,开机屏好,195.0,元/台,,image,oppo.jpg,数码网报价单-0825更新/手机相关/oppo.jpg,1,0.99,visual_verified_against_0825_source
20260825-fca2208bc3ce62f54b38-01,2026-08-25,手机,device,OPPO,K,K11X,,K11X,开机屏好外屏碎,195.0,元/台,,image,oppo.jpg,数码网报价单-0825更新/手机相关/oppo.jpg,1,0.99,visual_verified_against_0825_source
20260825-a111f940b3fc0e7d34ee-01,2026-08-25,手机,device,OPPO,K,K11X,,K11X,开机屏坏未拆,195.0,元/台,,image,oppo.jpg,数码网报价单-0825更新/手机相关/oppo.jpg,1,0.99,visual_verified_against_0825_source
20260825-153a6242f19903d972b0-01,2026-08-25,手机,device,OPPO,K,K11X,,K11X,开机屏坏,195.0,元/台,,image,oppo.jpg,数码网报价单-0825更新/手机相关/oppo.jpg,1,0.99,visual_verified_against_0825_source
20260825-51e5b6109ca639032faa-01,2026-08-25,手机,device,OPPO,K,K11X,,K11X,不开机,150.0,元/台,,image,oppo.jpg,数码网报价单-0825更新/手机相关/oppo.jpg,1,0.99,visual_verified_against_0825_source
20260825-3a8e7fbfe3a728ae3b43-01,2026-08-25,手机,device,OPPO,K,K11X,,K11X,废板-整机,150.0,元/台,,image,oppo.jpg,数码网报价单-0825更新/手机相关/oppo.jpg,1,0.99,visual_verified_against_0825_source
20260825-d7c0c0da0f9f03bfb442-01,2026-08-25,手机,device,OPPO,K,K10 PRO,,K10 PRO,开机屏好,175.0,元/台,,image,oppo.jpg,数码网报价单-0825更新/手机相关/oppo.jpg,1,0.99,visual_verified_against_0825_source
20260825-5223d9b860e39bc91b42-01,2026-08-25,手机,device,OPPO,K,K10 PRO,,K10 PRO,开机屏好外屏碎,175.0,元/台,,image,oppo.jpg,数码网报价单-0825更新/手机相关/oppo.jpg,1,0.99,visual_verified_against_0825_source
20260825-df36dff68cadc6eab5c4-01,2026-08-25,手机,device,OPPO,K,K10 PRO,,K10 PRO,开机屏坏未拆,175.0,元/台,,image,oppo.jpg,数码网报价单-0825更新/手机相关/oppo.jpg,1,0.99,visual_verified_against_0825_source
20260825-1ebf9b7dd3681467db72-01,2026-08-25,手机,device,OPPO,K,K10 PRO,,K10 PRO,开机屏坏,175.0,元/台,,image,oppo.jpg,数码网报价单-0825更新/手机相关/oppo.jpg,1,0.99,visual_verified_against_0825_source
20260825-087704167d4a00b5d2e3-01,2026-08-25,手机,device,OPPO,K,K10 PRO,,K10 PRO,不开机,175.0,元/台,,image,oppo.jpg,数码网报价单-0825更新/手机相关/oppo.jpg,1,0.99,visual_verified_against_0825_source
20260825-fd913ee9ad5756f18edf-01,2026-08-25,手机,device,OPPO,K,K10 PRO,,K10 PRO,废板-整机,175.0,元/台,,image,oppo.jpg,数码网报价单-0825更新/手机相关/oppo.jpg,1,0.99,visual_verified_against_0825_source
20260825-2a9443075f1fa753f243-01,2026-08-25,手机,device,OPPO,K,K10活力版,,K10活力版,开机屏好,230.0,元/台,,image,oppo.jpg,数码网报价单-0825更新/手机相关/oppo.jpg,1,0.99,visual_verified_against_0825_source
20260825-3826ee9f378d6c212708-01,2026-08-25,手机,device,OPPO,K,K10活力版,,K10活力版,开机屏好外屏碎,230.0,元/台,,image,oppo.jpg,数码网报价单-0825更新/手机相关/oppo.jpg,1,0.99,visual_verified_against_0825_source
20260825-bd88634a96c099077a11-01,2026-08-25,手机,device,OPPO,K,K10活力版,,K10活力版,开机屏坏未拆,230.0,元/台,,image,oppo.jpg,数码网报价单-0825更新/手机相关/oppo.jpg,1,0.99,visual_verified_against_0825_source
20260825-cb48e6bf6867f5d8ba50-01,2026-08-25,手机,device,OPPO,K,K10活力版,,K10活力版,开机屏坏,230.0,元/台,,image,oppo.jpg,数码网报价单-0825更新/手机相关/oppo.jpg,1,0.99,visual_verified_against_0825_source
20260825-bcc49d90f6efaa1a1f72-01,2026-08-25,手机,device,OPPO,K,K10活力版,,K10活力版,不开机,230.0,元/台,,image,oppo.jpg,数码网报价单-0825更新/手机相关/oppo.jpg,1,0.99,visual_verified_against_0825_source
20260825-46236532c2c47a600961-01,2026-08-25,手机,device,OPPO,K,K10活力版,,K10活力版,废板-整机,230.0,元/台,,image,oppo.jpg,数码网报价单-0825更新/手机相关/oppo.jpg,1,0.99,visual_verified_against_0825_source
20260825-5ad4254b8b39d3c1734d-01,2026-08-25,手机,device,OPPO,K,K9pro,,K9pro,开机屏好,140.0,元/台,,image,oppo.jpg,数码网报价单-0825更新/手机相关/oppo.jpg,1,0.99,visual_verified_against_0825_source
20260825-9547fedb7b522430bf8b-01,2026-08-25,手机,device,OPPO,K,K9pro,,K9pro,开机屏好外屏碎,140.0,元/台,,image,oppo.jpg,数码网报价单-0825更新/手机相关/oppo.jpg,1,0.99,visual_verified_against_0825_source
20260825-d978dcfc1bfffdecddb8-01,2026-08-25,手机,device,OPPO,K,K9pro,,K9pro,开机屏坏未拆,140.0,元/台,,image,oppo.jpg,数码网报价单-0825更新/手机相关/oppo.jpg,1,0.99,visual_verified_against_0825_source
20260825-65819508ff8e179251ed-01,2026-08-25,手机,device,OPPO,K,K9pro,,K9pro,开机屏坏,140.0,元/台,,image,oppo.jpg,数码网报价单-0825更新/手机相关/oppo.jpg,1,0.99,visual_verified_against_0825_source
20260825-7a78d2dbb8c94850f044-01,2026-08-25,手机,device,OPPO,K,K9pro,,K9pro,不开机,140.0,元/台,,image,oppo.jpg,数码网报价单-0825更新/手机相关/oppo.jpg,1,0.99,visual_verified_against_0825_source
20260825-1e92b041d4780ab40a64-01,2026-08-25,手机,device,OPPO,K,K9pro,,K9pro,废板-整机,140.0,元/台,,image,oppo.jpg,数码网报价单-0825更新/手机相关/oppo.jpg,1,0.99,visual_verified_against_0825_source
20260825-ee6b82be3e8eeaeb7d25-01,2026-08-25,手机,device,OPPO,K,K9 (8+256),,K9 (8+256),开机屏好,230.0,元/台,,image,oppo.jpg,数码网报价单-0825更新/手机相关/oppo.jpg,1,0.99,visual_verified_against_0825_source
20260825-b0d8db6ee6d4eacb72f5-01,2026-08-25,手机,device,OPPO,K,K9 (8+256),,K9 (8+256),开机屏好外屏碎,230.0,元/台,,image,oppo.jpg,数码网报价单-0825更新/手机相关/oppo.jpg,1,0.99,visual_verified_against_0825_source
20260825-3adddb83c5bc47b85be0-01,2026-08-25,手机,device,OPPO,K,K9 (8+256),,K9 (8+256),开机屏坏未拆,230.0,元/台,,image,oppo.jpg,数码网报价单-0825更新/手机相关/oppo.jpg,1,0.99,visual_verified_against_0825_source
20260825-a1040685a39e65041528-01,2026-08-25,手机,device,OPPO,K,K9 (8+256),,K9 (8+256),开机屏坏,230.0,元/台,,image,oppo.jpg,数码网报价单-0825更新/手机相关/oppo.jpg,1,0.99,visual_verified_against_0825_source
20260825-2940f3dcd7b3fe6acae7-01,2026-08-25,手机,device,OPPO,K,K9 (8+256),,K9 (8+256),不开机,230.0,元/台,,image,oppo.jpg,数码网报价单-0825更新/手机相关/oppo.jpg,1,0.99,visual_verified_against_0825_source
20260825-f913e7c14e0ba39d956e-01,2026-08-25,手机,device,OPPO,K,K9 (8+256),,K9 (8+256),废板-整机,230.0,元/台,,image,oppo.jpg,数码网报价单-0825更新/手机相关/oppo.jpg,1,0.99,visual_verified_against_0825_source
20260825-2e5c6acc29cc6ee96362-01,2026-08-25,手机,device,OPPO,K,k7x,,k7x,开机屏好,175.0,元/台,,image,oppo.jpg,数码网报价单-0825更新/手机相关/oppo.jpg,1,0.99,visual_verified_against_0825_source
20260825-9283d9f84f73f8255a8a-01,2026-08-25,手机,device,OPPO,K,k7x,,k7x,开机屏好外屏碎,175.0,元/台,,image,oppo.jpg,数码网报价单-0825更新/手机相关/oppo.jpg,1,0.99,visual_verified_against_0825_source
20260825-6260606e0787d883377b-01,2026-08-25,手机,device,OPPO,K,k7x,,k7x,开机屏坏未拆,175.0,元/台,,image,oppo.jpg,数码网报价单-0825更新/手机相关/oppo.jpg,1,0.99,visual_verified_against_0825_source
20260825-ba96d8a34f3bced7a71d-01,2026-08-25,手机,device,OPPO,K,k7x,,k7x,开机屏坏,175.0,元/台,,image,oppo.jpg,数码网报价单-0825更新/手机相关/oppo.jpg,1,0.99,visual_verified_against_0825_source
20260825-c75cf4d8b6022b2a68d9-01,2026-08-25,手机,device,OPPO,K,k7x,,k7x,不开机,175.0,元/台,,image,oppo.jpg,数码网报价单-0825更新/手机相关/oppo.jpg,1,0.99,visual_verified_against_0825_source
20260825-ee548be50e4d49f511dc-01,2026-08-25,手机,device,OPPO,K,k7x,,k7x,废板-整机,175.0,元/台,,image,oppo.jpg,数码网报价单-0825更新/手机相关/oppo.jpg,1,0.99,visual_verified_against_0825_source
20260825-2b0bc4cbe2673156ada0-01,2026-08-25,手机,device,OPPO,K,K5 (8+256),,K5 (8+256),开机屏好,230.0,元/台,,image,oppo.jpg,数码网报价单-0825更新/手机相关/oppo.jpg,1,0.99,visual_verified_against_0825_source
20260825-ea752b416fd8d5e81e38-01,2026-08-25,手机,device,OPPO,K,K5 (8+256),,K5 (8+256),开机屏好外屏碎,230.0,元/台,,image,oppo.jpg,数码网报价单-0825更新/手机相关/oppo.jpg,1,0.99,visual_verified_against_0825_source
20260825-a215314b491cf4b3ff88-01,2026-08-25,手机,device,OPPO,K,K5 (8+256),,K5 (8+256),开机屏坏未拆,230.0,元/台,,image,oppo.jpg,数码网报价单-0825更新/手机相关/oppo.jpg,1,0.99,visual_verified_against_0825_source
20260825-522b68ab3e58eebac436-01,2026-08-25,手机,device,OPPO,K,K5 (8+256),,K5 (8+256),开机屏坏,230.0,元/台,,image,oppo.jpg,数码网报价单-0825更新/手机相关/oppo.jpg,1,0.99,visual_verified_against_0825_source
20260825-f4821adb73a0c89b1055-01,2026-08-25,手机,device,OPPO,K,K5 (8+256),,K5 (8+256),不开机,230.0,元/台,,image,oppo.jpg,数码网报价单-0825更新/手机相关/oppo.jpg,1,0.99,visual_verified_against_0825_source
20260825-37553d4a2a4a0dec2508-01,2026-08-25,手机,device,OPPO,K,K5 (8+256),,K5 (8+256),废板-整机,230.0,元/台,,image,oppo.jpg,数码网报价单-0825更新/手机相关/oppo.jpg,1,0.99,visual_verified_against_0825_source
20260825-fce8138793c5f0441c9d-01,2026-08-25,手机,device,OPPO,K,K3高配,,K3高配,开机屏好,230.0,元/台,,image,oppo.jpg,数码网报价单-0825更新/手机相关/oppo.jpg,1,0.99,visual_verified_against_0825_source
20260825-f26e0bdfc5db5154a8da-01,2026-08-25,手机,device,OPPO,K,K3高配,,K3高配,开机屏好外屏碎,230.0,元/台,,image,oppo.jpg,数码网报价单-0825更新/手机相关/oppo.jpg,1,0.99,visual_verified_against_0825_source
20260825-9f5b03a50dbdcf8187c2-01,2026-08-25,手机,device,OPPO,K,K3高配,,K3高配,开机屏坏未拆,230.0,元/台,,image,oppo.jpg,数码网报价单-0825更新/手机相关/oppo.jpg,1,0.99,visual_verified_against_0825_source
20260825-a747205ed6d3a5294d94-01,2026-08-25,手机,device,OPPO,K,K3高配,,K3高配,开机屏坏,230.0,元/台,,image,oppo.jpg,数码网报价单-0825更新/手机相关/oppo.jpg,1,0.99,visual_verified_against_0825_source
20260825-d4a51466aeefb2afbf3f-01,2026-08-25,手机,device,OPPO,K,K3高配,,K3高配,不开机,230.0,元/台,,image,oppo.jpg,数码网报价单-0825更新/手机相关/oppo.jpg,1,0.99,visual_verified_against_0825_source
20260825-dbd840514fe8372f68ff-01,2026-08-25,手机,device,OPPO,K,K3高配,,K3高配,废板-整机,230.0,元/台,,image,oppo.jpg,数码网报价单-0825更新/手机相关/oppo.jpg,1,0.99,visual_verified_against_0825_source
20260825-a518d252359a673b2361-01,2026-08-25,手机,device,OPPO,K,K3中配,,K3中配,开机屏好,175.0,元/台,,image,oppo.jpg,数码网报价单-0825更新/手机相关/oppo.jpg,1,0.99,visual_verified_against_0825_source
20260825-9688a8f85344071a3029-01,2026-08-25,手机,device,OPPO,K,K3中配,,K3中配,开机屏好外屏碎,175.0,元/台,,image,oppo.jpg,数码网报价单-0825更新/手机相关/oppo.jpg,1,0.99,visual_verified_against_0825_source
20260825-a395445015675c1cee7b-01,2026-08-25,手机,device,OPPO,K,K3中配,,K3中配,开机屏坏未拆,175.0,元/台,,image,oppo.jpg,数码网报价单-0825更新/手机相关/oppo.jpg,1,0.99,visual_verified_against_0825_source
20260825-e643f7d792d73299cfb3-01,2026-08-25,手机,device,OPPO,K,K3中配,,K3中配,开机屏坏,175.0,元/台,,image,oppo.jpg,数码网报价单-0825更新/手机相关/oppo.jpg,1,0.99,visual_verified_against_0825_source
20260825-3acd72fcbd6f93853fe1-01,2026-08-25,手机,device,OPPO,K,K3中配,,K3中配,不开机,175.0,元/台,,image,oppo.jpg,数码网报价单-0825更新/手机相关/oppo.jpg,1,0.99,visual_verified_against_0825_source
20260825-a76c8c7bbc4924fccd71-01,2026-08-25,手机,device,OPPO,K,K3中配,,K3中配,废板-整机,175.0,元/台,,image,oppo.jpg,数码网报价单-0825更新/手机相关/oppo.jpg,1,0.99,visual_verified_against_0825_source
20260825-0d3e2c1b606bb0235c3b-01,2026-08-25,手机,device,OPPO,K,K3低配,,K3低配,开机屏好,120.0,元/台,,image,oppo.jpg,数码网报价单-0825更新/手机相关/oppo.jpg,1,0.99,visual_verified_against_0825_source
20260825-e63d4d4dc7a84f814b38-01,2026-08-25,手机,device,OPPO,K,K3低配,,K3低配,开机屏好外屏碎,120.0,元/台,,image,oppo.jpg,数码网报价单-0825更新/手机相关/oppo.jpg,1,0.99,visual_verified_against_0825_source
20260825-dc568655aa777dc0ed69-01,2026-08-25,手机,device,OPPO,K,K3低配,,K3低配,开机屏坏未拆,120.0,元/台,,image,oppo.jpg,数码网报价单-0825更新/手机相关/oppo.jpg,1,0.99,visual_verified_against_0825_source
20260825-4454882542f760171b94-01,2026-08-25,手机,device,OPPO,K,K3低配,,K3低配,开机屏坏,120.0,元/台,,image,oppo.jpg,数码网报价单-0825更新/手机相关/oppo.jpg,1,0.99,visual_verified_against_0825_source
20260825-206b52001bba64434965-01,2026-08-25,手机,device,OPPO,K,K3低配,,K3低配,不开机,120.0,元/台,,image,oppo.jpg,数码网报价单-0825更新/手机相关/oppo.jpg,1,0.99,visual_verified_against_0825_source
20260825-11d154b9e5b50d9cc458-01,2026-08-25,手机,device,OPPO,K,K3低配,,K3低配,废板-整机,120.0,元/台,,image,oppo.jpg,数码网报价单-0825更新/手机相关/oppo.jpg,1,0.99,visual_verified_against_0825_source
20260825-321f7fa94cc33f9fad26-01,2026-08-25,手机,device,OPPO,X,X9007,,X9007,开机屏好,32.0,元/台,,image,oppo.jpg,数码网报价单-0825更新/手机相关/oppo.jpg,1,0.99,visual_verified_against_0825_source
20260825-b301235a9c865c7e33d5-01,2026-08-25,手机,device,OPPO,X,X9007,,X9007,开机屏好外屏碎,32.0,元/台,,image,oppo.jpg,数码网报价单-0825更新/手机相关/oppo.jpg,1,0.99,visual_verified_against_0825_source
20260825-609a88fddefeac1e9b02-01,2026-08-25,手机,device,OPPO,X,X9007,,X9007,开机屏坏未拆,32.0,元/台,,image,oppo.jpg,数码网报价单-0825更新/手机相关/oppo.jpg,1,0.99,visual_verified_against_0825_source
20260825-902062ffb2a93e395397-01,2026-08-25,手机,device,OPPO,X,X9007,,X9007,开机屏坏,32.0,元/台,,image,oppo.jpg,数码网报价单-0825更新/手机相关/oppo.jpg,1,0.99,visual_verified_against_0825_source
20260825-22c0641ef0fa928720e5-01,2026-08-25,手机,device,OPPO,X,X9007,,X9007,不开机,32.0,元/台,,image,oppo.jpg,数码网报价单-0825更新/手机相关/oppo.jpg,1,0.99,visual_verified_against_0825_source
20260825-b590cfc2e5f59a3d81da-01,2026-08-25,手机,device,OPPO,X,X9007,,X9007,废板-整机,32.0,元/台,,image,oppo.jpg,数码网报价单-0825更新/手机相关/oppo.jpg,1,0.99,visual_verified_against_0825_source
20260825-62ab09af91bd66c92c69-01,2026-08-25,手机,device,OPPO,X,X909,,X909,开机屏好,32.0,元/台,,image,oppo.jpg,数码网报价单-0825更新/手机相关/oppo.jpg,1,0.99,visual_verified_against_0825_source
20260825-214781714f61ea0d02aa-01,2026-08-25,手机,device,OPPO,X,X909,,X909,开机屏好外屏碎,32.0,元/台,,image,oppo.jpg,数码网报价单-0825更新/手机相关/oppo.jpg,1,0.99,visual_verified_against_0825_source
20260825-6a708779e180498e91fe-01,2026-08-25,手机,device,OPPO,X,X909,,X909,开机屏坏未拆,32.0,元/台,,image,oppo.jpg,数码网报价单-0825更新/手机相关/oppo.jpg,1,0.99,visual_verified_against_0825_source
20260825-909968a4765f0ce86ed9-01,2026-08-25,手机,device,OPPO,X,X909,,X909,开机屏坏,32.0,元/台,,image,oppo.jpg,数码网报价单-0825更新/手机相关/oppo.jpg,1,0.99,visual_verified_against_0825_source
20260825-48eeb684fa29c97e9785-01,2026-08-25,手机,device,OPPO,X,X909,,X909,不开机,32.0,元/台,,image,oppo.jpg,数码网报价单-0825更新/手机相关/oppo.jpg,1,0.99,visual_verified_against_0825_source
20260825-eea9d91496969a5ff811-01,2026-08-25,手机,device,OPPO,X,X909,,X909,废板-整机,32.0,元/台,,image,oppo.jpg,数码网报价单-0825更新/手机相关/oppo.jpg,1,0.99,visual_verified_against_0825_source
20260825-65b6671106d958ba5b9b-01,2026-08-25,手机,device,OPPO,点数,R830s,,R830s,开机屏好,10.0,元/台,,image,oppo.jpg,数码网报价单-0825更新/手机相关/oppo.jpg,1,0.99,visual_verified_against_0825_source
20260825-83ad05a968eb6eb1afb1-01,2026-08-25,手机,device,OPPO,点数,R830s,,R830s,开机屏好外屏碎,10.0,元/台,,image,oppo.jpg,数码网报价单-0825更新/手机相关/oppo.jpg,1,0.99,visual_verified_against_0825_source
20260825-67602d0acb61a8048c6b-01,2026-08-25,手机,device,OPPO,点数,R830s,,R830s,开机屏坏未拆,10.0,元/台,,image,oppo.jpg,数码网报价单-0825更新/手机相关/oppo.jpg,1,0.99,visual_verified_against_0825_source
20260825-ebb54b9a446a2e09be61-01,2026-08-25,手机,device,OPPO,点数,R830s,,R830s,开机屏坏,10.0,元/台,,image,oppo.jpg,数码网报价单-0825更新/手机相关/oppo.jpg,1,0.99,visual_verified_against_0825_source
20260825-6623a4dde7a5dc19d49b-01,2026-08-25,手机,device,OPPO,点数,R830s,,R830s,不开机,10.0,元/台,,image,oppo.jpg,数码网报价单-0825更新/手机相关/oppo.jpg,1,0.99,visual_verified_against_0825_source
20260825-8f9b94c3b92bc1255c2f-01,2026-08-25,手机,device,OPPO,点数,R830s,,R830s,废板-整机,10.0,元/台,,image,oppo.jpg,数码网报价单-0825更新/手机相关/oppo.jpg,1,0.99,visual_verified_against_0825_source
20260825-2f827207bd56594158c7-01,2026-08-25,手机,device,OPPO,点数,R8207,,R8207,开机屏好,20.0,元/台,,image,oppo.jpg,数码网报价单-0825更新/手机相关/oppo.jpg,1,0.99,visual_verified_against_0825_source
20260825-ee09ed8450d87dee3690-01,2026-08-25,手机,device,OPPO,点数,R8207,,R8207,开机屏好外屏碎,20.0,元/台,,image,oppo.jpg,数码网报价单-0825更新/手机相关/oppo.jpg,1,0.99,visual_verified_against_0825_source
20260825-2e139e7630a5daff3330-01,2026-08-25,手机,device,OPPO,点数,R8207,,R8207,开机屏坏未拆,20.0,元/台,,image,oppo.jpg,数码网报价单-0825更新/手机相关/oppo.jpg,1,0.99,visual_verified_against_0825_source
20260825-d95680c7c298ccfd9518-01,2026-08-25,手机,device,OPPO,点数,R8207,,R8207,开机屏坏,20.0,元/台,,image,oppo.jpg,数码网报价单-0825更新/手机相关/oppo.jpg,1,0.99,visual_verified_against_0825_source
20260825-caf57b3799f95c6cd1d0-01,2026-08-25,手机,device,OPPO,点数,R8207,,R8207,不开机,20.0,元/台,,image,oppo.jpg,数码网报价单-0825更新/手机相关/oppo.jpg,1,0.99,visual_verified_against_0825_source
20260825-e333f07a79c9c37a295b-01,2026-08-25,手机,device,OPPO,点数,R8207,,R8207,废板-整机,20.0,元/台,,image,oppo.jpg,数码网报价单-0825更新/手机相关/oppo.jpg,1,0.99,visual_verified_against_0825_source
20260825-7ddc69828ac7908c6232-01,2026-08-25,手机,device,OPPO,点数,R8007,,R8007,开机屏好,15.0,元/台,,image,oppo.jpg,数码网报价单-0825更新/手机相关/oppo.jpg,1,0.99,visual_verified_against_0825_source
20260825-b285a374f86606177fc6-01,2026-08-25,手机,device,OPPO,点数,R8007,,R8007,开机屏好外屏碎,15.0,元/台,,image,oppo.jpg,数码网报价单-0825更新/手机相关/oppo.jpg,1,0.99,visual_verified_against_0825_source
20260825-bcdc07495faf12a45c8b-01,2026-08-25,手机,device,OPPO,点数,R8007,,R8007,开机屏坏未拆,15.0,元/台,,image,oppo.jpg,数码网报价单-0825更新/手机相关/oppo.jpg,1,0.99,visual_verified_against_0825_source
20260825-e400f6caa338ad741ed0-01,2026-08-25,手机,device,OPPO,点数,R8007,,R8007,开机屏坏,15.0,元/台,,image,oppo.jpg,数码网报价单-0825更新/手机相关/oppo.jpg,1,0.99,visual_verified_against_0825_source
20260825-94364281f52e5f79330a-01,2026-08-25,手机,device,OPPO,点数,R8007,,R8007,不开机,15.0,元/台,,image,oppo.jpg,数码网报价单-0825更新/手机相关/oppo.jpg,1,0.99,visual_verified_against_0825_source
20260825-56dd34ef5e335074a46b-01,2026-08-25,手机,device,OPPO,点数,R8007,,R8007,废板-整机,15.0,元/台,,image,oppo.jpg,数码网报价单-0825更新/手机相关/oppo.jpg,1,0.99,visual_verified_against_0825_source
20260825-861ae8a68183777913a7-01,2026-08-25,手机,device,OPPO,点数,R819,,R819,开机屏好,10.0,元/台,,image,oppo.jpg,数码网报价单-0825更新/手机相关/oppo.jpg,1,0.99,visual_verified_against_0825_source
20260825-af1678f5f0c5fded5450-01,2026-08-25,手机,device,OPPO,点数,R819,,R819,开机屏好外屏碎,10.0,元/台,,image,oppo.jpg,数码网报价单-0825更新/手机相关/oppo.jpg,1,0.99,visual_verified_against_0825_source
20260825-5548ca7ded264a8e1ea6-01,2026-08-25,手机,device,OPPO,点数,R819,,R819,开机屏坏未拆,10.0,元/台,,image,oppo.jpg,数码网报价单-0825更新/手机相关/oppo.jpg,1,0.99,visual_verified_against_0825_source
20260825-1d613369768531798e50-01,2026-08-25,手机,device,OPPO,点数,R819,,R819,开机屏坏,10.0,元/台,,image,oppo.jpg,数码网报价单-0825更新/手机相关/oppo.jpg,1,0.99,visual_verified_against_0825_source
20260825-9cd70b59105c315a2189-01,2026-08-25,手机,device,OPPO,点数,R819,,R819,不开机,10.0,元/台,,image,oppo.jpg,数码网报价单-0825更新/手机相关/oppo.jpg,1,0.99,visual_verified_against_0825_source
20260825-85ea908d3037903b7938-01,2026-08-25,手机,device,OPPO,点数,R819,,R819,废板-整机,10.0,元/台,,image,oppo.jpg,数码网报价单-0825更新/手机相关/oppo.jpg,1,0.99,visual_verified_against_0825_source
20260825-1de49d93cc147b4ff057-01,2026-08-25,手机,device,OPPO,点数,R815t,,R815t,开机屏好,10.0,元/台,,image,oppo.jpg,数码网报价单-0825更新/手机相关/oppo.jpg,1,0.99,visual_verified_against_0825_source
20260825-c67cb28c913359ddb241-01,2026-08-25,手机,device,OPPO,点数,R815t,,R815t,开机屏好外屏碎,10.0,元/台,,image,oppo.jpg,数码网报价单-0825更新/手机相关/oppo.jpg,1,0.99,visual_verified_against_0825_source
20260825-b7c3b716cbba0bea22a5-01,2026-08-25,手机,device,OPPO,点数,R815t,,R815t,开机屏坏未拆,10.0,元/台,,image,oppo.jpg,数码网报价单-0825更新/手机相关/oppo.jpg,1,0.99,visual_verified_against_0825_source
20260825-567f2a6edf134c3fd803-01,2026-08-25,手机,device,OPPO,点数,R815t,,R815t,开机屏坏,10.0,元/台,,image,oppo.jpg,数码网报价单-0825更新/手机相关/oppo.jpg,1,0.99,visual_verified_against_0825_source
20260825-3c9b132ed5d695bf87de-01,2026-08-25,手机,device,OPPO,点数,R815t,,R815t,不开机,10.0,元/台,,image,oppo.jpg,数码网报价单-0825更新/手机相关/oppo.jpg,1,0.99,visual_verified_against_0825_source
20260825-b7ec0fa4f5d1d7c347c0-01,2026-08-25,手机,device,OPPO,点数,R815t,,R815t,废板-整机,10.0,元/台,,image,oppo.jpg,数码网报价单-0825更新/手机相关/oppo.jpg,1,0.99,visual_verified_against_0825_source
20260825-f998fc2e24565c7b31a5-01,2026-08-25,手机,device,OPPO,点数,R809,,R809,开机屏好,10.0,元/台,,image,oppo.jpg,数码网报价单-0825更新/手机相关/oppo.jpg,1,0.99,visual_verified_against_0825_source
20260825-85d5a70662bba1aebde5-01,2026-08-25,手机,device,OPPO,点数,R809,,R809,开机屏好外屏碎,10.0,元/台,,image,oppo.jpg,数码网报价单-0825更新/手机相关/oppo.jpg,1,0.99,visual_verified_against_0825_source
20260825-c2a9dd81f5f235cb5faf-01,2026-08-25,手机,device,OPPO,点数,R809,,R809,开机屏坏未拆,10.0,元/台,,image,oppo.jpg,数码网报价单-0825更新/手机相关/oppo.jpg,1,0.99,visual_verified_against_0825_source
20260825-f2c6049787144ea0a64e-01,2026-08-25,手机,device,OPPO,点数,R809,,R809,开机屏坏,10.0,元/台,,image,oppo.jpg,数码网报价单-0825更新/手机相关/oppo.jpg,1,0.99,visual_verified_against_0825_source
20260825-afe0e8c63877d64ae14c-01,2026-08-25,手机,device,OPPO,点数,R809,,R809,不开机,10.0,元/台,,image,oppo.jpg,数码网报价单-0825更新/手机相关/oppo.jpg,1,0.99,visual_verified_against_0825_source
20260825-36dd6c31b5630a38990a-01,2026-08-25,手机,device,OPPO,点数,R809,,R809,废板-整机,10.0,元/台,,image,oppo.jpg,数码网报价单-0825更新/手机相关/oppo.jpg,1,0.99,visual_verified_against_0825_source
20260825-b031ea9e852b17842fda-01,2026-08-25,手机,device,OPPO,点数,R7007,,R7007,开机屏好,15.0,元/台,,image,oppo.jpg,数码网报价单-0825更新/手机相关/oppo.jpg,1,0.99,visual_verified_against_0825_source
20260825-2b70a776aa2fc2199712-01,2026-08-25,手机,device,OPPO,点数,R7007,,R7007,开机屏好外屏碎,15.0,元/台,,image,oppo.jpg,数码网报价单-0825更新/手机相关/oppo.jpg,1,0.99,visual_verified_against_0825_source
20260825-5a399710ee71e08fbff7-01,2026-08-25,手机,device,OPPO,点数,R7007,,R7007,开机屏坏未拆,15.0,元/台,,image,oppo.jpg,数码网报价单-0825更新/手机相关/oppo.jpg,1,0.99,visual_verified_against_0825_source
20260825-0b8b2d2e1029d7fff807-01,2026-08-25,手机,device,OPPO,点数,R7007,,R7007,开机屏坏,15.0,元/台,,image,oppo.jpg,数码网报价单-0825更新/手机相关/oppo.jpg,1,0.99,visual_verified_against_0825_source
20260825-24c457ac5ca94aebbedb-01,2026-08-25,手机,device,OPPO,点数,R7007,,R7007,不开机,15.0,元/台,,image,oppo.jpg,数码网报价单-0825更新/手机相关/oppo.jpg,1,0.99,visual_verified_against_0825_source
20260825-93fc8956bc52a61ce05e-01,2026-08-25,手机,device,OPPO,点数,R7007,,R7007,废板-整机,15.0,元/台,,image,oppo.jpg,数码网报价单-0825更新/手机相关/oppo.jpg,1,0.99,visual_verified_against_0825_source
20260825-6e48cff33af98e110757-01,2026-08-25,手机,device,OPPO,点数,R7005,,R7005,开机屏好,25.0,元/台,,image,oppo.jpg,数码网报价单-0825更新/手机相关/oppo.jpg,1,0.99,visual_verified_against_0825_source
20260825-efb3ad102e46840517ab-01,2026-08-25,手机,device,OPPO,点数,R7005,,R7005,开机屏好外屏碎,25.0,元/台,,image,oppo.jpg,数码网报价单-0825更新/手机相关/oppo.jpg,1,0.99,visual_verified_against_0825_source
20260825-df7fc66de000f863c697-01,2026-08-25,手机,device,OPPO,点数,R7005,,R7005,开机屏坏未拆,25.0,元/台,,image,oppo.jpg,数码网报价单-0825更新/手机相关/oppo.jpg,1,0.99,visual_verified_against_0825_source
20260825-22dcb5e5434d0ae46b20-01,2026-08-25,手机,device,OPPO,点数,R7005,,R7005,开机屏坏,25.0,元/台,,image,oppo.jpg,数码网报价单-0825更新/手机相关/oppo.jpg,1,0.99,visual_verified_against_0825_source
20260825-ce4813c60be40119459d-01,2026-08-25,手机,device,OPPO,点数,R7005,,R7005,不开机,25.0,元/台,,image,oppo.jpg,数码网报价单-0825更新/手机相关/oppo.jpg,1,0.99,visual_verified_against_0825_source
20260825-9d718717116272331f7d-01,2026-08-25,手机,device,OPPO,点数,R7005,,R7005,废板-整机,25.0,元/台,,image,oppo.jpg,数码网报价单-0825更新/手机相关/oppo.jpg,1,0.99,visual_verified_against_0825_source
20260825-20a646295d736b032f7e-01,2026-08-25,手机,device,OPPO,点数,R6607,,R6607,开机屏好,15.0,元/台,,image,oppo.jpg,数码网报价单-0825更新/手机相关/oppo.jpg,1,0.99,visual_verified_against_0825_source
20260825-2be9ef8cfc13b75ec1ed-01,2026-08-25,手机,device,OPPO,点数,R6607,,R6607,开机屏好外屏碎,15.0,元/台,,image,oppo.jpg,数码网报价单-0825更新/手机相关/oppo.jpg,1,0.99,visual_verified_against_0825_source
20260825-884a36a159ece2660e23-01,2026-08-25,手机,device,OPPO,点数,R6607,,R6607,开机屏坏未拆,15.0,元/台,,image,oppo.jpg,数码网报价单-0825更新/手机相关/oppo.jpg,1,0.99,visual_verified_against_0825_source
20260825-97cd02fde1a634c48753-01,2026-08-25,手机,device,OPPO,点数,R6607,,R6607,开机屏坏,15.0,元/台,,image,oppo.jpg,数码网报价单-0825更新/手机相关/oppo.jpg,1,0.99,visual_verified_against_0825_source
20260825-e05e8880504b2dbf9e3d-01,2026-08-25,手机,device,OPPO,点数,R6607,,R6607,不开机,15.0,元/台,,image,oppo.jpg,数码网报价单-0825更新/手机相关/oppo.jpg,1,0.99,visual_verified_against_0825_source
20260825-6ca55316038116860dc6-01,2026-08-25,手机,device,OPPO,点数,R6607,,R6607,废板-整机,15.0,元/台,,image,oppo.jpg,数码网报价单-0825更新/手机相关/oppo.jpg,1,0.99,visual_verified_against_0825_source
20260825-74bc862a00e60e57d57b-01,2026-08-25,手机,device,OPPO,点数,R6007,,R6007,开机屏好,10.0,元/台,,image,oppo.jpg,数码网报价单-0825更新/手机相关/oppo.jpg,1,0.99,visual_verified_against_0825_source
20260825-a5901f7faf499ea0f4a0-01,2026-08-25,手机,device,OPPO,点数,R6007,,R6007,开机屏好外屏碎,10.0,元/台,,image,oppo.jpg,数码网报价单-0825更新/手机相关/oppo.jpg,1,0.99,visual_verified_against_0825_source
20260825-d08f0690a45566964f02-01,2026-08-25,手机,device,OPPO,点数,R6007,,R6007,开机屏坏未拆,10.0,元/台,,image,oppo.jpg,数码网报价单-0825更新/手机相关/oppo.jpg,1,0.99,visual_verified_against_0825_source
20260825-7a9a78f561653b344b61-01,2026-08-25,手机,device,OPPO,点数,R6007,,R6007,开机屏坏,10.0,元/台,,image,oppo.jpg,数码网报价单-0825更新/手机相关/oppo.jpg,1,0.99,visual_verified_against_0825_source
20260825-9151df9985affbbebf6b-01,2026-08-25,手机,device,OPPO,点数,R6007,,R6007,不开机,10.0,元/台,,image,oppo.jpg,数码网报价单-0825更新/手机相关/oppo.jpg,1,0.99,visual_verified_against_0825_source
20260825-b437cdaa8ec6e09d7f86-01,2026-08-25,手机,device,OPPO,点数,R6007,,R6007,废板-整机,10.0,元/台,,image,oppo.jpg,数码网报价单-0825更新/手机相关/oppo.jpg,1,0.99,visual_verified_against_0825_source
20260825-1c1c9995441b11292d9c-01,2026-08-25,手机,device,OPPO,点数,R3007,,R3007,开机屏好,15.0,元/台,,image,oppo.jpg,数码网报价单-0825更新/手机相关/oppo.jpg,1,0.99,visual_verified_against_0825_source
20260825-7f3861880274a025cfe5-01,2026-08-25,手机,device,OPPO,点数,R3007,,R3007,开机屏好外屏碎,15.0,元/台,,image,oppo.jpg,数码网报价单-0825更新/手机相关/oppo.jpg,1,0.99,visual_verified_against_0825_source
20260825-d0106197217767bb33e6-01,2026-08-25,手机,device,OPPO,点数,R3007,,R3007,开机屏坏未拆,15.0,元/台,,image,oppo.jpg,数码网报价单-0825更新/手机相关/oppo.jpg,1,0.99,visual_verified_against_0825_source
20260825-3451bde68e91414e920d-01,2026-08-25,手机,device,OPPO,点数,R3007,,R3007,开机屏坏,15.0,元/台,,image,oppo.jpg,数码网报价单-0825更新/手机相关/oppo.jpg,1,0.99,visual_verified_against_0825_source
20260825-384bb333ec43756e1ef2-01,2026-08-25,手机,device,OPPO,点数,R3007,,R3007,不开机,15.0,元/台,,image,oppo.jpg,数码网报价单-0825更新/手机相关/oppo.jpg,1,0.99,visual_verified_against_0825_source
20260825-073780a1563aabb163c8-01,2026-08-25,手机,device,OPPO,点数,R3007,,R3007,废板-整机,15.0,元/台,,image,oppo.jpg,数码网报价单-0825更新/手机相关/oppo.jpg,1,0.99,visual_verified_against_0825_source
20260825-5a5e0e1f655c5d930ace-01,2026-08-25,手机,device,OPPO,点数,R3005,,R3005,开机屏好,10.0,元/台,,image,oppo.jpg,数码网报价单-0825更新/手机相关/oppo.jpg,1,0.99,visual_verified_against_0825_source
20260825-d930c9ab36c3ca97d14b-01,2026-08-25,手机,device,OPPO,点数,R3005,,R3005,开机屏好外屏碎,10.0,元/台,,image,oppo.jpg,数码网报价单-0825更新/手机相关/oppo.jpg,1,0.99,visual_verified_against_0825_source
20260825-c79052afaeff571d9119-01,2026-08-25,手机,device,OPPO,点数,R3005,,R3005,开机屏坏未拆,10.0,元/台,,image,oppo.jpg,数码网报价单-0825更新/手机相关/oppo.jpg,1,0.99,visual_verified_against_0825_source
20260825-07072c0ad97fb0088636-01,2026-08-25,手机,device,OPPO,点数,R3005,,R3005,开机屏坏,10.0,元/台,,image,oppo.jpg,数码网报价单-0825更新/手机相关/oppo.jpg,1,0.99,visual_verified_against_0825_source
20260825-cac21e29529052cff14a-01,2026-08-25,手机,device,OPPO,点数,R3005,,R3005,不开机,10.0,元/台,,image,oppo.jpg,数码网报价单-0825更新/手机相关/oppo.jpg,1,0.99,visual_verified_against_0825_source
20260825-40d4a1ccd377464e5e9d-01,2026-08-25,手机,device,OPPO,点数,R3005,,R3005,废板-整机,10.0,元/台,,image,oppo.jpg,数码网报价单-0825更新/手机相关/oppo.jpg,1,0.99,visual_verified_against_0825_source
20260825-d3c464af8ef09642c821-01,2026-08-25,手机,device,OPPO,点数,R2017,,R2017,开机屏好,10.0,元/台,,image,oppo.jpg,数码网报价单-0825更新/手机相关/oppo.jpg,1,0.99,visual_verified_against_0825_source
20260825-b6a67eb23f076a14d4ae-01,2026-08-25,手机,device,OPPO,点数,R2017,,R2017,开机屏好外屏碎,10.0,元/台,,image,oppo.jpg,数码网报价单-0825更新/手机相关/oppo.jpg,1,0.99,visual_verified_against_0825_source
20260825-7e0316183dbcf31b469d-01,2026-08-25,手机,device,OPPO,点数,R2017,,R2017,开机屏坏未拆,10.0,元/台,,image,oppo.jpg,数码网报价单-0825更新/手机相关/oppo.jpg,1,0.99,visual_verified_against_0825_source
20260825-90290932edd90c8702e4-01,2026-08-25,手机,device,OPPO,点数,R2017,,R2017,开机屏坏,10.0,元/台,,image,oppo.jpg,数码网报价单-0825更新/手机相关/oppo.jpg,1,0.99,visual_verified_against_0825_source
20260825-8e8aba1e186c36be3e91-01,2026-08-25,手机,device,OPPO,点数,R2017,,R2017,不开机,10.0,元/台,,image,oppo.jpg,数码网报价单-0825更新/手机相关/oppo.jpg,1,0.99,visual_verified_against_0825_source
20260825-047d307a611e9ac47052-01,2026-08-25,手机,device,OPPO,点数,R2017,,R2017,废板-整机,10.0,元/台,,image,oppo.jpg,数码网报价单-0825更新/手机相关/oppo.jpg,1,0.99,visual_verified_against_0825_source
20260825-157bc973a9a1e1ed8443-01,2026-08-25,手机,device,OPPO,点数,1107,,1107,开机屏好,10.0,元/台,,image,oppo.jpg,数码网报价单-0825更新/手机相关/oppo.jpg,1,0.99,visual_verified_against_0825_source
20260825-1262fbce5a4615e38be0-01,2026-08-25,手机,device,OPPO,点数,1107,,1107,开机屏好外屏碎,10.0,元/台,,image,oppo.jpg,数码网报价单-0825更新/手机相关/oppo.jpg,1,0.99,visual_verified_against_0825_source
20260825-21252fc6d2c4006b61ea-01,2026-08-25,手机,device,OPPO,点数,1107,,1107,开机屏坏未拆,10.0,元/台,,image,oppo.jpg,数码网报价单-0825更新/手机相关/oppo.jpg,1,0.99,visual_verified_against_0825_source
20260825-a7e82f64f420d7138263-01,2026-08-25,手机,device,OPPO,点数,1107,,1107,开机屏坏,10.0,元/台,,image,oppo.jpg,数码网报价单-0825更新/手机相关/oppo.jpg,1,0.99,visual_verified_against_0825_source
20260825-ae10e85485618cf90b13-01,2026-08-25,手机,device,OPPO,点数,1107,,1107,不开机,10.0,元/台,,image,oppo.jpg,数码网报价单-0825更新/手机相关/oppo.jpg,1,0.99,visual_verified_against_0825_source
20260825-7089a870a70b8cf6c89d-01,2026-08-25,手机,device,OPPO,点数,1107,,1107,废板-整机,10.0,元/台,,image,oppo.jpg,数码网报价单-0825更新/手机相关/oppo.jpg,1,0.99,visual_verified_against_0825_source
20260825-b32574b1e578320a026c-01,2026-08-25,手机,device,OPPO,点数,1105,,1105,开机屏好,10.0,元/台,,image,oppo.jpg,数码网报价单-0825更新/手机相关/oppo.jpg,1,0.99,visual_verified_against_0825_source
20260825-43a9055646df94c11b4e-01,2026-08-25,手机,device,OPPO,点数,1105,,1105,开机屏好外屏碎,10.0,元/台,,image,oppo.jpg,数码网报价单-0825更新/手机相关/oppo.jpg,1,0.99,visual_verified_against_0825_source
20260825-b70b45e346e20fa1f0ca-01,2026-08-25,手机,device,OPPO,点数,1105,,1105,开机屏坏未拆,10.0,元/台,,image,oppo.jpg,数码网报价单-0825更新/手机相关/oppo.jpg,1,0.99,visual_verified_against_0825_source
20260825-09168b1cc6b249865a74-01,2026-08-25,手机,device,OPPO,点数,1105,,1105,开机屏坏,10.0,元/台,,image,oppo.jpg,数码网报价单-0825更新/手机相关/oppo.jpg,1,0.99,visual_verified_against_0825_source
20260825-1428cc7a7b6951d2a3c5-01,2026-08-25,手机,device,OPPO,点数,1105,,1105,不开机,10.0,元/台,,image,oppo.jpg,数码网报价单-0825更新/手机相关/oppo.jpg,1,0.99,visual_verified_against_0825_source
20260825-aae5f125d8fa136985f3-01,2026-08-25,手机,device,OPPO,点数,1105,,1105,废板-整机,10.0,元/台,,image,oppo.jpg,数码网报价单-0825更新/手机相关/oppo.jpg,1,0.99,visual_verified_against_0825_source
20260825-0ccfbd79fc73c660fbda-01,2026-08-25,手机,device,OPPO,点数,1100,,1100,开机屏好,10.0,元/台,,image,oppo.jpg,数码网报价单-0825更新/手机相关/oppo.jpg,1,0.99,visual_verified_against_0825_source
20260825-9fb0c7208e306a7fbc35-01,2026-08-25,手机,device,OPPO,点数,1100,,1100,开机屏好外屏碎,10.0,元/台,,image,oppo.jpg,数码网报价单-0825更新/手机相关/oppo.jpg,1,0.99,visual_verified_against_0825_source
20260825-176d01bcac8d5981e1dd-01,2026-08-25,手机,device,OPPO,点数,1100,,1100,开机屏坏未拆,10.0,元/台,,image,oppo.jpg,数码网报价单-0825更新/手机相关/oppo.jpg,1,0.99,visual_verified_against_0825_source
20260825-a2fa257d52b0a9b683b9-01,2026-08-25,手机,device,OPPO,点数,1100,,1100,开机屏坏,10.0,元/台,,image,oppo.jpg,数码网报价单-0825更新/手机相关/oppo.jpg,1,0.99,visual_verified_against_0825_source
20260825-3cd3e7abcd982f433a32-01,2026-08-25,手机,device,OPPO,点数,1100,,1100,不开机,10.0,元/台,,image,oppo.jpg,数码网报价单-0825更新/手机相关/oppo.jpg,1,0.99,visual_verified_against_0825_source
20260825-a5a4d67a4b1f1d708b20-01,2026-08-25,手机,device,OPPO,点数,1100,,1100,废板-整机,10.0,元/台,,image,oppo.jpg,数码网报价单-0825更新/手机相关/oppo.jpg,1,0.99,visual_verified_against_0825_source
20260825-ddea89673dbb233ab312-01,2026-08-25,手机,device,OPPO,点数,U707t,,U707t,开机屏好,10.0,元/台,,image,oppo.jpg,数码网报价单-0825更新/手机相关/oppo.jpg,1,0.99,visual_verified_against_0825_source
20260825-48c71bf4a744856ed120-01,2026-08-25,手机,device,OPPO,点数,U707t,,U707t,开机屏好外屏碎,10.0,元/台,,image,oppo.jpg,数码网报价单-0825更新/手机相关/oppo.jpg,1,0.99,visual_verified_against_0825_source
20260825-c1bbc08ffcf6a3960674-01,2026-08-25,手机,device,OPPO,点数,U707t,,U707t,开机屏坏未拆,10.0,元/台,,image,oppo.jpg,数码网报价单-0825更新/手机相关/oppo.jpg,1,0.99,visual_verified_against_0825_source
20260825-f101b6ec318b4e321822-01,2026-08-25,手机,device,OPPO,点数,U707t,,U707t,开机屏坏,10.0,元/台,,image,oppo.jpg,数码网报价单-0825更新/手机相关/oppo.jpg,1,0.99,visual_verified_against_0825_source
20260825-cb10937510c06cc8403d-01,2026-08-25,手机,device,OPPO,点数,U707t,,U707t,不开机,10.0,元/台,,image,oppo.jpg,数码网报价单-0825更新/手机相关/oppo.jpg,1,0.99,visual_verified_against_0825_source
20260825-a860fd44561ca3be7331-01,2026-08-25,手机,device,OPPO,点数,U707t,,U707t,废板-整机,10.0,元/台,,image,oppo.jpg,数码网报价单-0825更新/手机相关/oppo.jpg,1,0.99,visual_verified_against_0825_source
20260825-92cc0faa6e50da2b12ee-01,2026-08-25,手机,device,OPPO,点数,U705,,U705,开机屏好,10.0,元/台,,image,oppo.jpg,数码网报价单-0825更新/手机相关/oppo.jpg,1,0.99,visual_verified_against_0825_source
20260825-ff4637da7f00c72bb4b3-01,2026-08-25,手机,device,OPPO,点数,U705,,U705,开机屏好外屏碎,10.0,元/台,,image,oppo.jpg,数码网报价单-0825更新/手机相关/oppo.jpg,1,0.99,visual_verified_against_0825_source
20260825-db04fa0554ec46307a4b-01,2026-08-25,手机,device,OPPO,点数,U705,,U705,开机屏坏未拆,10.0,元/台,,image,oppo.jpg,数码网报价单-0825更新/手机相关/oppo.jpg,1,0.99,visual_verified_against_0825_source
20260825-e7f87233007414209259-01,2026-08-25,手机,device,OPPO,点数,U705,,U705,开机屏坏,10.0,元/台,,image,oppo.jpg,数码网报价单-0825更新/手机相关/oppo.jpg,1,0.99,visual_verified_against_0825_source
20260825-7037956cf5d8110622ab-01,2026-08-25,手机,device,OPPO,点数,U705,,U705,不开机,10.0,元/台,,image,oppo.jpg,数码网报价单-0825更新/手机相关/oppo.jpg,1,0.99,visual_verified_against_0825_source
20260825-e98091872e4527a80936-01,2026-08-25,手机,device,OPPO,点数,U705,,U705,废板-整机,10.0,元/台,,image,oppo.jpg,数码网报价单-0825更新/手机相关/oppo.jpg,1,0.99,visual_verified_against_0825_source
20260825-36db6143ceb03447f24b-01,2026-08-25,手机,device,OPPO,点数,A53m,,A53m,开机屏好,33.0,元/台,,image,oppo.jpg,数码网报价单-0825更新/手机相关/oppo.jpg,1,0.99,visual_verified_against_0825_source
20260825-23b5309193d2b3871452-01,2026-08-25,手机,device,OPPO,点数,A53m,,A53m,开机屏好外屏碎,33.0,元/台,,image,oppo.jpg,数码网报价单-0825更新/手机相关/oppo.jpg,1,0.99,visual_verified_against_0825_source
20260825-96f3a96f78ddb1741b8f-01,2026-08-25,手机,device,OPPO,点数,A53m,,A53m,开机屏坏未拆,33.0,元/台,,image,oppo.jpg,数码网报价单-0825更新/手机相关/oppo.jpg,1,0.99,visual_verified_against_0825_source
20260825-e7b55530e2329e7e19b0-01,2026-08-25,手机,device,OPPO,点数,A53m,,A53m,开机屏坏,33.0,元/台,,image,oppo.jpg,数码网报价单-0825更新/手机相关/oppo.jpg,1,0.99,visual_verified_against_0825_source
20260825-b2c0b1312430fc706fdc-01,2026-08-25,手机,device,OPPO,点数,A53m,,A53m,不开机,33.0,元/台,,image,oppo.jpg,数码网报价单-0825更新/手机相关/oppo.jpg,1,0.99,visual_verified_against_0825_source
20260825-646c2c0618b8878c670d-01,2026-08-25,手机,device,OPPO,点数,A53m,,A53m,废板-整机,33.0,元/台,,image,oppo.jpg,数码网报价单-0825更新/手机相关/oppo.jpg,1,0.99,visual_verified_against_0825_source
20260825-4d3abda02f7fd907c539-01,2026-08-25,手机,device,OPPO,点数,A51,,A51,开机屏好,25.0,元/台,,image,oppo.jpg,数码网报价单-0825更新/手机相关/oppo.jpg,1,0.99,visual_verified_against_0825_source
20260825-83f627f9e877eb4715b5-01,2026-08-25,手机,device,OPPO,点数,A51,,A51,开机屏好外屏碎,25.0,元/台,,image,oppo.jpg,数码网报价单-0825更新/手机相关/oppo.jpg,1,0.99,visual_verified_against_0825_source
20260825-266c17dad198ac417547-01,2026-08-25,手机,device,OPPO,点数,A51,,A51,开机屏坏未拆,25.0,元/台,,image,oppo.jpg,数码网报价单-0825更新/手机相关/oppo.jpg,1,0.99,visual_verified_against_0825_source
20260825-05cdc5fd70b3d50b76af-01,2026-08-25,手机,device,OPPO,点数,A51,,A51,开机屏坏,25.0,元/台,,image,oppo.jpg,数码网报价单-0825更新/手机相关/oppo.jpg,1,0.99,visual_verified_against_0825_source
20260825-ff26283b35eb280a5e6a-01,2026-08-25,手机,device,OPPO,点数,A51,,A51,不开机,25.0,元/台,,image,oppo.jpg,数码网报价单-0825更新/手机相关/oppo.jpg,1,0.99,visual_verified_against_0825_source
20260825-78361e41674606f6343c-01,2026-08-25,手机,device,OPPO,点数,A51,,A51,废板-整机,25.0,元/台,,image,oppo.jpg,数码网报价单-0825更新/手机相关/oppo.jpg,1,0.99,visual_verified_against_0825_source
20260825-3bafb1119e17c8809a5f-01,2026-08-25,手机,device,OPPO,点数,A51kc,,A51kc,开机屏好,25.0,元/台,,image,oppo.jpg,数码网报价单-0825更新/手机相关/oppo.jpg,1,0.99,visual_verified_against_0825_source
20260825-934ad2589c2782986b0c-01,2026-08-25,手机,device,OPPO,点数,A51kc,,A51kc,开机屏好外屏碎,25.0,元/台,,image,oppo.jpg,数码网报价单-0825更新/手机相关/oppo.jpg,1,0.99,visual_verified_against_0825_source
20260825-2aecee671f002f649f1a-01,2026-08-25,手机,device,OPPO,点数,A51kc,,A51kc,开机屏坏未拆,25.0,元/台,,image,oppo.jpg,数码网报价单-0825更新/手机相关/oppo.jpg,1,0.99,visual_verified_against_0825_source
20260825-0dddb618fc36ce03ed89-01,2026-08-25,手机,device,OPPO,点数,A51kc,,A51kc,开机屏坏,25.0,元/台,,image,oppo.jpg,数码网报价单-0825更新/手机相关/oppo.jpg,1,0.99,visual_verified_against_0825_source
20260825-329bd0a2107705f34fdb-01,2026-08-25,手机,device,OPPO,点数,A51kc,,A51kc,不开机,25.0,元/台,,image,oppo.jpg,数码网报价单-0825更新/手机相关/oppo.jpg,1,0.99,visual_verified_against_0825_source
20260825-e162fbeb9d271e2adbfd-01,2026-08-25,手机,device,OPPO,点数,A51kc,,A51kc,废板-整机,2.5,元/台,,image,oppo.jpg,数码网报价单-0825更新/手机相关/oppo.jpg,1,0.99,visual_verified_against_0825_source
20260825-b521c624d76a17cafacd-01,2026-08-25,手机,device,OPPO,点数,A31c,,A31c,开机屏好,20.0,元/台,,image,oppo.jpg,数码网报价单-0825更新/手机相关/oppo.jpg,1,0.99,visual_verified_against_0825_source
20260825-8036530ea912ae951196-01,2026-08-25,手机,device,OPPO,点数,A31c,,A31c,开机屏好外屏碎,20.0,元/台,,image,oppo.jpg,数码网报价单-0825更新/手机相关/oppo.jpg,1,0.99,visual_verified_against_0825_source
20260825-289c82fcdf75ada9b341-01,2026-08-25,手机,device,OPPO,点数,A31c,,A31c,开机屏坏未拆,20.0,元/台,,image,oppo.jpg,数码网报价单-0825更新/手机相关/oppo.jpg,1,0.99,visual_verified_against_0825_source
20260825-06700449645f828ebb4f-01,2026-08-25,手机,device,OPPO,点数,A31c,,A31c,开机屏坏,20.0,元/台,,image,oppo.jpg,数码网报价单-0825更新/手机相关/oppo.jpg,1,0.99,visual_verified_against_0825_source
20260825-f60c4a2338809c1ee85c-01,2026-08-25,手机,device,OPPO,点数,A31c,,A31c,不开机,20.0,元/台,,image,oppo.jpg,数码网报价单-0825更新/手机相关/oppo.jpg,1,0.99,visual_verified_against_0825_source
20260825-1361b0df2fbe8e1679cc-01,2026-08-25,手机,device,OPPO,点数,A31c,,A31c,废板-整机,20.0,元/台,,image,oppo.jpg,数码网报价单-0825更新/手机相关/oppo.jpg,1,0.99,visual_verified_against_0825_source
20260825-9173388f08434dae430d-01,2026-08-25,手机,device,OPPO,点数,A31,,A31,开机屏好,20.0,元/台,,image,oppo.jpg,数码网报价单-0825更新/手机相关/oppo.jpg,1,0.99,visual_verified_against_0825_source
20260825-0b77f91dcf3ac5624230-01,2026-08-25,手机,device,OPPO,点数,A31,,A31,开机屏好外屏碎,20.0,元/台,,image,oppo.jpg,数码网报价单-0825更新/手机相关/oppo.jpg,1,0.99,visual_verified_against_0825_source
20260825-ba546ffb409862612c6d-01,2026-08-25,手机,device,OPPO,点数,A31,,A31,开机屏坏未拆,20.0,元/台,,image,oppo.jpg,数码网报价单-0825更新/手机相关/oppo.jpg,1,0.99,visual_verified_against_0825_source
20260825-064514916bc3b43e2d3e-01,2026-08-25,手机,device,OPPO,点数,A31,,A31,开机屏坏,20.0,元/台,,image,oppo.jpg,数码网报价单-0825更新/手机相关/oppo.jpg,1,0.99,visual_verified_against_0825_source
20260825-df2ec3a910dfe786fa04-01,2026-08-25,手机,device,OPPO,点数,A31,,A31,不开机,20.0,元/台,,image,oppo.jpg,数码网报价单-0825更新/手机相关/oppo.jpg,1,0.99,visual_verified_against_0825_source
20260825-e6441f729d7c4938d66c-01,2026-08-25,手机,device,OPPO,点数,A31,,A31,废板-整机,20.0,元/台,,image,oppo.jpg,数码网报价单-0825更新/手机相关/oppo.jpg,1,0.99,visual_verified_against_0825_source
20260825-0d0268759ce9aa070787-01,2026-08-25,手机,device,OPPO,点数,A31外单,,A31外单,开机屏好,15.0,元/台,,image,oppo.jpg,数码网报价单-0825更新/手机相关/oppo.jpg,1,0.99,visual_verified_against_0825_source
20260825-442b322c2a94242caab0-01,2026-08-25,手机,device,OPPO,点数,A31外单,,A31外单,开机屏好外屏碎,15.0,元/台,,image,oppo.jpg,数码网报价单-0825更新/手机相关/oppo.jpg,1,0.99,visual_verified_against_0825_source
20260825-4fbd42d1efe68bfdeb2c-01,2026-08-25,手机,device,OPPO,点数,A31外单,,A31外单,开机屏坏未拆,15.0,元/台,,image,oppo.jpg,数码网报价单-0825更新/手机相关/oppo.jpg,1,0.99,visual_verified_against_0825_source
20260825-41d3f787e32f85bd1a73-01,2026-08-25,手机,device,OPPO,点数,A31外单,,A31外单,开机屏坏,15.0,元/台,,image,oppo.jpg,数码网报价单-0825更新/手机相关/oppo.jpg,1,0.99,visual_verified_against_0825_source
20260825-d1e6b178cad11aac1377-01,2026-08-25,手机,device,OPPO,点数,A31外单,,A31外单,不开机,15.0,元/台,,image,oppo.jpg,数码网报价单-0825更新/手机相关/oppo.jpg,1,0.99,visual_verified_against_0825_source
20260825-07841e4d0a6158582a61-01,2026-08-25,手机,device,OPPO,点数,A31外单,,A31外单,废板-整机,15.0,元/台,,image,oppo.jpg,数码网报价单-0825更新/手机相关/oppo.jpg,1,0.99,visual_verified_against_0825_source
20260825-10a2d5f9f30326dec4c3-01,2026-08-25,手机,device,OPPO,点数,A11（老款）,,A11（老款）,开机屏好,15.0,元/台,,image,oppo.jpg,数码网报价单-0825更新/手机相关/oppo.jpg,1,0.99,visual_verified_against_0825_source
20260825-d1ba2776fec5ba1388e3-01,2026-08-25,手机,device,OPPO,点数,A11（老款）,,A11（老款）,开机屏好外屏碎,15.0,元/台,,image,oppo.jpg,数码网报价单-0825更新/手机相关/oppo.jpg,1,0.99,visual_verified_against_0825_source
20260825-dc761ae1968fa6848775-01,2026-08-25,手机,device,OPPO,点数,A11（老款）,,A11（老款）,开机屏坏未拆,15.0,元/台,,image,oppo.jpg,数码网报价单-0825更新/手机相关/oppo.jpg,1,0.99,visual_verified_against_0825_source
20260825-544bfe8d4a9b720377a9-01,2026-08-25,手机,device,OPPO,点数,A11（老款）,,A11（老款）,开机屏坏,15.0,元/台,,image,oppo.jpg,数码网报价单-0825更新/手机相关/oppo.jpg,1,0.99,visual_verified_against_0825_source
20260825-9a50fd91cb92f03cb087-01,2026-08-25,手机,device,OPPO,点数,A11（老款）,,A11（老款）,不开机,15.0,元/台,,image,oppo.jpg,数码网报价单-0825更新/手机相关/oppo.jpg,1,0.99,visual_verified_against_0825_source
20260825-788caebed9db6c89ea8d-01,2026-08-25,手机,device,OPPO,点数,A11（老款）,,A11（老款）,废板-整机,15.0,元/台,,image,oppo.jpg,数码网报价单-0825更新/手机相关/oppo.jpg,1,0.99,visual_verified_against_0825_source
20260825-6bca5a79d4c1fe002af1-01,2026-08-25,手机,device,OPPO,点数,A7n,,A7n,开机屏好,75.0,元/台,,image,oppo.jpg,数码网报价单-0825更新/手机相关/oppo.jpg,1,0.99,visual_verified_against_0825_source
20260825-fd0fd4eb17f026867e11-01,2026-08-25,手机,device,OPPO,点数,A7n,,A7n,开机屏好外屏碎,75.0,元/台,,image,oppo.jpg,数码网报价单-0825更新/手机相关/oppo.jpg,1,0.99,visual_verified_against_0825_source
20260825-23ba686c1bebe06bb873-01,2026-08-25,手机,device,OPPO,点数,A7n,,A7n,开机屏坏未拆,75.0,元/台,,image,oppo.jpg,数码网报价单-0825更新/手机相关/oppo.jpg,1,0.99,visual_verified_against_0825_source
20260825-ddecd66c6dbcf8145f7c-01,2026-08-25,手机,device,OPPO,点数,A7n,,A7n,开机屏坏,75.0,元/台,,image,oppo.jpg,数码网报价单-0825更新/手机相关/oppo.jpg,1,0.99,visual_verified_against_0825_source
20260825-938a554369d7289ab3dd-01,2026-08-25,手机,device,OPPO,点数,A7n,,A7n,不开机,75.0,元/台,,image,oppo.jpg,数码网报价单-0825更新/手机相关/oppo.jpg,1,0.99,visual_verified_against_0825_source
20260825-31768a9b49c2406a70b1-01,2026-08-25,手机,device,OPPO,点数,A7n,,A7n,废板-整机,75.0,元/台,,image,oppo.jpg,数码网报价单-0825更新/手机相关/oppo.jpg,1,0.99,visual_verified_against_0825_source
20260825-e77b36fdd004b98bd0ba-01,2026-08-25,手机,device,OPPO,点数,N3(5200、5207、5209),,N3(5200、5207、5209),开机屏好,20.0,元/台,,image,oppo.jpg,数码网报价单-0825更新/手机相关/oppo.jpg,1,0.99,visual_verified_against_0825_source
20260825-69f246a050d7d86bf547-01,2026-08-25,手机,device,OPPO,点数,N3(5200、5207、5209),,N3(5200、5207、5209),开机屏好外屏碎,20.0,元/台,,image,oppo.jpg,数码网报价单-0825更新/手机相关/oppo.jpg,1,0.99,visual_verified_against_0825_source
20260825-e13ef6a6fb64291c76f4-01,2026-08-25,手机,device,OPPO,点数,N3(5200、5207、5209),,N3(5200、5207、5209),开机屏坏未拆,20.0,元/台,,image,oppo.jpg,数码网报价单-0825更新/手机相关/oppo.jpg,1,0.99,visual_verified_against_0825_source
20260825-92e0d389c503e5f39824-01,2026-08-25,手机,device,OPPO,点数,N3(5200、5207、5209),,N3(5200、5207、5209),开机屏坏,20.0,元/台,,image,oppo.jpg,数码网报价单-0825更新/手机相关/oppo.jpg,1,0.99,visual_verified_against_0825_source
20260825-f1031f3b7ce5df68aaf8-01,2026-08-25,手机,device,OPPO,点数,N3(5200、5207、5209),,N3(5200、5207、5209),不开机,20.0,元/台,,image,oppo.jpg,数码网报价单-0825更新/手机相关/oppo.jpg,1,0.99,visual_verified_against_0825_source
20260825-960dc7424e550a32fb01-01,2026-08-25,手机,device,OPPO,点数,N3(5200、5207、5209),,N3(5200、5207、5209),废板-整机,20.0,元/台,,image,oppo.jpg,数码网报价单-0825更新/手机相关/oppo.jpg,1,0.99,visual_verified_against_0825_source
20260825-3e5b7c5add88f8adbf5c-01,2026-08-25,手机,device,OPPO,点数,大N1,,大N1,开机屏好,20.0,元/台,,image,oppo.jpg,数码网报价单-0825更新/手机相关/oppo.jpg,1,0.99,visual_verified_against_0825_source
20260825-697d6e1364e3dd1720e5-01,2026-08-25,手机,device,OPPO,点数,大N1,,大N1,开机屏好外屏碎,20.0,元/台,,image,oppo.jpg,数码网报价单-0825更新/手机相关/oppo.jpg,1,0.99,visual_verified_against_0825_source
20260825-41318149fb8807989f42-01,2026-08-25,手机,device,OPPO,点数,大N1,,大N1,开机屏坏未拆,20.0,元/台,,image,oppo.jpg,数码网报价单-0825更新/手机相关/oppo.jpg,1,0.99,visual_verified_against_0825_source
20260825-be8de9bb3647cfe0eb01-01,2026-08-25,手机,device,OPPO,点数,大N1,,大N1,开机屏坏,20.0,元/台,,image,oppo.jpg,数码网报价单-0825更新/手机相关/oppo.jpg,1,0.99,visual_verified_against_0825_source
20260825-df2be879df9913741175-01,2026-08-25,手机,device,OPPO,点数,大N1,,大N1,不开机,20.0,元/台,,image,oppo.jpg,数码网报价单-0825更新/手机相关/oppo.jpg,1,0.99,visual_verified_against_0825_source
20260825-7fad5fae7d8116d77c03-01,2026-08-25,手机,device,OPPO,点数,大N1,,大N1,废板-整机,20.0,元/台,,image,oppo.jpg,数码网报价单-0825更新/手机相关/oppo.jpg,1,0.99,visual_verified_against_0825_source
20260825-83d56d81cb325fa7e477-01,2026-08-25,手机,device,OPPO,点数,小N1,,小N1,开机屏好,25.0,元/台,,image,oppo.jpg,数码网报价单-0825更新/手机相关/oppo.jpg,1,0.99,visual_verified_against_0825_source
20260825-3fc7a258d7904e52c060-01,2026-08-25,手机,device,OPPO,点数,小N1,,小N1,开机屏好外屏碎,25.0,元/台,,image,oppo.jpg,数码网报价单-0825更新/手机相关/oppo.jpg,1,0.99,visual_verified_against_0825_source
20260825-ea5d19e2982344f48591-01,2026-08-25,手机,device,OPPO,点数,小N1,,小N1,开机屏坏未拆,25.0,元/台,,image,oppo.jpg,数码网报价单-0825更新/手机相关/oppo.jpg,1,0.99,visual_verified_against_0825_source
20260825-7be4c67f304d1748521b-01,2026-08-25,手机,device,OPPO,点数,小N1,,小N1,开机屏坏,25.0,元/台,,image,oppo.jpg,数码网报价单-0825更新/手机相关/oppo.jpg,1,0.99,visual_verified_against_0825_source
20260825-7ee909b862686dddcf12-01,2026-08-25,手机,device,OPPO,点数,小N1,,小N1,不开机,25.0,元/台,,image,oppo.jpg,数码网报价单-0825更新/手机相关/oppo.jpg,1,0.99,visual_verified_against_0825_source
20260825-3e661e1001017769fe41-01,2026-08-25,手机,device,OPPO,点数,小N1,,小N1,废板-整机,25.0,元/台,,image,oppo.jpg,数码网报价单-0825更新/手机相关/oppo.jpg,1,0.99,visual_verified_against_0825_source
20260825-4bc91a69c206158ad48c-01,2026-08-25,手机,device,苹果,,iPhone 6SP,,iPhone 6SP,开机屏好（无坏ID）,50.0,元/台,,image_first_visual_crosscheck_high_similarity,苹果.jpg,/mnt/data/decoded2/需要获取数据与不需要获数据原文件/需要获取的图片正文数据/数码网报价单-0825更新/手机相关/苹果.jpg,1,0.995,visual_0825_vs_0831_pixel_crosscheck_and_header_structure
20260825-651f1d69cf6636c74fd2-01,2026-08-25,手机,device,苹果,,iPhone 6SP,,iPhone 6SP,开机屏坏（无坏ID）,40.0,元/台,,image_first_visual_crosscheck_high_similarity,苹果.jpg,/mnt/data/decoded2/需要获取数据与不需要获数据原文件/需要获取的图片正文数据/数码网报价单-0825更新/手机相关/苹果.jpg,1,0.995,visual_0825_vs_0831_pixel_crosscheck_and_header_structure
20260825-04f2b60380e01006af87-01,2026-08-25,手机,device,苹果,,iPhone 6SP,,iPhone 6SP,无ID靓板,40.0,元/台,,image_first_visual_crosscheck_high_similarity,苹果.jpg,/mnt/data/decoded2/需要获取数据与不需要获数据原文件/需要获取的图片正文数据/数码网报价单-0825更新/手机相关/苹果.jpg,1,0.995,visual_0825_vs_0831_pixel_crosscheck_and_header_structure
20260825-94653bceafb21b647427-01,2026-08-25,手机,device,苹果,,iPhone 6SP,,iPhone 6SP,无ID不靓板,40.0,元/台,,image_first_visual_crosscheck_high_similarity,苹果.jpg,/mnt/data/decoded2/需要获取数据与不需要获数据原文件/需要获取的图片正文数据/数码网报价单-0825更新/手机相关/苹果.jpg,1,0.995,visual_0825_vs_0831_pixel_crosscheck_and_header_structure
20260825-514a7b8a95f7f403d7b5-01,2026-08-25,手机,device,苹果,,iPhone 6SP,,iPhone 6SP,废板-整机,20.0,元/台,,image_first_visual_crosscheck_high_similarity,苹果.jpg,/mnt/data/decoded2/需要获取数据与不需要获数据原文件/需要获取的图片正文数据/数码网报价单-0825更新/手机相关/苹果.jpg,1,0.995,visual_0825_vs_0831_pixel_crosscheck_and_header_structure
20260825-819584ccf001cfefe1d0-01,2026-08-25,手机,device,苹果,,iPhone 6SP,,iPhone 6SP,点数（两成无ID）,40.0,元/台,,image_first_visual_crosscheck_high_similarity,苹果.jpg,/mnt/data/decoded2/需要获取数据与不需要获数据原文件/需要获取的图片正文数据/数码网报价单-0825更新/手机相关/苹果.jpg,1,0.995,visual_0825_vs_0831_pixel_crosscheck_and_header_structure
20260825-9290b6122cda5f03afa5-01,2026-08-25,手机,device,苹果,,iPhone 6SP,,iPhone 6SP,没屏,20.0,元/台,,image_first_visual_crosscheck_high_similarity,苹果.jpg,/mnt/data/decoded2/需要获取数据与不需要获数据原文件/需要获取的图片正文数据/数码网报价单-0825更新/手机相关/苹果.jpg,1,0.995,visual_0825_vs_0831_pixel_crosscheck_and_header_structure
20260825-6f88f049ef38c186db90-01,2026-08-25,手机,device,苹果,,iPhone 5S,,iPhone 5S,开机屏好（无坏ID）,25.0,元/台,,image_first_visual_crosscheck_high_similarity,苹果.jpg,/mnt/data/decoded2/需要获取数据与不需要获数据原文件/需要获取的图片正文数据/数码网报价单-0825更新/手机相关/苹果.jpg,1,0.995,visual_0825_vs_0831_pixel_crosscheck_and_header_structure
20260825-e509e6d848d9b7e3347a-01,2026-08-25,手机,device,苹果,,iPhone 5S,,iPhone 5S,开机屏坏（无坏ID）,25.0,元/台,,image_first_visual_crosscheck_high_similarity,苹果.jpg,/mnt/data/decoded2/需要获取数据与不需要获数据原文件/需要获取的图片正文数据/数码网报价单-0825更新/手机相关/苹果.jpg,1,0.995,visual_0825_vs_0831_pixel_crosscheck_and_header_structure
20260825-2ef4633da7816f54a785-01,2026-08-25,手机,device,苹果,,iPhone 5S,,iPhone 5S,无ID靓板,25.0,元/台,,image_first_visual_crosscheck_high_similarity,苹果.jpg,/mnt/data/decoded2/需要获取数据与不需要获数据原文件/需要获取的图片正文数据/数码网报价单-0825更新/手机相关/苹果.jpg,1,0.995,visual_0825_vs_0831_pixel_crosscheck_and_header_structure
20260825-00246ee5c88a87aba07c-01,2026-08-25,手机,device,苹果,,iPhone 5S,,iPhone 5S,无ID不靓板,25.0,元/台,,image_first_visual_crosscheck_high_similarity,苹果.jpg,/mnt/data/decoded2/需要获取数据与不需要获数据原文件/需要获取的图片正文数据/数码网报价单-0825更新/手机相关/苹果.jpg,1,0.995,visual_0825_vs_0831_pixel_crosscheck_and_header_structure
20260825-76980e42f398412983de-01,2026-08-25,手机,device,苹果,,iPhone 5S,,iPhone 5S,废板-整机,7.0,元/台,,image_first_visual_crosscheck_high_similarity,苹果.jpg,/mnt/data/decoded2/需要获取数据与不需要获数据原文件/需要获取的图片正文数据/数码网报价单-0825更新/手机相关/苹果.jpg,1,0.995,visual_0825_vs_0831_pixel_crosscheck_and_header_structure
20260825-3a438620d1d342902199-01,2026-08-25,手机,device,苹果,,iPhone 5S,,iPhone 5S,统货,25.0,元/台,,image_first_visual_crosscheck_high_similarity,苹果.jpg,/mnt/data/decoded2/需要获取数据与不需要获数据原文件/需要获取的图片正文数据/数码网报价单-0825更新/手机相关/苹果.jpg,1,0.995,visual_0825_vs_0831_pixel_crosscheck_and_header_structure
20260825-b8b208cdad19f326ea68-01,2026-08-25,手机,device,苹果,,iPhone 5S,,iPhone 5S,没屏,7.0,元/台,,image_first_visual_crosscheck_high_similarity,苹果.jpg,/mnt/data/decoded2/需要获取数据与不需要获数据原文件/需要获取的图片正文数据/数码网报价单-0825更新/手机相关/苹果.jpg,1,0.995,visual_0825_vs_0831_pixel_crosscheck_and_header_structure
20260825-ef4b756d62c69149a1f7-01,2026-08-25,手机,device,苹果,,iPhone 4S,,iPhone 4S,开机屏好（无坏ID）,25.0,元/台,,image_first_visual_crosscheck_high_similarity,苹果.jpg,/mnt/data/decoded2/需要获取数据与不需要获数据原文件/需要获取的图片正文数据/数码网报价单-0825更新/手机相关/苹果.jpg,1,0.995,visual_0825_vs_0831_pixel_crosscheck_and_header_structure
20260825-b81af5c816dd94451c33-01,2026-08-25,手机,device,苹果,,iPhone 4S,,iPhone 4S,开机屏坏（无坏ID）,25.0,元/台,,image_first_visual_crosscheck_high_similarity,苹果.jpg,/mnt/data/decoded2/需要获取数据与不需要获数据原文件/需要获取的图片正文数据/数码网报价单-0825更新/手机相关/苹果.jpg,1,0.995,visual_0825_vs_0831_pixel_crosscheck_and_header_structure
20260825-3da8433177fc813c3eec-01,2026-08-25,手机,device,苹果,,iPhone 4S,,iPhone 4S,无ID靓板,25.0,元/台,,image_first_visual_crosscheck_high_similarity,苹果.jpg,/mnt/data/decoded2/需要获取数据与不需要获数据原文件/需要获取的图片正文数据/数码网报价单-0825更新/手机相关/苹果.jpg,1,0.995,visual_0825_vs_0831_pixel_crosscheck_and_header_structure
20260825-ae551592d50c3602cd3f-01,2026-08-25,手机,device,苹果,,iPhone 4S,,iPhone 4S,无ID不靓板,25.0,元/台,,image_first_visual_crosscheck_high_similarity,苹果.jpg,/mnt/data/decoded2/需要获取数据与不需要获数据原文件/需要获取的图片正文数据/数码网报价单-0825更新/手机相关/苹果.jpg,1,0.995,visual_0825_vs_0831_pixel_crosscheck_and_header_structure
20260825-bd05085c82d3644c82f7-01,2026-08-25,手机,device,苹果,,iPhone 4S,,iPhone 4S,废板-整机,25.0,元/台,,image_first_visual_crosscheck_high_similarity,苹果.jpg,/mnt/data/decoded2/需要获取数据与不需要获数据原文件/需要获取的图片正文数据/数码网报价单-0825更新/手机相关/苹果.jpg,1,0.995,visual_0825_vs_0831_pixel_crosscheck_and_header_structure
20260825-a28caf1973b46e0a1328-01,2026-08-25,手机,device,360,,Q30,,Q30,开机屏好,80.0,元/台,,image_first_visual_crosscheck_high_similarity,360.jpg,/mnt/data/decoded2/需要获取数据与不需要获数据原文件/需要获取的图片正文数据/数码网报价单-0825更新/手机相关/360.jpg,1,0.995,visual_0825_vs_0831_pixel_crosscheck_and_header_structure
20260825-7e114ca06b923f3afb0c-01,2026-08-25,手机,device,360,,Q30,,Q30,开机屏坏,80.0,元/台,,image_first_visual_crosscheck_high_similarity,360.jpg,/mnt/data/decoded2/需要获取数据与不需要获数据原文件/需要获取的图片正文数据/数码网报价单-0825更新/手机相关/360.jpg,1,0.995,visual_0825_vs_0831_pixel_crosscheck_and_header_structure
20260825-5fde9f0c1e803cb6e3f1-01,2026-08-25,手机,device,360,,Q30,,Q30,不开机,80.0,元/台,,image_first_visual_crosscheck_high_similarity,360.jpg,/mnt/data/decoded2/需要获取数据与不需要获数据原文件/需要获取的图片正文数据/数码网报价单-0825更新/手机相关/360.jpg,1,0.995,visual_0825_vs_0831_pixel_crosscheck_and_header_structure
20260825-c5d39c929c49f330892b-01,2026-08-25,手机,device,360,,Q30,,Q30,废板-整机,80.0,元/台,,image_first_visual_crosscheck_high_similarity,360.jpg,/mnt/data/decoded2/需要获取数据与不需要获数据原文件/需要获取的图片正文数据/数码网报价单-0825更新/手机相关/360.jpg,1,0.995,visual_0825_vs_0831_pixel_crosscheck_and_header_structure
20260825-e8288fbb333de3666766-01,2026-08-25,手机,device,360,,Q20Pro,,Q20Pro,开机屏好,80.0,元/台,,image_first_visual_crosscheck_high_similarity,360.jpg,/mnt/data/decoded2/需要获取数据与不需要获数据原文件/需要获取的图片正文数据/数码网报价单-0825更新/手机相关/360.jpg,1,0.995,visual_0825_vs_0831_pixel_crosscheck_and_header_structure
20260825-7e476d450dad3e672cb6-01,2026-08-25,手机,device,360,,Q20Pro,,Q20Pro,开机屏坏,80.0,元/台,,image_first_visual_crosscheck_high_similarity,360.jpg,/mnt/data/decoded2/需要获取数据与不需要获数据原文件/需要获取的图片正文数据/数码网报价单-0825更新/手机相关/360.jpg,1,0.995,visual_0825_vs_0831_pixel_crosscheck_and_header_structure
20260825-688668e1bc818db34945-01,2026-08-25,手机,device,360,,Q20Pro,,Q20Pro,不开机,80.0,元/台,,image_first_visual_crosscheck_high_similarity,360.jpg,/mnt/data/decoded2/需要获取数据与不需要获数据原文件/需要获取的图片正文数据/数码网报价单-0825更新/手机相关/360.jpg,1,0.995,visual_0825_vs_0831_pixel_crosscheck_and_header_structure
20260825-b30e080b4ca9dd6aeb5e-01,2026-08-25,手机,device,360,,Q20Pro,,Q20Pro,废板-整机,80.0,元/台,,image_first_visual_crosscheck_high_similarity,360.jpg,/mnt/data/decoded2/需要获取数据与不需要获数据原文件/需要获取的图片正文数据/数码网报价单-0825更新/手机相关/360.jpg,1,0.995,visual_0825_vs_0831_pixel_crosscheck_and_header_structure
20260825-4459f6fd72afafc9141a-01,2026-08-25,手机,device,360,,Q10Pro,,Q10Pro,开机屏好,80.0,元/台,,image_first_visual_crosscheck_high_similarity,360.jpg,/mnt/data/decoded2/需要获取数据与不需要获数据原文件/需要获取的图片正文数据/数码网报价单-0825更新/手机相关/360.jpg,1,0.995,visual_0825_vs_0831_pixel_crosscheck_and_header_structure
20260825-4dcfa8a1f7a3b6b46487-01,2026-08-25,手机,device,360,,Q10Pro,,Q10Pro,开机屏坏,80.0,元/台,,image_first_visual_crosscheck_high_similarity,360.jpg,/mnt/data/decoded2/需要获取数据与不需要获数据原文件/需要获取的图片正文数据/数码网报价单-0825更新/手机相关/360.jpg,1,0.995,visual_0825_vs_0831_pixel_crosscheck_and_header_structure
20260825-6880271cac530d6a2746-01,2026-08-25,手机,device,360,,Q10Pro,,Q10Pro,不开机,80.0,元/台,,image_first_visual_crosscheck_high_similarity,360.jpg,/mnt/data/decoded2/需要获取数据与不需要获数据原文件/需要获取的图片正文数据/数码网报价单-0825更新/手机相关/360.jpg,1,0.995,visual_0825_vs_0831_pixel_crosscheck_and_header_structure
20260825-52ae3e942fff3f3729d9-01,2026-08-25,手机,device,360,,Q10Pro,,Q10Pro,废板-整机,80.0,元/台,,image_first_visual_crosscheck_high_similarity,360.jpg,/mnt/data/decoded2/需要获取数据与不需要获数据原文件/需要获取的图片正文数据/数码网报价单-0825更新/手机相关/360.jpg,1,0.995,visual_0825_vs_0831_pixel_crosscheck_and_header_structure
20260825-aef91edb2580d141abff-01,2026-08-25,手机,device,360,,N7 Pro高（红色）,,N7 Pro高（红色）,开机屏好,110.0,元/台,,image_first_visual_crosscheck_high_similarity,360.jpg,/mnt/data/decoded2/需要获取数据与不需要获数据原文件/需要获取的图片正文数据/数码网报价单-0825更新/手机相关/360.jpg,1,0.995,visual_0825_vs_0831_pixel_crosscheck_and_header_structure
20260825-ac237a17b86e20a12fb2-01,2026-08-25,手机,device,360,,N7 Pro高（红色）,,N7 Pro高（红色）,开机屏坏,110.0,元/台,,image_first_visual_crosscheck_high_similarity,360.jpg,/mnt/data/decoded2/需要获取数据与不需要获数据原文件/需要获取的图片正文数据/数码网报价单-0825更新/手机相关/360.jpg,1,0.995,visual_0825_vs_0831_pixel_crosscheck_and_header_structure
20260825-99aac698e55f32f32c0a-01,2026-08-25,手机,device,360,,N7 Pro高（红色）,,N7 Pro高（红色）,不开机,110.0,元/台,,image_first_visual_crosscheck_high_similarity,360.jpg,/mnt/data/decoded2/需要获取数据与不需要获数据原文件/需要获取的图片正文数据/数码网报价单-0825更新/手机相关/360.jpg,1,0.995,visual_0825_vs_0831_pixel_crosscheck_and_header_structure
20260825-302d7d35eac498a8e729-01,2026-08-25,手机,device,360,,N7 Pro高（红色）,,N7 Pro高（红色）,废板-整机,110.0,元/台,,image_first_visual_crosscheck_high_similarity,360.jpg,/mnt/data/decoded2/需要获取数据与不需要获数据原文件/需要获取的图片正文数据/数码网报价单-0825更新/手机相关/360.jpg,1,0.995,visual_0825_vs_0831_pixel_crosscheck_and_header_structure
20260825-936bebcea228de69a33f-01,2026-08-25,手机,device,360,,N7 Pro低（黑色）,,N7 Pro低（黑色）,开机屏好,110.0,元/台,,image_first_visual_crosscheck_high_similarity,360.jpg,/mnt/data/decoded2/需要获取数据与不需要获数据原文件/需要获取的图片正文数据/数码网报价单-0825更新/手机相关/360.jpg,1,0.995,visual_0825_vs_0831_pixel_crosscheck_and_header_structure
20260825-db6ce9f47ceb311ab9ae-01,2026-08-25,手机,device,360,,N7 Pro低（黑色）,,N7 Pro低（黑色）,开机屏坏,110.0,元/台,,image_first_visual_crosscheck_high_similarity,360.jpg,/mnt/data/decoded2/需要获取数据与不需要获数据原文件/需要获取的图片正文数据/数码网报价单-0825更新/手机相关/360.jpg,1,0.995,visual_0825_vs_0831_pixel_crosscheck_and_header_structure
20260825-a2368217c4bf058716bd-01,2026-08-25,手机,device,360,,N7 Pro低（黑色）,,N7 Pro低（黑色）,不开机,110.0,元/台,,image_first_visual_crosscheck_high_similarity,360.jpg,/mnt/data/decoded2/需要获取数据与不需要获数据原文件/需要获取的图片正文数据/数码网报价单-0825更新/手机相关/360.jpg,1,0.995,visual_0825_vs_0831_pixel_crosscheck_and_header_structure
20260825-9850a8088667d8776e6f-01,2026-08-25,手机,device,360,,N7 Pro低（黑色）,,N7 Pro低（黑色）,废板-整机,110.0,元/台,,image_first_visual_crosscheck_high_similarity,360.jpg,/mnt/data/decoded2/需要获取数据与不需要获数据原文件/需要获取的图片正文数据/数码网报价单-0825更新/手机相关/360.jpg,1,0.995,visual_0825_vs_0831_pixel_crosscheck_and_header_structure
20260825-fc87539cee2aa95391c2-01,2026-08-25,手机,device,360,,N7,,N7,开机屏好,110.0,元/台,,image_first_visual_crosscheck_high_similarity,360.jpg,/mnt/data/decoded2/需要获取数据与不需要获数据原文件/需要获取的图片正文数据/数码网报价单-0825更新/手机相关/360.jpg,1,0.995,visual_0825_vs_0831_pixel_crosscheck_and_header_structure
20260825-44e6b9478e3d0270ff4b-01,2026-08-25,手机,device,360,,N7,,N7,开机屏坏,110.0,元/台,,image_first_visual_crosscheck_high_similarity,360.jpg,/mnt/data/decoded2/需要获取数据与不需要获数据原文件/需要获取的图片正文数据/数码网报价单-0825更新/手机相关/360.jpg,1,0.995,visual_0825_vs_0831_pixel_crosscheck_and_header_structure
20260825-b0c160e7dd0762822847-01,2026-08-25,手机,device,360,,N7,,N7,不开机,110.0,元/台,,image_first_visual_crosscheck_high_similarity,360.jpg,/mnt/data/decoded2/需要获取数据与不需要获数据原文件/需要获取的图片正文数据/数码网报价单-0825更新/手机相关/360.jpg,1,0.995,visual_0825_vs_0831_pixel_crosscheck_and_header_structure
20260825-60d10e53025204f3d52d-01,2026-08-25,手机,device,360,,N7,,N7,废板-整机,110.0,元/台,,image_first_visual_crosscheck_high_similarity,360.jpg,/mnt/data/decoded2/需要获取数据与不需要获数据原文件/需要获取的图片正文数据/数码网报价单-0825更新/手机相关/360.jpg,1,0.995,visual_0825_vs_0831_pixel_crosscheck_and_header_structure
20260825-fd5df89ffc83249e9319-01,2026-08-25,手机,device,360,,N6 pro,,N6 pro,开机屏好,110.0,元/台,,image_first_visual_crosscheck_high_similarity,360.jpg,/mnt/data/decoded2/需要获取数据与不需要获数据原文件/需要获取的图片正文数据/数码网报价单-0825更新/手机相关/360.jpg,1,0.995,visual_0825_vs_0831_pixel_crosscheck_and_header_structure
20260825-c64e4e099d70725d0d26-01,2026-08-25,手机,device,360,,N6 pro,,N6 pro,开机屏坏,110.0,元/台,,image_first_visual_crosscheck_high_similarity,360.jpg,/mnt/data/decoded2/需要获取数据与不需要获数据原文件/需要获取的图片正文数据/数码网报价单-0825更新/手机相关/360.jpg,1,0.995,visual_0825_vs_0831_pixel_crosscheck_and_header_structure
20260825-6cef0bfcdf34564afd3b-01,2026-08-25,手机,device,360,,N6 pro,,N6 pro,不开机,110.0,元/台,,image_first_visual_crosscheck_high_similarity,360.jpg,/mnt/data/decoded2/需要获取数据与不需要获数据原文件/需要获取的图片正文数据/数码网报价单-0825更新/手机相关/360.jpg,1,0.995,visual_0825_vs_0831_pixel_crosscheck_and_header_structure
20260825-54086f459bfd94bb36e5-01,2026-08-25,手机,device,360,,N6 pro,,N6 pro,废板-整机,110.0,元/台,,image_first_visual_crosscheck_high_similarity,360.jpg,/mnt/data/decoded2/需要获取数据与不需要获数据原文件/需要获取的图片正文数据/数码网报价单-0825更新/手机相关/360.jpg,1,0.995,visual_0825_vs_0831_pixel_crosscheck_and_header_structure
20260825-57d95c516708f53af0d2-01,2026-08-25,手机,device,360,,Q5p,,Q5p,开机屏好,50.0,元/台,,image_first_visual_crosscheck_high_similarity,360.jpg,/mnt/data/decoded2/需要获取数据与不需要获数据原文件/需要获取的图片正文数据/数码网报价单-0825更新/手机相关/360.jpg,1,0.995,visual_0825_vs_0831_pixel_crosscheck_and_header_structure
20260825-5140d23d7b2ad9291a2a-01,2026-08-25,手机,device,360,,Q5p,,Q5p,开机屏坏,50.0,元/台,,image_first_visual_crosscheck_high_similarity,360.jpg,/mnt/data/decoded2/需要获取数据与不需要获数据原文件/需要获取的图片正文数据/数码网报价单-0825更新/手机相关/360.jpg,1,0.995,visual_0825_vs_0831_pixel_crosscheck_and_header_structure
20260825-dc6d470e64c72322986b-01,2026-08-25,手机,device,360,,Q5p,,Q5p,不开机,50.0,元/台,,image_first_visual_crosscheck_high_similarity,360.jpg,/mnt/data/decoded2/需要获取数据与不需要获数据原文件/需要获取的图片正文数据/数码网报价单-0825更新/手机相关/360.jpg,1,0.995,visual_0825_vs_0831_pixel_crosscheck_and_header_structure
20260825-90c9317429cb24fdf747-01,2026-08-25,手机,device,360,,Q5p,,Q5p,废板-整机,50.0,元/台,,image_first_visual_crosscheck_high_similarity,360.jpg,/mnt/data/decoded2/需要获取数据与不需要获数据原文件/需要获取的图片正文数据/数码网报价单-0825更新/手机相关/360.jpg,1,0.995,visual_0825_vs_0831_pixel_crosscheck_and_header_structure
20260825-6b49fbeb220387509d07-01,2026-08-25,手机,device,360,,N6,,N6,开机屏好,110.0,元/台,,image_first_visual_crosscheck_high_similarity,360.jpg,/mnt/data/decoded2/需要获取数据与不需要获数据原文件/需要获取的图片正文数据/数码网报价单-0825更新/手机相关/360.jpg,1,0.995,visual_0825_vs_0831_pixel_crosscheck_and_header_structure
20260825-f2a8887438eb7525fbc1-01,2026-08-25,手机,device,360,,N6,,N6,开机屏坏,110.0,元/台,,image_first_visual_crosscheck_high_similarity,360.jpg,/mnt/data/decoded2/需要获取数据与不需要获数据原文件/需要获取的图片正文数据/数码网报价单-0825更新/手机相关/360.jpg,1,0.995,visual_0825_vs_0831_pixel_crosscheck_and_header_structure
20260825-b884c005172aec17386d-01,2026-08-25,手机,device,360,,N6,,N6,不开机,110.0,元/台,,image_first_visual_crosscheck_high_similarity,360.jpg,/mnt/data/decoded2/需要获取数据与不需要获数据原文件/需要获取的图片正文数据/数码网报价单-0825更新/手机相关/360.jpg,1,0.995,visual_0825_vs_0831_pixel_crosscheck_and_header_structure
20260825-d99b89c3ba63659fa526-01,2026-08-25,手机,device,360,,N6,,N6,废板-整机,110.0,元/台,,image_first_visual_crosscheck_high_similarity,360.jpg,/mnt/data/decoded2/需要获取数据与不需要获数据原文件/需要获取的图片正文数据/数码网报价单-0825更新/手机相关/360.jpg,1,0.995,visual_0825_vs_0831_pixel_crosscheck_and_header_structure
20260825-31b3b8521ad0a7418f59-01,2026-08-25,手机,device,360,,N7 Lite,,N7 Lite,开机屏好,50.0,元/台,,image_first_visual_crosscheck_high_similarity,360.jpg,/mnt/data/decoded2/需要获取数据与不需要获数据原文件/需要获取的图片正文数据/数码网报价单-0825更新/手机相关/360.jpg,1,0.995,visual_0825_vs_0831_pixel_crosscheck_and_header_structure
20260825-7abf43f97eb56a973458-01,2026-08-25,手机,device,360,,N7 Lite,,N7 Lite,开机屏坏,50.0,元/台,,image_first_visual_crosscheck_high_similarity,360.jpg,/mnt/data/decoded2/需要获取数据与不需要获数据原文件/需要获取的图片正文数据/数码网报价单-0825更新/手机相关/360.jpg,1,0.995,visual_0825_vs_0831_pixel_crosscheck_and_header_structure
20260825-f16409edf5ffa1250900-01,2026-08-25,手机,device,360,,N7 Lite,,N7 Lite,不开机,50.0,元/台,,image_first_visual_crosscheck_high_similarity,360.jpg,/mnt/data/decoded2/需要获取数据与不需要获数据原文件/需要获取的图片正文数据/数码网报价单-0825更新/手机相关/360.jpg,1,0.995,visual_0825_vs_0831_pixel_crosscheck_and_header_structure
20260825-0ea7f19623d95db3fde5-01,2026-08-25,手机,device,360,,N7 Lite,,N7 Lite,废板-整机,50.0,元/台,,image_first_visual_crosscheck_high_similarity,360.jpg,/mnt/data/decoded2/需要获取数据与不需要获数据原文件/需要获取的图片正文数据/数码网报价单-0825更新/手机相关/360.jpg,1,0.995,visual_0825_vs_0831_pixel_crosscheck_and_header_structure
20260825-db295a17f2607bce14be-01,2026-08-25,手机,device,360,,N6 Lite,,N6 Lite,开机屏好,50.0,元/台,,image_first_visual_crosscheck_high_similarity,360.jpg,/mnt/data/decoded2/需要获取数据与不需要获数据原文件/需要获取的图片正文数据/数码网报价单-0825更新/手机相关/360.jpg,1,0.995,visual_0825_vs_0831_pixel_crosscheck_and_header_structure
20260825-9ba04ba196eb18f71079-01,2026-08-25,手机,device,360,,N6 Lite,,N6 Lite,开机屏坏,50.0,元/台,,image_first_visual_crosscheck_high_similarity,360.jpg,/mnt/data/decoded2/需要获取数据与不需要获数据原文件/需要获取的图片正文数据/数码网报价单-0825更新/手机相关/360.jpg,1,0.995,visual_0825_vs_0831_pixel_crosscheck_and_header_structure
20260825-b08ff34bbcbb47e4cf52-01,2026-08-25,手机,device,360,,N6 Lite,,N6 Lite,不开机,50.0,元/台,,image_first_visual_crosscheck_high_similarity,360.jpg,/mnt/data/decoded2/需要获取数据与不需要获数据原文件/需要获取的图片正文数据/数码网报价单-0825更新/手机相关/360.jpg,1,0.995,visual_0825_vs_0831_pixel_crosscheck_and_header_structure
20260825-ad5626be6b2e6f2439b9-01,2026-08-25,手机,device,360,,N6 Lite,,N6 Lite,废板-整机,50.0,元/台,,image_first_visual_crosscheck_high_similarity,360.jpg,/mnt/data/decoded2/需要获取数据与不需要获数据原文件/需要获取的图片正文数据/数码网报价单-0825更新/手机相关/360.jpg,1,0.995,visual_0825_vs_0831_pixel_crosscheck_and_header_structure
20260825-73091c54a7e12ceb3928-01,2026-08-25,手机,device,360,,N5s,,N5s,开机屏好,50.0,元/台,,image_first_visual_crosscheck_high_similarity,360.jpg,/mnt/data/decoded2/需要获取数据与不需要获数据原文件/需要获取的图片正文数据/数码网报价单-0825更新/手机相关/360.jpg,1,0.995,visual_0825_vs_0831_pixel_crosscheck_and_header_structure
20260825-e46bec1bc3e5966b8ff7-01,2026-08-25,手机,device,360,,N5s,,N5s,开机屏坏,50.0,元/台,,image_first_visual_crosscheck_high_similarity,360.jpg,/mnt/data/decoded2/需要获取数据与不需要获数据原文件/需要获取的图片正文数据/数码网报价单-0825更新/手机相关/360.jpg,1,0.995,visual_0825_vs_0831_pixel_crosscheck_and_header_structure
20260825-5587bea8bb1c2c0fe8ab-01,2026-08-25,手机,device,360,,N5s,,N5s,不开机,50.0,元/台,,image_first_visual_crosscheck_high_similarity,360.jpg,/mnt/data/decoded2/需要获取数据与不需要获数据原文件/需要获取的图片正文数据/数码网报价单-0825更新/手机相关/360.jpg,1,0.995,visual_0825_vs_0831_pixel_crosscheck_and_header_structure
20260825-37a9c75c9d9bb27bb221-01,2026-08-25,手机,device,360,,N5s,,N5s,废板-整机,50.0,元/台,,image_first_visual_crosscheck_high_similarity,360.jpg,/mnt/data/decoded2/需要获取数据与不需要获数据原文件/需要获取的图片正文数据/数码网报价单-0825更新/手机相关/360.jpg,1,0.995,visual_0825_vs_0831_pixel_crosscheck_and_header_structure
20260825-a7d6e700fd1d30065337-01,2026-08-25,手机,device,360,,N5,,N5,开机屏好,50.0,元/台,,image_first_visual_crosscheck_high_similarity,360.jpg,/mnt/data/decoded2/需要获取数据与不需要获数据原文件/需要获取的图片正文数据/数码网报价单-0825更新/手机相关/360.jpg,1,0.995,visual_0825_vs_0831_pixel_crosscheck_and_header_structure
20260825-23c78136e8c76da2ac80-01,2026-08-25,手机,device,360,,N5,,N5,开机屏坏,50.0,元/台,,image_first_visual_crosscheck_high_similarity,360.jpg,/mnt/data/decoded2/需要获取数据与不需要获数据原文件/需要获取的图片正文数据/数码网报价单-0825更新/手机相关/360.jpg,1,0.995,visual_0825_vs_0831_pixel_crosscheck_and_header_structure
20260825-c718bf2d866c9928e0a7-01,2026-08-25,手机,device,360,,N5,,N5,不开机,50.0,元/台,,image_first_visual_crosscheck_high_similarity,360.jpg,/mnt/data/decoded2/需要获取数据与不需要获数据原文件/需要获取的图片正文数据/数码网报价单-0825更新/手机相关/360.jpg,1,0.995,visual_0825_vs_0831_pixel_crosscheck_and_header_structure
20260825-198bc8ad3021623ff3bb-01,2026-08-25,手机,device,360,,N5,,N5,废板-整机,50.0,元/台,,image_first_visual_crosscheck_high_similarity,360.jpg,/mnt/data/decoded2/需要获取数据与不需要获数据原文件/需要获取的图片正文数据/数码网报价单-0825更新/手机相关/360.jpg,1,0.995,visual_0825_vs_0831_pixel_crosscheck_and_header_structure
20260825-15532940d72e2e8227e6-01,2026-08-25,手机,device,360,,N4s,,N4s,开机屏好,50.0,元/台,,image_first_visual_crosscheck_high_similarity,360.jpg,/mnt/data/decoded2/需要获取数据与不需要获数据原文件/需要获取的图片正文数据/数码网报价单-0825更新/手机相关/360.jpg,1,0.995,visual_0825_vs_0831_pixel_crosscheck_and_header_structure
20260825-a716c46bf209f773e342-01,2026-08-25,手机,device,360,,N4s,,N4s,开机屏坏,50.0,元/台,,image_first_visual_crosscheck_high_similarity,360.jpg,/mnt/data/decoded2/需要获取数据与不需要获数据原文件/需要获取的图片正文数据/数码网报价单-0825更新/手机相关/360.jpg,1,0.995,visual_0825_vs_0831_pixel_crosscheck_and_header_structure
20260825-60acb92cfcbedd46e94c-01,2026-08-25,手机,device,360,,N4s,,N4s,不开机,50.0,元/台,,image_first_visual_crosscheck_high_similarity,360.jpg,/mnt/data/decoded2/需要获取数据与不需要获数据原文件/需要获取的图片正文数据/数码网报价单-0825更新/手机相关/360.jpg,1,0.995,visual_0825_vs_0831_pixel_crosscheck_and_header_structure
20260825-56bc008421b64a39149c-01,2026-08-25,手机,device,360,,N4s,,N4s,废板-整机,50.0,元/台,,image_first_visual_crosscheck_high_similarity,360.jpg,/mnt/data/decoded2/需要获取数据与不需要获数据原文件/需要获取的图片正文数据/数码网报价单-0825更新/手机相关/360.jpg,1,0.995,visual_0825_vs_0831_pixel_crosscheck_and_header_structure
20260825-bcf23366796853493e1f-01,2026-08-25,手机,device,360,,N4a,,N4a,开机屏好,50.0,元/台,,image_first_visual_crosscheck_high_similarity,360.jpg,/mnt/data/decoded2/需要获取数据与不需要获数据原文件/需要获取的图片正文数据/数码网报价单-0825更新/手机相关/360.jpg,1,0.995,visual_0825_vs_0831_pixel_crosscheck_and_header_structure
20260825-0bd06992be12a36d55c3-01,2026-08-25,手机,device,360,,N4a,,N4a,开机屏坏,50.0,元/台,,image_first_visual_crosscheck_high_similarity,360.jpg,/mnt/data/decoded2/需要获取数据与不需要获数据原文件/需要获取的图片正文数据/数码网报价单-0825更新/手机相关/360.jpg,1,0.995,visual_0825_vs_0831_pixel_crosscheck_and_header_structure
20260825-95e75be9da13ea1fa8f2-01,2026-08-25,手机,device,360,,N4a,,N4a,不开机,50.0,元/台,,image_first_visual_crosscheck_high_similarity,360.jpg,/mnt/data/decoded2/需要获取数据与不需要获数据原文件/需要获取的图片正文数据/数码网报价单-0825更新/手机相关/360.jpg,1,0.995,visual_0825_vs_0831_pixel_crosscheck_and_header_structure
20260825-95986cf35d8fdd9b806b-01,2026-08-25,手机,device,360,,N4a,,N4a,废板-整机,50.0,元/台,,image_first_visual_crosscheck_high_similarity,360.jpg,/mnt/data/decoded2/需要获取数据与不需要获数据原文件/需要获取的图片正文数据/数码网报价单-0825更新/手机相关/360.jpg,1,0.995,visual_0825_vs_0831_pixel_crosscheck_and_header_structure
20260825-ce5cd11fafe40f426505-01,2026-08-25,手机,device,360,,N4 pizza,,N4 pizza,开机屏好,50.0,元/台,,image_first_visual_crosscheck_high_similarity,360.jpg,/mnt/data/decoded2/需要获取数据与不需要获数据原文件/需要获取的图片正文数据/数码网报价单-0825更新/手机相关/360.jpg,1,0.995,visual_0825_vs_0831_pixel_crosscheck_and_header_structure
20260825-255c0554081265536ab4-01,2026-08-25,手机,device,360,,N4 pizza,,N4 pizza,开机屏坏,50.0,元/台,,image_first_visual_crosscheck_high_similarity,360.jpg,/mnt/data/decoded2/需要获取数据与不需要获数据原文件/需要获取的图片正文数据/数码网报价单-0825更新/手机相关/360.jpg,1,0.995,visual_0825_vs_0831_pixel_crosscheck_and_header_structure
20260825-955af0943ebd2608bf04-01,2026-08-25,手机,device,360,,N4 pizza,,N4 pizza,不开机,50.0,元/台,,image_first_visual_crosscheck_high_similarity,360.jpg,/mnt/data/decoded2/需要获取数据与不需要获数据原文件/需要获取的图片正文数据/数码网报价单-0825更新/手机相关/360.jpg,1,0.995,visual_0825_vs_0831_pixel_crosscheck_and_header_structure
20260825-ecc73ee61a5674291609-01,2026-08-25,手机,device,360,,N4 pizza,,N4 pizza,废板-整机,50.0,元/台,,image_first_visual_crosscheck_high_similarity,360.jpg,/mnt/data/decoded2/需要获取数据与不需要获数据原文件/需要获取的图片正文数据/数码网报价单-0825更新/手机相关/360.jpg,1,0.995,visual_0825_vs_0831_pixel_crosscheck_and_header_structure
20260825-23736ae0f623cd9cb1e0-01,2026-08-25,手机,device,360,,N4,,N4,开机屏好,50.0,元/台,,image_first_visual_crosscheck_high_similarity,360.jpg,/mnt/data/decoded2/需要获取数据与不需要获数据原文件/需要获取的图片正文数据/数码网报价单-0825更新/手机相关/360.jpg,1,0.995,visual_0825_vs_0831_pixel_crosscheck_and_header_structure
20260825-8c983e9d4cc0d3e6b960-01,2026-08-25,手机,device,360,,N4,,N4,开机屏坏,50.0,元/台,,image_first_visual_crosscheck_high_similarity,360.jpg,/mnt/data/decoded2/需要获取数据与不需要获数据原文件/需要获取的图片正文数据/数码网报价单-0825更新/手机相关/360.jpg,1,0.995,visual_0825_vs_0831_pixel_crosscheck_and_header_structure
20260825-70d309ad1a51ccf720b6-01,2026-08-25,手机,device,360,,N4,,N4,不开机,50.0,元/台,,image_first_visual_crosscheck_high_similarity,360.jpg,/mnt/data/decoded2/需要获取数据与不需要获数据原文件/需要获取的图片正文数据/数码网报价单-0825更新/手机相关/360.jpg,1,0.995,visual_0825_vs_0831_pixel_crosscheck_and_header_structure
20260825-0481955bc6f4ee5c9719-01,2026-08-25,手机,device,360,,N4,,N4,废板-整机,50.0,元/台,,image_first_visual_crosscheck_high_similarity,360.jpg,/mnt/data/decoded2/需要获取数据与不需要获数据原文件/需要获取的图片正文数据/数码网报价单-0825更新/手机相关/360.jpg,1,0.995,visual_0825_vs_0831_pixel_crosscheck_and_header_structure
20260825-8c3067cd92899fe901a3-01,2026-08-25,手机,device,360,,奇酷双相,,奇酷双相,开机屏好,20.0,元/台,,image_first_visual_crosscheck_high_similarity,360.jpg,/mnt/data/decoded2/需要获取数据与不需要获数据原文件/需要获取的图片正文数据/数码网报价单-0825更新/手机相关/360.jpg,1,0.995,visual_0825_vs_0831_pixel_crosscheck_and_header_structure
20260825-d25c937c8851a9d4caba-01,2026-08-25,手机,device,360,,奇酷双相,,奇酷双相,开机屏坏,20.0,元/台,,image_first_visual_crosscheck_high_similarity,360.jpg,/mnt/data/decoded2/需要获取数据与不需要获数据原文件/需要获取的图片正文数据/数码网报价单-0825更新/手机相关/360.jpg,1,0.995,visual_0825_vs_0831_pixel_crosscheck_and_header_structure
20260825-ade64bc77fd7f481cd4f-01,2026-08-25,手机,device,360,,奇酷双相,,奇酷双相,不开机,20.0,元/台,,image_first_visual_crosscheck_high_similarity,360.jpg,/mnt/data/decoded2/需要获取数据与不需要获数据原文件/需要获取的图片正文数据/数码网报价单-0825更新/手机相关/360.jpg,1,0.995,visual_0825_vs_0831_pixel_crosscheck_and_header_structure
20260825-7dec68c5646a72ee81d2-01,2026-08-25,手机,device,360,,奇酷双相,,奇酷双相,废板-整机,20.0,元/台,,image_first_visual_crosscheck_high_similarity,360.jpg,/mnt/data/decoded2/需要获取数据与不需要获数据原文件/需要获取的图片正文数据/数码网报价单-0825更新/手机相关/360.jpg,1,0.995,visual_0825_vs_0831_pixel_crosscheck_and_header_structure
20260825-2d2edb20b43195b7f594-01,2026-08-25,手机,device,360,,奇酷单相,,奇酷单相,开机屏好,20.0,元/台,,image_first_visual_crosscheck_high_similarity,360.jpg,/mnt/data/decoded2/需要获取数据与不需要获数据原文件/需要获取的图片正文数据/数码网报价单-0825更新/手机相关/360.jpg,1,0.995,visual_0825_vs_0831_pixel_crosscheck_and_header_structure
20260825-7c54eac136f951756b75-01,2026-08-25,手机,device,360,,奇酷单相,,奇酷单相,开机屏坏,20.0,元/台,,image_first_visual_crosscheck_high_similarity,360.jpg,/mnt/data/decoded2/需要获取数据与不需要获数据原文件/需要获取的图片正文数据/数码网报价单-0825更新/手机相关/360.jpg,1,0.995,visual_0825_vs_0831_pixel_crosscheck_and_header_structure
20260825-386f0943aa891c0211fb-01,2026-08-25,手机,device,360,,奇酷单相,,奇酷单相,不开机,20.0,元/台,,image_first_visual_crosscheck_high_similarity,360.jpg,/mnt/data/decoded2/需要获取数据与不需要获数据原文件/需要获取的图片正文数据/数码网报价单-0825更新/手机相关/360.jpg,1,0.995,visual_0825_vs_0831_pixel_crosscheck_and_header_structure
20260825-1944186a8909bf54ce6b-01,2026-08-25,手机,device,360,,奇酷单相,,奇酷单相,废板-整机,20.0,元/台,,image_first_visual_crosscheck_high_similarity,360.jpg,/mnt/data/decoded2/需要获取数据与不需要获数据原文件/需要获取的图片正文数据/数码网报价单-0825更新/手机相关/360.jpg,1,0.995,visual_0825_vs_0831_pixel_crosscheck_and_header_structure
20260825-57047d185c432fa6159d-01,2026-08-25,手机,device,360,,Q5,,Q5,开机屏好,35.0,元/台,,image_first_visual_crosscheck_high_similarity,360.jpg,/mnt/data/decoded2/需要获取数据与不需要获数据原文件/需要获取的图片正文数据/数码网报价单-0825更新/手机相关/360.jpg,1,0.995,visual_0825_vs_0831_pixel_crosscheck_and_header_structure
20260825-a152b258f8dde0623d77-01,2026-08-25,手机,device,360,,Q5,,Q5,开机屏坏,35.0,元/台,,image_first_visual_crosscheck_high_similarity,360.jpg,/mnt/data/decoded2/需要获取数据与不需要获数据原文件/需要获取的图片正文数据/数码网报价单-0825更新/手机相关/360.jpg,1,0.995,visual_0825_vs_0831_pixel_crosscheck_and_header_structure
20260825-5dd026906452125d89da-01,2026-08-25,手机,device,360,,Q5,,Q5,不开机,35.0,元/台,,image_first_visual_crosscheck_high_similarity,360.jpg,/mnt/data/decoded2/需要获取数据与不需要获数据原文件/需要获取的图片正文数据/数码网报价单-0825更新/手机相关/360.jpg,1,0.995,visual_0825_vs_0831_pixel_crosscheck_and_header_structure
20260825-97906ba9ab1cb5405bdf-01,2026-08-25,手机,device,360,,Q5,,Q5,废板-整机,35.0,元/台,,image_first_visual_crosscheck_high_similarity,360.jpg,/mnt/data/decoded2/需要获取数据与不需要获数据原文件/需要获取的图片正文数据/数码网报价单-0825更新/手机相关/360.jpg,1,0.995,visual_0825_vs_0831_pixel_crosscheck_and_header_structure
20260825-99f579cea53e69e95683-01,2026-08-25,手机,device,360,,F4,,F4,开机屏好,20.0,元/台,,image_first_visual_crosscheck_high_similarity,360.jpg,/mnt/data/decoded2/需要获取数据与不需要获数据原文件/需要获取的图片正文数据/数码网报价单-0825更新/手机相关/360.jpg,1,0.995,visual_0825_vs_0831_pixel_crosscheck_and_header_structure
20260825-02e867d289de6d739e9c-01,2026-08-25,手机,device,360,,F4,,F4,开机屏坏,20.0,元/台,,image_first_visual_crosscheck_high_similarity,360.jpg,/mnt/data/decoded2/需要获取数据与不需要获数据原文件/需要获取的图片正文数据/数码网报价单-0825更新/手机相关/360.jpg,1,0.995,visual_0825_vs_0831_pixel_crosscheck_and_header_structure
20260825-b73fdb5a20cbc866023b-01,2026-08-25,手机,device,360,,F4,,F4,不开机,20.0,元/台,,image_first_visual_crosscheck_high_similarity,360.jpg,/mnt/data/decoded2/需要获取数据与不需要获数据原文件/需要获取的图片正文数据/数码网报价单-0825更新/手机相关/360.jpg,1,0.995,visual_0825_vs_0831_pixel_crosscheck_and_header_structure
20260825-25462b1f4c2e6e685af1-01,2026-08-25,手机,device,360,,F4,,F4,废板-整机,20.0,元/台,,image_first_visual_crosscheck_high_similarity,360.jpg,/mnt/data/decoded2/需要获取数据与不需要获数据原文件/需要获取的图片正文数据/数码网报价单-0825更新/手机相关/360.jpg,1,0.995,visual_0825_vs_0831_pixel_crosscheck_and_header_structure
20260825-255d138a5e292522f1d2-01,2026-08-25,手机,device,TCL,,P590,,P590,开机屏好,10.0,元/台,,image_first_visual_crosscheck_high_similarity,TCL.jpg,/mnt/data/decoded2/需要获取数据与不需要获数据原文件/需要获取的图片正文数据/数码网报价单-0825更新/手机相关/TCL.jpg,1,0.995,visual_0825_vs_0831_pixel_crosscheck_and_header_structure
20260825-76a10558060d3ab8338e-01,2026-08-25,手机,device,TCL,,P590,,P590,开机屏坏,10.0,元/台,,image_first_visual_crosscheck_high_similarity,TCL.jpg,/mnt/data/decoded2/需要获取数据与不需要获数据原文件/需要获取的图片正文数据/数码网报价单-0825更新/手机相关/TCL.jpg,1,0.995,visual_0825_vs_0831_pixel_crosscheck_and_header_structure
20260825-49001d4d51197a36465d-01,2026-08-25,手机,device,TCL,,P590,,P590,不开机,10.0,元/台,,image_first_visual_crosscheck_high_similarity,TCL.jpg,/mnt/data/decoded2/需要获取数据与不需要获数据原文件/需要获取的图片正文数据/数码网报价单-0825更新/手机相关/TCL.jpg,1,0.995,visual_0825_vs_0831_pixel_crosscheck_and_header_structure
20260825-b11d2431e5d8841b21dd-01,2026-08-25,手机,device,TCL,,P590,,P590,废板-整机,10.0,元/台,,image_first_visual_crosscheck_high_similarity,TCL.jpg,/mnt/data/decoded2/需要获取数据与不需要获数据原文件/需要获取的图片正文数据/数码网报价单-0825更新/手机相关/TCL.jpg,1,0.995,visual_0825_vs_0831_pixel_crosscheck_and_header_structure
20260825-50c18d1088809b889cc0-01,2026-08-25,手机,device,TCL,,P586,,P586,开机屏好,10.0,元/台,,image_first_visual_crosscheck_high_similarity,TCL.jpg,/mnt/data/decoded2/需要获取数据与不需要获数据原文件/需要获取的图片正文数据/数码网报价单-0825更新/手机相关/TCL.jpg,1,0.995,visual_0825_vs_0831_pixel_crosscheck_and_header_structure
20260825-e2efee348a714ef30a06-01,2026-08-25,手机,device,TCL,,P586,,P586,开机屏坏,10.0,元/台,,image_first_visual_crosscheck_high_similarity,TCL.jpg,/mnt/data/decoded2/需要获取数据与不需要获数据原文件/需要获取的图片正文数据/数码网报价单-0825更新/手机相关/TCL.jpg,1,0.995,visual_0825_vs_0831_pixel_crosscheck_and_header_structure
20260825-a489dcd9981308d62d92-01,2026-08-25,手机,device,TCL,,P586,,P586,不开机,10.0,元/台,,image_first_visual_crosscheck_high_similarity,TCL.jpg,/mnt/data/decoded2/需要获取数据与不需要获数据原文件/需要获取的图片正文数据/数码网报价单-0825更新/手机相关/TCL.jpg,1,0.995,visual_0825_vs_0831_pixel_crosscheck_and_header_structure
20260825-915d5e5e09bd53a6d272-01,2026-08-25,手机,device,TCL,,P586,,P586,废板-整机,10.0,元/台,,image_first_visual_crosscheck_high_similarity,TCL.jpg,/mnt/data/decoded2/需要获取数据与不需要获数据原文件/需要获取的图片正文数据/数码网报价单-0825更新/手机相关/TCL.jpg,1,0.995,visual_0825_vs_0831_pixel_crosscheck_and_header_structure
20260825-03d693a2f471c01b3009-01,2026-08-25,手机,device,TCL,,P318,,P318,开机屏好,10.0,元/台,,image_first_visual_crosscheck_high_similarity,TCL.jpg,/mnt/data/decoded2/需要获取数据与不需要获数据原文件/需要获取的图片正文数据/数码网报价单-0825更新/手机相关/TCL.jpg,1,0.995,visual_0825_vs_0831_pixel_crosscheck_and_header_structure
20260825-01f331319d7e7c80d953-01,2026-08-25,手机,device,TCL,,P318,,P318,开机屏坏,10.0,元/台,,image_first_visual_crosscheck_high_similarity,TCL.jpg,/mnt/data/decoded2/需要获取数据与不需要获数据原文件/需要获取的图片正文数据/数码网报价单-0825更新/手机相关/TCL.jpg,1,0.995,visual_0825_vs_0831_pixel_crosscheck_and_header_structure
20260825-f02763d34e3ae80165b8-01,2026-08-25,手机,device,TCL,,P318,,P318,不开机,10.0,元/台,,image_first_visual_crosscheck_high_similarity,TCL.jpg,/mnt/data/decoded2/需要获取数据与不需要获数据原文件/需要获取的图片正文数据/数码网报价单-0825更新/手机相关/TCL.jpg,1,0.995,visual_0825_vs_0831_pixel_crosscheck_and_header_structure
20260825-9ddbb6e3da6a1fae72f0-01,2026-08-25,手机,device,TCL,,P318,,P318,废板-整机,10.0,元/台,,image_first_visual_crosscheck_high_similarity,TCL.jpg,/mnt/data/decoded2/需要获取数据与不需要获数据原文件/需要获取的图片正文数据/数码网报价单-0825更新/手机相关/TCL.jpg,1,0.995,visual_0825_vs_0831_pixel_crosscheck_and_header_structure
20260825-9633b5e1ca58a403983d-01,2026-08-25,手机,device,TCL,,P308,,P308,开机屏好,10.0,元/台,,image_first_visual_crosscheck_high_similarity,TCL.jpg,/mnt/data/decoded2/需要获取数据与不需要获数据原文件/需要获取的图片正文数据/数码网报价单-0825更新/手机相关/TCL.jpg,1,0.995,visual_0825_vs_0831_pixel_crosscheck_and_header_structure
20260825-b00d41e6898272f3e732-01,2026-08-25,手机,device,TCL,,P308,,P308,开机屏坏,10.0,元/台,,image_first_visual_crosscheck_high_similarity,TCL.jpg,/mnt/data/decoded2/需要获取数据与不需要获数据原文件/需要获取的图片正文数据/数码网报价单-0825更新/手机相关/TCL.jpg,1,0.995,visual_0825_vs_0831_pixel_crosscheck_and_header_structure
20260825-92da05b5167a870698a4-01,2026-08-25,手机,device,TCL,,P308,,P308,不开机,10.0,元/台,,image_first_visual_crosscheck_high_similarity,TCL.jpg,/mnt/data/decoded2/需要获取数据与不需要获数据原文件/需要获取的图片正文数据/数码网报价单-0825更新/手机相关/TCL.jpg,1,0.995,visual_0825_vs_0831_pixel_crosscheck_and_header_structure
20260825-42c037b5365c07adbcae-01,2026-08-25,手机,device,TCL,,P308,,P308,废板-整机,10.0,元/台,,image_first_visual_crosscheck_high_similarity,TCL.jpg,/mnt/data/decoded2/需要获取数据与不需要获数据原文件/需要获取的图片正文数据/数码网报价单-0825更新/手机相关/TCL.jpg,1,0.995,visual_0825_vs_0831_pixel_crosscheck_and_header_structure
20260825-23108ef7795e3634fa84-01,2026-08-25,手机,device,TCL,,P307,,P307,开机屏好,10.0,元/台,,image_first_visual_crosscheck_high_similarity,TCL.jpg,/mnt/data/decoded2/需要获取数据与不需要获数据原文件/需要获取的图片正文数据/数码网报价单-0825更新/手机相关/TCL.jpg,1,0.995,visual_0825_vs_0831_pixel_crosscheck_and_header_structure
20260825-3c6a150a8b003aecdb55-01,2026-08-25,手机,device,TCL,,P307,,P307,开机屏坏,10.0,元/台,,image_first_visual_crosscheck_high_similarity,TCL.jpg,/mnt/data/decoded2/需要获取数据与不需要获数据原文件/需要获取的图片正文数据/数码网报价单-0825更新/手机相关/TCL.jpg,1,0.995,visual_0825_vs_0831_pixel_crosscheck_and_header_structure
20260825-5c200b030158ada8d58b-01,2026-08-25,手机,device,TCL,,P307,,P307,不开机,10.0,元/台,,image_first_visual_crosscheck_high_similarity,TCL.jpg,/mnt/data/decoded2/需要获取数据与不需要获数据原文件/需要获取的图片正文数据/数码网报价单-0825更新/手机相关/TCL.jpg,1,0.995,visual_0825_vs_0831_pixel_crosscheck_and_header_structure
20260825-e5c391cb44afb7671cfb-01,2026-08-25,手机,device,TCL,,P307,,P307,废板-整机,10.0,元/台,,image_first_visual_crosscheck_high_similarity,TCL.jpg,/mnt/data/decoded2/需要获取数据与不需要获数据原文件/需要获取的图片正文数据/数码网报价单-0825更新/手机相关/TCL.jpg,1,0.995,visual_0825_vs_0831_pixel_crosscheck_and_header_structure
20260825-83d56e52c910a55465ed-01,2026-08-25,手机,device,TCL,,P588,,P588,开机屏好,10.0,元/台,,image_first_visual_crosscheck_high_similarity,TCL.jpg,/mnt/data/decoded2/需要获取数据与不需要获数据原文件/需要获取的图片正文数据/数码网报价单-0825更新/手机相关/TCL.jpg,1,0.995,visual_0825_vs_0831_pixel_crosscheck_and_header_structure
20260825-f6dd36193e937838dafa-01,2026-08-25,手机,device,TCL,,P588,,P588,开机屏坏,10.0,元/台,,image_first_visual_crosscheck_high_similarity,TCL.jpg,/mnt/data/decoded2/需要获取数据与不需要获数据原文件/需要获取的图片正文数据/数码网报价单-0825更新/手机相关/TCL.jpg,1,0.995,visual_0825_vs_0831_pixel_crosscheck_and_header_structure
20260825-fd6c6ea63fcd4de3d669-01,2026-08-25,手机,device,TCL,,P588,,P588,不开机,10.0,元/台,,image_first_visual_crosscheck_high_similarity,TCL.jpg,/mnt/data/decoded2/需要获取数据与不需要获数据原文件/需要获取的图片正文数据/数码网报价单-0825更新/手机相关/TCL.jpg,1,0.995,visual_0825_vs_0831_pixel_crosscheck_and_header_structure
20260825-b724bb55dc4dfb7c0e17-01,2026-08-25,手机,device,TCL,,P588,,P588,废板-整机,10.0,元/台,,image_first_visual_crosscheck_high_similarity,TCL.jpg,/mnt/data/decoded2/需要获取数据与不需要获数据原文件/需要获取的图片正文数据/数码网报价单-0825更新/手机相关/TCL.jpg,1,0.995,visual_0825_vs_0831_pixel_crosscheck_and_header_structure
20260825-e640848bc5bc54e989bf-01,2026-08-25,手机,device,TCL,,p502,,p502,开机屏好,10.0,元/台,,image_first_visual_crosscheck_high_similarity,TCL.jpg,/mnt/data/decoded2/需要获取数据与不需要获数据原文件/需要获取的图片正文数据/数码网报价单-0825更新/手机相关/TCL.jpg,1,0.995,visual_0825_vs_0831_pixel_crosscheck_and_header_structure
20260825-6c79abb7aa89d7b78ec6-01,2026-08-25,手机,device,TCL,,p502,,p502,开机屏坏,10.0,元/台,,image_first_visual_crosscheck_high_similarity,TCL.jpg,/mnt/data/decoded2/需要获取数据与不需要获数据原文件/需要获取的图片正文数据/数码网报价单-0825更新/手机相关/TCL.jpg,1,0.995,visual_0825_vs_0831_pixel_crosscheck_and_header_structure
20260825-2de4781a220a5def183c-01,2026-08-25,手机,device,TCL,,p502,,p502,不开机,10.0,元/台,,image_first_visual_crosscheck_high_similarity,TCL.jpg,/mnt/data/decoded2/需要获取数据与不需要获数据原文件/需要获取的图片正文数据/数码网报价单-0825更新/手机相关/TCL.jpg,1,0.995,visual_0825_vs_0831_pixel_crosscheck_and_header_structure
20260825-3d8561153f87d99164fe-01,2026-08-25,手机,device,TCL,,p502,,p502,废板-整机,10.0,元/台,,image_first_visual_crosscheck_high_similarity,TCL.jpg,/mnt/data/decoded2/需要获取数据与不需要获数据原文件/需要获取的图片正文数据/数码网报价单-0825更新/手机相关/TCL.jpg,1,0.995,visual_0825_vs_0831_pixel_crosscheck_and_header_structure
20260825-633b824907593c9b9843-01,2026-08-25,手机,device,TCL,,P316,,P316,开机屏好,10.0,元/台,,image_first_visual_crosscheck_high_similarity,TCL.jpg,/mnt/data/decoded2/需要获取数据与不需要获数据原文件/需要获取的图片正文数据/数码网报价单-0825更新/手机相关/TCL.jpg,1,0.995,visual_0825_vs_0831_pixel_crosscheck_and_header_structure
20260825-a42f09c1c1af08f32642-01,2026-08-25,手机,device,TCL,,P316,,P316,开机屏坏,10.0,元/台,,image_first_visual_crosscheck_high_similarity,TCL.jpg,/mnt/data/decoded2/需要获取数据与不需要获数据原文件/需要获取的图片正文数据/数码网报价单-0825更新/手机相关/TCL.jpg,1,0.995,visual_0825_vs_0831_pixel_crosscheck_and_header_structure
20260825-d7e72f31267b38ca4fb2-01,2026-08-25,手机,device,TCL,,P316,,P316,不开机,10.0,元/台,,image_first_visual_crosscheck_high_similarity,TCL.jpg,/mnt/data/decoded2/需要获取数据与不需要获数据原文件/需要获取的图片正文数据/数码网报价单-0825更新/手机相关/TCL.jpg,1,0.995,visual_0825_vs_0831_pixel_crosscheck_and_header_structure
20260825-a625b56135b103cd0690-01,2026-08-25,手机,device,TCL,,P316,,P316,废板-整机,10.0,元/台,,image_first_visual_crosscheck_high_similarity,TCL.jpg,/mnt/data/decoded2/需要获取数据与不需要获数据原文件/需要获取的图片正文数据/数码网报价单-0825更新/手机相关/TCL.jpg,1,0.995,visual_0825_vs_0831_pixel_crosscheck_and_header_structure
20260825-906df7023adeb508955d-01,2026-08-25,手机,device,TCL,,P302,,P302,开机屏好,10.0,元/台,,image_first_visual_crosscheck_high_similarity,TCL.jpg,/mnt/data/decoded2/需要获取数据与不需要获数据原文件/需要获取的图片正文数据/数码网报价单-0825更新/手机相关/TCL.jpg,1,0.995,visual_0825_vs_0831_pixel_crosscheck_and_header_structure
20260825-8a135ee092f569af360b-01,2026-08-25,手机,device,TCL,,P302,,P302,开机屏坏,10.0,元/台,,image_first_visual_crosscheck_high_similarity,TCL.jpg,/mnt/data/decoded2/需要获取数据与不需要获数据原文件/需要获取的图片正文数据/数码网报价单-0825更新/手机相关/TCL.jpg,1,0.995,visual_0825_vs_0831_pixel_crosscheck_and_header_structure
20260825-ee61594116b5c1331348-01,2026-08-25,手机,device,TCL,,P302,,P302,不开机,10.0,元/台,,image_first_visual_crosscheck_high_similarity,TCL.jpg,/mnt/data/decoded2/需要获取数据与不需要获数据原文件/需要获取的图片正文数据/数码网报价单-0825更新/手机相关/TCL.jpg,1,0.995,visual_0825_vs_0831_pixel_crosscheck_and_header_structure
20260825-cd1bbd75b7f2a2f9284e-01,2026-08-25,手机,device,TCL,,P302,,P302,废板-整机,10.0,元/台,,image_first_visual_crosscheck_high_similarity,TCL.jpg,/mnt/data/decoded2/需要获取数据与不需要获数据原文件/需要获取的图片正文数据/数码网报价单-0825更新/手机相关/TCL.jpg,1,0.995,visual_0825_vs_0831_pixel_crosscheck_and_header_structure
20260825-9a5af520232e58e4f9ff-01,2026-08-25,手机,device,TCL,,P520,,P520,开机屏好,10.0,元/台,,image_first_visual_crosscheck_high_similarity,TCL.jpg,/mnt/data/decoded2/需要获取数据与不需要获数据原文件/需要获取的图片正文数据/数码网报价单-0825更新/手机相关/TCL.jpg,1,0.995,visual_0825_vs_0831_pixel_crosscheck_and_header_structure
20260825-ed0ff91e1aad2b61da79-01,2026-08-25,手机,device,TCL,,P520,,P520,开机屏坏,10.0,元/台,,image_first_visual_crosscheck_high_similarity,TCL.jpg,/mnt/data/decoded2/需要获取数据与不需要获数据原文件/需要获取的图片正文数据/数码网报价单-0825更新/手机相关/TCL.jpg,1,0.995,visual_0825_vs_0831_pixel_crosscheck_and_header_structure
20260825-a14369d81a0168d9fa2d-01,2026-08-25,手机,device,TCL,,P520,,P520,不开机,10.0,元/台,,image_first_visual_crosscheck_high_similarity,TCL.jpg,/mnt/data/decoded2/需要获取数据与不需要获数据原文件/需要获取的图片正文数据/数码网报价单-0825更新/手机相关/TCL.jpg,1,0.995,visual_0825_vs_0831_pixel_crosscheck_and_header_structure
20260825-5e6229d2419e84f9e66d-01,2026-08-25,手机,device,TCL,,P520,,P520,废板-整机,10.0,元/台,,image_first_visual_crosscheck_high_similarity,TCL.jpg,/mnt/data/decoded2/需要获取数据与不需要获数据原文件/需要获取的图片正文数据/数码网报价单-0825更新/手机相关/TCL.jpg,1,0.995,visual_0825_vs_0831_pixel_crosscheck_and_header_structure
20260825-a3320580d596afa0b1c7-01,2026-08-25,手机,device,TCL,,P518,,P518,开机屏好,10.0,元/台,,image_first_visual_crosscheck_high_similarity,TCL.jpg,/mnt/data/decoded2/需要获取数据与不需要获数据原文件/需要获取的图片正文数据/数码网报价单-0825更新/手机相关/TCL.jpg,1,0.995,visual_0825_vs_0831_pixel_crosscheck_and_header_structure
20260825-b27504eb1fbc8cf5660c-01,2026-08-25,手机,device,TCL,,P518,,P518,开机屏坏,10.0,元/台,,image_first_visual_crosscheck_high_similarity,TCL.jpg,/mnt/data/decoded2/需要获取数据与不需要获数据原文件/需要获取的图片正文数据/数码网报价单-0825更新/手机相关/TCL.jpg,1,0.995,visual_0825_vs_0831_pixel_crosscheck_and_header_structure
20260825-ac20150f6aa3b8508087-01,2026-08-25,手机,device,TCL,,P518,,P518,不开机,10.0,元/台,,image_first_visual_crosscheck_high_similarity,TCL.jpg,/mnt/data/decoded2/需要获取数据与不需要获数据原文件/需要获取的图片正文数据/数码网报价单-0825更新/手机相关/TCL.jpg,1,0.995,visual_0825_vs_0831_pixel_crosscheck_and_header_structure
20260825-d5238c8623b720f5201a-01,2026-08-25,手机,device,TCL,,P518,,P518,废板-整机,10.0,元/台,,image_first_visual_crosscheck_high_similarity,TCL.jpg,/mnt/data/decoded2/需要获取数据与不需要获数据原文件/需要获取的图片正文数据/数码网报价单-0825更新/手机相关/TCL.jpg,1,0.995,visual_0825_vs_0831_pixel_crosscheck_and_header_structure
20260825-6fa6aa96ace8d5fb49e8-01,2026-08-25,手机,device,TCL,,p501,,p501,开机屏好,10.0,元/台,,image_first_visual_crosscheck_high_similarity,TCL.jpg,/mnt/data/decoded2/需要获取数据与不需要获数据原文件/需要获取的图片正文数据/数码网报价单-0825更新/手机相关/TCL.jpg,1,0.995,visual_0825_vs_0831_pixel_crosscheck_and_header_structure
20260825-275092b2c20cecd2ff31-01,2026-08-25,手机,device,TCL,,p501,,p501,开机屏坏,10.0,元/台,,image_first_visual_crosscheck_high_similarity,TCL.jpg,/mnt/data/decoded2/需要获取数据与不需要获数据原文件/需要获取的图片正文数据/数码网报价单-0825更新/手机相关/TCL.jpg,1,0.995,visual_0825_vs_0831_pixel_crosscheck_and_header_structure
20260825-6c1dc93ebb8ec0ba5837-01,2026-08-25,手机,device,TCL,,p501,,p501,不开机,10.0,元/台,,image_first_visual_crosscheck_high_similarity,TCL.jpg,/mnt/data/decoded2/需要获取数据与不需要获数据原文件/需要获取的图片正文数据/数码网报价单-0825更新/手机相关/TCL.jpg,1,0.995,visual_0825_vs_0831_pixel_crosscheck_and_header_structure
20260825-2851f3fe4d9d2dca3a3a-01,2026-08-25,手机,device,TCL,,p501,,p501,废板-整机,10.0,元/台,,image_first_visual_crosscheck_high_similarity,TCL.jpg,/mnt/data/decoded2/需要获取数据与不需要获数据原文件/需要获取的图片正文数据/数码网报价单-0825更新/手机相关/TCL.jpg,1,0.995,visual_0825_vs_0831_pixel_crosscheck_and_header_structure
20260825-e1712ac60863788122f0-01,2026-08-25,手机,device,TCL,,P500,,P500,开机屏好,10.0,元/台,,image_first_visual_crosscheck_high_similarity,TCL.jpg,/mnt/data/decoded2/需要获取数据与不需要获数据原文件/需要获取的图片正文数据/数码网报价单-0825更新/手机相关/TCL.jpg,1,0.995,visual_0825_vs_0831_pixel_crosscheck_and_header_structure
20260825-50e1bbbe0e0c08ee1930-01,2026-08-25,手机,device,TCL,,P500,,P500,开机屏坏,10.0,元/台,,image_first_visual_crosscheck_high_similarity,TCL.jpg,/mnt/data/decoded2/需要获取数据与不需要获数据原文件/需要获取的图片正文数据/数码网报价单-0825更新/手机相关/TCL.jpg,1,0.995,visual_0825_vs_0831_pixel_crosscheck_and_header_structure
20260825-3d63ae62f012b0521f53-01,2026-08-25,手机,device,TCL,,P500,,P500,不开机,10.0,元/台,,image_first_visual_crosscheck_high_similarity,TCL.jpg,/mnt/data/decoded2/需要获取数据与不需要获数据原文件/需要获取的图片正文数据/数码网报价单-0825更新/手机相关/TCL.jpg,1,0.995,visual_0825_vs_0831_pixel_crosscheck_and_header_structure
20260825-30ef102eed2e8ea9872d-01,2026-08-25,手机,device,TCL,,P500,,P500,废板-整机,10.0,元/台,,image_first_visual_crosscheck_high_similarity,TCL.jpg,/mnt/data/decoded2/需要获取数据与不需要获数据原文件/需要获取的图片正文数据/数码网报价单-0825更新/手机相关/TCL.jpg,1,0.995,visual_0825_vs_0831_pixel_crosscheck_and_header_structure
20260825-e93ad14f8623b84767e9-01,2026-08-25,手机,device,TCL,,TCL999d,,TCL999d,viewpoint_count,999.0,元/台,,image_first_visual_crosscheck_high_similarity,TCL.jpg,/mnt/data/decoded2/需要获取数据与不需要获数据原文件/需要获取的图片正文数据/数码网报价单-0825更新/手机相关/TCL.jpg,1,0.995,visual_0825_vs_0831_pixel_crosscheck_and_header_structure
20260825-09d0cf316b2e56f9adcf-01,2026-08-25,手机,device,TCL,,M3G,,M3G,point_count,12.0,元/台,,image_first_visual_crosscheck_high_similarity,TCL.jpg,/mnt/data/decoded2/需要获取数据与不需要获数据原文件/需要获取的图片正文数据/数码网报价单-0825更新/手机相关/TCL.jpg,1,0.995,visual_0825_vs_0831_pixel_crosscheck_and_header_structure
20260825-4f6a0391fa04de3968cf-01,2026-08-25,手机,component,其它手机拆解配件,,废手机主板（正常货）,,废手机主板（正常货）,标准,260.0,CNY/kg,,image_first_visual_crosscheck_high_similarity,手机拆机件.jpg,/mnt/data/decoded2/需要获取数据与不需要获数据原文件/需要获取的图片正文数据/数码网报价单-0825更新/手机相关/手机拆机件.jpg,1,0.995,visual_0825_vs_0831_pixel_crosscheck_and_header_structure
20260825-0b5f5277806813cef72c-01,2026-08-25,手机,component,其它手机拆解配件,,品牌智能机像头,,品牌智能机像头,标准,450.0,CNY/kg,,image_first_visual_crosscheck_high_similarity,手机拆机件.jpg,/mnt/data/decoded2/需要获取数据与不需要获数据原文件/需要获取的图片正文数据/数码网报价单-0825更新/手机相关/手机拆机件.jpg,1,0.995,visual_0825_vs_0831_pixel_crosscheck_and_header_structure
20260825-0b4b1cdb655b320f7939-01,2026-08-25,手机,component,其它手机拆解配件,,杂牌智能机像头,,杂牌智能机像头,标准,500.0,CNY/kg,,image_first_visual_crosscheck_high_similarity,手机拆机件.jpg,/mnt/data/decoded2/需要获取数据与不需要获数据原文件/需要获取的图片正文数据/数码网报价单-0825更新/手机相关/手机拆机件.jpg,1,0.995,visual_0825_vs_0831_pixel_crosscheck_and_header_structure
20260825-a5bab5bdeeeb89de1205-01,2026-08-25,手机,component,其它手机拆解配件,,功能机像头,,功能机像头,标准,500.0,CNY/kg,,image_first_visual_crosscheck_high_similarity,手机拆机件.jpg,/mnt/data/decoded2/需要获取数据与不需要获数据原文件/需要获取的图片正文数据/数码网报价单-0825更新/手机相关/手机拆机件.jpg,1,0.995,visual_0825_vs_0831_pixel_crosscheck_and_header_structure
20260825-eede3806125483cff8ce-01,2026-08-25,手机,component,其它手机拆解配件,,智能机小板,,智能机小板,标准,150.0,CNY/kg,,image_first_visual_crosscheck_high_similarity,手机拆机件.jpg,/mnt/data/decoded2/需要获取数据与不需要获数据原文件/需要获取的图片正文数据/数码网报价单-0825更新/手机相关/手机拆机件.jpg,1,0.995,visual_0825_vs_0831_pixel_crosscheck_and_header_structure
20260825-adc31a1e6184a3e4e12b-01,2026-08-25,手机,component,其它手机拆解配件,,智能机排线,,智能机排线,标准,150.0,CNY/kg,,image_first_visual_crosscheck_high_similarity,手机拆机件.jpg,/mnt/data/decoded2/需要获取数据与不需要获数据原文件/需要获取的图片正文数据/数码网报价单-0825更新/手机相关/手机拆机件.jpg,1,0.995,visual_0825_vs_0831_pixel_crosscheck_and_header_structure
20260825-1846fb7f45a41ac11ae8-01,2026-08-25,手机,component,其它手机拆解配件,,功能机排线,,功能机排线,标准,100.0,CNY/kg,,image_first_visual_crosscheck_high_similarity,手机拆机件.jpg,/mnt/data/decoded2/需要获取数据与不需要获数据原文件/需要获取的图片正文数据/数码网报价单-0825更新/手机相关/手机拆机件.jpg,1,0.995,visual_0825_vs_0831_pixel_crosscheck_and_header_structure
20260825-ed2ddc644406b529c517-01,2026-08-25,手机,component,其它手机拆解配件,,功能机小板,,功能机小板,标准,100.0,CNY/kg,,image_first_visual_crosscheck_high_similarity,手机拆机件.jpg,/mnt/data/decoded2/需要获取数据与不需要获数据原文件/需要获取的图片正文数据/数码网报价单-0825更新/手机相关/手机拆机件.jpg,1,0.995,visual_0825_vs_0831_pixel_crosscheck_and_header_structure
20260825-ef6de026c6d23188b196-01,2026-08-25,手机,component,其它手机拆解配件,,扁圆形震动,,扁圆形震动,标准,90.0,CNY/kg,,image_first_visual_crosscheck_high_similarity,手机拆机件.jpg,/mnt/data/decoded2/需要获取数据与不需要获数据原文件/需要获取的图片正文数据/数码网报价单-0825更新/手机相关/手机拆机件.jpg,1,0.995,visual_0825_vs_0831_pixel_crosscheck_and_header_structure
20260825-0324d477c3e0929e7114-01,2026-08-25,手机,component,其它手机拆解配件,,圆柱形震动,,圆柱形震动,标准,90.0,CNY/kg,,image_first_visual_crosscheck_high_similarity,手机拆机件.jpg,/mnt/data/decoded2/需要获取数据与不需要获数据原文件/需要获取的图片正文数据/数码网报价单-0825更新/手机相关/手机拆机件.jpg,1,0.995,visual_0825_vs_0831_pixel_crosscheck_and_header_structure
20260825-326b1126f630ef5e64c8-01,2026-08-25,手机,component,其它手机拆解配件,,报废手机屏幕,,报废手机屏幕,标准,8.0,CNY/kg,,image_first_visual_crosscheck_high_similarity,手机拆机件.jpg,/mnt/data/decoded2/需要获取数据与不需要获数据原文件/需要获取的图片正文数据/数码网报价单-0825更新/手机相关/手机拆机件.jpg,1,0.995,visual_0825_vs_0831_pixel_crosscheck_and_header_structure
20260825-ede57f454d71745b48ad-01,2026-08-25,手机,component,其它手机拆解配件,,塑料手机壳,,塑料手机壳,标准,0.5,CNY/kg,,image_first_visual_crosscheck_high_similarity,手机拆机件.jpg,/mnt/data/decoded2/需要获取数据与不需要获数据原文件/需要获取的图片正文数据/数码网报价单-0825更新/手机相关/手机拆机件.jpg,1,0.995,visual_0825_vs_0831_pixel_crosscheck_and_header_structure
20260825-b090c7b65cb25440c27d-01,2026-08-25,手机,component,其它手机拆解配件,,铁，钢手机壳,,铁，钢手机壳,标准,5.0,CNY/kg,,image_first_visual_crosscheck_high_similarity,手机拆机件.jpg,/mnt/data/decoded2/需要获取数据与不需要获数据原文件/需要获取的图片正文数据/数码网报价单-0825更新/手机相关/手机拆机件.jpg,1,0.995,visual_0825_vs_0831_pixel_crosscheck_and_header_structure
20260825-2f150eea0944b182b104-01,2026-08-25,手机,device,中国移动,,W1,,,开机屏好,35.0,元/台,,image_first_visual_crosscheck_high_similarity,中国移动.jpg,/mnt/data/decoded2/需要获取数据与不需要获数据原文件/需要获取的图片正文数据/数码网报价单-0825更新/手机相关/中国移动.jpg,1,0.995,visual_0825_vs_0831_pixel_crosscheck_and_header_structure
20260825-737ba5999365ede94e36-01,2026-08-25,手机,device,中国移动,,W1,,,开机屏坏,35.0,元/台,,image_first_visual_crosscheck_high_similarity,中国移动.jpg,/mnt/data/decoded2/需要获取数据与不需要获数据原文件/需要获取的图片正文数据/数码网报价单-0825更新/手机相关/中国移动.jpg,1,0.995,visual_0825_vs_0831_pixel_crosscheck_and_header_structure
20260825-c1064d4aaf8eb9c8eb5e-01,2026-08-25,手机,device,中国移动,,W1,,,不开机,35.0,元/台,,image_first_visual_crosscheck_high_similarity,中国移动.jpg,/mnt/data/decoded2/需要获取数据与不需要获数据原文件/需要获取的图片正文数据/数码网报价单-0825更新/手机相关/中国移动.jpg,1,0.995,visual_0825_vs_0831_pixel_crosscheck_and_header_structure
20260825-246ba65585ab96b07ce5-01,2026-08-25,手机,device,中国移动,,W1,,,废板-整机,35.0,元/台,,image_first_visual_crosscheck_high_similarity,中国移动.jpg,/mnt/data/decoded2/需要获取数据与不需要获数据原文件/需要获取的图片正文数据/数码网报价单-0825更新/手机相关/中国移动.jpg,1,0.995,visual_0825_vs_0831_pixel_crosscheck_and_header_structure
20260825-4c7ecb8f6bb02e71d482-01,2026-08-25,手机,device,中国移动,,先行者X1,,,开机屏好,100.0,元/台,,image_first_visual_crosscheck_high_similarity,中国移动.jpg,/mnt/data/decoded2/需要获取数据与不需要获数据原文件/需要获取的图片正文数据/数码网报价单-0825更新/手机相关/中国移动.jpg,1,0.995,visual_0825_vs_0831_pixel_crosscheck_and_header_structure
20260825-32d6d54abfbea0b425f8-01,2026-08-25,手机,device,中国移动,,先行者X1,,,开机屏坏,50.0,元/台,,image_first_visual_crosscheck_high_similarity,中国移动.jpg,/mnt/data/decoded2/需要获取数据与不需要获数据原文件/需要获取的图片正文数据/数码网报价单-0825更新/手机相关/中国移动.jpg,1,0.995,visual_0825_vs_0831_pixel_crosscheck_and_header_structure
20260825-df7bf1e9682ed4212bbc-01,2026-08-25,手机,device,中国移动,,先行者X1,,,不开机,50.0,元/台,,image_first_visual_crosscheck_high_similarity,中国移动.jpg,/mnt/data/decoded2/需要获取数据与不需要获数据原文件/需要获取的图片正文数据/数码网报价单-0825更新/手机相关/中国移动.jpg,1,0.995,visual_0825_vs_0831_pixel_crosscheck_and_header_structure
20260825-7f3100b4800f9ade7b32-01,2026-08-25,手机,device,中国移动,,先行者X1,,,废板-整机,50.0,元/台,,image_first_visual_crosscheck_high_similarity,中国移动.jpg,/mnt/data/decoded2/需要获取数据与不需要获数据原文件/需要获取的图片正文数据/数码网报价单-0825更新/手机相关/中国移动.jpg,1,0.995,visual_0825_vs_0831_pixel_crosscheck_and_header_structure
20260825-845de3c7e1013e8d30f5-01,2026-08-25,手机,device,中国移动,,N5pro,,,开机屏好,120.0,元/台,,image_first_visual_crosscheck_high_similarity,中国移动.jpg,/mnt/data/decoded2/需要获取数据与不需要获数据原文件/需要获取的图片正文数据/数码网报价单-0825更新/手机相关/中国移动.jpg,1,0.995,visual_0825_vs_0831_pixel_crosscheck_and_header_structure
20260825-bbe60a57d570ddfb065a-01,2026-08-25,手机,device,中国移动,,N5pro,,,开机屏坏,120.0,元/台,,image_first_visual_crosscheck_high_similarity,中国移动.jpg,/mnt/data/decoded2/需要获取数据与不需要获数据原文件/需要获取的图片正文数据/数码网报价单-0825更新/手机相关/中国移动.jpg,1,0.995,visual_0825_vs_0831_pixel_crosscheck_and_header_structure
20260825-5dd35513020e70038a34-01,2026-08-25,手机,device,中国移动,,N5pro,,,不开机,120.0,元/台,,image_first_visual_crosscheck_high_similarity,中国移动.jpg,/mnt/data/decoded2/需要获取数据与不需要获数据原文件/需要获取的图片正文数据/数码网报价单-0825更新/手机相关/中国移动.jpg,1,0.995,visual_0825_vs_0831_pixel_crosscheck_and_header_structure
20260825-74e5a5ce4c5ac6cba850-01,2026-08-25,手机,device,中国移动,,N5pro,,,废板-整机,120.0,元/台,,image_first_visual_crosscheck_high_similarity,中国移动.jpg,/mnt/data/decoded2/需要获取数据与不需要获数据原文件/需要获取的图片正文数据/数码网报价单-0825更新/手机相关/中国移动.jpg,1,0.995,visual_0825_vs_0831_pixel_crosscheck_and_header_structure
20260825-88e4db67e6d5b8cc59af-01,2026-08-25,手机,device,中国移动,,M821,,,开机屏好,20.0,元/台,,image_first_visual_crosscheck_high_similarity,中国移动.jpg,/mnt/data/decoded2/需要获取数据与不需要获数据原文件/需要获取的图片正文数据/数码网报价单-0825更新/手机相关/中国移动.jpg,1,0.995,visual_0825_vs_0831_pixel_crosscheck_and_header_structure
20260825-c758e5bd0486b37b87af-01,2026-08-25,手机,device,中国移动,,M821,,,开机屏坏,20.0,元/台,,image_first_visual_crosscheck_high_similarity,中国移动.jpg,/mnt/data/decoded2/需要获取数据与不需要获数据原文件/需要获取的图片正文数据/数码网报价单-0825更新/手机相关/中国移动.jpg,1,0.995,visual_0825_vs_0831_pixel_crosscheck_and_header_structure
20260825-c56815ec6172ced27dd4-01,2026-08-25,手机,device,中国移动,,M821,,,不开机,20.0,元/台,,image_first_visual_crosscheck_high_similarity,中国移动.jpg,/mnt/data/decoded2/需要获取数据与不需要获数据原文件/需要获取的图片正文数据/数码网报价单-0825更新/手机相关/中国移动.jpg,1,0.995,visual_0825_vs_0831_pixel_crosscheck_and_header_structure
20260825-78ad7db5db9b993a3abb-01,2026-08-25,手机,device,中国移动,,M821,,,废板-整机,20.0,元/台,,image_first_visual_crosscheck_high_similarity,中国移动.jpg,/mnt/data/decoded2/需要获取数据与不需要获数据原文件/需要获取的图片正文数据/数码网报价单-0825更新/手机相关/中国移动.jpg,1,0.995,visual_0825_vs_0831_pixel_crosscheck_and_header_structure
20260825-937894bd7250d538e00e-01,2026-08-25,手机,device,中国移动,,N5,,,开机屏好,30.0,元/台,,image_first_visual_crosscheck_high_similarity,中国移动.jpg,/mnt/data/decoded2/需要获取数据与不需要获数据原文件/需要获取的图片正文数据/数码网报价单-0825更新/手机相关/中国移动.jpg,1,0.995,visual_0825_vs_0831_pixel_crosscheck_and_header_structure
20260825-d4445cb9aba8905056ce-01,2026-08-25,手机,device,中国移动,,N5,,,开机屏坏,30.0,元/台,,image_first_visual_crosscheck_high_similarity,中国移动.jpg,/mnt/data/decoded2/需要获取数据与不需要获数据原文件/需要获取的图片正文数据/数码网报价单-0825更新/手机相关/中国移动.jpg,1,0.995,visual_0825_vs_0831_pixel_crosscheck_and_header_structure
20260825-50d6ca834f1a5cdf8d09-01,2026-08-25,手机,device,中国移动,,N5,,,不开机,30.0,元/台,,image_first_visual_crosscheck_high_similarity,中国移动.jpg,/mnt/data/decoded2/需要获取数据与不需要获数据原文件/需要获取的图片正文数据/数码网报价单-0825更新/手机相关/中国移动.jpg,1,0.995,visual_0825_vs_0831_pixel_crosscheck_and_header_structure
20260825-1a3ca0f31c826ed88874-01,2026-08-25,手机,device,中国移动,,N5,,,废板-整机,30.0,元/台,,image_first_visual_crosscheck_high_similarity,中国移动.jpg,/mnt/data/decoded2/需要获取数据与不需要获数据原文件/需要获取的图片正文数据/数码网报价单-0825更新/手机相关/中国移动.jpg,1,0.995,visual_0825_vs_0831_pixel_crosscheck_and_header_structure
20260825-fe99cbfaeb1a6e6fdb6d-01,2026-08-25,手机,device,中国移动,,N3/M850,,,开机屏好,55.0,元/台,,image_first_visual_crosscheck_high_similarity,中国移动.jpg,/mnt/data/decoded2/需要获取数据与不需要获数据原文件/需要获取的图片正文数据/数码网报价单-0825更新/手机相关/中国移动.jpg,1,0.995,visual_0825_vs_0831_pixel_crosscheck_and_header_structure
20260825-1b2d3d97d7a297be6cbf-01,2026-08-25,手机,device,中国移动,,N3/M850,,,开机屏坏,55.0,元/台,,image_first_visual_crosscheck_high_similarity,中国移动.jpg,/mnt/data/decoded2/需要获取数据与不需要获数据原文件/需要获取的图片正文数据/数码网报价单-0825更新/手机相关/中国移动.jpg,1,0.995,visual_0825_vs_0831_pixel_crosscheck_and_header_structure
20260825-e50aaed1a36647ab1049-01,2026-08-25,手机,device,中国移动,,N3/M850,,,不开机,55.0,元/台,,image_first_visual_crosscheck_high_similarity,中国移动.jpg,/mnt/data/decoded2/需要获取数据与不需要获数据原文件/需要获取的图片正文数据/数码网报价单-0825更新/手机相关/中国移动.jpg,1,0.995,visual_0825_vs_0831_pixel_crosscheck_and_header_structure
20260825-f3cb670a82e92e76227a-01,2026-08-25,手机,device,中国移动,,N3/M850,,,废板-整机,55.0,元/台,,image_first_visual_crosscheck_high_similarity,中国移动.jpg,/mnt/data/decoded2/需要获取数据与不需要获数据原文件/需要获取的图片正文数据/数码网报价单-0825更新/手机相关/中国移动.jpg,1,0.995,visual_0825_vs_0831_pixel_crosscheck_and_header_structure
20260825-941ad76c51625bb04221-01,2026-08-25,手机,device,中国移动,,761,,,开机屏好,30.0,元/台,,image_first_visual_crosscheck_high_similarity,中国移动.jpg,/mnt/data/decoded2/需要获取数据与不需要获数据原文件/需要获取的图片正文数据/数码网报价单-0825更新/手机相关/中国移动.jpg,1,0.995,visual_0825_vs_0831_pixel_crosscheck_and_header_structure
20260825-c36ff1f1506cad1c2d45-01,2026-08-25,手机,device,中国移动,,761,,,开机屏坏,30.0,元/台,,image_first_visual_crosscheck_high_similarity,中国移动.jpg,/mnt/data/decoded2/需要获取数据与不需要获数据原文件/需要获取的图片正文数据/数码网报价单-0825更新/手机相关/中国移动.jpg,1,0.995,visual_0825_vs_0831_pixel_crosscheck_and_header_structure
20260825-f856c68075def1bec9c3-01,2026-08-25,手机,device,中国移动,,761,,,不开机,30.0,元/台,,image_first_visual_crosscheck_high_similarity,中国移动.jpg,/mnt/data/decoded2/需要获取数据与不需要获数据原文件/需要获取的图片正文数据/数码网报价单-0825更新/手机相关/中国移动.jpg,1,0.995,visual_0825_vs_0831_pixel_crosscheck_and_header_structure
20260825-40a3355117a994f302be-01,2026-08-25,手机,device,中国移动,,761,,,废板-整机,30.0,元/台,,image_first_visual_crosscheck_high_similarity,中国移动.jpg,/mnt/data/decoded2/需要获取数据与不需要获数据原文件/需要获取的图片正文数据/数码网报价单-0825更新/手机相关/中国移动.jpg,1,0.995,visual_0825_vs_0831_pixel_crosscheck_and_header_structure
20260825-c62f36da3fab9453d440-01,2026-08-25,手机,device,中国移动,,N2/M836,,,开机屏好,20.0,元/台,,image_first_visual_crosscheck_high_similarity,中国移动.jpg,/mnt/data/decoded2/需要获取数据与不需要获数据原文件/需要获取的图片正文数据/数码网报价单-0825更新/手机相关/中国移动.jpg,1,0.995,visual_0825_vs_0831_pixel_crosscheck_and_header_structure
20260825-48d5970b8d76fbeab38b-01,2026-08-25,手机,device,中国移动,,N2/M836,,,开机屏坏,20.0,元/台,,image_first_visual_crosscheck_high_similarity,中国移动.jpg,/mnt/data/decoded2/需要获取数据与不需要获数据原文件/需要获取的图片正文数据/数码网报价单-0825更新/手机相关/中国移动.jpg,1,0.995,visual_0825_vs_0831_pixel_crosscheck_and_header_structure
20260825-1f32e821e4b31529db11-01,2026-08-25,手机,device,中国移动,,N2/M836,,,不开机,20.0,元/台,,image_first_visual_crosscheck_high_similarity,中国移动.jpg,/mnt/data/decoded2/需要获取数据与不需要获数据原文件/需要获取的图片正文数据/数码网报价单-0825更新/手机相关/中国移动.jpg,1,0.995,visual_0825_vs_0831_pixel_crosscheck_and_header_structure
20260825-761ae611f86ac4295192-01,2026-08-25,手机,device,中国移动,,N2/M836,,,废板-整机,20.0,元/台,,image_first_visual_crosscheck_high_similarity,中国移动.jpg,/mnt/data/decoded2/需要获取数据与不需要获数据原文件/需要获取的图片正文数据/数码网报价单-0825更新/手机相关/中国移动.jpg,1,0.995,visual_0825_vs_0831_pixel_crosscheck_and_header_structure
20260825-dc84403f5f3ae2d49d38-01,2026-08-25,手机,device,中国移动,,M631,,,开机屏好,11.0,元/台,开机全好看外屏不破,image_first_visual_crosscheck_high_similarity,中国移动.jpg,/mnt/data/decoded2/需要获取数据与不需要获数据原文件/需要获取的图片正文数据/数码网报价单-0825更新/手机相关/中国移动.jpg,1,0.995,visual_0825_vs_0831_pixel_crosscheck_and_header_structure
20260825-0a750c67a166198a8f73-01,2026-08-25,手机,device,中国移动,,M631,,,开机屏坏,11.0,元/台,开机全好看外屏不破,image_first_visual_crosscheck_high_similarity,中国移动.jpg,/mnt/data/decoded2/需要获取数据与不需要获数据原文件/需要获取的图片正文数据/数码网报价单-0825更新/手机相关/中国移动.jpg,1,0.995,visual_0825_vs_0831_pixel_crosscheck_and_header_structure
20260825-1f7c021a5971e151b063-01,2026-08-25,手机,device,中国移动,,M631,,,不开机,11.0,元/台,开机全好看外屏不破,image_first_visual_crosscheck_high_similarity,中国移动.jpg,/mnt/data/decoded2/需要获取数据与不需要获数据原文件/需要获取的图片正文数据/数码网报价单-0825更新/手机相关/中国移动.jpg,1,0.995,visual_0825_vs_0831_pixel_crosscheck_and_header_structure
20260825-49aed56b9d95e1f13889-01,2026-08-25,手机,device,中国移动,,M631,,,废板-整机,11.0,元/台,开机全好看外屏不破,image_first_visual_crosscheck_high_similarity,中国移动.jpg,/mnt/data/decoded2/需要获取数据与不需要获数据原文件/需要获取的图片正文数据/数码网报价单-0825更新/手机相关/中国移动.jpg,1,0.995,visual_0825_vs_0831_pixel_crosscheck_and_header_structure
20260825-46f0904f3b5f9faf4754-01,2026-08-25,手机,device,中国移动,,A4s/M760,,,开机屏好,20.0,元/台,,image_first_visual_crosscheck_high_similarity,中国移动.jpg,/mnt/data/decoded2/需要获取数据与不需要获数据原文件/需要获取的图片正文数据/数码网报价单-0825更新/手机相关/中国移动.jpg,1,0.995,visual_0825_vs_0831_pixel_crosscheck_and_header_structure
20260825-e73cc2cde4f60863fbe2-01,2026-08-25,手机,device,中国移动,,A4s/M760,,,开机屏坏,20.0,元/台,,image_first_visual_crosscheck_high_similarity,中国移动.jpg,/mnt/data/decoded2/需要获取数据与不需要获数据原文件/需要获取的图片正文数据/数码网报价单-0825更新/手机相关/中国移动.jpg,1,0.995,visual_0825_vs_0831_pixel_crosscheck_and_header_structure
20260825-c5245682cb5032ee5d60-01,2026-08-25,手机,device,中国移动,,A4s/M760,,,不开机,20.0,元/台,,image_first_visual_crosscheck_high_similarity,中国移动.jpg,/mnt/data/decoded2/需要获取数据与不需要获数据原文件/需要获取的图片正文数据/数码网报价单-0825更新/手机相关/中国移动.jpg,1,0.995,visual_0825_vs_0831_pixel_crosscheck_and_header_structure
20260825-36630a605508398edfe8-01,2026-08-25,手机,device,中国移动,,A4s/M760,,,废板-整机,20.0,元/台,,image_first_visual_crosscheck_high_similarity,中国移动.jpg,/mnt/data/decoded2/需要获取数据与不需要获数据原文件/需要获取的图片正文数据/数码网报价单-0825更新/手机相关/中国移动.jpg,1,0.995,visual_0825_vs_0831_pixel_crosscheck_and_header_structure
20260825-5c2c0f0a4fa2b219cf32-01,2026-08-25,手机,device,中国移动,,A3s/M653,,,开机屏好,20.0,元/台,,image_first_visual_crosscheck_high_similarity,中国移动.jpg,/mnt/data/decoded2/需要获取数据与不需要获数据原文件/需要获取的图片正文数据/数码网报价单-0825更新/手机相关/中国移动.jpg,1,0.995,visual_0825_vs_0831_pixel_crosscheck_and_header_structure
20260825-9bece03df4cd55ad1249-01,2026-08-25,手机,device,中国移动,,A3s/M653,,,开机屏坏,20.0,元/台,,image_first_visual_crosscheck_high_similarity,中国移动.jpg,/mnt/data/decoded2/需要获取数据与不需要获数据原文件/需要获取的图片正文数据/数码网报价单-0825更新/手机相关/中国移动.jpg,1,0.995,visual_0825_vs_0831_pixel_crosscheck_and_header_structure
20260825-ebb1dbf0e8d9ee779006-01,2026-08-25,手机,device,中国移动,,A3s/M653,,,不开机,20.0,元/台,,image_first_visual_crosscheck_high_similarity,中国移动.jpg,/mnt/data/decoded2/需要获取数据与不需要获数据原文件/需要获取的图片正文数据/数码网报价单-0825更新/手机相关/中国移动.jpg,1,0.995,visual_0825_vs_0831_pixel_crosscheck_and_header_structure
20260825-3e88a2f0335cc4ea3cd8-01,2026-08-25,手机,device,中国移动,,A3s/M653,,,废板-整机,20.0,元/台,,image_first_visual_crosscheck_high_similarity,中国移动.jpg,/mnt/data/decoded2/需要获取数据与不需要获数据原文件/需要获取的图片正文数据/数码网报价单-0825更新/手机相关/中国移动.jpg,1,0.995,visual_0825_vs_0831_pixel_crosscheck_and_header_structure
20260825-58322b48716de79774a4-01,2026-08-25,手机,device,中国移动,,M636,,,开机屏好,20.0,元/台,,image_first_visual_crosscheck_high_similarity,中国移动.jpg,/mnt/data/decoded2/需要获取数据与不需要获数据原文件/需要获取的图片正文数据/数码网报价单-0825更新/手机相关/中国移动.jpg,1,0.995,visual_0825_vs_0831_pixel_crosscheck_and_header_structure
20260825-08f7721b7a1ca1cb7f21-01,2026-08-25,手机,device,中国移动,,M636,,,开机屏坏,20.0,元/台,,image_first_visual_crosscheck_high_similarity,中国移动.jpg,/mnt/data/decoded2/需要获取数据与不需要获数据原文件/需要获取的图片正文数据/数码网报价单-0825更新/手机相关/中国移动.jpg,1,0.995,visual_0825_vs_0831_pixel_crosscheck_and_header_structure
20260825-5c407c970c325e1c4498-01,2026-08-25,手机,device,中国移动,,M636,,,不开机,20.0,元/台,,image_first_visual_crosscheck_high_similarity,中国移动.jpg,/mnt/data/decoded2/需要获取数据与不需要获数据原文件/需要获取的图片正文数据/数码网报价单-0825更新/手机相关/中国移动.jpg,1,0.995,visual_0825_vs_0831_pixel_crosscheck_and_header_structure
20260825-f05fa97ad8695d246896-01,2026-08-25,手机,device,中国移动,,M636,,,废板-整机,20.0,元/台,,image_first_visual_crosscheck_high_similarity,中国移动.jpg,/mnt/data/decoded2/需要获取数据与不需要获数据原文件/需要获取的图片正文数据/数码网报价单-0825更新/手机相关/中国移动.jpg,1,0.995,visual_0825_vs_0831_pixel_crosscheck_and_header_structure
20260825-32ade6f6bcbf6286449d-01,2026-08-25,手机,device,中国移动,,M623,,,开机屏好,20.0,元/台,,image_first_visual_crosscheck_high_similarity,中国移动.jpg,/mnt/data/decoded2/需要获取数据与不需要获数据原文件/需要获取的图片正文数据/数码网报价单-0825更新/手机相关/中国移动.jpg,1,0.995,visual_0825_vs_0831_pixel_crosscheck_and_header_structure
20260825-6a1846ba1b1b04be79f4-01,2026-08-25,手机,device,中国移动,,M623,,,开机屏坏,20.0,元/台,,image_first_visual_crosscheck_high_similarity,中国移动.jpg,/mnt/data/decoded2/需要获取数据与不需要获数据原文件/需要获取的图片正文数据/数码网报价单-0825更新/手机相关/中国移动.jpg,1,0.995,visual_0825_vs_0831_pixel_crosscheck_and_header_structure
20260825-f9622d5cc8cbb8eeef4a-01,2026-08-25,手机,device,中国移动,,M623,,,不开机,20.0,元/台,,image_first_visual_crosscheck_high_similarity,中国移动.jpg,/mnt/data/decoded2/需要获取数据与不需要获数据原文件/需要获取的图片正文数据/数码网报价单-0825更新/手机相关/中国移动.jpg,1,0.995,visual_0825_vs_0831_pixel_crosscheck_and_header_structure
20260825-89acd491ab983d5fc714-01,2026-08-25,手机,device,中国移动,,M623,,,废板-整机,20.0,元/台,,image_first_visual_crosscheck_high_similarity,中国移动.jpg,/mnt/data/decoded2/需要获取数据与不需要获数据原文件/需要获取的图片正文数据/数码网报价单-0825更新/手机相关/中国移动.jpg,1,0.995,visual_0825_vs_0831_pixel_crosscheck_and_header_structure
20260825-4a0c1f3728e7ea73b364-01,2026-08-25,手机,device,中国移动,,M823,,,开机屏好,20.0,元/台,,image_first_visual_crosscheck_high_similarity,中国移动.jpg,/mnt/data/decoded2/需要获取数据与不需要获数据原文件/需要获取的图片正文数据/数码网报价单-0825更新/手机相关/中国移动.jpg,1,0.995,visual_0825_vs_0831_pixel_crosscheck_and_header_structure
20260825-fc6f6b3fba0c5deb393d-01,2026-08-25,手机,device,中国移动,,M823,,,开机屏坏,20.0,元/台,,image_first_visual_crosscheck_high_similarity,中国移动.jpg,/mnt/data/decoded2/需要获取数据与不需要获数据原文件/需要获取的图片正文数据/数码网报价单-0825更新/手机相关/中国移动.jpg,1,0.995,visual_0825_vs_0831_pixel_crosscheck_and_header_structure
20260825-8a814668d5ac8b5a708a-01,2026-08-25,手机,device,中国移动,,M823,,,不开机,20.0,元/台,,image_first_visual_crosscheck_high_similarity,中国移动.jpg,/mnt/data/decoded2/需要获取数据与不需要获数据原文件/需要获取的图片正文数据/数码网报价单-0825更新/手机相关/中国移动.jpg,1,0.995,visual_0825_vs_0831_pixel_crosscheck_and_header_structure
20260825-22c9407f7dacf4a3ef66-01,2026-08-25,手机,device,中国移动,,M823,,,废板-整机,20.0,元/台,,image_first_visual_crosscheck_high_similarity,中国移动.jpg,/mnt/data/decoded2/需要获取数据与不需要获数据原文件/需要获取的图片正文数据/数码网报价单-0825更新/手机相关/中国移动.jpg,1,0.995,visual_0825_vs_0831_pixel_crosscheck_and_header_structure
20260825-e2c0dd8a1067d5d6abb3-01,2026-08-25,手机,device,中国移动,,M812,,,开机屏好,20.0,元/台,,image_first_visual_crosscheck_high_similarity,中国移动.jpg,/mnt/data/decoded2/需要获取数据与不需要获数据原文件/需要获取的图片正文数据/数码网报价单-0825更新/手机相关/中国移动.jpg,1,0.995,visual_0825_vs_0831_pixel_crosscheck_and_header_structure
20260825-8feccf2f4d3e43e3b088-01,2026-08-25,手机,device,中国移动,,M812,,,开机屏坏,20.0,元/台,,image_first_visual_crosscheck_high_similarity,中国移动.jpg,/mnt/data/decoded2/需要获取数据与不需要获数据原文件/需要获取的图片正文数据/数码网报价单-0825更新/手机相关/中国移动.jpg,1,0.995,visual_0825_vs_0831_pixel_crosscheck_and_header_structure
20260825-6cd4fc5024d0adecc084-01,2026-08-25,手机,device,中国移动,,M812,,,不开机,20.0,元/台,,image_first_visual_crosscheck_high_similarity,中国移动.jpg,/mnt/data/decoded2/需要获取数据与不需要获数据原文件/需要获取的图片正文数据/数码网报价单-0825更新/手机相关/中国移动.jpg,1,0.995,visual_0825_vs_0831_pixel_crosscheck_and_header_structure
20260825-e069f063eca3048fa00f-01,2026-08-25,手机,device,中国移动,,M812,,,废板-整机,20.0,元/台,,image_first_visual_crosscheck_high_similarity,中国移动.jpg,/mnt/data/decoded2/需要获取数据与不需要获数据原文件/需要获取的图片正文数据/数码网报价单-0825更新/手机相关/中国移动.jpg,1,0.995,visual_0825_vs_0831_pixel_crosscheck_and_header_structure
20260825-aee22f3532c99a916f01-01,2026-08-25,手机,device,中国移动,,M654,,,开机屏好,10.0,元/台,,image_first_visual_crosscheck_high_similarity,中国移动.jpg,/mnt/data/decoded2/需要获取数据与不需要获数据原文件/需要获取的图片正文数据/数码网报价单-0825更新/手机相关/中国移动.jpg,1,0.995,visual_0825_vs_0831_pixel_crosscheck_and_header_structure
20260825-54986f68ba6adb1b86bf-01,2026-08-25,手机,device,中国移动,,M654,,,开机屏坏,10.0,元/台,,image_first_visual_crosscheck_high_similarity,中国移动.jpg,/mnt/data/decoded2/需要获取数据与不需要获数据原文件/需要获取的图片正文数据/数码网报价单-0825更新/手机相关/中国移动.jpg,1,0.995,visual_0825_vs_0831_pixel_crosscheck_and_header_structure
20260825-3ab63df901d284106db5-01,2026-08-25,手机,device,中国移动,,M654,,,不开机,10.0,元/台,,image_first_visual_crosscheck_high_similarity,中国移动.jpg,/mnt/data/decoded2/需要获取数据与不需要获数据原文件/需要获取的图片正文数据/数码网报价单-0825更新/手机相关/中国移动.jpg,1,0.995,visual_0825_vs_0831_pixel_crosscheck_and_header_structure
20260825-78c0604cc43c1b3da3b3-01,2026-08-25,手机,device,中国移动,,M654,,,废板-整机,10.0,元/台,,image_first_visual_crosscheck_high_similarity,中国移动.jpg,/mnt/data/decoded2/需要获取数据与不需要获数据原文件/需要获取的图片正文数据/数码网报价单-0825更新/手机相关/中国移动.jpg,1,0.995,visual_0825_vs_0831_pixel_crosscheck_and_header_structure
20260825-f7fb2feac83719d67de8-01,2026-08-25,手机,device,中国移动,,M652,,,开机屏好,10.0,元/台,,image_first_visual_crosscheck_high_similarity,中国移动.jpg,/mnt/data/decoded2/需要获取数据与不需要获数据原文件/需要获取的图片正文数据/数码网报价单-0825更新/手机相关/中国移动.jpg,1,0.995,visual_0825_vs_0831_pixel_crosscheck_and_header_structure
20260825-2cae69e422b7078e68a0-01,2026-08-25,手机,device,中国移动,,M652,,,开机屏坏,10.0,元/台,,image_first_visual_crosscheck_high_similarity,中国移动.jpg,/mnt/data/decoded2/需要获取数据与不需要获数据原文件/需要获取的图片正文数据/数码网报价单-0825更新/手机相关/中国移动.jpg,1,0.995,visual_0825_vs_0831_pixel_crosscheck_and_header_structure
20260825-71ba646693f3336b625d-01,2026-08-25,手机,device,中国移动,,M652,,,不开机,10.0,元/台,,image_first_visual_crosscheck_high_similarity,中国移动.jpg,/mnt/data/decoded2/需要获取数据与不需要获数据原文件/需要获取的图片正文数据/数码网报价单-0825更新/手机相关/中国移动.jpg,1,0.995,visual_0825_vs_0831_pixel_crosscheck_and_header_structure
20260825-7e788bf10cfab1b1a9f1-01,2026-08-25,手机,device,中国移动,,M652,,,废板-整机,10.0,元/台,,image_first_visual_crosscheck_high_similarity,中国移动.jpg,/mnt/data/decoded2/需要获取数据与不需要获数据原文件/需要获取的图片正文数据/数码网报价单-0825更新/手机相关/中国移动.jpg,1,0.995,visual_0825_vs_0831_pixel_crosscheck_and_header_structure
20260825-d24430d7709c616c27f7-01,2026-08-25,手机,device,中国移动,,M651,,,开机屏好,10.0,元/台,,image_first_visual_crosscheck_high_similarity,中国移动.jpg,/mnt/data/decoded2/需要获取数据与不需要获数据原文件/需要获取的图片正文数据/数码网报价单-0825更新/手机相关/中国移动.jpg,1,0.995,visual_0825_vs_0831_pixel_crosscheck_and_header_structure
20260825-b697012ab785a7b49d52-01,2026-08-25,手机,device,中国移动,,M651,,,开机屏坏,10.0,元/台,,image_first_visual_crosscheck_high_similarity,中国移动.jpg,/mnt/data/decoded2/需要获取数据与不需要获数据原文件/需要获取的图片正文数据/数码网报价单-0825更新/手机相关/中国移动.jpg,1,0.995,visual_0825_vs_0831_pixel_crosscheck_and_header_structure
20260825-92c99a192a24634aa8fc-01,2026-08-25,手机,device,中国移动,,M651,,,不开机,10.0,元/台,,image_first_visual_crosscheck_high_similarity,中国移动.jpg,/mnt/data/decoded2/需要获取数据与不需要获数据原文件/需要获取的图片正文数据/数码网报价单-0825更新/手机相关/中国移动.jpg,1,0.995,visual_0825_vs_0831_pixel_crosscheck_and_header_structure
20260825-46711a51981af4d225ed-01,2026-08-25,手机,device,中国移动,,M651,,,废板-整机,10.0,元/台,,image_first_visual_crosscheck_high_similarity,中国移动.jpg,/mnt/data/decoded2/需要获取数据与不需要获数据原文件/需要获取的图片正文数据/数码网报价单-0825更新/手机相关/中国移动.jpg,1,0.995,visual_0825_vs_0831_pixel_crosscheck_and_header_structure
20260825-8cc3273df8dca900988b-01,2026-08-25,手机,device,格力,,格力3代,,,开机屏好,50.0,元/台,,image_first_visual_crosscheck_high_similarity,格力.jpg,/mnt/data/decoded2/需要获取数据与不需要获数据原文件/需要获取的图片正文数据/数码网报价单-0825更新/手机相关/格力.jpg,1,0.995,visual_0825_vs_0831_pixel_crosscheck_and_header_structure
20260825-f96829c4b3dacd3b1994-01,2026-08-25,手机,device,格力,,格力3代,,,开机屏坏,50.0,元/台,,image_first_visual_crosscheck_high_similarity,格力.jpg,/mnt/data/decoded2/需要获取数据与不需要获数据原文件/需要获取的图片正文数据/数码网报价单-0825更新/手机相关/格力.jpg,1,0.995,visual_0825_vs_0831_pixel_crosscheck_and_header_structure
20260825-7aae8ad4b5524bc11ef8-01,2026-08-25,手机,device,格力,,格力3代,,,不开机,50.0,元/台,,image_first_visual_crosscheck_high_similarity,格力.jpg,/mnt/data/decoded2/需要获取数据与不需要获数据原文件/需要获取的图片正文数据/数码网报价单-0825更新/手机相关/格力.jpg,1,0.995,visual_0825_vs_0831_pixel_crosscheck_and_header_structure
20260825-bf5a260b360f52a0987e-01,2026-08-25,手机,device,格力,,格力3代,,,废板-整机,50.0,元/台,,image_first_visual_crosscheck_high_similarity,格力.jpg,/mnt/data/decoded2/需要获取数据与不需要获数据原文件/需要获取的图片正文数据/数码网报价单-0825更新/手机相关/格力.jpg,1,0.995,visual_0825_vs_0831_pixel_crosscheck_and_header_structure
20260825-aae94a60b8d913a2d671-01,2026-08-25,手机,device,格力,,格力2代,,,开机屏好,50.0,元/台,,image_first_visual_crosscheck_high_similarity,格力.jpg,/mnt/data/decoded2/需要获取数据与不需要获数据原文件/需要获取的图片正文数据/数码网报价单-0825更新/手机相关/格力.jpg,1,0.995,visual_0825_vs_0831_pixel_crosscheck_and_header_structure
20260825-d97c1ec653a43699f3ab-01,2026-08-25,手机,device,格力,,格力2代,,,开机屏坏,50.0,元/台,,image_first_visual_crosscheck_high_similarity,格力.jpg,/mnt/data/decoded2/需要获取数据与不需要获数据原文件/需要获取的图片正文数据/数码网报价单-0825更新/手机相关/格力.jpg,1,0.995,visual_0825_vs_0831_pixel_crosscheck_and_header_structure
20260825-fb12d134fd6c64d82f49-01,2026-08-25,手机,device,格力,,格力2代,,,不开机,50.0,元/台,,image_first_visual_crosscheck_high_similarity,格力.jpg,/mnt/data/decoded2/需要获取数据与不需要获数据原文件/需要获取的图片正文数据/数码网报价单-0825更新/手机相关/格力.jpg,1,0.995,visual_0825_vs_0831_pixel_crosscheck_and_header_structure
20260825-8e63147dc34955082bd0-01,2026-08-25,手机,device,格力,,格力2代,,,废板-整机,50.0,元/台,,image_first_visual_crosscheck_high_similarity,格力.jpg,/mnt/data/decoded2/需要获取数据与不需要获数据原文件/需要获取的图片正文数据/数码网报价单-0825更新/手机相关/格力.jpg,1,0.995,visual_0825_vs_0831_pixel_crosscheck_and_header_structure
20260825-b21cedf0a5662e531a8c-01,2026-08-25,手机,device,格力,,格力1代,,,开机屏好,20.0,元/台,,image_first_visual_crosscheck_high_similarity,格力.jpg,/mnt/data/decoded2/需要获取数据与不需要获数据原文件/需要获取的图片正文数据/数码网报价单-0825更新/手机相关/格力.jpg,1,0.995,visual_0825_vs_0831_pixel_crosscheck_and_header_structure
20260825-412b637d3cd8bfdc2781-01,2026-08-25,手机,device,格力,,格力1代,,,开机屏坏,20.0,元/台,,image_first_visual_crosscheck_high_similarity,格力.jpg,/mnt/data/decoded2/需要获取数据与不需要获数据原文件/需要获取的图片正文数据/数码网报价单-0825更新/手机相关/格力.jpg,1,0.995,visual_0825_vs_0831_pixel_crosscheck_and_header_structure
20260825-c2c294f2dcbdabb4e91a-01,2026-08-25,手机,device,格力,,格力1代,,,不开机,20.0,元/台,,image_first_visual_crosscheck_high_similarity,格力.jpg,/mnt/data/decoded2/需要获取数据与不需要获数据原文件/需要获取的图片正文数据/数码网报价单-0825更新/手机相关/格力.jpg,1,0.995,visual_0825_vs_0831_pixel_crosscheck_and_header_structure
20260825-b506f020c2fcf2aa13f7-01,2026-08-25,手机,device,格力,,格力1代,,,废板-整机,20.0,元/台,,image_first_visual_crosscheck_high_similarity,格力.jpg,/mnt/data/decoded2/需要获取数据与不需要获数据原文件/需要获取的图片正文数据/数码网报价单-0825更新/手机相关/格力.jpg,1,0.995,visual_0825_vs_0831_pixel_crosscheck_and_header_structure
20260825-a63820631766dc472f7a-01,2026-08-25,手机,device,谷歌,,Pixel 4代,,,开机屏好,300.0,元/台,,image_first_visual_crosscheck_high_similarity,谷歌.jpg,/mnt/data/decoded2/需要获取数据与不需要获数据原文件/需要获取的图片正文数据/数码网报价单-0825更新/手机相关/谷歌.jpg,1,0.995,visual_0825_vs_0831_pixel_crosscheck_and_header_structure
20260825-6faaeb7a0095e897d6b4-01,2026-08-25,手机,device,谷歌,,Pixel 4代,,,开机屏坏,150.0,元/台,,image_first_visual_crosscheck_high_similarity,谷歌.jpg,/mnt/data/decoded2/需要获取数据与不需要获数据原文件/需要获取的图片正文数据/数码网报价单-0825更新/手机相关/谷歌.jpg,1,0.995,visual_0825_vs_0831_pixel_crosscheck_and_header_structure
20260825-54d49a08fd62a9217a90-01,2026-08-25,手机,device,谷歌,,Pixel 4代,,,不开机,30.0,元/台,,image_first_visual_crosscheck_high_similarity,谷歌.jpg,/mnt/data/decoded2/需要获取数据与不需要获数据原文件/需要获取的图片正文数据/数码网报价单-0825更新/手机相关/谷歌.jpg,1,0.995,visual_0825_vs_0831_pixel_crosscheck_and_header_structure
20260825-a1b7cd50e53614b071b7-01,2026-08-25,手机,device,谷歌,,Pixel 3代,,,开机屏好,170.0,元/台,,image_first_visual_crosscheck_high_similarity,谷歌.jpg,/mnt/data/decoded2/需要获取数据与不需要获数据原文件/需要获取的图片正文数据/数码网报价单-0825更新/手机相关/谷歌.jpg,1,0.995,visual_0825_vs_0831_pixel_crosscheck_and_header_structure
20260825-fafeaed4e0a811fd3ba6-01,2026-08-25,手机,device,谷歌,,Pixel 3代,,,开机屏坏,70.0,元/台,,image_first_visual_crosscheck_high_similarity,谷歌.jpg,/mnt/data/decoded2/需要获取数据与不需要获数据原文件/需要获取的图片正文数据/数码网报价单-0825更新/手机相关/谷歌.jpg,1,0.995,visual_0825_vs_0831_pixel_crosscheck_and_header_structure
20260825-3f071b4d771c442adb10-01,2026-08-25,手机,device,谷歌,,Pixel 3代,,,不开机,20.0,元/台,,image_first_visual_crosscheck_high_similarity,谷歌.jpg,/mnt/data/decoded2/需要获取数据与不需要获数据原文件/需要获取的图片正文数据/数码网报价单-0825更新/手机相关/谷歌.jpg,1,0.995,visual_0825_vs_0831_pixel_crosscheck_and_header_structure
20260825-8c2a6e8f7ca19cb971e7-01,2026-08-25,手机,device,谷歌,,Pixel 2代,,,开机屏好,100.0,元/台,,image_first_visual_crosscheck_high_similarity,谷歌.jpg,/mnt/data/decoded2/需要获取数据与不需要获数据原文件/需要获取的图片正文数据/数码网报价单-0825更新/手机相关/谷歌.jpg,1,0.995,visual_0825_vs_0831_pixel_crosscheck_and_header_structure
20260825-e6bb1f6966d553906bc5-01,2026-08-25,手机,device,谷歌,,Pixel 2代,,,开机屏坏,50.0,元/台,,image_first_visual_crosscheck_high_similarity,谷歌.jpg,/mnt/data/decoded2/需要获取数据与不需要获数据原文件/需要获取的图片正文数据/数码网报价单-0825更新/手机相关/谷歌.jpg,1,0.995,visual_0825_vs_0831_pixel_crosscheck_and_header_structure
20260825-577ae12061efd1fb23f5-01,2026-08-25,手机,device,谷歌,,Pixel 2代,,,不开机,20.0,元/台,,image_first_visual_crosscheck_high_similarity,谷歌.jpg,/mnt/data/decoded2/需要获取数据与不需要获数据原文件/需要获取的图片正文数据/数码网报价单-0825更新/手机相关/谷歌.jpg,1,0.995,visual_0825_vs_0831_pixel_crosscheck_and_header_structure
20260825-641fda650810ae1c56fb-01,2026-08-25,手机,device,谷歌,,Pixel 1代,,,开机屏好,50.0,元/台,,image_first_visual_crosscheck_high_similarity,谷歌.jpg,/mnt/data/decoded2/需要获取数据与不需要获数据原文件/需要获取的图片正文数据/数码网报价单-0825更新/手机相关/谷歌.jpg,1,0.995,visual_0825_vs_0831_pixel_crosscheck_and_header_structure
20260825-026f1ff9ac4af2da009b-01,2026-08-25,手机,device,谷歌,,Pixel 1代,,,开机屏坏,30.0,元/台,,image_first_visual_crosscheck_high_similarity,谷歌.jpg,/mnt/data/decoded2/需要获取数据与不需要获数据原文件/需要获取的图片正文数据/数码网报价单-0825更新/手机相关/谷歌.jpg,1,0.995,visual_0825_vs_0831_pixel_crosscheck_and_header_structure
20260825-2e790bb60790b430f7ca-01,2026-08-25,手机,device,谷歌,,Pixel 1代,,,不开机,30.0,元/台,,image_first_visual_crosscheck_high_similarity,谷歌.jpg,/mnt/data/decoded2/需要获取数据与不需要获数据原文件/需要获取的图片正文数据/数码网报价单-0825更新/手机相关/谷歌.jpg,1,0.995,visual_0825_vs_0831_pixel_crosscheck_and_header_structure
20260825-d9cdb2e9c883aebe4ba5-01,2026-08-25,手机,device,谷歌,,Pixel 1代 XL,,,开机屏好,50.0,元/台,,image_first_visual_crosscheck_high_similarity,谷歌.jpg,/mnt/data/decoded2/需要获取数据与不需要获数据原文件/需要获取的图片正文数据/数码网报价单-0825更新/手机相关/谷歌.jpg,1,0.995,visual_0825_vs_0831_pixel_crosscheck_and_header_structure
20260825-4b536c53c0d2e2b46070-01,2026-08-25,手机,device,谷歌,,Pixel 1代 XL,,,开机屏坏,30.0,元/台,,image_first_visual_crosscheck_high_similarity,谷歌.jpg,/mnt/data/decoded2/需要获取数据与不需要获数据原文件/需要获取的图片正文数据/数码网报价单-0825更新/手机相关/谷歌.jpg,1,0.995,visual_0825_vs_0831_pixel_crosscheck_and_header_structure
20260825-6d9b2effdaa6e781cff2-01,2026-08-25,手机,device,谷歌,,Pixel 1代 XL,,,不开机,20.0,元/台,,image_first_visual_crosscheck_high_similarity,谷歌.jpg,/mnt/data/decoded2/需要获取数据与不需要获数据原文件/需要获取的图片正文数据/数码网报价单-0825更新/手机相关/谷歌.jpg,1,0.995,visual_0825_vs_0831_pixel_crosscheck_and_header_structure
20260825-e51bf9376a28cfc4e07f-01,2026-08-25,手机,device,谷歌,,Pixel 2代 XL,,,开机屏好,100.0,元/台,,image_first_visual_crosscheck_high_similarity,谷歌.jpg,/mnt/data/decoded2/需要获取数据与不需要获数据原文件/需要获取的图片正文数据/数码网报价单-0825更新/手机相关/谷歌.jpg,1,0.995,visual_0825_vs_0831_pixel_crosscheck_and_header_structure
20260825-5b341744fd3c135737b7-01,2026-08-25,手机,device,谷歌,,Pixel 2代 XL,,,开机屏坏,50.0,元/台,,image_first_visual_crosscheck_high_similarity,谷歌.jpg,/mnt/data/decoded2/需要获取数据与不需要获数据原文件/需要获取的图片正文数据/数码网报价单-0825更新/手机相关/谷歌.jpg,1,0.995,visual_0825_vs_0831_pixel_crosscheck_and_header_structure
20260825-939c637277029aac3f7d-01,2026-08-25,手机,device,谷歌,,Pixel 2代 XL,,,不开机,20.0,元/台,,image_first_visual_crosscheck_high_similarity,谷歌.jpg,/mnt/data/decoded2/需要获取数据与不需要获数据原文件/需要获取的图片正文数据/数码网报价单-0825更新/手机相关/谷歌.jpg,1,0.995,visual_0825_vs_0831_pixel_crosscheck_and_header_structure
20260825-6b11a81eab1691118605-01,2026-08-25,手机,device,谷歌,,Pixel 3代 XL,,,开机屏好,170.0,元/台,,image_first_visual_crosscheck_high_similarity,谷歌.jpg,/mnt/data/decoded2/需要获取数据与不需要获数据原文件/需要获取的图片正文数据/数码网报价单-0825更新/手机相关/谷歌.jpg,1,0.995,visual_0825_vs_0831_pixel_crosscheck_and_header_structure
20260825-72a61cfacb344af78c4d-01,2026-08-25,手机,device,谷歌,,Pixel 3代 XL,,,开机屏坏,70.0,元/台,,image_first_visual_crosscheck_high_similarity,谷歌.jpg,/mnt/data/decoded2/需要获取数据与不需要获数据原文件/需要获取的图片正文数据/数码网报价单-0825更新/手机相关/谷歌.jpg,1,0.995,visual_0825_vs_0831_pixel_crosscheck_and_header_structure
20260825-fd2fcb58fd4c64366b80-01,2026-08-25,手机,device,谷歌,,Pixel 3代 XL,,,不开机,20.0,元/台,,image_first_visual_crosscheck_high_similarity,谷歌.jpg,/mnt/data/decoded2/需要获取数据与不需要获数据原文件/需要获取的图片正文数据/数码网报价单-0825更新/手机相关/谷歌.jpg,1,0.995,visual_0825_vs_0831_pixel_crosscheck_and_header_structure
20260825-faa5ea40b846101c855b-01,2026-08-25,手机,device,谷歌,,Pixel 4代 XL,,,开机屏好,300.0,元/台,,image_first_visual_crosscheck_high_similarity,谷歌.jpg,/mnt/data/decoded2/需要获取数据与不需要获数据原文件/需要获取的图片正文数据/数码网报价单-0825更新/手机相关/谷歌.jpg,1,0.995,visual_0825_vs_0831_pixel_crosscheck_and_header_structure
20260825-3281a99de6c69a6fa88b-01,2026-08-25,手机,device,谷歌,,Pixel 4代 XL,,,开机屏坏,150.0,元/台,,image_first_visual_crosscheck_high_similarity,谷歌.jpg,/mnt/data/decoded2/需要获取数据与不需要获数据原文件/需要获取的图片正文数据/数码网报价单-0825更新/手机相关/谷歌.jpg,1,0.995,visual_0825_vs_0831_pixel_crosscheck_and_header_structure
20260825-4a6837685c998f7fef77-01,2026-08-25,手机,device,谷歌,,Pixel 4代 XL,,,不开机,30.0,元/台,,image_first_visual_crosscheck_high_similarity,谷歌.jpg,/mnt/data/decoded2/需要获取数据与不需要获数据原文件/需要获取的图片正文数据/数码网报价单-0825更新/手机相关/谷歌.jpg,1,0.995,visual_0825_vs_0831_pixel_crosscheck_and_header_structure
20260825-abb009e362d062ec6f10-01,2026-08-25,手机,device,华硕,Zen系列,华硕ZenFone10,,,开机屏好,220.0,元/台,,image_first_visual_crosscheck_high_similarity,华硕.jpg,/mnt/data/decoded2/需要获取数据与不需要获数据原文件/需要获取的图片正文数据/数码网报价单-0825更新/手机相关/华硕.jpg,1,0.995,visual_0825_vs_0831_pixel_crosscheck_and_header_structure
20260825-05aa3e6813a9bd95a9e9-01,2026-08-25,手机,device,华硕,Zen系列,华硕ZenFone10,,,开机屏坏,130.0,元/台,,image_first_visual_crosscheck_high_similarity,华硕.jpg,/mnt/data/decoded2/需要获取数据与不需要获数据原文件/需要获取的图片正文数据/数码网报价单-0825更新/手机相关/华硕.jpg,1,0.995,visual_0825_vs_0831_pixel_crosscheck_and_header_structure
20260825-b2055d95acffd98e7659-01,2026-08-25,手机,device,华硕,Zen系列,华硕ZenFone10,,,不开机,60.0,元/台,,image_first_visual_crosscheck_high_similarity,华硕.jpg,/mnt/data/decoded2/需要获取数据与不需要获数据原文件/需要获取的图片正文数据/数码网报价单-0825更新/手机相关/华硕.jpg,1,0.995,visual_0825_vs_0831_pixel_crosscheck_and_header_structure
20260825-1aba076ca244a59a58bc-01,2026-08-25,手机,device,华硕,Zen系列,华硕ZenFone10,,,废板-整机,60.0,元/台,,image_first_visual_crosscheck_high_similarity,华硕.jpg,/mnt/data/decoded2/需要获取数据与不需要获数据原文件/需要获取的图片正文数据/数码网报价单-0825更新/手机相关/华硕.jpg,1,0.995,visual_0825_vs_0831_pixel_crosscheck_and_header_structure
20260825-3b817d40f8c1c8cfc4ce-01,2026-08-25,手机,device,华硕,Zen系列,华硕ZenFone9,,,开机屏好,180.0,元/台,,image_first_visual_crosscheck_high_similarity,华硕.jpg,/mnt/data/decoded2/需要获取数据与不需要获数据原文件/需要获取的图片正文数据/数码网报价单-0825更新/手机相关/华硕.jpg,1,0.995,visual_0825_vs_0831_pixel_crosscheck_and_header_structure
20260825-b306d250f1df25c92191-01,2026-08-25,手机,device,华硕,Zen系列,华硕ZenFone9,,,开机屏坏,150.0,元/台,,image_first_visual_crosscheck_high_similarity,华硕.jpg,/mnt/data/decoded2/需要获取数据与不需要获数据原文件/需要获取的图片正文数据/数码网报价单-0825更新/手机相关/华硕.jpg,1,0.995,visual_0825_vs_0831_pixel_crosscheck_and_header_structure
20260825-7af5fd90296f4a7596a7-01,2026-08-25,手机,device,华硕,Zen系列,华硕ZenFone9,,,不开机,70.0,元/台,,image_first_visual_crosscheck_high_similarity,华硕.jpg,/mnt/data/decoded2/需要获取数据与不需要获数据原文件/需要获取的图片正文数据/数码网报价单-0825更新/手机相关/华硕.jpg,1,0.995,visual_0825_vs_0831_pixel_crosscheck_and_header_structure
20260825-98f76e6100a94f14c0cd-01,2026-08-25,手机,device,华硕,Zen系列,华硕ZenFone9,,,废板-整机,70.0,元/台,,image_first_visual_crosscheck_high_similarity,华硕.jpg,/mnt/data/decoded2/需要获取数据与不需要获数据原文件/需要获取的图片正文数据/数码网报价单-0825更新/手机相关/华硕.jpg,1,0.995,visual_0825_vs_0831_pixel_crosscheck_and_header_structure
20260825-0983ab86ed1a34715ba6-01,2026-08-25,手机,device,华硕,Zen系列,华硕ZenFone8Flip,,,开机屏好,240.0,元/台,,image_first_visual_crosscheck_high_similarity,华硕.jpg,/mnt/data/decoded2/需要获取数据与不需要获数据原文件/需要获取的图片正文数据/数码网报价单-0825更新/手机相关/华硕.jpg,1,0.995,visual_0825_vs_0831_pixel_crosscheck_and_header_structure
20260825-204aae52eb86f65edee2-01,2026-08-25,手机,device,华硕,Zen系列,华硕ZenFone8Flip,,,开机屏坏,150.0,元/台,,image_first_visual_crosscheck_high_similarity,华硕.jpg,/mnt/data/decoded2/需要获取数据与不需要获数据原文件/需要获取的图片正文数据/数码网报价单-0825更新/手机相关/华硕.jpg,1,0.995,visual_0825_vs_0831_pixel_crosscheck_and_header_structure
20260825-8fc4b88b344924edf41b-01,2026-08-25,手机,device,华硕,Zen系列,华硕ZenFone8Flip,,,不开机,70.0,元/台,,image_first_visual_crosscheck_high_similarity,华硕.jpg,/mnt/data/decoded2/需要获取数据与不需要获数据原文件/需要获取的图片正文数据/数码网报价单-0825更新/手机相关/华硕.jpg,1,0.995,visual_0825_vs_0831_pixel_crosscheck_and_header_structure
20260825-6fbddb1d2ec716576d58-01,2026-08-25,手机,device,华硕,Zen系列,华硕ZenFone8Flip,,,废板-整机,70.0,元/台,,image_first_visual_crosscheck_high_similarity,华硕.jpg,/mnt/data/decoded2/需要获取数据与不需要获数据原文件/需要获取的图片正文数据/数码网报价单-0825更新/手机相关/华硕.jpg,1,0.995,visual_0825_vs_0831_pixel_crosscheck_and_header_structure
20260825-ab3c805e8335b482d6a7-01,2026-08-25,手机,device,华硕,Zen系列,华硕ZenFone8,,,开机屏好,210.0,元/台,,image_first_visual_crosscheck_high_similarity,华硕.jpg,/mnt/data/decoded2/需要获取数据与不需要获数据原文件/需要获取的图片正文数据/数码网报价单-0825更新/手机相关/华硕.jpg,1,0.995,visual_0825_vs_0831_pixel_crosscheck_and_header_structure
20260825-87c87042d91a385f7849-01,2026-08-25,手机,device,华硕,Zen系列,华硕ZenFone8,,,开机屏坏,140.0,元/台,,image_first_visual_crosscheck_high_similarity,华硕.jpg,/mnt/data/decoded2/需要获取数据与不需要获数据原文件/需要获取的图片正文数据/数码网报价单-0825更新/手机相关/华硕.jpg,1,0.995,visual_0825_vs_0831_pixel_crosscheck_and_header_structure
20260825-2a854aec34346b951553-01,2026-08-25,手机,device,华硕,Zen系列,华硕ZenFone8,,,不开机,70.0,元/台,,image_first_visual_crosscheck_high_similarity,华硕.jpg,/mnt/data/decoded2/需要获取数据与不需要获数据原文件/需要获取的图片正文数据/数码网报价单-0825更新/手机相关/华硕.jpg,1,0.995,visual_0825_vs_0831_pixel_crosscheck_and_header_structure
20260825-c2d9f21cf86f8df2bc50-01,2026-08-25,手机,device,华硕,Zen系列,华硕ZenFone8,,,废板-整机,70.0,元/台,,image_first_visual_crosscheck_high_similarity,华硕.jpg,/mnt/data/decoded2/需要获取数据与不需要获数据原文件/需要获取的图片正文数据/数码网报价单-0825更新/手机相关/华硕.jpg,1,0.995,visual_0825_vs_0831_pixel_crosscheck_and_header_structure
20260825-7c6a8ff6ec4cb1d37e1e-01,2026-08-25,手机,device,华硕,Zen系列,华硕ZenFone7pro,,,开机屏好,200.0,元/台,,image_first_visual_crosscheck_high_similarity,华硕.jpg,/mnt/data/decoded2/需要获取数据与不需要获数据原文件/需要获取的图片正文数据/数码网报价单-0825更新/手机相关/华硕.jpg,1,0.995,visual_0825_vs_0831_pixel_crosscheck_and_header_structure
20260825-3e822991f8e695009e4d-01,2026-08-25,手机,device,华硕,Zen系列,华硕ZenFone7pro,,,开机屏坏,130.0,元/台,,image_first_visual_crosscheck_high_similarity,华硕.jpg,/mnt/data/decoded2/需要获取数据与不需要获数据原文件/需要获取的图片正文数据/数码网报价单-0825更新/手机相关/华硕.jpg,1,0.995,visual_0825_vs_0831_pixel_crosscheck_and_header_structure
20260825-5aa91ffe72cd29d013eb-01,2026-08-25,手机,device,华硕,Zen系列,华硕ZenFone7pro,,,不开机,70.0,元/台,,image_first_visual_crosscheck_high_similarity,华硕.jpg,/mnt/data/decoded2/需要获取数据与不需要获数据原文件/需要获取的图片正文数据/数码网报价单-0825更新/手机相关/华硕.jpg,1,0.995,visual_0825_vs_0831_pixel_crosscheck_and_header_structure
20260825-7cf544c646c972589278-01,2026-08-25,手机,device,华硕,Zen系列,华硕ZenFone7pro,,,废板-整机,70.0,元/台,,image_first_visual_crosscheck_high_similarity,华硕.jpg,/mnt/data/decoded2/需要获取数据与不需要获数据原文件/需要获取的图片正文数据/数码网报价单-0825更新/手机相关/华硕.jpg,1,0.995,visual_0825_vs_0831_pixel_crosscheck_and_header_structure
20260825-e64b1bd11e37806f0c4c-01,2026-08-25,手机,device,华硕,Zen系列,华硕ZenFone7,,,开机屏好,180.0,元/台,,image_first_visual_crosscheck_high_similarity,华硕.jpg,/mnt/data/decoded2/需要获取数据与不需要获数据原文件/需要获取的图片正文数据/数码网报价单-0825更新/手机相关/华硕.jpg,1,0.995,visual_0825_vs_0831_pixel_crosscheck_and_header_structure
20260825-9f222e0fc370e129f2aa-01,2026-08-25,手机,device,华硕,Zen系列,华硕ZenFone7,,,开机屏坏,120.0,元/台,,image_first_visual_crosscheck_high_similarity,华硕.jpg,/mnt/data/decoded2/需要获取数据与不需要获数据原文件/需要获取的图片正文数据/数码网报价单-0825更新/手机相关/华硕.jpg,1,0.995,visual_0825_vs_0831_pixel_crosscheck_and_header_structure
20260825-c4082988279448343fe2-01,2026-08-25,手机,device,华硕,Zen系列,华硕ZenFone7,,,不开机,70.0,元/台,,image_first_visual_crosscheck_high_similarity,华硕.jpg,/mnt/data/decoded2/需要获取数据与不需要获数据原文件/需要获取的图片正文数据/数码网报价单-0825更新/手机相关/华硕.jpg,1,0.995,visual_0825_vs_0831_pixel_crosscheck_and_header_structure
20260825-134ca551243e0019ee7d-01,2026-08-25,手机,device,华硕,Zen系列,华硕ZenFone7,,,废板-整机,70.0,元/台,,image_first_visual_crosscheck_high_similarity,华硕.jpg,/mnt/data/decoded2/需要获取数据与不需要获数据原文件/需要获取的图片正文数据/数码网报价单-0825更新/手机相关/华硕.jpg,1,0.995,visual_0825_vs_0831_pixel_crosscheck_and_header_structure
20260825-45fa3a48edcce956f20b-01,2026-08-25,手机,device,华硕,Zen系列,华硕zenfone6,,,开机屏好,150.0,元/台,,image_first_visual_crosscheck_high_similarity,华硕.jpg,/mnt/data/decoded2/需要获取数据与不需要获数据原文件/需要获取的图片正文数据/数码网报价单-0825更新/手机相关/华硕.jpg,1,0.995,visual_0825_vs_0831_pixel_crosscheck_and_header_structure
20260825-1a5004d870139db01934-01,2026-08-25,手机,device,华硕,Zen系列,华硕zenfone6,,,开机屏坏,100.0,元/台,,image_first_visual_crosscheck_high_similarity,华硕.jpg,/mnt/data/decoded2/需要获取数据与不需要获数据原文件/需要获取的图片正文数据/数码网报价单-0825更新/手机相关/华硕.jpg,1,0.995,visual_0825_vs_0831_pixel_crosscheck_and_header_structure
20260825-0767cfc155b778ad0d5a-01,2026-08-25,手机,device,华硕,Zen系列,华硕zenfone6,,,不开机,55.0,元/台,,image_first_visual_crosscheck_high_similarity,华硕.jpg,/mnt/data/decoded2/需要获取数据与不需要获数据原文件/需要获取的图片正文数据/数码网报价单-0825更新/手机相关/华硕.jpg,1,0.995,visual_0825_vs_0831_pixel_crosscheck_and_header_structure
20260825-775691a6bd459ed9abd8-01,2026-08-25,手机,device,华硕,Zen系列,华硕zenfone6,,,废板-整机,55.0,元/台,,image_first_visual_crosscheck_high_similarity,华硕.jpg,/mnt/data/decoded2/需要获取数据与不需要获数据原文件/需要获取的图片正文数据/数码网报价单-0825更新/手机相关/华硕.jpg,1,0.995,visual_0825_vs_0831_pixel_crosscheck_and_header_structure
20260825-adf824f74d9e43ba3021-01,2026-08-25,手机,device,华硕,Rog系列,华硕Rog6,,,开机屏好,280.0,元/台,,image_first_visual_crosscheck_high_similarity,华硕.jpg,/mnt/data/decoded2/需要获取数据与不需要获数据原文件/需要获取的图片正文数据/数码网报价单-0825更新/手机相关/华硕.jpg,1,0.995,visual_0825_vs_0831_pixel_crosscheck_and_header_structure
20260825-5c794804244ad0cc835c-01,2026-08-25,手机,device,华硕,Rog系列,华硕Rog6,,,开机屏坏,280.0,元/台,,image_first_visual_crosscheck_high_similarity,华硕.jpg,/mnt/data/decoded2/需要获取数据与不需要获数据原文件/需要获取的图片正文数据/数码网报价单-0825更新/手机相关/华硕.jpg,1,0.995,visual_0825_vs_0831_pixel_crosscheck_and_header_structure
20260825-09594787173260fac4bb-01,2026-08-25,手机,device,华硕,Rog系列,华硕Rog6,,,不开机,90.0,元/台,,image_first_visual_crosscheck_high_similarity,华硕.jpg,/mnt/data/decoded2/需要获取数据与不需要获数据原文件/需要获取的图片正文数据/数码网报价单-0825更新/手机相关/华硕.jpg,1,0.995,visual_0825_vs_0831_pixel_crosscheck_and_header_structure
20260825-4fbd952f69d8f008f046-01,2026-08-25,手机,device,华硕,Rog系列,华硕Rog6,,,废板-整机,90.0,元/台,,image_first_visual_crosscheck_high_similarity,华硕.jpg,/mnt/data/decoded2/需要获取数据与不需要获数据原文件/需要获取的图片正文数据/数码网报价单-0825更新/手机相关/华硕.jpg,1,0.995,visual_0825_vs_0831_pixel_crosscheck_and_header_structure
20260825-ba3016b5226f2812e7ab-01,2026-08-25,手机,device,华硕,Rog系列,华硕Rog5spro,,,开机屏好,220.0,元/台,,image_first_visual_crosscheck_high_similarity,华硕.jpg,/mnt/data/decoded2/需要获取数据与不需要获数据原文件/需要获取的图片正文数据/数码网报价单-0825更新/手机相关/华硕.jpg,1,0.995,visual_0825_vs_0831_pixel_crosscheck_and_header_structure
20260825-2b6b2cedd750cfe417c1-01,2026-08-25,手机,device,华硕,Rog系列,华硕Rog5spro,,,开机屏坏,220.0,元/台,,image_first_visual_crosscheck_high_similarity,华硕.jpg,/mnt/data/decoded2/需要获取数据与不需要获数据原文件/需要获取的图片正文数据/数码网报价单-0825更新/手机相关/华硕.jpg,1,0.995,visual_0825_vs_0831_pixel_crosscheck_and_header_structure
20260825-1129e7b8b604ea0cbcec-01,2026-08-25,手机,device,华硕,Rog系列,华硕Rog5spro,,,不开机,160.0,元/台,,image_first_visual_crosscheck_high_similarity,华硕.jpg,/mnt/data/decoded2/需要获取数据与不需要获数据原文件/需要获取的图片正文数据/数码网报价单-0825更新/手机相关/华硕.jpg,1,0.995,visual_0825_vs_0831_pixel_crosscheck_and_header_structure
20260825-905cdd1a1ca068007b73-01,2026-08-25,手机,device,华硕,Rog系列,华硕Rog5spro,,,废板-整机,100.0,元/台,,image_first_visual_crosscheck_high_similarity,华硕.jpg,/mnt/data/decoded2/需要获取数据与不需要获数据原文件/需要获取的图片正文数据/数码网报价单-0825更新/手机相关/华硕.jpg,1,0.995,visual_0825_vs_0831_pixel_crosscheck_and_header_structure
20260825-40acd43947af7700f9e8-01,2026-08-25,手机,device,华硕,Rog系列,华硕ROG5s,,,开机屏好,220.0,元/台,,image_first_visual_crosscheck_high_similarity,华硕.jpg,/mnt/data/decoded2/需要获取数据与不需要获数据原文件/需要获取的图片正文数据/数码网报价单-0825更新/手机相关/华硕.jpg,1,0.995,visual_0825_vs_0831_pixel_crosscheck_and_header_structure
20260825-5ef66566e508eb8b278b-01,2026-08-25,手机,device,华硕,Rog系列,华硕ROG5s,,,开机屏坏,220.0,元/台,,image_first_visual_crosscheck_high_similarity,华硕.jpg,/mnt/data/decoded2/需要获取数据与不需要获数据原文件/需要获取的图片正文数据/数码网报价单-0825更新/手机相关/华硕.jpg,1,0.995,visual_0825_vs_0831_pixel_crosscheck_and_header_structure
20260825-eabb5985c4a7b6baf32f-01,2026-08-25,手机,device,华硕,Rog系列,华硕ROG5s,,,不开机,220.0,元/台,,image_first_visual_crosscheck_high_similarity,华硕.jpg,/mnt/data/decoded2/需要获取数据与不需要获数据原文件/需要获取的图片正文数据/数码网报价单-0825更新/手机相关/华硕.jpg,1,0.995,visual_0825_vs_0831_pixel_crosscheck_and_header_structure
20260825-80f0804491d0ec95fd26-01,2026-08-25,手机,device,华硕,Rog系列,华硕ROG5s,,,废板-整机,70.0,元/台,,image_first_visual_crosscheck_high_similarity,华硕.jpg,/mnt/data/decoded2/需要获取数据与不需要获数据原文件/需要获取的图片正文数据/数码网报价单-0825更新/手机相关/华硕.jpg,1,0.995,visual_0825_vs_0831_pixel_crosscheck_and_header_structure
20260825-fc6de42841208df351d2-01,2026-08-25,手机,device,华硕,Rog系列,华硕Rog5pro,,,开机屏好,220.0,元/台,,image_first_visual_crosscheck_high_similarity,华硕.jpg,/mnt/data/decoded2/需要获取数据与不需要获数据原文件/需要获取的图片正文数据/数码网报价单-0825更新/手机相关/华硕.jpg,1,0.995,visual_0825_vs_0831_pixel_crosscheck_and_header_structure
20260825-f3e675a037dff302cebc-01,2026-08-25,手机,device,华硕,Rog系列,华硕Rog5pro,,,开机屏坏,220.0,元/台,,image_first_visual_crosscheck_high_similarity,华硕.jpg,/mnt/data/decoded2/需要获取数据与不需要获数据原文件/需要获取的图片正文数据/数码网报价单-0825更新/手机相关/华硕.jpg,1,0.995,visual_0825_vs_0831_pixel_crosscheck_and_header_structure
20260825-cda6aec4ff1ae6dc3fd1-01,2026-08-25,手机,device,华硕,Rog系列,华硕Rog5pro,,,不开机,220.0,元/台,,image_first_visual_crosscheck_high_similarity,华硕.jpg,/mnt/data/decoded2/需要获取数据与不需要获数据原文件/需要获取的图片正文数据/数码网报价单-0825更新/手机相关/华硕.jpg,1,0.995,visual_0825_vs_0831_pixel_crosscheck_and_header_structure
20260825-3eb1081fc3a31dec688b-01,2026-08-25,手机,device,华硕,Rog系列,华硕Rog5pro,,,废板-整机,80.0,元/台,,image_first_visual_crosscheck_high_similarity,华硕.jpg,/mnt/data/decoded2/需要获取数据与不需要获数据原文件/需要获取的图片正文数据/数码网报价单-0825更新/手机相关/华硕.jpg,1,0.995,visual_0825_vs_0831_pixel_crosscheck_and_header_structure
20260825-b54743e7b5a488eb7029-01,2026-08-25,手机,device,华硕,Rog系列,华硕ROG5,,,开机屏好,220.0,元/台,,image_first_visual_crosscheck_high_similarity,华硕.jpg,/mnt/data/decoded2/需要获取数据与不需要获数据原文件/需要获取的图片正文数据/数码网报价单-0825更新/手机相关/华硕.jpg,1,0.995,visual_0825_vs_0831_pixel_crosscheck_and_header_structure
20260825-a50fbaf114e6afd85500-01,2026-08-25,手机,device,华硕,Rog系列,华硕ROG5,,,开机屏坏,220.0,元/台,,image_first_visual_crosscheck_high_similarity,华硕.jpg,/mnt/data/decoded2/需要获取数据与不需要获数据原文件/需要获取的图片正文数据/数码网报价单-0825更新/手机相关/华硕.jpg,1,0.995,visual_0825_vs_0831_pixel_crosscheck_and_header_structure
20260825-82aa121e2f44c4f01f09-01,2026-08-25,手机,device,华硕,Rog系列,华硕ROG5,,,不开机,220.0,元/台,,image_first_visual_crosscheck_high_similarity,华硕.jpg,/mnt/data/decoded2/需要获取数据与不需要获数据原文件/需要获取的图片正文数据/数码网报价单-0825更新/手机相关/华硕.jpg,1,0.995,visual_0825_vs_0831_pixel_crosscheck_and_header_structure
20260825-106731d83e241bc6cb4d-01,2026-08-25,手机,device,华硕,Rog系列,华硕ROG5,,,废板-整机,60.0,元/台,,image_first_visual_crosscheck_high_similarity,华硕.jpg,/mnt/data/decoded2/需要获取数据与不需要获数据原文件/需要获取的图片正文数据/数码网报价单-0825更新/手机相关/华硕.jpg,1,0.995,visual_0825_vs_0831_pixel_crosscheck_and_header_structure
20260825-656d40e3111e373be332-01,2026-08-25,手机,device,华硕,Rog系列,华硕ROG3代,,,开机屏好,150.0,元/台,,image_first_visual_crosscheck_high_similarity,华硕.jpg,/mnt/data/decoded2/需要获取数据与不需要获数据原文件/需要获取的图片正文数据/数码网报价单-0825更新/手机相关/华硕.jpg,1,0.995,visual_0825_vs_0831_pixel_crosscheck_and_header_structure
20260825-057eaed7bb5f61072a99-01,2026-08-25,手机,device,华硕,Rog系列,华硕ROG3代,,,开机屏坏,120.0,元/台,,image_first_visual_crosscheck_high_similarity,华硕.jpg,/mnt/data/decoded2/需要获取数据与不需要获数据原文件/需要获取的图片正文数据/数码网报价单-0825更新/手机相关/华硕.jpg,1,0.995,visual_0825_vs_0831_pixel_crosscheck_and_header_structure
20260825-e8028e2666b9a7bae449-01,2026-08-25,手机,device,华硕,Rog系列,华硕ROG3代,,,不开机,100.0,元/台,,image_first_visual_crosscheck_high_similarity,华硕.jpg,/mnt/data/decoded2/需要获取数据与不需要获数据原文件/需要获取的图片正文数据/数码网报价单-0825更新/手机相关/华硕.jpg,1,0.995,visual_0825_vs_0831_pixel_crosscheck_and_header_structure
20260825-072480893ce84ddf98d6-01,2026-08-25,手机,device,华硕,Rog系列,华硕ROG3代,,,废板-整机,100.0,元/台,,image_first_visual_crosscheck_high_similarity,华硕.jpg,/mnt/data/decoded2/需要获取数据与不需要获数据原文件/需要获取的图片正文数据/数码网报价单-0825更新/手机相关/华硕.jpg,1,0.995,visual_0825_vs_0831_pixel_crosscheck_and_header_structure
20260825-108a83a86580692c9ddb-01,2026-08-25,手机,device,华硕,Rog系列,华硕ROG2代,,,开机屏好,150.0,元/台,,image_first_visual_crosscheck_high_similarity,华硕.jpg,/mnt/data/decoded2/需要获取数据与不需要获数据原文件/需要获取的图片正文数据/数码网报价单-0825更新/手机相关/华硕.jpg,1,0.995,visual_0825_vs_0831_pixel_crosscheck_and_header_structure
20260825-e350ee6745dfa7bc1cbf-01,2026-08-25,手机,device,华硕,Rog系列,华硕ROG2代,,,开机屏坏,120.0,元/台,,image_first_visual_crosscheck_high_similarity,华硕.jpg,/mnt/data/decoded2/需要获取数据与不需要获数据原文件/需要获取的图片正文数据/数码网报价单-0825更新/手机相关/华硕.jpg,1,0.995,visual_0825_vs_0831_pixel_crosscheck_and_header_structure
20260825-4446f6d63ed50beafaa4-01,2026-08-25,手机,device,华硕,Rog系列,华硕ROG2代,,,不开机,100.0,元/台,,image_first_visual_crosscheck_high_similarity,华硕.jpg,/mnt/data/decoded2/需要获取数据与不需要获数据原文件/需要获取的图片正文数据/数码网报价单-0825更新/手机相关/华硕.jpg,1,0.995,visual_0825_vs_0831_pixel_crosscheck_and_header_structure
20260825-0acf6a39f507056c7a25-01,2026-08-25,手机,device,华硕,Rog系列,华硕ROG2代,,,废板-整机,100.0,元/台,,image_first_visual_crosscheck_high_similarity,华硕.jpg,/mnt/data/decoded2/需要获取数据与不需要获数据原文件/需要获取的图片正文数据/数码网报价单-0825更新/手机相关/华硕.jpg,1,0.995,visual_0825_vs_0831_pixel_crosscheck_and_header_structure
20260825-9d4619a082f0eb1995b7-01,2026-08-25,手机,device,华硕,Rog系列,华硕rog,,,开机屏好,80.0,元/台,,image_first_visual_crosscheck_high_similarity,华硕.jpg,/mnt/data/decoded2/需要获取数据与不需要获数据原文件/需要获取的图片正文数据/数码网报价单-0825更新/手机相关/华硕.jpg,1,0.995,visual_0825_vs_0831_pixel_crosscheck_and_header_structure
20260825-33460cea6a6a75c0c30b-01,2026-08-25,手机,device,华硕,Rog系列,华硕rog,,,开机屏坏,70.0,元/台,,image_first_visual_crosscheck_high_similarity,华硕.jpg,/mnt/data/decoded2/需要获取数据与不需要获数据原文件/需要获取的图片正文数据/数码网报价单-0825更新/手机相关/华硕.jpg,1,0.995,visual_0825_vs_0831_pixel_crosscheck_and_header_structure
20260825-544a6efe3ba278919ce7-01,2026-08-25,手机,device,华硕,Rog系列,华硕rog,,,不开机,70.0,元/台,,image_first_visual_crosscheck_high_similarity,华硕.jpg,/mnt/data/decoded2/需要获取数据与不需要获数据原文件/需要获取的图片正文数据/数码网报价单-0825更新/手机相关/华硕.jpg,1,0.995,visual_0825_vs_0831_pixel_crosscheck_and_header_structure
20260825-f731d5bf22a45fc65e82-01,2026-08-25,手机,device,华硕,Rog系列,华硕rog,,,废板-整机,70.0,元/台,,image_first_visual_crosscheck_high_similarity,华硕.jpg,/mnt/data/decoded2/需要获取数据与不需要获数据原文件/需要获取的图片正文数据/数码网报价单-0825更新/手机相关/华硕.jpg,1,0.995,visual_0825_vs_0831_pixel_crosscheck_and_header_structure
20260825-0a308dea4303c6d05043-01,2026-08-25,手机,device,柔宇,,柔宇二代,,,开机屏好,100.0,元/台,,image_first_visual_crosscheck_high_similarity,柔宇.jpg,/mnt/data/decoded2/需要获取数据与不需要获数据原文件/需要获取的图片正文数据/数码网报价单-0825更新/手机相关/柔宇.jpg,1,0.995,visual_0825_vs_0831_pixel_crosscheck_and_header_structure
20260825-bf002afe1e8801b09ffe-01,2026-08-25,手机,device,柔宇,,柔宇二代,,,开机屏坏,80.0,元/台,,image_first_visual_crosscheck_high_similarity,柔宇.jpg,/mnt/data/decoded2/需要获取数据与不需要获数据原文件/需要获取的图片正文数据/数码网报价单-0825更新/手机相关/柔宇.jpg,1,0.995,visual_0825_vs_0831_pixel_crosscheck_and_header_structure
20260825-c5f30e2a98c7741f87cf-01,2026-08-25,手机,device,柔宇,,柔宇二代,,,不开机,80.0,元/台,,image_first_visual_crosscheck_high_similarity,柔宇.jpg,/mnt/data/decoded2/需要获取数据与不需要获数据原文件/需要获取的图片正文数据/数码网报价单-0825更新/手机相关/柔宇.jpg,1,0.995,visual_0825_vs_0831_pixel_crosscheck_and_header_structure
20260825-7cedb8305d4496138762-01,2026-08-25,手机,device,柔宇,,柔宇二代,,,废板-整机,80.0,元/台,,image_first_visual_crosscheck_high_similarity,柔宇.jpg,/mnt/data/decoded2/需要获取数据与不需要获数据原文件/需要获取的图片正文数据/数码网报价单-0825更新/手机相关/柔宇.jpg,1,0.995,visual_0825_vs_0831_pixel_crosscheck_and_header_structure
20260825-248dc92ae6cfdbf08f4a-01,2026-08-25,手机,device,柔宇,,柔宇一代,,,开机屏好,50.0,元/台,,image_first_visual_crosscheck_high_similarity,柔宇.jpg,/mnt/data/decoded2/需要获取数据与不需要获数据原文件/需要获取的图片正文数据/数码网报价单-0825更新/手机相关/柔宇.jpg,1,0.995,visual_0825_vs_0831_pixel_crosscheck_and_header_structure
20260825-aaee3f709df0354e5d85-01,2026-08-25,手机,device,柔宇,,柔宇一代,,,开机屏坏,50.0,元/台,,image_first_visual_crosscheck_high_similarity,柔宇.jpg,/mnt/data/decoded2/需要获取数据与不需要获数据原文件/需要获取的图片正文数据/数码网报价单-0825更新/手机相关/柔宇.jpg,1,0.995,visual_0825_vs_0831_pixel_crosscheck_and_header_structure
20260825-dc00f58f1d32f4f60693-01,2026-08-25,手机,device,柔宇,,柔宇一代,,,不开机,50.0,元/台,,image_first_visual_crosscheck_high_similarity,柔宇.jpg,/mnt/data/decoded2/需要获取数据与不需要获数据原文件/需要获取的图片正文数据/数码网报价单-0825更新/手机相关/柔宇.jpg,1,0.995,visual_0825_vs_0831_pixel_crosscheck_and_header_structure
20260825-934961605efe78556d2e-01,2026-08-25,手机,device,柔宇,,柔宇一代,,,废板-整机,50.0,元/台,,image_first_visual_crosscheck_high_similarity,柔宇.jpg,/mnt/data/decoded2/需要获取数据与不需要获数据原文件/需要获取的图片正文数据/数码网报价单-0825更新/手机相关/柔宇.jpg,1,0.995,visual_0825_vs_0831_pixel_crosscheck_and_header_structure
20260825-bc6cbd7168e1f04ca8e2-01,2026-08-25,手机,device,海信,H系列,H60,,,开机屏好,110.0,元/台,,image_first_visual_crosscheck_high_similarity,海信.jpg,/mnt/data/decoded2/需要获取数据与不需要获数据原文件/需要获取的图片正文数据/数码网报价单-0825更新/手机相关/海信.jpg,1,0.995,visual_0825_vs_0831_pixel_crosscheck_and_header_structure
20260825-b395c9c8916e7beac68b-01,2026-08-25,手机,device,海信,H系列,H60,,,开机屏坏,110.0,元/台,,image_first_visual_crosscheck_high_similarity,海信.jpg,/mnt/data/decoded2/需要获取数据与不需要获数据原文件/需要获取的图片正文数据/数码网报价单-0825更新/手机相关/海信.jpg,1,0.995,visual_0825_vs_0831_pixel_crosscheck_and_header_structure
20260825-ad1cfa42f8a330546aa0-01,2026-08-25,手机,device,海信,H系列,H60,,,不开机,110.0,元/台,,image_first_visual_crosscheck_high_similarity,海信.jpg,/mnt/data/decoded2/需要获取数据与不需要获数据原文件/需要获取的图片正文数据/数码网报价单-0825更新/手机相关/海信.jpg,1,0.995,visual_0825_vs_0831_pixel_crosscheck_and_header_structure
20260825-0e5566b61ce67dd566a4-01,2026-08-25,手机,device,海信,H系列,H60,,,废板-整机,110.0,元/台,,image_first_visual_crosscheck_high_similarity,海信.jpg,/mnt/data/decoded2/需要获取数据与不需要获数据原文件/需要获取的图片正文数据/数码网报价单-0825更新/手机相关/海信.jpg,1,0.995,visual_0825_vs_0831_pixel_crosscheck_and_header_structure
20260825-8ac1d8cfe2a85937ded6-01,2026-08-25,手机,device,海信,H系列,H18,,,开机屏好,110.0,元/台,,image_first_visual_crosscheck_high_similarity,海信.jpg,/mnt/data/decoded2/需要获取数据与不需要获数据原文件/需要获取的图片正文数据/数码网报价单-0825更新/手机相关/海信.jpg,1,0.995,visual_0825_vs_0831_pixel_crosscheck_and_header_structure
20260825-a2c33ac359285eb730e9-01,2026-08-25,手机,device,海信,H系列,H18,,,开机屏坏,110.0,元/台,,image_first_visual_crosscheck_high_similarity,海信.jpg,/mnt/data/decoded2/需要获取数据与不需要获数据原文件/需要获取的图片正文数据/数码网报价单-0825更新/手机相关/海信.jpg,1,0.995,visual_0825_vs_0831_pixel_crosscheck_and_header_structure
20260825-12eaa9414838cde80be8-01,2026-08-25,手机,device,海信,H系列,H18,,,不开机,110.0,元/台,,image_first_visual_crosscheck_high_similarity,海信.jpg,/mnt/data/decoded2/需要获取数据与不需要获数据原文件/需要获取的图片正文数据/数码网报价单-0825更新/手机相关/海信.jpg,1,0.995,visual_0825_vs_0831_pixel_crosscheck_and_header_structure
20260825-6572e487aff7d126b413-01,2026-08-25,手机,device,海信,H系列,H18,,,废板-整机,110.0,元/台,,image_first_visual_crosscheck_high_similarity,海信.jpg,/mnt/data/decoded2/需要获取数据与不需要获数据原文件/需要获取的图片正文数据/数码网报价单-0825更新/手机相关/海信.jpg,1,0.995,visual_0825_vs_0831_pixel_crosscheck_and_header_structure
20260825-90aabf8a0f714a5d41e7-01,2026-08-25,手机,device,海信,H系列,H20,,,开机屏好,110.0,元/台,,image_first_visual_crosscheck_high_similarity,海信.jpg,/mnt/data/decoded2/需要获取数据与不需要获数据原文件/需要获取的图片正文数据/数码网报价单-0825更新/手机相关/海信.jpg,1,0.995,visual_0825_vs_0831_pixel_crosscheck_and_header_structure
20260825-17b8917d2afedfd67915-01,2026-08-25,手机,device,海信,H系列,H20,,,开机屏坏,110.0,元/台,,image_first_visual_crosscheck_high_similarity,海信.jpg,/mnt/data/decoded2/需要获取数据与不需要获数据原文件/需要获取的图片正文数据/数码网报价单-0825更新/手机相关/海信.jpg,1,0.995,visual_0825_vs_0831_pixel_crosscheck_and_header_structure
20260825-51d8f01476a1b6e1fddb-01,2026-08-25,手机,device,海信,H系列,H20,,,不开机,110.0,元/台,,image_first_visual_crosscheck_high_similarity,海信.jpg,/mnt/data/decoded2/需要获取数据与不需要获数据原文件/需要获取的图片正文数据/数码网报价单-0825更新/手机相关/海信.jpg,1,0.995,visual_0825_vs_0831_pixel_crosscheck_and_header_structure
20260825-2b636992a87ccf9ff082-01,2026-08-25,手机,device,海信,H系列,H20,,,废板-整机,110.0,元/台,,image_first_visual_crosscheck_high_similarity,海信.jpg,/mnt/data/decoded2/需要获取数据与不需要获数据原文件/需要获取的图片正文数据/数码网报价单-0825更新/手机相关/海信.jpg,1,0.995,visual_0825_vs_0831_pixel_crosscheck_and_header_structure
20260825-b10802faf04aed2a6a22-01,2026-08-25,手机,device,海信,H系列,H10,,,开机屏好,55.0,元/台,,image_first_visual_crosscheck_high_similarity,海信.jpg,/mnt/data/decoded2/需要获取数据与不需要获数据原文件/需要获取的图片正文数据/数码网报价单-0825更新/手机相关/海信.jpg,1,0.995,visual_0825_vs_0831_pixel_crosscheck_and_header_structure
20260825-60583bc28967480a5de1-01,2026-08-25,手机,device,海信,H系列,H10,,,开机屏坏,55.0,元/台,,image_first_visual_crosscheck_high_similarity,海信.jpg,/mnt/data/decoded2/需要获取数据与不需要获数据原文件/需要获取的图片正文数据/数码网报价单-0825更新/手机相关/海信.jpg,1,0.995,visual_0825_vs_0831_pixel_crosscheck_and_header_structure
20260825-c12f95fc37f30841bc75-01,2026-08-25,手机,device,海信,H系列,H10,,,不开机,55.0,元/台,,image_first_visual_crosscheck_high_similarity,海信.jpg,/mnt/data/decoded2/需要获取数据与不需要获数据原文件/需要获取的图片正文数据/数码网报价单-0825更新/手机相关/海信.jpg,1,0.995,visual_0825_vs_0831_pixel_crosscheck_and_header_structure
20260825-95864fda08c7f6d5ce43-01,2026-08-25,手机,device,海信,H系列,H10,,,废板-整机,55.0,元/台,,image_first_visual_crosscheck_high_similarity,海信.jpg,/mnt/data/decoded2/需要获取数据与不需要获数据原文件/需要获取的图片正文数据/数码网报价单-0825更新/手机相关/海信.jpg,1,0.995,visual_0825_vs_0831_pixel_crosscheck_and_header_structure
20260825-962b56b1859eb3a33be9-01,2026-08-25,手机,device,海信,F系列,F50,,,开机屏好,110.0,元/台,,image_first_visual_crosscheck_high_similarity,海信.jpg,/mnt/data/decoded2/需要获取数据与不需要获数据原文件/需要获取的图片正文数据/数码网报价单-0825更新/手机相关/海信.jpg,1,0.995,visual_0825_vs_0831_pixel_crosscheck_and_header_structure
20260825-63bf0ea39f395cf10528-01,2026-08-25,手机,device,海信,F系列,F50,,,开机屏坏,110.0,元/台,,image_first_visual_crosscheck_high_similarity,海信.jpg,/mnt/data/decoded2/需要获取数据与不需要获数据原文件/需要获取的图片正文数据/数码网报价单-0825更新/手机相关/海信.jpg,1,0.995,visual_0825_vs_0831_pixel_crosscheck_and_header_structure
20260825-78d5bbe0ae06ffed9c8d-01,2026-08-25,手机,device,海信,F系列,F50,,,不开机,110.0,元/台,,image_first_visual_crosscheck_high_similarity,海信.jpg,/mnt/data/decoded2/需要获取数据与不需要获数据原文件/需要获取的图片正文数据/数码网报价单-0825更新/手机相关/海信.jpg,1,0.995,visual_0825_vs_0831_pixel_crosscheck_and_header_structure
20260825-3b8eec20da15486192c7-01,2026-08-25,手机,device,海信,F系列,F50,,,废板-整机,110.0,元/台,,image_first_visual_crosscheck_high_similarity,海信.jpg,/mnt/data/decoded2/需要获取数据与不需要获数据原文件/需要获取的图片正文数据/数码网报价单-0825更新/手机相关/海信.jpg,1,0.995,visual_0825_vs_0831_pixel_crosscheck_and_header_structure
20260825-59d65ffa14a2647ba37a-01,2026-08-25,手机,device,海信,F系列,F50+,,,开机屏好,110.0,元/台,,image_first_visual_crosscheck_high_similarity,海信.jpg,/mnt/data/decoded2/需要获取数据与不需要获数据原文件/需要获取的图片正文数据/数码网报价单-0825更新/手机相关/海信.jpg,1,0.995,visual_0825_vs_0831_pixel_crosscheck_and_header_structure
20260825-66ce0ead34b2b765515f-01,2026-08-25,手机,device,海信,F系列,F50+,,,开机屏坏,110.0,元/台,,image_first_visual_crosscheck_high_similarity,海信.jpg,/mnt/data/decoded2/需要获取数据与不需要获数据原文件/需要获取的图片正文数据/数码网报价单-0825更新/手机相关/海信.jpg,1,0.995,visual_0825_vs_0831_pixel_crosscheck_and_header_structure
20260825-d3447ba295ffdc731e93-01,2026-08-25,手机,device,海信,F系列,F50+,,,不开机,110.0,元/台,,image_first_visual_crosscheck_high_similarity,海信.jpg,/mnt/data/decoded2/需要获取数据与不需要获数据原文件/需要获取的图片正文数据/数码网报价单-0825更新/手机相关/海信.jpg,1,0.995,visual_0825_vs_0831_pixel_crosscheck_and_header_structure
20260825-0925b41662f9c3d32d85-01,2026-08-25,手机,device,海信,F系列,F50+,,,废板-整机,110.0,元/台,,image_first_visual_crosscheck_high_similarity,海信.jpg,/mnt/data/decoded2/需要获取数据与不需要获数据原文件/需要获取的图片正文数据/数码网报价单-0825更新/手机相关/海信.jpg,1,0.995,visual_0825_vs_0831_pixel_crosscheck_and_header_structure
20260825-c77e25833fe5b250b655-01,2026-08-25,手机,device,海信,F系列,F40,,,开机屏好,110.0,元/台,,image_first_visual_crosscheck_high_similarity,海信.jpg,/mnt/data/decoded2/需要获取数据与不需要获数据原文件/需要获取的图片正文数据/数码网报价单-0825更新/手机相关/海信.jpg,1,0.995,visual_0825_vs_0831_pixel_crosscheck_and_header_structure
20260825-3904b9fd6e8478527c95-01,2026-08-25,手机,device,海信,F系列,F40,,,开机屏坏,110.0,元/台,,image_first_visual_crosscheck_high_similarity,海信.jpg,/mnt/data/decoded2/需要获取数据与不需要获数据原文件/需要获取的图片正文数据/数码网报价单-0825更新/手机相关/海信.jpg,1,0.995,visual_0825_vs_0831_pixel_crosscheck_and_header_structure
20260825-8cb2eb6a54e4301f7c5f-01,2026-08-25,手机,device,海信,F系列,F40,,,不开机,110.0,元/台,,image_first_visual_crosscheck_high_similarity,海信.jpg,/mnt/data/decoded2/需要获取数据与不需要获数据原文件/需要获取的图片正文数据/数码网报价单-0825更新/手机相关/海信.jpg,1,0.995,visual_0825_vs_0831_pixel_crosscheck_and_header_structure
20260825-da0da603f8fd2861366d-01,2026-08-25,手机,device,海信,F系列,F40,,,废板-整机,110.0,元/台,,image_first_visual_crosscheck_high_similarity,海信.jpg,/mnt/data/decoded2/需要获取数据与不需要获数据原文件/需要获取的图片正文数据/数码网报价单-0825更新/手机相关/海信.jpg,1,0.995,visual_0825_vs_0831_pixel_crosscheck_and_header_structure
20260825-5cd6ddc93bf463a888b2-01,2026-08-25,手机,device,海信,F系列,F26,,,开机屏好,55.0,元/台,,image_first_visual_crosscheck_high_similarity,海信.jpg,/mnt/data/decoded2/需要获取数据与不需要获数据原文件/需要获取的图片正文数据/数码网报价单-0825更新/手机相关/海信.jpg,1,0.995,visual_0825_vs_0831_pixel_crosscheck_and_header_structure
20260825-fe38b59794a57ba1e264-01,2026-08-25,手机,device,海信,F系列,F26,,,开机屏坏,55.0,元/台,,image_first_visual_crosscheck_high_similarity,海信.jpg,/mnt/data/decoded2/需要获取数据与不需要获数据原文件/需要获取的图片正文数据/数码网报价单-0825更新/手机相关/海信.jpg,1,0.995,visual_0825_vs_0831_pixel_crosscheck_and_header_structure
20260825-0c583b37ba6a7502db6f-01,2026-08-25,手机,device,海信,F系列,F26,,,不开机,55.0,元/台,,image_first_visual_crosscheck_high_similarity,海信.jpg,/mnt/data/decoded2/需要获取数据与不需要获数据原文件/需要获取的图片正文数据/数码网报价单-0825更新/手机相关/海信.jpg,1,0.995,visual_0825_vs_0831_pixel_crosscheck_and_header_structure
20260825-ffe8e18eb1750cd0b49a-01,2026-08-25,手机,device,海信,F系列,F26,,,废板-整机,55.0,元/台,,image_first_visual_crosscheck_high_similarity,海信.jpg,/mnt/data/decoded2/需要获取数据与不需要获数据原文件/需要获取的图片正文数据/数码网报价单-0825更新/手机相关/海信.jpg,1,0.995,visual_0825_vs_0831_pixel_crosscheck_and_header_structure
20260825-39a936da8e3663803cc4-01,2026-08-25,手机,device,海信,F系列,F23,,,开机屏好,20.0,元/台,,image_first_visual_crosscheck_high_similarity,海信.jpg,/mnt/data/decoded2/需要获取数据与不需要获数据原文件/需要获取的图片正文数据/数码网报价单-0825更新/手机相关/海信.jpg,1,0.995,visual_0825_vs_0831_pixel_crosscheck_and_header_structure
20260825-cf77dfcbd1d63296b4b3-01,2026-08-25,手机,device,海信,F系列,F23,,,开机屏坏,20.0,元/台,,image_first_visual_crosscheck_high_similarity,海信.jpg,/mnt/data/decoded2/需要获取数据与不需要获数据原文件/需要获取的图片正文数据/数码网报价单-0825更新/手机相关/海信.jpg,1,0.995,visual_0825_vs_0831_pixel_crosscheck_and_header_structure
20260825-4c7c29f4cba307c99b62-01,2026-08-25,手机,device,海信,F系列,F23,,,不开机,20.0,元/台,,image_first_visual_crosscheck_high_similarity,海信.jpg,/mnt/data/decoded2/需要获取数据与不需要获数据原文件/需要获取的图片正文数据/数码网报价单-0825更新/手机相关/海信.jpg,1,0.995,visual_0825_vs_0831_pixel_crosscheck_and_header_structure
20260825-14ae596d09980db2dc21-01,2026-08-25,手机,device,海信,F系列,F23,,,废板-整机,20.0,元/台,,image_first_visual_crosscheck_high_similarity,海信.jpg,/mnt/data/decoded2/需要获取数据与不需要获数据原文件/需要获取的图片正文数据/数码网报价单-0825更新/手机相关/海信.jpg,1,0.995,visual_0825_vs_0831_pixel_crosscheck_and_header_structure
20260825-9fe9cf7db8d7e1239d46-01,2026-08-25,手机,device,海信,F系列,F31,,,开机屏好,20.0,元/台,,image_first_visual_crosscheck_high_similarity,海信.jpg,/mnt/data/decoded2/需要获取数据与不需要获数据原文件/需要获取的图片正文数据/数码网报价单-0825更新/手机相关/海信.jpg,1,0.995,visual_0825_vs_0831_pixel_crosscheck_and_header_structure
20260825-6a31cf07ded24cb4e281-01,2026-08-25,手机,device,海信,F系列,F31,,,开机屏坏,20.0,元/台,,image_first_visual_crosscheck_high_similarity,海信.jpg,/mnt/data/decoded2/需要获取数据与不需要获数据原文件/需要获取的图片正文数据/数码网报价单-0825更新/手机相关/海信.jpg,1,0.995,visual_0825_vs_0831_pixel_crosscheck_and_header_structure
20260825-6fb03cf0193c678a7356-01,2026-08-25,手机,device,海信,F系列,F31,,,不开机,20.0,元/台,,image_first_visual_crosscheck_high_similarity,海信.jpg,/mnt/data/decoded2/需要获取数据与不需要获数据原文件/需要获取的图片正文数据/数码网报价单-0825更新/手机相关/海信.jpg,1,0.995,visual_0825_vs_0831_pixel_crosscheck_and_header_structure
20260825-99956462ebda11297962-01,2026-08-25,手机,device,海信,F系列,F31,,,废板-整机,20.0,元/台,,image_first_visual_crosscheck_high_similarity,海信.jpg,/mnt/data/decoded2/需要获取数据与不需要获数据原文件/需要获取的图片正文数据/数码网报价单-0825更新/手机相关/海信.jpg,1,0.995,visual_0825_vs_0831_pixel_crosscheck_and_header_structure
20260825-53214221f121149550c0-01,2026-08-25,手机,device,海信,F系列,F30,,,开机屏好,20.0,元/台,,image_first_visual_crosscheck_high_similarity,海信.jpg,/mnt/data/decoded2/需要获取数据与不需要获数据原文件/需要获取的图片正文数据/数码网报价单-0825更新/手机相关/海信.jpg,1,0.995,visual_0825_vs_0831_pixel_crosscheck_and_header_structure
20260825-133b13325d3db4d3e830-01,2026-08-25,手机,device,海信,F系列,F30,,,开机屏坏,20.0,元/台,,image_first_visual_crosscheck_high_similarity,海信.jpg,/mnt/data/decoded2/需要获取数据与不需要获数据原文件/需要获取的图片正文数据/数码网报价单-0825更新/手机相关/海信.jpg,1,0.995,visual_0825_vs_0831_pixel_crosscheck_and_header_structure
20260825-c2625c16dd427a9d58fb-01,2026-08-25,手机,device,海信,F系列,F30,,,不开机,20.0,元/台,,image_first_visual_crosscheck_high_similarity,海信.jpg,/mnt/data/decoded2/需要获取数据与不需要获数据原文件/需要获取的图片正文数据/数码网报价单-0825更新/手机相关/海信.jpg,1,0.995,visual_0825_vs_0831_pixel_crosscheck_and_header_structure
20260825-72f2129c18dca0484a9b-01,2026-08-25,手机,device,海信,F系列,F30,,,废板-整机,20.0,元/台,,image_first_visual_crosscheck_high_similarity,海信.jpg,/mnt/data/decoded2/需要获取数据与不需要获数据原文件/需要获取的图片正文数据/数码网报价单-0825更新/手机相关/海信.jpg,1,0.995,visual_0825_vs_0831_pixel_crosscheck_and_header_structure
20260825-966ed648a4be2cc0e9c2-01,2026-08-25,手机,device,海信,F系列,F22,,,开机屏好,20.0,元/台,,image_first_visual_crosscheck_high_similarity,海信.jpg,/mnt/data/decoded2/需要获取数据与不需要获数据原文件/需要获取的图片正文数据/数码网报价单-0825更新/手机相关/海信.jpg,1,0.995,visual_0825_vs_0831_pixel_crosscheck_and_header_structure
20260825-f511055028d22ef6fe62-01,2026-08-25,手机,device,海信,F系列,F22,,,开机屏坏,20.0,元/台,,image_first_visual_crosscheck_high_similarity,海信.jpg,/mnt/data/decoded2/需要获取数据与不需要获数据原文件/需要获取的图片正文数据/数码网报价单-0825更新/手机相关/海信.jpg,1,0.995,visual_0825_vs_0831_pixel_crosscheck_and_header_structure
20260825-7775f51c7a25b0e3a5ed-01,2026-08-25,手机,device,海信,F系列,F22,,,不开机,20.0,元/台,,image_first_visual_crosscheck_high_similarity,海信.jpg,/mnt/data/decoded2/需要获取数据与不需要获数据原文件/需要获取的图片正文数据/数码网报价单-0825更新/手机相关/海信.jpg,1,0.995,visual_0825_vs_0831_pixel_crosscheck_and_header_structure
20260825-1ce5186acda1c2affc8f-01,2026-08-25,手机,device,海信,F系列,F22,,,废板-整机,20.0,元/台,,image_first_visual_crosscheck_high_similarity,海信.jpg,/mnt/data/decoded2/需要获取数据与不需要获数据原文件/需要获取的图片正文数据/数码网报价单-0825更新/手机相关/海信.jpg,1,0.995,visual_0825_vs_0831_pixel_crosscheck_and_header_structure
20260825-878a1f47f723e0b17e91-01,2026-08-25,手机,device,海信,E序列,E18Pro,,,开机屏好,110.0,元/台,,image_first_visual_crosscheck_high_similarity,海信.jpg,/mnt/data/decoded2/需要获取数据与不需要获数据原文件/需要获取的图片正文数据/数码网报价单-0825更新/手机相关/海信.jpg,1,0.995,visual_0825_vs_0831_pixel_crosscheck_and_header_structure
20260825-c78e8183a434dae276f5-01,2026-08-25,手机,device,海信,E序列,E18Pro,,,开机屏坏,110.0,元/台,,image_first_visual_crosscheck_high_similarity,海信.jpg,/mnt/data/decoded2/需要获取数据与不需要获数据原文件/需要获取的图片正文数据/数码网报价单-0825更新/手机相关/海信.jpg,1,0.995,visual_0825_vs_0831_pixel_crosscheck_and_header_structure
20260825-7dd89125b02a1c544019-01,2026-08-25,手机,device,海信,E序列,E18Pro,,,不开机,110.0,元/台,,image_first_visual_crosscheck_high_similarity,海信.jpg,/mnt/data/decoded2/需要获取数据与不需要获数据原文件/需要获取的图片正文数据/数码网报价单-0825更新/手机相关/海信.jpg,1,0.995,visual_0825_vs_0831_pixel_crosscheck_and_header_structure
20260825-5b304b324d59248228e9-01,2026-08-25,手机,device,海信,E序列,E18Pro,,,废板-整机,110.0,元/台,,image_first_visual_crosscheck_high_similarity,海信.jpg,/mnt/data/decoded2/需要获取数据与不需要获数据原文件/需要获取的图片正文数据/数码网报价单-0825更新/手机相关/海信.jpg,1,0.995,visual_0825_vs_0831_pixel_crosscheck_and_header_structure
20260825-b937b7a5fb3c868974eb-01,2026-08-25,手机,device,海信,E序列,E311,,,开机屏好,110.0,元/台,,image_first_visual_crosscheck_high_similarity,海信.jpg,/mnt/data/decoded2/需要获取数据与不需要获数据原文件/需要获取的图片正文数据/数码网报价单-0825更新/手机相关/海信.jpg,1,0.995,visual_0825_vs_0831_pixel_crosscheck_and_header_structure
20260825-5ca970a92312c466b532-01,2026-08-25,手机,device,海信,E序列,E311,,,开机屏坏,110.0,元/台,,image_first_visual_crosscheck_high_similarity,海信.jpg,/mnt/data/decoded2/需要获取数据与不需要获数据原文件/需要获取的图片正文数据/数码网报价单-0825更新/手机相关/海信.jpg,1,0.995,visual_0825_vs_0831_pixel_crosscheck_and_header_structure
20260825-2ce46c58e9a46811c0bd-01,2026-08-25,手机,device,海信,E序列,E311,,,不开机,110.0,元/台,,image_first_visual_crosscheck_high_similarity,海信.jpg,/mnt/data/decoded2/需要获取数据与不需要获数据原文件/需要获取的图片正文数据/数码网报价单-0825更新/手机相关/海信.jpg,1,0.995,visual_0825_vs_0831_pixel_crosscheck_and_header_structure
20260825-cd2645813f2ec686425b-01,2026-08-25,手机,device,海信,E序列,E311,,,废板-整机,110.0,元/台,,image_first_visual_crosscheck_high_similarity,海信.jpg,/mnt/data/decoded2/需要获取数据与不需要获数据原文件/需要获取的图片正文数据/数码网报价单-0825更新/手机相关/海信.jpg,1,0.995,visual_0825_vs_0831_pixel_crosscheck_and_header_structure
20260825-2a63a5940b61ca62e865-01,2026-08-25,手机,device,海信,E序列,E217高配,,,开机屏好,110.0,元/台,,image_first_visual_crosscheck_high_similarity,海信.jpg,/mnt/data/decoded2/需要获取数据与不需要获数据原文件/需要获取的图片正文数据/数码网报价单-0825更新/手机相关/海信.jpg,1,0.995,visual_0825_vs_0831_pixel_crosscheck_and_header_structure
20260825-48c87eb0acd2b7bbe8b7-01,2026-08-25,手机,device,海信,E序列,E217高配,,,开机屏坏,110.0,元/台,,image_first_visual_crosscheck_high_similarity,海信.jpg,/mnt/data/decoded2/需要获取数据与不需要获数据原文件/需要获取的图片正文数据/数码网报价单-0825更新/手机相关/海信.jpg,1,0.995,visual_0825_vs_0831_pixel_crosscheck_and_header_structure
20260825-666f9348dc956c0c6f33-01,2026-08-25,手机,device,海信,E序列,E217高配,,,不开机,110.0,元/台,,image_first_visual_crosscheck_high_similarity,海信.jpg,/mnt/data/decoded2/需要获取数据与不需要获数据原文件/需要获取的图片正文数据/数码网报价单-0825更新/手机相关/海信.jpg,1,0.995,visual_0825_vs_0831_pixel_crosscheck_and_header_structure
20260825-309c035caf97720c7735-01,2026-08-25,手机,device,海信,E序列,E217高配,,,废板-整机,110.0,元/台,,image_first_visual_crosscheck_high_similarity,海信.jpg,/mnt/data/decoded2/需要获取数据与不需要获数据原文件/需要获取的图片正文数据/数码网报价单-0825更新/手机相关/海信.jpg,1,0.995,visual_0825_vs_0831_pixel_crosscheck_and_header_structure
20260825-388a3acfebfb97925199-01,2026-08-25,手机,device,海信,E序列,E500,,,开机屏好,110.0,元/台,,image_first_visual_crosscheck_high_similarity,海信.jpg,/mnt/data/decoded2/需要获取数据与不需要获数据原文件/需要获取的图片正文数据/数码网报价单-0825更新/手机相关/海信.jpg,1,0.995,visual_0825_vs_0831_pixel_crosscheck_and_header_structure
20260825-24b334c14b3b205e6497-01,2026-08-25,手机,device,海信,E序列,E500,,,开机屏坏,110.0,元/台,,image_first_visual_crosscheck_high_similarity,海信.jpg,/mnt/data/decoded2/需要获取数据与不需要获数据原文件/需要获取的图片正文数据/数码网报价单-0825更新/手机相关/海信.jpg,1,0.995,visual_0825_vs_0831_pixel_crosscheck_and_header_structure
20260825-6266759ef8cd2a1af468-01,2026-08-25,手机,device,海信,E序列,E500,,,不开机,110.0,元/台,,image_first_visual_crosscheck_high_similarity,海信.jpg,/mnt/data/decoded2/需要获取数据与不需要获数据原文件/需要获取的图片正文数据/数码网报价单-0825更新/手机相关/海信.jpg,1,0.995,visual_0825_vs_0831_pixel_crosscheck_and_header_structure
20260825-0c17353a59ea0c62fa0b-01,2026-08-25,手机,device,海信,E序列,E500,,,废板-整机,110.0,元/台,,image_first_visual_crosscheck_high_similarity,海信.jpg,/mnt/data/decoded2/需要获取数据与不需要获数据原文件/需要获取的图片正文数据/数码网报价单-0825更新/手机相关/海信.jpg,1,0.995,visual_0825_vs_0831_pixel_crosscheck_and_header_structure
20260825-e8f10ff33862417ffa55-01,2026-08-25,手机,device,海信,E序列,E216,,,开机屏好,110.0,元/台,,image_first_visual_crosscheck_high_similarity,海信.jpg,/mnt/data/decoded2/需要获取数据与不需要获数据原文件/需要获取的图片正文数据/数码网报价单-0825更新/手机相关/海信.jpg,1,0.995,visual_0825_vs_0831_pixel_crosscheck_and_header_structure
20260825-eb00648ebc7031baffa8-01,2026-08-25,手机,device,海信,E序列,E216,,,开机屏坏,110.0,元/台,,image_first_visual_crosscheck_high_similarity,海信.jpg,/mnt/data/decoded2/需要获取数据与不需要获数据原文件/需要获取的图片正文数据/数码网报价单-0825更新/手机相关/海信.jpg,1,0.995,visual_0825_vs_0831_pixel_crosscheck_and_header_structure
20260825-b5c00ffb40e100babd5b-01,2026-08-25,手机,device,海信,E序列,E216,,,不开机,110.0,元/台,,image_first_visual_crosscheck_high_similarity,海信.jpg,/mnt/data/decoded2/需要获取数据与不需要获数据原文件/需要获取的图片正文数据/数码网报价单-0825更新/手机相关/海信.jpg,1,0.995,visual_0825_vs_0831_pixel_crosscheck_and_header_structure
20260825-e22518f01d8de9fdc577-01,2026-08-25,手机,device,海信,E序列,E216,,,废板-整机,110.0,元/台,,image_first_visual_crosscheck_high_similarity,海信.jpg,/mnt/data/decoded2/需要获取数据与不需要获数据原文件/需要获取的图片正文数据/数码网报价单-0825更新/手机相关/海信.jpg,1,0.995,visual_0825_vs_0831_pixel_crosscheck_and_header_structure
20260825-bef76eb93e82a747f794-01,2026-08-25,手机,device,海信,E序列,E300,,,开机屏好,55.0,元/台,,image_first_visual_crosscheck_high_similarity,海信.jpg,/mnt/data/decoded2/需要获取数据与不需要获数据原文件/需要获取的图片正文数据/数码网报价单-0825更新/手机相关/海信.jpg,1,0.995,visual_0825_vs_0831_pixel_crosscheck_and_header_structure
20260825-7766837c72360e9cfbdb-01,2026-08-25,手机,device,海信,E序列,E300,,,开机屏坏,55.0,元/台,,image_first_visual_crosscheck_high_similarity,海信.jpg,/mnt/data/decoded2/需要获取数据与不需要获数据原文件/需要获取的图片正文数据/数码网报价单-0825更新/手机相关/海信.jpg,1,0.995,visual_0825_vs_0831_pixel_crosscheck_and_header_structure
20260825-b370632731261bf8c775-01,2026-08-25,手机,device,海信,E序列,E300,,,不开机,55.0,元/台,,image_first_visual_crosscheck_high_similarity,海信.jpg,/mnt/data/decoded2/需要获取数据与不需要获数据原文件/需要获取的图片正文数据/数码网报价单-0825更新/手机相关/海信.jpg,1,0.995,visual_0825_vs_0831_pixel_crosscheck_and_header_structure
20260825-8ca9b99dee19f4c109ce-01,2026-08-25,手机,device,海信,E序列,E300,,,废板-整机,55.0,元/台,,image_first_visual_crosscheck_high_similarity,海信.jpg,/mnt/data/decoded2/需要获取数据与不需要获数据原文件/需要获取的图片正文数据/数码网报价单-0825更新/手机相关/海信.jpg,1,0.995,visual_0825_vs_0831_pixel_crosscheck_and_header_structure
20260825-490925ead2e71608ae9b-01,2026-08-25,手机,device,海信,E序列,E217低配,,,开机屏好,55.0,元/台,,image_first_visual_crosscheck_high_similarity,海信.jpg,/mnt/data/decoded2/需要获取数据与不需要获数据原文件/需要获取的图片正文数据/数码网报价单-0825更新/手机相关/海信.jpg,1,0.995,visual_0825_vs_0831_pixel_crosscheck_and_header_structure
20260825-cc34b357ee4301698d80-01,2026-08-25,手机,device,海信,E序列,E217低配,,,开机屏坏,55.0,元/台,,image_first_visual_crosscheck_high_similarity,海信.jpg,/mnt/data/decoded2/需要获取数据与不需要获数据原文件/需要获取的图片正文数据/数码网报价单-0825更新/手机相关/海信.jpg,1,0.995,visual_0825_vs_0831_pixel_crosscheck_and_header_structure
20260825-3221f2ee4b0c4e81c7ef-01,2026-08-25,手机,device,海信,E序列,E217低配,,,不开机,55.0,元/台,,image_first_visual_crosscheck_high_similarity,海信.jpg,/mnt/data/decoded2/需要获取数据与不需要获数据原文件/需要获取的图片正文数据/数码网报价单-0825更新/手机相关/海信.jpg,1,0.995,visual_0825_vs_0831_pixel_crosscheck_and_header_structure
20260825-045691ac912cf806bf22-01,2026-08-25,手机,device,海信,E序列,E217低配,,,废板-整机,55.0,元/台,,image_first_visual_crosscheck_high_similarity,海信.jpg,/mnt/data/decoded2/需要获取数据与不需要获数据原文件/需要获取的图片正文数据/数码网报价单-0825更新/手机相关/海信.jpg,1,0.995,visual_0825_vs_0831_pixel_crosscheck_and_header_structure
20260825-c6047e91d080821aa22e-01,2026-08-25,手机,device,海信,E序列,E202,,,开机屏好,55.0,元/台,,image_first_visual_crosscheck_high_similarity,海信.jpg,/mnt/data/decoded2/需要获取数据与不需要获数据原文件/需要获取的图片正文数据/数码网报价单-0825更新/手机相关/海信.jpg,1,0.995,visual_0825_vs_0831_pixel_crosscheck_and_header_structure
20260825-23461e19a49a7a855d3c-01,2026-08-25,手机,device,海信,E序列,E202,,,开机屏坏,55.0,元/台,,image_first_visual_crosscheck_high_similarity,海信.jpg,/mnt/data/decoded2/需要获取数据与不需要获数据原文件/需要获取的图片正文数据/数码网报价单-0825更新/手机相关/海信.jpg,1,0.995,visual_0825_vs_0831_pixel_crosscheck_and_header_structure
20260825-4bec8cee1c45eafd757a-01,2026-08-25,手机,device,海信,E序列,E202,,,不开机,55.0,元/台,,image_first_visual_crosscheck_high_similarity,海信.jpg,/mnt/data/decoded2/需要获取数据与不需要获数据原文件/需要获取的图片正文数据/数码网报价单-0825更新/手机相关/海信.jpg,1,0.995,visual_0825_vs_0831_pixel_crosscheck_and_header_structure
20260825-69d0b21a890b700e4715-01,2026-08-25,手机,device,海信,E序列,E202,,,废板-整机,55.0,元/台,,image_first_visual_crosscheck_high_similarity,海信.jpg,/mnt/data/decoded2/需要获取数据与不需要获数据原文件/需要获取的图片正文数据/数码网报价单-0825更新/手机相关/海信.jpg,1,0.995,visual_0825_vs_0831_pixel_crosscheck_and_header_structure
20260825-bce622cdb01d54df024b-01,2026-08-25,手机,device,海信,E序列,E200,,,开机屏好,55.0,元/台,,image_first_visual_crosscheck_high_similarity,海信.jpg,/mnt/data/decoded2/需要获取数据与不需要获数据原文件/需要获取的图片正文数据/数码网报价单-0825更新/手机相关/海信.jpg,1,0.995,visual_0825_vs_0831_pixel_crosscheck_and_header_structure
20260825-b95c963cab8f7503e8e4-01,2026-08-25,手机,device,海信,E序列,E200,,,开机屏坏,55.0,元/台,,image_first_visual_crosscheck_high_similarity,海信.jpg,/mnt/data/decoded2/需要获取数据与不需要获数据原文件/需要获取的图片正文数据/数码网报价单-0825更新/手机相关/海信.jpg,1,0.995,visual_0825_vs_0831_pixel_crosscheck_and_header_structure
20260825-a8e09a1c098394977c83-01,2026-08-25,手机,device,海信,E序列,E200,,,不开机,55.0,元/台,,image_first_visual_crosscheck_high_similarity,海信.jpg,/mnt/data/decoded2/需要获取数据与不需要获数据原文件/需要获取的图片正文数据/数码网报价单-0825更新/手机相关/海信.jpg,1,0.995,visual_0825_vs_0831_pixel_crosscheck_and_header_structure
20260825-fe68dfd6b096ff7209bb-01,2026-08-25,手机,device,海信,E序列,E200,,,废板-整机,55.0,元/台,,image_first_visual_crosscheck_high_similarity,海信.jpg,/mnt/data/decoded2/需要获取数据与不需要获数据原文件/需要获取的图片正文数据/数码网报价单-0825更新/手机相关/海信.jpg,1,0.995,visual_0825_vs_0831_pixel_crosscheck_and_header_structure
20260825-7d022b159ac2ec98f12a-01,2026-08-25,手机,device,海信,型号,M30,,,开机屏好,11.0,元/台,,image_first_visual_crosscheck_high_similarity,海信.jpg,/mnt/data/decoded2/需要获取数据与不需要获数据原文件/需要获取的图片正文数据/数码网报价单-0825更新/手机相关/海信.jpg,1,0.995,visual_0825_vs_0831_pixel_crosscheck_and_header_structure
20260825-7c5b7c272b99bfcce686-01,2026-08-25,手机,device,海信,型号,M30,,,开机屏坏,11.0,元/台,,image_first_visual_crosscheck_high_similarity,海信.jpg,/mnt/data/decoded2/需要获取数据与不需要获数据原文件/需要获取的图片正文数据/数码网报价单-0825更新/手机相关/海信.jpg,1,0.995,visual_0825_vs_0831_pixel_crosscheck_and_header_structure
20260825-568703d7532fc515cfbf-01,2026-08-25,手机,device,海信,型号,M30,,,不开机,11.0,元/台,,image_first_visual_crosscheck_high_similarity,海信.jpg,/mnt/data/decoded2/需要获取数据与不需要获数据原文件/需要获取的图片正文数据/数码网报价单-0825更新/手机相关/海信.jpg,1,0.995,visual_0825_vs_0831_pixel_crosscheck_and_header_structure
20260825-7e4a3a41a3aa7ee51e88-01,2026-08-25,手机,device,海信,型号,M30,,,废板-整机,11.0,元/台,,image_first_visual_crosscheck_high_similarity,海信.jpg,/mnt/data/decoded2/需要获取数据与不需要获数据原文件/需要获取的图片正文数据/数码网报价单-0825更新/手机相关/海信.jpg,1,0.995,visual_0825_vs_0831_pixel_crosscheck_and_header_structure
20260825-213351c0fa57f7a92cde-01,2026-08-25,手机,device,海信,型号,A6L双屏,,,开机屏好,60.0,元/台,,image_first_visual_crosscheck_high_similarity,海信.jpg,/mnt/data/decoded2/需要获取数据与不需要获数据原文件/需要获取的图片正文数据/数码网报价单-0825更新/手机相关/海信.jpg,1,0.995,visual_0825_vs_0831_pixel_crosscheck_and_header_structure
20260825-c021c87c56447899e47a-01,2026-08-25,手机,device,海信,型号,A6L双屏,,,开机屏坏,45.0,元/台,,image_first_visual_crosscheck_high_similarity,海信.jpg,/mnt/data/decoded2/需要获取数据与不需要获数据原文件/需要获取的图片正文数据/数码网报价单-0825更新/手机相关/海信.jpg,1,0.995,visual_0825_vs_0831_pixel_crosscheck_and_header_structure
20260825-662c95e9849feec4311e-01,2026-08-25,手机,device,海信,型号,A6L双屏,,,不开机,45.0,元/台,,image_first_visual_crosscheck_high_similarity,海信.jpg,/mnt/data/decoded2/需要获取数据与不需要获数据原文件/需要获取的图片正文数据/数码网报价单-0825更新/手机相关/海信.jpg,1,0.995,visual_0825_vs_0831_pixel_crosscheck_and_header_structure
20260825-87cdb983f6b7111c4f0c-01,2026-08-25,手机,device,海信,型号,A6L双屏,,,废板-整机,25.0,元/台,,image_first_visual_crosscheck_high_similarity,海信.jpg,/mnt/data/decoded2/需要获取数据与不需要获数据原文件/需要获取的图片正文数据/数码网报价单-0825更新/手机相关/海信.jpg,1,0.995,visual_0825_vs_0831_pixel_crosscheck_and_header_structure
20260825-02386fb012376ac78e5a-01,2026-08-25,手机,device,海信,墨水屏,A9,,,开机屏好,400.0,元/台,,image_first_visual_crosscheck_high_similarity,海信.jpg,/mnt/data/decoded2/需要获取数据与不需要获数据原文件/需要获取的图片正文数据/数码网报价单-0825更新/手机相关/海信.jpg,1,0.995,visual_0825_vs_0831_pixel_crosscheck_and_header_structure
20260825-cfa43663f1c28f8b4ff1-01,2026-08-25,手机,device,海信,墨水屏,A9,,,开机屏坏,85.0,元/台,,image_first_visual_crosscheck_high_similarity,海信.jpg,/mnt/data/decoded2/需要获取数据与不需要获数据原文件/需要获取的图片正文数据/数码网报价单-0825更新/手机相关/海信.jpg,1,0.995,visual_0825_vs_0831_pixel_crosscheck_and_header_structure
20260825-ee62ef48dff503858353-01,2026-08-25,手机,device,海信,墨水屏,A9,,,不开机,85.0,元/台,,image_first_visual_crosscheck_high_similarity,海信.jpg,/mnt/data/decoded2/需要获取数据与不需要获数据原文件/需要获取的图片正文数据/数码网报价单-0825更新/手机相关/海信.jpg,1,0.995,visual_0825_vs_0831_pixel_crosscheck_and_header_structure
20260825-432146061ec112bdc0ab-01,2026-08-25,手机,device,海信,墨水屏,A9,,,废板-整机,85.0,元/台,,image_first_visual_crosscheck_high_similarity,海信.jpg,/mnt/data/decoded2/需要获取数据与不需要获数据原文件/需要获取的图片正文数据/数码网报价单-0825更新/手机相关/海信.jpg,1,0.995,visual_0825_vs_0831_pixel_crosscheck_and_header_structure
20260825-82035d3eb8ff7fbcd675-01,2026-08-25,手机,device,海信,墨水屏,A7,,,开机屏好,400.0,元/台,,image_first_visual_crosscheck_high_similarity,海信.jpg,/mnt/data/decoded2/需要获取数据与不需要获数据原文件/需要获取的图片正文数据/数码网报价单-0825更新/手机相关/海信.jpg,1,0.995,visual_0825_vs_0831_pixel_crosscheck_and_header_structure
20260825-b1bed7633586b31cfbbc-01,2026-08-25,手机,device,海信,墨水屏,A7,,,开机屏坏,85.0,元/台,,image_first_visual_crosscheck_high_similarity,海信.jpg,/mnt/data/decoded2/需要获取数据与不需要获数据原文件/需要获取的图片正文数据/数码网报价单-0825更新/手机相关/海信.jpg,1,0.995,visual_0825_vs_0831_pixel_crosscheck_and_header_structure
20260825-50d68a4a7496f4a86336-01,2026-08-25,手机,device,海信,墨水屏,A7,,,不开机,85.0,元/台,,image_first_visual_crosscheck_high_similarity,海信.jpg,/mnt/data/decoded2/需要获取数据与不需要获数据原文件/需要获取的图片正文数据/数码网报价单-0825更新/手机相关/海信.jpg,1,0.995,visual_0825_vs_0831_pixel_crosscheck_and_header_structure
20260825-bcd80ba8057457f81074-01,2026-08-25,手机,device,海信,墨水屏,A7,,,废板-整机,85.0,元/台,,image_first_visual_crosscheck_high_similarity,海信.jpg,/mnt/data/decoded2/需要获取数据与不需要获数据原文件/需要获取的图片正文数据/数码网报价单-0825更新/手机相关/海信.jpg,1,0.995,visual_0825_vs_0831_pixel_crosscheck_and_header_structure
20260825-2ae929ac40ce9d530b4c-01,2026-08-25,手机,device,海信,墨水屏,A7cc版,,,开机屏好,400.0,元/台,,image_first_visual_crosscheck_high_similarity,海信.jpg,/mnt/data/decoded2/需要获取数据与不需要获数据原文件/需要获取的图片正文数据/数码网报价单-0825更新/手机相关/海信.jpg,1,0.995,visual_0825_vs_0831_pixel_crosscheck_and_header_structure
20260825-44c8c966278237c7658a-01,2026-08-25,手机,device,海信,墨水屏,A7cc版,,,开机屏坏,85.0,元/台,,image_first_visual_crosscheck_high_similarity,海信.jpg,/mnt/data/decoded2/需要获取数据与不需要获数据原文件/需要获取的图片正文数据/数码网报价单-0825更新/手机相关/海信.jpg,1,0.995,visual_0825_vs_0831_pixel_crosscheck_and_header_structure
20260825-950f3d2e55e53b3f6c65-01,2026-08-25,手机,device,海信,墨水屏,A7cc版,,,不开机,85.0,元/台,,image_first_visual_crosscheck_high_similarity,海信.jpg,/mnt/data/decoded2/需要获取数据与不需要获数据原文件/需要获取的图片正文数据/数码网报价单-0825更新/手机相关/海信.jpg,1,0.995,visual_0825_vs_0831_pixel_crosscheck_and_header_structure
20260825-f4ec8d51decc396191ed-01,2026-08-25,手机,device,海信,墨水屏,A7cc版,,,废板-整机,85.0,元/台,,image_first_visual_crosscheck_high_similarity,海信.jpg,/mnt/data/decoded2/需要获取数据与不需要获数据原文件/需要获取的图片正文数据/数码网报价单-0825更新/手机相关/海信.jpg,1,0.995,visual_0825_vs_0831_pixel_crosscheck_and_header_structure
20260825-0f456ed284a08c3f000e-01,2026-08-25,手机,device,海信,墨水屏,TOUCH LITE,,,开机屏好,320.0,元/台,,image_first_visual_crosscheck_high_similarity,海信.jpg,/mnt/data/decoded2/需要获取数据与不需要获数据原文件/需要获取的图片正文数据/数码网报价单-0825更新/手机相关/海信.jpg,1,0.995,visual_0825_vs_0831_pixel_crosscheck_and_header_structure
20260825-e9fb1ebc27ae1aa99049-01,2026-08-25,手机,device,海信,墨水屏,TOUCH LITE,,,开机屏坏,85.0,元/台,,image_first_visual_crosscheck_high_similarity,海信.jpg,/mnt/data/decoded2/需要获取数据与不需要获数据原文件/需要获取的图片正文数据/数码网报价单-0825更新/手机相关/海信.jpg,1,0.995,visual_0825_vs_0831_pixel_crosscheck_and_header_structure
20260825-dd23b79facab306bbbe2-01,2026-08-25,手机,device,海信,墨水屏,TOUCH LITE,,,不开机,85.0,元/台,,image_first_visual_crosscheck_high_similarity,海信.jpg,/mnt/data/decoded2/需要获取数据与不需要获数据原文件/需要获取的图片正文数据/数码网报价单-0825更新/手机相关/海信.jpg,1,0.995,visual_0825_vs_0831_pixel_crosscheck_and_header_structure
20260825-5beaa0ffadb6458c4d8e-01,2026-08-25,手机,device,海信,墨水屏,TOUCH LITE,,,废板-整机,85.0,元/台,,image_first_visual_crosscheck_high_similarity,海信.jpg,/mnt/data/decoded2/需要获取数据与不需要获数据原文件/需要获取的图片正文数据/数码网报价单-0825更新/手机相关/海信.jpg,1,0.995,visual_0825_vs_0831_pixel_crosscheck_and_header_structure
20260825-68eb16421ca073b0a4e1-01,2026-08-25,手机,device,海信,墨水屏,A5pro,,,开机屏好,210.0,元/台,,image_first_visual_crosscheck_high_similarity,海信.jpg,/mnt/data/decoded2/需要获取数据与不需要获数据原文件/需要获取的图片正文数据/数码网报价单-0825更新/手机相关/海信.jpg,1,0.995,visual_0825_vs_0831_pixel_crosscheck_and_header_structure
20260825-ff1800ef86e8c6ef1cc1-01,2026-08-25,手机,device,海信,墨水屏,A5pro,,,开机屏坏,85.0,元/台,,image_first_visual_crosscheck_high_similarity,海信.jpg,/mnt/data/decoded2/需要获取数据与不需要获数据原文件/需要获取的图片正文数据/数码网报价单-0825更新/手机相关/海信.jpg,1,0.995,visual_0825_vs_0831_pixel_crosscheck_and_header_structure
20260825-457a4231621673082a19-01,2026-08-25,手机,device,海信,墨水屏,A5pro,,,不开机,85.0,元/台,,image_first_visual_crosscheck_high_similarity,海信.jpg,/mnt/data/decoded2/需要获取数据与不需要获数据原文件/需要获取的图片正文数据/数码网报价单-0825更新/手机相关/海信.jpg,1,0.995,visual_0825_vs_0831_pixel_crosscheck_and_header_structure
20260825-c97eef32ce67a7898814-01,2026-08-25,手机,device,海信,墨水屏,A5pro,,,废板-整机,85.0,元/台,,image_first_visual_crosscheck_high_similarity,海信.jpg,/mnt/data/decoded2/需要获取数据与不需要获数据原文件/需要获取的图片正文数据/数码网报价单-0825更新/手机相关/海信.jpg,1,0.995,visual_0825_vs_0831_pixel_crosscheck_and_header_structure
20260825-70b9882e158cbad7a00a-01,2026-08-25,手机,device,美图,V系列,V7,,,开机屏好,70.0,元/台,,image_first_visual_crosscheck_high_similarity,美图.jpg,/mnt/data/decoded2/需要获取数据与不需要获数据原文件/需要获取的图片正文数据/数码网报价单-0825更新/手机相关/美图.jpg,1,0.995,visual_0825_vs_0831_pixel_crosscheck_and_header_structure
20260825-cc2ca9cc93d500e096cc-01,2026-08-25,手机,device,美图,V系列,V7,,,开机屏坏,70.0,元/台,,image_first_visual_crosscheck_high_similarity,美图.jpg,/mnt/data/decoded2/需要获取数据与不需要获数据原文件/需要获取的图片正文数据/数码网报价单-0825更新/手机相关/美图.jpg,1,0.995,visual_0825_vs_0831_pixel_crosscheck_and_header_structure
20260825-5a7a75b725f671073779-01,2026-08-25,手机,device,美图,V系列,V7,,,不开机,70.0,元/台,,image_first_visual_crosscheck_high_similarity,美图.jpg,/mnt/data/decoded2/需要获取数据与不需要获数据原文件/需要获取的图片正文数据/数码网报价单-0825更新/手机相关/美图.jpg,1,0.995,visual_0825_vs_0831_pixel_crosscheck_and_header_structure
20260825-ad16814feabe304532ee-01,2026-08-25,手机,device,美图,V系列,V7,,,废板-整机,70.0,元/台,,image_first_visual_crosscheck_high_similarity,美图.jpg,/mnt/data/decoded2/需要获取数据与不需要获数据原文件/需要获取的图片正文数据/数码网报价单-0825更新/手机相关/美图.jpg,1,0.995,visual_0825_vs_0831_pixel_crosscheck_and_header_structure
20260825-603c8ebec75d733491e7-01,2026-08-25,手机,device,美图,V系列,V6,,,开机屏好,45.0,元/台,,image_first_visual_crosscheck_high_similarity,美图.jpg,/mnt/data/decoded2/需要获取数据与不需要获数据原文件/需要获取的图片正文数据/数码网报价单-0825更新/手机相关/美图.jpg,1,0.995,visual_0825_vs_0831_pixel_crosscheck_and_header_structure
20260825-6122271df1239dc97046-01,2026-08-25,手机,device,美图,V系列,V6,,,开机屏坏,45.0,元/台,,image_first_visual_crosscheck_high_similarity,美图.jpg,/mnt/data/decoded2/需要获取数据与不需要获数据原文件/需要获取的图片正文数据/数码网报价单-0825更新/手机相关/美图.jpg,1,0.995,visual_0825_vs_0831_pixel_crosscheck_and_header_structure
20260825-533ef16c928414802ec1-01,2026-08-25,手机,device,美图,V系列,V6,,,不开机,45.0,元/台,,image_first_visual_crosscheck_high_similarity,美图.jpg,/mnt/data/decoded2/需要获取数据与不需要获数据原文件/需要获取的图片正文数据/数码网报价单-0825更新/手机相关/美图.jpg,1,0.995,visual_0825_vs_0831_pixel_crosscheck_and_header_structure
20260825-9c4dbd6d08beb8b33166-01,2026-08-25,手机,device,美图,V系列,V6,,,废板-整机,45.0,元/台,,image_first_visual_crosscheck_high_similarity,美图.jpg,/mnt/data/decoded2/需要获取数据与不需要获数据原文件/需要获取的图片正文数据/数码网报价单-0825更新/手机相关/美图.jpg,1,0.995,visual_0825_vs_0831_pixel_crosscheck_and_header_structure
20260825-c3641fe9e6ffc0a97643-01,2026-08-25,手机,device,美图,V系列,V4s,,,开机屏好,25.0,元/台,,image_first_visual_crosscheck_high_similarity,美图.jpg,/mnt/data/decoded2/需要获取数据与不需要获数据原文件/需要获取的图片正文数据/数码网报价单-0825更新/手机相关/美图.jpg,1,0.995,visual_0825_vs_0831_pixel_crosscheck_and_header_structure
20260825-dd7d5e7d7d136a747c5e-01,2026-08-25,手机,device,美图,V系列,V4s,,,开机屏坏,25.0,元/台,,image_first_visual_crosscheck_high_similarity,美图.jpg,/mnt/data/decoded2/需要获取数据与不需要获数据原文件/需要获取的图片正文数据/数码网报价单-0825更新/手机相关/美图.jpg,1,0.995,visual_0825_vs_0831_pixel_crosscheck_and_header_structure
20260825-acadd60c9c2087df43b5-01,2026-08-25,手机,device,美图,V系列,V4s,,,不开机,25.0,元/台,,image_first_visual_crosscheck_high_similarity,美图.jpg,/mnt/data/decoded2/需要获取数据与不需要获数据原文件/需要获取的图片正文数据/数码网报价单-0825更新/手机相关/美图.jpg,1,0.995,visual_0825_vs_0831_pixel_crosscheck_and_header_structure
20260825-3f4a9a5b66d3fe0d1a56-01,2026-08-25,手机,device,美图,V系列,V4s,,,废板-整机,25.0,元/台,,image_first_visual_crosscheck_high_similarity,美图.jpg,/mnt/data/decoded2/需要获取数据与不需要获数据原文件/需要获取的图片正文数据/数码网报价单-0825更新/手机相关/美图.jpg,1,0.995,visual_0825_vs_0831_pixel_crosscheck_and_header_structure
20260825-92a9b526065b04292142-01,2026-08-25,手机,device,美图,V系列,V4,,,开机屏好,25.0,元/台,,image_first_visual_crosscheck_high_similarity,美图.jpg,/mnt/data/decoded2/需要获取数据与不需要获数据原文件/需要获取的图片正文数据/数码网报价单-0825更新/手机相关/美图.jpg,1,0.995,visual_0825_vs_0831_pixel_crosscheck_and_header_structure
20260825-2e60bfb82e4829cea2b5-01,2026-08-25,手机,device,美图,V系列,V4,,,开机屏坏,25.0,元/台,,image_first_visual_crosscheck_high_similarity,美图.jpg,/mnt/data/decoded2/需要获取数据与不需要获数据原文件/需要获取的图片正文数据/数码网报价单-0825更新/手机相关/美图.jpg,1,0.995,visual_0825_vs_0831_pixel_crosscheck_and_header_structure
20260825-0fd871c5a4f8c7afdedc-01,2026-08-25,手机,device,美图,V系列,V4,,,不开机,25.0,元/台,,image_first_visual_crosscheck_high_similarity,美图.jpg,/mnt/data/decoded2/需要获取数据与不需要获数据原文件/需要获取的图片正文数据/数码网报价单-0825更新/手机相关/美图.jpg,1,0.995,visual_0825_vs_0831_pixel_crosscheck_and_header_structure
20260825-c4b10aca0f573a4a61f4-01,2026-08-25,手机,device,美图,V系列,V4,,,废板-整机,25.0,元/台,,image_first_visual_crosscheck_high_similarity,美图.jpg,/mnt/data/decoded2/需要获取数据与不需要获数据原文件/需要获取的图片正文数据/数码网报价单-0825更新/手机相关/美图.jpg,1,0.995,visual_0825_vs_0831_pixel_crosscheck_and_header_structure
20260825-5105b0ffd913bd9ac8ad-01,2026-08-25,手机,device,美图,T系列,小T9,,,开机屏好,120.0,元/台,,image_first_visual_crosscheck_high_similarity,美图.jpg,/mnt/data/decoded2/需要获取数据与不需要获数据原文件/需要获取的图片正文数据/数码网报价单-0825更新/手机相关/美图.jpg,1,0.995,visual_0825_vs_0831_pixel_crosscheck_and_header_structure
20260825-2f4aab322d44089b7df7-01,2026-08-25,手机,device,美图,T系列,小T9,,,开机屏坏,120.0,元/台,,image_first_visual_crosscheck_high_similarity,美图.jpg,/mnt/data/decoded2/需要获取数据与不需要获数据原文件/需要获取的图片正文数据/数码网报价单-0825更新/手机相关/美图.jpg,1,0.995,visual_0825_vs_0831_pixel_crosscheck_and_header_structure
20260825-a5baa4c7a2d1118a91e7-01,2026-08-25,手机,device,美图,T系列,小T9,,,不开机,120.0,元/台,,image_first_visual_crosscheck_high_similarity,美图.jpg,/mnt/data/decoded2/需要获取数据与不需要获数据原文件/需要获取的图片正文数据/数码网报价单-0825更新/手机相关/美图.jpg,1,0.995,visual_0825_vs_0831_pixel_crosscheck_and_header_structure
20260825-97443c7e9645bcbaea4d-01,2026-08-25,手机,device,美图,T系列,小T9,,,废板-整机,120.0,元/台,,image_first_visual_crosscheck_high_similarity,美图.jpg,/mnt/data/decoded2/需要获取数据与不需要获数据原文件/需要获取的图片正文数据/数码网报价单-0825更新/手机相关/美图.jpg,1,0.995,visual_0825_vs_0831_pixel_crosscheck_and_header_structure
20260825-354720c049db7b58d139-01,2026-08-25,手机,device,美图,T系列,T9,,,开机屏好,150.0,元/台,,image_first_visual_crosscheck_high_similarity,美图.jpg,/mnt/data/decoded2/需要获取数据与不需要获数据原文件/需要获取的图片正文数据/数码网报价单-0825更新/手机相关/美图.jpg,1,0.995,visual_0825_vs_0831_pixel_crosscheck_and_header_structure
20260825-83f5854b2162728920d2-01,2026-08-25,手机,device,美图,T系列,T9,,,开机屏坏,150.0,元/台,,image_first_visual_crosscheck_high_similarity,美图.jpg,/mnt/data/decoded2/需要获取数据与不需要获数据原文件/需要获取的图片正文数据/数码网报价单-0825更新/手机相关/美图.jpg,1,0.995,visual_0825_vs_0831_pixel_crosscheck_and_header_structure
20260825-30f20ac7e14045aafb18-01,2026-08-25,手机,device,美图,T系列,T9,,,不开机,150.0,元/台,,image_first_visual_crosscheck_high_similarity,美图.jpg,/mnt/data/decoded2/需要获取数据与不需要获数据原文件/需要获取的图片正文数据/数码网报价单-0825更新/手机相关/美图.jpg,1,0.995,visual_0825_vs_0831_pixel_crosscheck_and_header_structure
20260825-9cdc12f4dcab512b9ab7-01,2026-08-25,手机,device,美图,T系列,T9,,,废板-整机,150.0,元/台,,image_first_visual_crosscheck_high_similarity,美图.jpg,/mnt/data/decoded2/需要获取数据与不需要获数据原文件/需要获取的图片正文数据/数码网报价单-0825更新/手机相关/美图.jpg,1,0.995,visual_0825_vs_0831_pixel_crosscheck_and_header_structure
20260825-fc879af6ca66599d6c3c-01,2026-08-25,手机,device,美图,T系列,T8s,,,开机屏好,75.0,元/台,,image_first_visual_crosscheck_high_similarity,美图.jpg,/mnt/data/decoded2/需要获取数据与不需要获数据原文件/需要获取的图片正文数据/数码网报价单-0825更新/手机相关/美图.jpg,1,0.995,visual_0825_vs_0831_pixel_crosscheck_and_header_structure
20260825-157f0513357a90d46073-01,2026-08-25,手机,device,美图,T系列,T8s,,,开机屏坏,75.0,元/台,,image_first_visual_crosscheck_high_similarity,美图.jpg,/mnt/data/decoded2/需要获取数据与不需要获数据原文件/需要获取的图片正文数据/数码网报价单-0825更新/手机相关/美图.jpg,1,0.995,visual_0825_vs_0831_pixel_crosscheck_and_header_structure
20260825-15d74644775d93eadca7-01,2026-08-25,手机,device,美图,T系列,T8s,,,不开机,75.0,元/台,,image_first_visual_crosscheck_high_similarity,美图.jpg,/mnt/data/decoded2/需要获取数据与不需要获数据原文件/需要获取的图片正文数据/数码网报价单-0825更新/手机相关/美图.jpg,1,0.995,visual_0825_vs_0831_pixel_crosscheck_and_header_structure
20260825-95e9057acd916f622c2b-01,2026-08-25,手机,device,美图,T系列,T8s,,,废板-整机,75.0,元/台,,image_first_visual_crosscheck_high_similarity,美图.jpg,/mnt/data/decoded2/需要获取数据与不需要获数据原文件/需要获取的图片正文数据/数码网报价单-0825更新/手机相关/美图.jpg,1,0.995,visual_0825_vs_0831_pixel_crosscheck_and_header_structure
20260825-4ae96dbe7c64f70f057d-01,2026-08-25,手机,device,美图,T系列,T8,,,开机屏好,75.0,元/台,,image_first_visual_crosscheck_high_similarity,美图.jpg,/mnt/data/decoded2/需要获取数据与不需要获数据原文件/需要获取的图片正文数据/数码网报价单-0825更新/手机相关/美图.jpg,1,0.995,visual_0825_vs_0831_pixel_crosscheck_and_header_structure
20260825-1101e3d6baa3f79f0adf-01,2026-08-25,手机,device,美图,T系列,T8,,,开机屏坏,75.0,元/台,,image_first_visual_crosscheck_high_similarity,美图.jpg,/mnt/data/decoded2/需要获取数据与不需要获数据原文件/需要获取的图片正文数据/数码网报价单-0825更新/手机相关/美图.jpg,1,0.995,visual_0825_vs_0831_pixel_crosscheck_and_header_structure
20260825-6c8afaae7a341f2f5f30-01,2026-08-25,手机,device,美图,T系列,T8,,,不开机,75.0,元/台,,image_first_visual_crosscheck_high_similarity,美图.jpg,/mnt/data/decoded2/需要获取数据与不需要获数据原文件/需要获取的图片正文数据/数码网报价单-0825更新/手机相关/美图.jpg,1,0.995,visual_0825_vs_0831_pixel_crosscheck_and_header_structure
20260825-5f80beb058dd144b47d6-01,2026-08-25,手机,device,美图,T系列,T8,,,废板-整机,75.0,元/台,,image_first_visual_crosscheck_high_similarity,美图.jpg,/mnt/data/decoded2/需要获取数据与不需要获数据原文件/需要获取的图片正文数据/数码网报价单-0825更新/手机相关/美图.jpg,1,0.995,visual_0825_vs_0831_pixel_crosscheck_and_header_structure
20260825-4c46655641a5b805abc5-01,2026-08-25,手机,device,美图,M系列,M8s,,,开机屏好,70.0,元/台,,image_first_visual_crosscheck_high_similarity,美图.jpg,/mnt/data/decoded2/需要获取数据与不需要获数据原文件/需要获取的图片正文数据/数码网报价单-0825更新/手机相关/美图.jpg,1,0.995,visual_0825_vs_0831_pixel_crosscheck_and_header_structure
20260825-e4f3ff5a1aa501199af7-01,2026-08-25,手机,device,美图,M系列,M8s,,,开机屏坏,70.0,元/台,,image_first_visual_crosscheck_high_similarity,美图.jpg,/mnt/data/decoded2/需要获取数据与不需要获数据原文件/需要获取的图片正文数据/数码网报价单-0825更新/手机相关/美图.jpg,1,0.995,visual_0825_vs_0831_pixel_crosscheck_and_header_structure
20260825-113a8a34d31e9b73a4f5-01,2026-08-25,手机,device,美图,M系列,M8s,,,不开机,70.0,元/台,,image_first_visual_crosscheck_high_similarity,美图.jpg,/mnt/data/decoded2/需要获取数据与不需要获数据原文件/需要获取的图片正文数据/数码网报价单-0825更新/手机相关/美图.jpg,1,0.995,visual_0825_vs_0831_pixel_crosscheck_and_header_structure
20260825-0cfe4356b784893372b4-01,2026-08-25,手机,device,美图,M系列,M8s,,,废板-整机,70.0,元/台,,image_first_visual_crosscheck_high_similarity,美图.jpg,/mnt/data/decoded2/需要获取数据与不需要获数据原文件/需要获取的图片正文数据/数码网报价单-0825更新/手机相关/美图.jpg,1,0.995,visual_0825_vs_0831_pixel_crosscheck_and_header_structure
20260825-aaeba0f9fb75d19a941b-01,2026-08-25,手机,device,美图,M系列,M8,,,开机屏好,70.0,元/台,,image_first_visual_crosscheck_high_similarity,美图.jpg,/mnt/data/decoded2/需要获取数据与不需要获数据原文件/需要获取的图片正文数据/数码网报价单-0825更新/手机相关/美图.jpg,1,0.995,visual_0825_vs_0831_pixel_crosscheck_and_header_structure
20260825-c2cd85379487c472723a-01,2026-08-25,手机,device,美图,M系列,M8,,,开机屏坏,70.0,元/台,,image_first_visual_crosscheck_high_similarity,美图.jpg,/mnt/data/decoded2/需要获取数据与不需要获数据原文件/需要获取的图片正文数据/数码网报价单-0825更新/手机相关/美图.jpg,1,0.995,visual_0825_vs_0831_pixel_crosscheck_and_header_structure
20260825-55d7cf75d87b219ed4e3-01,2026-08-25,手机,device,美图,M系列,M8,,,不开机,70.0,元/台,,image_first_visual_crosscheck_high_similarity,美图.jpg,/mnt/data/decoded2/需要获取数据与不需要获数据原文件/需要获取的图片正文数据/数码网报价单-0825更新/手机相关/美图.jpg,1,0.995,visual_0825_vs_0831_pixel_crosscheck_and_header_structure
20260825-4d0ede74ef8028b0fea8-01,2026-08-25,手机,device,美图,M系列,M8,,,废板-整机,70.0,元/台,,image_first_visual_crosscheck_high_similarity,美图.jpg,/mnt/data/decoded2/需要获取数据与不需要获数据原文件/需要获取的图片正文数据/数码网报价单-0825更新/手机相关/美图.jpg,1,0.995,visual_0825_vs_0831_pixel_crosscheck_and_header_structure
20260825-9b00e649cd3664b0bd98-01,2026-08-25,手机,device,美图,M系列,M6s,,,开机屏好,80.0,元/台,,image_first_visual_crosscheck_high_similarity,美图.jpg,/mnt/data/decoded2/需要获取数据与不需要获数据原文件/需要获取的图片正文数据/数码网报价单-0825更新/手机相关/美图.jpg,1,0.995,visual_0825_vs_0831_pixel_crosscheck_and_header_structure
20260825-fcaf9b98736a1ea1f92e-01,2026-08-25,手机,device,美图,M系列,M6s,,,开机屏坏,80.0,元/台,,image_first_visual_crosscheck_high_similarity,美图.jpg,/mnt/data/decoded2/需要获取数据与不需要获数据原文件/需要获取的图片正文数据/数码网报价单-0825更新/手机相关/美图.jpg,1,0.995,visual_0825_vs_0831_pixel_crosscheck_and_header_structure
20260825-5b2bc0dbfa98f664d3e5-01,2026-08-25,手机,device,美图,M系列,M6s,,,不开机,80.0,元/台,,image_first_visual_crosscheck_high_similarity,美图.jpg,/mnt/data/decoded2/需要获取数据与不需要获数据原文件/需要获取的图片正文数据/数码网报价单-0825更新/手机相关/美图.jpg,1,0.995,visual_0825_vs_0831_pixel_crosscheck_and_header_structure
20260825-1f3ff35af883d49351c9-01,2026-08-25,手机,device,美图,M系列,M6s,,,废板-整机,80.0,元/台,,image_first_visual_crosscheck_high_similarity,美图.jpg,/mnt/data/decoded2/需要获取数据与不需要获数据原文件/需要获取的图片正文数据/数码网报价单-0825更新/手机相关/美图.jpg,1,0.995,visual_0825_vs_0831_pixel_crosscheck_and_header_structure
20260825-0635f23445db656ea887-01,2026-08-25,手机,device,美图,M系列,M6,,,开机屏好,80.0,元/台,,image_first_visual_crosscheck_high_similarity,美图.jpg,/mnt/data/decoded2/需要获取数据与不需要获数据原文件/需要获取的图片正文数据/数码网报价单-0825更新/手机相关/美图.jpg,1,0.995,visual_0825_vs_0831_pixel_crosscheck_and_header_structure
20260825-79ca9fab5e5e47b19bde-01,2026-08-25,手机,device,美图,M系列,M6,,,开机屏坏,80.0,元/台,,image_first_visual_crosscheck_high_similarity,美图.jpg,/mnt/data/decoded2/需要获取数据与不需要获数据原文件/需要获取的图片正文数据/数码网报价单-0825更新/手机相关/美图.jpg,1,0.995,visual_0825_vs_0831_pixel_crosscheck_and_header_structure
20260825-1557bed6767870a26620-01,2026-08-25,手机,device,美图,M系列,M6,,,不开机,80.0,元/台,,image_first_visual_crosscheck_high_similarity,美图.jpg,/mnt/data/decoded2/需要获取数据与不需要获数据原文件/需要获取的图片正文数据/数码网报价单-0825更新/手机相关/美图.jpg,1,0.995,visual_0825_vs_0831_pixel_crosscheck_and_header_structure
20260825-20640f641f9524496301-01,2026-08-25,手机,device,美图,M系列,M6,,,废板-整机,80.0,元/台,,image_first_visual_crosscheck_high_similarity,美图.jpg,/mnt/data/decoded2/需要获取数据与不需要获数据原文件/需要获取的图片正文数据/数码网报价单-0825更新/手机相关/美图.jpg,1,0.995,visual_0825_vs_0831_pixel_crosscheck_and_header_structure
20260825-6a6c65e7e2605ceeec43-01,2026-08-25,手机,device,美图,M系列,M4s,,,开机屏好,25.0,元/台,,image_first_visual_crosscheck_high_similarity,美图.jpg,/mnt/data/decoded2/需要获取数据与不需要获数据原文件/需要获取的图片正文数据/数码网报价单-0825更新/手机相关/美图.jpg,1,0.995,visual_0825_vs_0831_pixel_crosscheck_and_header_structure
20260825-d40e0eda67ba2df2b378-01,2026-08-25,手机,device,美图,M系列,M4s,,,开机屏坏,25.0,元/台,,image_first_visual_crosscheck_high_similarity,美图.jpg,/mnt/data/decoded2/需要获取数据与不需要获数据原文件/需要获取的图片正文数据/数码网报价单-0825更新/手机相关/美图.jpg,1,0.995,visual_0825_vs_0831_pixel_crosscheck_and_header_structure
20260825-c23d00bac85777320f7d-01,2026-08-25,手机,device,美图,M系列,M4s,,,不开机,25.0,元/台,,image_first_visual_crosscheck_high_similarity,美图.jpg,/mnt/data/decoded2/需要获取数据与不需要获数据原文件/需要获取的图片正文数据/数码网报价单-0825更新/手机相关/美图.jpg,1,0.995,visual_0825_vs_0831_pixel_crosscheck_and_header_structure
20260825-6a6e6992eb2c9b4a369c-01,2026-08-25,手机,device,美图,M系列,M4s,,,废板-整机,25.0,元/台,,image_first_visual_crosscheck_high_similarity,美图.jpg,/mnt/data/decoded2/需要获取数据与不需要获数据原文件/需要获取的图片正文数据/数码网报价单-0825更新/手机相关/美图.jpg,1,0.995,visual_0825_vs_0831_pixel_crosscheck_and_header_structure
20260825-c3f675c880196cb521f2-01,2026-08-25,手机,device,美图,M系列,M4,,,开机屏好,25.0,元/台,,image_first_visual_crosscheck_high_similarity,美图.jpg,/mnt/data/decoded2/需要获取数据与不需要获数据原文件/需要获取的图片正文数据/数码网报价单-0825更新/手机相关/美图.jpg,1,0.995,visual_0825_vs_0831_pixel_crosscheck_and_header_structure
20260825-7aad7a1d84fe404c3dbb-01,2026-08-25,手机,device,美图,M系列,M4,,,开机屏坏,25.0,元/台,,image_first_visual_crosscheck_high_similarity,美图.jpg,/mnt/data/decoded2/需要获取数据与不需要获数据原文件/需要获取的图片正文数据/数码网报价单-0825更新/手机相关/美图.jpg,1,0.995,visual_0825_vs_0831_pixel_crosscheck_and_header_structure
20260825-154534a72fbe52c8c5ae-01,2026-08-25,手机,device,美图,M系列,M4,,,不开机,25.0,元/台,,image_first_visual_crosscheck_high_similarity,美图.jpg,/mnt/data/decoded2/需要获取数据与不需要获数据原文件/需要获取的图片正文数据/数码网报价单-0825更新/手机相关/美图.jpg,1,0.995,visual_0825_vs_0831_pixel_crosscheck_and_header_structure
20260825-318b0846934ea96530f8-01,2026-08-25,手机,device,美图,M系列,M4,,,废板-整机,25.0,元/台,,image_first_visual_crosscheck_high_similarity,美图.jpg,/mnt/data/decoded2/需要获取数据与不需要获数据原文件/需要获取的图片正文数据/数码网报价单-0825更新/手机相关/美图.jpg,1,0.995,visual_0825_vs_0831_pixel_crosscheck_and_header_structure
20260825-14c2aec02aa498aa527c-01,2026-08-25,手机,device,美图,M系列,M2,,,开机屏好,20.0,元/台,,image_first_visual_crosscheck_high_similarity,美图.jpg,/mnt/data/decoded2/需要获取数据与不需要获数据原文件/需要获取的图片正文数据/数码网报价单-0825更新/手机相关/美图.jpg,1,0.995,visual_0825_vs_0831_pixel_crosscheck_and_header_structure
20260825-b9337552a98c758fcbbb-01,2026-08-25,手机,device,美图,M系列,M2,,,开机屏坏,20.0,元/台,,image_first_visual_crosscheck_high_similarity,美图.jpg,/mnt/data/decoded2/需要获取数据与不需要获数据原文件/需要获取的图片正文数据/数码网报价单-0825更新/手机相关/美图.jpg,1,0.995,visual_0825_vs_0831_pixel_crosscheck_and_header_structure
20260825-d8c72ae469cc40b6c65d-01,2026-08-25,手机,device,美图,M系列,M2,,,不开机,20.0,元/台,,image_first_visual_crosscheck_high_similarity,美图.jpg,/mnt/data/decoded2/需要获取数据与不需要获数据原文件/需要获取的图片正文数据/数码网报价单-0825更新/手机相关/美图.jpg,1,0.995,visual_0825_vs_0831_pixel_crosscheck_and_header_structure
20260825-7b012c63565485069243-01,2026-08-25,手机,device,美图,M系列,M2,,,废板-整机,20.0,元/台,,image_first_visual_crosscheck_high_similarity,美图.jpg,/mnt/data/decoded2/需要获取数据与不需要获数据原文件/需要获取的图片正文数据/数码网报价单-0825更新/手机相关/美图.jpg,1,0.995,visual_0825_vs_0831_pixel_crosscheck_and_header_structure
20260825-f74b26f62e84a437add4-01,2026-08-25,手机,device,锤子,,锤子Pro3,,,开机屏好,110.0,元/台,,image_first_visual_crosscheck_high_similarity,锤子.jpg,/mnt/data/decoded2/需要获取数据与不需要获数据原文件/需要获取的图片正文数据/数码网报价单-0825更新/手机相关/锤子.jpg,1,0.995,visual_0825_vs_0831_pixel_crosscheck_and_header_structure
20260825-9523338b3a706c5e68f5-01,2026-08-25,手机,device,锤子,,锤子Pro3,,,开机屏坏,110.0,元/台,,image_first_visual_crosscheck_high_similarity,锤子.jpg,/mnt/data/decoded2/需要获取数据与不需要获数据原文件/需要获取的图片正文数据/数码网报价单-0825更新/手机相关/锤子.jpg,1,0.995,visual_0825_vs_0831_pixel_crosscheck_and_header_structure
20260825-71dfd3c8919ddd5f5d21-01,2026-08-25,手机,device,锤子,,锤子Pro3,,,不开机,110.0,元/台,,image_first_visual_crosscheck_high_similarity,锤子.jpg,/mnt/data/decoded2/需要获取数据与不需要获数据原文件/需要获取的图片正文数据/数码网报价单-0825更新/手机相关/锤子.jpg,1,0.995,visual_0825_vs_0831_pixel_crosscheck_and_header_structure
20260825-e23f0d3e25be27c79d8f-01,2026-08-25,手机,device,锤子,,锤子Pro3,,,废板-整机,110.0,元/台,,image_first_visual_crosscheck_high_similarity,锤子.jpg,/mnt/data/decoded2/需要获取数据与不需要获数据原文件/需要获取的图片正文数据/数码网报价单-0825更新/手机相关/锤子.jpg,1,0.995,visual_0825_vs_0831_pixel_crosscheck_and_header_structure
20260825-d12f06aa0f617ee5176d-01,2026-08-25,手机,device,锤子,,坚果R2,,,开机屏好,180.0,元/台,,image_first_visual_crosscheck_high_similarity,锤子.jpg,/mnt/data/decoded2/需要获取数据与不需要获数据原文件/需要获取的图片正文数据/数码网报价单-0825更新/手机相关/锤子.jpg,1,0.995,visual_0825_vs_0831_pixel_crosscheck_and_header_structure
20260825-db1c44a62fe513514d47-01,2026-08-25,手机,device,锤子,,坚果R2,,,开机屏坏,150.0,元/台,,image_first_visual_crosscheck_high_similarity,锤子.jpg,/mnt/data/decoded2/需要获取数据与不需要获数据原文件/需要获取的图片正文数据/数码网报价单-0825更新/手机相关/锤子.jpg,1,0.995,visual_0825_vs_0831_pixel_crosscheck_and_header_structure
20260825-21f013a6e12312bc2c55-01,2026-08-25,手机,device,锤子,,坚果R2,,,不开机,110.0,元/台,,image_first_visual_crosscheck_high_similarity,锤子.jpg,/mnt/data/decoded2/需要获取数据与不需要获数据原文件/需要获取的图片正文数据/数码网报价单-0825更新/手机相关/锤子.jpg,1,0.995,visual_0825_vs_0831_pixel_crosscheck_and_header_structure
20260825-4c5189e4f8a98f4d93b6-01,2026-08-25,手机,device,锤子,,坚果R2,,,废板-整机,110.0,元/台,,image_first_visual_crosscheck_high_similarity,锤子.jpg,/mnt/data/decoded2/需要获取数据与不需要获数据原文件/需要获取的图片正文数据/数码网报价单-0825更新/手机相关/锤子.jpg,1,0.995,visual_0825_vs_0831_pixel_crosscheck_and_header_structure
20260825-55ad80373b151cdd8724-01,2026-08-25,手机,device,锤子,,锤子Pro2s,,,开机屏好,90.0,元/台,,image_first_visual_crosscheck_high_similarity,锤子.jpg,/mnt/data/decoded2/需要获取数据与不需要获数据原文件/需要获取的图片正文数据/数码网报价单-0825更新/手机相关/锤子.jpg,1,0.995,visual_0825_vs_0831_pixel_crosscheck_and_header_structure
20260825-36551ed76eed700c5fb3-01,2026-08-25,手机,device,锤子,,锤子Pro2s,,,开机屏坏,90.0,元/台,,image_first_visual_crosscheck_high_similarity,锤子.jpg,/mnt/data/decoded2/需要获取数据与不需要获数据原文件/需要获取的图片正文数据/数码网报价单-0825更新/手机相关/锤子.jpg,1,0.995,visual_0825_vs_0831_pixel_crosscheck_and_header_structure
20260825-eeda6f9db883395249f5-01,2026-08-25,手机,device,锤子,,锤子Pro2s,,,不开机,90.0,元/台,,image_first_visual_crosscheck_high_similarity,锤子.jpg,/mnt/data/decoded2/需要获取数据与不需要获数据原文件/需要获取的图片正文数据/数码网报价单-0825更新/手机相关/锤子.jpg,1,0.995,visual_0825_vs_0831_pixel_crosscheck_and_header_structure
20260825-acf3b75caf3aa6c4a675-01,2026-08-25,手机,device,锤子,,锤子Pro2s,,,废板-整机,90.0,元/台,,image_first_visual_crosscheck_high_similarity,锤子.jpg,/mnt/data/decoded2/需要获取数据与不需要获数据原文件/需要获取的图片正文数据/数码网报价单-0825更新/手机相关/锤子.jpg,1,0.995,visual_0825_vs_0831_pixel_crosscheck_and_header_structure
20260825-f9144adb4118638bb099-01,2026-08-25,手机,device,锤子,,R1,,,开机屏好,90.0,元/台,,image_first_visual_crosscheck_high_similarity,锤子.jpg,/mnt/data/decoded2/需要获取数据与不需要获数据原文件/需要获取的图片正文数据/数码网报价单-0825更新/手机相关/锤子.jpg,1,0.995,visual_0825_vs_0831_pixel_crosscheck_and_header_structure
20260825-5a0cba74ecc8d58b4618-01,2026-08-25,手机,device,锤子,,R1,,,开机屏坏,90.0,元/台,,image_first_visual_crosscheck_high_similarity,锤子.jpg,/mnt/data/decoded2/需要获取数据与不需要获数据原文件/需要获取的图片正文数据/数码网报价单-0825更新/手机相关/锤子.jpg,1,0.995,visual_0825_vs_0831_pixel_crosscheck_and_header_structure
20260825-895d27c2e92c2907b5d4-01,2026-08-25,手机,device,锤子,,R1,,,不开机,90.0,元/台,,image_first_visual_crosscheck_high_similarity,锤子.jpg,/mnt/data/decoded2/需要获取数据与不需要获数据原文件/需要获取的图片正文数据/数码网报价单-0825更新/手机相关/锤子.jpg,1,0.995,visual_0825_vs_0831_pixel_crosscheck_and_header_structure
20260825-619396fedbe314400320-01,2026-08-25,手机,device,锤子,,R1,,,废板-整机,90.0,元/台,,image_first_visual_crosscheck_high_similarity,锤子.jpg,/mnt/data/decoded2/需要获取数据与不需要获数据原文件/需要获取的图片正文数据/数码网报价单-0825更新/手机相关/锤子.jpg,1,0.995,visual_0825_vs_0831_pixel_crosscheck_and_header_structure
20260825-0ab891d5af2c137e8138-01,2026-08-25,手机,device,锤子,,坚果Pro3,,,开机屏好,110.0,元/台,,image_first_visual_crosscheck_high_similarity,锤子.jpg,/mnt/data/decoded2/需要获取数据与不需要获数据原文件/需要获取的图片正文数据/数码网报价单-0825更新/手机相关/锤子.jpg,1,0.995,visual_0825_vs_0831_pixel_crosscheck_and_header_structure
20260825-6580c0509cf77dab37a9-01,2026-08-25,手机,device,锤子,,坚果Pro3,,,开机屏坏,110.0,元/台,,image_first_visual_crosscheck_high_similarity,锤子.jpg,/mnt/data/decoded2/需要获取数据与不需要获数据原文件/需要获取的图片正文数据/数码网报价单-0825更新/手机相关/锤子.jpg,1,0.995,visual_0825_vs_0831_pixel_crosscheck_and_header_structure
20260825-010ddc3f073492f19681-01,2026-08-25,手机,device,锤子,,坚果Pro3,,,不开机,110.0,元/台,,image_first_visual_crosscheck_high_similarity,锤子.jpg,/mnt/data/decoded2/需要获取数据与不需要获数据原文件/需要获取的图片正文数据/数码网报价单-0825更新/手机相关/锤子.jpg,1,0.995,visual_0825_vs_0831_pixel_crosscheck_and_header_structure
20260825-9fad9e83165f35c73a30-01,2026-08-25,手机,device,锤子,,坚果Pro3,,,废板-整机,110.0,元/台,,image_first_visual_crosscheck_high_similarity,锤子.jpg,/mnt/data/decoded2/需要获取数据与不需要获数据原文件/需要获取的图片正文数据/数码网报价单-0825更新/手机相关/锤子.jpg,1,0.995,visual_0825_vs_0831_pixel_crosscheck_and_header_structure
20260825-8dea9a733834afad43e2-01,2026-08-25,手机,device,锤子,,坚果3,,,开机屏好,90.0,元/台,,image_first_visual_crosscheck_high_similarity,锤子.jpg,/mnt/data/decoded2/需要获取数据与不需要获数据原文件/需要获取的图片正文数据/数码网报价单-0825更新/手机相关/锤子.jpg,1,0.995,visual_0825_vs_0831_pixel_crosscheck_and_header_structure
20260825-dae4e6b1721a872d087e-01,2026-08-25,手机,device,锤子,,坚果3,,,开机屏坏,90.0,元/台,,image_first_visual_crosscheck_high_similarity,锤子.jpg,/mnt/data/decoded2/需要获取数据与不需要获数据原文件/需要获取的图片正文数据/数码网报价单-0825更新/手机相关/锤子.jpg,1,0.995,visual_0825_vs_0831_pixel_crosscheck_and_header_structure
20260825-4a0a2640c2dc64864437-01,2026-08-25,手机,device,锤子,,坚果3,,,不开机,90.0,元/台,,image_first_visual_crosscheck_high_similarity,锤子.jpg,/mnt/data/decoded2/需要获取数据与不需要获数据原文件/需要获取的图片正文数据/数码网报价单-0825更新/手机相关/锤子.jpg,1,0.995,visual_0825_vs_0831_pixel_crosscheck_and_header_structure
20260825-b8271dccd5eec20acecb-01,2026-08-25,手机,device,锤子,,坚果3,,,废板-整机,90.0,元/台,,image_first_visual_crosscheck_high_similarity,锤子.jpg,/mnt/data/decoded2/需要获取数据与不需要获数据原文件/需要获取的图片正文数据/数码网报价单-0825更新/手机相关/锤子.jpg,1,0.995,visual_0825_vs_0831_pixel_crosscheck_and_header_structure
20260825-a342223feb8803a77073-01,2026-08-25,手机,device,锤子,,坚果2,,,开机屏好,90.0,元/台,,image_first_visual_crosscheck_high_similarity,锤子.jpg,/mnt/data/decoded2/需要获取数据与不需要获数据原文件/需要获取的图片正文数据/数码网报价单-0825更新/手机相关/锤子.jpg,1,0.995,visual_0825_vs_0831_pixel_crosscheck_and_header_structure
20260825-ad04adff3cb8556a5736-01,2026-08-25,手机,device,锤子,,坚果2,,,开机屏坏,90.0,元/台,,image_first_visual_crosscheck_high_similarity,锤子.jpg,/mnt/data/decoded2/需要获取数据与不需要获数据原文件/需要获取的图片正文数据/数码网报价单-0825更新/手机相关/锤子.jpg,1,0.995,visual_0825_vs_0831_pixel_crosscheck_and_header_structure
20260825-ca9290379826a116a9d4-01,2026-08-25,手机,device,锤子,,坚果2,,,不开机,90.0,元/台,,image_first_visual_crosscheck_high_similarity,锤子.jpg,/mnt/data/decoded2/需要获取数据与不需要获数据原文件/需要获取的图片正文数据/数码网报价单-0825更新/手机相关/锤子.jpg,1,0.995,visual_0825_vs_0831_pixel_crosscheck_and_header_structure
20260825-8d88dd4b5924f3ba5f93-01,2026-08-25,手机,device,锤子,,坚果2,,,废板-整机,90.0,元/台,,image_first_visual_crosscheck_high_similarity,锤子.jpg,/mnt/data/decoded2/需要获取数据与不需要获数据原文件/需要获取的图片正文数据/数码网报价单-0825更新/手机相关/锤子.jpg,1,0.995,visual_0825_vs_0831_pixel_crosscheck_and_header_structure
20260825-105705675a7f2e3fb12a-01,2026-08-25,手机,device,锤子,,锤子Pro2,,,开机屏好,90.0,元/台,,image_first_visual_crosscheck_high_similarity,锤子.jpg,/mnt/data/decoded2/需要获取数据与不需要获数据原文件/需要获取的图片正文数据/数码网报价单-0825更新/手机相关/锤子.jpg,1,0.995,visual_0825_vs_0831_pixel_crosscheck_and_header_structure
20260825-5fd85ae8a77f3e131425-01,2026-08-25,手机,device,锤子,,锤子Pro2,,,开机屏坏,90.0,元/台,,image_first_visual_crosscheck_high_similarity,锤子.jpg,/mnt/data/decoded2/需要获取数据与不需要获数据原文件/需要获取的图片正文数据/数码网报价单-0825更新/手机相关/锤子.jpg,1,0.995,visual_0825_vs_0831_pixel_crosscheck_and_header_structure
20260825-48ead815cec30ccf4d3e-01,2026-08-25,手机,device,锤子,,锤子Pro2,,,不开机,90.0,元/台,,image_first_visual_crosscheck_high_similarity,锤子.jpg,/mnt/data/decoded2/需要获取数据与不需要获数据原文件/需要获取的图片正文数据/数码网报价单-0825更新/手机相关/锤子.jpg,1,0.995,visual_0825_vs_0831_pixel_crosscheck_and_header_structure
20260825-86ae3b6d95a935de9d4c-01,2026-08-25,手机,device,锤子,,锤子Pro2,,,废板-整机,90.0,元/台,,image_first_visual_crosscheck_high_similarity,锤子.jpg,/mnt/data/decoded2/需要获取数据与不需要获数据原文件/需要获取的图片正文数据/数码网报价单-0825更新/手机相关/锤子.jpg,1,0.995,visual_0825_vs_0831_pixel_crosscheck_and_header_structure
20260825-29aa506257535273938d-01,2026-08-25,手机,device,锤子,,锤子Pro,,,开机屏好,90.0,元/台,,image_first_visual_crosscheck_high_similarity,锤子.jpg,/mnt/data/decoded2/需要获取数据与不需要获数据原文件/需要获取的图片正文数据/数码网报价单-0825更新/手机相关/锤子.jpg,1,0.995,visual_0825_vs_0831_pixel_crosscheck_and_header_structure
20260825-196031b56ad752641c9f-01,2026-08-25,手机,device,锤子,,锤子Pro,,,开机屏坏,90.0,元/台,,image_first_visual_crosscheck_high_similarity,锤子.jpg,/mnt/data/decoded2/需要获取数据与不需要获数据原文件/需要获取的图片正文数据/数码网报价单-0825更新/手机相关/锤子.jpg,1,0.995,visual_0825_vs_0831_pixel_crosscheck_and_header_structure
20260825-44aff1899c405a355bbc-01,2026-08-25,手机,device,锤子,,锤子Pro,,,不开机,90.0,元/台,,image_first_visual_crosscheck_high_similarity,锤子.jpg,/mnt/data/decoded2/需要获取数据与不需要获数据原文件/需要获取的图片正文数据/数码网报价单-0825更新/手机相关/锤子.jpg,1,0.995,visual_0825_vs_0831_pixel_crosscheck_and_header_structure
20260825-494259c0e5404984afaa-01,2026-08-25,手机,device,锤子,,锤子Pro,,,废板-整机,90.0,元/台,,image_first_visual_crosscheck_high_similarity,锤子.jpg,/mnt/data/decoded2/需要获取数据与不需要获数据原文件/需要获取的图片正文数据/数码网报价单-0825更新/手机相关/锤子.jpg,1,0.995,visual_0825_vs_0831_pixel_crosscheck_and_header_structure
20260825-a1ae260f44127cdfed92-01,2026-08-25,手机,device,锤子,,坚果3 64,,,开机屏好,90.0,元/台,,image_first_visual_crosscheck_high_similarity,锤子.jpg,/mnt/data/decoded2/需要获取数据与不需要获数据原文件/需要获取的图片正文数据/数码网报价单-0825更新/手机相关/锤子.jpg,1,0.995,visual_0825_vs_0831_pixel_crosscheck_and_header_structure
20260825-278a5bdbc06dbbbba872-01,2026-08-25,手机,device,锤子,,坚果3 64,,,开机屏坏,90.0,元/台,,image_first_visual_crosscheck_high_similarity,锤子.jpg,/mnt/data/decoded2/需要获取数据与不需要获数据原文件/需要获取的图片正文数据/数码网报价单-0825更新/手机相关/锤子.jpg,1,0.995,visual_0825_vs_0831_pixel_crosscheck_and_header_structure
20260825-f0f1d2bcff845977d8b2-01,2026-08-25,手机,device,锤子,,坚果3 64,,,不开机,90.0,元/台,,image_first_visual_crosscheck_high_similarity,锤子.jpg,/mnt/data/decoded2/需要获取数据与不需要获数据原文件/需要获取的图片正文数据/数码网报价单-0825更新/手机相关/锤子.jpg,1,0.995,visual_0825_vs_0831_pixel_crosscheck_and_header_structure
20260825-8ecc5e2f4954f1980ce4-01,2026-08-25,手机,device,锤子,,坚果3 64,,,废板-整机,90.0,元/台,,image_first_visual_crosscheck_high_similarity,锤子.jpg,/mnt/data/decoded2/需要获取数据与不需要获数据原文件/需要获取的图片正文数据/数码网报价单-0825更新/手机相关/锤子.jpg,1,0.995,visual_0825_vs_0831_pixel_crosscheck_and_header_structure
20260825-7efc1df6ab16604769ac-01,2026-08-25,手机,device,锤子,,坚果3 128,,,开机屏好,90.0,元/台,,image_first_visual_crosscheck_high_similarity,锤子.jpg,/mnt/data/decoded2/需要获取数据与不需要获数据原文件/需要获取的图片正文数据/数码网报价单-0825更新/手机相关/锤子.jpg,1,0.995,visual_0825_vs_0831_pixel_crosscheck_and_header_structure
20260825-a3f8cfdf155f933e41a9-01,2026-08-25,手机,device,锤子,,坚果3 128,,,开机屏坏,90.0,元/台,,image_first_visual_crosscheck_high_similarity,锤子.jpg,/mnt/data/decoded2/需要获取数据与不需要获数据原文件/需要获取的图片正文数据/数码网报价单-0825更新/手机相关/锤子.jpg,1,0.995,visual_0825_vs_0831_pixel_crosscheck_and_header_structure
20260825-828f2468576ae7dd6fc3-01,2026-08-25,手机,device,锤子,,坚果3 128,,,不开机,90.0,元/台,,image_first_visual_crosscheck_high_similarity,锤子.jpg,/mnt/data/decoded2/需要获取数据与不需要获数据原文件/需要获取的图片正文数据/数码网报价单-0825更新/手机相关/锤子.jpg,1,0.995,visual_0825_vs_0831_pixel_crosscheck_and_header_structure
20260825-57eaa178689ed469e01d-01,2026-08-25,手机,device,锤子,,坚果3 128,,,废板-整机,90.0,元/台,,image_first_visual_crosscheck_high_similarity,锤子.jpg,/mnt/data/decoded2/需要获取数据与不需要获数据原文件/需要获取的图片正文数据/数码网报价单-0825更新/手机相关/锤子.jpg,1,0.995,visual_0825_vs_0831_pixel_crosscheck_and_header_structure
20260825-c16bcdf1335e9ce3ac19-01,2026-08-25,手机,device,锤子,,锤子M1,,,开机屏好,25.0,元/台,,image_first_visual_crosscheck_high_similarity,锤子.jpg,/mnt/data/decoded2/需要获取数据与不需要获数据原文件/需要获取的图片正文数据/数码网报价单-0825更新/手机相关/锤子.jpg,1,0.995,visual_0825_vs_0831_pixel_crosscheck_and_header_structure
20260825-83594f6b7ec44423bfe9-01,2026-08-25,手机,device,锤子,,锤子M1,,,开机屏坏,25.0,元/台,,image_first_visual_crosscheck_high_similarity,锤子.jpg,/mnt/data/decoded2/需要获取数据与不需要获数据原文件/需要获取的图片正文数据/数码网报价单-0825更新/手机相关/锤子.jpg,1,0.995,visual_0825_vs_0831_pixel_crosscheck_and_header_structure
20260825-2f91d36bdff9472745cf-01,2026-08-25,手机,device,锤子,,锤子M1,,,不开机,25.0,元/台,,image_first_visual_crosscheck_high_similarity,锤子.jpg,/mnt/data/decoded2/需要获取数据与不需要获数据原文件/需要获取的图片正文数据/数码网报价单-0825更新/手机相关/锤子.jpg,1,0.995,visual_0825_vs_0831_pixel_crosscheck_and_header_structure
20260825-431e9d41753695fc9693-01,2026-08-25,手机,device,锤子,,锤子M1,,,废板-整机,25.0,元/台,,image_first_visual_crosscheck_high_similarity,锤子.jpg,/mnt/data/decoded2/需要获取数据与不需要获数据原文件/需要获取的图片正文数据/数码网报价单-0825更新/手机相关/锤子.jpg,1,0.995,visual_0825_vs_0831_pixel_crosscheck_and_header_structure
20260825-cdf60702ee627271cd23-01,2026-08-25,手机,device,锤子,,坚果,,,开机屏好,25.0,元/台,,image_first_visual_crosscheck_high_similarity,锤子.jpg,/mnt/data/decoded2/需要获取数据与不需要获数据原文件/需要获取的图片正文数据/数码网报价单-0825更新/手机相关/锤子.jpg,1,0.995,visual_0825_vs_0831_pixel_crosscheck_and_header_structure
20260825-8c30316c3be2db05acf9-01,2026-08-25,手机,device,锤子,,坚果,,,开机屏坏,25.0,元/台,,image_first_visual_crosscheck_high_similarity,锤子.jpg,/mnt/data/decoded2/需要获取数据与不需要获数据原文件/需要获取的图片正文数据/数码网报价单-0825更新/手机相关/锤子.jpg,1,0.995,visual_0825_vs_0831_pixel_crosscheck_and_header_structure
20260825-a97060e0b8ef95987fda-01,2026-08-25,手机,device,锤子,,坚果,,,不开机,25.0,元/台,,image_first_visual_crosscheck_high_similarity,锤子.jpg,/mnt/data/decoded2/需要获取数据与不需要获数据原文件/需要获取的图片正文数据/数码网报价单-0825更新/手机相关/锤子.jpg,1,0.995,visual_0825_vs_0831_pixel_crosscheck_and_header_structure
20260825-407c6687abd1e3dec83b-01,2026-08-25,手机,device,锤子,,坚果,,,废板-整机,25.0,元/台,,image_first_visual_crosscheck_high_similarity,锤子.jpg,/mnt/data/decoded2/需要获取数据与不需要获数据原文件/需要获取的图片正文数据/数码网报价单-0825更新/手机相关/锤子.jpg,1,0.995,visual_0825_vs_0831_pixel_crosscheck_and_header_structure
20260825-ae83ac04e806e2136580-01,2026-08-25,手机,device,锤子,,锤子T2,,,开机屏好,20.0,元/台,,image_first_visual_crosscheck_high_similarity,锤子.jpg,/mnt/data/decoded2/需要获取数据与不需要获数据原文件/需要获取的图片正文数据/数码网报价单-0825更新/手机相关/锤子.jpg,1,0.995,visual_0825_vs_0831_pixel_crosscheck_and_header_structure
20260825-63676070cc1870e1670e-01,2026-08-25,手机,device,锤子,,锤子T2,,,开机屏坏,20.0,元/台,,image_first_visual_crosscheck_high_similarity,锤子.jpg,/mnt/data/decoded2/需要获取数据与不需要获数据原文件/需要获取的图片正文数据/数码网报价单-0825更新/手机相关/锤子.jpg,1,0.995,visual_0825_vs_0831_pixel_crosscheck_and_header_structure
20260825-68bf4726c81816e2b2ee-01,2026-08-25,手机,device,锤子,,锤子T2,,,不开机,20.0,元/台,,image_first_visual_crosscheck_high_similarity,锤子.jpg,/mnt/data/decoded2/需要获取数据与不需要获数据原文件/需要获取的图片正文数据/数码网报价单-0825更新/手机相关/锤子.jpg,1,0.995,visual_0825_vs_0831_pixel_crosscheck_and_header_structure
20260825-c2e5d1ea0e3c51cbbe33-01,2026-08-25,手机,device,锤子,,锤子T2,,,废板-整机,20.0,元/台,,image_first_visual_crosscheck_high_similarity,锤子.jpg,/mnt/data/decoded2/需要获取数据与不需要获数据原文件/需要获取的图片正文数据/数码网报价单-0825更新/手机相关/锤子.jpg,1,0.995,visual_0825_vs_0831_pixel_crosscheck_and_header_structure
20260825-522566fb37b80b8965a3-01,2026-08-25,手机,device,锤子,,锤子T1,,,开机屏好,20.0,元/台,,image_first_visual_crosscheck_high_similarity,锤子.jpg,/mnt/data/decoded2/需要获取数据与不需要获数据原文件/需要获取的图片正文数据/数码网报价单-0825更新/手机相关/锤子.jpg,1,0.995,visual_0825_vs_0831_pixel_crosscheck_and_header_structure
20260825-65f95ceb6523d98f6e45-01,2026-08-25,手机,device,锤子,,锤子T1,,,开机屏坏,20.0,元/台,,image_first_visual_crosscheck_high_similarity,锤子.jpg,/mnt/data/decoded2/需要获取数据与不需要获数据原文件/需要获取的图片正文数据/数码网报价单-0825更新/手机相关/锤子.jpg,1,0.995,visual_0825_vs_0831_pixel_crosscheck_and_header_structure
20260825-bc2037549951e0a0df25-01,2026-08-25,手机,device,锤子,,锤子T1,,,不开机,20.0,元/台,,image_first_visual_crosscheck_high_similarity,锤子.jpg,/mnt/data/decoded2/需要获取数据与不需要获数据原文件/需要获取的图片正文数据/数码网报价单-0825更新/手机相关/锤子.jpg,1,0.995,visual_0825_vs_0831_pixel_crosscheck_and_header_structure
20260825-ca00c4d3268f22559ca3-01,2026-08-25,手机,device,锤子,,锤子T1,,,废板-整机,20.0,元/台,,image_first_visual_crosscheck_high_similarity,锤子.jpg,/mnt/data/decoded2/需要获取数据与不需要获数据原文件/需要获取的图片正文数据/数码网报价单-0825更新/手机相关/锤子.jpg,1,0.995,visual_0825_vs_0831_pixel_crosscheck_and_header_structure
20260825-f12b471a562a252d61dd-01,2026-08-25,手机,device,乐视,,X900/乐max,,,开机屏好,45,元/台,【备注一】不带屏当废板,image_first_visual_crosscheck_high_similarity,乐视.jpg,/mnt/data/decoded2/需要获取数据与不需要获数据原文件/需要获取的图片正文数据/数码网报价单-0825更新/手机相关/乐视.jpg,1,0.995,visual_0825_vs_0831_pixel_crosscheck_and_header_structure
20260825-d3053fdcf77798df073d-01,2026-08-25,手机,device,乐视,,X900/乐max,,,开机屏坏,45,元/台,【备注一】不带屏当废板,image_first_visual_crosscheck_high_similarity,乐视.jpg,/mnt/data/decoded2/需要获取数据与不需要获数据原文件/需要获取的图片正文数据/数码网报价单-0825更新/手机相关/乐视.jpg,1,0.995,visual_0825_vs_0831_pixel_crosscheck_and_header_structure
20260825-1f9751a1dd6d65b474c0-01,2026-08-25,手机,device,乐视,,X900/乐max,,,不开机,45,元/台,【备注一】不带屏当废板,image_first_visual_crosscheck_high_similarity,乐视.jpg,/mnt/data/decoded2/需要获取数据与不需要获数据原文件/需要获取的图片正文数据/数码网报价单-0825更新/手机相关/乐视.jpg,1,0.995,visual_0825_vs_0831_pixel_crosscheck_and_header_structure
20260825-4595cec06a53d5ad5c3c-01,2026-08-25,手机,device,乐视,,X900/乐max,,,废板-整机,45,元/台,【备注一】不带屏当废板,image_first_visual_crosscheck_high_similarity,乐视.jpg,/mnt/data/decoded2/需要获取数据与不需要获数据原文件/需要获取的图片正文数据/数码网报价单-0825更新/手机相关/乐视.jpg,1,0.995,visual_0825_vs_0831_pixel_crosscheck_and_header_structure
20260825-71f3fd2897bf010f797c-01,2026-08-25,手机,device,乐视,,X820,,,开机屏好,45,元/台,详见备注一,image_first_visual_crosscheck_high_similarity,乐视.jpg,/mnt/data/decoded2/需要获取数据与不需要获数据原文件/需要获取的图片正文数据/数码网报价单-0825更新/手机相关/乐视.jpg,1,0.995,visual_0825_vs_0831_pixel_crosscheck_and_header_structure
20260825-aa033c01259717dce7dc-01,2026-08-25,手机,device,乐视,,X820,,,开机屏坏,45,元/台,详见备注一,image_first_visual_crosscheck_high_similarity,乐视.jpg,/mnt/data/decoded2/需要获取数据与不需要获数据原文件/需要获取的图片正文数据/数码网报价单-0825更新/手机相关/乐视.jpg,1,0.995,visual_0825_vs_0831_pixel_crosscheck_and_header_structure
20260825-cbe4623b6a674a0d49d6-01,2026-08-25,手机,device,乐视,,X820,,,不开机,45,元/台,详见备注一,image_first_visual_crosscheck_high_similarity,乐视.jpg,/mnt/data/decoded2/需要获取数据与不需要获数据原文件/需要获取的图片正文数据/数码网报价单-0825更新/手机相关/乐视.jpg,1,0.995,visual_0825_vs_0831_pixel_crosscheck_and_header_structure
20260825-284b41f41f2688dc6bcf-01,2026-08-25,手机,device,乐视,,X820,,,废板-整机,45,元/台,详见备注一,image_first_visual_crosscheck_high_similarity,乐视.jpg,/mnt/data/decoded2/需要获取数据与不需要获数据原文件/需要获取的图片正文数据/数码网报价单-0825更新/手机相关/乐视.jpg,1,0.995,visual_0825_vs_0831_pixel_crosscheck_and_header_structure
20260825-0fa7a748450780d0b3f6-01,2026-08-25,手机,device,乐视,,X800/乐1pro,,,开机屏好,45,元/台,详见备注一,image_first_visual_crosscheck_high_similarity,乐视.jpg,/mnt/data/decoded2/需要获取数据与不需要获数据原文件/需要获取的图片正文数据/数码网报价单-0825更新/手机相关/乐视.jpg,1,0.995,visual_0825_vs_0831_pixel_crosscheck_and_header_structure
20260825-9300279429373088e22a-01,2026-08-25,手机,device,乐视,,X800/乐1pro,,,开机屏坏,45,元/台,详见备注一,image_first_visual_crosscheck_high_similarity,乐视.jpg,/mnt/data/decoded2/需要获取数据与不需要获数据原文件/需要获取的图片正文数据/数码网报价单-0825更新/手机相关/乐视.jpg,1,0.995,visual_0825_vs_0831_pixel_crosscheck_and_header_structure
20260825-db5512a378d72b2836f7-01,2026-08-25,手机,device,乐视,,X800/乐1pro,,,不开机,45,元/台,详见备注一,image_first_visual_crosscheck_high_similarity,乐视.jpg,/mnt/data/decoded2/需要获取数据与不需要获数据原文件/需要获取的图片正文数据/数码网报价单-0825更新/手机相关/乐视.jpg,1,0.995,visual_0825_vs_0831_pixel_crosscheck_and_header_structure
20260825-0c19e40d1b73bb345ab6-01,2026-08-25,手机,device,乐视,,X800/乐1pro,,,废板-整机,45,元/台,详见备注一,image_first_visual_crosscheck_high_similarity,乐视.jpg,/mnt/data/decoded2/需要获取数据与不需要获数据原文件/需要获取的图片正文数据/数码网报价单-0825更新/手机相关/乐视.jpg,1,0.995,visual_0825_vs_0831_pixel_crosscheck_and_header_structure
20260825-fd8fe85024d6fc242bbe-01,2026-08-25,手机,device,乐视,,X720,,,开机屏好,45,元/台,详见备注一,image_first_visual_crosscheck_high_similarity,乐视.jpg,/mnt/data/decoded2/需要获取数据与不需要获数据原文件/需要获取的图片正文数据/数码网报价单-0825更新/手机相关/乐视.jpg,1,0.995,visual_0825_vs_0831_pixel_crosscheck_and_header_structure
20260825-468c0f011c6b66902193-01,2026-08-25,手机,device,乐视,,X720,,,开机屏坏,45,元/台,详见备注一,image_first_visual_crosscheck_high_similarity,乐视.jpg,/mnt/data/decoded2/需要获取数据与不需要获数据原文件/需要获取的图片正文数据/数码网报价单-0825更新/手机相关/乐视.jpg,1,0.995,visual_0825_vs_0831_pixel_crosscheck_and_header_structure
20260825-7c543c80f4a402681224-01,2026-08-25,手机,device,乐视,,X720,,,不开机,45,元/台,详见备注一,image_first_visual_crosscheck_high_similarity,乐视.jpg,/mnt/data/decoded2/需要获取数据与不需要获数据原文件/需要获取的图片正文数据/数码网报价单-0825更新/手机相关/乐视.jpg,1,0.995,visual_0825_vs_0831_pixel_crosscheck_and_header_structure
20260825-402d430d9cd6b6a21ed1-01,2026-08-25,手机,device,乐视,,X720,,,废板-整机,45,元/台,详见备注一,image_first_visual_crosscheck_high_similarity,乐视.jpg,/mnt/data/decoded2/需要获取数据与不需要获数据原文件/需要获取的图片正文数据/数码网报价单-0825更新/手机相关/乐视.jpg,1,0.995,visual_0825_vs_0831_pixel_crosscheck_and_header_structure
20260825-de39a04863003b8bcb91-01,2026-08-25,手机,device,乐视,,X626,,,开机屏好,45,元/台,详见备注一,image_first_visual_crosscheck_high_similarity,乐视.jpg,/mnt/data/decoded2/需要获取数据与不需要获数据原文件/需要获取的图片正文数据/数码网报价单-0825更新/手机相关/乐视.jpg,1,0.995,visual_0825_vs_0831_pixel_crosscheck_and_header_structure
20260825-81634998804a7749d51e-01,2026-08-25,手机,device,乐视,,X626,,,开机屏坏,45,元/台,详见备注一,image_first_visual_crosscheck_high_similarity,乐视.jpg,/mnt/data/decoded2/需要获取数据与不需要获数据原文件/需要获取的图片正文数据/数码网报价单-0825更新/手机相关/乐视.jpg,1,0.995,visual_0825_vs_0831_pixel_crosscheck_and_header_structure
20260825-70435df2b39979fadfd6-01,2026-08-25,手机,device,乐视,,X626,,,不开机,45,元/台,详见备注一,image_first_visual_crosscheck_high_similarity,乐视.jpg,/mnt/data/decoded2/需要获取数据与不需要获数据原文件/需要获取的图片正文数据/数码网报价单-0825更新/手机相关/乐视.jpg,1,0.995,visual_0825_vs_0831_pixel_crosscheck_and_header_structure
20260825-60ceb3c72cb807b016ca-01,2026-08-25,手机,device,乐视,,X626,,,废板-整机,45,元/台,详见备注一,image_first_visual_crosscheck_high_similarity,乐视.jpg,/mnt/data/decoded2/需要获取数据与不需要获数据原文件/需要获取的图片正文数据/数码网报价单-0825更新/手机相关/乐视.jpg,1,0.995,visual_0825_vs_0831_pixel_crosscheck_and_header_structure
20260825-2721ab09f54e6e0cabad-01,2026-08-25,手机,device,乐视,,X625,,,开机屏好,45,元/台,详见备注一,image_first_visual_crosscheck_high_similarity,乐视.jpg,/mnt/data/decoded2/需要获取数据与不需要获数据原文件/需要获取的图片正文数据/数码网报价单-0825更新/手机相关/乐视.jpg,1,0.995,visual_0825_vs_0831_pixel_crosscheck_and_header_structure
20260825-7bd3d453078e6a3f057b-01,2026-08-25,手机,device,乐视,,X625,,,开机屏坏,45,元/台,详见备注一,image_first_visual_crosscheck_high_similarity,乐视.jpg,/mnt/data/decoded2/需要获取数据与不需要获数据原文件/需要获取的图片正文数据/数码网报价单-0825更新/手机相关/乐视.jpg,1,0.995,visual_0825_vs_0831_pixel_crosscheck_and_header_structure
20260825-352af31bdb70bfee526b-01,2026-08-25,手机,device,乐视,,X625,,,不开机,45,元/台,详见备注一,image_first_visual_crosscheck_high_similarity,乐视.jpg,/mnt/data/decoded2/需要获取数据与不需要获数据原文件/需要获取的图片正文数据/数码网报价单-0825更新/手机相关/乐视.jpg,1,0.995,visual_0825_vs_0831_pixel_crosscheck_and_header_structure
20260825-83ac640ec760bdaf274a-01,2026-08-25,手机,device,乐视,,X625,,,废板-整机,45,元/台,详见备注一,image_first_visual_crosscheck_high_similarity,乐视.jpg,/mnt/data/decoded2/需要获取数据与不需要获数据原文件/需要获取的图片正文数据/数码网报价单-0825更新/手机相关/乐视.jpg,1,0.995,visual_0825_vs_0831_pixel_crosscheck_and_header_structure
20260825-5b632448d43977b642f4-01,2026-08-25,手机,device,乐视,,X622,,,开机屏好,45,元/台,详见备注一,image_first_visual_crosscheck_high_similarity,乐视.jpg,/mnt/data/decoded2/需要获取数据与不需要获数据原文件/需要获取的图片正文数据/数码网报价单-0825更新/手机相关/乐视.jpg,1,0.995,visual_0825_vs_0831_pixel_crosscheck_and_header_structure
20260825-35d8d018adecac61bf01-01,2026-08-25,手机,device,乐视,,X622,,,开机屏坏,45,元/台,详见备注一,image_first_visual_crosscheck_high_similarity,乐视.jpg,/mnt/data/decoded2/需要获取数据与不需要获数据原文件/需要获取的图片正文数据/数码网报价单-0825更新/手机相关/乐视.jpg,1,0.995,visual_0825_vs_0831_pixel_crosscheck_and_header_structure
20260825-163f71ae1af2a255b353-01,2026-08-25,手机,device,乐视,,X622,,,不开机,45,元/台,详见备注一,image_first_visual_crosscheck_high_similarity,乐视.jpg,/mnt/data/decoded2/需要获取数据与不需要获数据原文件/需要获取的图片正文数据/数码网报价单-0825更新/手机相关/乐视.jpg,1,0.995,visual_0825_vs_0831_pixel_crosscheck_and_header_structure
20260825-ebfbaa0b264ac0e014cc-01,2026-08-25,手机,device,乐视,,X622,,,废板-整机,45,元/台,详见备注一,image_first_visual_crosscheck_high_similarity,乐视.jpg,/mnt/data/decoded2/需要获取数据与不需要获数据原文件/需要获取的图片正文数据/数码网报价单-0825更新/手机相关/乐视.jpg,1,0.995,visual_0825_vs_0831_pixel_crosscheck_and_header_structure
20260825-eacd15da6b1a4edcb3b6-01,2026-08-25,手机,device,乐视,,X621,,,开机屏好,45,元/台,详见备注一,image_first_visual_crosscheck_high_similarity,乐视.jpg,/mnt/data/decoded2/需要获取数据与不需要获数据原文件/需要获取的图片正文数据/数码网报价单-0825更新/手机相关/乐视.jpg,1,0.995,visual_0825_vs_0831_pixel_crosscheck_and_header_structure
20260825-e128f74b366c7c14f920-01,2026-08-25,手机,device,乐视,,X621,,,开机屏坏,45,元/台,详见备注一,image_first_visual_crosscheck_high_similarity,乐视.jpg,/mnt/data/decoded2/需要获取数据与不需要获数据原文件/需要获取的图片正文数据/数码网报价单-0825更新/手机相关/乐视.jpg,1,0.995,visual_0825_vs_0831_pixel_crosscheck_and_header_structure
20260825-87680e8c723a9e60d50e-01,2026-08-25,手机,device,乐视,,X621,,,不开机,45,元/台,详见备注一,image_first_visual_crosscheck_high_similarity,乐视.jpg,/mnt/data/decoded2/需要获取数据与不需要获数据原文件/需要获取的图片正文数据/数码网报价单-0825更新/手机相关/乐视.jpg,1,0.995,visual_0825_vs_0831_pixel_crosscheck_and_header_structure
20260825-f82f38731a1338964fdc-01,2026-08-25,手机,device,乐视,,X621,,,废板-整机,45,元/台,详见备注一,image_first_visual_crosscheck_high_similarity,乐视.jpg,/mnt/data/decoded2/需要获取数据与不需要获数据原文件/需要获取的图片正文数据/数码网报价单-0825更新/手机相关/乐视.jpg,1,0.995,visual_0825_vs_0831_pixel_crosscheck_and_header_structure
20260825-f9ad11faff737c19b4a7-01,2026-08-25,手机,device,乐视,,X620pro/乐视2Pro,,,开机屏好,45,元/台,详见备注一,image_first_visual_crosscheck_high_similarity,乐视.jpg,/mnt/data/decoded2/需要获取数据与不需要获数据原文件/需要获取的图片正文数据/数码网报价单-0825更新/手机相关/乐视.jpg,1,0.995,visual_0825_vs_0831_pixel_crosscheck_and_header_structure
20260825-1c090af9e2b0a7e77dee-01,2026-08-25,手机,device,乐视,,X620pro/乐视2Pro,,,开机屏坏,45,元/台,详见备注一,image_first_visual_crosscheck_high_similarity,乐视.jpg,/mnt/data/decoded2/需要获取数据与不需要获数据原文件/需要获取的图片正文数据/数码网报价单-0825更新/手机相关/乐视.jpg,1,0.995,visual_0825_vs_0831_pixel_crosscheck_and_header_structure
20260825-39aa5e52ff313505dd15-01,2026-08-25,手机,device,乐视,,X620pro/乐视2Pro,,,不开机,45,元/台,详见备注一,image_first_visual_crosscheck_high_similarity,乐视.jpg,/mnt/data/decoded2/需要获取数据与不需要获数据原文件/需要获取的图片正文数据/数码网报价单-0825更新/手机相关/乐视.jpg,1,0.995,visual_0825_vs_0831_pixel_crosscheck_and_header_structure
20260825-5fecc0ad22a79f40911e-01,2026-08-25,手机,device,乐视,,X620pro/乐视2Pro,,,废板-整机,45,元/台,详见备注一,image_first_visual_crosscheck_high_similarity,乐视.jpg,/mnt/data/decoded2/需要获取数据与不需要获数据原文件/需要获取的图片正文数据/数码网报价单-0825更新/手机相关/乐视.jpg,1,0.995,visual_0825_vs_0831_pixel_crosscheck_and_header_structure
20260825-5533be07d53f9139888d-01,2026-08-25,手机,device,乐视,,X620/乐视2,,,开机屏好,45,元/台,详见备注一,image_first_visual_crosscheck_high_similarity,乐视.jpg,/mnt/data/decoded2/需要获取数据与不需要获数据原文件/需要获取的图片正文数据/数码网报价单-0825更新/手机相关/乐视.jpg,1,0.995,visual_0825_vs_0831_pixel_crosscheck_and_header_structure
20260825-142b4b46a7e340dc7832-01,2026-08-25,手机,device,乐视,,X620/乐视2,,,开机屏坏,45,元/台,详见备注一,image_first_visual_crosscheck_high_similarity,乐视.jpg,/mnt/data/decoded2/需要获取数据与不需要获数据原文件/需要获取的图片正文数据/数码网报价单-0825更新/手机相关/乐视.jpg,1,0.995,visual_0825_vs_0831_pixel_crosscheck_and_header_structure
20260825-1a20a1c9076f5532e434-01,2026-08-25,手机,device,乐视,,X620/乐视2,,,不开机,45,元/台,详见备注一,image_first_visual_crosscheck_high_similarity,乐视.jpg,/mnt/data/decoded2/需要获取数据与不需要获数据原文件/需要获取的图片正文数据/数码网报价单-0825更新/手机相关/乐视.jpg,1,0.995,visual_0825_vs_0831_pixel_crosscheck_and_header_structure
20260825-4ac3b45fa5907e1063e9-01,2026-08-25,手机,device,乐视,,X620/乐视2,,,废板-整机,45,元/台,详见备注一,image_first_visual_crosscheck_high_similarity,乐视.jpg,/mnt/data/decoded2/需要获取数据与不需要获数据原文件/需要获取的图片正文数据/数码网报价单-0825更新/手机相关/乐视.jpg,1,0.995,visual_0825_vs_0831_pixel_crosscheck_and_header_structure
20260825-ee5618e543cf789c80e1-01,2026-08-25,手机,device,乐视,,X600,,,开机屏好,35,元/台,详见备注一,image_first_visual_crosscheck_high_similarity,乐视.jpg,/mnt/data/decoded2/需要获取数据与不需要获数据原文件/需要获取的图片正文数据/数码网报价单-0825更新/手机相关/乐视.jpg,1,0.995,visual_0825_vs_0831_pixel_crosscheck_and_header_structure
20260825-f4a83a48ba9df4ef75e0-01,2026-08-25,手机,device,乐视,,X600,,,开机屏坏,35,元/台,详见备注一,image_first_visual_crosscheck_high_similarity,乐视.jpg,/mnt/data/decoded2/需要获取数据与不需要获数据原文件/需要获取的图片正文数据/数码网报价单-0825更新/手机相关/乐视.jpg,1,0.995,visual_0825_vs_0831_pixel_crosscheck_and_header_structure
20260825-e3129e0ba5cd96e9ca37-01,2026-08-25,手机,device,乐视,,X600,,,不开机,35,元/台,详见备注一,image_first_visual_crosscheck_high_similarity,乐视.jpg,/mnt/data/decoded2/需要获取数据与不需要获数据原文件/需要获取的图片正文数据/数码网报价单-0825更新/手机相关/乐视.jpg,1,0.995,visual_0825_vs_0831_pixel_crosscheck_and_header_structure
20260825-90a5dcdbb4b43c6a1f75-01,2026-08-25,手机,device,乐视,,X600,,,废板-整机,35,元/台,详见备注一,image_first_visual_crosscheck_high_similarity,乐视.jpg,/mnt/data/decoded2/需要获取数据与不需要获数据原文件/需要获取的图片正文数据/数码网报价单-0825更新/手机相关/乐视.jpg,1,0.995,visual_0825_vs_0831_pixel_crosscheck_and_header_structure
20260825-c72400452d27b4771545-01,2026-08-25,手机,device,乐视,,X528,,,开机屏好,45,元/台,详见备注一,image_first_visual_crosscheck_high_similarity,乐视.jpg,/mnt/data/decoded2/需要获取数据与不需要获数据原文件/需要获取的图片正文数据/数码网报价单-0825更新/手机相关/乐视.jpg,1,0.995,visual_0825_vs_0831_pixel_crosscheck_and_header_structure
20260825-ba24bea90be8dfed0d6b-01,2026-08-25,手机,device,乐视,,X528,,,开机屏坏,45,元/台,详见备注一,image_first_visual_crosscheck_high_similarity,乐视.jpg,/mnt/data/decoded2/需要获取数据与不需要获数据原文件/需要获取的图片正文数据/数码网报价单-0825更新/手机相关/乐视.jpg,1,0.995,visual_0825_vs_0831_pixel_crosscheck_and_header_structure
20260825-ad64b9fff75cf2292cf4-01,2026-08-25,手机,device,乐视,,X528,,,不开机,45,元/台,详见备注一,image_first_visual_crosscheck_high_similarity,乐视.jpg,/mnt/data/decoded2/需要获取数据与不需要获数据原文件/需要获取的图片正文数据/数码网报价单-0825更新/手机相关/乐视.jpg,1,0.995,visual_0825_vs_0831_pixel_crosscheck_and_header_structure
20260825-a9b3295ebccfe25e687d-01,2026-08-25,手机,device,乐视,,X528,,,废板-整机,45,元/台,详见备注一,image_first_visual_crosscheck_high_similarity,乐视.jpg,/mnt/data/decoded2/需要获取数据与不需要获数据原文件/需要获取的图片正文数据/数码网报价单-0825更新/手机相关/乐视.jpg,1,0.995,visual_0825_vs_0831_pixel_crosscheck_and_header_structure
20260825-ae0c35c5f169a35c874b-01,2026-08-25,手机,device,乐视,,X520,,,开机屏好,45,元/台,详见备注一,image_first_visual_crosscheck_high_similarity,乐视.jpg,/mnt/data/decoded2/需要获取数据与不需要获数据原文件/需要获取的图片正文数据/数码网报价单-0825更新/手机相关/乐视.jpg,1,0.995,visual_0825_vs_0831_pixel_crosscheck_and_header_structure
20260825-496b21f37f57935b4926-01,2026-08-25,手机,device,乐视,,X520,,,开机屏坏,45,元/台,详见备注一,image_first_visual_crosscheck_high_similarity,乐视.jpg,/mnt/data/decoded2/需要获取数据与不需要获数据原文件/需要获取的图片正文数据/数码网报价单-0825更新/手机相关/乐视.jpg,1,0.995,visual_0825_vs_0831_pixel_crosscheck_and_header_structure
20260825-adaa9f02660f95f802cf-01,2026-08-25,手机,device,乐视,,X520,,,不开机,45,元/台,详见备注一,image_first_visual_crosscheck_high_similarity,乐视.jpg,/mnt/data/decoded2/需要获取数据与不需要获数据原文件/需要获取的图片正文数据/数码网报价单-0825更新/手机相关/乐视.jpg,1,0.995,visual_0825_vs_0831_pixel_crosscheck_and_header_structure
20260825-6e2b6e3a37a6cd98bc5a-01,2026-08-25,手机,device,乐视,,X520,,,废板-整机,45,元/台,详见备注一,image_first_visual_crosscheck_high_similarity,乐视.jpg,/mnt/data/decoded2/需要获取数据与不需要获数据原文件/需要获取的图片正文数据/数码网报价单-0825更新/手机相关/乐视.jpg,1,0.995,visual_0825_vs_0831_pixel_crosscheck_and_header_structure
20260825-87e2022b6daad2bfbbff-01,2026-08-25,手机,device,乐视,,X500/乐视1s,,,开机屏好,35,元/台,详见备注一,image_first_visual_crosscheck_high_similarity,乐视.jpg,/mnt/data/decoded2/需要获取数据与不需要获数据原文件/需要获取的图片正文数据/数码网报价单-0825更新/手机相关/乐视.jpg,1,0.995,visual_0825_vs_0831_pixel_crosscheck_and_header_structure
20260825-d6b18fcc1a038bd261a8-01,2026-08-25,手机,device,乐视,,X500/乐视1s,,,开机屏坏,35,元/台,详见备注一,image_first_visual_crosscheck_high_similarity,乐视.jpg,/mnt/data/decoded2/需要获取数据与不需要获数据原文件/需要获取的图片正文数据/数码网报价单-0825更新/手机相关/乐视.jpg,1,0.995,visual_0825_vs_0831_pixel_crosscheck_and_header_structure
20260825-0bc7659ee3bd3fae789c-01,2026-08-25,手机,device,乐视,,X500/乐视1s,,,不开机,35,元/台,详见备注一,image_first_visual_crosscheck_high_similarity,乐视.jpg,/mnt/data/decoded2/需要获取数据与不需要获数据原文件/需要获取的图片正文数据/数码网报价单-0825更新/手机相关/乐视.jpg,1,0.995,visual_0825_vs_0831_pixel_crosscheck_and_header_structure
20260825-8140c4792c574b8d7ee7-01,2026-08-25,手机,device,乐视,,X500/乐视1s,,,废板-整机,35,元/台,详见备注一,image_first_visual_crosscheck_high_similarity,乐视.jpg,/mnt/data/decoded2/需要获取数据与不需要获数据原文件/需要获取的图片正文数据/数码网报价单-0825更新/手机相关/乐视.jpg,1,0.995,visual_0825_vs_0831_pixel_crosscheck_and_header_structure
20260825-444039d42c1765075ad4-01,2026-08-25,手机,device,摩托罗拉,G系列,G30,,,开机屏好,130,元/台,,image_first_visual_crosscheck_high_similarity,摩托罗拉.jpg,/mnt/data/decoded2/需要获取数据与不需要获数据原文件/需要获取的图片正文数据/数码网报价单-0825更新/手机相关/摩托罗拉.jpg,1,0.995,visual_0825_vs_0831_pixel_crosscheck_and_header_structure
20260825-14c688c09579855d7812-01,2026-08-25,手机,device,摩托罗拉,G系列,G30,,,开机屏坏,130,元/台,,image_first_visual_crosscheck_high_similarity,摩托罗拉.jpg,/mnt/data/decoded2/需要获取数据与不需要获数据原文件/需要获取的图片正文数据/数码网报价单-0825更新/手机相关/摩托罗拉.jpg,1,0.995,visual_0825_vs_0831_pixel_crosscheck_and_header_structure
20260825-e07fdb935175b81131d8-01,2026-08-25,手机,device,摩托罗拉,G系列,G30,,,不开机,130,元/台,,image_first_visual_crosscheck_high_similarity,摩托罗拉.jpg,/mnt/data/decoded2/需要获取数据与不需要获数据原文件/需要获取的图片正文数据/数码网报价单-0825更新/手机相关/摩托罗拉.jpg,1,0.995,visual_0825_vs_0831_pixel_crosscheck_and_header_structure
20260825-f95e943453d9dd4f72fb-01,2026-08-25,手机,device,摩托罗拉,G系列,G30,,,废板-整机,130,元/台,,image_first_visual_crosscheck_high_similarity,摩托罗拉.jpg,/mnt/data/decoded2/需要获取数据与不需要获数据原文件/需要获取的图片正文数据/数码网报价单-0825更新/手机相关/摩托罗拉.jpg,1,0.995,visual_0825_vs_0831_pixel_crosscheck_and_header_structure
20260825-1512962ce158cb2d3194-01,2026-08-25,手机,device,摩托罗拉,G系列,S50 Neo,,,开机屏好,300,元/台,,image_first_visual_crosscheck_high_similarity,摩托罗拉.jpg,/mnt/data/decoded2/需要获取数据与不需要获数据原文件/需要获取的图片正文数据/数码网报价单-0825更新/手机相关/摩托罗拉.jpg,1,0.995,visual_0825_vs_0831_pixel_crosscheck_and_header_structure
20260825-6aa7f514c7a5dbf86b98-01,2026-08-25,手机,device,摩托罗拉,G系列,S50 Neo,,,开机屏坏,270,元/台,,image_first_visual_crosscheck_high_similarity,摩托罗拉.jpg,/mnt/data/decoded2/需要获取数据与不需要获数据原文件/需要获取的图片正文数据/数码网报价单-0825更新/手机相关/摩托罗拉.jpg,1,0.995,visual_0825_vs_0831_pixel_crosscheck_and_header_structure
20260825-41a9ee1e415899c55c2a-01,2026-08-25,手机,device,摩托罗拉,G系列,S50 Neo,,,不开机,180,元/台,,image_first_visual_crosscheck_high_similarity,摩托罗拉.jpg,/mnt/data/decoded2/需要获取数据与不需要获数据原文件/需要获取的图片正文数据/数码网报价单-0825更新/手机相关/摩托罗拉.jpg,1,0.995,visual_0825_vs_0831_pixel_crosscheck_and_header_structure
20260825-6a78037909c509f8a24a-01,2026-08-25,手机,device,摩托罗拉,G系列,S50 Neo,,,废板-整机,180,元/台,,image_first_visual_crosscheck_high_similarity,摩托罗拉.jpg,/mnt/data/decoded2/需要获取数据与不需要获数据原文件/需要获取的图片正文数据/数码网报价单-0825更新/手机相关/摩托罗拉.jpg,1,0.995,visual_0825_vs_0831_pixel_crosscheck_and_header_structure
20260825-2ece6d441a6425f4a781-01,2026-08-25,手机,device,摩托罗拉,G系列,G82,,,开机屏好,200,元/台,,image_first_visual_crosscheck_high_similarity,摩托罗拉.jpg,/mnt/data/decoded2/需要获取数据与不需要获数据原文件/需要获取的图片正文数据/数码网报价单-0825更新/手机相关/摩托罗拉.jpg,1,0.995,visual_0825_vs_0831_pixel_crosscheck_and_header_structure
20260825-0cdcf4cd17af624e9889-01,2026-08-25,手机,device,摩托罗拉,G系列,G82,,,开机屏坏,200,元/台,,image_first_visual_crosscheck_high_similarity,摩托罗拉.jpg,/mnt/data/decoded2/需要获取数据与不需要获数据原文件/需要获取的图片正文数据/数码网报价单-0825更新/手机相关/摩托罗拉.jpg,1,0.995,visual_0825_vs_0831_pixel_crosscheck_and_header_structure
20260825-d46a72d5bd6f18897ce6-01,2026-08-25,手机,device,摩托罗拉,G系列,G82,,,不开机,150,元/台,,image_first_visual_crosscheck_high_similarity,摩托罗拉.jpg,/mnt/data/decoded2/需要获取数据与不需要获数据原文件/需要获取的图片正文数据/数码网报价单-0825更新/手机相关/摩托罗拉.jpg,1,0.995,visual_0825_vs_0831_pixel_crosscheck_and_header_structure
20260825-733b70841c3beb2cb055-01,2026-08-25,手机,device,摩托罗拉,G系列,G82,,,废板-整机,150,元/台,,image_first_visual_crosscheck_high_similarity,摩托罗拉.jpg,/mnt/data/decoded2/需要获取数据与不需要获数据原文件/需要获取的图片正文数据/数码网报价单-0825更新/手机相关/摩托罗拉.jpg,1,0.995,visual_0825_vs_0831_pixel_crosscheck_and_header_structure
20260825-7c007dbaf06704d98966-01,2026-08-25,手机,device,摩托罗拉,G系列,G71S,,,开机屏好,200,元/台,,image_first_visual_crosscheck_high_similarity,摩托罗拉.jpg,/mnt/data/decoded2/需要获取数据与不需要获数据原文件/需要获取的图片正文数据/数码网报价单-0825更新/手机相关/摩托罗拉.jpg,1,0.995,visual_0825_vs_0831_pixel_crosscheck_and_header_structure
20260825-1598d5a0253484709515-01,2026-08-25,手机,device,摩托罗拉,G系列,G71S,,,开机屏坏,200,元/台,,image_first_visual_crosscheck_high_similarity,摩托罗拉.jpg,/mnt/data/decoded2/需要获取数据与不需要获数据原文件/需要获取的图片正文数据/数码网报价单-0825更新/手机相关/摩托罗拉.jpg,1,0.995,visual_0825_vs_0831_pixel_crosscheck_and_header_structure
20260825-61f07dbecb48b2a5db99-01,2026-08-25,手机,device,摩托罗拉,G系列,G71S,,,不开机,150,元/台,,image_first_visual_crosscheck_high_similarity,摩托罗拉.jpg,/mnt/data/decoded2/需要获取数据与不需要获数据原文件/需要获取的图片正文数据/数码网报价单-0825更新/手机相关/摩托罗拉.jpg,1,0.995,visual_0825_vs_0831_pixel_crosscheck_and_header_structure
20260825-07fb93ed8d4d9c70dfb6-01,2026-08-25,手机,device,摩托罗拉,G系列,G71S,,,废板-整机,150,元/台,,image_first_visual_crosscheck_high_similarity,摩托罗拉.jpg,/mnt/data/decoded2/需要获取数据与不需要获数据原文件/需要获取的图片正文数据/数码网报价单-0825更新/手机相关/摩托罗拉.jpg,1,0.995,visual_0825_vs_0831_pixel_crosscheck_and_header_structure
20260825-e334492ead9d2fc91b27-01,2026-08-25,手机,device,摩托罗拉,G系列,G71,,,开机屏好,200,元/台,,image_first_visual_crosscheck_high_similarity,摩托罗拉.jpg,/mnt/data/decoded2/需要获取数据与不需要获数据原文件/需要获取的图片正文数据/数码网报价单-0825更新/手机相关/摩托罗拉.jpg,1,0.995,visual_0825_vs_0831_pixel_crosscheck_and_header_structure
20260825-80537195c74aeeb7d0b9-01,2026-08-25,手机,device,摩托罗拉,G系列,G71,,,开机屏坏,200,元/台,,image_first_visual_crosscheck_high_similarity,摩托罗拉.jpg,/mnt/data/decoded2/需要获取数据与不需要获数据原文件/需要获取的图片正文数据/数码网报价单-0825更新/手机相关/摩托罗拉.jpg,1,0.995,visual_0825_vs_0831_pixel_crosscheck_and_header_structure
20260825-f26bc0750d987f94a588-01,2026-08-25,手机,device,摩托罗拉,G系列,G71,,,不开机,150,元/台,,image_first_visual_crosscheck_high_similarity,摩托罗拉.jpg,/mnt/data/decoded2/需要获取数据与不需要获数据原文件/需要获取的图片正文数据/数码网报价单-0825更新/手机相关/摩托罗拉.jpg,1,0.995,visual_0825_vs_0831_pixel_crosscheck_and_header_structure
20260825-e8aa6b03dab472d339b6-01,2026-08-25,手机,device,摩托罗拉,G系列,G71,,,废板-整机,150,元/台,,image_first_visual_crosscheck_high_similarity,摩托罗拉.jpg,/mnt/data/decoded2/需要获取数据与不需要获数据原文件/需要获取的图片正文数据/数码网报价单-0825更新/手机相关/摩托罗拉.jpg,1,0.995,visual_0825_vs_0831_pixel_crosscheck_and_header_structure
20260825-1a72c8aba9b52997696f-01,2026-08-25,手机,device,摩托罗拉,G系列,G54,,,开机屏好,200,元/台,,image_first_visual_crosscheck_high_similarity,摩托罗拉.jpg,/mnt/data/decoded2/需要获取数据与不需要获数据原文件/需要获取的图片正文数据/数码网报价单-0825更新/手机相关/摩托罗拉.jpg,1,0.995,visual_0825_vs_0831_pixel_crosscheck_and_header_structure
20260825-c7176cd89dc38fd5f482-01,2026-08-25,手机,device,摩托罗拉,G系列,G54,,,开机屏坏,200,元/台,,image_first_visual_crosscheck_high_similarity,摩托罗拉.jpg,/mnt/data/decoded2/需要获取数据与不需要获数据原文件/需要获取的图片正文数据/数码网报价单-0825更新/手机相关/摩托罗拉.jpg,1,0.995,visual_0825_vs_0831_pixel_crosscheck_and_header_structure
20260825-517b6d245909f642cf5d-01,2026-08-25,手机,device,摩托罗拉,G系列,G54,,,不开机,150,元/台,,image_first_visual_crosscheck_high_similarity,摩托罗拉.jpg,/mnt/data/decoded2/需要获取数据与不需要获数据原文件/需要获取的图片正文数据/数码网报价单-0825更新/手机相关/摩托罗拉.jpg,1,0.995,visual_0825_vs_0831_pixel_crosscheck_and_header_structure
20260825-43425b28fb1d4fb964bd-01,2026-08-25,手机,device,摩托罗拉,G系列,G54,,,废板-整机,150,元/台,,image_first_visual_crosscheck_high_similarity,摩托罗拉.jpg,/mnt/data/decoded2/需要获取数据与不需要获数据原文件/需要获取的图片正文数据/数码网报价单-0825更新/手机相关/摩托罗拉.jpg,1,0.995,visual_0825_vs_0831_pixel_crosscheck_and_header_structure
20260825-fb1ffbf42e13c0dc1007-01,2026-08-25,手机,device,摩托罗拉,G系列,G53,,,开机屏好,200,元/台,,image_first_visual_crosscheck_high_similarity,摩托罗拉.jpg,/mnt/data/decoded2/需要获取数据与不需要获数据原文件/需要获取的图片正文数据/数码网报价单-0825更新/手机相关/摩托罗拉.jpg,1,0.995,visual_0825_vs_0831_pixel_crosscheck_and_header_structure
20260825-223a96dbdbb1f36314cc-01,2026-08-25,手机,device,摩托罗拉,G系列,G53,,,开机屏坏,180,元/台,,image_first_visual_crosscheck_high_similarity,摩托罗拉.jpg,/mnt/data/decoded2/需要获取数据与不需要获数据原文件/需要获取的图片正文数据/数码网报价单-0825更新/手机相关/摩托罗拉.jpg,1,0.995,visual_0825_vs_0831_pixel_crosscheck_and_header_structure
20260825-179467e57a04e8315e75-01,2026-08-25,手机,device,摩托罗拉,G系列,G53,,,不开机,150,元/台,,image_first_visual_crosscheck_high_similarity,摩托罗拉.jpg,/mnt/data/decoded2/需要获取数据与不需要获数据原文件/需要获取的图片正文数据/数码网报价单-0825更新/手机相关/摩托罗拉.jpg,1,0.995,visual_0825_vs_0831_pixel_crosscheck_and_header_structure
20260825-68fb07185c3d0e54401b-01,2026-08-25,手机,device,摩托罗拉,G系列,G53,,,废板-整机,150,元/台,,image_first_visual_crosscheck_high_similarity,摩托罗拉.jpg,/mnt/data/decoded2/需要获取数据与不需要获数据原文件/需要获取的图片正文数据/数码网报价单-0825更新/手机相关/摩托罗拉.jpg,1,0.995,visual_0825_vs_0831_pixel_crosscheck_and_header_structure
20260825-859b9b15ccdde7db89c1-01,2026-08-25,手机,device,摩托罗拉,G系列,G51,,,开机屏好,200,元/台,,image_first_visual_crosscheck_high_similarity,摩托罗拉.jpg,/mnt/data/decoded2/需要获取数据与不需要获数据原文件/需要获取的图片正文数据/数码网报价单-0825更新/手机相关/摩托罗拉.jpg,1,0.995,visual_0825_vs_0831_pixel_crosscheck_and_header_structure
20260825-87f9b710d1c23951e13a-01,2026-08-25,手机,device,摩托罗拉,G系列,G51,,,开机屏坏,150,元/台,,image_first_visual_crosscheck_high_similarity,摩托罗拉.jpg,/mnt/data/decoded2/需要获取数据与不需要获数据原文件/需要获取的图片正文数据/数码网报价单-0825更新/手机相关/摩托罗拉.jpg,1,0.995,visual_0825_vs_0831_pixel_crosscheck_and_header_structure
20260825-9eb7193aa6e22caf648b-01,2026-08-25,手机,device,摩托罗拉,G系列,G51,,,不开机,150,元/台,,image_first_visual_crosscheck_high_similarity,摩托罗拉.jpg,/mnt/data/decoded2/需要获取数据与不需要获数据原文件/需要获取的图片正文数据/数码网报价单-0825更新/手机相关/摩托罗拉.jpg,1,0.995,visual_0825_vs_0831_pixel_crosscheck_and_header_structure
20260825-24af5e70acbb55e36318-01,2026-08-25,手机,device,摩托罗拉,G系列,G51,,,废板-整机,150,元/台,,image_first_visual_crosscheck_high_similarity,摩托罗拉.jpg,/mnt/data/decoded2/需要获取数据与不需要获数据原文件/需要获取的图片正文数据/数码网报价单-0825更新/手机相关/摩托罗拉.jpg,1,0.995,visual_0825_vs_0831_pixel_crosscheck_and_header_structure
20260825-8394d80a7eee57605b51-01,2026-08-25,手机,device,摩托罗拉,G系列,G50,,,开机屏好,200,元/台,,image_first_visual_crosscheck_high_similarity,摩托罗拉.jpg,/mnt/data/decoded2/需要获取数据与不需要获数据原文件/需要获取的图片正文数据/数码网报价单-0825更新/手机相关/摩托罗拉.jpg,1,0.995,visual_0825_vs_0831_pixel_crosscheck_and_header_structure
20260825-b331350a3364576ff717-01,2026-08-25,手机,device,摩托罗拉,G系列,G50,,,开机屏坏,150,元/台,,image_first_visual_crosscheck_high_similarity,摩托罗拉.jpg,/mnt/data/decoded2/需要获取数据与不需要获数据原文件/需要获取的图片正文数据/数码网报价单-0825更新/手机相关/摩托罗拉.jpg,1,0.995,visual_0825_vs_0831_pixel_crosscheck_and_header_structure
20260825-0c990ec13702a1f2034c-01,2026-08-25,手机,device,摩托罗拉,G系列,G50,,,不开机,150,元/台,,image_first_visual_crosscheck_high_similarity,摩托罗拉.jpg,/mnt/data/decoded2/需要获取数据与不需要获数据原文件/需要获取的图片正文数据/数码网报价单-0825更新/手机相关/摩托罗拉.jpg,1,0.995,visual_0825_vs_0831_pixel_crosscheck_and_header_structure
20260825-84553f360655994776c0-01,2026-08-25,手机,device,摩托罗拉,G系列,G50,,,废板-整机,150,元/台,,image_first_visual_crosscheck_high_similarity,摩托罗拉.jpg,/mnt/data/decoded2/需要获取数据与不需要获数据原文件/需要获取的图片正文数据/数码网报价单-0825更新/手机相关/摩托罗拉.jpg,1,0.995,visual_0825_vs_0831_pixel_crosscheck_and_header_structure
20260825-2f8a44b2dc55a47b1062-01,2026-08-25,手机,device,摩托罗拉,刀锋系列,刀锋4,,,开机屏好,300,元/台,,image_first_visual_crosscheck_high_similarity,摩托罗拉.jpg,/mnt/data/decoded2/需要获取数据与不需要获数据原文件/需要获取的图片正文数据/数码网报价单-0825更新/手机相关/摩托罗拉.jpg,1,0.995,visual_0825_vs_0831_pixel_crosscheck_and_header_structure
20260825-8c870e32f99b2c27d6df-01,2026-08-25,手机,device,摩托罗拉,刀锋系列,刀锋4,,,开机屏坏,200,元/台,,image_first_visual_crosscheck_high_similarity,摩托罗拉.jpg,/mnt/data/decoded2/需要获取数据与不需要获数据原文件/需要获取的图片正文数据/数码网报价单-0825更新/手机相关/摩托罗拉.jpg,1,0.995,visual_0825_vs_0831_pixel_crosscheck_and_header_structure
20260825-8a72b7f7d594f3c7f281-01,2026-08-25,手机,device,摩托罗拉,刀锋系列,刀锋4,,,不开机,150,元/台,,image_first_visual_crosscheck_high_similarity,摩托罗拉.jpg,/mnt/data/decoded2/需要获取数据与不需要获数据原文件/需要获取的图片正文数据/数码网报价单-0825更新/手机相关/摩托罗拉.jpg,1,0.995,visual_0825_vs_0831_pixel_crosscheck_and_header_structure
20260825-291ddacaa4e44bb3e9b2-01,2026-08-25,手机,device,摩托罗拉,刀锋系列,刀锋4,,,废板-整机,150,元/台,,image_first_visual_crosscheck_high_similarity,摩托罗拉.jpg,/mnt/data/decoded2/需要获取数据与不需要获数据原文件/需要获取的图片正文数据/数码网报价单-0825更新/手机相关/摩托罗拉.jpg,1,0.995,visual_0825_vs_0831_pixel_crosscheck_and_header_structure
20260825-7ff1a601fbbef6555158-01,2026-08-25,手机,device,摩托罗拉,刀锋系列,刀锋3,,,开机屏好,300,元/台,,image_first_visual_crosscheck_high_similarity,摩托罗拉.jpg,/mnt/data/decoded2/需要获取数据与不需要获数据原文件/需要获取的图片正文数据/数码网报价单-0825更新/手机相关/摩托罗拉.jpg,1,0.995,visual_0825_vs_0831_pixel_crosscheck_and_header_structure
20260825-088171e6e9a2d680d8ab-01,2026-08-25,手机,device,摩托罗拉,刀锋系列,刀锋3,,,开机屏坏,200,元/台,,image_first_visual_crosscheck_high_similarity,摩托罗拉.jpg,/mnt/data/decoded2/需要获取数据与不需要获数据原文件/需要获取的图片正文数据/数码网报价单-0825更新/手机相关/摩托罗拉.jpg,1,0.995,visual_0825_vs_0831_pixel_crosscheck_and_header_structure
20260825-7b6a91055c151d9cf99f-01,2026-08-25,手机,device,摩托罗拉,刀锋系列,刀锋3,,,不开机,150,元/台,,image_first_visual_crosscheck_high_similarity,摩托罗拉.jpg,/mnt/data/decoded2/需要获取数据与不需要获数据原文件/需要获取的图片正文数据/数码网报价单-0825更新/手机相关/摩托罗拉.jpg,1,0.995,visual_0825_vs_0831_pixel_crosscheck_and_header_structure
20260825-15c50eb8ad9b6d9741d3-01,2026-08-25,手机,device,摩托罗拉,刀锋系列,刀锋3,,,废板-整机,150,元/台,,image_first_visual_crosscheck_high_similarity,摩托罗拉.jpg,/mnt/data/decoded2/需要获取数据与不需要获数据原文件/需要获取的图片正文数据/数码网报价单-0825更新/手机相关/摩托罗拉.jpg,1,0.995,visual_0825_vs_0831_pixel_crosscheck_and_header_structure
20260825-ffce47bb3aed05d33ece-01,2026-08-25,手机,device,摩托罗拉,刀锋系列,刀锋2,,,开机屏好,400,元/台,小屏要求好的,image_first_visual_crosscheck_high_similarity,摩托罗拉.jpg,/mnt/data/decoded2/需要获取数据与不需要获数据原文件/需要获取的图片正文数据/数码网报价单-0825更新/手机相关/摩托罗拉.jpg,1,0.995,visual_0825_vs_0831_pixel_crosscheck_and_header_structure
20260825-e346cd0b79856ee0d6d3-01,2026-08-25,手机,device,摩托罗拉,刀锋系列,刀锋2,,,开机屏坏,200,元/台,小屏要求好的,image_first_visual_crosscheck_high_similarity,摩托罗拉.jpg,/mnt/data/decoded2/需要获取数据与不需要获数据原文件/需要获取的图片正文数据/数码网报价单-0825更新/手机相关/摩托罗拉.jpg,1,0.995,visual_0825_vs_0831_pixel_crosscheck_and_header_structure
20260825-ad0eb9b45a89cbf77ed1-01,2026-08-25,手机,device,摩托罗拉,刀锋系列,刀锋2,,,不开机,150,元/台,小屏要求好的,image_first_visual_crosscheck_high_similarity,摩托罗拉.jpg,/mnt/data/decoded2/需要获取数据与不需要获数据原文件/需要获取的图片正文数据/数码网报价单-0825更新/手机相关/摩托罗拉.jpg,1,0.995,visual_0825_vs_0831_pixel_crosscheck_and_header_structure
20260825-d643eeb5df76b6305ca8-01,2026-08-25,手机,device,摩托罗拉,刀锋系列,刀锋2,,,废板-整机,150,元/台,小屏要求好的,image_first_visual_crosscheck_high_similarity,摩托罗拉.jpg,/mnt/data/decoded2/需要获取数据与不需要获数据原文件/需要获取的图片正文数据/数码网报价单-0825更新/手机相关/摩托罗拉.jpg,1,0.995,visual_0825_vs_0831_pixel_crosscheck_and_header_structure
20260825-dc60781b6f50b887046f-01,2026-08-25,手机,device,摩托罗拉,S系列,S30PRO,,,开机屏好,250,元/台,,image_first_visual_crosscheck_high_similarity,摩托罗拉.jpg,/mnt/data/decoded2/需要获取数据与不需要获数据原文件/需要获取的图片正文数据/数码网报价单-0825更新/手机相关/摩托罗拉.jpg,1,0.995,visual_0825_vs_0831_pixel_crosscheck_and_header_structure
20260825-54d5458282f1ef60b722-01,2026-08-25,手机,device,摩托罗拉,S系列,S30PRO,,,开机屏坏,200,元/台,,image_first_visual_crosscheck_high_similarity,摩托罗拉.jpg,/mnt/data/decoded2/需要获取数据与不需要获数据原文件/需要获取的图片正文数据/数码网报价单-0825更新/手机相关/摩托罗拉.jpg,1,0.995,visual_0825_vs_0831_pixel_crosscheck_and_header_structure
20260825-ee9418fdc1c37116282e-01,2026-08-25,手机,device,摩托罗拉,S系列,S30PRO,,,不开机,150,元/台,,image_first_visual_crosscheck_high_similarity,摩托罗拉.jpg,/mnt/data/decoded2/需要获取数据与不需要获数据原文件/需要获取的图片正文数据/数码网报价单-0825更新/手机相关/摩托罗拉.jpg,1,0.995,visual_0825_vs_0831_pixel_crosscheck_and_header_structure
20260825-f3f34c2eeab2cc4be4aa-01,2026-08-25,手机,device,摩托罗拉,S系列,S30PRO,,,废板-整机,150,元/台,,image_first_visual_crosscheck_high_similarity,摩托罗拉.jpg,/mnt/data/decoded2/需要获取数据与不需要获数据原文件/需要获取的图片正文数据/数码网报价单-0825更新/手机相关/摩托罗拉.jpg,1,0.995,visual_0825_vs_0831_pixel_crosscheck_and_header_structure
20260825-3c0c04184e6a08c4182f-01,2026-08-25,手机,device,摩托罗拉,S系列,S30,,,开机屏好,150,元/台,,image_first_visual_crosscheck_high_similarity,摩托罗拉.jpg,/mnt/data/decoded2/需要获取数据与不需要获数据原文件/需要获取的图片正文数据/数码网报价单-0825更新/手机相关/摩托罗拉.jpg,1,0.995,visual_0825_vs_0831_pixel_crosscheck_and_header_structure
20260825-4a2ae4ea08df45dccd38-01,2026-08-25,手机,device,摩托罗拉,S系列,S30,,,开机屏坏,150,元/台,,image_first_visual_crosscheck_high_similarity,摩托罗拉.jpg,/mnt/data/decoded2/需要获取数据与不需要获数据原文件/需要获取的图片正文数据/数码网报价单-0825更新/手机相关/摩托罗拉.jpg,1,0.995,visual_0825_vs_0831_pixel_crosscheck_and_header_structure
20260825-4947dd1b654638af1054-01,2026-08-25,手机,device,摩托罗拉,S系列,S30,,,不开机,150,元/台,,image_first_visual_crosscheck_high_similarity,摩托罗拉.jpg,/mnt/data/decoded2/需要获取数据与不需要获数据原文件/需要获取的图片正文数据/数码网报价单-0825更新/手机相关/摩托罗拉.jpg,1,0.995,visual_0825_vs_0831_pixel_crosscheck_and_header_structure
20260825-683698d1c0e286b26f83-01,2026-08-25,手机,device,摩托罗拉,S系列,S30,,,废板-整机,150,元/台,,image_first_visual_crosscheck_high_similarity,摩托罗拉.jpg,/mnt/data/decoded2/需要获取数据与不需要获数据原文件/需要获取的图片正文数据/数码网报价单-0825更新/手机相关/摩托罗拉.jpg,1,0.995,visual_0825_vs_0831_pixel_crosscheck_and_header_structure
20260825-19173226f2f242d289c5-01,2026-08-25,手机,device,摩托罗拉,X系列,X30PRO,,,开机屏好,400,元/台,,image_first_visual_crosscheck_high_similarity,摩托罗拉.jpg,/mnt/data/decoded2/需要获取数据与不需要获数据原文件/需要获取的图片正文数据/数码网报价单-0825更新/手机相关/摩托罗拉.jpg,1,0.995,visual_0825_vs_0831_pixel_crosscheck_and_header_structure
20260825-cfda8cdf10e87a6901c2-01,2026-08-25,手机,device,摩托罗拉,X系列,X30PRO,,,开机屏坏,300,元/台,,image_first_visual_crosscheck_high_similarity,摩托罗拉.jpg,/mnt/data/decoded2/需要获取数据与不需要获数据原文件/需要获取的图片正文数据/数码网报价单-0825更新/手机相关/摩托罗拉.jpg,1,0.995,visual_0825_vs_0831_pixel_crosscheck_and_header_structure
20260825-cf92475c7d3eb9a2ef59-01,2026-08-25,手机,device,摩托罗拉,X系列,X30PRO,,,不开机,150,元/台,,image_first_visual_crosscheck_high_similarity,摩托罗拉.jpg,/mnt/data/decoded2/需要获取数据与不需要获数据原文件/需要获取的图片正文数据/数码网报价单-0825更新/手机相关/摩托罗拉.jpg,1,0.995,visual_0825_vs_0831_pixel_crosscheck_and_header_structure
20260825-1869a291732f5ac83bf8-01,2026-08-25,手机,device,摩托罗拉,X系列,X30PRO,,,废板-整机,150,元/台,,image_first_visual_crosscheck_high_similarity,摩托罗拉.jpg,/mnt/data/decoded2/需要获取数据与不需要获数据原文件/需要获取的图片正文数据/数码网报价单-0825更新/手机相关/摩托罗拉.jpg,1,0.995,visual_0825_vs_0831_pixel_crosscheck_and_header_structure
20260825-3156303609f1226bd626-01,2026-08-25,手机,device,摩托罗拉,X系列,X30,,,开机屏好,400,元/台,,image_first_visual_crosscheck_high_similarity,摩托罗拉.jpg,/mnt/data/decoded2/需要获取数据与不需要获数据原文件/需要获取的图片正文数据/数码网报价单-0825更新/手机相关/摩托罗拉.jpg,1,0.995,visual_0825_vs_0831_pixel_crosscheck_and_header_structure
20260825-29695bbb56a8c2780686-01,2026-08-25,手机,device,摩托罗拉,X系列,X30,,,开机屏坏,300,元/台,,image_first_visual_crosscheck_high_similarity,摩托罗拉.jpg,/mnt/data/decoded2/需要获取数据与不需要获数据原文件/需要获取的图片正文数据/数码网报价单-0825更新/手机相关/摩托罗拉.jpg,1,0.995,visual_0825_vs_0831_pixel_crosscheck_and_header_structure
20260825-b60ee70048dfeb51cdfd-01,2026-08-25,手机,device,摩托罗拉,X系列,X30,,,不开机,150,元/台,,image_first_visual_crosscheck_high_similarity,摩托罗拉.jpg,/mnt/data/decoded2/需要获取数据与不需要获数据原文件/需要获取的图片正文数据/数码网报价单-0825更新/手机相关/摩托罗拉.jpg,1,0.995,visual_0825_vs_0831_pixel_crosscheck_and_header_structure
20260825-744cda03bbc719354ef2-01,2026-08-25,手机,device,摩托罗拉,X系列,X30,,,废板-整机,150,元/台,,image_first_visual_crosscheck_high_similarity,摩托罗拉.jpg,/mnt/data/decoded2/需要获取数据与不需要获数据原文件/需要获取的图片正文数据/数码网报价单-0825更新/手机相关/摩托罗拉.jpg,1,0.995,visual_0825_vs_0831_pixel_crosscheck_and_header_structure
20260825-fca0908fdafad6c53666-01,2026-08-25,手机,device,摩托罗拉,edge系列,edge S SPro,,,开机屏好,130,元/台,,image_first_visual_crosscheck_high_similarity,摩托罗拉.jpg,/mnt/data/decoded2/需要获取数据与不需要获数据原文件/需要获取的图片正文数据/数码网报价单-0825更新/手机相关/摩托罗拉.jpg,1,0.995,visual_0825_vs_0831_pixel_crosscheck_and_header_structure
20260825-72d1936f03fede770b16-01,2026-08-25,手机,device,摩托罗拉,edge系列,edge S SPro,,,开机屏坏,130,元/台,,image_first_visual_crosscheck_high_similarity,摩托罗拉.jpg,/mnt/data/decoded2/需要获取数据与不需要获数据原文件/需要获取的图片正文数据/数码网报价单-0825更新/手机相关/摩托罗拉.jpg,1,0.995,visual_0825_vs_0831_pixel_crosscheck_and_header_structure
20260825-4ad878c37718350ef4d7-01,2026-08-25,手机,device,摩托罗拉,edge系列,edge S SPro,,,不开机,130,元/台,,image_first_visual_crosscheck_high_similarity,摩托罗拉.jpg,/mnt/data/decoded2/需要获取数据与不需要获数据原文件/需要获取的图片正文数据/数码网报价单-0825更新/手机相关/摩托罗拉.jpg,1,0.995,visual_0825_vs_0831_pixel_crosscheck_and_header_structure
20260825-cc9d83dff9d918a6b420-01,2026-08-25,手机,device,摩托罗拉,edge系列,edge S SPro,,,废板-整机,130,元/台,,image_first_visual_crosscheck_high_similarity,摩托罗拉.jpg,/mnt/data/decoded2/需要获取数据与不需要获数据原文件/需要获取的图片正文数据/数码网报价单-0825更新/手机相关/摩托罗拉.jpg,1,0.995,visual_0825_vs_0831_pixel_crosscheck_and_header_structure
20260825-df2373ddd9f1366a7265-01,2026-08-25,手机,device,摩托罗拉,edge系列,edge S,,,开机屏好,130,元/台,,image_first_visual_crosscheck_high_similarity,摩托罗拉.jpg,/mnt/data/decoded2/需要获取数据与不需要获数据原文件/需要获取的图片正文数据/数码网报价单-0825更新/手机相关/摩托罗拉.jpg,1,0.995,visual_0825_vs_0831_pixel_crosscheck_and_header_structure
20260825-d2feec8942d842127472-01,2026-08-25,手机,device,摩托罗拉,edge系列,edge S,,,开机屏坏,130,元/台,,image_first_visual_crosscheck_high_similarity,摩托罗拉.jpg,/mnt/data/decoded2/需要获取数据与不需要获数据原文件/需要获取的图片正文数据/数码网报价单-0825更新/手机相关/摩托罗拉.jpg,1,0.995,visual_0825_vs_0831_pixel_crosscheck_and_header_structure
20260825-966bc7cc394776bc3f65-01,2026-08-25,手机,device,摩托罗拉,edge系列,edge S,,,不开机,130,元/台,,image_first_visual_crosscheck_high_similarity,摩托罗拉.jpg,/mnt/data/decoded2/需要获取数据与不需要获数据原文件/需要获取的图片正文数据/数码网报价单-0825更新/手机相关/摩托罗拉.jpg,1,0.995,visual_0825_vs_0831_pixel_crosscheck_and_header_structure
20260825-b317923105c29f0d1257-01,2026-08-25,手机,device,摩托罗拉,edge系列,edge S,,,废板-整机,130,元/台,,image_first_visual_crosscheck_high_similarity,摩托罗拉.jpg,/mnt/data/decoded2/需要获取数据与不需要获数据原文件/需要获取的图片正文数据/数码网报价单-0825更新/手机相关/摩托罗拉.jpg,1,0.995,visual_0825_vs_0831_pixel_crosscheck_and_header_structure
20260825-d0a3a13d18790d5c1837-01,2026-08-25,手机,device,摩托罗拉,edge系列,edge轻奢版,,,开机屏好,130,元/台,,image_first_visual_crosscheck_high_similarity,摩托罗拉.jpg,/mnt/data/decoded2/需要获取数据与不需要获数据原文件/需要获取的图片正文数据/数码网报价单-0825更新/手机相关/摩托罗拉.jpg,1,0.995,visual_0825_vs_0831_pixel_crosscheck_and_header_structure
20260825-7e0b170b5742b0cb2e4b-01,2026-08-25,手机,device,摩托罗拉,edge系列,edge轻奢版,,,开机屏坏,130,元/台,,image_first_visual_crosscheck_high_similarity,摩托罗拉.jpg,/mnt/data/decoded2/需要获取数据与不需要获数据原文件/需要获取的图片正文数据/数码网报价单-0825更新/手机相关/摩托罗拉.jpg,1,0.995,visual_0825_vs_0831_pixel_crosscheck_and_header_structure
20260825-ca06fb7ffe6121e693dc-01,2026-08-25,手机,device,摩托罗拉,edge系列,edge轻奢版,,,不开机,130,元/台,,image_first_visual_crosscheck_high_similarity,摩托罗拉.jpg,/mnt/data/decoded2/需要获取数据与不需要获数据原文件/需要获取的图片正文数据/数码网报价单-0825更新/手机相关/摩托罗拉.jpg,1,0.995,visual_0825_vs_0831_pixel_crosscheck_and_header_structure
20260825-04136490771576034aca-01,2026-08-25,手机,device,摩托罗拉,edge系列,edge轻奢版,,,废板-整机,130,元/台,,image_first_visual_crosscheck_high_similarity,摩托罗拉.jpg,/mnt/data/decoded2/需要获取数据与不需要获数据原文件/需要获取的图片正文数据/数码网报价单-0825更新/手机相关/摩托罗拉.jpg,1,0.995,visual_0825_vs_0831_pixel_crosscheck_and_header_structure
20260825-e010d21f22e4235572a5-01,2026-08-25,手机,device,摩托罗拉,,联想摩托motoz2force,,,开机屏好,30,元/台,,image_first_visual_crosscheck_high_similarity,摩托罗拉.jpg,/mnt/data/decoded2/需要获取数据与不需要获数据原文件/需要获取的图片正文数据/数码网报价单-0825更新/手机相关/摩托罗拉.jpg,1,0.995,visual_0825_vs_0831_pixel_crosscheck_and_header_structure
20260825-6b223ed27ab15b32a69d-01,2026-08-25,手机,device,摩托罗拉,,联想摩托motoz2force,,,开机屏坏,20,元/台,,image_first_visual_crosscheck_high_similarity,摩托罗拉.jpg,/mnt/data/decoded2/需要获取数据与不需要获数据原文件/需要获取的图片正文数据/数码网报价单-0825更新/手机相关/摩托罗拉.jpg,1,0.995,visual_0825_vs_0831_pixel_crosscheck_and_header_structure
20260825-810180a2964a3c4cbcb1-01,2026-08-25,手机,device,摩托罗拉,,联想摩托motoz2force,,,不开机,20,元/台,,image_first_visual_crosscheck_high_similarity,摩托罗拉.jpg,/mnt/data/decoded2/需要获取数据与不需要获数据原文件/需要获取的图片正文数据/数码网报价单-0825更新/手机相关/摩托罗拉.jpg,1,0.995,visual_0825_vs_0831_pixel_crosscheck_and_header_structure
20260825-a6598eb951f8606ec095-01,2026-08-25,手机,device,摩托罗拉,,联想摩托motoz2force,,,废板-整机,20,元/台,,image_first_visual_crosscheck_high_similarity,摩托罗拉.jpg,/mnt/data/decoded2/需要获取数据与不需要获数据原文件/需要获取的图片正文数据/数码网报价单-0825更新/手机相关/摩托罗拉.jpg,1,0.995,visual_0825_vs_0831_pixel_crosscheck_and_header_structure
20260825-dd5f81068a30e86d3f2d-01,2026-08-25,手机,device,摩托罗拉,,联想摩托motoz2force,,,点数,/,元/台,,image_first_visual_crosscheck_high_similarity,摩托罗拉.jpg,/mnt/data/decoded2/需要获取数据与不需要获数据原文件/需要获取的图片正文数据/数码网报价单-0825更新/手机相关/摩托罗拉.jpg,1,0.995,visual_0825_vs_0831_pixel_crosscheck_and_header_structure
20260825-eff2012cbf245d8e0e83-01,2026-08-25,手机,device,摩托罗拉,,V8,,,开机屏好,28,元/台,,image_first_visual_crosscheck_high_similarity,摩托罗拉.jpg,/mnt/data/decoded2/需要获取数据与不需要获数据原文件/需要获取的图片正文数据/数码网报价单-0825更新/手机相关/摩托罗拉.jpg,1,0.995,visual_0825_vs_0831_pixel_crosscheck_and_header_structure
20260825-bb9525a0a6f0af0a02d9-01,2026-08-25,手机,device,摩托罗拉,,V8,,,开机屏坏,28,元/台,,image_first_visual_crosscheck_high_similarity,摩托罗拉.jpg,/mnt/data/decoded2/需要获取数据与不需要获数据原文件/需要获取的图片正文数据/数码网报价单-0825更新/手机相关/摩托罗拉.jpg,1,0.995,visual_0825_vs_0831_pixel_crosscheck_and_header_structure
20260825-e074368e6ca681f0571e-01,2026-08-25,手机,device,摩托罗拉,,V8,,,不开机,28,元/台,,image_first_visual_crosscheck_high_similarity,摩托罗拉.jpg,/mnt/data/decoded2/需要获取数据与不需要获数据原文件/需要获取的图片正文数据/数码网报价单-0825更新/手机相关/摩托罗拉.jpg,1,0.995,visual_0825_vs_0831_pixel_crosscheck_and_header_structure
20260825-ed202b71d7542c2e8264-01,2026-08-25,手机,device,摩托罗拉,,V8,,,废板-整机,/,元/台,,image_first_visual_crosscheck_high_similarity,摩托罗拉.jpg,/mnt/data/decoded2/需要获取数据与不需要获数据原文件/需要获取的图片正文数据/数码网报价单-0825更新/手机相关/摩托罗拉.jpg,1,0.995,visual_0825_vs_0831_pixel_crosscheck_and_header_structure
20260825-57fb57ca02fbbe83cb5d-01,2026-08-25,手机,device,摩托罗拉,,V8,,,点数,/,元/台,,image_first_visual_crosscheck_high_similarity,摩托罗拉.jpg,/mnt/data/decoded2/需要获取数据与不需要获数据原文件/需要获取的图片正文数据/数码网报价单-0825更新/手机相关/摩托罗拉.jpg,1,0.995,visual_0825_vs_0831_pixel_crosscheck_and_header_structure
20260825-f4e3b5dceeae874f3d96-01,2026-08-25,手机,device,摩托罗拉,,V3,,,开机屏好,28,元/台,,image_first_visual_crosscheck_high_similarity,摩托罗拉.jpg,/mnt/data/decoded2/需要获取数据与不需要获数据原文件/需要获取的图片正文数据/数码网报价单-0825更新/手机相关/摩托罗拉.jpg,1,0.995,visual_0825_vs_0831_pixel_crosscheck_and_header_structure
20260825-023e324293c5a4ec0ee8-01,2026-08-25,手机,device,摩托罗拉,,V3,,,开机屏坏,28,元/台,,image_first_visual_crosscheck_high_similarity,摩托罗拉.jpg,/mnt/data/decoded2/需要获取数据与不需要获数据原文件/需要获取的图片正文数据/数码网报价单-0825更新/手机相关/摩托罗拉.jpg,1,0.995,visual_0825_vs_0831_pixel_crosscheck_and_header_structure
20260825-60926f3fc3bef2c7ed14-01,2026-08-25,手机,device,摩托罗拉,,V3,,,不开机,28,元/台,,image_first_visual_crosscheck_high_similarity,摩托罗拉.jpg,/mnt/data/decoded2/需要获取数据与不需要获数据原文件/需要获取的图片正文数据/数码网报价单-0825更新/手机相关/摩托罗拉.jpg,1,0.995,visual_0825_vs_0831_pixel_crosscheck_and_header_structure
20260825-66d207002c9312f681ea-01,2026-08-25,手机,device,摩托罗拉,,V3,,,废板-整机,/,元/台,,image_first_visual_crosscheck_high_similarity,摩托罗拉.jpg,/mnt/data/decoded2/需要获取数据与不需要获数据原文件/需要获取的图片正文数据/数码网报价单-0825更新/手机相关/摩托罗拉.jpg,1,0.995,visual_0825_vs_0831_pixel_crosscheck_and_header_structure
20260825-8886a021e230b39cba8a-01,2026-08-25,手机,device,摩托罗拉,,V3,,,点数,/,元/台,,image_first_visual_crosscheck_high_similarity,摩托罗拉.jpg,/mnt/data/decoded2/需要获取数据与不需要获数据原文件/需要获取的图片正文数据/数码网报价单-0825更新/手机相关/摩托罗拉.jpg,1,0.995,visual_0825_vs_0831_pixel_crosscheck_and_header_structure
20260825-a4ffe324ecae15557e04-01,2026-08-25,手机,device,摩托罗拉,,R1,,,开机屏好,350,元/台,开机屏好要求外壳没后盖扣100,image_first_visual_crosscheck_high_similarity,摩托罗拉.jpg,/mnt/data/decoded2/需要获取数据与不需要获数据原文件/需要获取的图片正文数据/数码网报价单-0825更新/手机相关/摩托罗拉.jpg,1,0.995,visual_0825_vs_0831_pixel_crosscheck_and_header_structure
20260825-bbaf4f9acc1b18cf6a99-01,2026-08-25,手机,device,摩托罗拉,,R1,,,开机屏坏,180,元/台,开机屏好要求外壳没后盖扣100,image_first_visual_crosscheck_high_similarity,摩托罗拉.jpg,/mnt/data/decoded2/需要获取数据与不需要获数据原文件/需要获取的图片正文数据/数码网报价单-0825更新/手机相关/摩托罗拉.jpg,1,0.995,visual_0825_vs_0831_pixel_crosscheck_and_header_structure
20260825-3a655bd405c45be7bba3-01,2026-08-25,手机,device,摩托罗拉,,R1,,,不开机,180,元/台,开机屏好要求外壳没后盖扣100,image_first_visual_crosscheck_high_similarity,摩托罗拉.jpg,/mnt/data/decoded2/需要获取数据与不需要获数据原文件/需要获取的图片正文数据/数码网报价单-0825更新/手机相关/摩托罗拉.jpg,1,0.995,visual_0825_vs_0831_pixel_crosscheck_and_header_structure
20260825-b4d2dd6f88cd8b6c8b9b-01,2026-08-25,手机,device,摩托罗拉,,R1,,,废板-整机,/,元/台,开机屏好要求外壳没后盖扣100,image_first_visual_crosscheck_high_similarity,摩托罗拉.jpg,/mnt/data/decoded2/需要获取数据与不需要获数据原文件/需要获取的图片正文数据/数码网报价单-0825更新/手机相关/摩托罗拉.jpg,1,0.995,visual_0825_vs_0831_pixel_crosscheck_and_header_structure
20260825-9dd906cba0e494b537bc-01,2026-08-25,手机,device,摩托罗拉,,R1,,,点数,/,元/台,开机屏好要求外壳没后盖扣100,image_first_visual_crosscheck_high_similarity,摩托罗拉.jpg,/mnt/data/decoded2/需要获取数据与不需要获数据原文件/需要获取的图片正文数据/数码网报价单-0825更新/手机相关/摩托罗拉.jpg,1,0.995,visual_0825_vs_0831_pixel_crosscheck_and_header_structure
20260825-f502606e2a15ceddd197-01,2026-08-25,手机,device,摩托罗拉,,L7,,,开机屏好,28,元/台,,image_first_visual_crosscheck_high_similarity,摩托罗拉.jpg,/mnt/data/decoded2/需要获取数据与不需要获数据原文件/需要获取的图片正文数据/数码网报价单-0825更新/手机相关/摩托罗拉.jpg,1,0.995,visual_0825_vs_0831_pixel_crosscheck_and_header_structure
20260825-5a07b0e93cc4cf6d7f52-01,2026-08-25,手机,device,摩托罗拉,,L7,,,开机屏坏,28,元/台,,image_first_visual_crosscheck_high_similarity,摩托罗拉.jpg,/mnt/data/decoded2/需要获取数据与不需要获数据原文件/需要获取的图片正文数据/数码网报价单-0825更新/手机相关/摩托罗拉.jpg,1,0.995,visual_0825_vs_0831_pixel_crosscheck_and_header_structure
20260825-8db11f6ac5d8eedc709a-01,2026-08-25,手机,device,摩托罗拉,,L7,,,不开机,28,元/台,,image_first_visual_crosscheck_high_similarity,摩托罗拉.jpg,/mnt/data/decoded2/需要获取数据与不需要获数据原文件/需要获取的图片正文数据/数码网报价单-0825更新/手机相关/摩托罗拉.jpg,1,0.995,visual_0825_vs_0831_pixel_crosscheck_and_header_structure
20260825-78cd7e69527285badb6e-01,2026-08-25,手机,device,摩托罗拉,,L7,,,废板-整机,/,元/台,,image_first_visual_crosscheck_high_similarity,摩托罗拉.jpg,/mnt/data/decoded2/需要获取数据与不需要获数据原文件/需要获取的图片正文数据/数码网报价单-0825更新/手机相关/摩托罗拉.jpg,1,0.995,visual_0825_vs_0831_pixel_crosscheck_and_header_structure
20260825-43238e1b2bdf98e98c41-01,2026-08-25,手机,device,摩托罗拉,,L7,,,点数,/,元/台,,image_first_visual_crosscheck_high_similarity,摩托罗拉.jpg,/mnt/data/decoded2/需要获取数据与不需要获数据原文件/需要获取的图片正文数据/数码网报价单-0825更新/手机相关/摩托罗拉.jpg,1,0.995,visual_0825_vs_0831_pixel_crosscheck_and_header_structure
20260825-fee2e86c8396b688bfaf-01,2026-08-25,手机,device,摩托罗拉,,L6,,,开机屏好,28,元/台,,image_first_visual_crosscheck_high_similarity,摩托罗拉.jpg,/mnt/data/decoded2/需要获取数据与不需要获数据原文件/需要获取的图片正文数据/数码网报价单-0825更新/手机相关/摩托罗拉.jpg,1,0.995,visual_0825_vs_0831_pixel_crosscheck_and_header_structure
20260825-be8e5b26166f813efef2-01,2026-08-25,手机,device,摩托罗拉,,L6,,,开机屏坏,28,元/台,,image_first_visual_crosscheck_high_similarity,摩托罗拉.jpg,/mnt/data/decoded2/需要获取数据与不需要获数据原文件/需要获取的图片正文数据/数码网报价单-0825更新/手机相关/摩托罗拉.jpg,1,0.995,visual_0825_vs_0831_pixel_crosscheck_and_header_structure
20260825-fece008d1029c40f41b5-01,2026-08-25,手机,device,摩托罗拉,,L6,,,不开机,28,元/台,,image_first_visual_crosscheck_high_similarity,摩托罗拉.jpg,/mnt/data/decoded2/需要获取数据与不需要获数据原文件/需要获取的图片正文数据/数码网报价单-0825更新/手机相关/摩托罗拉.jpg,1,0.995,visual_0825_vs_0831_pixel_crosscheck_and_header_structure
20260825-e38e0ffba229bf30bc58-01,2026-08-25,手机,device,摩托罗拉,,L6,,,废板-整机,/,元/台,,image_first_visual_crosscheck_high_similarity,摩托罗拉.jpg,/mnt/data/decoded2/需要获取数据与不需要获数据原文件/需要获取的图片正文数据/数码网报价单-0825更新/手机相关/摩托罗拉.jpg,1,0.995,visual_0825_vs_0831_pixel_crosscheck_and_header_structure
20260825-413ce6c9821dd63eeb40-01,2026-08-25,手机,device,摩托罗拉,,L6,,,点数,/,元/台,,image_first_visual_crosscheck_high_similarity,摩托罗拉.jpg,/mnt/data/decoded2/需要获取数据与不需要获数据原文件/需要获取的图片正文数据/数码网报价单-0825更新/手机相关/摩托罗拉.jpg,1,0.995,visual_0825_vs_0831_pixel_crosscheck_and_header_structure
20260825-cdbfce5e1f2d2669be0a-01,2026-08-25,手机,device,摩托罗拉,,1200,,,开机屏好,28,元/台,,image_first_visual_crosscheck_high_similarity,摩托罗拉.jpg,/mnt/data/decoded2/需要获取数据与不需要获数据原文件/需要获取的图片正文数据/数码网报价单-0825更新/手机相关/摩托罗拉.jpg,1,0.995,visual_0825_vs_0831_pixel_crosscheck_and_header_structure
20260825-345c9248976a8f6d924e-01,2026-08-25,手机,device,摩托罗拉,,1200,,,开机屏坏,28,元/台,,image_first_visual_crosscheck_high_similarity,摩托罗拉.jpg,/mnt/data/decoded2/需要获取数据与不需要获数据原文件/需要获取的图片正文数据/数码网报价单-0825更新/手机相关/摩托罗拉.jpg,1,0.995,visual_0825_vs_0831_pixel_crosscheck_and_header_structure
20260825-7ef61e7579f95a14651e-01,2026-08-25,手机,device,摩托罗拉,,1200,,,不开机,28,元/台,,image_first_visual_crosscheck_high_similarity,摩托罗拉.jpg,/mnt/data/decoded2/需要获取数据与不需要获数据原文件/需要获取的图片正文数据/数码网报价单-0825更新/手机相关/摩托罗拉.jpg,1,0.995,visual_0825_vs_0831_pixel_crosscheck_and_header_structure
20260825-d2da1f3d677fc56bb6e5-01,2026-08-25,手机,device,摩托罗拉,,1200,,,废板-整机,/,元/台,,image_first_visual_crosscheck_high_similarity,摩托罗拉.jpg,/mnt/data/decoded2/需要获取数据与不需要获数据原文件/需要获取的图片正文数据/数码网报价单-0825更新/手机相关/摩托罗拉.jpg,1,0.995,visual_0825_vs_0831_pixel_crosscheck_and_header_structure
20260825-af2aaeb650b15035f415-01,2026-08-25,手机,device,摩托罗拉,,1200,,,点数,/,元/台,,image_first_visual_crosscheck_high_similarity,摩托罗拉.jpg,/mnt/data/decoded2/需要获取数据与不需要获数据原文件/需要获取的图片正文数据/数码网报价单-0825更新/手机相关/摩托罗拉.jpg,1,0.995,visual_0825_vs_0831_pixel_crosscheck_and_header_structure
20260825-20a27511e84ff4be8846-01,2026-08-25,手机,device,摩托罗拉,,525,,,开机屏好,/,元/台,,image_first_visual_crosscheck_high_similarity,摩托罗拉.jpg,/mnt/data/decoded2/需要获取数据与不需要获数据原文件/需要获取的图片正文数据/数码网报价单-0825更新/手机相关/摩托罗拉.jpg,1,0.995,visual_0825_vs_0831_pixel_crosscheck_and_header_structure
20260825-1e9dd82d78eb7795ef85-01,2026-08-25,手机,device,摩托罗拉,,525,,,开机屏坏,/,元/台,,image_first_visual_crosscheck_high_similarity,摩托罗拉.jpg,/mnt/data/decoded2/需要获取数据与不需要获数据原文件/需要获取的图片正文数据/数码网报价单-0825更新/手机相关/摩托罗拉.jpg,1,0.995,visual_0825_vs_0831_pixel_crosscheck_and_header_structure
20260825-317e76a1579a62f8552d-01,2026-08-25,手机,device,摩托罗拉,,525,,,不开机,/,元/台,,image_first_visual_crosscheck_high_similarity,摩托罗拉.jpg,/mnt/data/decoded2/需要获取数据与不需要获数据原文件/需要获取的图片正文数据/数码网报价单-0825更新/手机相关/摩托罗拉.jpg,1,0.995,visual_0825_vs_0831_pixel_crosscheck_and_header_structure
20260825-511bec95ce3613a003fb-01,2026-08-25,手机,device,摩托罗拉,,525,,,废板-整机,/,元/台,,image_first_visual_crosscheck_high_similarity,摩托罗拉.jpg,/mnt/data/decoded2/需要获取数据与不需要获数据原文件/需要获取的图片正文数据/数码网报价单-0825更新/手机相关/摩托罗拉.jpg,1,0.995,visual_0825_vs_0831_pixel_crosscheck_and_header_structure
20260825-cfa33f379a23099a66cd-01,2026-08-25,手机,device,摩托罗拉,,525,,,点数,10,元/台,,image_first_visual_crosscheck_high_similarity,摩托罗拉.jpg,/mnt/data/decoded2/需要获取数据与不需要获数据原文件/需要获取的图片正文数据/数码网报价单-0825更新/手机相关/摩托罗拉.jpg,1,0.995,visual_0825_vs_0831_pixel_crosscheck_and_header_structure
20260825-a120599d998723cf7431-01,2026-08-25,手机,device,朵唯,,朵唯D9 pro,,,开机屏好,70,元/台,,image_first_visual_crosscheck_high_similarity,朵唯.jpg,/mnt/data/decoded2/需要获取数据与不需要获数据原文件/需要获取的图片正文数据/数码网报价单-0825更新/手机相关/朵唯.jpg,1,0.995,visual_0825_vs_0831_pixel_crosscheck_and_header_structure
20260825-f2781fd71115cd9d2316-01,2026-08-25,手机,device,朵唯,,朵唯D9 pro,,,开机屏坏,70,元/台,,image_first_visual_crosscheck_high_similarity,朵唯.jpg,/mnt/data/decoded2/需要获取数据与不需要获数据原文件/需要获取的图片正文数据/数码网报价单-0825更新/手机相关/朵唯.jpg,1,0.995,visual_0825_vs_0831_pixel_crosscheck_and_header_structure
20260825-d41b36f0f3c6d83be4b6-01,2026-08-25,手机,device,朵唯,,朵唯D9 pro,,,不开机,70,元/台,,image_first_visual_crosscheck_high_similarity,朵唯.jpg,/mnt/data/decoded2/需要获取数据与不需要获数据原文件/需要获取的图片正文数据/数码网报价单-0825更新/手机相关/朵唯.jpg,1,0.995,visual_0825_vs_0831_pixel_crosscheck_and_header_structure
20260825-caa1dc5f45aae8590f7b-01,2026-08-25,手机,device,朵唯,,朵唯D9 pro,,,废板-整机,70,元/台,,image_first_visual_crosscheck_high_similarity,朵唯.jpg,/mnt/data/decoded2/需要获取数据与不需要获数据原文件/需要获取的图片正文数据/数码网报价单-0825更新/手机相关/朵唯.jpg,1,0.995,visual_0825_vs_0831_pixel_crosscheck_and_header_structure
20260825-441b5005fcef442f5a5a-01,2026-08-25,手机,device,朵唯,,X11proM,,,开机屏好,70,元/台,,image_first_visual_crosscheck_high_similarity,朵唯.jpg,/mnt/data/decoded2/需要获取数据与不需要获数据原文件/需要获取的图片正文数据/数码网报价单-0825更新/手机相关/朵唯.jpg,1,0.995,visual_0825_vs_0831_pixel_crosscheck_and_header_structure
20260825-3e31f4fae2013b3d6e8d-01,2026-08-25,手机,device,朵唯,,X11proM,,,开机屏坏,70,元/台,,image_first_visual_crosscheck_high_similarity,朵唯.jpg,/mnt/data/decoded2/需要获取数据与不需要获数据原文件/需要获取的图片正文数据/数码网报价单-0825更新/手机相关/朵唯.jpg,1,0.995,visual_0825_vs_0831_pixel_crosscheck_and_header_structure
20260825-928452d48ec7a39a94ba-01,2026-08-25,手机,device,朵唯,,X11proM,,,不开机,70,元/台,,image_first_visual_crosscheck_high_similarity,朵唯.jpg,/mnt/data/decoded2/需要获取数据与不需要获数据原文件/需要获取的图片正文数据/数码网报价单-0825更新/手机相关/朵唯.jpg,1,0.995,visual_0825_vs_0831_pixel_crosscheck_and_header_structure
20260825-59558bd7a0c4fe938cca-01,2026-08-25,手机,device,朵唯,,X11proM,,,废板-整机,70,元/台,,image_first_visual_crosscheck_high_similarity,朵唯.jpg,/mnt/data/decoded2/需要获取数据与不需要获数据原文件/需要获取的图片正文数据/数码网报价单-0825更新/手机相关/朵唯.jpg,1,0.995,visual_0825_vs_0831_pixel_crosscheck_and_header_structure
20260825-bc66ba12c04cfa5cb5da-01,2026-08-25,手机,device,朵唯,,K10pro,,,开机屏好,70,元/台,,image_first_visual_crosscheck_high_similarity,朵唯.jpg,/mnt/data/decoded2/需要获取数据与不需要获数据原文件/需要获取的图片正文数据/数码网报价单-0825更新/手机相关/朵唯.jpg,1,0.995,visual_0825_vs_0831_pixel_crosscheck_and_header_structure
20260825-82bbb63a5e90bc9de6be-01,2026-08-25,手机,device,朵唯,,K10pro,,,开机屏坏,70,元/台,,image_first_visual_crosscheck_high_similarity,朵唯.jpg,/mnt/data/decoded2/需要获取数据与不需要获数据原文件/需要获取的图片正文数据/数码网报价单-0825更新/手机相关/朵唯.jpg,1,0.995,visual_0825_vs_0831_pixel_crosscheck_and_header_structure
20260825-eee980f303e82f39d9d5-01,2026-08-25,手机,device,朵唯,,K10pro,,,不开机,70,元/台,,image_first_visual_crosscheck_high_similarity,朵唯.jpg,/mnt/data/decoded2/需要获取数据与不需要获数据原文件/需要获取的图片正文数据/数码网报价单-0825更新/手机相关/朵唯.jpg,1,0.995,visual_0825_vs_0831_pixel_crosscheck_and_header_structure
20260825-5e5b21feebf5cf79a0db-01,2026-08-25,手机,device,朵唯,,K10pro,,,废板-整机,70,元/台,,image_first_visual_crosscheck_high_similarity,朵唯.jpg,/mnt/data/decoded2/需要获取数据与不需要获数据原文件/需要获取的图片正文数据/数码网报价单-0825更新/手机相关/朵唯.jpg,1,0.995,visual_0825_vs_0831_pixel_crosscheck_and_header_structure
20260825-5e66c1edf71b04707382-01,2026-08-25,手机,device,朵唯,,M30,,,开机屏好,70,元/台,,image_first_visual_crosscheck_high_similarity,朵唯.jpg,/mnt/data/decoded2/需要获取数据与不需要获数据原文件/需要获取的图片正文数据/数码网报价单-0825更新/手机相关/朵唯.jpg,1,0.995,visual_0825_vs_0831_pixel_crosscheck_and_header_structure
20260825-a01c7bb6e55734b62fb4-01,2026-08-25,手机,device,朵唯,,M30,,,开机屏坏,70,元/台,,image_first_visual_crosscheck_high_similarity,朵唯.jpg,/mnt/data/decoded2/需要获取数据与不需要获数据原文件/需要获取的图片正文数据/数码网报价单-0825更新/手机相关/朵唯.jpg,1,0.995,visual_0825_vs_0831_pixel_crosscheck_and_header_structure
20260825-a355ae8a8a4a2f78c261-01,2026-08-25,手机,device,朵唯,,M30,,,不开机,70,元/台,,image_first_visual_crosscheck_high_similarity,朵唯.jpg,/mnt/data/decoded2/需要获取数据与不需要获数据原文件/需要获取的图片正文数据/数码网报价单-0825更新/手机相关/朵唯.jpg,1,0.995,visual_0825_vs_0831_pixel_crosscheck_and_header_structure
20260825-868f4fbf02a645211262-01,2026-08-25,手机,device,朵唯,,M30,,,废板-整机,70,元/台,,image_first_visual_crosscheck_high_similarity,朵唯.jpg,/mnt/data/decoded2/需要获取数据与不需要获数据原文件/需要获取的图片正文数据/数码网报价单-0825更新/手机相关/朵唯.jpg,1,0.995,visual_0825_vs_0831_pixel_crosscheck_and_header_structure
20260825-44eef16eff21b25aa9f6-01,2026-08-25,手机,device,朵唯,,M40Pro,,,开机屏好,70,元/台,,image_first_visual_crosscheck_high_similarity,朵唯.jpg,/mnt/data/decoded2/需要获取数据与不需要获数据原文件/需要获取的图片正文数据/数码网报价单-0825更新/手机相关/朵唯.jpg,1,0.995,visual_0825_vs_0831_pixel_crosscheck_and_header_structure
20260825-c12dd79077ad892166c3-01,2026-08-25,手机,device,朵唯,,M40Pro,,,开机屏坏,70,元/台,,image_first_visual_crosscheck_high_similarity,朵唯.jpg,/mnt/data/decoded2/需要获取数据与不需要获数据原文件/需要获取的图片正文数据/数码网报价单-0825更新/手机相关/朵唯.jpg,1,0.995,visual_0825_vs_0831_pixel_crosscheck_and_header_structure
20260825-9e604f0a683cab7a33c4-01,2026-08-25,手机,device,朵唯,,M40Pro,,,不开机,70,元/台,,image_first_visual_crosscheck_high_similarity,朵唯.jpg,/mnt/data/decoded2/需要获取数据与不需要获数据原文件/需要获取的图片正文数据/数码网报价单-0825更新/手机相关/朵唯.jpg,1,0.995,visual_0825_vs_0831_pixel_crosscheck_and_header_structure
20260825-ccd104860261deb45028-01,2026-08-25,手机,device,朵唯,,M40Pro,,,废板-整机,70,元/台,,image_first_visual_crosscheck_high_similarity,朵唯.jpg,/mnt/data/decoded2/需要获取数据与不需要获数据原文件/需要获取的图片正文数据/数码网报价单-0825更新/手机相关/朵唯.jpg,1,0.995,visual_0825_vs_0831_pixel_crosscheck_and_header_structure
20260825-e700693421dd6680aaca-01,2026-08-25,手机,device,朵唯,,M2,,,开机屏好,20,元/台,,image_first_visual_crosscheck_high_similarity,朵唯.jpg,/mnt/data/decoded2/需要获取数据与不需要获数据原文件/需要获取的图片正文数据/数码网报价单-0825更新/手机相关/朵唯.jpg,1,0.995,visual_0825_vs_0831_pixel_crosscheck_and_header_structure
20260825-0c164cdf66bf8449f0a0-01,2026-08-25,手机,device,朵唯,,M2,,,开机屏坏,20,元/台,,image_first_visual_crosscheck_high_similarity,朵唯.jpg,/mnt/data/decoded2/需要获取数据与不需要获数据原文件/需要获取的图片正文数据/数码网报价单-0825更新/手机相关/朵唯.jpg,1,0.995,visual_0825_vs_0831_pixel_crosscheck_and_header_structure
20260825-897524daca3e375a6e65-01,2026-08-25,手机,device,朵唯,,M2,,,不开机,20,元/台,,image_first_visual_crosscheck_high_similarity,朵唯.jpg,/mnt/data/decoded2/需要获取数据与不需要获数据原文件/需要获取的图片正文数据/数码网报价单-0825更新/手机相关/朵唯.jpg,1,0.995,visual_0825_vs_0831_pixel_crosscheck_and_header_structure
20260825-e6c20cdb6572eb5ef1a6-01,2026-08-25,手机,device,朵唯,,M2,,,废板-整机,20,元/台,,image_first_visual_crosscheck_high_similarity,朵唯.jpg,/mnt/data/decoded2/需要获取数据与不需要获数据原文件/需要获取的图片正文数据/数码网报价单-0825更新/手机相关/朵唯.jpg,1,0.995,visual_0825_vs_0831_pixel_crosscheck_and_header_structure
20260825-4bbd600060343ea7c4b6-01,2026-08-25,手机,device,朵唯,,L9mini/C32,,,开机屏好,30,元/台,,image_first_visual_crosscheck_high_similarity,朵唯.jpg,/mnt/data/decoded2/需要获取数据与不需要获数据原文件/需要获取的图片正文数据/数码网报价单-0825更新/手机相关/朵唯.jpg,1,0.995,visual_0825_vs_0831_pixel_crosscheck_and_header_structure
20260825-1f50b6321d5c607de952-01,2026-08-25,手机,device,朵唯,,L9mini/C32,,,开机屏坏,30,元/台,,image_first_visual_crosscheck_high_similarity,朵唯.jpg,/mnt/data/decoded2/需要获取数据与不需要获数据原文件/需要获取的图片正文数据/数码网报价单-0825更新/手机相关/朵唯.jpg,1,0.995,visual_0825_vs_0831_pixel_crosscheck_and_header_structure
20260825-f7511b0c72bf00375c85-01,2026-08-25,手机,device,朵唯,,L9mini/C32,,,不开机,30,元/台,,image_first_visual_crosscheck_high_similarity,朵唯.jpg,/mnt/data/decoded2/需要获取数据与不需要获数据原文件/需要获取的图片正文数据/数码网报价单-0825更新/手机相关/朵唯.jpg,1,0.995,visual_0825_vs_0831_pixel_crosscheck_and_header_structure
20260825-74cf20774c7c381e55fb-01,2026-08-25,手机,device,朵唯,,L9mini/C32,,,废板-整机,30,元/台,,image_first_visual_crosscheck_high_similarity,朵唯.jpg,/mnt/data/decoded2/需要获取数据与不需要获数据原文件/需要获取的图片正文数据/数码网报价单-0825更新/手机相关/朵唯.jpg,1,0.995,visual_0825_vs_0831_pixel_crosscheck_and_header_structure
20260825-34aa5fb79924f0a14cb7-01,2026-08-25,手机,device,朵唯,,L9,,,开机屏好,60,元/台,,image_first_visual_crosscheck_high_similarity,朵唯.jpg,/mnt/data/decoded2/需要获取数据与不需要获数据原文件/需要获取的图片正文数据/数码网报价单-0825更新/手机相关/朵唯.jpg,1,0.995,visual_0825_vs_0831_pixel_crosscheck_and_header_structure
20260825-6a1539fd266e471afa25-01,2026-08-25,手机,device,朵唯,,L9,,,开机屏坏,60,元/台,,image_first_visual_crosscheck_high_similarity,朵唯.jpg,/mnt/data/decoded2/需要获取数据与不需要获数据原文件/需要获取的图片正文数据/数码网报价单-0825更新/手机相关/朵唯.jpg,1,0.995,visual_0825_vs_0831_pixel_crosscheck_and_header_structure
20260825-23259a4b42dd503a0941-01,2026-08-25,手机,device,朵唯,,L9,,,不开机,60,元/台,,image_first_visual_crosscheck_high_similarity,朵唯.jpg,/mnt/data/decoded2/需要获取数据与不需要获数据原文件/需要获取的图片正文数据/数码网报价单-0825更新/手机相关/朵唯.jpg,1,0.995,visual_0825_vs_0831_pixel_crosscheck_and_header_structure
20260825-de910062aa269e159271-01,2026-08-25,手机,device,朵唯,,L9,,,废板-整机,60,元/台,,image_first_visual_crosscheck_high_similarity,朵唯.jpg,/mnt/data/decoded2/需要获取数据与不需要获数据原文件/需要获取的图片正文数据/数码网报价单-0825更新/手机相关/朵唯.jpg,1,0.995,visual_0825_vs_0831_pixel_crosscheck_and_header_structure
20260825-05b079ecd50af32ffba1-01,2026-08-25,手机,device,朵唯,,L8plus/C27,,,开机屏好,30,元/台,,image_first_visual_crosscheck_high_similarity,朵唯.jpg,/mnt/data/decoded2/需要获取数据与不需要获数据原文件/需要获取的图片正文数据/数码网报价单-0825更新/手机相关/朵唯.jpg,1,0.995,visual_0825_vs_0831_pixel_crosscheck_and_header_structure
20260825-f9157c2c971bb2a84a52-01,2026-08-25,手机,device,朵唯,,L8plus/C27,,,开机屏坏,30,元/台,,image_first_visual_crosscheck_high_similarity,朵唯.jpg,/mnt/data/decoded2/需要获取数据与不需要获数据原文件/需要获取的图片正文数据/数码网报价单-0825更新/手机相关/朵唯.jpg,1,0.995,visual_0825_vs_0831_pixel_crosscheck_and_header_structure
20260825-7cf365b7ffca26e05ed0-01,2026-08-25,手机,device,朵唯,,L8plus/C27,,,不开机,30,元/台,,image_first_visual_crosscheck_high_similarity,朵唯.jpg,/mnt/data/decoded2/需要获取数据与不需要获数据原文件/需要获取的图片正文数据/数码网报价单-0825更新/手机相关/朵唯.jpg,1,0.995,visual_0825_vs_0831_pixel_crosscheck_and_header_structure
20260825-6a727035e698f2719927-01,2026-08-25,手机,device,朵唯,,L8plus/C27,,,废板-整机,30,元/台,,image_first_visual_crosscheck_high_similarity,朵唯.jpg,/mnt/data/decoded2/需要获取数据与不需要获数据原文件/需要获取的图片正文数据/数码网报价单-0825更新/手机相关/朵唯.jpg,1,0.995,visual_0825_vs_0831_pixel_crosscheck_and_header_structure
20260825-9043dea545feebadcee2-01,2026-08-25,手机,device,朵唯,,L825/C38,,,开机屏好,30,元/台,,image_first_visual_crosscheck_high_similarity,朵唯.jpg,/mnt/data/decoded2/需要获取数据与不需要获数据原文件/需要获取的图片正文数据/数码网报价单-0825更新/手机相关/朵唯.jpg,1,0.995,visual_0825_vs_0831_pixel_crosscheck_and_header_structure
20260825-af5344ac94ef1c6f1008-01,2026-08-25,手机,device,朵唯,,L825/C38,,,开机屏坏,30,元/台,,image_first_visual_crosscheck_high_similarity,朵唯.jpg,/mnt/data/decoded2/需要获取数据与不需要获数据原文件/需要获取的图片正文数据/数码网报价单-0825更新/手机相关/朵唯.jpg,1,0.995,visual_0825_vs_0831_pixel_crosscheck_and_header_structure
20260825-b1427ac7807373754351-01,2026-08-25,手机,device,朵唯,,L825/C38,,,不开机,30,元/台,,image_first_visual_crosscheck_high_similarity,朵唯.jpg,/mnt/data/decoded2/需要获取数据与不需要获数据原文件/需要获取的图片正文数据/数码网报价单-0825更新/手机相关/朵唯.jpg,1,0.995,visual_0825_vs_0831_pixel_crosscheck_and_header_structure
20260825-e994e1be143da4ea9bd8-01,2026-08-25,手机,device,朵唯,,L825/C38,,,废板-整机,30,元/台,,image_first_visual_crosscheck_high_similarity,朵唯.jpg,/mnt/data/decoded2/需要获取数据与不需要获数据原文件/需要获取的图片正文数据/数码网报价单-0825更新/手机相关/朵唯.jpg,1,0.995,visual_0825_vs_0831_pixel_crosscheck_and_header_structure
20260825-2114eaefa20b50944a95-01,2026-08-25,手机,device,朵唯,,L7/C24,,,开机屏好,30,元/台,,image_first_visual_crosscheck_high_similarity,朵唯.jpg,/mnt/data/decoded2/需要获取数据与不需要获数据原文件/需要获取的图片正文数据/数码网报价单-0825更新/手机相关/朵唯.jpg,1,0.995,visual_0825_vs_0831_pixel_crosscheck_and_header_structure
20260825-6096138201bdf4a98907-01,2026-08-25,手机,device,朵唯,,L7/C24,,,开机屏坏,30,元/台,,image_first_visual_crosscheck_high_similarity,朵唯.jpg,/mnt/data/decoded2/需要获取数据与不需要获数据原文件/需要获取的图片正文数据/数码网报价单-0825更新/手机相关/朵唯.jpg,1,0.995,visual_0825_vs_0831_pixel_crosscheck_and_header_structure
20260825-3670a87e483b5240285c-01,2026-08-25,手机,device,朵唯,,L7/C24,,,不开机,30,元/台,,image_first_visual_crosscheck_high_similarity,朵唯.jpg,/mnt/data/decoded2/需要获取数据与不需要获数据原文件/需要获取的图片正文数据/数码网报价单-0825更新/手机相关/朵唯.jpg,1,0.995,visual_0825_vs_0831_pixel_crosscheck_and_header_structure
20260825-0346022e6a2f9797b618-01,2026-08-25,手机,device,朵唯,,L7/C24,,,废板-整机,30,元/台,,image_first_visual_crosscheck_high_similarity,朵唯.jpg,/mnt/data/decoded2/需要获取数据与不需要获数据原文件/需要获取的图片正文数据/数码网报价单-0825更新/手机相关/朵唯.jpg,1,0.995,visual_0825_vs_0831_pixel_crosscheck_and_header_structure
20260825-e428e0a6b9f7212ebb41-01,2026-08-25,手机,device,朵唯,,L5P/C19,,,开机屏好,30,元/台,,image_first_visual_crosscheck_high_similarity,朵唯.jpg,/mnt/data/decoded2/需要获取数据与不需要获数据原文件/需要获取的图片正文数据/数码网报价单-0825更新/手机相关/朵唯.jpg,1,0.995,visual_0825_vs_0831_pixel_crosscheck_and_header_structure
20260825-2b55ec992cd0a35ceb83-01,2026-08-25,手机,device,朵唯,,L5P/C19,,,开机屏坏,30,元/台,,image_first_visual_crosscheck_high_similarity,朵唯.jpg,/mnt/data/decoded2/需要获取数据与不需要获数据原文件/需要获取的图片正文数据/数码网报价单-0825更新/手机相关/朵唯.jpg,1,0.995,visual_0825_vs_0831_pixel_crosscheck_and_header_structure
20260825-b8c840aaeafeadcb68af-01,2026-08-25,手机,device,朵唯,,L5P/C19,,,不开机,30,元/台,,image_first_visual_crosscheck_high_similarity,朵唯.jpg,/mnt/data/decoded2/需要获取数据与不需要获数据原文件/需要获取的图片正文数据/数码网报价单-0825更新/手机相关/朵唯.jpg,1,0.995,visual_0825_vs_0831_pixel_crosscheck_and_header_structure
20260825-b3ed45c914089130b7c3-01,2026-08-25,手机,device,朵唯,,L5P/C19,,,废板-整机,30,元/台,,image_first_visual_crosscheck_high_similarity,朵唯.jpg,/mnt/data/decoded2/需要获取数据与不需要获数据原文件/需要获取的图片正文数据/数码网报价单-0825更新/手机相关/朵唯.jpg,1,0.995,visual_0825_vs_0831_pixel_crosscheck_and_header_structure
20260825-ce46dda0f5caf07425d2-01,2026-08-25,手机,device,朵唯,,L5m/C22,,,开机屏好,30,元/台,,image_first_visual_crosscheck_high_similarity,朵唯.jpg,/mnt/data/decoded2/需要获取数据与不需要获数据原文件/需要获取的图片正文数据/数码网报价单-0825更新/手机相关/朵唯.jpg,1,0.995,visual_0825_vs_0831_pixel_crosscheck_and_header_structure
20260825-725aaddefb798708165c-01,2026-08-25,手机,device,朵唯,,L5m/C22,,,开机屏坏,30,元/台,,image_first_visual_crosscheck_high_similarity,朵唯.jpg,/mnt/data/decoded2/需要获取数据与不需要获数据原文件/需要获取的图片正文数据/数码网报价单-0825更新/手机相关/朵唯.jpg,1,0.995,visual_0825_vs_0831_pixel_crosscheck_and_header_structure
20260825-641b9ddc996998c4cb09-01,2026-08-25,手机,device,朵唯,,L5m/C22,,,不开机,30,元/台,,image_first_visual_crosscheck_high_similarity,朵唯.jpg,/mnt/data/decoded2/需要获取数据与不需要获数据原文件/需要获取的图片正文数据/数码网报价单-0825更新/手机相关/朵唯.jpg,1,0.995,visual_0825_vs_0831_pixel_crosscheck_and_header_structure
20260825-48e834ede4c3120f0d76-01,2026-08-25,手机,device,朵唯,,L5m/C22,,,废板-整机,30,元/台,,image_first_visual_crosscheck_high_similarity,朵唯.jpg,/mnt/data/decoded2/需要获取数据与不需要获数据原文件/需要获取的图片正文数据/数码网报价单-0825更新/手机相关/朵唯.jpg,1,0.995,visual_0825_vs_0831_pixel_crosscheck_and_header_structure
20260825-4c8d9dcfa1a4ced3b392-01,2026-08-25,手机,device,朵唯,,L520/C38,,,开机屏好,120,元/台,,image_first_visual_crosscheck_high_similarity,朵唯.jpg,/mnt/data/decoded2/需要获取数据与不需要获数据原文件/需要获取的图片正文数据/数码网报价单-0825更新/手机相关/朵唯.jpg,1,0.995,visual_0825_vs_0831_pixel_crosscheck_and_header_structure
20260825-a2277451b02186e4f6e1-01,2026-08-25,手机,device,朵唯,,L520/C38,,,开机屏坏,120,元/台,,image_first_visual_crosscheck_high_similarity,朵唯.jpg,/mnt/data/decoded2/需要获取数据与不需要获数据原文件/需要获取的图片正文数据/数码网报价单-0825更新/手机相关/朵唯.jpg,1,0.995,visual_0825_vs_0831_pixel_crosscheck_and_header_structure
20260825-dc78276086ff948c4043-01,2026-08-25,手机,device,朵唯,,L520/C38,,,不开机,120,元/台,,image_first_visual_crosscheck_high_similarity,朵唯.jpg,/mnt/data/decoded2/需要获取数据与不需要获数据原文件/需要获取的图片正文数据/数码网报价单-0825更新/手机相关/朵唯.jpg,1,0.995,visual_0825_vs_0831_pixel_crosscheck_and_header_structure
20260825-6abd9a4da564dce992c6-01,2026-08-25,手机,device,朵唯,,L520/C38,,,废板-整机,120,元/台,,image_first_visual_crosscheck_high_similarity,朵唯.jpg,/mnt/data/decoded2/需要获取数据与不需要获数据原文件/需要获取的图片正文数据/数码网报价单-0825更新/手机相关/朵唯.jpg,1,0.995,visual_0825_vs_0831_pixel_crosscheck_and_header_structure
20260825-09cee7fa39e5f6712226-01,2026-08-25,手机,device,朵唯,,A8,,,开机屏好,70,元/台,,image_first_visual_crosscheck_high_similarity,朵唯.jpg,/mnt/data/decoded2/需要获取数据与不需要获数据原文件/需要获取的图片正文数据/数码网报价单-0825更新/手机相关/朵唯.jpg,1,0.995,visual_0825_vs_0831_pixel_crosscheck_and_header_structure
20260825-e8f470379e7c97b3fd6b-01,2026-08-25,手机,device,朵唯,,A8,,,开机屏坏,70,元/台,,image_first_visual_crosscheck_high_similarity,朵唯.jpg,/mnt/data/decoded2/需要获取数据与不需要获数据原文件/需要获取的图片正文数据/数码网报价单-0825更新/手机相关/朵唯.jpg,1,0.995,visual_0825_vs_0831_pixel_crosscheck_and_header_structure
20260825-27c38fbe6f7f2197137a-01,2026-08-25,手机,device,朵唯,,A8,,,不开机,70,元/台,,image_first_visual_crosscheck_high_similarity,朵唯.jpg,/mnt/data/decoded2/需要获取数据与不需要获数据原文件/需要获取的图片正文数据/数码网报价单-0825更新/手机相关/朵唯.jpg,1,0.995,visual_0825_vs_0831_pixel_crosscheck_and_header_structure
20260825-c27321016b2043b8390d-01,2026-08-25,手机,device,朵唯,,A8,,,废板-整机,70,元/台,,image_first_visual_crosscheck_high_similarity,朵唯.jpg,/mnt/data/decoded2/需要获取数据与不需要获数据原文件/需要获取的图片正文数据/数码网报价单-0825更新/手机相关/朵唯.jpg,1,0.995,visual_0825_vs_0831_pixel_crosscheck_and_header_structure
20260825-6194e62f290950730c47-01,2026-08-25,手机,device,朵唯,,A6/C25,,,开机屏好,35,元/台,,image_first_visual_crosscheck_high_similarity,朵唯.jpg,/mnt/data/decoded2/需要获取数据与不需要获数据原文件/需要获取的图片正文数据/数码网报价单-0825更新/手机相关/朵唯.jpg,1,0.995,visual_0825_vs_0831_pixel_crosscheck_and_header_structure
20260825-c9ab628f228394a4515c-01,2026-08-25,手机,device,朵唯,,A6/C25,,,开机屏坏,35,元/台,,image_first_visual_crosscheck_high_similarity,朵唯.jpg,/mnt/data/decoded2/需要获取数据与不需要获数据原文件/需要获取的图片正文数据/数码网报价单-0825更新/手机相关/朵唯.jpg,1,0.995,visual_0825_vs_0831_pixel_crosscheck_and_header_structure
20260825-91ceee975a9e9350c4ff-01,2026-08-25,手机,device,朵唯,,A6/C25,,,不开机,35,元/台,,image_first_visual_crosscheck_high_similarity,朵唯.jpg,/mnt/data/decoded2/需要获取数据与不需要获数据原文件/需要获取的图片正文数据/数码网报价单-0825更新/手机相关/朵唯.jpg,1,0.995,visual_0825_vs_0831_pixel_crosscheck_and_header_structure
20260825-6f8ae1e9ddb6465b2c42-01,2026-08-25,手机,device,朵唯,,A6/C25,,,废板-整机,35,元/台,,image_first_visual_crosscheck_high_similarity,朵唯.jpg,/mnt/data/decoded2/需要获取数据与不需要获数据原文件/需要获取的图片正文数据/数码网报价单-0825更新/手机相关/朵唯.jpg,1,0.995,visual_0825_vs_0831_pixel_crosscheck_and_header_structure
20260825-1ad1efd620e4285e0d20-01,2026-08-25,手机,device,朵唯,,A55/Q5801,,,开机屏好,35,元/台,,image_first_visual_crosscheck_high_similarity,朵唯.jpg,/mnt/data/decoded2/需要获取数据与不需要获数据原文件/需要获取的图片正文数据/数码网报价单-0825更新/手机相关/朵唯.jpg,1,0.995,visual_0825_vs_0831_pixel_crosscheck_and_header_structure
20260825-dbbf62db85c4d512d3d9-01,2026-08-25,手机,device,朵唯,,A55/Q5801,,,开机屏坏,35,元/台,,image_first_visual_crosscheck_high_similarity,朵唯.jpg,/mnt/data/decoded2/需要获取数据与不需要获数据原文件/需要获取的图片正文数据/数码网报价单-0825更新/手机相关/朵唯.jpg,1,0.995,visual_0825_vs_0831_pixel_crosscheck_and_header_structure
20260825-e76ae6c95024d544c637-01,2026-08-25,手机,device,朵唯,,A55/Q5801,,,不开机,35,元/台,,image_first_visual_crosscheck_high_similarity,朵唯.jpg,/mnt/data/decoded2/需要获取数据与不需要获数据原文件/需要获取的图片正文数据/数码网报价单-0825更新/手机相关/朵唯.jpg,1,0.995,visual_0825_vs_0831_pixel_crosscheck_and_header_structure
20260825-d17b90ac500ac42ddc79-01,2026-08-25,手机,device,朵唯,,A55/Q5801,,,废板-整机,35,元/台,,image_first_visual_crosscheck_high_similarity,朵唯.jpg,/mnt/data/decoded2/需要获取数据与不需要获数据原文件/需要获取的图片正文数据/数码网报价单-0825更新/手机相关/朵唯.jpg,1,0.995,visual_0825_vs_0831_pixel_crosscheck_and_header_structure
20260825-a73cc6608c85c156e133-01,2026-08-25,手机,device,朵唯,,A5/C29,,,开机屏好,35,元/台,,image_first_visual_crosscheck_high_similarity,朵唯.jpg,/mnt/data/decoded2/需要获取数据与不需要获数据原文件/需要获取的图片正文数据/数码网报价单-0825更新/手机相关/朵唯.jpg,1,0.995,visual_0825_vs_0831_pixel_crosscheck_and_header_structure
20260825-ae23b275f9b6ff9186c5-01,2026-08-25,手机,device,朵唯,,A5/C29,,,开机屏坏,35,元/台,,image_first_visual_crosscheck_high_similarity,朵唯.jpg,/mnt/data/decoded2/需要获取数据与不需要获数据原文件/需要获取的图片正文数据/数码网报价单-0825更新/手机相关/朵唯.jpg,1,0.995,visual_0825_vs_0831_pixel_crosscheck_and_header_structure
20260825-54c0d38e972fe60ce1b9-01,2026-08-25,手机,device,朵唯,,A5/C29,,,不开机,35,元/台,,image_first_visual_crosscheck_high_similarity,朵唯.jpg,/mnt/data/decoded2/需要获取数据与不需要获数据原文件/需要获取的图片正文数据/数码网报价单-0825更新/手机相关/朵唯.jpg,1,0.995,visual_0825_vs_0831_pixel_crosscheck_and_header_structure
20260825-a9144338d9174cc85ef4-01,2026-08-25,手机,device,朵唯,,A5/C29,,,废板-整机,35,元/台,,image_first_visual_crosscheck_high_similarity,朵唯.jpg,/mnt/data/decoded2/需要获取数据与不需要获数据原文件/需要获取的图片正文数据/数码网报价单-0825更新/手机相关/朵唯.jpg,1,0.995,visual_0825_vs_0831_pixel_crosscheck_and_header_structure
20260825-8decf314dacbe68e31e1-01,2026-08-25,手机,device,朵唯,,A15/C36,,,开机屏好,60,元/台,,image_first_visual_crosscheck_high_similarity,朵唯.jpg,/mnt/data/decoded2/需要获取数据与不需要获数据原文件/需要获取的图片正文数据/数码网报价单-0825更新/手机相关/朵唯.jpg,1,0.995,visual_0825_vs_0831_pixel_crosscheck_and_header_structure
20260825-e7a18a74ae856f39b60a-01,2026-08-25,手机,device,朵唯,,A15/C36,,,开机屏坏,60,元/台,,image_first_visual_crosscheck_high_similarity,朵唯.jpg,/mnt/data/decoded2/需要获取数据与不需要获数据原文件/需要获取的图片正文数据/数码网报价单-0825更新/手机相关/朵唯.jpg,1,0.995,visual_0825_vs_0831_pixel_crosscheck_and_header_structure
20260825-40061172063addace3df-01,2026-08-25,手机,device,朵唯,,A15/C36,,,不开机,60,元/台,,image_first_visual_crosscheck_high_similarity,朵唯.jpg,/mnt/data/decoded2/需要获取数据与不需要获数据原文件/需要获取的图片正文数据/数码网报价单-0825更新/手机相关/朵唯.jpg,1,0.995,visual_0825_vs_0831_pixel_crosscheck_and_header_structure
20260825-cd79a876a500e3301f45-01,2026-08-25,手机,device,朵唯,,A15/C36,,,废板-整机,60,元/台,,image_first_visual_crosscheck_high_similarity,朵唯.jpg,/mnt/data/decoded2/需要获取数据与不需要获数据原文件/需要获取的图片正文数据/数码网报价单-0825更新/手机相关/朵唯.jpg,1,0.995,visual_0825_vs_0831_pixel_crosscheck_and_header_structure
20260825-fe9e7580c93b4f1faa0d-01,2026-08-25,手机,device,朵唯,,A12/C34,,,开机屏好,60,元/台,,image_first_visual_crosscheck_high_similarity,朵唯.jpg,/mnt/data/decoded2/需要获取数据与不需要获数据原文件/需要获取的图片正文数据/数码网报价单-0825更新/手机相关/朵唯.jpg,1,0.995,visual_0825_vs_0831_pixel_crosscheck_and_header_structure
20260825-5402f38a94955155fba4-01,2026-08-25,手机,device,朵唯,,A12/C34,,,开机屏坏,60,元/台,,image_first_visual_crosscheck_high_similarity,朵唯.jpg,/mnt/data/decoded2/需要获取数据与不需要获数据原文件/需要获取的图片正文数据/数码网报价单-0825更新/手机相关/朵唯.jpg,1,0.995,visual_0825_vs_0831_pixel_crosscheck_and_header_structure
20260825-43751c3983b28baefeae-01,2026-08-25,手机,device,朵唯,,A12/C34,,,不开机,60,元/台,,image_first_visual_crosscheck_high_similarity,朵唯.jpg,/mnt/data/decoded2/需要获取数据与不需要获数据原文件/需要获取的图片正文数据/数码网报价单-0825更新/手机相关/朵唯.jpg,1,0.995,visual_0825_vs_0831_pixel_crosscheck_and_header_structure
20260825-8d821dcacd6bffb5c127-01,2026-08-25,手机,device,朵唯,,A12/C34,,,废板-整机,60,元/台,,image_first_visual_crosscheck_high_similarity,朵唯.jpg,/mnt/data/decoded2/需要获取数据与不需要获数据原文件/需要获取的图片正文数据/数码网报价单-0825更新/手机相关/朵唯.jpg,1,0.995,visual_0825_vs_0831_pixel_crosscheck_and_header_structure
20260825-58f09237e210bfe77ae5-01,2026-08-25,手机,device,朵唯,,A11/C33,,,开机屏好,60,元/台,,image_first_visual_crosscheck_high_similarity,朵唯.jpg,/mnt/data/decoded2/需要获取数据与不需要获数据原文件/需要获取的图片正文数据/数码网报价单-0825更新/手机相关/朵唯.jpg,1,0.995,visual_0825_vs_0831_pixel_crosscheck_and_header_structure
20260825-b77ff9531b5b0485b432-01,2026-08-25,手机,device,朵唯,,A11/C33,,,开机屏坏,60,元/台,,image_first_visual_crosscheck_high_similarity,朵唯.jpg,/mnt/data/decoded2/需要获取数据与不需要获数据原文件/需要获取的图片正文数据/数码网报价单-0825更新/手机相关/朵唯.jpg,1,0.995,visual_0825_vs_0831_pixel_crosscheck_and_header_structure
20260825-7f91ce18fea55e7a12c1-01,2026-08-25,手机,device,朵唯,,A11/C33,,,不开机,60,元/台,,image_first_visual_crosscheck_high_similarity,朵唯.jpg,/mnt/data/decoded2/需要获取数据与不需要获数据原文件/需要获取的图片正文数据/数码网报价单-0825更新/手机相关/朵唯.jpg,1,0.995,visual_0825_vs_0831_pixel_crosscheck_and_header_structure
20260825-a390c07f31ed548ff3bb-01,2026-08-25,手机,device,朵唯,,A11/C33,,,废板-整机,60,元/台,,image_first_visual_crosscheck_high_similarity,朵唯.jpg,/mnt/data/decoded2/需要获取数据与不需要获数据原文件/需要获取的图片正文数据/数码网报价单-0825更新/手机相关/朵唯.jpg,1,0.995,visual_0825_vs_0831_pixel_crosscheck_and_header_structure
20260825-4cce89f6d6625a24c0d2-01,2026-08-25,手机,device,朵唯,,A10/C35,,,开机屏好,35,元/台,,image_first_visual_crosscheck_high_similarity,朵唯.jpg,/mnt/data/decoded2/需要获取数据与不需要获数据原文件/需要获取的图片正文数据/数码网报价单-0825更新/手机相关/朵唯.jpg,1,0.995,visual_0825_vs_0831_pixel_crosscheck_and_header_structure
20260825-4ec4255a46f0f994e7d5-01,2026-08-25,手机,device,朵唯,,A10/C35,,,开机屏坏,35,元/台,,image_first_visual_crosscheck_high_similarity,朵唯.jpg,/mnt/data/decoded2/需要获取数据与不需要获数据原文件/需要获取的图片正文数据/数码网报价单-0825更新/手机相关/朵唯.jpg,1,0.995,visual_0825_vs_0831_pixel_crosscheck_and_header_structure
20260825-4c4b8f9746720e612d17-01,2026-08-25,手机,device,朵唯,,A10/C35,,,不开机,35,元/台,,image_first_visual_crosscheck_high_similarity,朵唯.jpg,/mnt/data/decoded2/需要获取数据与不需要获数据原文件/需要获取的图片正文数据/数码网报价单-0825更新/手机相关/朵唯.jpg,1,0.995,visual_0825_vs_0831_pixel_crosscheck_and_header_structure
20260825-3a6dd489a99e8dcc5ebe-01,2026-08-25,手机,device,朵唯,,A10/C35,,,废板-整机,35,元/台,,image_first_visual_crosscheck_high_similarity,朵唯.jpg,/mnt/data/decoded2/需要获取数据与不需要获数据原文件/需要获取的图片正文数据/数码网报价单-0825更新/手机相关/朵唯.jpg,1,0.995,visual_0825_vs_0831_pixel_crosscheck_and_header_structure
20260825-df14a7eb67a558e7ec8a-01,2026-08-25,手机,device,朵唯,,525,,,开机屏好,120,元/台,,image_first_visual_crosscheck_high_similarity,朵唯.jpg,/mnt/data/decoded2/需要获取数据与不需要获数据原文件/需要获取的图片正文数据/数码网报价单-0825更新/手机相关/朵唯.jpg,1,0.995,visual_0825_vs_0831_pixel_crosscheck_and_header_structure
20260825-1553b7a16b483710f9f2-01,2026-08-25,手机,device,朵唯,,525,,,开机屏坏,120,元/台,,image_first_visual_crosscheck_high_similarity,朵唯.jpg,/mnt/data/decoded2/需要获取数据与不需要获数据原文件/需要获取的图片正文数据/数码网报价单-0825更新/手机相关/朵唯.jpg,1,0.995,visual_0825_vs_0831_pixel_crosscheck_and_header_structure
20260825-73b3d9c7c21dcddb3776-01,2026-08-25,手机,device,朵唯,,525,,,不开机,120,元/台,,image_first_visual_crosscheck_high_similarity,朵唯.jpg,/mnt/data/decoded2/需要获取数据与不需要获数据原文件/需要获取的图片正文数据/数码网报价单-0825更新/手机相关/朵唯.jpg,1,0.995,visual_0825_vs_0831_pixel_crosscheck_and_header_structure
20260825-952cc66d94998045dfaa-01,2026-08-25,手机,device,朵唯,,525,,,废板-整机,120,元/台,,image_first_visual_crosscheck_high_similarity,朵唯.jpg,/mnt/data/decoded2/需要获取数据与不需要获数据原文件/需要获取的图片正文数据/数码网报价单-0825更新/手机相关/朵唯.jpg,1,0.995,visual_0825_vs_0831_pixel_crosscheck_and_header_structure
20260825-1ef15c21d84ebc32dde2-01,2026-08-25,手机,device,朵唯,,520,,,开机屏好,120,元/台,,image_first_visual_crosscheck_high_similarity,朵唯.jpg,/mnt/data/decoded2/需要获取数据与不需要获数据原文件/需要获取的图片正文数据/数码网报价单-0825更新/手机相关/朵唯.jpg,1,0.995,visual_0825_vs_0831_pixel_crosscheck_and_header_structure
20260825-e0dc6b8f86ba86052f0a-01,2026-08-25,手机,device,朵唯,,520,,,开机屏坏,120,元/台,,image_first_visual_crosscheck_high_similarity,朵唯.jpg,/mnt/data/decoded2/需要获取数据与不需要获数据原文件/需要获取的图片正文数据/数码网报价单-0825更新/手机相关/朵唯.jpg,1,0.995,visual_0825_vs_0831_pixel_crosscheck_and_header_structure
20260825-8ce0e3b8630d7baed855-01,2026-08-25,手机,device,朵唯,,520,,,不开机,120,元/台,,image_first_visual_crosscheck_high_similarity,朵唯.jpg,/mnt/data/decoded2/需要获取数据与不需要获数据原文件/需要获取的图片正文数据/数码网报价单-0825更新/手机相关/朵唯.jpg,1,0.995,visual_0825_vs_0831_pixel_crosscheck_and_header_structure
20260825-7af46e78470f7c005e6e-01,2026-08-25,手机,device,朵唯,,520,,,废板-整机,120,元/台,,image_first_visual_crosscheck_high_similarity,朵唯.jpg,/mnt/data/decoded2/需要获取数据与不需要获数据原文件/需要获取的图片正文数据/数码网报价单-0825更新/手机相关/朵唯.jpg,1,0.995,visual_0825_vs_0831_pixel_crosscheck_and_header_structure
20260825-eb7f960cd5b425a80fb7-01,2026-08-25,手机,device,朵唯,,S5/C20,,,开机屏好,20,元/台,,image_first_visual_crosscheck_high_similarity,朵唯.jpg,/mnt/data/decoded2/需要获取数据与不需要获数据原文件/需要获取的图片正文数据/数码网报价单-0825更新/手机相关/朵唯.jpg,1,0.995,visual_0825_vs_0831_pixel_crosscheck_and_header_structure
20260825-b7ad5c3ef0100cb96d1a-01,2026-08-25,手机,device,朵唯,,S5/C20,,,开机屏坏,20,元/台,,image_first_visual_crosscheck_high_similarity,朵唯.jpg,/mnt/data/decoded2/需要获取数据与不需要获数据原文件/需要获取的图片正文数据/数码网报价单-0825更新/手机相关/朵唯.jpg,1,0.995,visual_0825_vs_0831_pixel_crosscheck_and_header_structure
20260825-4a329477c7f8b4bf219d-01,2026-08-25,手机,device,朵唯,,S5/C20,,,不开机,20,元/台,,image_first_visual_crosscheck_high_similarity,朵唯.jpg,/mnt/data/decoded2/需要获取数据与不需要获数据原文件/需要获取的图片正文数据/数码网报价单-0825更新/手机相关/朵唯.jpg,1,0.995,visual_0825_vs_0831_pixel_crosscheck_and_header_structure
20260825-b1056e1716c6cd63ee6c-01,2026-08-25,手机,device,朵唯,,S5/C20,,,废板-整机,20,元/台,,image_first_visual_crosscheck_high_similarity,朵唯.jpg,/mnt/data/decoded2/需要获取数据与不需要获数据原文件/需要获取的图片正文数据/数码网报价单-0825更新/手机相关/朵唯.jpg,1,0.995,visual_0825_vs_0831_pixel_crosscheck_and_header_structure
20260825-7e7127235c3b53731697-01,2026-08-25,手机,device,朵唯,,L5P/C21,,,开机屏好,20,元/台,,image_first_visual_crosscheck_high_similarity,朵唯.jpg,/mnt/data/decoded2/需要获取数据与不需要获数据原文件/需要获取的图片正文数据/数码网报价单-0825更新/手机相关/朵唯.jpg,1,0.995,visual_0825_vs_0831_pixel_crosscheck_and_header_structure
20260825-b0afaa9439f1949ba4ef-01,2026-08-25,手机,device,朵唯,,L5P/C21,,,开机屏坏,20,元/台,,image_first_visual_crosscheck_high_similarity,朵唯.jpg,/mnt/data/decoded2/需要获取数据与不需要获数据原文件/需要获取的图片正文数据/数码网报价单-0825更新/手机相关/朵唯.jpg,1,0.995,visual_0825_vs_0831_pixel_crosscheck_and_header_structure
20260825-506119445fe02538e31e-01,2026-08-25,手机,device,朵唯,,L5P/C21,,,不开机,20,元/台,,image_first_visual_crosscheck_high_similarity,朵唯.jpg,/mnt/data/decoded2/需要获取数据与不需要获数据原文件/需要获取的图片正文数据/数码网报价单-0825更新/手机相关/朵唯.jpg,1,0.995,visual_0825_vs_0831_pixel_crosscheck_and_header_structure
20260825-fe3efe83752905ae6ba1-01,2026-08-25,手机,device,朵唯,,L5P/C21,,,废板-整机,20,元/台,,image_first_visual_crosscheck_high_similarity,朵唯.jpg,/mnt/data/decoded2/需要获取数据与不需要获数据原文件/需要获取的图片正文数据/数码网报价单-0825更新/手机相关/朵唯.jpg,1,0.995,visual_0825_vs_0831_pixel_crosscheck_and_header_structure
20260825-0d55b49845c5456ddf63-01,2026-08-25,手机,device,朵唯,,L3c/C17,,,开机屏好,20,元/台,,image_first_visual_crosscheck_high_similarity,朵唯.jpg,/mnt/data/decoded2/需要获取数据与不需要获数据原文件/需要获取的图片正文数据/数码网报价单-0825更新/手机相关/朵唯.jpg,1,0.995,visual_0825_vs_0831_pixel_crosscheck_and_header_structure
20260825-50c06265c10caf01de57-01,2026-08-25,手机,device,朵唯,,L3c/C17,,,开机屏坏,20,元/台,,image_first_visual_crosscheck_high_similarity,朵唯.jpg,/mnt/data/decoded2/需要获取数据与不需要获数据原文件/需要获取的图片正文数据/数码网报价单-0825更新/手机相关/朵唯.jpg,1,0.995,visual_0825_vs_0831_pixel_crosscheck_and_header_structure
20260825-e300000fec361f7ff46c-01,2026-08-25,手机,device,朵唯,,L3c/C17,,,不开机,20,元/台,,image_first_visual_crosscheck_high_similarity,朵唯.jpg,/mnt/data/decoded2/需要获取数据与不需要获数据原文件/需要获取的图片正文数据/数码网报价单-0825更新/手机相关/朵唯.jpg,1,0.995,visual_0825_vs_0831_pixel_crosscheck_and_header_structure
20260825-08cc6194cc8b7747e151-01,2026-08-25,手机,device,朵唯,,L3c/C17,,,废板-整机,20,元/台,,image_first_visual_crosscheck_high_similarity,朵唯.jpg,/mnt/data/decoded2/需要获取数据与不需要获数据原文件/需要获取的图片正文数据/数码网报价单-0825更新/手机相关/朵唯.jpg,1,0.995,visual_0825_vs_0831_pixel_crosscheck_and_header_structure
20260825-775fe22ecf2c6ba35e6b-01,2026-08-25,手机,device,朵唯,,L1/C14,,,开机屏好,20,元/台,,image_first_visual_crosscheck_high_similarity,朵唯.jpg,/mnt/data/decoded2/需要获取数据与不需要获数据原文件/需要获取的图片正文数据/数码网报价单-0825更新/手机相关/朵唯.jpg,1,0.995,visual_0825_vs_0831_pixel_crosscheck_and_header_structure
20260825-9e713c61d17dff575996-01,2026-08-25,手机,device,朵唯,,L1/C14,,,开机屏坏,20,元/台,,image_first_visual_crosscheck_high_similarity,朵唯.jpg,/mnt/data/decoded2/需要获取数据与不需要获数据原文件/需要获取的图片正文数据/数码网报价单-0825更新/手机相关/朵唯.jpg,1,0.995,visual_0825_vs_0831_pixel_crosscheck_and_header_structure
20260825-6086a627f660cd4d29bc-01,2026-08-25,手机,device,朵唯,,L1/C14,,,不开机,20,元/台,,image_first_visual_crosscheck_high_similarity,朵唯.jpg,/mnt/data/decoded2/需要获取数据与不需要获数据原文件/需要获取的图片正文数据/数码网报价单-0825更新/手机相关/朵唯.jpg,1,0.995,visual_0825_vs_0831_pixel_crosscheck_and_header_structure
20260825-80c981ca487f76c3825a-01,2026-08-25,手机,device,朵唯,,L1/C14,,,废板-整机,20,元/台,,image_first_visual_crosscheck_high_similarity,朵唯.jpg,/mnt/data/decoded2/需要获取数据与不需要获数据原文件/需要获取的图片正文数据/数码网报价单-0825更新/手机相关/朵唯.jpg,1,0.995,visual_0825_vs_0831_pixel_crosscheck_and_header_structure
20260825-cd36e8ef7d51a3a1e61d-01,2026-08-25,手机,device,朵唯,,P70,,,开机屏好,70,元/台,,image_first_visual_crosscheck_high_similarity,朵唯.jpg,/mnt/data/decoded2/需要获取数据与不需要获数据原文件/需要获取的图片正文数据/数码网报价单-0825更新/手机相关/朵唯.jpg,1,0.995,visual_0825_vs_0831_pixel_crosscheck_and_header_structure
20260825-d612f202ae8e0373629c-01,2026-08-25,手机,device,朵唯,,P70,,,开机屏坏,70,元/台,,image_first_visual_crosscheck_high_similarity,朵唯.jpg,/mnt/data/decoded2/需要获取数据与不需要获数据原文件/需要获取的图片正文数据/数码网报价单-0825更新/手机相关/朵唯.jpg,1,0.995,visual_0825_vs_0831_pixel_crosscheck_and_header_structure
20260825-85b16afaccfe3251bf91-01,2026-08-25,手机,device,朵唯,,P70,,,不开机,70,元/台,,image_first_visual_crosscheck_high_similarity,朵唯.jpg,/mnt/data/decoded2/需要获取数据与不需要获数据原文件/需要获取的图片正文数据/数码网报价单-0825更新/手机相关/朵唯.jpg,1,0.995,visual_0825_vs_0831_pixel_crosscheck_and_header_structure
20260825-64e562c0c827992052a5-01,2026-08-25,手机,device,朵唯,,P70,,,废板-整机,70,元/台,,image_first_visual_crosscheck_high_similarity,朵唯.jpg,/mnt/data/decoded2/需要获取数据与不需要获数据原文件/需要获取的图片正文数据/数码网报价单-0825更新/手机相关/朵唯.jpg,1,0.995,visual_0825_vs_0831_pixel_crosscheck_and_header_structure
20260825-53028c64a5375a1ba0c8-01,2026-08-25,手机,device,朵唯,,逆客V8,,,开机屏好,20,元/台,,image_first_visual_crosscheck_high_similarity,朵唯.jpg,/mnt/data/decoded2/需要获取数据与不需要获数据原文件/需要获取的图片正文数据/数码网报价单-0825更新/手机相关/朵唯.jpg,1,0.995,visual_0825_vs_0831_pixel_crosscheck_and_header_structure
20260825-9f7dd6d8d0d5e5022aae-01,2026-08-25,手机,device,朵唯,,逆客V8,,,开机屏坏,20,元/台,,image_first_visual_crosscheck_high_similarity,朵唯.jpg,/mnt/data/decoded2/需要获取数据与不需要获数据原文件/需要获取的图片正文数据/数码网报价单-0825更新/手机相关/朵唯.jpg,1,0.995,visual_0825_vs_0831_pixel_crosscheck_and_header_structure
20260825-47f59f3c7e3303e34aa8-01,2026-08-25,手机,device,朵唯,,逆客V8,,,不开机,20,元/台,,image_first_visual_crosscheck_high_similarity,朵唯.jpg,/mnt/data/decoded2/需要获取数据与不需要获数据原文件/需要获取的图片正文数据/数码网报价单-0825更新/手机相关/朵唯.jpg,1,0.995,visual_0825_vs_0831_pixel_crosscheck_and_header_structure
20260825-7aa0ab751dbe0994be97-01,2026-08-25,手机,device,朵唯,,逆客V8,,,废板-整机,20,元/台,,image_first_visual_crosscheck_high_similarity,朵唯.jpg,/mnt/data/decoded2/需要获取数据与不需要获数据原文件/需要获取的图片正文数据/数码网报价单-0825更新/手机相关/朵唯.jpg,1,0.995,visual_0825_vs_0831_pixel_crosscheck_and_header_structure
20260825-f64a182545260920811a-01,2026-08-25,手机,device,朵唯,,逆客V5,,,开机屏好,20,元/台,,image_first_visual_crosscheck_high_similarity,朵唯.jpg,/mnt/data/decoded2/需要获取数据与不需要获数据原文件/需要获取的图片正文数据/数码网报价单-0825更新/手机相关/朵唯.jpg,1,0.995,visual_0825_vs_0831_pixel_crosscheck_and_header_structure
20260825-089791c94fefe3074c6b-01,2026-08-25,手机,device,朵唯,,逆客V5,,,开机屏坏,20,元/台,,image_first_visual_crosscheck_high_similarity,朵唯.jpg,/mnt/data/decoded2/需要获取数据与不需要获数据原文件/需要获取的图片正文数据/数码网报价单-0825更新/手机相关/朵唯.jpg,1,0.995,visual_0825_vs_0831_pixel_crosscheck_and_header_structure
20260825-a7cbbc298bcd58b362ba-01,2026-08-25,手机,device,朵唯,,逆客V5,,,不开机,20,元/台,,image_first_visual_crosscheck_high_similarity,朵唯.jpg,/mnt/data/decoded2/需要获取数据与不需要获数据原文件/需要获取的图片正文数据/数码网报价单-0825更新/手机相关/朵唯.jpg,1,0.995,visual_0825_vs_0831_pixel_crosscheck_and_header_structure
20260825-4e7da6e017ea852b083b-01,2026-08-25,手机,device,朵唯,,逆客V5,,,废板-整机,20,元/台,,image_first_visual_crosscheck_high_similarity,朵唯.jpg,/mnt/data/decoded2/需要获取数据与不需要获数据原文件/需要获取的图片正文数据/数码网报价单-0825更新/手机相关/朵唯.jpg,1,0.995,visual_0825_vs_0831_pixel_crosscheck_and_header_structure
20260825-d0c29e017ad36a392a7f-01,2026-08-25,手机,device,朵唯,,逆客V3,,,开机屏好,20,元/台,,image_first_visual_crosscheck_high_similarity,朵唯.jpg,/mnt/data/decoded2/需要获取数据与不需要获数据原文件/需要获取的图片正文数据/数码网报价单-0825更新/手机相关/朵唯.jpg,1,0.995,visual_0825_vs_0831_pixel_crosscheck_and_header_structure
20260825-030974ac1954b4995224-01,2026-08-25,手机,device,朵唯,,逆客V3,,,开机屏坏,20,元/台,,image_first_visual_crosscheck_high_similarity,朵唯.jpg,/mnt/data/decoded2/需要获取数据与不需要获数据原文件/需要获取的图片正文数据/数码网报价单-0825更新/手机相关/朵唯.jpg,1,0.995,visual_0825_vs_0831_pixel_crosscheck_and_header_structure
20260825-9fb54c609a83d1644f59-01,2026-08-25,手机,device,朵唯,,逆客V3,,,不开机,20,元/台,,image_first_visual_crosscheck_high_similarity,朵唯.jpg,/mnt/data/decoded2/需要获取数据与不需要获数据原文件/需要获取的图片正文数据/数码网报价单-0825更新/手机相关/朵唯.jpg,1,0.995,visual_0825_vs_0831_pixel_crosscheck_and_header_structure
20260825-cb84346716fc29f8d428-01,2026-08-25,手机,device,朵唯,,逆客V3,,,废板-整机,20,元/台,,image_first_visual_crosscheck_high_similarity,朵唯.jpg,/mnt/data/decoded2/需要获取数据与不需要获数据原文件/需要获取的图片正文数据/数码网报价单-0825更新/手机相关/朵唯.jpg,1,0.995,visual_0825_vs_0831_pixel_crosscheck_and_header_structure
20260825-723c1c5f338d5fd51058-01,2026-08-25,手机,device,朵唯,,逆客V1,,,开机屏好,20,元/台,,image_first_visual_crosscheck_high_similarity,朵唯.jpg,/mnt/data/decoded2/需要获取数据与不需要获数据原文件/需要获取的图片正文数据/数码网报价单-0825更新/手机相关/朵唯.jpg,1,0.995,visual_0825_vs_0831_pixel_crosscheck_and_header_structure
20260825-0d3b46a8604c4134c4d6-01,2026-08-25,手机,device,朵唯,,逆客V1,,,开机屏坏,20,元/台,,image_first_visual_crosscheck_high_similarity,朵唯.jpg,/mnt/data/decoded2/需要获取数据与不需要获数据原文件/需要获取的图片正文数据/数码网报价单-0825更新/手机相关/朵唯.jpg,1,0.995,visual_0825_vs_0831_pixel_crosscheck_and_header_structure
20260825-208a8f54c79f3a2de071-01,2026-08-25,手机,device,朵唯,,逆客V1,,,不开机,20,元/台,,image_first_visual_crosscheck_high_similarity,朵唯.jpg,/mnt/data/decoded2/需要获取数据与不需要获数据原文件/需要获取的图片正文数据/数码网报价单-0825更新/手机相关/朵唯.jpg,1,0.995,visual_0825_vs_0831_pixel_crosscheck_and_header_structure
20260825-47beac96a9f8a7f5dc30-01,2026-08-25,手机,device,朵唯,,逆客V1,,,废板-整机,20,元/台,,image_first_visual_crosscheck_high_similarity,朵唯.jpg,/mnt/data/decoded2/需要获取数据与不需要获数据原文件/需要获取的图片正文数据/数码网报价单-0825更新/手机相关/朵唯.jpg,1,0.995,visual_0825_vs_0831_pixel_crosscheck_and_header_structure
20260825-67138f33ecd4ce79b9fe-01,2026-08-25,手机,device,功能机,统货回收价格,功能机（老年机）有电池,,,统货-有电池,10,元/个,正常通货比例，原装货，没有被划过。参考示例图1,image_first_visual_crosscheck_high_similarity,老年机.jpg,/mnt/data/decoded2/需要获取数据与不需要获数据原文件/需要获取的图片正文数据/数码网报价单-0825更新/手机相关/老年机.jpg,1,0.995,visual_0825_vs_0831_pixel_crosscheck_and_header_structure
20260825-9d0f1562c949b6afd8a6-01,2026-08-25,手机,device,功能机,统货回收价格,功能机（老年机）无电池,,,统货-无电池,9,元/个,正常通货比例，没有被划过。参考示例图1,image_first_visual_crosscheck_high_similarity,老年机.jpg,/mnt/data/decoded2/需要获取数据与不需要获数据原文件/需要获取的图片正文数据/数码网报价单-0825更新/手机相关/老年机.jpg,1,0.995,visual_0825_vs_0831_pixel_crosscheck_and_header_structure
20260825-f01da9c30e7dc4b85513-01,2026-08-25,手机,device,功能机,非拆壳回收价格,翻盖老款机,,,非拆壳,160,元/斤,参考示例图2,image_first_visual_crosscheck_high_similarity,老年机.jpg,/mnt/data/decoded2/需要获取数据与不需要获数据原文件/需要获取的图片正文数据/数码网报价单-0825更新/手机相关/老年机.jpg,1,0.995,visual_0825_vs_0831_pixel_crosscheck_and_header_structure
20260825-73a7ab8e5e57c08303a3-01,2026-08-25,手机,device,功能机,非拆壳回收价格,两成以上翻盖机,,,非拆壳,85,元/斤,参考示例图3,image_first_visual_crosscheck_high_similarity,老年机.jpg,/mnt/data/decoded2/需要获取数据与不需要获数据原文件/需要获取的图片正文数据/数码网报价单-0825更新/手机相关/老年机.jpg,1,0.995,visual_0825_vs_0831_pixel_crosscheck_and_header_structure
20260825-f928b2d8c05e3e1d80e5-01,2026-08-25,手机,device,功能机,非拆壳回收价格,直板机,,,非拆壳,62,元/斤,参考示例图4,image_first_visual_crosscheck_high_similarity,老年机.jpg,/mnt/data/decoded2/需要获取数据与不需要获数据原文件/需要获取的图片正文数据/数码网报价单-0825更新/手机相关/老年机.jpg,1,0.995,visual_0825_vs_0831_pixel_crosscheck_and_header_structure
20260825-1aa4d558a66ac14712c3-01,2026-08-25,手机,device,功能机,非拆壳回收价格,双卡大屏机,,,非拆壳,7.4,元/个,参考示例图5,image_first_visual_crosscheck_high_similarity,老年机.jpg,/mnt/data/decoded2/需要获取数据与不需要获数据原文件/需要获取的图片正文数据/数码网报价单-0825更新/手机相关/老年机.jpg,1,0.995,visual_0825_vs_0831_pixel_crosscheck_and_header_structure
20260825-6f05595e8144f9a43cb1-01,2026-08-25,手机,device,功能机,批货老年机回收,老款低档诺基亚系列,,,点数,15,元/个,参考示例图6,image_first_visual_crosscheck_high_similarity,老年机.jpg,/mnt/data/decoded2/需要获取数据与不需要获数据原文件/需要获取的图片正文数据/数码网报价单-0825更新/手机相关/老年机.jpg,1,0.995,visual_0825_vs_0831_pixel_crosscheck_and_header_structure
20260825-46d6c9c7dae54ebb0ecf-01,2026-08-25,手机,device,功能机,批货老年机回收,老款5110系列,,,点数,30,元/个,参考示例图6,image_first_visual_crosscheck_high_similarity,老年机.jpg,/mnt/data/decoded2/需要获取数据与不需要获数据原文件/需要获取的图片正文数据/数码网报价单-0825更新/手机相关/老年机.jpg,1,0.995,visual_0825_vs_0831_pixel_crosscheck_and_header_structure
20260825-4640e5bf4e5e89d68b93-01,2026-08-25,手机,device,功能机,批货老年机回收,老款翻盖系列,,,点数,20,元/个,参考示例图7,image_first_visual_crosscheck_high_similarity,老年机.jpg,/mnt/data/decoded2/需要获取数据与不需要获数据原文件/需要获取的图片正文数据/数码网报价单-0825更新/手机相关/老年机.jpg,1,0.995,visual_0825_vs_0831_pixel_crosscheck_and_header_structure
20260825-6374dd3572cb80904509-01,2026-08-25,手机,device,功能机,批货老年机回收,老款低档摩托系列,,,点数,28,元/个,参考示例图8,image_first_visual_crosscheck_high_similarity,老年机.jpg,/mnt/data/decoded2/需要获取数据与不需要获数据原文件/需要获取的图片正文数据/数码网报价单-0825更新/手机相关/老年机.jpg,1,0.995,visual_0825_vs_0831_pixel_crosscheck_and_header_structure
20260825-aecd11ecd5787b575706-01,2026-08-25,手机,device,功能机,批货老年机回收,老款低档诺基亚n70、72系列,,,点数,24,元/个,参考示例图9,image_first_visual_crosscheck_high_similarity,老年机.jpg,/mnt/data/decoded2/需要获取数据与不需要获数据原文件/需要获取的图片正文数据/数码网报价单-0825更新/手机相关/老年机.jpg,1,0.995,visual_0825_vs_0831_pixel_crosscheck_and_header_structure
20260825-78edfb582dd23849aee1-01,2026-08-25,手机,device,功能机,批货老年机回收,老款杂机,,,点数,19,元/个,参考示例图10,image_first_visual_crosscheck_high_similarity,老年机.jpg,/mnt/data/decoded2/需要获取数据与不需要获数据原文件/需要获取的图片正文数据/数码网报价单-0825更新/手机相关/老年机.jpg,1,0.995,visual_0825_vs_0831_pixel_crosscheck_and_header_structure
20260825-82c488922090d5a37a5e-01,2026-08-25,手机,device,功能机,批货老年机回收,老款摩托罗拉大哥大,,,点数,58,元/个,参考示例图11,image_first_visual_crosscheck_high_similarity,老年机.jpg,/mnt/data/decoded2/需要获取数据与不需要获数据原文件/需要获取的图片正文数据/数码网报价单-0825更新/手机相关/老年机.jpg,1,0.995,visual_0825_vs_0831_pixel_crosscheck_and_header_structure
20260825-c349b41feee687a75dd6-01,2026-08-25,手机,device,功能机,保卡里,保卡里打铃VR至尊版,,,开机屏好,1999,元/台,参考示例图12,image_first_visual_crosscheck_high_similarity,老年机.jpg,/mnt/data/decoded2/需要获取数据与不需要获数据原文件/需要获取的图片正文数据/数码网报价单-0825更新/手机相关/老年机.jpg,1,0.995,visual_0825_vs_0831_pixel_crosscheck_and_header_structure
20260825-5cca4cc7586dd468bb4d-01,2026-08-25,手机,device,功能机,TCL热门机型,TCL 999d,,,开机屏好,1666,元/台,参考示例图13,image_first_visual_crosscheck_high_similarity,老年机.jpg,/mnt/data/decoded2/需要获取数据与不需要获数据原文件/需要获取的图片正文数据/数码网报价单-0825更新/手机相关/老年机.jpg,1,0.995,visual_0825_vs_0831_pixel_crosscheck_and_header_structure
20260825-aa11e620cbfd21ba3ef0-01,2026-08-25,手机,device,功能机,双小卡老年机批发,双小卡老年机批发,,,点数,12,元/个,参考示例图14/15,image_first_visual_crosscheck_high_similarity,老年机.jpg,/mnt/data/decoded2/需要获取数据与不需要获数据原文件/需要获取的图片正文数据/数码网报价单-0825更新/手机相关/老年机.jpg,1,0.995,visual_0825_vs_0831_pixel_crosscheck_and_header_structure
20260825-289fe21126f0f0f8b962-01,2026-08-25,手机,device,功能机,双小卡老年机批发,双小卡老年机通点,,,点数,11,元/个,参考示例图14/15,image_first_visual_crosscheck_high_similarity,老年机.jpg,/mnt/data/decoded2/需要获取数据与不需要获数据原文件/需要获取的图片正文数据/数码网报价单-0825更新/手机相关/老年机.jpg,1,0.995,visual_0825_vs_0831_pixel_crosscheck_and_header_structure
20260825-fc59aa17533acb5d854f-01,2026-08-25,手机,device,诺基亚,诺基亚8系列,8910白屏,,,开机屏好,100,元/台,外壳明显磕碰变形算不开机,image_first_visual_crosscheck_high_similarity,诺基亚.jpg,/mnt/data/decoded2/需要获取数据与不需要获数据原文件/需要获取的图片正文数据/数码网报价单-0825更新/手机相关/诺基亚.jpg,1,0.995,visual_0825_vs_0831_pixel_crosscheck_and_header_structure
20260825-dd92bb3ca320ab893ed0-01,2026-08-25,手机,device,诺基亚,诺基亚8系列,8910白屏,,,开机屏坏,70,元/台,外壳明显磕碰变形算不开机,image_first_visual_crosscheck_high_similarity,诺基亚.jpg,/mnt/data/decoded2/需要获取数据与不需要获数据原文件/需要获取的图片正文数据/数码网报价单-0825更新/手机相关/诺基亚.jpg,1,0.995,visual_0825_vs_0831_pixel_crosscheck_and_header_structure
20260825-45aa4cd94c05734ad0f3-01,2026-08-25,手机,device,诺基亚,诺基亚8系列,8910白屏,,,不开机,20,元/台,外壳明显磕碰变形算不开机,image_first_visual_crosscheck_high_similarity,诺基亚.jpg,/mnt/data/decoded2/需要获取数据与不需要获数据原文件/需要获取的图片正文数据/数码网报价单-0825更新/手机相关/诺基亚.jpg,1,0.995,visual_0825_vs_0831_pixel_crosscheck_and_header_structure
20260825-893ad5ffe05f0a4aa081-01,2026-08-25,手机,device,诺基亚,诺基亚8系列,8910白屏,,,不开机屏好,60,元/台,外壳明显磕碰变形算不开机,image_first_visual_crosscheck_high_similarity,诺基亚.jpg,/mnt/data/decoded2/需要获取数据与不需要获数据原文件/需要获取的图片正文数据/数码网报价单-0825更新/手机相关/诺基亚.jpg,1,0.995,visual_0825_vs_0831_pixel_crosscheck_and_header_structure
20260825-1de6c4c5be2fd409f24b-01,2026-08-25,手机,device,诺基亚,诺基亚8系列,8910白屏,,,废板-整机,20,元/台,外壳明显磕碰变形算不开机,image_first_visual_crosscheck_high_similarity,诺基亚.jpg,/mnt/data/decoded2/需要获取数据与不需要获数据原文件/需要获取的图片正文数据/数码网报价单-0825更新/手机相关/诺基亚.jpg,1,0.995,visual_0825_vs_0831_pixel_crosscheck_and_header_structure
20260825-f9f36d8bbcc69cd12f8f-01,2026-08-25,手机,device,诺基亚,诺基亚8系列,8910i彩屏,,,开机屏好,180,元/台,外壳明显磕碰变形算不开机,image_first_visual_crosscheck_high_similarity,诺基亚.jpg,/mnt/data/decoded2/需要获取数据与不需要获数据原文件/需要获取的图片正文数据/数码网报价单-0825更新/手机相关/诺基亚.jpg,1,0.995,visual_0825_vs_0831_pixel_crosscheck_and_header_structure
20260825-e3a6d72bf39e2391477f-01,2026-08-25,手机,device,诺基亚,诺基亚8系列,8910i彩屏,,,开机屏坏,80,元/台,外壳明显磕碰变形算不开机,image_first_visual_crosscheck_high_similarity,诺基亚.jpg,/mnt/data/decoded2/需要获取数据与不需要获数据原文件/需要获取的图片正文数据/数码网报价单-0825更新/手机相关/诺基亚.jpg,1,0.995,visual_0825_vs_0831_pixel_crosscheck_and_header_structure
20260825-23f72bf57d6221c1f541-01,2026-08-25,手机,device,诺基亚,诺基亚8系列,8910i彩屏,,,不开机,80,元/台,外壳明显磕碰变形算不开机,image_first_visual_crosscheck_high_similarity,诺基亚.jpg,/mnt/data/decoded2/需要获取数据与不需要获数据原文件/需要获取的图片正文数据/数码网报价单-0825更新/手机相关/诺基亚.jpg,1,0.995,visual_0825_vs_0831_pixel_crosscheck_and_header_structure
20260825-fcef77d6e764a5033bc6-01,2026-08-25,手机,device,诺基亚,诺基亚8系列,8910i彩屏,,,不开机屏好,80,元/台,外壳明显磕碰变形算不开机,image_first_visual_crosscheck_high_similarity,诺基亚.jpg,/mnt/data/decoded2/需要获取数据与不需要获数据原文件/需要获取的图片正文数据/数码网报价单-0825更新/手机相关/诺基亚.jpg,1,0.995,visual_0825_vs_0831_pixel_crosscheck_and_header_structure
