record_id,data_date,category,subtype,brand,series,model,model_code,alias,condition,price,unit,note,origin,source_image,source_path,verified,confidence,verification
20260825-336ce412ada754527c2d-01,2026-08-25,手机,device,三星,W系列,W2020,,W2020,开机屏好大老化,500,CNY/台,,image,三星.jpg,数码网报价单-0825更新/手机相关/三星.jpg,1,1.0,visual_0825_source_crosschecked
20260825-5ea424fdabacad314a6a-01,2026-08-25,手机,device,三星,W系列,W2020,,W2020,开机屏坏,150,CNY/台,,image,三星.jpg,数码网报价单-0825更新/手机相关/三星.jpg,1,1.0,visual_0825_source_crosschecked
20260825-d09fcacefe6d9a2d795b-01,2026-08-25,手机,device,三星,W系列,W2020,,W2020,不开机屏好,150,CNY/台,,image,三星.jpg,数码网报价单-0825更新/手机相关/三星.jpg,1,1.0,visual_0825_source_crosschecked
20260825-5048df86084ce2ea253c-01,2026-08-25,手机,device,三星,W系列,W2020,,W2020,不开机,150,CNY/台,,image,三星.jpg,数码网报价单-0825更新/手机相关/三星.jpg,1,1.0,visual_0825_source_crosschecked
20260825-69edcc835340cdb6f64d-01,2026-08-25,手机,device,三星,W系列,W2020,,W2020,废板-整机,150,CNY/台,,image,三星.jpg,数码网报价单-0825更新/手机相关/三星.jpg,1,1.0,visual_0825_source_crosschecked
20260825-ba90b065242f4469c7ed-01,2026-08-25,手机,device,三星,W系列,W2019,,W2019,开机屏好,500,CNY/台,,image,三星.jpg,数码网报价单-0825更新/手机相关/三星.jpg,1,1.0,visual_0825_source_crosschecked
20260825-7f2283ac135aa5d23c8a-01,2026-08-25,手机,device,三星,W系列,W2019,,W2019,开机屏好小老化,130,CNY/台,,image,三星.jpg,数码网报价单-0825更新/手机相关/三星.jpg,1,1.0,visual_0825_source_crosschecked
20260825-902ca4727c9c9fd4aeff-01,2026-08-25,手机,device,三星,W系列,W2019,,W2019,开机屏好大老化,400,CNY/台,,image,三星.jpg,数码网报价单-0825更新/手机相关/三星.jpg,1,1.0,visual_0825_source_crosschecked
20260825-d4a969a02274b7aa0bf5-01,2026-08-25,手机,device,三星,W系列,W2019,,W2019,开机屏坏,130,CNY/台,,image,三星.jpg,数码网报价单-0825更新/手机相关/三星.jpg,1,1.0,visual_0825_source_crosschecked
20260825-606240a214bf3c1fb9ae-01,2026-08-25,手机,device,三星,W系列,W2019,,W2019,不开机屏好,100,CNY/台,,image,三星.jpg,数码网报价单-0825更新/手机相关/三星.jpg,1,1.0,visual_0825_source_crosschecked
20260825-4cec900248800d52d3d8-01,2026-08-25,手机,device,三星,W系列,W2019,,W2019,不开机,90,CNY/台,,image,三星.jpg,数码网报价单-0825更新/手机相关/三星.jpg,1,1.0,visual_0825_source_crosschecked
20260825-08004cc56032cb3b0783-01,2026-08-25,手机,device,三星,W系列,W2019,,W2019,废板-整机,90,CNY/台,,image,三星.jpg,数码网报价单-0825更新/手机相关/三星.jpg,1,1.0,visual_0825_source_crosschecked
20260825-2e5ba25b12d96dfbf248-01,2026-08-25,手机,device,三星,W系列,W2018,,W2018,开机屏好,300,CNY/台,,image,三星.jpg,数码网报价单-0825更新/手机相关/三星.jpg,1,1.0,visual_0825_source_crosschecked
20260825-c7196babafac01f6b768-01,2026-08-25,手机,device,三星,W系列,W2018,,W2018,开机屏好小老化,200,CNY/台,,image,三星.jpg,数码网报价单-0825更新/手机相关/三星.jpg,1,1.0,visual_0825_source_crosschecked
20260825-c7379ca0c015163f836f-01,2026-08-25,手机,device,三星,W系列,W2018,,W2018,开机屏好大老化,220,CNY/台,,image,三星.jpg,数码网报价单-0825更新/手机相关/三星.jpg,1,1.0,visual_0825_source_crosschecked
20260825-b1b5ac1a4fab5c65fab2-01,2026-08-25,手机,device,三星,W系列,W2018,,W2018,开机屏坏,30,CNY/台,,image,三星.jpg,数码网报价单-0825更新/手机相关/三星.jpg,1,1.0,visual_0825_source_crosschecked
20260825-97cb28214b63a3e338f8-01,2026-08-25,手机,device,三星,W系列,W2018,,W2018,不开机屏好,180,CNY/台,,image,三星.jpg,数码网报价单-0825更新/手机相关/三星.jpg,1,1.0,visual_0825_source_crosschecked
20260825-f5e952afc4f8d7faaeeb-01,2026-08-25,手机,device,三星,W系列,W2018,,W2018,不开机,30,CNY/台,,image,三星.jpg,数码网报价单-0825更新/手机相关/三星.jpg,1,1.0,visual_0825_source_crosschecked
20260825-66bdf8c5cfd5d9793e29-01,2026-08-25,手机,device,三星,W系列,W2018,,W2018,废板-整机,30,CNY/台,,image,三星.jpg,数码网报价单-0825更新/手机相关/三星.jpg,1,1.0,visual_0825_source_crosschecked
20260825-5ee0d82903e6ffa90efe-01,2026-08-25,手机,device,三星,W系列,W2017,,W2017,开机屏好,35,CNY/台,,image,三星.jpg,数码网报价单-0825更新/手机相关/三星.jpg,1,1.0,visual_0825_source_crosschecked
20260825-ecd597c36226d0b7d2f4-01,2026-08-25,手机,device,三星,W系列,W2017,,W2017,开机屏好小老化,35,CNY/台,,image,三星.jpg,数码网报价单-0825更新/手机相关/三星.jpg,1,1.0,visual_0825_source_crosschecked
20260825-8f5710077d71d4f8397b-01,2026-08-25,手机,device,三星,W系列,W2017,,W2017,开机屏好大老化,35,CNY/台,,image,三星.jpg,数码网报价单-0825更新/手机相关/三星.jpg,1,1.0,visual_0825_source_crosschecked
20260825-06b4164455c4686dcc27-01,2026-08-25,手机,device,三星,W系列,W2017,,W2017,开机屏坏,25,CNY/台,,image,三星.jpg,数码网报价单-0825更新/手机相关/三星.jpg,1,1.0,visual_0825_source_crosschecked
20260825-ff3c3c74e723bcecdda3-01,2026-08-25,手机,device,三星,W系列,W2017,,W2017,不开机屏好,35,CNY/台,,image,三星.jpg,数码网报价单-0825更新/手机相关/三星.jpg,1,1.0,visual_0825_source_crosschecked
20260825-c71e134ef46f06793db0-01,2026-08-25,手机,device,三星,W系列,W2017,,W2017,不开机,25,CNY/台,,image,三星.jpg,数码网报价单-0825更新/手机相关/三星.jpg,1,1.0,visual_0825_source_crosschecked
20260825-f3ea1189c6a75c819e76-01,2026-08-25,手机,device,三星,W系列,W2017,,W2017,废板-整机,25,CNY/台,,image,三星.jpg,数码网报价单-0825更新/手机相关/三星.jpg,1,1.0,visual_0825_source_crosschecked
20260825-dad60090a43e79f7c3b7-01,2026-08-25,手机,device,三星,W系列,W2016,,W2016,开机屏好,15,CNY/台,,image,三星.jpg,数码网报价单-0825更新/手机相关/三星.jpg,1,1.0,visual_0825_source_crosschecked
20260825-0143db07782f6a79d0a0-01,2026-08-25,手机,device,三星,W系列,W2016,,W2016,开机屏好小老化,15,CNY/台,,image,三星.jpg,数码网报价单-0825更新/手机相关/三星.jpg,1,1.0,visual_0825_source_crosschecked
20260825-258f46883a390a5622f9-01,2026-08-25,手机,device,三星,W系列,W2016,,W2016,开机屏好大老化,15,CNY/台,,image,三星.jpg,数码网报价单-0825更新/手机相关/三星.jpg,1,1.0,visual_0825_source_crosschecked
20260825-dd6c17e8622dcc164953-01,2026-08-25,手机,device,三星,W系列,W2016,,W2016,开机屏坏,15,CNY/台,,image,三星.jpg,数码网报价单-0825更新/手机相关/三星.jpg,1,1.0,visual_0825_source_crosschecked
20260825-59f7c258e4014c1d9b92-01,2026-08-25,手机,device,三星,W系列,W2016,,W2016,不开机屏好,15,CNY/台,,image,三星.jpg,数码网报价单-0825更新/手机相关/三星.jpg,1,1.0,visual_0825_source_crosschecked
20260825-10e429d4d7619a910001-01,2026-08-25,手机,device,三星,W系列,W2016,,W2016,不开机,15,CNY/台,,image,三星.jpg,数码网报价单-0825更新/手机相关/三星.jpg,1,1.0,visual_0825_source_crosschecked
20260825-925ce7d47a57a9035876-01,2026-08-25,手机,device,三星,W系列,W2016,,W2016,废板-整机,15,CNY/台,,image,三星.jpg,数码网报价单-0825更新/手机相关/三星.jpg,1,1.0,visual_0825_source_crosschecked
20260825-80c0b0f6f3b8fc291607-01,2026-08-25,手机,device,三星,W系列,W2015,,W2015,开机屏好,10,CNY/台,,image,三星.jpg,数码网报价单-0825更新/手机相关/三星.jpg,1,1.0,visual_0825_source_crosschecked
20260825-fad8415343f78cc5b1f5-01,2026-08-25,手机,device,三星,W系列,W2015,,W2015,开机屏好小老化,10,CNY/台,,image,三星.jpg,数码网报价单-0825更新/手机相关/三星.jpg,1,1.0,visual_0825_source_crosschecked
20260825-39a5d2e4de0e5b6c9181-01,2026-08-25,手机,device,三星,W系列,W2015,,W2015,开机屏好大老化,10,CNY/台,,image,三星.jpg,数码网报价单-0825更新/手机相关/三星.jpg,1,1.0,visual_0825_source_crosschecked
20260825-7f0f5568a7100c4090aa-01,2026-08-25,手机,device,三星,W系列,W2015,,W2015,开机屏坏,10,CNY/台,,image,三星.jpg,数码网报价单-0825更新/手机相关/三星.jpg,1,1.0,visual_0825_source_crosschecked
20260825-c04161d1e7d70afc1921-01,2026-08-25,手机,device,三星,W系列,W2015,,W2015,不开机屏好,10,CNY/台,,image,三星.jpg,数码网报价单-0825更新/手机相关/三星.jpg,1,1.0,visual_0825_source_crosschecked
20260825-a4608e4a5109b4236b71-01,2026-08-25,手机,device,三星,W系列,W2015,,W2015,不开机,10,CNY/台,,image,三星.jpg,数码网报价单-0825更新/手机相关/三星.jpg,1,1.0,visual_0825_source_crosschecked
20260825-428bcf6a70c90a4352dc-01,2026-08-25,手机,device,三星,W系列,W2015,,W2015,废板-整机,10,CNY/台,,image,三星.jpg,数码网报价单-0825更新/手机相关/三星.jpg,1,1.0,visual_0825_source_crosschecked
20260825-c364030da2ec22f06003-01,2026-08-25,手机,device,三星,W系列,W2014,,W2014,开机屏好,10,CNY/台,,image,三星.jpg,数码网报价单-0825更新/手机相关/三星.jpg,1,1.0,visual_0825_source_crosschecked
20260825-f693875448adca1f034d-01,2026-08-25,手机,device,三星,W系列,W2014,,W2014,开机屏好小老化,10,CNY/台,,image,三星.jpg,数码网报价单-0825更新/手机相关/三星.jpg,1,1.0,visual_0825_source_crosschecked
20260825-94e4b8b2e11395b2e05f-01,2026-08-25,手机,device,三星,W系列,W2014,,W2014,开机屏好大老化,10,CNY/台,,image,三星.jpg,数码网报价单-0825更新/手机相关/三星.jpg,1,1.0,visual_0825_source_crosschecked
20260825-bf6b5ccaddee29bdc5e1-01,2026-08-25,手机,device,三星,W系列,W2014,,W2014,开机屏坏,10,CNY/台,,image,三星.jpg,数码网报价单-0825更新/手机相关/三星.jpg,1,1.0,visual_0825_source_crosschecked
20260825-822948d28f7c966fa9ce-01,2026-08-25,手机,device,三星,W系列,W2014,,W2014,不开机屏好,10,CNY/台,,image,三星.jpg,数码网报价单-0825更新/手机相关/三星.jpg,1,1.0,visual_0825_source_crosschecked
20260825-95a925cc5b1aee69ab86-01,2026-08-25,手机,device,三星,W系列,W2014,,W2014,不开机,10,CNY/台,,image,三星.jpg,数码网报价单-0825更新/手机相关/三星.jpg,1,1.0,visual_0825_source_crosschecked
20260825-63c69ec7ec443bce4d94-01,2026-08-25,手机,device,三星,W系列,W2014,,W2014,废板-整机,10,CNY/台,,image,三星.jpg,数码网报价单-0825更新/手机相关/三星.jpg,1,1.0,visual_0825_source_crosschecked
20260825-328726e7c21795f1e9b6-01,2026-08-25,手机,device,三星,W系列,W2013,,W2013,开机屏好,10,CNY/台,,image,三星.jpg,数码网报价单-0825更新/手机相关/三星.jpg,1,1.0,visual_0825_source_crosschecked
20260825-c10e11ad139cccdcf0cc-01,2026-08-25,手机,device,三星,W系列,W2013,,W2013,开机屏好小老化,10,CNY/台,,image,三星.jpg,数码网报价单-0825更新/手机相关/三星.jpg,1,1.0,visual_0825_source_crosschecked
20260825-ea9f24e327a13f6486d1-01,2026-08-25,手机,device,三星,W系列,W2013,,W2013,开机屏好大老化,10,CNY/台,,image,三星.jpg,数码网报价单-0825更新/手机相关/三星.jpg,1,1.0,visual_0825_source_crosschecked
20260825-9e1e3f8f4961a74718dc-01,2026-08-25,手机,device,三星,W系列,W2013,,W2013,开机屏坏,10,CNY/台,,image,三星.jpg,数码网报价单-0825更新/手机相关/三星.jpg,1,1.0,visual_0825_source_crosschecked
20260825-483419235aeba8bdad13-01,2026-08-25,手机,device,三星,W系列,W2013,,W2013,不开机屏好,10,CNY/台,,image,三星.jpg,数码网报价单-0825更新/手机相关/三星.jpg,1,1.0,visual_0825_source_crosschecked
20260825-5dd2a9f90bf37f5c7776-01,2026-08-25,手机,device,三星,W系列,W2013,,W2013,不开机,10,CNY/台,,image,三星.jpg,数码网报价单-0825更新/手机相关/三星.jpg,1,1.0,visual_0825_source_crosschecked
20260825-574108f596430e947d8c-01,2026-08-25,手机,device,三星,W系列,W2013,,W2013,废板-整机,10,CNY/台,,image,三星.jpg,数码网报价单-0825更新/手机相关/三星.jpg,1,1.0,visual_0825_source_crosschecked
20260825-c52bbfe01c70400df82b-01,2026-08-25,手机,device,三星,W系列,W999,,W999,开机屏好,10,CNY/台,,image,三星.jpg,数码网报价单-0825更新/手机相关/三星.jpg,1,1.0,visual_0825_source_crosschecked
20260825-6158fd3fe28dcdfb2d04-01,2026-08-25,手机,device,三星,W系列,W999,,W999,开机屏好小老化,10,CNY/台,,image,三星.jpg,数码网报价单-0825更新/手机相关/三星.jpg,1,1.0,visual_0825_source_crosschecked
20260825-d906fcaaf92330b6304f-01,2026-08-25,手机,device,三星,W系列,W999,,W999,开机屏好大老化,10,CNY/台,,image,三星.jpg,数码网报价单-0825更新/手机相关/三星.jpg,1,1.0,visual_0825_source_crosschecked
20260825-241172bb7f05f572bf04-01,2026-08-25,手机,device,三星,W系列,W999,,W999,开机屏坏,10,CNY/台,,image,三星.jpg,数码网报价单-0825更新/手机相关/三星.jpg,1,1.0,visual_0825_source_crosschecked
20260825-20218bd37cde035bf697-01,2026-08-25,手机,device,三星,W系列,W999,,W999,不开机屏好,10,CNY/台,,image,三星.jpg,数码网报价单-0825更新/手机相关/三星.jpg,1,1.0,visual_0825_source_crosschecked
20260825-582800ca11e10f9b7dad-01,2026-08-25,手机,device,三星,W系列,W999,,W999,不开机,10,CNY/台,,image,三星.jpg,数码网报价单-0825更新/手机相关/三星.jpg,1,1.0,visual_0825_source_crosschecked
20260825-8039e0f19b278f6727c0-01,2026-08-25,手机,device,三星,W系列,W999,,W999,废板-整机,10,CNY/台,,image,三星.jpg,数码网报价单-0825更新/手机相关/三星.jpg,1,1.0,visual_0825_source_crosschecked
20260825-4d11282697947383049b-01,2026-08-25,手机,device,三星,N系列,Note20Ultra 5G水货,,Note20Ultra 5G水货,开机屏好,800,CNY/台,,image,三星.jpg,数码网报价单-0825更新/手机相关/三星.jpg,1,1.0,visual_0825_source_crosschecked
20260825-6eb438473845ff44dc53-01,2026-08-25,手机,device,三星,N系列,Note20Ultra 5G水货,,Note20Ultra 5G水货,开机屏好小老化,350,CNY/台,,image,三星.jpg,数码网报价单-0825更新/手机相关/三星.jpg,1,1.0,visual_0825_source_crosschecked
20260825-e100c62ce3998f42433a-01,2026-08-25,手机,device,三星,N系列,Note20Ultra 5G水货,,Note20Ultra 5G水货,开机屏好大老化,800,CNY/台,,image,三星.jpg,数码网报价单-0825更新/手机相关/三星.jpg,1,1.0,visual_0825_source_crosschecked
20260825-d60c0100682b0b4bdca8-01,2026-08-25,手机,device,三星,N系列,Note20Ultra 5G水货,,Note20Ultra 5G水货,开机屏坏,350,CNY/台,,image,三星.jpg,数码网报价单-0825更新/手机相关/三星.jpg,1,1.0,visual_0825_source_crosschecked
20260825-8d61ad73323ae37e3418-01,2026-08-25,手机,device,三星,N系列,Note20Ultra 5G水货,,Note20Ultra 5G水货,不开机屏好,150,CNY/台,,image,三星.jpg,数码网报价单-0825更新/手机相关/三星.jpg,1,1.0,visual_0825_source_crosschecked
20260825-5529b2cdf35fa9a0f45f-01,2026-08-25,手机,device,三星,N系列,Note20Ultra 5G水货,,Note20Ultra 5G水货,不开机,80,CNY/台,,image,三星.jpg,数码网报价单-0825更新/手机相关/三星.jpg,1,1.0,visual_0825_source_crosschecked
20260825-c02992ea3529a7cdcca8-01,2026-08-25,手机,device,三星,N系列,Note20Ultra 5G水货,,Note20Ultra 5G水货,废板-整机,80,CNY/台,,image,三星.jpg,数码网报价单-0825更新/手机相关/三星.jpg,1,1.0,visual_0825_source_crosschecked
20260825-5d9a3ea5ab6602f8e840-01,2026-08-25,手机,device,三星,N系列,Note20Ultra 5G,,Note20Ultra 5G,开机屏好,800,CNY/台,,image,三星.jpg,数码网报价单-0825更新/手机相关/三星.jpg,1,1.0,visual_0825_source_crosschecked
20260825-55dfaf2a661f89aa5d86-01,2026-08-25,手机,device,三星,N系列,Note20Ultra 5G,,Note20Ultra 5G,开机屏好小老化,350,CNY/台,,image,三星.jpg,数码网报价单-0825更新/手机相关/三星.jpg,1,1.0,visual_0825_source_crosschecked
20260825-0f08f85f174c12ee6381-01,2026-08-25,手机,device,三星,N系列,Note20Ultra 5G,,Note20Ultra 5G,开机屏好大老化,800,CNY/台,,image,三星.jpg,数码网报价单-0825更新/手机相关/三星.jpg,1,1.0,visual_0825_source_crosschecked
20260825-fe2c9fd98faeee9cb805-01,2026-08-25,手机,device,三星,N系列,Note20Ultra 5G,,Note20Ultra 5G,开机屏坏,350,CNY/台,,image,三星.jpg,数码网报价单-0825更新/手机相关/三星.jpg,1,1.0,visual_0825_source_crosschecked
20260825-c4d93dc5d247bcc3f139-01,2026-08-25,手机,device,三星,N系列,Note20Ultra 5G,,Note20Ultra 5G,不开机屏好,150,CNY/台,,image,三星.jpg,数码网报价单-0825更新/手机相关/三星.jpg,1,1.0,visual_0825_source_crosschecked
20260825-970df26f870928b6c7f2-01,2026-08-25,手机,device,三星,N系列,Note20Ultra 5G,,Note20Ultra 5G,不开机,150,CNY/台,,image,三星.jpg,数码网报价单-0825更新/手机相关/三星.jpg,1,1.0,visual_0825_source_crosschecked
20260825-d774fb7f14c3fbd44729-01,2026-08-25,手机,device,三星,N系列,Note20Ultra 5G,,Note20Ultra 5G,废板-整机,90,CNY/台,,image,三星.jpg,数码网报价单-0825更新/手机相关/三星.jpg,1,1.0,visual_0825_source_crosschecked
20260825-09e27f678ec4deba7172-01,2026-08-25,手机,device,三星,N系列,Note 20 5G水货,,Note 20 5G水货,开机屏好,400,CNY/台,,image,三星.jpg,数码网报价单-0825更新/手机相关/三星.jpg,1,1.0,visual_0825_source_crosschecked
20260825-8fc31cc48bf4eb7113db-01,2026-08-25,手机,device,三星,N系列,Note 20 5G水货,,Note 20 5G水货,开机屏好小老化,300,CNY/台,,image,三星.jpg,数码网报价单-0825更新/手机相关/三星.jpg,1,1.0,visual_0825_source_crosschecked
20260825-bfce245e80735d8c2eed-01,2026-08-25,手机,device,三星,N系列,Note 20 5G水货,,Note 20 5G水货,开机屏好大老化,400,CNY/台,,image,三星.jpg,数码网报价单-0825更新/手机相关/三星.jpg,1,1.0,visual_0825_source_crosschecked
20260825-2cc1f301beb593907f86-01,2026-08-25,手机,device,三星,N系列,Note 20 5G水货,,Note 20 5G水货,开机屏坏,280,CNY/台,,image,三星.jpg,数码网报价单-0825更新/手机相关/三星.jpg,1,1.0,visual_0825_source_crosschecked
20260825-00b51f7e45eb6bd16d22-01,2026-08-25,手机,device,三星,N系列,Note 20 5G水货,,Note 20 5G水货,不开机屏好,80,CNY/台,,image,三星.jpg,数码网报价单-0825更新/手机相关/三星.jpg,1,1.0,visual_0825_source_crosschecked
20260825-048be27773ef98b46627-01,2026-08-25,手机,device,三星,N系列,Note 20 5G水货,,Note 20 5G水货,不开机,80,CNY/台,,image,三星.jpg,数码网报价单-0825更新/手机相关/三星.jpg,1,1.0,visual_0825_source_crosschecked
20260825-d1fa4d3c5f04ce014958-01,2026-08-25,手机,device,三星,N系列,Note 20 5G水货,,Note 20 5G水货,废板-整机,50,CNY/台,,image,三星.jpg,数码网报价单-0825更新/手机相关/三星.jpg,1,1.0,visual_0825_source_crosschecked
20260825-1105887e5e7e748f5482-01,2026-08-25,手机,device,三星,N系列,Note 20 5G,,Note 20 5G,开机屏好,400,CNY/台,,image,三星.jpg,数码网报价单-0825更新/手机相关/三星.jpg,1,1.0,visual_0825_source_crosschecked
20260825-07fa6e24c37603f3b943-01,2026-08-25,手机,device,三星,N系列,Note 20 5G,,Note 20 5G,开机屏好小老化,350,CNY/台,,image,三星.jpg,数码网报价单-0825更新/手机相关/三星.jpg,1,1.0,visual_0825_source_crosschecked
20260825-d25384debc8022871c42-01,2026-08-25,手机,device,三星,N系列,Note 20 5G,,Note 20 5G,开机屏好大老化,400,CNY/台,,image,三星.jpg,数码网报价单-0825更新/手机相关/三星.jpg,1,1.0,visual_0825_source_crosschecked
20260825-610f7c97d723524173c6-01,2026-08-25,手机,device,三星,N系列,Note 20 5G,,Note 20 5G,开机屏坏,280,CNY/台,,image,三星.jpg,数码网报价单-0825更新/手机相关/三星.jpg,1,1.0,visual_0825_source_crosschecked
20260825-0a8282b1fe5f39617b35-01,2026-08-25,手机,device,三星,N系列,Note 20 5G,,Note 20 5G,不开机屏好,150,CNY/台,,image,三星.jpg,数码网报价单-0825更新/手机相关/三星.jpg,1,1.0,visual_0825_source_crosschecked
20260825-942018a1ade192e7e751-01,2026-08-25,手机,device,三星,N系列,Note 20 5G,,Note 20 5G,不开机,90,CNY/台,,image,三星.jpg,数码网报价单-0825更新/手机相关/三星.jpg,1,1.0,visual_0825_source_crosschecked
20260825-934ce806fe35bac50414-01,2026-08-25,手机,device,三星,N系列,Note 20 5G,,Note 20 5G,废板-整机,90,CNY/台,,image,三星.jpg,数码网报价单-0825更新/手机相关/三星.jpg,1,1.0,visual_0825_source_crosschecked
20260825-6d1dc21f5fe07d21a2b8-01,2026-08-25,手机,device,三星,N系列,Note10+ 5G/N9760,,Note10+ 5G/N9760,开机屏好,700,CNY/台,,image,三星.jpg,数码网报价单-0825更新/手机相关/三星.jpg,1,1.0,visual_0825_source_crosschecked
20260825-0c2dd9028b02c0412b0e-01,2026-08-25,手机,device,三星,N系列,Note10+ 5G/N9760,,Note10+ 5G/N9760,开机屏好小老化,300,CNY/台,,image,三星.jpg,数码网报价单-0825更新/手机相关/三星.jpg,1,1.0,visual_0825_source_crosschecked
20260825-9f5812f1d4ac6cdaf82f-01,2026-08-25,手机,device,三星,N系列,Note10+ 5G/N9760,,Note10+ 5G/N9760,开机屏好大老化,700,CNY/台,,image,三星.jpg,数码网报价单-0825更新/手机相关/三星.jpg,1,1.0,visual_0825_source_crosschecked
20260825-7c3557f5eb3324e136ce-01,2026-08-25,手机,device,三星,N系列,Note10+ 5G/N9760,,Note10+ 5G/N9760,开机屏坏,280,CNY/台,,image,三星.jpg,数码网报价单-0825更新/手机相关/三星.jpg,1,1.0,visual_0825_source_crosschecked
20260825-2f3d5c85767d3829d346-01,2026-08-25,手机,device,三星,N系列,Note10+ 5G/N9760,,Note10+ 5G/N9760,不开机屏好,150,CNY/台,,image,三星.jpg,数码网报价单-0825更新/手机相关/三星.jpg,1,1.0,visual_0825_source_crosschecked
20260825-f6f36167245c768baf7d-01,2026-08-25,手机,device,三星,N系列,Note10+ 5G/N9760,,Note10+ 5G/N9760,不开机,45,CNY/台,,image,三星.jpg,数码网报价单-0825更新/手机相关/三星.jpg,1,1.0,visual_0825_source_crosschecked
20260825-2b1e342f5c18c2e9044b-01,2026-08-25,手机,device,三星,N系列,Note10+ 5G/N9760,,Note10+ 5G/N9760,废板-整机,45,CNY/台,,image,三星.jpg,数码网报价单-0825更新/手机相关/三星.jpg,1,1.0,visual_0825_source_crosschecked
20260825-3798a250acacd5f16b62-01,2026-08-25,手机,device,三星,N系列,Note10+N976v水货,,Note10+N976v水货,开机屏好,700,CNY/台,,image,三星.jpg,数码网报价单-0825更新/手机相关/三星.jpg,1,1.0,visual_0825_source_crosschecked
20260825-f37cecd14784fc5c1bbb-01,2026-08-25,手机,device,三星,N系列,Note10+N976v水货,,Note10+N976v水货,开机屏好小老化,300,CNY/台,,image,三星.jpg,数码网报价单-0825更新/手机相关/三星.jpg,1,1.0,visual_0825_source_crosschecked
20260825-2095936d6faa5c4a3341-01,2026-08-25,手机,device,三星,N系列,Note10+N976v水货,,Note10+N976v水货,开机屏好大老化,600,CNY/台,,image,三星.jpg,数码网报价单-0825更新/手机相关/三星.jpg,1,1.0,visual_0825_source_crosschecked
20260825-96a31da1af555a75018b-01,2026-08-25,手机,device,三星,N系列,Note10+N976v水货,,Note10+N976v水货,开机屏坏,240,CNY/台,,image,三星.jpg,数码网报价单-0825更新/手机相关/三星.jpg,1,1.0,visual_0825_source_crosschecked
20260825-7de9b0207d3df2b48bb2-01,2026-08-25,手机,device,三星,N系列,Note10+N976v水货,,Note10+N976v水货,不开机屏好,130,CNY/台,,image,三星.jpg,数码网报价单-0825更新/手机相关/三星.jpg,1,1.0,visual_0825_source_crosschecked
20260825-fbe6acf201a032b3c1bd-01,2026-08-25,手机,device,三星,N系列,Note10+N976v水货,,Note10+N976v水货,不开机,50,CNY/台,,image,三星.jpg,数码网报价单-0825更新/手机相关/三星.jpg,1,1.0,visual_0825_source_crosschecked
20260825-907d04001793b98ac79d-01,2026-08-25,手机,device,三星,N系列,Note10+N976v水货,,Note10+N976v水货,废板-整机,50,CNY/台,,image,三星.jpg,数码网报价单-0825更新/手机相关/三星.jpg,1,1.0,visual_0825_source_crosschecked
20260825-1d4abd4beee2a53e4fbf-01,2026-08-25,手机,device,三星,N系列,Note10/N9700,,Note10/N9700,开机屏好,500,CNY/台,,image,三星.jpg,数码网报价单-0825更新/手机相关/三星.jpg,1,1.0,visual_0825_source_crosschecked
20260825-1235ec3bc3ebffe6cc7a-01,2026-08-25,手机,device,三星,N系列,Note10/N9700,,Note10/N9700,开机屏好小老化,220,CNY/台,,image,三星.jpg,数码网报价单-0825更新/手机相关/三星.jpg,1,1.0,visual_0825_source_crosschecked
20260825-ff24052116b06bf55650-01,2026-08-25,手机,device,三星,N系列,Note10/N9700,,Note10/N9700,开机屏好大老化,400,CNY/台,,image,三星.jpg,数码网报价单-0825更新/手机相关/三星.jpg,1,1.0,visual_0825_source_crosschecked
20260825-da0584985a3e577d38ff-01,2026-08-25,手机,device,三星,N系列,Note10/N9700,,Note10/N9700,开机屏坏,150,CNY/台,,image,三星.jpg,数码网报价单-0825更新/手机相关/三星.jpg,1,1.0,visual_0825_source_crosschecked
20260825-f4a3fa584f39c788e4f4-01,2026-08-25,手机,device,三星,N系列,Note10/N9700,,Note10/N9700,不开机屏好,100,CNY/台,,image,三星.jpg,数码网报价单-0825更新/手机相关/三星.jpg,1,1.0,visual_0825_source_crosschecked
20260825-470a7e19cc9041c58df3-01,2026-08-25,手机,device,三星,N系列,Note10/N9700,,Note10/N9700,不开机,45,CNY/台,,image,三星.jpg,数码网报价单-0825更新/手机相关/三星.jpg,1,1.0,visual_0825_source_crosschecked
20260825-880777e9cb6908092b4a-01,2026-08-25,手机,device,三星,N系列,Note10/N9700,,Note10/N9700,废板-整机,45,CNY/台,,image,三星.jpg,数码网报价单-0825更新/手机相关/三星.jpg,1,1.0,visual_0825_source_crosschecked
20260825-3155f75fe018b023b517-01,2026-08-25,手机,device,三星,N系列,Note10/N970n水货,,Note10/N970n水货,开机屏好,400,CNY/台,,image,三星.jpg,数码网报价单-0825更新/手机相关/三星.jpg,1,1.0,visual_0825_source_crosschecked
20260825-7427c169943bed9dc367-01,2026-08-25,手机,device,三星,N系列,Note10/N970n水货,,Note10/N970n水货,开机屏好小老化,200,CNY/台,,image,三星.jpg,数码网报价单-0825更新/手机相关/三星.jpg,1,1.0,visual_0825_source_crosschecked
20260825-696f91d9839013358623-01,2026-08-25,手机,device,三星,N系列,Note10/N970n水货,,Note10/N970n水货,开机屏好大老化,350,CNY/台,,image,三星.jpg,数码网报价单-0825更新/手机相关/三星.jpg,1,1.0,visual_0825_source_crosschecked
20260825-ffd3a210c533f4776885-01,2026-08-25,手机,device,三星,N系列,Note10/N970n水货,,Note10/N970n水货,开机屏坏,140,CNY/台,,image,三星.jpg,数码网报价单-0825更新/手机相关/三星.jpg,1,1.0,visual_0825_source_crosschecked
20260825-09f3d05081380e80ed20-01,2026-08-25,手机,device,三星,N系列,Note10/N970n水货,,Note10/N970n水货,不开机屏好,130,CNY/台,,image,三星.jpg,数码网报价单-0825更新/手机相关/三星.jpg,1,1.0,visual_0825_source_crosschecked
20260825-bbf035b4da75909be44d-01,2026-08-25,手机,device,三星,N系列,Note10/N970n水货,,Note10/N970n水货,不开机,45,CNY/台,,image,三星.jpg,数码网报价单-0825更新/手机相关/三星.jpg,1,1.0,visual_0825_source_crosschecked
20260825-2d8a573d5ba9ca5731e7-01,2026-08-25,手机,device,三星,N系列,Note10/N970n水货,,Note10/N970n水货,废板-整机,45,CNY/台,,image,三星.jpg,数码网报价单-0825更新/手机相关/三星.jpg,1,1.0,visual_0825_source_crosschecked
20260825-52b28b357386707c188c-01,2026-08-25,手机,device,三星,N系列,N9600/Note9,,N9600/Note9,开机屏好,450,CNY/台,,image,三星.jpg,数码网报价单-0825更新/手机相关/三星.jpg,1,1.0,visual_0825_source_crosschecked
20260825-2e77d5963333da78ceb0-01,2026-08-25,手机,device,三星,N系列,N9600/Note9,,N9600/Note9,开机屏好小老化,150,CNY/台,,image,三星.jpg,数码网报价单-0825更新/手机相关/三星.jpg,1,1.0,visual_0825_source_crosschecked
20260825-d51b3ef2eeffbc277aeb-01,2026-08-25,手机,device,三星,N系列,N9600/Note9,,N9600/Note9,开机屏好大老化,350,CNY/台,,image,三星.jpg,数码网报价单-0825更新/手机相关/三星.jpg,1,1.0,visual_0825_source_crosschecked
20260825-d8b5b269d462a5aa554b-01,2026-08-25,手机,device,三星,N系列,N9600/Note9,,N9600/Note9,开机屏坏,120,CNY/台,,image,三星.jpg,数码网报价单-0825更新/手机相关/三星.jpg,1,1.0,visual_0825_source_crosschecked
20260825-a2b8dc3512e9d41da13f-01,2026-08-25,手机,device,三星,N系列,N9600/Note9,,N9600/Note9,不开机屏好,120,CNY/台,,image,三星.jpg,数码网报价单-0825更新/手机相关/三星.jpg,1,1.0,visual_0825_source_crosschecked
20260825-c18a5d8bf11604282387-01,2026-08-25,手机,device,三星,N系列,N9600/Note9,,N9600/Note9,不开机,45,CNY/台,,image,三星.jpg,数码网报价单-0825更新/手机相关/三星.jpg,1,1.0,visual_0825_source_crosschecked
20260825-51e1d03077bb7a5c0c77-01,2026-08-25,手机,device,三星,N系列,N9600/Note9,,N9600/Note9,废板-整机,45,CNY/台,,image,三星.jpg,数码网报价单-0825更新/手机相关/三星.jpg,1,1.0,visual_0825_source_crosschecked
20260825-424098ce75921b4363b9-01,2026-08-25,手机,device,三星,N系列,n960v美版/Note9美,,n960v美版/Note9美,开机屏好,450,CNY/台,,image,三星.jpg,数码网报价单-0825更新/手机相关/三星.jpg,1,1.0,visual_0825_source_crosschecked
20260825-d6640dcb1e13a16caf73-01,2026-08-25,手机,device,三星,N系列,n960v美版/Note9美,,n960v美版/Note9美,开机屏好小老化,130,CNY/台,,image,三星.jpg,数码网报价单-0825更新/手机相关/三星.jpg,1,1.0,visual_0825_source_crosschecked
20260825-23440d10bd264904219a-01,2026-08-25,手机,device,三星,N系列,n960v美版/Note9美,,n960v美版/Note9美,开机屏好大老化,350,CNY/台,,image,三星.jpg,数码网报价单-0825更新/手机相关/三星.jpg,1,1.0,visual_0825_source_crosschecked
20260825-6ef63bcfefefc2687c6f-01,2026-08-25,手机,device,三星,N系列,n960v美版/Note9美,,n960v美版/Note9美,开机屏坏,110,CNY/台,,image,三星.jpg,数码网报价单-0825更新/手机相关/三星.jpg,1,1.0,visual_0825_source_crosschecked
20260825-ac202afa9db79968817c-01,2026-08-25,手机,device,三星,N系列,n960v美版/Note9美,,n960v美版/Note9美,不开机屏好,90,CNY/台,,image,三星.jpg,数码网报价单-0825更新/手机相关/三星.jpg,1,1.0,visual_0825_source_crosschecked
20260825-4342d540bea825897fad-01,2026-08-25,手机,device,三星,N系列,n960v美版/Note9美,,n960v美版/Note9美,不开机,45,CNY/台,,image,三星.jpg,数码网报价单-0825更新/手机相关/三星.jpg,1,1.0,visual_0825_source_crosschecked
20260825-9099c212bdc8a85e61ae-01,2026-08-25,手机,device,三星,N系列,n960v美版/Note9美,,n960v美版/Note9美,废板-整机,45,CNY/台,,image,三星.jpg,数码网报价单-0825更新/手机相关/三星.jpg,1,1.0,visual_0825_source_crosschecked
20260825-b3ee346ddbf7f02a252d-01,2026-08-25,手机,device,三星,N系列,N950u/pv/a/Note8美,,N950u/pv/a/Note8美,开机屏好,350,CNY/台,,image,三星.jpg,数码网报价单-0825更新/手机相关/三星.jpg,1,1.0,visual_0825_source_crosschecked
20260825-76f5b9b28197b49ba4c2-01,2026-08-25,手机,device,三星,N系列,N950u/pv/a/Note8美,,N950u/pv/a/Note8美,开机屏好小老化,120,CNY/台,,image,三星.jpg,数码网报价单-0825更新/手机相关/三星.jpg,1,1.0,visual_0825_source_crosschecked
20260825-2abaaba250632e40ea67-01,2026-08-25,手机,device,三星,N系列,N950u/pv/a/Note8美,,N950u/pv/a/Note8美,开机屏好大老化,320,CNY/台,,image,三星.jpg,数码网报价单-0825更新/手机相关/三星.jpg,1,1.0,visual_0825_source_crosschecked
20260825-159842611a951d3d1940-01,2026-08-25,手机,device,三星,N系列,N950u/pv/a/Note8美,,N950u/pv/a/Note8美,开机屏坏,70,CNY/台,,image,三星.jpg,数码网报价单-0825更新/手机相关/三星.jpg,1,1.0,visual_0825_source_crosschecked
20260825-9c914f49a9aa4509fc42-01,2026-08-25,手机,device,三星,N系列,N950u/pv/a/Note8美,,N950u/pv/a/Note8美,不开机屏好,70,CNY/台,,image,三星.jpg,数码网报价单-0825更新/手机相关/三星.jpg,1,1.0,visual_0825_source_crosschecked
20260825-b6dd3a80f6cc7c70ca35-01,2026-08-25,手机,device,三星,N系列,N950u/pv/a/Note8美,,N950u/pv/a/Note8美,不开机,20,CNY/台,,image,三星.jpg,数码网报价单-0825更新/手机相关/三星.jpg,1,1.0,visual_0825_source_crosschecked
20260825-33134335143f44712934-01,2026-08-25,手机,device,三星,N系列,N950u/pv/a/Note8美,,N950u/pv/a/Note8美,废板-整机,20,CNY/台,,image,三星.jpg,数码网报价单-0825更新/手机相关/三星.jpg,1,1.0,visual_0825_source_crosschecked
20260825-2b082f4e963e6764e52f-01,2026-08-25,手机,device,三星,N系列,N9500/Note8,,N9500/Note8,开机屏好,350,CNY/台,,image,三星.jpg,数码网报价单-0825更新/手机相关/三星.jpg,1,1.0,visual_0825_source_crosschecked
20260825-ab4e5d7a9e078473acd7-01,2026-08-25,手机,device,三星,N系列,N9500/Note8,,N9500/Note8,开机屏好小老化,120,CNY/台,,image,三星.jpg,数码网报价单-0825更新/手机相关/三星.jpg,1,1.0,visual_0825_source_crosschecked
20260825-dd71c8c0c4030931d7b2-01,2026-08-25,手机,device,三星,N系列,N9500/Note8,,N9500/Note8,开机屏好大老化,300,CNY/台,,image,三星.jpg,数码网报价单-0825更新/手机相关/三星.jpg,1,1.0,visual_0825_source_crosschecked
20260825-08d29c16f354610821d2-01,2026-08-25,手机,device,三星,N系列,N9500/Note8,,N9500/Note8,开机屏坏,70,CNY/台,,image,三星.jpg,数码网报价单-0825更新/手机相关/三星.jpg,1,1.0,visual_0825_source_crosschecked
20260825-6e1c759a11fc52781ea9-01,2026-08-25,手机,device,三星,N系列,N9500/Note8,,N9500/Note8,不开机屏好,70,CNY/台,,image,三星.jpg,数码网报价单-0825更新/手机相关/三星.jpg,1,1.0,visual_0825_source_crosschecked
20260825-f71e75076cb95d6b09f7-01,2026-08-25,手机,device,三星,N系列,N9500/Note8,,N9500/Note8,不开机,20,CNY/台,,image,三星.jpg,数码网报价单-0825更新/手机相关/三星.jpg,1,1.0,visual_0825_source_crosschecked
20260825-76244beededf5ffe9c28-01,2026-08-25,手机,device,三星,N系列,N9500/Note8,,N9500/Note8,废板-整机,20,CNY/台,,image,三星.jpg,数码网报价单-0825更新/手机相关/三星.jpg,1,1.0,visual_0825_source_crosschecked
20260825-bd51c6432fa52cafe8a1-01,2026-08-25,手机,device,三星,N系列,N9500/Note8,,N9500/Note8,开机屏好,300,CNY/台,,image,三星.jpg,数码网报价单-0825更新/手机相关/三星.jpg,1,1.0,visual_0825_source_crosschecked
20260825-ac79471809dfd525d476-01,2026-08-25,手机,device,三星,N系列,N9200港版/Note5港,,N9200港版/Note5港,开机屏好,50,CNY/台,,image,三星.jpg,数码网报价单-0825更新/手机相关/三星.jpg,1,1.0,visual_0825_source_crosschecked
20260825-e6f567365db7c6709253-01,2026-08-25,手机,device,三星,N系列,N9200港版/Note5港,,N9200港版/Note5港,开机屏好小老化,30,CNY/台,,image,三星.jpg,数码网报价单-0825更新/手机相关/三星.jpg,1,1.0,visual_0825_source_crosschecked
20260825-b1774fd9b6fbfade057b-01,2026-08-25,手机,device,三星,N系列,N9200港版/Note5港,,N9200港版/Note5港,开机屏好大老化,50,CNY/台,,image,三星.jpg,数码网报价单-0825更新/手机相关/三星.jpg,1,1.0,visual_0825_source_crosschecked
20260825-d3dc8f97cdebd8f8fba5-01,2026-08-25,手机,device,三星,N系列,N9200港版/Note5港,,N9200港版/Note5港,开机屏坏,20,CNY/台,,image,三星.jpg,数码网报价单-0825更新/手机相关/三星.jpg,1,1.0,visual_0825_source_crosschecked
20260825-66d755f3c94c1a53de85-01,2026-08-25,手机,device,三星,N系列,N9200港版/Note5港,,N9200港版/Note5港,不开机屏好,20,CNY/台,,image,三星.jpg,数码网报价单-0825更新/手机相关/三星.jpg,1,1.0,visual_0825_source_crosschecked
20260825-2b19b050707b284ef5fe-01,2026-08-25,手机,device,三星,N系列,N9200港版/Note5港,,N9200港版/Note5港,不开机,20,CNY/台,,image,三星.jpg,数码网报价单-0825更新/手机相关/三星.jpg,1,1.0,visual_0825_source_crosschecked
20260825-b1c00741d4f54575e5e0-01,2026-08-25,手机,device,三星,N系列,N9200港版/Note5港,,N9200港版/Note5港,废板-整机,20,CNY/台,,image,三星.jpg,数码网报价单-0825更新/手机相关/三星.jpg,1,1.0,visual_0825_source_crosschecked
20260825-cbc11a6c84a28f70b3e7-01,2026-08-25,手机,device,三星,N系列,N9200活动版/Note5,,N9200活动版/Note5,开机屏好,50,CNY/台,,image,三星.jpg,数码网报价单-0825更新/手机相关/三星.jpg,1,1.0,visual_0825_source_crosschecked
20260825-f3b16000a8040911cb96-01,2026-08-25,手机,device,三星,N系列,N9200活动版/Note5,,N9200活动版/Note5,开机屏好小老化,30,CNY/台,,image,三星.jpg,数码网报价单-0825更新/手机相关/三星.jpg,1,1.0,visual_0825_source_crosschecked
20260825-ac10337f62e1645a3b13-01,2026-08-25,手机,device,三星,N系列,N9200活动版/Note5,,N9200活动版/Note5,开机屏好大老化,50,CNY/台,,image,三星.jpg,数码网报价单-0825更新/手机相关/三星.jpg,1,1.0,visual_0825_source_crosschecked
20260825-4531aa9bd2cf1b387e8a-01,2026-08-25,手机,device,三星,N系列,N9200活动版/Note5,,N9200活动版/Note5,开机屏坏,20,CNY/台,,image,三星.jpg,数码网报价单-0825更新/手机相关/三星.jpg,1,1.0,visual_0825_source_crosschecked
20260825-95031d8e508a05e91440-01,2026-08-25,手机,device,三星,N系列,N9200活动版/Note5,,N9200活动版/Note5,不开机屏好,20,CNY/台,,image,三星.jpg,数码网报价单-0825更新/手机相关/三星.jpg,1,1.0,visual_0825_source_crosschecked
20260825-5aa17e66766a9a6abb87-01,2026-08-25,手机,device,三星,N系列,N9200活动版/Note5,,N9200活动版/Note5,不开机,20,CNY/台,,image,三星.jpg,数码网报价单-0825更新/手机相关/三星.jpg,1,1.0,visual_0825_source_crosschecked
20260825-b30db9ee718b04ecd28d-01,2026-08-25,手机,device,三星,N系列,N9200活动版/Note5,,N9200活动版/Note5,废板-整机,20,CNY/台,,image,三星.jpg,数码网报价单-0825更新/手机相关/三星.jpg,1,1.0,visual_0825_source_crosschecked
20260825-b5dfe1000c72f83258a4-01,2026-08-25,手机,device,三星,N系列,N9200/Note5,,N9200/Note5,开机屏好,50,CNY/台,,image,三星.jpg,数码网报价单-0825更新/手机相关/三星.jpg,1,1.0,visual_0825_source_crosschecked
20260825-a46c4c6ebaa0c9c14039-01,2026-08-25,手机,device,三星,N系列,N9200/Note5,,N9200/Note5,开机屏好小老化,30,CNY/台,,image,三星.jpg,数码网报价单-0825更新/手机相关/三星.jpg,1,1.0,visual_0825_source_crosschecked
20260825-202adacceaf616e9d6c1-01,2026-08-25,手机,device,三星,N系列,N9200/Note5,,N9200/Note5,开机屏好大老化,50,CNY/台,,image,三星.jpg,数码网报价单-0825更新/手机相关/三星.jpg,1,1.0,visual_0825_source_crosschecked
20260825-211714cb56ee02b69622-01,2026-08-25,手机,device,三星,N系列,N9200/Note5,,N9200/Note5,开机屏坏,20,CNY/台,,image,三星.jpg,数码网报价单-0825更新/手机相关/三星.jpg,1,1.0,visual_0825_source_crosschecked
20260825-8584987ab8de899eff53-01,2026-08-25,手机,device,三星,N系列,N9200/Note5,,N9200/Note5,不开机屏好,20,CNY/台,,image,三星.jpg,数码网报价单-0825更新/手机相关/三星.jpg,1,1.0,visual_0825_source_crosschecked
20260825-58349ea1738cf84544e7-01,2026-08-25,手机,device,三星,N系列,N9200/Note5,,N9200/Note5,不开机,20,CNY/台,,image,三星.jpg,数码网报价单-0825更新/手机相关/三星.jpg,1,1.0,visual_0825_source_crosschecked
20260825-a27278562dd6487a091d-01,2026-08-25,手机,device,三星,N系列,N9200/Note5,,N9200/Note5,废板-整机,20,CNY/台,,image,三星.jpg,数码网报价单-0825更新/手机相关/三星.jpg,1,1.0,visual_0825_source_crosschecked
20260825-6b9bd25041ca3e9b4d88-01,2026-08-25,手机,device,三星,N系列,n910f/t/u/Note4,,n910f/t/u/Note4,开机屏好,15,CNY/台,,image,三星.jpg,数码网报价单-0825更新/手机相关/三星.jpg,1,1.0,visual_0825_source_crosschecked
20260825-12f3ec6a8d20b93533b5-01,2026-08-25,手机,device,三星,N系列,n910f/t/u/Note4,,n910f/t/u/Note4,开机屏好小老化,15,CNY/台,,image,三星.jpg,数码网报价单-0825更新/手机相关/三星.jpg,1,1.0,visual_0825_source_crosschecked
20260825-cdcec61835e4b87830c0-01,2026-08-25,手机,device,三星,N系列,n910f/t/u/Note4,,n910f/t/u/Note4,开机屏好大老化,15,CNY/台,,image,三星.jpg,数码网报价单-0825更新/手机相关/三星.jpg,1,1.0,visual_0825_source_crosschecked
20260825-f0caf0a13f638b9cc9d1-01,2026-08-25,手机,device,三星,N系列,n910f/t/u/Note4,,n910f/t/u/Note4,开机屏坏,15,CNY/台,,image,三星.jpg,数码网报价单-0825更新/手机相关/三星.jpg,1,1.0,visual_0825_source_crosschecked
20260825-ad709a75eb401d31426d-01,2026-08-25,手机,device,三星,N系列,n910f/t/u/Note4,,n910f/t/u/Note4,不开机屏好,15,CNY/台,,image,三星.jpg,数码网报价单-0825更新/手机相关/三星.jpg,1,1.0,visual_0825_source_crosschecked
20260825-8d6fa81dea020c29ce49-01,2026-08-25,手机,device,三星,N系列,n910f/t/u/Note4,,n910f/t/u/Note4,不开机,15,CNY/台,,image,三星.jpg,数码网报价单-0825更新/手机相关/三星.jpg,1,1.0,visual_0825_source_crosschecked
20260825-5a50ba203668f8efb3bc-01,2026-08-25,手机,device,三星,N系列,n910f/t/u/Note4,,n910f/t/u/Note4,废板-整机,15,CNY/台,,image,三星.jpg,数码网报价单-0825更新/手机相关/三星.jpg,1,1.0,visual_0825_source_crosschecked
20260825-ffb8f5075003997d7003-01,2026-08-25,手机,device,三星,N系列,N910/06W/08v/915 W/Note4,,N910/06W/08v/915 W/Note4,开机屏好,15,CNY/台,,image,三星.jpg,数码网报价单-0825更新/手机相关/三星.jpg,1,1.0,visual_0825_source_crosschecked
20260825-fb0f7c42ff4c6ca50e87-01,2026-08-25,手机,device,三星,N系列,N910/06W/08v/915 W/Note4,,N910/06W/08v/915 W/Note4,开机屏好小老化,15,CNY/台,,image,三星.jpg,数码网报价单-0825更新/手机相关/三星.jpg,1,1.0,visual_0825_source_crosschecked
20260825-cab3db34f747876b0a18-01,2026-08-25,手机,device,三星,N系列,N910/06W/08v/915 W/Note4,,N910/06W/08v/915 W/Note4,开机屏好大老化,15,CNY/台,,image,三星.jpg,数码网报价单-0825更新/手机相关/三星.jpg,1,1.0,visual_0825_source_crosschecked
20260825-e9d99a83230a89367771-01,2026-08-25,手机,device,三星,N系列,N910/06W/08v/915 W/Note4,,N910/06W/08v/915 W/Note4,开机屏坏,15,CNY/台,,image,三星.jpg,数码网报价单-0825更新/手机相关/三星.jpg,1,1.0,visual_0825_source_crosschecked
20260825-a81933a5b8307c9560c1-01,2026-08-25,手机,device,三星,N系列,N910/06W/08v/915 W/Note4,,N910/06W/08v/915 W/Note4,不开机屏好,15,CNY/台,,image,三星.jpg,数码网报价单-0825更新/手机相关/三星.jpg,1,1.0,visual_0825_source_crosschecked
20260825-4dde503494d930073f2f-01,2026-08-25,手机,device,三星,N系列,N910/06W/08v/915 W/Note4,,N910/06W/08v/915 W/Note4,不开机,15,CNY/台,,image,三星.jpg,数码网报价单-0825更新/手机相关/三星.jpg,1,1.0,visual_0825_source_crosschecked
20260825-7ee212ad6e0a8dbabdff-01,2026-08-25,手机,device,三星,N系列,N910/06W/08v/915 W/Note4,,N910/06W/08v/915 W/Note4,废板-整机,15,CNY/台,,image,三星.jpg,数码网报价单-0825更新/手机相关/三星.jpg,1,1.0,visual_0825_source_crosschecked
20260825-b927491fa82d85fea63d-01,2026-08-25,手机,device,三星,N系列,N9150/Note4,,N9150/Note4,开机屏好,15,CNY/台,,image,三星.jpg,数码网报价单-0825更新/手机相关/三星.jpg,1,1.0,visual_0825_source_crosschecked
20260825-7297f1dd3c186fd2838c-01,2026-08-25,手机,device,三星,N系列,N9150/Note4,,N9150/Note4,开机屏好小老化,15,CNY/台,,image,三星.jpg,数码网报价单-0825更新/手机相关/三星.jpg,1,1.0,visual_0825_source_crosschecked
20260825-61d2d760a44fbe86b199-01,2026-08-25,手机,device,三星,N系列,N9150/Note4,,N9150/Note4,开机屏好大老化,15,CNY/台,,image,三星.jpg,数码网报价单-0825更新/手机相关/三星.jpg,1,1.0,visual_0825_source_crosschecked
20260825-d1db962a04231e2803b7-01,2026-08-25,手机,device,三星,N系列,N9150/Note4,,N9150/Note4,开机屏坏,15,CNY/台,,image,三星.jpg,数码网报价单-0825更新/手机相关/三星.jpg,1,1.0,visual_0825_source_crosschecked
20260825-05b667a8f61274c7d8b3-01,2026-08-25,手机,device,三星,N系列,N9150/Note4,,N9150/Note4,不开机屏好,15,CNY/台,,image,三星.jpg,数码网报价单-0825更新/手机相关/三星.jpg,1,1.0,visual_0825_source_crosschecked
20260825-3f737893f1b8784e342f-01,2026-08-25,手机,device,三星,N系列,N9150/Note4,,N9150/Note4,不开机,15,CNY/台,,image,三星.jpg,数码网报价单-0825更新/手机相关/三星.jpg,1,1.0,visual_0825_source_crosschecked
20260825-7f04c0a74b94d017fa1b-01,2026-08-25,手机,device,三星,N系列,N9150/Note4,,N9150/Note4,废板-整机,15,CNY/台,,image,三星.jpg,数码网报价单-0825更新/手机相关/三星.jpg,1,1.0,visual_0825_source_crosschecked
20260825-6de0b6f3b734bb2ddb88-01,2026-08-25,手机,device,三星,N系列,n900a/p/t/uv/s/Note3,,n900a/p/t/uv/s/Note3,开机屏好,25,CNY/台,,image,三星.jpg,数码网报价单-0825更新/手机相关/三星.jpg,1,1.0,visual_0825_source_crosschecked
20260825-dd11f0b2fba6ff76b043-01,2026-08-25,手机,device,三星,N系列,n900a/p/t/uv/s/Note3,,n900a/p/t/uv/s/Note3,开机屏好小老化,25,CNY/台,,image,三星.jpg,数码网报价单-0825更新/手机相关/三星.jpg,1,1.0,visual_0825_source_crosschecked
20260825-b1718a0e7345bf3c25cb-01,2026-08-25,手机,device,三星,N系列,n900a/p/t/uv/s/Note3,,n900a/p/t/uv/s/Note3,开机屏好大老化,25,CNY/台,,image,三星.jpg,数码网报价单-0825更新/手机相关/三星.jpg,1,1.0,visual_0825_source_crosschecked
20260825-fdd4b67246a7240d3316-01,2026-08-25,手机,device,三星,N系列,n900a/p/t/uv/s/Note3,,n900a/p/t/uv/s/Note3,开机屏坏,25,CNY/台,,image,三星.jpg,数码网报价单-0825更新/手机相关/三星.jpg,1,1.0,visual_0825_source_crosschecked
20260825-418270aae44591e0929a-01,2026-08-25,手机,device,三星,N系列,n900a/p/t/uv/s/Note3,,n900a/p/t/uv/s/Note3,不开机屏好,25,CNY/台,,image,三星.jpg,数码网报价单-0825更新/手机相关/三星.jpg,1,1.0,visual_0825_source_crosschecked
20260825-a166813430aa6ad5be40-01,2026-08-25,手机,device,三星,N系列,n900a/p/t/uv/s/Note3,,n900a/p/t/uv/s/Note3,不开机,25,CNY/台,,image,三星.jpg,数码网报价单-0825更新/手机相关/三星.jpg,1,1.0,visual_0825_source_crosschecked
20260825-7b1763fb3d7f3d929119-01,2026-08-25,手机,device,三星,N系列,n900a/p/t/uv/s/Note3,,n900a/p/t/uv/s/Note3,废板-整机,25,CNY/台,,image,三星.jpg,数码网报价单-0825更新/手机相关/三星.jpg,1,1.0,visual_0825_source_crosschecked
20260825-433c9fdb85d8f338a3ee-01,2026-08-25,手机,device,三星,N系列,N9008/8V/08s/Note3,,N9008/8V/08s/Note3,开机屏好,25,CNY/台,,image,三星.jpg,数码网报价单-0825更新/手机相关/三星.jpg,1,1.0,visual_0825_source_crosschecked
20260825-48eb8ef402acb9f64a84-01,2026-08-25,手机,device,三星,N系列,N9008/8V/08s/Note3,,N9008/8V/08s/Note3,开机屏好小老化,25,CNY/台,,image,三星.jpg,数码网报价单-0825更新/手机相关/三星.jpg,1,1.0,visual_0825_source_crosschecked
20260825-3888b9f85678accecc27-01,2026-08-25,手机,device,三星,N系列,N9008/8V/08s/Note3,,N9008/8V/08s/Note3,开机屏好大老化,25,CNY/台,,image,三星.jpg,数码网报价单-0825更新/手机相关/三星.jpg,1,1.0,visual_0825_source_crosschecked
20260825-798cad397e1a6461a18d-01,2026-08-25,手机,device,三星,N系列,N9008/8V/08s/Note3,,N9008/8V/08s/Note3,开机屏坏,25,CNY/台,,image,三星.jpg,数码网报价单-0825更新/手机相关/三星.jpg,1,1.0,visual_0825_source_crosschecked
20260825-c2296639f79c3e155b5e-01,2026-08-25,手机,device,三星,N系列,N9008/8V/08s/Note3,,N9008/8V/08s/Note3,不开机屏好,25,CNY/台,,image,三星.jpg,数码网报价单-0825更新/手机相关/三星.jpg,1,1.0,visual_0825_source_crosschecked
20260825-dd1a72165b338b956cd3-01,2026-08-25,手机,device,三星,N系列,N9008/8V/08s/Note3,,N9008/8V/08s/Note3,不开机,25,CNY/台,,image,三星.jpg,数码网报价单-0825更新/手机相关/三星.jpg,1,1.0,visual_0825_source_crosschecked
20260825-3fdda3205aa40ef3b66e-01,2026-08-25,手机,device,三星,N系列,N9008/8V/08s/Note3,,N9008/8V/08s/Note3,废板-整机,25,CNY/台,,image,三星.jpg,数码网报价单-0825更新/手机相关/三星.jpg,1,1.0,visual_0825_source_crosschecked
20260825-ef47a2f7a272562f8b96-01,2026-08-25,手机,device,三星,N系列,N9005/Note3,,N9005/Note3,开机屏好,25,CNY/台,,image,三星.jpg,数码网报价单-0825更新/手机相关/三星.jpg,1,1.0,visual_0825_source_crosschecked
20260825-473da2385cadeba634cf-01,2026-08-25,手机,device,三星,N系列,N9005/Note3,,N9005/Note3,开机屏好小老化,25,CNY/台,,image,三星.jpg,数码网报价单-0825更新/手机相关/三星.jpg,1,1.0,visual_0825_source_crosschecked
20260825-527d99b3b56a8089124c-01,2026-08-25,手机,device,三星,N系列,N9005/Note3,,N9005/Note3,开机屏好大老化,25,CNY/台,,image,三星.jpg,数码网报价单-0825更新/手机相关/三星.jpg,1,1.0,visual_0825_source_crosschecked
20260825-06f5d8405303e3a26489-01,2026-08-25,手机,device,三星,N系列,N9005/Note3,,N9005/Note3,开机屏坏,25,CNY/台,,image,三星.jpg,数码网报价单-0825更新/手机相关/三星.jpg,1,1.0,visual_0825_source_crosschecked
20260825-3805fe85b3239d00acd4-01,2026-08-25,手机,device,三星,N系列,N9005/Note3,,N9005/Note3,不开机屏好,25,CNY/台,,image,三星.jpg,数码网报价单-0825更新/手机相关/三星.jpg,1,1.0,visual_0825_source_crosschecked
20260825-91808f78f7f9ee2c2e1f-01,2026-08-25,手机,device,三星,N系列,N9005/Note3,,N9005/Note3,不开机,25,CNY/台,,image,三星.jpg,数码网报价单-0825更新/手机相关/三星.jpg,1,1.0,visual_0825_source_crosschecked
20260825-7ae849066c164b7d8c8b-01,2026-08-25,手机,device,三星,N系列,N9005/Note3,,N9005/Note3,废板-整机,25,CNY/台,,image,三星.jpg,数码网报价单-0825更新/手机相关/三星.jpg,1,1.0,visual_0825_source_crosschecked
20260825-5a5e66cf8bb0c7519515-01,2026-08-25,手机,device,三星,N系列,N9002/6/9/Note3,,N9002/6/9/Note3,开机屏好,25,CNY/台,,image,三星.jpg,数码网报价单-0825更新/手机相关/三星.jpg,1,1.0,visual_0825_source_crosschecked
20260825-56709ab4d2cfa0502b16-01,2026-08-25,手机,device,三星,N系列,N9002/6/9/Note3,,N9002/6/9/Note3,开机屏好小老化,25,CNY/台,,image,三星.jpg,数码网报价单-0825更新/手机相关/三星.jpg,1,1.0,visual_0825_source_crosschecked
20260825-2449f9831ea941d8cc2d-01,2026-08-25,手机,device,三星,N系列,N9002/6/9/Note3,,N9002/6/9/Note3,开机屏好大老化,25,CNY/台,,image,三星.jpg,数码网报价单-0825更新/手机相关/三星.jpg,1,1.0,visual_0825_source_crosschecked
20260825-c34a63bb657a4a262251-01,2026-08-25,手机,device,三星,N系列,N9002/6/9/Note3,,N9002/6/9/Note3,开机屏坏,25,CNY/台,,image,三星.jpg,数码网报价单-0825更新/手机相关/三星.jpg,1,1.0,visual_0825_source_crosschecked
20260825-da4b4ed404c22f93b0a8-01,2026-08-25,手机,device,三星,N系列,N9002/6/9/Note3,,N9002/6/9/Note3,不开机屏好,25,CNY/台,,image,三星.jpg,数码网报价单-0825更新/手机相关/三星.jpg,1,1.0,visual_0825_source_crosschecked
20260825-d4071aa8eb186b8ba9ae-01,2026-08-25,手机,device,三星,N系列,N9002/6/9/Note3,,N9002/6/9/Note3,不开机,25,CNY/台,,image,三星.jpg,数码网报价单-0825更新/手机相关/三星.jpg,1,1.0,visual_0825_source_crosschecked
20260825-914a47f1df0af094abd7-01,2026-08-25,手机,device,三星,N系列,N9002/6/9/Note3,,N9002/6/9/Note3,废板-整机,25,CNY/台,,image,三星.jpg,数码网报价单-0825更新/手机相关/三星.jpg,1,1.0,visual_0825_source_crosschecked
20260825-c471b2fe53341d388ed8-01,2026-08-25,手机,device,三星,N系列,N900/Note3,,N900/Note3,开机屏好,25,CNY/台,,image,三星.jpg,数码网报价单-0825更新/手机相关/三星.jpg,1,1.0,visual_0825_source_crosschecked
20260825-16667ab6f7bd3de18bec-01,2026-08-25,手机,device,三星,N系列,N900/Note3,,N900/Note3,开机屏好小老化,25,CNY/台,,image,三星.jpg,数码网报价单-0825更新/手机相关/三星.jpg,1,1.0,visual_0825_source_crosschecked
20260825-f8dc221a228bac5460aa-01,2026-08-25,手机,device,三星,N系列,N900/Note3,,N900/Note3,开机屏好大老化,25,CNY/台,,image,三星.jpg,数码网报价单-0825更新/手机相关/三星.jpg,1,1.0,visual_0825_source_crosschecked
20260825-5e1cf58ccbbe2741e974-01,2026-08-25,手机,device,三星,N系列,N900/Note3,,N900/Note3,开机屏坏,25,CNY/台,,image,三星.jpg,数码网报价单-0825更新/手机相关/三星.jpg,1,1.0,visual_0825_source_crosschecked
20260825-f31f21c3b2c2290b91d1-01,2026-08-25,手机,device,三星,N系列,N900/Note3,,N900/Note3,不开机屏好,25,CNY/台,,image,三星.jpg,数码网报价单-0825更新/手机相关/三星.jpg,1,1.0,visual_0825_source_crosschecked
20260825-2d344e71727813b57e55-01,2026-08-25,手机,device,三星,N系列,N900/Note3,,N900/Note3,不开机,25,CNY/台,,image,三星.jpg,数码网报价单-0825更新/手机相关/三星.jpg,1,1.0,visual_0825_source_crosschecked
20260825-0a31bcbe08dbb41c9dc2-01,2026-08-25,手机,device,三星,N系列,N900/Note3,,N900/Note3,废板-整机,25,CNY/台,,image,三星.jpg,数码网报价单-0825更新/手机相关/三星.jpg,1,1.0,visual_0825_source_crosschecked
20260825-19e85d439c3e8147f8ea-01,2026-08-25,手机,device,三星,N系列,N7506v/09v/09/Note3min,,N7506v/09v/09/Note3min,开机屏好,25,CNY/台,,image,三星.jpg,数码网报价单-0825更新/手机相关/三星.jpg,1,1.0,visual_0825_source_crosschecked
20260825-8026b4a2892117de780c-01,2026-08-25,手机,device,三星,N系列,N7506v/09v/09/Note3min,,N7506v/09v/09/Note3min,开机屏好小老化,25,CNY/台,,image,三星.jpg,数码网报价单-0825更新/手机相关/三星.jpg,1,1.0,visual_0825_source_crosschecked
20260825-85a86a01a402b29bb14b-01,2026-08-25,手机,device,三星,N系列,N7506v/09v/09/Note3min,,N7506v/09v/09/Note3min,开机屏好大老化,25,CNY/台,,image,三星.jpg,数码网报价单-0825更新/手机相关/三星.jpg,1,1.0,visual_0825_source_crosschecked
20260825-eefc313430205bb0c9ed-01,2026-08-25,手机,device,三星,N系列,N7506v/09v/09/Note3min,,N7506v/09v/09/Note3min,开机屏坏,25,CNY/台,,image,三星.jpg,数码网报价单-0825更新/手机相关/三星.jpg,1,1.0,visual_0825_source_crosschecked
20260825-d26c2557f82fcb5ee246-01,2026-08-25,手机,device,三星,N系列,N7506v/09v/09/Note3min,,N7506v/09v/09/Note3min,不开机屏好,25,CNY/台,,image,三星.jpg,数码网报价单-0825更新/手机相关/三星.jpg,1,1.0,visual_0825_source_crosschecked
20260825-1afe15b6324a8bf6986f-01,2026-08-25,手机,device,三星,N系列,N7506v/09v/09/Note3min,,N7506v/09v/09/Note3min,不开机,25,CNY/台,,image,三星.jpg,数码网报价单-0825更新/手机相关/三星.jpg,1,1.0,visual_0825_source_crosschecked
20260825-bc0bf2fb4099b150492b-01,2026-08-25,手机,device,三星,N系列,N7506v/09v/09/Note3min,,N7506v/09v/09/Note3min,废板-整机,25,CNY/台,,image,三星.jpg,数码网报价单-0825更新/手机相关/三星.jpg,1,1.0,visual_0825_source_crosschecked
20260825-22fbc6be721f26b8b711-01,2026-08-25,手机,device,三星,N系列,N7505/Note3mini,,N7505/Note3mini,开机屏好,25,CNY/台,,image,三星.jpg,数码网报价单-0825更新/手机相关/三星.jpg,1,1.0,visual_0825_source_crosschecked
20260825-e1118282ffe0ea25110c-01,2026-08-25,手机,device,三星,N系列,N7505/Note3mini,,N7505/Note3mini,开机屏好小老化,25,CNY/台,,image,三星.jpg,数码网报价单-0825更新/手机相关/三星.jpg,1,1.0,visual_0825_source_crosschecked
20260825-5c555b8dbd43fd95bc13-01,2026-08-25,手机,device,三星,N系列,N7505/Note3mini,,N7505/Note3mini,开机屏好大老化,25,CNY/台,,image,三星.jpg,数码网报价单-0825更新/手机相关/三星.jpg,1,1.0,visual_0825_source_crosschecked
20260825-1c31ca05648706d82f26-01,2026-08-25,手机,device,三星,N系列,N7505/Note3mini,,N7505/Note3mini,开机屏坏,25,CNY/台,,image,三星.jpg,数码网报价单-0825更新/手机相关/三星.jpg,1,1.0,visual_0825_source_crosschecked
20260825-a4634fb612b225dd86a9-01,2026-08-25,手机,device,三星,N系列,N7505/Note3mini,,N7505/Note3mini,不开机屏好,25,CNY/台,,image,三星.jpg,数码网报价单-0825更新/手机相关/三星.jpg,1,1.0,visual_0825_source_crosschecked
20260825-74bb9d1e01936f04c127-01,2026-08-25,手机,device,三星,N系列,N7505/Note3mini,,N7505/Note3mini,不开机,25,CNY/台,,image,三星.jpg,数码网报价单-0825更新/手机相关/三星.jpg,1,1.0,visual_0825_source_crosschecked
20260825-954bcf6c5c6c51497034-01,2026-08-25,手机,device,三星,N系列,N7505/Note3mini,,N7505/Note3mini,废板-整机,25,CNY/台,,image,三星.jpg,数码网报价单-0825更新/手机相关/三星.jpg,1,1.0,visual_0825_source_crosschecked
20260825-054754963c2f8bdab465-01,2026-08-25,手机,device,三星,N系列,N7100/08/02/09/Note2,,N7100/08/02/09/Note2,开机屏好,25,CNY/台,,image,三星.jpg,数码网报价单-0825更新/手机相关/三星.jpg,1,1.0,visual_0825_source_crosschecked
20260825-121f991c48913a1b2762-01,2026-08-25,手机,device,三星,N系列,N7100/08/02/09/Note2,,N7100/08/02/09/Note2,开机屏好小老化,25,CNY/台,,image,三星.jpg,数码网报价单-0825更新/手机相关/三星.jpg,1,1.0,visual_0825_source_crosschecked
20260825-829ac14b00a55faae33d-01,2026-08-25,手机,device,三星,N系列,N7100/08/02/09/Note2,,N7100/08/02/09/Note2,开机屏好大老化,25,CNY/台,,image,三星.jpg,数码网报价单-0825更新/手机相关/三星.jpg,1,1.0,visual_0825_source_crosschecked
20260825-fc2e25376ca6ae840d54-01,2026-08-25,手机,device,三星,N系列,N7100/08/02/09/Note2,,N7100/08/02/09/Note2,开机屏坏,25,CNY/台,,image,三星.jpg,数码网报价单-0825更新/手机相关/三星.jpg,1,1.0,visual_0825_source_crosschecked
20260825-94d7d80a04c2fc414ddb-01,2026-08-25,手机,device,三星,N系列,N7100/08/02/09/Note2,,N7100/08/02/09/Note2,不开机屏好,25,CNY/台,,image,三星.jpg,数码网报价单-0825更新/手机相关/三星.jpg,1,1.0,visual_0825_source_crosschecked
20260825-9ddceadbad2470b0b9c8-01,2026-08-25,手机,device,三星,N系列,N7100/08/02/09/Note2,,N7100/08/02/09/Note2,不开机,25,CNY/台,,image,三星.jpg,数码网报价单-0825更新/手机相关/三星.jpg,1,1.0,visual_0825_source_crosschecked
20260825-b55b9b3cc1a625ab715e-01,2026-08-25,手机,device,三星,N系列,N7100/08/02/09/Note2,,N7100/08/02/09/Note2,废板-整机,25,CNY/台,,image,三星.jpg,数码网报价单-0825更新/手机相关/三星.jpg,1,1.0,visual_0825_source_crosschecked
20260825-0da10c15a82e72f8df94-01,2026-08-25,手机,device,三星,N系列,N7000,,N7000,开机屏好,25,CNY/台,,image,三星.jpg,数码网报价单-0825更新/手机相关/三星.jpg,1,1.0,visual_0825_source_crosschecked
20260825-575b02f6ae2639122a15-01,2026-08-25,手机,device,三星,N系列,N7000,,N7000,开机屏好小老化,25,CNY/台,,image,三星.jpg,数码网报价单-0825更新/手机相关/三星.jpg,1,1.0,visual_0825_source_crosschecked
20260825-7ec79c88657def284732-01,2026-08-25,手机,device,三星,N系列,N7000,,N7000,开机屏好大老化,25,CNY/台,,image,三星.jpg,数码网报价单-0825更新/手机相关/三星.jpg,1,1.0,visual_0825_source_crosschecked
20260825-617cb0dbf0ae25764f5a-01,2026-08-25,手机,device,三星,N系列,N7000,,N7000,开机屏坏,25,CNY/台,,image,三星.jpg,数码网报价单-0825更新/手机相关/三星.jpg,1,1.0,visual_0825_source_crosschecked
20260825-1991126a27fe4dd8cf7e-01,2026-08-25,手机,device,三星,N系列,N7000,,N7000,不开机屏好,25,CNY/台,,image,三星.jpg,数码网报价单-0825更新/手机相关/三星.jpg,1,1.0,visual_0825_source_crosschecked
20260825-d6df1fbb0da9c1f85415-01,2026-08-25,手机,device,三星,N系列,N7000,,N7000,不开机,25,CNY/台,,image,三星.jpg,数码网报价单-0825更新/手机相关/三星.jpg,1,1.0,visual_0825_source_crosschecked
20260825-8d80f42ffd8306553c5a-01,2026-08-25,手机,device,三星,N系列,N7000,,N7000,废板-整机,25,CNY/台,,image,三星.jpg,数码网报价单-0825更新/手机相关/三星.jpg,1,1.0,visual_0825_source_crosschecked
20260825-98070d2e4e4883473f1c-01,2026-08-25,手机,device,三星,N系列,Note7,,Note7,开机屏好,30,CNY/台,,image,三星.jpg,数码网报价单-0825更新/手机相关/三星.jpg,1,1.0,visual_0825_source_crosschecked
20260825-fd74e62da0015454a52f-01,2026-08-25,手机,device,三星,N系列,Note7,,Note7,开机屏好小老化,30,CNY/台,,image,三星.jpg,数码网报价单-0825更新/手机相关/三星.jpg,1,1.0,visual_0825_source_crosschecked
20260825-af4a72e468da8b558e21-01,2026-08-25,手机,device,三星,N系列,Note7,,Note7,开机屏好大老化,30,CNY/台,,image,三星.jpg,数码网报价单-0825更新/手机相关/三星.jpg,1,1.0,visual_0825_source_crosschecked
20260825-aac07b80fca60b7dfff7-01,2026-08-25,手机,device,三星,N系列,Note7,,Note7,开机屏坏,30,CNY/台,,image,三星.jpg,数码网报价单-0825更新/手机相关/三星.jpg,1,1.0,visual_0825_source_crosschecked
20260825-f62380ded28eb0524f09-01,2026-08-25,手机,device,三星,N系列,Note7,,Note7,不开机屏好,30,CNY/台,,image,三星.jpg,数码网报价单-0825更新/手机相关/三星.jpg,1,1.0,visual_0825_source_crosschecked
20260825-a2b6442bab06a27af4ba-01,2026-08-25,手机,device,三星,N系列,Note7,,Note7,不开机,30,CNY/台,,image,三星.jpg,数码网报价单-0825更新/手机相关/三星.jpg,1,1.0,visual_0825_source_crosschecked
20260825-e2566fcd5f0e3156709f-01,2026-08-25,手机,device,三星,N系列,Note7,,Note7,废板-整机,30,CNY/台,,image,三星.jpg,数码网报价单-0825更新/手机相关/三星.jpg,1,1.0,visual_0825_source_crosschecked
20260825-4ffd6543e8d31be50730-01,2026-08-25,手机,device,三星,N系列,Note4韩国版,,Note4韩国版,开机屏好,15,CNY/台,,image,三星.jpg,数码网报价单-0825更新/手机相关/三星.jpg,1,1.0,visual_0825_source_crosschecked
20260825-e199146e22b85dd06c02-01,2026-08-25,手机,device,三星,N系列,Note4韩国版,,Note4韩国版,开机屏好小老化,15,CNY/台,,image,三星.jpg,数码网报价单-0825更新/手机相关/三星.jpg,1,1.0,visual_0825_source_crosschecked
20260825-7f0d9f31250fae158330-01,2026-08-25,手机,device,三星,N系列,Note4韩国版,,Note4韩国版,开机屏好大老化,15,CNY/台,,image,三星.jpg,数码网报价单-0825更新/手机相关/三星.jpg,1,1.0,visual_0825_source_crosschecked
20260825-f7406e8ee8235d2f0fa4-01,2026-08-25,手机,device,三星,N系列,Note4韩国版,,Note4韩国版,开机屏坏,15,CNY/台,,image,三星.jpg,数码网报价单-0825更新/手机相关/三星.jpg,1,1.0,visual_0825_source_crosschecked
20260825-a4c105ec8b0193c99f34-01,2026-08-25,手机,device,三星,N系列,Note4韩国版,,Note4韩国版,不开机屏好,15,CNY/台,,image,三星.jpg,数码网报价单-0825更新/手机相关/三星.jpg,1,1.0,visual_0825_source_crosschecked
20260825-641e8c48b0900bc7f95c-01,2026-08-25,手机,device,三星,N系列,Note4韩国版,,Note4韩国版,不开机,15,CNY/台,,image,三星.jpg,数码网报价单-0825更新/手机相关/三星.jpg,1,1.0,visual_0825_source_crosschecked
20260825-5da9ea3aa300f1dd8d1c-01,2026-08-25,手机,device,三星,N系列,Note4韩国版,,Note4韩国版,废板-整机,15,CNY/台,,image,三星.jpg,数码网报价单-0825更新/手机相关/三星.jpg,1,1.0,visual_0825_source_crosschecked
20260825-fa7491f0a68c61688cea-01,2026-08-25,手机,device,三星,J系列,J810,,J810,开机屏好,100,CNY/台,,image,三星.jpg,数码网报价单-0825更新/手机相关/三星.jpg,1,1.0,visual_0825_source_crosschecked
20260825-65128658ff77e20539da-01,2026-08-25,手机,device,三星,J系列,J810,,J810,开机屏好小老化,100,CNY/台,,image,三星.jpg,数码网报价单-0825更新/手机相关/三星.jpg,1,1.0,visual_0825_source_crosschecked
20260825-f0e9703597742398bc10-01,2026-08-25,手机,device,三星,J系列,J810,,J810,开机屏好大老化,100,CNY/台,,image,三星.jpg,数码网报价单-0825更新/手机相关/三星.jpg,1,1.0,visual_0825_source_crosschecked
20260825-9b8da94506a96a8193ad-01,2026-08-25,手机,device,三星,J系列,J810,,J810,开机屏坏,50,CNY/台,,image,三星.jpg,数码网报价单-0825更新/手机相关/三星.jpg,1,1.0,visual_0825_source_crosschecked
20260825-db5c39f3b8d265868309-01,2026-08-25,手机,device,三星,J系列,J810,,J810,不开机屏好,50,CNY/台,,image,三星.jpg,数码网报价单-0825更新/手机相关/三星.jpg,1,1.0,visual_0825_source_crosschecked
20260825-c310a8be15d60c6846e7-01,2026-08-25,手机,device,三星,J系列,J810,,J810,不开机,25,CNY/台,,image,三星.jpg,数码网报价单-0825更新/手机相关/三星.jpg,1,1.0,visual_0825_source_crosschecked
20260825-224bf4529c46eb93c101-01,2026-08-25,手机,device,三星,J系列,J810,,J810,废板-整机,25,CNY/台,,image,三星.jpg,数码网报价单-0825更新/手机相关/三星.jpg,1,1.0,visual_0825_source_crosschecked
20260825-3e7c971b53468cbbfd3c-01,2026-08-25,手机,device,三星,J系列,J7109,,J7109,开机屏好,20,CNY/台,,image,三星.jpg,数码网报价单-0825更新/手机相关/三星.jpg,1,1.0,visual_0825_source_crosschecked
20260825-7eec1832d38332becbd1-01,2026-08-25,手机,device,三星,J系列,J7109,,J7109,开机屏好小老化,20,CNY/台,,image,三星.jpg,数码网报价单-0825更新/手机相关/三星.jpg,1,1.0,visual_0825_source_crosschecked
20260825-2c835400408c08fe39f7-01,2026-08-25,手机,device,三星,J系列,J7109,,J7109,开机屏好大老化,20,CNY/台,,image,三星.jpg,数码网报价单-0825更新/手机相关/三星.jpg,1,1.0,visual_0825_source_crosschecked
20260825-3f381c3a4de5ef069f91-01,2026-08-25,手机,device,三星,J系列,J7109,,J7109,开机屏坏,10,CNY/台,,image,三星.jpg,数码网报价单-0825更新/手机相关/三星.jpg,1,1.0,visual_0825_source_crosschecked
20260825-6c4428888ecf6d71c78d-01,2026-08-25,手机,device,三星,J系列,J7109,,J7109,不开机屏好,15,CNY/台,,image,三星.jpg,数码网报价单-0825更新/手机相关/三星.jpg,1,1.0,visual_0825_source_crosschecked
20260825-003eeebea1497b6272ac-01,2026-08-25,手机,device,三星,J系列,J7109,,J7109,不开机,10,CNY/台,,image,三星.jpg,数码网报价单-0825更新/手机相关/三星.jpg,1,1.0,visual_0825_source_crosschecked
20260825-912d0bdd81c11f7282cf-01,2026-08-25,手机,device,三星,J系列,J7109,,J7109,废板-整机,10,CNY/台,,image,三星.jpg,数码网报价单-0825更新/手机相关/三星.jpg,1,1.0,visual_0825_source_crosschecked
20260825-5b7bce7c17f354c1ddb7-01,2026-08-25,手机,device,三星,J系列,J7108,,J7108,开机屏好,20,CNY/台,,image,三星.jpg,数码网报价单-0825更新/手机相关/三星.jpg,1,1.0,visual_0825_source_crosschecked
20260825-a9650a3a6d481541fa59-01,2026-08-25,手机,device,三星,J系列,J7108,,J7108,开机屏好小老化,20,CNY/台,,image,三星.jpg,数码网报价单-0825更新/手机相关/三星.jpg,1,1.0,visual_0825_source_crosschecked
20260825-ee42f29eeafd788cc7af-01,2026-08-25,手机,device,三星,J系列,J7108,,J7108,开机屏好大老化,20,CNY/台,,image,三星.jpg,数码网报价单-0825更新/手机相关/三星.jpg,1,1.0,visual_0825_source_crosschecked
20260825-25739feef840b44b046d-01,2026-08-25,手机,device,三星,J系列,J7108,,J7108,开机屏坏,10,CNY/台,,image,三星.jpg,数码网报价单-0825更新/手机相关/三星.jpg,1,1.0,visual_0825_source_crosschecked
20260825-b621ba75d97b964a9b38-01,2026-08-25,手机,device,三星,J系列,J7108,,J7108,不开机屏好,15,CNY/台,,image,三星.jpg,数码网报价单-0825更新/手机相关/三星.jpg,1,1.0,visual_0825_source_crosschecked
20260825-d5162a74b94c9e5dfd6e-01,2026-08-25,手机,device,三星,J系列,J7108,,J7108,不开机,10,CNY/台,,image,三星.jpg,数码网报价单-0825更新/手机相关/三星.jpg,1,1.0,visual_0825_source_crosschecked
20260825-934a3d16778465a7735f-01,2026-08-25,手机,device,三星,J系列,J7108,,J7108,废板-整机,10,CNY/台,,image,三星.jpg,数码网报价单-0825更新/手机相关/三星.jpg,1,1.0,visual_0825_source_crosschecked
20260825-d867898de81386c86f1a-01,2026-08-25,手机,device,三星,J系列,J7008,,J7008,开机屏好,13,CNY/台,,image,三星.jpg,数码网报价单-0825更新/手机相关/三星.jpg,1,1.0,visual_0825_source_crosschecked
20260825-9dd15f3cee325877d241-01,2026-08-25,手机,device,三星,J系列,J7008,,J7008,开机屏好小老化,13,CNY/台,,image,三星.jpg,数码网报价单-0825更新/手机相关/三星.jpg,1,1.0,visual_0825_source_crosschecked
20260825-9c24064f67d13987b339-01,2026-08-25,手机,device,三星,J系列,J7008,,J7008,开机屏好大老化,13,CNY/台,,image,三星.jpg,数码网报价单-0825更新/手机相关/三星.jpg,1,1.0,visual_0825_source_crosschecked
20260825-32d34311882929f0d4c4-01,2026-08-25,手机,device,三星,J系列,J7008,,J7008,开机屏坏,13,CNY/台,,image,三星.jpg,数码网报价单-0825更新/手机相关/三星.jpg,1,1.0,visual_0825_source_crosschecked
20260825-e77061c5c7d9617dce71-01,2026-08-25,手机,device,三星,J系列,J7008,,J7008,不开机屏好,13,CNY/台,,image,三星.jpg,数码网报价单-0825更新/手机相关/三星.jpg,1,1.0,visual_0825_source_crosschecked
20260825-de804bdc81a07253b740-01,2026-08-25,手机,device,三星,J系列,J7008,,J7008,不开机,13,CNY/台,,image,三星.jpg,数码网报价单-0825更新/手机相关/三星.jpg,1,1.0,visual_0825_source_crosschecked
20260825-38c37687650c73d89140-01,2026-08-25,手机,device,三星,J系列,J7008,,J7008,废板-整机,13,CNY/台,,image,三星.jpg,数码网报价单-0825更新/手机相关/三星.jpg,1,1.0,visual_0825_source_crosschecked
20260825-7009e680f91d25908b15-01,2026-08-25,手机,device,三星,J系列,J700f,,J700f,开机屏好,10,CNY/台,,image,三星.jpg,数码网报价单-0825更新/手机相关/三星.jpg,1,1.0,visual_0825_source_crosschecked
20260825-5d78d6ae218037ab1866-01,2026-08-25,手机,device,三星,J系列,J700f,,J700f,开机屏好小老化,10,CNY/台,,image,三星.jpg,数码网报价单-0825更新/手机相关/三星.jpg,1,1.0,visual_0825_source_crosschecked
20260825-d59f98d4801835c48df0-01,2026-08-25,手机,device,三星,J系列,J700f,,J700f,开机屏好大老化,10,CNY/台,,image,三星.jpg,数码网报价单-0825更新/手机相关/三星.jpg,1,1.0,visual_0825_source_crosschecked
20260825-ad1aa47739b17de62077-01,2026-08-25,手机,device,三星,J系列,J700f,,J700f,开机屏坏,8,CNY/台,,image,三星.jpg,数码网报价单-0825更新/手机相关/三星.jpg,1,1.0,visual_0825_source_crosschecked
20260825-7a6ad657f566367ccc9a-01,2026-08-25,手机,device,三星,J系列,J700f,,J700f,不开机屏好,8,CNY/台,,image,三星.jpg,数码网报价单-0825更新/手机相关/三星.jpg,1,1.0,visual_0825_source_crosschecked
20260825-2cf0a580c8727627e5ac-01,2026-08-25,手机,device,三星,J系列,J700f,,J700f,不开机,8,CNY/台,,image,三星.jpg,数码网报价单-0825更新/手机相关/三星.jpg,1,1.0,visual_0825_source_crosschecked
20260825-2980fd9417240f6c70b5-01,2026-08-25,手机,device,三星,J系列,J700f,,J700f,废板-整机,8,CNY/台,,image,三星.jpg,数码网报价单-0825更新/手机相关/三星.jpg,1,1.0,visual_0825_source_crosschecked
20260825-127f85b8ea8b5c2e2d53-01,2026-08-25,手机,device,三星,J系列,J6,,J6,开机屏好,100,CNY/台,,image,三星.jpg,数码网报价单-0825更新/手机相关/三星.jpg,1,1.0,visual_0825_source_crosschecked
20260825-d3dd3fd678d42ce4c78f-01,2026-08-25,手机,device,三星,J系列,J6,,J6,开机屏好小老化,40,CNY/台,,image,三星.jpg,数码网报价单-0825更新/手机相关/三星.jpg,1,1.0,visual_0825_source_crosschecked
20260825-ba66c1b82de13b397455-01,2026-08-25,手机,device,三星,J系列,J6,,J6,开机屏好大老化,100,CNY/台,,image,三星.jpg,数码网报价单-0825更新/手机相关/三星.jpg,1,1.0,visual_0825_source_crosschecked
20260825-b331e6eed88269b3a644-01,2026-08-25,手机,device,三星,J系列,J6,,J6,开机屏坏,40,CNY/台,,image,三星.jpg,数码网报价单-0825更新/手机相关/三星.jpg,1,1.0,visual_0825_source_crosschecked
20260825-e53428439e65581fec8c-01,2026-08-25,手机,device,三星,J系列,J6,,J6,不开机屏好,40,CNY/台,,image,三星.jpg,数码网报价单-0825更新/手机相关/三星.jpg,1,1.0,visual_0825_source_crosschecked
20260825-ba5cd3078c779bf7c5b6-01,2026-08-25,手机,device,三星,J系列,J6,,J6,不开机,20,CNY/台,,image,三星.jpg,数码网报价单-0825更新/手机相关/三星.jpg,1,1.0,visual_0825_source_crosschecked
20260825-8338791fed8c4ad305b0-01,2026-08-25,手机,device,三星,J系列,J6,,J6,废板-整机,20,CNY/台,,image,三星.jpg,数码网报价单-0825更新/手机相关/三星.jpg,1,1.0,visual_0825_source_crosschecked
20260825-da176c672b3f35b86db7-01,2026-08-25,手机,device,三星,J系列,J530f,,J530f,开机屏好,10,CNY/台,,image,三星.jpg,数码网报价单-0825更新/手机相关/三星.jpg,1,1.0,visual_0825_source_crosschecked
20260825-fd4811f46a498e249737-01,2026-08-25,手机,device,三星,J系列,J530f,,J530f,开机屏好小老化,10,CNY/台,,image,三星.jpg,数码网报价单-0825更新/手机相关/三星.jpg,1,1.0,visual_0825_source_crosschecked
20260825-e7ba55fb119ba8e7e66b-01,2026-08-25,手机,device,三星,J系列,J530f,,J530f,开机屏好大老化,10,CNY/台,,image,三星.jpg,数码网报价单-0825更新/手机相关/三星.jpg,1,1.0,visual_0825_source_crosschecked
20260825-1b9982829aecae54fda8-01,2026-08-25,手机,device,三星,J系列,J530f,,J530f,开机屏坏,8,CNY/台,,image,三星.jpg,数码网报价单-0825更新/手机相关/三星.jpg,1,1.0,visual_0825_source_crosschecked
20260825-9ceb781e86fa5b253dcc-01,2026-08-25,手机,device,三星,J系列,J530f,,J530f,不开机屏好,8,CNY/台,,image,三星.jpg,数码网报价单-0825更新/手机相关/三星.jpg,1,1.0,visual_0825_source_crosschecked
20260825-6d5359b0bc64a1383dd1-01,2026-08-25,手机,device,三星,J系列,J530f,,J530f,不开机,8,CNY/台,,image,三星.jpg,数码网报价单-0825更新/手机相关/三星.jpg,1,1.0,visual_0825_source_crosschecked
20260825-32863df3a811108125ad-01,2026-08-25,手机,device,三星,J系列,J530f,,J530f,废板-整机,8,CNY/台,,image,三星.jpg,数码网报价单-0825更新/手机相关/三星.jpg,1,1.0,visual_0825_source_crosschecked
20260825-80a9319f2364400b080e-01,2026-08-25,手机,device,三星,J系列,J530S,,J530S,开机屏好,10,CNY/台,,image,三星.jpg,数码网报价单-0825更新/手机相关/三星.jpg,1,1.0,visual_0825_source_crosschecked
20260825-1528d75049422548f9fa-01,2026-08-25,手机,device,三星,J系列,J530S,,J530S,开机屏好小老化,10,CNY/台,,image,三星.jpg,数码网报价单-0825更新/手机相关/三星.jpg,1,1.0,visual_0825_source_crosschecked
20260825-572d1e6252a95a2995fb-01,2026-08-25,手机,device,三星,J系列,J530S,,J530S,开机屏好大老化,10,CNY/台,,image,三星.jpg,数码网报价单-0825更新/手机相关/三星.jpg,1,1.0,visual_0825_source_crosschecked
20260825-029602a72771445167ee-01,2026-08-25,手机,device,三星,J系列,J530S,,J530S,开机屏坏,8,CNY/台,,image,三星.jpg,数码网报价单-0825更新/手机相关/三星.jpg,1,1.0,visual_0825_source_crosschecked
20260825-7c06af3765cd2ddc7367-01,2026-08-25,手机,device,三星,J系列,J530S,,J530S,不开机屏好,8,CNY/台,,image,三星.jpg,数码网报价单-0825更新/手机相关/三星.jpg,1,1.0,visual_0825_source_crosschecked
20260825-0bf4faeef00b7e764266-01,2026-08-25,手机,device,三星,J系列,J530S,,J530S,不开机,8,CNY/台,,image,三星.jpg,数码网报价单-0825更新/手机相关/三星.jpg,1,1.0,visual_0825_source_crosschecked
20260825-b3b6d1a781cfe7c3eb77-01,2026-08-25,手机,device,三星,J系列,J530S,,J530S,废板-整机,8,CNY/台,,image,三星.jpg,数码网报价单-0825更新/手机相关/三星.jpg,1,1.0,visual_0825_source_crosschecked
20260825-43c82fa081019a05d147-01,2026-08-25,手机,device,三星,J系列,J5108,,J5108,开机屏好,25,CNY/台,,image,三星.jpg,数码网报价单-0825更新/手机相关/三星.jpg,1,1.0,visual_0825_source_crosschecked
20260825-556833de95b6743352a1-01,2026-08-25,手机,device,三星,J系列,J5108,,J5108,开机屏好小老化,25,CNY/台,,image,三星.jpg,数码网报价单-0825更新/手机相关/三星.jpg,1,1.0,visual_0825_source_crosschecked
20260825-1b4b1e9520760ce6d0f8-01,2026-08-25,手机,device,三星,J系列,J5108,,J5108,开机屏好大老化,25,CNY/台,,image,三星.jpg,数码网报价单-0825更新/手机相关/三星.jpg,1,1.0,visual_0825_source_crosschecked
20260825-f0fab764bbf7c5008d64-01,2026-08-25,手机,device,三星,J系列,J5108,,J5108,开机屏坏,10,CNY/台,,image,三星.jpg,数码网报价单-0825更新/手机相关/三星.jpg,1,1.0,visual_0825_source_crosschecked
20260825-136c13061976dc78d81f-01,2026-08-25,手机,device,三星,J系列,J5108,,J5108,不开机屏好,10,CNY/台,,image,三星.jpg,数码网报价单-0825更新/手机相关/三星.jpg,1,1.0,visual_0825_source_crosschecked
20260825-eba3b503693b31721b5a-01,2026-08-25,手机,device,三星,J系列,J5108,,J5108,不开机,10,CNY/台,,image,三星.jpg,数码网报价单-0825更新/手机相关/三星.jpg,1,1.0,visual_0825_source_crosschecked
20260825-33cfcf972e2aad8690f2-01,2026-08-25,手机,device,三星,J系列,J5108,,J5108,废板-整机,10,CNY/台,,image,三星.jpg,数码网报价单-0825更新/手机相关/三星.jpg,1,1.0,visual_0825_source_crosschecked
20260825-af8de22fb65587a02a26-01,2026-08-25,手机,device,三星,J系列,J500F,,J500F,开机屏好,35,CNY/台,,image,三星.jpg,数码网报价单-0825更新/手机相关/三星.jpg,1,1.0,visual_0825_source_crosschecked
20260825-66643198e41a4045d979-01,2026-08-25,手机,device,三星,J系列,J500F,,J500F,开机屏好小老化,35,CNY/台,,image,三星.jpg,数码网报价单-0825更新/手机相关/三星.jpg,1,1.0,visual_0825_source_crosschecked
20260825-7c7b123eb58136933c7f-01,2026-08-25,手机,device,三星,J系列,J500F,,J500F,开机屏好大老化,35,CNY/台,,image,三星.jpg,数码网报价单-0825更新/手机相关/三星.jpg,1,1.0,visual_0825_source_crosschecked
20260825-d2963b73b3cc27e0b4ff-01,2026-08-25,手机,device,三星,J系列,J500F,,J500F,开机屏坏,8,CNY/台,,image,三星.jpg,数码网报价单-0825更新/手机相关/三星.jpg,1,1.0,visual_0825_source_crosschecked
20260825-296c4a6304648bac6ad7-01,2026-08-25,手机,device,三星,J系列,J500F,,J500F,不开机屏好,15,CNY/台,,image,三星.jpg,数码网报价单-0825更新/手机相关/三星.jpg,1,1.0,visual_0825_source_crosschecked
20260825-c09cfb947d4ee454bed1-01,2026-08-25,手机,device,三星,J系列,J500F,,J500F,不开机,8,CNY/台,,image,三星.jpg,数码网报价单-0825更新/手机相关/三星.jpg,1,1.0,visual_0825_source_crosschecked
20260825-84a705d1d5fa4f923c46-01,2026-08-25,手机,device,三星,J系列,J500F,,J500F,废板-整机,8,CNY/台,,image,三星.jpg,数码网报价单-0825更新/手机相关/三星.jpg,1,1.0,visual_0825_source_crosschecked
20260825-b9c1b37f1ca5f8ff683f-01,2026-08-25,手机,device,三星,J系列,J5008,,J5008,开机屏好,13,CNY/台,,image,三星.jpg,数码网报价单-0825更新/手机相关/三星.jpg,1,1.0,visual_0825_source_crosschecked
20260825-ff993746d4d575a1d769-01,2026-08-25,手机,device,三星,J系列,J5008,,J5008,开机屏好小老化,13,CNY/台,,image,三星.jpg,数码网报价单-0825更新/手机相关/三星.jpg,1,1.0,visual_0825_source_crosschecked
20260825-cecb84f2f5d7422d2453-01,2026-08-25,手机,device,三星,J系列,J5008,,J5008,开机屏好大老化,13,CNY/台,,image,三星.jpg,数码网报价单-0825更新/手机相关/三星.jpg,1,1.0,visual_0825_source_crosschecked
20260825-0976ab2ed87aa7bcd541-01,2026-08-25,手机,device,三星,J系列,J5008,,J5008,开机屏坏,13,CNY/台,,image,三星.jpg,数码网报价单-0825更新/手机相关/三星.jpg,1,1.0,visual_0825_source_crosschecked
20260825-6efff98497c617e6e00e-01,2026-08-25,手机,device,三星,J系列,J5008,,J5008,不开机屏好,13,CNY/台,,image,三星.jpg,数码网报价单-0825更新/手机相关/三星.jpg,1,1.0,visual_0825_source_crosschecked
20260825-76465ba113108f491450-01,2026-08-25,手机,device,三星,J系列,J5008,,J5008,不开机,13,CNY/台,,image,三星.jpg,数码网报价单-0825更新/手机相关/三星.jpg,1,1.0,visual_0825_source_crosschecked
20260825-533f0a6d2625d9ff54a9-01,2026-08-25,手机,device,三星,J系列,J5008,,J5008,废板-整机,13,CNY/台,,image,三星.jpg,数码网报价单-0825更新/手机相关/三星.jpg,1,1.0,visual_0825_source_crosschecked
20260825-9e608daeefd956fc411a-01,2026-08-25,手机,device,三星,J系列,J3300,,J3300,开机屏好,25,CNY/台,,image,三星.jpg,数码网报价单-0825更新/手机相关/三星.jpg,1,1.0,visual_0825_source_crosschecked
20260825-b07de840e959af54f401-01,2026-08-25,手机,device,三星,J系列,J3300,,J3300,开机屏好小老化,25,CNY/台,,image,三星.jpg,数码网报价单-0825更新/手机相关/三星.jpg,1,1.0,visual_0825_source_crosschecked
20260825-450099055979e1c5a979-01,2026-08-25,手机,device,三星,J系列,J3300,,J3300,开机屏好大老化,25,CNY/台,,image,三星.jpg,数码网报价单-0825更新/手机相关/三星.jpg,1,1.0,visual_0825_source_crosschecked
20260825-d00d57307e636d7a5b9f-01,2026-08-25,手机,device,三星,J系列,J3300,,J3300,开机屏坏,10,CNY/台,,image,三星.jpg,数码网报价单-0825更新/手机相关/三星.jpg,1,1.0,visual_0825_source_crosschecked
20260825-242a112806f5ea115d9c-01,2026-08-25,手机,device,三星,J系列,J3300,,J3300,不开机屏好,10,CNY/台,,image,三星.jpg,数码网报价单-0825更新/手机相关/三星.jpg,1,1.0,visual_0825_source_crosschecked
20260825-8ff0536e904927405d04-01,2026-08-25,手机,device,三星,J系列,J3300,,J3300,不开机,10,CNY/台,,image,三星.jpg,数码网报价单-0825更新/手机相关/三星.jpg,1,1.0,visual_0825_source_crosschecked
20260825-657c98a76c14b170de80-01,2026-08-25,手机,device,三星,J系列,J3300,,J3300,废板-整机,10,CNY/台,,image,三星.jpg,数码网报价单-0825更新/手机相关/三星.jpg,1,1.0,visual_0825_source_crosschecked
20260825-60d65053110a8ebf53a9-01,2026-08-25,手机,device,三星,J系列,J3119,,J3119,开机屏好,15,CNY/台,,image,三星.jpg,数码网报价单-0825更新/手机相关/三星.jpg,1,1.0,visual_0825_source_crosschecked
20260825-15d1901f5505f14e7acb-01,2026-08-25,手机,device,三星,J系列,J3119,,J3119,开机屏好小老化,15,CNY/台,,image,三星.jpg,数码网报价单-0825更新/手机相关/三星.jpg,1,1.0,visual_0825_source_crosschecked
20260825-445bec8bf42d7e7a932c-01,2026-08-25,手机,device,三星,J系列,J3119,,J3119,开机屏好大老化,15,CNY/台,,image,三星.jpg,数码网报价单-0825更新/手机相关/三星.jpg,1,1.0,visual_0825_source_crosschecked
20260825-254f14b6a7bbf70be4fe-01,2026-08-25,手机,device,三星,J系列,J3119,,J3119,开机屏坏,10,CNY/台,,image,三星.jpg,数码网报价单-0825更新/手机相关/三星.jpg,1,1.0,visual_0825_source_crosschecked
20260825-d0058247c2231abff02a-01,2026-08-25,手机,device,三星,J系列,J3119,,J3119,不开机屏好,10,CNY/台,,image,三星.jpg,数码网报价单-0825更新/手机相关/三星.jpg,1,1.0,visual_0825_source_crosschecked
20260825-0b3d4abebcfbad4d6b6c-01,2026-08-25,手机,device,三星,J系列,J3119,,J3119,不开机,10,CNY/台,,image,三星.jpg,数码网报价单-0825更新/手机相关/三星.jpg,1,1.0,visual_0825_source_crosschecked
20260825-0b5c2c81534ac688683a-01,2026-08-25,手机,device,三星,J系列,J3119,,J3119,废板-整机,10,CNY/台,,image,三星.jpg,数码网报价单-0825更新/手机相关/三星.jpg,1,1.0,visual_0825_source_crosschecked
20260825-c8c16d69e6bbc2130595-01,2026-08-25,手机,device,三星,J系列,J3110,,J3110,开机屏好,15,CNY/台,,image,三星.jpg,数码网报价单-0825更新/手机相关/三星.jpg,1,1.0,visual_0825_source_crosschecked
20260825-fa6182eb9a09b23ee33f-01,2026-08-25,手机,device,三星,J系列,J3110,,J3110,开机屏好小老化,15,CNY/台,,image,三星.jpg,数码网报价单-0825更新/手机相关/三星.jpg,1,1.0,visual_0825_source_crosschecked
20260825-1a9bf7aa5a81c9378346-01,2026-08-25,手机,device,三星,J系列,J3110,,J3110,开机屏好大老化,15,CNY/台,,image,三星.jpg,数码网报价单-0825更新/手机相关/三星.jpg,1,1.0,visual_0825_source_crosschecked
20260825-d6fe58c9ab32eea7875e-01,2026-08-25,手机,device,三星,J系列,J3110,,J3110,开机屏坏,10,CNY/台,,image,三星.jpg,数码网报价单-0825更新/手机相关/三星.jpg,1,1.0,visual_0825_source_crosschecked
20260825-80c1bfa0c40ddb48188b-01,2026-08-25,手机,device,三星,J系列,J3110,,J3110,不开机屏好,10,CNY/台,,image,三星.jpg,数码网报价单-0825更新/手机相关/三星.jpg,1,1.0,visual_0825_source_crosschecked
20260825-50f382de02dc1480e544-01,2026-08-25,手机,device,三星,J系列,J3110,,J3110,不开机,10,CNY/台,,image,三星.jpg,数码网报价单-0825更新/手机相关/三星.jpg,1,1.0,visual_0825_source_crosschecked
20260825-fc7e166273ca9d7c3f9d-01,2026-08-25,手机,device,三星,J系列,J3110,,J3110,废板-整机,10,CNY/台,,image,三星.jpg,数码网报价单-0825更新/手机相关/三星.jpg,1,1.0,visual_0825_source_crosschecked
20260825-25af9fb22c5901525cce-01,2026-08-25,手机,device,三星,J系列,J3109,,J3109,开机屏好,15,CNY/台,,image,三星.jpg,数码网报价单-0825更新/手机相关/三星.jpg,1,1.0,visual_0825_source_crosschecked
20260825-d6e9a53ccf53726ddf68-01,2026-08-25,手机,device,三星,J系列,J3109,,J3109,开机屏好小老化,15,CNY/台,,image,三星.jpg,数码网报价单-0825更新/手机相关/三星.jpg,1,1.0,visual_0825_source_crosschecked
20260825-8be27271b232bf47e250-01,2026-08-25,手机,device,三星,J系列,J3109,,J3109,开机屏好大老化,15,CNY/台,,image,三星.jpg,数码网报价单-0825更新/手机相关/三星.jpg,1,1.0,visual_0825_source_crosschecked
20260825-8b0c68e4536c257cfb45-01,2026-08-25,手机,device,三星,J系列,J3109,,J3109,开机屏坏,10,CNY/台,,image,三星.jpg,数码网报价单-0825更新/手机相关/三星.jpg,1,1.0,visual_0825_source_crosschecked
20260825-fd4808619320ee49c805-01,2026-08-25,手机,device,三星,J系列,J3109,,J3109,不开机屏好,10,CNY/台,,image,三星.jpg,数码网报价单-0825更新/手机相关/三星.jpg,1,1.0,visual_0825_source_crosschecked
20260825-d9c0116653d5c801bdc3-01,2026-08-25,手机,device,三星,J系列,J3109,,J3109,不开机,10,CNY/台,,image,三星.jpg,数码网报价单-0825更新/手机相关/三星.jpg,1,1.0,visual_0825_source_crosschecked
20260825-fc503f685a74eeeb028d-01,2026-08-25,手机,device,三星,J系列,J3109,,J3109,废板-整机,10,CNY/台,,image,三星.jpg,数码网报价单-0825更新/手机相关/三星.jpg,1,1.0,visual_0825_source_crosschecked
20260825-497d7a6fc2334994d66e-01,2026-08-25,手机,device,三星,I系列,I9507v/08v/S4,,I9507v/08v/S4,开机屏好,25,CNY/台,,image,三星.jpg,数码网报价单-0825更新/手机相关/三星.jpg,1,1.0,visual_0825_source_crosschecked
20260825-18976a44daafa7070a61-01,2026-08-25,手机,device,三星,I系列,I9507v/08v/S4,,I9507v/08v/S4,开机屏好小老化,25,CNY/台,,image,三星.jpg,数码网报价单-0825更新/手机相关/三星.jpg,1,1.0,visual_0825_source_crosschecked
20260825-6f0b99b5d8475e3d454c-01,2026-08-25,手机,device,三星,I系列,I9507v/08v/S4,,I9507v/08v/S4,开机屏好大老化,25,CNY/台,,image,三星.jpg,数码网报价单-0825更新/手机相关/三星.jpg,1,1.0,visual_0825_source_crosschecked
20260825-f368e6dd355b750194a3-01,2026-08-25,手机,device,三星,I系列,I9507v/08v/S4,,I9507v/08v/S4,开机屏坏,25,CNY/台,,image,三星.jpg,数码网报价单-0825更新/手机相关/三星.jpg,1,1.0,visual_0825_source_crosschecked
20260825-d1b54174de267564a62b-01,2026-08-25,手机,device,三星,I系列,I9507v/08v/S4,,I9507v/08v/S4,不开机屏好,25,CNY/台,,image,三星.jpg,数码网报价单-0825更新/手机相关/三星.jpg,1,1.0,visual_0825_source_crosschecked
20260825-c3e29150e7ce552e5b28-01,2026-08-25,手机,device,三星,I系列,I9507v/08v/S4,,I9507v/08v/S4,不开机,25,CNY/台,,image,三星.jpg,数码网报价单-0825更新/手机相关/三星.jpg,1,1.0,visual_0825_source_crosschecked
20260825-68e92b3915f574343264-01,2026-08-25,手机,device,三星,I系列,I9507v/08v/S4,,I9507v/08v/S4,废板-整机,25,CNY/台,,image,三星.jpg,数码网报价单-0825更新/手机相关/三星.jpg,1,1.0,visual_0825_source_crosschecked
20260825-12f39b93c2985434f888-01,2026-08-25,手机,device,三星,I系列,I9505/L720/S4,,I9505/L720/S4,开机屏好,25,CNY/台,,image,三星.jpg,数码网报价单-0825更新/手机相关/三星.jpg,1,1.0,visual_0825_source_crosschecked
20260825-690b6ddcc766b9083c74-01,2026-08-25,手机,device,三星,I系列,I9505/L720/S4,,I9505/L720/S4,开机屏好小老化,25,CNY/台,,image,三星.jpg,数码网报价单-0825更新/手机相关/三星.jpg,1,1.0,visual_0825_source_crosschecked
20260825-02134253c1939a8ce806-01,2026-08-25,手机,device,三星,I系列,I9505/L720/S4,,I9505/L720/S4,开机屏好大老化,25,CNY/台,,image,三星.jpg,数码网报价单-0825更新/手机相关/三星.jpg,1,1.0,visual_0825_source_crosschecked
20260825-f86999126cf7c46906e5-01,2026-08-25,手机,device,三星,I系列,I9505/L720/S4,,I9505/L720/S4,开机屏坏,25,CNY/台,,image,三星.jpg,数码网报价单-0825更新/手机相关/三星.jpg,1,1.0,visual_0825_source_crosschecked
20260825-3b6a159e286647cba338-01,2026-08-25,手机,device,三星,I系列,I9505/L720/S4,,I9505/L720/S4,不开机屏好,25,CNY/台,,image,三星.jpg,数码网报价单-0825更新/手机相关/三星.jpg,1,1.0,visual_0825_source_crosschecked
20260825-b944d2d482d650ad314e-01,2026-08-25,手机,device,三星,I系列,I9505/L720/S4,,I9505/L720/S4,不开机,25,CNY/台,,image,三星.jpg,数码网报价单-0825更新/手机相关/三星.jpg,1,1.0,visual_0825_source_crosschecked
20260825-fa7415c6dbccfc99dbc5-01,2026-08-25,手机,device,三星,I系列,I9505/L720/S4,,I9505/L720/S4,废板-整机,25,CNY/台,,image,三星.jpg,数码网报价单-0825更新/手机相关/三星.jpg,1,1.0,visual_0825_source_crosschecked
20260825-4d41698d6ea8abb11926-01,2026-08-25,手机,device,三星,I系列,I9500/02/08/09/S4,,I9500/02/08/09/S4,开机屏好,25,CNY/台,,image,三星.jpg,数码网报价单-0825更新/手机相关/三星.jpg,1,1.0,visual_0825_source_crosschecked
20260825-7fab91b8cdb94f3bd0b0-01,2026-08-25,手机,device,三星,I系列,I9500/02/08/09/S4,,I9500/02/08/09/S4,开机屏好小老化,25,CNY/台,,image,三星.jpg,数码网报价单-0825更新/手机相关/三星.jpg,1,1.0,visual_0825_source_crosschecked
20260825-bddb13b03ee37041996d-01,2026-08-25,手机,device,三星,I系列,I9500/02/08/09/S4,,I9500/02/08/09/S4,开机屏好大老化,25,CNY/台,,image,三星.jpg,数码网报价单-0825更新/手机相关/三星.jpg,1,1.0,visual_0825_source_crosschecked
20260825-4a080d1505b8d2f76a93-01,2026-08-25,手机,device,三星,I系列,I9500/02/08/09/S4,,I9500/02/08/09/S4,开机屏坏,25,CNY/台,,image,三星.jpg,数码网报价单-0825更新/手机相关/三星.jpg,1,1.0,visual_0825_source_crosschecked
20260825-e3dd8287108c8256798c-01,2026-08-25,手机,device,三星,I系列,I9500/02/08/09/S4,,I9500/02/08/09/S4,不开机屏好,25,CNY/台,,image,三星.jpg,数码网报价单-0825更新/手机相关/三星.jpg,1,1.0,visual_0825_source_crosschecked
20260825-030a62d5ef56a390a2c1-01,2026-08-25,手机,device,三星,I系列,I9500/02/08/09/S4,,I9500/02/08/09/S4,不开机,25,CNY/台,,image,三星.jpg,数码网报价单-0825更新/手机相关/三星.jpg,1,1.0,visual_0825_source_crosschecked
20260825-c1dc474ab9a11b2d5943-01,2026-08-25,手机,device,三星,I系列,I9500/02/08/09/S4,,I9500/02/08/09/S4,废板-整机,25,CNY/台,,image,三星.jpg,数码网报价单-0825更新/手机相关/三星.jpg,1,1.0,visual_0825_source_crosschecked
20260825-69fb09f408ae430df2fa-01,2026-08-25,手机,device,三星,I系列,I9300i/8i/9i/S3,,I9300i/8i/9i/S3,开机屏好,25,CNY/台,,image,三星.jpg,数码网报价单-0825更新/手机相关/三星.jpg,1,1.0,visual_0825_source_crosschecked
20260825-5ba6f930311df7cc0c37-01,2026-08-25,手机,device,三星,I系列,I9300i/8i/9i/S3,,I9300i/8i/9i/S3,开机屏好小老化,25,CNY/台,,image,三星.jpg,数码网报价单-0825更新/手机相关/三星.jpg,1,1.0,visual_0825_source_crosschecked
20260825-d7ddce315c92907b751f-01,2026-08-25,手机,device,三星,I系列,I9300i/8i/9i/S3,,I9300i/8i/9i/S3,开机屏好大老化,25,CNY/台,,image,三星.jpg,数码网报价单-0825更新/手机相关/三星.jpg,1,1.0,visual_0825_source_crosschecked
20260825-6538170716ebbb48f458-01,2026-08-25,手机,device,三星,I系列,I9300i/8i/9i/S3,,I9300i/8i/9i/S3,开机屏坏,25,CNY/台,,image,三星.jpg,数码网报价单-0825更新/手机相关/三星.jpg,1,1.0,visual_0825_source_crosschecked
20260825-9e52950f6a43dfd5b6da-01,2026-08-25,手机,device,三星,I系列,I9300i/8i/9i/S3,,I9300i/8i/9i/S3,不开机屏好,25,CNY/台,,image,三星.jpg,数码网报价单-0825更新/手机相关/三星.jpg,1,1.0,visual_0825_source_crosschecked
20260825-cdca0bd10af3ffaab0bf-01,2026-08-25,手机,device,三星,I系列,I9300i/8i/9i/S3,,I9300i/8i/9i/S3,不开机,25,CNY/台,,image,三星.jpg,数码网报价单-0825更新/手机相关/三星.jpg,1,1.0,visual_0825_source_crosschecked
20260825-7959625c231ad439c44e-01,2026-08-25,手机,device,三星,I系列,I9300i/8i/9i/S3,,I9300i/8i/9i/S3,废板-整机,25,CNY/台,,image,三星.jpg,数码网报价单-0825更新/手机相关/三星.jpg,1,1.0,visual_0825_source_crosschecked
20260825-216c73809671e1f67bf4-01,2026-08-25,手机,device,三星,I系列,I9300/05/08/S3,,I9300/05/08/S3,开机屏好,25,CNY/台,,image,三星.jpg,数码网报价单-0825更新/手机相关/三星.jpg,1,1.0,visual_0825_source_crosschecked
20260825-f6bb3ba5247e2f7952ea-01,2026-08-25,手机,device,三星,I系列,I9300/05/08/S3,,I9300/05/08/S3,开机屏好小老化,25,CNY/台,,image,三星.jpg,数码网报价单-0825更新/手机相关/三星.jpg,1,1.0,visual_0825_source_crosschecked
20260825-e09b6caea9f154506143-01,2026-08-25,手机,device,三星,I系列,I9300/05/08/S3,,I9300/05/08/S3,开机屏好大老化,25,CNY/台,,image,三星.jpg,数码网报价单-0825更新/手机相关/三星.jpg,1,1.0,visual_0825_source_crosschecked
20260825-4fa900c82f5402233b98-01,2026-08-25,手机,device,三星,I系列,I9300/05/08/S3,,I9300/05/08/S3,开机屏坏,25,CNY/台,,image,三星.jpg,数码网报价单-0825更新/手机相关/三星.jpg,1,1.0,visual_0825_source_crosschecked
20260825-1e5df8ba8719c90aef01-01,2026-08-25,手机,device,三星,I系列,I9300/05/08/S3,,I9300/05/08/S3,不开机屏好,25,CNY/台,,image,三星.jpg,数码网报价单-0825更新/手机相关/三星.jpg,1,1.0,visual_0825_source_crosschecked
20260825-42b1fb2d43b60f2bf3f1-01,2026-08-25,手机,device,三星,I系列,I9300/05/08/S3,,I9300/05/08/S3,不开机,25,CNY/台,,image,三星.jpg,数码网报价单-0825更新/手机相关/三星.jpg,1,1.0,visual_0825_source_crosschecked
20260825-766471cf9f905921581b-01,2026-08-25,手机,device,三星,I系列,I9300/05/08/S3,,I9300/05/08/S3,废板-整机,25,CNY/台,,image,三星.jpg,数码网报价单-0825更新/手机相关/三星.jpg,1,1.0,visual_0825_source_crosschecked
20260825-215a13302f81f06409bd-01,2026-08-25,手机,device,三星,I系列,I939d/S3,,I939d/S3,开机屏好,25,CNY/台,,image,三星.jpg,数码网报价单-0825更新/手机相关/三星.jpg,1,1.0,visual_0825_source_crosschecked
20260825-2dda89f95bc78d70e873-01,2026-08-25,手机,device,三星,I系列,I939d/S3,,I939d/S3,开机屏好小老化,25,CNY/台,,image,三星.jpg,数码网报价单-0825更新/手机相关/三星.jpg,1,1.0,visual_0825_source_crosschecked
20260825-555675d7c71804bac892-01,2026-08-25,手机,device,三星,I系列,I939d/S3,,I939d/S3,开机屏好大老化,25,CNY/台,,image,三星.jpg,数码网报价单-0825更新/手机相关/三星.jpg,1,1.0,visual_0825_source_crosschecked
20260825-5ac50c81c9ecf1222c33-01,2026-08-25,手机,device,三星,I系列,I939d/S3,,I939d/S3,开机屏坏,25,CNY/台,,image,三星.jpg,数码网报价单-0825更新/手机相关/三星.jpg,1,1.0,visual_0825_source_crosschecked
20260825-a4b8d4a09f0298451372-01,2026-08-25,手机,device,三星,I系列,I939d/S3,,I939d/S3,不开机屏好,25,CNY/台,,image,三星.jpg,数码网报价单-0825更新/手机相关/三星.jpg,1,1.0,visual_0825_source_crosschecked
20260825-cab08c867b5fe70b1cf0-01,2026-08-25,手机,device,三星,I系列,I939d/S3,,I939d/S3,不开机,25,CNY/台,,image,三星.jpg,数码网报价单-0825更新/手机相关/三星.jpg,1,1.0,visual_0825_source_crosschecked
20260825-7f52e18c14f900e9a061-01,2026-08-25,手机,device,三星,I系列,I939d/S3,,I939d/S3,废板-整机,25,CNY/台,,image,三星.jpg,数码网报价单-0825更新/手机相关/三星.jpg,1,1.0,visual_0825_source_crosschecked
20260825-9e9ea7d74f93bb8276c5-01,2026-08-25,手机,device,三星,I系列,I9228,,I9228,开机屏好,25,CNY/台,,image,三星.jpg,数码网报价单-0825更新/手机相关/三星.jpg,1,1.0,visual_0825_source_crosschecked
20260825-c2aa3bbf9242c8953675-01,2026-08-25,手机,device,三星,I系列,I9228,,I9228,开机屏好小老化,25,CNY/台,,image,三星.jpg,数码网报价单-0825更新/手机相关/三星.jpg,1,1.0,visual_0825_source_crosschecked
20260825-fc8ad1a247ac320e38a0-01,2026-08-25,手机,device,三星,I系列,I9228,,I9228,开机屏好大老化,25,CNY/台,,image,三星.jpg,数码网报价单-0825更新/手机相关/三星.jpg,1,1.0,visual_0825_source_crosschecked
20260825-31ca82ff348cfb0081f4-01,2026-08-25,手机,device,三星,I系列,I9228,,I9228,开机屏坏,25,CNY/台,,image,三星.jpg,数码网报价单-0825更新/手机相关/三星.jpg,1,1.0,visual_0825_source_crosschecked
20260825-6da1840304a18cd896bf-01,2026-08-25,手机,device,三星,I系列,I9228,,I9228,不开机屏好,25,CNY/台,,image,三星.jpg,数码网报价单-0825更新/手机相关/三星.jpg,1,1.0,visual_0825_source_crosschecked
20260825-5e3e9ff44f1a1a5b8724-01,2026-08-25,手机,device,三星,I系列,I9228,,I9228,不开机,25,CNY/台,,image,三星.jpg,数码网报价单-0825更新/手机相关/三星.jpg,1,1.0,visual_0825_source_crosschecked
20260825-dbc77e32b4ad49635ce9-01,2026-08-25,手机,device,三星,I系列,I9228,,I9228,废板-整机,25,CNY/台,,image,三星.jpg,数码网报价单-0825更新/手机相关/三星.jpg,1,1.0,visual_0825_source_crosschecked
20260825-d8c2e7ff97aa80ee9be3-01,2026-08-25,手机,device,三星,I系列,I9220,,I9220,开机屏好,25,CNY/台,,image,三星.jpg,数码网报价单-0825更新/手机相关/三星.jpg,1,1.0,visual_0825_source_crosschecked
20260825-f9f9cdc9671109359300-01,2026-08-25,手机,device,三星,I系列,I9220,,I9220,开机屏好小老化,25,CNY/台,,image,三星.jpg,数码网报价单-0825更新/手机相关/三星.jpg,1,1.0,visual_0825_source_crosschecked
20260825-73bb6be59539a5a9cee9-01,2026-08-25,手机,device,三星,I系列,I9220,,I9220,开机屏好大老化,25,CNY/台,,image,三星.jpg,数码网报价单-0825更新/手机相关/三星.jpg,1,1.0,visual_0825_source_crosschecked
20260825-6f5621f71c8512fb50bb-01,2026-08-25,手机,device,三星,I系列,I9220,,I9220,开机屏坏,25,CNY/台,,image,三星.jpg,数码网报价单-0825更新/手机相关/三星.jpg,1,1.0,visual_0825_source_crosschecked
20260825-109e1e936f26bc7f0ba2-01,2026-08-25,手机,device,三星,I系列,I9220,,I9220,不开机屏好,25,CNY/台,,image,三星.jpg,数码网报价单-0825更新/手机相关/三星.jpg,1,1.0,visual_0825_source_crosschecked
20260825-8f322d118b82df90bac0-01,2026-08-25,手机,device,三星,I系列,I9220,,I9220,不开机,25,CNY/台,,image,三星.jpg,数码网报价单-0825更新/手机相关/三星.jpg,1,1.0,visual_0825_source_crosschecked
20260825-2850de3db9d700fc4527-01,2026-08-25,手机,device,三星,I系列,I9220,,I9220,废板-整机,25,CNY/台,,image,三星.jpg,数码网报价单-0825更新/手机相关/三星.jpg,1,1.0,visual_0825_source_crosschecked
20260825-ffedbbc1d6362d6c4435-01,2026-08-25,手机,device,三星,I系列,I9260,,I9260,开机屏好,10,CNY/台,,image,三星.jpg,数码网报价单-0825更新/手机相关/三星.jpg,1,1.0,visual_0825_source_crosschecked
20260825-9b8223c85c5ce8dba0d6-01,2026-08-25,手机,device,三星,I系列,I9260,,I9260,开机屏好小老化,10,CNY/台,,image,三星.jpg,数码网报价单-0825更新/手机相关/三星.jpg,1,1.0,visual_0825_source_crosschecked
20260825-24546a200f3b049a530b-01,2026-08-25,手机,device,三星,I系列,I9260,,I9260,开机屏好大老化,10,CNY/台,,image,三星.jpg,数码网报价单-0825更新/手机相关/三星.jpg,1,1.0,visual_0825_source_crosschecked
20260825-c29fe1fbc7602bbc4e28-01,2026-08-25,手机,device,三星,I系列,I9260,,I9260,开机屏坏,10,CNY/台,,image,三星.jpg,数码网报价单-0825更新/手机相关/三星.jpg,1,1.0,visual_0825_source_crosschecked
20260825-ca4018bbd32027eb4014-01,2026-08-25,手机,device,三星,I系列,I9260,,I9260,不开机屏好,10,CNY/台,,image,三星.jpg,数码网报价单-0825更新/手机相关/三星.jpg,1,1.0,visual_0825_source_crosschecked
20260825-b325419b03116005c405-01,2026-08-25,手机,device,三星,I系列,I9260,,I9260,不开机,10,CNY/台,,image,三星.jpg,数码网报价单-0825更新/手机相关/三星.jpg,1,1.0,visual_0825_source_crosschecked
20260825-7f1b7f9fe36c2bea11c2-01,2026-08-25,手机,device,三星,I系列,I9260,,I9260,废板-整机,10,CNY/台,,image,三星.jpg,数码网报价单-0825更新/手机相关/三星.jpg,1,1.0,visual_0825_source_crosschecked
20260825-8114cb43e02dbe7249be-01,2026-08-25,手机,device,三星,I系列,I9208,,I9208,开机屏好,10,CNY/台,,image,三星.jpg,数码网报价单-0825更新/手机相关/三星.jpg,1,1.0,visual_0825_source_crosschecked
20260825-4560fc320c14b1f6d0b5-01,2026-08-25,手机,device,三星,I系列,I9208,,I9208,开机屏好小老化,10,CNY/台,,image,三星.jpg,数码网报价单-0825更新/手机相关/三星.jpg,1,1.0,visual_0825_source_crosschecked
20260825-44001036541d17581c4c-01,2026-08-25,手机,device,三星,I系列,I9208,,I9208,开机屏好大老化,10,CNY/台,,image,三星.jpg,数码网报价单-0825更新/手机相关/三星.jpg,1,1.0,visual_0825_source_crosschecked
20260825-6149f5674c81cef3d539-01,2026-08-25,手机,device,三星,I系列,I9208,,I9208,开机屏坏,10,CNY/台,,image,三星.jpg,数码网报价单-0825更新/手机相关/三星.jpg,1,1.0,visual_0825_source_crosschecked
20260825-c68ec0968b659e2b5325-01,2026-08-25,手机,device,三星,I系列,I9208,,I9208,不开机屏好,10,CNY/台,,image,三星.jpg,数码网报价单-0825更新/手机相关/三星.jpg,1,1.0,visual_0825_source_crosschecked
20260825-e3c02b51f1e8b56f53c4-01,2026-08-25,手机,device,三星,I系列,I9208,,I9208,不开机,10,CNY/台,,image,三星.jpg,数码网报价单-0825更新/手机相关/三星.jpg,1,1.0,visual_0825_source_crosschecked
20260825-b2088b25fe88840b30e5-01,2026-08-25,手机,device,三星,I系列,I9208,,I9208,废板-整机,10,CNY/台,,image,三星.jpg,数码网报价单-0825更新/手机相关/三星.jpg,1,1.0,visual_0825_source_crosschecked
20260825-6bcf11988b6cf044c2a1-01,2026-08-25,手机,device,三星,I系列,I9200,,I9200,开机屏好,10,CNY/台,,image,三星.jpg,数码网报价单-0825更新/手机相关/三星.jpg,1,1.0,visual_0825_source_crosschecked
20260825-cbe842736abb9b7bc23a-01,2026-08-25,手机,device,三星,I系列,I9200,,I9200,开机屏好小老化,10,CNY/台,,image,三星.jpg,数码网报价单-0825更新/手机相关/三星.jpg,1,1.0,visual_0825_source_crosschecked
20260825-e9f9c37c290bb3c07d9e-01,2026-08-25,手机,device,三星,I系列,I9200,,I9200,开机屏好大老化,10,CNY/台,,image,三星.jpg,数码网报价单-0825更新/手机相关/三星.jpg,1,1.0,visual_0825_source_crosschecked
20260825-7b7c06f8153c7f371aac-01,2026-08-25,手机,device,三星,I系列,I9200,,I9200,开机屏坏,10,CNY/台,,image,三星.jpg,数码网报价单-0825更新/手机相关/三星.jpg,1,1.0,visual_0825_source_crosschecked
20260825-42509d20a5225a7081f9-01,2026-08-25,手机,device,三星,I系列,I9200,,I9200,不开机屏好,10,CNY/台,,image,三星.jpg,数码网报价单-0825更新/手机相关/三星.jpg,1,1.0,visual_0825_source_crosschecked
20260825-372e33cfd2680c81f7a0-01,2026-08-25,手机,device,三星,I系列,I9200,,I9200,不开机,10,CNY/台,,image,三星.jpg,数码网报价单-0825更新/手机相关/三星.jpg,1,1.0,visual_0825_source_crosschecked
20260825-44a6c4813a4db905c01c-01,2026-08-25,手机,device,三星,I系列,I9200,,I9200,废板-整机,10,CNY/台,,image,三星.jpg,数码网报价单-0825更新/手机相关/三星.jpg,1,1.0,visual_0825_source_crosschecked
20260825-e22506da0868884df16f-01,2026-08-25,手机,device,三星,I系列,I9192,,I9192,开机屏好,10,CNY/台,,image,三星.jpg,数码网报价单-0825更新/手机相关/三星.jpg,1,1.0,visual_0825_source_crosschecked
20260825-ffbd0eaa603bf45a5afe-01,2026-08-25,手机,device,三星,I系列,I9192,,I9192,开机屏好小老化,10,CNY/台,,image,三星.jpg,数码网报价单-0825更新/手机相关/三星.jpg,1,1.0,visual_0825_source_crosschecked
20260825-cc939b2cdac26b9f1cb2-01,2026-08-25,手机,device,三星,I系列,I9192,,I9192,开机屏好大老化,10,CNY/台,,image,三星.jpg,数码网报价单-0825更新/手机相关/三星.jpg,1,1.0,visual_0825_source_crosschecked
20260825-d6e8451cc10f305280ab-01,2026-08-25,手机,device,三星,I系列,I9192,,I9192,开机屏坏,10,CNY/台,,image,三星.jpg,数码网报价单-0825更新/手机相关/三星.jpg,1,1.0,visual_0825_source_crosschecked
20260825-fef261b4181d4d6e2d50-01,2026-08-25,手机,device,三星,I系列,I9192,,I9192,不开机屏好,10,CNY/台,,image,三星.jpg,数码网报价单-0825更新/手机相关/三星.jpg,1,1.0,visual_0825_source_crosschecked
20260825-08102764a63ac65a355c-01,2026-08-25,手机,device,三星,I系列,I9192,,I9192,不开机,10,CNY/台,,image,三星.jpg,数码网报价单-0825更新/手机相关/三星.jpg,1,1.0,visual_0825_source_crosschecked
20260825-db0fe4d399e0f1a6170f-01,2026-08-25,手机,device,三星,I系列,I9192,,I9192,废板-整机,10,CNY/台,,image,三星.jpg,数码网报价单-0825更新/手机相关/三星.jpg,1,1.0,visual_0825_source_crosschecked
20260825-55fd13677624a5979ff6-01,2026-08-25,手机,device,三星,I系列,I9168,,I9168,开机屏好,10,CNY/台,,image,三星.jpg,数码网报价单-0825更新/手机相关/三星.jpg,1,1.0,visual_0825_source_crosschecked
20260825-26d736c21e707673606b-01,2026-08-25,手机,device,三星,I系列,I9168,,I9168,开机屏好小老化,10,CNY/台,,image,三星.jpg,数码网报价单-0825更新/手机相关/三星.jpg,1,1.0,visual_0825_source_crosschecked
20260825-9fb47dc27174b74ce0fc-01,2026-08-25,手机,device,三星,I系列,I9168,,I9168,开机屏好大老化,10,CNY/台,,image,三星.jpg,数码网报价单-0825更新/手机相关/三星.jpg,1,1.0,visual_0825_source_crosschecked
20260825-95a4d7107199be9c7a98-01,2026-08-25,手机,device,三星,I系列,I9168,,I9168,开机屏坏,10,CNY/台,,image,三星.jpg,数码网报价单-0825更新/手机相关/三星.jpg,1,1.0,visual_0825_source_crosschecked
20260825-0a03c07a2e426038700b-01,2026-08-25,手机,device,三星,I系列,I9168,,I9168,不开机屏好,10,CNY/台,,image,三星.jpg,数码网报价单-0825更新/手机相关/三星.jpg,1,1.0,visual_0825_source_crosschecked
20260825-4d76f59913e8a5af6847-01,2026-08-25,手机,device,三星,I系列,I9168,,I9168,不开机,10,CNY/台,,image,三星.jpg,数码网报价单-0825更新/手机相关/三星.jpg,1,1.0,visual_0825_source_crosschecked
20260825-a6cbf19ada9dd9797218-01,2026-08-25,手机,device,三星,I系列,I9168,,I9168,废板-整机,10,CNY/台,,image,三星.jpg,数码网报价单-0825更新/手机相关/三星.jpg,1,1.0,visual_0825_source_crosschecked
20260825-d5128e8ffee7070b4f23-01,2026-08-25,手机,device,三星,I系列,I9158,,I9158,开机屏好,10,CNY/台,,image,三星.jpg,数码网报价单-0825更新/手机相关/三星.jpg,1,1.0,visual_0825_source_crosschecked
20260825-8ec4d69f0da10a8f668f-01,2026-08-25,手机,device,三星,I系列,I9158,,I9158,开机屏好小老化,10,CNY/台,,image,三星.jpg,数码网报价单-0825更新/手机相关/三星.jpg,1,1.0,visual_0825_source_crosschecked
20260825-a743509848b92651d985-01,2026-08-25,手机,device,三星,I系列,I9158,,I9158,开机屏好大老化,10,CNY/台,,image,三星.jpg,数码网报价单-0825更新/手机相关/三星.jpg,1,1.0,visual_0825_source_crosschecked
20260825-f3a1a5c7a16fbf9bef30-01,2026-08-25,手机,device,三星,I系列,I9158,,I9158,开机屏坏,10,CNY/台,,image,三星.jpg,数码网报价单-0825更新/手机相关/三星.jpg,1,1.0,visual_0825_source_crosschecked
20260825-b67ba8773b719cb1932f-01,2026-08-25,手机,device,三星,I系列,I9158,,I9158,不开机屏好,10,CNY/台,,image,三星.jpg,数码网报价单-0825更新/手机相关/三星.jpg,1,1.0,visual_0825_source_crosschecked
20260825-e0bcd6c33b39f1eda0a9-01,2026-08-25,手机,device,三星,I系列,I9158,,I9158,不开机,10,CNY/台,,image,三星.jpg,数码网报价单-0825更新/手机相关/三星.jpg,1,1.0,visual_0825_source_crosschecked
20260825-71ca12acfa60f760ea1d-01,2026-08-25,手机,device,三星,I系列,I9158,,I9158,废板-整机,10,CNY/台,,image,三星.jpg,数码网报价单-0825更新/手机相关/三星.jpg,1,1.0,visual_0825_source_crosschecked
20260825-48cf177ac4bceff99789-01,2026-08-25,手机,device,三星,I系列,I9152,,I9152,开机屏好,10,CNY/台,,image,三星.jpg,数码网报价单-0825更新/手机相关/三星.jpg,1,1.0,visual_0825_source_crosschecked
20260825-7b4aaf5c717366ccd610-01,2026-08-25,手机,device,三星,I系列,I9152,,I9152,开机屏好小老化,10,CNY/台,,image,三星.jpg,数码网报价单-0825更新/手机相关/三星.jpg,1,1.0,visual_0825_source_crosschecked
20260825-caf1fcb0d711718b4bf9-01,2026-08-25,手机,device,三星,I系列,I9152,,I9152,开机屏好大老化,10,CNY/台,,image,三星.jpg,数码网报价单-0825更新/手机相关/三星.jpg,1,1.0,visual_0825_source_crosschecked
20260825-718012a9b8c827459f61-01,2026-08-25,手机,device,三星,I系列,I9152,,I9152,开机屏坏,10,CNY/台,,image,三星.jpg,数码网报价单-0825更新/手机相关/三星.jpg,1,1.0,visual_0825_source_crosschecked
20260825-241ddae9f65d86f10613-01,2026-08-25,手机,device,三星,I系列,I9152,,I9152,不开机屏好,10,CNY/台,,image,三星.jpg,数码网报价单-0825更新/手机相关/三星.jpg,1,1.0,visual_0825_source_crosschecked
20260825-eae380c972e382b8f9bb-01,2026-08-25,手机,device,三星,I系列,I9152,,I9152,不开机,10,CNY/台,,image,三星.jpg,数码网报价单-0825更新/手机相关/三星.jpg,1,1.0,visual_0825_source_crosschecked
20260825-97b1bbc7b890c3e18f80-01,2026-08-25,手机,device,三星,I系列,I9152,,I9152,废板-整机,10,CNY/台,,image,三星.jpg,数码网报价单-0825更新/手机相关/三星.jpg,1,1.0,visual_0825_source_crosschecked
20260825-47a2de5beaafa606181a-01,2026-08-25,手机,device,三星,I系列,I9128,,I9128,开机屏好,10,CNY/台,,image,三星.jpg,数码网报价单-0825更新/手机相关/三星.jpg,1,1.0,visual_0825_source_crosschecked
20260825-8255f58ff7e8237a319c-01,2026-08-25,手机,device,三星,I系列,I9128,,I9128,开机屏好小老化,10,CNY/台,,image,三星.jpg,数码网报价单-0825更新/手机相关/三星.jpg,1,1.0,visual_0825_source_crosschecked
20260825-095ccfcbd1b6059c52ae-01,2026-08-25,手机,device,三星,I系列,I9128,,I9128,开机屏好大老化,10,CNY/台,,image,三星.jpg,数码网报价单-0825更新/手机相关/三星.jpg,1,1.0,visual_0825_source_crosschecked
20260825-ca5d9a525874801e8965-01,2026-08-25,手机,device,三星,I系列,I9128,,I9128,开机屏坏,10,CNY/台,,image,三星.jpg,数码网报价单-0825更新/手机相关/三星.jpg,1,1.0,visual_0825_source_crosschecked
20260825-6b21dc6e2050cde13487-01,2026-08-25,手机,device,三星,I系列,I9128,,I9128,不开机屏好,10,CNY/台,,image,三星.jpg,数码网报价单-0825更新/手机相关/三星.jpg,1,1.0,visual_0825_source_crosschecked
20260825-526699aec35b85d6ff3e-01,2026-08-25,手机,device,三星,I系列,I9128,,I9128,不开机,10,CNY/台,,image,三星.jpg,数码网报价单-0825更新/手机相关/三星.jpg,1,1.0,visual_0825_source_crosschecked
20260825-60f46ea7398c4c01673c-01,2026-08-25,手机,device,三星,I系列,I9128,,I9128,废板-整机,10,CNY/台,,image,三星.jpg,数码网报价单-0825更新/手机相关/三星.jpg,1,1.0,visual_0825_source_crosschecked
20260825-1ce52096749cc79196f5-01,2026-08-25,手机,device,三星,I系列,I9118,,I9118,开机屏好,10,CNY/台,,image,三星.jpg,数码网报价单-0825更新/手机相关/三星.jpg,1,1.0,visual_0825_source_crosschecked
20260825-6c1a141907a308676265-01,2026-08-25,手机,device,三星,I系列,I9118,,I9118,开机屏好小老化,10,CNY/台,,image,三星.jpg,数码网报价单-0825更新/手机相关/三星.jpg,1,1.0,visual_0825_source_crosschecked
20260825-9b12ba11624f68e45ae5-01,2026-08-25,手机,device,三星,I系列,I9118,,I9118,开机屏好大老化,10,CNY/台,,image,三星.jpg,数码网报价单-0825更新/手机相关/三星.jpg,1,1.0,visual_0825_source_crosschecked
20260825-6dba07521ff695d25769-01,2026-08-25,手机,device,三星,I系列,I9118,,I9118,开机屏坏,10,CNY/台,,image,三星.jpg,数码网报价单-0825更新/手机相关/三星.jpg,1,1.0,visual_0825_source_crosschecked
20260825-c3c3f802313ddb94df30-01,2026-08-25,手机,device,三星,I系列,I9118,,I9118,不开机屏好,10,CNY/台,,image,三星.jpg,数码网报价单-0825更新/手机相关/三星.jpg,1,1.0,visual_0825_source_crosschecked
20260825-99b5d89e683e6da6c787-01,2026-08-25,手机,device,三星,I系列,I9118,,I9118,不开机,10,CNY/台,,image,三星.jpg,数码网报价单-0825更新/手机相关/三星.jpg,1,1.0,visual_0825_source_crosschecked
20260825-7a7dabae2c7d158a3a79-01,2026-08-25,手机,device,三星,I系列,I9118,,I9118,废板-整机,10,CNY/台,,image,三星.jpg,数码网报价单-0825更新/手机相关/三星.jpg,1,1.0,visual_0825_source_crosschecked
20260825-8afceaa065e83f419f87-01,2026-08-25,手机,device,三星,I系列,I9100,,I9100,开机屏好,20,CNY/台,,image,三星.jpg,数码网报价单-0825更新/手机相关/三星.jpg,1,1.0,visual_0825_source_crosschecked
20260825-80e9d2d70f53141fe711-01,2026-08-25,手机,device,三星,I系列,I9100,,I9100,开机屏好小老化,20,CNY/台,,image,三星.jpg,数码网报价单-0825更新/手机相关/三星.jpg,1,1.0,visual_0825_source_crosschecked
20260825-c529b49d9ce57f4a263c-01,2026-08-25,手机,device,三星,I系列,I9100,,I9100,开机屏好大老化,20,CNY/台,,image,三星.jpg,数码网报价单-0825更新/手机相关/三星.jpg,1,1.0,visual_0825_source_crosschecked
20260825-f5227e4099a79d5bb596-01,2026-08-25,手机,device,三星,I系列,I9100,,I9100,开机屏坏,20,CNY/台,,image,三星.jpg,数码网报价单-0825更新/手机相关/三星.jpg,1,1.0,visual_0825_source_crosschecked
20260825-7b670b8d8153703c81d1-01,2026-08-25,手机,device,三星,I系列,I9100,,I9100,不开机屏好,20,CNY/台,,image,三星.jpg,数码网报价单-0825更新/手机相关/三星.jpg,1,1.0,visual_0825_source_crosschecked
20260825-64b7693756e483e331e8-01,2026-08-25,手机,device,三星,I系列,I9100,,I9100,不开机,20,CNY/台,,image,三星.jpg,数码网报价单-0825更新/手机相关/三星.jpg,1,1.0,visual_0825_source_crosschecked
20260825-85f98bc7483362968e86-01,2026-08-25,手机,device,三星,I系列,I9100,,I9100,废板-整机,20,CNY/台,,image,三星.jpg,数码网报价单-0825更新/手机相关/三星.jpg,1,1.0,visual_0825_source_crosschecked
20260825-547c051f99d17f60239f-01,2026-08-25,手机,device,三星,I系列,I9082,,I9082,开机屏好,10,CNY/台,,image,三星.jpg,数码网报价单-0825更新/手机相关/三星.jpg,1,1.0,visual_0825_source_crosschecked
20260825-5d2de7abe77b67682531-01,2026-08-25,手机,device,三星,I系列,I9082,,I9082,开机屏好小老化,10,CNY/台,,image,三星.jpg,数码网报价单-0825更新/手机相关/三星.jpg,1,1.0,visual_0825_source_crosschecked
20260825-77f2aefe6a37776d60eb-01,2026-08-25,手机,device,三星,I系列,I9082,,I9082,开机屏好大老化,10,CNY/台,,image,三星.jpg,数码网报价单-0825更新/手机相关/三星.jpg,1,1.0,visual_0825_source_crosschecked
20260825-84ba7d571804a04662c7-01,2026-08-25,手机,device,三星,I系列,I9082,,I9082,开机屏坏,10,CNY/台,,image,三星.jpg,数码网报价单-0825更新/手机相关/三星.jpg,1,1.0,visual_0825_source_crosschecked
20260825-d52df6be53e1479fd97b-01,2026-08-25,手机,device,三星,I系列,I9082,,I9082,不开机屏好,10,CNY/台,,image,三星.jpg,数码网报价单-0825更新/手机相关/三星.jpg,1,1.0,visual_0825_source_crosschecked
20260825-3bacdae06e86f87a8f11-01,2026-08-25,手机,device,三星,I系列,I9082,,I9082,不开机,10,CNY/台,,image,三星.jpg,数码网报价单-0825更新/手机相关/三星.jpg,1,1.0,visual_0825_source_crosschecked
20260825-f684f1ee8f9002d64ade-01,2026-08-25,手机,device,三星,I系列,I9082,,I9082,废板-整机,10,CNY/台,,image,三星.jpg,数码网报价单-0825更新/手机相关/三星.jpg,1,1.0,visual_0825_source_crosschecked
20260825-ad436e73c5f2c69afee1-01,2026-08-25,手机,device,三星,I系列,I9060,,I9060,开机屏好,10,CNY/台,,image,三星.jpg,数码网报价单-0825更新/手机相关/三星.jpg,1,1.0,visual_0825_source_crosschecked
20260825-4d08a02e3e59cba3f006-01,2026-08-25,手机,device,三星,I系列,I9060,,I9060,开机屏好小老化,10,CNY/台,,image,三星.jpg,数码网报价单-0825更新/手机相关/三星.jpg,1,1.0,visual_0825_source_crosschecked
20260825-01343757db3ebd587076-01,2026-08-25,手机,device,三星,I系列,I9060,,I9060,开机屏好大老化,10,CNY/台,,image,三星.jpg,数码网报价单-0825更新/手机相关/三星.jpg,1,1.0,visual_0825_source_crosschecked
20260825-45a4c3571b408e4b3355-01,2026-08-25,手机,device,三星,I系列,I9060,,I9060,开机屏坏,10,CNY/台,,image,三星.jpg,数码网报价单-0825更新/手机相关/三星.jpg,1,1.0,visual_0825_source_crosschecked
20260825-987424a5cce391b209a4-01,2026-08-25,手机,device,三星,I系列,I9060,,I9060,不开机屏好,10,CNY/台,,image,三星.jpg,数码网报价单-0825更新/手机相关/三星.jpg,1,1.0,visual_0825_source_crosschecked
20260825-6e5d7fe16ec7ec04d5b4-01,2026-08-25,手机,device,三星,I系列,I9060,,I9060,不开机,10,CNY/台,,image,三星.jpg,数码网报价单-0825更新/手机相关/三星.jpg,1,1.0,visual_0825_source_crosschecked
20260825-39e813f1e9a35167d170-01,2026-08-25,手机,device,三星,I系列,I9060,,I9060,废板-整机,10,CNY/台,,image,三星.jpg,数码网报价单-0825更新/手机相关/三星.jpg,1,1.0,visual_0825_source_crosschecked
20260825-b38334b4adfd96e9afb4-01,2026-08-25,手机,device,三星,I系列,I8268,,I8268,开机屏好,10,CNY/台,,image,三星.jpg,数码网报价单-0825更新/手机相关/三星.jpg,1,1.0,visual_0825_source_crosschecked
20260825-5096de40cbd2f8dd982d-01,2026-08-25,手机,device,三星,I系列,I8268,,I8268,开机屏好小老化,10,CNY/台,,image,三星.jpg,数码网报价单-0825更新/手机相关/三星.jpg,1,1.0,visual_0825_source_crosschecked
20260825-4ddf04bdfed6ca734e69-01,2026-08-25,手机,device,三星,I系列,I8268,,I8268,开机屏好大老化,10,CNY/台,,image,三星.jpg,数码网报价单-0825更新/手机相关/三星.jpg,1,1.0,visual_0825_source_crosschecked
20260825-f504721a2750bd6b5b29-01,2026-08-25,手机,device,三星,I系列,I8268,,I8268,开机屏坏,10,CNY/台,,image,三星.jpg,数码网报价单-0825更新/手机相关/三星.jpg,1,1.0,visual_0825_source_crosschecked
20260825-364325f180eab4deea84-01,2026-08-25,手机,device,三星,I系列,I8268,,I8268,不开机屏好,10,CNY/台,,image,三星.jpg,数码网报价单-0825更新/手机相关/三星.jpg,1,1.0,visual_0825_source_crosschecked
20260825-2d3c55dc86eed9591bcc-01,2026-08-25,手机,device,三星,I系列,I8268,,I8268,不开机,10,CNY/台,,image,三星.jpg,数码网报价单-0825更新/手机相关/三星.jpg,1,1.0,visual_0825_source_crosschecked
20260825-863208585167f620ccc5-01,2026-08-25,手机,device,三星,I系列,I8268,,I8268,废板-整机,10,CNY/台,,image,三星.jpg,数码网报价单-0825更新/手机相关/三星.jpg,1,1.0,visual_0825_source_crosschecked
20260825-3ef8e832047e0f642659-01,2026-08-25,手机,device,三星,I系列,I8262D,,I8262D,开机屏好,10,CNY/台,,image,三星.jpg,数码网报价单-0825更新/手机相关/三星.jpg,1,1.0,visual_0825_source_crosschecked
20260825-12056e32835134c69b6c-01,2026-08-25,手机,device,三星,I系列,I8262D,,I8262D,开机屏好小老化,10,CNY/台,,image,三星.jpg,数码网报价单-0825更新/手机相关/三星.jpg,1,1.0,visual_0825_source_crosschecked
20260825-18bade6f0c60445700dc-01,2026-08-25,手机,device,三星,I系列,I8262D,,I8262D,开机屏好大老化,10,CNY/台,,image,三星.jpg,数码网报价单-0825更新/手机相关/三星.jpg,1,1.0,visual_0825_source_crosschecked
20260825-a63ae870022729927cc9-01,2026-08-25,手机,device,三星,I系列,I8262D,,I8262D,开机屏坏,10,CNY/台,,image,三星.jpg,数码网报价单-0825更新/手机相关/三星.jpg,1,1.0,visual_0825_source_crosschecked
20260825-5578fbca3530b826874c-01,2026-08-25,手机,device,三星,I系列,I8262D,,I8262D,不开机屏好,10,CNY/台,,image,三星.jpg,数码网报价单-0825更新/手机相关/三星.jpg,1,1.0,visual_0825_source_crosschecked
20260825-c8021c97acce2676ee08-01,2026-08-25,手机,device,三星,I系列,I8262D,,I8262D,不开机,10,CNY/台,,image,三星.jpg,数码网报价单-0825更新/手机相关/三星.jpg,1,1.0,visual_0825_source_crosschecked
20260825-fcedf83e827bf25633cb-01,2026-08-25,手机,device,三星,I系列,I8262D,,I8262D,废板-整机,10,CNY/台,,image,三星.jpg,数码网报价单-0825更新/手机相关/三星.jpg,1,1.0,visual_0825_source_crosschecked
20260825-51ced38cc438aa4acbaf-01,2026-08-25,手机,device,三星,I系列,I8190,,I8190,开机屏好,10,CNY/台,,image,三星.jpg,数码网报价单-0825更新/手机相关/三星.jpg,1,1.0,visual_0825_source_crosschecked
20260825-a429e92b392163c78c98-01,2026-08-25,手机,device,三星,I系列,I8190,,I8190,开机屏好小老化,10,CNY/台,,image,三星.jpg,数码网报价单-0825更新/手机相关/三星.jpg,1,1.0,visual_0825_source_crosschecked
20260825-a32ea96e4022671f3697-01,2026-08-25,手机,device,三星,I系列,I8190,,I8190,开机屏好大老化,10,CNY/台,,image,三星.jpg,数码网报价单-0825更新/手机相关/三星.jpg,1,1.0,visual_0825_source_crosschecked
20260825-be3748892f0a73bc55b5-01,2026-08-25,手机,device,三星,I系列,I8190,,I8190,开机屏坏,10,CNY/台,,image,三星.jpg,数码网报价单-0825更新/手机相关/三星.jpg,1,1.0,visual_0825_source_crosschecked
20260825-b66647592dbf6e2fa663-01,2026-08-25,手机,device,三星,I系列,I8190,,I8190,不开机屏好,10,CNY/台,,image,三星.jpg,数码网报价单-0825更新/手机相关/三星.jpg,1,1.0,visual_0825_source_crosschecked
20260825-1a6a733deba59cf23c60-01,2026-08-25,手机,device,三星,I系列,I8190,,I8190,不开机,10,CNY/台,,image,三星.jpg,数码网报价单-0825更新/手机相关/三星.jpg,1,1.0,visual_0825_source_crosschecked
20260825-526e82a486ad984ba6ae-01,2026-08-25,手机,device,三星,I系列,I8190,,I8190,废板-整机,10,CNY/台,,image,三星.jpg,数码网报价单-0825更新/手机相关/三星.jpg,1,1.0,visual_0825_source_crosschecked
20260825-6918102295463edff69e-01,2026-08-25,手机,device,三星,I系列,I8558,,I8558,开机屏好,10,CNY/台,,image,三星.jpg,数码网报价单-0825更新/手机相关/三星.jpg,1,1.0,visual_0825_source_crosschecked
20260825-b7a36ba5f689b940426b-01,2026-08-25,手机,device,三星,I系列,I8558,,I8558,开机屏好小老化,10,CNY/台,,image,三星.jpg,数码网报价单-0825更新/手机相关/三星.jpg,1,1.0,visual_0825_source_crosschecked
20260825-0bb56ee86625c5b94fd0-01,2026-08-25,手机,device,三星,I系列,I8558,,I8558,开机屏好大老化,10,CNY/台,,image,三星.jpg,数码网报价单-0825更新/手机相关/三星.jpg,1,1.0,visual_0825_source_crosschecked
20260825-55741847d721930d6be8-01,2026-08-25,手机,device,三星,I系列,I8558,,I8558,开机屏坏,10,CNY/台,,image,三星.jpg,数码网报价单-0825更新/手机相关/三星.jpg,1,1.0,visual_0825_source_crosschecked
20260825-e82f39c7f23b37e008a2-01,2026-08-25,手机,device,三星,I系列,I8558,,I8558,不开机屏好,10,CNY/台,,image,三星.jpg,数码网报价单-0825更新/手机相关/三星.jpg,1,1.0,visual_0825_source_crosschecked
20260825-a6ec9f2b6ae777508d62-01,2026-08-25,手机,device,三星,I系列,I8558,,I8558,不开机,10,CNY/台,,image,三星.jpg,数码网报价单-0825更新/手机相关/三星.jpg,1,1.0,visual_0825_source_crosschecked
20260825-43307b497b08fe591f03-01,2026-08-25,手机,device,三星,I系列,I8558,,I8558,废板-整机,10,CNY/台,,image,三星.jpg,数码网报价单-0825更新/手机相关/三星.jpg,1,1.0,visual_0825_source_crosschecked
20260825-90b71cbf49484fdbc5f9-01,2026-08-25,手机,device,三星,I系列,I8552,,I8552,开机屏好,10,CNY/台,,image,三星.jpg,数码网报价单-0825更新/手机相关/三星.jpg,1,1.0,visual_0825_source_crosschecked
20260825-3ade261abd13e2d0fe1b-01,2026-08-25,手机,device,三星,I系列,I8552,,I8552,开机屏好小老化,10,CNY/台,,image,三星.jpg,数码网报价单-0825更新/手机相关/三星.jpg,1,1.0,visual_0825_source_crosschecked
20260825-8fd8b13b29565216edc3-01,2026-08-25,手机,device,三星,I系列,I8552,,I8552,开机屏好大老化,10,CNY/台,,image,三星.jpg,数码网报价单-0825更新/手机相关/三星.jpg,1,1.0,visual_0825_source_crosschecked
20260825-a374a0bc0a1d3b8b12b2-01,2026-08-25,手机,device,三星,I系列,I8552,,I8552,开机屏坏,10,CNY/台,,image,三星.jpg,数码网报价单-0825更新/手机相关/三星.jpg,1,1.0,visual_0825_source_crosschecked
20260825-f50c5d6ebebdef281d9f-01,2026-08-25,手机,device,三星,I系列,I8552,,I8552,不开机屏好,10,CNY/台,,image,三星.jpg,数码网报价单-0825更新/手机相关/三星.jpg,1,1.0,visual_0825_source_crosschecked
20260825-ef2ced9a0bd587b73345-01,2026-08-25,手机,device,三星,I系列,I8552,,I8552,不开机,10,CNY/台,,image,三星.jpg,数码网报价单-0825更新/手机相关/三星.jpg,1,1.0,visual_0825_source_crosschecked
20260825-7cd52d1b7199670b9d53-01,2026-08-25,手机,device,三星,I系列,I8552,,I8552,废板-整机,10,CNY/台,,image,三星.jpg,数码网报价单-0825更新/手机相关/三星.jpg,1,1.0,visual_0825_source_crosschecked
20260825-409abc2aa68d44c2736c-01,2026-08-25,手机,device,三星,I系列,I869,,I869,开机屏好,10,CNY/台,,image,三星.jpg,数码网报价单-0825更新/手机相关/三星.jpg,1,1.0,visual_0825_source_crosschecked
20260825-ff1f007eb16b48d2322a-01,2026-08-25,手机,device,三星,I系列,I869,,I869,开机屏好小老化,10,CNY/台,,image,三星.jpg,数码网报价单-0825更新/手机相关/三星.jpg,1,1.0,visual_0825_source_crosschecked
20260825-f847dca30d0a453e4037-01,2026-08-25,手机,device,三星,I系列,I869,,I869,开机屏好大老化,10,CNY/台,,image,三星.jpg,数码网报价单-0825更新/手机相关/三星.jpg,1,1.0,visual_0825_source_crosschecked
20260825-070bc536ce1d08fa96a1-01,2026-08-25,手机,device,三星,I系列,I869,,I869,开机屏坏,10,CNY/台,,image,三星.jpg,数码网报价单-0825更新/手机相关/三星.jpg,1,1.0,visual_0825_source_crosschecked
20260825-d8930088dc7067895b3a-01,2026-08-25,手机,device,三星,I系列,I869,,I869,不开机屏好,10,CNY/台,,image,三星.jpg,数码网报价单-0825更新/手机相关/三星.jpg,1,1.0,visual_0825_source_crosschecked
20260825-c6f3f239aee2e7a232b3-01,2026-08-25,手机,device,三星,I系列,I869,,I869,不开机,10,CNY/台,,image,三星.jpg,数码网报价单-0825更新/手机相关/三星.jpg,1,1.0,visual_0825_source_crosschecked
20260825-fa6494ec228c76c57ede-01,2026-08-25,手机,device,三星,I系列,I869,,I869,废板-整机,10,CNY/台,,image,三星.jpg,数码网报价单-0825更新/手机相关/三星.jpg,1,1.0,visual_0825_source_crosschecked
20260825-73721f05b8233cb31d54-01,2026-08-25,手机,device,三星,I系列,I829,,I829,开机屏好,10,CNY/台,,image,三星.jpg,数码网报价单-0825更新/手机相关/三星.jpg,1,1.0,visual_0825_source_crosschecked
20260825-5c51454bda6dcca892f5-01,2026-08-25,手机,device,三星,I系列,I829,,I829,开机屏好小老化,10,CNY/台,,image,三星.jpg,数码网报价单-0825更新/手机相关/三星.jpg,1,1.0,visual_0825_source_crosschecked
20260825-67c19b8a745076b236a8-01,2026-08-25,手机,device,三星,I系列,I829,,I829,开机屏好大老化,10,CNY/台,,image,三星.jpg,数码网报价单-0825更新/手机相关/三星.jpg,1,1.0,visual_0825_source_crosschecked
20260825-20a6282b82be6f071175-01,2026-08-25,手机,device,三星,I系列,I829,,I829,开机屏坏,10,CNY/台,,image,三星.jpg,数码网报价单-0825更新/手机相关/三星.jpg,1,1.0,visual_0825_source_crosschecked
20260825-8d06ede11ff6a44f27c9-01,2026-08-25,手机,device,三星,I系列,I829,,I829,不开机屏好,10,CNY/台,,image,三星.jpg,数码网报价单-0825更新/手机相关/三星.jpg,1,1.0,visual_0825_source_crosschecked
20260825-603c7a8803f0fa9ff259-01,2026-08-25,手机,device,三星,I系列,I829,,I829,不开机,10,CNY/台,,image,三星.jpg,数码网报价单-0825更新/手机相关/三星.jpg,1,1.0,visual_0825_source_crosschecked
20260825-6785107b607e7d6d320f-01,2026-08-25,手机,device,三星,I系列,I829,,I829,废板-整机,10,CNY/台,,image,三星.jpg,数码网报价单-0825更新/手机相关/三星.jpg,1,1.0,visual_0825_source_crosschecked
20260825-b743f72c3c0fdedd02ee-01,2026-08-25,手机,device,三星,I系列,I535/L710/S3,,I535/L710/S3,开机屏好,25,CNY/台,,image,三星.jpg,数码网报价单-0825更新/手机相关/三星.jpg,1,1.0,visual_0825_source_crosschecked
20260825-1a0c4faa0ee64a576015-01,2026-08-25,手机,device,三星,I系列,I535/L710/S3,,I535/L710/S3,开机屏好小老化,25,CNY/台,,image,三星.jpg,数码网报价单-0825更新/手机相关/三星.jpg,1,1.0,visual_0825_source_crosschecked
20260825-9bb973d67ba6edf2dd27-01,2026-08-25,手机,device,三星,I系列,I535/L710/S3,,I535/L710/S3,开机屏好大老化,25,CNY/台,,image,三星.jpg,数码网报价单-0825更新/手机相关/三星.jpg,1,1.0,visual_0825_source_crosschecked
20260825-97940da8c44e5113bac1-01,2026-08-25,手机,device,三星,I系列,I535/L710/S3,,I535/L710/S3,开机屏坏,25,CNY/台,,image,三星.jpg,数码网报价单-0825更新/手机相关/三星.jpg,1,1.0,visual_0825_source_crosschecked
20260825-f1798ce45872c92ae53f-01,2026-08-25,手机,device,三星,I系列,I535/L710/S3,,I535/L710/S3,不开机屏好,25,CNY/台,,image,三星.jpg,数码网报价单-0825更新/手机相关/三星.jpg,1,1.0,visual_0825_source_crosschecked
20260825-7dac3dd916e6fc5e0494-01,2026-08-25,手机,device,三星,I系列,I535/L710/S3,,I535/L710/S3,不开机,25,CNY/台,,image,三星.jpg,数码网报价单-0825更新/手机相关/三星.jpg,1,1.0,visual_0825_source_crosschecked
20260825-873c0f4c42789422561d-01,2026-08-25,手机,device,三星,I系列,I535/L710/S3,,I535/L710/S3,废板-整机,25,CNY/台,,image,三星.jpg,数码网报价单-0825更新/手机相关/三星.jpg,1,1.0,visual_0825_source_crosschecked
20260825-eb166dcaab52eeddff21-01,2026-08-25,手机,device,三星,I系列,I377/I545/S4,,I377/I545/S4,开机屏好,25,CNY/台,,image,三星.jpg,数码网报价单-0825更新/手机相关/三星.jpg,1,1.0,visual_0825_source_crosschecked
20260825-4c393bd7ecba33797f7a-01,2026-08-25,手机,device,三星,I系列,I377/I545/S4,,I377/I545/S4,开机屏好小老化,25,CNY/台,,image,三星.jpg,数码网报价单-0825更新/手机相关/三星.jpg,1,1.0,visual_0825_source_crosschecked
20260825-9369e6c34515f448a2d1-01,2026-08-25,手机,device,三星,I系列,I377/I545/S4,,I377/I545/S4,开机屏好大老化,25,CNY/台,,image,三星.jpg,数码网报价单-0825更新/手机相关/三星.jpg,1,1.0,visual_0825_source_crosschecked
20260825-241845273eae55d79de7-01,2026-08-25,手机,device,三星,I系列,I377/I545/S4,,I377/I545/S4,开机屏坏,25,CNY/台,,image,三星.jpg,数码网报价单-0825更新/手机相关/三星.jpg,1,1.0,visual_0825_source_crosschecked
20260825-f9a6d510a4ffea530589-01,2026-08-25,手机,device,三星,I系列,I377/I545/S4,,I377/I545/S4,不开机屏好,25,CNY/台,,image,三星.jpg,数码网报价单-0825更新/手机相关/三星.jpg,1,1.0,visual_0825_source_crosschecked
20260825-5dd3c4f3669d95d41b2a-01,2026-08-25,手机,device,三星,I系列,I377/I545/S4,,I377/I545/S4,不开机,25,CNY/台,,image,三星.jpg,数码网报价单-0825更新/手机相关/三星.jpg,1,1.0,visual_0825_source_crosschecked
20260825-28c52c69fdcb50cbadd0-01,2026-08-25,手机,device,三星,I系列,I377/I545/S4,,I377/I545/S4,废板-整机,25,CNY/台,,image,三星.jpg,数码网报价单-0825更新/手机相关/三星.jpg,1,1.0,visual_0825_source_crosschecked
20260825-ff35808731c3dbd4cd5c-01,2026-08-25,手机,device,三星,Fold系列,Z Fold7 (国行),,Z Fold7 (国行),开机屏好,4000,CNY/台,"240,",image,三星.jpg,数码网报价单-0825更新/手机相关/三星.jpg,1,1.0,visual_0825_source_crosschecked
20260825-6c62b0f6156ac3d0aa08-01,2026-08-25,手机,device,三星,Fold系列,Z Fold7 (国行),,Z Fold7 (国行),开机屏坏,2100,CNY/台,"240,",image,三星.jpg,数码网报价单-0825更新/手机相关/三星.jpg,1,1.0,visual_0825_source_crosschecked
20260825-7d8b582a45f7c49910fe-01,2026-08-25,手机,device,三星,Fold系列,Z Fold7 (国行),,Z Fold7 (国行),不开机屏好,1600,CNY/台,"240,",image,三星.jpg,数码网报价单-0825更新/手机相关/三星.jpg,1,1.0,visual_0825_source_crosschecked
20260825-004961793fc83bf3d703-01,2026-08-25,手机,device,三星,Fold系列,Z Fold7 (国行),,Z Fold7 (国行),不开机,1600,CNY/台,"240,",image,三星.jpg,数码网报价单-0825更新/手机相关/三星.jpg,1,1.0,visual_0825_source_crosschecked
20260825-d7d1c87ac29c9332b538-01,2026-08-25,手机,device,三星,Fold系列,Z Fold7 (国行),,Z Fold7 (国行),废板-整机,240,CNY/台,"240,",image,三星.jpg,数码网报价单-0825更新/手机相关/三星.jpg,1,1.0,visual_0825_source_crosschecked
20260825-7faf652b3364a0a17f84-01,2026-08-25,手机,device,三星,Fold系列,Z Fold6 (国行),,Z Fold6 (国行),开机屏好,3100,CNY/台,"220,",image,三星.jpg,数码网报价单-0825更新/手机相关/三星.jpg,1,1.0,visual_0825_source_crosschecked
20260825-6d5fd5f9db26380711fc-01,2026-08-25,手机,device,三星,Fold系列,Z Fold6 (国行),,Z Fold6 (国行),开机屏坏,1900,CNY/台,"220,",image,三星.jpg,数码网报价单-0825更新/手机相关/三星.jpg,1,1.0,visual_0825_source_crosschecked
20260825-d4ec1c730b51c886d75e-01,2026-08-25,手机,device,三星,Fold系列,Z Fold6 (国行),,Z Fold6 (国行),不开机屏好,900,CNY/台,"220,",image,三星.jpg,数码网报价单-0825更新/手机相关/三星.jpg,1,1.0,visual_0825_source_crosschecked
20260825-088c8f51633865023044-01,2026-08-25,手机,device,三星,Fold系列,Z Fold6 (国行),,Z Fold6 (国行),不开机,700,CNY/台,"220,",image,三星.jpg,数码网报价单-0825更新/手机相关/三星.jpg,1,1.0,visual_0825_source_crosschecked
20260825-16a1464512251544667a-01,2026-08-25,手机,device,三星,Fold系列,Z Fold6 (国行),,Z Fold6 (国行),废板-整机,220,CNY/台,"220,",image,三星.jpg,数码网报价单-0825更新/手机相关/三星.jpg,1,1.0,visual_0825_source_crosschecked
20260825-2041bee5e303e0dbfab7-01,2026-08-25,手机,device,三星,Fold系列,Z Fold6 (水货),,Z Fold6 (水货),开机屏好,2100,CNY/台,"170,",image,三星.jpg,数码网报价单-0825更新/手机相关/三星.jpg,1,1.0,visual_0825_source_crosschecked
20260825-b34ef674b6b0a5860a18-01,2026-08-25,手机,device,三星,Fold系列,Z Fold6 (水货),,Z Fold6 (水货),开机屏坏,1600,CNY/台,"170,",image,三星.jpg,数码网报价单-0825更新/手机相关/三星.jpg,1,1.0,visual_0825_source_crosschecked
20260825-9c4902a89482f1e88ec2-01,2026-08-25,手机,device,三星,Fold系列,Z Fold6 (水货),,Z Fold6 (水货),不开机屏好,900,CNY/台,"170,",image,三星.jpg,数码网报价单-0825更新/手机相关/三星.jpg,1,1.0,visual_0825_source_crosschecked
20260825-bfa382fbe7630eec58ad-01,2026-08-25,手机,device,三星,Fold系列,Z Fold6 (水货),,Z Fold6 (水货),不开机,400,CNY/台,"170,",image,三星.jpg,数码网报价单-0825更新/手机相关/三星.jpg,1,1.0,visual_0825_source_crosschecked
20260825-f8830661ed4f04fa2da8-01,2026-08-25,手机,device,三星,Fold系列,Z Fold6 (水货),,Z Fold6 (水货),废板-整机,170,CNY/台,"170,",image,三星.jpg,数码网报价单-0825更新/手机相关/三星.jpg,1,1.0,visual_0825_source_crosschecked
20260825-ff904f684340ebb57187-01,2026-08-25,手机,device,三星,Fold系列,Z Fold5,,Z Fold5,开机屏好,1700,CNY/台,"230,",image,三星.jpg,数码网报价单-0825更新/手机相关/三星.jpg,1,1.0,visual_0825_source_crosschecked
20260825-c1bfb1833ce003d45ac5-01,2026-08-25,手机,device,三星,Fold系列,Z Fold5,,Z Fold5,开机屏坏,1300,CNY/台,"230,",image,三星.jpg,数码网报价单-0825更新/手机相关/三星.jpg,1,1.0,visual_0825_source_crosschecked
20260825-a45da9c2be71c823da3c-01,2026-08-25,手机,device,三星,Fold系列,Z Fold5,,Z Fold5,不开机屏好,700,CNY/台,"230,",image,三星.jpg,数码网报价单-0825更新/手机相关/三星.jpg,1,1.0,visual_0825_source_crosschecked
20260825-7504b843f7a9423cbe1f-01,2026-08-25,手机,device,三星,Fold系列,Z Fold5,,Z Fold5,不开机,230,CNY/台,"230,",image,三星.jpg,数码网报价单-0825更新/手机相关/三星.jpg,1,1.0,visual_0825_source_crosschecked
20260825-f58ad9aa15e8e6e29b1b-01,2026-08-25,手机,device,三星,Fold系列,Z Fold5,,Z Fold5,废板-整机,230,CNY/台,"230,",image,三星.jpg,数码网报价单-0825更新/手机相关/三星.jpg,1,1.0,visual_0825_source_crosschecked
20260825-091abbfee21e0481571d-01,2026-08-25,手机,device,三星,Fold系列,Z Fold5 (水货),,Z Fold5 (水货),开机屏好,1500,CNY/台,"230,",image,三星.jpg,数码网报价单-0825更新/手机相关/三星.jpg,1,1.0,visual_0825_source_crosschecked
20260825-7cf8e3ba6a206a2f681e-01,2026-08-25,手机,device,三星,Fold系列,Z Fold5 (水货),,Z Fold5 (水货),开机屏坏,1100,CNY/台,"230,",image,三星.jpg,数码网报价单-0825更新/手机相关/三星.jpg,1,1.0,visual_0825_source_crosschecked
20260825-283f73191fb259414865-01,2026-08-25,手机,device,三星,Fold系列,Z Fold5 (水货),,Z Fold5 (水货),不开机屏好,500,CNY/台,"230,",image,三星.jpg,数码网报价单-0825更新/手机相关/三星.jpg,1,1.0,visual_0825_source_crosschecked
20260825-e8b5d11b5150aa452ada-01,2026-08-25,手机,device,三星,Fold系列,Z Fold5 (水货),,Z Fold5 (水货),不开机,230,CNY/台,"230,",image,三星.jpg,数码网报价单-0825更新/手机相关/三星.jpg,1,1.0,visual_0825_source_crosschecked
20260825-dd3ffd3f511ab28e890d-01,2026-08-25,手机,device,三星,Fold系列,Z Fold5 (水货),,Z Fold5 (水货),废板-整机,230,CNY/台,"230,",image,三星.jpg,数码网报价单-0825更新/手机相关/三星.jpg,1,1.0,visual_0825_source_crosschecked
20260825-31c3473b9ddff6cd8183-01,2026-08-25,手机,device,三星,Fold系列,Z Fold4,,Z Fold4,开机屏好,1500,CNY/台,"230,",image,三星.jpg,数码网报价单-0825更新/手机相关/三星.jpg,1,1.0,visual_0825_source_crosschecked
20260825-c82a7202f45c35027578-01,2026-08-25,手机,device,三星,Fold系列,Z Fold4,,Z Fold4,开机屏坏,1100,CNY/台,"230,",image,三星.jpg,数码网报价单-0825更新/手机相关/三星.jpg,1,1.0,visual_0825_source_crosschecked
20260825-bdf5882c34b756606002-01,2026-08-25,手机,device,三星,Fold系列,Z Fold4,,Z Fold4,不开机屏好,400,CNY/台,"230,",image,三星.jpg,数码网报价单-0825更新/手机相关/三星.jpg,1,1.0,visual_0825_source_crosschecked
20260825-001aeeec6930b76406f8-01,2026-08-25,手机,device,三星,Fold系列,Z Fold4,,Z Fold4,不开机,230,CNY/台,"230,",image,三星.jpg,数码网报价单-0825更新/手机相关/三星.jpg,1,1.0,visual_0825_source_crosschecked
20260825-526333f77d25432639b4-01,2026-08-25,手机,device,三星,Fold系列,Z Fold4,,Z Fold4,废板-整机,230,CNY/台,"230,",image,三星.jpg,数码网报价单-0825更新/手机相关/三星.jpg,1,1.0,visual_0825_source_crosschecked
20260825-5cd26d1c5144e7dcb110-01,2026-08-25,手机,device,三星,Fold系列,Z Fold4 (水货),,Z Fold4 (水货),开机屏好,1500,CNY/台,"230,",image,三星.jpg,数码网报价单-0825更新/手机相关/三星.jpg,1,1.0,visual_0825_source_crosschecked
20260825-e11d50118265e7c7559f-01,2026-08-25,手机,device,三星,Fold系列,Z Fold4 (水货),,Z Fold4 (水货),开机屏坏,1100,CNY/台,"230,",image,三星.jpg,数码网报价单-0825更新/手机相关/三星.jpg,1,1.0,visual_0825_source_crosschecked
20260825-e3c63c263ccb648bc241-01,2026-08-25,手机,device,三星,Fold系列,Z Fold4 (水货),,Z Fold4 (水货),不开机屏好,220,CNY/台,"230,",image,三星.jpg,数码网报价单-0825更新/手机相关/三星.jpg,1,1.0,visual_0825_source_crosschecked
20260825-76dadb873ded7ad377d2-01,2026-08-25,手机,device,三星,Fold系列,Z Fold4 (水货),,Z Fold4 (水货),不开机,230,CNY/台,"230,",image,三星.jpg,数码网报价单-0825更新/手机相关/三星.jpg,1,1.0,visual_0825_source_crosschecked
20260825-42f082b9d1e971f55a49-01,2026-08-25,手机,device,三星,Fold系列,Z Fold4 (水货),,Z Fold4 (水货),废板-整机,230,CNY/台,"230,",image,三星.jpg,数码网报价单-0825更新/手机相关/三星.jpg,1,1.0,visual_0825_source_crosschecked
20260825-f877c8b6cdabb2d58993-01,2026-08-25,手机,device,三星,Fold系列,Z Fold3,,Z Fold3,开机屏好,1000,CNY/台,"230,",image,三星.jpg,数码网报价单-0825更新/手机相关/三星.jpg,1,1.0,visual_0825_source_crosschecked
20260825-edb782efe8e1bd71a201-01,2026-08-25,手机,device,三星,Fold系列,Z Fold3,,Z Fold3,开机屏坏,700,CNY/台,"230,",image,三星.jpg,数码网报价单-0825更新/手机相关/三星.jpg,1,1.0,visual_0825_source_crosschecked
20260825-3d4a2f9982a4fcf3af90-01,2026-08-25,手机,device,三星,Fold系列,Z Fold3,,Z Fold3,不开机屏好,400,CNY/台,"230,",image,三星.jpg,数码网报价单-0825更新/手机相关/三星.jpg,1,1.0,visual_0825_source_crosschecked
20260825-ea651b2c48c95b85b29b-01,2026-08-25,手机,device,三星,Fold系列,Z Fold3,,Z Fold3,不开机,230,CNY/台,"230,",image,三星.jpg,数码网报价单-0825更新/手机相关/三星.jpg,1,1.0,visual_0825_source_crosschecked
20260825-647a30f20750aae5bccf-01,2026-08-25,手机,device,三星,Fold系列,Z Fold3,,Z Fold3,废板-整机,230,CNY/台,"230,",image,三星.jpg,数码网报价单-0825更新/手机相关/三星.jpg,1,1.0,visual_0825_source_crosschecked
20260825-159c189b166c1f6b5b37-01,2026-08-25,手机,device,三星,Fold系列,Z Fold3 (水货),,Z Fold3 (水货),开机屏好,1000,CNY/台,"230,看成色",image,三星.jpg,数码网报价单-0825更新/手机相关/三星.jpg,1,1.0,visual_0825_source_crosschecked
20260825-de56de662a28b2fb6ee0-01,2026-08-25,手机,device,三星,Fold系列,Z Fold3 (水货),,Z Fold3 (水货),开机屏坏,700,CNY/台,"230,看成色",image,三星.jpg,数码网报价单-0825更新/手机相关/三星.jpg,1,1.0,visual_0825_source_crosschecked
20260825-c75bc23c1523d6f2681f-01,2026-08-25,手机,device,三星,Fold系列,Z Fold3 (水货),,Z Fold3 (水货),不开机屏好,400,CNY/台,"230,看成色",image,三星.jpg,数码网报价单-0825更新/手机相关/三星.jpg,1,1.0,visual_0825_source_crosschecked
20260825-04343ef3e7b0f605a33a-01,2026-08-25,手机,device,三星,Fold系列,Z Fold3 (水货),,Z Fold3 (水货),不开机,230,CNY/台,"230,看成色",image,三星.jpg,数码网报价单-0825更新/手机相关/三星.jpg,1,1.0,visual_0825_source_crosschecked
20260825-2d1a4c07dcf797003aa3-01,2026-08-25,手机,device,三星,Fold系列,Z Fold3 (水货),,Z Fold3 (水货),废板-整机,230,CNY/台,"230,看成色",image,三星.jpg,数码网报价单-0825更新/手机相关/三星.jpg,1,1.0,visual_0825_source_crosschecked
20260825-6ead306f85918e2d4b08-01,2026-08-25,手机,device,三星,Fold系列,Z Fold2,,Z Fold2,开机屏好,800,CNY/台,"230,",image,三星.jpg,数码网报价单-0825更新/手机相关/三星.jpg,1,1.0,visual_0825_source_crosschecked
20260825-851d2b53a37f903b08a4-01,2026-08-25,手机,device,三星,Fold系列,Z Fold2,,Z Fold2,开机屏坏,500,CNY/台,"230,",image,三星.jpg,数码网报价单-0825更新/手机相关/三星.jpg,1,1.0,visual_0825_source_crosschecked
20260825-9274b49ba4585bae59bb-01,2026-08-25,手机,device,三星,Fold系列,Z Fold2,,Z Fold2,不开机屏好,400,CNY/台,"230,",image,三星.jpg,数码网报价单-0825更新/手机相关/三星.jpg,1,1.0,visual_0825_source_crosschecked
20260825-ee2ba309e677fe19b411-01,2026-08-25,手机,device,三星,Fold系列,Z Fold2,,Z Fold2,不开机,230,CNY/台,"230,",image,三星.jpg,数码网报价单-0825更新/手机相关/三星.jpg,1,1.0,visual_0825_source_crosschecked
20260825-f616a8fd9ce87713131a-01,2026-08-25,手机,device,三星,Fold系列,Z Fold2,,Z Fold2,废板-整机,230,CNY/台,"230,",image,三星.jpg,数码网报价单-0825更新/手机相关/三星.jpg,1,1.0,visual_0825_source_crosschecked
20260825-04ba5c23cd5988d1b451-01,2026-08-25,手机,device,三星,Fold系列,Z Fold2 (水货),,Z Fold2 (水货),开机屏好,800,CNY/台,"230,",image,三星.jpg,数码网报价单-0825更新/手机相关/三星.jpg,1,1.0,visual_0825_source_crosschecked
20260825-e1e9dab8a36b808b4b44-01,2026-08-25,手机,device,三星,Fold系列,Z Fold2 (水货),,Z Fold2 (水货),开机屏坏,500,CNY/台,"230,",image,三星.jpg,数码网报价单-0825更新/手机相关/三星.jpg,1,1.0,visual_0825_source_crosschecked
20260825-a55a5fce8303543e4086-01,2026-08-25,手机,device,三星,Fold系列,Z Fold2 (水货),,Z Fold2 (水货),不开机屏好,230,CNY/台,"230,",image,三星.jpg,数码网报价单-0825更新/手机相关/三星.jpg,1,1.0,visual_0825_source_crosschecked
20260825-be314425e7bee96e7768-01,2026-08-25,手机,device,三星,Fold系列,Z Fold2 (水货),,Z Fold2 (水货),不开机,230,CNY/台,"230,",image,三星.jpg,数码网报价单-0825更新/手机相关/三星.jpg,1,1.0,visual_0825_source_crosschecked
20260825-1d49c85dfd9b2f92fbd7-01,2026-08-25,手机,device,三星,Fold系列,Z Fold2 (水货),,Z Fold2 (水货),废板-整机,230,CNY/台,"230,",image,三星.jpg,数码网报价单-0825更新/手机相关/三星.jpg,1,1.0,visual_0825_source_crosschecked
20260825-ef781e86e9ef151af2cc-01,2026-08-25,手机,device,三星,Fold系列,Fold,,Fold,开机屏好,450,CNY/台,"230,",image,三星.jpg,数码网报价单-0825更新/手机相关/三星.jpg,1,1.0,visual_0825_source_crosschecked
20260825-863976f22951f1d51939-01,2026-08-25,手机,device,三星,Fold系列,Fold,,Fold,开机屏坏,450,CNY/台,"230,",image,三星.jpg,数码网报价单-0825更新/手机相关/三星.jpg,1,1.0,visual_0825_source_crosschecked
20260825-a563de005220ba717678-01,2026-08-25,手机,device,三星,Fold系列,Fold,,Fold,不开机屏好,230,CNY/台,"230,",image,三星.jpg,数码网报价单-0825更新/手机相关/三星.jpg,1,1.0,visual_0825_source_crosschecked
20260825-cedd6183fcb0ff4b26c2-01,2026-08-25,手机,device,三星,Fold系列,Fold,,Fold,不开机,230,CNY/台,"230,",image,三星.jpg,数码网报价单-0825更新/手机相关/三星.jpg,1,1.0,visual_0825_source_crosschecked
20260825-8eebf3e8d9d761faf805-01,2026-08-25,手机,device,三星,Fold系列,Fold,,Fold,废板-整机,230,CNY/台,"230,",image,三星.jpg,数码网报价单-0825更新/手机相关/三星.jpg,1,1.0,visual_0825_source_crosschecked
20260825-48294e64f1800fae61ea-01,2026-08-25,手机,device,三星,Fold系列,Fold (水货),,Fold (水货),开机屏好,450,CNY/台,"230,",image,三星.jpg,数码网报价单-0825更新/手机相关/三星.jpg,1,1.0,visual_0825_source_crosschecked
20260825-810574e0fdc5e3da5e60-01,2026-08-25,手机,device,三星,Fold系列,Fold (水货),,Fold (水货),开机屏坏,450,CNY/台,"230,",image,三星.jpg,数码网报价单-0825更新/手机相关/三星.jpg,1,1.0,visual_0825_source_crosschecked
20260825-a7d1f174caddf6325dcd-01,2026-08-25,手机,device,三星,Fold系列,Fold (水货),,Fold (水货),不开机屏好,230,CNY/台,"230,",image,三星.jpg,数码网报价单-0825更新/手机相关/三星.jpg,1,1.0,visual_0825_source_crosschecked
20260825-9b1a914033ce1e94ca14-01,2026-08-25,手机,device,三星,Fold系列,Fold (水货),,Fold (水货),不开机,230,CNY/台,"230,",image,三星.jpg,数码网报价单-0825更新/手机相关/三星.jpg,1,1.0,visual_0825_source_crosschecked
20260825-b3f51f4c963ff1871648-01,2026-08-25,手机,device,三星,Fold系列,Fold (水货),,Fold (水货),废板-整机,230,CNY/台,"230,",image,三星.jpg,数码网报价单-0825更新/手机相关/三星.jpg,1,1.0,visual_0825_source_crosschecked
20260825-d9dcfcea4e58876bdabe-01,2026-08-25,手机,device,三星,Flip系列,Z Flip5 (水货),,Z Flip5 (水货),开机屏好,900,CNY/台,"190,",image,三星.jpg,数码网报价单-0825更新/手机相关/三星.jpg,1,1.0,visual_0825_source_crosschecked
20260825-b92e6dc7e1f36e52665c-01,2026-08-25,手机,device,三星,Flip系列,Z Flip5 (水货),,Z Flip5 (水货),开机屏坏,800,CNY/台,"190,",image,三星.jpg,数码网报价单-0825更新/手机相关/三星.jpg,1,1.0,visual_0825_source_crosschecked
20260825-45254016bb352a0e43e5-01,2026-08-25,手机,device,三星,Flip系列,Z Flip5 (水货),,Z Flip5 (水货),不开机屏好,190,CNY/台,"190,",image,三星.jpg,数码网报价单-0825更新/手机相关/三星.jpg,1,1.0,visual_0825_source_crosschecked
20260825-325c2597feb201ed46cd-01,2026-08-25,手机,device,三星,Flip系列,Z Flip5 (水货),,Z Flip5 (水货),不开机,190,CNY/台,"190,",image,三星.jpg,数码网报价单-0825更新/手机相关/三星.jpg,1,1.0,visual_0825_source_crosschecked
20260825-935b015292c702751c49-01,2026-08-25,手机,device,三星,Flip系列,Z Flip5 (水货),,Z Flip5 (水货),废板-整机,190,CNY/台,"190,",image,三星.jpg,数码网报价单-0825更新/手机相关/三星.jpg,1,1.0,visual_0825_source_crosschecked
20260825-1d295d20eeaac87be881-01,2026-08-25,手机,device,三星,Flip系列,Z Flip5,,Z Flip5,开机屏好,900,CNY/台,"190,",image,三星.jpg,数码网报价单-0825更新/手机相关/三星.jpg,1,1.0,visual_0825_source_crosschecked
20260825-7f9fb17826f42aa63c85-01,2026-08-25,手机,device,三星,Flip系列,Z Flip5,,Z Flip5,开机屏坏,800,CNY/台,"190,",image,三星.jpg,数码网报价单-0825更新/手机相关/三星.jpg,1,1.0,visual_0825_source_crosschecked
20260825-b0079a398a95ce299354-01,2026-08-25,手机,device,三星,Flip系列,Z Flip5,,Z Flip5,不开机屏好,190,CNY/台,"190,",image,三星.jpg,数码网报价单-0825更新/手机相关/三星.jpg,1,1.0,visual_0825_source_crosschecked
20260825-58c96ef4354c119bf981-01,2026-08-25,手机,device,三星,Flip系列,Z Flip5,,Z Flip5,不开机,190,CNY/台,"190,",image,三星.jpg,数码网报价单-0825更新/手机相关/三星.jpg,1,1.0,visual_0825_source_crosschecked
20260825-eba11dd1b6206f65a05f-01,2026-08-25,手机,device,三星,Flip系列,Z Flip5,,Z Flip5,废板-整机,190,CNY/台,"190,",image,三星.jpg,数码网报价单-0825更新/手机相关/三星.jpg,1,1.0,visual_0825_source_crosschecked
20260825-feb93a6191bd7aa2ebb7-01,2026-08-25,手机,device,三星,Flip系列,Z Flip4 (水货),,Z Flip4 (水货),开机屏好,600,CNY/台,"190,断触",image,三星.jpg,数码网报价单-0825更新/手机相关/三星.jpg,1,1.0,visual_0825_source_crosschecked
20260825-b8bfa81f0b52f11ff952-01,2026-08-25,手机,device,三星,Flip系列,Z Flip4 (水货),,Z Flip4 (水货),开机屏坏,400,CNY/台,"190,断触",image,三星.jpg,数码网报价单-0825更新/手机相关/三星.jpg,1,1.0,visual_0825_source_crosschecked
20260825-41aae63fdea649b8e675-01,2026-08-25,手机,device,三星,Flip系列,Z Flip4 (水货),,Z Flip4 (水货),不开机屏好,190,CNY/台,"190,断触",image,三星.jpg,数码网报价单-0825更新/手机相关/三星.jpg,1,1.0,visual_0825_source_crosschecked
20260825-e2ac15968deb4347a372-01,2026-08-25,手机,device,三星,Flip系列,Z Flip4 (水货),,Z Flip4 (水货),不开机,190,CNY/台,"190,断触",image,三星.jpg,数码网报价单-0825更新/手机相关/三星.jpg,1,1.0,visual_0825_source_crosschecked
20260825-8d30dc42979d68301c9f-01,2026-08-25,手机,device,三星,Flip系列,Z Flip4 (水货),,Z Flip4 (水货),废板-整机,190,CNY/台,"190,断触",image,三星.jpg,数码网报价单-0825更新/手机相关/三星.jpg,1,1.0,visual_0825_source_crosschecked
20260825-cf7a029a7b654743bdb7-01,2026-08-25,手机,device,三星,Flip系列,Z Flip4,,Z Flip4,开机屏好,600,CNY/台,"190,",image,三星.jpg,数码网报价单-0825更新/手机相关/三星.jpg,1,1.0,visual_0825_source_crosschecked
20260825-58113ca7d12a5c6c3db6-01,2026-08-25,手机,device,三星,Flip系列,Z Flip4,,Z Flip4,开机屏坏,400,CNY/台,"190,",image,三星.jpg,数码网报价单-0825更新/手机相关/三星.jpg,1,1.0,visual_0825_source_crosschecked
20260825-c0c4a2e27d3a7cfd0f56-01,2026-08-25,手机,device,三星,Flip系列,Z Flip4,,Z Flip4,不开机屏好,190,CNY/台,"190,",image,三星.jpg,数码网报价单-0825更新/手机相关/三星.jpg,1,1.0,visual_0825_source_crosschecked
20260825-b0e079b4e0f38c7b5b72-01,2026-08-25,手机,device,三星,Flip系列,Z Flip4,,Z Flip4,不开机,190,CNY/台,"190,",image,三星.jpg,数码网报价单-0825更新/手机相关/三星.jpg,1,1.0,visual_0825_source_crosschecked
20260825-656cf30e69b38e5daa1e-01,2026-08-25,手机,device,三星,Flip系列,Z Flip4,,Z Flip4,废板-整机,190,CNY/台,"190,",image,三星.jpg,数码网报价单-0825更新/手机相关/三星.jpg,1,1.0,visual_0825_source_crosschecked
20260825-06321983a41ea52016db-01,2026-08-25,手机,device,三星,Flip系列,Z Flip3 (水货),,Z Flip3 (水货),开机屏好,400,CNY/台,"190,",image,三星.jpg,数码网报价单-0825更新/手机相关/三星.jpg,1,1.0,visual_0825_source_crosschecked
20260825-ee2a120707251b618fa8-01,2026-08-25,手机,device,三星,Flip系列,Z Flip3 (水货),,Z Flip3 (水货),开机屏坏,400,CNY/台,"190,",image,三星.jpg,数码网报价单-0825更新/手机相关/三星.jpg,1,1.0,visual_0825_source_crosschecked
20260825-d6a24c36664d4a01b802-01,2026-08-25,手机,device,三星,Flip系列,Z Flip3 (水货),,Z Flip3 (水货),不开机屏好,190,CNY/台,"190,",image,三星.jpg,数码网报价单-0825更新/手机相关/三星.jpg,1,1.0,visual_0825_source_crosschecked
20260825-e037ca000def4b6ceb0b-01,2026-08-25,手机,device,三星,Flip系列,Z Flip3 (水货),,Z Flip3 (水货),不开机,190,CNY/台,"190,",image,三星.jpg,数码网报价单-0825更新/手机相关/三星.jpg,1,1.0,visual_0825_source_crosschecked
20260825-15b72c6b2d94c21bcfe8-01,2026-08-25,手机,device,三星,Flip系列,Z Flip3 (水货),,Z Flip3 (水货),废板-整机,190,CNY/台,"190,",image,三星.jpg,数码网报价单-0825更新/手机相关/三星.jpg,1,1.0,visual_0825_source_crosschecked
20260825-90447b6fea70470e47da-01,2026-08-25,手机,device,三星,Flip系列,Z Flip3,,Z Flip3,开机屏好,400,CNY/台,"190,看成色",image,三星.jpg,数码网报价单-0825更新/手机相关/三星.jpg,1,1.0,visual_0825_source_crosschecked
20260825-8aefa2d3e965ab9b98bd-01,2026-08-25,手机,device,三星,Flip系列,Z Flip3,,Z Flip3,开机屏坏,400,CNY/台,"190,看成色",image,三星.jpg,数码网报价单-0825更新/手机相关/三星.jpg,1,1.0,visual_0825_source_crosschecked
20260825-6440dfdff74e79972fc9-01,2026-08-25,手机,device,三星,Flip系列,Z Flip3,,Z Flip3,不开机屏好,190,CNY/台,"190,看成色",image,三星.jpg,数码网报价单-0825更新/手机相关/三星.jpg,1,1.0,visual_0825_source_crosschecked
20260825-a7f182550030913da3e4-01,2026-08-25,手机,device,三星,Flip系列,Z Flip3,,Z Flip3,不开机,190,CNY/台,"190,看成色",image,三星.jpg,数码网报价单-0825更新/手机相关/三星.jpg,1,1.0,visual_0825_source_crosschecked
20260825-09ba38ba985fcaa31ee5-01,2026-08-25,手机,device,三星,Flip系列,Z Flip3,,Z Flip3,废板-整机,190,CNY/台,"190,看成色",image,三星.jpg,数码网报价单-0825更新/手机相关/三星.jpg,1,1.0,visual_0825_source_crosschecked
20260825-7da49711b4821da4971f-01,2026-08-25,手机,device,三星,Flip系列,Z Flip2 (水货),,Z Flip2 (水货),开机屏好,280,CNY/台,"190,",image,三星.jpg,数码网报价单-0825更新/手机相关/三星.jpg,1,1.0,visual_0825_source_crosschecked
20260825-387f091eb7c6ee5c59d6-01,2026-08-25,手机,device,三星,Flip系列,Z Flip2 (水货),,Z Flip2 (水货),开机屏坏,280,CNY/台,"190,",image,三星.jpg,数码网报价单-0825更新/手机相关/三星.jpg,1,1.0,visual_0825_source_crosschecked
20260825-a7c68d95aa0a3b69ad97-01,2026-08-25,手机,device,三星,Flip系列,Z Flip2 (水货),,Z Flip2 (水货),不开机屏好,190,CNY/台,"190,",image,三星.jpg,数码网报价单-0825更新/手机相关/三星.jpg,1,1.0,visual_0825_source_crosschecked
20260825-e97a83e585233434f693-01,2026-08-25,手机,device,三星,Flip系列,Z Flip2 (水货),,Z Flip2 (水货),不开机,190,CNY/台,"190,",image,三星.jpg,数码网报价单-0825更新/手机相关/三星.jpg,1,1.0,visual_0825_source_crosschecked
20260825-507eb29342efa978d370-01,2026-08-25,手机,device,三星,Flip系列,Z Flip2 (水货),,Z Flip2 (水货),废板-整机,190,CNY/台,"190,",image,三星.jpg,数码网报价单-0825更新/手机相关/三星.jpg,1,1.0,visual_0825_source_crosschecked
20260825-5a34a781492d6dad32e3-01,2026-08-25,手机,device,三星,Flip系列,Z Flip2,,Z Flip2,开机屏好,280,CNY/台,"190,",image,三星.jpg,数码网报价单-0825更新/手机相关/三星.jpg,1,1.0,visual_0825_source_crosschecked
20260825-831042bf9fbd1d2dfa35-01,2026-08-25,手机,device,三星,Flip系列,Z Flip2,,Z Flip2,开机屏坏,280,CNY/台,"190,",image,三星.jpg,数码网报价单-0825更新/手机相关/三星.jpg,1,1.0,visual_0825_source_crosschecked
20260825-fea73e692766f6d21a1d-01,2026-08-25,手机,device,三星,Flip系列,Z Flip2,,Z Flip2,不开机屏好,190,CNY/台,"190,",image,三星.jpg,数码网报价单-0825更新/手机相关/三星.jpg,1,1.0,visual_0825_source_crosschecked
20260825-76a0e97c95a1276157c7-01,2026-08-25,手机,device,三星,Flip系列,Z Flip2,,Z Flip2,不开机,190,CNY/台,"190,",image,三星.jpg,数码网报价单-0825更新/手机相关/三星.jpg,1,1.0,visual_0825_source_crosschecked
20260825-2aa185a9de592039bf94-01,2026-08-25,手机,device,三星,Flip系列,Z Flip2,,Z Flip2,废板-整机,190,CNY/台,"190,",image,三星.jpg,数码网报价单-0825更新/手机相关/三星.jpg,1,1.0,visual_0825_source_crosschecked
20260825-88c5b36d3b36ef485249-01,2026-08-25,手机,device,三星,Flip系列,Z Flip (水货),,Z Flip (水货),开机屏好,280,CNY/台,"190,",image,三星.jpg,数码网报价单-0825更新/手机相关/三星.jpg,1,1.0,visual_0825_source_crosschecked
20260825-315af426bdd4068ace6b-01,2026-08-25,手机,device,三星,Flip系列,Z Flip (水货),,Z Flip (水货),开机屏坏,280,CNY/台,"190,",image,三星.jpg,数码网报价单-0825更新/手机相关/三星.jpg,1,1.0,visual_0825_source_crosschecked
20260825-8aaf15ddacff0123507b-01,2026-08-25,手机,device,三星,Flip系列,Z Flip (水货),,Z Flip (水货),不开机屏好,190,CNY/台,"190,",image,三星.jpg,数码网报价单-0825更新/手机相关/三星.jpg,1,1.0,visual_0825_source_crosschecked
20260825-20da5a75794ab944adaa-01,2026-08-25,手机,device,三星,Flip系列,Z Flip (水货),,Z Flip (水货),不开机,190,CNY/台,"190,",image,三星.jpg,数码网报价单-0825更新/手机相关/三星.jpg,1,1.0,visual_0825_source_crosschecked
20260825-5c9338aea20a37f581f3-01,2026-08-25,手机,device,三星,Flip系列,Z Flip (水货),,Z Flip (水货),废板-整机,190,CNY/台,"190,",image,三星.jpg,数码网报价单-0825更新/手机相关/三星.jpg,1,1.0,visual_0825_source_crosschecked
20260825-6c26cc834c3b9ffc4eb5-01,2026-08-25,手机,device,三星,Flip系列,Z Flip,,Z Flip,开机屏好,280,CNY/台,"190,",image,三星.jpg,数码网报价单-0825更新/手机相关/三星.jpg,1,1.0,visual_0825_source_crosschecked
20260825-99e259553141ad21c908-01,2026-08-25,手机,device,三星,Flip系列,Z Flip,,Z Flip,开机屏坏,280,CNY/台,"190,",image,三星.jpg,数码网报价单-0825更新/手机相关/三星.jpg,1,1.0,visual_0825_source_crosschecked
20260825-a2c567ff86f7c5835534-01,2026-08-25,手机,device,三星,Flip系列,Z Flip,,Z Flip,不开机屏好,190,CNY/台,"190,",image,三星.jpg,数码网报价单-0825更新/手机相关/三星.jpg,1,1.0,visual_0825_source_crosschecked
20260825-042bf180565edd7c9d78-01,2026-08-25,手机,device,三星,Flip系列,Z Flip,,Z Flip,不开机,190,CNY/台,"190,",image,三星.jpg,数码网报价单-0825更新/手机相关/三星.jpg,1,1.0,visual_0825_source_crosschecked
20260825-3ed72ee9f7d0e9b33815-01,2026-08-25,手机,device,三星,Flip系列,Z Flip,,Z Flip,废板-整机,190,CNY/台,"190,",image,三星.jpg,数码网报价单-0825更新/手机相关/三星.jpg,1,1.0,visual_0825_source_crosschecked
20260825-5f4c43da728e06a28d6d-01,2026-08-25,手机,device,三星,G系列(S旗舰),S25 Ultra 国行,,S25 Ultra 国行,开机屏好,3300,CNY/台,,image,三星.jpg,数码网报价单-0825更新/手机相关/三星.jpg,1,1.0,visual_0825_source_crosschecked
20260825-e6b4ceebe138d148c6b4-01,2026-08-25,手机,device,三星,G系列(S旗舰),S25 Ultra 国行,,S25 Ultra 国行,开机屏好小老化,2800,CNY/台,,image,三星.jpg,数码网报价单-0825更新/手机相关/三星.jpg,1,1.0,visual_0825_source_crosschecked
20260825-5e579e005702bee94341-01,2026-08-25,手机,device,三星,G系列(S旗舰),S25 Ultra 国行,,S25 Ultra 国行,开机屏好大老化,2800,CNY/台,,image,三星.jpg,数码网报价单-0825更新/手机相关/三星.jpg,1,1.0,visual_0825_source_crosschecked
20260825-6c376a4618c20a9ce39c-01,2026-08-25,手机,device,三星,G系列(S旗舰),S25 Ultra 国行,,S25 Ultra 国行,开机屏坏,1600,CNY/台,,image,三星.jpg,数码网报价单-0825更新/手机相关/三星.jpg,1,1.0,visual_0825_source_crosschecked
20260825-75e38cc720caa81328d4-01,2026-08-25,手机,device,三星,G系列(S旗舰),S25 Ultra 国行,,S25 Ultra 国行,不开机屏好,200,CNY/台,,image,三星.jpg,数码网报价单-0825更新/手机相关/三星.jpg,1,1.0,visual_0825_source_crosschecked
20260825-e2c70b5ad6c42250b105-01,2026-08-25,手机,device,三星,G系列(S旗舰),S25 Ultra 国行,,S25 Ultra 国行,不开机,200,CNY/台,,image,三星.jpg,数码网报价单-0825更新/手机相关/三星.jpg,1,1.0,visual_0825_source_crosschecked
20260825-38d84716b4320a33709c-01,2026-08-25,手机,device,三星,G系列(S旗舰),S25 Ultra 国行,,S25 Ultra 国行,废板-整机,300,CNY/台,,image,三星.jpg,数码网报价单-0825更新/手机相关/三星.jpg,1,1.0,visual_0825_source_crosschecked
20260825-ed239df001ec8a5d12c1-01,2026-08-25,手机,device,三星,G系列(S旗舰),S25 Ultra 水货,,S25 Ultra 水货,开机屏好,2900,CNY/台,,image,三星.jpg,数码网报价单-0825更新/手机相关/三星.jpg,1,1.0,visual_0825_source_crosschecked
20260825-aadcc4c1b7955722cac4-01,2026-08-25,手机,device,三星,G系列(S旗舰),S25 Ultra 水货,,S25 Ultra 水货,开机屏好小老化,2500,CNY/台,,image,三星.jpg,数码网报价单-0825更新/手机相关/三星.jpg,1,1.0,visual_0825_source_crosschecked
20260825-91ad4a4daa292ad2605e-01,2026-08-25,手机,device,三星,G系列(S旗舰),S25 Ultra 水货,,S25 Ultra 水货,开机屏好大老化,2500,CNY/台,,image,三星.jpg,数码网报价单-0825更新/手机相关/三星.jpg,1,1.0,visual_0825_source_crosschecked
20260825-3f25d2bc24f6b70786b6-01,2026-08-25,手机,device,三星,G系列(S旗舰),S25 Ultra 水货,,S25 Ultra 水货,开机屏坏,1300,CNY/台,,image,三星.jpg,数码网报价单-0825更新/手机相关/三星.jpg,1,1.0,visual_0825_source_crosschecked
20260825-fff8c24549320e28485f-01,2026-08-25,手机,device,三星,G系列(S旗舰),S25 Ultra 水货,,S25 Ultra 水货,不开机屏好,200,CNY/台,,image,三星.jpg,数码网报价单-0825更新/手机相关/三星.jpg,1,1.0,visual_0825_source_crosschecked
20260825-49661a6f9a743f964240-01,2026-08-25,手机,device,三星,G系列(S旗舰),S25 Ultra 水货,,S25 Ultra 水货,不开机,200,CNY/台,,image,三星.jpg,数码网报价单-0825更新/手机相关/三星.jpg,1,1.0,visual_0825_source_crosschecked
20260825-e9343150e9cabd2d7e1f-01,2026-08-25,手机,device,三星,G系列(S旗舰),S25 Ultra 水货,,S25 Ultra 水货,废板-整机,200,CNY/台,,image,三星.jpg,数码网报价单-0825更新/手机相关/三星.jpg,1,1.0,visual_0825_source_crosschecked
20260825-66ac069ff2b2fcb2ea3e-01,2026-08-25,手机,device,三星,G系列(S旗舰),s24 ultra,,s24 ultra,开机屏好,2600,CNY/台,,image,三星.jpg,数码网报价单-0825更新/手机相关/三星.jpg,1,1.0,visual_0825_source_crosschecked
20260825-4fbd3c7c977761c08ef5-01,2026-08-25,手机,device,三星,G系列(S旗舰),s24 ultra,,s24 ultra,开机屏好小老化,1600,CNY/台,,image,三星.jpg,数码网报价单-0825更新/手机相关/三星.jpg,1,1.0,visual_0825_source_crosschecked
20260825-51fe71f6afda57fe21ad-01,2026-08-25,手机,device,三星,G系列(S旗舰),s24 ultra,,s24 ultra,开机屏好大老化,2000,CNY/台,,image,三星.jpg,数码网报价单-0825更新/手机相关/三星.jpg,1,1.0,visual_0825_source_crosschecked
20260825-d5ed846a609565dcb764-01,2026-08-25,手机,device,三星,G系列(S旗舰),s24 ultra,,s24 ultra,开机屏坏,1500,CNY/台,,image,三星.jpg,数码网报价单-0825更新/手机相关/三星.jpg,1,1.0,visual_0825_source_crosschecked
20260825-e3d4c281926f64b5d5ad-01,2026-08-25,手机,device,三星,G系列(S旗舰),s24 ultra,,s24 ultra,不开机屏好,900,CNY/台,,image,三星.jpg,数码网报价单-0825更新/手机相关/三星.jpg,1,1.0,visual_0825_source_crosschecked
20260825-a2df3cfb292321e3adc5-01,2026-08-25,手机,device,三星,G系列(S旗舰),s24 ultra,,s24 ultra,不开机,180,CNY/台,,image,三星.jpg,数码网报价单-0825更新/手机相关/三星.jpg,1,1.0,visual_0825_source_crosschecked
20260825-d7e450d15062f5d1086a-01,2026-08-25,手机,device,三星,G系列(S旗舰),s24 ultra,,s24 ultra,废板-整机,180,CNY/台,,image,三星.jpg,数码网报价单-0825更新/手机相关/三星.jpg,1,1.0,visual_0825_source_crosschecked
20260825-f0dddd3b9918be9c55c5-01,2026-08-25,手机,device,三星,G系列(S旗舰),s23 ultra 水货,,s23 ultra 水货,开机屏好,1400,CNY/台,,image,三星.jpg,数码网报价单-0825更新/手机相关/三星.jpg,1,1.0,visual_0825_source_crosschecked
20260825-abd5a2eeb8cd1cc6faed-01,2026-08-25,手机,device,三星,G系列(S旗舰),s23 ultra 水货,,s23 ultra 水货,开机屏好小老化,800,CNY/台,,image,三星.jpg,数码网报价单-0825更新/手机相关/三星.jpg,1,1.0,visual_0825_source_crosschecked
20260825-07ef8c3182d3d690a7bb-01,2026-08-25,手机,device,三星,G系列(S旗舰),s23 ultra 水货,,s23 ultra 水货,开机屏好大老化,1000,CNY/台,,image,三星.jpg,数码网报价单-0825更新/手机相关/三星.jpg,1,1.0,visual_0825_source_crosschecked
20260825-6331f533114109afa047-01,2026-08-25,手机,device,三星,G系列(S旗舰),s23 ultra 水货,,s23 ultra 水货,开机屏坏,700,CNY/台,,image,三星.jpg,数码网报价单-0825更新/手机相关/三星.jpg,1,1.0,visual_0825_source_crosschecked
20260825-a3765d8b49285e712a11-01,2026-08-25,手机,device,三星,G系列(S旗舰),s23 ultra 水货,,s23 ultra 水货,不开机屏好,800,CNY/台,,image,三星.jpg,数码网报价单-0825更新/手机相关/三星.jpg,1,1.0,visual_0825_source_crosschecked
20260825-ffe5bdafabfb26b75e42-01,2026-08-25,手机,device,三星,G系列(S旗舰),s23 ultra 水货,,s23 ultra 水货,不开机,180,CNY/台,,image,三星.jpg,数码网报价单-0825更新/手机相关/三星.jpg,1,1.0,visual_0825_source_crosschecked
20260825-a01c790f1721501e1a7c-01,2026-08-25,手机,device,三星,G系列(S旗舰),s23 ultra 水货,,s23 ultra 水货,废板-整机,180,CNY/台,,image,三星.jpg,数码网报价单-0825更新/手机相关/三星.jpg,1,1.0,visual_0825_source_crosschecked
20260825-0681ce0b028f3443427f-01,2026-08-25,手机,device,三星,G系列(S旗舰),s23 ultra,,s23 ultra,开机屏好,1800,CNY/台,,image,三星.jpg,数码网报价单-0825更新/手机相关/三星.jpg,1,1.0,visual_0825_source_crosschecked
20260825-8b73df987754b8ea316a-01,2026-08-25,手机,device,三星,G系列(S旗舰),s23 ultra,,s23 ultra,开机屏好小老化,1000,CNY/台,,image,三星.jpg,数码网报价单-0825更新/手机相关/三星.jpg,1,1.0,visual_0825_source_crosschecked
20260825-5bfe798fc6ce8e06e3a5-01,2026-08-25,手机,device,三星,G系列(S旗舰),s23 ultra,,s23 ultra,开机屏好大老化,1400,CNY/台,,image,三星.jpg,数码网报价单-0825更新/手机相关/三星.jpg,1,1.0,visual_0825_source_crosschecked
20260825-6cc3821926641eb0a562-01,2026-08-25,手机,device,三星,G系列(S旗舰),s23 ultra,,s23 ultra,开机屏坏,900,CNY/台,,image,三星.jpg,数码网报价单-0825更新/手机相关/三星.jpg,1,1.0,visual_0825_source_crosschecked
20260825-7194eac23b097fc9f508-01,2026-08-25,手机,device,三星,G系列(S旗舰),s23 ultra,,s23 ultra,不开机屏好,400,CNY/台,,image,三星.jpg,数码网报价单-0825更新/手机相关/三星.jpg,1,1.0,visual_0825_source_crosschecked
20260825-b4a089be33e1cd4e1183-01,2026-08-25,手机,device,三星,G系列(S旗舰),s23 ultra,,s23 ultra,不开机,180,CNY/台,,image,三星.jpg,数码网报价单-0825更新/手机相关/三星.jpg,1,1.0,visual_0825_source_crosschecked
20260825-7a81ab04cedb86375861-01,2026-08-25,手机,device,三星,G系列(S旗舰),s23 ultra,,s23 ultra,废板-整机,180,CNY/台,,image,三星.jpg,数码网报价单-0825更新/手机相关/三星.jpg,1,1.0,visual_0825_source_crosschecked
20260825-260b70d139e787893249-01,2026-08-25,手机,device,三星,G系列(S旗舰),s23 (8+256),,s23 (8+256),开机屏好,1200,CNY/台,,image,三星.jpg,数码网报价单-0825更新/手机相关/三星.jpg,1,1.0,visual_0825_source_crosschecked
20260825-3946e45c059bd2dbf657-01,2026-08-25,手机,device,三星,G系列(S旗舰),s23 (8+256),,s23 (8+256),开机屏好小老化,700,CNY/台,,image,三星.jpg,数码网报价单-0825更新/手机相关/三星.jpg,1,1.0,visual_0825_source_crosschecked
20260825-8f03efaf6ae39606e83f-01,2026-08-25,手机,device,三星,G系列(S旗舰),s23 (8+256),,s23 (8+256),开机屏好大老化,1000,CNY/台,,image,三星.jpg,数码网报价单-0825更新/手机相关/三星.jpg,1,1.0,visual_0825_source_crosschecked
20260825-ca32a7ea102352a794f2-01,2026-08-25,手机,device,三星,G系列(S旗舰),s23 (8+256),,s23 (8+256),开机屏坏,600,CNY/台,,image,三星.jpg,数码网报价单-0825更新/手机相关/三星.jpg,1,1.0,visual_0825_source_crosschecked
20260825-27c05aba8881f5c4bf00-01,2026-08-25,手机,device,三星,G系列(S旗舰),s23 (8+256),,s23 (8+256),不开机屏好,300,CNY/台,,image,三星.jpg,数码网报价单-0825更新/手机相关/三星.jpg,1,1.0,visual_0825_source_crosschecked
20260825-f08b2f0b7118282366a5-01,2026-08-25,手机,device,三星,G系列(S旗舰),s23 (8+256),,s23 (8+256),不开机,180,CNY/台,,image,三星.jpg,数码网报价单-0825更新/手机相关/三星.jpg,1,1.0,visual_0825_source_crosschecked
20260825-01bf061a650d9eda6571-01,2026-08-25,手机,device,三星,G系列(S旗舰),s23 (8+256),,s23 (8+256),废板-整机,180,CNY/台,,image,三星.jpg,数码网报价单-0825更新/手机相关/三星.jpg,1,1.0,visual_0825_source_crosschecked
20260825-6ca89089c6bfcb705cc4-01,2026-08-25,手机,device,三星,G系列(S旗舰),s23 (8+128),,s23 (8+128),开机屏好,1000,CNY/台,,image,三星.jpg,数码网报价单-0825更新/手机相关/三星.jpg,1,1.0,visual_0825_source_crosschecked
20260825-d6f22cccf0c4958b2fad-01,2026-08-25,手机,device,三星,G系列(S旗舰),s23 (8+128),,s23 (8+128),开机屏好小老化,700,CNY/台,,image,三星.jpg,数码网报价单-0825更新/手机相关/三星.jpg,1,1.0,visual_0825_source_crosschecked
20260825-2a1460e8d2e4e5f507de-01,2026-08-25,手机,device,三星,G系列(S旗舰),s23 (8+128),,s23 (8+128),开机屏好大老化,900,CNY/台,,image,三星.jpg,数码网报价单-0825更新/手机相关/三星.jpg,1,1.0,visual_0825_source_crosschecked
20260825-8987a4cb9d459c7b4552-01,2026-08-25,手机,device,三星,G系列(S旗舰),s23 (8+128),,s23 (8+128),开机屏坏,600,CNY/台,,image,三星.jpg,数码网报价单-0825更新/手机相关/三星.jpg,1,1.0,visual_0825_source_crosschecked
20260825-ed927019eeb6598cdbce-01,2026-08-25,手机,device,三星,G系列(S旗舰),s23 (8+128),,s23 (8+128),不开机屏好,300,CNY/台,,image,三星.jpg,数码网报价单-0825更新/手机相关/三星.jpg,1,1.0,visual_0825_source_crosschecked
20260825-12f17d6c183fbe1828d3-01,2026-08-25,手机,device,三星,G系列(S旗舰),s23 (8+128),,s23 (8+128),不开机,180,CNY/台,,image,三星.jpg,数码网报价单-0825更新/手机相关/三星.jpg,1,1.0,visual_0825_source_crosschecked
20260825-6dbf7882edb8da628821-01,2026-08-25,手机,device,三星,G系列(S旗舰),s23 (8+128),,s23 (8+128),废板-整机,180,CNY/台,,image,三星.jpg,数码网报价单-0825更新/手机相关/三星.jpg,1,1.0,visual_0825_source_crosschecked
20260825-a4c97f84f13249f73452-01,2026-08-25,手机,device,三星,G系列(S旗舰),s22+国行,,s22+国行,开机屏好,800,CNY/台,,image,三星.jpg,数码网报价单-0825更新/手机相关/三星.jpg,1,1.0,visual_0825_source_crosschecked
20260825-a3fc4101e58ed0311485-01,2026-08-25,手机,device,三星,G系列(S旗舰),s22+国行,,s22+国行,开机屏好小老化,350,CNY/台,,image,三星.jpg,数码网报价单-0825更新/手机相关/三星.jpg,1,1.0,visual_0825_source_crosschecked
20260825-fba5c086ae90e6787173-01,2026-08-25,手机,device,三星,G系列(S旗舰),s22+国行,,s22+国行,开机屏好大老化,700,CNY/台,,image,三星.jpg,数码网报价单-0825更新/手机相关/三星.jpg,1,1.0,visual_0825_source_crosschecked
20260825-c27b5f7e398ec4dedbf1-01,2026-08-25,手机,device,三星,G系列(S旗舰),s22+国行,,s22+国行,开机屏坏,350,CNY/台,,image,三星.jpg,数码网报价单-0825更新/手机相关/三星.jpg,1,1.0,visual_0825_source_crosschecked
20260825-be6af8b86d7e14c5e197-01,2026-08-25,手机,device,三星,G系列(S旗舰),s22+国行,,s22+国行,不开机屏好,180,CNY/台,,image,三星.jpg,数码网报价单-0825更新/手机相关/三星.jpg,1,1.0,visual_0825_source_crosschecked
20260825-2908056ca1073ad0f0b9-01,2026-08-25,手机,device,三星,G系列(S旗舰),s22+国行,,s22+国行,不开机,180,CNY/台,,image,三星.jpg,数码网报价单-0825更新/手机相关/三星.jpg,1,1.0,visual_0825_source_crosschecked
20260825-3e50a194fb8534ae045d-01,2026-08-25,手机,device,三星,G系列(S旗舰),s22+国行,,s22+国行,废板-整机,180,CNY/台,,image,三星.jpg,数码网报价单-0825更新/手机相关/三星.jpg,1,1.0,visual_0825_source_crosschecked
20260825-a6774ba418e6122fcb40-01,2026-08-25,手机,device,三星,G系列(S旗舰),s22+水货,,s22+水货,开机屏好,800,CNY/台,,image,三星.jpg,数码网报价单-0825更新/手机相关/三星.jpg,1,1.0,visual_0825_source_crosschecked
20260825-8245df3e41fe5159babf-01,2026-08-25,手机,device,三星,G系列(S旗舰),s22+水货,,s22+水货,开机屏好小老化,350,CNY/台,,image,三星.jpg,数码网报价单-0825更新/手机相关/三星.jpg,1,1.0,visual_0825_source_crosschecked
20260825-1e820900919b0c3d12e9-01,2026-08-25,手机,device,三星,G系列(S旗舰),s22+水货,,s22+水货,开机屏好大老化,700,CNY/台,,image,三星.jpg,数码网报价单-0825更新/手机相关/三星.jpg,1,1.0,visual_0825_source_crosschecked
20260825-032a60ac2fa551ded82a-01,2026-08-25,手机,device,三星,G系列(S旗舰),s22+水货,,s22+水货,开机屏坏,350,CNY/台,,image,三星.jpg,数码网报价单-0825更新/手机相关/三星.jpg,1,1.0,visual_0825_source_crosschecked
20260825-46e6f9e1a641a92bf43e-01,2026-08-25,手机,device,三星,G系列(S旗舰),s22+水货,,s22+水货,不开机屏好,180,CNY/台,,image,三星.jpg,数码网报价单-0825更新/手机相关/三星.jpg,1,1.0,visual_0825_source_crosschecked
20260825-1b333879515d7f3699d2-01,2026-08-25,手机,device,三星,G系列(S旗舰),s22+水货,,s22+水货,不开机,180,CNY/台,,image,三星.jpg,数码网报价单-0825更新/手机相关/三星.jpg,1,1.0,visual_0825_source_crosschecked
20260825-49c4010ff0633b9e5f3d-01,2026-08-25,手机,device,三星,G系列(S旗舰),s22+水货,,s22+水货,废板-整机,180,CNY/台,,image,三星.jpg,数码网报价单-0825更新/手机相关/三星.jpg,1,1.0,visual_0825_source_crosschecked
20260825-52b9355ec052d66a0162-01,2026-08-25,手机,device,三星,G系列(S旗舰),s22国行,,s22国行,开机屏好,700,CNY/台,开机屏好镜头花扣300,image,三星.jpg,数码网报价单-0825更新/手机相关/三星.jpg,1,1.0,visual_0825_source_crosschecked
20260825-6807a1088e5685e9f891-01,2026-08-25,手机,device,三星,G系列(S旗舰),s22国行,,s22国行,开机屏好小老化,400,CNY/台,开机屏好镜头花扣300,image,三星.jpg,数码网报价单-0825更新/手机相关/三星.jpg,1,1.0,visual_0825_source_crosschecked
20260825-064b128e70cda1c4f0b2-01,2026-08-25,手机,device,三星,G系列(S旗舰),s22国行,,s22国行,开机屏好大老化,600,CNY/台,开机屏好镜头花扣300,image,三星.jpg,数码网报价单-0825更新/手机相关/三星.jpg,1,1.0,visual_0825_source_crosschecked
20260825-5dc032b4e08dd4a9fc6a-01,2026-08-25,手机,device,三星,G系列(S旗舰),s22国行,,s22国行,开机屏坏,380,CNY/台,开机屏好镜头花扣300,image,三星.jpg,数码网报价单-0825更新/手机相关/三星.jpg,1,1.0,visual_0825_source_crosschecked
20260825-9847b2ef1783f05ed02d-01,2026-08-25,手机,device,三星,G系列(S旗舰),s22国行,,s22国行,不开机屏好,180,CNY/台,开机屏好镜头花扣300,image,三星.jpg,数码网报价单-0825更新/手机相关/三星.jpg,1,1.0,visual_0825_source_crosschecked
20260825-911859b21fe15788208a-01,2026-08-25,手机,device,三星,G系列(S旗舰),s22国行,,s22国行,不开机,180,CNY/台,开机屏好镜头花扣300,image,三星.jpg,数码网报价单-0825更新/手机相关/三星.jpg,1,1.0,visual_0825_source_crosschecked
20260825-73acc46925903dacd542-01,2026-08-25,手机,device,三星,G系列(S旗舰),s22国行,,s22国行,废板-整机,180,CNY/台,开机屏好镜头花扣300,image,三星.jpg,数码网报价单-0825更新/手机相关/三星.jpg,1,1.0,visual_0825_source_crosschecked
20260825-193dbf782429178be342-01,2026-08-25,手机,device,三星,G系列(S旗舰),s22水货,,s22水货,开机屏好,600,CNY/台,开机屏好镜头花扣300,image,三星.jpg,数码网报价单-0825更新/手机相关/三星.jpg,1,1.0,visual_0825_source_crosschecked
20260825-0b3c033fb503d52a7e60-01,2026-08-25,手机,device,三星,G系列(S旗舰),s22水货,,s22水货,开机屏好小老化,250,CNY/台,开机屏好镜头花扣300,image,三星.jpg,数码网报价单-0825更新/手机相关/三星.jpg,1,1.0,visual_0825_source_crosschecked
20260825-02950691af46a1fcda47-01,2026-08-25,手机,device,三星,G系列(S旗舰),s22水货,,s22水货,开机屏好大老化,600,CNY/台,开机屏好镜头花扣300,image,三星.jpg,数码网报价单-0825更新/手机相关/三星.jpg,1,1.0,visual_0825_source_crosschecked
20260825-bfe26de063a92b06832d-01,2026-08-25,手机,device,三星,G系列(S旗舰),s22水货,,s22水货,开机屏坏,300,CNY/台,开机屏好镜头花扣300,image,三星.jpg,数码网报价单-0825更新/手机相关/三星.jpg,1,1.0,visual_0825_source_crosschecked
20260825-5452b84f289c1e4a1bab-01,2026-08-25,手机,device,三星,G系列(S旗舰),s22水货,,s22水货,不开机屏好,180,CNY/台,开机屏好镜头花扣300,image,三星.jpg,数码网报价单-0825更新/手机相关/三星.jpg,1,1.0,visual_0825_source_crosschecked
20260825-0939fbceafc0bdd322cc-01,2026-08-25,手机,device,三星,G系列(S旗舰),s22水货,,s22水货,不开机,180,CNY/台,开机屏好镜头花扣300,image,三星.jpg,数码网报价单-0825更新/手机相关/三星.jpg,1,1.0,visual_0825_source_crosschecked
20260825-098bfa3f463c64ae81f4-01,2026-08-25,手机,device,三星,G系列(S旗舰),s22水货,,s22水货,废板-整机,180,CNY/台,开机屏好镜头花扣300,image,三星.jpg,数码网报价单-0825更新/手机相关/三星.jpg,1,1.0,visual_0825_source_crosschecked
20260825-b805c693698cbdc8d22e-01,2026-08-25,手机,device,三星,G系列(S旗舰),S22k水货,,S22k水货,开机屏好,1200,CNY/台,,image,三星.jpg,数码网报价单-0825更新/手机相关/三星.jpg,1,1.0,visual_0825_source_crosschecked
20260825-258abb61b8342842f43f-01,2026-08-25,手机,device,三星,G系列(S旗舰),S22k水货,,S22k水货,开机屏好小老化,500,CNY/台,,image,三星.jpg,数码网报价单-0825更新/手机相关/三星.jpg,1,1.0,visual_0825_source_crosschecked
20260825-7bcc8a10c0336eb47b2d-01,2026-08-25,手机,device,三星,G系列(S旗舰),S22k水货,,S22k水货,开机屏好大老化,1100,CNY/台,,image,三星.jpg,数码网报价单-0825更新/手机相关/三星.jpg,1,1.0,visual_0825_source_crosschecked
20260825-f4fc7e1644c208a71977-01,2026-08-25,手机,device,三星,G系列(S旗舰),S22k水货,,S22k水货,开机屏坏,450,CNY/台,,image,三星.jpg,数码网报价单-0825更新/手机相关/三星.jpg,1,1.0,visual_0825_source_crosschecked
20260825-e1294ead4dd63c1172ee-01,2026-08-25,手机,device,三星,G系列(S旗舰),S22k水货,,S22k水货,不开机屏好,180,CNY/台,,image,三星.jpg,数码网报价单-0825更新/手机相关/三星.jpg,1,1.0,visual_0825_source_crosschecked
20260825-f6243af46539620158c4-01,2026-08-25,手机,device,三星,G系列(S旗舰),S22k水货,,S22k水货,不开机,180,CNY/台,,image,三星.jpg,数码网报价单-0825更新/手机相关/三星.jpg,1,1.0,visual_0825_source_crosschecked
20260825-bd9641e78c02e233869e-01,2026-08-25,手机,device,三星,G系列(S旗舰),S22k水货,,S22k水货,废板-整机,180,CNY/台,,image,三星.jpg,数码网报价单-0825更新/手机相关/三星.jpg,1,1.0,visual_0825_source_crosschecked
20260825-885850eca35b4ccade74-01,2026-08-25,手机,device,三星,G系列(S旗舰),s22 ultra,,s22 ultra,开机屏好,1300,CNY/台,镜头花扣300,image,三星.jpg,数码网报价单-0825更新/手机相关/三星.jpg,1,1.0,visual_0825_source_crosschecked
20260825-fb9ef3e698f2b47134b4-01,2026-08-25,手机,device,三星,G系列(S旗舰),s22 ultra,,s22 ultra,开机屏好小老化,800,CNY/台,镜头花扣300,image,三星.jpg,数码网报价单-0825更新/手机相关/三星.jpg,1,1.0,visual_0825_source_crosschecked
20260825-75f6cb67b5e11f6934e6-01,2026-08-25,手机,device,三星,G系列(S旗舰),s22 ultra,,s22 ultra,开机屏好大老化,1100,CNY/台,镜头花扣300,image,三星.jpg,数码网报价单-0825更新/手机相关/三星.jpg,1,1.0,visual_0825_source_crosschecked
20260825-1700073a92b609e27169-01,2026-08-25,手机,device,三星,G系列(S旗舰),s22 ultra,,s22 ultra,开机屏坏,700,CNY/台,镜头花扣300,image,三星.jpg,数码网报价单-0825更新/手机相关/三星.jpg,1,1.0,visual_0825_source_crosschecked
20260825-28c86a2cb8fb8d36dc47-01,2026-08-25,手机,device,三星,G系列(S旗舰),s22 ultra,,s22 ultra,不开机屏好,180,CNY/台,镜头花扣300,image,三星.jpg,数码网报价单-0825更新/手机相关/三星.jpg,1,1.0,visual_0825_source_crosschecked
20260825-d7b18b09f64a443eb65e-01,2026-08-25,手机,device,三星,G系列(S旗舰),s22 ultra,,s22 ultra,不开机,180,CNY/台,镜头花扣300,image,三星.jpg,数码网报价单-0825更新/手机相关/三星.jpg,1,1.0,visual_0825_source_crosschecked
20260825-e5af2f04ae38d8011067-01,2026-08-25,手机,device,三星,G系列(S旗舰),s22 ultra,,s22 ultra,废板-整机,180,CNY/台,镜头花扣300,image,三星.jpg,数码网报价单-0825更新/手机相关/三星.jpg,1,1.0,visual_0825_source_crosschecked
20260825-c6243194c1058fe665cf-01,2026-08-25,手机,device,三星,G系列(S旗舰),s21 FE,,s21 FE,开机屏好,650,CNY/台,,image,三星.jpg,数码网报价单-0825更新/手机相关/三星.jpg,1,1.0,visual_0825_source_crosschecked
20260825-91454235ab33bcfdc48e-01,2026-08-25,手机,device,三星,G系列(S旗舰),s21 FE,,s21 FE,开机屏好小老化,260,CNY/台,,image,三星.jpg,数码网报价单-0825更新/手机相关/三星.jpg,1,1.0,visual_0825_source_crosschecked
20260825-6d7acf14388535e1ef5f-01,2026-08-25,手机,device,三星,G系列(S旗舰),s21 FE,,s21 FE,开机屏好大老化,580,CNY/台,,image,三星.jpg,数码网报价单-0825更新/手机相关/三星.jpg,1,1.0,visual_0825_source_crosschecked
20260825-59a1a84621d91bf07ec7-01,2026-08-25,手机,device,三星,G系列(S旗舰),s21 FE,,s21 FE,开机屏坏,90,CNY/台,,image,三星.jpg,数码网报价单-0825更新/手机相关/三星.jpg,1,1.0,visual_0825_source_crosschecked
20260825-1667c842bfb7040f0009-01,2026-08-25,手机,device,三星,G系列(S旗舰),s21 FE,,s21 FE,不开机屏好,60,CNY/台,,image,三星.jpg,数码网报价单-0825更新/手机相关/三星.jpg,1,1.0,visual_0825_source_crosschecked
20260825-3d2b143d0ee729a2f086-01,2026-08-25,手机,device,三星,G系列(S旗舰),s21 FE,,s21 FE,不开机,60,CNY/台,,image,三星.jpg,数码网报价单-0825更新/手机相关/三星.jpg,1,1.0,visual_0825_source_crosschecked
20260825-177d228618525c70c702-01,2026-08-25,手机,device,三星,G系列(S旗舰),s21 FE,,s21 FE,废板-整机,60,CNY/台,,image,三星.jpg,数码网报价单-0825更新/手机相关/三星.jpg,1,1.0,visual_0825_source_crosschecked
20260825-d698201f52e5732ec4bc-01,2026-08-25,手机,device,三星,G系列(S旗舰),S21+/G996N水货,,S21+/G996N水货,开机屏好,500,CNY/台,,image,三星.jpg,数码网报价单-0825更新/手机相关/三星.jpg,1,1.0,visual_0825_source_crosschecked
20260825-462803a5d42ec0e4ca0e-01,2026-08-25,手机,device,三星,G系列(S旗舰),S21+/G996N水货,,S21+/G996N水货,开机屏好小老化,220,CNY/台,,image,三星.jpg,数码网报价单-0825更新/手机相关/三星.jpg,1,1.0,visual_0825_source_crosschecked
20260825-1b2411f59c202c3027c7-01,2026-08-25,手机,device,三星,G系列(S旗舰),S21+/G996N水货,,S21+/G996N水货,开机屏好大老化,500,CNY/台,,image,三星.jpg,数码网报价单-0825更新/手机相关/三星.jpg,1,1.0,visual_0825_source_crosschecked
20260825-cfe8740c78159fc97bd6-01,2026-08-25,手机,device,三星,G系列(S旗舰),S21+/G996N水货,,S21+/G996N水货,开机屏坏,220,CNY/台,,image,三星.jpg,数码网报价单-0825更新/手机相关/三星.jpg,1,1.0,visual_0825_source_crosschecked
20260825-af2d17d5f048ae7cd0d3-01,2026-08-25,手机,device,三星,G系列(S旗舰),S21+/G996N水货,,S21+/G996N水货,不开机屏好,130,CNY/台,,image,三星.jpg,数码网报价单-0825更新/手机相关/三星.jpg,1,1.0,visual_0825_source_crosschecked
20260825-59144ba221e08529ef79-01,2026-08-25,手机,device,三星,G系列(S旗舰),S21+/G996N水货,,S21+/G996N水货,不开机,80,CNY/台,,image,三星.jpg,数码网报价单-0825更新/手机相关/三星.jpg,1,1.0,visual_0825_source_crosschecked
20260825-78bc30bf35272ebddb07-01,2026-08-25,手机,device,三星,G系列(S旗舰),S21+/G996N水货,,S21+/G996N水货,废板-整机,80,CNY/台,,image,三星.jpg,数码网报价单-0825更新/手机相关/三星.jpg,1,1.0,visual_0825_source_crosschecked
20260825-b165b533f6693cac5e6a-01,2026-08-25,手机,device,三星,G系列(S旗舰),S21/G99160,,S21/G99160,开机屏好,800,CNY/台,开机屏好镜头花扣300,image,三星.jpg,数码网报价单-0825更新/手机相关/三星.jpg,1,1.0,visual_0825_source_crosschecked
20260825-8cf9143cd9e1b429f480-01,2026-08-25,手机,device,三星,G系列(S旗舰),S21/G99160,,S21/G99160,开机屏好小老化,250,CNY/台,开机屏好镜头花扣300,image,三星.jpg,数码网报价单-0825更新/手机相关/三星.jpg,1,1.0,visual_0825_source_crosschecked
20260825-da7c9069ae43b5c99c93-01,2026-08-25,手机,device,三星,G系列(S旗舰),S21/G99160,,S21/G99160,开机屏好大老化,600,CNY/台,开机屏好镜头花扣300,image,三星.jpg,数码网报价单-0825更新/手机相关/三星.jpg,1,1.0,visual_0825_source_crosschecked
20260825-d132dec6d6eb2e944fe2-01,2026-08-25,手机,device,三星,G系列(S旗舰),S21/G99160,,S21/G99160,开机屏坏,260,CNY/台,开机屏好镜头花扣300,image,三星.jpg,数码网报价单-0825更新/手机相关/三星.jpg,1,1.0,visual_0825_source_crosschecked
20260825-029d6ef5ff1bd86391f5-01,2026-08-25,手机,device,三星,G系列(S旗舰),S21/G99160,,S21/G99160,不开机屏好,130,CNY/台,开机屏好镜头花扣300,image,三星.jpg,数码网报价单-0825更新/手机相关/三星.jpg,1,1.0,visual_0825_source_crosschecked
20260825-e84bc31d8a01bc0065c6-01,2026-08-25,手机,device,三星,G系列(S旗舰),S21/G99160,,S21/G99160,不开机,80,CNY/台,开机屏好镜头花扣300,image,三星.jpg,数码网报价单-0825更新/手机相关/三星.jpg,1,1.0,visual_0825_source_crosschecked
20260825-0bf0106d476502386e07-01,2026-08-25,手机,device,三星,G系列(S旗舰),S21/G99160,,S21/G99160,废板-整机,80,CNY/台,开机屏好镜头花扣300,image,三星.jpg,数码网报价单-0825更新/手机相关/三星.jpg,1,1.0,visual_0825_source_crosschecked
20260825-0887fc388bcbd7a7868b-01,2026-08-25,手机,device,三星,G系列(S旗舰),s21/G9910,,s21/G9910,开机屏好,500,CNY/台,,image,三星.jpg,数码网报价单-0825更新/手机相关/三星.jpg,1,1.0,visual_0825_source_crosschecked
20260825-6c0a29b3fbddc2c762a8-01,2026-08-25,手机,device,三星,G系列(S旗舰),s21/G9910,,s21/G9910,开机屏好小老化,280,CNY/台,,image,三星.jpg,数码网报价单-0825更新/手机相关/三星.jpg,1,1.0,visual_0825_source_crosschecked
20260825-300d17429dde94b38bdc-01,2026-08-25,手机,device,三星,G系列(S旗舰),s21/G9910,,s21/G9910,开机屏好大老化,450,CNY/台,,image,三星.jpg,数码网报价单-0825更新/手机相关/三星.jpg,1,1.0,visual_0825_source_crosschecked
20260825-a6f692e1d3f6efa070cb-01,2026-08-25,手机,device,三星,G系列(S旗舰),s21/G9910,,s21/G9910,开机屏坏,280,CNY/台,,image,三星.jpg,数码网报价单-0825更新/手机相关/三星.jpg,1,1.0,visual_0825_source_crosschecked
20260825-f45341b5dd6de0da9d05-01,2026-08-25,手机,device,三星,G系列(S旗舰),s21/G9910,,s21/G9910,不开机屏好,130,CNY/台,,image,三星.jpg,数码网报价单-0825更新/手机相关/三星.jpg,1,1.0,visual_0825_source_crosschecked
20260825-f34aead6fe25b27f7f82-01,2026-08-25,手机,device,三星,G系列(S旗舰),s21/G9910,,s21/G9910,不开机,80,CNY/台,,image,三星.jpg,数码网报价单-0825更新/手机相关/三星.jpg,1,1.0,visual_0825_source_crosschecked
20260825-4cf90f982971e1daefb7-01,2026-08-25,手机,device,三星,G系列(S旗舰),s21/G9910,,s21/G9910,废板-整机,80,CNY/台,,image,三星.jpg,数码网报价单-0825更新/手机相关/三星.jpg,1,1.0,visual_0825_source_crosschecked
20260825-6b092053b1e23919f2bc-01,2026-08-25,手机,device,三星,G系列(S旗舰),S21/G991N水货,,S21/G991N水货,开机屏好,450,CNY/台,,image,三星.jpg,数码网报价单-0825更新/手机相关/三星.jpg,1,1.0,visual_0825_source_crosschecked
20260825-c9c900a1d26f5eb74488-01,2026-08-25,手机,device,三星,G系列(S旗舰),S21/G991N水货,,S21/G991N水货,开机屏好小老化,280,CNY/台,,image,三星.jpg,数码网报价单-0825更新/手机相关/三星.jpg,1,1.0,visual_0825_source_crosschecked
20260825-09cf64db990ec778d411-01,2026-08-25,手机,device,三星,G系列(S旗舰),S21/G991N水货,,S21/G991N水货,开机屏好大老化,350,CNY/台,,image,三星.jpg,数码网报价单-0825更新/手机相关/三星.jpg,1,1.0,visual_0825_source_crosschecked
20260825-3a195275f3f0c25dced4-01,2026-08-25,手机,device,三星,G系列(S旗舰),S21/G991N水货,,S21/G991N水货,开机屏坏,280,CNY/台,,image,三星.jpg,数码网报价单-0825更新/手机相关/三星.jpg,1,1.0,visual_0825_source_crosschecked
20260825-4d9d3e147669d9c13035-01,2026-08-25,手机,device,三星,G系列(S旗舰),S21/G991N水货,,S21/G991N水货,不开机屏好,130,CNY/台,,image,三星.jpg,数码网报价单-0825更新/手机相关/三星.jpg,1,1.0,visual_0825_source_crosschecked
20260825-1fe72904d94aabee6036-01,2026-08-25,手机,device,三星,G系列(S旗舰),S21/G991N水货,,S21/G991N水货,不开机,80,CNY/台,,image,三星.jpg,数码网报价单-0825更新/手机相关/三星.jpg,1,1.0,visual_0825_source_crosschecked
20260825-acf625f4d2e522488ee9-01,2026-08-25,手机,device,三星,G系列(S旗舰),S21/G991N水货,,S21/G991N水货,废板-整机,80,CNY/台,,image,三星.jpg,数码网报价单-0825更新/手机相关/三星.jpg,1,1.0,visual_0825_source_crosschecked
20260825-340da1979a0f0d98b845-01,2026-08-25,手机,device,三星,G系列(S旗舰),s21+ultra水货,,s21+ultra水货,开机屏好,900,CNY/台,开机屏好镜头花扣300,image,三星.jpg,数码网报价单-0825更新/手机相关/三星.jpg,1,1.0,visual_0825_source_crosschecked
20260825-00b701f74c906ed1995b-01,2026-08-25,手机,device,三星,G系列(S旗舰),s21+ultra水货,,s21+ultra水货,开机屏好小老化,250,CNY/台,开机屏好镜头花扣300,image,三星.jpg,数码网报价单-0825更新/手机相关/三星.jpg,1,1.0,visual_0825_source_crosschecked
20260825-2a76f3139c8df0b52d17-01,2026-08-25,手机,device,三星,G系列(S旗舰),s21+ultra水货,,s21+ultra水货,开机屏好大老化,700,CNY/台,开机屏好镜头花扣300,image,三星.jpg,数码网报价单-0825更新/手机相关/三星.jpg,1,1.0,visual_0825_source_crosschecked
20260825-db69be7bcfa4675cbab8-01,2026-08-25,手机,device,三星,G系列(S旗舰),s21+ultra水货,,s21+ultra水货,开机屏坏,350,CNY/台,开机屏好镜头花扣300,image,三星.jpg,数码网报价单-0825更新/手机相关/三星.jpg,1,1.0,visual_0825_source_crosschecked
20260825-4546788a466170832e9d-01,2026-08-25,手机,device,三星,G系列(S旗舰),s21+ultra水货,,s21+ultra水货,不开机屏好,150,CNY/台,开机屏好镜头花扣300,image,三星.jpg,数码网报价单-0825更新/手机相关/三星.jpg,1,1.0,visual_0825_source_crosschecked
20260825-ac22a495efb2dbf59c93-01,2026-08-25,手机,device,三星,G系列(S旗舰),s21+ultra水货,,s21+ultra水货,不开机,150,CNY/台,开机屏好镜头花扣300,image,三星.jpg,数码网报价单-0825更新/手机相关/三星.jpg,1,1.0,visual_0825_source_crosschecked
20260825-ee1f0e7554b7c481d7a0-01,2026-08-25,手机,device,三星,G系列(S旗舰),s21+ultra水货,,s21+ultra水货,废板-整机,80,CNY/台,开机屏好镜头花扣300,image,三星.jpg,数码网报价单-0825更新/手机相关/三星.jpg,1,1.0,visual_0825_source_crosschecked
20260825-5bd4243e81d5758b496e-01,2026-08-25,手机,device,三星,G系列(S旗舰),s21+ultra,,s21+ultra,开机屏好,1000,CNY/台,开机屏好镜头花扣300,image,三星.jpg,数码网报价单-0825更新/手机相关/三星.jpg,1,1.0,visual_0825_source_crosschecked
20260825-2e6c177d07854d4ebc9f-01,2026-08-25,手机,device,三星,G系列(S旗舰),s21+ultra,,s21+ultra,开机屏好小老化,600,CNY/台,开机屏好镜头花扣300,image,三星.jpg,数码网报价单-0825更新/手机相关/三星.jpg,1,1.0,visual_0825_source_crosschecked
20260825-1cc5590cda1f8fab6248-01,2026-08-25,手机,device,三星,G系列(S旗舰),s21+ultra,,s21+ultra,开机屏好大老化,800,CNY/台,开机屏好镜头花扣300,image,三星.jpg,数码网报价单-0825更新/手机相关/三星.jpg,1,1.0,visual_0825_source_crosschecked
20260825-129606d4c04e44a2a158-01,2026-08-25,手机,device,三星,G系列(S旗舰),s21+ultra,,s21+ultra,开机屏坏,500,CNY/台,开机屏好镜头花扣300,image,三星.jpg,数码网报价单-0825更新/手机相关/三星.jpg,1,1.0,visual_0825_source_crosschecked
20260825-4bf98164a57eba62be22-01,2026-08-25,手机,device,三星,G系列(S旗舰),s21+ultra,,s21+ultra,不开机屏好,150,CNY/台,开机屏好镜头花扣300,image,三星.jpg,数码网报价单-0825更新/手机相关/三星.jpg,1,1.0,visual_0825_source_crosschecked
20260825-ab192767175cb908957d-01,2026-08-25,手机,device,三星,G系列(S旗舰),s21+ultra,,s21+ultra,不开机,150,CNY/台,开机屏好镜头花扣300,image,三星.jpg,数码网报价单-0825更新/手机相关/三星.jpg,1,1.0,visual_0825_source_crosschecked
20260825-6c9b544bb187f932800d-01,2026-08-25,手机,device,三星,G系列(S旗舰),s21+ultra,,s21+ultra,废板-整机,80,CNY/台,开机屏好镜头花扣300,image,三星.jpg,数码网报价单-0825更新/手机相关/三星.jpg,1,1.0,visual_0825_source_crosschecked
20260825-810ee4aa6abcc6ff6ed0-01,2026-08-25,手机,device,三星,G系列(S旗舰),S20Ultra/G9880,,S20Ultra/G9880,开机屏好,850,CNY/台,,image,三星.jpg,数码网报价单-0825更新/手机相关/三星.jpg,1,1.0,visual_0825_source_crosschecked
20260825-921546149a65c55ea990-01,2026-08-25,手机,device,三星,G系列(S旗舰),S20Ultra/G9880,,S20Ultra/G9880,开机屏好小老化,400,CNY/台,,image,三星.jpg,数码网报价单-0825更新/手机相关/三星.jpg,1,1.0,visual_0825_source_crosschecked
20260825-f17b10c21e6d2f6d912d-01,2026-08-25,手机,device,三星,G系列(S旗舰),S20Ultra/G9880,,S20Ultra/G9880,开机屏好大老化,700,CNY/台,,image,三星.jpg,数码网报价单-0825更新/手机相关/三星.jpg,1,1.0,visual_0825_source_crosschecked
20260825-2001224334bb4d82de1c-01,2026-08-25,手机,device,三星,G系列(S旗舰),S20Ultra/G9880,,S20Ultra/G9880,开机屏坏,400,CNY/台,,image,三星.jpg,数码网报价单-0825更新/手机相关/三星.jpg,1,1.0,visual_0825_source_crosschecked
20260825-4585d575a541bb4accb4-01,2026-08-25,手机,device,三星,G系列(S旗舰),S20Ultra/G9880,,S20Ultra/G9880,不开机屏好,130,CNY/台,,image,三星.jpg,数码网报价单-0825更新/手机相关/三星.jpg,1,1.0,visual_0825_source_crosschecked
20260825-28f1ae7924273493134f-01,2026-08-25,手机,device,三星,G系列(S旗舰),S20Ultra/G9880,,S20Ultra/G9880,不开机,70,CNY/台,,image,三星.jpg,数码网报价单-0825更新/手机相关/三星.jpg,1,1.0,visual_0825_source_crosschecked
20260825-c47f8f15d4a2a85d2e4b-01,2026-08-25,手机,device,三星,G系列(S旗舰),S20Ultra/G9880,,S20Ultra/G9880,废板-整机,65,CNY/台,,image,三星.jpg,数码网报价单-0825更新/手机相关/三星.jpg,1,1.0,visual_0825_source_crosschecked
20260825-558e76b59b2c9c17bd83-01,2026-08-25,手机,device,三星,G系列(S旗舰),S20+/G9860,,S20+/G9860,开机屏好,600,CNY/台,,image,三星.jpg,数码网报价单-0825更新/手机相关/三星.jpg,1,1.0,visual_0825_source_crosschecked
20260825-d7674559a25a3db7acdc-01,2026-08-25,手机,device,三星,G系列(S旗舰),S20+/G9860,,S20+/G9860,开机屏好小老化,240,CNY/台,,image,三星.jpg,数码网报价单-0825更新/手机相关/三星.jpg,1,1.0,visual_0825_source_crosschecked
20260825-351df2a8ad7378178e1c-01,2026-08-25,手机,device,三星,G系列(S旗舰),S20+/G9860,,S20+/G9860,开机屏好大老化,450,CNY/台,,image,三星.jpg,数码网报价单-0825更新/手机相关/三星.jpg,1,1.0,visual_0825_source_crosschecked
20260825-555efa157c92dac0ac29-01,2026-08-25,手机,device,三星,G系列(S旗舰),S20+/G9860,,S20+/G9860,开机屏坏,130,CNY/台,,image,三星.jpg,数码网报价单-0825更新/手机相关/三星.jpg,1,1.0,visual_0825_source_crosschecked
20260825-d41e0307bbf07aeb8fcd-01,2026-08-25,手机,device,三星,G系列(S旗舰),S20+/G9860,,S20+/G9860,不开机屏好,130,CNY/台,,image,三星.jpg,数码网报价单-0825更新/手机相关/三星.jpg,1,1.0,visual_0825_source_crosschecked
20260825-f2e7944105ada59d68d8-01,2026-08-25,手机,device,三星,G系列(S旗舰),S20+/G9860,,S20+/G9860,不开机,70,CNY/台,,image,三星.jpg,数码网报价单-0825更新/手机相关/三星.jpg,1,1.0,visual_0825_source_crosschecked
20260825-34145f0f99cc01365dd8-01,2026-08-25,手机,device,三星,G系列(S旗舰),S20+/G9860,,S20+/G9860,废板-整机,65,CNY/台,,image,三星.jpg,数码网报价单-0825更新/手机相关/三星.jpg,1,1.0,visual_0825_source_crosschecked
20260825-30d5ab70ee541422ebb4-01,2026-08-25,手机,device,三星,G系列(S旗舰),S20/G9810,,S20/G9810,开机屏好,500,CNY/台,,image,三星.jpg,数码网报价单-0825更新/手机相关/三星.jpg,1,1.0,visual_0825_source_crosschecked
20260825-75dc3aa95637bee8d9b7-01,2026-08-25,手机,device,三星,G系列(S旗舰),S20/G9810,,S20/G9810,开机屏好小老化,280,CNY/台,,image,三星.jpg,数码网报价单-0825更新/手机相关/三星.jpg,1,1.0,visual_0825_source_crosschecked
20260825-5c8ea323d86107b1d435-01,2026-08-25,手机,device,三星,G系列(S旗舰),S20/G9810,,S20/G9810,开机屏好大老化,400,CNY/台,,image,三星.jpg,数码网报价单-0825更新/手机相关/三星.jpg,1,1.0,visual_0825_source_crosschecked
20260825-56c775517933dc912025-01,2026-08-25,手机,device,三星,G系列(S旗舰),S20/G9810,,S20/G9810,开机屏坏,230,CNY/台,,image,三星.jpg,数码网报价单-0825更新/手机相关/三星.jpg,1,1.0,visual_0825_source_crosschecked
20260825-b5ce14245f8c5397cabf-01,2026-08-25,手机,device,三星,G系列(S旗舰),S20/G9810,,S20/G9810,不开机屏好,130,CNY/台,,image,三星.jpg,数码网报价单-0825更新/手机相关/三星.jpg,1,1.0,visual_0825_source_crosschecked
20260825-ef88d6a92d88b22c8a21-01,2026-08-25,手机,device,三星,G系列(S旗舰),S20/G9810,,S20/G9810,不开机,65,CNY/台,,image,三星.jpg,数码网报价单-0825更新/手机相关/三星.jpg,1,1.0,visual_0825_source_crosschecked
20260825-aaaa98b5da5cf07b09fc-01,2026-08-25,手机,device,三星,G系列(S旗舰),S20/G9810,,S20/G9810,废板-整机,65,CNY/台,,image,三星.jpg,数码网报价单-0825更新/手机相关/三星.jpg,1,1.0,visual_0825_source_crosschecked
20260825-de8e12807e73710d616c-01,2026-08-25,手机,device,三星,G系列(S旗舰),G988N/S20Ultra水货,,G988N/S20Ultra水货,开机屏好,900,CNY/台,开机屏好镜头花扣300,image,三星.jpg,数码网报价单-0825更新/手机相关/三星.jpg,1,1.0,visual_0825_source_crosschecked
20260825-11db6236c6965e6c3c1a-01,2026-08-25,手机,device,三星,G系列(S旗舰),G988N/S20Ultra水货,,G988N/S20Ultra水货,开机屏好小老化,280,CNY/台,开机屏好镜头花扣300,image,三星.jpg,数码网报价单-0825更新/手机相关/三星.jpg,1,1.0,visual_0825_source_crosschecked
20260825-cf9d46b65ad5833e334a-01,2026-08-25,手机,device,三星,G系列(S旗舰),G988N/S20Ultra水货,,G988N/S20Ultra水货,开机屏好大老化,600,CNY/台,开机屏好镜头花扣300,image,三星.jpg,数码网报价单-0825更新/手机相关/三星.jpg,1,1.0,visual_0825_source_crosschecked
20260825-8e7360633612c25deaa4-01,2026-08-25,手机,device,三星,G系列(S旗舰),G988N/S20Ultra水货,,G988N/S20Ultra水货,开机屏坏,280,CNY/台,开机屏好镜头花扣300,image,三星.jpg,数码网报价单-0825更新/手机相关/三星.jpg,1,1.0,visual_0825_source_crosschecked
20260825-2de44f9b30cbb986a5c2-01,2026-08-25,手机,device,三星,G系列(S旗舰),G988N/S20Ultra水货,,G988N/S20Ultra水货,不开机屏好,120,CNY/台,开机屏好镜头花扣300,image,三星.jpg,数码网报价单-0825更新/手机相关/三星.jpg,1,1.0,visual_0825_source_crosschecked
20260825-93e59afaec445bf00800-01,2026-08-25,手机,device,三星,G系列(S旗舰),G988N/S20Ultra水货,,G988N/S20Ultra水货,不开机,65,CNY/台,开机屏好镜头花扣300,image,三星.jpg,数码网报价单-0825更新/手机相关/三星.jpg,1,1.0,visual_0825_source_crosschecked
20260825-efd4f236eaff4c809bc9-01,2026-08-25,手机,device,三星,G系列(S旗舰),G988N/S20Ultra水货,,G988N/S20Ultra水货,废板-整机,65,CNY/台,开机屏好镜头花扣300,image,三星.jpg,数码网报价单-0825更新/手机相关/三星.jpg,1,1.0,visual_0825_source_crosschecked
20260825-5706aa21d9d0ce74ed4d-01,2026-08-25,手机,device,三星,G系列(S旗舰),S20+/G986N,,S20+/G986N,开机屏好,500,CNY/台,,image,三星.jpg,数码网报价单-0825更新/手机相关/三星.jpg,1,1.0,visual_0825_source_crosschecked
20260825-f7254a7f71bc7fe522f0-01,2026-08-25,手机,device,三星,G系列(S旗舰),S20+/G986N,,S20+/G986N,开机屏好小老化,240,CNY/台,,image,三星.jpg,数码网报价单-0825更新/手机相关/三星.jpg,1,1.0,visual_0825_source_crosschecked
20260825-1ecab57ec2b6e6b30049-01,2026-08-25,手机,device,三星,G系列(S旗舰),S20+/G986N,,S20+/G986N,开机屏好大老化,380,CNY/台,,image,三星.jpg,数码网报价单-0825更新/手机相关/三星.jpg,1,1.0,visual_0825_source_crosschecked
20260825-990663b28ed2f4d66d1b-01,2026-08-25,手机,device,三星,G系列(S旗舰),S20+/G986N,,S20+/G986N,开机屏坏,240,CNY/台,,image,三星.jpg,数码网报价单-0825更新/手机相关/三星.jpg,1,1.0,visual_0825_source_crosschecked
20260825-02c41210fa81ea1c643a-01,2026-08-25,手机,device,三星,G系列(S旗舰),S20+/G986N,,S20+/G986N,不开机屏好,130,CNY/台,,image,三星.jpg,数码网报价单-0825更新/手机相关/三星.jpg,1,1.0,visual_0825_source_crosschecked
20260825-ee4d1497ab6d27b14ac8-01,2026-08-25,手机,device,三星,G系列(S旗舰),S20+/G986N,,S20+/G986N,不开机,65,CNY/台,,image,三星.jpg,数码网报价单-0825更新/手机相关/三星.jpg,1,1.0,visual_0825_source_crosschecked
20260825-c3a6f74e1b9120291cae-01,2026-08-25,手机,device,三星,G系列(S旗舰),S20+/G986N,,S20+/G986N,废板-整机,65,CNY/台,,image,三星.jpg,数码网报价单-0825更新/手机相关/三星.jpg,1,1.0,visual_0825_source_crosschecked
20260825-e467b076d7c4fbb435e2-01,2026-08-25,手机,device,三星,G系列(S旗舰),S20水货,,S20水货,开机屏好,500,CNY/台,,image,三星.jpg,数码网报价单-0825更新/手机相关/三星.jpg,1,1.0,visual_0825_source_crosschecked
20260825-6716d92a653a438d305a-01,2026-08-25,手机,device,三星,G系列(S旗舰),S20水货,,S20水货,开机屏好小老化,230,CNY/台,,image,三星.jpg,数码网报价单-0825更新/手机相关/三星.jpg,1,1.0,visual_0825_source_crosschecked
20260825-ffd56214cb3945b87111-01,2026-08-25,手机,device,三星,G系列(S旗舰),S20水货,,S20水货,开机屏好大老化,300,CNY/台,,image,三星.jpg,数码网报价单-0825更新/手机相关/三星.jpg,1,1.0,visual_0825_source_crosschecked
20260825-30c59755f13f8df67de3-01,2026-08-25,手机,device,三星,G系列(S旗舰),S20水货,,S20水货,开机屏坏,230,CNY/台,,image,三星.jpg,数码网报价单-0825更新/手机相关/三星.jpg,1,1.0,visual_0825_source_crosschecked
20260825-49649b814cd424b7d0a5-01,2026-08-25,手机,device,三星,G系列(S旗舰),S20水货,,S20水货,不开机屏好,130,CNY/台,,image,三星.jpg,数码网报价单-0825更新/手机相关/三星.jpg,1,1.0,visual_0825_source_crosschecked
20260825-06c95cdc08a78b1ed1bc-01,2026-08-25,手机,device,三星,G系列(S旗舰),S20水货,,S20水货,不开机,65,CNY/台,,image,三星.jpg,数码网报价单-0825更新/手机相关/三星.jpg,1,1.0,visual_0825_source_crosschecked
20260825-a45ee936c8613c380a7e-01,2026-08-25,手机,device,三星,G系列(S旗舰),S20水货,,S20水货,废板-整机,65,CNY/台,,image,三星.jpg,数码网报价单-0825更新/手机相关/三星.jpg,1,1.0,visual_0825_source_crosschecked
20260825-9f229670e2451e256af7-01,2026-08-25,手机,device,三星,G系列(S旗舰),S10+/G9750,,S10+/G9750,开机屏好,600,CNY/台,,image,三星.jpg,数码网报价单-0825更新/手机相关/三星.jpg,1,1.0,visual_0825_source_crosschecked
20260825-f8e3bd7805d5ea213c5d-01,2026-08-25,手机,device,三星,G系列(S旗舰),S10+/G9750,,S10+/G9750,开机屏好小老化,150,CNY/台,,image,三星.jpg,数码网报价单-0825更新/手机相关/三星.jpg,1,1.0,visual_0825_source_crosschecked
20260825-a3a69d934d05255f3d27-01,2026-08-25,手机,device,三星,G系列(S旗舰),S10+/G9750,,S10+/G9750,开机屏好大老化,300,CNY/台,,image,三星.jpg,数码网报价单-0825更新/手机相关/三星.jpg,1,1.0,visual_0825_source_crosschecked
20260825-b8607b0d78bcae3387b5-01,2026-08-25,手机,device,三星,G系列(S旗舰),S10+/G9750,,S10+/G9750,开机屏坏,150,CNY/台,,image,三星.jpg,数码网报价单-0825更新/手机相关/三星.jpg,1,1.0,visual_0825_source_crosschecked
20260825-a3abcb2ae29e211d2ca7-01,2026-08-25,手机,device,三星,G系列(S旗舰),S10+/G9750,,S10+/G9750,不开机屏好,200,CNY/台,,image,三星.jpg,数码网报价单-0825更新/手机相关/三星.jpg,1,1.0,visual_0825_source_crosschecked
20260825-b018bccc5bfc65380c9e-01,2026-08-25,手机,device,三星,G系列(S旗舰),S10+/G9750,,S10+/G9750,不开机,55,CNY/台,,image,三星.jpg,数码网报价单-0825更新/手机相关/三星.jpg,1,1.0,visual_0825_source_crosschecked
20260825-5f08489e67bda5fa709b-01,2026-08-25,手机,device,三星,G系列(S旗舰),S10+/G9750,,S10+/G9750,废板-整机,55,CNY/台,,image,三星.jpg,数码网报价单-0825更新/手机相关/三星.jpg,1,1.0,visual_0825_source_crosschecked
20260825-303af4860c5cec53c0ff-01,2026-08-25,手机,device,三星,G系列(S旗舰),G9730/S10,,G9730/S10,开机屏好,470,CNY/台,,image,三星.jpg,数码网报价单-0825更新/手机相关/三星.jpg,1,1.0,visual_0825_source_crosschecked
20260825-5213f312cc93f300b115-01,2026-08-25,手机,device,三星,G系列(S旗舰),G9730/S10,,G9730/S10,开机屏好小老化,150,CNY/台,,image,三星.jpg,数码网报价单-0825更新/手机相关/三星.jpg,1,1.0,visual_0825_source_crosschecked
20260825-86aa1106f1389df83116-01,2026-08-25,手机,device,三星,G系列(S旗舰),G9730/S10,,G9730/S10,开机屏好大老化,300,CNY/台,,image,三星.jpg,数码网报价单-0825更新/手机相关/三星.jpg,1,1.0,visual_0825_source_crosschecked
20260825-72f9c7223fc07c19d1fd-01,2026-08-25,手机,device,三星,G系列(S旗舰),G9730/S10,,G9730/S10,开机屏坏,150,CNY/台,,image,三星.jpg,数码网报价单-0825更新/手机相关/三星.jpg,1,1.0,visual_0825_source_crosschecked
20260825-8f4b65a43d13f4caa856-01,2026-08-25,手机,device,三星,G系列(S旗舰),G9730/S10,,G9730/S10,不开机屏好,150,CNY/台,,image,三星.jpg,数码网报价单-0825更新/手机相关/三星.jpg,1,1.0,visual_0825_source_crosschecked
20260825-36940a2ab484ecb03de0-01,2026-08-25,手机,device,三星,G系列(S旗舰),G9730/S10,,G9730/S10,不开机,55,CNY/台,,image,三星.jpg,数码网报价单-0825更新/手机相关/三星.jpg,1,1.0,visual_0825_source_crosschecked
20260825-206fba4cde192994d0dd-01,2026-08-25,手机,device,三星,G系列(S旗舰),G9730/S10,,G9730/S10,废板-整机,55,CNY/台,,image,三星.jpg,数码网报价单-0825更新/手机相关/三星.jpg,1,1.0,visual_0825_source_crosschecked
20260825-28cbb98c7b855d03730d-01,2026-08-25,手机,device,三星,G系列(S旗舰),973u/S10水货,,973u/S10水货,开机屏好,470,CNY/台,,image,三星.jpg,数码网报价单-0825更新/手机相关/三星.jpg,1,1.0,visual_0825_source_crosschecked
20260825-ddd7fd66750875e4afa8-01,2026-08-25,手机,device,三星,G系列(S旗舰),973u/S10水货,,973u/S10水货,开机屏好小老化,150,CNY/台,,image,三星.jpg,数码网报价单-0825更新/手机相关/三星.jpg,1,1.0,visual_0825_source_crosschecked
20260825-e262d4472c5ef6c82a08-01,2026-08-25,手机,device,三星,G系列(S旗舰),973u/S10水货,,973u/S10水货,开机屏好大老化,300,CNY/台,,image,三星.jpg,数码网报价单-0825更新/手机相关/三星.jpg,1,1.0,visual_0825_source_crosschecked
20260825-de11d5392a0d5e5749fd-01,2026-08-25,手机,device,三星,G系列(S旗舰),973u/S10水货,,973u/S10水货,开机屏坏,150,CNY/台,,image,三星.jpg,数码网报价单-0825更新/手机相关/三星.jpg,1,1.0,visual_0825_source_crosschecked
20260825-c03922ea86f75632760d-01,2026-08-25,手机,device,三星,G系列(S旗舰),973u/S10水货,,973u/S10水货,不开机屏好,150,CNY/台,,image,三星.jpg,数码网报价单-0825更新/手机相关/三星.jpg,1,1.0,visual_0825_source_crosschecked
20260825-0f7e4f9c1617e2584c66-01,2026-08-25,手机,device,三星,G系列(S旗舰),973u/S10水货,,973u/S10水货,不开机,55,CNY/台,,image,三星.jpg,数码网报价单-0825更新/手机相关/三星.jpg,1,1.0,visual_0825_source_crosschecked
20260825-a0b27a8d446f4a48481c-01,2026-08-25,手机,device,三星,G系列(S旗舰),973u/S10水货,,973u/S10水货,废板-整机,55,CNY/台,,image,三星.jpg,数码网报价单-0825更新/手机相关/三星.jpg,1,1.0,visual_0825_source_crosschecked
20260825-23a274f4c72de3e39465-01,2026-08-25,手机,device,三星,G系列(S旗舰),G9700/S10e,,G9700/S10e,开机屏好,240,CNY/台,,image,三星.jpg,数码网报价单-0825更新/手机相关/三星.jpg,1,1.0,visual_0825_source_crosschecked
20260825-9905410ea0cc8ff58c91-01,2026-08-25,手机,device,三星,G系列(S旗舰),G9700/S10e,,G9700/S10e,开机屏好小老化,140,CNY/台,,image,三星.jpg,数码网报价单-0825更新/手机相关/三星.jpg,1,1.0,visual_0825_source_crosschecked
20260825-f95e28cecb3f7fdf570c-01,2026-08-25,手机,device,三星,G系列(S旗舰),G9700/S10e,,G9700/S10e,开机屏好大老化,240,CNY/台,,image,三星.jpg,数码网报价单-0825更新/手机相关/三星.jpg,1,1.0,visual_0825_source_crosschecked
20260825-3e812b959f4ae088dec3-01,2026-08-25,手机,device,三星,G系列(S旗舰),G9700/S10e,,G9700/S10e,开机屏坏,140,CNY/台,,image,三星.jpg,数码网报价单-0825更新/手机相关/三星.jpg,1,1.0,visual_0825_source_crosschecked
20260825-9b23f5aa7f882d960608-01,2026-08-25,手机,device,三星,G系列(S旗舰),G9700/S10e,,G9700/S10e,不开机屏好,120,CNY/台,,image,三星.jpg,数码网报价单-0825更新/手机相关/三星.jpg,1,1.0,visual_0825_source_crosschecked
20260825-ec2f368a13fc5ff79b90-01,2026-08-25,手机,device,三星,G系列(S旗舰),G9700/S10e,,G9700/S10e,不开机,50,CNY/台,,image,三星.jpg,数码网报价单-0825更新/手机相关/三星.jpg,1,1.0,visual_0825_source_crosschecked
20260825-b42362eb082a22f4197d-01,2026-08-25,手机,device,三星,G系列(S旗舰),G9700/S10e,,G9700/S10e,废板-整机,50,CNY/台,,image,三星.jpg,数码网报价单-0825更新/手机相关/三星.jpg,1,1.0,visual_0825_source_crosschecked
20260825-2517de1e3e8abe800939-01,2026-08-25,手机,device,三星,G系列(S旗舰),S10e水货,,S10e水货,开机屏好,280,CNY/台,,image,三星.jpg,数码网报价单-0825更新/手机相关/三星.jpg,1,1.0,visual_0825_source_crosschecked
20260825-ebb7f7eddcf8d6850470-01,2026-08-25,手机,device,三星,G系列(S旗舰),S10e水货,,S10e水货,开机屏好小老化,120,CNY/台,,image,三星.jpg,数码网报价单-0825更新/手机相关/三星.jpg,1,1.0,visual_0825_source_crosschecked
20260825-cb6a0fb75d828f56124b-01,2026-08-25,手机,device,三星,G系列(S旗舰),S10e水货,,S10e水货,开机屏好大老化,280,CNY/台,,image,三星.jpg,数码网报价单-0825更新/手机相关/三星.jpg,1,1.0,visual_0825_source_crosschecked
20260825-5f8c3fa5c950b180e41c-01,2026-08-25,手机,device,三星,G系列(S旗舰),S10e水货,,S10e水货,开机屏坏,120,CNY/台,,image,三星.jpg,数码网报价单-0825更新/手机相关/三星.jpg,1,1.0,visual_0825_source_crosschecked
20260825-2bae16f291dc55f979f8-01,2026-08-25,手机,device,三星,G系列(S旗舰),S10e水货,,S10e水货,不开机屏好,80,CNY/台,,image,三星.jpg,数码网报价单-0825更新/手机相关/三星.jpg,1,1.0,visual_0825_source_crosschecked
20260825-0264ae4f823768bca447-01,2026-08-25,手机,device,三星,G系列(S旗舰),S10e水货,,S10e水货,不开机,55,CNY/台,,image,三星.jpg,数码网报价单-0825更新/手机相关/三星.jpg,1,1.0,visual_0825_source_crosschecked
20260825-8ad1286d63d4cb0085db-01,2026-08-25,手机,device,三星,G系列(S旗舰),S10e水货,,S10e水货,废板-整机,55,CNY/台,,image,三星.jpg,数码网报价单-0825更新/手机相关/三星.jpg,1,1.0,visual_0825_source_crosschecked
20260825-98a168f4dad9a637c6fc-01,2026-08-25,手机,device,三星,G系列(S旗舰),s10+水货,,s10+水货,开机屏好,500,CNY/台,,image,三星.jpg,数码网报价单-0825更新/手机相关/三星.jpg,1,1.0,visual_0825_source_crosschecked
20260825-d4d460d3380750abadd2-01,2026-08-25,手机,device,三星,G系列(S旗舰),s10+水货,,s10+水货,开机屏好小老化,300,CNY/台,,image,三星.jpg,数码网报价单-0825更新/手机相关/三星.jpg,1,1.0,visual_0825_source_crosschecked
20260825-aa03835d57ca089d5eb9-01,2026-08-25,手机,device,三星,G系列(S旗舰),s10+水货,,s10+水货,开机屏好大老化,400,CNY/台,,image,三星.jpg,数码网报价单-0825更新/手机相关/三星.jpg,1,1.0,visual_0825_source_crosschecked
20260825-227b78227edfee095a6d-01,2026-08-25,手机,device,三星,G系列(S旗舰),s10+水货,,s10+水货,开机屏坏,120,CNY/台,,image,三星.jpg,数码网报价单-0825更新/手机相关/三星.jpg,1,1.0,visual_0825_source_crosschecked
20260825-a04dc83a863d66c32612-01,2026-08-25,手机,device,三星,G系列(S旗舰),s10+水货,,s10+水货,不开机屏好,80,CNY/台,,image,三星.jpg,数码网报价单-0825更新/手机相关/三星.jpg,1,1.0,visual_0825_source_crosschecked
20260825-557bb09574947394b9b7-01,2026-08-25,手机,device,三星,G系列(S旗舰),s10+水货,,s10+水货,不开机,55,CNY/台,,image,三星.jpg,数码网报价单-0825更新/手机相关/三星.jpg,1,1.0,visual_0825_source_crosschecked
20260825-0e9254f47bf846dca829-01,2026-08-25,手机,device,三星,G系列(S旗舰),s10+水货,,s10+水货,废板-整机,55,CNY/台,,image,三星.jpg,数码网报价单-0825更新/手机相关/三星.jpg,1,1.0,visual_0825_source_crosschecked
20260825-d3af6ae8289bcf89974c-01,2026-08-25,手机,device,三星,G系列(S旗舰),G9650/S9+,,G9650/S9+,开机屏好,350,CNY/台,,image,三星.jpg,数码网报价单-0825更新/手机相关/三星.jpg,1,1.0,visual_0825_source_crosschecked
20260825-fa7b2f1e422163dc1e2d-01,2026-08-25,手机,device,三星,G系列(S旗舰),G9650/S9+,,G9650/S9+,开机屏好小老化,200,CNY/台,,image,三星.jpg,数码网报价单-0825更新/手机相关/三星.jpg,1,1.0,visual_0825_source_crosschecked
20260825-23382a936076b905949b-01,2026-08-25,手机,device,三星,G系列(S旗舰),G9650/S9+,,G9650/S9+,开机屏好大老化,280,CNY/台,,image,三星.jpg,数码网报价单-0825更新/手机相关/三星.jpg,1,1.0,visual_0825_source_crosschecked
20260825-f639f329fda596d7ee5b-01,2026-08-25,手机,device,三星,G系列(S旗舰),G9650/S9+,,G9650/S9+,开机屏坏,110,CNY/台,,image,三星.jpg,数码网报价单-0825更新/手机相关/三星.jpg,1,1.0,visual_0825_source_crosschecked
20260825-ead45ad24766bc6f9cf4-01,2026-08-25,手机,device,三星,G系列(S旗舰),G9650/S9+,,G9650/S9+,不开机屏好,70,CNY/台,,image,三星.jpg,数码网报价单-0825更新/手机相关/三星.jpg,1,1.0,visual_0825_source_crosschecked
20260825-570a29b49630997ecb04-01,2026-08-25,手机,device,三星,G系列(S旗舰),G9650/S9+,,G9650/S9+,不开机,50,CNY/台,,image,三星.jpg,数码网报价单-0825更新/手机相关/三星.jpg,1,1.0,visual_0825_source_crosschecked
20260825-20f22c89ea39cc01043f-01,2026-08-25,手机,device,三星,G系列(S旗舰),G9650/S9+,,G9650/S9+,废板-整机,50,CNY/台,,image,三星.jpg,数码网报价单-0825更新/手机相关/三星.jpg,1,1.0,visual_0825_source_crosschecked
20260825-1a9791b32f4a4eaa9903-01,2026-08-25,手机,device,三星,G系列(S旗舰),G9600/S9,,G9600/S9,开机屏好,260,CNY/台,,image,三星.jpg,数码网报价单-0825更新/手机相关/三星.jpg,1,1.0,visual_0825_source_crosschecked
20260825-34e122ef6476cbed463b-01,2026-08-25,手机,device,三星,G系列(S旗舰),G9600/S9,,G9600/S9,开机屏好小老化,160,CNY/台,,image,三星.jpg,数码网报价单-0825更新/手机相关/三星.jpg,1,1.0,visual_0825_source_crosschecked
20260825-6278d8b0a4c899582d40-01,2026-08-25,手机,device,三星,G系列(S旗舰),G9600/S9,,G9600/S9,开机屏好大老化,220,CNY/台,,image,三星.jpg,数码网报价单-0825更新/手机相关/三星.jpg,1,1.0,visual_0825_source_crosschecked
20260825-912b32ee46396254c32d-01,2026-08-25,手机,device,三星,G系列(S旗舰),G9600/S9,,G9600/S9,开机屏坏,90,CNY/台,,image,三星.jpg,数码网报价单-0825更新/手机相关/三星.jpg,1,1.0,visual_0825_source_crosschecked
20260825-e30ab2ce6d9569f691c5-01,2026-08-25,手机,device,三星,G系列(S旗舰),G9600/S9,,G9600/S9,不开机屏好,80,CNY/台,,image,三星.jpg,数码网报价单-0825更新/手机相关/三星.jpg,1,1.0,visual_0825_source_crosschecked
20260825-c7066a587d7c96fda36f-01,2026-08-25,手机,device,三星,G系列(S旗舰),G9600/S9,,G9600/S9,不开机,50,CNY/台,,image,三星.jpg,数码网报价单-0825更新/手机相关/三星.jpg,1,1.0,visual_0825_source_crosschecked
20260825-c08dc8e7258767acb8e8-01,2026-08-25,手机,device,三星,G系列(S旗舰),G9600/S9,,G9600/S9,废板-整机,50,CNY/台,,image,三星.jpg,数码网报价单-0825更新/手机相关/三星.jpg,1,1.0,visual_0825_source_crosschecked
20260825-2e0f211e46a001f5ebc1-01,2026-08-25,手机,device,三星,G系列(S旗舰),G965U/S9+美版,,G965U/S9+美版,开机屏好,350,CNY/台,,image,三星.jpg,数码网报价单-0825更新/手机相关/三星.jpg,1,1.0,visual_0825_source_crosschecked
20260825-68c78fb0c55b067020a4-01,2026-08-25,手机,device,三星,G系列(S旗舰),G965U/S9+美版,,G965U/S9+美版,开机屏好小老化,110,CNY/台,,image,三星.jpg,数码网报价单-0825更新/手机相关/三星.jpg,1,1.0,visual_0825_source_crosschecked
20260825-a1506f439fe903eb7fbc-01,2026-08-25,手机,device,三星,G系列(S旗舰),G965U/S9+美版,,G965U/S9+美版,开机屏好大老化,220,CNY/台,,image,三星.jpg,数码网报价单-0825更新/手机相关/三星.jpg,1,1.0,visual_0825_source_crosschecked
20260825-981ad5c500bd4b67cd52-01,2026-08-25,手机,device,三星,G系列(S旗舰),G965U/S9+美版,,G965U/S9+美版,开机屏坏,90,CNY/台,,image,三星.jpg,数码网报价单-0825更新/手机相关/三星.jpg,1,1.0,visual_0825_source_crosschecked
20260825-edbaac92465fe47f20c2-01,2026-08-25,手机,device,三星,G系列(S旗舰),G965U/S9+美版,,G965U/S9+美版,不开机屏好,80,CNY/台,,image,三星.jpg,数码网报价单-0825更新/手机相关/三星.jpg,1,1.0,visual_0825_source_crosschecked
20260825-e8c945a276207216be70-01,2026-08-25,手机,device,三星,G系列(S旗舰),G965U/S9+美版,,G965U/S9+美版,不开机,50,CNY/台,,image,三星.jpg,数码网报价单-0825更新/手机相关/三星.jpg,1,1.0,visual_0825_source_crosschecked
20260825-13e92520303646cf1aa0-01,2026-08-25,手机,device,三星,G系列(S旗舰),G965U/S9+美版,,G965U/S9+美版,废板-整机,50,CNY/台,,image,三星.jpg,数码网报价单-0825更新/手机相关/三星.jpg,1,1.0,visual_0825_source_crosschecked
20260825-6263de9c91a45f0a7c22-01,2026-08-25,手机,device,三星,G系列(S旗舰),G960U/S9+美版,,G960U/S9+美版,开机屏好,350,CNY/台,,image,三星.jpg,数码网报价单-0825更新/手机相关/三星.jpg,1,1.0,visual_0825_source_crosschecked
20260825-44d4225fabbac388b376-01,2026-08-25,手机,device,三星,G系列(S旗舰),G960U/S9+美版,,G960U/S9+美版,开机屏好小老化,110,CNY/台,,image,三星.jpg,数码网报价单-0825更新/手机相关/三星.jpg,1,1.0,visual_0825_source_crosschecked
20260825-6fb28eddd73a06324fca-01,2026-08-25,手机,device,三星,G系列(S旗舰),G960U/S9+美版,,G960U/S9+美版,开机屏好大老化,200,CNY/台,,image,三星.jpg,数码网报价单-0825更新/手机相关/三星.jpg,1,1.0,visual_0825_source_crosschecked
20260825-805e334ad6565694ac10-01,2026-08-25,手机,device,三星,G系列(S旗舰),G960U/S9+美版,,G960U/S9+美版,开机屏坏,110,CNY/台,,image,三星.jpg,数码网报价单-0825更新/手机相关/三星.jpg,1,1.0,visual_0825_source_crosschecked
20260825-20beae6c8df25fcbf44e-01,2026-08-25,手机,device,三星,G系列(S旗舰),G960U/S9+美版,,G960U/S9+美版,不开机屏好,65,CNY/台,,image,三星.jpg,数码网报价单-0825更新/手机相关/三星.jpg,1,1.0,visual_0825_source_crosschecked
20260825-04fcc32453491f955968-01,2026-08-25,手机,device,三星,G系列(S旗舰),G960U/S9+美版,,G960U/S9+美版,不开机,50,CNY/台,,image,三星.jpg,数码网报价单-0825更新/手机相关/三星.jpg,1,1.0,visual_0825_source_crosschecked
20260825-65a628f10026fe5d9b18-01,2026-08-25,手机,device,三星,G系列(S旗舰),G960U/S9+美版,,G960U/S9+美版,废板-整机,50,CNY/台,,image,三星.jpg,数码网报价单-0825更新/手机相关/三星.jpg,1,1.0,visual_0825_source_crosschecked
20260825-7f71005d187cb04ffda6-01,2026-08-25,手机,device,三星,G系列(S旗舰),G955fd/S8+,,G955fd/S8+,开机屏好,260,CNY/台,,image,三星.jpg,数码网报价单-0825更新/手机相关/三星.jpg,1,1.0,visual_0825_source_crosschecked
20260825-a8369516aa58671a0469-01,2026-08-25,手机,device,三星,G系列(S旗舰),G955fd/S8+,,G955fd/S8+,开机屏好小老化,150,CNY/台,,image,三星.jpg,数码网报价单-0825更新/手机相关/三星.jpg,1,1.0,visual_0825_source_crosschecked
20260825-55fb8e3202e3aeaf0de3-01,2026-08-25,手机,device,三星,G系列(S旗舰),G955fd/S8+,,G955fd/S8+,开机屏好大老化,220,CNY/台,,image,三星.jpg,数码网报价单-0825更新/手机相关/三星.jpg,1,1.0,visual_0825_source_crosschecked
20260825-b761d96c5a3acfd1ff57-01,2026-08-25,手机,device,三星,G系列(S旗舰),G955fd/S8+,,G955fd/S8+,开机屏坏,80,CNY/台,,image,三星.jpg,数码网报价单-0825更新/手机相关/三星.jpg,1,1.0,visual_0825_source_crosschecked
20260825-ac7686f6d5232f65e7c6-01,2026-08-25,手机,device,三星,G系列(S旗舰),G955fd/S8+,,G955fd/S8+,不开机屏好,80,CNY/台,,image,三星.jpg,数码网报价单-0825更新/手机相关/三星.jpg,1,1.0,visual_0825_source_crosschecked
20260825-1c0a8c332ef97a3e0fe6-01,2026-08-25,手机,device,三星,G系列(S旗舰),G955fd/S8+,,G955fd/S8+,不开机,80,CNY/台,,image,三星.jpg,数码网报价单-0825更新/手机相关/三星.jpg,1,1.0,visual_0825_source_crosschecked
20260825-9e5bf00b44e851a163fb-01,2026-08-25,手机,device,三星,G系列(S旗舰),G955fd/S8+,,G955fd/S8+,废板-整机,60,CNY/台,,image,三星.jpg,数码网报价单-0825更新/手机相关/三星.jpg,1,1.0,visual_0825_source_crosschecked
20260825-983ab7098bd8570e6c23-01,2026-08-25,手机,device,三星,G系列(S旗舰),G955f/S8+,,G955f/S8+,开机屏好,260,CNY/台,,image,三星.jpg,数码网报价单-0825更新/手机相关/三星.jpg,1,1.0,visual_0825_source_crosschecked
20260825-d1b5c93b8b18b9b94aca-01,2026-08-25,手机,device,三星,G系列(S旗舰),G955f/S8+,,G955f/S8+,开机屏好小老化,150,CNY/台,,image,三星.jpg,数码网报价单-0825更新/手机相关/三星.jpg,1,1.0,visual_0825_source_crosschecked
20260825-b8ec8d59df78eb6bd352-01,2026-08-25,手机,device,三星,G系列(S旗舰),G955f/S8+,,G955f/S8+,开机屏好大老化,220,CNY/台,,image,三星.jpg,数码网报价单-0825更新/手机相关/三星.jpg,1,1.0,visual_0825_source_crosschecked
20260825-d0d4d3ce42659a1e0f04-01,2026-08-25,手机,device,三星,G系列(S旗舰),G955f/S8+,,G955f/S8+,开机屏坏,80,CNY/台,,image,三星.jpg,数码网报价单-0825更新/手机相关/三星.jpg,1,1.0,visual_0825_source_crosschecked
20260825-35e57cfe414a95b32249-01,2026-08-25,手机,device,三星,G系列(S旗舰),G955f/S8+,,G955f/S8+,不开机屏好,80,CNY/台,,image,三星.jpg,数码网报价单-0825更新/手机相关/三星.jpg,1,1.0,visual_0825_source_crosschecked
20260825-5deb6a319e0d78d6393b-01,2026-08-25,手机,device,三星,G系列(S旗舰),G955f/S8+,,G955f/S8+,不开机,80,CNY/台,,image,三星.jpg,数码网报价单-0825更新/手机相关/三星.jpg,1,1.0,visual_0825_source_crosschecked
20260825-aaf7ac7449312b1cd2b5-01,2026-08-25,手机,device,三星,G系列(S旗舰),G955f/S8+,,G955f/S8+,废板-整机,60,CNY/台,,image,三星.jpg,数码网报价单-0825更新/手机相关/三星.jpg,1,1.0,visual_0825_source_crosschecked
20260825-59898986b3c3f703226d-01,2026-08-25,手机,device,三星,G系列(S旗舰),G9550/S8+美版,,G9550/S8+美版,开机屏好,260,CNY/台,,image,三星.jpg,数码网报价单-0825更新/手机相关/三星.jpg,1,1.0,visual_0825_source_crosschecked
20260825-5e1dc38fb65d7e6ce928-01,2026-08-25,手机,device,三星,G系列(S旗舰),G9550/S8+美版,,G9550/S8+美版,开机屏好小老化,150,CNY/台,,image,三星.jpg,数码网报价单-0825更新/手机相关/三星.jpg,1,1.0,visual_0825_source_crosschecked
20260825-f60ffe48127d39832466-01,2026-08-25,手机,device,三星,G系列(S旗舰),G9550/S8+美版,,G9550/S8+美版,开机屏好大老化,220,CNY/台,,image,三星.jpg,数码网报价单-0825更新/手机相关/三星.jpg,1,1.0,visual_0825_source_crosschecked
20260825-63dd2615df8c90766112-01,2026-08-25,手机,device,三星,G系列(S旗舰),G9550/S8+美版,,G9550/S8+美版,开机屏坏,80,CNY/台,,image,三星.jpg,数码网报价单-0825更新/手机相关/三星.jpg,1,1.0,visual_0825_source_crosschecked
20260825-4b059fe80630f25b437a-01,2026-08-25,手机,device,三星,G系列(S旗舰),G9550/S8+美版,,G9550/S8+美版,不开机屏好,80,CNY/台,,image,三星.jpg,数码网报价单-0825更新/手机相关/三星.jpg,1,1.0,visual_0825_source_crosschecked
20260825-faf2335d80f5eb9c5955-01,2026-08-25,手机,device,三星,G系列(S旗舰),G9550/S8+美版,,G9550/S8+美版,不开机,80,CNY/台,,image,三星.jpg,数码网报价单-0825更新/手机相关/三星.jpg,1,1.0,visual_0825_source_crosschecked
20260825-e9900b04624da954923e-01,2026-08-25,手机,device,三星,G系列(S旗舰),G9550/S8+美版,,G9550/S8+美版,废板-整机,60,CNY/台,,image,三星.jpg,数码网报价单-0825更新/手机相关/三星.jpg,1,1.0,visual_0825_source_crosschecked
20260825-eb2d88796ab737036ef6-01,2026-08-25,手机,device,三星,G系列(S旗舰),G9550/S8+港版,,G9550/S8+港版,开机屏好,260,CNY/台,,image,三星.jpg,数码网报价单-0825更新/手机相关/三星.jpg,1,1.0,visual_0825_source_crosschecked
20260825-fc8b9aba08675d228172-01,2026-08-25,手机,device,三星,G系列(S旗舰),G9550/S8+港版,,G9550/S8+港版,开机屏好小老化,150,CNY/台,,image,三星.jpg,数码网报价单-0825更新/手机相关/三星.jpg,1,1.0,visual_0825_source_crosschecked
20260825-bbf773e5877af20544fc-01,2026-08-25,手机,device,三星,G系列(S旗舰),G9550/S8+港版,,G9550/S8+港版,开机屏好大老化,220,CNY/台,,image,三星.jpg,数码网报价单-0825更新/手机相关/三星.jpg,1,1.0,visual_0825_source_crosschecked
20260825-d06648c76ed4d554a471-01,2026-08-25,手机,device,三星,G系列(S旗舰),G9550/S8+港版,,G9550/S8+港版,开机屏坏,80,CNY/台,,image,三星.jpg,数码网报价单-0825更新/手机相关/三星.jpg,1,1.0,visual_0825_source_crosschecked
20260825-1140640c0e7a0f3be191-01,2026-08-25,手机,device,三星,G系列(S旗舰),G9550/S8+港版,,G9550/S8+港版,不开机屏好,80,CNY/台,,image,三星.jpg,数码网报价单-0825更新/手机相关/三星.jpg,1,1.0,visual_0825_source_crosschecked
20260825-4927448cfb383d4b1c9f-01,2026-08-25,手机,device,三星,G系列(S旗舰),G9550/S8+港版,,G9550/S8+港版,不开机,80,CNY/台,,image,三星.jpg,数码网报价单-0825更新/手机相关/三星.jpg,1,1.0,visual_0825_source_crosschecked
20260825-a315075b2002e0d547af-01,2026-08-25,手机,device,三星,G系列(S旗舰),G9550/S8+港版,,G9550/S8+港版,废板-整机,60,CNY/台,,image,三星.jpg,数码网报价单-0825更新/手机相关/三星.jpg,1,1.0,visual_0825_source_crosschecked
20260825-fc4cbd148f179281ca42-01,2026-08-25,手机,device,三星,G系列(S旗舰),G9550/S8,,G9550/S8,开机屏好,260,CNY/台,,image,三星.jpg,数码网报价单-0825更新/手机相关/三星.jpg,1,1.0,visual_0825_source_crosschecked
20260825-896c5f11eb26a4d887a2-01,2026-08-25,手机,device,三星,G系列(S旗舰),G9550/S8,,G9550/S8,开机屏好小老化,150,CNY/台,,image,三星.jpg,数码网报价单-0825更新/手机相关/三星.jpg,1,1.0,visual_0825_source_crosschecked
20260825-879ba7d80ae887b8822f-01,2026-08-25,手机,device,三星,G系列(S旗舰),G9550/S8,,G9550/S8,开机屏好大老化,220,CNY/台,,image,三星.jpg,数码网报价单-0825更新/手机相关/三星.jpg,1,1.0,visual_0825_source_crosschecked
20260825-f324c0314f73713d7efa-01,2026-08-25,手机,device,三星,G系列(S旗舰),G9550/S8,,G9550/S8,开机屏坏,80,CNY/台,,image,三星.jpg,数码网报价单-0825更新/手机相关/三星.jpg,1,1.0,visual_0825_source_crosschecked
20260825-49db72d0916a890ca82a-01,2026-08-25,手机,device,三星,G系列(S旗舰),G9550/S8,,G9550/S8,不开机屏好,80,CNY/台,,image,三星.jpg,数码网报价单-0825更新/手机相关/三星.jpg,1,1.0,visual_0825_source_crosschecked
20260825-0a387f7ede040c032ae4-01,2026-08-25,手机,device,三星,G系列(S旗舰),G9550/S8,,G9550/S8,不开机,80,CNY/台,,image,三星.jpg,数码网报价单-0825更新/手机相关/三星.jpg,1,1.0,visual_0825_source_crosschecked
20260825-e1309002b470f359fd6f-01,2026-08-25,手机,device,三星,G系列(S旗舰),G9550/S8,,G9550/S8,废板-整机,60,CNY/台,,image,三星.jpg,数码网报价单-0825更新/手机相关/三星.jpg,1,1.0,visual_0825_source_crosschecked
20260825-cef94ab76ba80a876791-01,2026-08-25,手机,device,三星,G系列(S旗舰),G9508/S8,,G9508/S8,开机屏好,260,CNY/台,,image,三星.jpg,数码网报价单-0825更新/手机相关/三星.jpg,1,1.0,visual_0825_source_crosschecked
20260825-6d92482dcc4073c8a936-01,2026-08-25,手机,device,三星,G系列(S旗舰),G9508/S8,,G9508/S8,开机屏好小老化,150,CNY/台,,image,三星.jpg,数码网报价单-0825更新/手机相关/三星.jpg,1,1.0,visual_0825_source_crosschecked
20260825-6a86ca4ac555233b9a9a-01,2026-08-25,手机,device,三星,G系列(S旗舰),G9508/S8,,G9508/S8,开机屏好大老化,220,CNY/台,,image,三星.jpg,数码网报价单-0825更新/手机相关/三星.jpg,1,1.0,visual_0825_source_crosschecked
20260825-7ab34c67ef04bd6521c4-01,2026-08-25,手机,device,三星,G系列(S旗舰),G9508/S8,,G9508/S8,开机屏坏,80,CNY/台,,image,三星.jpg,数码网报价单-0825更新/手机相关/三星.jpg,1,1.0,visual_0825_source_crosschecked
20260825-99eaec2fea70b3c8d885-01,2026-08-25,手机,device,三星,G系列(S旗舰),G9508/S8,,G9508/S8,不开机屏好,80,CNY/台,,image,三星.jpg,数码网报价单-0825更新/手机相关/三星.jpg,1,1.0,visual_0825_source_crosschecked
20260825-15568c1f202463bc7eff-01,2026-08-25,手机,device,三星,G系列(S旗舰),G9508/S8,,G9508/S8,不开机,80,CNY/台,,image,三星.jpg,数码网报价单-0825更新/手机相关/三星.jpg,1,1.0,visual_0825_source_crosschecked
20260825-608e7a33b940bc56a9de-01,2026-08-25,手机,device,三星,G系列(S旗舰),G9508/S8,,G9508/S8,废板-整机,60,CNY/台,,image,三星.jpg,数码网报价单-0825更新/手机相关/三星.jpg,1,1.0,visual_0825_source_crosschecked
20260825-6ead2adb9f4ec7551cb0-01,2026-08-25,手机,device,三星,G系列(S旗舰),G9500/S8,,G9500/S8,开机屏好,260,CNY/台,,image,三星.jpg,数码网报价单-0825更新/手机相关/三星.jpg,1,1.0,visual_0825_source_crosschecked
20260825-87b9d50a4c53d446d420-01,2026-08-25,手机,device,三星,G系列(S旗舰),G9500/S8,,G9500/S8,开机屏好小老化,150,CNY/台,,image,三星.jpg,数码网报价单-0825更新/手机相关/三星.jpg,1,1.0,visual_0825_source_crosschecked
20260825-bf1e28d44f5071be2bcb-01,2026-08-25,手机,device,三星,G系列(S旗舰),G9500/S8,,G9500/S8,开机屏好大老化,220,CNY/台,,image,三星.jpg,数码网报价单-0825更新/手机相关/三星.jpg,1,1.0,visual_0825_source_crosschecked
20260825-0fe1b9529a90f7079730-01,2026-08-25,手机,device,三星,G系列(S旗舰),G9500/S8,,G9500/S8,开机屏坏,80,CNY/台,,image,三星.jpg,数码网报价单-0825更新/手机相关/三星.jpg,1,1.0,visual_0825_source_crosschecked
20260825-2a5f68e2fc2ccf950f70-01,2026-08-25,手机,device,三星,G系列(S旗舰),G9500/S8,,G9500/S8,不开机屏好,80,CNY/台,,image,三星.jpg,数码网报价单-0825更新/手机相关/三星.jpg,1,1.0,visual_0825_source_crosschecked
20260825-190147900cceda36dd30-01,2026-08-25,手机,device,三星,G系列(S旗舰),G9500/S8,,G9500/S8,不开机,80,CNY/台,,image,三星.jpg,数码网报价单-0825更新/手机相关/三星.jpg,1,1.0,visual_0825_source_crosschecked
20260825-617c1825da364dadbfb0-01,2026-08-25,手机,device,三星,G系列(S旗舰),G9500/S8,,G9500/S8,废板-整机,60,CNY/台,,image,三星.jpg,数码网报价单-0825更新/手机相关/三星.jpg,1,1.0,visual_0825_source_crosschecked
20260825-9f7f81020223f10ccd14-01,2026-08-25,手机,device,三星,G系列(S旗舰),G9506港版/G950fd/S8,,G9506港版/G950fd/S8,开机屏好,260,CNY/台,,image,三星.jpg,数码网报价单-0825更新/手机相关/三星.jpg,1,1.0,visual_0825_source_crosschecked
20260825-08313ce2c04904bfd425-01,2026-08-25,手机,device,三星,G系列(S旗舰),G9506港版/G950fd/S8,,G9506港版/G950fd/S8,开机屏好小老化,150,CNY/台,,image,三星.jpg,数码网报价单-0825更新/手机相关/三星.jpg,1,1.0,visual_0825_source_crosschecked
20260825-47e6edc6c04cf7df0c2c-01,2026-08-25,手机,device,三星,G系列(S旗舰),G9506港版/G950fd/S8,,G9506港版/G950fd/S8,开机屏好大老化,220,CNY/台,,image,三星.jpg,数码网报价单-0825更新/手机相关/三星.jpg,1,1.0,visual_0825_source_crosschecked
20260825-bf25b379799ecab46e75-01,2026-08-25,手机,device,三星,G系列(S旗舰),G9506港版/G950fd/S8,,G9506港版/G950fd/S8,开机屏坏,80,CNY/台,,image,三星.jpg,数码网报价单-0825更新/手机相关/三星.jpg,1,1.0,visual_0825_source_crosschecked
20260825-42b154a3136084fd817d-01,2026-08-25,手机,device,三星,G系列(S旗舰),G9506港版/G950fd/S8,,G9506港版/G950fd/S8,不开机屏好,80,CNY/台,,image,三星.jpg,数码网报价单-0825更新/手机相关/三星.jpg,1,1.0,visual_0825_source_crosschecked
20260825-b201d8acbe0a96625228-01,2026-08-25,手机,device,三星,G系列(S旗舰),G9506港版/G950fd/S8,,G9506港版/G950fd/S8,不开机,80,CNY/台,,image,三星.jpg,数码网报价单-0825更新/手机相关/三星.jpg,1,1.0,visual_0825_source_crosschecked
20260825-59bcef616e57b1bcca32-01,2026-08-25,手机,device,三星,G系列(S旗舰),G9506港版/G950fd/S8,,G9506港版/G950fd/S8,废板-整机,60,CNY/台,,image,三星.jpg,数码网报价单-0825更新/手机相关/三星.jpg,1,1.0,visual_0825_source_crosschecked
20260825-4e00a9a92ae8e00e66f5-01,2026-08-25,手机,device,三星,G系列(S旗舰),G950f港版/S8,,G950f港版/S8,开机屏好,260,CNY/台,,image,三星.jpg,数码网报价单-0825更新/手机相关/三星.jpg,1,1.0,visual_0825_source_crosschecked
20260825-22816a8b5c056b260546-01,2026-08-25,手机,device,三星,G系列(S旗舰),G950f港版/S8,,G950f港版/S8,开机屏好小老化,150,CNY/台,,image,三星.jpg,数码网报价单-0825更新/手机相关/三星.jpg,1,1.0,visual_0825_source_crosschecked
20260825-d63b2cb0a15f08d79a7e-01,2026-08-25,手机,device,三星,G系列(S旗舰),G950f港版/S8,,G950f港版/S8,开机屏好大老化,220,CNY/台,,image,三星.jpg,数码网报价单-0825更新/手机相关/三星.jpg,1,1.0,visual_0825_source_crosschecked
20260825-b41a93b54fda46bacee3-01,2026-08-25,手机,device,三星,G系列(S旗舰),G950f港版/S8,,G950f港版/S8,开机屏坏,80,CNY/台,,image,三星.jpg,数码网报价单-0825更新/手机相关/三星.jpg,1,1.0,visual_0825_source_crosschecked
20260825-a01c4686931cbe965d8d-01,2026-08-25,手机,device,三星,G系列(S旗舰),G950f港版/S8,,G950f港版/S8,不开机屏好,80,CNY/台,,image,三星.jpg,数码网报价单-0825更新/手机相关/三星.jpg,1,1.0,visual_0825_source_crosschecked
20260825-b08e55c158a55df3f5c8-01,2026-08-25,手机,device,三星,G系列(S旗舰),G950f港版/S8,,G950f港版/S8,不开机,80,CNY/台,,image,三星.jpg,数码网报价单-0825更新/手机相关/三星.jpg,1,1.0,visual_0825_source_crosschecked
20260825-55a7ec3f9c6ed966adea-01,2026-08-25,手机,device,三星,G系列(S旗舰),G950f港版/S8,,G950f港版/S8,废板-整机,60,CNY/台,,image,三星.jpg,数码网报价单-0825更新/手机相关/三星.jpg,1,1.0,visual_0825_source_crosschecked
20260825-bd7ba7c06fc4acb27575-01,2026-08-25,手机,device,三星,G系列(S旗舰),G9500港版/S8,,G9500港版/S8,开机屏好,260,CNY/台,,image,三星.jpg,数码网报价单-0825更新/手机相关/三星.jpg,1,1.0,visual_0825_source_crosschecked
20260825-a49d45334be1fa96539e-01,2026-08-25,手机,device,三星,G系列(S旗舰),G9500港版/S8,,G9500港版/S8,开机屏好小老化,150,CNY/台,,image,三星.jpg,数码网报价单-0825更新/手机相关/三星.jpg,1,1.0,visual_0825_source_crosschecked
20260825-531cf19c59c5b7e3dff7-01,2026-08-25,手机,device,三星,G系列(S旗舰),G9500港版/S8,,G9500港版/S8,开机屏好大老化,220,CNY/台,,image,三星.jpg,数码网报价单-0825更新/手机相关/三星.jpg,1,1.0,visual_0825_source_crosschecked
20260825-dd327fb0c14d2582a6d6-01,2026-08-25,手机,device,三星,G系列(S旗舰),G9500港版/S8,,G9500港版/S8,开机屏坏,80,CNY/台,,image,三星.jpg,数码网报价单-0825更新/手机相关/三星.jpg,1,1.0,visual_0825_source_crosschecked
20260825-ef40de45c1058ab8ec9e-01,2026-08-25,手机,device,三星,G系列(S旗舰),G9500港版/S8,,G9500港版/S8,不开机屏好,80,CNY/台,,image,三星.jpg,数码网报价单-0825更新/手机相关/三星.jpg,1,1.0,visual_0825_source_crosschecked
20260825-69de40d5e0d3fe0b8749-01,2026-08-25,手机,device,三星,G系列(S旗舰),G9500港版/S8,,G9500港版/S8,不开机,80,CNY/台,,image,三星.jpg,数码网报价单-0825更新/手机相关/三星.jpg,1,1.0,visual_0825_source_crosschecked
20260825-a93ecca8fc137d9e4e91-01,2026-08-25,手机,device,三星,G系列(S旗舰),G9500港版/S8,,G9500港版/S8,废板-整机,60,CNY/台,,image,三星.jpg,数码网报价单-0825更新/手机相关/三星.jpg,1,1.0,visual_0825_source_crosschecked
20260825-e57a31f185278b53e219-01,2026-08-25,手机,device,三星,G系列(S旗舰),G9500/S8美版,,G9500/S8美版,开机屏好,260,CNY/台,,image,三星.jpg,数码网报价单-0825更新/手机相关/三星.jpg,1,1.0,visual_0825_source_crosschecked
20260825-f6206cf78265be3cffb1-01,2026-08-25,手机,device,三星,G系列(S旗舰),G9500/S8美版,,G9500/S8美版,开机屏好小老化,150,CNY/台,,image,三星.jpg,数码网报价单-0825更新/手机相关/三星.jpg,1,1.0,visual_0825_source_crosschecked
20260825-d27e0db1a37d7b061aa5-01,2026-08-25,手机,device,三星,G系列(S旗舰),G9500/S8美版,,G9500/S8美版,开机屏好大老化,220,CNY/台,,image,三星.jpg,数码网报价单-0825更新/手机相关/三星.jpg,1,1.0,visual_0825_source_crosschecked
20260825-2ce45b049aad661f5513-01,2026-08-25,手机,device,三星,G系列(S旗舰),G9500/S8美版,,G9500/S8美版,开机屏坏,80,CNY/台,,image,三星.jpg,数码网报价单-0825更新/手机相关/三星.jpg,1,1.0,visual_0825_source_crosschecked
20260825-4713969eb23821875c8c-01,2026-08-25,手机,device,三星,G系列(S旗舰),G9500/S8美版,,G9500/S8美版,不开机屏好,80,CNY/台,,image,三星.jpg,数码网报价单-0825更新/手机相关/三星.jpg,1,1.0,visual_0825_source_crosschecked
20260825-14f915b505df9b958086-01,2026-08-25,手机,device,三星,G系列(S旗舰),G9500/S8美版,,G9500/S8美版,不开机,80,CNY/台,,image,三星.jpg,数码网报价单-0825更新/手机相关/三星.jpg,1,1.0,visual_0825_source_crosschecked
20260825-eb3b6feac1c447717de5-01,2026-08-25,手机,device,三星,G系列(S旗舰),G9500/S8美版,,G9500/S8美版,废板-整机,60,CNY/台,,image,三星.jpg,数码网报价单-0825更新/手机相关/三星.jpg,1,1.0,visual_0825_source_crosschecked
20260825-f2508abb54fbc98685ef-01,2026-08-25,手机,device,三星,G系列(S旗舰),G935fd/S7edge,,G935fd/S7edge,开机屏好,110,CNY/台,,image,三星.jpg,数码网报价单-0825更新/手机相关/三星.jpg,1,1.0,visual_0825_source_crosschecked
20260825-50f3605b6f63bfd62681-01,2026-08-25,手机,device,三星,G系列(S旗舰),G935fd/S7edge,,G935fd/S7edge,开机屏好小老化,30,CNY/台,,image,三星.jpg,数码网报价单-0825更新/手机相关/三星.jpg,1,1.0,visual_0825_source_crosschecked
20260825-87c1f30ba62251b5b709-01,2026-08-25,手机,device,三星,G系列(S旗舰),G935fd/S7edge,,G935fd/S7edge,开机屏好大老化,110,CNY/台,,image,三星.jpg,数码网报价单-0825更新/手机相关/三星.jpg,1,1.0,visual_0825_source_crosschecked
20260825-e950dadd1cf0356c9873-01,2026-08-25,手机,device,三星,G系列(S旗舰),G935fd/S7edge,,G935fd/S7edge,开机屏坏,30,CNY/台,,image,三星.jpg,数码网报价单-0825更新/手机相关/三星.jpg,1,1.0,visual_0825_source_crosschecked
20260825-8cca8dae9daf39e092fc-01,2026-08-25,手机,device,三星,G系列(S旗舰),G935fd/S7edge,,G935fd/S7edge,不开机屏好,30,CNY/台,,image,三星.jpg,数码网报价单-0825更新/手机相关/三星.jpg,1,1.0,visual_0825_source_crosschecked
20260825-3c5257e30dfead392704-01,2026-08-25,手机,device,三星,G系列(S旗舰),G935fd/S7edge,,G935fd/S7edge,不开机,25,CNY/台,,image,三星.jpg,数码网报价单-0825更新/手机相关/三星.jpg,1,1.0,visual_0825_source_crosschecked
20260825-79e0ce7cf3cacca3be34-01,2026-08-25,手机,device,三星,G系列(S旗舰),G935fd/S7edge,,G935fd/S7edge,废板-整机,30,CNY/台,,image,三星.jpg,数码网报价单-0825更新/手机相关/三星.jpg,1,1.0,visual_0825_source_crosschecked
20260825-bbd011578b9eff741ca8-01,2026-08-25,手机,device,三星,G系列(S旗舰),G9308/S7,,G9308/S7,开机屏好,70,CNY/台,,image,三星.jpg,数码网报价单-0825更新/手机相关/三星.jpg,1,1.0,visual_0825_source_crosschecked
20260825-2d6ce4f8a2f42bac446e-01,2026-08-25,手机,device,三星,G系列(S旗舰),G9308/S7,,G9308/S7,开机屏好小老化,45,CNY/台,,image,三星.jpg,数码网报价单-0825更新/手机相关/三星.jpg,1,1.0,visual_0825_source_crosschecked
20260825-72ce72136af25217985f-01,2026-08-25,手机,device,三星,G系列(S旗舰),G9308/S7,,G9308/S7,开机屏好大老化,70,CNY/台,,image,三星.jpg,数码网报价单-0825更新/手机相关/三星.jpg,1,1.0,visual_0825_source_crosschecked
20260825-756b42db905161091898-01,2026-08-25,手机,device,三星,G系列(S旗舰),G9308/S7,,G9308/S7,开机屏坏,20,CNY/台,,image,三星.jpg,数码网报价单-0825更新/手机相关/三星.jpg,1,1.0,visual_0825_source_crosschecked
20260825-cc993700721c0b3a8710-01,2026-08-25,手机,device,三星,G系列(S旗舰),G9308/S7,,G9308/S7,不开机屏好,70,CNY/台,,image,三星.jpg,数码网报价单-0825更新/手机相关/三星.jpg,1,1.0,visual_0825_source_crosschecked
20260825-80c23ed5bbf6d0578307-01,2026-08-25,手机,device,三星,G系列(S旗舰),G9308/S7,,G9308/S7,不开机,20,CNY/台,,image,三星.jpg,数码网报价单-0825更新/手机相关/三星.jpg,1,1.0,visual_0825_source_crosschecked
20260825-8a760dea13dfc87ad6e0-01,2026-08-25,手机,device,三星,G系列(S旗舰),G9308/S7,,G9308/S7,废板-整机,20,CNY/台,,image,三星.jpg,数码网报价单-0825更新/手机相关/三星.jpg,1,1.0,visual_0825_source_crosschecked
20260825-835eff45753e37bf9438-01,2026-08-25,手机,device,三星,G系列(S旗舰),G9300美版v/p/n/S7,,G9300美版v/p/n/S7,开机屏好,70,CNY/台,,image,三星.jpg,数码网报价单-0825更新/手机相关/三星.jpg,1,1.0,visual_0825_source_crosschecked
20260825-66f33518986a9804143a-01,2026-08-25,手机,device,三星,G系列(S旗舰),G9300美版v/p/n/S7,,G9300美版v/p/n/S7,开机屏好小老化,45,CNY/台,,image,三星.jpg,数码网报价单-0825更新/手机相关/三星.jpg,1,1.0,visual_0825_source_crosschecked
20260825-cbb36a50830a15ebd285-01,2026-08-25,手机,device,三星,G系列(S旗舰),G9300美版v/p/n/S7,,G9300美版v/p/n/S7,开机屏好大老化,70,CNY/台,,image,三星.jpg,数码网报价单-0825更新/手机相关/三星.jpg,1,1.0,visual_0825_source_crosschecked
20260825-6b0786a72fc2d095b151-01,2026-08-25,手机,device,三星,G系列(S旗舰),G9300美版v/p/n/S7,,G9300美版v/p/n/S7,开机屏坏,20,CNY/台,,image,三星.jpg,数码网报价单-0825更新/手机相关/三星.jpg,1,1.0,visual_0825_source_crosschecked
20260825-2eaa9b815b575944e15c-01,2026-08-25,手机,device,三星,G系列(S旗舰),G9300美版v/p/n/S7,,G9300美版v/p/n/S7,不开机屏好,70,CNY/台,,image,三星.jpg,数码网报价单-0825更新/手机相关/三星.jpg,1,1.0,visual_0825_source_crosschecked
20260825-b3b55becc0a95bc52049-01,2026-08-25,手机,device,三星,G系列(S旗舰),G9300美版v/p/n/S7,,G9300美版v/p/n/S7,不开机,20,CNY/台,,image,三星.jpg,数码网报价单-0825更新/手机相关/三星.jpg,1,1.0,visual_0825_source_crosschecked
20260825-8b37d421984eed455964-01,2026-08-25,手机,device,三星,G系列(S旗舰),G9300美版v/p/n/S7,,G9300美版v/p/n/S7,废板-整机,20,CNY/台,,image,三星.jpg,数码网报价单-0825更新/手机相关/三星.jpg,1,1.0,visual_0825_source_crosschecked
20260825-f5a9d94b923d650f9712-01,2026-08-25,手机,device,三星,G系列(S旗舰),G9300fd/S7,,G9300fd/S7,开机屏好,70,CNY/台,,image,三星.jpg,数码网报价单-0825更新/手机相关/三星.jpg,1,1.0,visual_0825_source_crosschecked
20260825-479912b0156f61189bfa-01,2026-08-25,手机,device,三星,G系列(S旗舰),G9300fd/S7,,G9300fd/S7,开机屏好小老化,45,CNY/台,,image,三星.jpg,数码网报价单-0825更新/手机相关/三星.jpg,1,1.0,visual_0825_source_crosschecked
20260825-5daacb2a67b75af3a700-01,2026-08-25,手机,device,三星,G系列(S旗舰),G9300fd/S7,,G9300fd/S7,开机屏好大老化,70,CNY/台,,image,三星.jpg,数码网报价单-0825更新/手机相关/三星.jpg,1,1.0,visual_0825_source_crosschecked
20260825-05be2273aef4987ad994-01,2026-08-25,手机,device,三星,G系列(S旗舰),G9300fd/S7,,G9300fd/S7,开机屏坏,20,CNY/台,,image,三星.jpg,数码网报价单-0825更新/手机相关/三星.jpg,1,1.0,visual_0825_source_crosschecked
20260825-fa497c6d759e5864fd64-01,2026-08-25,手机,device,三星,G系列(S旗舰),G9300fd/S7,,G9300fd/S7,不开机屏好,70,CNY/台,,image,三星.jpg,数码网报价单-0825更新/手机相关/三星.jpg,1,1.0,visual_0825_source_crosschecked
20260825-2186f973adaea3166cd2-01,2026-08-25,手机,device,三星,G系列(S旗舰),G9300fd/S7,,G9300fd/S7,不开机,20,CNY/台,,image,三星.jpg,数码网报价单-0825更新/手机相关/三星.jpg,1,1.0,visual_0825_source_crosschecked
20260825-b4aa3b57905469514f70-01,2026-08-25,手机,device,三星,G系列(S旗舰),G9300fd/S7,,G9300fd/S7,废板-整机,20,CNY/台,,image,三星.jpg,数码网报价单-0825更新/手机相关/三星.jpg,1,1.0,visual_0825_source_crosschecked
20260825-35185c7bd35b6972cb4e-01,2026-08-25,手机,device,三星,G系列(S旗舰),G9300t/S7,,G9300t/S7,开机屏好,70,CNY/台,,image,三星.jpg,数码网报价单-0825更新/手机相关/三星.jpg,1,1.0,visual_0825_source_crosschecked
20260825-def427eb3b0d0e1be5ad-01,2026-08-25,手机,device,三星,G系列(S旗舰),G9300t/S7,,G9300t/S7,开机屏好小老化,45,CNY/台,,image,三星.jpg,数码网报价单-0825更新/手机相关/三星.jpg,1,1.0,visual_0825_source_crosschecked
20260825-96dc9f0382ffa5610d89-01,2026-08-25,手机,device,三星,G系列(S旗舰),G9300t/S7,,G9300t/S7,开机屏好大老化,70,CNY/台,,image,三星.jpg,数码网报价单-0825更新/手机相关/三星.jpg,1,1.0,visual_0825_source_crosschecked
20260825-bca6b5628cc0718f7e0c-01,2026-08-25,手机,device,三星,G系列(S旗舰),G9300t/S7,,G9300t/S7,开机屏坏,20,CNY/台,,image,三星.jpg,数码网报价单-0825更新/手机相关/三星.jpg,1,1.0,visual_0825_source_crosschecked
20260825-e95bcc17423b3a358c3a-01,2026-08-25,手机,device,三星,G系列(S旗舰),G9300t/S7,,G9300t/S7,不开机屏好,70,CNY/台,,image,三星.jpg,数码网报价单-0825更新/手机相关/三星.jpg,1,1.0,visual_0825_source_crosschecked
20260825-825fcef6f6df2d3626fa-01,2026-08-25,手机,device,三星,G系列(S旗舰),G9300t/S7,,G9300t/S7,不开机,20,CNY/台,,image,三星.jpg,数码网报价单-0825更新/手机相关/三星.jpg,1,1.0,visual_0825_source_crosschecked
20260825-b430533f85e93f61c989-01,2026-08-25,手机,device,三星,G系列(S旗舰),G9300t/S7,,G9300t/S7,废板-整机,20,CNY/台,,image,三星.jpg,数码网报价单-0825更新/手机相关/三星.jpg,1,1.0,visual_0825_source_crosschecked
20260825-7372862be5c3dc57d489-01,2026-08-25,手机,device,三星,G系列(S旗舰),G9300/S7,,G9300/S7,开机屏好,70,CNY/台,,image,三星.jpg,数码网报价单-0825更新/手机相关/三星.jpg,1,1.0,visual_0825_source_crosschecked
20260825-ab27862a42e8b6cb437d-01,2026-08-25,手机,device,三星,G系列(S旗舰),G9300/S7,,G9300/S7,开机屏好小老化,45,CNY/台,,image,三星.jpg,数码网报价单-0825更新/手机相关/三星.jpg,1,1.0,visual_0825_source_crosschecked
20260825-384eea3cbcc74c846b53-01,2026-08-25,手机,device,三星,G系列(S旗舰),G9300/S7,,G9300/S7,开机屏好大老化,70,CNY/台,,image,三星.jpg,数码网报价单-0825更新/手机相关/三星.jpg,1,1.0,visual_0825_source_crosschecked
20260825-3c15b6e6a488a9aafc17-01,2026-08-25,手机,device,三星,G系列(S旗舰),G9300/S7,,G9300/S7,开机屏坏,20,CNY/台,,image,三星.jpg,数码网报价单-0825更新/手机相关/三星.jpg,1,1.0,visual_0825_source_crosschecked
20260825-8c3bed2f5da9388a5aae-01,2026-08-25,手机,device,三星,G系列(S旗舰),G9300/S7,,G9300/S7,不开机屏好,70,CNY/台,,image,三星.jpg,数码网报价单-0825更新/手机相关/三星.jpg,1,1.0,visual_0825_source_crosschecked
20260825-c2a87223e532f6623542-01,2026-08-25,手机,device,三星,G系列(S旗舰),G9300/S7,,G9300/S7,不开机,20,CNY/台,,image,三星.jpg,数码网报价单-0825更新/手机相关/三星.jpg,1,1.0,visual_0825_source_crosschecked
20260825-1a8484e42c827a416164-01,2026-08-25,手机,device,三星,G系列(S旗舰),G9300/S7,,G9300/S7,废板-整机,20,CNY/台,,image,三星.jpg,数码网报价单-0825更新/手机相关/三星.jpg,1,1.0,visual_0825_source_crosschecked
20260825-a645bf95af6d1f82da79-01,2026-08-25,手机,device,三星,G系列(S旗舰),G935韩版k/s/n/G937edge,,G935韩版k/s/n/G937edge,开机屏好,110,CNY/台,,image,三星.jpg,数码网报价单-0825更新/手机相关/三星.jpg,1,1.0,visual_0825_source_crosschecked
20260825-0ac70ad6144aee769aad-01,2026-08-25,手机,device,三星,G系列(S旗舰),G935韩版k/s/n/G937edge,,G935韩版k/s/n/G937edge,开机屏好小老化,30,CNY/台,,image,三星.jpg,数码网报价单-0825更新/手机相关/三星.jpg,1,1.0,visual_0825_source_crosschecked
20260825-ef45522c14469f0adb44-01,2026-08-25,手机,device,三星,G系列(S旗舰),G935韩版k/s/n/G937edge,,G935韩版k/s/n/G937edge,开机屏好大老化,110,CNY/台,,image,三星.jpg,数码网报价单-0825更新/手机相关/三星.jpg,1,1.0,visual_0825_source_crosschecked
20260825-2971d5712705e13757ae-01,2026-08-25,手机,device,三星,G系列(S旗舰),G935韩版k/s/n/G937edge,,G935韩版k/s/n/G937edge,开机屏坏,30,CNY/台,,image,三星.jpg,数码网报价单-0825更新/手机相关/三星.jpg,1,1.0,visual_0825_source_crosschecked
20260825-090fde7a8e0af822ca88-01,2026-08-25,手机,device,三星,G系列(S旗舰),G935韩版k/s/n/G937edge,,G935韩版k/s/n/G937edge,不开机屏好,30,CNY/台,,image,三星.jpg,数码网报价单-0825更新/手机相关/三星.jpg,1,1.0,visual_0825_source_crosschecked
20260825-69bb97d707886f649cb6-01,2026-08-25,手机,device,三星,G系列(S旗舰),G935韩版k/s/n/G937edge,,G935韩版k/s/n/G937edge,不开机,25,CNY/台,,image,三星.jpg,数码网报价单-0825更新/手机相关/三星.jpg,1,1.0,visual_0825_source_crosschecked
20260825-a4f4dbae279cdd4e7fee-01,2026-08-25,手机,device,三星,G系列(S旗舰),G935韩版k/s/n/G937edge,,G935韩版k/s/n/G937edge,废板-整机,30,CNY/台,,image,三星.jpg,数码网报价单-0825更新/手机相关/三星.jpg,1,1.0,visual_0825_source_crosschecked
20260825-2eb48963cd45203d943d-01,2026-08-25,手机,device,三星,G系列(S旗舰),G9350/S7edge,,G9350/S7edge,开机屏好,110,CNY/台,,image,三星.jpg,数码网报价单-0825更新/手机相关/三星.jpg,1,1.0,visual_0825_source_crosschecked
20260825-73e623dcfbaf72cf048c-01,2026-08-25,手机,device,三星,G系列(S旗舰),G9350/S7edge,,G9350/S7edge,开机屏好小老化,30,CNY/台,,image,三星.jpg,数码网报价单-0825更新/手机相关/三星.jpg,1,1.0,visual_0825_source_crosschecked
20260825-b3b589eb3ea1e78f99d1-01,2026-08-25,手机,device,三星,G系列(S旗舰),G9350/S7edge,,G9350/S7edge,开机屏好大老化,110,CNY/台,,image,三星.jpg,数码网报价单-0825更新/手机相关/三星.jpg,1,1.0,visual_0825_source_crosschecked
20260825-f0610521ed8707998201-01,2026-08-25,手机,device,三星,G系列(S旗舰),G9350/S7edge,,G9350/S7edge,开机屏坏,30,CNY/台,,image,三星.jpg,数码网报价单-0825更新/手机相关/三星.jpg,1,1.0,visual_0825_source_crosschecked
20260825-e3cab6eb3a9198457af4-01,2026-08-25,手机,device,三星,G系列(S旗舰),G9350/S7edge,,G9350/S7edge,不开机屏好,30,CNY/台,,image,三星.jpg,数码网报价单-0825更新/手机相关/三星.jpg,1,1.0,visual_0825_source_crosschecked
20260825-2079595d4bf0dc84e50d-01,2026-08-25,手机,device,三星,G系列(S旗舰),G9350/S7edge,,G9350/S7edge,不开机,30,CNY/台,,image,三星.jpg,数码网报价单-0825更新/手机相关/三星.jpg,1,1.0,visual_0825_source_crosschecked
20260825-7e67e4742607db17022f-01,2026-08-25,手机,device,三星,G系列(S旗舰),G9350/S7edge,,G9350/S7edge,废板-整机,30,CNY/台,,image,三星.jpg,数码网报价单-0825更新/手机相关/三星.jpg,1,1.0,visual_0825_source_crosschecked
20260825-b18f3c5b7caac4cab871-01,2026-08-25,手机,device,三星,G系列(S旗舰),G935美版v/p/u/S7 edge,,G935美版v/p/u/S7 edge,开机屏好,110,CNY/台,,image,三星.jpg,数码网报价单-0825更新/手机相关/三星.jpg,1,1.0,visual_0825_source_crosschecked
20260825-6f15e574978ee9052fc4-01,2026-08-25,手机,device,三星,G系列(S旗舰),G935美版v/p/u/S7 edge,,G935美版v/p/u/S7 edge,开机屏好小老化,30,CNY/台,,image,三星.jpg,数码网报价单-0825更新/手机相关/三星.jpg,1,1.0,visual_0825_source_crosschecked
20260825-2be58d26863dbc8cdf80-01,2026-08-25,手机,device,三星,G系列(S旗舰),G935美版v/p/u/S7 edge,,G935美版v/p/u/S7 edge,开机屏好大老化,110,CNY/台,,image,三星.jpg,数码网报价单-0825更新/手机相关/三星.jpg,1,1.0,visual_0825_source_crosschecked
20260825-367436e90c1d0e97772b-01,2026-08-25,手机,device,三星,G系列(S旗舰),G935美版v/p/u/S7 edge,,G935美版v/p/u/S7 edge,开机屏坏,30,CNY/台,,image,三星.jpg,数码网报价单-0825更新/手机相关/三星.jpg,1,1.0,visual_0825_source_crosschecked
20260825-8c72f668fb4af626bc66-01,2026-08-25,手机,device,三星,G系列(S旗舰),G935美版v/p/u/S7 edge,,G935美版v/p/u/S7 edge,不开机屏好,30,CNY/台,,image,三星.jpg,数码网报价单-0825更新/手机相关/三星.jpg,1,1.0,visual_0825_source_crosschecked
20260825-182904c40461911fd553-01,2026-08-25,手机,device,三星,G系列(S旗舰),G935美版v/p/u/S7 edge,,G935美版v/p/u/S7 edge,不开机,30,CNY/台,,image,三星.jpg,数码网报价单-0825更新/手机相关/三星.jpg,1,1.0,visual_0825_source_crosschecked
20260825-1a9c584468eb9d87457b-01,2026-08-25,手机,device,三星,G系列(S旗舰),G935美版v/p/u/S7 edge,,G935美版v/p/u/S7 edge,废板-整机,30,CNY/台,,image,三星.jpg,数码网报价单-0825更新/手机相关/三星.jpg,1,1.0,visual_0825_source_crosschecked
20260825-2203f5cffcb9f2698f01-01,2026-08-25,手机,device,三星,G系列(S旗舰),G935f/S7edge,,G935f/S7edge,开机屏好,110,CNY/台,,image,三星.jpg,数码网报价单-0825更新/手机相关/三星.jpg,1,1.0,visual_0825_source_crosschecked
20260825-fff656b2b05a18864d4f-01,2026-08-25,手机,device,三星,G系列(S旗舰),G935f/S7edge,,G935f/S7edge,开机屏好小老化,30,CNY/台,,image,三星.jpg,数码网报价单-0825更新/手机相关/三星.jpg,1,1.0,visual_0825_source_crosschecked
20260825-77c0cf0c24d3a989a3c5-01,2026-08-25,手机,device,三星,G系列(S旗舰),G935f/S7edge,,G935f/S7edge,开机屏好大老化,110,CNY/台,,image,三星.jpg,数码网报价单-0825更新/手机相关/三星.jpg,1,1.0,visual_0825_source_crosschecked
20260825-0e6819fcad5fc3ac15ef-01,2026-08-25,手机,device,三星,G系列(S旗舰),G935f/S7edge,,G935f/S7edge,开机屏坏,30,CNY/台,,image,三星.jpg,数码网报价单-0825更新/手机相关/三星.jpg,1,1.0,visual_0825_source_crosschecked
20260825-0733dc39105907c98140-01,2026-08-25,手机,device,三星,G系列(S旗舰),G935f/S7edge,,G935f/S7edge,不开机屏好,30,CNY/台,,image,三星.jpg,数码网报价单-0825更新/手机相关/三星.jpg,1,1.0,visual_0825_source_crosschecked
20260825-efcd6c6fb6812455b277-01,2026-08-25,手机,device,三星,G系列(S旗舰),G935f/S7edge,,G935f/S7edge,不开机,30,CNY/台,,image,三星.jpg,数码网报价单-0825更新/手机相关/三星.jpg,1,1.0,visual_0825_source_crosschecked
20260825-3b8f370ffcace25334fa-01,2026-08-25,手机,device,三星,G系列(S旗舰),G935f/S7edge,,G935f/S7edge,废板-整机,30,CNY/台,,image,三星.jpg,数码网报价单-0825更新/手机相关/三星.jpg,1,1.0,visual_0825_source_crosschecked
20260825-0074b4c84f7c3025586b-01,2026-08-25,手机,device,三星,G系列(S旗舰),s7,,s7,开机屏好,20,CNY/台,,image,三星.jpg,数码网报价单-0825更新/手机相关/三星.jpg,1,1.0,visual_0825_source_crosschecked
20260825-a4db155f6d0c4b9ed803-01,2026-08-25,手机,device,三星,G系列(S旗舰),s7,,s7,开机屏好小老化,30,CNY/台,,image,三星.jpg,数码网报价单-0825更新/手机相关/三星.jpg,1,1.0,visual_0825_source_crosschecked
20260825-916aefb103d78783c9eb-01,2026-08-25,手机,device,三星,G系列(S旗舰),s7,,s7,开机屏好大老化,20,CNY/台,,image,三星.jpg,数码网报价单-0825更新/手机相关/三星.jpg,1,1.0,visual_0825_source_crosschecked
20260825-a1e46fcf0c6c2396dbf7-01,2026-08-25,手机,device,三星,G系列(S旗舰),s7,,s7,开机屏坏,20,CNY/台,,image,三星.jpg,数码网报价单-0825更新/手机相关/三星.jpg,1,1.0,visual_0825_source_crosschecked
20260825-952d3b45edbeecb7e9a1-01,2026-08-25,手机,device,三星,G系列(S旗舰),s7,,s7,不开机屏好,30,CNY/台,,image,三星.jpg,数码网报价单-0825更新/手机相关/三星.jpg,1,1.0,visual_0825_source_crosschecked
20260825-f0e14ac24bae6b2234b8-01,2026-08-25,手机,device,三星,G系列(S旗舰),s7,,s7,不开机,20,CNY/台,,image,三星.jpg,数码网报价单-0825更新/手机相关/三星.jpg,1,1.0,visual_0825_source_crosschecked
20260825-243aaa09e6b44632eeda-01,2026-08-25,手机,device,三星,G系列(S旗舰),s7,,s7,废板-整机,20,CNY/台,,image,三星.jpg,数码网报价单-0825更新/手机相关/三星.jpg,1,1.0,visual_0825_source_crosschecked
20260825-ef2423a8cd626450c08e-01,2026-08-25,手机,device,三星,G系列(S旗舰),G9287双卡/S6 edge+,,G9287双卡/S6 edge+,开机屏好,40,CNY/台,,image,三星.jpg,数码网报价单-0825更新/手机相关/三星.jpg,1,1.0,visual_0825_source_crosschecked
20260825-b41e9361c3779c91661e-01,2026-08-25,手机,device,三星,G系列(S旗舰),G9287双卡/S6 edge+,,G9287双卡/S6 edge+,开机屏好小老化,20,CNY/台,,image,三星.jpg,数码网报价单-0825更新/手机相关/三星.jpg,1,1.0,visual_0825_source_crosschecked
20260825-398e4159dc4c397c5419-01,2026-08-25,手机,device,三星,G系列(S旗舰),G9287双卡/S6 edge+,,G9287双卡/S6 edge+,开机屏好大老化,35,CNY/台,,image,三星.jpg,数码网报价单-0825更新/手机相关/三星.jpg,1,1.0,visual_0825_source_crosschecked
20260825-7cd97914a289c23dbd51-01,2026-08-25,手机,device,三星,G系列(S旗舰),G9287双卡/S6 edge+,,G9287双卡/S6 edge+,开机屏坏,20,CNY/台,,image,三星.jpg,数码网报价单-0825更新/手机相关/三星.jpg,1,1.0,visual_0825_source_crosschecked
20260825-8512a78eb01fc360c5fa-01,2026-08-25,手机,device,三星,G系列(S旗舰),G9287双卡/S6 edge+,,G9287双卡/S6 edge+,不开机屏好,20,CNY/台,,image,三星.jpg,数码网报价单-0825更新/手机相关/三星.jpg,1,1.0,visual_0825_source_crosschecked
20260825-ba0bf38292a3f67cb028-01,2026-08-25,手机,device,三星,G系列(S旗舰),G9287双卡/S6 edge+,,G9287双卡/S6 edge+,不开机,20,CNY/台,,image,三星.jpg,数码网报价单-0825更新/手机相关/三星.jpg,1,1.0,visual_0825_source_crosschecked
20260825-fce3f117931cdf4484c4-01,2026-08-25,手机,device,三星,G系列(S旗舰),G9287双卡/S6 edge+,,G9287双卡/S6 edge+,废板-整机,20,CNY/台,,image,三星.jpg,数码网报价单-0825更新/手机相关/三星.jpg,1,1.0,visual_0825_source_crosschecked
20260825-4742e01476690314ffbc-01,2026-08-25,手机,device,三星,G系列(S旗舰),G9280/S6edge+,,G9280/S6edge+,开机屏好,40,CNY/台,,image,三星.jpg,数码网报价单-0825更新/手机相关/三星.jpg,1,1.0,visual_0825_source_crosschecked
20260825-beb233459b8e7e373620-01,2026-08-25,手机,device,三星,G系列(S旗舰),G9280/S6edge+,,G9280/S6edge+,开机屏好小老化,20,CNY/台,,image,三星.jpg,数码网报价单-0825更新/手机相关/三星.jpg,1,1.0,visual_0825_source_crosschecked
20260825-5eb4366f7c3a2ca8ca0f-01,2026-08-25,手机,device,三星,G系列(S旗舰),G9280/S6edge+,,G9280/S6edge+,开机屏好大老化,35,CNY/台,,image,三星.jpg,数码网报价单-0825更新/手机相关/三星.jpg,1,1.0,visual_0825_source_crosschecked
20260825-2ff528ba2c8662761e0d-01,2026-08-25,手机,device,三星,G系列(S旗舰),G9280/S6edge+,,G9280/S6edge+,开机屏坏,20,CNY/台,,image,三星.jpg,数码网报价单-0825更新/手机相关/三星.jpg,1,1.0,visual_0825_source_crosschecked
20260825-146a134c2971fed52450-01,2026-08-25,手机,device,三星,G系列(S旗舰),G9280/S6edge+,,G9280/S6edge+,不开机屏好,20,CNY/台,,image,三星.jpg,数码网报价单-0825更新/手机相关/三星.jpg,1,1.0,visual_0825_source_crosschecked
20260825-1082ada3d4cde39b5820-01,2026-08-25,手机,device,三星,G系列(S旗舰),G9280/S6edge+,,G9280/S6edge+,不开机,20,CNY/台,,image,三星.jpg,数码网报价单-0825更新/手机相关/三星.jpg,1,1.0,visual_0825_source_crosschecked
20260825-ebb1a712e55658ad651b-01,2026-08-25,手机,device,三星,G系列(S旗舰),G9280/S6edge+,,G9280/S6edge+,废板-整机,20,CNY/台,,image,三星.jpg,数码网报价单-0825更新/手机相关/三星.jpg,1,1.0,visual_0825_source_crosschecked
20260825-1cc6e0d259386d8d7b0c-01,2026-08-25,手机,device,三星,G系列(S旗舰),G928美版v/p/S6edge+,,G928美版v/p/S6edge+,开机屏好,40,CNY/台,,image,三星.jpg,数码网报价单-0825更新/手机相关/三星.jpg,1,1.0,visual_0825_source_crosschecked
20260825-e2ba1c5bcc218e1ee0f2-01,2026-08-25,手机,device,三星,G系列(S旗舰),G928美版v/p/S6edge+,,G928美版v/p/S6edge+,开机屏好小老化,20,CNY/台,,image,三星.jpg,数码网报价单-0825更新/手机相关/三星.jpg,1,1.0,visual_0825_source_crosschecked
20260825-d6cc8fe60fc44679b14d-01,2026-08-25,手机,device,三星,G系列(S旗舰),G928美版v/p/S6edge+,,G928美版v/p/S6edge+,开机屏好大老化,35,CNY/台,,image,三星.jpg,数码网报价单-0825更新/手机相关/三星.jpg,1,1.0,visual_0825_source_crosschecked
20260825-57d14c24e4adbf87df66-01,2026-08-25,手机,device,三星,G系列(S旗舰),G928美版v/p/S6edge+,,G928美版v/p/S6edge+,开机屏坏,20,CNY/台,,image,三星.jpg,数码网报价单-0825更新/手机相关/三星.jpg,1,1.0,visual_0825_source_crosschecked
20260825-58a2ef9e57fa150ecf16-01,2026-08-25,手机,device,三星,G系列(S旗舰),G928美版v/p/S6edge+,,G928美版v/p/S6edge+,不开机屏好,20,CNY/台,,image,三星.jpg,数码网报价单-0825更新/手机相关/三星.jpg,1,1.0,visual_0825_source_crosschecked
20260825-e9d4b3c9f593659f21aa-01,2026-08-25,手机,device,三星,G系列(S旗舰),G928美版v/p/S6edge+,,G928美版v/p/S6edge+,不开机,20,CNY/台,,image,三星.jpg,数码网报价单-0825更新/手机相关/三星.jpg,1,1.0,visual_0825_source_crosschecked
20260825-792043eeeae7e76a523b-01,2026-08-25,手机,device,三星,G系列(S旗舰),G928美版v/p/S6edge+,,G928美版v/p/S6edge+,废板-整机,20,CNY/台,,image,三星.jpg,数码网报价单-0825更新/手机相关/三星.jpg,1,1.0,visual_0825_source_crosschecked
20260825-91d65941876e78633493-01,2026-08-25,手机,device,三星,G系列(S旗舰),G925美版v/p/U/S6 edge,,G925美版v/p/U/S6 edge,开机屏好,40,CNY/台,,image,三星.jpg,数码网报价单-0825更新/手机相关/三星.jpg,1,1.0,visual_0825_source_crosschecked
20260825-4f5578de1688650798a8-01,2026-08-25,手机,device,三星,G系列(S旗舰),G925美版v/p/U/S6 edge,,G925美版v/p/U/S6 edge,开机屏好小老化,20,CNY/台,,image,三星.jpg,数码网报价单-0825更新/手机相关/三星.jpg,1,1.0,visual_0825_source_crosschecked
20260825-1f8e1ec10cedc334bfe7-01,2026-08-25,手机,device,三星,G系列(S旗舰),G925美版v/p/U/S6 edge,,G925美版v/p/U/S6 edge,开机屏好大老化,35,CNY/台,,image,三星.jpg,数码网报价单-0825更新/手机相关/三星.jpg,1,1.0,visual_0825_source_crosschecked
20260825-40270cde07e6351b8d00-01,2026-08-25,手机,device,三星,G系列(S旗舰),G925美版v/p/U/S6 edge,,G925美版v/p/U/S6 edge,开机屏坏,20,CNY/台,,image,三星.jpg,数码网报价单-0825更新/手机相关/三星.jpg,1,1.0,visual_0825_source_crosschecked
20260825-3b7e6363d84959d758b0-01,2026-08-25,手机,device,三星,G系列(S旗舰),G925美版v/p/U/S6 edge,,G925美版v/p/U/S6 edge,不开机屏好,20,CNY/台,,image,三星.jpg,数码网报价单-0825更新/手机相关/三星.jpg,1,1.0,visual_0825_source_crosschecked
20260825-cfe842448be23216b6bc-01,2026-08-25,手机,device,三星,G系列(S旗舰),G925美版v/p/U/S6 edge,,G925美版v/p/U/S6 edge,不开机,20,CNY/台,,image,三星.jpg,数码网报价单-0825更新/手机相关/三星.jpg,1,1.0,visual_0825_source_crosschecked
20260825-f2d57c914de11258ee03-01,2026-08-25,手机,device,三星,G系列(S旗舰),G925美版v/p/U/S6 edge,,G925美版v/p/U/S6 edge,废板-整机,20,CNY/台,,image,三星.jpg,数码网报价单-0825更新/手机相关/三星.jpg,1,1.0,visual_0825_source_crosschecked
20260825-d60bc057c3019d41ce5d-01,2026-08-25,手机,device,三星,G系列(S旗舰),G9250/港版/S6 edg,,G9250/港版/S6 edg,开机屏好,40,CNY/台,,image,三星.jpg,数码网报价单-0825更新/手机相关/三星.jpg,1,1.0,visual_0825_source_crosschecked
20260825-1b2972f00dc8be72f7c4-01,2026-08-25,手机,device,三星,G系列(S旗舰),G9250/港版/S6 edg,,G9250/港版/S6 edg,开机屏好小老化,20,CNY/台,,image,三星.jpg,数码网报价单-0825更新/手机相关/三星.jpg,1,1.0,visual_0825_source_crosschecked
20260825-1b7e91dfe522c5b8395e-01,2026-08-25,手机,device,三星,G系列(S旗舰),G9250/港版/S6 edg,,G9250/港版/S6 edg,开机屏好大老化,35,CNY/台,,image,三星.jpg,数码网报价单-0825更新/手机相关/三星.jpg,1,1.0,visual_0825_source_crosschecked
20260825-d950de71aaae11303ede-01,2026-08-25,手机,device,三星,G系列(S旗舰),G9250/港版/S6 edg,,G9250/港版/S6 edg,开机屏坏,20,CNY/台,,image,三星.jpg,数码网报价单-0825更新/手机相关/三星.jpg,1,1.0,visual_0825_source_crosschecked
20260825-33836a527d80e2dc663b-01,2026-08-25,手机,device,三星,G系列(S旗舰),G9250/港版/S6 edg,,G9250/港版/S6 edg,不开机屏好,20,CNY/台,,image,三星.jpg,数码网报价单-0825更新/手机相关/三星.jpg,1,1.0,visual_0825_source_crosschecked
20260825-6d824d3696ad587c348d-01,2026-08-25,手机,device,三星,G系列(S旗舰),G9250/港版/S6 edg,,G9250/港版/S6 edg,不开机,20,CNY/台,,image,三星.jpg,数码网报价单-0825更新/手机相关/三星.jpg,1,1.0,visual_0825_source_crosschecked
20260825-0c5c231fcb6eb25dbeaa-01,2026-08-25,手机,device,三星,G系列(S旗舰),G9250/港版/S6 edg,,G9250/港版/S6 edg,废板-整机,20,CNY/台,,image,三星.jpg,数码网报价单-0825更新/手机相关/三星.jpg,1,1.0,visual_0825_source_crosschecked
20260825-254f0ff56374b1a83736-01,2026-08-25,手机,device,三星,G系列(S旗舰),G9250/S6edge,,G9250/S6edge,开机屏好,40,CNY/台,,image,三星.jpg,数码网报价单-0825更新/手机相关/三星.jpg,1,1.0,visual_0825_source_crosschecked
20260825-2d0a83eaefc76c758056-01,2026-08-25,手机,device,三星,G系列(S旗舰),G9250/S6edge,,G9250/S6edge,开机屏好小老化,20,CNY/台,,image,三星.jpg,数码网报价单-0825更新/手机相关/三星.jpg,1,1.0,visual_0825_source_crosschecked
20260825-6134e534010f9226f7ce-01,2026-08-25,手机,device,三星,G系列(S旗舰),G9250/S6edge,,G9250/S6edge,开机屏好大老化,35,CNY/台,,image,三星.jpg,数码网报价单-0825更新/手机相关/三星.jpg,1,1.0,visual_0825_source_crosschecked
20260825-4576d13978e979c72fb1-01,2026-08-25,手机,device,三星,G系列(S旗舰),G9250/S6edge,,G9250/S6edge,开机屏坏,20,CNY/台,,image,三星.jpg,数码网报价单-0825更新/手机相关/三星.jpg,1,1.0,visual_0825_source_crosschecked
20260825-c4efe0cf176d05e8fab6-01,2026-08-25,手机,device,三星,G系列(S旗舰),G9250/S6edge,,G9250/S6edge,不开机屏好,20,CNY/台,,image,三星.jpg,数码网报价单-0825更新/手机相关/三星.jpg,1,1.0,visual_0825_source_crosschecked
20260825-096082e25ae3c3a08894-01,2026-08-25,手机,device,三星,G系列(S旗舰),G9250/S6edge,,G9250/S6edge,不开机,20,CNY/台,,image,三星.jpg,数码网报价单-0825更新/手机相关/三星.jpg,1,1.0,visual_0825_source_crosschecked
20260825-9903befb0948fb0a060b-01,2026-08-25,手机,device,三星,G系列(S旗舰),G9250/S6edge,,G9250/S6edge,废板-整机,20,CNY/台,,image,三星.jpg,数码网报价单-0825更新/手机相关/三星.jpg,1,1.0,visual_0825_source_crosschecked
20260825-56e2e754f3aef44292f0-01,2026-08-25,手机,device,三星,G系列(S旗舰),G3818/G3812/G3819,,G3818/G3812/G3819,开机屏好,7,CNY/台,,image,三星.jpg,数码网报价单-0825更新/手机相关/三星.jpg,1,1.0,visual_0825_source_crosschecked
20260825-c1646a5325896fd87986-01,2026-08-25,手机,device,三星,G系列(S旗舰),G3818/G3812/G3819,,G3818/G3812/G3819,开机屏好小老化,7,CNY/台,,image,三星.jpg,数码网报价单-0825更新/手机相关/三星.jpg,1,1.0,visual_0825_source_crosschecked
20260825-06a192b55bec1a73fcd0-01,2026-08-25,手机,device,三星,G系列(S旗舰),G3818/G3812/G3819,,G3818/G3812/G3819,开机屏好大老化,7,CNY/台,,image,三星.jpg,数码网报价单-0825更新/手机相关/三星.jpg,1,1.0,visual_0825_source_crosschecked
20260825-b1c4796106dcb9fca718-01,2026-08-25,手机,device,三星,G系列(S旗舰),G3818/G3812/G3819,,G3818/G3812/G3819,开机屏坏,7,CNY/台,,image,三星.jpg,数码网报价单-0825更新/手机相关/三星.jpg,1,1.0,visual_0825_source_crosschecked
20260825-68f2f31c20cf36f0fa54-01,2026-08-25,手机,device,三星,G系列(S旗舰),G3818/G3812/G3819,,G3818/G3812/G3819,不开机屏好,7,CNY/台,,image,三星.jpg,数码网报价单-0825更新/手机相关/三星.jpg,1,1.0,visual_0825_source_crosschecked
20260825-6df7e0acbfd70278847f-01,2026-08-25,手机,device,三星,G系列(S旗舰),G3818/G3812/G3819,,G3818/G3812/G3819,不开机,7,CNY/台,,image,三星.jpg,数码网报价单-0825更新/手机相关/三星.jpg,1,1.0,visual_0825_source_crosschecked
20260825-30cede3e69314fd28e77-01,2026-08-25,手机,device,三星,G系列(S旗舰),G3818/G3812/G3819,,G3818/G3812/G3819,废板-整机,7,CNY/台,,image,三星.jpg,数码网报价单-0825更新/手机相关/三星.jpg,1,1.0,visual_0825_source_crosschecked
20260825-a4373cbcff1ec118d6f8-01,2026-08-25,手机,device,三星,G系列(S旗舰),G9251/S6edge,,G9251/S6edge,开机屏好,45,CNY/台,,image,三星.jpg,数码网报价单-0825更新/手机相关/三星.jpg,1,1.0,visual_0825_source_crosschecked
20260825-0d2987dd4b592b913703-01,2026-08-25,手机,device,三星,G系列(S旗舰),G9251/S6edge,,G9251/S6edge,开机屏好小老化,20,CNY/台,,image,三星.jpg,数码网报价单-0825更新/手机相关/三星.jpg,1,1.0,visual_0825_source_crosschecked
20260825-bb6259e72cee0c42c55d-01,2026-08-25,手机,device,三星,G系列(S旗舰),G9251/S6edge,,G9251/S6edge,开机屏好大老化,45,CNY/台,,image,三星.jpg,数码网报价单-0825更新/手机相关/三星.jpg,1,1.0,visual_0825_source_crosschecked
20260825-5deb13430605fe160f1d-01,2026-08-25,手机,device,三星,G系列(S旗舰),G9251/S6edge,,G9251/S6edge,开机屏坏,20,CNY/台,,image,三星.jpg,数码网报价单-0825更新/手机相关/三星.jpg,1,1.0,visual_0825_source_crosschecked
20260825-8928019eb272574b461b-01,2026-08-25,手机,device,三星,G系列(S旗舰),G9251/S6edge,,G9251/S6edge,不开机屏好,20,CNY/台,,image,三星.jpg,数码网报价单-0825更新/手机相关/三星.jpg,1,1.0,visual_0825_source_crosschecked
20260825-c05d64c1b7ef8a86ab80-01,2026-08-25,手机,device,三星,G系列(S旗舰),G9251/S6edge,,G9251/S6edge,不开机,20,CNY/台,,image,三星.jpg,数码网报价单-0825更新/手机相关/三星.jpg,1,1.0,visual_0825_source_crosschecked
20260825-ecf7d399857558231d4d-01,2026-08-25,手机,device,三星,G系列(S旗舰),G9251/S6edge,,G9251/S6edge,废板-整机,20,CNY/台,,image,三星.jpg,数码网报价单-0825更新/手机相关/三星.jpg,1,1.0,visual_0825_source_crosschecked
20260825-02f83e93fb0725059551-01,2026-08-25,手机,device,三星,G系列(S旗舰),G9209/S6,,G9209/S6,开机屏好,35,CNY/台,,image,三星.jpg,数码网报价单-0825更新/手机相关/三星.jpg,1,1.0,visual_0825_source_crosschecked
20260825-d67dda5b9bc7d03f87cf-01,2026-08-25,手机,device,三星,G系列(S旗舰),G9209/S6,,G9209/S6,开机屏好小老化,35,CNY/台,,image,三星.jpg,数码网报价单-0825更新/手机相关/三星.jpg,1,1.0,visual_0825_source_crosschecked
20260825-19d591d9f19048e41e56-01,2026-08-25,手机,device,三星,G系列(S旗舰),G9209/S6,,G9209/S6,开机屏好大老化,35,CNY/台,,image,三星.jpg,数码网报价单-0825更新/手机相关/三星.jpg,1,1.0,visual_0825_source_crosschecked
20260825-7f23a4ad6cd701154e8e-01,2026-08-25,手机,device,三星,G系列(S旗舰),G9209/S6,,G9209/S6,开机屏坏,20,CNY/台,,image,三星.jpg,数码网报价单-0825更新/手机相关/三星.jpg,1,1.0,visual_0825_source_crosschecked
20260825-982eae428b8a0742d713-01,2026-08-25,手机,device,三星,G系列(S旗舰),G9209/S6,,G9209/S6,不开机屏好,20,CNY/台,,image,三星.jpg,数码网报价单-0825更新/手机相关/三星.jpg,1,1.0,visual_0825_source_crosschecked
20260825-1d7e80c566de6e1f2e3d-01,2026-08-25,手机,device,三星,G系列(S旗舰),G9209/S6,,G9209/S6,不开机,20,CNY/台,,image,三星.jpg,数码网报价单-0825更新/手机相关/三星.jpg,1,1.0,visual_0825_source_crosschecked
20260825-84b01537dcbba4054b69-01,2026-08-25,手机,device,三星,G系列(S旗舰),G9209/S6,,G9209/S6,废板-整机,20,CNY/台,,image,三星.jpg,数码网报价单-0825更新/手机相关/三星.jpg,1,1.0,visual_0825_source_crosschecked
20260825-f46ea8a1ac775cca391a-01,2026-08-25,手机,device,三星,G系列(S旗舰),G9208/S6,,G9208/S6,开机屏好,35,CNY/台,,image,三星.jpg,数码网报价单-0825更新/手机相关/三星.jpg,1,1.0,visual_0825_source_crosschecked
20260825-fc29783920179dc434b6-01,2026-08-25,手机,device,三星,G系列(S旗舰),G9208/S6,,G9208/S6,开机屏好小老化,35,CNY/台,,image,三星.jpg,数码网报价单-0825更新/手机相关/三星.jpg,1,1.0,visual_0825_source_crosschecked
20260825-656b8961213fff919b5c-01,2026-08-25,手机,device,三星,G系列(S旗舰),G9208/S6,,G9208/S6,开机屏好大老化,35,CNY/台,,image,三星.jpg,数码网报价单-0825更新/手机相关/三星.jpg,1,1.0,visual_0825_source_crosschecked
20260825-f6999fd4b5c716abe905-01,2026-08-25,手机,device,三星,G系列(S旗舰),G9208/S6,,G9208/S6,开机屏坏,20,CNY/台,,image,三星.jpg,数码网报价单-0825更新/手机相关/三星.jpg,1,1.0,visual_0825_source_crosschecked
20260825-51acf7742806b0681abd-01,2026-08-25,手机,device,三星,G系列(S旗舰),G9208/S6,,G9208/S6,不开机屏好,20,CNY/台,,image,三星.jpg,数码网报价单-0825更新/手机相关/三星.jpg,1,1.0,visual_0825_source_crosschecked
20260825-ece4e27e259844b9f7c5-01,2026-08-25,手机,device,三星,G系列(S旗舰),G9208/S6,,G9208/S6,不开机,20,CNY/台,,image,三星.jpg,数码网报价单-0825更新/手机相关/三星.jpg,1,1.0,visual_0825_source_crosschecked
20260825-58cf4f67e1ff552aa418-01,2026-08-25,手机,device,三星,G系列(S旗舰),G9208/S6,,G9208/S6,废板-整机,20,CNY/台,,image,三星.jpg,数码网报价单-0825更新/手机相关/三星.jpg,1,1.0,visual_0825_source_crosschecked
20260825-44482e5df80e9bfda6f0-01,2026-08-25,手机,device,三星,G系列(S旗舰),G9200美版/S6,,G9200美版/S6,开机屏好,35,CNY/台,,image,三星.jpg,数码网报价单-0825更新/手机相关/三星.jpg,1,1.0,visual_0825_source_crosschecked
20260825-fc9666e3069e37fb3f3b-01,2026-08-25,手机,device,三星,G系列(S旗舰),G9200美版/S6,,G9200美版/S6,开机屏好小老化,35,CNY/台,,image,三星.jpg,数码网报价单-0825更新/手机相关/三星.jpg,1,1.0,visual_0825_source_crosschecked
20260825-f1c6da6968829f17950e-01,2026-08-25,手机,device,三星,G系列(S旗舰),G9200美版/S6,,G9200美版/S6,开机屏好大老化,35,CNY/台,,image,三星.jpg,数码网报价单-0825更新/手机相关/三星.jpg,1,1.0,visual_0825_source_crosschecked
20260825-b6f4396f69a13b6ec8d1-01,2026-08-25,手机,device,三星,G系列(S旗舰),G9200美版/S6,,G9200美版/S6,开机屏坏,20,CNY/台,,image,三星.jpg,数码网报价单-0825更新/手机相关/三星.jpg,1,1.0,visual_0825_source_crosschecked
20260825-71c6f5bad5e1252c96a6-01,2026-08-25,手机,device,三星,G系列(S旗舰),G9200美版/S6,,G9200美版/S6,不开机屏好,20,CNY/台,,image,三星.jpg,数码网报价单-0825更新/手机相关/三星.jpg,1,1.0,visual_0825_source_crosschecked
20260825-4f54c0819c673f2f959a-01,2026-08-25,手机,device,三星,G系列(S旗舰),G9200美版/S6,,G9200美版/S6,不开机,20,CNY/台,,image,三星.jpg,数码网报价单-0825更新/手机相关/三星.jpg,1,1.0,visual_0825_source_crosschecked
20260825-db81956b1de805f4312a-01,2026-08-25,手机,device,三星,G系列(S旗舰),G9200美版/S6,,G9200美版/S6,废板-整机,20,CNY/台,,image,三星.jpg,数码网报价单-0825更新/手机相关/三星.jpg,1,1.0,visual_0825_source_crosschecked
20260825-7b849b00a44839dbed43-01,2026-08-25,手机,device,三星,G系列(S旗舰),G9200/S6,,G9200/S6,开机屏好,35,CNY/台,,image,三星.jpg,数码网报价单-0825更新/手机相关/三星.jpg,1,1.0,visual_0825_source_crosschecked
20260825-da836807941451920382-01,2026-08-25,手机,device,三星,G系列(S旗舰),G9200/S6,,G9200/S6,开机屏好小老化,35,CNY/台,,image,三星.jpg,数码网报价单-0825更新/手机相关/三星.jpg,1,1.0,visual_0825_source_crosschecked
20260825-d0aee9744c778e7bef77-01,2026-08-25,手机,device,三星,G系列(S旗舰),G9200/S6,,G9200/S6,开机屏好大老化,35,CNY/台,,image,三星.jpg,数码网报价单-0825更新/手机相关/三星.jpg,1,1.0,visual_0825_source_crosschecked
20260825-f5a727bfe36d1224b38b-01,2026-08-25,手机,device,三星,G系列(S旗舰),G9200/S6,,G9200/S6,开机屏坏,20,CNY/台,,image,三星.jpg,数码网报价单-0825更新/手机相关/三星.jpg,1,1.0,visual_0825_source_crosschecked
20260825-233f4ee5c9c67066d59c-01,2026-08-25,手机,device,三星,G系列(S旗舰),G9200/S6,,G9200/S6,不开机屏好,20,CNY/台,,image,三星.jpg,数码网报价单-0825更新/手机相关/三星.jpg,1,1.0,visual_0825_source_crosschecked
20260825-2b7ecddd52adc5b7e844-01,2026-08-25,手机,device,三星,G系列(S旗舰),G9200/S6,,G9200/S6,不开机,20,CNY/台,,image,三星.jpg,数码网报价单-0825更新/手机相关/三星.jpg,1,1.0,visual_0825_source_crosschecked
20260825-3504a145770d29b4335a-01,2026-08-25,手机,device,三星,G系列(S旗舰),G9200/S6,,G9200/S6,废板-整机,20,CNY/台,,image,三星.jpg,数码网报价单-0825更新/手机相关/三星.jpg,1,1.0,visual_0825_source_crosschecked
20260825-74bec184eaae08833db3-01,2026-08-25,手机,device,三星,G系列(S旗舰),G9008W/09w/09d/S5,,G9008W/09w/09d/S5,开机屏好,20,CNY/台,,image,三星.jpg,数码网报价单-0825更新/手机相关/三星.jpg,1,1.0,visual_0825_source_crosschecked
20260825-cbb64366311663cca8eb-01,2026-08-25,手机,device,三星,G系列(S旗舰),G9008W/09w/09d/S5,,G9008W/09w/09d/S5,开机屏好小老化,20,CNY/台,,image,三星.jpg,数码网报价单-0825更新/手机相关/三星.jpg,1,1.0,visual_0825_source_crosschecked
20260825-52d9c18fcb4ce5983588-01,2026-08-25,手机,device,三星,G系列(S旗舰),G9008W/09w/09d/S5,,G9008W/09w/09d/S5,开机屏好大老化,20,CNY/台,,image,三星.jpg,数码网报价单-0825更新/手机相关/三星.jpg,1,1.0,visual_0825_source_crosschecked
20260825-a56fa64e525e2841b351-01,2026-08-25,手机,device,三星,G系列(S旗舰),G9008W/09w/09d/S5,,G9008W/09w/09d/S5,开机屏坏,20,CNY/台,,image,三星.jpg,数码网报价单-0825更新/手机相关/三星.jpg,1,1.0,visual_0825_source_crosschecked
20260825-aaa99fe351f2dddce85e-01,2026-08-25,手机,device,三星,G系列(S旗舰),G9008W/09w/09d/S5,,G9008W/09w/09d/S5,不开机屏好,20,CNY/台,,image,三星.jpg,数码网报价单-0825更新/手机相关/三星.jpg,1,1.0,visual_0825_source_crosschecked
20260825-c3da82bfc485c79868f8-01,2026-08-25,手机,device,三星,G系列(S旗舰),G9008W/09w/09d/S5,,G9008W/09w/09d/S5,不开机,20,CNY/台,,image,三星.jpg,数码网报价单-0825更新/手机相关/三星.jpg,1,1.0,visual_0825_source_crosschecked
20260825-636938aac866f022a635-01,2026-08-25,手机,device,三星,G系列(S旗舰),G9008W/09w/09d/S5,,G9008W/09w/09d/S5,废板-整机,20,CNY/台,,image,三星.jpg,数码网报价单-0825更新/手机相关/三星.jpg,1,1.0,visual_0825_source_crosschecked
20260825-3ae3c34f8dc47ff3189f-01,2026-08-25,手机,device,三星,G系列(S旗舰),G9006V/06w/08v/S5,,G9006V/06w/08v/S5,开机屏好,20,CNY/台,,image,三星.jpg,数码网报价单-0825更新/手机相关/三星.jpg,1,1.0,visual_0825_source_crosschecked
20260825-87bfcb5677e9ef56c235-01,2026-08-25,手机,device,三星,G系列(S旗舰),G9006V/06w/08v/S5,,G9006V/06w/08v/S5,开机屏好小老化,20,CNY/台,,image,三星.jpg,数码网报价单-0825更新/手机相关/三星.jpg,1,1.0,visual_0825_source_crosschecked
20260825-20dd1c7670edf96bb2b6-01,2026-08-25,手机,device,三星,G系列(S旗舰),G9006V/06w/08v/S5,,G9006V/06w/08v/S5,开机屏好大老化,20,CNY/台,,image,三星.jpg,数码网报价单-0825更新/手机相关/三星.jpg,1,1.0,visual_0825_source_crosschecked
20260825-5f8add0a591d20411c58-01,2026-08-25,手机,device,三星,G系列(S旗舰),G9006V/06w/08v/S5,,G9006V/06w/08v/S5,开机屏坏,20,CNY/台,,image,三星.jpg,数码网报价单-0825更新/手机相关/三星.jpg,1,1.0,visual_0825_source_crosschecked
20260825-84b6d47c591a9c7ce14a-01,2026-08-25,手机,device,三星,G系列(S旗舰),G9006V/06w/08v/S5,,G9006V/06w/08v/S5,不开机屏好,20,CNY/台,,image,三星.jpg,数码网报价单-0825更新/手机相关/三星.jpg,1,1.0,visual_0825_source_crosschecked
20260825-a43a819e2c30199f02af-01,2026-08-25,手机,device,三星,G系列(S旗舰),G9006V/06w/08v/S5,,G9006V/06w/08v/S5,不开机,20,CNY/台,,image,三星.jpg,数码网报价单-0825更新/手机相关/三星.jpg,1,1.0,visual_0825_source_crosschecked
20260825-edd39dae6c8bda9738be-01,2026-08-25,手机,device,三星,G系列(S旗舰),G9006V/06w/08v/S5,,G9006V/06w/08v/S5,废板-整机,20,CNY/台,,image,三星.jpg,数码网报价单-0825更新/手机相关/三星.jpg,1,1.0,visual_0825_source_crosschecked
20260825-9596c0cdcfde629345a2-01,2026-08-25,手机,device,三星,G系列(S旗舰),G900h/u/t/v/p/n/S5,,G900h/u/t/v/p/n/S5,开机屏好,20,CNY/台,,image,三星.jpg,数码网报价单-0825更新/手机相关/三星.jpg,1,1.0,visual_0825_source_crosschecked
20260825-b7452a7e7616a3006a6c-01,2026-08-25,手机,device,三星,G系列(S旗舰),G900h/u/t/v/p/n/S5,,G900h/u/t/v/p/n/S5,开机屏好小老化,20,CNY/台,,image,三星.jpg,数码网报价单-0825更新/手机相关/三星.jpg,1,1.0,visual_0825_source_crosschecked
20260825-f3b3425678dcf2958e70-01,2026-08-25,手机,device,三星,G系列(S旗舰),G900h/u/t/v/p/n/S5,,G900h/u/t/v/p/n/S5,开机屏好大老化,20,CNY/台,,image,三星.jpg,数码网报价单-0825更新/手机相关/三星.jpg,1,1.0,visual_0825_source_crosschecked
20260825-5d54d9d37e59e44f6141-01,2026-08-25,手机,device,三星,G系列(S旗舰),G900h/u/t/v/p/n/S5,,G900h/u/t/v/p/n/S5,开机屏坏,20,CNY/台,,image,三星.jpg,数码网报价单-0825更新/手机相关/三星.jpg,1,1.0,visual_0825_source_crosschecked
20260825-2cbcd8050f4612f22d77-01,2026-08-25,手机,device,三星,G系列(S旗舰),G900h/u/t/v/p/n/S5,,G900h/u/t/v/p/n/S5,不开机屏好,20,CNY/台,,image,三星.jpg,数码网报价单-0825更新/手机相关/三星.jpg,1,1.0,visual_0825_source_crosschecked
20260825-b8938bf6a1b96c83906f-01,2026-08-25,手机,device,三星,G系列(S旗舰),G900h/u/t/v/p/n/S5,,G900h/u/t/v/p/n/S5,不开机,20,CNY/台,,image,三星.jpg,数码网报价单-0825更新/手机相关/三星.jpg,1,1.0,visual_0825_source_crosschecked
20260825-bb740705ad019f593bcc-01,2026-08-25,手机,device,三星,G系列(S旗舰),G900h/u/t/v/p/n/S5,,G900h/u/t/v/p/n/S5,废板-整机,20,CNY/台,,image,三星.jpg,数码网报价单-0825更新/手机相关/三星.jpg,1,1.0,visual_0825_source_crosschecked
20260825-3d87c7d558beaaa1bb5d-01,2026-08-25,手机,device,三星,G系列(S旗舰),G906/S5顶配,,G906/S5顶配,开机屏好,20,CNY/台,,image,三星.jpg,数码网报价单-0825更新/手机相关/三星.jpg,1,1.0,visual_0825_source_crosschecked
20260825-f8e2a864d4232a959fc1-01,2026-08-25,手机,device,三星,G系列(S旗舰),G906/S5顶配,,G906/S5顶配,开机屏好小老化,20,CNY/台,,image,三星.jpg,数码网报价单-0825更新/手机相关/三星.jpg,1,1.0,visual_0825_source_crosschecked
20260825-9036d08de76aae4e2ea5-01,2026-08-25,手机,device,三星,G系列(S旗舰),G906/S5顶配,,G906/S5顶配,开机屏好大老化,20,CNY/台,,image,三星.jpg,数码网报价单-0825更新/手机相关/三星.jpg,1,1.0,visual_0825_source_crosschecked
20260825-e5c0b773064f8d597bd0-01,2026-08-25,手机,device,三星,G系列(S旗舰),G906/S5顶配,,G906/S5顶配,开机屏坏,20,CNY/台,,image,三星.jpg,数码网报价单-0825更新/手机相关/三星.jpg,1,1.0,visual_0825_source_crosschecked
20260825-42a885a75bbab51ebda0-01,2026-08-25,手机,device,三星,G系列(S旗舰),G906/S5顶配,,G906/S5顶配,不开机屏好,20,CNY/台,,image,三星.jpg,数码网报价单-0825更新/手机相关/三星.jpg,1,1.0,visual_0825_source_crosschecked
20260825-de8afad96cda8352e16d-01,2026-08-25,手机,device,三星,G系列(S旗舰),G906/S5顶配,,G906/S5顶配,不开机,20,CNY/台,,image,三星.jpg,数码网报价单-0825更新/手机相关/三星.jpg,1,1.0,visual_0825_source_crosschecked
20260825-fe7a290b501480a642ef-01,2026-08-25,手机,device,三星,G系列(S旗舰),G906/S5顶配,,G906/S5顶配,废板-整机,20,CNY/台,,image,三星.jpg,数码网报价单-0825更新/手机相关/三星.jpg,1,1.0,visual_0825_source_crosschecked
20260825-267a5e1bc9aab4dbfb17-01,2026-08-25,手机,device,三星,G系列(S旗舰),G900F/S5,,G900F/S5,开机屏好,20,CNY/台,,image,三星.jpg,数码网报价单-0825更新/手机相关/三星.jpg,1,1.0,visual_0825_source_crosschecked
20260825-720ac9f8dae8cc198eda-01,2026-08-25,手机,device,三星,G系列(S旗舰),G900F/S5,,G900F/S5,开机屏好小老化,20,CNY/台,,image,三星.jpg,数码网报价单-0825更新/手机相关/三星.jpg,1,1.0,visual_0825_source_crosschecked
20260825-7c27cd0406f5a80882ec-01,2026-08-25,手机,device,三星,G系列(S旗舰),G900F/S5,,G900F/S5,开机屏好大老化,20,CNY/台,,image,三星.jpg,数码网报价单-0825更新/手机相关/三星.jpg,1,1.0,visual_0825_source_crosschecked
20260825-7408dc5091e6c3c15188-01,2026-08-25,手机,device,三星,G系列(S旗舰),G900F/S5,,G900F/S5,开机屏坏,20,CNY/台,,image,三星.jpg,数码网报价单-0825更新/手机相关/三星.jpg,1,1.0,visual_0825_source_crosschecked
20260825-86e5fbcf593c34cabc88-01,2026-08-25,手机,device,三星,G系列(S旗舰),G900F/S5,,G900F/S5,不开机屏好,20,CNY/台,,image,三星.jpg,数码网报价单-0825更新/手机相关/三星.jpg,1,1.0,visual_0825_source_crosschecked
20260825-1e278da1ab96fc2a1226-01,2026-08-25,手机,device,三星,G系列(S旗舰),G900F/S5,,G900F/S5,不开机,20,CNY/台,,image,三星.jpg,数码网报价单-0825更新/手机相关/三星.jpg,1,1.0,visual_0825_source_crosschecked
20260825-3992a413f95b5544c8d6-01,2026-08-25,手机,device,三星,G系列(S旗舰),G900F/S5,,G900F/S5,废板-整机,20,CNY/台,,image,三星.jpg,数码网报价单-0825更新/手机相关/三星.jpg,1,1.0,visual_0825_source_crosschecked
20260825-5dcb4980ba473711ce5d-01,2026-08-25,手机,device,三星,G系列(S旗舰),G9298,,G9298,开机屏好,70,CNY/台,,image,三星.jpg,数码网报价单-0825更新/手机相关/三星.jpg,1,1.0,visual_0825_source_crosschecked
20260825-833b320cbb4011028956-01,2026-08-25,手机,device,三星,G系列(S旗舰),G9298,,G9298,开机屏好小老化,60,CNY/台,,image,三星.jpg,数码网报价单-0825更新/手机相关/三星.jpg,1,1.0,visual_0825_source_crosschecked
20260825-e0ab84391ad68254bf2b-01,2026-08-25,手机,device,三星,G系列(S旗舰),G9298,,G9298,开机屏好大老化,70,CNY/台,,image,三星.jpg,数码网报价单-0825更新/手机相关/三星.jpg,1,1.0,visual_0825_source_crosschecked
20260825-31199760f7e0bf6acd73-01,2026-08-25,手机,device,三星,G系列(S旗舰),G9298,,G9298,开机屏坏,50,CNY/台,,image,三星.jpg,数码网报价单-0825更新/手机相关/三星.jpg,1,1.0,visual_0825_source_crosschecked
20260825-f543c5fdf7d76078ff3c-01,2026-08-25,手机,device,三星,G系列(S旗舰),G9298,,G9298,不开机屏好,50,CNY/台,,image,三星.jpg,数码网报价单-0825更新/手机相关/三星.jpg,1,1.0,visual_0825_source_crosschecked
20260825-6c984051494ea15cdb69-01,2026-08-25,手机,device,三星,G系列(S旗舰),G9298,,G9298,不开机,45,CNY/台,,image,三星.jpg,数码网报价单-0825更新/手机相关/三星.jpg,1,1.0,visual_0825_source_crosschecked
20260825-4fbb25778b04ec0b70d8-01,2026-08-25,手机,device,三星,G系列(S旗舰),G9298,,G9298,废板-整机,45,CNY/台,,image,三星.jpg,数码网报价单-0825更新/手机相关/三星.jpg,1,1.0,visual_0825_source_crosschecked
20260825-c03084defec1c3d56d8e-01,2026-08-25,手机,device,三星,G系列(S旗舰),G9198,,G9198,开机屏好,10,CNY/台,,image,三星.jpg,数码网报价单-0825更新/手机相关/三星.jpg,1,1.0,visual_0825_source_crosschecked
20260825-ae997cf21b30251d0753-01,2026-08-25,手机,device,三星,G系列(S旗舰),G9198,,G9198,开机屏好小老化,10,CNY/台,,image,三星.jpg,数码网报价单-0825更新/手机相关/三星.jpg,1,1.0,visual_0825_source_crosschecked
20260825-eb2ab56e639d450119ff-01,2026-08-25,手机,device,三星,G系列(S旗舰),G9198,,G9198,开机屏好大老化,10,CNY/台,,image,三星.jpg,数码网报价单-0825更新/手机相关/三星.jpg,1,1.0,visual_0825_source_crosschecked
20260825-69a216799044064b25a6-01,2026-08-25,手机,device,三星,G系列(S旗舰),G9198,,G9198,开机屏坏,10,CNY/台,,image,三星.jpg,数码网报价单-0825更新/手机相关/三星.jpg,1,1.0,visual_0825_source_crosschecked
20260825-793a0929c5c5449ab0de-01,2026-08-25,手机,device,三星,G系列(S旗舰),G9198,,G9198,不开机屏好,10,CNY/台,,image,三星.jpg,数码网报价单-0825更新/手机相关/三星.jpg,1,1.0,visual_0825_source_crosschecked
20260825-4172af71e0fbcd869f0b-01,2026-08-25,手机,device,三星,G系列(S旗舰),G9198,,G9198,不开机,10,CNY/台,,image,三星.jpg,数码网报价单-0825更新/手机相关/三星.jpg,1,1.0,visual_0825_source_crosschecked
20260825-2907cf0e7bab03b015e6-01,2026-08-25,手机,device,三星,G系列(S旗舰),G9198,,G9198,废板-整机,10,CNY/台,,image,三星.jpg,数码网报价单-0825更新/手机相关/三星.jpg,1,1.0,visual_0825_source_crosschecked
20260825-b09202c9669090b80e2b-01,2026-08-25,手机,device,三星,G系列(S旗舰),G977n,,G977n,开机屏好,450,CNY/台,,image,三星.jpg,数码网报价单-0825更新/手机相关/三星.jpg,1,1.0,visual_0825_source_crosschecked
20260825-ef5514269c531f7fc313-01,2026-08-25,手机,device,三星,G系列(S旗舰),G977n,,G977n,开机屏好小老化,240,CNY/台,,image,三星.jpg,数码网报价单-0825更新/手机相关/三星.jpg,1,1.0,visual_0825_source_crosschecked
20260825-23cd4f06ab87f0be1512-01,2026-08-25,手机,device,三星,G系列(S旗舰),G977n,,G977n,开机屏好大老化,350,CNY/台,,image,三星.jpg,数码网报价单-0825更新/手机相关/三星.jpg,1,1.0,visual_0825_source_crosschecked
20260825-52b068ce1183b092c5e8-01,2026-08-25,手机,device,三星,G系列(S旗舰),G977n,,G977n,开机屏坏,150,CNY/台,,image,三星.jpg,数码网报价单-0825更新/手机相关/三星.jpg,1,1.0,visual_0825_source_crosschecked
20260825-48acd5cd7373d64b7bb2-01,2026-08-25,手机,device,三星,G系列(S旗舰),G977n,,G977n,不开机屏好,150,CNY/台,,image,三星.jpg,数码网报价单-0825更新/手机相关/三星.jpg,1,1.0,visual_0825_source_crosschecked
20260825-ae50d54d822dbafee282-01,2026-08-25,手机,device,三星,G系列(S旗舰),G977n,,G977n,不开机,150,CNY/台,,image,三星.jpg,数码网报价单-0825更新/手机相关/三星.jpg,1,1.0,visual_0825_source_crosschecked
20260825-2439aa56b9cd10f214ec-01,2026-08-25,手机,device,三星,G系列(S旗舰),G977n,,G977n,废板-整机,60,CNY/台,,image,三星.jpg,数码网报价单-0825更新/手机相关/三星.jpg,1,1.0,visual_0825_source_crosschecked
20260825-98d30736b82c4256c630-01,2026-08-25,手机,device,三星,G系列,G8858/A9Star,,G8858/A9Star,开机屏好,130,CNY/台,,image,三星.jpg,数码网报价单-0825更新/手机相关/三星.jpg,1,1.0,visual_0825_source_crosschecked
20260825-453964bc287a4f44c654-01,2026-08-25,手机,device,三星,G系列,G8858/A9Star,,G8858/A9Star,开机屏好小老化,70,CNY/台,,image,三星.jpg,数码网报价单-0825更新/手机相关/三星.jpg,1,1.0,visual_0825_source_crosschecked
20260825-d3d2359590c6ecc401d9-01,2026-08-25,手机,device,三星,G系列,G8858/A9Star,,G8858/A9Star,开机屏好大老化,130,CNY/台,,image,三星.jpg,数码网报价单-0825更新/手机相关/三星.jpg,1,1.0,visual_0825_source_crosschecked
20260825-22050fba7fb54ea534f9-01,2026-08-25,手机,device,三星,G系列,G8858/A9Star,,G8858/A9Star,开机屏坏,35,CNY/台,,image,三星.jpg,数码网报价单-0825更新/手机相关/三星.jpg,1,1.0,visual_0825_source_crosschecked
20260825-cfca55cadcb8d132a0f6-01,2026-08-25,手机,device,三星,G系列,G8858/A9Star,,G8858/A9Star,不开机屏好,35,CNY/台,,image,三星.jpg,数码网报价单-0825更新/手机相关/三星.jpg,1,1.0,visual_0825_source_crosschecked
20260825-0e593e0d2795496c6e59-01,2026-08-25,手机,device,三星,G系列,G8858/A9Star,,G8858/A9Star,不开机,35,CNY/台,,image,三星.jpg,数码网报价单-0825更新/手机相关/三星.jpg,1,1.0,visual_0825_source_crosschecked
20260825-ae3530ed5512ed676699-01,2026-08-25,手机,device,三星,G系列,G8858/A9Star,,G8858/A9Star,废板-整机,35,CNY/台,,image,三星.jpg,数码网报价单-0825更新/手机相关/三星.jpg,1,1.0,visual_0825_source_crosschecked
20260825-0fec9d5ff710a9cf847f-01,2026-08-25,手机,device,三星,G系列,G8850/A9Star,,G8850/A9Star,开机屏好,130,CNY/台,,image,三星.jpg,数码网报价单-0825更新/手机相关/三星.jpg,1,1.0,visual_0825_source_crosschecked
20260825-d20175f4617006096801-01,2026-08-25,手机,device,三星,G系列,G8850/A9Star,,G8850/A9Star,开机屏好小老化,70,CNY/台,,image,三星.jpg,数码网报价单-0825更新/手机相关/三星.jpg,1,1.0,visual_0825_source_crosschecked
20260825-cdd81daaf23941fe2065-01,2026-08-25,手机,device,三星,G系列,G8850/A9Star,,G8850/A9Star,开机屏好大老化,130,CNY/台,,image,三星.jpg,数码网报价单-0825更新/手机相关/三星.jpg,1,1.0,visual_0825_source_crosschecked
20260825-bf0af23a4a5f0e69b42a-01,2026-08-25,手机,device,三星,G系列,G8850/A9Star,,G8850/A9Star,开机屏坏,35,CNY/台,,image,三星.jpg,数码网报价单-0825更新/手机相关/三星.jpg,1,1.0,visual_0825_source_crosschecked
20260825-82c415ab352c0c460ec3-01,2026-08-25,手机,device,三星,G系列,G8850/A9Star,,G8850/A9Star,不开机屏好,35,CNY/台,,image,三星.jpg,数码网报价单-0825更新/手机相关/三星.jpg,1,1.0,visual_0825_source_crosschecked
20260825-92ed1297da40d9097724-01,2026-08-25,手机,device,三星,G系列,G8850/A9Star,,G8850/A9Star,不开机,35,CNY/台,,image,三星.jpg,数码网报价单-0825更新/手机相关/三星.jpg,1,1.0,visual_0825_source_crosschecked
20260825-413439bccfd336710b93-01,2026-08-25,手机,device,三星,G系列,G8850/A9Star,,G8850/A9Star,废板-整机,35,CNY/台,,image,三星.jpg,数码网报价单-0825更新/手机相关/三星.jpg,1,1.0,visual_0825_source_crosschecked
20260825-b143ac33e715a6ce213b-01,2026-08-25,手机,device,三星,G系列,G8508s,,G8508s,开机屏好,300,CNY/台,,image,三星.jpg,数码网报价单-0825更新/手机相关/三星.jpg,1,1.0,visual_0825_source_crosschecked
20260825-e1217bf83e84ea45d782-01,2026-08-25,手机,device,三星,G系列,G8508s,,G8508s,开机屏好小老化,100,CNY/台,,image,三星.jpg,数码网报价单-0825更新/手机相关/三星.jpg,1,1.0,visual_0825_source_crosschecked
20260825-6ff9b3bd1d8a95e3ccdc-01,2026-08-25,手机,device,三星,G系列,G8508s,,G8508s,开机屏好大老化,300,CNY/台,,image,三星.jpg,数码网报价单-0825更新/手机相关/三星.jpg,1,1.0,visual_0825_source_crosschecked
20260825-fcc3cef6c4ff95cc08f0-01,2026-08-25,手机,device,三星,G系列,G8508s,,G8508s,开机屏坏,80,CNY/台,,image,三星.jpg,数码网报价单-0825更新/手机相关/三星.jpg,1,1.0,visual_0825_source_crosschecked
20260825-987932e29bd950a19a19-01,2026-08-25,手机,device,三星,G系列,G8508s,,G8508s,不开机屏好,70,CNY/台,,image,三星.jpg,数码网报价单-0825更新/手机相关/三星.jpg,1,1.0,visual_0825_source_crosschecked
20260825-360b44552648fb829147-01,2026-08-25,手机,device,三星,G系列,G8508s,,G8508s,不开机,70,CNY/台,,image,三星.jpg,数码网报价单-0825更新/手机相关/三星.jpg,1,1.0,visual_0825_source_crosschecked
20260825-d4a4af09cba96ada7159-01,2026-08-25,手机,device,三星,G系列,G8508s,,G8508s,废板-整机,70,CNY/台,,image,三星.jpg,数码网报价单-0825更新/手机相关/三星.jpg,1,1.0,visual_0825_source_crosschecked
20260825-1b110dee7fbfd663e516-01,2026-08-25,手机,device,三星,G系列,G7810,,G7810,开机屏好,300,CNY/台,,image,三星.jpg,数码网报价单-0825更新/手机相关/三星.jpg,1,1.0,visual_0825_source_crosschecked
20260825-b81cc0aa809c1cd55898-01,2026-08-25,手机,device,三星,G系列,G7810,,G7810,开机屏好小老化,100,CNY/台,,image,三星.jpg,数码网报价单-0825更新/手机相关/三星.jpg,1,1.0,visual_0825_source_crosschecked
20260825-d17082fa8fe9db033403-01,2026-08-25,手机,device,三星,G系列,G7810,,G7810,开机屏好大老化,300,CNY/台,,image,三星.jpg,数码网报价单-0825更新/手机相关/三星.jpg,1,1.0,visual_0825_source_crosschecked
20260825-62498baec1554a052325-01,2026-08-25,手机,device,三星,G系列,G7810,,G7810,开机屏坏,80,CNY/台,,image,三星.jpg,数码网报价单-0825更新/手机相关/三星.jpg,1,1.0,visual_0825_source_crosschecked
20260825-c97f78306539d22b607c-01,2026-08-25,手机,device,三星,G系列,G7810,,G7810,不开机屏好,70,CNY/台,,image,三星.jpg,数码网报价单-0825更新/手机相关/三星.jpg,1,1.0,visual_0825_source_crosschecked
20260825-5efa39d33029327b6879-01,2026-08-25,手机,device,三星,G系列,G7810,,G7810,不开机,70,CNY/台,,image,三星.jpg,数码网报价单-0825更新/手机相关/三星.jpg,1,1.0,visual_0825_source_crosschecked
20260825-72968760af2a6d819a84-01,2026-08-25,手机,device,三星,G系列,G7810,,G7810,废板-整机,70,CNY/台,,image,三星.jpg,数码网报价单-0825更新/手机相关/三星.jpg,1,1.0,visual_0825_source_crosschecked
20260825-6b55ba386ee2e9a6ed83-01,2026-08-25,手机,device,三星,G系列,G7509,,G7509,开机屏好,10,CNY/台,,image,三星.jpg,数码网报价单-0825更新/手机相关/三星.jpg,1,1.0,visual_0825_source_crosschecked
20260825-410103238ca46006fbf0-01,2026-08-25,手机,device,三星,G系列,G7509,,G7509,开机屏好小老化,10,CNY/台,,image,三星.jpg,数码网报价单-0825更新/手机相关/三星.jpg,1,1.0,visual_0825_source_crosschecked
20260825-0167615572dcfc36a214-01,2026-08-25,手机,device,三星,G系列,G7509,,G7509,开机屏好大老化,10,CNY/台,,image,三星.jpg,数码网报价单-0825更新/手机相关/三星.jpg,1,1.0,visual_0825_source_crosschecked
20260825-5171bfec769eb613e13c-01,2026-08-25,手机,device,三星,G系列,G7509,,G7509,开机屏坏,10,CNY/台,,image,三星.jpg,数码网报价单-0825更新/手机相关/三星.jpg,1,1.0,visual_0825_source_crosschecked
20260825-c3462b37e2c199ae5e8a-01,2026-08-25,手机,device,三星,G系列,G7509,,G7509,不开机屏好,10,CNY/台,,image,三星.jpg,数码网报价单-0825更新/手机相关/三星.jpg,1,1.0,visual_0825_source_crosschecked
20260825-c9cd17fb0720d4cc3484-01,2026-08-25,手机,device,三星,G系列,G7509,,G7509,不开机,10,CNY/台,,image,三星.jpg,数码网报价单-0825更新/手机相关/三星.jpg,1,1.0,visual_0825_source_crosschecked
20260825-5e5782a7d8279e12babe-01,2026-08-25,手机,device,三星,G系列,G7509,,G7509,废板-整机,10,CNY/台,,image,三星.jpg,数码网报价单-0825更新/手机相关/三星.jpg,1,1.0,visual_0825_source_crosschecked
20260825-721a9142df71df68e0a1-01,2026-08-25,手机,device,三星,G系列,G7508,,G7508,开机屏好,10,CNY/台,,image,三星.jpg,数码网报价单-0825更新/手机相关/三星.jpg,1,1.0,visual_0825_source_crosschecked
20260825-e95fd274941afebd3d01-01,2026-08-25,手机,device,三星,G系列,G7508,,G7508,开机屏好小老化,10,CNY/台,,image,三星.jpg,数码网报价单-0825更新/手机相关/三星.jpg,1,1.0,visual_0825_source_crosschecked
20260825-d6cd8434f17fd41e2e0d-01,2026-08-25,手机,device,三星,G系列,G7508,,G7508,开机屏好大老化,10,CNY/台,,image,三星.jpg,数码网报价单-0825更新/手机相关/三星.jpg,1,1.0,visual_0825_source_crosschecked
20260825-586f7fa6355a4b6fe03c-01,2026-08-25,手机,device,三星,G系列,G7508,,G7508,开机屏坏,10,CNY/台,,image,三星.jpg,数码网报价单-0825更新/手机相关/三星.jpg,1,1.0,visual_0825_source_crosschecked
20260825-9d1a9aa76b58a06f7abc-01,2026-08-25,手机,device,三星,G系列,G7508,,G7508,不开机屏好,10,CNY/台,,image,三星.jpg,数码网报价单-0825更新/手机相关/三星.jpg,1,1.0,visual_0825_source_crosschecked
20260825-74e88d9a48ddb604035a-01,2026-08-25,手机,device,三星,G系列,G7508,,G7508,不开机,10,CNY/台,,image,三星.jpg,数码网报价单-0825更新/手机相关/三星.jpg,1,1.0,visual_0825_source_crosschecked
20260825-2b42b40b8d30504ec40f-01,2026-08-25,手机,device,三星,G系列,G7508,,G7508,废板-整机,10,CNY/台,,image,三星.jpg,数码网报价单-0825更新/手机相关/三星.jpg,1,1.0,visual_0825_source_crosschecked
20260825-f95ad95332d9e57be8a4-01,2026-08-25,手机,device,三星,G系列,G7200,,G7200,开机屏好,10,CNY/台,,image,三星.jpg,数码网报价单-0825更新/手机相关/三星.jpg,1,1.0,visual_0825_source_crosschecked
20260825-12b430492fd4848b0645-01,2026-08-25,手机,device,三星,G系列,G7200,,G7200,开机屏好小老化,10,CNY/台,,image,三星.jpg,数码网报价单-0825更新/手机相关/三星.jpg,1,1.0,visual_0825_source_crosschecked
20260825-f898a892be7090ff82af-01,2026-08-25,手机,device,三星,G系列,G7200,,G7200,开机屏好大老化,10,CNY/台,,image,三星.jpg,数码网报价单-0825更新/手机相关/三星.jpg,1,1.0,visual_0825_source_crosschecked
20260825-c630356e89e048f50050-01,2026-08-25,手机,device,三星,G系列,G7200,,G7200,开机屏坏,10,CNY/台,,image,三星.jpg,数码网报价单-0825更新/手机相关/三星.jpg,1,1.0,visual_0825_source_crosschecked
20260825-3469a60d2024b7b5a17a-01,2026-08-25,手机,device,三星,G系列,G7200,,G7200,不开机屏好,10,CNY/台,,image,三星.jpg,数码网报价单-0825更新/手机相关/三星.jpg,1,1.0,visual_0825_source_crosschecked
20260825-62038ff09f7bec86d947-01,2026-08-25,手机,device,三星,G系列,G7200,,G7200,不开机,10,CNY/台,,image,三星.jpg,数码网报价单-0825更新/手机相关/三星.jpg,1,1.0,visual_0825_source_crosschecked
20260825-79775ade6866ceffcfd7-01,2026-08-25,手机,device,三星,G系列,G7200,,G7200,废板-整机,10,CNY/台,,image,三星.jpg,数码网报价单-0825更新/手机相关/三星.jpg,1,1.0,visual_0825_source_crosschecked
20260825-6bacacca7129b244c68c-01,2026-08-25,手机,device,三星,G系列,g781n,,g781n,开机屏好,300,CNY/台,,image,三星.jpg,数码网报价单-0825更新/手机相关/三星.jpg,1,1.0,visual_0825_source_crosschecked
20260825-810800999e859c48c60a-01,2026-08-25,手机,device,三星,G系列,g781n,,g781n,开机屏好小老化,200,CNY/台,,image,三星.jpg,数码网报价单-0825更新/手机相关/三星.jpg,1,1.0,visual_0825_source_crosschecked
20260825-58f1e21148e1817b34e1-01,2026-08-25,手机,device,三星,G系列,g781n,,g781n,开机屏好大老化,300,CNY/台,,image,三星.jpg,数码网报价单-0825更新/手机相关/三星.jpg,1,1.0,visual_0825_source_crosschecked
20260825-f8040df7eebd2d1fe861-01,2026-08-25,手机,device,三星,G系列,g781n,,g781n,开机屏坏,200,CNY/台,,image,三星.jpg,数码网报价单-0825更新/手机相关/三星.jpg,1,1.0,visual_0825_source_crosschecked
20260825-b298eb4e86a6b61e7b09-01,2026-08-25,手机,device,三星,G系列,g781n,,g781n,不开机屏好,80,CNY/台,,image,三星.jpg,数码网报价单-0825更新/手机相关/三星.jpg,1,1.0,visual_0825_source_crosschecked
20260825-58bf4fdeb4f789f96702-01,2026-08-25,手机,device,三星,G系列,g781n,,g781n,不开机,50,CNY/台,,image,三星.jpg,数码网报价单-0825更新/手机相关/三星.jpg,1,1.0,visual_0825_source_crosschecked
20260825-c6a9c18120622b734aa8-01,2026-08-25,手机,device,三星,G系列,g781n,,g781n,废板-整机,50,CNY/台,,image,三星.jpg,数码网报价单-0825更新/手机相关/三星.jpg,1,1.0,visual_0825_source_crosschecked
20260825-b92180a1aed44834d601-01,2026-08-25,手机,device,三星,G系列,G720,,G720,开机屏好,10,CNY/台,,image,三星.jpg,数码网报价单-0825更新/手机相关/三星.jpg,1,1.0,visual_0825_source_crosschecked
20260825-f26f91abd2dc6dfe44d1-01,2026-08-25,手机,device,三星,G系列,G720,,G720,开机屏好小老化,10,CNY/台,,image,三星.jpg,数码网报价单-0825更新/手机相关/三星.jpg,1,1.0,visual_0825_source_crosschecked
20260825-a06e180413e72f5b4872-01,2026-08-25,手机,device,三星,G系列,G720,,G720,开机屏好大老化,10,CNY/台,,image,三星.jpg,数码网报价单-0825更新/手机相关/三星.jpg,1,1.0,visual_0825_source_crosschecked
20260825-7b0733458d77532f9931-01,2026-08-25,手机,device,三星,G系列,G720,,G720,开机屏坏,10,CNY/台,,image,三星.jpg,数码网报价单-0825更新/手机相关/三星.jpg,1,1.0,visual_0825_source_crosschecked
20260825-e335e8117ca496ec8b2d-01,2026-08-25,手机,device,三星,G系列,G720,,G720,不开机屏好,10,CNY/台,,image,三星.jpg,数码网报价单-0825更新/手机相关/三星.jpg,1,1.0,visual_0825_source_crosschecked
20260825-453ca05a5bf1a5c914e7-01,2026-08-25,手机,device,三星,G系列,G720,,G720,不开机,10,CNY/台,,image,三星.jpg,数码网报价单-0825更新/手机相关/三星.jpg,1,1.0,visual_0825_source_crosschecked
20260825-8bbcf8fce907bcfc9977-01,2026-08-25,手机,device,三星,G系列,G720,,G720,废板-整机,10,CNY/台,,image,三星.jpg,数码网报价单-0825更新/手机相关/三星.jpg,1,1.0,visual_0825_source_crosschecked
20260825-fca23abc57637869f752-01,2026-08-25,手机,device,三星,G系列,G7109,,G7109,开机屏好,10,CNY/台,【备注一】开机凹凸不算屏坏,image,三星.jpg,数码网报价单-0825更新/手机相关/三星.jpg,1,1.0,visual_0825_source_crosschecked
20260825-658f132295581bda5865-01,2026-08-25,手机,device,三星,G系列,G7109,,G7109,开机屏好小老化,10,CNY/台,【备注一】开机凹凸不算屏坏,image,三星.jpg,数码网报价单-0825更新/手机相关/三星.jpg,1,1.0,visual_0825_source_crosschecked
20260825-a0e2398cd0e3b9e1920d-01,2026-08-25,手机,device,三星,G系列,G7109,,G7109,开机屏好大老化,10,CNY/台,【备注一】开机凹凸不算屏坏,image,三星.jpg,数码网报价单-0825更新/手机相关/三星.jpg,1,1.0,visual_0825_source_crosschecked
20260825-4120ff511412751f54ed-01,2026-08-25,手机,device,三星,G系列,G7109,,G7109,开机屏坏,10,CNY/台,【备注一】开机凹凸不算屏坏,image,三星.jpg,数码网报价单-0825更新/手机相关/三星.jpg,1,1.0,visual_0825_source_crosschecked
20260825-38d093dc1a0fbfff0b10-01,2026-08-25,手机,device,三星,G系列,G7109,,G7109,不开机屏好,10,CNY/台,【备注一】开机凹凸不算屏坏,image,三星.jpg,数码网报价单-0825更新/手机相关/三星.jpg,1,1.0,visual_0825_source_crosschecked
20260825-d948a12ae0a00b5c97d9-01,2026-08-25,手机,device,三星,G系列,G7109,,G7109,不开机,10,CNY/台,【备注一】开机凹凸不算屏坏,image,三星.jpg,数码网报价单-0825更新/手机相关/三星.jpg,1,1.0,visual_0825_source_crosschecked
20260825-466d281bb96e50c85b74-01,2026-08-25,手机,device,三星,G系列,G7109,,G7109,废板-整机,10,CNY/台,【备注一】开机凹凸不算屏坏,image,三星.jpg,数码网报价单-0825更新/手机相关/三星.jpg,1,1.0,visual_0825_source_crosschecked
20260825-ffd72fbb3104371f23bf-01,2026-08-25,手机,device,三星,G系列,G7108v,,G7108v,开机屏好,10,CNY/台,详见备注一,image,三星.jpg,数码网报价单-0825更新/手机相关/三星.jpg,1,1.0,visual_0825_source_crosschecked
20260825-e0cf52e88531f67a7227-01,2026-08-25,手机,device,三星,G系列,G7108v,,G7108v,开机屏好小老化,10,CNY/台,详见备注一,image,三星.jpg,数码网报价单-0825更新/手机相关/三星.jpg,1,1.0,visual_0825_source_crosschecked
20260825-d0a792b7d2ee2122503b-01,2026-08-25,手机,device,三星,G系列,G7108v,,G7108v,开机屏好大老化,10,CNY/台,详见备注一,image,三星.jpg,数码网报价单-0825更新/手机相关/三星.jpg,1,1.0,visual_0825_source_crosschecked
20260825-aae4b365b72275f778d9-01,2026-08-25,手机,device,三星,G系列,G7108v,,G7108v,开机屏坏,10,CNY/台,详见备注一,image,三星.jpg,数码网报价单-0825更新/手机相关/三星.jpg,1,1.0,visual_0825_source_crosschecked
20260825-b643e5e84afbf609c29a-01,2026-08-25,手机,device,三星,G系列,G7108v,,G7108v,不开机屏好,10,CNY/台,详见备注一,image,三星.jpg,数码网报价单-0825更新/手机相关/三星.jpg,1,1.0,visual_0825_source_crosschecked
20260825-0e7c7e8a352d5ea142ee-01,2026-08-25,手机,device,三星,G系列,G7108v,,G7108v,不开机,10,CNY/台,详见备注一,image,三星.jpg,数码网报价单-0825更新/手机相关/三星.jpg,1,1.0,visual_0825_source_crosschecked
20260825-1624b39feacba99213f7-01,2026-08-25,手机,device,三星,G系列,G7108v,,G7108v,废板-整机,10,CNY/台,详见备注一,image,三星.jpg,数码网报价单-0825更新/手机相关/三星.jpg,1,1.0,visual_0825_source_crosschecked
20260825-ed756308baa015a34e8e-01,2026-08-25,手机,device,三星,G系列,G7108,,G7108,开机屏好,10,CNY/台,详见备注一,image,三星.jpg,数码网报价单-0825更新/手机相关/三星.jpg,1,1.0,visual_0825_source_crosschecked
20260825-12c914f905fff78dc8d1-01,2026-08-25,手机,device,三星,G系列,G7108,,G7108,开机屏好小老化,10,CNY/台,详见备注一,image,三星.jpg,数码网报价单-0825更新/手机相关/三星.jpg,1,1.0,visual_0825_source_crosschecked
20260825-293f17ae1584d5dd877d-01,2026-08-25,手机,device,三星,G系列,G7108,,G7108,开机屏好大老化,10,CNY/台,详见备注一,image,三星.jpg,数码网报价单-0825更新/手机相关/三星.jpg,1,1.0,visual_0825_source_crosschecked
20260825-8ae06ccce25d60c9ef3d-01,2026-08-25,手机,device,三星,G系列,G7108,,G7108,开机屏坏,10,CNY/台,详见备注一,image,三星.jpg,数码网报价单-0825更新/手机相关/三星.jpg,1,1.0,visual_0825_source_crosschecked
20260825-80337b7604958d649f5e-01,2026-08-25,手机,device,三星,G系列,G7108,,G7108,不开机屏好,10,CNY/台,详见备注一,image,三星.jpg,数码网报价单-0825更新/手机相关/三星.jpg,1,1.0,visual_0825_source_crosschecked
20260825-ab7a78e489c543807a88-01,2026-08-25,手机,device,三星,G系列,G7108,,G7108,不开机,10,CNY/台,详见备注一,image,三星.jpg,数码网报价单-0825更新/手机相关/三星.jpg,1,1.0,visual_0825_source_crosschecked
20260825-c0d85534000ad1a35fb5-01,2026-08-25,手机,device,三星,G系列,G7108,,G7108,废板-整机,10,CNY/台,详见备注一,image,三星.jpg,数码网报价单-0825更新/手机相关/三星.jpg,1,1.0,visual_0825_source_crosschecked
20260825-99c9d1af30b7d0da80d8-01,2026-08-25,手机,device,三星,G系列,G7106,,G7106,开机屏好,10,CNY/台,详见备注一,image,三星.jpg,数码网报价单-0825更新/手机相关/三星.jpg,1,1.0,visual_0825_source_crosschecked
20260825-6a8f82ae9206ac472354-01,2026-08-25,手机,device,三星,G系列,G7106,,G7106,开机屏好小老化,10,CNY/台,详见备注一,image,三星.jpg,数码网报价单-0825更新/手机相关/三星.jpg,1,1.0,visual_0825_source_crosschecked
20260825-3720bb363db20e063633-01,2026-08-25,手机,device,三星,G系列,G7106,,G7106,开机屏好大老化,10,CNY/台,详见备注一,image,三星.jpg,数码网报价单-0825更新/手机相关/三星.jpg,1,1.0,visual_0825_source_crosschecked
20260825-d033370628915f5623c2-01,2026-08-25,手机,device,三星,G系列,G7106,,G7106,开机屏坏,10,CNY/台,详见备注一,image,三星.jpg,数码网报价单-0825更新/手机相关/三星.jpg,1,1.0,visual_0825_source_crosschecked
20260825-0fefba301aef704e764d-01,2026-08-25,手机,device,三星,G系列,G7106,,G7106,不开机屏好,10,CNY/台,详见备注一,image,三星.jpg,数码网报价单-0825更新/手机相关/三星.jpg,1,1.0,visual_0825_source_crosschecked
20260825-fc40527f0ac24c4fa9ed-01,2026-08-25,手机,device,三星,G系列,G7106,,G7106,不开机,10,CNY/台,详见备注一,image,三星.jpg,数码网报价单-0825更新/手机相关/三星.jpg,1,1.0,visual_0825_source_crosschecked
20260825-cf57be09d2f1b48592c8-01,2026-08-25,手机,device,三星,G系列,G7106,,G7106,废板-整机,10,CNY/台,详见备注一,image,三星.jpg,数码网报价单-0825更新/手机相关/三星.jpg,1,1.0,visual_0825_source_crosschecked
20260825-078a548956b4bd4b9c15-01,2026-08-25,手机,device,三星,G系列,G6100,,G6100,开机屏好,20,CNY/台,,image,三星.jpg,数码网报价单-0825更新/手机相关/三星.jpg,1,1.0,visual_0825_source_crosschecked
20260825-d7ad753f6b84b407fb93-01,2026-08-25,手机,device,三星,G系列,G6100,,G6100,开机屏好小老化,20,CNY/台,,image,三星.jpg,数码网报价单-0825更新/手机相关/三星.jpg,1,1.0,visual_0825_source_crosschecked
20260825-e260a753ed44a1cd018d-01,2026-08-25,手机,device,三星,G系列,G6100,,G6100,开机屏好大老化,20,CNY/台,,image,三星.jpg,数码网报价单-0825更新/手机相关/三星.jpg,1,1.0,visual_0825_source_crosschecked
20260825-9ae881ec3d51212ab8e2-01,2026-08-25,手机,device,三星,G系列,G6100,,G6100,开机屏坏,20,CNY/台,,image,三星.jpg,数码网报价单-0825更新/手机相关/三星.jpg,1,1.0,visual_0825_source_crosschecked
20260825-83ffe7e1b443d66c2b32-01,2026-08-25,手机,device,三星,G系列,G6100,,G6100,不开机屏好,20,CNY/台,,image,三星.jpg,数码网报价单-0825更新/手机相关/三星.jpg,1,1.0,visual_0825_source_crosschecked
20260825-c0e709f9342a5059a895-01,2026-08-25,手机,device,三星,G系列,G6100,,G6100,不开机,20,CNY/台,,image,三星.jpg,数码网报价单-0825更新/手机相关/三星.jpg,1,1.0,visual_0825_source_crosschecked
20260825-7d3f2882fe4c9e5565ed-01,2026-08-25,手机,device,三星,G系列,G6100,,G6100,废板-整机,15,CNY/台,,image,三星.jpg,数码网报价单-0825更新/手机相关/三星.jpg,1,1.0,visual_0825_source_crosschecked
20260825-e8791a5f710a0ff07736-01,2026-08-25,手机,device,三星,G系列,G6000,,G6000,开机屏好,10,CNY/台,,image,三星.jpg,数码网报价单-0825更新/手机相关/三星.jpg,1,1.0,visual_0825_source_crosschecked
20260825-14c6aab8df66fd5a9644-01,2026-08-25,手机,device,三星,G系列,G6000,,G6000,开机屏好小老化,10,CNY/台,,image,三星.jpg,数码网报价单-0825更新/手机相关/三星.jpg,1,1.0,visual_0825_source_crosschecked
20260825-90c50f6fb42b0648d72a-01,2026-08-25,手机,device,三星,G系列,G6000,,G6000,开机屏好大老化,10,CNY/台,,image,三星.jpg,数码网报价单-0825更新/手机相关/三星.jpg,1,1.0,visual_0825_source_crosschecked
20260825-4617697eab239a6e7a21-01,2026-08-25,手机,device,三星,G系列,G6000,,G6000,开机屏坏,10,CNY/台,,image,三星.jpg,数码网报价单-0825更新/手机相关/三星.jpg,1,1.0,visual_0825_source_crosschecked
20260825-10acb2fbf437e45fa57e-01,2026-08-25,手机,device,三星,G系列,G6000,,G6000,不开机屏好,10,CNY/台,,image,三星.jpg,数码网报价单-0825更新/手机相关/三星.jpg,1,1.0,visual_0825_source_crosschecked
20260825-262c9a9e873ccd470241-01,2026-08-25,手机,device,三星,G系列,G6000,,G6000,不开机,10,CNY/台,,image,三星.jpg,数码网报价单-0825更新/手机相关/三星.jpg,1,1.0,visual_0825_source_crosschecked
20260825-0cecaf938104a9a4db38-01,2026-08-25,手机,device,三星,G系列,G6000,,G6000,废板-整机,10,CNY/台,,image,三星.jpg,数码网报价单-0825更新/手机相关/三星.jpg,1,1.0,visual_0825_source_crosschecked
20260825-18aa66692d582a2b5de6-01,2026-08-25,手机,device,三星,G系列,G611L,,G611L,开机屏好,20,CNY/台,,image,三星.jpg,数码网报价单-0825更新/手机相关/三星.jpg,1,1.0,visual_0825_source_crosschecked
20260825-c4aa56b868caf046bfe0-01,2026-08-25,手机,device,三星,G系列,G611L,,G611L,开机屏好小老化,20,CNY/台,,image,三星.jpg,数码网报价单-0825更新/手机相关/三星.jpg,1,1.0,visual_0825_source_crosschecked
20260825-d9f0d73931148521ea41-01,2026-08-25,手机,device,三星,G系列,G611L,,G611L,开机屏好大老化,20,CNY/台,,image,三星.jpg,数码网报价单-0825更新/手机相关/三星.jpg,1,1.0,visual_0825_source_crosschecked
20260825-5d621f83ec9415e32457-01,2026-08-25,手机,device,三星,G系列,G611L,,G611L,开机屏坏,10,CNY/台,,image,三星.jpg,数码网报价单-0825更新/手机相关/三星.jpg,1,1.0,visual_0825_source_crosschecked
20260825-1ccd935ed5c96c21ba11-01,2026-08-25,手机,device,三星,G系列,G611L,,G611L,不开机屏好,10,CNY/台,,image,三星.jpg,数码网报价单-0825更新/手机相关/三星.jpg,1,1.0,visual_0825_source_crosschecked
20260825-0392af307b4fbfd399cc-01,2026-08-25,手机,device,三星,G系列,G611L,,G611L,不开机,10,CNY/台,,image,三星.jpg,数码网报价单-0825更新/手机相关/三星.jpg,1,1.0,visual_0825_source_crosschecked
20260825-e2dcb3d8693f48ec7845-01,2026-08-25,手机,device,三星,G系列,G611L,,G611L,废板-整机,10,CNY/台,,image,三星.jpg,数码网报价单-0825更新/手机相关/三星.jpg,1,1.0,visual_0825_source_crosschecked
20260825-4c7cff919f5c57ec05e0-01,2026-08-25,手机,device,三星,G系列,G610F,,G610F,开机屏好,25,CNY/台,,image,三星.jpg,数码网报价单-0825更新/手机相关/三星.jpg,1,1.0,visual_0825_source_crosschecked
20260825-bb3c8543bf03a69734b2-01,2026-08-25,手机,device,三星,G系列,G610F,,G610F,开机屏好小老化,25,CNY/台,,image,三星.jpg,数码网报价单-0825更新/手机相关/三星.jpg,1,1.0,visual_0825_source_crosschecked
20260825-5ec38d837e5987ea908d-01,2026-08-25,手机,device,三星,G系列,G610F,,G610F,开机屏好大老化,25,CNY/台,,image,三星.jpg,数码网报价单-0825更新/手机相关/三星.jpg,1,1.0,visual_0825_source_crosschecked
20260825-d9a05fc59095e2853ede-01,2026-08-25,手机,device,三星,G系列,G610F,,G610F,开机屏坏,10,CNY/台,,image,三星.jpg,数码网报价单-0825更新/手机相关/三星.jpg,1,1.0,visual_0825_source_crosschecked
20260825-00ae5b78de6fcda6bf0e-01,2026-08-25,手机,device,三星,G系列,G610F,,G610F,不开机屏好,10,CNY/台,,image,三星.jpg,数码网报价单-0825更新/手机相关/三星.jpg,1,1.0,visual_0825_source_crosschecked
20260825-98ea85dfffe64a7656a1-01,2026-08-25,手机,device,三星,G系列,G610F,,G610F,不开机,10,CNY/台,,image,三星.jpg,数码网报价单-0825更新/手机相关/三星.jpg,1,1.0,visual_0825_source_crosschecked
20260825-d1977a0432531b8a0c70-01,2026-08-25,手机,device,三星,G系列,G610F,,G610F,废板-整机,10,CNY/台,,image,三星.jpg,数码网报价单-0825更新/手机相关/三星.jpg,1,1.0,visual_0825_source_crosschecked
20260825-e0f3c3ceef346a20a01e-01,2026-08-25,手机,device,三星,G系列,G600,,G600,开机屏好,25,CNY/台,,image,三星.jpg,数码网报价单-0825更新/手机相关/三星.jpg,1,1.0,visual_0825_source_crosschecked
20260825-d60d1d1c79df5d9055b3-01,2026-08-25,手机,device,三星,G系列,G600,,G600,开机屏好小老化,25,CNY/台,,image,三星.jpg,数码网报价单-0825更新/手机相关/三星.jpg,1,1.0,visual_0825_source_crosschecked
20260825-04c7ab4424eebb34c6ea-01,2026-08-25,手机,device,三星,G系列,G600,,G600,开机屏好大老化,25,CNY/台,,image,三星.jpg,数码网报价单-0825更新/手机相关/三星.jpg,1,1.0,visual_0825_source_crosschecked
20260825-8b16c064372d96594ee7-01,2026-08-25,手机,device,三星,G系列,G600,,G600,开机屏坏,10,CNY/台,,image,三星.jpg,数码网报价单-0825更新/手机相关/三星.jpg,1,1.0,visual_0825_source_crosschecked
20260825-b9142df7bfd0104f9cdb-01,2026-08-25,手机,device,三星,G系列,G600,,G600,不开机屏好,10,CNY/台,,image,三星.jpg,数码网报价单-0825更新/手机相关/三星.jpg,1,1.0,visual_0825_source_crosschecked
20260825-25090a399ddebf9a622e-01,2026-08-25,手机,device,三星,G系列,G600,,G600,不开机,10,CNY/台,,image,三星.jpg,数码网报价单-0825更新/手机相关/三星.jpg,1,1.0,visual_0825_source_crosschecked
20260825-8a4813beffbd0bfa687f-01,2026-08-25,手机,device,三星,G系列,G600,,G600,废板-整机,10,CNY/台,,image,三星.jpg,数码网报价单-0825更新/手机相关/三星.jpg,1,1.0,visual_0825_source_crosschecked
20260825-8aa33e2f94b40a1490dd-01,2026-08-25,手机,device,三星,G系列,G5700,,G5700,开机屏好,20,CNY/台,详见备注一,image,三星.jpg,数码网报价单-0825更新/手机相关/三星.jpg,1,1.0,visual_0825_source_crosschecked
20260825-12f1664ae4475c4bdfeb-01,2026-08-25,手机,device,三星,G系列,G5700,,G5700,开机屏好小老化,20,CNY/台,详见备注一,image,三星.jpg,数码网报价单-0825更新/手机相关/三星.jpg,1,1.0,visual_0825_source_crosschecked
20260825-a2eee69fb4bbc0f5be49-01,2026-08-25,手机,device,三星,G系列,G5700,,G5700,开机屏好大老化,20,CNY/台,详见备注一,image,三星.jpg,数码网报价单-0825更新/手机相关/三星.jpg,1,1.0,visual_0825_source_crosschecked
20260825-34074ca4b9eb2cbdfb8a-01,2026-08-25,手机,device,三星,G系列,G5700,,G5700,开机屏坏,20,CNY/台,详见备注一,image,三星.jpg,数码网报价单-0825更新/手机相关/三星.jpg,1,1.0,visual_0825_source_crosschecked
20260825-c66f58d6d3a12d659524-01,2026-08-25,手机,device,三星,G系列,G5700,,G5700,不开机屏好,20,CNY/台,详见备注一,image,三星.jpg,数码网报价单-0825更新/手机相关/三星.jpg,1,1.0,visual_0825_source_crosschecked
20260825-9dd71ef9307f08d293a2-01,2026-08-25,手机,device,三星,G系列,G5700,,G5700,不开机,20,CNY/台,详见备注一,image,三星.jpg,数码网报价单-0825更新/手机相关/三星.jpg,1,1.0,visual_0825_source_crosschecked
20260825-756bbdb4a28b387865ee-01,2026-08-25,手机,device,三星,G系列,G5700,,G5700,废板-整机,15,CNY/台,详见备注一,image,三星.jpg,数码网报价单-0825更新/手机相关/三星.jpg,1,1.0,visual_0825_source_crosschecked
20260825-12c07ceae98cd9856a19-01,2026-08-25,手机,device,三星,G系列,G5570,,G5570,开机屏好,20,CNY/台,详见备注一,image,三星.jpg,数码网报价单-0825更新/手机相关/三星.jpg,1,1.0,visual_0825_source_crosschecked
20260825-9d38720e8c14bc2903ca-01,2026-08-25,手机,device,三星,G系列,G5570,,G5570,开机屏好小老化,20,CNY/台,详见备注一,image,三星.jpg,数码网报价单-0825更新/手机相关/三星.jpg,1,1.0,visual_0825_source_crosschecked
20260825-85ba7cf96b206d0399f0-01,2026-08-25,手机,device,三星,G系列,G5570,,G5570,开机屏好大老化,20,CNY/台,详见备注一,image,三星.jpg,数码网报价单-0825更新/手机相关/三星.jpg,1,1.0,visual_0825_source_crosschecked
20260825-731e9d02f50b1ee425dd-01,2026-08-25,手机,device,三星,G系列,G5570,,G5570,开机屏坏,20,CNY/台,详见备注一,image,三星.jpg,数码网报价单-0825更新/手机相关/三星.jpg,1,1.0,visual_0825_source_crosschecked
20260825-a79abc070f29b2c16bce-01,2026-08-25,手机,device,三星,G系列,G5570,,G5570,不开机屏好,20,CNY/台,详见备注一,image,三星.jpg,数码网报价单-0825更新/手机相关/三星.jpg,1,1.0,visual_0825_source_crosschecked
20260825-098f08ba9d1d1ccb8565-01,2026-08-25,手机,device,三星,G系列,G5570,,G5570,不开机,20,CNY/台,详见备注一,image,三星.jpg,数码网报价单-0825更新/手机相关/三星.jpg,1,1.0,visual_0825_source_crosschecked
20260825-baf9567c5daa1112b745-01,2026-08-25,手机,device,三星,G系列,G5570,,G5570,废板-整机,15,CNY/台,详见备注一,image,三星.jpg,数码网报价单-0825更新/手机相关/三星.jpg,1,1.0,visual_0825_source_crosschecked
20260825-02202367f978bf179047-01,2026-08-25,手机,device,三星,G系列,G5520,,G5520,开机屏好,15,CNY/台,详见备注一,image,三星.jpg,数码网报价单-0825更新/手机相关/三星.jpg,1,1.0,visual_0825_source_crosschecked
20260825-4cda76eb42ea6316a8fb-01,2026-08-25,手机,device,三星,G系列,G5520,,G5520,开机屏好小老化,15,CNY/台,详见备注一,image,三星.jpg,数码网报价单-0825更新/手机相关/三星.jpg,1,1.0,visual_0825_source_crosschecked
20260825-b5ed63efc904f32696b2-01,2026-08-25,手机,device,三星,G系列,G5520,,G5520,开机屏好大老化,15,CNY/台,详见备注一,image,三星.jpg,数码网报价单-0825更新/手机相关/三星.jpg,1,1.0,visual_0825_source_crosschecked
20260825-3e055a378746f5c75011-01,2026-08-25,手机,device,三星,G系列,G5520,,G5520,开机屏坏,15,CNY/台,详见备注一,image,三星.jpg,数码网报价单-0825更新/手机相关/三星.jpg,1,1.0,visual_0825_source_crosschecked
20260825-abf9ba385eec06281186-01,2026-08-25,手机,device,三星,G系列,G5520,,G5520,不开机屏好,15,CNY/台,详见备注一,image,三星.jpg,数码网报价单-0825更新/手机相关/三星.jpg,1,1.0,visual_0825_source_crosschecked
20260825-2ea86389f7b7734b029c-01,2026-08-25,手机,device,三星,G系列,G5520,,G5520,不开机,15,CNY/台,详见备注一,image,三星.jpg,数码网报价单-0825更新/手机相关/三星.jpg,1,1.0,visual_0825_source_crosschecked
20260825-61c12c85b5df29c26634-01,2026-08-25,手机,device,三星,G系列,G5520,,G5520,废板-整机,15,CNY/台,详见备注一,image,三星.jpg,数码网报价单-0825更新/手机相关/三星.jpg,1,1.0,visual_0825_source_crosschecked
20260825-3f1b69b5f2ee43197c56-01,2026-08-25,手机,device,三星,G系列,G5510,,G5510,开机屏好,15,CNY/台,详见备注一,image,三星.jpg,数码网报价单-0825更新/手机相关/三星.jpg,1,1.0,visual_0825_source_crosschecked
20260825-f57a6ac1097d8f3ff903-01,2026-08-25,手机,device,三星,G系列,G5510,,G5510,开机屏好小老化,15,CNY/台,详见备注一,image,三星.jpg,数码网报价单-0825更新/手机相关/三星.jpg,1,1.0,visual_0825_source_crosschecked
20260825-26be91a07701462e238b-01,2026-08-25,手机,device,三星,G系列,G5510,,G5510,开机屏好大老化,15,CNY/台,详见备注一,image,三星.jpg,数码网报价单-0825更新/手机相关/三星.jpg,1,1.0,visual_0825_source_crosschecked
20260825-7b5fc05837da3e0ea8a1-01,2026-08-25,手机,device,三星,G系列,G5510,,G5510,开机屏坏,15,CNY/台,详见备注一,image,三星.jpg,数码网报价单-0825更新/手机相关/三星.jpg,1,1.0,visual_0825_source_crosschecked
20260825-a922ea7908e560fb01a6-01,2026-08-25,手机,device,三星,G系列,G5510,,G5510,不开机屏好,15,CNY/台,详见备注一,image,三星.jpg,数码网报价单-0825更新/手机相关/三星.jpg,1,1.0,visual_0825_source_crosschecked
20260825-b4fcd17bce2ec9c4183e-01,2026-08-25,手机,device,三星,G系列,G5510,,G5510,不开机,15,CNY/台,详见备注一,image,三星.jpg,数码网报价单-0825更新/手机相关/三星.jpg,1,1.0,visual_0825_source_crosschecked
20260825-beb911bb0e4e4bc4b73c-01,2026-08-25,手机,device,三星,G系列,G5510,,G5510,废板-整机,15,CNY/台,详见备注一,image,三星.jpg,数码网报价单-0825更新/手机相关/三星.jpg,1,1.0,visual_0825_source_crosschecked
20260825-d0e9f4fa081a15f3e7de-01,2026-08-25,手机,device,三星,G系列,G5500,,G5500,开机屏好,10,CNY/台,详见备注一,image,三星.jpg,数码网报价单-0825更新/手机相关/三星.jpg,1,1.0,visual_0825_source_crosschecked
20260825-ee1a61c2cbc55b696e41-01,2026-08-25,手机,device,三星,G系列,G5500,,G5500,开机屏好小老化,10,CNY/台,详见备注一,image,三星.jpg,数码网报价单-0825更新/手机相关/三星.jpg,1,1.0,visual_0825_source_crosschecked
20260825-a48311deb57a6d6390a8-01,2026-08-25,手机,device,三星,G系列,G5500,,G5500,开机屏好大老化,10,CNY/台,详见备注一,image,三星.jpg,数码网报价单-0825更新/手机相关/三星.jpg,1,1.0,visual_0825_source_crosschecked
20260825-e18b319f9f488b8a1df4-01,2026-08-25,手机,device,三星,G系列,G5500,,G5500,开机屏坏,10,CNY/台,详见备注一,image,三星.jpg,数码网报价单-0825更新/手机相关/三星.jpg,1,1.0,visual_0825_source_crosschecked
20260825-ba646a3c23d8bd508816-01,2026-08-25,手机,device,三星,G系列,G5500,,G5500,不开机屏好,10,CNY/台,详见备注一,image,三星.jpg,数码网报价单-0825更新/手机相关/三星.jpg,1,1.0,visual_0825_source_crosschecked
20260825-93440e6afdb7627f10f3-01,2026-08-25,手机,device,三星,G系列,G5500,,G5500,不开机,10,CNY/台,详见备注一,image,三星.jpg,数码网报价单-0825更新/手机相关/三星.jpg,1,1.0,visual_0825_source_crosschecked
20260825-6b21a9a84c4c6aae489b-01,2026-08-25,手机,device,三星,G系列,G5500,,G5500,废板-整机,10,CNY/台,详见备注一,image,三星.jpg,数码网报价单-0825更新/手机相关/三星.jpg,1,1.0,visual_0825_source_crosschecked
20260825-8b3ef86998732d804f72-01,2026-08-25,手机,device,三星,G系列,G5309,,G5309,开机屏好,8,CNY/台,,image,三星.jpg,数码网报价单-0825更新/手机相关/三星.jpg,1,1.0,visual_0825_source_crosschecked
20260825-8ddd6f08dd146bf7dee3-01,2026-08-25,手机,device,三星,G系列,G5309,,G5309,开机屏好小老化,8,CNY/台,,image,三星.jpg,数码网报价单-0825更新/手机相关/三星.jpg,1,1.0,visual_0825_source_crosschecked
20260825-bb8e3ddd01c89bf3da15-01,2026-08-25,手机,device,三星,G系列,G5309,,G5309,开机屏好大老化,8,CNY/台,,image,三星.jpg,数码网报价单-0825更新/手机相关/三星.jpg,1,1.0,visual_0825_source_crosschecked
20260825-a5195863fa850e85e0f5-01,2026-08-25,手机,device,三星,G系列,G5309,,G5309,开机屏坏,8,CNY/台,,image,三星.jpg,数码网报价单-0825更新/手机相关/三星.jpg,1,1.0,visual_0825_source_crosschecked
20260825-5c1967ee7e59066cf030-01,2026-08-25,手机,device,三星,G系列,G5309,,G5309,不开机屏好,8,CNY/台,,image,三星.jpg,数码网报价单-0825更新/手机相关/三星.jpg,1,1.0,visual_0825_source_crosschecked
20260825-a9503c6f7b64ce486735-01,2026-08-25,手机,device,三星,G系列,G5309,,G5309,不开机,8,CNY/台,,image,三星.jpg,数码网报价单-0825更新/手机相关/三星.jpg,1,1.0,visual_0825_source_crosschecked
20260825-4de5c73628274113f97d-01,2026-08-25,手机,device,三星,G系列,G5309,,G5309,废板-整机,8,CNY/台,,image,三星.jpg,数码网报价单-0825更新/手机相关/三星.jpg,1,1.0,visual_0825_source_crosschecked
20260825-5020ff112d9a0ec62325-01,2026-08-25,手机,device,三星,G系列,G5308,,G5308,开机屏好,10,CNY/台,,image,三星.jpg,数码网报价单-0825更新/手机相关/三星.jpg,1,1.0,visual_0825_source_crosschecked
20260825-d0a9ae1ebfeb32eb41bf-01,2026-08-25,手机,device,三星,G系列,G5308,,G5308,开机屏好小老化,10,CNY/台,,image,三星.jpg,数码网报价单-0825更新/手机相关/三星.jpg,1,1.0,visual_0825_source_crosschecked
20260825-a86c2b95999ca75581bc-01,2026-08-25,手机,device,三星,G系列,G5308,,G5308,开机屏好大老化,10,CNY/台,,image,三星.jpg,数码网报价单-0825更新/手机相关/三星.jpg,1,1.0,visual_0825_source_crosschecked
20260825-d0bbedbeead1050f423d-01,2026-08-25,手机,device,三星,G系列,G5308,,G5308,开机屏坏,10,CNY/台,,image,三星.jpg,数码网报价单-0825更新/手机相关/三星.jpg,1,1.0,visual_0825_source_crosschecked
20260825-76dfd0b63e06bdb13f71-01,2026-08-25,手机,device,三星,G系列,G5308,,G5308,不开机屏好,10,CNY/台,,image,三星.jpg,数码网报价单-0825更新/手机相关/三星.jpg,1,1.0,visual_0825_source_crosschecked
20260825-78be86becc6dbff5600a-01,2026-08-25,手机,device,三星,G系列,G5308,,G5308,不开机,8,CNY/台,,image,三星.jpg,数码网报价单-0825更新/手机相关/三星.jpg,1,1.0,visual_0825_source_crosschecked
20260825-8534a619af2b7a3ee2b3-01,2026-08-25,手机,device,三星,G系列,G5308,,G5308,废板-整机,8,CNY/台,,image,三星.jpg,数码网报价单-0825更新/手机相关/三星.jpg,1,1.0,visual_0825_source_crosschecked
20260825-7cb2d7e04466e5bb7db5-01,2026-08-25,手机,device,三星,G系列,G5306W,,G5306W,开机屏好,10,CNY/台,,image,三星.jpg,数码网报价单-0825更新/手机相关/三星.jpg,1,1.0,visual_0825_source_crosschecked
20260825-db1591ea849b10c194d4-01,2026-08-25,手机,device,三星,G系列,G5306W,,G5306W,开机屏好小老化,10,CNY/台,,image,三星.jpg,数码网报价单-0825更新/手机相关/三星.jpg,1,1.0,visual_0825_source_crosschecked
20260825-f5b319ae5cbf29564430-01,2026-08-25,手机,device,三星,G系列,G5306W,,G5306W,开机屏好大老化,10,CNY/台,,image,三星.jpg,数码网报价单-0825更新/手机相关/三星.jpg,1,1.0,visual_0825_source_crosschecked
20260825-a128b33204537103f513-01,2026-08-25,手机,device,三星,G系列,G5306W,,G5306W,开机屏坏,10,CNY/台,,image,三星.jpg,数码网报价单-0825更新/手机相关/三星.jpg,1,1.0,visual_0825_source_crosschecked
20260825-e2a44387149fe9e713b1-01,2026-08-25,手机,device,三星,G系列,G5306W,,G5306W,不开机屏好,10,CNY/台,,image,三星.jpg,数码网报价单-0825更新/手机相关/三星.jpg,1,1.0,visual_0825_source_crosschecked
20260825-280ad031f2b47bf2c727-01,2026-08-25,手机,device,三星,G系列,G5306W,,G5306W,不开机,10,CNY/台,,image,三星.jpg,数码网报价单-0825更新/手机相关/三星.jpg,1,1.0,visual_0825_source_crosschecked
20260825-7d6be48e222eca777fae-01,2026-08-25,手机,device,三星,G系列,G5306W,,G5306W,废板-整机,8,CNY/台,,image,三星.jpg,数码网报价单-0825更新/手机相关/三星.jpg,1,1.0,visual_0825_source_crosschecked
20260825-3f49abcc6c2110417fef-01,2026-08-25,手机,device,三星,G系列,G532,,G532,开机屏好,10,CNY/台,,image,三星.jpg,数码网报价单-0825更新/手机相关/三星.jpg,1,1.0,visual_0825_source_crosschecked
20260825-819cba1367374b3856d2-01,2026-08-25,手机,device,三星,G系列,G532,,G532,开机屏好小老化,10,CNY/台,,image,三星.jpg,数码网报价单-0825更新/手机相关/三星.jpg,1,1.0,visual_0825_source_crosschecked
20260825-a0c05f89b4e1d5e23df0-01,2026-08-25,手机,device,三星,G系列,G532,,G532,开机屏好大老化,10,CNY/台,,image,三星.jpg,数码网报价单-0825更新/手机相关/三星.jpg,1,1.0,visual_0825_source_crosschecked
20260825-17563dd0e93494b6cd4b-01,2026-08-25,手机,device,三星,G系列,G532,,G532,开机屏坏,10,CNY/台,,image,三星.jpg,数码网报价单-0825更新/手机相关/三星.jpg,1,1.0,visual_0825_source_crosschecked
20260825-0b38cdf6a7a7e32c9179-01,2026-08-25,手机,device,三星,G系列,G532,,G532,不开机屏好,10,CNY/台,,image,三星.jpg,数码网报价单-0825更新/手机相关/三星.jpg,1,1.0,visual_0825_source_crosschecked
20260825-d5666458f12587f85aa9-01,2026-08-25,手机,device,三星,G系列,G532,,G532,不开机,10,CNY/台,,image,三星.jpg,数码网报价单-0825更新/手机相关/三星.jpg,1,1.0,visual_0825_source_crosschecked
20260825-06c99d572fc6eb7bbf95-01,2026-08-25,手机,device,三星,G系列,G532,,G532,废板-整机,10,CNY/台,,image,三星.jpg,数码网报价单-0825更新/手机相关/三星.jpg,1,1.0,visual_0825_source_crosschecked
20260825-ae8fc8175bf2f0b72f32-01,2026-08-25,手机,device,三星,G系列,G5108/9/0,,G5108/9/0,开机屏好,10,CNY/台,,image,三星.jpg,数码网报价单-0825更新/手机相关/三星.jpg,1,1.0,visual_0825_source_crosschecked
20260825-dd3abb7368e05e969090-01,2026-08-25,手机,device,三星,G系列,G5108/9/0,,G5108/9/0,开机屏好小老化,10,CNY/台,,image,三星.jpg,数码网报价单-0825更新/手机相关/三星.jpg,1,1.0,visual_0825_source_crosschecked
20260825-1a37cd58457d81e95e1f-01,2026-08-25,手机,device,三星,G系列,G5108/9/0,,G5108/9/0,开机屏好大老化,10,CNY/台,,image,三星.jpg,数码网报价单-0825更新/手机相关/三星.jpg,1,1.0,visual_0825_source_crosschecked
20260825-50b7aaaaa4fdf74ede3a-01,2026-08-25,手机,device,三星,G系列,G5108/9/0,,G5108/9/0,开机屏坏,10,CNY/台,,image,三星.jpg,数码网报价单-0825更新/手机相关/三星.jpg,1,1.0,visual_0825_source_crosschecked
20260825-404c23d9ce6943978115-01,2026-08-25,手机,device,三星,G系列,G5108/9/0,,G5108/9/0,不开机屏好,10,CNY/台,,image,三星.jpg,数码网报价单-0825更新/手机相关/三星.jpg,1,1.0,visual_0825_source_crosschecked
20260825-b88207068735a04c761d-01,2026-08-25,手机,device,三星,G系列,G5108/9/0,,G5108/9/0,不开机,10,CNY/台,,image,三星.jpg,数码网报价单-0825更新/手机相关/三星.jpg,1,1.0,visual_0825_source_crosschecked
20260825-2b2c64a12fcf0784aa47-01,2026-08-25,手机,device,三星,G系列,G5108/9/0,,G5108/9/0,废板-整机,10,CNY/台,,image,三星.jpg,数码网报价单-0825更新/手机相关/三星.jpg,1,1.0,visual_0825_source_crosschecked
20260825-16cd3d34bebf1b41cece-01,2026-08-25,手机,device,三星,G系列,G3588v,,G3588v,开机屏好,10,CNY/台,,image,三星.jpg,数码网报价单-0825更新/手机相关/三星.jpg,1,1.0,visual_0825_source_crosschecked
20260825-21ed3f4dbe47ee8b1479-01,2026-08-25,手机,device,三星,G系列,G3588v,,G3588v,开机屏好小老化,10,CNY/台,,image,三星.jpg,数码网报价单-0825更新/手机相关/三星.jpg,1,1.0,visual_0825_source_crosschecked
20260825-6803ac4f127996d6ada3-01,2026-08-25,手机,device,三星,G系列,G3588v,,G3588v,开机屏好大老化,10,CNY/台,,image,三星.jpg,数码网报价单-0825更新/手机相关/三星.jpg,1,1.0,visual_0825_source_crosschecked
20260825-4ef716f7e9ebc3519f1c-01,2026-08-25,手机,device,三星,G系列,G3588v,,G3588v,开机屏坏,10,CNY/台,,image,三星.jpg,数码网报价单-0825更新/手机相关/三星.jpg,1,1.0,visual_0825_source_crosschecked
20260825-af9d0712e8dba96be378-01,2026-08-25,手机,device,三星,G系列,G3588v,,G3588v,不开机屏好,10,CNY/台,,image,三星.jpg,数码网报价单-0825更新/手机相关/三星.jpg,1,1.0,visual_0825_source_crosschecked
20260825-7adf807320eb0a3df0fd-01,2026-08-25,手机,device,三星,G系列,G3588v,,G3588v,不开机,10,CNY/台,,image,三星.jpg,数码网报价单-0825更新/手机相关/三星.jpg,1,1.0,visual_0825_source_crosschecked
20260825-2cf52eb30772d5194895-01,2026-08-25,手机,device,三星,G系列,G3588v,,G3588v,废板-整机,10,CNY/台,,image,三星.jpg,数码网报价单-0825更新/手机相关/三星.jpg,1,1.0,visual_0825_source_crosschecked
20260825-8c3ed84c994d14fcdd92-01,2026-08-25,手机,device,三星,G系列,G3609,,G3609,开机屏好,10,CNY/台,,image,三星.jpg,数码网报价单-0825更新/手机相关/三星.jpg,1,1.0,visual_0825_source_crosschecked
20260825-8cdf560abee884a9ecf2-01,2026-08-25,手机,device,三星,G系列,G3609,,G3609,开机屏好小老化,10,CNY/台,,image,三星.jpg,数码网报价单-0825更新/手机相关/三星.jpg,1,1.0,visual_0825_source_crosschecked
20260825-263b8620170b46a1f1fa-01,2026-08-25,手机,device,三星,G系列,G3609,,G3609,开机屏好大老化,10,CNY/台,,image,三星.jpg,数码网报价单-0825更新/手机相关/三星.jpg,1,1.0,visual_0825_source_crosschecked
20260825-e456d9fb7c88a81050b0-01,2026-08-25,手机,device,三星,G系列,G3609,,G3609,开机屏坏,10,CNY/台,,image,三星.jpg,数码网报价单-0825更新/手机相关/三星.jpg,1,1.0,visual_0825_source_crosschecked
20260825-3b08cb9dbbd89e1a08fd-01,2026-08-25,手机,device,三星,G系列,G3609,,G3609,不开机屏好,10,CNY/台,,image,三星.jpg,数码网报价单-0825更新/手机相关/三星.jpg,1,1.0,visual_0825_source_crosschecked
20260825-50de56f5901e126edfd0-01,2026-08-25,手机,device,三星,G系列,G3609,,G3609,不开机,10,CNY/台,,image,三星.jpg,数码网报价单-0825更新/手机相关/三星.jpg,1,1.0,visual_0825_source_crosschecked
20260825-940950ad8adf19dd0cb6-01,2026-08-25,手机,device,三星,G系列,G3609,,G3609,废板-整机,10,CNY/台,,image,三星.jpg,数码网报价单-0825更新/手机相关/三星.jpg,1,1.0,visual_0825_source_crosschecked
20260825-17692824c278fc553f4a-01,2026-08-25,手机,device,三星,G系列,G3606/3608,,G3606/3608,开机屏好,10,CNY/台,,image,三星.jpg,数码网报价单-0825更新/手机相关/三星.jpg,1,1.0,visual_0825_source_crosschecked
20260825-d1ac913dcfff14ffcc33-01,2026-08-25,手机,device,三星,G系列,G3606/3608,,G3606/3608,开机屏好小老化,10,CNY/台,,image,三星.jpg,数码网报价单-0825更新/手机相关/三星.jpg,1,1.0,visual_0825_source_crosschecked
20260825-3dd7facbbd754cf77aab-01,2026-08-25,手机,device,三星,G系列,G3606/3608,,G3606/3608,开机屏好大老化,10,CNY/台,,image,三星.jpg,数码网报价单-0825更新/手机相关/三星.jpg,1,1.0,visual_0825_source_crosschecked
20260825-eaa58917b5f7b1a9042e-01,2026-08-25,手机,device,三星,G系列,G3606/3608,,G3606/3608,开机屏坏,10,CNY/台,,image,三星.jpg,数码网报价单-0825更新/手机相关/三星.jpg,1,1.0,visual_0825_source_crosschecked
20260825-16ed780bfa3ec1f2afda-01,2026-08-25,手机,device,三星,G系列,G3606/3608,,G3606/3608,不开机屏好,10,CNY/台,,image,三星.jpg,数码网报价单-0825更新/手机相关/三星.jpg,1,1.0,visual_0825_source_crosschecked
20260825-ac434c39278c2cf9ae5d-01,2026-08-25,手机,device,三星,G系列,G3606/3608,,G3606/3608,不开机,10,CNY/台,,image,三星.jpg,数码网报价单-0825更新/手机相关/三星.jpg,1,1.0,visual_0825_source_crosschecked
20260825-c2571f3504b778d9b02b-01,2026-08-25,手机,device,三星,G系列,G3606/3608,,G3606/3608,废板-整机,10,CNY/台,,image,三星.jpg,数码网报价单-0825更新/手机相关/三星.jpg,1,1.0,visual_0825_source_crosschecked
20260825-be6ec5ba6623336fa21f-01,2026-08-25,手机,device,三星,G系列,G3588,,G3588,开机屏好,10,CNY/台,,image,三星.jpg,数码网报价单-0825更新/手机相关/三星.jpg,1,1.0,visual_0825_source_crosschecked
20260825-409af1ee2d0153e0b9a7-01,2026-08-25,手机,device,三星,G系列,G3588,,G3588,开机屏好小老化,10,CNY/台,,image,三星.jpg,数码网报价单-0825更新/手机相关/三星.jpg,1,1.0,visual_0825_source_crosschecked
20260825-61b3759786565d9ab929-01,2026-08-25,手机,device,三星,G系列,G3588,,G3588,开机屏好大老化,10,CNY/台,,image,三星.jpg,数码网报价单-0825更新/手机相关/三星.jpg,1,1.0,visual_0825_source_crosschecked
20260825-9975fe44ae2fddc85a09-01,2026-08-25,手机,device,三星,G系列,G3588,,G3588,开机屏坏,10,CNY/台,,image,三星.jpg,数码网报价单-0825更新/手机相关/三星.jpg,1,1.0,visual_0825_source_crosschecked
20260825-d1358d0e70e7be782398-01,2026-08-25,手机,device,三星,G系列,G3588,,G3588,不开机屏好,10,CNY/台,,image,三星.jpg,数码网报价单-0825更新/手机相关/三星.jpg,1,1.0,visual_0825_source_crosschecked
20260825-87fe7d9ffc5c157f8938-01,2026-08-25,手机,device,三星,G系列,G3588,,G3588,不开机,10,CNY/台,,image,三星.jpg,数码网报价单-0825更新/手机相关/三星.jpg,1,1.0,visual_0825_source_crosschecked
20260825-0109547fd7d4e498cdd6-01,2026-08-25,手机,device,三星,G系列,G3588,,G3588,废板-整机,10,CNY/台,,image,三星.jpg,数码网报价单-0825更新/手机相关/三星.jpg,1,1.0,visual_0825_source_crosschecked
20260825-ca645372943fd009f6a1-01,2026-08-25,手机,device,三星,G系列,G3519,,G3519,开机屏好,10,CNY/台,,image,三星.jpg,数码网报价单-0825更新/手机相关/三星.jpg,1,1.0,visual_0825_source_crosschecked
20260825-6f4548d8e93a99bd8a3b-01,2026-08-25,手机,device,三星,G系列,G3519,,G3519,开机屏好小老化,10,CNY/台,,image,三星.jpg,数码网报价单-0825更新/手机相关/三星.jpg,1,1.0,visual_0825_source_crosschecked
20260825-7ce48593a02f680e62c4-01,2026-08-25,手机,device,三星,G系列,G3519,,G3519,开机屏好大老化,10,CNY/台,,image,三星.jpg,数码网报价单-0825更新/手机相关/三星.jpg,1,1.0,visual_0825_source_crosschecked
20260825-eeeea609299bfab2c836-01,2026-08-25,手机,device,三星,G系列,G3519,,G3519,开机屏坏,10,CNY/台,,image,三星.jpg,数码网报价单-0825更新/手机相关/三星.jpg,1,1.0,visual_0825_source_crosschecked
20260825-a05167c1f12d767401ce-01,2026-08-25,手机,device,三星,G系列,G3519,,G3519,不开机屏好,10,CNY/台,,image,三星.jpg,数码网报价单-0825更新/手机相关/三星.jpg,1,1.0,visual_0825_source_crosschecked
20260825-32d3ca2e4911217d41d1-01,2026-08-25,手机,device,三星,G系列,G3519,,G3519,不开机,10,CNY/台,,image,三星.jpg,数码网报价单-0825更新/手机相关/三星.jpg,1,1.0,visual_0825_source_crosschecked
20260825-be81780346e60d83a012-01,2026-08-25,手机,device,三星,G系列,G3519,,G3519,废板-整机,10,CNY/台,,image,三星.jpg,数码网报价单-0825更新/手机相关/三星.jpg,1,1.0,visual_0825_source_crosschecked
20260825-adbfd05da3073a712740-01,2026-08-25,手机,device,三星,G系列,G3518,,G3518,开机屏好,10,CNY/台,,image,三星.jpg,数码网报价单-0825更新/手机相关/三星.jpg,1,1.0,visual_0825_source_crosschecked
20260825-1a0a38c408dfc594d8f6-01,2026-08-25,手机,device,三星,G系列,G3518,,G3518,开机屏好小老化,10,CNY/台,,image,三星.jpg,数码网报价单-0825更新/手机相关/三星.jpg,1,1.0,visual_0825_source_crosschecked
20260825-64a5f312ebf4a37156da-01,2026-08-25,手机,device,三星,G系列,G3518,,G3518,开机屏好大老化,10,CNY/台,,image,三星.jpg,数码网报价单-0825更新/手机相关/三星.jpg,1,1.0,visual_0825_source_crosschecked
20260825-6fb0e90f74629b17d629-01,2026-08-25,手机,device,三星,G系列,G3518,,G3518,开机屏坏,10,CNY/台,,image,三星.jpg,数码网报价单-0825更新/手机相关/三星.jpg,1,1.0,visual_0825_source_crosschecked
20260825-756494a447d9c17f83ad-01,2026-08-25,手机,device,三星,G系列,G3518,,G3518,不开机屏好,10,CNY/台,,image,三星.jpg,数码网报价单-0825更新/手机相关/三星.jpg,1,1.0,visual_0825_source_crosschecked
20260825-881839ec82999c3da28e-01,2026-08-25,手机,device,三星,G系列,G3518,,G3518,不开机,10,CNY/台,,image,三星.jpg,数码网报价单-0825更新/手机相关/三星.jpg,1,1.0,visual_0825_source_crosschecked
20260825-c986b8e98f3e7ea17e96-01,2026-08-25,手机,device,三星,G系列,G3518,,G3518,废板-整机,10,CNY/台,,image,三星.jpg,数码网报价单-0825更新/手机相关/三星.jpg,1,1.0,visual_0825_source_crosschecked
20260825-42a59e1c7e386c50ab62-01,2026-08-25,手机,device,三星,G系列,G1650,,G1650,开机屏好,20,CNY/台,,image,三星.jpg,数码网报价单-0825更新/手机相关/三星.jpg,1,1.0,visual_0825_source_crosschecked
20260825-fab81f59d111e10facfb-01,2026-08-25,手机,device,三星,G系列,G1650,,G1650,开机屏好小老化,20,CNY/台,,image,三星.jpg,数码网报价单-0825更新/手机相关/三星.jpg,1,1.0,visual_0825_source_crosschecked
20260825-208164448c17dfd7215b-01,2026-08-25,手机,device,三星,G系列,G1650,,G1650,开机屏好大老化,20,CNY/台,,image,三星.jpg,数码网报价单-0825更新/手机相关/三星.jpg,1,1.0,visual_0825_source_crosschecked
20260825-0c04c473800a67182c5d-01,2026-08-25,手机,device,三星,G系列,G1650,,G1650,开机屏坏,20,CNY/台,,image,三星.jpg,数码网报价单-0825更新/手机相关/三星.jpg,1,1.0,visual_0825_source_crosschecked
20260825-ce3ee5575c576c3863f4-01,2026-08-25,手机,device,三星,G系列,G1650,,G1650,不开机屏好,20,CNY/台,,image,三星.jpg,数码网报价单-0825更新/手机相关/三星.jpg,1,1.0,visual_0825_source_crosschecked
20260825-38301a1115e53fd94298-01,2026-08-25,手机,device,三星,G系列,G1650,,G1650,不开机,20,CNY/台,,image,三星.jpg,数码网报价单-0825更新/手机相关/三星.jpg,1,1.0,visual_0825_source_crosschecked
20260825-f13a24f005b3be7f1d66-01,2026-08-25,手机,device,三星,G系列,G1650,,G1650,废板-整机,20,CNY/台,,image,三星.jpg,数码网报价单-0825更新/手机相关/三星.jpg,1,1.0,visual_0825_source_crosschecked
20260825-e28ed3ab97b226fc35ae-01,2026-08-25,手机,device,三星,G系列,G1600,,G1600,开机屏好,15,CNY/台,,image,三星.jpg,数码网报价单-0825更新/手机相关/三星.jpg,1,1.0,visual_0825_source_crosschecked
20260825-91131d7ebfeaae486c6e-01,2026-08-25,手机,device,三星,G系列,G1600,,G1600,开机屏好小老化,15,CNY/台,,image,三星.jpg,数码网报价单-0825更新/手机相关/三星.jpg,1,1.0,visual_0825_source_crosschecked
20260825-d4007f8e322406d0e0fe-01,2026-08-25,手机,device,三星,G系列,G1600,,G1600,开机屏好大老化,15,CNY/台,,image,三星.jpg,数码网报价单-0825更新/手机相关/三星.jpg,1,1.0,visual_0825_source_crosschecked
20260825-c5ac883d8c49eabb3935-01,2026-08-25,手机,device,三星,G系列,G1600,,G1600,开机屏坏,10,CNY/台,,image,三星.jpg,数码网报价单-0825更新/手机相关/三星.jpg,1,1.0,visual_0825_source_crosschecked
20260825-53ff313433de533047fc-01,2026-08-25,手机,device,三星,G系列,G1600,,G1600,不开机屏好,10,CNY/台,,image,三星.jpg,数码网报价单-0825更新/手机相关/三星.jpg,1,1.0,visual_0825_source_crosschecked
20260825-11d14616352b28ef325d-01,2026-08-25,手机,device,三星,G系列,G1600,,G1600,不开机,10,CNY/台,,image,三星.jpg,数码网报价单-0825更新/手机相关/三星.jpg,1,1.0,visual_0825_source_crosschecked
20260825-0064a438d34626cc08ea-01,2026-08-25,手机,device,三星,G系列,G1600,,G1600,废板-整机,10,CNY/台,,image,三星.jpg,数码网报价单-0825更新/手机相关/三星.jpg,1,1.0,visual_0825_source_crosschecked
20260825-4405bf69f4c2c37ddb06-01,2026-08-25,手机,device,三星,C系列,C9008,,C9008,开机屏好,55,CNY/台,,image,三星.jpg,数码网报价单-0825更新/手机相关/三星.jpg,1,1.0,visual_0825_source_crosschecked
20260825-e424f02e3594c5e73ab2-01,2026-08-25,手机,device,三星,C系列,C9008,,C9008,开机屏好小老化,55,CNY/台,,image,三星.jpg,数码网报价单-0825更新/手机相关/三星.jpg,1,1.0,visual_0825_source_crosschecked
20260825-109b5112338104d5df25-01,2026-08-25,手机,device,三星,C系列,C9008,,C9008,开机屏好大老化,55,CNY/台,,image,三星.jpg,数码网报价单-0825更新/手机相关/三星.jpg,1,1.0,visual_0825_source_crosschecked
20260825-fbbede5be3e504dbf4fd-01,2026-08-25,手机,device,三星,C系列,C9008,,C9008,开机屏坏,55,CNY/台,,image,三星.jpg,数码网报价单-0825更新/手机相关/三星.jpg,1,1.0,visual_0825_source_crosschecked
20260825-e227c683a4675c67c803-01,2026-08-25,手机,device,三星,C系列,C9008,,C9008,不开机屏好,55,CNY/台,,image,三星.jpg,数码网报价单-0825更新/手机相关/三星.jpg,1,1.0,visual_0825_source_crosschecked
20260825-047e7eae610835fcf5a8-01,2026-08-25,手机,device,三星,C系列,C9008,,C9008,不开机,55,CNY/台,,image,三星.jpg,数码网报价单-0825更新/手机相关/三星.jpg,1,1.0,visual_0825_source_crosschecked
20260825-193cf25cc6724818707e-01,2026-08-25,手机,device,三星,C系列,C9008,,C9008,废板-整机,55,CNY/台,,image,三星.jpg,数码网报价单-0825更新/手机相关/三星.jpg,1,1.0,visual_0825_source_crosschecked
20260825-a9ff1916eb9402cf4e6d-01,2026-08-25,手机,device,三星,C系列,C9000,,C9000,开机屏好,55,CNY/台,,image,三星.jpg,数码网报价单-0825更新/手机相关/三星.jpg,1,1.0,visual_0825_source_crosschecked
20260825-5e49dfdd1eb83b5fad3d-01,2026-08-25,手机,device,三星,C系列,C9000,,C9000,开机屏好小老化,55,CNY/台,,image,三星.jpg,数码网报价单-0825更新/手机相关/三星.jpg,1,1.0,visual_0825_source_crosschecked
20260825-348bbf3e5a4264d349df-01,2026-08-25,手机,device,三星,C系列,C9000,,C9000,开机屏好大老化,55,CNY/台,,image,三星.jpg,数码网报价单-0825更新/手机相关/三星.jpg,1,1.0,visual_0825_source_crosschecked
20260825-b64e1117f33e4acc9d21-01,2026-08-25,手机,device,三星,C系列,C9000,,C9000,开机屏坏,55,CNY/台,,image,三星.jpg,数码网报价单-0825更新/手机相关/三星.jpg,1,1.0,visual_0825_source_crosschecked
20260825-b1a056082296fc4cd57a-01,2026-08-25,手机,device,三星,C系列,C9000,,C9000,不开机屏好,55,CNY/台,,image,三星.jpg,数码网报价单-0825更新/手机相关/三星.jpg,1,1.0,visual_0825_source_crosschecked
20260825-4a3fa1bee89b6daf4e75-01,2026-08-25,手机,device,三星,C系列,C9000,,C9000,不开机,55,CNY/台,,image,三星.jpg,数码网报价单-0825更新/手机相关/三星.jpg,1,1.0,visual_0825_source_crosschecked
20260825-ee2bdafc5b6f714fbd9a-01,2026-08-25,手机,device,三星,C系列,C9000,,C9000,废板-整机,55,CNY/台,,image,三星.jpg,数码网报价单-0825更新/手机相关/三星.jpg,1,1.0,visual_0825_source_crosschecked
20260825-51134e311393880bf4eb-01,2026-08-25,手机,device,三星,C系列,C7018/C7Pro,,C7018/C7Pro,开机屏好,55,CNY/台,,image,三星.jpg,数码网报价单-0825更新/手机相关/三星.jpg,1,1.0,visual_0825_source_crosschecked
20260825-2a2a6dd8d4c0a36ef292-01,2026-08-25,手机,device,三星,C系列,C7018/C7Pro,,C7018/C7Pro,开机屏好小老化,55,CNY/台,,image,三星.jpg,数码网报价单-0825更新/手机相关/三星.jpg,1,1.0,visual_0825_source_crosschecked
20260825-816479ff995182f305b9-01,2026-08-25,手机,device,三星,C系列,C7018/C7Pro,,C7018/C7Pro,开机屏好大老化,55,CNY/台,,image,三星.jpg,数码网报价单-0825更新/手机相关/三星.jpg,1,1.0,visual_0825_source_crosschecked
20260825-572814d2a9e388c61e81-01,2026-08-25,手机,device,三星,C系列,C7018/C7Pro,,C7018/C7Pro,开机屏坏,55,CNY/台,,image,三星.jpg,数码网报价单-0825更新/手机相关/三星.jpg,1,1.0,visual_0825_source_crosschecked
20260825-748c7dc7682e316996fe-01,2026-08-25,手机,device,三星,C系列,C7018/C7Pro,,C7018/C7Pro,不开机屏好,55,CNY/台,,image,三星.jpg,数码网报价单-0825更新/手机相关/三星.jpg,1,1.0,visual_0825_source_crosschecked
20260825-564fb4891f61bd19c0fd-01,2026-08-25,手机,device,三星,C系列,C7018/C7Pro,,C7018/C7Pro,不开机,55,CNY/台,,image,三星.jpg,数码网报价单-0825更新/手机相关/三星.jpg,1,1.0,visual_0825_source_crosschecked
20260825-aac7a4eac7b2b81ee8ac-01,2026-08-25,手机,device,三星,C系列,C7018/C7Pro,,C7018/C7Pro,废板-整机,55,CNY/台,,image,三星.jpg,数码网报价单-0825更新/手机相关/三星.jpg,1,1.0,visual_0825_source_crosschecked
20260825-b5ecca75bad486d37f23-01,2026-08-25,手机,device,三星,C系列,C7010/C7Pro,,C7010/C7Pro,开机屏好,55,CNY/台,,image,三星.jpg,数码网报价单-0825更新/手机相关/三星.jpg,1,1.0,visual_0825_source_crosschecked
20260825-b6aaed57f7123547c591-01,2026-08-25,手机,device,三星,C系列,C7010/C7Pro,,C7010/C7Pro,开机屏好小老化,55,CNY/台,,image,三星.jpg,数码网报价单-0825更新/手机相关/三星.jpg,1,1.0,visual_0825_source_crosschecked
20260825-da739a9af1591031d009-01,2026-08-25,手机,device,三星,C系列,C7010/C7Pro,,C7010/C7Pro,开机屏好大老化,55,CNY/台,,image,三星.jpg,数码网报价单-0825更新/手机相关/三星.jpg,1,1.0,visual_0825_source_crosschecked
20260825-7f50913967e24a584c76-01,2026-08-25,手机,device,三星,C系列,C7010/C7Pro,,C7010/C7Pro,开机屏坏,55,CNY/台,,image,三星.jpg,数码网报价单-0825更新/手机相关/三星.jpg,1,1.0,visual_0825_source_crosschecked
20260825-c4a34f92e8db6f47a1c1-01,2026-08-25,手机,device,三星,C系列,C7010/C7Pro,,C7010/C7Pro,不开机屏好,55,CNY/台,,image,三星.jpg,数码网报价单-0825更新/手机相关/三星.jpg,1,1.0,visual_0825_source_crosschecked
20260825-bf82c39a15af80300219-01,2026-08-25,手机,device,三星,C系列,C7010/C7Pro,,C7010/C7Pro,不开机,55,CNY/台,,image,三星.jpg,数码网报价单-0825更新/手机相关/三星.jpg,1,1.0,visual_0825_source_crosschecked
20260825-6cc69aa5833fd6209232-01,2026-08-25,手机,device,三星,C系列,C7010/C7Pro,,C7010/C7Pro,废板-整机,55,CNY/台,,image,三星.jpg,数码网报价单-0825更新/手机相关/三星.jpg,1,1.0,visual_0825_source_crosschecked
20260825-acec8eef5483613fe9d8-01,2026-08-25,手机,device,三星,C系列,C7100/c8,,C7100/c8,开机屏好,55,CNY/台,,image,三星.jpg,数码网报价单-0825更新/手机相关/三星.jpg,1,1.0,visual_0825_source_crosschecked
20260825-6caba52d105079e5d34c-01,2026-08-25,手机,device,三星,C系列,C7100/c8,,C7100/c8,开机屏好小老化,55,CNY/台,,image,三星.jpg,数码网报价单-0825更新/手机相关/三星.jpg,1,1.0,visual_0825_source_crosschecked
20260825-482d249f2a07872157b9-01,2026-08-25,手机,device,三星,C系列,C7100/c8,,C7100/c8,开机屏好大老化,55,CNY/台,,image,三星.jpg,数码网报价单-0825更新/手机相关/三星.jpg,1,1.0,visual_0825_source_crosschecked
20260825-04bc9b77ddce00d52d81-01,2026-08-25,手机,device,三星,C系列,C7100/c8,,C7100/c8,开机屏坏,55,CNY/台,,image,三星.jpg,数码网报价单-0825更新/手机相关/三星.jpg,1,1.0,visual_0825_source_crosschecked
20260825-a1b36f53da29a76fbd86-01,2026-08-25,手机,device,三星,C系列,C7100/c8,,C7100/c8,不开机屏好,55,CNY/台,,image,三星.jpg,数码网报价单-0825更新/手机相关/三星.jpg,1,1.0,visual_0825_source_crosschecked
20260825-556c95cbeae33248fa85-01,2026-08-25,手机,device,三星,C系列,C7100/c8,,C7100/c8,不开机,55,CNY/台,,image,三星.jpg,数码网报价单-0825更新/手机相关/三星.jpg,1,1.0,visual_0825_source_crosschecked
20260825-4bde18bd2887eb181704-01,2026-08-25,手机,device,三星,C系列,C7100/c8,,C7100/c8,废板-整机,55,CNY/台,,image,三星.jpg,数码网报价单-0825更新/手机相关/三星.jpg,1,1.0,visual_0825_source_crosschecked
20260825-9b833aaa6d55d7a47613-01,2026-08-25,手机,device,三星,C系列,C7000,,C7000,开机屏好,55,CNY/台,,image,三星.jpg,数码网报价单-0825更新/手机相关/三星.jpg,1,1.0,visual_0825_source_crosschecked
20260825-5d567ff4fddfdbf55f56-01,2026-08-25,手机,device,三星,C系列,C7000,,C7000,开机屏好小老化,55,CNY/台,,image,三星.jpg,数码网报价单-0825更新/手机相关/三星.jpg,1,1.0,visual_0825_source_crosschecked
20260825-d2883f7954647ea175b1-01,2026-08-25,手机,device,三星,C系列,C7000,,C7000,开机屏好大老化,55,CNY/台,,image,三星.jpg,数码网报价单-0825更新/手机相关/三星.jpg,1,1.0,visual_0825_source_crosschecked
20260825-38bbe30ebafaeb847acd-01,2026-08-25,手机,device,三星,C系列,C7000,,C7000,开机屏坏,55,CNY/台,,image,三星.jpg,数码网报价单-0825更新/手机相关/三星.jpg,1,1.0,visual_0825_source_crosschecked
20260825-c9783370f31332ae3e71-01,2026-08-25,手机,device,三星,C系列,C7000,,C7000,不开机屏好,55,CNY/台,,image,三星.jpg,数码网报价单-0825更新/手机相关/三星.jpg,1,1.0,visual_0825_source_crosschecked
20260825-d71b4e6f010029be2dc5-01,2026-08-25,手机,device,三星,C系列,C7000,,C7000,不开机,55,CNY/台,,image,三星.jpg,数码网报价单-0825更新/手机相关/三星.jpg,1,1.0,visual_0825_source_crosschecked
20260825-4b89467ea6a00bb472f4-01,2026-08-25,手机,device,三星,C系列,C7000,,C7000,废板-整机,55,CNY/台,,image,三星.jpg,数码网报价单-0825更新/手机相关/三星.jpg,1,1.0,visual_0825_source_crosschecked
20260825-6d59c6397658d520d11a-01,2026-08-25,手机,device,三星,C系列,C5018/C5Pro,,C5018/C5Pro,开机屏好,55,CNY/台,,image,三星.jpg,数码网报价单-0825更新/手机相关/三星.jpg,1,1.0,visual_0825_source_crosschecked
20260825-b82d4caaa8fb3adbe023-01,2026-08-25,手机,device,三星,C系列,C5018/C5Pro,,C5018/C5Pro,开机屏好小老化,55,CNY/台,,image,三星.jpg,数码网报价单-0825更新/手机相关/三星.jpg,1,1.0,visual_0825_source_crosschecked
20260825-71b9bc4be506662fcad7-01,2026-08-25,手机,device,三星,C系列,C5018/C5Pro,,C5018/C5Pro,开机屏好大老化,55,CNY/台,,image,三星.jpg,数码网报价单-0825更新/手机相关/三星.jpg,1,1.0,visual_0825_source_crosschecked
20260825-796442badc56bfcdeae9-01,2026-08-25,手机,device,三星,C系列,C5018/C5Pro,,C5018/C5Pro,开机屏坏,55,CNY/台,,image,三星.jpg,数码网报价单-0825更新/手机相关/三星.jpg,1,1.0,visual_0825_source_crosschecked
20260825-4b6f0125c71986bed47b-01,2026-08-25,手机,device,三星,C系列,C5018/C5Pro,,C5018/C5Pro,不开机屏好,55,CNY/台,,image,三星.jpg,数码网报价单-0825更新/手机相关/三星.jpg,1,1.0,visual_0825_source_crosschecked
20260825-40d0370ae1656e9b6bfe-01,2026-08-25,手机,device,三星,C系列,C5018/C5Pro,,C5018/C5Pro,不开机,55,CNY/台,,image,三星.jpg,数码网报价单-0825更新/手机相关/三星.jpg,1,1.0,visual_0825_source_crosschecked
20260825-f0bee244260b42dc042e-01,2026-08-25,手机,device,三星,C系列,C5018/C5Pro,,C5018/C5Pro,废板-整机,55,CNY/台,,image,三星.jpg,数码网报价单-0825更新/手机相关/三星.jpg,1,1.0,visual_0825_source_crosschecked
20260825-ae5bf46df5149f83765a-01,2026-08-25,手机,device,三星,C系列,C5010/c5Pro,,C5010/c5Pro,开机屏好,55,CNY/台,,image,三星.jpg,数码网报价单-0825更新/手机相关/三星.jpg,1,1.0,visual_0825_source_crosschecked
20260825-dcf881b232fa234bf5ed-01,2026-08-25,手机,device,三星,C系列,C5010/c5Pro,,C5010/c5Pro,开机屏好小老化,55,CNY/台,,image,三星.jpg,数码网报价单-0825更新/手机相关/三星.jpg,1,1.0,visual_0825_source_crosschecked
20260825-7742d0f3d48ca6435abb-01,2026-08-25,手机,device,三星,C系列,C5010/c5Pro,,C5010/c5Pro,开机屏好大老化,55,CNY/台,,image,三星.jpg,数码网报价单-0825更新/手机相关/三星.jpg,1,1.0,visual_0825_source_crosschecked
20260825-69e191931755a6c11016-01,2026-08-25,手机,device,三星,C系列,C5010/c5Pro,,C5010/c5Pro,开机屏坏,55,CNY/台,,image,三星.jpg,数码网报价单-0825更新/手机相关/三星.jpg,1,1.0,visual_0825_source_crosschecked
20260825-9f21be20299e3287335e-01,2026-08-25,手机,device,三星,C系列,C5010/c5Pro,,C5010/c5Pro,不开机屏好,55,CNY/台,,image,三星.jpg,数码网报价单-0825更新/手机相关/三星.jpg,1,1.0,visual_0825_source_crosschecked
20260825-e2b31857b56808664192-01,2026-08-25,手机,device,三星,C系列,C5010/c5Pro,,C5010/c5Pro,不开机,55,CNY/台,,image,三星.jpg,数码网报价单-0825更新/手机相关/三星.jpg,1,1.0,visual_0825_source_crosschecked
20260825-c1cc5bfe719dff1787b1-01,2026-08-25,手机,device,三星,C系列,C5010/c5Pro,,C5010/c5Pro,废板-整机,55,CNY/台,,image,三星.jpg,数码网报价单-0825更新/手机相关/三星.jpg,1,1.0,visual_0825_source_crosschecked
20260825-1705ed5722ea7f10ec80-01,2026-08-25,手机,device,三星,C系列,C5000,,C5000,开机屏好,55,CNY/台,,image,三星.jpg,数码网报价单-0825更新/手机相关/三星.jpg,1,1.0,visual_0825_source_crosschecked
20260825-4fe6801aaf11b143991f-01,2026-08-25,手机,device,三星,C系列,C5000,,C5000,开机屏好小老化,55,CNY/台,,image,三星.jpg,数码网报价单-0825更新/手机相关/三星.jpg,1,1.0,visual_0825_source_crosschecked
20260825-5fa91fb1c91fe8cba9c5-01,2026-08-25,手机,device,三星,C系列,C5000,,C5000,开机屏好大老化,55,CNY/台,,image,三星.jpg,数码网报价单-0825更新/手机相关/三星.jpg,1,1.0,visual_0825_source_crosschecked
20260825-932a251ee5e85ef81760-01,2026-08-25,手机,device,三星,C系列,C5000,,C5000,开机屏坏,55,CNY/台,,image,三星.jpg,数码网报价单-0825更新/手机相关/三星.jpg,1,1.0,visual_0825_source_crosschecked
20260825-deb907f4cf226f57e87a-01,2026-08-25,手机,device,三星,C系列,C5000,,C5000,不开机屏好,55,CNY/台,,image,三星.jpg,数码网报价单-0825更新/手机相关/三星.jpg,1,1.0,visual_0825_source_crosschecked
20260825-c61bdcac87ce4210e02a-01,2026-08-25,手机,device,三星,C系列,C5000,,C5000,不开机,55,CNY/台,,image,三星.jpg,数码网报价单-0825更新/手机相关/三星.jpg,1,1.0,visual_0825_source_crosschecked
20260825-f9027364d3674e91aa8c-01,2026-08-25,手机,device,三星,C系列,C5000,,C5000,废板-整机,55,CNY/台,,image,三星.jpg,数码网报价单-0825更新/手机相关/三星.jpg,1,1.0,visual_0825_source_crosschecked
20260825-7c3e27ffe52ff62b414a-01,2026-08-25,手机,device,三星,A系列,A22,,A22,开机屏好,135,CNY/台,,image,三星.jpg,数码网报价单-0825更新/手机相关/三星.jpg,1,1.0,visual_0825_source_crosschecked
20260825-5bfe8fa22afba9c058ed-01,2026-08-25,手机,device,三星,A系列,A22,,A22,开机屏好大老化,100,CNY/台,,image,三星.jpg,数码网报价单-0825更新/手机相关/三星.jpg,1,1.0,visual_0825_source_crosschecked
20260825-ff59bda138275b338ce3-01,2026-08-25,手机,device,三星,A系列,A22,,A22,开机屏坏,20,CNY/台,,image,三星.jpg,数码网报价单-0825更新/手机相关/三星.jpg,1,1.0,visual_0825_source_crosschecked
20260825-64e0fa9ac400764d47ea-01,2026-08-25,手机,device,三星,A系列,A22,,A22,不开机屏好,20,CNY/台,,image,三星.jpg,数码网报价单-0825更新/手机相关/三星.jpg,1,1.0,visual_0825_source_crosschecked
20260825-b8de58fd8413d97f5293-01,2026-08-25,手机,device,三星,A系列,A22,,A22,不开机,20,CNY/台,,image,三星.jpg,数码网报价单-0825更新/手机相关/三星.jpg,1,1.0,visual_0825_source_crosschecked
20260825-c7d40d7b7b4976fcb435-01,2026-08-25,手机,device,三星,A系列,A22,,A22,废板-整机,/,CNY/台,,image,三星.jpg,数码网报价单-0825更新/手机相关/三星.jpg,1,1.0,visual_0825_source_crosschecked
20260825-7b603640dc504c78d3d3-01,2026-08-25,手机,device,三星,A系列,A31,,A31,开机屏好,135,CNY/台,,image,三星.jpg,数码网报价单-0825更新/手机相关/三星.jpg,1,1.0,visual_0825_source_crosschecked
20260825-15951cad3f0b2fe7f77e-01,2026-08-25,手机,device,三星,A系列,A31,,A31,开机屏好大老化,100,CNY/台,,image,三星.jpg,数码网报价单-0825更新/手机相关/三星.jpg,1,1.0,visual_0825_source_crosschecked
20260825-e62a3f60a0626fde4441-01,2026-08-25,手机,device,三星,A系列,A31,,A31,开机屏坏,20,CNY/台,,image,三星.jpg,数码网报价单-0825更新/手机相关/三星.jpg,1,1.0,visual_0825_source_crosschecked
20260825-a001d1254170767c2b37-01,2026-08-25,手机,device,三星,A系列,A31,,A31,不开机屏好,20,CNY/台,,image,三星.jpg,数码网报价单-0825更新/手机相关/三星.jpg,1,1.0,visual_0825_source_crosschecked
20260825-b63a16d5a766b00ff329-01,2026-08-25,手机,device,三星,A系列,A31,,A31,不开机,20,CNY/台,,image,三星.jpg,数码网报价单-0825更新/手机相关/三星.jpg,1,1.0,visual_0825_source_crosschecked
20260825-af0eb8fc26e66c38f5b0-01,2026-08-25,手机,device,三星,A系列,A31,,A31,废板-整机,/,CNY/台,,image,三星.jpg,数码网报价单-0825更新/手机相关/三星.jpg,1,1.0,visual_0825_source_crosschecked
20260825-a8b6418a2b34d0fb7498-01,2026-08-25,手机,device,三星,A系列,A11,,A11,开机屏好,75,CNY/台,,image,三星.jpg,数码网报价单-0825更新/手机相关/三星.jpg,1,1.0,visual_0825_source_crosschecked
20260825-ad08a0cd1d24b0405f3d-01,2026-08-25,手机,device,三星,A系列,A11,,A11,开机屏好小老化,35,CNY/台,,image,三星.jpg,数码网报价单-0825更新/手机相关/三星.jpg,1,1.0,visual_0825_source_crosschecked
20260825-cee9aebf98e69776b003-01,2026-08-25,手机,device,三星,A系列,A11,,A11,开机屏好大老化,35,CNY/台,,image,三星.jpg,数码网报价单-0825更新/手机相关/三星.jpg,1,1.0,visual_0825_source_crosschecked
20260825-66cfeab487489f1d7274-01,2026-08-25,手机,device,三星,A系列,A11,,A11,开机屏坏,75,CNY/台,,image,三星.jpg,数码网报价单-0825更新/手机相关/三星.jpg,1,1.0,visual_0825_source_crosschecked
20260825-f43e112311aadf13a530-01,2026-08-25,手机,device,三星,A系列,A11,,A11,不开机屏好,35,CNY/台,,image,三星.jpg,数码网报价单-0825更新/手机相关/三星.jpg,1,1.0,visual_0825_source_crosschecked
20260825-e34c4f4dfeeda12fedac-01,2026-08-25,手机,device,三星,A系列,A11,,A11,不开机,35,CNY/台,,image,三星.jpg,数码网报价单-0825更新/手机相关/三星.jpg,1,1.0,visual_0825_source_crosschecked
20260825-fc57c5dca124a8b9a9da-01,2026-08-25,手机,device,三星,A系列,A11,,A11,废板-整机,35,CNY/台,,image,三星.jpg,数码网报价单-0825更新/手机相关/三星.jpg,1,1.0,visual_0825_source_crosschecked
20260825-295422e01f12226ef2fe-01,2026-08-25,手机,device,三星,A系列,A9200/A9s,,A9200/A9s,开机屏好,150,CNY/台,,image,三星.jpg,数码网报价单-0825更新/手机相关/三星.jpg,1,1.0,visual_0825_source_crosschecked
20260825-5577fccca97ddf500584-01,2026-08-25,手机,device,三星,A系列,A9200/A9s,,A9200/A9s,开机屏好小老化,150,CNY/台,,image,三星.jpg,数码网报价单-0825更新/手机相关/三星.jpg,1,1.0,visual_0825_source_crosschecked
20260825-557edee56c76603be6e0-01,2026-08-25,手机,device,三星,A系列,A9200/A9s,,A9200/A9s,开机屏好大老化,100,CNY/台,,image,三星.jpg,数码网报价单-0825更新/手机相关/三星.jpg,1,1.0,visual_0825_source_crosschecked
20260825-a8724a6b6a05ae912e6f-01,2026-08-25,手机,device,三星,A系列,A9200/A9s,,A9200/A9s,开机屏坏,80,CNY/台,,image,三星.jpg,数码网报价单-0825更新/手机相关/三星.jpg,1,1.0,visual_0825_source_crosschecked
20260825-1b3d12ed7ff2f4226799-01,2026-08-25,手机,device,三星,A系列,A9200/A9s,,A9200/A9s,不开机屏好,20,CNY/台,,image,三星.jpg,数码网报价单-0825更新/手机相关/三星.jpg,1,1.0,visual_0825_source_crosschecked
20260825-37c72b83ba9bfc5788b5-01,2026-08-25,手机,device,三星,A系列,A9200/A9s,,A9200/A9s,不开机,20,CNY/台,,image,三星.jpg,数码网报价单-0825更新/手机相关/三星.jpg,1,1.0,visual_0825_source_crosschecked
20260825-0321af18d28e9b349c1d-01,2026-08-25,手机,device,三星,A系列,A9200/A9s,,A9200/A9s,废板-整机,40,CNY/台,,image,三星.jpg,数码网报价单-0825更新/手机相关/三星.jpg,1,1.0,visual_0825_source_crosschecked
20260825-076a8dc25cd288c4950f-01,2026-08-25,手机,device,三星,A系列,A9100/A9Pro,,A9100/A9Pro,开机屏好,50,CNY/台,,image,三星.jpg,数码网报价单-0825更新/手机相关/三星.jpg,1,1.0,visual_0825_source_crosschecked
20260825-8dc23a5b79724458dfda-01,2026-08-25,手机,device,三星,A系列,A9100/A9Pro,,A9100/A9Pro,开机屏好小老化,20,CNY/台,,image,三星.jpg,数码网报价单-0825更新/手机相关/三星.jpg,1,1.0,visual_0825_source_crosschecked
20260825-5731f8819c5bcbc7cf0f-01,2026-08-25,手机,device,三星,A系列,A9100/A9Pro,,A9100/A9Pro,开机屏好大老化,20,CNY/台,,image,三星.jpg,数码网报价单-0825更新/手机相关/三星.jpg,1,1.0,visual_0825_source_crosschecked
20260825-87e36f5c1a76dff4a301-01,2026-08-25,手机,device,三星,A系列,A9100/A9Pro,,A9100/A9Pro,开机屏坏,20,CNY/台,,image,三星.jpg,数码网报价单-0825更新/手机相关/三星.jpg,1,1.0,visual_0825_source_crosschecked
20260825-fc329b830b9f2961b68a-01,2026-08-25,手机,device,三星,A系列,A9100/A9Pro,,A9100/A9Pro,不开机屏好,20,CNY/台,,image,三星.jpg,数码网报价单-0825更新/手机相关/三星.jpg,1,1.0,visual_0825_source_crosschecked
20260825-50ab81714d9a830120b5-01,2026-08-25,手机,device,三星,A系列,A9100/A9Pro,,A9100/A9Pro,不开机,20,CNY/台,,image,三星.jpg,数码网报价单-0825更新/手机相关/三星.jpg,1,1.0,visual_0825_source_crosschecked
20260825-4dfe1c3734bb32cbd9b0-01,2026-08-25,手机,device,三星,A系列,A9100/A9Pro,,A9100/A9Pro,废板-整机,20,CNY/台,,image,三星.jpg,数码网报价单-0825更新/手机相关/三星.jpg,1,1.0,visual_0825_source_crosschecked
20260825-64efe2af1dbfd5e72f18-01,2026-08-25,手机,device,三星,A系列,A90/A9080,,A90/A9080,开机屏好,270,CNY/台,,image,三星.jpg,数码网报价单-0825更新/手机相关/三星.jpg,1,1.0,visual_0825_source_crosschecked
20260825-00b3b8c0f3594c5a6784-01,2026-08-25,手机,device,三星,A系列,A90/A9080,,A90/A9080,开机屏好小老化,160,CNY/台,,image,三星.jpg,数码网报价单-0825更新/手机相关/三星.jpg,1,1.0,visual_0825_source_crosschecked
20260825-3f5105ab9b7f857c5668-01,2026-08-25,手机,device,三星,A系列,A90/A9080,,A90/A9080,开机屏好大老化,120,CNY/台,,image,三星.jpg,数码网报价单-0825更新/手机相关/三星.jpg,1,1.0,visual_0825_source_crosschecked
20260825-807cfad086d71397ba43-01,2026-08-25,手机,device,三星,A系列,A90/A9080,,A90/A9080,开机屏坏,50,CNY/台,,image,三星.jpg,数码网报价单-0825更新/手机相关/三星.jpg,1,1.0,visual_0825_source_crosschecked
20260825-f5d75306433e893b52c9-01,2026-08-25,手机,device,三星,A系列,A90/A9080,,A90/A9080,不开机屏好,90,CNY/台,,image,三星.jpg,数码网报价单-0825更新/手机相关/三星.jpg,1,1.0,visual_0825_source_crosschecked
20260825-59cba89fbce2205c421e-01,2026-08-25,手机,device,三星,A系列,A90/A9080,,A90/A9080,不开机,40,CNY/台,,image,三星.jpg,数码网报价单-0825更新/手机相关/三星.jpg,1,1.0,visual_0825_source_crosschecked
20260825-796f531cce3a1960e390-01,2026-08-25,手机,device,三星,A系列,A90/A9080,,A90/A9080,废板-整机,40,CNY/台,,image,三星.jpg,数码网报价单-0825更新/手机相关/三星.jpg,1,1.0,visual_0825_source_crosschecked
20260825-89d53478adf400d948ce-01,2026-08-25,手机,device,三星,A系列,A9000,,A9000,开机屏好,25,CNY/台,,image,三星.jpg,数码网报价单-0825更新/手机相关/三星.jpg,1,1.0,visual_0825_source_crosschecked
20260825-e0781775f3a5681e5ef2-01,2026-08-25,手机,device,三星,A系列,A9000,,A9000,开机屏好小老化,25,CNY/台,,image,三星.jpg,数码网报价单-0825更新/手机相关/三星.jpg,1,1.0,visual_0825_source_crosschecked
20260825-48b7115366efc6fd68a6-01,2026-08-25,手机,device,三星,A系列,A9000,,A9000,开机屏好大老化,25,CNY/台,,image,三星.jpg,数码网报价单-0825更新/手机相关/三星.jpg,1,1.0,visual_0825_source_crosschecked
20260825-e1982a30856c6b356d6a-01,2026-08-25,手机,device,三星,A系列,A9000,,A9000,开机屏坏,25,CNY/台,,image,三星.jpg,数码网报价单-0825更新/手机相关/三星.jpg,1,1.0,visual_0825_source_crosschecked
20260825-ccb7175535998587868a-01,2026-08-25,手机,device,三星,A系列,A9000,,A9000,不开机屏好,25,CNY/台,,image,三星.jpg,数码网报价单-0825更新/手机相关/三星.jpg,1,1.0,visual_0825_source_crosschecked
20260825-af6f67c06060fb23d754-01,2026-08-25,手机,device,三星,A系列,A9000,,A9000,不开机,25,CNY/台,,image,三星.jpg,数码网报价单-0825更新/手机相关/三星.jpg,1,1.0,visual_0825_source_crosschecked
20260825-2a8efd7801c3e2cdec2e-01,2026-08-25,手机,device,三星,A系列,A9000,,A9000,废板-整机,25,CNY/台,,image,三星.jpg,数码网报价单-0825更新/手机相关/三星.jpg,1,1.0,visual_0825_source_crosschecked
20260825-f4b0da913b4932eaf3b2-01,2026-08-25,手机,device,三星,A系列,A8s/G8870,,A8s/G8870,开机屏好,110,CNY/台,,image,三星.jpg,数码网报价单-0825更新/手机相关/三星.jpg,1,1.0,visual_0825_source_crosschecked
20260825-0f3b9ac6004d5cb0ded8-01,2026-08-25,手机,device,三星,A系列,A8s/G8870,,A8s/G8870,开机屏好小老化,90,CNY/台,,image,三星.jpg,数码网报价单-0825更新/手机相关/三星.jpg,1,1.0,visual_0825_source_crosschecked
20260825-a65bc5c03402ae8cc39b-01,2026-08-25,手机,device,三星,A系列,A8s/G8870,,A8s/G8870,开机屏好大老化,90,CNY/台,,image,三星.jpg,数码网报价单-0825更新/手机相关/三星.jpg,1,1.0,visual_0825_source_crosschecked
20260825-8c6a299d80e627ceedb7-01,2026-08-25,手机,device,三星,A系列,A8s/G8870,,A8s/G8870,开机屏坏,70,CNY/台,,image,三星.jpg,数码网报价单-0825更新/手机相关/三星.jpg,1,1.0,visual_0825_source_crosschecked
20260825-8f518643d4d9aa5add78-01,2026-08-25,手机,device,三星,A系列,A8s/G8870,,A8s/G8870,不开机屏好,50,CNY/台,,image,三星.jpg,数码网报价单-0825更新/手机相关/三星.jpg,1,1.0,visual_0825_source_crosschecked
20260825-05a30d45399db0db6642-01,2026-08-25,手机,device,三星,A系列,A8s/G8870,,A8s/G8870,不开机,50,CNY/台,,image,三星.jpg,数码网报价单-0825更新/手机相关/三星.jpg,1,1.0,visual_0825_source_crosschecked
20260825-8276d7a280151ecc6011-01,2026-08-25,手机,device,三星,A系列,A8s/G8870,,A8s/G8870,废板-整机,50,CNY/台,,image,三星.jpg,数码网报价单-0825更新/手机相关/三星.jpg,1,1.0,visual_0825_source_crosschecked
20260825-92585f149a3f022f7140-01,2026-08-25,手机,device,三星,A系列,A8050,,A8050,开机屏好,220,CNY/台,,image,三星.jpg,数码网报价单-0825更新/手机相关/三星.jpg,1,1.0,visual_0825_source_crosschecked
20260825-926ba1befa70b282c7d8-01,2026-08-25,手机,device,三星,A系列,A8050,,A8050,开机屏好小老化,180,CNY/台,,image,三星.jpg,数码网报价单-0825更新/手机相关/三星.jpg,1,1.0,visual_0825_source_crosschecked
20260825-3da644593ecb80c9b974-01,2026-08-25,手机,device,三星,A系列,A8050,,A8050,开机屏好大老化,130,CNY/台,,image,三星.jpg,数码网报价单-0825更新/手机相关/三星.jpg,1,1.0,visual_0825_source_crosschecked
20260825-7eb6a6f3b4443aa52c74-01,2026-08-25,手机,device,三星,A系列,A8050,,A8050,开机屏坏,80,CNY/台,,image,三星.jpg,数码网报价单-0825更新/手机相关/三星.jpg,1,1.0,visual_0825_source_crosschecked
20260825-3be431537f3a0cffcb6e-01,2026-08-25,手机,device,三星,A系列,A8050,,A8050,不开机屏好,80,CNY/台,,image,三星.jpg,数码网报价单-0825更新/手机相关/三星.jpg,1,1.0,visual_0825_source_crosschecked
20260825-6532fe090ae9f3dae5de-01,2026-08-25,手机,device,三星,A系列,A8050,,A8050,不开机,50,CNY/台,,image,三星.jpg,数码网报价单-0825更新/手机相关/三星.jpg,1,1.0,visual_0825_source_crosschecked
20260825-b192c6c0621d4f9ea795-01,2026-08-25,手机,device,三星,A系列,A8050,,A8050,废板-整机,50,CNY/台,,image,三星.jpg,数码网报价单-0825更新/手机相关/三星.jpg,1,1.0,visual_0825_source_crosschecked
20260825-92dfb267701151dcc91e-01,2026-08-25,手机,device,三星,A系列,A8000,,A8000,开机屏好,25,CNY/台,,image,三星.jpg,数码网报价单-0825更新/手机相关/三星.jpg,1,1.0,visual_0825_source_crosschecked
20260825-9b0d889c102748c65898-01,2026-08-25,手机,device,三星,A系列,A8000,,A8000,开机屏好小老化,25,CNY/台,,image,三星.jpg,数码网报价单-0825更新/手机相关/三星.jpg,1,1.0,visual_0825_source_crosschecked
20260825-d4eee5a958112f2afd8b-01,2026-08-25,手机,device,三星,A系列,A8000,,A8000,开机屏好大老化,25,CNY/台,,image,三星.jpg,数码网报价单-0825更新/手机相关/三星.jpg,1,1.0,visual_0825_source_crosschecked
20260825-c96fd533f9ff3aeccc97-01,2026-08-25,手机,device,三星,A系列,A8000,,A8000,开机屏坏,25,CNY/台,,image,三星.jpg,数码网报价单-0825更新/手机相关/三星.jpg,1,1.0,visual_0825_source_crosschecked
20260825-f345372e10a5fb1868d9-01,2026-08-25,手机,device,三星,A系列,A8000,,A8000,不开机屏好,25,CNY/台,,image,三星.jpg,数码网报价单-0825更新/手机相关/三星.jpg,1,1.0,visual_0825_source_crosschecked
20260825-07022f040b7bd0bfdb56-01,2026-08-25,手机,device,三星,A系列,A8000,,A8000,不开机,25,CNY/台,,image,三星.jpg,数码网报价单-0825更新/手机相关/三星.jpg,1,1.0,visual_0825_source_crosschecked
20260825-6372cc04ab02964ac1b7-01,2026-08-25,手机,device,三星,A系列,A8000,,A8000,废板-整机,25,CNY/台,,image,三星.jpg,数码网报价单-0825更新/手机相关/三星.jpg,1,1.0,visual_0825_source_crosschecked
20260825-01a0bc8d2da9de13b220-01,2026-08-25,手机,device,三星,A系列,A71/A7160,,A71/A7160,开机屏好,180,CNY/台,,image,三星.jpg,数码网报价单-0825更新/手机相关/三星.jpg,1,1.0,visual_0825_source_crosschecked
20260825-53ab606451c9ecc4e363-01,2026-08-25,手机,device,三星,A系列,A71/A7160,,A71/A7160,开机屏好小老化,180,CNY/台,,image,三星.jpg,数码网报价单-0825更新/手机相关/三星.jpg,1,1.0,visual_0825_source_crosschecked
20260825-59aa55a1521308ed552d-01,2026-08-25,手机,device,三星,A系列,A71/A7160,,A71/A7160,开机屏好大老化,130,CNY/台,,image,三星.jpg,数码网报价单-0825更新/手机相关/三星.jpg,1,1.0,visual_0825_source_crosschecked
20260825-2aad6c31e7ca9d46ca49-01,2026-08-25,手机,device,三星,A系列,A71/A7160,,A71/A7160,开机屏坏,80,CNY/台,,image,三星.jpg,数码网报价单-0825更新/手机相关/三星.jpg,1,1.0,visual_0825_source_crosschecked
20260825-b4f4025e229d5487c069-01,2026-08-25,手机,device,三星,A系列,A71/A7160,,A71/A7160,不开机屏好,80,CNY/台,,image,三星.jpg,数码网报价单-0825更新/手机相关/三星.jpg,1,1.0,visual_0825_source_crosschecked
20260825-5969b535a1f216b2cdea-01,2026-08-25,手机,device,三星,A系列,A71/A7160,,A71/A7160,不开机,20,CNY/台,,image,三星.jpg,数码网报价单-0825更新/手机相关/三星.jpg,1,1.0,visual_0825_source_crosschecked
20260825-a793781d447b07244ad3-01,2026-08-25,手机,device,三星,A系列,A71/A7160,,A71/A7160,废板-整机,20,CNY/台,,image,三星.jpg,数码网报价单-0825更新/手机相关/三星.jpg,1,1.0,visual_0825_source_crosschecked
20260825-38e8377aa289e0712e7f-01,2026-08-25,手机,device,三星,A系列,A7108/A7,,A7108/A7,开机屏好,20,CNY/台,,image,三星.jpg,数码网报价单-0825更新/手机相关/三星.jpg,1,1.0,visual_0825_source_crosschecked
20260825-65cd77b41d8976bb2cdd-01,2026-08-25,手机,device,三星,A系列,A7108/A7,,A7108/A7,开机屏好小老化,20,CNY/台,,image,三星.jpg,数码网报价单-0825更新/手机相关/三星.jpg,1,1.0,visual_0825_source_crosschecked
20260825-79ff8e6b479e4269f1b0-01,2026-08-25,手机,device,三星,A系列,A7108/A7,,A7108/A7,开机屏好大老化,20,CNY/台,,image,三星.jpg,数码网报价单-0825更新/手机相关/三星.jpg,1,1.0,visual_0825_source_crosschecked
20260825-c0aba297495e3e2c679e-01,2026-08-25,手机,device,三星,A系列,A7108/A7,,A7108/A7,开机屏坏,20,CNY/台,,image,三星.jpg,数码网报价单-0825更新/手机相关/三星.jpg,1,1.0,visual_0825_source_crosschecked
20260825-a8ae635b1fd2abdeee5d-01,2026-08-25,手机,device,三星,A系列,A7108/A7,,A7108/A7,不开机屏好,20,CNY/台,,image,三星.jpg,数码网报价单-0825更新/手机相关/三星.jpg,1,1.0,visual_0825_source_crosschecked
20260825-8d67b73c76ff07763ead-01,2026-08-25,手机,device,三星,A系列,A7108/A7,,A7108/A7,不开机,20,CNY/台,,image,三星.jpg,数码网报价单-0825更新/手机相关/三星.jpg,1,1.0,visual_0825_source_crosschecked
20260825-771093a866b3fbf4b4e8-01,2026-08-25,手机,device,三星,A系列,A7108/A7,,A7108/A7,废板-整机,20,CNY/台,,image,三星.jpg,数码网报价单-0825更新/手机相关/三星.jpg,1,1.0,visual_0825_source_crosschecked
20260825-7df11b1bdc56c77581be-01,2026-08-25,手机,device,三星,A系列,A7100/A7,,A7100/A7,开机屏好,25,CNY/台,,image,三星.jpg,数码网报价单-0825更新/手机相关/三星.jpg,1,1.0,visual_0825_source_crosschecked
20260825-d2230143d0cea75d0ccf-01,2026-08-25,手机,device,三星,A系列,A7100/A7,,A7100/A7,开机屏好小老化,20,CNY/台,,image,三星.jpg,数码网报价单-0825更新/手机相关/三星.jpg,1,1.0,visual_0825_source_crosschecked
20260825-9363408cc5d4fcaa4860-01,2026-08-25,手机,device,三星,A系列,A7100/A7,,A7100/A7,开机屏好大老化,20,CNY/台,,image,三星.jpg,数码网报价单-0825更新/手机相关/三星.jpg,1,1.0,visual_0825_source_crosschecked
20260825-f4f24bcccfe6a293bcd5-01,2026-08-25,手机,device,三星,A系列,A7100/A7,,A7100/A7,开机屏坏,25,CNY/台,,image,三星.jpg,数码网报价单-0825更新/手机相关/三星.jpg,1,1.0,visual_0825_source_crosschecked
20260825-2bc68209fe23ac78d51b-01,2026-08-25,手机,device,三星,A系列,A7100/A7,,A7100/A7,不开机屏好,25,CNY/台,,image,三星.jpg,数码网报价单-0825更新/手机相关/三星.jpg,1,1.0,visual_0825_source_crosschecked
20260825-93c8d8a899c54d2fb193-01,2026-08-25,手机,device,三星,A系列,A7100/A7,,A7100/A7,不开机,20,CNY/台,,image,三星.jpg,数码网报价单-0825更新/手机相关/三星.jpg,1,1.0,visual_0825_source_crosschecked
20260825-e3ed655d4c0c4665fb2c-01,2026-08-25,手机,device,三星,A系列,A7100/A7,,A7100/A7,废板-整机,20,CNY/台,,image,三星.jpg,数码网报价单-0825更新/手机相关/三星.jpg,1,1.0,visual_0825_source_crosschecked
20260825-c5f0dd9501279f7a1be1-01,2026-08-25,手机,device,三星,A系列,A70s（A7070）,,A70s（A7070）,开机屏好,240,CNY/台,,image,三星.jpg,数码网报价单-0825更新/手机相关/三星.jpg,1,1.0,visual_0825_source_crosschecked
20260825-ac44c8e233099fc2eeef-01,2026-08-25,手机,device,三星,A系列,A70s（A7070）,,A70s（A7070）,开机屏好小老化,200,CNY/台,,image,三星.jpg,数码网报价单-0825更新/手机相关/三星.jpg,1,1.0,visual_0825_source_crosschecked
20260825-0cab037a651aba7a6eea-01,2026-08-25,手机,device,三星,A系列,A70s（A7070）,,A70s（A7070）,开机屏好大老化,120,CNY/台,,image,三星.jpg,数码网报价单-0825更新/手机相关/三星.jpg,1,1.0,visual_0825_source_crosschecked
20260825-709bb09389c5e84d2d08-01,2026-08-25,手机,device,三星,A系列,A70s（A7070）,,A70s（A7070）,开机屏坏,80,CNY/台,,image,三星.jpg,数码网报价单-0825更新/手机相关/三星.jpg,1,1.0,visual_0825_source_crosschecked
20260825-37166e5fa2bae19aa565-01,2026-08-25,手机,device,三星,A系列,A70s（A7070）,,A70s（A7070）,不开机屏好,80,CNY/台,,image,三星.jpg,数码网报价单-0825更新/手机相关/三星.jpg,1,1.0,visual_0825_source_crosschecked
20260825-5894adcb73f4bb409901-01,2026-08-25,手机,device,三星,A系列,A70s（A7070）,,A70s（A7070）,不开机,40,CNY/台,,image,三星.jpg,数码网报价单-0825更新/手机相关/三星.jpg,1,1.0,visual_0825_source_crosschecked
20260825-d54c1350924d4a92c016-01,2026-08-25,手机,device,三星,A系列,A70s（A7070）,,A70s（A7070）,废板-整机,40,CNY/台,,image,三星.jpg,数码网报价单-0825更新/手机相关/三星.jpg,1,1.0,visual_0825_source_crosschecked
20260825-67db21974aa6c911c820-01,2026-08-25,手机,device,三星,A系列,A7009/A70,,A7009/A70,开机屏好,260,CNY/台,,image,三星.jpg,数码网报价单-0825更新/手机相关/三星.jpg,1,1.0,visual_0825_source_crosschecked
20260825-f924aead21b0955dc40e-01,2026-08-25,手机,device,三星,A系列,A7009/A70,,A7009/A70,开机屏好小老化,200,CNY/台,,image,三星.jpg,数码网报价单-0825更新/手机相关/三星.jpg,1,1.0,visual_0825_source_crosschecked
20260825-c32333bdb177524a08dd-01,2026-08-25,手机,device,三星,A系列,A7009/A70,,A7009/A70,开机屏好大老化,120,CNY/台,,image,三星.jpg,数码网报价单-0825更新/手机相关/三星.jpg,1,1.0,visual_0825_source_crosschecked
20260825-28294793b5e582b4029d-01,2026-08-25,手机,device,三星,A系列,A7009/A70,,A7009/A70,开机屏坏,80,CNY/台,,image,三星.jpg,数码网报价单-0825更新/手机相关/三星.jpg,1,1.0,visual_0825_source_crosschecked
20260825-f434005f0be6425da8ca-01,2026-08-25,手机,device,三星,A系列,A7009/A70,,A7009/A70,不开机屏好,80,CNY/台,,image,三星.jpg,数码网报价单-0825更新/手机相关/三星.jpg,1,1.0,visual_0825_source_crosschecked
20260825-742212e84c686ff05c48-01,2026-08-25,手机,device,三星,A系列,A7009/A70,,A7009/A70,不开机,40,CNY/台,,image,三星.jpg,数码网报价单-0825更新/手机相关/三星.jpg,1,1.0,visual_0825_source_crosschecked
20260825-0535fbe3833ebfe090da-01,2026-08-25,手机,device,三星,A系列,A7009/A70,,A7009/A70,废板-整机,40,CNY/台,,image,三星.jpg,数码网报价单-0825更新/手机相关/三星.jpg,1,1.0,visual_0825_source_crosschecked
20260825-1d07edaac18baa0b4d9f-01,2026-08-25,手机,device,三星,A系列,A70/A7050,,A70/A7050,开机屏好,260,CNY/台,,image,三星.jpg,数码网报价单-0825更新/手机相关/三星.jpg,1,1.0,visual_0825_source_crosschecked
20260825-aaabb8ea5dc85704c1da-01,2026-08-25,手机,device,三星,A系列,A70/A7050,,A70/A7050,开机屏好小老化,200,CNY/台,,image,三星.jpg,数码网报价单-0825更新/手机相关/三星.jpg,1,1.0,visual_0825_source_crosschecked
20260825-4dfe0cab3fd5e1682a8e-01,2026-08-25,手机,device,三星,A系列,A70/A7050,,A70/A7050,开机屏好大老化,120,CNY/台,,image,三星.jpg,数码网报价单-0825更新/手机相关/三星.jpg,1,1.0,visual_0825_source_crosschecked
20260825-ad25cab0a1684110886c-01,2026-08-25,手机,device,三星,A系列,A70/A7050,,A70/A7050,开机屏坏,80,CNY/台,,image,三星.jpg,数码网报价单-0825更新/手机相关/三星.jpg,1,1.0,visual_0825_source_crosschecked
20260825-cdc3c4464e12f1ed6afa-01,2026-08-25,手机,device,三星,A系列,A70/A7050,,A70/A7050,不开机屏好,80,CNY/台,,image,三星.jpg,数码网报价单-0825更新/手机相关/三星.jpg,1,1.0,visual_0825_source_crosschecked
20260825-442064fadcbccb6dcbd9-01,2026-08-25,手机,device,三星,A系列,A70/A7050,,A70/A7050,不开机,40,CNY/台,,image,三星.jpg,数码网报价单-0825更新/手机相关/三星.jpg,1,1.0,visual_0825_source_crosschecked
20260825-9c2e62e7474e492204a9-01,2026-08-25,手机,device,三星,A系列,A70/A7050,,A70/A7050,废板-整机,40,CNY/台,,image,三星.jpg,数码网报价单-0825更新/手机相关/三星.jpg,1,1.0,visual_0825_source_crosschecked
20260825-f7a814c6750945d3eeee-01,2026-08-25,手机,device,三星,A系列,A7000/A7,,A7000/A7,开机屏好,20,CNY/台,,image,三星.jpg,数码网报价单-0825更新/手机相关/三星.jpg,1,1.0,visual_0825_source_crosschecked
20260825-5f9f87a96ed5edfd3a77-01,2026-08-25,手机,device,三星,A系列,A7000/A7,,A7000/A7,开机屏好小老化,20,CNY/台,,image,三星.jpg,数码网报价单-0825更新/手机相关/三星.jpg,1,1.0,visual_0825_source_crosschecked
20260825-5e3705a79c535fffa81f-01,2026-08-25,手机,device,三星,A系列,A7000/A7,,A7000/A7,开机屏好大老化,20,CNY/台,,image,三星.jpg,数码网报价单-0825更新/手机相关/三星.jpg,1,1.0,visual_0825_source_crosschecked
20260825-68548ceee2d41404a896-01,2026-08-25,手机,device,三星,A系列,A7000/A7,,A7000/A7,开机屏坏,20,CNY/台,,image,三星.jpg,数码网报价单-0825更新/手机相关/三星.jpg,1,1.0,visual_0825_source_crosschecked
20260825-fe8a9aef584d23b0d7f5-01,2026-08-25,手机,device,三星,A系列,A7000/A7,,A7000/A7,不开机屏好,20,CNY/台,,image,三星.jpg,数码网报价单-0825更新/手机相关/三星.jpg,1,1.0,visual_0825_source_crosschecked
20260825-eb41e2c6d0462e69a180-01,2026-08-25,手机,device,三星,A系列,A7000/A7,,A7000/A7,不开机,20,CNY/台,,image,三星.jpg,数码网报价单-0825更新/手机相关/三星.jpg,1,1.0,visual_0825_source_crosschecked
20260825-794280c90062088926b2-01,2026-08-25,手机,device,三星,A系列,A7000/A7,,A7000/A7,废板-整机,20,CNY/台,,image,三星.jpg,数码网报价单-0825更新/手机相关/三星.jpg,1,1.0,visual_0825_source_crosschecked
20260825-5cd447b8c1eee066a3d5-01,2026-08-25,手机,device,三星,A系列,A730N,,A730N,开机屏好,100,CNY/台,,image,三星.jpg,数码网报价单-0825更新/手机相关/三星.jpg,1,1.0,visual_0825_source_crosschecked
20260825-9dfcff9a1875cecf6967-01,2026-08-25,手机,device,三星,A系列,A730N,,A730N,开机屏好小老化,100,CNY/台,,image,三星.jpg,数码网报价单-0825更新/手机相关/三星.jpg,1,1.0,visual_0825_source_crosschecked
20260825-7cd32a5398ace7b106cb-01,2026-08-25,手机,device,三星,A系列,A730N,,A730N,开机屏好大老化,100,CNY/台,,image,三星.jpg,数码网报价单-0825更新/手机相关/三星.jpg,1,1.0,visual_0825_source_crosschecked
20260825-42a58de15df7b1f62a6f-01,2026-08-25,手机,device,三星,A系列,A730N,,A730N,开机屏坏,40,CNY/台,,image,三星.jpg,数码网报价单-0825更新/手机相关/三星.jpg,1,1.0,visual_0825_source_crosschecked
20260825-6962eb9c0957ce094c0d-01,2026-08-25,手机,device,三星,A系列,A730N,,A730N,不开机屏好,40,CNY/台,,image,三星.jpg,数码网报价单-0825更新/手机相关/三星.jpg,1,1.0,visual_0825_source_crosschecked
20260825-114e253b03744d799912-01,2026-08-25,手机,device,三星,A系列,A730N,,A730N,不开机,40,CNY/台,,image,三星.jpg,数码网报价单-0825更新/手机相关/三星.jpg,1,1.0,visual_0825_source_crosschecked
20260825-59ff66e6ef968708a544-01,2026-08-25,手机,device,三星,A系列,A730N,,A730N,废板-整机,40,CNY/台,,image,三星.jpg,数码网报价单-0825更新/手机相关/三星.jpg,1,1.0,visual_0825_source_crosschecked
20260825-a70dab3632ed3551b08c-01,2026-08-25,手机,device,三星,A系列,A730f,,A730f,开机屏好,100,CNY/台,,image,三星.jpg,数码网报价单-0825更新/手机相关/三星.jpg,1,1.0,visual_0825_source_crosschecked
20260825-e8906a7a83e145eb1dfc-01,2026-08-25,手机,device,三星,A系列,A730f,,A730f,开机屏好小老化,100,CNY/台,,image,三星.jpg,数码网报价单-0825更新/手机相关/三星.jpg,1,1.0,visual_0825_source_crosschecked
20260825-7285daa30cda5eb46c1a-01,2026-08-25,手机,device,三星,A系列,A730f,,A730f,开机屏好大老化,100,CNY/台,,image,三星.jpg,数码网报价单-0825更新/手机相关/三星.jpg,1,1.0,visual_0825_source_crosschecked
20260825-3a301eb5010b2f61efe4-01,2026-08-25,手机,device,三星,A系列,A730f,,A730f,开机屏坏,40,CNY/台,,image,三星.jpg,数码网报价单-0825更新/手机相关/三星.jpg,1,1.0,visual_0825_source_crosschecked
20260825-6bfb098c356a660bf2bd-01,2026-08-25,手机,device,三星,A系列,A730f,,A730f,不开机屏好,40,CNY/台,,image,三星.jpg,数码网报价单-0825更新/手机相关/三星.jpg,1,1.0,visual_0825_source_crosschecked
20260825-807288f0f87f36477891-01,2026-08-25,手机,device,三星,A系列,A730f,,A730f,不开机,40,CNY/台,,image,三星.jpg,数码网报价单-0825更新/手机相关/三星.jpg,1,1.0,visual_0825_source_crosschecked
20260825-463edc6293fa60eb6e3a-01,2026-08-25,手机,device,三星,A系列,A730f,,A730f,废板-整机,40,CNY/台,,image,三星.jpg,数码网报价单-0825更新/手机相关/三星.jpg,1,1.0,visual_0825_source_crosschecked
20260825-fa147eee7ec3c77efe76-01,2026-08-25,手机,device,三星,A系列,A720S,,A720S,开机屏好,150,CNY/台,,image,三星.jpg,数码网报价单-0825更新/手机相关/三星.jpg,1,1.0,visual_0825_source_crosschecked
20260825-ac801f5072975b40ef1b-01,2026-08-25,手机,device,三星,A系列,A720S,,A720S,开机屏好小老化,150,CNY/台,,image,三星.jpg,数码网报价单-0825更新/手机相关/三星.jpg,1,1.0,visual_0825_source_crosschecked
20260825-5097450e27df4b9b663a-01,2026-08-25,手机,device,三星,A系列,A720S,,A720S,开机屏好大老化,30,CNY/台,,image,三星.jpg,数码网报价单-0825更新/手机相关/三星.jpg,1,1.0,visual_0825_source_crosschecked
20260825-4f965076cbad531ac018-01,2026-08-25,手机,device,三星,A系列,A720S,,A720S,开机屏坏,30,CNY/台,,image,三星.jpg,数码网报价单-0825更新/手机相关/三星.jpg,1,1.0,visual_0825_source_crosschecked
20260825-0a5bae2b27d207e63c54-01,2026-08-25,手机,device,三星,A系列,A720S,,A720S,不开机屏好,60,CNY/台,,image,三星.jpg,数码网报价单-0825更新/手机相关/三星.jpg,1,1.0,visual_0825_source_crosschecked
20260825-71fd4942dd29a63d2c7d-01,2026-08-25,手机,device,三星,A系列,A720S,,A720S,不开机,40,CNY/台,,image,三星.jpg,数码网报价单-0825更新/手机相关/三星.jpg,1,1.0,visual_0825_source_crosschecked
20260825-2c056a254e1c1da69fe5-01,2026-08-25,手机,device,三星,A系列,A720S,,A720S,废板-整机,40,CNY/台,,image,三星.jpg,数码网报价单-0825更新/手机相关/三星.jpg,1,1.0,visual_0825_source_crosschecked
20260825-e2f26dedb67ecffe038e-01,2026-08-25,手机,device,三星,A系列,G6200/A60,,G6200/A60,开机屏好,110,CNY/台,,image,三星.jpg,数码网报价单-0825更新/手机相关/三星.jpg,1,1.0,visual_0825_source_crosschecked
20260825-cb405c7f2d366f66c8ba-01,2026-08-25,手机,device,三星,A系列,G6200/A60,,G6200/A60,开机屏好小老化,110,CNY/台,,image,三星.jpg,数码网报价单-0825更新/手机相关/三星.jpg,1,1.0,visual_0825_source_crosschecked
20260825-5340c87051354340290a-01,2026-08-25,手机,device,三星,A系列,G6200/A60,,G6200/A60,开机屏好大老化,110,CNY/台,,image,三星.jpg,数码网报价单-0825更新/手机相关/三星.jpg,1,1.0,visual_0825_source_crosschecked
20260825-4e30a84c522ff89db34d-01,2026-08-25,手机,device,三星,A系列,G6200/A60,,G6200/A60,开机屏坏,110,CNY/台,,image,三星.jpg,数码网报价单-0825更新/手机相关/三星.jpg,1,1.0,visual_0825_source_crosschecked
20260825-d21c736cbf468c463c4f-01,2026-08-25,手机,device,三星,A系列,G6200/A60,,G6200/A60,不开机屏好,110,CNY/台,,image,三星.jpg,数码网报价单-0825更新/手机相关/三星.jpg,1,1.0,visual_0825_source_crosschecked
20260825-b01532049179cacc9241-01,2026-08-25,手机,device,三星,A系列,G6200/A60,,G6200/A60,不开机,110,CNY/台,,image,三星.jpg,数码网报价单-0825更新/手机相关/三星.jpg,1,1.0,visual_0825_source_crosschecked
20260825-a75d0cb7e20b4a636a1f-01,2026-08-25,手机,device,三星,A系列,G6200/A60,,G6200/A60,废板-整机,110,CNY/台,,image,三星.jpg,数码网报价单-0825更新/手机相关/三星.jpg,1,1.0,visual_0825_source_crosschecked
20260825-7c517318c5cbf2e13536-01,2026-08-25,手机,device,三星,A系列,A60/A6060,,A60/A6060,开机屏好,110,CNY/台,,image,三星.jpg,数码网报价单-0825更新/手机相关/三星.jpg,1,1.0,visual_0825_source_crosschecked
20260825-c28c0bee14637ce1bcb2-01,2026-08-25,手机,device,三星,A系列,A60/A6060,,A60/A6060,开机屏好小老化,110,CNY/台,,image,三星.jpg,数码网报价单-0825更新/手机相关/三星.jpg,1,1.0,visual_0825_source_crosschecked
20260825-c0f9c0dd39dd5698e82e-01,2026-08-25,手机,device,三星,A系列,A60/A6060,,A60/A6060,开机屏好大老化,75,CNY/台,,image,三星.jpg,数码网报价单-0825更新/手机相关/三星.jpg,1,1.0,visual_0825_source_crosschecked
20260825-b93238452f4234ed438a-01,2026-08-25,手机,device,三星,A系列,A60/A6060,,A60/A6060,开机屏坏,75,CNY/台,,image,三星.jpg,数码网报价单-0825更新/手机相关/三星.jpg,1,1.0,visual_0825_source_crosschecked
20260825-1f4f8ca190e3bbeea862-01,2026-08-25,手机,device,三星,A系列,A60/A6060,,A60/A6060,不开机屏好,75,CNY/台,,image,三星.jpg,数码网报价单-0825更新/手机相关/三星.jpg,1,1.0,visual_0825_source_crosschecked
20260825-b43fa5b83213971f12a4-01,2026-08-25,手机,device,三星,A系列,A60/A6060,,A60/A6060,不开机,75,CNY/台,,image,三星.jpg,数码网报价单-0825更新/手机相关/三星.jpg,1,1.0,visual_0825_source_crosschecked
20260825-2640fedac53ce8aaac32-01,2026-08-25,手机,device,三星,A系列,A60/A6060,,A60/A6060,废板-整机,75,CNY/台,,image,三星.jpg,数码网报价单-0825更新/手机相关/三星.jpg,1,1.0,visual_0825_source_crosschecked
20260825-69a65b64576c314a69c9-01,2026-08-25,手机,device,三星,A系列,A6058/A9Star lite,,A6058/A9Star lite,开机屏好,150,CNY/台,,image,三星.jpg,数码网报价单-0825更新/手机相关/三星.jpg,1,1.0,visual_0825_source_crosschecked
20260825-3edbd40691877e60907a-01,2026-08-25,手机,device,三星,A系列,A6058/A9Star lite,,A6058/A9Star lite,开机屏好小老化,150,CNY/台,,image,三星.jpg,数码网报价单-0825更新/手机相关/三星.jpg,1,1.0,visual_0825_source_crosschecked
20260825-0c8057d1b4c8d7667011-01,2026-08-25,手机,device,三星,A系列,A6058/A9Star lite,,A6058/A9Star lite,开机屏好大老化,90,CNY/台,,image,三星.jpg,数码网报价单-0825更新/手机相关/三星.jpg,1,1.0,visual_0825_source_crosschecked
20260825-900591f659cdb08f2f08-01,2026-08-25,手机,device,三星,A系列,A6058/A9Star lite,,A6058/A9Star lite,开机屏坏,75,CNY/台,,image,三星.jpg,数码网报价单-0825更新/手机相关/三星.jpg,1,1.0,visual_0825_source_crosschecked
20260825-42d03ed60ad5a9ab3413-01,2026-08-25,手机,device,三星,A系列,A6058/A9Star lite,,A6058/A9Star lite,不开机屏好,75,CNY/台,,image,三星.jpg,数码网报价单-0825更新/手机相关/三星.jpg,1,1.0,visual_0825_source_crosschecked
20260825-bcf0fa42504a4e4d35ac-01,2026-08-25,手机,device,三星,A系列,A6058/A9Star lite,,A6058/A9Star lite,不开机,75,CNY/台,,image,三星.jpg,数码网报价单-0825更新/手机相关/三星.jpg,1,1.0,visual_0825_source_crosschecked
20260825-c8ccf4fd9834c0a68d6e-01,2026-08-25,手机,device,三星,A系列,A6058/A9Star lite,,A6058/A9Star lite,废板-整机,75,CNY/台,,image,三星.jpg,数码网报价单-0825更新/手机相关/三星.jpg,1,1.0,visual_0825_source_crosschecked
20260825-1a19b74ff28723feb6fe-01,2026-08-25,手机,device,三星,A系列,A6050/A9Star lite,,A6050/A9Star lite,开机屏好,140,CNY/台,,image,三星.jpg,数码网报价单-0825更新/手机相关/三星.jpg,1,1.0,visual_0825_source_crosschecked
20260825-39fce45f3dcb83f02a36-01,2026-08-25,手机,device,三星,A系列,A6050/A9Star lite,,A6050/A9Star lite,开机屏好小老化,140,CNY/台,,image,三星.jpg,数码网报价单-0825更新/手机相关/三星.jpg,1,1.0,visual_0825_source_crosschecked
20260825-70b8f2e8f5400f99d22b-01,2026-08-25,手机,device,三星,A系列,A6050/A9Star lite,,A6050/A9Star lite,开机屏好大老化,90,CNY/台,,image,三星.jpg,数码网报价单-0825更新/手机相关/三星.jpg,1,1.0,visual_0825_source_crosschecked
20260825-abd2ac9f2345bc7c7601-01,2026-08-25,手机,device,三星,A系列,A6050/A9Star lite,,A6050/A9Star lite,开机屏坏,75,CNY/台,,image,三星.jpg,数码网报价单-0825更新/手机相关/三星.jpg,1,1.0,visual_0825_source_crosschecked
20260825-8ed44913806c6e2397a7-01,2026-08-25,手机,device,三星,A系列,A6050/A9Star lite,,A6050/A9Star lite,不开机屏好,75,CNY/台,,image,三星.jpg,数码网报价单-0825更新/手机相关/三星.jpg,1,1.0,visual_0825_source_crosschecked
20260825-66808fedd19e12e946cb-01,2026-08-25,手机,device,三星,A系列,A6050/A9Star lite,,A6050/A9Star lite,不开机,75,CNY/台,,image,三星.jpg,数码网报价单-0825更新/手机相关/三星.jpg,1,1.0,visual_0825_source_crosschecked
20260825-adf3eb9753d8fed9b0fd-01,2026-08-25,手机,device,三星,A系列,A6050/A9Star lite,,A6050/A9Star lite,废板-整机,75,CNY/台,,image,三星.jpg,数码网报价单-0825更新/手机相关/三星.jpg,1,1.0,visual_0825_source_crosschecked
20260825-8258e19c4a7904105a41-01,2026-08-25,手机,device,三星,A系列,A50s/A5070,,A50s/A5070,开机屏好,220,CNY/台,,image,三星.jpg,数码网报价单-0825更新/手机相关/三星.jpg,1,1.0,visual_0825_source_crosschecked
20260825-ff4f2b9c1bde095a92f0-01,2026-08-25,手机,device,三星,A系列,A50s/A5070,,A50s/A5070,开机屏好小老化,180,CNY/台,,image,三星.jpg,数码网报价单-0825更新/手机相关/三星.jpg,1,1.0,visual_0825_source_crosschecked
20260825-0064a81d8634b7c9ac3a-01,2026-08-25,手机,device,三星,A系列,A50s/A5070,,A50s/A5070,开机屏好大老化,80,CNY/台,,image,三星.jpg,数码网报价单-0825更新/手机相关/三星.jpg,1,1.0,visual_0825_source_crosschecked
20260825-c5e7f43b73557eff8471-01,2026-08-25,手机,device,三星,A系列,A50s/A5070,,A50s/A5070,开机屏坏,80,CNY/台,,image,三星.jpg,数码网报价单-0825更新/手机相关/三星.jpg,1,1.0,visual_0825_source_crosschecked
20260825-e7119e786d1109298605-01,2026-08-25,手机,device,三星,A系列,A50s/A5070,,A50s/A5070,不开机屏好,80,CNY/台,,image,三星.jpg,数码网报价单-0825更新/手机相关/三星.jpg,1,1.0,visual_0825_source_crosschecked
20260825-8253e4018d381c331498-01,2026-08-25,手机,device,三星,A系列,A50s/A5070,,A50s/A5070,不开机,40,CNY/台,,image,三星.jpg,数码网报价单-0825更新/手机相关/三星.jpg,1,1.0,visual_0825_source_crosschecked
20260825-9e05927f7064a1740a0c-01,2026-08-25,手机,device,三星,A系列,A50s/A5070,,A50s/A5070,废板-整机,40,CNY/台,,image,三星.jpg,数码网报价单-0825更新/手机相关/三星.jpg,1,1.0,visual_0825_source_crosschecked
20260825-69e4b6ed292db9e3c708-01,2026-08-25,手机,device,三星,A系列,A530N,,A530N,开机屏好,85,CNY/台,,image,三星.jpg,数码网报价单-0825更新/手机相关/三星.jpg,1,1.0,visual_0825_source_crosschecked
20260825-17e26535fa21dc530006-01,2026-08-25,手机,device,三星,A系列,A530N,,A530N,开机屏好小老化,80,CNY/台,,image,三星.jpg,数码网报价单-0825更新/手机相关/三星.jpg,1,1.0,visual_0825_source_crosschecked
20260825-595933c4d2d03cf12678-01,2026-08-25,手机,device,三星,A系列,A530N,,A530N,开机屏好大老化,100,CNY/台,,image,三星.jpg,数码网报价单-0825更新/手机相关/三星.jpg,1,1.0,visual_0825_source_crosschecked
20260825-156e044b243abbcc6317-01,2026-08-25,手机,device,三星,A系列,A530N,,A530N,开机屏坏,40,CNY/台,,image,三星.jpg,数码网报价单-0825更新/手机相关/三星.jpg,1,1.0,visual_0825_source_crosschecked
20260825-8f36fcc192b74822b9e3-01,2026-08-25,手机,device,三星,A系列,A530N,,A530N,不开机屏好,55,CNY/台,,image,三星.jpg,数码网报价单-0825更新/手机相关/三星.jpg,1,1.0,visual_0825_source_crosschecked
20260825-29232b913e4604a90c0e-01,2026-08-25,手机,device,三星,A系列,A530N,,A530N,不开机,25,CNY/台,,image,三星.jpg,数码网报价单-0825更新/手机相关/三星.jpg,1,1.0,visual_0825_source_crosschecked
20260825-a54b81530e291251b109-01,2026-08-25,手机,device,三星,A系列,A530N,,A530N,废板-整机,25,CNY/台,,image,三星.jpg,数码网报价单-0825更新/手机相关/三星.jpg,1,1.0,visual_0825_source_crosschecked
20260825-9a95f510660ea68d44af-01,2026-08-25,手机,device,三星,A系列,三星 A5360,,三星 A5360,开机屏好,200,CNY/台,,image,三星.jpg,数码网报价单-0825更新/手机相关/三星.jpg,1,1.0,visual_0825_source_crosschecked
20260825-c2df2b9ff853db082c89-01,2026-08-25,手机,device,三星,A系列,三星 A5360,,三星 A5360,开机屏好小老化,/,CNY/台,,image,三星.jpg,数码网报价单-0825更新/手机相关/三星.jpg,1,1.0,visual_0825_source_crosschecked
20260825-6839ea84f15ea27bfdb8-01,2026-08-25,手机,device,三星,A系列,三星 A5360,,三星 A5360,开机屏好大老化,/,CNY/台,,image,三星.jpg,数码网报价单-0825更新/手机相关/三星.jpg,1,1.0,visual_0825_source_crosschecked
20260825-6479175d79e109d3c94d-01,2026-08-25,手机,device,三星,A系列,三星 A5360,,三星 A5360,开机屏坏,100,CNY/台,,image,三星.jpg,数码网报价单-0825更新/手机相关/三星.jpg,1,1.0,visual_0825_source_crosschecked
20260825-17db237f6ba1bb425879-01,2026-08-25,手机,device,三星,A系列,三星 A5360,,三星 A5360,不开机屏好,75,CNY/台,,image,三星.jpg,数码网报价单-0825更新/手机相关/三星.jpg,1,1.0,visual_0825_source_crosschecked
20260825-62d499749d619c361926-01,2026-08-25,手机,device,三星,A系列,三星 A5360,,三星 A5360,不开机,/,CNY/台,,image,三星.jpg,数码网报价单-0825更新/手机相关/三星.jpg,1,1.0,visual_0825_source_crosschecked
20260825-73cabdbfb64abc663c04-01,2026-08-25,手机,device,三星,A系列,三星 A5360,,三星 A5360,废板-整机,/,CNY/台,,image,三星.jpg,数码网报价单-0825更新/手机相关/三星.jpg,1,1.0,visual_0825_source_crosschecked
20260825-020061655f92eb67db8d-01,2026-08-25,手机,device,三星,A系列,A5260,,A5260,开机屏好,280,CNY/台,,image,三星.jpg,数码网报价单-0825更新/手机相关/三星.jpg,1,1.0,visual_0825_source_crosschecked
20260825-4f38a7d73bc946f6a522-01,2026-08-25,手机,device,三星,A系列,A5260,,A5260,开机屏好小老化,260,CNY/台,,image,三星.jpg,数码网报价单-0825更新/手机相关/三星.jpg,1,1.0,visual_0825_source_crosschecked
20260825-2ad3b68aed63c57d2964-01,2026-08-25,手机,device,三星,A系列,A5260,,A5260,开机屏好大老化,140,CNY/台,,image,三星.jpg,数码网报价单-0825更新/手机相关/三星.jpg,1,1.0,visual_0825_source_crosschecked
20260825-38b6f3fd36d56152ca36-01,2026-08-25,手机,device,三星,A系列,A5260,,A5260,开机屏坏,140,CNY/台,,image,三星.jpg,数码网报价单-0825更新/手机相关/三星.jpg,1,1.0,visual_0825_source_crosschecked
20260825-dcd0af18d88558edd757-01,2026-08-25,手机,device,三星,A系列,A5260,,A5260,不开机屏好,60,CNY/台,,image,三星.jpg,数码网报价单-0825更新/手机相关/三星.jpg,1,1.0,visual_0825_source_crosschecked
20260825-bbe452ab2f4c87e10dfe-01,2026-08-25,手机,device,三星,A系列,A5260,,A5260,不开机,60,CNY/台,,image,三星.jpg,数码网报价单-0825更新/手机相关/三星.jpg,1,1.0,visual_0825_source_crosschecked
20260825-bea914b2eecc4622528f-01,2026-08-25,手机,device,三星,A系列,A5260,,A5260,废板-整机,/,CNY/台,,image,三星.jpg,数码网报价单-0825更新/手机相关/三星.jpg,1,1.0,visual_0825_source_crosschecked
20260825-a89da880d34c6fe76206-01,2026-08-25,手机,device,三星,A系列,E5260,,E5260,开机屏好,200,CNY/台,,image,三星.jpg,数码网报价单-0825更新/手机相关/三星.jpg,1,1.0,visual_0825_source_crosschecked
20260825-9a5983e6e344d9f39a7f-01,2026-08-25,手机,device,三星,A系列,E5260,,E5260,开机屏好小老化,180,CNY/台,,image,三星.jpg,数码网报价单-0825更新/手机相关/三星.jpg,1,1.0,visual_0825_source_crosschecked
20260825-76e6d1ad083cc93d8374-01,2026-08-25,手机,device,三星,A系列,E5260,,E5260,开机屏好大老化,100,CNY/台,,image,三星.jpg,数码网报价单-0825更新/手机相关/三星.jpg,1,1.0,visual_0825_source_crosschecked
20260825-9f8ab150a08422f96dac-01,2026-08-25,手机,device,三星,A系列,E5260,,E5260,开机屏坏,100,CNY/台,,image,三星.jpg,数码网报价单-0825更新/手机相关/三星.jpg,1,1.0,visual_0825_source_crosschecked
20260825-43f6ba5386a5bd573642-01,2026-08-25,手机,device,三星,A系列,E5260,,E5260,不开机屏好,80,CNY/台,,image,三星.jpg,数码网报价单-0825更新/手机相关/三星.jpg,1,1.0,visual_0825_source_crosschecked
20260825-500b0dbd4713ec5c0750-01,2026-08-25,手机,device,三星,A系列,E5260,,E5260,不开机,60,CNY/台,,image,三星.jpg,数码网报价单-0825更新/手机相关/三星.jpg,1,1.0,visual_0825_source_crosschecked
20260825-ef39f53e535a8b7be4f8-01,2026-08-25,手机,device,三星,A系列,E5260,,E5260,废板-整机,60,CNY/台,,image,三星.jpg,数码网报价单-0825更新/手机相关/三星.jpg,1,1.0,visual_0825_source_crosschecked
20260825-fe908b68e6b5a2349c9e-01,2026-08-25,手机,device,三星,A系列,A526,,A526,开机屏好,360,CNY/台,,image,三星.jpg,数码网报价单-0825更新/手机相关/三星.jpg,1,1.0,visual_0825_source_crosschecked
20260825-a94fe8afd218ce4fe6dc-01,2026-08-25,手机,device,三星,A系列,A526,,A526,开机屏好小老化,300,CNY/台,,image,三星.jpg,数码网报价单-0825更新/手机相关/三星.jpg,1,1.0,visual_0825_source_crosschecked
20260825-8861768d98529d75b21a-01,2026-08-25,手机,device,三星,A系列,A526,,A526,开机屏好大老化,180,CNY/台,,image,三星.jpg,数码网报价单-0825更新/手机相关/三星.jpg,1,1.0,visual_0825_source_crosschecked
20260825-56d61021db75c0cf918f-01,2026-08-25,手机,device,三星,A系列,A526,,A526,开机屏坏,160,CNY/台,,image,三星.jpg,数码网报价单-0825更新/手机相关/三星.jpg,1,1.0,visual_0825_source_crosschecked
20260825-6f1dcf66f8057c35d5f2-01,2026-08-25,手机,device,三星,A系列,A526,,A526,不开机屏好,120,CNY/台,,image,三星.jpg,数码网报价单-0825更新/手机相关/三星.jpg,1,1.0,visual_0825_source_crosschecked
20260825-2facc40400421221227f-01,2026-08-25,手机,device,三星,A系列,A526,,A526,不开机,60,CNY/台,,image,三星.jpg,数码网报价单-0825更新/手机相关/三星.jpg,1,1.0,visual_0825_source_crosschecked
20260825-b26947075dc2c98854fd-01,2026-08-25,手机,device,三星,A系列,A526,,A526,废板-整机,60,CNY/台,,image,三星.jpg,数码网报价单-0825更新/手机相关/三星.jpg,1,1.0,visual_0825_source_crosschecked
20260825-6686ac9faa55203aa7af-01,2026-08-25,手机,device,三星,A系列,A520,,A520,开机屏好,60,CNY/台,,image,三星.jpg,数码网报价单-0825更新/手机相关/三星.jpg,1,1.0,visual_0825_source_crosschecked
20260825-79dd742e0c651efe4b25-01,2026-08-25,手机,device,三星,A系列,A520,,A520,开机屏好小老化,60,CNY/台,,image,三星.jpg,数码网报价单-0825更新/手机相关/三星.jpg,1,1.0,visual_0825_source_crosschecked
20260825-7734ad7a4136cf9719dc-01,2026-08-25,手机,device,三星,A系列,A520,,A520,开机屏好大老化,60,CNY/台,,image,三星.jpg,数码网报价单-0825更新/手机相关/三星.jpg,1,1.0,visual_0825_source_crosschecked
20260825-1dd6d22f80a7cde7a8b7-01,2026-08-25,手机,device,三星,A系列,A520,,A520,开机屏坏,20,CNY/台,,image,三星.jpg,数码网报价单-0825更新/手机相关/三星.jpg,1,1.0,visual_0825_source_crosschecked
20260825-671e503b636fda35b289-01,2026-08-25,手机,device,三星,A系列,A520,,A520,不开机屏好,30,CNY/台,,image,三星.jpg,数码网报价单-0825更新/手机相关/三星.jpg,1,1.0,visual_0825_source_crosschecked
20260825-fb5f81dfd365677784fd-01,2026-08-25,手机,device,三星,A系列,A520,,A520,不开机,30,CNY/台,,image,三星.jpg,数码网报价单-0825更新/手机相关/三星.jpg,1,1.0,visual_0825_source_crosschecked
20260825-189db6defcbe4dd27dc2-01,2026-08-25,手机,device,三星,A系列,A520,,A520,废板-整机,30,CNY/台,,image,三星.jpg,数码网报价单-0825更新/手机相关/三星.jpg,1,1.0,visual_0825_source_crosschecked
20260825-cd139f87bf8821cd9b90-01,2026-08-25,手机,device,三星,A系列,A54,,A54,开机屏好,300,CNY/台,,image,三星.jpg,数码网报价单-0825更新/手机相关/三星.jpg,1,1.0,visual_0825_source_crosschecked
20260825-190fc970f6e68b27b51b-01,2026-08-25,手机,device,三星,A系列,A54,,A54,开机屏好小老化,300,CNY/台,,image,三星.jpg,数码网报价单-0825更新/手机相关/三星.jpg,1,1.0,visual_0825_source_crosschecked
20260825-a7490c2646fd19d3e729-01,2026-08-25,手机,device,三星,A系列,A54,,A54,开机屏好大老化,300,CNY/台,,image,三星.jpg,数码网报价单-0825更新/手机相关/三星.jpg,1,1.0,visual_0825_source_crosschecked
20260825-e892e1ca50db4561ffa4-01,2026-08-25,手机,device,三星,A系列,A54,,A54,开机屏坏,250,CNY/台,,image,三星.jpg,数码网报价单-0825更新/手机相关/三星.jpg,1,1.0,visual_0825_source_crosschecked
20260825-e75f67f8d69ab382e550-01,2026-08-25,手机,device,三星,A系列,A54,,A54,不开机屏好,50,CNY/台,,image,三星.jpg,数码网报价单-0825更新/手机相关/三星.jpg,1,1.0,visual_0825_source_crosschecked
20260825-8bf4adb5a6edcd55d26d-01,2026-08-25,手机,device,三星,A系列,A54,,A54,不开机,50,CNY/台,,image,三星.jpg,数码网报价单-0825更新/手机相关/三星.jpg,1,1.0,visual_0825_source_crosschecked
20260825-55572cf9099c537701d4-01,2026-08-25,手机,device,三星,A系列,A54,,A54,废板-整机,50,CNY/台,,image,三星.jpg,数码网报价单-0825更新/手机相关/三星.jpg,1,1.0,visual_0825_source_crosschecked
20260825-c29ba6deac268a5363e0-01,2026-08-25,手机,device,三星,A系列,A51/A5160,,A51/A5160,开机屏好,150,CNY/台,,image,三星.jpg,数码网报价单-0825更新/手机相关/三星.jpg,1,1.0,visual_0825_source_crosschecked
20260825-1db9ae04e2588e3f7529-01,2026-08-25,手机,device,三星,A系列,A51/A5160,,A51/A5160,开机屏好小老化,150,CNY/台,,image,三星.jpg,数码网报价单-0825更新/手机相关/三星.jpg,1,1.0,visual_0825_source_crosschecked
20260825-1fd3a1ecabce15ceac12-01,2026-08-25,手机,device,三星,A系列,A51/A5160,,A51/A5160,开机屏好大老化,90,CNY/台,,image,三星.jpg,数码网报价单-0825更新/手机相关/三星.jpg,1,1.0,visual_0825_source_crosschecked
20260825-a286bde29880ee361ff0-01,2026-08-25,手机,device,三星,A系列,A51/A5160,,A51/A5160,开机屏坏,90,CNY/台,,image,三星.jpg,数码网报价单-0825更新/手机相关/三星.jpg,1,1.0,visual_0825_source_crosschecked
20260825-04888a218234aba78240-01,2026-08-25,手机,device,三星,A系列,A51/A5160,,A51/A5160,不开机屏好,90,CNY/台,,image,三星.jpg,数码网报价单-0825更新/手机相关/三星.jpg,1,1.0,visual_0825_source_crosschecked
20260825-f3ce8974f1fc430269aa-01,2026-08-25,手机,device,三星,A系列,A51/A5160,,A51/A5160,不开机,20,CNY/台,,image,三星.jpg,数码网报价单-0825更新/手机相关/三星.jpg,1,1.0,visual_0825_source_crosschecked
20260825-2de032ac94bfaa1af6df-01,2026-08-25,手机,device,三星,A系列,A51/A5160,,A51/A5160,废板-整机,20,CNY/台,,image,三星.jpg,数码网报价单-0825更新/手机相关/三星.jpg,1,1.0,visual_0825_source_crosschecked
20260825-3fd9683ca4b240d36527-01,2026-08-25,手机,device,三星,A系列,A5108/A5,,A5108/A5,开机屏好,20,CNY/台,,image,三星.jpg,数码网报价单-0825更新/手机相关/三星.jpg,1,1.0,visual_0825_source_crosschecked
20260825-8110f9abd999e31e39cb-01,2026-08-25,手机,device,三星,A系列,A5108/A5,,A5108/A5,开机屏好小老化,20,CNY/台,,image,三星.jpg,数码网报价单-0825更新/手机相关/三星.jpg,1,1.0,visual_0825_source_crosschecked
20260825-efa685cb8311dc3534ab-01,2026-08-25,手机,device,三星,A系列,A5108/A5,,A5108/A5,开机屏好大老化,20,CNY/台,,image,三星.jpg,数码网报价单-0825更新/手机相关/三星.jpg,1,1.0,visual_0825_source_crosschecked
20260825-6082969da58a18cebbcf-01,2026-08-25,手机,device,三星,A系列,A5108/A5,,A5108/A5,开机屏坏,20,CNY/台,,image,三星.jpg,数码网报价单-0825更新/手机相关/三星.jpg,1,1.0,visual_0825_source_crosschecked
20260825-63a6969aec4e5b81b2b5-01,2026-08-25,手机,device,三星,A系列,A5108/A5,,A5108/A5,不开机屏好,20,CNY/台,,image,三星.jpg,数码网报价单-0825更新/手机相关/三星.jpg,1,1.0,visual_0825_source_crosschecked
20260825-384bd2a1112ff418d4fe-01,2026-08-25,手机,device,三星,A系列,A5108/A5,,A5108/A5,不开机,20,CNY/台,,image,三星.jpg,数码网报价单-0825更新/手机相关/三星.jpg,1,1.0,visual_0825_source_crosschecked
20260825-6b132cd4c36e6494a0d9-01,2026-08-25,手机,device,三星,A系列,A5108/A5,,A5108/A5,废板-整机,20,CNY/台,,image,三星.jpg,数码网报价单-0825更新/手机相关/三星.jpg,1,1.0,visual_0825_source_crosschecked
20260825-7c70829126b64e0c0b63-01,2026-08-25,手机,device,三星,A系列,A5100/A5,,A5100/A5,开机屏好,35,CNY/台,,image,三星.jpg,数码网报价单-0825更新/手机相关/三星.jpg,1,1.0,visual_0825_source_crosschecked
20260825-4cf67ab2a0987d024435-01,2026-08-25,手机,device,三星,A系列,A5100/A5,,A5100/A5,开机屏好小老化,20,CNY/台,,image,三星.jpg,数码网报价单-0825更新/手机相关/三星.jpg,1,1.0,visual_0825_source_crosschecked
20260825-bff0862314ba06b3809f-01,2026-08-25,手机,device,三星,A系列,A5100/A5,,A5100/A5,开机屏好大老化,20,CNY/台,,image,三星.jpg,数码网报价单-0825更新/手机相关/三星.jpg,1,1.0,visual_0825_source_crosschecked
20260825-ed9ab782187e8df48b80-01,2026-08-25,手机,device,三星,A系列,A5100/A5,,A5100/A5,开机屏坏,20,CNY/台,,image,三星.jpg,数码网报价单-0825更新/手机相关/三星.jpg,1,1.0,visual_0825_source_crosschecked
20260825-591d17a76db22e6a2b82-01,2026-08-25,手机,device,三星,A系列,A5100/A5,,A5100/A5,不开机屏好,20,CNY/台,,image,三星.jpg,数码网报价单-0825更新/手机相关/三星.jpg,1,1.0,visual_0825_source_crosschecked
20260825-b512168d82b08746402f-01,2026-08-25,手机,device,三星,A系列,A5100/A5,,A5100/A5,不开机,20,CNY/台,,image,三星.jpg,数码网报价单-0825更新/手机相关/三星.jpg,1,1.0,visual_0825_source_crosschecked
20260825-c853d456a68c5f740ff3-01,2026-08-25,手机,device,三星,A系列,A5100/A5,,A5100/A5,废板-整机,70,CNY/台,,image,三星.jpg,数码网报价单-0825更新/手机相关/三星.jpg,1,1.0,visual_0825_source_crosschecked
20260825-8e56421e9735f9d76b83-01,2026-08-25,手机,device,三星,A系列,A5009/A5,,A5009/A5,开机屏好,20,CNY/台,,image,三星.jpg,数码网报价单-0825更新/手机相关/三星.jpg,1,1.0,visual_0825_source_crosschecked
20260825-13c00754e3f0487f10c6-01,2026-08-25,手机,device,三星,A系列,A5009/A5,,A5009/A5,开机屏好小老化,20,CNY/台,,image,三星.jpg,数码网报价单-0825更新/手机相关/三星.jpg,1,1.0,visual_0825_source_crosschecked
20260825-79c08882e70488fc8eb9-01,2026-08-25,手机,device,三星,A系列,A5009/A5,,A5009/A5,开机屏好大老化,20,CNY/台,,image,三星.jpg,数码网报价单-0825更新/手机相关/三星.jpg,1,1.0,visual_0825_source_crosschecked
20260825-708d66994bd81a226672-01,2026-08-25,手机,device,三星,A系列,A5009/A5,,A5009/A5,开机屏坏,20,CNY/台,,image,三星.jpg,数码网报价单-0825更新/手机相关/三星.jpg,1,1.0,visual_0825_source_crosschecked
20260825-446fa747282559c806a8-01,2026-08-25,手机,device,三星,A系列,A5009/A5,,A5009/A5,不开机屏好,20,CNY/台,,image,三星.jpg,数码网报价单-0825更新/手机相关/三星.jpg,1,1.0,visual_0825_source_crosschecked
20260825-9d87b7e54677dba821bc-01,2026-08-25,手机,device,三星,A系列,A5009/A5,,A5009/A5,不开机,20,CNY/台,,image,三星.jpg,数码网报价单-0825更新/手机相关/三星.jpg,1,1.0,visual_0825_source_crosschecked
20260825-0e5ce1a72c06809181bc-01,2026-08-25,手机,device,三星,A系列,A5009/A5,,A5009/A5,废板-整机,20,CNY/台,,image,三星.jpg,数码网报价单-0825更新/手机相关/三星.jpg,1,1.0,visual_0825_source_crosschecked
20260825-8da9bcae65098b171817-01,2026-08-25,手机,device,三星,A系列,A5000/A5,,A5000/A5,开机屏好,20,CNY/台,,image,三星.jpg,数码网报价单-0825更新/手机相关/三星.jpg,1,1.0,visual_0825_source_crosschecked
20260825-c25e442f066deff55ae5-01,2026-08-25,手机,device,三星,A系列,A5000/A5,,A5000/A5,开机屏好小老化,20,CNY/台,,image,三星.jpg,数码网报价单-0825更新/手机相关/三星.jpg,1,1.0,visual_0825_source_crosschecked
20260825-835981a5b7dcfc67f2ed-01,2026-08-25,手机,device,三星,A系列,A5000/A5,,A5000/A5,开机屏好大老化,20,CNY/台,,image,三星.jpg,数码网报价单-0825更新/手机相关/三星.jpg,1,1.0,visual_0825_source_crosschecked
20260825-8f71daf3ea1f16e66420-01,2026-08-25,手机,device,三星,A系列,A5000/A5,,A5000/A5,开机屏坏,20,CNY/台,,image,三星.jpg,数码网报价单-0825更新/手机相关/三星.jpg,1,1.0,visual_0825_source_crosschecked
20260825-34fa6046a5f2b799672d-01,2026-08-25,手机,device,三星,A系列,A5000/A5,,A5000/A5,不开机屏好,20,CNY/台,,image,三星.jpg,数码网报价单-0825更新/手机相关/三星.jpg,1,1.0,visual_0825_source_crosschecked
20260825-cf46a485ff65e57dcdd3-01,2026-08-25,手机,device,三星,A系列,A5000/A5,,A5000/A5,不开机,20,CNY/台,,image,三星.jpg,数码网报价单-0825更新/手机相关/三星.jpg,1,1.0,visual_0825_source_crosschecked
20260825-e0bbf426c6ca16a84cf1-01,2026-08-25,手机,device,三星,A系列,A5000/A5,,A5000/A5,废板-整机,20,CNY/台,,image,三星.jpg,数码网报价单-0825更新/手机相关/三星.jpg,1,1.0,visual_0825_source_crosschecked
20260825-e5fee232db7b28237354-01,2026-08-25,手机,device,三星,A系列,A40s/A3050,,A40s/A3050,开机屏好,140,CNY/台,,image,三星.jpg,数码网报价单-0825更新/手机相关/三星.jpg,1,1.0,visual_0825_source_crosschecked
20260825-7778f01d0f1af2ec080b-01,2026-08-25,手机,device,三星,A系列,A40s/A3050,,A40s/A3050,开机屏好小老化,140,CNY/台,,image,三星.jpg,数码网报价单-0825更新/手机相关/三星.jpg,1,1.0,visual_0825_source_crosschecked
20260825-084f008a752ea09fd157-01,2026-08-25,手机,device,三星,A系列,A40s/A3050,,A40s/A3050,开机屏好大老化,120,CNY/台,,image,三星.jpg,数码网报价单-0825更新/手机相关/三星.jpg,1,1.0,visual_0825_source_crosschecked
20260825-c3cd3787415e9a7471de-01,2026-08-25,手机,device,三星,A系列,A40s/A3050,,A40s/A3050,开机屏坏,40,CNY/台,,image,三星.jpg,数码网报价单-0825更新/手机相关/三星.jpg,1,1.0,visual_0825_source_crosschecked
20260825-97f1a39b2322b1359851-01,2026-08-25,手机,device,三星,A系列,A40s/A3050,,A40s/A3050,不开机屏好,40,CNY/台,,image,三星.jpg,数码网报价单-0825更新/手机相关/三星.jpg,1,1.0,visual_0825_source_crosschecked
20260825-cc487377012949a09ae6-01,2026-08-25,手机,device,三星,A系列,A40s/A3050,,A40s/A3050,不开机,40,CNY/台,,image,三星.jpg,数码网报价单-0825更新/手机相关/三星.jpg,1,1.0,visual_0825_source_crosschecked
20260825-27ec9c4f91acb9226522-01,2026-08-25,手机,device,三星,A系列,A40s/A3050,,A40s/A3050,废板-整机,40,CNY/台,,image,三星.jpg,数码网报价单-0825更新/手机相关/三星.jpg,1,1.0,visual_0825_source_crosschecked
20260825-453667c4ae5d4415e4d0-01,2026-08-25,手机,device,三星,A系列,A3009/A3,,A3009/A3,开机屏好,15,CNY/台,,image,三星.jpg,数码网报价单-0825更新/手机相关/三星.jpg,1,1.0,visual_0825_source_crosschecked
20260825-347de29e2a02eed5e842-01,2026-08-25,手机,device,三星,A系列,A3009/A3,,A3009/A3,开机屏好小老化,15,CNY/台,,image,三星.jpg,数码网报价单-0825更新/手机相关/三星.jpg,1,1.0,visual_0825_source_crosschecked
20260825-80d003cf623b98d41a0f-01,2026-08-25,手机,device,三星,A系列,A3009/A3,,A3009/A3,开机屏好大老化,15,CNY/台,,image,三星.jpg,数码网报价单-0825更新/手机相关/三星.jpg,1,1.0,visual_0825_source_crosschecked
20260825-61174000685bc3528d50-01,2026-08-25,手机,device,三星,A系列,A3009/A3,,A3009/A3,开机屏坏,15,CNY/台,,image,三星.jpg,数码网报价单-0825更新/手机相关/三星.jpg,1,1.0,visual_0825_source_crosschecked
20260825-4ab9b0b7851ac4f4a731-01,2026-08-25,手机,device,三星,A系列,A3009/A3,,A3009/A3,不开机屏好,15,CNY/台,,image,三星.jpg,数码网报价单-0825更新/手机相关/三星.jpg,1,1.0,visual_0825_source_crosschecked
20260825-ebb91c5ca0e181f4bc68-01,2026-08-25,手机,device,三星,A系列,A3009/A3,,A3009/A3,不开机,15,CNY/台,,image,三星.jpg,数码网报价单-0825更新/手机相关/三星.jpg,1,1.0,visual_0825_source_crosschecked
20260825-2e3bd1cc1086aadc5c0d-01,2026-08-25,手机,device,三星,A系列,A3009/A3,,A3009/A3,废板-整机,15,CNY/台,,image,三星.jpg,数码网报价单-0825更新/手机相关/三星.jpg,1,1.0,visual_0825_source_crosschecked
20260825-8b98ef587ffabef01dd7-01,2026-08-25,手机,device,三星,A系列,A3000/A3,,A3000/A3,开机屏好,15,CNY/台,,image,三星.jpg,数码网报价单-0825更新/手机相关/三星.jpg,1,1.0,visual_0825_source_crosschecked
20260825-c86ebc2d88d4d7144cd7-01,2026-08-25,手机,device,三星,A系列,A3000/A3,,A3000/A3,开机屏好小老化,15,CNY/台,,image,三星.jpg,数码网报价单-0825更新/手机相关/三星.jpg,1,1.0,visual_0825_source_crosschecked
20260825-a75ca620538d763b6423-01,2026-08-25,手机,device,三星,A系列,A3000/A3,,A3000/A3,开机屏好大老化,15,CNY/台,,image,三星.jpg,数码网报价单-0825更新/手机相关/三星.jpg,1,1.0,visual_0825_source_crosschecked
20260825-c8756ac9e8e0b5bb6228-01,2026-08-25,手机,device,三星,A系列,A3000/A3,,A3000/A3,开机屏坏,15,CNY/台,,image,三星.jpg,数码网报价单-0825更新/手机相关/三星.jpg,1,1.0,visual_0825_source_crosschecked
20260825-fe21f75dbfd60667de80-01,2026-08-25,手机,device,三星,A系列,A3000/A3,,A3000/A3,不开机屏好,15,CNY/台,,image,三星.jpg,数码网报价单-0825更新/手机相关/三星.jpg,1,1.0,visual_0825_source_crosschecked
20260825-77198a18370b3b5fb60d-01,2026-08-25,手机,device,三星,A系列,A3000/A3,,A3000/A3,不开机,15,CNY/台,,image,三星.jpg,数码网报价单-0825更新/手机相关/三星.jpg,1,1.0,visual_0825_source_crosschecked
20260825-3b1b7378ee0544f78a6e-01,2026-08-25,手机,device,三星,A系列,A3000/A3,,A3000/A3,废板-整机,15,CNY/台,,image,三星.jpg,数码网报价单-0825更新/手机相关/三星.jpg,1,1.0,visual_0825_source_crosschecked
20260825-0b2bb2d238b160d226c9-01,2026-08-25,手机,device,三星,A系列,a31/a315f,,a31/a315f,开机屏好,150,CNY/台,,image,三星.jpg,数码网报价单-0825更新/手机相关/三星.jpg,1,1.0,visual_0825_source_crosschecked
20260825-88660e6730f93408556a-01,2026-08-25,手机,device,三星,A系列,a31/a315f,,a31/a315f,开机屏好小老化,150,CNY/台,,image,三星.jpg,数码网报价单-0825更新/手机相关/三星.jpg,1,1.0,visual_0825_source_crosschecked
20260825-0d0371e928efe1642172-01,2026-08-25,手机,device,三星,A系列,a31/a315f,,a31/a315f,开机屏好大老化,60,CNY/台,,image,三星.jpg,数码网报价单-0825更新/手机相关/三星.jpg,1,1.0,visual_0825_source_crosschecked
20260825-600b12d1114a5c51d1e1-01,2026-08-25,手机,device,三星,A系列,a31/a315f,,a31/a315f,开机屏坏,60,CNY/台,,image,三星.jpg,数码网报价单-0825更新/手机相关/三星.jpg,1,1.0,visual_0825_source_crosschecked
20260825-72da17f2ec1924fec6de-01,2026-08-25,手机,device,三星,A系列,a31/a315f,,a31/a315f,不开机屏好,60,CNY/台,,image,三星.jpg,数码网报价单-0825更新/手机相关/三星.jpg,1,1.0,visual_0825_source_crosschecked
20260825-b482d2dd814e04893f77-01,2026-08-25,手机,device,三星,A系列,a31/a315f,,a31/a315f,不开机,20,CNY/台,,image,三星.jpg,数码网报价单-0825更新/手机相关/三星.jpg,1,1.0,visual_0825_source_crosschecked
20260825-83b5bb19d03f16e9ea43-01,2026-08-25,手机,device,三星,A系列,a31/a315f,,a31/a315f,废板-整机,20,CNY/台,,image,三星.jpg,数码网报价单-0825更新/手机相关/三星.jpg,1,1.0,visual_0825_source_crosschecked
20260825-c913d07dcdd879e8255e-01,2026-08-25,手机,device,三星,A系列,M3070,,M3070,开机屏好,140,CNY/台,,image,三星.jpg,数码网报价单-0825更新/手机相关/三星.jpg,1,1.0,visual_0825_source_crosschecked
20260825-1d5924687c3f88496717-01,2026-08-25,手机,device,三星,A系列,M3070,,M3070,开机屏好小老化,140,CNY/台,,image,三星.jpg,数码网报价单-0825更新/手机相关/三星.jpg,1,1.0,visual_0825_source_crosschecked
20260825-4dfb7d2b561e2dff401c-01,2026-08-25,手机,device,三星,A系列,M3070,,M3070,开机屏好大老化,100,CNY/台,,image,三星.jpg,数码网报价单-0825更新/手机相关/三星.jpg,1,1.0,visual_0825_source_crosschecked
20260825-4b209e919ac7ac8ecd38-01,2026-08-25,手机,device,三星,A系列,M3070,,M3070,开机屏坏,140,CNY/台,,image,三星.jpg,数码网报价单-0825更新/手机相关/三星.jpg,1,1.0,visual_0825_source_crosschecked
20260825-893fddf2452d02f17c83-01,2026-08-25,手机,device,三星,A系列,M3070,,M3070,不开机屏好,70,CNY/台,,image,三星.jpg,数码网报价单-0825更新/手机相关/三星.jpg,1,1.0,visual_0825_source_crosschecked
20260825-400ef4da51688714b65d-01,2026-08-25,手机,device,三星,A系列,M3070,,M3070,不开机,40,CNY/台,,image,三星.jpg,数码网报价单-0825更新/手机相关/三星.jpg,1,1.0,visual_0825_source_crosschecked
20260825-e8b124e2b7505d4c9da0-01,2026-08-25,手机,device,三星,A系列,M3070,,M3070,废板-整机,40,CNY/台,,image,三星.jpg,数码网报价单-0825更新/手机相关/三星.jpg,1,1.0,visual_0825_source_crosschecked
20260825-071824441ad0648624cb-01,2026-08-25,手机,device,三星,A系列,A32,,A32,开机屏好,150,CNY/台,,image,三星.jpg,数码网报价单-0825更新/手机相关/三星.jpg,1,1.0,visual_0825_source_crosschecked
20260825-23457cfb91bc1fbb3d02-01,2026-08-25,手机,device,三星,A系列,A32,,A32,开机屏好小老化,150,CNY/台,,image,三星.jpg,数码网报价单-0825更新/手机相关/三星.jpg,1,1.0,visual_0825_source_crosschecked
20260825-04e13f1108e3b7d6a585-01,2026-08-25,手机,device,三星,A系列,A32,,A32,开机屏好大老化,100,CNY/台,,image,三星.jpg,数码网报价单-0825更新/手机相关/三星.jpg,1,1.0,visual_0825_source_crosschecked
20260825-712193e0799c7a2627f5-01,2026-08-25,手机,device,三星,A系列,A32,,A32,开机屏坏,40,CNY/台,,image,三星.jpg,数码网报价单-0825更新/手机相关/三星.jpg,1,1.0,visual_0825_source_crosschecked
20260825-aa85fab4c0cfe9c2dc1b-01,2026-08-25,手机,device,三星,A系列,A32,,A32,不开机屏好,40,CNY/台,,image,三星.jpg,数码网报价单-0825更新/手机相关/三星.jpg,1,1.0,visual_0825_source_crosschecked
20260825-a87590135419ab69ea66-01,2026-08-25,手机,device,三星,A系列,A32,,A32,不开机,40,CNY/台,,image,三星.jpg,数码网报价单-0825更新/手机相关/三星.jpg,1,1.0,visual_0825_source_crosschecked
20260825-321c1dfef459df700316-01,2026-08-25,手机,device,三星,A系列,A32,,A32,废板-整机,40,CNY/台,,image,三星.jpg,数码网报价单-0825更新/手机相关/三星.jpg,1,1.0,visual_0825_source_crosschecked
20260825-60660fb55a0551843260-01,2026-08-25,手机,device,三星,A系列,A305N,,A305N,开机屏好,80,CNY/台,,image,三星.jpg,数码网报价单-0825更新/手机相关/三星.jpg,1,1.0,visual_0825_source_crosschecked
20260825-ae80771a51007ec81b04-01,2026-08-25,手机,device,三星,A系列,A305N,,A305N,开机屏好小老化,80,CNY/台,,image,三星.jpg,数码网报价单-0825更新/手机相关/三星.jpg,1,1.0,visual_0825_source_crosschecked
20260825-fc00bbcb80be507f1d64-01,2026-08-25,手机,device,三星,A系列,A305N,,A305N,开机屏好大老化,60,CNY/台,,image,三星.jpg,数码网报价单-0825更新/手机相关/三星.jpg,1,1.0,visual_0825_source_crosschecked
20260825-b2c5583bb16490c73501-01,2026-08-25,手机,device,三星,A系列,A305N,,A305N,开机屏坏,60,CNY/台,,image,三星.jpg,数码网报价单-0825更新/手机相关/三星.jpg,1,1.0,visual_0825_source_crosschecked
20260825-6376dca62a941602ff54-01,2026-08-25,手机,device,三星,A系列,A305N,,A305N,不开机屏好,35,CNY/台,,image,三星.jpg,数码网报价单-0825更新/手机相关/三星.jpg,1,1.0,visual_0825_source_crosschecked
20260825-929d44f1b58d71dfb3bb-01,2026-08-25,手机,device,三星,A系列,A305N,,A305N,不开机,35,CNY/台,,image,三星.jpg,数码网报价单-0825更新/手机相关/三星.jpg,1,1.0,visual_0825_source_crosschecked
20260825-b05679747a5c4bae9554-01,2026-08-25,手机,device,三星,A系列,A305N,,A305N,废板-整机,35,CNY/台,,image,三星.jpg,数码网报价单-0825更新/手机相关/三星.jpg,1,1.0,visual_0825_source_crosschecked
20260825-f5d52309863b38d834f9-01,2026-08-25,手机,device,三星,A系列,三星 A02s,,三星 A02s,开机屏好,60,CNY/台,,image,三星.jpg,数码网报价单-0825更新/手机相关/三星.jpg,1,1.0,visual_0825_source_crosschecked
20260825-a436982723f4d6d92ec4-01,2026-08-25,手机,device,三星,A系列,三星 A02s,,三星 A02s,开机屏好小老化,60,CNY/台,,image,三星.jpg,数码网报价单-0825更新/手机相关/三星.jpg,1,1.0,visual_0825_source_crosschecked
20260825-f60b352185f3e367afad-01,2026-08-25,手机,device,三星,A系列,三星 A02s,,三星 A02s,开机屏好大老化,60,CNY/台,,image,三星.jpg,数码网报价单-0825更新/手机相关/三星.jpg,1,1.0,visual_0825_source_crosschecked
20260825-b3ee1d65a0149c9f5967-01,2026-08-25,手机,device,三星,A系列,三星 A02s,,三星 A02s,开机屏坏,60,CNY/台,,image,三星.jpg,数码网报价单-0825更新/手机相关/三星.jpg,1,1.0,visual_0825_source_crosschecked
20260825-f8a575bb30bda6cc1b41-01,2026-08-25,手机,device,三星,A系列,三星 A02s,,三星 A02s,不开机屏好,60,CNY/台,,image,三星.jpg,数码网报价单-0825更新/手机相关/三星.jpg,1,1.0,visual_0825_source_crosschecked
20260825-05916a4dda21b10a27eb-01,2026-08-25,手机,device,三星,A系列,三星 A02s,,三星 A02s,不开机,60,CNY/台,,image,三星.jpg,数码网报价单-0825更新/手机相关/三星.jpg,1,1.0,visual_0825_source_crosschecked
20260825-89fd09a4ef762cc40673-01,2026-08-25,手机,device,三星,A系列,三星 A02s,,三星 A02s,废板-整机,60,CNY/台,,image,三星.jpg,数码网报价单-0825更新/手机相关/三星.jpg,1,1.0,visual_0825_source_crosschecked
20260825-20d250cd86ce29c67843-01,2026-08-25,手机,device,三星,A系列,A20s/A2070,,A20s/A2070,开机屏好,60,CNY/台,,image,三星.jpg,数码网报价单-0825更新/手机相关/三星.jpg,1,1.0,visual_0825_source_crosschecked
20260825-c2585b9d092b6ee581d5-01,2026-08-25,手机,device,三星,A系列,A20s/A2070,,A20s/A2070,开机屏好小老化,60,CNY/台,,image,三星.jpg,数码网报价单-0825更新/手机相关/三星.jpg,1,1.0,visual_0825_source_crosschecked
20260825-f1760f171a7cb2beb4a1-01,2026-08-25,手机,device,三星,A系列,A20s/A2070,,A20s/A2070,开机屏好大老化,60,CNY/台,,image,三星.jpg,数码网报价单-0825更新/手机相关/三星.jpg,1,1.0,visual_0825_source_crosschecked
20260825-7454e65674693d2cf639-01,2026-08-25,手机,device,三星,A系列,A20s/A2070,,A20s/A2070,开机屏坏,60,CNY/台,,image,三星.jpg,数码网报价单-0825更新/手机相关/三星.jpg,1,1.0,visual_0825_source_crosschecked
20260825-08e76679372374e71111-01,2026-08-25,手机,device,三星,A系列,A20s/A2070,,A20s/A2070,不开机屏好,30,CNY/台,,image,三星.jpg,数码网报价单-0825更新/手机相关/三星.jpg,1,1.0,visual_0825_source_crosschecked
20260825-257c426a4a1ea10da74c-01,2026-08-25,手机,device,三星,A系列,A20s/A2070,,A20s/A2070,不开机,30,CNY/台,,image,三星.jpg,数码网报价单-0825更新/手机相关/三星.jpg,1,1.0,visual_0825_source_crosschecked
20260825-98d5a6ba1ed833aa2616-01,2026-08-25,手机,device,三星,A系列,A20s/A2070,,A20s/A2070,废板-整机,30,CNY/台,,image,三星.jpg,数码网报价单-0825更新/手机相关/三星.jpg,1,1.0,visual_0825_source_crosschecked
20260825-170174657a4b791c081f-01,2026-08-25,手机,device,三星,A系列,A20,,A20,开机屏好,130,CNY/台,,image,三星.jpg,数码网报价单-0825更新/手机相关/三星.jpg,1,1.0,visual_0825_source_crosschecked
20260825-50555558aade3dbf4a25-01,2026-08-25,手机,device,三星,A系列,A20,,A20,开机屏好小老化,40,CNY/台,,image,三星.jpg,数码网报价单-0825更新/手机相关/三星.jpg,1,1.0,visual_0825_source_crosschecked
20260825-5cc91080a43f30dfced9-01,2026-08-25,手机,device,三星,A系列,A20,,A20,开机屏好大老化,40,CNY/台,,image,三星.jpg,数码网报价单-0825更新/手机相关/三星.jpg,1,1.0,visual_0825_source_crosschecked
20260825-9ac7706bad5e57aed376-01,2026-08-25,手机,device,三星,A系列,A20,,A20,开机屏坏,40,CNY/台,,image,三星.jpg,数码网报价单-0825更新/手机相关/三星.jpg,1,1.0,visual_0825_source_crosschecked
20260825-50a4b80da35019db7e1d-01,2026-08-25,手机,device,三星,A系列,A20,,A20,不开机屏好,25,CNY/台,,image,三星.jpg,数码网报价单-0825更新/手机相关/三星.jpg,1,1.0,visual_0825_source_crosschecked
20260825-38c61ce8a6015ce3cbeb-01,2026-08-25,手机,device,三星,A系列,A20,,A20,不开机,25,CNY/台,,image,三星.jpg,数码网报价单-0825更新/手机相关/三星.jpg,1,1.0,visual_0825_source_crosschecked
20260825-90b7ddacc06d3f7b083c-01,2026-08-25,手机,device,三星,A系列,A20,,A20,废板-整机,25,CNY/台,,image,三星.jpg,数码网报价单-0825更新/手机相关/三星.jpg,1,1.0,visual_0825_source_crosschecked
20260825-e76c9da3622486b87632-01,2026-08-25,手机,device,三星,其他系列,三星GALAXY S8 Active,,三星GALAXY S8 Active,开机屏好,80,CNY/台,,image,三星.jpg,数码网报价单-0825更新/手机相关/三星.jpg,1,1.0,visual_0825_source_crosschecked
20260825-53265cf369637765d499-01,2026-08-25,手机,device,三星,其他系列,三星GALAXY S8 Active,,三星GALAXY S8 Active,开机屏好小老化,25,CNY/台,,image,三星.jpg,数码网报价单-0825更新/手机相关/三星.jpg,1,1.0,visual_0825_source_crosschecked
20260825-11478fb6557d54c4b429-01,2026-08-25,手机,device,三星,其他系列,三星GALAXY S8 Active,,三星GALAXY S8 Active,开机屏好大老化,25,CNY/台,,image,三星.jpg,数码网报价单-0825更新/手机相关/三星.jpg,1,1.0,visual_0825_source_crosschecked
20260825-a6a0c7a48b945ad18d26-01,2026-08-25,手机,device,三星,其他系列,三星GALAXY S8 Active,,三星GALAXY S8 Active,开机屏坏,80,CNY/台,,image,三星.jpg,数码网报价单-0825更新/手机相关/三星.jpg,1,1.0,visual_0825_source_crosschecked
20260825-b5eca399085a1c9cba81-01,2026-08-25,手机,device,三星,其他系列,三星GALAXY S8 Active,,三星GALAXY S8 Active,不开机屏好,80,CNY/台,,image,三星.jpg,数码网报价单-0825更新/手机相关/三星.jpg,1,1.0,visual_0825_source_crosschecked
20260825-316ba27c91e46e89bb69-01,2026-08-25,手机,device,三星,其他系列,三星GALAXY S8 Active,,三星GALAXY S8 Active,不开机,25,CNY/台,,image,三星.jpg,数码网报价单-0825更新/手机相关/三星.jpg,1,1.0,visual_0825_source_crosschecked
20260825-d1113906cc879b8ca849-01,2026-08-25,手机,device,三星,其他系列,三星GALAXY S8 Active,,三星GALAXY S8 Active,废板-整机,25,CNY/台,,image,三星.jpg,数码网报价单-0825更新/手机相关/三星.jpg,1,1.0,visual_0825_source_crosschecked
20260825-8b426c96785a7ac0f4c4-01,2026-08-25,手机,device,三星,其他系列,8530,,8530,开机屏好,10,CNY/台,,image,三星.jpg,数码网报价单-0825更新/手机相关/三星.jpg,1,1.0,visual_0825_source_crosschecked
20260825-0e47c7e98ebd098ddba9-01,2026-08-25,手机,device,三星,其他系列,8530,,8530,开机屏好小老化,10,CNY/台,,image,三星.jpg,数码网报价单-0825更新/手机相关/三星.jpg,1,1.0,visual_0825_source_crosschecked
20260825-d93281b1a916d8473400-01,2026-08-25,手机,device,三星,其他系列,8530,,8530,开机屏好大老化,10,CNY/台,,image,三星.jpg,数码网报价单-0825更新/手机相关/三星.jpg,1,1.0,visual_0825_source_crosschecked
20260825-57323103c0b69f038fbc-01,2026-08-25,手机,device,三星,其他系列,8530,,8530,开机屏坏,10,CNY/台,,image,三星.jpg,数码网报价单-0825更新/手机相关/三星.jpg,1,1.0,visual_0825_source_crosschecked
20260825-27f4d5999888568d006c-01,2026-08-25,手机,device,三星,其他系列,8530,,8530,不开机屏好,10,CNY/台,,image,三星.jpg,数码网报价单-0825更新/手机相关/三星.jpg,1,1.0,visual_0825_source_crosschecked
20260825-3a429caef44927eb97f8-01,2026-08-25,手机,device,三星,其他系列,8530,,8530,不开机,10,CNY/台,,image,三星.jpg,数码网报价单-0825更新/手机相关/三星.jpg,1,1.0,visual_0825_source_crosschecked
20260825-b2f01b93e6cc7d175c13-01,2026-08-25,手机,device,三星,其他系列,8530,,8530,废板-整机,10,CNY/台,,image,三星.jpg,数码网报价单-0825更新/手机相关/三星.jpg,1,1.0,visual_0825_source_crosschecked
20260825-b993d9bcd5151edfcc26-01,2026-08-25,手机,device,三星,其他系列,S7562,,S7562,开机屏好,10,CNY/台,,image,三星.jpg,数码网报价单-0825更新/手机相关/三星.jpg,1,1.0,visual_0825_source_crosschecked
20260825-983c34009ce5746365be-01,2026-08-25,手机,device,三星,其他系列,S7562,,S7562,开机屏好小老化,10,CNY/台,,image,三星.jpg,数码网报价单-0825更新/手机相关/三星.jpg,1,1.0,visual_0825_source_crosschecked
20260825-8756643278bfd275253e-01,2026-08-25,手机,device,三星,其他系列,S7562,,S7562,开机屏好大老化,10,CNY/台,,image,三星.jpg,数码网报价单-0825更新/手机相关/三星.jpg,1,1.0,visual_0825_source_crosschecked
20260825-e6883599f6641ed5710c-01,2026-08-25,手机,device,三星,其他系列,S7562,,S7562,开机屏坏,10,CNY/台,,image,三星.jpg,数码网报价单-0825更新/手机相关/三星.jpg,1,1.0,visual_0825_source_crosschecked
20260825-85c3fa589e6e86ef41cb-01,2026-08-25,手机,device,三星,其他系列,S7562,,S7562,不开机屏好,10,CNY/台,,image,三星.jpg,数码网报价单-0825更新/手机相关/三星.jpg,1,1.0,visual_0825_source_crosschecked
20260825-2563aee0909d7dc28983-01,2026-08-25,手机,device,三星,其他系列,S7562,,S7562,不开机,10,CNY/台,,image,三星.jpg,数码网报价单-0825更新/手机相关/三星.jpg,1,1.0,visual_0825_source_crosschecked
20260825-9cf34ca557ff122578b4-01,2026-08-25,手机,device,三星,其他系列,S7562,,S7562,废板-整机,10,CNY/台,,image,三星.jpg,数码网报价单-0825更新/手机相关/三星.jpg,1,1.0,visual_0825_source_crosschecked
20260825-93c4beee9833009f3db9-01,2026-08-25,手机,device,三星,其他系列,P729,,P729,开机屏好,10,CNY/台,,image,三星.jpg,数码网报价单-0825更新/手机相关/三星.jpg,1,1.0,visual_0825_source_crosschecked
20260825-2ea1468076416b196141-01,2026-08-25,手机,device,三星,其他系列,P729,,P729,开机屏好小老化,10,CNY/台,,image,三星.jpg,数码网报价单-0825更新/手机相关/三星.jpg,1,1.0,visual_0825_source_crosschecked
20260825-f89b21048019e3c4f538-01,2026-08-25,手机,device,三星,其他系列,P729,,P729,开机屏好大老化,10,CNY/台,,image,三星.jpg,数码网报价单-0825更新/手机相关/三星.jpg,1,1.0,visual_0825_source_crosschecked
20260825-52bdd6d94add280193d1-01,2026-08-25,手机,device,三星,其他系列,P729,,P729,开机屏坏,10,CNY/台,,image,三星.jpg,数码网报价单-0825更新/手机相关/三星.jpg,1,1.0,visual_0825_source_crosschecked
20260825-4e9bea8790e5630715af-01,2026-08-25,手机,device,三星,其他系列,P729,,P729,不开机屏好,10,CNY/台,,image,三星.jpg,数码网报价单-0825更新/手机相关/三星.jpg,1,1.0,visual_0825_source_crosschecked
20260825-71e45b511bee2afed339-01,2026-08-25,手机,device,三星,其他系列,P729,,P729,不开机,10,CNY/台,,image,三星.jpg,数码网报价单-0825更新/手机相关/三星.jpg,1,1.0,visual_0825_source_crosschecked
20260825-dae476896aa0824afb80-01,2026-08-25,手机,device,三星,其他系列,P729,,P729,废板-整机,10,CNY/台,,image,三星.jpg,数码网报价单-0825更新/手机相关/三星.jpg,1,1.0,visual_0825_source_crosschecked
20260825-6c5d8df163be98f08d2b-01,2026-08-25,手机,device,三星,其他系列,P709,,P709,开机屏好,10,CNY/台,,image,三星.jpg,数码网报价单-0825更新/手机相关/三星.jpg,1,1.0,visual_0825_source_crosschecked
20260825-49472e354de8e138dd71-01,2026-08-25,手机,device,三星,其他系列,P709,,P709,开机屏好小老化,10,CNY/台,,image,三星.jpg,数码网报价单-0825更新/手机相关/三星.jpg,1,1.0,visual_0825_source_crosschecked
20260825-7a443864e441b9c7245c-01,2026-08-25,手机,device,三星,其他系列,P709,,P709,开机屏好大老化,10,CNY/台,,image,三星.jpg,数码网报价单-0825更新/手机相关/三星.jpg,1,1.0,visual_0825_source_crosschecked
20260825-efc7faf7fdd21f32dbd0-01,2026-08-25,手机,device,三星,其他系列,P709,,P709,开机屏坏,10,CNY/台,,image,三星.jpg,数码网报价单-0825更新/手机相关/三星.jpg,1,1.0,visual_0825_source_crosschecked
20260825-1896be685ded55d84f3c-01,2026-08-25,手机,device,三星,其他系列,P709,,P709,不开机屏好,10,CNY/台,,image,三星.jpg,数码网报价单-0825更新/手机相关/三星.jpg,1,1.0,visual_0825_source_crosschecked
20260825-99306e2c94b03ae56a85-01,2026-08-25,手机,device,三星,其他系列,P709,,P709,不开机,10,CNY/台,,image,三星.jpg,数码网报价单-0825更新/手机相关/三星.jpg,1,1.0,visual_0825_source_crosschecked
20260825-cda244b2578d0de5d89e-01,2026-08-25,手机,device,三星,其他系列,P709,,P709,废板-整机,10,CNY/台,,image,三星.jpg,数码网报价单-0825更新/手机相关/三星.jpg,1,1.0,visual_0825_source_crosschecked
20260825-d4cdd97465ac2825cdc7-01,2026-08-25,手机,device,三星,其他系列,7系列3系,,7系列3系,开机屏好,17,CNY/台,,image,三星.jpg,数码网报价单-0825更新/手机相关/三星.jpg,1,1.0,visual_0825_source_crosschecked
20260825-a6123dbf748e2a6683c2-01,2026-08-25,手机,device,三星,其他系列,7系列3系,,7系列3系,开机屏好小老化,17,CNY/台,,image,三星.jpg,数码网报价单-0825更新/手机相关/三星.jpg,1,1.0,visual_0825_source_crosschecked
20260825-b50c276a27ba162f2660-01,2026-08-25,手机,device,三星,其他系列,7系列3系,,7系列3系,开机屏好大老化,17,CNY/台,,image,三星.jpg,数码网报价单-0825更新/手机相关/三星.jpg,1,1.0,visual_0825_source_crosschecked
20260825-6b6d5af9926c16d7344a-01,2026-08-25,手机,device,三星,其他系列,7系列3系,,7系列3系,开机屏坏,17,CNY/台,,image,三星.jpg,数码网报价单-0825更新/手机相关/三星.jpg,1,1.0,visual_0825_source_crosschecked
20260825-97119e973fc543fc9e16-01,2026-08-25,手机,device,三星,其他系列,7系列3系,,7系列3系,不开机屏好,17,CNY/台,,image,三星.jpg,数码网报价单-0825更新/手机相关/三星.jpg,1,1.0,visual_0825_source_crosschecked
20260825-57c55161592e56157631-01,2026-08-25,手机,device,三星,其他系列,7系列3系,,7系列3系,不开机,17,CNY/台,,image,三星.jpg,数码网报价单-0825更新/手机相关/三星.jpg,1,1.0,visual_0825_source_crosschecked
20260825-ba5d9679be8fc1d484e4-01,2026-08-25,手机,device,三星,其他系列,7系列3系,,7系列3系,废板-整机,17,CNY/台,,image,三星.jpg,数码网报价单-0825更新/手机相关/三星.jpg,1,1.0,visual_0825_source_crosschecked
20260825-f1bf5fed5c0d31c670e7-01,2026-08-25,手机,device,三星,其他系列,E7000,,E7000,开机屏好,10,CNY/台,,image,三星.jpg,数码网报价单-0825更新/手机相关/三星.jpg,1,1.0,visual_0825_source_crosschecked
20260825-417dd3e15c61aae32024-01,2026-08-25,手机,device,三星,其他系列,E7000,,E7000,开机屏好小老化,10,CNY/台,,image,三星.jpg,数码网报价单-0825更新/手机相关/三星.jpg,1,1.0,visual_0825_source_crosschecked
20260825-8a427cef6ffdd47f3ccc-01,2026-08-25,手机,device,三星,其他系列,E7000,,E7000,开机屏好大老化,10,CNY/台,,image,三星.jpg,数码网报价单-0825更新/手机相关/三星.jpg,1,1.0,visual_0825_source_crosschecked
20260825-593ef68b1801db3c5b93-01,2026-08-25,手机,device,三星,其他系列,E7000,,E7000,开机屏坏,10,CNY/台,,image,三星.jpg,数码网报价单-0825更新/手机相关/三星.jpg,1,1.0,visual_0825_source_crosschecked
20260825-5ff98170bd6cd987c7f1-01,2026-08-25,手机,device,三星,其他系列,E7000,,E7000,不开机屏好,10,CNY/台,,image,三星.jpg,数码网报价单-0825更新/手机相关/三星.jpg,1,1.0,visual_0825_source_crosschecked
20260825-19adb3f5d503eaa0746c-01,2026-08-25,手机,device,三星,其他系列,E7000,,E7000,不开机,10,CNY/台,,image,三星.jpg,数码网报价单-0825更新/手机相关/三星.jpg,1,1.0,visual_0825_source_crosschecked
20260825-10d01f2497bad0a2f2ef-01,2026-08-25,手机,device,三星,其他系列,E7000,,E7000,废板-整机,10,CNY/台,,image,三星.jpg,数码网报价单-0825更新/手机相关/三星.jpg,1,1.0,visual_0825_source_crosschecked
20260825-124abd0d6b17ee65fd52-01,2026-08-25,手机,device,三星,其他系列,9/E210/R530/S3,,9/E210/R530/S3,开机屏好,20,CNY/台,,image,三星.jpg,数码网报价单-0825更新/手机相关/三星.jpg,1,1.0,visual_0825_source_crosschecked
20260825-20ef86af7ed60120db07-01,2026-08-25,手机,device,三星,其他系列,9/E210/R530/S3,,9/E210/R530/S3,开机屏好小老化,20,CNY/台,,image,三星.jpg,数码网报价单-0825更新/手机相关/三星.jpg,1,1.0,visual_0825_source_crosschecked
20260825-c218f0fa2e0b2681fdb1-01,2026-08-25,手机,device,三星,其他系列,9/E210/R530/S3,,9/E210/R530/S3,开机屏好大老化,20,CNY/台,,image,三星.jpg,数码网报价单-0825更新/手机相关/三星.jpg,1,1.0,visual_0825_source_crosschecked
20260825-4e99429589a897c4d08e-01,2026-08-25,手机,device,三星,其他系列,9/E210/R530/S3,,9/E210/R530/S3,开机屏坏,20,CNY/台,,image,三星.jpg,数码网报价单-0825更新/手机相关/三星.jpg,1,1.0,visual_0825_source_crosschecked
20260825-ec77f347364b5959dece-01,2026-08-25,手机,device,三星,其他系列,9/E210/R530/S3,,9/E210/R530/S3,不开机屏好,20,CNY/台,,image,三星.jpg,数码网报价单-0825更新/手机相关/三星.jpg,1,1.0,visual_0825_source_crosschecked
20260825-e55ce04f98ca53e204aa-01,2026-08-25,手机,device,三星,其他系列,9/E210/R530/S3,,9/E210/R530/S3,不开机,20,CNY/台,,image,三星.jpg,数码网报价单-0825更新/手机相关/三星.jpg,1,1.0,visual_0825_source_crosschecked
20260825-9c52b51e3d4e21d4afc7-01,2026-08-25,手机,device,三星,其他系列,9/E210/R530/S3,,9/E210/R530/S3,废板-整机,20,CNY/台,,image,三星.jpg,数码网报价单-0825更新/手机相关/三星.jpg,1,1.0,visual_0825_source_crosschecked
20260825-7435c74a70f88afdb45e-01,2026-08-25,手机,device,三星,其他系列,sc-02,,sc-02,开机屏好,17,CNY/台,,image,三星.jpg,数码网报价单-0825更新/手机相关/三星.jpg,1,1.0,visual_0825_source_crosschecked
20260825-031fa38d317135967e35-01,2026-08-25,手机,device,三星,其他系列,sc-02,,sc-02,开机屏好小老化,17,CNY/台,,image,三星.jpg,数码网报价单-0825更新/手机相关/三星.jpg,1,1.0,visual_0825_source_crosschecked
20260825-dc8f3a61b0653e5ee18d-01,2026-08-25,手机,device,三星,其他系列,sc-02,,sc-02,开机屏好大老化,17,CNY/台,,image,三星.jpg,数码网报价单-0825更新/手机相关/三星.jpg,1,1.0,visual_0825_source_crosschecked
20260825-329eeb07420fe7923e75-01,2026-08-25,手机,device,三星,其他系列,sc-02,,sc-02,开机屏坏,17,CNY/台,,image,三星.jpg,数码网报价单-0825更新/手机相关/三星.jpg,1,1.0,visual_0825_source_crosschecked
20260825-032f6dfe453c45678775-01,2026-08-25,手机,device,三星,其他系列,sc-02,,sc-02,不开机屏好,17,CNY/台,,image,三星.jpg,数码网报价单-0825更新/手机相关/三星.jpg,1,1.0,visual_0825_source_crosschecked
20260825-0ec3c6427883741cb3e1-01,2026-08-25,手机,device,三星,其他系列,sc-02,,sc-02,不开机,17,CNY/台,,image,三星.jpg,数码网报价单-0825更新/手机相关/三星.jpg,1,1.0,visual_0825_source_crosschecked
20260825-d116990b5765550862e9-01,2026-08-25,手机,device,三星,其他系列,sc-02,,sc-02,废板-整机,17,CNY/台,,image,三星.jpg,数码网报价单-0825更新/手机相关/三星.jpg,1,1.0,visual_0825_source_crosschecked
20260825-c2ec960de88c0f52c776-01,2026-08-25,手机,device,华为,华为Mate系列,MATE XT,/,MATE XT,开机靓好,9000,CNY/台,/,image,华为2.jpg,数码网报价单-0825更新/手机相关/华为2.jpg,1,1.0,visual_0825_source_crosschecked
20260825-deef93edc4f8268009f1-01,2026-08-25,手机,device,华为,华为Mate系列,MATE XT,/,MATE XT,开机好碎,7000,CNY/台,/,image,华为2.jpg,数码网报价单-0825更新/手机相关/华为2.jpg,1,1.0,visual_0825_source_crosschecked
20260825-e961eca570e12dae4305-01,2026-08-25,手机,device,华为,华为Mate系列,MATE XT,/,MATE XT,开机碎屏,4000,CNY/台,/,image,华为2.jpg,数码网报价单-0825更新/手机相关/华为2.jpg,1,1.0,visual_0825_source_crosschecked
20260825-6d9982cbb90a5e80ac33-01,2026-08-25,手机,device,华为,华为Mate系列,MATE XT,/,MATE XT,开机坏配件,3000,CNY/台,/,image,华为2.jpg,数码网报价单-0825更新/手机相关/华为2.jpg,1,1.0,visual_0825_source_crosschecked
20260825-ad57d622b81db997303e-01,2026-08-25,手机,device,华为,华为Mate系列,MATE XT,/,MATE XT,不开机,260,CNY/台,/,image,华为2.jpg,数码网报价单-0825更新/手机相关/华为2.jpg,1,1.0,visual_0825_source_crosschecked
20260825-f32249c011aede1115c5-01,2026-08-25,手机,device,华为,华为Mate系列,MATE XT,/,MATE XT,废板·整机,150,CNY/台,/,image,华为2.jpg,数码网报价单-0825更新/手机相关/华为2.jpg,1,1.0,visual_0825_source_crosschecked
20260825-9d024e782bf9e20afaf4-01,2026-08-25,手机,device,华为,华为Mate系列,MATE XT,/,MATE XT,统货,/,CNY/台,/,image,华为2.jpg,数码网报价单-0825更新/手机相关/华为2.jpg,1,1.0,visual_0825_source_crosschecked
20260825-18fd06ac4b41db9fafa9-01,2026-08-25,手机,device,华为,华为Mate系列,MATE X5,ALT-AL10,MATE X5,开机靓好,3800,CNY/台,/,image,华为2.jpg,数码网报价单-0825更新/手机相关/华为2.jpg,1,1.0,visual_0825_source_crosschecked
20260825-e3fc4b2252261b183833-01,2026-08-25,手机,device,华为,华为Mate系列,MATE X5,ALT-AL10,MATE X5,开机好碎,3000,CNY/台,/,image,华为2.jpg,数码网报价单-0825更新/手机相关/华为2.jpg,1,1.0,visual_0825_source_crosschecked
20260825-ca0dd0373b17cbd1f7e6-01,2026-08-25,手机,device,华为,华为Mate系列,MATE X5,ALT-AL10,MATE X5,开机碎屏,1400,CNY/台,/,image,华为2.jpg,数码网报价单-0825更新/手机相关/华为2.jpg,1,1.0,visual_0825_source_crosschecked
20260825-b9fc6c06fdf1fe05558e-01,2026-08-25,手机,device,华为,华为Mate系列,MATE X5,ALT-AL10,MATE X5,开机坏配件,1200,CNY/台,/,image,华为2.jpg,数码网报价单-0825更新/手机相关/华为2.jpg,1,1.0,visual_0825_source_crosschecked
20260825-65dac6b1844966b559e3-01,2026-08-25,手机,device,华为,华为Mate系列,MATE X5,ALT-AL10,MATE X5,不开机,230,CNY/台,/,image,华为2.jpg,数码网报价单-0825更新/手机相关/华为2.jpg,1,1.0,visual_0825_source_crosschecked
20260825-dc4343f29b528cf09c0d-01,2026-08-25,手机,device,华为,华为Mate系列,MATE X5,ALT-AL10,MATE X5,废板·整机,130,CNY/台,/,image,华为2.jpg,数码网报价单-0825更新/手机相关/华为2.jpg,1,1.0,visual_0825_source_crosschecked
20260825-2d831cbef450684aaaed-01,2026-08-25,手机,device,华为,华为Mate系列,MATE X5,ALT-AL10,MATE X5,统货,/,CNY/台,/,image,华为2.jpg,数码网报价单-0825更新/手机相关/华为2.jpg,1,1.0,visual_0825_source_crosschecked
20260825-c29f5f8edea7bcae0349-01,2026-08-25,手机,device,华为,华为Mate系列,MATE X3,ALT-AN00,MATE X3,开机靓好,1400,CNY/台,/,image,华为2.jpg,数码网报价单-0825更新/手机相关/华为2.jpg,1,1.0,visual_0825_source_crosschecked
20260825-d2384f070f9188b5c691-01,2026-08-25,手机,device,华为,华为Mate系列,MATE X3,ALT-AN00,MATE X3,开机好碎,1100,CNY/台,/,image,华为2.jpg,数码网报价单-0825更新/手机相关/华为2.jpg,1,1.0,visual_0825_source_crosschecked
20260825-bcd3f2c84dd10bcb34ce-01,2026-08-25,手机,device,华为,华为Mate系列,MATE X3,ALT-AN00,MATE X3,开机碎屏,300,CNY/台,/,image,华为2.jpg,数码网报价单-0825更新/手机相关/华为2.jpg,1,1.0,visual_0825_source_crosschecked
20260825-04b48271f33911fa8b71-01,2026-08-25,手机,device,华为,华为Mate系列,MATE X3,ALT-AN00,MATE X3,开机坏配件,200,CNY/台,/,image,华为2.jpg,数码网报价单-0825更新/手机相关/华为2.jpg,1,1.0,visual_0825_source_crosschecked
20260825-6baf859fe18802d8c8f7-01,2026-08-25,手机,device,华为,华为Mate系列,MATE X3,ALT-AN00,MATE X3,不开机,130,CNY/台,/,image,华为2.jpg,数码网报价单-0825更新/手机相关/华为2.jpg,1,1.0,visual_0825_source_crosschecked
20260825-4bca46b903856f34d2c7-01,2026-08-25,手机,device,华为,华为Mate系列,MATE X3,ALT-AN00,MATE X3,废板·整机,130,CNY/台,/,image,华为2.jpg,数码网报价单-0825更新/手机相关/华为2.jpg,1,1.0,visual_0825_source_crosschecked
20260825-8386a61e4c44189779ac-01,2026-08-25,手机,device,华为,华为Mate系列,MATE X3,ALT-AN00,MATE X3,统货,/,CNY/台,/,image,华为2.jpg,数码网报价单-0825更新/手机相关/华为2.jpg,1,1.0,visual_0825_source_crosschecked
20260825-92f741b5c54a16cfd168-01,2026-08-25,手机,device,华为,华为Mate系列,MateXs2典藏,TET-AN00,MateXs2典藏,开机靓好,1400,CNY/台,/,image,华为2.jpg,数码网报价单-0825更新/手机相关/华为2.jpg,1,1.0,visual_0825_source_crosschecked
20260825-a326fcabf8c5fad45548-01,2026-08-25,手机,device,华为,华为Mate系列,MateXs2典藏,TET-AN00,MateXs2典藏,开机好碎,850,CNY/台,/,image,华为2.jpg,数码网报价单-0825更新/手机相关/华为2.jpg,1,1.0,visual_0825_source_crosschecked
20260825-6a96acf7874337f4886b-01,2026-08-25,手机,device,华为,华为Mate系列,MateXs2典藏,TET-AN00,MateXs2典藏,开机碎屏,450,CNY/台,/,image,华为2.jpg,数码网报价单-0825更新/手机相关/华为2.jpg,1,1.0,visual_0825_source_crosschecked
20260825-7639e95933d32caf28a6-01,2026-08-25,手机,device,华为,华为Mate系列,MateXs2典藏,TET-AN00,MateXs2典藏,开机坏配件,150,CNY/台,/,image,华为2.jpg,数码网报价单-0825更新/手机相关/华为2.jpg,1,1.0,visual_0825_source_crosschecked
20260825-03965efdc11a45bb2a41-01,2026-08-25,手机,device,华为,华为Mate系列,MateXs2典藏,TET-AN00,MateXs2典藏,不开机,150,CNY/台,/,image,华为2.jpg,数码网报价单-0825更新/手机相关/华为2.jpg,1,1.0,visual_0825_source_crosschecked
20260825-dbaa9d141dc0a906e3c2-01,2026-08-25,手机,device,华为,华为Mate系列,MateXs2典藏,TET-AN00,MateXs2典藏,废板·整机,110,CNY/台,/,image,华为2.jpg,数码网报价单-0825更新/手机相关/华为2.jpg,1,1.0,visual_0825_source_crosschecked
20260825-5b077448bb3eb1ac5d77-01,2026-08-25,手机,device,华为,华为Mate系列,MateXs2典藏,TET-AN00,MateXs2典藏,统货,/,CNY/台,/,image,华为2.jpg,数码网报价单-0825更新/手机相关/华为2.jpg,1,1.0,visual_0825_source_crosschecked
20260825-ea3e6da74e3cf1acacf4-01,2026-08-25,手机,device,华为,华为Mate系列,Mate XS 2,TET-AN10,Mate XS 2,开机靓好,1400,CNY/台,/,image,华为2.jpg,数码网报价单-0825更新/手机相关/华为2.jpg,1,1.0,visual_0825_source_crosschecked
20260825-e50b65dd0fde33cf1c04-01,2026-08-25,手机,device,华为,华为Mate系列,Mate XS 2,TET-AN10,Mate XS 2,开机好碎,800,CNY/台,/,image,华为2.jpg,数码网报价单-0825更新/手机相关/华为2.jpg,1,1.0,visual_0825_source_crosschecked
20260825-12763a511988d60e0220-01,2026-08-25,手机,device,华为,华为Mate系列,Mate XS 2,TET-AN10,Mate XS 2,开机碎屏,400,CNY/台,/,image,华为2.jpg,数码网报价单-0825更新/手机相关/华为2.jpg,1,1.0,visual_0825_source_crosschecked
20260825-8cdac992e938d4e022f7-01,2026-08-25,手机,device,华为,华为Mate系列,Mate XS 2,TET-AN10,Mate XS 2,开机坏配件,110,CNY/台,/,image,华为2.jpg,数码网报价单-0825更新/手机相关/华为2.jpg,1,1.0,visual_0825_source_crosschecked
20260825-e6c754573c304efdd9c8-01,2026-08-25,手机,device,华为,华为Mate系列,Mate XS 2,TET-AN10,Mate XS 2,不开机,110,CNY/台,/,image,华为2.jpg,数码网报价单-0825更新/手机相关/华为2.jpg,1,1.0,visual_0825_source_crosschecked
20260825-af5b00e2db8b531b284b-01,2026-08-25,手机,device,华为,华为Mate系列,Mate XS 2,TET-AN10,Mate XS 2,废板·整机,110,CNY/台,/,image,华为2.jpg,数码网报价单-0825更新/手机相关/华为2.jpg,1,1.0,visual_0825_source_crosschecked
20260825-ff32e6d2d341c9de2c6d-01,2026-08-25,手机,device,华为,华为Mate系列,Mate XS 2,TET-AN10,Mate XS 2,统货,/,CNY/台,/,image,华为2.jpg,数码网报价单-0825更新/手机相关/华为2.jpg,1,1.0,visual_0825_source_crosschecked
20260825-b863af4f5680128a9c3c-01,2026-08-25,手机,device,华为,华为Mate系列,MATE XS 2,PAL-AL00,MATE XS 2,开机靓好,500,CNY/台,/,image,华为2.jpg,数码网报价单-0825更新/手机相关/华为2.jpg,1,1.0,visual_0825_source_crosschecked
20260825-11e2fe9aeba062ae6fd0-01,2026-08-25,手机,device,华为,华为Mate系列,MATE XS 2,PAL-AL00,MATE XS 2,开机好碎,500,CNY/台,/,image,华为2.jpg,数码网报价单-0825更新/手机相关/华为2.jpg,1,1.0,visual_0825_source_crosschecked
20260825-def9fa498b4b2deb816c-01,2026-08-25,手机,device,华为,华为Mate系列,MATE XS 2,PAL-AL00,MATE XS 2,开机碎屏,160,CNY/台,/,image,华为2.jpg,数码网报价单-0825更新/手机相关/华为2.jpg,1,1.0,visual_0825_source_crosschecked
20260825-e4751bab9a9cce0d8eca-01,2026-08-25,手机,device,华为,华为Mate系列,MATE XS 2,PAL-AL00,MATE XS 2,开机坏配件,160,CNY/台,/,image,华为2.jpg,数码网报价单-0825更新/手机相关/华为2.jpg,1,1.0,visual_0825_source_crosschecked
20260825-79dd3485b605c6af2285-01,2026-08-25,手机,device,华为,华为Mate系列,MATE XS 2,PAL-AL00,MATE XS 2,不开机,160,CNY/台,/,image,华为2.jpg,数码网报价单-0825更新/手机相关/华为2.jpg,1,1.0,visual_0825_source_crosschecked
20260825-99bcf1ef514444affaba-01,2026-08-25,手机,device,华为,华为Mate系列,MATE XS 2,PAL-AL00,MATE XS 2,废板·整机,160,CNY/台,/,image,华为2.jpg,数码网报价单-0825更新/手机相关/华为2.jpg,1,1.0,visual_0825_source_crosschecked
20260825-c91f599fdfb42bba03a9-01,2026-08-25,手机,device,华为,华为Mate系列,MATE XS 2,PAL-AL00,MATE XS 2,统货,/,CNY/台,/,image,华为2.jpg,数码网报价单-0825更新/手机相关/华为2.jpg,1,1.0,visual_0825_source_crosschecked
20260825-01284269a1988a7dea8d-01,2026-08-25,手机,device,华为,华为Mate系列,MATE X 5G,TAH-AN00,MATE X 5G,开机靓好,500,CNY/台,/,image,华为2.jpg,数码网报价单-0825更新/手机相关/华为2.jpg,1,1.0,visual_0825_source_crosschecked
20260825-738130a4e450ac36d85a-01,2026-08-25,手机,device,华为,华为Mate系列,MATE X 5G,TAH-AN00,MATE X 5G,开机好碎,500,CNY/台,/,image,华为2.jpg,数码网报价单-0825更新/手机相关/华为2.jpg,1,1.0,visual_0825_source_crosschecked
20260825-a3c0cc50ee735ec6a785-01,2026-08-25,手机,device,华为,华为Mate系列,MATE X 5G,TAH-AN00,MATE X 5G,开机碎屏,120,CNY/台,/,image,华为2.jpg,数码网报价单-0825更新/手机相关/华为2.jpg,1,1.0,visual_0825_source_crosschecked
20260825-b99d2a281a2ac0607cbc-01,2026-08-25,手机,device,华为,华为Mate系列,MATE X 5G,TAH-AN00,MATE X 5G,开机坏配件,130,CNY/台,/,image,华为2.jpg,数码网报价单-0825更新/手机相关/华为2.jpg,1,1.0,visual_0825_source_crosschecked
20260825-d5324ad802ceca2cfff7-01,2026-08-25,手机,device,华为,华为Mate系列,MATE X 5G,TAH-AN00,MATE X 5G,不开机,130,CNY/台,/,image,华为2.jpg,数码网报价单-0825更新/手机相关/华为2.jpg,1,1.0,visual_0825_source_crosschecked
20260825-2d10b0229165235d4b7f-01,2026-08-25,手机,device,华为,华为Mate系列,MATE X 5G,TAH-AN00,MATE X 5G,废板·整机,110,CNY/台,/,image,华为2.jpg,数码网报价单-0825更新/手机相关/华为2.jpg,1,1.0,visual_0825_source_crosschecked
20260825-6185fcde959701e7b297-01,2026-08-25,手机,device,华为,华为Mate系列,MATE X 5G,TAH-AN00,MATE X 5G,统货,/,CNY/台,/,image,华为2.jpg,数码网报价单-0825更新/手机相关/华为2.jpg,1,1.0,visual_0825_source_crosschecked
20260825-289d4153b555c61fe964-01,2026-08-25,手机,device,华为,华为Mate系列,MATE X 5G,TAH-AN00m,MATE X 5G,开机靓好,400,CNY/台,/,image,华为2.jpg,数码网报价单-0825更新/手机相关/华为2.jpg,1,1.0,visual_0825_source_crosschecked
20260825-8a3b4134a7ebbcb8d4d0-01,2026-08-25,手机,device,华为,华为Mate系列,MATE X 5G,TAH-AN00m,MATE X 5G,开机好碎,400,CNY/台,/,image,华为2.jpg,数码网报价单-0825更新/手机相关/华为2.jpg,1,1.0,visual_0825_source_crosschecked
20260825-7c966cf752d009bb264f-01,2026-08-25,手机,device,华为,华为Mate系列,MATE X 5G,TAH-AN00m,MATE X 5G,开机碎屏,110,CNY/台,/,image,华为2.jpg,数码网报价单-0825更新/手机相关/华为2.jpg,1,1.0,visual_0825_source_crosschecked
20260825-58459fef043971802f02-01,2026-08-25,手机,device,华为,华为Mate系列,MATE X 5G,TAH-AN00m,MATE X 5G,开机坏配件,110,CNY/台,/,image,华为2.jpg,数码网报价单-0825更新/手机相关/华为2.jpg,1,1.0,visual_0825_source_crosschecked
20260825-311699c2c55217ae63d8-01,2026-08-25,手机,device,华为,华为Mate系列,MATE X 5G,TAH-AN00m,MATE X 5G,不开机,110,CNY/台,/,image,华为2.jpg,数码网报价单-0825更新/手机相关/华为2.jpg,1,1.0,visual_0825_source_crosschecked
20260825-b432439240e68a38f49f-01,2026-08-25,手机,device,华为,华为Mate系列,MATE X 5G,TAH-AN00m,MATE X 5G,废板·整机,110,CNY/台,/,image,华为2.jpg,数码网报价单-0825更新/手机相关/华为2.jpg,1,1.0,visual_0825_source_crosschecked
20260825-464ddc6ae1fd08c32da1-01,2026-08-25,手机,device,华为,华为Mate系列,MATE X 5G,TAH-AN00m,MATE X 5G,统货,/,CNY/台,/,image,华为2.jpg,数码网报价单-0825更新/手机相关/华为2.jpg,1,1.0,visual_0825_source_crosschecked
20260825-fccf1dcb0586665b06ae-01,2026-08-25,手机,device,华为,华为Mate系列,novafliip,PSD-AL00,novafliip,开机靓好,900,CNY/台,/,image,华为2.jpg,数码网报价单-0825更新/手机相关/华为2.jpg,1,1.0,visual_0825_source_crosschecked
20260825-a6537a1e819752105636-01,2026-08-25,手机,device,华为,华为Mate系列,novafliip,PSD-AL00,novafliip,开机好碎,800,CNY/台,/,image,华为2.jpg,数码网报价单-0825更新/手机相关/华为2.jpg,1,1.0,visual_0825_source_crosschecked
20260825-701f287b8f223e0ba637-01,2026-08-25,手机,device,华为,华为Mate系列,novafliip,PSD-AL00,novafliip,开机碎屏,260,CNY/台,/,image,华为2.jpg,数码网报价单-0825更新/手机相关/华为2.jpg,1,1.0,visual_0825_source_crosschecked
20260825-66aa62fbf14f11a66486-01,2026-08-25,手机,device,华为,华为Mate系列,novafliip,PSD-AL00,novafliip,开机坏配件,200,CNY/台,/,image,华为2.jpg,数码网报价单-0825更新/手机相关/华为2.jpg,1,1.0,visual_0825_source_crosschecked
20260825-56c21bcdbb994ce55686-01,2026-08-25,手机,device,华为,华为Mate系列,novafliip,PSD-AL00,novafliip,不开机,90,CNY/台,/,image,华为2.jpg,数码网报价单-0825更新/手机相关/华为2.jpg,1,1.0,visual_0825_source_crosschecked
20260825-21cb7822d9b576918861-01,2026-08-25,手机,device,华为,华为Mate系列,novafliip,PSD-AL00,novafliip,废板·整机,90,CNY/台,/,image,华为2.jpg,数码网报价单-0825更新/手机相关/华为2.jpg,1,1.0,visual_0825_source_crosschecked
20260825-e20ada2278d88bc5128a-01,2026-08-25,手机,device,华为,华为Mate系列,novafliip,PSD-AL00,novafliip,统货,/,CNY/台,/,image,华为2.jpg,数码网报价单-0825更新/手机相关/华为2.jpg,1,1.0,visual_0825_source_crosschecked
20260825-0bcbeb5ddc25fb1bb2b1-01,2026-08-25,手机,device,华为,华为Mate系列,荣耀Magic V3,FCP-AN10,荣耀Magic V3,开机靓好,1800,CNY/台,/,image,华为2.jpg,数码网报价单-0825更新/手机相关/华为2.jpg,1,1.0,visual_0825_source_crosschecked
20260825-ca66c194fa1c5c457947-01,2026-08-25,手机,device,华为,华为Mate系列,荣耀Magic V3,FCP-AN10,荣耀Magic V3,开机好碎,1500,CNY/台,/,image,华为2.jpg,数码网报价单-0825更新/手机相关/华为2.jpg,1,1.0,visual_0825_source_crosschecked
20260825-1180f3c5be75f9038932-01,2026-08-25,手机,device,华为,华为Mate系列,荣耀Magic V3,FCP-AN10,荣耀Magic V3,开机碎屏,183,CNY/台,/,image,华为2.jpg,数码网报价单-0825更新/手机相关/华为2.jpg,1,1.0,visual_0825_source_crosschecked
20260825-533b48e54d1e0f21d293-01,2026-08-25,手机,device,华为,华为Mate系列,荣耀Magic V3,FCP-AN10,荣耀Magic V3,开机坏配件,180,CNY/台,/,image,华为2.jpg,数码网报价单-0825更新/手机相关/华为2.jpg,1,1.0,visual_0825_source_crosschecked
20260825-cea81ce771d26f6650f6-01,2026-08-25,手机,device,华为,华为Mate系列,荣耀Magic V3,FCP-AN10,荣耀Magic V3,不开机,180,CNY/台,/,image,华为2.jpg,数码网报价单-0825更新/手机相关/华为2.jpg,1,1.0,visual_0825_source_crosschecked
20260825-a27992c63e3679f251ab-01,2026-08-25,手机,device,华为,华为Mate系列,荣耀Magic V3,FCP-AN10,荣耀Magic V3,废板·整机,180,CNY/台,/,image,华为2.jpg,数码网报价单-0825更新/手机相关/华为2.jpg,1,1.0,visual_0825_source_crosschecked
20260825-b7e6d48ad6ff4ab66973-01,2026-08-25,手机,device,华为,华为Mate系列,荣耀Magic V3,FCP-AN10,荣耀Magic V3,统货,/,CNY/台,/,image,华为2.jpg,数码网报价单-0825更新/手机相关/华为2.jpg,1,1.0,visual_0825_source_crosschecked
20260825-70ecb29902f0cb6d3944-01,2026-08-25,手机,device,华为,华为Mate系列,荣耀Magic vs2,VER-AN00,荣耀Magic vs2,开机靓好,1000,CNY/台,/,image,华为2.jpg,数码网报价单-0825更新/手机相关/华为2.jpg,1,1.0,visual_0825_source_crosschecked
20260825-f5d3d981c0b244bdddd5-01,2026-08-25,手机,device,华为,华为Mate系列,荣耀Magic vs2,VER-AN00,荣耀Magic vs2,开机好碎,800,CNY/台,/,image,华为2.jpg,数码网报价单-0825更新/手机相关/华为2.jpg,1,1.0,visual_0825_source_crosschecked
20260825-f91f51f4908541e1e90b-01,2026-08-25,手机,device,华为,华为Mate系列,荣耀Magic vs2,VER-AN00,荣耀Magic vs2,开机碎屏,180,CNY/台,/,image,华为2.jpg,数码网报价单-0825更新/手机相关/华为2.jpg,1,1.0,visual_0825_source_crosschecked
20260825-b5144f20841fcec5d281-01,2026-08-25,手机,device,华为,华为Mate系列,荣耀Magic vs2,VER-AN00,荣耀Magic vs2,开机坏配件,180,CNY/台,/,image,华为2.jpg,数码网报价单-0825更新/手机相关/华为2.jpg,1,1.0,visual_0825_source_crosschecked
20260825-18326bea3f5abd29ba68-01,2026-08-25,手机,device,华为,华为Mate系列,荣耀Magic vs2,VER-AN00,荣耀Magic vs2,不开机,180,CNY/台,/,image,华为2.jpg,数码网报价单-0825更新/手机相关/华为2.jpg,1,1.0,visual_0825_source_crosschecked
20260825-6295fadbc48ba8a1dca5-01,2026-08-25,手机,device,华为,华为Mate系列,荣耀Magic vs2,VER-AN00,荣耀Magic vs2,废板·整机,180,CNY/台,/,image,华为2.jpg,数码网报价单-0825更新/手机相关/华为2.jpg,1,1.0,visual_0825_source_crosschecked
20260825-e15afc32891c3209dc1d-01,2026-08-25,手机,device,华为,华为Mate系列,荣耀Magic vs2,VER-AN00,荣耀Magic vs2,统货,/,CNY/台,/,image,华为2.jpg,数码网报价单-0825更新/手机相关/华为2.jpg,1,1.0,visual_0825_source_crosschecked
20260825-c378f1ffadc7a4c6c238-01,2026-08-25,手机,device,华为,华为Mate系列,荣耀Magic V2,VER-AN10,荣耀Magic V2,开机靓好,1000,CNY/台,/,image,华为2.jpg,数码网报价单-0825更新/手机相关/华为2.jpg,1,1.0,visual_0825_source_crosschecked
20260825-712f65bf8d42257cec09-01,2026-08-25,手机,device,华为,华为Mate系列,荣耀Magic V2,VER-AN10,荣耀Magic V2,开机好碎,800,CNY/台,/,image,华为2.jpg,数码网报价单-0825更新/手机相关/华为2.jpg,1,1.0,visual_0825_source_crosschecked
20260825-bad91f585ac2709f23cf-01,2026-08-25,手机,device,华为,华为Mate系列,荣耀Magic V2,VER-AN10,荣耀Magic V2,开机碎屏,180,CNY/台,/,image,华为2.jpg,数码网报价单-0825更新/手机相关/华为2.jpg,1,1.0,visual_0825_source_crosschecked
20260825-d92363659c1796b42b7f-01,2026-08-25,手机,device,华为,华为Mate系列,荣耀Magic V2,VER-AN10,荣耀Magic V2,开机坏配件,180,CNY/台,/,image,华为2.jpg,数码网报价单-0825更新/手机相关/华为2.jpg,1,1.0,visual_0825_source_crosschecked
20260825-3c862057fbe2a60099e1-01,2026-08-25,手机,device,华为,华为Mate系列,荣耀Magic V2,VER-AN10,荣耀Magic V2,不开机,180,CNY/台,/,image,华为2.jpg,数码网报价单-0825更新/手机相关/华为2.jpg,1,1.0,visual_0825_source_crosschecked
20260825-c38bc82cbf242f5cc42e-01,2026-08-25,手机,device,华为,华为Mate系列,荣耀Magic V2,VER-AN10,荣耀Magic V2,废板·整机,180,CNY/台,/,image,华为2.jpg,数码网报价单-0825更新/手机相关/华为2.jpg,1,1.0,visual_0825_source_crosschecked
20260825-dc2cd1914c6fb1e64772-01,2026-08-25,手机,device,华为,华为Mate系列,荣耀Magic V2,VER-AN10,荣耀Magic V2,统货,/,CNY/台,/,image,华为2.jpg,数码网报价单-0825更新/手机相关/华为2.jpg,1,1.0,visual_0825_source_crosschecked
20260825-db5558c8dcac5f6efc43-01,2026-08-25,手机,device,华为,华为折叠系列,荣耀magicV2至臻,VER-AN00,荣耀magicV2至臻,开机靓好,1000,CNY/台,/,image,华为2.jpg,数码网报价单-0825更新/手机相关/华为2.jpg,1,1.0,visual_0825_source_crosschecked
20260825-d03912f427fee5608d71-01,2026-08-25,手机,device,华为,华为折叠系列,荣耀magicV2至臻,VER-AN00,荣耀magicV2至臻,开机好碎,800,CNY/台,/,image,华为2.jpg,数码网报价单-0825更新/手机相关/华为2.jpg,1,1.0,visual_0825_source_crosschecked
20260825-fd11097a6800a5c17fa0-01,2026-08-25,手机,device,华为,华为折叠系列,荣耀magicV2至臻,VER-AN00,荣耀magicV2至臻,开机碎屏,180,CNY/台,/,image,华为2.jpg,数码网报价单-0825更新/手机相关/华为2.jpg,1,1.0,visual_0825_source_crosschecked
20260825-2dc76e6c9f574bf5f724-01,2026-08-25,手机,device,华为,华为折叠系列,荣耀magicV2至臻,VER-AN00,荣耀magicV2至臻,开机坏配件,180,CNY/台,/,image,华为2.jpg,数码网报价单-0825更新/手机相关/华为2.jpg,1,1.0,visual_0825_source_crosschecked
20260825-aae7cd6412631fa71843-01,2026-08-25,手机,device,华为,华为折叠系列,荣耀magicV2至臻,VER-AN00,荣耀magicV2至臻,不开机,180,CNY/台,/,image,华为2.jpg,数码网报价单-0825更新/手机相关/华为2.jpg,1,1.0,visual_0825_source_crosschecked
20260825-f63e7dc40c4c0bfd6375-01,2026-08-25,手机,device,华为,华为折叠系列,荣耀magicV2至臻,VER-AN00,荣耀magicV2至臻,废板·整机,180,CNY/台,/,image,华为2.jpg,数码网报价单-0825更新/手机相关/华为2.jpg,1,1.0,visual_0825_source_crosschecked
20260825-e77bd09b7f5c19cb2dcd-01,2026-08-25,手机,device,华为,华为折叠系列,荣耀magicV2至臻,VER-AN00,荣耀magicV2至臻,统货,/,CNY/台,/,image,华为2.jpg,数码网报价单-0825更新/手机相关/华为2.jpg,1,1.0,visual_0825_source_crosschecked
20260825-bc0393978b899877397d-01,2026-08-25,手机,device,华为,华为折叠系列,荣耀MagicV至臻,TFY-AN00,荣耀MagicV至臻,开机靓好,700,CNY/台,/,image,华为2.jpg,数码网报价单-0825更新/手机相关/华为2.jpg,1,1.0,visual_0825_source_crosschecked
20260825-2e3ec7fda253fde87580-01,2026-08-25,手机,device,华为,华为折叠系列,荣耀MagicV至臻,TFY-AN00,荣耀MagicV至臻,开机好碎,7,CNY/台,/,image,华为2.jpg,数码网报价单-0825更新/手机相关/华为2.jpg,1,1.0,visual_0825_source_crosschecked
20260825-800cf1313d5f5ebefaa6-01,2026-08-25,手机,device,华为,华为折叠系列,荣耀MagicV至臻,TFY-AN00,荣耀MagicV至臻,开机碎屏,180,CNY/台,/,image,华为2.jpg,数码网报价单-0825更新/手机相关/华为2.jpg,1,1.0,visual_0825_source_crosschecked
20260825-150cf12197475bfb0f6f-01,2026-08-25,手机,device,华为,华为折叠系列,荣耀MagicV至臻,TFY-AN00,荣耀MagicV至臻,开机坏配件,180,CNY/台,/,image,华为2.jpg,数码网报价单-0825更新/手机相关/华为2.jpg,1,1.0,visual_0825_source_crosschecked
20260825-edcd4b3bec7204dcfe9a-01,2026-08-25,手机,device,华为,华为折叠系列,荣耀MagicV至臻,TFY-AN00,荣耀MagicV至臻,不开机,190,CNY/台,/,image,华为2.jpg,数码网报价单-0825更新/手机相关/华为2.jpg,1,1.0,visual_0825_source_crosschecked
20260825-4ab8877f778e82b95735-01,2026-08-25,手机,device,华为,华为折叠系列,荣耀MagicV至臻,TFY-AN00,荣耀MagicV至臻,废板·整机,600,CNY/台,/,image,华为2.jpg,数码网报价单-0825更新/手机相关/华为2.jpg,1,1.0,visual_0825_source_crosschecked
20260825-32e9e021169409040d43-01,2026-08-25,手机,device,华为,华为折叠系列,荣耀MagicV至臻,TFY-AN00,荣耀MagicV至臻,统货,190,CNY/台,/,image,华为2.jpg,数码网报价单-0825更新/手机相关/华为2.jpg,1,1.0,visual_0825_source_crosschecked
20260825-f0f131a63be459ec8db0-01,2026-08-25,手机,device,华为,华为折叠系列,荣耀Magic Vs3,FCP-AN20,荣耀Magic Vs3,开机靓好,700,CNY/台,/,image,华为2.jpg,数码网报价单-0825更新/手机相关/华为2.jpg,1,1.0,visual_0825_source_crosschecked
20260825-1f699a16a7a52cbf228b-01,2026-08-25,手机,device,华为,华为折叠系列,荣耀Magic Vs3,FCP-AN20,荣耀Magic Vs3,开机好碎,600,CNY/台,/,image,华为2.jpg,数码网报价单-0825更新/手机相关/华为2.jpg,1,1.0,visual_0825_source_crosschecked
20260825-e8c7b0f13ba509415f91-01,2026-08-25,手机,device,华为,华为折叠系列,荣耀Magic Vs3,FCP-AN20,荣耀Magic Vs3,开机碎屏,180,CNY/台,/,image,华为2.jpg,数码网报价单-0825更新/手机相关/华为2.jpg,1,1.0,visual_0825_source_crosschecked
20260825-080dd1940812b5f8c597-01,2026-08-25,手机,device,华为,华为折叠系列,荣耀Magic Vs3,FCP-AN20,荣耀Magic Vs3,开机坏配件,180,CNY/台,/,image,华为2.jpg,数码网报价单-0825更新/手机相关/华为2.jpg,1,1.0,visual_0825_source_crosschecked
20260825-2a9ec3730761490969e3-01,2026-08-25,手机,device,华为,华为折叠系列,荣耀Magic Vs3,FCP-AN20,荣耀Magic Vs3,不开机,190,CNY/台,/,image,华为2.jpg,数码网报价单-0825更新/手机相关/华为2.jpg,1,1.0,visual_0825_source_crosschecked
20260825-d2add6e91abc0eef9e4e-01,2026-08-25,手机,device,华为,华为折叠系列,荣耀Magic Vs3,FCP-AN20,荣耀Magic Vs3,废板·整机,500,CNY/台,/,image,华为2.jpg,数码网报价单-0825更新/手机相关/华为2.jpg,1,1.0,visual_0825_source_crosschecked
20260825-1fc13f1d3246aade2cba-01,2026-08-25,手机,device,华为,华为折叠系列,荣耀Magic Vs3,FCP-AN20,荣耀Magic Vs3,统货,280,CNY/台,/,image,华为2.jpg,数码网报价单-0825更新/手机相关/华为2.jpg,1,1.0,visual_0825_source_crosschecked
20260825-7927650ff765dc1f137b-01,2026-08-25,手机,device,华为,华为折叠系列,荣耀Magic Vs,FRI-AN00,荣耀Magic Vs,开机靓好,450,CNY/台,300,image,华为2.jpg,数码网报价单-0825更新/手机相关/华为2.jpg,1,1.0,visual_0825_source_crosschecked
20260825-d9b8c7c08c071a6a108b-01,2026-08-25,手机,device,华为,华为折叠系列,荣耀Magic Vs,FRI-AN00,荣耀Magic Vs,开机好碎,350,CNY/台,300,image,华为2.jpg,数码网报价单-0825更新/手机相关/华为2.jpg,1,1.0,visual_0825_source_crosschecked
20260825-11056d147bc226bd9076-01,2026-08-25,手机,device,华为,华为折叠系列,荣耀Magic Vs,FRI-AN00,荣耀Magic Vs,开机碎屏,180,CNY/台,300,image,华为2.jpg,数码网报价单-0825更新/手机相关/华为2.jpg,1,1.0,visual_0825_source_crosschecked
20260825-7adff741930905739570-01,2026-08-25,手机,device,华为,华为折叠系列,荣耀Magic Vs,FRI-AN00,荣耀Magic Vs,开机坏配件,180,CNY/台,300,image,华为2.jpg,数码网报价单-0825更新/手机相关/华为2.jpg,1,1.0,visual_0825_source_crosschecked
20260825-e70ebec5585e2f5bce76-01,2026-08-25,手机,device,华为,华为折叠系列,荣耀Magic Vs,FRI-AN00,荣耀Magic Vs,不开机,180,CNY/台,300,image,华为2.jpg,数码网报价单-0825更新/手机相关/华为2.jpg,1,1.0,visual_0825_source_crosschecked
20260825-fe18cf9366ec47c8df13-01,2026-08-25,手机,device,华为,华为折叠系列,荣耀Magic Vs,FRI-AN00,荣耀Magic Vs,废板·整机,180,CNY/台,300,image,华为2.jpg,数码网报价单-0825更新/手机相关/华为2.jpg,1,1.0,visual_0825_source_crosschecked
20260825-83918081b864f7dcba2c-01,2026-08-25,手机,device,华为,华为折叠系列,荣耀Magic Vs,FRI-AN00,荣耀Magic Vs,统货,400,CNY/台,300,image,华为2.jpg,数码网报价单-0825更新/手机相关/华为2.jpg,1,1.0,visual_0825_source_crosschecked
20260825-cec08f98422c0ab66d64-01,2026-08-25,手机,device,华为,华为折叠系列,荣耀Magic V,MRO-AN00,荣耀Magic V,开机靓好,300,CNY/台,/,image,华为2.jpg,数码网报价单-0825更新/手机相关/华为2.jpg,1,1.0,visual_0825_source_crosschecked
20260825-02489781715e417d17ae-01,2026-08-25,手机,device,华为,华为折叠系列,荣耀Magic V,MRO-AN00,荣耀Magic V,开机好碎,250,CNY/台,/,image,华为2.jpg,数码网报价单-0825更新/手机相关/华为2.jpg,1,1.0,visual_0825_source_crosschecked
20260825-6b07810ca1f27946efd4-01,2026-08-25,手机,device,华为,华为折叠系列,荣耀Magic V,MRO-AN00,荣耀Magic V,开机碎屏,180,CNY/台,/,image,华为2.jpg,数码网报价单-0825更新/手机相关/华为2.jpg,1,1.0,visual_0825_source_crosschecked
20260825-55cbfff8e544008e311b-01,2026-08-25,手机,device,华为,华为折叠系列,荣耀Magic V,MRO-AN00,荣耀Magic V,开机坏配件,180,CNY/台,/,image,华为2.jpg,数码网报价单-0825更新/手机相关/华为2.jpg,1,1.0,visual_0825_source_crosschecked
20260825-ae1313de74dc6acd7c53-01,2026-08-25,手机,device,华为,华为折叠系列,荣耀Magic V,MRO-AN00,荣耀Magic V,不开机,180,CNY/台,/,image,华为2.jpg,数码网报价单-0825更新/手机相关/华为2.jpg,1,1.0,visual_0825_source_crosschecked
20260825-5e59ea33534a0806ccd0-01,2026-08-25,手机,device,华为,华为折叠系列,荣耀Magic V,MRO-AN00,荣耀Magic V,废板·整机,180,CNY/台,/,image,华为2.jpg,数码网报价单-0825更新/手机相关/华为2.jpg,1,1.0,visual_0825_source_crosschecked
20260825-e0d5ceeb026cd1e86646-01,2026-08-25,手机,device,华为,华为折叠系列,荣耀Magic V,MRO-AN00,荣耀Magic V,统货,/,CNY/台,/,image,华为2.jpg,数码网报价单-0825更新/手机相关/华为2.jpg,1,1.0,visual_0825_source_crosschecked
20260825-893dcf3cb8fd48b5297c-01,2026-08-25,手机,device,华为,华为折叠系列,pocket2,LEM-AL00,pocket2,开机靓好,700,CNY/台,/,image,华为2.jpg,数码网报价单-0825更新/手机相关/华为2.jpg,1,1.0,visual_0825_source_crosschecked
20260825-ad647ffad819ee0770ec-01,2026-08-25,手机,device,华为,华为折叠系列,pocket2,LEM-AL00,pocket2,开机好碎,600,CNY/台,/,image,华为2.jpg,数码网报价单-0825更新/手机相关/华为2.jpg,1,1.0,visual_0825_source_crosschecked
20260825-aeb7eaa6436a7837828c-01,2026-08-25,手机,device,华为,华为折叠系列,pocket2,LEM-AL00,pocket2,开机碎屏,260,CNY/台,/,image,华为2.jpg,数码网报价单-0825更新/手机相关/华为2.jpg,1,1.0,visual_0825_source_crosschecked
20260825-f288f7c62adca8a76dc2-01,2026-08-25,手机,device,华为,华为折叠系列,pocket2,LEM-AL00,pocket2,开机坏配件,200,CNY/台,/,image,华为2.jpg,数码网报价单-0825更新/手机相关/华为2.jpg,1,1.0,visual_0825_source_crosschecked
20260825-c6748106ff26e6365b99-01,2026-08-25,手机,device,华为,华为折叠系列,pocket2,LEM-AL00,pocket2,不开机,140,CNY/台,/,image,华为2.jpg,数码网报价单-0825更新/手机相关/华为2.jpg,1,1.0,visual_0825_source_crosschecked
20260825-4fda0c0b75021cf8d255-01,2026-08-25,手机,device,华为,华为折叠系列,pocket2,LEM-AL00,pocket2,废板·整机,140,CNY/台,/,image,华为2.jpg,数码网报价单-0825更新/手机相关/华为2.jpg,1,1.0,visual_0825_source_crosschecked
20260825-960a6f8571f3db83bb81-01,2026-08-25,手机,device,华为,华为折叠系列,pocket2,LEM-AL00,pocket2,统货,/,CNY/台,/,image,华为2.jpg,数码网报价单-0825更新/手机相关/华为2.jpg,1,1.0,visual_0825_source_crosschecked
20260825-02b509001aef5975719c-01,2026-08-25,手机,device,华为,华为折叠系列,Pursa,HGP-AL00,Pursa,开机靓好,500,CNY/台,/,image,华为2.jpg,数码网报价单-0825更新/手机相关/华为2.jpg,1,1.0,visual_0825_source_crosschecked
20260825-61e4624ef2266707867d-01,2026-08-25,手机,device,华为,华为折叠系列,Pursa,HGP-AL00,Pursa,开机好碎,500,CNY/台,/,image,华为2.jpg,数码网报价单-0825更新/手机相关/华为2.jpg,1,1.0,visual_0825_source_crosschecked
20260825-40b0ec3fefff53e0845d-01,2026-08-25,手机,device,华为,华为折叠系列,Pursa,HGP-AL00,Pursa,开机碎屏,500,CNY/台,/,image,华为2.jpg,数码网报价单-0825更新/手机相关/华为2.jpg,1,1.0,visual_0825_source_crosschecked
20260825-8bc0edc17b05b290c484-01,2026-08-25,手机,device,华为,华为折叠系列,Pursa,HGP-AL00,Pursa,开机坏配件,240,CNY/台,/,image,华为2.jpg,数码网报价单-0825更新/手机相关/华为2.jpg,1,1.0,visual_0825_source_crosschecked
20260825-91ee85586ed4cb1d7b9d-01,2026-08-25,手机,device,华为,华为折叠系列,Pursa,HGP-AL00,Pursa,不开机,90,CNY/台,/,image,华为2.jpg,数码网报价单-0825更新/手机相关/华为2.jpg,1,1.0,visual_0825_source_crosschecked
20260825-13efa5b00331391af9ad-01,2026-08-25,手机,device,华为,华为折叠系列,Pursa,HGP-AL00,Pursa,废板·整机,90,CNY/台,/,image,华为2.jpg,数码网报价单-0825更新/手机相关/华为2.jpg,1,1.0,visual_0825_source_crosschecked
20260825-9eb6c9504766c3b115b0-01,2026-08-25,手机,device,华为,华为折叠系列,Pursa,HGP-AL00,Pursa,统货,/,CNY/台,/,image,华为2.jpg,数码网报价单-0825更新/手机相关/华为2.jpg,1,1.0,visual_0825_source_crosschecked
20260825-22ae57e450d6c8613709-01,2026-08-25,手机,device,华为,华为折叠系列,Pocket S 4G,BAL-AL00,Pocket S 4G,开机靓好,400,CNY/台,/,image,华为2.jpg,数码网报价单-0825更新/手机相关/华为2.jpg,1,1.0,visual_0825_source_crosschecked
20260825-deb45b30a0cf5e11e8b4-01,2026-08-25,手机,device,华为,华为折叠系列,Pocket S 4G,BAL-AL00,Pocket S 4G,开机好碎,400,CNY/台,/,image,华为2.jpg,数码网报价单-0825更新/手机相关/华为2.jpg,1,1.0,visual_0825_source_crosschecked
20260825-39b66a1884579a116f94-01,2026-08-25,手机,device,华为,华为折叠系列,Pocket S 4G,BAL-AL00,Pocket S 4G,开机碎屏,220,CNY/台,/,image,华为2.jpg,数码网报价单-0825更新/手机相关/华为2.jpg,1,1.0,visual_0825_source_crosschecked
20260825-4fbdd33533267bc1b15c-01,2026-08-25,手机,device,华为,华为折叠系列,Pocket S 4G,BAL-AL00,Pocket S 4G,开机坏配件,220,CNY/台,/,image,华为2.jpg,数码网报价单-0825更新/手机相关/华为2.jpg,1,1.0,visual_0825_source_crosschecked
20260825-3cc97a032d88b9a3f544-01,2026-08-25,手机,device,华为,华为折叠系列,Pocket S 4G,BAL-AL00,Pocket S 4G,不开机,220,CNY/台,/,image,华为2.jpg,数码网报价单-0825更新/手机相关/华为2.jpg,1,1.0,visual_0825_source_crosschecked
20260825-db988a7cabb281a585d8-01,2026-08-25,手机,device,华为,华为折叠系列,Pocket S 4G,BAL-AL00,Pocket S 4G,废板·整机,220,CNY/台,/,image,华为2.jpg,数码网报价单-0825更新/手机相关/华为2.jpg,1,1.0,visual_0825_source_crosschecked
20260825-0c6089afeecd11dbed4e-01,2026-08-25,手机,device,华为,华为折叠系列,Pocket S 4G,BAL-AL00,Pocket S 4G,统货,/,CNY/台,/,image,华为2.jpg,数码网报价单-0825更新/手机相关/华为2.jpg,1,1.0,visual_0825_source_crosschecked
20260825-885138976a953da34661-01,2026-08-25,手机,device,华为,华为折叠系列,p50pocket,BAL-AL00/AL60,p50pocket,开机靓好,400,CNY/台,/,image,华为2.jpg,数码网报价单-0825更新/手机相关/华为2.jpg,1,1.0,visual_0825_source_crosschecked
20260825-cc7c9925e04894f2c779-01,2026-08-25,手机,device,华为,华为折叠系列,p50pocket,BAL-AL00/AL60,p50pocket,开机好碎,400,CNY/台,/,image,华为2.jpg,数码网报价单-0825更新/手机相关/华为2.jpg,1,1.0,visual_0825_source_crosschecked
20260825-ef4f18beffd9bb5c95e0-01,2026-08-25,手机,device,华为,华为折叠系列,p50pocket,BAL-AL00/AL60,p50pocket,开机碎屏,175,CNY/台,/,image,华为2.jpg,数码网报价单-0825更新/手机相关/华为2.jpg,1,1.0,visual_0825_source_crosschecked
20260825-47d19dc0fbd4a1eff4c7-01,2026-08-25,手机,device,华为,华为折叠系列,p50pocket,BAL-AL00/AL60,p50pocket,开机坏配件,175,CNY/台,/,image,华为2.jpg,数码网报价单-0825更新/手机相关/华为2.jpg,1,1.0,visual_0825_source_crosschecked
20260825-c7e5d4a388ba7bd87823-01,2026-08-25,手机,device,华为,华为折叠系列,p50pocket,BAL-AL00/AL60,p50pocket,不开机,175,CNY/台,/,image,华为2.jpg,数码网报价单-0825更新/手机相关/华为2.jpg,1,1.0,visual_0825_source_crosschecked
20260825-45df1311412929c00964-01,2026-08-25,手机,device,华为,华为折叠系列,p50pocket,BAL-AL00/AL60,p50pocket,废板·整机,175,CNY/台,/,image,华为2.jpg,数码网报价单-0825更新/手机相关/华为2.jpg,1,1.0,visual_0825_source_crosschecked
20260825-efb30a3e6440cd622d50-01,2026-08-25,手机,device,华为,华为折叠系列,p50pocket,BAL-AL00/AL60,p50pocket,统货,/,CNY/台,/,image,华为2.jpg,数码网报价单-0825更新/手机相关/华为2.jpg,1,1.0,visual_0825_source_crosschecked
20260825-afbe00a7fdc659e10d6e-01,2026-08-25,手机,device,华为,华为Mate系列,华为Mate XT,/,华为Mate XT,开机靓好,1,CNY/台,/,image,华为2.jpg,数码网报价单-0825更新/手机相关/华为2.jpg,1,1.0,visual_0825_source_crosschecked
20260825-1df6d4d2a40bc831e459-01,2026-08-25,手机,device,华为,华为Mate系列,华为Mate XT,/,华为Mate XT,开机好碎,1,CNY/台,/,image,华为2.jpg,数码网报价单-0825更新/手机相关/华为2.jpg,1,1.0,visual_0825_source_crosschecked
20260825-12a8cb16682327b95746-01,2026-08-25,手机,device,华为,华为Mate系列,华为Mate XT,/,华为Mate XT,开机碎屏,1,CNY/台,/,image,华为2.jpg,数码网报价单-0825更新/手机相关/华为2.jpg,1,1.0,visual_0825_source_crosschecked
20260825-7613cc9ffb3af598c4d5-01,2026-08-25,手机,device,华为,华为Mate系列,华为Mate XT,/,华为Mate XT,开机坏配件,1,CNY/台,/,image,华为2.jpg,数码网报价单-0825更新/手机相关/华为2.jpg,1,1.0,visual_0825_source_crosschecked
20260825-7c31a29a2af308fad8f1-01,2026-08-25,手机,device,华为,华为Mate系列,华为Mate XT,/,华为Mate XT,不开机,1,CNY/台,/,image,华为2.jpg,数码网报价单-0825更新/手机相关/华为2.jpg,1,1.0,visual_0825_source_crosschecked
20260825-1bb824d90848ad41248f-01,2026-08-25,手机,device,华为,华为Mate系列,华为Mate XT,/,华为Mate XT,废板·整机,1,CNY/台,/,image,华为2.jpg,数码网报价单-0825更新/手机相关/华为2.jpg,1,1.0,visual_0825_source_crosschecked
20260825-60f6a6d57a57941fef20-01,2026-08-25,手机,device,华为,华为Mate系列,华为Mate XT,/,华为Mate XT,统货,/,CNY/台,/,image,华为2.jpg,数码网报价单-0825更新/手机相关/华为2.jpg,1,1.0,visual_0825_source_crosschecked
20260825-f62c2c2122c47bfd7db8-01,2026-08-25,手机,device,华为,华为Mate系列,华为Mate XT5,/,华为Mate XT5,开机靓好,1,CNY/台,/,image,华为2.jpg,数码网报价单-0825更新/手机相关/华为2.jpg,1,1.0,visual_0825_source_crosschecked
20260825-4fa39f9045810d7f7afb-01,2026-08-25,手机,device,华为,华为Mate系列,华为Mate XT5,/,华为Mate XT5,开机好碎,1,CNY/台,/,image,华为2.jpg,数码网报价单-0825更新/手机相关/华为2.jpg,1,1.0,visual_0825_source_crosschecked
20260825-b0a890699d8f01190210-01,2026-08-25,手机,device,华为,华为Mate系列,华为Mate XT5,/,华为Mate XT5,开机碎屏,1,CNY/台,/,image,华为2.jpg,数码网报价单-0825更新/手机相关/华为2.jpg,1,1.0,visual_0825_source_crosschecked
20260825-0099272c9e23eebc7ebd-01,2026-08-25,手机,device,华为,华为Mate系列,华为Mate XT5,/,华为Mate XT5,开机坏配件,1,CNY/台,/,image,华为2.jpg,数码网报价单-0825更新/手机相关/华为2.jpg,1,1.0,visual_0825_source_crosschecked
20260825-48da483581e582a5fc6c-01,2026-08-25,手机,device,华为,华为Mate系列,华为Mate XT5,/,华为Mate XT5,不开机,300,CNY/台,/,image,华为2.jpg,数码网报价单-0825更新/手机相关/华为2.jpg,1,1.0,visual_0825_source_crosschecked
20260825-1c9be3899b60ceb58a96-01,2026-08-25,手机,device,华为,华为Mate系列,华为Mate XT5,/,华为Mate XT5,废板·整机,180,CNY/台,/,image,华为2.jpg,数码网报价单-0825更新/手机相关/华为2.jpg,1,1.0,visual_0825_source_crosschecked
20260825-6279e44a6a89bbc97c34-01,2026-08-25,手机,device,华为,华为Mate系列,华为Mate XT5,/,华为Mate XT5,统货,/,CNY/台,/,image,华为2.jpg,数码网报价单-0825更新/手机相关/华为2.jpg,1,1.0,visual_0825_source_crosschecked
20260825-28a09d990e3b00f98e3c-01,2026-08-25,手机,device,华为,华为Mate系列,MATE 80,/,MATE 80,开机靓好,1200,CNY/台,/,image,华为2.jpg,数码网报价单-0825更新/手机相关/华为2.jpg,1,1.0,visual_0825_source_crosschecked
20260825-2d100b76baeff30ab7cf-01,2026-08-25,手机,device,华为,华为Mate系列,MATE 80,/,MATE 80,开机好碎,1100,CNY/台,/,image,华为2.jpg,数码网报价单-0825更新/手机相关/华为2.jpg,1,1.0,visual_0825_source_crosschecked
20260825-0334be6566ad164e45c7-01,2026-08-25,手机,device,华为,华为Mate系列,MATE 80,/,MATE 80,开机碎屏,800,CNY/台,/,image,华为2.jpg,数码网报价单-0825更新/手机相关/华为2.jpg,1,1.0,visual_0825_source_crosschecked
20260825-a0061ae490b62a112af0-01,2026-08-25,手机,device,华为,华为Mate系列,MATE 80,/,MATE 80,开机坏配件,600,CNY/台,/,image,华为2.jpg,数码网报价单-0825更新/手机相关/华为2.jpg,1,1.0,visual_0825_source_crosschecked
20260825-aaec9202b8ae08519cf4-01,2026-08-25,手机,device,华为,华为Mate系列,MATE 80,/,MATE 80,不开机,180,CNY/台,/,image,华为2.jpg,数码网报价单-0825更新/手机相关/华为2.jpg,1,1.0,visual_0825_source_crosschecked
20260825-941498e01be2555437cb-01,2026-08-25,手机,device,华为,华为Mate系列,MATE 80,/,MATE 80,废板·整机,150,CNY/台,/,image,华为2.jpg,数码网报价单-0825更新/手机相关/华为2.jpg,1,1.0,visual_0825_source_crosschecked
20260825-dda6ffc8eada8e3dd23d-01,2026-08-25,手机,device,华为,华为Mate系列,MATE 80,/,MATE 80,统货,/,CNY/台,/,image,华为2.jpg,数码网报价单-0825更新/手机相关/华为2.jpg,1,1.0,visual_0825_source_crosschecked
20260825-cc3b84c6cd89b666fa61-01,2026-08-25,手机,device,华为,华为Mate系列,MATE 80 pro,/,MATE 80 pro,开机靓好,1400,CNY/台,/,image,华为2.jpg,数码网报价单-0825更新/手机相关/华为2.jpg,1,1.0,visual_0825_source_crosschecked
20260825-429e5af065c1371b386c-01,2026-08-25,手机,device,华为,华为Mate系列,MATE 80 pro,/,MATE 80 pro,开机好碎,1300,CNY/台,/,image,华为2.jpg,数码网报价单-0825更新/手机相关/华为2.jpg,1,1.0,visual_0825_source_crosschecked
20260825-79b25c70f3747e8bbcc8-01,2026-08-25,手机,device,华为,华为Mate系列,MATE 80 pro,/,MATE 80 pro,开机碎屏,1000,CNY/台,/,image,华为2.jpg,数码网报价单-0825更新/手机相关/华为2.jpg,1,1.0,visual_0825_source_crosschecked
20260825-b7570d359d5a89de84b5-01,2026-08-25,手机,device,华为,华为Mate系列,MATE 80 pro,/,MATE 80 pro,开机坏配件,800,CNY/台,/,image,华为2.jpg,数码网报价单-0825更新/手机相关/华为2.jpg,1,1.0,visual_0825_source_crosschecked
20260825-ff1a529eeb9d480692d6-01,2026-08-25,手机,device,华为,华为Mate系列,MATE 80 pro,/,MATE 80 pro,不开机,180,CNY/台,/,image,华为2.jpg,数码网报价单-0825更新/手机相关/华为2.jpg,1,1.0,visual_0825_source_crosschecked
20260825-787f1c7409c9cff26469-01,2026-08-25,手机,device,华为,华为Mate系列,MATE 80 pro,/,MATE 80 pro,废板·整机,150,CNY/台,/,image,华为2.jpg,数码网报价单-0825更新/手机相关/华为2.jpg,1,1.0,visual_0825_source_crosschecked
20260825-8912b8931f508ee1c4f7-01,2026-08-25,手机,device,华为,华为Mate系列,MATE 80 pro,/,MATE 80 pro,统货,/,CNY/台,/,image,华为2.jpg,数码网报价单-0825更新/手机相关/华为2.jpg,1,1.0,visual_0825_source_crosschecked
20260825-35cae69bb43e8e6dc368-01,2026-08-25,手机,device,华为,华为Mate系列,MATE 80 pro (24+1T),/,MATE 80 pro (24+1T),开机靓好,1600,CNY/台,/,image,华为2.jpg,数码网报价单-0825更新/手机相关/华为2.jpg,1,1.0,visual_0825_source_crosschecked
20260825-1e075b92f534e4884eac-01,2026-08-25,手机,device,华为,华为Mate系列,MATE 80 pro (24+1T),/,MATE 80 pro (24+1T),开机好碎,1500,CNY/台,/,image,华为2.jpg,数码网报价单-0825更新/手机相关/华为2.jpg,1,1.0,visual_0825_source_crosschecked
20260825-ef4f2a0d75f58a39aa9e-01,2026-08-25,手机,device,华为,华为Mate系列,MATE 80 pro (24+1T),/,MATE 80 pro (24+1T),开机碎屏,1100,CNY/台,/,image,华为2.jpg,数码网报价单-0825更新/手机相关/华为2.jpg,1,1.0,visual_0825_source_crosschecked
20260825-7c9f9200f930518a1300-01,2026-08-25,手机,device,华为,华为Mate系列,MATE 80 pro (24+1T),/,MATE 80 pro (24+1T),开机坏配件,800,CNY/台,/,image,华为2.jpg,数码网报价单-0825更新/手机相关/华为2.jpg,1,1.0,visual_0825_source_crosschecked
20260825-21c3959fc76189a2cb10-01,2026-08-25,手机,device,华为,华为Mate系列,MATE 80 pro (24+1T),/,MATE 80 pro (24+1T),不开机,260,CNY/台,/,image,华为2.jpg,数码网报价单-0825更新/手机相关/华为2.jpg,1,1.0,visual_0825_source_crosschecked
20260825-9b5fa89acd9e7664eaf7-01,2026-08-25,手机,device,华为,华为Mate系列,MATE 80 pro (24+1T),/,MATE 80 pro (24+1T),废板·整机,150,CNY/台,/,image,华为2.jpg,数码网报价单-0825更新/手机相关/华为2.jpg,1,1.0,visual_0825_source_crosschecked
20260825-632703a5eac1bf803a92-01,2026-08-25,手机,device,华为,华为Mate系列,MATE 80 pro (24+1T),/,MATE 80 pro (24+1T),统货,/,CNY/台,/,image,华为2.jpg,数码网报价单-0825更新/手机相关/华为2.jpg,1,1.0,visual_0825_source_crosschecked
20260825-492d5fa7a9223277dee6-01,2026-08-25,手机,device,华为,华为Mate系列,MATE 60 RS 非凡大师,ALN-AL10,MATE 60 RS 非凡大师,开机靓好,2300,CNY/台,/,image,华为2.jpg,数码网报价单-0825更新/手机相关/华为2.jpg,1,1.0,visual_0825_source_crosschecked
20260825-b28865c406ef60da70e3-01,2026-08-25,手机,device,华为,华为Mate系列,MATE 60 RS 非凡大师,ALN-AL10,MATE 60 RS 非凡大师,开机好碎,2100,CNY/台,/,image,华为2.jpg,数码网报价单-0825更新/手机相关/华为2.jpg,1,1.0,visual_0825_source_crosschecked
20260825-a89d47c0c4dfd6936b5a-01,2026-08-25,手机,device,华为,华为Mate系列,MATE 60 RS 非凡大师,ALN-AL10,MATE 60 RS 非凡大师,开机碎屏,1800,CNY/台,/,image,华为2.jpg,数码网报价单-0825更新/手机相关/华为2.jpg,1,1.0,visual_0825_source_crosschecked
20260825-d25d3da1e80112897632-01,2026-08-25,手机,device,华为,华为Mate系列,MATE 60 RS 非凡大师,ALN-AL10,MATE 60 RS 非凡大师,开机坏配件,1500,CNY/台,/,image,华为2.jpg,数码网报价单-0825更新/手机相关/华为2.jpg,1,1.0,visual_0825_source_crosschecked
20260825-a8b71d2c16e21db2e482-01,2026-08-25,手机,device,华为,华为Mate系列,MATE 60 RS 非凡大师,ALN-AL10,MATE 60 RS 非凡大师,不开机,150,CNY/台,/,image,华为2.jpg,数码网报价单-0825更新/手机相关/华为2.jpg,1,1.0,visual_0825_source_crosschecked
20260825-24d43170ed65e106a952-01,2026-08-25,手机,device,华为,华为Mate系列,MATE 60 RS 非凡大师,ALN-AL10,MATE 60 RS 非凡大师,废板·整机,150,CNY/台,/,image,华为2.jpg,数码网报价单-0825更新/手机相关/华为2.jpg,1,1.0,visual_0825_source_crosschecked
20260825-fba39a9a815b38e83553-01,2026-08-25,手机,device,华为,华为Mate系列,MATE 60 RS 非凡大师,ALN-AL10,MATE 60 RS 非凡大师,统货,/,CNY/台,/,image,华为2.jpg,数码网报价单-0825更新/手机相关/华为2.jpg,1,1.0,visual_0825_source_crosschecked
20260825-0692c9a5e52e4eef2ca3-01,2026-08-25,手机,device,华为,华为Mate系列,Mate 60 Pro+,ALN-AL20,Mate 60 Pro+,开机靓好,1300,CNY/台,/,image,华为2.jpg,数码网报价单-0825更新/手机相关/华为2.jpg,1,1.0,visual_0825_source_crosschecked
20260825-18a4c2d65c62eac24635-01,2026-08-25,手机,device,华为,华为Mate系列,Mate 60 Pro+,ALN-AL20,Mate 60 Pro+,开机好碎,900,CNY/台,/,image,华为2.jpg,数码网报价单-0825更新/手机相关/华为2.jpg,1,1.0,visual_0825_source_crosschecked
20260825-2ff2d3934ffb0d3873af-01,2026-08-25,手机,device,华为,华为Mate系列,Mate 60 Pro+,ALN-AL20,Mate 60 Pro+,开机碎屏,800,CNY/台,/,image,华为2.jpg,数码网报价单-0825更新/手机相关/华为2.jpg,1,1.0,visual_0825_source_crosschecked
20260825-98f2144e11a0f1a2534c-01,2026-08-25,手机,device,华为,华为Mate系列,Mate 60 Pro+,ALN-AL20,Mate 60 Pro+,开机坏配件,800,CNY/台,/,image,华为2.jpg,数码网报价单-0825更新/手机相关/华为2.jpg,1,1.0,visual_0825_source_crosschecked
20260825-abf7a8e7f6ebf63fd951-01,2026-08-25,手机,device,华为,华为Mate系列,Mate 60 Pro+,ALN-AL20,Mate 60 Pro+,不开机,180,CNY/台,/,image,华为2.jpg,数码网报价单-0825更新/手机相关/华为2.jpg,1,1.0,visual_0825_source_crosschecked
20260825-57c8fb6a93e26068fc74-01,2026-08-25,手机,device,华为,华为Mate系列,Mate 60 Pro+,ALN-AL20,Mate 60 Pro+,废板·整机,180,CNY/台,/,image,华为2.jpg,数码网报价单-0825更新/手机相关/华为2.jpg,1,1.0,visual_0825_source_crosschecked
20260825-5a2bd9a73719b122dc96-01,2026-08-25,手机,device,华为,华为Mate系列,Mate 60 Pro+,ALN-AL20,Mate 60 Pro+,统货,/,CNY/台,/,image,华为2.jpg,数码网报价单-0825更新/手机相关/华为2.jpg,1,1.0,visual_0825_source_crosschecked
20260825-5c8e6f0b04fb0fabd443-01,2026-08-25,手机,device,华为,华为Mate系列,Mate 60 Pro,ALN-AL00,Mate 60 Pro,开机靓好,1300,CNY/台,开机测试主板亮屏幕有显示算开机,image,华为2.jpg,数码网报价单-0825更新/手机相关/华为2.jpg,1,1.0,visual_0825_source_crosschecked
20260825-180e956301a58fdca8f6-01,2026-08-25,手机,device,华为,华为Mate系列,Mate 60 Pro,ALN-AL00,Mate 60 Pro,开机好碎,1200,CNY/台,开机测试主板亮屏幕有显示算开机,image,华为2.jpg,数码网报价单-0825更新/手机相关/华为2.jpg,1,1.0,visual_0825_source_crosschecked
20260825-f76362beadf42a07617d-01,2026-08-25,手机,device,华为,华为Mate系列,Mate 60 Pro,ALN-AL00,Mate 60 Pro,开机碎屏,800,CNY/台,开机测试主板亮屏幕有显示算开机,image,华为2.jpg,数码网报价单-0825更新/手机相关/华为2.jpg,1,1.0,visual_0825_source_crosschecked
20260825-a5032d96adb80618353d-01,2026-08-25,手机,device,华为,华为Mate系列,Mate 60 Pro,ALN-AL00,Mate 60 Pro,开机坏配件,600,CNY/台,开机测试主板亮屏幕有显示算开机,image,华为2.jpg,数码网报价单-0825更新/手机相关/华为2.jpg,1,1.0,visual_0825_source_crosschecked
20260825-79f872f342a09d39c0a4-01,2026-08-25,手机,device,华为,华为Mate系列,Mate 60 Pro,ALN-AL00,Mate 60 Pro,不开机,185,CNY/台,开机测试主板亮屏幕有显示算开机,image,华为2.jpg,数码网报价单-0825更新/手机相关/华为2.jpg,1,1.0,visual_0825_source_crosschecked
20260825-7d780bfc0afbbf72e811-01,2026-08-25,手机,device,华为,华为Mate系列,Mate 60 Pro,ALN-AL00,Mate 60 Pro,废板·整机,180,CNY/台,开机测试主板亮屏幕有显示算开机,image,华为2.jpg,数码网报价单-0825更新/手机相关/华为2.jpg,1,1.0,visual_0825_source_crosschecked
20260825-6f40f72dcec7b0cf798a-01,2026-08-25,手机,device,华为,华为Mate系列,Mate 60 Pro,ALN-AL00,Mate 60 Pro,统货,/,CNY/台,开机测试主板亮屏幕有显示算开机,image,华为2.jpg,数码网报价单-0825更新/手机相关/华为2.jpg,1,1.0,visual_0825_source_crosschecked
20260825-96876f6ba357ffcf8324-01,2026-08-25,手机,device,华为,华为Mate系列,Mate 60,BRA-AL00,Mate 60,开机靓好,800,CNY/台,开机测试主板亮屏幕有显示算开机,image,华为2.jpg,数码网报价单-0825更新/手机相关/华为2.jpg,1,1.0,visual_0825_source_crosschecked
20260825-9144b2714509f0a863d0-01,2026-08-25,手机,device,华为,华为Mate系列,Mate 60,BRA-AL00,Mate 60,开机好碎,700,CNY/台,开机测试主板亮屏幕有显示算开机,image,华为2.jpg,数码网报价单-0825更新/手机相关/华为2.jpg,1,1.0,visual_0825_source_crosschecked
20260825-226b937d015958230dd1-01,2026-08-25,手机,device,华为,华为Mate系列,Mate 60,BRA-AL00,Mate 60,开机碎屏,500,CNY/台,开机测试主板亮屏幕有显示算开机,image,华为2.jpg,数码网报价单-0825更新/手机相关/华为2.jpg,1,1.0,visual_0825_source_crosschecked
20260825-82961bfe0fb62d26969d-01,2026-08-25,手机,device,华为,华为Mate系列,Mate 60,BRA-AL00,Mate 60,开机坏配件,400,CNY/台,开机测试主板亮屏幕有显示算开机,image,华为2.jpg,数码网报价单-0825更新/手机相关/华为2.jpg,1,1.0,visual_0825_source_crosschecked
20260825-058fc59116a5002e8f5b-01,2026-08-25,手机,device,华为,华为Mate系列,Mate 60,BRA-AL00,Mate 60,不开机,180,CNY/台,开机测试主板亮屏幕有显示算开机,image,华为2.jpg,数码网报价单-0825更新/手机相关/华为2.jpg,1,1.0,visual_0825_source_crosschecked
20260825-9ae3d0a86d6fe030ff92-01,2026-08-25,手机,device,华为,华为Mate系列,Mate 60,BRA-AL00,Mate 60,废板·整机,180,CNY/台,开机测试主板亮屏幕有显示算开机,image,华为2.jpg,数码网报价单-0825更新/手机相关/华为2.jpg,1,1.0,visual_0825_source_crosschecked
20260825-a0a3f4ed647fa0da9923-01,2026-08-25,手机,device,华为,华为Mate系列,Mate 60,BRA-AL00,Mate 60,统货,/,CNY/台,开机测试主板亮屏幕有显示算开机,image,华为2.jpg,数码网报价单-0825更新/手机相关/华为2.jpg,1,1.0,visual_0825_source_crosschecked
20260825-a84a679cfbb1f1b66ed7-01,2026-08-25,手机,device,华为,华为Mate系列,Mate 50 RS保时捷,DCO-AL00,Mate 50 RS保时捷,开机靓好,900,CNY/台,/,image,华为2.jpg,数码网报价单-0825更新/手机相关/华为2.jpg,1,1.0,visual_0825_source_crosschecked
20260825-2282a8e9a4029ca6c622-01,2026-08-25,手机,device,华为,华为Mate系列,Mate 50 RS保时捷,DCO-AL00,Mate 50 RS保时捷,开机好碎,700,CNY/台,/,image,华为2.jpg,数码网报价单-0825更新/手机相关/华为2.jpg,1,1.0,visual_0825_source_crosschecked
20260825-d5ffe380a116d4c2fe31-01,2026-08-25,手机,device,华为,华为Mate系列,Mate 50 RS保时捷,DCO-AL00,Mate 50 RS保时捷,开机碎屏,500,CNY/台,/,image,华为2.jpg,数码网报价单-0825更新/手机相关/华为2.jpg,1,1.0,visual_0825_source_crosschecked
20260825-7835eef5dbd21d6c6f44-01,2026-08-25,手机,device,华为,华为Mate系列,Mate 50 RS保时捷,DCO-AL00,Mate 50 RS保时捷,开机坏配件,300,CNY/台,/,image,华为2.jpg,数码网报价单-0825更新/手机相关/华为2.jpg,1,1.0,visual_0825_source_crosschecked
20260825-7b73e18d0affe5efcfd4-01,2026-08-25,手机,device,华为,华为Mate系列,Mate 50 RS保时捷,DCO-AL00,Mate 50 RS保时捷,不开机,190,CNY/台,/,image,华为2.jpg,数码网报价单-0825更新/手机相关/华为2.jpg,1,1.0,visual_0825_source_crosschecked
20260825-962afbc8b2548fb14525-01,2026-08-25,手机,device,华为,华为Mate系列,Mate 50 RS保时捷,DCO-AL00,Mate 50 RS保时捷,废板·整机,190,CNY/台,/,image,华为2.jpg,数码网报价单-0825更新/手机相关/华为2.jpg,1,1.0,visual_0825_source_crosschecked
20260825-04ec4dca0dce3e4391e3-01,2026-08-25,手机,device,华为,华为Mate系列,Mate 50 RS保时捷,DCO-AL00,Mate 50 RS保时捷,统货,/,CNY/台,/,image,华为2.jpg,数码网报价单-0825更新/手机相关/华为2.jpg,1,1.0,visual_0825_source_crosschecked
20260825-98c782ba941386100b21-01,2026-08-25,手机,device,华为,华为Mate系列,MATE 50 Pro 4G,DCO-AL00,MATE 50 Pro 4G,开机靓好,240,CNY/台,/,image,华为2.jpg,数码网报价单-0825更新/手机相关/华为2.jpg,1,1.0,visual_0825_source_crosschecked
20260825-415009859e449c83c300-01,2026-08-25,手机,device,华为,华为Mate系列,MATE 50 Pro 4G,DCO-AL00,MATE 50 Pro 4G,开机好碎,240,CNY/台,/,image,华为2.jpg,数码网报价单-0825更新/手机相关/华为2.jpg,1,1.0,visual_0825_source_crosschecked
20260825-94db1cb61833f617d765-01,2026-08-25,手机,device,华为,华为Mate系列,MATE 50 Pro 4G,DCO-AL00,MATE 50 Pro 4G,开机碎屏,180,CNY/台,/,image,华为2.jpg,数码网报价单-0825更新/手机相关/华为2.jpg,1,1.0,visual_0825_source_crosschecked
20260825-65f6e8599a975b1b32b7-01,2026-08-25,手机,device,华为,华为Mate系列,MATE 50 Pro 4G,DCO-AL00,MATE 50 Pro 4G,开机坏配件,180,CNY/台,/,image,华为2.jpg,数码网报价单-0825更新/手机相关/华为2.jpg,1,1.0,visual_0825_source_crosschecked
20260825-8d83db02c7daf01e9ee1-01,2026-08-25,手机,device,华为,华为Mate系列,MATE 50 Pro 4G,DCO-AL00,MATE 50 Pro 4G,不开机,180,CNY/台,/,image,华为2.jpg,数码网报价单-0825更新/手机相关/华为2.jpg,1,1.0,visual_0825_source_crosschecked
20260825-951efe1cd41d77040490-01,2026-08-25,手机,device,华为,华为Mate系列,MATE 50 Pro 4G,DCO-AL00,MATE 50 Pro 4G,废板·整机,180,CNY/台,/,image,华为2.jpg,数码网报价单-0825更新/手机相关/华为2.jpg,1,1.0,visual_0825_source_crosschecked
20260825-01660f14aee5ce5c0549-01,2026-08-25,手机,device,华为,华为Mate系列,MATE 50 Pro 4G,DCO-AL00,MATE 50 Pro 4G,统货,/,CNY/台,/,image,华为2.jpg,数码网报价单-0825更新/手机相关/华为2.jpg,1,1.0,visual_0825_source_crosschecked
20260825-18e1f32758d5536d9f5a-01,2026-08-25,手机,device,华为,华为Mate系列,MATE 50 4G,CET-AL00,MATE 50 4G,开机靓好,220,CNY/台,/,image,华为2.jpg,数码网报价单-0825更新/手机相关/华为2.jpg,1,1.0,visual_0825_source_crosschecked
20260825-3ff47c9f9d614c13ba5a-01,2026-08-25,手机,device,华为,华为Mate系列,MATE 50 4G,CET-AL00,MATE 50 4G,开机好碎,220,CNY/台,/,image,华为2.jpg,数码网报价单-0825更新/手机相关/华为2.jpg,1,1.0,visual_0825_source_crosschecked
20260825-0c6844c4f5b9a5d7905f-01,2026-08-25,手机,device,华为,华为Mate系列,MATE 50 4G,CET-AL00,MATE 50 4G,开机碎屏,180,CNY/台,/,image,华为2.jpg,数码网报价单-0825更新/手机相关/华为2.jpg,1,1.0,visual_0825_source_crosschecked
20260825-5bea89ee6ffd488622fa-01,2026-08-25,手机,device,华为,华为Mate系列,MATE 50 4G,CET-AL00,MATE 50 4G,开机坏配件,180,CNY/台,/,image,华为2.jpg,数码网报价单-0825更新/手机相关/华为2.jpg,1,1.0,visual_0825_source_crosschecked
20260825-5053c9568830b146f4bd-01,2026-08-25,手机,device,华为,华为Mate系列,MATE 50 4G,CET-AL00,MATE 50 4G,不开机,180,CNY/台,/,image,华为2.jpg,数码网报价单-0825更新/手机相关/华为2.jpg,1,1.0,visual_0825_source_crosschecked
20260825-1e5bfebbcfa4170ed9e6-01,2026-08-25,手机,device,华为,华为Mate系列,MATE 50 4G,CET-AL00,MATE 50 4G,废板·整机,180,CNY/台,/,image,华为2.jpg,数码网报价单-0825更新/手机相关/华为2.jpg,1,1.0,visual_0825_source_crosschecked
20260825-9a9aacc3d7710af07d3d-01,2026-08-25,手机,device,华为,华为Mate系列,MATE 50 4G,CET-AL00,MATE 50 4G,统货,/,CNY/台,/,image,华为2.jpg,数码网报价单-0825更新/手机相关/华为2.jpg,1,1.0,visual_0825_source_crosschecked
20260825-42e26712503101a432ac-01,2026-08-25,手机,device,华为,华为Mate系列,Mate 50E 4G,CET-AL00,Mate 50E 4G,开机靓好,160,CNY/台,/,image,华为2.jpg,数码网报价单-0825更新/手机相关/华为2.jpg,1,1.0,visual_0825_source_crosschecked
20260825-66af59db98828efa54ce-01,2026-08-25,手机,device,华为,华为Mate系列,Mate 50E 4G,CET-AL00,Mate 50E 4G,开机好碎,160,CNY/台,/,image,华为2.jpg,数码网报价单-0825更新/手机相关/华为2.jpg,1,1.0,visual_0825_source_crosschecked
20260825-13724a554e189f523dd4-01,2026-08-25,手机,device,华为,华为Mate系列,Mate 50E 4G,CET-AL00,Mate 50E 4G,开机碎屏,160,CNY/台,/,image,华为2.jpg,数码网报价单-0825更新/手机相关/华为2.jpg,1,1.0,visual_0825_source_crosschecked
20260825-7d4d07b99587e3f0eb41-01,2026-08-25,手机,device,华为,华为Mate系列,Mate 50E 4G,CET-AL00,Mate 50E 4G,开机坏配件,160,CNY/台,/,image,华为2.jpg,数码网报价单-0825更新/手机相关/华为2.jpg,1,1.0,visual_0825_source_crosschecked
20260825-9bfbe75d05ed562d5690-01,2026-08-25,手机,device,华为,华为Mate系列,Mate 50E 4G,CET-AL00,Mate 50E 4G,不开机,160,CNY/台,/,image,华为2.jpg,数码网报价单-0825更新/手机相关/华为2.jpg,1,1.0,visual_0825_source_crosschecked
20260825-fd71ac7c91db2396bd62-01,2026-08-25,手机,device,华为,华为Mate系列,Mate 50E 4G,CET-AL00,Mate 50E 4G,废板·整机,160,CNY/台,/,image,华为2.jpg,数码网报价单-0825更新/手机相关/华为2.jpg,1,1.0,visual_0825_source_crosschecked
20260825-33a4ae8c719043d99db3-01,2026-08-25,手机,device,华为,华为Mate系列,Mate 50E 4G,CET-AL00,Mate 50E 4G,统货,/,CNY/台,/,image,华为2.jpg,数码网报价单-0825更新/手机相关/华为2.jpg,1,1.0,visual_0825_source_crosschecked
20260825-f0b8053d4c365037645d-01,2026-08-25,手机,device,华为,华为Mate系列,Mate40保时捷+4G,NOP-AN00,Mate40保时捷+4G,开机靓好,280,CNY/台,/,image,华为2.jpg,数码网报价单-0825更新/手机相关/华为2.jpg,1,1.0,visual_0825_source_crosschecked
20260825-530982a8d03e123b7ab7-01,2026-08-25,手机,device,华为,华为Mate系列,Mate40保时捷+4G,NOP-AN00,Mate40保时捷+4G,开机好碎,280,CNY/台,/,image,华为2.jpg,数码网报价单-0825更新/手机相关/华为2.jpg,1,1.0,visual_0825_source_crosschecked
20260825-60116d62bb97962b77d0-01,2026-08-25,手机,device,华为,华为Mate系列,Mate40保时捷+4G,NOP-AN00,Mate40保时捷+4G,开机碎屏,80,CNY/台,/,image,华为2.jpg,数码网报价单-0825更新/手机相关/华为2.jpg,1,1.0,visual_0825_source_crosschecked
20260825-0d65d79c07d40d656cc5-01,2026-08-25,手机,device,华为,华为Mate系列,Mate40保时捷+4G,NOP-AN00,Mate40保时捷+4G,开机坏配件,80,CNY/台,/,image,华为2.jpg,数码网报价单-0825更新/手机相关/华为2.jpg,1,1.0,visual_0825_source_crosschecked
20260825-ad0ad184b051980c0fb2-01,2026-08-25,手机,device,华为,华为Mate系列,Mate40保时捷+4G,NOP-AN00,Mate40保时捷+4G,不开机,80,CNY/台,/,image,华为2.jpg,数码网报价单-0825更新/手机相关/华为2.jpg,1,1.0,visual_0825_source_crosschecked
20260825-66bef3128da9b0e4cd7f-01,2026-08-25,手机,device,华为,华为Mate系列,Mate40保时捷+4G,NOP-AN00,Mate40保时捷+4G,废板·整机,80,CNY/台,/,image,华为2.jpg,数码网报价单-0825更新/手机相关/华为2.jpg,1,1.0,visual_0825_source_crosschecked
20260825-6b8717a819ce72efe143-01,2026-08-25,手机,device,华为,华为Mate系列,Mate40保时捷+4G,NOP-AN00,Mate40保时捷+4G,统货,/,CNY/台,/,image,华为2.jpg,数码网报价单-0825更新/手机相关/华为2.jpg,1,1.0,visual_0825_source_crosschecked
20260825-e193d17df75363c63e7a-01,2026-08-25,手机,device,华为,华为Mate系列,Mate40Pro 5G (8+256),NOH-AN00,Mate40Pro 5G (8+256),开机靓好,200,CNY/台,/,image,华为2.jpg,数码网报价单-0825更新/手机相关/华为2.jpg,1,1.0,visual_0825_source_crosschecked
20260825-189bd34209ceb5f2a66b-01,2026-08-25,手机,device,华为,华为Mate系列,Mate40Pro 5G (8+256),NOH-AN00,Mate40Pro 5G (8+256),开机好碎,200,CNY/台,/,image,华为2.jpg,数码网报价单-0825更新/手机相关/华为2.jpg,1,1.0,visual_0825_source_crosschecked
20260825-76d6c0da27d70bef9551-01,2026-08-25,手机,device,华为,华为Mate系列,Mate40Pro 5G (8+256),NOH-AN00,Mate40Pro 5G (8+256),开机碎屏,80,CNY/台,/,image,华为2.jpg,数码网报价单-0825更新/手机相关/华为2.jpg,1,1.0,visual_0825_source_crosschecked
20260825-d11140955acffad0a8e2-01,2026-08-25,手机,device,华为,华为Mate系列,Mate40Pro 5G (8+256),NOH-AN00,Mate40Pro 5G (8+256),开机坏配件,80,CNY/台,/,image,华为2.jpg,数码网报价单-0825更新/手机相关/华为2.jpg,1,1.0,visual_0825_source_crosschecked
20260825-2f253e9ad698f3d9beba-01,2026-08-25,手机,device,华为,华为Mate系列,Mate40Pro 5G (8+256),NOH-AN00,Mate40Pro 5G (8+256),不开机,80,CNY/台,/,image,华为2.jpg,数码网报价单-0825更新/手机相关/华为2.jpg,1,1.0,visual_0825_source_crosschecked
20260825-dd56d7e01deece0a70f8-01,2026-08-25,手机,device,华为,华为Mate系列,Mate40Pro 5G (8+256),NOH-AN00,Mate40Pro 5G (8+256),废板·整机,80,CNY/台,/,image,华为2.jpg,数码网报价单-0825更新/手机相关/华为2.jpg,1,1.0,visual_0825_source_crosschecked
20260825-2e2c896209fd26bd2671-01,2026-08-25,手机,device,华为,华为Mate系列,Mate40Pro 5G (8+256),NOH-AN00,Mate40Pro 5G (8+256),统货,/,CNY/台,/,image,华为2.jpg,数码网报价单-0825更新/手机相关/华为2.jpg,1,1.0,visual_0825_source_crosschecked
20260825-8715a4062409b9208914-01,2026-08-25,手机,device,华为,华为Mate系列,Mate40Pro 5G (8+128),NOH-AN00,Mate40Pro 5G (8+128),开机靓好,200,CNY/台,/,image,华为2.jpg,数码网报价单-0825更新/手机相关/华为2.jpg,1,1.0,visual_0825_source_crosschecked
20260825-76b28fc8d155b9c4a40f-01,2026-08-25,手机,device,华为,华为Mate系列,Mate40Pro 5G (8+128),NOH-AN00,Mate40Pro 5G (8+128),开机好碎,200,CNY/台,/,image,华为2.jpg,数码网报价单-0825更新/手机相关/华为2.jpg,1,1.0,visual_0825_source_crosschecked
20260825-54c0ada836b037478602-01,2026-08-25,手机,device,华为,华为Mate系列,Mate40Pro 5G (8+128),NOH-AN00,Mate40Pro 5G (8+128),开机碎屏,80,CNY/台,/,image,华为2.jpg,数码网报价单-0825更新/手机相关/华为2.jpg,1,1.0,visual_0825_source_crosschecked
20260825-59d41b4a3e33c1922d70-01,2026-08-25,手机,device,华为,华为Mate系列,Mate40Pro 5G (8+128),NOH-AN00,Mate40Pro 5G (8+128),开机坏配件,80,CNY/台,/,image,华为2.jpg,数码网报价单-0825更新/手机相关/华为2.jpg,1,1.0,visual_0825_source_crosschecked
20260825-26c48795c11d73fef68e-01,2026-08-25,手机,device,华为,华为Mate系列,Mate40Pro 5G (8+128),NOH-AN00,Mate40Pro 5G (8+128),不开机,80,CNY/台,/,image,华为2.jpg,数码网报价单-0825更新/手机相关/华为2.jpg,1,1.0,visual_0825_source_crosschecked
20260825-b99d8cefbccd4ac9c6d0-01,2026-08-25,手机,device,华为,华为Mate系列,Mate40Pro 5G (8+128),NOH-AN00,Mate40Pro 5G (8+128),废板·整机,80,CNY/台,/,image,华为2.jpg,数码网报价单-0825更新/手机相关/华为2.jpg,1,1.0,visual_0825_source_crosschecked
20260825-c075a18f22fd237f63d4-01,2026-08-25,手机,device,华为,华为Mate系列,Mate40Pro 5G (8+128),NOH-AN00,Mate40Pro 5G (8+128),统货,/,CNY/台,/,image,华为2.jpg,数码网报价单-0825更新/手机相关/华为2.jpg,1,1.0,visual_0825_source_crosschecked
20260825-2a9e1e43072a060d4515-01,2026-08-25,手机,device,华为,华为Mate系列,Mate40 5G,OCE-AN00,Mate40 5G,开机靓好,200,CNY/台,/,image,华为2.jpg,数码网报价单-0825更新/手机相关/华为2.jpg,1,1.0,visual_0825_source_crosschecked
20260825-b6b9db25511d551fcafe-01,2026-08-25,手机,device,华为,华为Mate系列,Mate40 5G,OCE-AN00,Mate40 5G,开机好碎,200,CNY/台,/,image,华为2.jpg,数码网报价单-0825更新/手机相关/华为2.jpg,1,1.0,visual_0825_source_crosschecked
20260825-c84ea4db74ed1574e062-01,2026-08-25,手机,device,华为,华为Mate系列,Mate40 5G,OCE-AN00,Mate40 5G,开机碎屏,80,CNY/台,/,image,华为2.jpg,数码网报价单-0825更新/手机相关/华为2.jpg,1,1.0,visual_0825_source_crosschecked
20260825-acfe2bf8770d139d1109-01,2026-08-25,手机,device,华为,华为Mate系列,Mate40 5G,OCE-AN00,Mate40 5G,开机坏配件,80,CNY/台,/,image,华为2.jpg,数码网报价单-0825更新/手机相关/华为2.jpg,1,1.0,visual_0825_source_crosschecked
20260825-dcc5d32f662e7f243064-01,2026-08-25,手机,device,华为,华为Mate系列,Mate40 5G,OCE-AN00,Mate40 5G,不开机,80,CNY/台,/,image,华为2.jpg,数码网报价单-0825更新/手机相关/华为2.jpg,1,1.0,visual_0825_source_crosschecked
20260825-621160da95cef8b0de55-01,2026-08-25,手机,device,华为,华为Mate系列,Mate40 5G,OCE-AN00,Mate40 5G,废板·整机,80,CNY/台,/,image,华为2.jpg,数码网报价单-0825更新/手机相关/华为2.jpg,1,1.0,visual_0825_source_crosschecked
20260825-a100ba4a24a8671ad349-01,2026-08-25,手机,device,华为,华为Mate系列,Mate40 5G,OCE-AN00,Mate40 5G,统货,/,CNY/台,/,image,华为2.jpg,数码网报价单-0825更新/手机相关/华为2.jpg,1,1.0,visual_0825_source_crosschecked
20260825-c947e543e2c54bbb1c54-01,2026-08-25,手机,device,华为,华为Mate系列,Mate40 RS保时捷 (12+256/512),NOP-AN00,Mate40 RS保时捷 (12+256/512),开机靓好,350,CNY/台,开机主板靓功能正常 屏花倒充400 要求主板靓比例正常,image,华为2.jpg,数码网报价单-0825更新/手机相关/华为2.jpg,1,1.0,visual_0825_source_crosschecked
20260825-d3a954e17a6a59e39d8d-01,2026-08-25,手机,device,华为,华为Mate系列,Mate40 RS保时捷 (12+256/512),NOP-AN00,Mate40 RS保时捷 (12+256/512),开机好碎,350,CNY/台,开机主板靓功能正常 屏花倒充400 要求主板靓比例正常,image,华为2.jpg,数码网报价单-0825更新/手机相关/华为2.jpg,1,1.0,visual_0825_source_crosschecked
20260825-f006f1dace2330ad1c1c-01,2026-08-25,手机,device,华为,华为Mate系列,Mate40 RS保时捷 (12+256/512),NOP-AN00,Mate40 RS保时捷 (12+256/512),开机碎屏,80,CNY/台,开机主板靓功能正常 屏花倒充400 要求主板靓比例正常,image,华为2.jpg,数码网报价单-0825更新/手机相关/华为2.jpg,1,1.0,visual_0825_source_crosschecked
20260825-7542200aa5ace73b48ac-01,2026-08-25,手机,device,华为,华为Mate系列,Mate40 RS保时捷 (12+256/512),NOP-AN00,Mate40 RS保时捷 (12+256/512),开机坏配件,80,CNY/台,开机主板靓功能正常 屏花倒充400 要求主板靓比例正常,image,华为2.jpg,数码网报价单-0825更新/手机相关/华为2.jpg,1,1.0,visual_0825_source_crosschecked
20260825-2d457a48a28396b94096-01,2026-08-25,手机,device,华为,华为Mate系列,Mate40 RS保时捷 (12+256/512),NOP-AN00,Mate40 RS保时捷 (12+256/512),不开机,80,CNY/台,开机主板靓功能正常 屏花倒充400 要求主板靓比例正常,image,华为2.jpg,数码网报价单-0825更新/手机相关/华为2.jpg,1,1.0,visual_0825_source_crosschecked
20260825-35996997d6b591988f3c-01,2026-08-25,手机,device,华为,华为Mate系列,Mate40 RS保时捷 (12+256/512),NOP-AN00,Mate40 RS保时捷 (12+256/512),废板·整机,80,CNY/台,开机主板靓功能正常 屏花倒充400 要求主板靓比例正常,image,华为2.jpg,数码网报价单-0825更新/手机相关/华为2.jpg,1,1.0,visual_0825_source_crosschecked
20260825-c3cac9aac8df5411feac-01,2026-08-25,手机,device,华为,华为Mate系列,Mate40 RS保时捷 (12+256/512),NOP-AN00,Mate40 RS保时捷 (12+256/512),统货,/,CNY/台,开机主板靓功能正常 屏花倒充400 要求主板靓比例正常,image,华为2.jpg,数码网报价单-0825更新/手机相关/华为2.jpg,1,1.0,visual_0825_source_crosschecked
20260825-07706754f2c93c43be9a-01,2026-08-25,手机,device,华为,华为Mate系列,Mate40 Pro 4G,NOH-AL00,Mate40 Pro 4G,开机靓好,200,CNY/台,/,image,华为2.jpg,数码网报价单-0825更新/手机相关/华为2.jpg,1,1.0,visual_0825_source_crosschecked
20260825-b5853f38249d1b5a2cf6-01,2026-08-25,手机,device,华为,华为Mate系列,Mate40 Pro 4G,NOH-AL00,Mate40 Pro 4G,开机好碎,200,CNY/台,/,image,华为2.jpg,数码网报价单-0825更新/手机相关/华为2.jpg,1,1.0,visual_0825_source_crosschecked
20260825-f994bf42adf5f96e45d0-01,2026-08-25,手机,device,华为,华为Mate系列,Mate40 Pro 4G,NOH-AL00,Mate40 Pro 4G,开机碎屏,80,CNY/台,/,image,华为2.jpg,数码网报价单-0825更新/手机相关/华为2.jpg,1,1.0,visual_0825_source_crosschecked
20260825-7e102c32a5b741a162dc-01,2026-08-25,手机,device,华为,华为Mate系列,Mate40 Pro 4G,NOH-AL00,Mate40 Pro 4G,开机坏配件,80,CNY/台,/,image,华为2.jpg,数码网报价单-0825更新/手机相关/华为2.jpg,1,1.0,visual_0825_source_crosschecked
20260825-520f21967b11c854ca20-01,2026-08-25,手机,device,华为,华为Mate系列,Mate40 Pro 4G,NOH-AL00,Mate40 Pro 4G,不开机,80,CNY/台,/,image,华为2.jpg,数码网报价单-0825更新/手机相关/华为2.jpg,1,1.0,visual_0825_source_crosschecked
20260825-7626fdc94d38c8c9530b-01,2026-08-25,手机,device,华为,华为Mate系列,Mate40 Pro 4G,NOH-AL00,Mate40 Pro 4G,废板·整机,80,CNY/台,/,image,华为2.jpg,数码网报价单-0825更新/手机相关/华为2.jpg,1,1.0,visual_0825_source_crosschecked
20260825-1d403fc9a6218196a02c-01,2026-08-25,手机,device,华为,华为Mate系列,Mate40 Pro 4G,NOH-AL00,Mate40 Pro 4G,统货,/,CNY/台,/,image,华为2.jpg,数码网报价单-0825更新/手机相关/华为2.jpg,1,1.0,visual_0825_source_crosschecked
20260825-a7638253ea6d8a37ab35-01,2026-08-25,手机,device,华为,华为Mate系列,Mate40 RS(5G),NOP-AN00,Mate40 RS(5G),开机靓好,220,CNY/台,开机主板靓功能正常 屏花倒充400 要求主板靓比例正常,image,华为2.jpg,数码网报价单-0825更新/手机相关/华为2.jpg,1,1.0,visual_0825_source_crosschecked
20260825-a94b74505f105915f42a-01,2026-08-25,手机,device,华为,华为Mate系列,Mate40 RS(5G),NOP-AN00,Mate40 RS(5G),开机好碎,220,CNY/台,开机主板靓功能正常 屏花倒充400 要求主板靓比例正常,image,华为2.jpg,数码网报价单-0825更新/手机相关/华为2.jpg,1,1.0,visual_0825_source_crosschecked
20260825-69a27220974d4bf0d193-01,2026-08-25,手机,device,华为,华为Mate系列,Mate40 RS(5G),NOP-AN00,Mate40 RS(5G),开机碎屏,80,CNY/台,开机主板靓功能正常 屏花倒充400 要求主板靓比例正常,image,华为2.jpg,数码网报价单-0825更新/手机相关/华为2.jpg,1,1.0,visual_0825_source_crosschecked
20260825-0727f132f79c96093129-01,2026-08-25,手机,device,华为,华为Mate系列,Mate40 RS(5G),NOP-AN00,Mate40 RS(5G),开机坏配件,80,CNY/台,开机主板靓功能正常 屏花倒充400 要求主板靓比例正常,image,华为2.jpg,数码网报价单-0825更新/手机相关/华为2.jpg,1,1.0,visual_0825_source_crosschecked
20260825-168539d3ee9d3ee857bc-01,2026-08-25,手机,device,华为,华为Mate系列,Mate40 RS(5G),NOP-AN00,Mate40 RS(5G),不开机,80,CNY/台,开机主板靓功能正常 屏花倒充400 要求主板靓比例正常,image,华为2.jpg,数码网报价单-0825更新/手机相关/华为2.jpg,1,1.0,visual_0825_source_crosschecked
20260825-43801ead54d336855758-01,2026-08-25,手机,device,华为,华为Mate系列,Mate40 RS(5G),NOP-AN00,Mate40 RS(5G),废板·整机,80,CNY/台,开机主板靓功能正常 屏花倒充400 要求主板靓比例正常,image,华为2.jpg,数码网报价单-0825更新/手机相关/华为2.jpg,1,1.0,visual_0825_source_crosschecked
20260825-7bbdbb9585040ea82000-01,2026-08-25,手机,device,华为,华为Mate系列,Mate40 RS(5G),NOP-AN00,Mate40 RS(5G),统货,/,CNY/台,开机主板靓功能正常 屏花倒充400 要求主板靓比例正常,image,华为2.jpg,数码网报价单-0825更新/手机相关/华为2.jpg,1,1.0,visual_0825_source_crosschecked
20260825-d143761decc5342db558-01,2026-08-25,手机,device,华为,华为Mate系列,Mate 40E 5G,OCE-AN50,Mate 40E 5G,开机靓好,150,CNY/台,开机测试主板亮屏幕有显示算开机,image,华为2.jpg,数码网报价单-0825更新/手机相关/华为2.jpg,1,1.0,visual_0825_source_crosschecked
20260825-bbc9bfd4c3a6b516038b-01,2026-08-25,手机,device,华为,华为Mate系列,Mate 40E 5G,OCE-AN50,Mate 40E 5G,开机好碎,150,CNY/台,开机测试主板亮屏幕有显示算开机,image,华为2.jpg,数码网报价单-0825更新/手机相关/华为2.jpg,1,1.0,visual_0825_source_crosschecked
20260825-989162e6064acba0356f-01,2026-08-25,手机,device,华为,华为Mate系列,Mate 40E 5G,OCE-AN50,Mate 40E 5G,开机碎屏,100,CNY/台,开机测试主板亮屏幕有显示算开机,image,华为2.jpg,数码网报价单-0825更新/手机相关/华为2.jpg,1,1.0,visual_0825_source_crosschecked
20260825-dfde7bfb84352b8a5893-01,2026-08-25,手机,device,华为,华为Mate系列,Mate 40E 5G,OCE-AN50,Mate 40E 5G,开机坏配件,100,CNY/台,开机测试主板亮屏幕有显示算开机,image,华为2.jpg,数码网报价单-0825更新/手机相关/华为2.jpg,1,1.0,visual_0825_source_crosschecked
20260825-62d9110b8992ef056180-01,2026-08-25,手机,device,华为,华为Mate系列,Mate 40E 5G,OCE-AN50,Mate 40E 5G,不开机,100,CNY/台,开机测试主板亮屏幕有显示算开机,image,华为2.jpg,数码网报价单-0825更新/手机相关/华为2.jpg,1,1.0,visual_0825_source_crosschecked
20260825-9336a9fad20d5473c0e1-01,2026-08-25,手机,device,华为,华为Mate系列,Mate 40E 5G,OCE-AN50,Mate 40E 5G,废板·整机,100,CNY/台,开机测试主板亮屏幕有显示算开机,image,华为2.jpg,数码网报价单-0825更新/手机相关/华为2.jpg,1,1.0,visual_0825_source_crosschecked
20260825-1e4847017489120d0895-01,2026-08-25,手机,device,华为,华为Mate系列,Mate 40E 5G,OCE-AN50,Mate 40E 5G,统货,/,CNY/台,开机测试主板亮屏幕有显示算开机,image,华为2.jpg,数码网报价单-0825更新/手机相关/华为2.jpg,1,1.0,visual_0825_source_crosschecked
20260825-f5763a35f97ee5ecb158-01,2026-08-25,手机,device,华为,华为Mate系列,Mate40 4G,OCE-AN00,Mate40 4G,开机靓好,150,CNY/台,电池好开机正常开机主板靓镜头靓,image,华为2.jpg,数码网报价单-0825更新/手机相关/华为2.jpg,1,1.0,visual_0825_source_crosschecked
20260825-6f24b0097aeb849011dd-01,2026-08-25,手机,device,华为,华为Mate系列,Mate40 4G,OCE-AN00,Mate40 4G,开机好碎,150,CNY/台,电池好开机正常开机主板靓镜头靓,image,华为2.jpg,数码网报价单-0825更新/手机相关/华为2.jpg,1,1.0,visual_0825_source_crosschecked
20260825-9586374eb6b2549ef3ff-01,2026-08-25,手机,device,华为,华为Mate系列,Mate40 4G,OCE-AN00,Mate40 4G,开机碎屏,100,CNY/台,电池好开机正常开机主板靓镜头靓,image,华为2.jpg,数码网报价单-0825更新/手机相关/华为2.jpg,1,1.0,visual_0825_source_crosschecked
20260825-ddb16c2b57b2e956b913-01,2026-08-25,手机,device,华为,华为Mate系列,Mate40 4G,OCE-AN00,Mate40 4G,开机坏配件,100,CNY/台,电池好开机正常开机主板靓镜头靓,image,华为2.jpg,数码网报价单-0825更新/手机相关/华为2.jpg,1,1.0,visual_0825_source_crosschecked
20260825-94c38b936a9cc0c96edd-01,2026-08-25,手机,device,华为,华为Mate系列,Mate40 4G,OCE-AN00,Mate40 4G,不开机,100,CNY/台,电池好开机正常开机主板靓镜头靓,image,华为2.jpg,数码网报价单-0825更新/手机相关/华为2.jpg,1,1.0,visual_0825_source_crosschecked
20260825-f066aeedb6bfd2af4cc1-01,2026-08-25,手机,device,华为,华为Mate系列,Mate40 4G,OCE-AN00,Mate40 4G,废板·整机,100,CNY/台,电池好开机正常开机主板靓镜头靓,image,华为2.jpg,数码网报价单-0825更新/手机相关/华为2.jpg,1,1.0,visual_0825_source_crosschecked
20260825-f2ed1e41d92914bddec4-01,2026-08-25,手机,device,华为,华为Mate系列,Mate40 4G,OCE-AN00,Mate40 4G,统货,/,CNY/台,电池好开机正常开机主板靓镜头靓,image,华为2.jpg,数码网报价单-0825更新/手机相关/华为2.jpg,1,1.0,visual_0825_source_crosschecked
20260825-b81440495dac8e0cfee5-01,2026-08-25,手机,device,华为,华为Mate系列,Mate30RS保时捷,LIO-AN00P,Mate30RS保时捷,开机靓好,300,CNY/台,/,image,华为2.jpg,数码网报价单-0825更新/手机相关/华为2.jpg,1,1.0,visual_0825_source_crosschecked
20260825-92bb01015fc672df00ab-01,2026-08-25,手机,device,华为,华为Mate系列,Mate30RS保时捷,LIO-AN00P,Mate30RS保时捷,开机好碎,300,CNY/台,/,image,华为2.jpg,数码网报价单-0825更新/手机相关/华为2.jpg,1,1.0,visual_0825_source_crosschecked
20260825-167000fa0b037d03e004-01,2026-08-25,手机,device,华为,华为Mate系列,Mate30RS保时捷,LIO-AN00P,Mate30RS保时捷,开机碎屏,100,CNY/台,/,image,华为2.jpg,数码网报价单-0825更新/手机相关/华为2.jpg,1,1.0,visual_0825_source_crosschecked
20260825-18ec9d3af33c9e5b293c-01,2026-08-25,手机,device,华为,华为Mate系列,Mate30RS保时捷,LIO-AN00P,Mate30RS保时捷,开机坏配件,100,CNY/台,/,image,华为2.jpg,数码网报价单-0825更新/手机相关/华为2.jpg,1,1.0,visual_0825_source_crosschecked
20260825-127d148d5dee38d7a2f8-01,2026-08-25,手机,device,华为,华为Mate系列,Mate30RS保时捷,LIO-AN00P,Mate30RS保时捷,不开机,100,CNY/台,/,image,华为2.jpg,数码网报价单-0825更新/手机相关/华为2.jpg,1,1.0,visual_0825_source_crosschecked
20260825-d56c99a7766ce3171d9b-01,2026-08-25,手机,device,华为,华为Mate系列,Mate30RS保时捷,LIO-AN00P,Mate30RS保时捷,废板·整机,100,CNY/台,/,image,华为2.jpg,数码网报价单-0825更新/手机相关/华为2.jpg,1,1.0,visual_0825_source_crosschecked
20260825-768ac1a29fa86d0a0107-01,2026-08-25,手机,device,华为,华为Mate系列,Mate30RS保时捷,LIO-AN00P,Mate30RS保时捷,统货,/,CNY/台,/,image,华为2.jpg,数码网报价单-0825更新/手机相关/华为2.jpg,1,1.0,visual_0825_source_crosschecked
20260825-3792e07f670fa48a12ce-01,2026-08-25,手机,device,华为,华为Mate系列,Mate30 Pro 5G,LIO-AL00,Mate30 Pro 5G,开机靓好,100,CNY/台,/,image,华为2.jpg,数码网报价单-0825更新/手机相关/华为2.jpg,1,1.0,visual_0825_source_crosschecked
20260825-6a0d8b64dcef393b2c0e-01,2026-08-25,手机,device,华为,华为Mate系列,Mate30 Pro 5G,LIO-AL00,Mate30 Pro 5G,开机好碎,100,CNY/台,/,image,华为2.jpg,数码网报价单-0825更新/手机相关/华为2.jpg,1,1.0,visual_0825_source_crosschecked
20260825-df22607dab754ccea3e4-01,2026-08-25,手机,device,华为,华为Mate系列,Mate30 Pro 5G,LIO-AL00,Mate30 Pro 5G,开机碎屏,100,CNY/台,/,image,华为2.jpg,数码网报价单-0825更新/手机相关/华为2.jpg,1,1.0,visual_0825_source_crosschecked
20260825-a9c3890f221bb6f1dd9e-01,2026-08-25,手机,device,华为,华为Mate系列,Mate30 Pro 5G,LIO-AL00,Mate30 Pro 5G,开机坏配件,100,CNY/台,/,image,华为2.jpg,数码网报价单-0825更新/手机相关/华为2.jpg,1,1.0,visual_0825_source_crosschecked
20260825-5d4245e0c0fc7462d4db-01,2026-08-25,手机,device,华为,华为Mate系列,Mate30 Pro 5G,LIO-AL00,Mate30 Pro 5G,不开机,100,CNY/台,/,image,华为2.jpg,数码网报价单-0825更新/手机相关/华为2.jpg,1,1.0,visual_0825_source_crosschecked
20260825-83fd10fe4fb5dea74b98-01,2026-08-25,手机,device,华为,华为Mate系列,Mate30 Pro 5G,LIO-AL00,Mate30 Pro 5G,废板·整机,100,CNY/台,/,image,华为2.jpg,数码网报价单-0825更新/手机相关/华为2.jpg,1,1.0,visual_0825_source_crosschecked
20260825-79457de3258b13222cdb-01,2026-08-25,手机,device,华为,华为Mate系列,Mate30 Pro 5G,LIO-AL00,Mate30 Pro 5G,统货,/,CNY/台,/,image,华为2.jpg,数码网报价单-0825更新/手机相关/华为2.jpg,1,1.0,visual_0825_source_crosschecked
20260825-d8633ae93b7a5ea05a38-01,2026-08-25,手机,device,华为,华为Mate系列,Mate30 5G,TAS-AN00,Mate30 5G,开机靓好,300,CNY/台,/,image,华为2.jpg,数码网报价单-0825更新/手机相关/华为2.jpg,1,1.0,visual_0825_source_crosschecked
20260825-923d7b462ba5c2f80820-01,2026-08-25,手机,device,华为,华为Mate系列,Mate30 5G,TAS-AN00,Mate30 5G,开机好碎,100,CNY/台,/,image,华为2.jpg,数码网报价单-0825更新/手机相关/华为2.jpg,1,1.0,visual_0825_source_crosschecked
20260825-cbf3fccfa3f633caf0fe-01,2026-08-25,手机,device,华为,华为Mate系列,Mate30 5G,TAS-AN00,Mate30 5G,开机碎屏,100,CNY/台,/,image,华为2.jpg,数码网报价单-0825更新/手机相关/华为2.jpg,1,1.0,visual_0825_source_crosschecked
20260825-529e3a09167417b38b7d-01,2026-08-25,手机,device,华为,华为Mate系列,Mate30 5G,TAS-AN00,Mate30 5G,开机坏配件,100,CNY/台,/,image,华为2.jpg,数码网报价单-0825更新/手机相关/华为2.jpg,1,1.0,visual_0825_source_crosschecked
20260825-80262a34ac677446c437-01,2026-08-25,手机,device,华为,华为Mate系列,Mate30 5G,TAS-AN00,Mate30 5G,不开机,100,CNY/台,/,image,华为2.jpg,数码网报价单-0825更新/手机相关/华为2.jpg,1,1.0,visual_0825_source_crosschecked
20260825-7c66b06c04c6d88e80dc-01,2026-08-25,手机,device,华为,华为Mate系列,Mate30 5G,TAS-AN00,Mate30 5G,废板·整机,100,CNY/台,/,image,华为2.jpg,数码网报价单-0825更新/手机相关/华为2.jpg,1,1.0,visual_0825_source_crosschecked
20260825-bca7163b659bb845d7cd-01,2026-08-25,手机,device,华为,华为Mate系列,Mate30 5G,TAS-AN00,Mate30 5G,统货,/,CNY/台,/,image,华为2.jpg,数码网报价单-0825更新/手机相关/华为2.jpg,1,1.0,visual_0825_source_crosschecked
20260825-ad5819b419e1bb92e2aa-01,2026-08-25,手机,device,华为,华为Mate系列,Mate30 4G,TAS-AL00,Mate30 4G,开机靓好,150,CNY/台,/,image,华为2.jpg,数码网报价单-0825更新/手机相关/华为2.jpg,1,1.0,visual_0825_source_crosschecked
20260825-40b149cd153866cc1d61-01,2026-08-25,手机,device,华为,华为Mate系列,Mate30 4G,TAS-AL00,Mate30 4G,开机好碎,150,CNY/台,/,image,华为2.jpg,数码网报价单-0825更新/手机相关/华为2.jpg,1,1.0,visual_0825_source_crosschecked
20260825-68fbccf33a2a5d7cfde5-01,2026-08-25,手机,device,华为,华为Mate系列,Mate30 4G,TAS-AL00,Mate30 4G,开机碎屏,90,CNY/台,/,image,华为2.jpg,数码网报价单-0825更新/手机相关/华为2.jpg,1,1.0,visual_0825_source_crosschecked
20260825-1134383ddec55a9e8746-01,2026-08-25,手机,device,华为,华为Mate系列,Mate30 4G,TAS-AL00,Mate30 4G,开机坏配件,90,CNY/台,/,image,华为2.jpg,数码网报价单-0825更新/手机相关/华为2.jpg,1,1.0,visual_0825_source_crosschecked
20260825-62fca41f3a453dc0aac0-01,2026-08-25,手机,device,华为,华为Mate系列,Mate30 4G,TAS-AL00,Mate30 4G,不开机,90,CNY/台,/,image,华为2.jpg,数码网报价单-0825更新/手机相关/华为2.jpg,1,1.0,visual_0825_source_crosschecked
20260825-1e72b9bb208a63ef5181-01,2026-08-25,手机,device,华为,华为Mate系列,Mate30 4G,TAS-AL00,Mate30 4G,废板·整机,90,CNY/台,/,image,华为2.jpg,数码网报价单-0825更新/手机相关/华为2.jpg,1,1.0,visual_0825_source_crosschecked
20260825-68cf1793f3e5d9bcab26-01,2026-08-25,手机,device,华为,华为Mate系列,Mate30 4G,TAS-AL00,Mate30 4G,统货,/,CNY/台,/,image,华为2.jpg,数码网报价单-0825更新/手机相关/华为2.jpg,1,1.0,visual_0825_source_crosschecked
20260825-9d9f7405e6b07911325b-01,2026-08-25,手机,device,华为,华为Mate系列,Mate20保时捷,LYA-AL00,Mate20保时捷,开机靓好,140,CNY/台,/,image,华为2.jpg,数码网报价单-0825更新/手机相关/华为2.jpg,1,1.0,visual_0825_source_crosschecked
20260825-a4bd03c2347d59d75b2b-01,2026-08-25,手机,device,华为,华为Mate系列,Mate20保时捷,LYA-AL00,Mate20保时捷,开机好碎,140,CNY/台,/,image,华为2.jpg,数码网报价单-0825更新/手机相关/华为2.jpg,1,1.0,visual_0825_source_crosschecked
20260825-cc5a858f6dc921e26b85-01,2026-08-25,手机,device,华为,华为Mate系列,Mate20保时捷,LYA-AL00,Mate20保时捷,开机碎屏,140,CNY/台,/,image,华为2.jpg,数码网报价单-0825更新/手机相关/华为2.jpg,1,1.0,visual_0825_source_crosschecked
20260825-a0a16b99775435657ff7-01,2026-08-25,手机,device,华为,华为Mate系列,Mate20保时捷,LYA-AL00,Mate20保时捷,开机坏配件,140,CNY/台,/,image,华为2.jpg,数码网报价单-0825更新/手机相关/华为2.jpg,1,1.0,visual_0825_source_crosschecked
20260825-822035383d550da8749a-01,2026-08-25,手机,device,华为,华为Mate系列,Mate20保时捷,LYA-AL00,Mate20保时捷,不开机,140,CNY/台,/,image,华为2.jpg,数码网报价单-0825更新/手机相关/华为2.jpg,1,1.0,visual_0825_source_crosschecked
20260825-bf44aeb9e6e8fea8f4e3-01,2026-08-25,手机,device,华为,华为Mate系列,Mate20保时捷,LYA-AL00,Mate20保时捷,废板·整机,140,CNY/台,/,image,华为2.jpg,数码网报价单-0825更新/手机相关/华为2.jpg,1,1.0,visual_0825_source_crosschecked
20260825-47ec922c50229283552e-01,2026-08-25,手机,device,华为,华为Mate系列,Mate20保时捷,LYA-AL00,Mate20保时捷,统货,/,CNY/台,/,image,华为2.jpg,数码网报价单-0825更新/手机相关/华为2.jpg,1,1.0,visual_0825_source_crosschecked
20260825-251b129d09f251fbe664-01,2026-08-25,手机,device,华为,华为Mate系列,Mate20 Pro(8+256),LYA-AL00,Mate20 Pro(8+256),开机靓好,100,CNY/台,/,image,华为2.jpg,数码网报价单-0825更新/手机相关/华为2.jpg,1,1.0,visual_0825_source_crosschecked
20260825-292998c4581cd818ea53-01,2026-08-25,手机,device,华为,华为Mate系列,Mate20 Pro(8+256),LYA-AL00,Mate20 Pro(8+256),开机好碎,100,CNY/台,/,image,华为2.jpg,数码网报价单-0825更新/手机相关/华为2.jpg,1,1.0,visual_0825_source_crosschecked
20260825-aa1c82d5af7186b6913a-01,2026-08-25,手机,device,华为,华为Mate系列,Mate20 Pro(8+256),LYA-AL00,Mate20 Pro(8+256),开机碎屏,100,CNY/台,/,image,华为2.jpg,数码网报价单-0825更新/手机相关/华为2.jpg,1,1.0,visual_0825_source_crosschecked
20260825-29309485608f2d2f0510-01,2026-08-25,手机,device,华为,华为Mate系列,Mate20 Pro(8+256),LYA-AL00,Mate20 Pro(8+256),开机坏配件,100,CNY/台,/,image,华为2.jpg,数码网报价单-0825更新/手机相关/华为2.jpg,1,1.0,visual_0825_source_crosschecked
20260825-6413b67c7334cf674d70-01,2026-08-25,手机,device,华为,华为Mate系列,Mate20 Pro(8+256),LYA-AL00,Mate20 Pro(8+256),不开机,100,CNY/台,/,image,华为2.jpg,数码网报价单-0825更新/手机相关/华为2.jpg,1,1.0,visual_0825_source_crosschecked
20260825-e39bf586f43b5ac4774b-01,2026-08-25,手机,device,华为,华为Mate系列,Mate20 Pro(8+256),LYA-AL00,Mate20 Pro(8+256),废板·整机,100,CNY/台,/,image,华为2.jpg,数码网报价单-0825更新/手机相关/华为2.jpg,1,1.0,visual_0825_source_crosschecked
20260825-7c70b02f4f86d95bdc37-01,2026-08-25,手机,device,华为,华为Mate系列,Mate20 Pro(8+256),LYA-AL00,Mate20 Pro(8+256),统货,/,CNY/台,/,image,华为2.jpg,数码网报价单-0825更新/手机相关/华为2.jpg,1,1.0,visual_0825_source_crosschecked
20260825-90fba00995eab4419056-01,2026-08-25,手机,device,华为,华为Mate系列,Mate20 Pro(6+128),LYA-AL00,Mate20 Pro(6+128),开机靓好,90,CNY/台,/,image,华为2.jpg,数码网报价单-0825更新/手机相关/华为2.jpg,1,1.0,visual_0825_source_crosschecked
20260825-78fab7ec89aa94123efb-01,2026-08-25,手机,device,华为,华为Mate系列,Mate20 Pro(6+128),LYA-AL00,Mate20 Pro(6+128),开机好碎,90,CNY/台,/,image,华为2.jpg,数码网报价单-0825更新/手机相关/华为2.jpg,1,1.0,visual_0825_source_crosschecked
20260825-55cd8a59b528feced790-01,2026-08-25,手机,device,华为,华为Mate系列,Mate20 Pro(6+128),LYA-AL00,Mate20 Pro(6+128),开机碎屏,90,CNY/台,/,image,华为2.jpg,数码网报价单-0825更新/手机相关/华为2.jpg,1,1.0,visual_0825_source_crosschecked
20260825-8575b82adb425f564ada-01,2026-08-25,手机,device,华为,华为Mate系列,Mate20 Pro(6+128),LYA-AL00,Mate20 Pro(6+128),开机坏配件,90,CNY/台,/,image,华为2.jpg,数码网报价单-0825更新/手机相关/华为2.jpg,1,1.0,visual_0825_source_crosschecked
20260825-ca6679b45fd45d9de281-01,2026-08-25,手机,device,华为,华为Mate系列,Mate20 Pro(6+128),LYA-AL00,Mate20 Pro(6+128),不开机,90,CNY/台,/,image,华为2.jpg,数码网报价单-0825更新/手机相关/华为2.jpg,1,1.0,visual_0825_source_crosschecked
20260825-16c33a1cabf2b0f63d72-01,2026-08-25,手机,device,华为,华为Mate系列,Mate20 Pro(6+128),LYA-AL00,Mate20 Pro(6+128),废板·整机,90,CNY/台,/,image,华为2.jpg,数码网报价单-0825更新/手机相关/华为2.jpg,1,1.0,visual_0825_source_crosschecked
20260825-e8ee7b4075cda1883ad4-01,2026-08-25,手机,device,华为,华为Mate系列,Mate20 Pro(6+128),LYA-AL00,Mate20 Pro(6+128),统货,/,CNY/台,/,image,华为2.jpg,数码网报价单-0825更新/手机相关/华为2.jpg,1,1.0,visual_0825_source_crosschecked
20260825-2253f82c1ffc5750525f-01,2026-08-25,手机,device,华为,华为Mate系列,Mate20 pro (8+128),LYA-AL00,Mate20 pro (8+128),开机靓好,75,CNY/台,/,image,华为2.jpg,数码网报价单-0825更新/手机相关/华为2.jpg,1,1.0,visual_0825_source_crosschecked
20260825-128aa79c474c4b8575f8-01,2026-08-25,手机,device,华为,华为Mate系列,Mate20 pro (8+128),LYA-AL00,Mate20 pro (8+128),开机好碎,75,CNY/台,/,image,华为2.jpg,数码网报价单-0825更新/手机相关/华为2.jpg,1,1.0,visual_0825_source_crosschecked
20260825-860962a1ca990bbab0c2-01,2026-08-25,手机,device,华为,华为Mate系列,Mate20 pro (8+128),LYA-AL00,Mate20 pro (8+128),开机碎屏,75,CNY/台,/,image,华为2.jpg,数码网报价单-0825更新/手机相关/华为2.jpg,1,1.0,visual_0825_source_crosschecked
20260825-3bcca6b96583813b265c-01,2026-08-25,手机,device,华为,华为Mate系列,Mate20 pro (8+128),LYA-AL00,Mate20 pro (8+128),开机坏配件,75,CNY/台,/,image,华为2.jpg,数码网报价单-0825更新/手机相关/华为2.jpg,1,1.0,visual_0825_source_crosschecked
20260825-0164790dfe3c8764faa1-01,2026-08-25,手机,device,华为,华为Mate系列,Mate20 pro (8+128),LYA-AL00,Mate20 pro (8+128),不开机,75,CNY/台,/,image,华为2.jpg,数码网报价单-0825更新/手机相关/华为2.jpg,1,1.0,visual_0825_source_crosschecked
20260825-97dacd7b41ebc2523245-01,2026-08-25,手机,device,华为,华为Mate系列,Mate20 pro (8+128),LYA-AL00,Mate20 pro (8+128),废板·整机,75,CNY/台,/,image,华为2.jpg,数码网报价单-0825更新/手机相关/华为2.jpg,1,1.0,visual_0825_source_crosschecked
20260825-c2c0a38c3b259b779373-01,2026-08-25,手机,device,华为,华为Mate系列,Mate20 pro (8+128),LYA-AL00,Mate20 pro (8+128),统货,/,CNY/台,/,image,华为2.jpg,数码网报价单-0825更新/手机相关/华为2.jpg,1,1.0,visual_0825_source_crosschecked
20260825-b98cb796f5eb76597b0e-01,2026-08-25,手机,device,华为,华为Mate系列,Mate20 (8+128),HMA-AL00,Mate20 (8+128),开机靓好,70,CNY/台,/,image,华为2.jpg,数码网报价单-0825更新/手机相关/华为2.jpg,1,1.0,visual_0825_source_crosschecked
20260825-de371889bc70549755d4-01,2026-08-25,手机,device,华为,华为Mate系列,Mate20 (8+128),HMA-AL00,Mate20 (8+128),开机好碎,70,CNY/台,/,image,华为2.jpg,数码网报价单-0825更新/手机相关/华为2.jpg,1,1.0,visual_0825_source_crosschecked
20260825-db8a1016f1d908922f77-01,2026-08-25,手机,device,华为,华为Mate系列,Mate20 (8+128),HMA-AL00,Mate20 (8+128),开机碎屏,70,CNY/台,/,image,华为2.jpg,数码网报价单-0825更新/手机相关/华为2.jpg,1,1.0,visual_0825_source_crosschecked
20260825-e1d932e99466a11ff42b-01,2026-08-25,手机,device,华为,华为Mate系列,Mate20 (8+128),HMA-AL00,Mate20 (8+128),开机坏配件,70,CNY/台,/,image,华为2.jpg,数码网报价单-0825更新/手机相关/华为2.jpg,1,1.0,visual_0825_source_crosschecked
20260825-95730366201965ed21e4-01,2026-08-25,手机,device,华为,华为Mate系列,Mate20 (8+128),HMA-AL00,Mate20 (8+128),不开机,70,CNY/台,/,image,华为2.jpg,数码网报价单-0825更新/手机相关/华为2.jpg,1,1.0,visual_0825_source_crosschecked
20260825-8af8a152df704340a4a4-01,2026-08-25,手机,device,华为,华为Mate系列,Mate20 (8+128),HMA-AL00,Mate20 (8+128),废板·整机,70,CNY/台,/,image,华为2.jpg,数码网报价单-0825更新/手机相关/华为2.jpg,1,1.0,visual_0825_source_crosschecked
20260825-e21672d84c02bd367827-01,2026-08-25,手机,device,华为,华为Mate系列,Mate20 (8+128),HMA-AL00,Mate20 (8+128),统货,/,CNY/台,/,image,华为2.jpg,数码网报价单-0825更新/手机相关/华为2.jpg,1,1.0,visual_0825_source_crosschecked
20260825-f328cc04dfe0d621c559-01,2026-08-25,手机,device,华为,华为Mate系列,Mate20 (6+64),HMA-AL00,Mate20 (6+64),开机靓好,60,CNY/台,/,image,华为2.jpg,数码网报价单-0825更新/手机相关/华为2.jpg,1,1.0,visual_0825_source_crosschecked
20260825-ad3091dd50b10933e7f9-01,2026-08-25,手机,device,华为,华为Mate系列,Mate20 (6+64),HMA-AL00,Mate20 (6+64),开机好碎,60,CNY/台,/,image,华为2.jpg,数码网报价单-0825更新/手机相关/华为2.jpg,1,1.0,visual_0825_source_crosschecked
20260825-2e282be406c91d306193-01,2026-08-25,手机,device,华为,华为Mate系列,Mate20 (6+64),HMA-AL00,Mate20 (6+64),开机碎屏,60,CNY/台,/,image,华为2.jpg,数码网报价单-0825更新/手机相关/华为2.jpg,1,1.0,visual_0825_source_crosschecked
20260825-c26f1cb6beac0d4278d9-01,2026-08-25,手机,device,华为,华为Mate系列,Mate20 (6+64),HMA-AL00,Mate20 (6+64),开机坏配件,60,CNY/台,/,image,华为2.jpg,数码网报价单-0825更新/手机相关/华为2.jpg,1,1.0,visual_0825_source_crosschecked
20260825-d94904f1ba2fb1d0fcbc-01,2026-08-25,手机,device,华为,华为Mate系列,Mate20 (6+64),HMA-AL00,Mate20 (6+64),不开机,60,CNY/台,/,image,华为2.jpg,数码网报价单-0825更新/手机相关/华为2.jpg,1,1.0,visual_0825_source_crosschecked
20260825-303e59b51f7308edae29-01,2026-08-25,手机,device,华为,华为Mate系列,Mate20 (6+64),HMA-AL00,Mate20 (6+64),废板·整机,60,CNY/台,/,image,华为2.jpg,数码网报价单-0825更新/手机相关/华为2.jpg,1,1.0,visual_0825_source_crosschecked
20260825-8711b47c65af7fc56a63-01,2026-08-25,手机,device,华为,华为Mate系列,Mate20 (6+64),HMA-AL00,Mate20 (6+64),统货,/,CNY/台,/,image,华为2.jpg,数码网报价单-0825更新/手机相关/华为2.jpg,1,1.0,visual_0825_source_crosschecked
20260825-22134841cb9635ca6bfe-01,2026-08-25,手机,device,华为,华为Mate系列,Mate20 X(5G),EVR-AN00,Mate20 X(5G),开机靓好,160,CNY/台,/,image,华为2.jpg,数码网报价单-0825更新/手机相关/华为2.jpg,1,1.0,visual_0825_source_crosschecked
20260825-162c8ab6d62348d0ee48-01,2026-08-25,手机,device,华为,华为Mate系列,Mate20 X(5G),EVR-AN00,Mate20 X(5G),开机好碎,100,CNY/台,/,image,华为2.jpg,数码网报价单-0825更新/手机相关/华为2.jpg,1,1.0,visual_0825_source_crosschecked
20260825-5f3300bbd6a2de9e2e3c-01,2026-08-25,手机,device,华为,华为Mate系列,Mate20 X(5G),EVR-AN00,Mate20 X(5G),开机碎屏,100,CNY/台,/,image,华为2.jpg,数码网报价单-0825更新/手机相关/华为2.jpg,1,1.0,visual_0825_source_crosschecked
20260825-8a66708df5478d9ed7cc-01,2026-08-25,手机,device,华为,华为Mate系列,Mate20 X(5G),EVR-AN00,Mate20 X(5G),开机坏配件,100,CNY/台,/,image,华为2.jpg,数码网报价单-0825更新/手机相关/华为2.jpg,1,1.0,visual_0825_source_crosschecked
20260825-d5fd81f69da02de1f030-01,2026-08-25,手机,device,华为,华为Mate系列,Mate20 X(5G),EVR-AN00,Mate20 X(5G),不开机,100,CNY/台,/,image,华为2.jpg,数码网报价单-0825更新/手机相关/华为2.jpg,1,1.0,visual_0825_source_crosschecked
20260825-285caa687b2f3fc6dd42-01,2026-08-25,手机,device,华为,华为Mate系列,Mate20 X(5G),EVR-AN00,Mate20 X(5G),废板·整机,100,CNY/台,/,image,华为2.jpg,数码网报价单-0825更新/手机相关/华为2.jpg,1,1.0,visual_0825_source_crosschecked
20260825-f12951aaf2beddb70cf4-01,2026-08-25,手机,device,华为,华为Mate系列,Mate20 X(5G),EVR-AN00,Mate20 X(5G),统货,/,CNY/台,/,image,华为2.jpg,数码网报价单-0825更新/手机相关/华为2.jpg,1,1.0,visual_0825_source_crosschecked
20260825-86c5b5d68658815e1d3d-01,2026-08-25,手机,device,华为,华为Mate系列,Mate10 Pro,BLA-AL00,Mate10 Pro,开机靓好,120,CNY/台,/,image,华为2.jpg,数码网报价单-0825更新/手机相关/华为2.jpg,1,1.0,visual_0825_source_crosschecked
20260825-aa3670f68d11df4dfee2-01,2026-08-25,手机,device,华为,华为Mate系列,Mate10 Pro,BLA-AL00,Mate10 Pro,开机好碎,120,CNY/台,/,image,华为2.jpg,数码网报价单-0825更新/手机相关/华为2.jpg,1,1.0,visual_0825_source_crosschecked
20260825-cac3154a92d29fb2ef42-01,2026-08-25,手机,device,华为,华为Mate系列,Mate10 Pro,BLA-AL00,Mate10 Pro,开机碎屏,80,CNY/台,/,image,华为2.jpg,数码网报价单-0825更新/手机相关/华为2.jpg,1,1.0,visual_0825_source_crosschecked
20260825-4b693b7170eba935067b-01,2026-08-25,手机,device,华为,华为Mate系列,Mate10 Pro,BLA-AL00,Mate10 Pro,开机坏配件,80,CNY/台,/,image,华为2.jpg,数码网报价单-0825更新/手机相关/华为2.jpg,1,1.0,visual_0825_source_crosschecked
20260825-761a333efe928fe505d4-01,2026-08-25,手机,device,华为,华为Mate系列,Mate10 Pro,BLA-AL00,Mate10 Pro,不开机,/,CNY/台,/,image,华为2.jpg,数码网报价单-0825更新/手机相关/华为2.jpg,1,1.0,visual_0825_source_crosschecked
20260825-0f1e79cffd028282537a-01,2026-08-25,手机,device,华为,华为Mate系列,Mate10 Pro,BLA-AL00,Mate10 Pro,废板·整机,/,CNY/台,/,image,华为2.jpg,数码网报价单-0825更新/手机相关/华为2.jpg,1,1.0,visual_0825_source_crosschecked
20260825-760718ef3baecb8aac55-01,2026-08-25,手机,device,华为,华为Mate系列,Mate10 Pro,BLA-AL00,Mate10 Pro,统货,/,CNY/台,/,image,华为2.jpg,数码网报价单-0825更新/手机相关/华为2.jpg,1,1.0,visual_0825_source_crosschecked
20260825-435933ca1a97a6b44c62-01,2026-08-25,手机,device,华为,华为Mate系列,Mate10pro,BLA-AL00,Mate10pro,开机靓好,70,CNY/台,/,image,华为2.jpg,数码网报价单-0825更新/手机相关/华为2.jpg,1,1.0,visual_0825_source_crosschecked
20260825-82fbe91b963b65845e77-01,2026-08-25,手机,device,华为,华为Mate系列,Mate10pro,BLA-AL00,Mate10pro,开机好碎,70,CNY/台,/,image,华为2.jpg,数码网报价单-0825更新/手机相关/华为2.jpg,1,1.0,visual_0825_source_crosschecked
20260825-3adeb729155202ec41a5-01,2026-08-25,手机,device,华为,华为Mate系列,Mate10pro,BLA-AL00,Mate10pro,开机碎屏,70,CNY/台,/,image,华为2.jpg,数码网报价单-0825更新/手机相关/华为2.jpg,1,1.0,visual_0825_source_crosschecked
20260825-ce0f87af54c43812c291-01,2026-08-25,手机,device,华为,华为Mate系列,Mate10pro,BLA-AL00,Mate10pro,开机坏配件,70,CNY/台,/,image,华为2.jpg,数码网报价单-0825更新/手机相关/华为2.jpg,1,1.0,visual_0825_source_crosschecked
20260825-33f5ca2f746f7d6e3504-01,2026-08-25,手机,device,华为,华为Mate系列,Mate10pro,BLA-AL00,Mate10pro,不开机,/,CNY/台,/,image,华为2.jpg,数码网报价单-0825更新/手机相关/华为2.jpg,1,1.0,visual_0825_source_crosschecked
20260825-6c23bc56c33567089020-01,2026-08-25,手机,device,华为,华为Mate系列,Mate10pro,BLA-AL00,Mate10pro,废板·整机,/,CNY/台,/,image,华为2.jpg,数码网报价单-0825更新/手机相关/华为2.jpg,1,1.0,visual_0825_source_crosschecked
20260825-e032aa479fc57f2c7a12-01,2026-08-25,手机,device,华为,华为Mate系列,Mate10pro,BLA-AL00,Mate10pro,统货,/,CNY/台,/,image,华为2.jpg,数码网报价单-0825更新/手机相关/华为2.jpg,1,1.0,visual_0825_source_crosschecked
20260825-2311cb05a60075eaa6ca-01,2026-08-25,手机,device,华为,华为Mate系列,Mate10,ALP-AL00,Mate10,开机靓好,60,CNY/台,开机测试主板亮屏幕有显示算开机,image,华为2.jpg,数码网报价单-0825更新/手机相关/华为2.jpg,1,1.0,visual_0825_source_crosschecked
20260825-b09f5fa47d6fd8f9b7c2-01,2026-08-25,手机,device,华为,华为Mate系列,Mate10,ALP-AL00,Mate10,开机好碎,60,CNY/台,开机测试主板亮屏幕有显示算开机,image,华为2.jpg,数码网报价单-0825更新/手机相关/华为2.jpg,1,1.0,visual_0825_source_crosschecked
20260825-2bc9ce0676b828f8a8ff-01,2026-08-25,手机,device,华为,华为Mate系列,Mate10,ALP-AL00,Mate10,开机碎屏,60,CNY/台,开机测试主板亮屏幕有显示算开机,image,华为2.jpg,数码网报价单-0825更新/手机相关/华为2.jpg,1,1.0,visual_0825_source_crosschecked
20260825-520a1e037f9e2a4dcbc4-01,2026-08-25,手机,device,华为,华为Mate系列,Mate10,ALP-AL00,Mate10,开机坏配件,60,CNY/台,开机测试主板亮屏幕有显示算开机,image,华为2.jpg,数码网报价单-0825更新/手机相关/华为2.jpg,1,1.0,visual_0825_source_crosschecked
20260825-837fdaa611de44d73016-01,2026-08-25,手机,device,华为,华为Mate系列,Mate10,ALP-AL00,Mate10,不开机,/,CNY/台,开机测试主板亮屏幕有显示算开机,image,华为2.jpg,数码网报价单-0825更新/手机相关/华为2.jpg,1,1.0,visual_0825_source_crosschecked
20260825-fbe97f08f5ac7062cf96-01,2026-08-25,手机,device,华为,华为Mate系列,Mate10,ALP-AL00,Mate10,废板·整机,/,CNY/台,开机测试主板亮屏幕有显示算开机,image,华为2.jpg,数码网报价单-0825更新/手机相关/华为2.jpg,1,1.0,visual_0825_source_crosschecked
20260825-b73612a7bbf31a2498eb-01,2026-08-25,手机,device,华为,华为Mate系列,Mate10,ALP-AL00,Mate10,统货,/,CNY/台,开机测试主板亮屏幕有显示算开机,image,华为2.jpg,数码网报价单-0825更新/手机相关/华为2.jpg,1,1.0,visual_0825_source_crosschecked
20260825-87fe51edd411039f80f0-01,2026-08-25,手机,device,华为,华为Mate系列,Mate9pro,LON-AL00,Mate9pro,开机靓好,60,CNY/台,开机测试主板亮屏幕有显示算开机,image,华为2.jpg,数码网报价单-0825更新/手机相关/华为2.jpg,1,1.0,visual_0825_source_crosschecked
20260825-0727cd203a9101e7983a-01,2026-08-25,手机,device,华为,华为Mate系列,Mate9pro,LON-AL00,Mate9pro,开机好碎,60,CNY/台,开机测试主板亮屏幕有显示算开机,image,华为2.jpg,数码网报价单-0825更新/手机相关/华为2.jpg,1,1.0,visual_0825_source_crosschecked
20260825-69b71f3dc6b28f29880e-01,2026-08-25,手机,device,华为,华为Mate系列,Mate9pro,LON-AL00,Mate9pro,开机碎屏,60,CNY/台,开机测试主板亮屏幕有显示算开机,image,华为2.jpg,数码网报价单-0825更新/手机相关/华为2.jpg,1,1.0,visual_0825_source_crosschecked
20260825-7b490f86e3911ba104c4-01,2026-08-25,手机,device,华为,华为Mate系列,Mate9pro,LON-AL00,Mate9pro,开机坏配件,60,CNY/台,开机测试主板亮屏幕有显示算开机,image,华为2.jpg,数码网报价单-0825更新/手机相关/华为2.jpg,1,1.0,visual_0825_source_crosschecked
20260825-1319c85dd8a8bf56693d-01,2026-08-25,手机,device,华为,华为Mate系列,Mate9pro,LON-AL00,Mate9pro,不开机,/,CNY/台,开机测试主板亮屏幕有显示算开机,image,华为2.jpg,数码网报价单-0825更新/手机相关/华为2.jpg,1,1.0,visual_0825_source_crosschecked
20260825-8a19e0bdf6ae2ebb71ff-01,2026-08-25,手机,device,华为,华为Mate系列,Mate9pro,LON-AL00,Mate9pro,废板·整机,/,CNY/台,开机测试主板亮屏幕有显示算开机,image,华为2.jpg,数码网报价单-0825更新/手机相关/华为2.jpg,1,1.0,visual_0825_source_crosschecked
20260825-8ce0f5dd09ef48fb00bd-01,2026-08-25,手机,device,华为,华为Mate系列,Mate9pro,LON-AL00,Mate9pro,统货,/,CNY/台,开机测试主板亮屏幕有显示算开机,image,华为2.jpg,数码网报价单-0825更新/手机相关/华为2.jpg,1,1.0,visual_0825_source_crosschecked
20260825-2e162d593a1bca0bc11e-01,2026-08-25,手机,device,华为,华为Mate系列,Mate9,MHA-AL00,Mate9,开机靓好,60,CNY/台,/,image,华为2.jpg,数码网报价单-0825更新/手机相关/华为2.jpg,1,1.0,visual_0825_source_crosschecked
20260825-6d11e80d67f049e21dab-01,2026-08-25,手机,device,华为,华为Mate系列,Mate9,MHA-AL00,Mate9,开机好碎,60,CNY/台,/,image,华为2.jpg,数码网报价单-0825更新/手机相关/华为2.jpg,1,1.0,visual_0825_source_crosschecked
20260825-8c25755c72902fda808c-01,2026-08-25,手机,device,华为,华为Mate系列,Mate9,MHA-AL00,Mate9,开机碎屏,60,CNY/台,/,image,华为2.jpg,数码网报价单-0825更新/手机相关/华为2.jpg,1,1.0,visual_0825_source_crosschecked
20260825-ea60e737afdf0d133343-01,2026-08-25,手机,device,华为,华为Mate系列,Mate9,MHA-AL00,Mate9,开机坏配件,60,CNY/台,/,image,华为2.jpg,数码网报价单-0825更新/手机相关/华为2.jpg,1,1.0,visual_0825_source_crosschecked
20260825-757e6de1597380de08f4-01,2026-08-25,手机,device,华为,华为Mate系列,Mate9,MHA-AL00,Mate9,不开机,/,CNY/台,/,image,华为2.jpg,数码网报价单-0825更新/手机相关/华为2.jpg,1,1.0,visual_0825_source_crosschecked
20260825-cb677dd0ab758eabc14f-01,2026-08-25,手机,device,华为,华为Mate系列,Mate9,MHA-AL00,Mate9,废板·整机,/,CNY/台,/,image,华为2.jpg,数码网报价单-0825更新/手机相关/华为2.jpg,1,1.0,visual_0825_source_crosschecked
20260825-ba31d30328cbdf28ee96-01,2026-08-25,手机,device,华为,华为Mate系列,Mate9,MHA-AL00,Mate9,统货,/,CNY/台,/,image,华为2.jpg,数码网报价单-0825更新/手机相关/华为2.jpg,1,1.0,visual_0825_source_crosschecked
20260825-35c0e461c4707da619e0-01,2026-08-25,手机,device,华为,华为Mate系列,Mate8 (4+64),NXT-AL00,Mate8 (4+64),开机靓好,62,CNY/台,开机芯片无损坏 烧坏打字不计,image,华为2.jpg,数码网报价单-0825更新/手机相关/华为2.jpg,1,1.0,visual_0825_source_crosschecked
20260825-cf81c0d42912f36d6bd5-01,2026-08-25,手机,device,华为,华为Mate系列,Mate8 (4+64),NXT-AL00,Mate8 (4+64),开机好碎,62,CNY/台,开机芯片无损坏 烧坏打字不计,image,华为2.jpg,数码网报价单-0825更新/手机相关/华为2.jpg,1,1.0,visual_0825_source_crosschecked
20260825-83e32bcef39e53452090-01,2026-08-25,手机,device,华为,华为Mate系列,Mate8 (4+64),NXT-AL00,Mate8 (4+64),开机碎屏,62,CNY/台,开机芯片无损坏 烧坏打字不计,image,华为2.jpg,数码网报价单-0825更新/手机相关/华为2.jpg,1,1.0,visual_0825_source_crosschecked
20260825-4b2449d06d91fa23d0a2-01,2026-08-25,手机,device,华为,华为Mate系列,Mate8 (4+64),NXT-AL00,Mate8 (4+64),开机坏配件,62,CNY/台,开机芯片无损坏 烧坏打字不计,image,华为2.jpg,数码网报价单-0825更新/手机相关/华为2.jpg,1,1.0,visual_0825_source_crosschecked
20260825-8c9109318b507e6ecbd8-01,2026-08-25,手机,device,华为,华为Mate系列,Mate8 (4+64),NXT-AL00,Mate8 (4+64),不开机,62,CNY/台,开机芯片无损坏 烧坏打字不计,image,华为2.jpg,数码网报价单-0825更新/手机相关/华为2.jpg,1,1.0,visual_0825_source_crosschecked
20260825-5720664679eb016e8e51-01,2026-08-25,手机,device,华为,华为Mate系列,Mate8 (4+64),NXT-AL00,Mate8 (4+64),废板·整机,62,CNY/台,开机芯片无损坏 烧坏打字不计,image,华为2.jpg,数码网报价单-0825更新/手机相关/华为2.jpg,1,1.0,visual_0825_source_crosschecked
20260825-2f43374a324f42cc95d3-01,2026-08-25,手机,device,华为,华为Mate系列,Mate8 (4+64),NXT-AL00,Mate8 (4+64),统货,/,CNY/台,开机芯片无损坏 烧坏打字不计,image,华为2.jpg,数码网报价单-0825更新/手机相关/华为2.jpg,1,1.0,visual_0825_source_crosschecked
20260825-026402dcdbbc69d4d1c2-01,2026-08-25,手机,device,华为,华为Mate系列,Mate8 (3+32),NXT-AL00,Mate8 (3+32),开机靓好,38,CNY/台,/,image,华为2.jpg,数码网报价单-0825更新/手机相关/华为2.jpg,1,1.0,visual_0825_source_crosschecked
20260825-6f2fd33a5272807db774-01,2026-08-25,手机,device,华为,华为Mate系列,Mate8 (3+32),NXT-AL00,Mate8 (3+32),开机好碎,38,CNY/台,/,image,华为2.jpg,数码网报价单-0825更新/手机相关/华为2.jpg,1,1.0,visual_0825_source_crosschecked
20260825-7cc7fcf51260b572b7f1-01,2026-08-25,手机,device,华为,华为Mate系列,Mate8 (3+32),NXT-AL00,Mate8 (3+32),开机碎屏,38,CNY/台,/,image,华为2.jpg,数码网报价单-0825更新/手机相关/华为2.jpg,1,1.0,visual_0825_source_crosschecked
20260825-8823c8a559d702db99e8-01,2026-08-25,手机,device,华为,华为Mate系列,Mate8 (3+32),NXT-AL00,Mate8 (3+32),开机坏配件,38,CNY/台,/,image,华为2.jpg,数码网报价单-0825更新/手机相关/华为2.jpg,1,1.0,visual_0825_source_crosschecked
20260825-2c37b1072cd4c8cb9cce-01,2026-08-25,手机,device,华为,华为Mate系列,Mate8 (3+32),NXT-AL00,Mate8 (3+32),不开机,38,CNY/台,/,image,华为2.jpg,数码网报价单-0825更新/手机相关/华为2.jpg,1,1.0,visual_0825_source_crosschecked
20260825-bf5e26fb0a5ba68d0e1e-01,2026-08-25,手机,device,华为,华为Mate系列,Mate8 (3+32),NXT-AL00,Mate8 (3+32),废板·整机,38,CNY/台,/,image,华为2.jpg,数码网报价单-0825更新/手机相关/华为2.jpg,1,1.0,visual_0825_source_crosschecked
20260825-1cd2d5e3533985562dc7-01,2026-08-25,手机,device,华为,华为Mate系列,Mate8 (3+32),NXT-AL00,Mate8 (3+32),统货,/,CNY/台,/,image,华为2.jpg,数码网报价单-0825更新/手机相关/华为2.jpg,1,1.0,visual_0825_source_crosschecked
20260825-111c89ac755b7665bbf7-01,2026-08-25,手机,device,华为,华为Mate系列,MateS,CRR-UL00,MateS,开机靓好,30,CNY/台,/,image,华为2.jpg,数码网报价单-0825更新/手机相关/华为2.jpg,1,1.0,visual_0825_source_crosschecked
20260825-8887e3c85ed99f4a1016-01,2026-08-25,手机,device,华为,华为Mate系列,MateS,CRR-UL00,MateS,开机好碎,30,CNY/台,/,image,华为2.jpg,数码网报价单-0825更新/手机相关/华为2.jpg,1,1.0,visual_0825_source_crosschecked
20260825-9611c30389438fe571db-01,2026-08-25,手机,device,华为,华为Mate系列,MateS,CRR-UL00,MateS,开机碎屏,30,CNY/台,/,image,华为2.jpg,数码网报价单-0825更新/手机相关/华为2.jpg,1,1.0,visual_0825_source_crosschecked
20260825-ef80b6dd67d0889ece16-01,2026-08-25,手机,device,华为,华为Mate系列,MateS,CRR-UL00,MateS,开机坏配件,30,CNY/台,/,image,华为2.jpg,数码网报价单-0825更新/手机相关/华为2.jpg,1,1.0,visual_0825_source_crosschecked
20260825-8aa752e89fff882c6469-01,2026-08-25,手机,device,华为,华为Mate系列,MateS,CRR-UL00,MateS,不开机,30,CNY/台,/,image,华为2.jpg,数码网报价单-0825更新/手机相关/华为2.jpg,1,1.0,visual_0825_source_crosschecked
20260825-0cc85ec886bda54d6e98-01,2026-08-25,手机,device,华为,华为Mate系列,MateS,CRR-UL00,MateS,废板·整机,30,CNY/台,/,image,华为2.jpg,数码网报价单-0825更新/手机相关/华为2.jpg,1,1.0,visual_0825_source_crosschecked
20260825-68c53e2718560c242a9a-01,2026-08-25,手机,device,华为,华为Mate系列,MateS,CRR-UL00,MateS,统货,/,CNY/台,/,image,华为2.jpg,数码网报价单-0825更新/手机相关/华为2.jpg,1,1.0,visual_0825_source_crosschecked
20260825-0d72309a18179bbba9d9-01,2026-08-25,手机,device,华为,华为Mate系列,Mate7,MT7-TL00,Mate7,开机靓好,20,CNY/台,/,image,华为2.jpg,数码网报价单-0825更新/手机相关/华为2.jpg,1,1.0,visual_0825_source_crosschecked
20260825-beac700e73db7f83de83-01,2026-08-25,手机,device,华为,华为Mate系列,Mate7,MT7-TL00,Mate7,开机好碎,20,CNY/台,/,image,华为2.jpg,数码网报价单-0825更新/手机相关/华为2.jpg,1,1.0,visual_0825_source_crosschecked
20260825-8b76a41c103b79b57b63-01,2026-08-25,手机,device,华为,华为Mate系列,Mate7,MT7-TL00,Mate7,开机碎屏,20,CNY/台,/,image,华为2.jpg,数码网报价单-0825更新/手机相关/华为2.jpg,1,1.0,visual_0825_source_crosschecked
20260825-ccafc904350cc09693d8-01,2026-08-25,手机,device,华为,华为Mate系列,Mate7,MT7-TL00,Mate7,开机坏配件,20,CNY/台,/,image,华为2.jpg,数码网报价单-0825更新/手机相关/华为2.jpg,1,1.0,visual_0825_source_crosschecked
20260825-e88f7696d3e0a4a193c9-01,2026-08-25,手机,device,华为,华为Mate系列,Mate7,MT7-TL00,Mate7,不开机,20,CNY/台,/,image,华为2.jpg,数码网报价单-0825更新/手机相关/华为2.jpg,1,1.0,visual_0825_source_crosschecked
20260825-9d39262a833b2278434e-01,2026-08-25,手机,device,华为,华为Mate系列,Mate7,MT7-TL00,Mate7,废板·整机,20,CNY/台,/,image,华为2.jpg,数码网报价单-0825更新/手机相关/华为2.jpg,1,1.0,visual_0825_source_crosschecked
20260825-d28212c2dea127e34f83-01,2026-08-25,手机,device,华为,华为Mate系列,Mate7,MT7-TL00,Mate7,统货,/,CNY/台,/,image,华为2.jpg,数码网报价单-0825更新/手机相关/华为2.jpg,1,1.0,visual_0825_source_crosschecked
20260825-071f3434727082fa18c7-01,2026-08-25,手机,device,华为,华为穿戴系列,华为手环B6,550-B19/B29,华为手环B6,开机靓好,150,CNY/台,/,image,华为2.jpg,数码网报价单-0825更新/手机相关/华为2.jpg,1,1.0,visual_0825_source_crosschecked
20260825-22911eae50d48a49e116-01,2026-08-25,手机,device,华为,华为穿戴系列,华为手环B6,550-B19/B29,华为手环B6,开机好碎,100,CNY/台,/,image,华为2.jpg,数码网报价单-0825更新/手机相关/华为2.jpg,1,1.0,visual_0825_source_crosschecked
20260825-1c01bf5e53cacc694050-01,2026-08-25,手机,device,华为,华为穿戴系列,华为手环B6,550-B19/B29,华为手环B6,开机碎屏,100,CNY/台,/,image,华为2.jpg,数码网报价单-0825更新/手机相关/华为2.jpg,1,1.0,visual_0825_source_crosschecked
20260825-c566113ac4cb1149d7d9-01,2026-08-25,手机,device,华为,华为穿戴系列,华为手环B6,550-B19/B29,华为手环B6,开机坏配件,100,CNY/台,/,image,华为2.jpg,数码网报价单-0825更新/手机相关/华为2.jpg,1,1.0,visual_0825_source_crosschecked
20260825-2845affbc2234d9ee36f-01,2026-08-25,手机,device,华为,华为穿戴系列,华为手环B6,550-B19/B29,华为手环B6,不开机,100,CNY/台,/,image,华为2.jpg,数码网报价单-0825更新/手机相关/华为2.jpg,1,1.0,visual_0825_source_crosschecked
20260825-dc7d01b826d37f083917-01,2026-08-25,手机,device,华为,华为穿戴系列,华为手环B6,550-B19/B29,华为手环B6,废板·整机,100,CNY/台,/,image,华为2.jpg,数码网报价单-0825更新/手机相关/华为2.jpg,1,1.0,visual_0825_source_crosschecked
20260825-b6ab69bb6e9f5e698d7a-01,2026-08-25,手机,device,华为,华为穿戴系列,华为手环B6,550-B19/B29,华为手环B6,统货,/,CNY/台,/,image,华为2.jpg,数码网报价单-0825更新/手机相关/华为2.jpg,1,1.0,visual_0825_source_crosschecked
20260825-2d0a1353898e96f52252-01,2026-08-25,手机,device,华为,华为P系列,p80,/,p80,开机靓好,1,CNY/台,/,image,华为2.jpg,数码网报价单-0825更新/手机相关/华为2.jpg,1,1.0,visual_0825_source_crosschecked
20260825-3aec513d5295397f0139-01,2026-08-25,手机,device,华为,华为P系列,p80,/,p80,开机好碎,1,CNY/台,/,image,华为2.jpg,数码网报价单-0825更新/手机相关/华为2.jpg,1,1.0,visual_0825_source_crosschecked
20260825-2b4c0dd17e27f2b1357b-01,2026-08-25,手机,device,华为,华为P系列,p80,/,p80,开机碎屏,1,CNY/台,/,image,华为2.jpg,数码网报价单-0825更新/手机相关/华为2.jpg,1,1.0,visual_0825_source_crosschecked
20260825-6c7a5282d0f38ab4b338-01,2026-08-25,手机,device,华为,华为P系列,p80,/,p80,开机坏配件,1,CNY/台,/,image,华为2.jpg,数码网报价单-0825更新/手机相关/华为2.jpg,1,1.0,visual_0825_source_crosschecked
20260825-4d8db45ce41e3903940a-01,2026-08-25,手机,device,华为,华为P系列,p80,/,p80,不开机,1,CNY/台,/,image,华为2.jpg,数码网报价单-0825更新/手机相关/华为2.jpg,1,1.0,visual_0825_source_crosschecked
20260825-8e24eac26efcc338a002-01,2026-08-25,手机,device,华为,华为P系列,p80,/,p80,废板·整机,1,CNY/台,/,image,华为2.jpg,数码网报价单-0825更新/手机相关/华为2.jpg,1,1.0,visual_0825_source_crosschecked
20260825-f16e53f3e70efab4425e-01,2026-08-25,手机,device,华为,华为P系列,p80,/,p80,统货,/,CNY/台,/,image,华为2.jpg,数码网报价单-0825更新/手机相关/华为2.jpg,1,1.0,visual_0825_source_crosschecked
20260825-a423559b9a8fcf6625b5-01,2026-08-25,手机,device,华为,华为P系列,P70 Ultra,HBN-AL00,P70 Ultra,开机靓好,1400,CNY/台,/,image,华为2.jpg,数码网报价单-0825更新/手机相关/华为2.jpg,1,1.0,visual_0825_source_crosschecked
20260825-c7fe6a5f7a17c7987706-01,2026-08-25,手机,device,华为,华为P系列,P70 Ultra,HBN-AL00,P70 Ultra,开机好碎,1300,CNY/台,/,image,华为2.jpg,数码网报价单-0825更新/手机相关/华为2.jpg,1,1.0,visual_0825_source_crosschecked
20260825-384eec270e9051658069-01,2026-08-25,手机,device,华为,华为P系列,P70 Ultra,HBN-AL00,P70 Ultra,开机碎屏,900,CNY/台,/,image,华为2.jpg,数码网报价单-0825更新/手机相关/华为2.jpg,1,1.0,visual_0825_source_crosschecked
20260825-50099c92222577310768-01,2026-08-25,手机,device,华为,华为P系列,P70 Ultra,HBN-AL00,P70 Ultra,开机坏配件,600,CNY/台,/,image,华为2.jpg,数码网报价单-0825更新/手机相关/华为2.jpg,1,1.0,visual_0825_source_crosschecked
20260825-990733de91a627c608c4-01,2026-08-25,手机,device,华为,华为P系列,P70 Ultra,HBN-AL00,P70 Ultra,不开机,130,CNY/台,/,image,华为2.jpg,数码网报价单-0825更新/手机相关/华为2.jpg,1,1.0,visual_0825_source_crosschecked
20260825-b1e85a79d6fa1070aca9-01,2026-08-25,手机,device,华为,华为P系列,P70 Ultra,HBN-AL00,P70 Ultra,废板·整机,130,CNY/台,/,image,华为2.jpg,数码网报价单-0825更新/手机相关/华为2.jpg,1,1.0,visual_0825_source_crosschecked
20260825-9c6a3f1e1148ee09ddd2-01,2026-08-25,手机,device,华为,华为P系列,P70 Ultra,HBN-AL00,P70 Ultra,统货,/,CNY/台,/,image,华为2.jpg,数码网报价单-0825更新/手机相关/华为2.jpg,1,1.0,visual_0825_source_crosschecked
20260825-8f9a10ec7619c4328954-01,2026-08-25,手机,device,华为,华为P系列,p80ultra,/,p80ultra,开机靓好,1,CNY/台,/,image,华为2.jpg,数码网报价单-0825更新/手机相关/华为2.jpg,1,1.0,visual_0825_source_crosschecked
20260825-e5c2e0f5aafba0a33488-01,2026-08-25,手机,device,华为,华为P系列,p80ultra,/,p80ultra,开机好碎,1,CNY/台,/,image,华为2.jpg,数码网报价单-0825更新/手机相关/华为2.jpg,1,1.0,visual_0825_source_crosschecked
20260825-4fdb71a58feb8ca1bdb3-01,2026-08-25,手机,device,华为,华为P系列,p80ultra,/,p80ultra,开机碎屏,1,CNY/台,/,image,华为2.jpg,数码网报价单-0825更新/手机相关/华为2.jpg,1,1.0,visual_0825_source_crosschecked
20260825-4cc2a4862b276ce14726-01,2026-08-25,手机,device,华为,华为P系列,p80ultra,/,p80ultra,开机坏配件,1,CNY/台,/,image,华为2.jpg,数码网报价单-0825更新/手机相关/华为2.jpg,1,1.0,visual_0825_source_crosschecked
20260825-339fee67f9b05d5f4255-01,2026-08-25,手机,device,华为,华为P系列,p80ultra,/,p80ultra,不开机,1,CNY/台,/,image,华为2.jpg,数码网报价单-0825更新/手机相关/华为2.jpg,1,1.0,visual_0825_source_crosschecked
20260825-bcedff78618b8374e416-01,2026-08-25,手机,device,华为,华为P系列,p80ultra,/,p80ultra,废板·整机,1,CNY/台,/,image,华为2.jpg,数码网报价单-0825更新/手机相关/华为2.jpg,1,1.0,visual_0825_source_crosschecked
20260825-7db439e1d3395accedc3-01,2026-08-25,手机,device,华为,华为P系列,p80ultra,/,p80ultra,统货,/,CNY/台,/,image,华为2.jpg,数码网报价单-0825更新/手机相关/华为2.jpg,1,1.0,visual_0825_source_crosschecked
20260825-ae7eff4623550b56afbd-01,2026-08-25,手机,device,华为,华为P系列,P70pro+,HBN-AL10,P70pro+,开机靓好,1300,CNY/台,拆好背光异屏统货400,image,华为2.jpg,数码网报价单-0825更新/手机相关/华为2.jpg,1,1.0,visual_0825_source_crosschecked
20260825-25e368b908d21661f1dc-01,2026-08-25,手机,device,华为,华为P系列,P70pro+,HBN-AL10,P70pro+,开机好碎,1200,CNY/台,拆好背光异屏统货400,image,华为2.jpg,数码网报价单-0825更新/手机相关/华为2.jpg,1,1.0,visual_0825_source_crosschecked
20260825-ca15b8fc41a3de0647b6-01,2026-08-25,手机,device,华为,华为P系列,P70pro+,HBN-AL10,P70pro+,开机碎屏,800,CNY/台,拆好背光异屏统货400,image,华为2.jpg,数码网报价单-0825更新/手机相关/华为2.jpg,1,1.0,visual_0825_source_crosschecked
20260825-d5923ebb71e3f35f2fd2-01,2026-08-25,手机,device,华为,华为P系列,P70pro+,HBN-AL10,P70pro+,开机坏配件,500,CNY/台,拆好背光异屏统货400,image,华为2.jpg,数码网报价单-0825更新/手机相关/华为2.jpg,1,1.0,visual_0825_source_crosschecked
20260825-564c926d925aec007437-01,2026-08-25,手机,device,华为,华为P系列,P70pro+,HBN-AL10,P70pro+,不开机,140,CNY/台,拆好背光异屏统货400,image,华为2.jpg,数码网报价单-0825更新/手机相关/华为2.jpg,1,1.0,visual_0825_source_crosschecked
20260825-fce23a6bfad7d05d49e6-01,2026-08-25,手机,device,华为,华为P系列,P70pro+,HBN-AL10,P70pro+,废板·整机,140,CNY/台,拆好背光异屏统货400,image,华为2.jpg,数码网报价单-0825更新/手机相关/华为2.jpg,1,1.0,visual_0825_source_crosschecked
20260825-92dcbd7d46de4492a04f-01,2026-08-25,手机,device,华为,华为P系列,P70pro+,HBN-AL10,P70pro+,统货,/,CNY/台,拆好背光异屏统货400,image,华为2.jpg,数码网报价单-0825更新/手机相关/华为2.jpg,1,1.0,visual_0825_source_crosschecked
20260825-3b6daa6e2846e753b6f3-01,2026-08-25,手机,device,华为,华为P系列,p70pro,HBN-AL00,p70pro,开机靓好,750,CNY/台,拆好背光异屏统货300,image,华为2.jpg,数码网报价单-0825更新/手机相关/华为2.jpg,1,1.0,visual_0825_source_crosschecked
20260825-2125b265d190564eecc8-01,2026-08-25,手机,device,华为,华为P系列,p70pro,HBN-AL00,p70pro,开机好碎,650,CNY/台,拆好背光异屏统货300,image,华为2.jpg,数码网报价单-0825更新/手机相关/华为2.jpg,1,1.0,visual_0825_source_crosschecked
20260825-d5e871a9051d672a2cf3-01,2026-08-25,手机,device,华为,华为P系列,p70pro,HBN-AL00,p70pro,开机碎屏,500,CNY/台,拆好背光异屏统货300,image,华为2.jpg,数码网报价单-0825更新/手机相关/华为2.jpg,1,1.0,visual_0825_source_crosschecked
20260825-4da044d669fa6c7a66f2-01,2026-08-25,手机,device,华为,华为P系列,p70pro,HBN-AL00,p70pro,开机坏配件,400,CNY/台,拆好背光异屏统货300,image,华为2.jpg,数码网报价单-0825更新/手机相关/华为2.jpg,1,1.0,visual_0825_source_crosschecked
20260825-b32c3e983ddfc691da39-01,2026-08-25,手机,device,华为,华为P系列,p70pro,HBN-AL00,p70pro,不开机,140,CNY/台,拆好背光异屏统货300,image,华为2.jpg,数码网报价单-0825更新/手机相关/华为2.jpg,1,1.0,visual_0825_source_crosschecked
20260825-b0b8f09584d2bf32d57b-01,2026-08-25,手机,device,华为,华为P系列,p70pro,HBN-AL00,p70pro,废板·整机,140,CNY/台,拆好背光异屏统货300,image,华为2.jpg,数码网报价单-0825更新/手机相关/华为2.jpg,1,1.0,visual_0825_source_crosschecked
20260825-4cbbd757899315a11637-01,2026-08-25,手机,device,华为,华为P系列,p70pro,HBN-AL00,p70pro,统货,/,CNY/台,拆好背光异屏统货300,image,华为2.jpg,数码网报价单-0825更新/手机相关/华为2.jpg,1,1.0,visual_0825_source_crosschecked
20260825-4cf12008d5649042d058-01,2026-08-25,手机,device,华为,华为P系列,p70,ADY-AL00,p70,开机靓好,700,CNY/台,开机正常靓主板芯片无损坏,image,华为2.jpg,数码网报价单-0825更新/手机相关/华为2.jpg,1,1.0,visual_0825_source_crosschecked
20260825-52e33ec23fd5b6647b5d-01,2026-08-25,手机,device,华为,华为P系列,p70,ADY-AL00,p70,开机好碎,600,CNY/台,开机正常靓主板芯片无损坏,image,华为2.jpg,数码网报价单-0825更新/手机相关/华为2.jpg,1,1.0,visual_0825_source_crosschecked
20260825-0fc4db15d29f11f3796b-01,2026-08-25,手机,device,华为,华为P系列,p70,ADY-AL00,p70,开机碎屏,400,CNY/台,开机正常靓主板芯片无损坏,image,华为2.jpg,数码网报价单-0825更新/手机相关/华为2.jpg,1,1.0,visual_0825_source_crosschecked
20260825-165d4ebc27b9c045efe8-01,2026-08-25,手机,device,华为,华为P系列,p70,ADY-AL00,p70,开机坏配件,300,CNY/台,开机正常靓主板芯片无损坏,image,华为2.jpg,数码网报价单-0825更新/手机相关/华为2.jpg,1,1.0,visual_0825_source_crosschecked
20260825-a7b9d48c6af253159389-01,2026-08-25,手机,device,华为,华为P系列,p70,ADY-AL00,p70,不开机,140,CNY/台,开机正常靓主板芯片无损坏,image,华为2.jpg,数码网报价单-0825更新/手机相关/华为2.jpg,1,1.0,visual_0825_source_crosschecked
20260825-775646483b1954d9925f-01,2026-08-25,手机,device,华为,华为P系列,p70,ADY-AL00,p70,废板·整机,140,CNY/台,开机正常靓主板芯片无损坏,image,华为2.jpg,数码网报价单-0825更新/手机相关/华为2.jpg,1,1.0,visual_0825_source_crosschecked
20260825-a9abfbd8beacf64fb2f4-01,2026-08-25,手机,device,华为,华为P系列,p70,ADY-AL00,p70,统货,/,CNY/台,开机正常靓主板芯片无损坏,image,华为2.jpg,数码网报价单-0825更新/手机相关/华为2.jpg,1,1.0,visual_0825_source_crosschecked
20260825-14c723cab9f1d33f2ecb-01,2026-08-25,手机,device,华为,华为P系列,p60Art,MNA-AL00,p60Art,开机靓好,450,CNY/台,开机正常靓主板芯片无损坏,image,华为2.jpg,数码网报价单-0825更新/手机相关/华为2.jpg,1,1.0,visual_0825_source_crosschecked
20260825-e0cef2c7dd504f88034e-01,2026-08-25,手机,device,华为,华为P系列,p60Art,MNA-AL00,p60Art,开机好碎,400,CNY/台,开机正常靓主板芯片无损坏,image,华为2.jpg,数码网报价单-0825更新/手机相关/华为2.jpg,1,1.0,visual_0825_source_crosschecked
20260825-bf48cd1d8308cb71ff2a-01,2026-08-25,手机,device,华为,华为P系列,p60Art,MNA-AL00,p60Art,开机碎屏,300,CNY/台,开机正常靓主板芯片无损坏,image,华为2.jpg,数码网报价单-0825更新/手机相关/华为2.jpg,1,1.0,visual_0825_source_crosschecked
20260825-faf6464f2a95b4ab1a51-01,2026-08-25,手机,device,华为,华为P系列,p60Art,MNA-AL00,p60Art,开机坏配件,300,CNY/台,开机正常靓主板芯片无损坏,image,华为2.jpg,数码网报价单-0825更新/手机相关/华为2.jpg,1,1.0,visual_0825_source_crosschecked
20260825-526999e7ab6199f86c38-01,2026-08-25,手机,device,华为,华为P系列,p60Art,MNA-AL00,p60Art,不开机,180,CNY/台,开机正常靓主板芯片无损坏,image,华为2.jpg,数码网报价单-0825更新/手机相关/华为2.jpg,1,1.0,visual_0825_source_crosschecked
20260825-b565df015e18d5d8caf2-01,2026-08-25,手机,device,华为,华为P系列,p60Art,MNA-AL00,p60Art,废板·整机,180,CNY/台,开机正常靓主板芯片无损坏,image,华为2.jpg,数码网报价单-0825更新/手机相关/华为2.jpg,1,1.0,visual_0825_source_crosschecked
20260825-06113d8dc47a1cf369f1-01,2026-08-25,手机,device,华为,华为P系列,p60Art,MNA-AL00,p60Art,统货,/,CNY/台,开机正常靓主板芯片无损坏,image,华为2.jpg,数码网报价单-0825更新/手机相关/华为2.jpg,1,1.0,visual_0825_source_crosschecked
20260825-c03f79655a022d3abb75-01,2026-08-25,手机,device,华为,华为P系列,p60Pro,MNA-AL00,p60Pro,开机靓好,400,CNY/台,开机芯片无破损 烧坏打字不计,image,华为2.jpg,数码网报价单-0825更新/手机相关/华为2.jpg,1,1.0,visual_0825_source_crosschecked
20260825-9bc4b3d36de20f43051b-01,2026-08-25,手机,device,华为,华为P系列,p60Pro,MNA-AL00,p60Pro,开机好碎,350,CNY/台,开机芯片无破损 烧坏打字不计,image,华为2.jpg,数码网报价单-0825更新/手机相关/华为2.jpg,1,1.0,visual_0825_source_crosschecked
20260825-96e8edf66b76ff4b2481-01,2026-08-25,手机,device,华为,华为P系列,p60Pro,MNA-AL00,p60Pro,开机碎屏,200,CNY/台,开机芯片无破损 烧坏打字不计,image,华为2.jpg,数码网报价单-0825更新/手机相关/华为2.jpg,1,1.0,visual_0825_source_crosschecked
20260825-a9811a702a06a77b149b-01,2026-08-25,手机,device,华为,华为P系列,p60Pro,MNA-AL00,p60Pro,开机坏配件,180,CNY/台,开机芯片无破损 烧坏打字不计,image,华为2.jpg,数码网报价单-0825更新/手机相关/华为2.jpg,1,1.0,visual_0825_source_crosschecked
20260825-98be7c2f66ce89820bb1-01,2026-08-25,手机,device,华为,华为P系列,p60Pro,MNA-AL00,p60Pro,不开机,180,CNY/台,开机芯片无破损 烧坏打字不计,image,华为2.jpg,数码网报价单-0825更新/手机相关/华为2.jpg,1,1.0,visual_0825_source_crosschecked
20260825-5f0c414af8902f2663b3-01,2026-08-25,手机,device,华为,华为P系列,p60Pro,MNA-AL00,p60Pro,废板·整机,180,CNY/台,开机芯片无破损 烧坏打字不计,image,华为2.jpg,数码网报价单-0825更新/手机相关/华为2.jpg,1,1.0,visual_0825_source_crosschecked
20260825-417614a4fef3b6fefd0a-01,2026-08-25,手机,device,华为,华为P系列,p60Pro,MNA-AL00,p60Pro,统货,/,CNY/台,开机芯片无破损 烧坏打字不计,image,华为2.jpg,数码网报价单-0825更新/手机相关/华为2.jpg,1,1.0,visual_0825_source_crosschecked
20260825-ae24ab2bcc0822bc6ad2-01,2026-08-25,手机,device,华为,华为P系列,p60,L2A-AL00,p60,开机靓好,260,CNY/台,主板开机无拆修加200元,image,华为2.jpg,数码网报价单-0825更新/手机相关/华为2.jpg,1,1.0,visual_0825_source_crosschecked
20260825-2e8ce7023372d3877d9e-01,2026-08-25,手机,device,华为,华为P系列,p60,L2A-AL00,p60,开机好碎,180,CNY/台,主板开机无拆修加200元,image,华为2.jpg,数码网报价单-0825更新/手机相关/华为2.jpg,1,1.0,visual_0825_source_crosschecked
20260825-db90dec904b396c709c2-01,2026-08-25,手机,device,华为,华为P系列,p60,L2A-AL00,p60,开机碎屏,180,CNY/台,主板开机无拆修加200元,image,华为2.jpg,数码网报价单-0825更新/手机相关/华为2.jpg,1,1.0,visual_0825_source_crosschecked
20260825-ed5b06c7c9331440dc53-01,2026-08-25,手机,device,华为,华为P系列,p60,L2A-AL00,p60,开机坏配件,180,CNY/台,主板开机无拆修加200元,image,华为2.jpg,数码网报价单-0825更新/手机相关/华为2.jpg,1,1.0,visual_0825_source_crosschecked
20260825-dd2c3fca5aaf11aec92d-01,2026-08-25,手机,device,华为,华为P系列,p60,L2A-AL00,p60,不开机,180,CNY/台,主板开机无拆修加200元,image,华为2.jpg,数码网报价单-0825更新/手机相关/华为2.jpg,1,1.0,visual_0825_source_crosschecked
20260825-9ec1d56c77bddda9976e-01,2026-08-25,手机,device,华为,华为P系列,p60,L2A-AL00,p60,废板·整机,180,CNY/台,主板开机无拆修加200元,image,华为2.jpg,数码网报价单-0825更新/手机相关/华为2.jpg,1,1.0,visual_0825_source_crosschecked
20260825-83f481f9c17af9a67532-01,2026-08-25,手机,device,华为,华为P系列,p60,L2A-AL00,p60,统货,/,CNY/台,主板开机无拆修加200元,image,华为2.jpg,数码网报价单-0825更新/手机相关/华为2.jpg,1,1.0,visual_0825_source_crosschecked
20260825-23ca5f575184824b5a90-01,2026-08-25,手机,device,华为,华为P系列,p50E,LNA-AL00/AL20,p50E,开机靓好,140,CNY/台,主板开机无拆修加200元,image,华为2.jpg,数码网报价单-0825更新/手机相关/华为2.jpg,1,1.0,visual_0825_source_crosschecked
20260825-c9462b54d692f001aef1-01,2026-08-25,手机,device,华为,华为P系列,p50E,LNA-AL00/AL20,p50E,开机好碎,140,CNY/台,主板开机无拆修加200元,image,华为2.jpg,数码网报价单-0825更新/手机相关/华为2.jpg,1,1.0,visual_0825_source_crosschecked
20260825-60066ca3063360221a15-01,2026-08-25,手机,device,华为,华为P系列,p50E,LNA-AL00/AL20,p50E,开机碎屏,130,CNY/台,主板开机无拆修加200元,image,华为2.jpg,数码网报价单-0825更新/手机相关/华为2.jpg,1,1.0,visual_0825_source_crosschecked
20260825-722de225c3672388b5ff-01,2026-08-25,手机,device,华为,华为P系列,p50E,LNA-AL00/AL20,p50E,开机坏配件,130,CNY/台,主板开机无拆修加200元,image,华为2.jpg,数码网报价单-0825更新/手机相关/华为2.jpg,1,1.0,visual_0825_source_crosschecked
20260825-20554b57f780ba1a93b4-01,2026-08-25,手机,device,华为,华为P系列,p50E,LNA-AL00/AL20,p50E,不开机,130,CNY/台,主板开机无拆修加200元,image,华为2.jpg,数码网报价单-0825更新/手机相关/华为2.jpg,1,1.0,visual_0825_source_crosschecked
20260825-e7acb06feb88d67a47da-01,2026-08-25,手机,device,华为,华为P系列,p50E,LNA-AL00/AL20,p50E,废板·整机,130,CNY/台,主板开机无拆修加200元,image,华为2.jpg,数码网报价单-0825更新/手机相关/华为2.jpg,1,1.0,visual_0825_source_crosschecked
20260825-f456630edd5fc0bc72ca-01,2026-08-25,手机,device,华为,华为P系列,p50E,LNA-AL00/AL20,p50E,统货,/,CNY/台,主板开机无拆修加200元,image,华为2.jpg,数码网报价单-0825更新/手机相关/华为2.jpg,1,1.0,visual_0825_source_crosschecked
20260825-792cee1edec52fc2ef3f-01,2026-08-25,手机,device,华为,华为P系列,p50pro (8+128),JAD-AL00,p50pro (8+128),开机靓好,140,CNY/台,/,image,华为2.jpg,数码网报价单-0825更新/手机相关/华为2.jpg,1,1.0,visual_0825_source_crosschecked
20260825-44ae6e5cd1eee288b488-01,2026-08-25,手机,device,华为,华为P系列,p50pro (8+128),JAD-AL00,p50pro (8+128),开机好碎,140,CNY/台,/,image,华为2.jpg,数码网报价单-0825更新/手机相关/华为2.jpg,1,1.0,visual_0825_source_crosschecked
20260825-abf7bd2b991a5dc42225-01,2026-08-25,手机,device,华为,华为P系列,p50pro (8+128),JAD-AL00,p50pro (8+128),开机碎屏,140,CNY/台,/,image,华为2.jpg,数码网报价单-0825更新/手机相关/华为2.jpg,1,1.0,visual_0825_source_crosschecked
20260825-524933cfea83d0674fd3-01,2026-08-25,手机,device,华为,华为P系列,p50pro (8+128),JAD-AL00,p50pro (8+128),开机坏配件,140,CNY/台,/,image,华为2.jpg,数码网报价单-0825更新/手机相关/华为2.jpg,1,1.0,visual_0825_source_crosschecked
20260825-4c7fe28296e6782425c2-01,2026-08-25,手机,device,华为,华为P系列,p50pro (8+128),JAD-AL00,p50pro (8+128),不开机,140,CNY/台,/,image,华为2.jpg,数码网报价单-0825更新/手机相关/华为2.jpg,1,1.0,visual_0825_source_crosschecked
20260825-364faa719e1aa2279063-01,2026-08-25,手机,device,华为,华为P系列,p50pro (8+128),JAD-AL00,p50pro (8+128),废板·整机,140,CNY/台,/,image,华为2.jpg,数码网报价单-0825更新/手机相关/华为2.jpg,1,1.0,visual_0825_source_crosschecked
20260825-68147b79888d1e1dd722-01,2026-08-25,手机,device,华为,华为P系列,p50pro (8+128),JAD-AL00,p50pro (8+128),统货,/,CNY/台,/,image,华为2.jpg,数码网报价单-0825更新/手机相关/华为2.jpg,1,1.0,visual_0825_source_crosschecked
20260825-21700edef847580a1390-01,2026-08-25,手机,device,华为,华为P系列,p50,ABR-AL00/AL60,p50,开机靓好,170,CNY/台,统称：标配65AL60,image,华为2.jpg,数码网报价单-0825更新/手机相关/华为2.jpg,1,1.0,visual_0825_source_crosschecked
20260825-d7115d4492f6e5f128de-01,2026-08-25,手机,device,华为,华为P系列,p50,ABR-AL00/AL60,p50,开机好碎,170,CNY/台,统称：标配65AL60,image,华为2.jpg,数码网报价单-0825更新/手机相关/华为2.jpg,1,1.0,visual_0825_source_crosschecked
20260825-b2f5536bd65468b3a2c5-01,2026-08-25,手机,device,华为,华为P系列,p50,ABR-AL00/AL60,p50,开机碎屏,170,CNY/台,统称：标配65AL60,image,华为2.jpg,数码网报价单-0825更新/手机相关/华为2.jpg,1,1.0,visual_0825_source_crosschecked
20260825-33b05198ce2b651c78d5-01,2026-08-25,手机,device,华为,华为P系列,p50,ABR-AL00/AL60,p50,开机坏配件,170,CNY/台,统称：标配65AL60,image,华为2.jpg,数码网报价单-0825更新/手机相关/华为2.jpg,1,1.0,visual_0825_source_crosschecked
20260825-0917d63668a3572beb64-01,2026-08-25,手机,device,华为,华为P系列,p50,ABR-AL00/AL60,p50,不开机,170,CNY/台,统称：标配65AL60,image,华为2.jpg,数码网报价单-0825更新/手机相关/华为2.jpg,1,1.0,visual_0825_source_crosschecked
20260825-33f8ad2b9e60c1017c9a-01,2026-08-25,手机,device,华为,华为P系列,p50,ABR-AL00/AL60,p50,废板·整机,170,CNY/台,统称：标配65AL60,image,华为2.jpg,数码网报价单-0825更新/手机相关/华为2.jpg,1,1.0,visual_0825_source_crosschecked
20260825-ffe7bbfe4b385ca8e789-01,2026-08-25,手机,device,华为,华为P系列,p50,ABR-AL00/AL60,p50,统货,/,CNY/台,统称：标配65AL60,image,华为2.jpg,数码网报价单-0825更新/手机相关/华为2.jpg,1,1.0,visual_0825_source_crosschecked
20260825-a761ec887a6ee483fb2a-01,2026-08-25,手机,device,华为,华为P系列,P50 E 4G,ABR-AL00,P50 E 4G,开机靓好,170,CNY/台,开机芯片无破损,image,华为2.jpg,数码网报价单-0825更新/手机相关/华为2.jpg,1,1.0,visual_0825_source_crosschecked
20260825-a8770af808d9783b035d-01,2026-08-25,手机,device,华为,华为P系列,P50 E 4G,ABR-AL00,P50 E 4G,开机好碎,170,CNY/台,开机芯片无破损,image,华为2.jpg,数码网报价单-0825更新/手机相关/华为2.jpg,1,1.0,visual_0825_source_crosschecked
20260825-e1f182577fc536ef0861-01,2026-08-25,手机,device,华为,华为P系列,P50 E 4G,ABR-AL00,P50 E 4G,开机碎屏,165,CNY/台,开机芯片无破损,image,华为2.jpg,数码网报价单-0825更新/手机相关/华为2.jpg,1,1.0,visual_0825_source_crosschecked
20260825-00fe76951344bb0aa771-01,2026-08-25,手机,device,华为,华为P系列,P50 E 4G,ABR-AL00,P50 E 4G,开机坏配件,170,CNY/台,开机芯片无破损,image,华为2.jpg,数码网报价单-0825更新/手机相关/华为2.jpg,1,1.0,visual_0825_source_crosschecked
20260825-92e57fe3f960be3b8244-01,2026-08-25,手机,device,华为,华为P系列,P50 E 4G,ABR-AL00,P50 E 4G,不开机,165,CNY/台,开机芯片无破损,image,华为2.jpg,数码网报价单-0825更新/手机相关/华为2.jpg,1,1.0,visual_0825_source_crosschecked
20260825-3c341d1e2c1ab03c235a-01,2026-08-25,手机,device,华为,华为P系列,P50 E 4G,ABR-AL00,P50 E 4G,废板·整机,165,CNY/台,开机芯片无破损,image,华为2.jpg,数码网报价单-0825更新/手机相关/华为2.jpg,1,1.0,visual_0825_source_crosschecked
20260825-b70f18b7b3eff2525adb-01,2026-08-25,手机,device,华为,华为P系列,P50 E 4G,ABR-AL00,P50 E 4G,统货,/,CNY/台,开机芯片无破损,image,华为2.jpg,数码网报价单-0825更新/手机相关/华为2.jpg,1,1.0,visual_0825_source_crosschecked
20260825-4464ab3ada4e5b53d691-01,2026-08-25,手机,device,华为,华为P系列,p50,ABR-AL60/AL80,p50,开机靓好,220,CNY/台,/,image,华为2.jpg,数码网报价单-0825更新/手机相关/华为2.jpg,1,1.0,visual_0825_source_crosschecked
20260825-9cf90ce476d32d2e00ca-01,2026-08-25,手机,device,华为,华为P系列,p50,ABR-AL60/AL80,p50,开机好碎,165,CNY/台,/,image,华为2.jpg,数码网报价单-0825更新/手机相关/华为2.jpg,1,1.0,visual_0825_source_crosschecked
20260825-d6e9b33064d4f2cc406a-01,2026-08-25,手机,device,华为,华为P系列,p50,ABR-AL60/AL80,p50,开机碎屏,165,CNY/台,/,image,华为2.jpg,数码网报价单-0825更新/手机相关/华为2.jpg,1,1.0,visual_0825_source_crosschecked
20260825-90a3d8133f9dcbee941f-01,2026-08-25,手机,device,华为,华为P系列,p50,ABR-AL60/AL80,p50,开机坏配件,165,CNY/台,/,image,华为2.jpg,数码网报价单-0825更新/手机相关/华为2.jpg,1,1.0,visual_0825_source_crosschecked
20260825-20e53b1307601ed5f793-01,2026-08-25,手机,device,华为,华为P系列,p50,ABR-AL60/AL80,p50,不开机,165,CNY/台,/,image,华为2.jpg,数码网报价单-0825更新/手机相关/华为2.jpg,1,1.0,visual_0825_source_crosschecked
20260825-56e9eeb95f0a2c60a5d2-01,2026-08-25,手机,device,华为,华为P系列,p50,ABR-AL60/AL80,p50,废板·整机,165,CNY/台,/,image,华为2.jpg,数码网报价单-0825更新/手机相关/华为2.jpg,1,1.0,visual_0825_source_crosschecked
20260825-d0bc1edb68851f3a4786-01,2026-08-25,手机,device,华为,华为P系列,p50,ABR-AL60/AL80,p50,统货,/,CNY/台,/,image,华为2.jpg,数码网报价单-0825更新/手机相关/华为2.jpg,1,1.0,visual_0825_source_crosschecked
20260825-6a724a811043ed4d0098-01,2026-08-25,手机,device,华为,华为P系列,P40 pro+ (8+256),ELS-AN10,P40 pro+ (8+256),开机靓好,350,CNY/台,/,image,华为2.jpg,数码网报价单-0825更新/手机相关/华为2.jpg,1,1.0,visual_0825_source_crosschecked
20260825-bd4e0df2bad3a78cf195-01,2026-08-25,手机,device,华为,华为P系列,P40 pro+ (8+256),ELS-AN10,P40 pro+ (8+256),开机好碎,350,CNY/台,/,image,华为2.jpg,数码网报价单-0825更新/手机相关/华为2.jpg,1,1.0,visual_0825_source_crosschecked
20260825-dddaa2fb70e9ba8a03d2-01,2026-08-25,手机,device,华为,华为P系列,P40 pro+ (8+256),ELS-AN10,P40 pro+ (8+256),开机碎屏,100,CNY/台,/,image,华为2.jpg,数码网报价单-0825更新/手机相关/华为2.jpg,1,1.0,visual_0825_source_crosschecked
20260825-2aa29c9f48b62f2e3490-01,2026-08-25,手机,device,华为,华为P系列,P40 pro+ (8+256),ELS-AN10,P40 pro+ (8+256),开机坏配件,100,CNY/台,/,image,华为2.jpg,数码网报价单-0825更新/手机相关/华为2.jpg,1,1.0,visual_0825_source_crosschecked
20260825-a6284b36a6f6001fb2ca-01,2026-08-25,手机,device,华为,华为P系列,P40 pro+ (8+256),ELS-AN10,P40 pro+ (8+256),不开机,100,CNY/台,/,image,华为2.jpg,数码网报价单-0825更新/手机相关/华为2.jpg,1,1.0,visual_0825_source_crosschecked
20260825-cdcb1544646fbd40395a-01,2026-08-25,手机,device,华为,华为P系列,P40 pro+ (8+256),ELS-AN10,P40 pro+ (8+256),废板·整机,100,CNY/台,/,image,华为2.jpg,数码网报价单-0825更新/手机相关/华为2.jpg,1,1.0,visual_0825_source_crosschecked
20260825-339436078576728fc5fe-01,2026-08-25,手机,device,华为,华为P系列,P40 pro+ (8+256),ELS-AN10,P40 pro+ (8+256),统货,/,CNY/台,/,image,华为2.jpg,数码网报价单-0825更新/手机相关/华为2.jpg,1,1.0,visual_0825_source_crosschecked
20260825-c74d1664a3db5f88e5db-01,2026-08-25,手机,device,华为,华为P系列,P40 pro (8+256),ELS-AN00,P40 pro (8+256),开机靓好,350,CNY/台,/,image,华为2.jpg,数码网报价单-0825更新/手机相关/华为2.jpg,1,1.0,visual_0825_source_crosschecked
20260825-c21fed92ff89610a371e-01,2026-08-25,手机,device,华为,华为P系列,P40 pro (8+256),ELS-AN00,P40 pro (8+256),开机好碎,350,CNY/台,/,image,华为2.jpg,数码网报价单-0825更新/手机相关/华为2.jpg,1,1.0,visual_0825_source_crosschecked
20260825-fd7e3792f029b1c52882-01,2026-08-25,手机,device,华为,华为P系列,P40 pro (8+256),ELS-AN00,P40 pro (8+256),开机碎屏,100,CNY/台,/,image,华为2.jpg,数码网报价单-0825更新/手机相关/华为2.jpg,1,1.0,visual_0825_source_crosschecked
20260825-0f3af7380e5fd92476fd-01,2026-08-25,手机,device,华为,华为P系列,P40 pro (8+256),ELS-AN00,P40 pro (8+256),开机坏配件,100,CNY/台,/,image,华为2.jpg,数码网报价单-0825更新/手机相关/华为2.jpg,1,1.0,visual_0825_source_crosschecked
20260825-c09156d92f48248ff86d-01,2026-08-25,手机,device,华为,华为P系列,P40 pro (8+256),ELS-AN00,P40 pro (8+256),不开机,100,CNY/台,/,image,华为2.jpg,数码网报价单-0825更新/手机相关/华为2.jpg,1,1.0,visual_0825_source_crosschecked
20260825-a0c3dc089056a6769d7c-01,2026-08-25,手机,device,华为,华为P系列,P40 pro (8+256),ELS-AN00,P40 pro (8+256),废板·整机,100,CNY/台,/,image,华为2.jpg,数码网报价单-0825更新/手机相关/华为2.jpg,1,1.0,visual_0825_source_crosschecked
20260825-a4284a3494cf265e2700-01,2026-08-25,手机,device,华为,华为P系列,P40 pro (8+256),ELS-AN00,P40 pro (8+256),统货,/,CNY/台,/,image,华为2.jpg,数码网报价单-0825更新/手机相关/华为2.jpg,1,1.0,visual_0825_source_crosschecked
20260825-f9a9fc91069af6ff9354-01,2026-08-25,手机,device,华为,华为P系列,P40 (8+128),ANA-AN00/AL00,P40 (8+128),开机靓好,210,CNY/台,主板芯片比例正常,image,华为2.jpg,数码网报价单-0825更新/手机相关/华为2.jpg,1,1.0,visual_0825_source_crosschecked
